pair,context,stage,individual_1,conspecific_1,session_number_1,session_1_id,individual_2,conspecific_2,session_number_2,session_2_id,comparison_id,n_calls_1,n_calls_2,n_call_pairs,metric,distance,z_distance,distance_01
Tabor-Lola,Partner,before,Tabor,Lola,1,Tabor__Lola__before__1,Lola,Tabor,4,Lola__Tabor__before__4,Lola__Tabor__before__4||Tabor__Lola__before__1,6,10,60,T_PC_pairwise,2.746554418404897,-1.32509632776875,0.09499089323113645
Tabor-Lola,Partner,before,Tabor,Lola,1,Tabor__Lola__before__1,Lola,Tabor,4,Lola__Tabor__before__4,Lola__Tabor__before__4||Tabor__Lola__before__1,6,10,60,M_PC_pairwise,11.842082079251607,-0.43739783144194627,0.38809444548373034
Tabor-Lola,Partner,before,Tabor,Lola,1,Tabor__Lola__before__1,Lola,Tabor,4,Lola__Tabor__before__4,Lola__Tabor__before__4||Tabor__Lola__before__1,6,10,60,spectro_DTW,0.007803286868147552,-0.5682935671343412,0.338035945700424
Tabor-Lola,Partner,before,Tabor,Lola,1,Tabor__Lola__before__1,Lola,Tabor,4,Lola__Tabor__before__4,Lola__Tabor__before__4||Tabor__Lola__before__1,6,10,60,chatter_cosine,0.9581803053617477,-0.18668211100338156,0.5072166235723591
Tabor-Lola,Partner,before,Tabor,Lola,1,Tabor__Lola__before__1,Lola,Tabor,6,Lola__Tabor__before__6,Lola__Tabor__before__6||Tabor__Lola__before__1,6,33,198,T_PC_pairwise,4.251036513333369,0.37983627255279556,0.45658345173680015
Tabor-Lola,Partner,before,Tabor,Lola,1,Tabor__Lola__before__1,Lola,Tabor,6,Lola__Tabor__before__6,Lola__Tabor__before__6||Tabor__Lola__before__1,6,33,198,M_PC_pairwise,15.382393510654719,0.7032772659864037,0.6417366448206638
Tabor-Lola,Partner,before,Tabor,Lola,1,Tabor__Lola__before__1,Lola,Tabor,6,Lola__Tabor__before__6,Lola__Tabor__before__6||Tabor__Lola__before__1,6,33,198,spectro_DTW,0.010263895787618528,0.13822434667040928,0.4854368707709006
Tabor-Lola,Partner,before,Tabor,Lola,1,Tabor__Lola__before__1,Lola,Tabor,6,Lola__Tabor__before__6,Lola__Tabor__before__6||Tabor__Lola__before__1,6,33,198,chatter_cosine,1.0447116349682664,1.3184827711774458,0.7422195485086984
Tabor-Lola,Partner,before,Tabor,Lola,3,Tabor__Lola__before__3,Lola,Tabor,4,Lola__Tabor__before__4,Lola__Tabor__before__4||Tabor__Lola__before__3,14,10,140,T_PC_pairwise,2.990379513161523,-1.048785061434387,0.15359268060908854
Tabor-Lola,Partner,before,Tabor,Lola,3,Tabor__Lola__before__3,Lola,Tabor,4,Lola__Tabor__before__4,Lola__Tabor__before__4||Tabor__Lola__before__3,14,10,140,M_PC_pairwise,11.498792258330754,-0.5480045273534022,0.36349977722488785
Tabor-Lola,Partner,before,Tabor,Lola,3,Tabor__Lola__before__3,Lola,Tabor,4,Lola__Tabor__before__4,Lola__Tabor__before__4||Tabor__Lola__before__3,14,10,140,spectro_DTW,0.007446880966225373,-0.6706288680841144,0.31668571843423926
Tabor-Lola,Partner,before,Tabor,Lola,3,Tabor__Lola__before__3,Lola,Tabor,4,Lola__Tabor__before__4,Lola__Tabor__before__4||Tabor__Lola__before__3,14,10,140,chatter_cosine,0.9408379861286709,-0.4883422149668131,0.4601181245260002
Tabor-Lola,Partner,before,Tabor,Lola,3,Tabor__Lola__before__3,Lola,Tabor,6,Lola__Tabor__before__6,Lola__Tabor__before__6||Tabor__Lola__before__3,14,33,462,T_PC_pairwise,4.66666432557168,0.8508404866103307,0.5564769130946821
Tabor-Lola,Partner,before,Tabor,Lola,3,Tabor__Lola__before__3,Lola,Tabor,6,Lola__Tabor__before__6,Lola__Tabor__before__6||Tabor__Lola__before__3,14,33,462,M_PC_pairwise,18.15547908952226,1.5967550642371173,0.8404116876246618
Tabor-Lola,Partner,before,Tabor,Lola,3,Tabor__Lola__before__3,Lola,Tabor,6,Lola__Tabor__before__6,Lola__Tabor__before__6||Tabor__Lola__before__3,14,33,462,spectro_DTW,0.013593981756619076,1.0943963628697881,0.6849231639850324
Tabor-Lola,Partner,before,Tabor,Lola,3,Tabor__Lola__before__3,Lola,Tabor,6,Lola__Tabor__before__6,Lola__Tabor__before__6||Tabor__Lola__before__3,14,33,462,chatter_cosine,1.0620238261047379,1.6196188134723066,0.7892362252733796
Tabor-Lola,Partner,before,Tabor,Lola,6,Tabor__Lola__before__6,Lola,Tabor,4,Lola__Tabor__before__4,Lola__Tabor__before__4||Tabor__Lola__before__6,19,10,190,T_PC_pairwise,2.946193283639456,-1.0988584677257687,0.1429728056119306
Tabor-Lola,Partner,before,Tabor,Lola,6,Tabor__Lola__before__6,Lola,Tabor,4,Lola__Tabor__before__4,Lola__Tabor__before__4||Tabor__Lola__before__6,19,10,190,M_PC_pairwise,11.563938485321247,-0.5270146567560524,0.3681671158510332
Tabor-Lola,Partner,before,Tabor,Lola,6,Tabor__Lola__before__6,Lola,Tabor,4,Lola__Tabor__before__4,Lola__Tabor__before__4||Tabor__Lola__before__6,19,10,190,spectro_DTW,0.006415884269058312,-0.966660321866972,0.2549246373845518
Tabor-Lola,Partner,before,Tabor,Lola,6,Tabor__Lola__before__6,Lola,Tabor,4,Lola__Tabor__before__4,Lola__Tabor__before__4||Tabor__Lola__before__6,19,10,190,chatter_cosine,0.9559448824117058,-0.22556606363099274,0.5011456324744703
Tabor-Lola,Partner,before,Tabor,Lola,6,Tabor__Lola__before__6,Lola,Tabor,6,Lola__Tabor__before__6,Lola__Tabor__before__6||Tabor__Lola__before__6,19,33,627,T_PC_pairwise,5.056423236498612,1.2925291419590288,0.6501529510332732
Tabor-Lola,Partner,before,Tabor,Lola,6,Tabor__Lola__before__6,Lola,Tabor,6,Lola__Tabor__before__6,Lola__Tabor__before__6||Tabor__Lola__before__6,19,33,627,M_PC_pairwise,17.654924496889496,1.435478247272657,0.8045499364133399
Tabor-Lola,Partner,before,Tabor,Lola,6,Tabor__Lola__before__6,Lola,Tabor,6,Lola__Tabor__before__6,Lola__Tabor__before__6||Tabor__Lola__before__6,19,33,627,spectro_DTW,0.01112279434134349,0.3848410314860295,0.5368885420864598
Tabor-Lola,Partner,before,Tabor,Lola,6,Tabor__Lola__before__6,Lola,Tabor,6,Lola__Tabor__before__6,Lola__Tabor__before__6||Tabor__Lola__before__6,19,33,627,chatter_cosine,0.9668000607589405,-0.03674620714242976,0.5306262688394245
Tabor-Lola,Partner,after,Tabor,Lola,3,Tabor__Lola__after__3,Lola,Tabor,3,Lola__Tabor__after__3,Lola__Tabor__after__3||Tabor__Lola__after__3,21,45,945,T_PC_pairwise,5.425412017075473,1.7106803471339185,0.7388370222352076
Tabor-Lola,Partner,after,Tabor,Lola,3,Tabor__Lola__after__3,Lola,Tabor,3,Lola__Tabor__after__3,Lola__Tabor__after__3||Tabor__Lola__after__3,21,45,945,M_PC_pairwise,17.68555615995296,1.445347654505981,0.8067445123819534
Tabor-Lola,Partner,after,Tabor,Lola,3,Tabor__Lola__after__3,Lola,Tabor,3,Lola__Tabor__after__3,Lola__Tabor__after__3||Tabor__Lola__after__3,21,45,945,spectro_DTW,0.013903716615051347,1.1833309449890896,0.7034775975230957
Tabor-Lola,Partner,after,Tabor,Lola,3,Tabor__Lola__after__3,Lola,Tabor,3,Lola__Tabor__after__3,Lola__Tabor__after__3||Tabor__Lola__after__3,21,45,945,chatter_cosine,1.0520823730362787,1.4466927056159178,0.7622370960582282
Tabor-Lola,Partner,after,Tabor,Lola,3,Tabor__Lola__after__3,Lola,Tabor,5,Lola__Tabor__after__5,Lola__Tabor__after__5||Tabor__Lola__after__3,21,20,420,T_PC_pairwise,4.664113440967742,0.8479497334830103,0.555863824448762
Tabor-Lola,Partner,after,Tabor,Lola,3,Tabor__Lola__after__3,Lola,Tabor,5,Lola__Tabor__after__5,Lola__Tabor__after__5||Tabor__Lola__after__3,21,20,420,M_PC_pairwise,15.543416739645458,0.7551583479127031,0.6532729988214075
Tabor-Lola,Partner,after,Tabor,Lola,3,Tabor__Lola__after__3,Lola,Tabor,5,Lola__Tabor__after__5,Lola__Tabor__after__5||Tabor__Lola__after__3,21,20,420,spectro_DTW,0.011542516930716201,0.5053565371699199,0.5620317078520357
Tabor-Lola,Partner,after,Tabor,Lola,3,Tabor__Lola__after__3,Lola,Tabor,5,Lola__Tabor__after__5,Lola__Tabor__after__5||Tabor__Lola__after__3,21,20,420,chatter_cosine,1.0058783182076045,0.6429985862869245,0.6367555152477624
Tabor-Lola,Partner,after,Tabor,Lola,5,Tabor__Lola__after__5,Lola,Tabor,3,Lola__Tabor__after__3,Lola__Tabor__after__3||Tabor__Lola__after__5,31,45,1395,T_PC_pairwise,5.583836155553018,1.8902122134676707,0.7769132411242564
Tabor-Lola,Partner,after,Tabor,Lola,5,Tabor__Lola__after__5,Lola,Tabor,3,Lola__Tabor__after__3,Lola__Tabor__after__3||Tabor__Lola__after__5,31,45,1395,M_PC_pairwise,17.471720252840324,1.3764505252828847,0.7914244449731489
Tabor-Lola,Partner,after,Tabor,Lola,5,Tabor__Lola__after__5,Lola,Tabor,3,Lola__Tabor__after__3,Lola__Tabor__after__3||Tabor__Lola__after__5,31,45,1395,spectro_DTW,0.014512266728803382,1.3580647490533981,0.7399323339946188
Tabor-Lola,Partner,after,Tabor,Lola,5,Tabor__Lola__after__5,Lola,Tabor,3,Lola__Tabor__after__3,Lola__Tabor__after__3||Tabor__Lola__after__5,31,45,1395,chatter_cosine,1.0531686711909523,1.4655882645010927,0.7651872788979243
Tabor-Lola,Partner,after,Tabor,Lola,5,Tabor__Lola__after__5,Lola,Tabor,5,Lola__Tabor__after__5,Lola__Tabor__after__5||Tabor__Lola__after__5,31,20,620,T_PC_pairwise,4.819865363644015,1.0244533498628146,0.5932977935219318
Tabor-Lola,Partner,after,Tabor,Lola,5,Tabor__Lola__after__5,Lola,Tabor,5,Lola__Tabor__after__5,Lola__Tabor__after__5||Tabor__Lola__after__5,31,20,620,M_PC_pairwise,15.472222718884868,0.7322199007899265,0.648172371841199
Tabor-Lola,Partner,after,Tabor,Lola,5,Tabor__Lola__after__5,Lola,Tabor,5,Lola__Tabor__after__5,Lola__Tabor__after__5||Tabor__Lola__after__5,31,20,620,spectro_DTW,0.01231987621041856,0.7285607417170424,0.6085988303368562
Tabor-Lola,Partner,after,Tabor,Lola,5,Tabor__Lola__after__5,Lola,Tabor,5,Lola__Tabor__after__5,Lola__Tabor__after__5||Tabor__Lola__after__5,31,20,620,chatter_cosine,1.0034784252605131,0.6012537685269147,0.6302378543651069
Tabor-Lola,Partner,after,Tabor,Lola,6,Tabor__Lola__after__6,Lola,Tabor,3,Lola__Tabor__after__3,Lola__Tabor__after__3||Tabor__Lola__after__6,7,45,315,T_PC_pairwise,5.738622696437533,2.0656218248778746,0.8141151869163292
Tabor-Lola,Partner,after,Tabor,Lola,6,Tabor__Lola__after__6,Lola,Tabor,3,Lola__Tabor__after__3,Lola__Tabor__after__3||Tabor__Lola__after__6,7,45,315,M_PC_pairwise,16.675348047226194,1.1198623801919014,0.7343691260735012
Tabor-Lola,Partner,after,Tabor,Lola,6,Tabor__Lola__after__6,Lola,Tabor,3,Lola__Tabor__after__3,Lola__Tabor__after__3||Tabor__Lola__after__6,7,45,315,spectro_DTW,0.01885365616264088,2.6046136750275064,1
Tabor-Lola,Partner,after,Tabor,Lola,6,Tabor__Lola__after__6,Lola,Tabor,3,Lola__Tabor__after__3,Lola__Tabor__after__3||Tabor__Lola__after__6,7,45,315,chatter_cosine,1.0020019200113084,0.5755707718647302,0.6262279419573722
Tabor-Lola,Partner,after,Tabor,Lola,6,Tabor__Lola__after__6,Lola,Tabor,5,Lola__Tabor__after__5,Lola__Tabor__after__5||Tabor__Lola__after__6,7,20,140,T_PC_pairwise,4.994052137647357,1.2218479951990604,0.6351624600952555
Tabor-Lola,Partner,after,Tabor,Lola,6,Tabor__Lola__after__6,Lola,Tabor,5,Lola__Tabor__after__5,Lola__Tabor__after__5||Tabor__Lola__after__6,7,20,140,M_PC_pairwise,13.977156683376856,0.2505152178098099,0.5410598070999917
Tabor-Lola,Partner,after,Tabor,Lola,6,Tabor__Lola__after__6,Lola,Tabor,5,Lola__Tabor__after__5,Lola__Tabor__after__5||Tabor__Lola__after__6,7,20,140,spectro_DTW,0.01603179244723703,1.794368190882432,0.8309583783176864
Tabor-Lola,Partner,after,Tabor,Lola,6,Tabor__Lola__after__6,Lola,Tabor,5,Lola__Tabor__after__5,Lola__Tabor__after__5||Tabor__Lola__after__6,7,20,140,chatter_cosine,0.955214808668409,-0.23826529482054654,0.49916288858420366
Tabor-Lola,Non-partner,before,Tabor,Nougatti,2,Tabor__Nougatti__before__2,Lola,Odin,1,Lola__Odin__before__1,Lola__Odin__before__1||Tabor__Nougatti__before__2,12,8,96,T_PC_pairwise,3.8803325009842715,-0.040258694249734155,0.3674871356520294
Tabor-Lola,Non-partner,before,Tabor,Nougatti,2,Tabor__Nougatti__before__2,Lola,Odin,1,Lola__Odin__before__1,Lola__Odin__before__1||Tabor__Nougatti__before__2,12,8,96,M_PC_pairwise,13.518694366017977,0.1028003744539793,0.5082137163700791
Tabor-Lola,Non-partner,before,Tabor,Nougatti,2,Tabor__Nougatti__before__2,Lola,Odin,1,Lola__Odin__before__1,Lola__Odin__before__1||Tabor__Nougatti__before__2,12,8,96,spectro_DTW,0.009128185968923693,-0.18787352505654498,0.417403029000046
Tabor-Lola,Non-partner,before,Tabor,Nougatti,2,Tabor__Nougatti__before__2,Lola,Odin,1,Lola__Odin__before__1,Lola__Odin__before__1||Tabor__Nougatti__before__2,12,8,96,chatter_cosine,0.920992510082821,-0.833543354833775,0.4062215192301371
Tabor-Lola,Non-partner,before,Tabor,Nougatti,2,Tabor__Nougatti__before__2,Lola,Odin,5,Lola__Odin__before__5,Lola__Odin__before__5||Tabor__Nougatti__before__2,12,5,60,T_PC_pairwise,4.204002114137014,0.32653521912270084,0.4452790375463505
Tabor-Lola,Non-partner,before,Tabor,Nougatti,2,Tabor__Nougatti__before__2,Lola,Odin,5,Lola__Odin__before__5,Lola__Odin__before__5||Tabor__Nougatti__before__2,12,5,60,M_PC_pairwise,13.992032925287882,0.25530828729536686,0.5421256011097253
Tabor-Lola,Non-partner,before,Tabor,Nougatti,2,Tabor__Nougatti__before__2,Lola,Odin,5,Lola__Odin__before__5,Lola__Odin__before__5||Tabor__Nougatti__before__2,12,5,60,spectro_DTW,0.008373959948463986,-0.40443544608990356,0.37222168699634106
Tabor-Lola,Non-partner,before,Tabor,Nougatti,2,Tabor__Nougatti__before__2,Lola,Odin,5,Lola__Odin__before__5,Lola__Odin__before__5||Tabor__Nougatti__before__2,12,5,60,chatter_cosine,0.9197982907295227,-0.8543161436072638,0.4029782425774281
Tabor-Lola,Non-partner,before,Tabor,Nougatti,2,Tabor__Nougatti__before__2,Lola,Wuschel,4,Lola__Wuschel__before__4,Lola__Wuschel__before__4||Tabor__Nougatti__before__2,12,10,120,T_PC_pairwise,4.729242477814356,0.921756273635032,0.5715171679785809
Tabor-Lola,Non-partner,before,Tabor,Nougatti,2,Tabor__Nougatti__before__2,Lola,Wuschel,4,Lola__Wuschel__before__4,Lola__Wuschel__before__4||Tabor__Nougatti__before__2,12,10,120,M_PC_pairwise,17.497689791520436,1.3848178134828286,0.7932850075350076
Tabor-Lola,Non-partner,before,Tabor,Nougatti,2,Tabor__Nougatti__before__2,Lola,Wuschel,4,Lola__Wuschel__before__4,Lola__Wuschel__before__4||Tabor__Nougatti__before__2,12,10,120,spectro_DTW,0.012503826216561719,0.7813785517949551,0.6196182169844715
Tabor-Lola,Non-partner,before,Tabor,Nougatti,2,Tabor__Nougatti__before__2,Lola,Wuschel,4,Lola__Wuschel__before__4,Lola__Wuschel__before__4||Tabor__Nougatti__before__2,12,10,120,chatter_cosine,1.0591185440619786,1.5690830303810634,0.7813460220265543
Tabor-Lola,Non-partner,before,Tabor,Nougatti,3,Tabor__Nougatti__before__3,Lola,Odin,1,Lola__Odin__before__1,Lola__Odin__before__1||Tabor__Nougatti__before__3,9,8,72,T_PC_pairwise,4.371969067388111,0.5168813424430294,0.4856488103573411
Tabor-Lola,Non-partner,before,Tabor,Nougatti,3,Tabor__Nougatti__before__3,Lola,Odin,1,Lola__Odin__before__1,Lola__Odin__before__1||Tabor__Nougatti__before__3,9,8,72,M_PC_pairwise,11.9674996998575,-0.39698874332193307,0.3970798699986228
Tabor-Lola,Non-partner,before,Tabor,Nougatti,3,Tabor__Nougatti__before__3,Lola,Odin,1,Lola__Odin__before__1,Lola__Odin__before__1||Tabor__Nougatti__before__3,9,8,72,spectro_DTW,0.007317663210819269,-0.7077313341662422,0.3089450260667234
Tabor-Lola,Non-partner,before,Tabor,Nougatti,3,Tabor__Nougatti__before__3,Lola,Odin,1,Lola__Odin__before__1,Lola__Odin__before__1||Tabor__Nougatti__before__3,9,8,72,chatter_cosine,0.8888312122888036,-1.3929714397255626,0.3188774429780906
Tabor-Lola,Non-partner,before,Tabor,Nougatti,3,Tabor__Nougatti__before__3,Lola,Odin,5,Lola__Odin__before__5,Lola__Odin__before__5||Tabor__Nougatti__before__3,9,5,45,T_PC_pairwise,4.7668735716078015,0.9644011670574777,0.5805615584236432
Tabor-Lola,Non-partner,before,Tabor,Nougatti,3,Tabor__Nougatti__before__3,Lola,Odin,5,Lola__Odin__before__5,Lola__Odin__before__5||Tabor__Nougatti__before__3,9,5,45,M_PC_pairwise,12.10545735889011,-0.3525393017383033,0.40696371347691757
Tabor-Lola,Non-partner,before,Tabor,Nougatti,3,Tabor__Nougatti__before__3,Lola,Odin,5,Lola__Odin__before__5,Lola__Odin__before__5||Tabor__Nougatti__before__3,9,5,45,spectro_DTW,0.005845785402278933,-1.1303535682143098,0.2207732939183265
Tabor-Lola,Non-partner,before,Tabor,Nougatti,3,Tabor__Nougatti__before__3,Lola,Odin,5,Lola__Odin__before__5,Lola__Odin__before__5||Tabor__Nougatti__before__3,9,5,45,chatter_cosine,0.8317219886514876,-2.3863549721221764,0.16377946104899122
Tabor-Lola,Non-partner,before,Tabor,Nougatti,3,Tabor__Nougatti__before__3,Lola,Wuschel,4,Lola__Wuschel__before__4,Lola__Wuschel__before__4||Tabor__Nougatti__before__3,9,10,90,T_PC_pairwise,5.153188090854221,1.4021865152919346,0.6734097590589853
Tabor-Lola,Non-partner,before,Tabor,Nougatti,3,Tabor__Nougatti__before__3,Lola,Wuschel,4,Lola__Wuschel__before__4,Lola__Wuschel__before__4||Tabor__Nougatti__before__3,9,10,90,M_PC_pairwise,14.693695576985677,0.48138136846213053,0.5923955453272257
Tabor-Lola,Non-partner,before,Tabor,Nougatti,3,Tabor__Nougatti__before__3,Lola,Wuschel,4,Lola__Wuschel__before__4,Lola__Wuschel__before__4||Tabor__Nougatti__before__3,9,10,90,spectro_DTW,0.009951717273280439,0.048588114378675204,0.46673605186528816
Tabor-Lola,Non-partner,before,Tabor,Nougatti,3,Tabor__Nougatti__before__3,Lola,Wuschel,4,Lola__Wuschel__before__4,Lola__Wuschel__before__4||Tabor__Nougatti__before__3,9,10,90,chatter_cosine,0.9659336113267475,-0.05181761842725361,0.5282731540565972
Tabor-Lola,Non-partner,before,Tabor,Nougatti,4,Tabor__Nougatti__before__4,Lola,Odin,1,Lola__Odin__before__1,Lola__Odin__before__1||Tabor__Nougatti__before__4,15,8,120,T_PC_pairwise,4.159067517518997,0.27561373663074906,0.43447929734917584
Tabor-Lola,Non-partner,before,Tabor,Nougatti,4,Tabor__Nougatti__before__4,Lola,Odin,1,Lola__Odin__before__1,Lola__Odin__before__1||Tabor__Nougatti__before__4,15,8,120,M_PC_pairwise,15.406791460514068,0.7111381941482618,0.6434846124166064
Tabor-Lola,Non-partner,before,Tabor,Nougatti,4,Tabor__Nougatti__before__4,Lola,Odin,1,Lola__Odin__before__1,Lola__Odin__before__1||Tabor__Nougatti__before__4,15,8,120,spectro_DTW,0.01081887908318701,0.29757743893906213,0.5186827273221496
Tabor-Lola,Non-partner,before,Tabor,Nougatti,4,Tabor__Nougatti__before__4,Lola,Odin,1,Lola__Odin__before__1,Lola__Odin__before__1||Tabor__Nougatti__before__4,15,8,120,chatter_cosine,0.9770092604060968,0.14083720517711137,0.5583525477403791
Tabor-Lola,Non-partner,before,Tabor,Nougatti,4,Tabor__Nougatti__before__4,Lola,Odin,5,Lola__Odin__before__5,Lola__Odin__before__5||Tabor__Nougatti__before__4,15,5,75,T_PC_pairwise,4.421415815353393,0.5729161552667079,0.49753301700016006
Tabor-Lola,Non-partner,before,Tabor,Nougatti,4,Tabor__Nougatti__before__4,Lola,Odin,5,Lola__Odin__before__5,Lola__Odin__before__5||Tabor__Nougatti__before__4,15,5,75,M_PC_pairwise,16.119263693491618,0.940694081960247,0.694528998663525
Tabor-Lola,Non-partner,before,Tabor,Nougatti,4,Tabor__Nougatti__before__4,Lola,Odin,5,Lola__Odin__before__5,Lola__Odin__before__5||Tabor__Nougatti__before__4,15,5,75,spectro_DTW,0.009827552729596694,0.012936583703569414,0.45929806834213954
Tabor-Lola,Non-partner,before,Tabor,Nougatti,4,Tabor__Nougatti__before__4,Lola,Odin,5,Lola__Odin__before__5,Lola__Odin__before__5||Tabor__Nougatti__before__4,15,5,75,chatter_cosine,0.9574132513999939,-0.20002459275212528,0.505133448317618
Tabor-Lola,Non-partner,before,Tabor,Nougatti,4,Tabor__Nougatti__before__4,Lola,Wuschel,4,Lola__Wuschel__before__4,Lola__Wuschel__before__4||Tabor__Nougatti__before__4,15,10,150,T_PC_pairwise,5.016539017359416,1.2473309267871708,0.6405670364576476
Tabor-Lola,Non-partner,before,Tabor,Nougatti,4,Tabor__Nougatti__before__4,Lola,Wuschel,4,Lola__Wuschel__before__4,Lola__Wuschel__before__4||Tabor__Nougatti__before__4,15,10,150,M_PC_pairwise,18.96887093226115,1.8588268727321948,0.898686362017713
Tabor-Lola,Non-partner,before,Tabor,Nougatti,4,Tabor__Nougatti__before__4,Lola,Wuschel,4,Lola__Wuschel__before__4,Lola__Wuschel__before__4||Tabor__Nougatti__before__4,15,10,150,spectro_DTW,0.01369269059660534,1.122738763463937,0.6908362427402445
Tabor-Lola,Non-partner,before,Tabor,Nougatti,4,Tabor__Nougatti__before__4,Lola,Wuschel,4,Lola__Wuschel__before__4,Lola__Wuschel__before__4||Tabor__Nougatti__before__4,15,10,150,chatter_cosine,1.0662352740764618,1.6928746344448409,0.8006737311579277
Tabor-Lola,Non-partner,before,Tabor,Nougatti,6,Tabor__Nougatti__before__6,Lola,Odin,1,Lola__Odin__before__1,Lola__Odin__before__1||Tabor__Nougatti__before__6,20,8,160,T_PC_pairwise,4.581130516529083,0.7539105331346574,0.5359194143017717
Tabor-Lola,Non-partner,before,Tabor,Nougatti,6,Tabor__Nougatti__before__6,Lola,Odin,1,Lola__Odin__before__1,Lola__Odin__before__1||Tabor__Nougatti__before__6,20,8,160,M_PC_pairwise,14.898756721615792,0.5474513020433752,0.6070869533375989
Tabor-Lola,Non-partner,before,Tabor,Nougatti,6,Tabor__Nougatti__before__6,Lola,Odin,1,Lola__Odin__before__1,Lola__Odin__before__1||Tabor__Nougatti__before__6,20,8,160,spectro_DTW,0.01123945712533896,0.41833857191795404,0.5438771383425143
Tabor-Lola,Non-partner,before,Tabor,Nougatti,6,Tabor__Nougatti__before__6,Lola,Odin,1,Lola__Odin__before__1,Lola__Odin__before__1||Tabor__Nougatti__before__6,20,8,160,chatter_cosine,0.9443982545286417,-0.4264133044653559,0.46978714835073676
Tabor-Lola,Non-partner,before,Tabor,Nougatti,6,Tabor__Nougatti__before__6,Lola,Odin,5,Lola__Odin__before__5,Lola__Odin__before__5||Tabor__Nougatti__before__6,20,5,100,T_PC_pairwise,4.892265013456345,1.10649920712692,0.6106985819386254
Tabor-Lola,Non-partner,before,Tabor,Nougatti,6,Tabor__Nougatti__before__6,Lola,Odin,5,Lola__Odin__before__5,Lola__Odin__before__5||Tabor__Nougatti__before__6,20,5,100,M_PC_pairwise,15.686077132225037,0.8011229926502945,0.6634937651108336
Tabor-Lola,Non-partner,before,Tabor,Nougatti,6,Tabor__Nougatti__before__6,Lola,Odin,5,Lola__Odin__before__5,Lola__Odin__before__5||Tabor__Nougatti__before__6,20,5,100,spectro_DTW,0.01013718922273256,0.10184292206440264,0.4778466093811672
Tabor-Lola,Non-partner,before,Tabor,Nougatti,6,Tabor__Nougatti__before__6,Lola,Odin,5,Lola__Odin__before__5,Lola__Odin__before__5||Tabor__Nougatti__before__6,20,5,100,chatter_cosine,0.9027728074789048,-1.1504650599306006,0.35674021086632796
Tabor-Lola,Non-partner,before,Tabor,Nougatti,6,Tabor__Nougatti__before__6,Lola,Wuschel,4,Lola__Wuschel__before__4,Lola__Wuschel__before__4||Tabor__Nougatti__before__6,20,10,200,T_PC_pairwise,5.503760949373246,1.7994681428312869,0.7576676822884172
Tabor-Lola,Non-partner,before,Tabor,Nougatti,6,Tabor__Nougatti__before__6,Lola,Wuschel,4,Lola__Wuschel__before__4,Lola__Wuschel__before__4||Tabor__Nougatti__before__6,20,10,200,M_PC_pairwise,18.309439601898195,1.6463605652946716,0.8514420401026065
Tabor-Lola,Non-partner,before,Tabor,Nougatti,6,Tabor__Nougatti__before__6,Lola,Wuschel,4,Lola__Wuschel__before__4,Lola__Wuschel__before__4||Tabor__Nougatti__before__6,20,10,200,spectro_DTW,0.014392912578769028,1.3237944331088634,0.7327825134819602
Tabor-Lola,Non-partner,before,Tabor,Nougatti,6,Tabor__Nougatti__before__6,Lola,Wuschel,4,Lola__Wuschel__before__4,Lola__Wuschel__before__4||Tabor__Nougatti__before__6,20,10,200,chatter_cosine,1.0268195486068725,1.0072597704148667,0.693627984652451
Tabor-Lola,Non-partner,before,Tabor,Olympia,1,Tabor__Olympia__before__1,Lola,Odin,1,Lola__Odin__before__1,Lola__Odin__before__1||Tabor__Olympia__before__1,9,8,72,T_PC_pairwise,3.2719407594866223,-0.7297098464716926,0.22126410839007288
Tabor-Lola,Non-partner,before,Tabor,Olympia,1,Tabor__Olympia__before__1,Lola,Odin,1,Lola__Odin__before__1,Lola__Odin__before__1||Tabor__Olympia__before__1,9,8,72,M_PC_pairwise,13.679805517196655,0.1547097845802794,0.5197563694712131
Tabor-Lola,Non-partner,before,Tabor,Olympia,1,Tabor__Olympia__before__1,Lola,Odin,1,Lola__Odin__before__1,Lola__Odin__before__1||Tabor__Olympia__before__1,9,8,72,spectro_DTW,0.008065511321344983,-0.4930007109004168,0.35374430417687436
Tabor-Lola,Non-partner,before,Tabor,Olympia,1,Tabor__Olympia__before__1,Lola,Odin,1,Lola__Odin__before__1,Lola__Odin__before__1||Tabor__Olympia__before__1,9,8,72,chatter_cosine,0.9369393131799169,-0.5561574864558444,0.4495300571694303
Tabor-Lola,Non-partner,before,Tabor,Olympia,1,Tabor__Olympia__before__1,Lola,Odin,5,Lola__Odin__before__5,Lola__Odin__before__5||Tabor__Olympia__before__1,9,5,45,T_PC_pairwise,3.5111545059416027,-0.4586243239846078,0.27875758797481587
Tabor-Lola,Non-partner,before,Tabor,Olympia,1,Tabor__Olympia__before__1,Lola,Odin,5,Lola__Odin__before__5,Lola__Odin__before__5||Tabor__Olympia__before__1,9,5,45,M_PC_pairwise,14.02181757291158,0.26490478932303335,0.5442594934737528
Tabor-Lola,Non-partner,before,Tabor,Olympia,1,Tabor__Olympia__before__1,Lola,Odin,5,Lola__Odin__before__5,Lola__Odin__before__5||Tabor__Olympia__before__1,9,5,45,spectro_DTW,0.007429754659016099,-0.6755463674660466,0.3156597798928838
Tabor-Lola,Non-partner,before,Tabor,Olympia,1,Tabor__Olympia__before__1,Lola,Odin,5,Lola__Odin__before__5,Lola__Odin__before__5||Tabor__Olympia__before__1,9,5,45,chatter_cosine,1.016482232676612,0.8274478458207448,0.665553765861998
Tabor-Lola,Non-partner,before,Tabor,Olympia,1,Tabor__Olympia__before__1,Lola,Wuschel,4,Lola__Wuschel__before__4,Lola__Wuschel__before__4||Tabor__Olympia__before__1,9,10,90,T_PC_pairwise,4.1046199083328245,0.21391177007096393,0.4213931659977219
Tabor-Lola,Non-partner,before,Tabor,Olympia,1,Tabor__Olympia__before__1,Lola,Wuschel,4,Lola__Wuschel__before__4,Lola__Wuschel__before__4||Tabor__Olympia__before__1,9,10,90,M_PC_pairwise,18.537192016177706,1.7197415410595243,0.8677591422506672
Tabor-Lola,Non-partner,before,Tabor,Olympia,1,Tabor__Olympia__before__1,Lola,Wuschel,4,Lola__Wuschel__before__4,Lola__Wuschel__before__4||Tabor__Olympia__before__1,9,10,90,spectro_DTW,0.011795795791678958,0.5780808336000586,0.5772041873595608
Tabor-Lola,Non-partner,before,Tabor,Olympia,1,Tabor__Olympia__before__1,Lola,Wuschel,4,Lola__Wuschel__before__4,Lola__Wuschel__before__4||Tabor__Olympia__before__1,9,10,90,chatter_cosine,1.0549572288990021,1.4966992420412746,0.7700446674844679
Tabor-Lola,Non-partner,before,Tabor,Olympia,2,Tabor__Olympia__before__2,Lola,Odin,1,Lola__Odin__before__1,Lola__Odin__before__1||Tabor__Olympia__before__2,9,8,72,T_PC_pairwise,4.55952391690678,0.7294251662417325,0.5307264075758209
Tabor-Lola,Non-partner,before,Tabor,Olympia,2,Tabor__Olympia__before__2,Lola,Odin,1,Lola__Odin__before__1,Lola__Odin__before__1||Tabor__Olympia__before__2,9,8,72,M_PC_pairwise,15.269544462362925,0.6669177248417641,0.6336516835520258
Tabor-Lola,Non-partner,before,Tabor,Olympia,2,Tabor__Olympia__before__2,Lola,Odin,1,Lola__Odin__before__1,Lola__Odin__before__1||Tabor__Olympia__before__2,9,8,72,spectro_DTW,0.008974898084286705,-0.23188727937901285,0.4082204336600086
Tabor-Lola,Non-partner,before,Tabor,Olympia,2,Tabor__Olympia__before__2,Lola,Odin,1,Lola__Odin__before__1,Lola__Odin__before__1||Tabor__Olympia__before__2,9,8,72,chatter_cosine,0.8356065327922503,-2.3187854634766416,0.1743291572026809
Tabor-Lola,Non-partner,before,Tabor,Olympia,2,Tabor__Olympia__before__2,Lola,Odin,5,Lola__Odin__before__5,Lola__Odin__before__5||Tabor__Olympia__before__2,9,5,45,T_PC_pairwise,4.841337325837877,1.048786140834931,0.5984584410111825
Tabor-Lola,Non-partner,before,Tabor,Olympia,2,Tabor__Olympia__before__2,Lola,Odin,5,Lola__Odin__before__5,Lola__Odin__before__5||Tabor__Olympia__before__2,9,5,45,M_PC_pairwise,16.378183216518828,1.0241169835545603,0.7130790382700303
Tabor-Lola,Non-partner,before,Tabor,Olympia,2,Tabor__Olympia__before__2,Lola,Odin,5,Lola__Odin__before__5,Lola__Odin__before__5||Tabor__Olympia__before__2,9,5,45,spectro_DTW,0.008232541612556411,-0.4450410810888374,0.3637501280380058
Tabor-Lola,Non-partner,before,Tabor,Olympia,2,Tabor__Olympia__before__2,Lola,Odin,5,Lola__Odin__before__5,Lola__Odin__before__5||Tabor__Olympia__before__2,9,5,45,chatter_cosine,0.8450986358854505,-2.1536755512761396,0.2001079358351462
Tabor-Lola,Non-partner,before,Tabor,Olympia,2,Tabor__Olympia__before__2,Lola,Wuschel,4,Lola__Wuschel__before__4,Lola__Wuschel__before__4||Tabor__Olympia__before__2,9,10,90,T_PC_pairwise,5.459449410438538,1.7492527314582502,0.7470176899829347
Tabor-Lola,Non-partner,before,Tabor,Olympia,2,Tabor__Olympia__before__2,Lola,Wuschel,4,Lola__Wuschel__before__4,Lola__Wuschel__before__4||Tabor__Olympia__before__2,9,10,90,M_PC_pairwise,18.38613091574775,1.671070219683065,0.8569365153463087
Tabor-Lola,Non-partner,before,Tabor,Olympia,2,Tabor__Olympia__before__2,Lola,Wuschel,4,Lola__Wuschel__before__4,Lola__Wuschel__before__4||Tabor__Olympia__before__2,9,10,90,spectro_DTW,0.011645717287643088,0.5349885930008668,0.5682138475485369
Tabor-Lola,Non-partner,before,Tabor,Olympia,2,Tabor__Olympia__before__2,Lola,Wuschel,4,Lola__Wuschel__before__4,Lola__Wuschel__before__4||Tabor__Olympia__before__2,9,10,90,chatter_cosine,1.0217286222510868,0.918705906706292,0.6798019797859431
Tabor-Lola,Non-partner,before,Tabor,Olympia,3,Tabor__Olympia__before__3,Lola,Odin,1,Lola__Odin__before__1,Lola__Odin__before__1||Tabor__Olympia__before__3,8,8,64,T_PC_pairwise,4.119455445557833,0.2307239283169568,0.4249587915907947
Tabor-Lola,Non-partner,before,Tabor,Olympia,3,Tabor__Olympia__before__3,Lola,Odin,1,Lola__Odin__before__1,Lola__Odin__before__1||Tabor__Olympia__before__3,8,8,64,M_PC_pairwise,15.24138943105936,0.657846279095376,0.6316345434781635
Tabor-Lola,Non-partner,before,Tabor,Olympia,3,Tabor__Olympia__before__3,Lola,Odin,1,Lola__Odin__before__1,Lola__Odin__before__1||Tabor__Olympia__before__3,8,8,64,spectro_DTW,0.005850693520187633,-1.128944293787105,0.22106731102700744
Tabor-Lola,Non-partner,before,Tabor,Olympia,3,Tabor__Olympia__before__3,Lola,Odin,1,Lola__Odin__before__1,Lola__Odin__before__1||Tabor__Olympia__before__3,8,8,64,chatter_cosine,0.8936543883755803,-1.3090749446710845,0.33197628813659785
Tabor-Lola,Non-partner,before,Tabor,Olympia,3,Tabor__Olympia__before__3,Lola,Odin,5,Lola__Odin__before__5,Lola__Odin__before__5||Tabor__Olympia__before__3,8,5,40,T_PC_pairwise,4.469295352697372,0.6271749492937275,0.5090405546881377
Tabor-Lola,Non-partner,before,Tabor,Olympia,3,Tabor__Olympia__before__3,Lola,Odin,5,Lola__Odin__before__5,Lola__Odin__before__5||Tabor__Olympia__before__3,8,5,40,M_PC_pairwise,14.924826717376709,0.5558509571389031,0.6089547130501626
Tabor-Lola,Non-partner,before,Tabor,Olympia,3,Tabor__Olympia__before__3,Lola,Odin,5,Lola__Odin__before__5,Lola__Odin__before__5||Tabor__Olympia__before__3,8,5,40,spectro_DTW,0.004471432702848688,-1.5249732878900994,0.13844373001807084
Tabor-Lola,Non-partner,before,Tabor,Olympia,3,Tabor__Olympia__before__3,Lola,Odin,5,Lola__Odin__before__5,Lola__Odin__before__5||Tabor__Olympia__before__3,8,5,40,chatter_cosine,0.7978274583816528,-2.9759316825709563,0.07172824920497009
Tabor-Lola,Non-partner,before,Tabor,Olympia,3,Tabor__Olympia__before__3,Lola,Wuschel,4,Lola__Wuschel__before__4,Lola__Wuschel__before__4||Tabor__Olympia__before__3,8,10,80,T_PC_pairwise,4.911867141723633,1.128713035813378,0.61540982691536394
Tabor-Lola,Non-partner,before,Tabor,Olympia,3,Tabor__Olympia__before__3,Lola,Wuschel,4,Lola__Wuschel__before__4,Lola__Wuschel__before__4||Tabor__Olympia__before__3,8,10,80,M_PC_pairwise,18.327568733692168,1.6522017037301073,0.8527408842719371
Tabor-Lola,Non-partner,before,Tabor,Olympia,3,Tabor__Olympia__before__3,Lola,Wuschel,4,Lola__Wuschel__before__4,Lola__Wuschel__before__4||Tabor__Olympia__before__3,8,10,80,spectro_DTW,0.0077965587654034605,-0.5702254162294998,0.3376329037701926
Tabor-Lola,Non-partner,before,Tabor,Olympia,3,Tabor__Olympia__before__3,Lola,Wuschel,4,Lola__Wuschel__before__4,Lola__Wuschel__before__4||Tabor__Olympia__before__3,8,10,80,chatter_cosine,0.9246765419840812,-0.7694616463031689,0.4162266616021747
Tabor-Lola,Non-partner,before,Tabor,Olympia,4,Tabor__Olympia__before__4,Lola,Odin,1,Lola__Odin__before__1,Lola__Odin__before__1||Tabor__Olympia__before__4,7,8,56,T_PC_pairwise,4.472278833389282,0.6305559356884567,0.5097576150109401
Tabor-Lola,Non-partner,before,Tabor,Olympia,4,Tabor__Olympia__before__4,Lola,Odin,1,Lola__Odin__before__1,Lola__Odin__before__1||Tabor__Olympia__before__4,7,8,56,M_PC_pairwise,15.317538142204285,0.6823811089224385,0.6370901444742082
Tabor-Lola,Non-partner,before,Tabor,Olympia,4,Tabor__Olympia__before__4,Lola,Odin,1,Lola__Odin__before__1,Lola__Odin__before__1||Tabor__Olympia__before__4,7,8,56,spectro_DTW,0.009616136767103203,-0.0477675629749033,0.44663335425465844
Tabor-Lola,Non-partner,before,Tabor,Olympia,4,Tabor__Olympia__before__4,Lola,Odin,1,Lola__Odin__before__1,Lola__Odin__before__1||Tabor__Olympia__before__4,7,8,56,chatter_cosine,0.8749198626194682,-1.6349517153232704,0.28109681627361305
Tabor-Lola,Non-partner,before,Tabor,Olympia,4,Tabor__Olympia__before__4,Lola,Odin,5,Lola__Odin__before__5,Lola__Odin__before__5||Tabor__Olympia__before__4,7,5,35,T_PC_pairwise,4.7459733826773505,0.9407163298762818,0.575538332946857
Tabor-Lola,Non-partner,before,Tabor,Olympia,4,Tabor__Olympia__before__4,Lola,Odin,5,Lola__Odin__before__5,Lola__Odin__before__5||Tabor__Olympia__before__4,7,5,35,M_PC_pairwise,16.400097601754325,1.031177716486656,0.7146490732728678
Tabor-Lola,Non-partner,before,Tabor,Olympia,4,Tabor__Olympia__before__4,Lola,Odin,5,Lola__Odin__before__5,Lola__Odin__before__5||Tabor__Olympia__before__4,7,5,35,spectro_DTW,0.008766029981364097,-0.2918598557480212,0.395708347182192
Tabor-Lola,Non-partner,before,Tabor,Olympia,4,Tabor__Olympia__before__4,Lola,Odin,5,Lola__Odin__before__5,Lola__Odin__before__5||Tabor__Olympia__before__4,7,5,35,chatter_cosine,0.896505548272814,-1.2594805865315188,0.33971950574758253
Tabor-Lola,Non-partner,before,Tabor,Olympia,4,Tabor__Olympia__before__4,Lola,Wuschel,4,Lola__Wuschel__before__4,Lola__Wuschel__before__4||Tabor__Olympia__before__4,7,10,70,T_PC_pairwise,5.360828576769148,1.6374920963794888,0.7233148093114491
Tabor-Lola,Non-partner,before,Tabor,Olympia,4,Tabor__Olympia__before__4,Lola,Wuschel,4,Lola__Wuschel__before__4,Lola__Wuschel__before__4||Tabor__Olympia__before__4,7,10,70,M_PC_pairwise,18.346383094787598,1.6582636204827463,0.8540888210339503
Tabor-Lola,Non-partner,before,Tabor,Olympia,4,Tabor__Olympia__before__4,Lola,Wuschel,4,Lola__Wuschel__before__4,Lola__Wuschel__before__4||Tabor__Olympia__before__4,7,10,70,spectro_DTW,0.012366934845756208,0.7420727503105907,0.6114178424628527
Tabor-Lola,Non-partner,before,Tabor,Olympia,4,Tabor__Olympia__before__4,Lola,Wuschel,4,Lola__Wuschel__before__4,Lola__Wuschel__before__4||Tabor__Olympia__before__4,7,10,70,chatter_cosine,1.0553809838635582,1.5040702265644512,0.7711955067998904
Tabor-Lola,Non-partner,before,Tabor,Olympia,5,Tabor__Olympia__before__5,Lola,Odin,1,Lola__Odin__before__1,Lola__Odin__before__1||Tabor__Olympia__before__5,46,8,368,T_PC_pairwise,4.048952251024868,0.1508272016019887,0.4080138039568879
Tabor-Lola,Non-partner,before,Tabor,Olympia,5,Tabor__Olympia__before__5,Lola,Odin,1,Lola__Odin__before__1,Lola__Odin__before__1||Tabor__Olympia__before__5,46,8,368,M_PC_pairwise,14.670097600506699,0.4737781887303965,0.5907048910528764
Tabor-Lola,Non-partner,before,Tabor,Olympia,5,Tabor__Olympia__before__5,Lola,Odin,1,Lola__Odin__before__1,Lola__Odin__before__1||Tabor__Olympia__before__5,46,8,368,spectro_DTW,0.01030963012770213,0.1513561086051952,0.4881765519865812
Tabor-Lola,Non-partner,before,Tabor,Olympia,5,Tabor__Olympia__before__5,Lola,Odin,1,Lola__Odin__before__1,Lola__Odin__before__1||Tabor__Olympia__before__5,46,8,368,chatter_cosine,0.9968594375835813,0.4861201186430131,0.6122619204314698
Tabor-Lola,Non-partner,before,Tabor,Olympia,5,Tabor__Olympia__before__5,Lola,Odin,5,Lola__Odin__before__5,Lola__Odin__before__5||Tabor__Olympia__before__5,46,5,230,T_PC_pairwise,4.315740640267082,0.45316128968427283,0.4721346709122925
Tabor-Lola,Non-partner,before,Tabor,Olympia,5,Tabor__Olympia__before__5,Lola,Odin,5,Lola__Odin__before__5,Lola__Odin__before__5||Tabor__Olympia__before__5,46,5,230,M_PC_pairwise,15.018738224195397,0.5861088932740853,0.6156829124173853
Tabor-Lola,Non-partner,before,Tabor,Olympia,5,Tabor__Olympia__before__5,Lola,Odin,5,Lola__Odin__before__5,Lola__Odin__before__5||Tabor__Olympia__before__5,46,5,230,spectro_DTW,0.009137813685684587,-0.18510910592972493,0.4179797701252376
Tabor-Lola,Non-partner,before,Tabor,Olympia,5,Tabor__Olympia__before__5,Lola,Odin,5,Lola__Odin__before__5,Lola__Odin__before__5||Tabor__Olympia__before__5,46,5,230,chatter_cosine,1.020269257866818,0.8933210659613804,0.6758386187650203
Tabor-Lola,Non-partner,before,Tabor,Olympia,5,Tabor__Olympia__before__5,Lola,Wuschel,4,Lola__Wuschel__before__4,Lola__Wuschel__before__4||Tabor__Olympia__before__5,46,10,460,T_PC_pairwise,4.8918563288191095,1.1060360711656338,0.610600357224554
Tabor-Lola,Non-partner,before,Tabor,Olympia,5,Tabor__Olympia__before__5,Lola,Wuschel,4,Lola__Wuschel__before__4,Lola__Wuschel__before__4||Tabor__Olympia__before__5,46,10,460,M_PC_pairwise,18.480698912040047,1.7015396742704452,0.8637117482689555
Tabor-Lola,Non-partner,before,Tabor,Olympia,5,Tabor__Olympia__before__5,Lola,Wuschel,4,Lola__Wuschel__before__4,Lola__Wuschel__before__4||Tabor__Olympia__before__5,46,10,460,spectro_DTW,0.012970640231430044,0.91541548115409,0.6475823591457737
Tabor-Lola,Non-partner,before,Tabor,Olympia,5,Tabor__Olympia__before__5,Lola,Wuschel,4,Lola__Wuschel__before__4,Lola__Wuschel__before__4||Tabor__Olympia__before__5,46,10,460,chatter_cosine,1.0433181028003278,1.2942430456247662,0.7384349754881796
Tabor-Lola,Non-partner,after,Tabor,Nougatti,2,Tabor__Nougatti__after__2,Lola,Odin,2,Lola__Odin__after__2,Lola__Odin__after__2||Tabor__Nougatti__after__2,68,12,816,T_PC_pairwise,4.177674210246871,0.29669950237223297,0.4389512958205971
Tabor-Lola,Non-partner,after,Tabor,Nougatti,2,Tabor__Nougatti__after__2,Lola,Odin,2,Lola__Odin__after__2,Lola__Odin__after__2||Tabor__Nougatti__after__2,68,12,816,M_PC_pairwise,13.814340019050766,0.19805629772844394,0.5293949641536734
Tabor-Lola,Non-partner,after,Tabor,Nougatti,2,Tabor__Nougatti__after__2,Lola,Odin,2,Lola__Odin__after__2,Lola__Odin__after__2||Tabor__Nougatti__after__2,68,12,816,spectro_DTW,0.008271354567042697,-0.43389666581209146,0.36607518885962836
Tabor-Lola,Non-partner,after,Tabor,Nougatti,2,Tabor__Nougatti__after__2,Lola,Odin,2,Lola__Odin__after__2,Lola__Odin__after__2||Tabor__Nougatti__after__2,68,12,816,chatter_cosine,1.0131225264539905,0.7690076040755921,0.6564294314407756
Tabor-Lola,Non-partner,after,Tabor,Nougatti,2,Tabor__Nougatti__after__2,Lola,Odin,3,Lola__Odin__after__3,Lola__Odin__after__3||Tabor__Nougatti__after__2,68,75,5100,T_PC_pairwise,5.157598509695016,1.407184558730332,0.6744697747534893
Tabor-Lola,Non-partner,after,Tabor,Nougatti,2,Tabor__Nougatti__after__2,Lola,Odin,3,Lola__Odin__after__3,Lola__Odin__after__3||Tabor__Nougatti__after__2,68,75,5100,M_PC_pairwise,17.58178874833911,1.4119141827208155,0.7993101962176249
Tabor-Lola,Non-partner,after,Tabor,Nougatti,2,Tabor__Nougatti__after__2,Lola,Odin,3,Lola__Odin__after__3,Lola__Odin__after__3||Tabor__Nougatti__after__2,68,75,5100,spectro_DTW,0.012618158243678729,0.81420685890242706,0.6264671910042249
Tabor-Lola,Non-partner,after,Tabor,Nougatti,2,Tabor__Nougatti__after__2,Lola,Odin,3,Lola__Odin__after__3,Lola__Odin__after__3||Tabor__Nougatti__after__2,68,75,5100,chatter_cosine,1.0078716268960168,0.6776710945077863,0.6421689692442283
Tabor-Lola,Non-partner,after,Tabor,Nougatti,2,Tabor__Nougatti__after__2,Lola,Odin,4,Lola__Odin__after__4,Lola__Odin__after__4||Tabor__Nougatti__after__2,68,45,3060,T_PC_pairwise,4.810333679119746,1.0136517060704506,0.5910069146835477
Tabor-Lola,Non-partner,after,Tabor,Nougatti,2,Tabor__Nougatti__after__2,Lola,Odin,4,Lola__Odin__after__4,Lola__Odin__after__4||Tabor__Nougatti__after__2,68,45,3060,M_PC_pairwise,17.044897031784057,1.238929680380807,0.7608451067950158
Tabor-Lola,Non-partner,after,Tabor,Nougatti,2,Tabor__Nougatti__after__2,Lola,Odin,4,Lola__Odin__after__4,Lola__Odin__after__4||Tabor__Nougatti__after__2,68,45,3060,spectro_DTW,0.012052890854991144,0.6519008812896679,0.5926052735961402
Tabor-Lola,Non-partner,after,Tabor,Nougatti,2,Tabor__Nougatti__after__2,Lola,Odin,4,Lola__Odin__after__4,Lola__Odin__after__4||Tabor__Nougatti__after__2,68,45,3060,chatter_cosine,1.0321087479396582,1.0992624834988407,0.7079924618820063
Tabor-Lola,Non-partner,after,Tabor,Nougatti,2,Tabor__Nougatti__after__2,Lola,Odin,5,Lola__Odin__after__5,Lola__Odin__after__5||Tabor__Nougatti__after__2,68,17,1156,T_PC_pairwise,4.61872867420058,0.7965181021726999,0.5449558887625608
Tabor-Lola,Non-partner,after,Tabor,Nougatti,2,Tabor__Nougatti__after__2,Lola,Odin,5,Lola__Odin__after__5,Lola__Odin__after__5||Tabor__Nougatti__after__2,68,17,1156,M_PC_pairwise,15.653254974259637,0.7905478161551144,0.6611422532467971
Tabor-Lola,Non-partner,after,Tabor,Nougatti,2,Tabor__Nougatti__after__2,Lola,Odin,5,Lola__Odin__after__5,Lola__Odin__after__5||Tabor__Nougatti__after__2,68,17,1156,spectro_DTW,0.009712862487516615,-0.019994578142987034,0.4524276357246738
Tabor-Lola,Non-partner,after,Tabor,Nougatti,2,Tabor__Nougatti__after__2,Lola,Odin,5,Lola__Odin__after__5,Lola__Odin__after__5||Tabor__Nougatti__after__2,68,17,1156,chatter_cosine,1.020344969104318,0.8946380212929318,0.6760442363412665
Tabor-Lola,Non-partner,after,Tabor,Nougatti,2,Tabor__Nougatti__after__2,Lola,Odin,6,Lola__Odin__after__6,Lola__Odin__after__6||Tabor__Nougatti__after__2,68,42,2856,T_PC_pairwise,4.723948235813977,0.91575665036875,0.5702447310936766
Tabor-Lola,Non-partner,after,Tabor,Nougatti,2,Tabor__Nougatti__after__2,Lola,Odin,6,Lola__Odin__after__6,Lola__Odin__after__6||Tabor__Nougatti__after__2,68,42,2856,M_PC_pairwise,17.369195649770795,1.343417481760838,0.7840791686288032
Tabor-Lola,Non-partner,after,Tabor,Nougatti,2,Tabor__Nougatti__after__2,Lola,Odin,6,Lola__Odin__after__6,Lola__Odin__after__6||Tabor__Nougatti__after__2,68,42,2856,spectro_DTW,0.012271187082283572,0.7145805675566156,0.6056821447672066
Tabor-Lola,Non-partner,after,Tabor,Nougatti,2,Tabor__Nougatti__after__2,Lola,Odin,6,Lola__Odin__after__6,Lola__Odin__after__6||Tabor__Nougatti__after__2,68,42,2856,chatter_cosine,1.0056867393918063,0.6396661781635253,0.636235222975898
Tabor-Lola,Non-partner,after,Tabor,Nougatti,2,Tabor__Nougatti__after__2,Lola,Wuschel,2,Lola__Wuschel__after__2,Lola__Wuschel__after__2||Tabor__Nougatti__after__2,68,68,4624,T_PC_pairwise,4.733831757105964,0.9269570080954941,0.5726201716277061
Tabor-Lola,Non-partner,after,Tabor,Nougatti,2,Tabor__Nougatti__after__2,Lola,Wuschel,2,Lola__Wuschel__after__2,Lola__Wuschel__after__2||Tabor__Nougatti__after__2,68,68,4624,M_PC_pairwise,17.518689395492466,1.3915838073144102,0.794789503916152
Tabor-Lola,Non-partner,after,Tabor,Nougatti,2,Tabor__Nougatti__after__2,Lola,Wuschel,2,Lola__Wuschel__after__2,Lola__Wuschel__after__2||Tabor__Nougatti__after__2,68,68,4624,spectro_DTW,0.012083312944077265,0.6606360162168914,0.5944276859422821
Tabor-Lola,Non-partner,after,Tabor,Nougatti,2,Tabor__Nougatti__after__2,Lola,Wuschel,2,Lola__Wuschel__after__2,Lola__Wuschel__after__2||Tabor__Nougatti__after__2,68,68,4624,chatter_cosine,1.0181564873593592,0.8565705851078556,0.6701007287865602
Tabor-Lola,Non-partner,after,Tabor,Nougatti,2,Tabor__Nougatti__after__2,Lola,Wuschel,3,Lola__Wuschel__after__3,Lola__Wuschel__after__3||Tabor__Nougatti__after__2,68,71,4828,T_PC_pairwise,4.7212299337639925,0.9126761738392102,0.5695914047454544
Tabor-Lola,Non-partner,after,Tabor,Nougatti,2,Tabor__Nougatti__after__2,Lola,Wuschel,3,Lola__Wuschel__after__3,Lola__Wuschel__after__3||Tabor__Nougatti__after__2,68,71,4828,M_PC_pairwise,18.00371744480623,1.5478580301127112,0.8295388709003128
Tabor-Lola,Non-partner,after,Tabor,Nougatti,2,Tabor__Nougatti__after__2,Lola,Wuschel,3,Lola__Wuschel__after__3,Lola__Wuschel__after__3||Tabor__Nougatti__after__2,68,71,4828,spectro_DTW,0.012504904715644463,0.7816882226719282,0.6196828236601712
Tabor-Lola,Non-partner,after,Tabor,Nougatti,2,Tabor__Nougatti__after__2,Lola,Wuschel,3,Lola__Wuschel__after__3,Lola__Wuschel__after__3||Tabor__Nougatti__after__2,68,71,4828,chatter_cosine,1.023478758327706,0.9491485611014527,0.6845550223996688
Tabor-Lola,Non-partner,after,Tabor,Nougatti,2,Tabor__Nougatti__after__2,Lola,Wuschel,4,Lola__Wuschel__after__4,Lola__Wuschel__after__4||Tabor__Nougatti__after__2,68,26,1768,T_PC_pairwise,5.108554449893231,1.3516060864507011,0.6626823516109923
Tabor-Lola,Non-partner,after,Tabor,Nougatti,2,Tabor__Nougatti__after__2,Lola,Wuschel,4,Lola__Wuschel__after__4,Lola__Wuschel__after__4||Tabor__Nougatti__after__2,68,26,1768,M_PC_pairwise,15.579818086926215,0.7668867258140631,0.6558809382532951
Tabor-Lola,Non-partner,after,Tabor,Nougatti,2,Tabor__Nougatti__after__2,Lola,Wuschel,4,Lola__Wuschel__after__4,Lola__Wuschel__after__4||Tabor__Nougatti__after__2,68,26,1768,spectro_DTW,0.009949251843723826,0.04788021230891232,0.4665883621635785
Tabor-Lola,Non-partner,after,Tabor,Nougatti,2,Tabor__Nougatti__after__2,Lola,Wuschel,4,Lola__Wuschel__after__4,Lola__Wuschel__after__4||Tabor__Nougatti__after__2,68,26,1768,chatter_cosine,0.9986918320146082,0.5179936118671092,0.6172383613677933
Tabor-Lola,Non-partner,after,Tabor,Nougatti,2,Tabor__Nougatti__after__2,Lola,Wuschel,5,Lola__Wuschel__after__5,Lola__Wuschel__after__5||Tabor__Nougatti__after__2,68,71,4828,T_PC_pairwise,4.665339383119972,0.849339014717058,0.5561584717303076
Tabor-Lola,Non-partner,after,Tabor,Nougatti,2,Tabor__Nougatti__after__2,Lola,Wuschel,5,Lola__Wuschel__after__5,Lola__Wuschel__after__5||Tabor__Nougatti__after__2,68,71,4828,M_PC_pairwise,18.274351291747358,1.6350552430439567,0.8489281719500108
Tabor-Lola,Non-partner,after,Tabor,Nougatti,2,Tabor__Nougatti__after__2,Lola,Wuschel,5,Lola__Wuschel__after__5,Lola__Wuschel__after__5||Tabor__Nougatti__after__2,68,71,4828,spectro_DTW,0.013445103233220061,1.051648674307878,0.6760047081107606
Tabor-Lola,Non-partner,after,Tabor,Nougatti,2,Tabor__Nougatti__after__2,Lola,Wuschel,5,Lola__Wuschel__after__5,Lola__Wuschel__after__5||Tabor__Nougatti__after__2,68,71,4828,chatter_cosine,1.025764442159306,0.9889067741179033,0.6907625126618455
Tabor-Lola,Non-partner,after,Tabor,Nougatti,2,Tabor__Nougatti__after__2,Lola,Wuschel,6,Lola__Wuschel__after__6,Lola__Wuschel__after__6||Tabor__Nougatti__after__2,68,66,4488,T_PC_pairwise,5.2393949978757455,1.499879247328651,0.6941290326055772
Tabor-Lola,Non-partner,after,Tabor,Nougatti,2,Tabor__Nougatti__after__2,Lola,Wuschel,6,Lola__Wuschel__after__6,Lola__Wuschel__after__6||Tabor__Nougatti__after__2,68,66,4488,M_PC_pairwise,18.670826590209934,1.7627981008304807,0.8773332624719369
Tabor-Lola,Non-partner,after,Tabor,Nougatti,2,Tabor__Nougatti__after__2,Lola,Wuschel,6,Lola__Wuschel__after__6,Lola__Wuschel__after__6||Tabor__Nougatti__after__2,68,66,4488,spectro_DTW,0.013734533851999464,1.134753273073295,0.6933428314566586
Tabor-Lola,Non-partner,after,Tabor,Nougatti,2,Tabor__Nougatti__after__2,Lola,Wuschel,6,Lola__Wuschel__after__6,Lola__Wuschel__after__6||Tabor__Nougatti__after__2,68,66,4488,chatter_cosine,1.0197216994303433,0.8837965881419448,0.6743515523495353
Tabor-Lola,Non-partner,after,Tabor,Nougatti,3,Tabor__Nougatti__after__3,Lola,Odin,2,Lola__Odin__after__2,Lola__Odin__after__2||Tabor__Nougatti__after__3,23,12,276,T_PC_pairwise,3.9121700508007105,-0.004179250845664473,0.3751390852056231
Tabor-Lola,Non-partner,after,Tabor,Nougatti,3,Tabor__Nougatti__after__3,Lola,Odin,2,Lola__Odin__after__2,Lola__Odin__after__2||Tabor__Nougatti__after__3,23,12,276,M_PC_pairwise,15.439132130664328,0.7215582370708489,0.645801628550323
Tabor-Lola,Non-partner,after,Tabor,Nougatti,3,Tabor__Nougatti__after__3,Lola,Odin,2,Lola__Odin__after__2,Lola__Odin__after__2||Tabor__Nougatti__after__3,23,12,276,spectro_DTW,0.010070960851263026,0.0828266816228289,0.47387924864242
Tabor-Lola,Non-partner,after,Tabor,Nougatti,3,Tabor__Nougatti__after__3,Lola,Odin,2,Lola__Odin__after__2,Lola__Odin__after__2||Tabor__Nougatti__after__3,23,12,276,chatter_cosine,1.035222146390141,1.153418337028564,0.7164478704107179
Tabor-Lola,Non-partner,after,Tabor,Nougatti,3,Tabor__Nougatti__after__3,Lola,Odin,3,Lola__Odin__after__3,Lola__Odin__after__3||Tabor__Nougatti__after__3,23,75,1725,T_PC_pairwise,5.256606769907302,1.5193842393420645,0.6982657708933152
Tabor-Lola,Non-partner,after,Tabor,Nougatti,3,Tabor__Nougatti__after__3,Lola,Odin,3,Lola__Odin__after__3,Lola__Odin__after__3||Tabor__Nougatti__after__3,23,75,1725,M_PC_pairwise,18.31984365103901,1.6497127110019907,0.8521874281728985
Tabor-Lola,Non-partner,after,Tabor,Nougatti,3,Tabor__Nougatti__after__3,Lola,Odin,3,Lola__Odin__after__3,Lola__Odin__after__3||Tabor__Nougatti__after__3,23,75,1725,spectro_DTW,0.013589857008807577,1.0932120185411582,0.6846760740723338
Tabor-Lola,Non-partner,after,Tabor,Nougatti,3,Tabor__Nougatti__after__3,Lola,Odin,3,Lola__Odin__after__3,Lola__Odin__after__3||Tabor__Nougatti__after__3,23,75,1725,chatter_cosine,0.9849630197925844,0.27918847476115516,0.5799534722675301
Tabor-Lola,Non-partner,after,Tabor,Nougatti,3,Tabor__Nougatti__after__3,Lola,Odin,4,Lola__Odin__after__4,Lola__Odin__after__4||Tabor__Nougatti__after__3,23,45,1035,T_PC_pairwise,4.857330565060971,1.0669102481460853,0.6023023128053141
Tabor-Lola,Non-partner,after,Tabor,Nougatti,3,Tabor__Nougatti__after__3,Lola,Odin,4,Lola__Odin__after__4,Lola__Odin__after__4||Tabor__Nougatti__after__3,23,45,1035,M_PC_pairwise,18.238808297419894,1.623603423252694,0.8463817283879355
Tabor-Lola,Non-partner,after,Tabor,Nougatti,3,Tabor__Nougatti__after__3,Lola,Odin,4,Lola__Odin__after__4,Lola__Odin__after__4||Tabor__Nougatti__after__3,23,45,1035,spectro_DTW,0.013583828006187175,1.0914809029949277,0.6843149112087568
Tabor-Lola,Non-partner,after,Tabor,Nougatti,3,Tabor__Nougatti__after__3,Lola,Odin,4,Lola__Odin__after__4,Lola__Odin__after__4||Tabor__Nougatti__after__3,23,45,1035,chatter_cosine,1.0430463106160002,1.289515370076946,0.737696838693307
Tabor-Lola,Non-partner,after,Tabor,Nougatti,3,Tabor__Nougatti__after__3,Lola,Odin,5,Lola__Odin__after__5,Lola__Odin__after__5||Tabor__Nougatti__after__3,23,17,391,T_PC_pairwise,4.4768787601109965,0.6357687361952742,0.510863177701151
Tabor-Lola,Non-partner,after,Tabor,Nougatti,3,Tabor__Nougatti__after__3,Lola,Odin,5,Lola__Odin__after__5,Lola__Odin__after__5||Tabor__Nougatti__after__3,23,17,391,M_PC_pairwise,17.44015428538213,1.3662800886691975,0.7891629316669249
Tabor-Lola,Non-partner,after,Tabor,Nougatti,3,Tabor__Nougatti__after__3,Lola,Odin,5,Lola__Odin__after__5,Lola__Odin__after__5||Tabor__Nougatti__after__3,23,17,391,spectro_DTW,0.011618532743566976,0.5271830586811272,0.566585377899122
Tabor-Lola,Non-partner,after,Tabor,Nougatti,3,Tabor__Nougatti__after__3,Lola,Odin,5,Lola__Odin__after__5,Lola__Odin__after__5||Tabor__Nougatti__after__3,23,17,391,chatter_cosine,1.0412567885940338,1.2583876188266048,0.7328368312103247
Tabor-Lola,Non-partner,after,Tabor,Nougatti,3,Tabor__Nougatti__after__3,Lola,Odin,6,Lola__Odin__after__6,Lola__Odin__after__6||Tabor__Nougatti__after__3,23,42,966,T_PC_pairwise,4.915126587786783,1.1324067559784676,0.6161932137334979
Tabor-Lola,Non-partner,after,Tabor,Nougatti,3,Tabor__Nougatti__after__3,Lola,Odin,6,Lola__Odin__after__6,Lola__Odin__after__6||Tabor__Nougatti__after__3,23,42,966,M_PC_pairwise,18.712805700598295,1.7763236131363915,0.8803408153642235
Tabor-Lola,Non-partner,after,Tabor,Nougatti,3,Tabor__Nougatti__after__3,Lola,Odin,6,Lola__Odin__after__6,Lola__Odin__after__6||Tabor__Nougatti__after__3,23,42,966,spectro_DTW,0.013851474670020335,1.168330645784961,0.7003480831317117
Tabor-Lola,Non-partner,after,Tabor,Nougatti,3,Tabor__Nougatti__after__3,Lola,Odin,6,Lola__Odin__after__6,Lola__Odin__after__6||Tabor__Nougatti__after__3,23,42,966,chatter_cosine,1.0373757308807925,1.1908787546701038,0.72229660354242875
Tabor-Lola,Non-partner,after,Tabor,Nougatti,3,Tabor__Nougatti__after__3,Lola,Wuschel,2,Lola__Wuschel__after__2,Lola__Wuschel__after__2||Tabor__Nougatti__after__3,23,68,1564,T_PC_pairwise,4.796490209181901,0.9979637937462256,0.5876797260581093
Tabor-Lola,Non-partner,after,Tabor,Nougatti,3,Tabor__Nougatti__after__3,Lola,Wuschel,2,Lola__Wuschel__after__2,Lola__Wuschel__after__2||Tabor__Nougatti__after__3,23,68,1564,M_PC_pairwise,18.703037892156246,1.7731764618017756,0.8796410101454037
Tabor-Lola,Non-partner,after,Tabor,Nougatti,3,Tabor__Nougatti__after__3,Lola,Wuschel,2,Lola__Wuschel__after__2,Lola__Wuschel__after__2||Tabor__Nougatti__after__3,23,68,1564,spectro_DTW,0.013563772432653167,1.0857223194746943,0.6831134971732555
Tabor-Lola,Non-partner,after,Tabor,Nougatti,3,Tabor__Nougatti__after__3,Lola,Wuschel,2,Lola__Wuschel__after__2,Lola__Wuschel__after__2||Tabor__Nougatti__after__3,23,68,1564,chatter_cosine,1.0279828229981005,1.0274942885943348,0.6967872205694908
Tabor-Lola,Non-partner,after,Tabor,Nougatti,3,Tabor__Nougatti__after__3,Lola,Wuschel,3,Lola__Wuschel__after__3,Lola__Wuschel__after__3||Tabor__Nougatti__after__3,23,71,1633,T_PC_pairwise,4.873628083431713,1.0853791754056943,0.606219316128142
Tabor-Lola,Non-partner,after,Tabor,Nougatti,3,Tabor__Nougatti__after__3,Lola,Wuschel,3,Lola__Wuschel__after__3,Lola__Wuschel__after__3||Tabor__Nougatti__after__3,23,71,1633,M_PC_pairwise,19.16123893285776,1.9208071227961472,0.9124683819610926
Tabor-Lola,Non-partner,after,Tabor,Nougatti,3,Tabor__Nougatti__after__3,Lola,Wuschel,3,Lola__Wuschel__after__3,Lola__Wuschel__after__3||Tabor__Nougatti__after__3,23,71,1633,spectro_DTW,0.01406334662557319,1.2291657223574375,0.7130401131401602
Tabor-Lola,Non-partner,after,Tabor,Nougatti,3,Tabor__Nougatti__after__3,Lola,Wuschel,3,Lola__Wuschel__after__3,Lola__Wuschel__after__3||Tabor__Nougatti__after__3,23,71,1633,chatter_cosine,1.0246885801047836,0.9701927454545093,0.6878406723204286
Tabor-Lola,Non-partner,after,Tabor,Nougatti,3,Tabor__Nougatti__after__3,Lola,Wuschel,4,Lola__Wuschel__after__4,Lola__Wuschel__after__4||Tabor__Nougatti__after__3,23,26,598,T_PC_pairwise,5.031376924403136,1.2641457705959847,0.6441332316213482
Tabor-Lola,Non-partner,after,Tabor,Nougatti,3,Tabor__Nougatti__after__3,Lola,Wuschel,4,Lola__Wuschel__after__4,Lola__Wuschel__after__4||Tabor__Nougatti__after__3,23,26,598,M_PC_pairwise,16.842648363432357,1.17376591613383,0.7463551959361397
Tabor-Lola,Non-partner,after,Tabor,Nougatti,3,Tabor__Nougatti__after__3,Lola,Wuschel,4,Lola__Wuschel__after__4,Lola__Wuschel__after__4||Tabor__Nougatti__after__3,23,26,598,spectro_DTW,0.011322180999646953,0.442091188042948,0.5488326497616283
Tabor-Lola,Non-partner,after,Tabor,Nougatti,3,Tabor__Nougatti__after__3,Lola,Wuschel,4,Lola__Wuschel__after__4,Lola__Wuschel__after__4||Tabor__Nougatti__after__3,23,26,598,chatter_cosine,1.0015690348618804,0.5680409727977401,0.6250523067655905
Tabor-Lola,Non-partner,after,Tabor,Nougatti,3,Tabor__Nougatti__after__3,Lola,Wuschel,5,Lola__Wuschel__after__5,Lola__Wuschel__after__5||Tabor__Nougatti__after__3,23,71,1633,T_PC_pairwise,4.8763705659190055,1.0884870540665021,0.6068784540883608
Tabor-Lola,Non-partner,after,Tabor,Nougatti,3,Tabor__Nougatti__after__3,Lola,Wuschel,5,Lola__Wuschel__after__5,Lola__Wuschel__after__5||Tabor__Nougatti__after__3,23,71,1633,M_PC_pairwise,19.22483109873055,1.941296280715759,0.9170243813767094
Tabor-Lola,Non-partner,after,Tabor,Nougatti,3,Tabor__Nougatti__after__3,Lola,Wuschel,5,Lola__Wuschel__after__5,Lola__Wuschel__after__5||Tabor__Nougatti__after__3,23,71,1633,spectro_DTW,0.0149056394915259,1.4710143939429556,0.7634970332298368
Tabor-Lola,Non-partner,after,Tabor,Nougatti,3,Tabor__Nougatti__after__3,Lola,Wuschel,5,Lola__Wuschel__after__5,Lola__Wuschel__after__5||Tabor__Nougatti__after__3,23,71,1633,chatter_cosine,1.0354403517980628,1.157213900076068,0.7170404755322587
Tabor-Lola,Non-partner,after,Tabor,Nougatti,3,Tabor__Nougatti__after__3,Lola,Wuschel,6,Lola__Wuschel__after__6,Lola__Wuschel__after__6||Tabor__Nougatti__after__3,23,66,1518,T_PC_pairwise,5.443417473115783,1.7310847700846885,0.7431645173503865
Tabor-Lola,Non-partner,after,Tabor,Nougatti,3,Tabor__Nougatti__after__3,Lola,Wuschel,6,Lola__Wuschel__after__6,Lola__Wuschel__after__6||Tabor__Nougatti__after__3,23,66,1518,M_PC_pairwise,19.356647662337434,1.983767084329598,0.9264682519937741
Tabor-Lola,Non-partner,after,Tabor,Nougatti,3,Tabor__Nougatti__after__3,Lola,Wuschel,6,Lola__Wuschel__after__6,Lola__Wuschel__after__6||Tabor__Nougatti__after__3,23,66,1518,spectro_DTW,0.01474106178633692,1.4237589784200817,0.753638129688169
Tabor-Lola,Non-partner,after,Tabor,Nougatti,3,Tabor__Nougatti__after__3,Lola,Wuschel,6,Lola__Wuschel__after__6,Lola__Wuschel__after__6||Tabor__Nougatti__after__3,23,66,1518,chatter_cosine,1.00592913992006,0.6438826020207423,0.6368935375239904
Tabor-Lola,Non-partner,after,Tabor,Nougatti,4,Tabor__Nougatti__after__4,Lola,Odin,2,Lola__Odin__after__2,Lola__Odin__after__2||Tabor__Nougatti__after__4,25,12,300,T_PC_pairwise,3.567516951560974,-0.39475239669863704,0.29230393790071096
Tabor-Lola,Non-partner,after,Tabor,Nougatti,4,Tabor__Nougatti__after__4,Lola,Odin,2,Lola__Odin__after__2,Lola__Odin__after__2||Tabor__Nougatti__after__4,25,12,300,M_PC_pairwise,13.703128720124562,0.16222443330189978,0.5214273378594012
Tabor-Lola,Non-partner,after,Tabor,Nougatti,4,Tabor__Nougatti__after__4,Lola,Odin,2,Lola__Odin__after__2,Lola__Odin__after__2||Tabor__Nougatti__after__4,25,12,300,spectro_DTW,0.006598802641771423,-0.9141387260688019,0.26588222480811347
Tabor-Lola,Non-partner,after,Tabor,Nougatti,4,Tabor__Nougatti__after__4,Lola,Odin,2,Lola__Odin__after__2,Lola__Odin__after__2||Tabor__Nougatti__after__4,25,12,300,chatter_cosine,1.041699253320694,1.2660840493703271,0.7340384827441577
Tabor-Lola,Non-partner,after,Tabor,Nougatti,4,Tabor__Nougatti__after__4,Lola,Odin,3,Lola__Odin__after__3,Lola__Odin__after__3||Tabor__Nougatti__after__4,25,75,1875,T_PC_pairwise,4.5349563173294065,0.7015842889243445,0.5248217436270302
Tabor-Lola,Non-partner,after,Tabor,Nougatti,4,Tabor__Nougatti__after__4,Lola,Odin,3,Lola__Odin__after__3,Lola__Odin__after__3||Tabor__Nougatti__after__4,25,75,1875,M_PC_pairwise,17.0835603776296,1.2513868657566682,0.7636151049333156
Tabor-Lola,Non-partner,after,Tabor,Nougatti,4,Tabor__Nougatti__after__4,Lola,Odin,3,Lola__Odin__after__3,Lola__Odin__after__3||Tabor__Nougatti__after__4,25,75,1875,spectro_DTW,0.010670405970575909,0.2549461565162358,0.5097885572759504
Tabor-Lola,Non-partner,after,Tabor,Nougatti,4,Tabor__Nougatti__after__4,Lola,Odin,3,Lola__Odin__after__3,Lola__Odin__after__3||Tabor__Nougatti__after__4,25,75,1875,chatter_cosine,1.0174620324134827,0.8444909233074046,0.668214718895581
Tabor-Lola,Non-partner,after,Tabor,Nougatti,4,Tabor__Nougatti__after__4,Lola,Odin,4,Lola__Odin__after__4,Lola__Odin__after__4||Tabor__Nougatti__after__4,25,45,1125,T_PC_pairwise,4.188031852298312,0.30843715060047805,0.4414406882182145
Tabor-Lola,Non-partner,after,Tabor,Nougatti,4,Tabor__Nougatti__after__4,Lola,Odin,4,Lola__Odin__after__4,Lola__Odin__after__4||Tabor__Nougatti__after__4,25,45,1125,M_PC_pairwise,16.48990052731832,1.060111883113478,0.7210829172971249
Tabor-Lola,Non-partner,after,Tabor,Nougatti,4,Tabor__Nougatti__after__4,Lola,Odin,4,Lola__Odin__after__4,Lola__Odin__after__4||Tabor__Nougatti__after__4,25,45,1125,spectro_DTW,0.00986859146029585,0.024720089066541252,0.4617564626123165
Tabor-Lola,Non-partner,after,Tabor,Nougatti,4,Tabor__Nougatti__after__4,Lola,Odin,4,Lola__Odin__after__4,Lola__Odin__after__4||Tabor__Nougatti__after__4,25,45,1125,chatter_cosine,1.035739185916053,1.1624119551856056,0.717852053166831
Tabor-Lola,Non-partner,after,Tabor,Nougatti,4,Tabor__Nougatti__after__4,Lola,Odin,5,Lola__Odin__after__5,Lola__Odin__after__5||Tabor__Nougatti__after__4,25,17,425,T_PC_pairwise,3.95255229360917,0.04158334245493347,0.38484469655489084
Tabor-Lola,Non-partner,after,Tabor,Nougatti,4,Tabor__Nougatti__after__4,Lola,Odin,5,Lola__Odin__after__5,Lola__Odin__after__5||Tabor__Nougatti__after__4,25,17,425,M_PC_pairwise,15.019211771347944,0.5862614683949,0.615716839246589
Tabor-Lola,Non-partner,after,Tabor,Nougatti,4,Tabor__Nougatti__after__4,Lola,Odin,5,Lola__Odin__after__5,Lola__Odin__after__5||Tabor__Nougatti__after__4,25,17,425,spectro_DTW,0.007511306724319344,-0.6521302144201148,0.32054509497566047
Tabor-Lola,Non-partner,after,Tabor,Nougatti,4,Tabor__Nougatti__after__4,Lola,Odin,5,Lola__Odin__after__5,Lola__Odin__after__5||Tabor__Nougatti__after__4,25,17,425,chatter_cosine,1.02602959170061,0.9935189045440954,0.6914826092792823
Tabor-Lola,Non-partner,after,Tabor,Nougatti,4,Tabor__Nougatti__after__4,Lola,Odin,6,Lola__Odin__after__6,Lola__Odin__after__6||Tabor__Nougatti__after__4,25,42,1050,T_PC_pairwise,4.209148944786617,0.3323677906052214,0.44651604506479087
Tabor-Lola,Non-partner,after,Tabor,Nougatti,4,Tabor__Nougatti__after__4,Lola,Odin,6,Lola__Odin__after__6,Lola__Odin__after__6||Tabor__Nougatti__after__4,25,42,1050,M_PC_pairwise,16.573249536695933,1.0869666220918184,0.7270543767183415
Tabor-Lola,Non-partner,after,Tabor,Nougatti,4,Tabor__Nougatti__after__4,Lola,Odin,6,Lola__Odin__after__6,Lola__Odin__after__6||Tabor__Nougatti__after__4,25,42,1050,spectro_DTW,0.009939000839810995,0.04493682791264063,0.46597428349073633
Tabor-Lola,Non-partner,after,Tabor,Nougatti,4,Tabor__Nougatti__after__4,Lola,Odin,6,Lola__Odin__after__6,Lola__Odin__after__6||Tabor__Nougatti__after__4,25,42,1050,chatter_cosine,1.0004000402632214,0.5477069547563935,0.6218775358338497
Tabor-Lola,Non-partner,after,Tabor,Nougatti,4,Tabor__Nougatti__after__4,Lola,Wuschel,2,Lola__Wuschel__after__2,Lola__Wuschel__after__2||Tabor__Nougatti__after__4,25,68,1700,T_PC_pairwise,4.113633741105304,0.2241265658465017,0.42355958251083975
Tabor-Lola,Non-partner,after,Tabor,Nougatti,4,Tabor__Nougatti__after__4,Lola,Wuschel,2,Lola__Wuschel__after__2,Lola__Wuschel__after__2||Tabor__Nougatti__after__4,25,68,1700,M_PC_pairwise,16.9031509290022,1.1932596163953058,0.7506898439166934
Tabor-Lola,Non-partner,after,Tabor,Nougatti,4,Tabor__Nougatti__after__4,Lola,Wuschel,2,Lola__Wuschel__after__2,Lola__Wuschel__after__2||Tabor__Nougatti__after__4,25,68,1700,spectro_DTW,0.009951279420398779,0.04846239309803772,0.4667098226180109
Tabor-Lola,Non-partner,after,Tabor,Nougatti,4,Tabor__Nougatti__after__4,Lola,Wuschel,2,Lola__Wuschel__after__2,Lola__Wuschel__after__2||Tabor__Nougatti__after__4,25,68,1700,chatter_cosine,1.0228463285460192,0.938147792915306,0.6828374612667347
Tabor-Lola,Non-partner,after,Tabor,Nougatti,4,Tabor__Nougatti__after__4,Lola,Wuschel,3,Lola__Wuschel__after__3,Lola__Wuschel__after__3||Tabor__Nougatti__after__4,25,71,1775,T_PC_pairwise,4.142279272616749,0.2565887006183496,0.4304443510726553
Tabor-Lola,Non-partner,after,Tabor,Nougatti,4,Tabor__Nougatti__after__4,Lola,Wuschel,3,Lola__Wuschel__after__3,Lola__Wuschel__after__3||Tabor__Nougatti__after__4,25,71,1775,M_PC_pairwise,17.344058492150104,1.3353183836239577,0.7822782412054595
Tabor-Lola,Non-partner,after,Tabor,Nougatti,4,Tabor__Nougatti__after__4,Lola,Wuschel,3,Lola__Wuschel__after__3,Lola__Wuschel__after__3||Tabor__Nougatti__after__4,25,71,1775,spectro_DTW,0.010382138202425985,0.17217544859966719,0.4925200936216628
Tabor-Lola,Non-partner,after,Tabor,Nougatti,4,Tabor__Nougatti__after__4,Lola,Wuschel,3,Lola__Wuschel__after__3,Lola__Wuschel__after__3||Tabor__Nougatti__after__4,25,71,1775,chatter_cosine,1.0250182632997002,0.9759274032887321,0.6887360302845333
Tabor-Lola,Non-partner,after,Tabor,Nougatti,4,Tabor__Nougatti__after__4,Lola,Wuschel,4,Lola__Wuschel__after__4,Lola__Wuschel__after__4||Tabor__Nougatti__after__4,25,26,650,T_PC_pairwise,4.5373668377216045,0.7043159763364129,0.5254010966408568
Tabor-Lola,Non-partner,after,Tabor,Nougatti,4,Tabor__Nougatti__after__4,Lola,Wuschel,4,Lola__Wuschel__after__4,Lola__Wuschel__after__4||Tabor__Nougatti__after__4,25,26,650,M_PC_pairwise,15.32755237029149,0.685607655744766,0.6378076041909354
Tabor-Lola,Non-partner,after,Tabor,Nougatti,4,Tabor__Nougatti__after__4,Lola,Wuschel,4,Lola__Wuschel__after__4,Lola__Wuschel__after__4||Tabor__Nougatti__after__4,25,26,650,spectro_DTW,0.007941650216145298,-0.5285651148797564,0.3463244979076967
Tabor-Lola,Non-partner,after,Tabor,Nougatti,4,Tabor__Nougatti__after__4,Lola,Wuschel,4,Lola__Wuschel__after__4,Lola__Wuschel__after__4||Tabor__Nougatti__after__4,25,26,650,chatter_cosine,0.9985748771062264,0.5159592455665396,0.6169207336868092
Tabor-Lola,Non-partner,after,Tabor,Nougatti,4,Tabor__Nougatti__after__4,Lola,Wuschel,5,Lola__Wuschel__after__5,Lola__Wuschel__after__5||Tabor__Nougatti__after__4,25,71,1775,T_PC_pairwise,4.096207481438006,0.20437850881837294,0.41937129350459396
Tabor-Lola,Non-partner,after,Tabor,Nougatti,4,Tabor__Nougatti__after__4,Lola,Wuschel,5,Lola__Wuschel__after__5,Lola__Wuschel__after__5||Tabor__Nougatti__after__4,25,71,1775,M_PC_pairwise,17.67020741717916,1.4404023470102594,0.805644866503438
Tabor-Lola,Non-partner,after,Tabor,Nougatti,4,Tabor__Nougatti__after__4,Lola,Wuschel,5,Lola__Wuschel__after__5,Lola__Wuschel__after__5||Tabor__Nougatti__after__4,25,71,1775,spectro_DTW,0.011261739385852091,0.42473650703394017,0.5452119403853368
Tabor-Lola,Non-partner,after,Tabor,Nougatti,4,Tabor__Nougatti__after__4,Lola,Wuschel,5,Lola__Wuschel__after__5,Lola__Wuschel__after__5||Tabor__Nougatti__after__4,25,71,1775,chatter_cosine,1.0365735445895665,1.1769251653746349,0.7201180154444627
Tabor-Lola,Non-partner,after,Tabor,Nougatti,4,Tabor__Nougatti__after__4,Lola,Wuschel,6,Lola__Wuschel__after__6,Lola__Wuschel__after__6||Tabor__Nougatti__after__4,25,66,1650,T_PC_pairwise,4.66925282052069,0.8537738611178849,0.5570990411442259
Tabor-Lola,Non-partner,after,Tabor,Nougatti,4,Tabor__Nougatti__after__4,Lola,Wuschel,6,Lola__Wuschel__after__6,Lola__Wuschel__after__6||Tabor__Nougatti__after__4,25,66,1650,M_PC_pairwise,18.069089740406383,1.5689207391702773,0.8342224059940475
Tabor-Lola,Non-partner,after,Tabor,Nougatti,4,Tabor__Nougatti__after__4,Lola,Wuschel,6,Lola__Wuschel__after__6,Lola__Wuschel__after__6||Tabor__Nougatti__after__4,25,66,1650,spectro_DTW,0.011670252058556247,0.5420332944258172,0.569683584531271
Tabor-Lola,Non-partner,after,Tabor,Nougatti,4,Tabor__Nougatti__after__4,Lola,Wuschel,6,Lola__Wuschel__after__6,Lola__Wuschel__after__6||Tabor__Nougatti__after__4,25,66,1650,chatter_cosine,1.0368769187638254,1.182202192265721,0.7209419230236618
Tabor-Lola,Non-partner,after,Tabor,Nougatti,5,Tabor__Nougatti__after__5,Lola,Odin,2,Lola__Odin__after__2,Lola__Odin__after__2||Tabor__Nougatti__after__5,31,12,372,T_PC_pairwise,3.784981890070823,-0.14831339663198,0.34457023190721536
Tabor-Lola,Non-partner,after,Tabor,Nougatti,5,Tabor__Nougatti__after__5,Lola,Odin,2,Lola__Odin__after__2,Lola__Odin__after__2||Tabor__Nougatti__after__5,31,12,372,M_PC_pairwise,13.745653660066667,0.17592580984785255,0.524473996183839
Tabor-Lola,Non-partner,after,Tabor,Nougatti,5,Tabor__Nougatti__after__5,Lola,Odin,2,Lola__Odin__after__2,Lola__Odin__after__2||Tabor__Nougatti__after__5,31,12,372,spectro_DTW,0.0066781288487911825,-0.8913616866741411,0.2706342015259572
Tabor-Lola,Non-partner,after,Tabor,Nougatti,5,Tabor__Nougatti__after__5,Lola,Odin,2,Lola__Odin__after__2,Lola__Odin__after__2||Tabor__Nougatti__after__5,31,12,372,chatter_cosine,1.0152681010064257,0.8063286932477051,0.6622564110767533
Tabor-Lola,Non-partner,after,Tabor,Nougatti,5,Tabor__Nougatti__after__5,Lola,Odin,3,Lola__Odin__after__3,Lola__Odin__after__3||Tabor__Nougatti__after__5,31,75,2325,T_PC_pairwise,4.6607808875524865,0.8441731654672561,0.5550628667505342
Tabor-Lola,Non-partner,after,Tabor,Nougatti,5,Tabor__Nougatti__after__5,Lola,Odin,3,Lola__Odin__after__3,Lola__Odin__after__3||Tabor__Nougatti__after__5,31,75,2325,M_PC_pairwise,17.542621752010877,1.3992947230437955,0.7965041145260553
Tabor-Lola,Non-partner,after,Tabor,Nougatti,5,Tabor__Nougatti__after__5,Lola,Odin,3,Lola__Odin__after__3,Lola__Odin__after__3||Tabor__Nougatti__after__5,31,75,2325,spectro_DTW,0.010815581395040437,0.296630569352734,0.5184851817961003
Tabor-Lola,Non-partner,after,Tabor,Nougatti,5,Tabor__Nougatti__after__5,Lola,Odin,3,Lola__Odin__after__3,Lola__Odin__after__3||Tabor__Nougatti__after__5,31,75,2325,chatter_cosine,0.9909695812066396,0.383669306665733,0.5962661708881508
Tabor-Lola,Non-partner,after,Tabor,Nougatti,5,Tabor__Nougatti__after__5,Lola,Odin,4,Lola__Odin__after__4,Lola__Odin__after__4||Tabor__Nougatti__after__5,31,45,1395,T_PC_pairwise,4.343156758431466,0.4842302095406755,0.478723957913295
Tabor-Lola,Non-partner,after,Tabor,Nougatti,5,Tabor__Nougatti__after__5,Lola,Odin,4,Lola__Odin__after__4,Lola__Odin__after__4||Tabor__Nougatti__after__5,31,45,1395,M_PC_pairwise,16.94821464374501,1.2077789766834388,0.7539183903141295
Tabor-Lola,Non-partner,after,Tabor,Nougatti,5,Tabor__Nougatti__after__5,Lola,Odin,4,Lola__Odin__after__4,Lola__Odin__after__4||Tabor__Nougatti__after__5,31,45,1395,spectro_DTW,0.010261121865505466,0.1374278667223487,0.485270701054818
Tabor-Lola,Non-partner,after,Tabor,Nougatti,5,Tabor__Nougatti__after__5,Lola,Odin,4,Lola__Odin__after__4,Lola__Odin__after__4||Tabor__Nougatti__after__5,31,45,1395,chatter_cosine,1.0384561290877694,1.2096716872103463,0.7252307632264425
Tabor-Lola,Non-partner,after,Tabor,Nougatti,5,Tabor__Nougatti__after__5,Lola,Odin,5,Lola__Odin__after__5,Lola__Odin__after__5||Tabor__Nougatti__after__5,31,17,527,T_PC_pairwise,4.174341251547015,0.29292247507356,0.438150240714832
Tabor-Lola,Non-partner,after,Tabor,Nougatti,5,Tabor__Nougatti__after__5,Lola,Odin,5,Lola__Odin__after__5,Lola__Odin__after__5||Tabor__Nougatti__after__5,31,17,527,M_PC_pairwise,15.422614609720132,0.7162363536215081,0.6446182466865925
Tabor-Lola,Non-partner,after,Tabor,Nougatti,5,Tabor__Nougatti__after__5,Lola,Odin,5,Lola__Odin__after__5,Lola__Odin__after__5||Tabor__Nougatti__after__5,31,17,527,spectro_DTW,0.008137588432625084,-0.472305114013107,0.35806202927127045
Tabor-Lola,Non-partner,after,Tabor,Nougatti,5,Tabor__Nougatti__after__5,Lola,Odin,5,Lola__Odin__after__5,Lola__Odin__after__5||Tabor__Nougatti__after__5,31,17,527,chatter_cosine,1.0294885831607588,1.053686158384457,0.7008765838565961
Tabor-Lola,Non-partner,after,Tabor,Nougatti,5,Tabor__Nougatti__after__5,Lola,Odin,6,Lola__Odin__after__6,Lola__Odin__after__6||Tabor__Nougatti__after__5,31,42,1302,T_PC_pairwise,4.260573646394155,0.390644090820458,0.45887564009576004
Tabor-Lola,Non-partner,after,Tabor,Nougatti,5,Tabor__Nougatti__after__5,Lola,Odin,6,Lola__Odin__after__6,Lola__Odin__after__6||Tabor__Nougatti__after__5,31,42,1302,M_PC_pairwise,17.074061224537513,1.2483262741706598,0.7629345472680369
Tabor-Lola,Non-partner,after,Tabor,Nougatti,5,Tabor__Nougatti__after__5,Lola,Odin,6,Lola__Odin__after__6,Lola__Odin__after__6||Tabor__Nougatti__after__5,31,42,1302,spectro_DTW,0.010384760333955453,0.17292834471544657,0.4926771704370973
Tabor-Lola,Non-partner,after,Tabor,Nougatti,5,Tabor__Nougatti__after__5,Lola,Odin,6,Lola__Odin__after__6,Lola__Odin__after__6||Tabor__Nougatti__after__5,31,42,1302,chatter_cosine,1.0095336642774386,0.7065813205584374,0.6466827522608968
Tabor-Lola,Non-partner,after,Tabor,Nougatti,5,Tabor__Nougatti__after__5,Lola,Wuschel,2,Lola__Wuschel__after__2,Lola__Wuschel__after__2||Tabor__Nougatti__after__5,31,68,2108,T_PC_pairwise,4.258913930272242,0.3887632415015678,0.4584767380410672
Tabor-Lola,Non-partner,after,Tabor,Nougatti,5,Tabor__Nougatti__after__5,Lola,Wuschel,2,Lola__Wuschel__after__2,Lola__Wuschel__after__2||Tabor__Nougatti__after__5,31,68,2108,M_PC_pairwise,17.386598231444097,1.3490245284657183,0.7853259598151955
Tabor-Lola,Non-partner,after,Tabor,Nougatti,5,Tabor__Nougatti__after__5,Lola,Wuschel,2,Lola__Wuschel__after__2,Lola__Wuschel__after__2||Tabor__Nougatti__after__5,31,68,2108,spectro_DTW,0.01031472920006065,0.15282021203771284,0.48848200807783554
Tabor-Lola,Non-partner,after,Tabor,Nougatti,5,Tabor__Nougatti__after__5,Lola,Wuschel,2,Lola__Wuschel__after__2,Lola__Wuschel__after__2||Tabor__Nougatti__after__5,31,68,2108,chatter_cosine,1.0230455686403632,0.9416134647649436,0.6833785601398059
Tabor-Lola,Non-partner,after,Tabor,Nougatti,5,Tabor__Nougatti__after__5,Lola,Wuschel,3,Lola__Wuschel__after__3,Lola__Wuschel__after__3||Tabor__Nougatti__after__5,31,71,2201,T_PC_pairwise,4.24574820256569,0.37384337077028873,0.45531244038538304
Tabor-Lola,Non-partner,after,Tabor,Nougatti,5,Tabor__Nougatti__after__5,Lola,Wuschel,3,Lola__Wuschel__after__3,Lola__Wuschel__after__3||Tabor__Nougatti__after__5,31,71,2201,M_PC_pairwise,17.84624481851109,1.4971209390906597,0.8182568964066075
Tabor-Lola,Non-partner,after,Tabor,Nougatti,5,Tabor__Nougatti__after__5,Lola,Wuschel,3,Lola__Wuschel__after__3,Lola__Wuschel__after__3||Tabor__Nougatti__after__5,31,71,2201,spectro_DTW,0.010694399113899715,0.26183533969061784,0.5112258484656604
Tabor-Lola,Non-partner,after,Tabor,Nougatti,5,Tabor__Nougatti__after__5,Lola,Wuschel,3,Lola__Wuschel__after__3,Lola__Wuschel__after__3||Tabor__Nougatti__after__5,31,71,2201,chatter_cosine,1.0231405426999862,0.9432654862918601,0.68363649194214815
Tabor-Lola,Non-partner,after,Tabor,Nougatti,5,Tabor__Nougatti__after__5,Lola,Wuschel,4,Lola__Wuschel__after__4,Lola__Wuschel__after__4||Tabor__Nougatti__after__5,31,26,806,T_PC_pairwise,4.685387215010877,0.8720579305963431,0.5609768386954981
Tabor-Lola,Non-partner,after,Tabor,Nougatti,5,Tabor__Nougatti__after__5,Lola,Wuschel,4,Lola__Wuschel__after__4,Lola__Wuschel__after__4||Tabor__Nougatti__after__5,31,26,806,M_PC_pairwise,15.590625601725899,0.7703688666471371,0.6566552322317409
Tabor-Lola,Non-partner,after,Tabor,Nougatti,5,Tabor__Nougatti__after__5,Lola,Wuschel,4,Lola__Wuschel__after__4,Lola__Wuschel__after__4||Tabor__Nougatti__after__5,31,26,806,spectro_DTW,0.008330240176942097,-0.4169887622724306,0.3696026869938613
Tabor-Lola,Non-partner,after,Tabor,Nougatti,5,Tabor__Nougatti__after__5,Lola,Wuschel,4,Lola__Wuschel__after__4,Lola__Wuschel__after__4||Tabor__Nougatti__after__5,31,26,806,chatter_cosine,1.0034206424546301,0.600248668401857,0.6300809270596411
Tabor-Lola,Non-partner,after,Tabor,Nougatti,5,Tabor__Nougatti__after__5,Lola,Wuschel,5,Lola__Wuschel__after__5,Lola__Wuschel__after__5||Tabor__Nougatti__after__5,31,71,2201,T_PC_pairwise,4.184144926661527,0.3040323482731388,0.4405064907355962
Tabor-Lola,Non-partner,after,Tabor,Nougatti,5,Tabor__Nougatti__after__5,Lola,Wuschel,5,Lola__Wuschel__after__5,Lola__Wuschel__after__5||Tabor__Nougatti__after__5,31,71,2201,M_PC_pairwise,18.17044007978565,1.6015754393247272,0.8414835533483958
Tabor-Lola,Non-partner,after,Tabor,Nougatti,5,Tabor__Nougatti__after__5,Lola,Wuschel,5,Lola__Wuschel__after__5,Lola__Wuschel__after__5||Tabor__Nougatti__after__5,31,71,2201,spectro_DTW,0.011558019906038698,0.5098079271067539,0.5629604019186947
Tabor-Lola,Non-partner,after,Tabor,Nougatti,5,Tabor__Nougatti__after__5,Lola,Wuschel,5,Lola__Wuschel__after__5,Lola__Wuschel__after__5||Tabor__Nougatti__after__5,31,71,2201,chatter_cosine,1.0299566115292025,1.0618272544157934,0.7021476614655685
Tabor-Lola,Non-partner,after,Tabor,Nougatti,5,Tabor__Nougatti__after__5,Lola,Wuschel,6,Lola__Wuschel__after__6,Lola__Wuschel__after__6||Tabor__Nougatti__after__5,31,66,2046,T_PC_pairwise,4.733401190238265,0.9264690744126453,0.5725166876608154
Tabor-Lola,Non-partner,after,Tabor,Nougatti,5,Tabor__Nougatti__after__5,Lola,Wuschel,6,Lola__Wuschel__after__6,Lola__Wuschel__after__6||Tabor__Nougatti__after__5,31,66,2046,M_PC_pairwise,18.62557389169844,1.7482178506791441,0.87409117651459
Tabor-Lola,Non-partner,after,Tabor,Nougatti,5,Tabor__Nougatti__after__5,Lola,Wuschel,6,Lola__Wuschel__after__6,Lola__Wuschel__after__6||Tabor__Nougatti__after__5,31,66,2046,spectro_DTW,0.011839470361167781,0.5906211708626732,0.5798204795682761
Tabor-Lola,Non-partner,after,Tabor,Nougatti,5,Tabor__Nougatti__after__5,Lola,Wuschel,6,Lola__Wuschel__after__6,Lola__Wuschel__after__6||Tabor__Nougatti__after__5,31,66,2046,chatter_cosine,1.0117042050100609,0.744336682702323,0.6525775353779387
Tabor-Lola,Non-partner,after,Tabor,Nougatti,6,Tabor__Nougatti__after__6,Lola,Odin,2,Lola__Odin__after__2,Lola__Odin__after__2||Tabor__Nougatti__after__6,24,12,288,T_PC_pairwise,4.248495375116666,0.3769565643780129,0.4559727055721289
Tabor-Lola,Non-partner,after,Tabor,Nougatti,6,Tabor__Nougatti__after__6,Lola,Odin,2,Lola__Odin__after__2,Lola__Odin__after__2||Tabor__Nougatti__after__6,24,12,288,M_PC_pairwise,15.228540605141056,0.6537064354572718,0.6307140017326243
Tabor-Lola,Non-partner,after,Tabor,Nougatti,6,Tabor__Nougatti__after__6,Lola,Odin,2,Lola__Odin__after__2,Lola__Odin__after__2||Tabor__Nougatti__after__6,24,12,288,spectro_DTW,0.00910562029902293,-0.19435283588718358,0.41605124953119704
Tabor-Lola,Non-partner,after,Tabor,Nougatti,6,Tabor__Nougatti__after__6,Lola,Odin,2,Lola__Odin__after__2,Lola__Odin__after__2||Tabor__Nougatti__after__6,24,12,288,chatter_cosine,1.0165920708742406,0.8293584208522891,0.6658520658861605
Tabor-Lola,Non-partner,after,Tabor,Nougatti,6,Tabor__Nougatti__after__6,Lola,Odin,3,Lola__Odin__after__3,Lola__Odin__after__3||Tabor__Nougatti__after__6,24,75,1800,T_PC_pairwise,5.295167655679915,1.5630828060931223,0.7075336308377878
Tabor-Lola,Non-partner,after,Tabor,Nougatti,6,Tabor__Nougatti__after__6,Lola,Odin,3,Lola__Odin__after__3,Lola__Odin__after__3||Tabor__Nougatti__after__6,24,75,1800,M_PC_pairwise,17.909059993955825,1.517359753601395,0.8227572290920921
Tabor-Lola,Non-partner,after,Tabor,Nougatti,6,Tabor__Nougatti__after__6,Lola,Odin,3,Lola__Odin__after__3,Lola__Odin__after__3||Tabor__Nougatti__after__6,24,75,1800,spectro_DTW,0.01269890110150704,0.8373906631291288,0.6313040311223553
Tabor-Lola,Non-partner,after,Tabor,Nougatti,6,Tabor__Nougatti__after__6,Lola,Odin,3,Lola__Odin__after__3,Lola__Odin__after__3||Tabor__Nougatti__after__6,24,75,1800,chatter_cosine,0.9969204179445903,0.4871808384806813,0.6124275316992724
Tabor-Lola,Non-partner,after,Tabor,Nougatti,6,Tabor__Nougatti__after__6,Lola,Odin,4,Lola__Odin__after__4,Lola__Odin__after__4||Tabor__Nougatti__after__6,24,45,1080,T_PC_pairwise,4.93248312269096,1.1520757984260335,0.620364744843074
Tabor-Lola,Non-partner,after,Tabor,Nougatti,6,Tabor__Nougatti__after__6,Lola,Odin,4,Lola__Odin__after__4,Lola__Odin__after__4||Tabor__Nougatti__after__6,24,45,1080,M_PC_pairwise,17.587786583988755,1.4138466629267463,0.7997399053703121
Tabor-Lola,Non-partner,after,Tabor,Nougatti,6,Tabor__Nougatti__after__6,Lola,Odin,4,Lola__Odin__after__4,Lola__Odin__after__4||Tabor__Nougatti__after__6,24,45,1080,spectro_DTW,0.012421538307723865,0.7577511150156169,0.6146888217486685
Tabor-Lola,Non-partner,after,Tabor,Nougatti,6,Tabor__Nougatti__after__6,Lola,Odin,4,Lola__Odin__after__4,Lola__Odin__after__4||Tabor__Nougatti__after__6,24,45,1080,chatter_cosine,1.0247540346450277,0.9713312911789619,0.6880184346231422
Tabor-Lola,Non-partner,after,Tabor,Nougatti,6,Tabor__Nougatti__after__6,Lola,Odin,5,Lola__Odin__after__5,Lola__Odin__after__5||Tabor__Nougatti__after__6,24,17,408,T_PC_pairwise,4.706682728786094,0.8961907639470057,0.5660950779464874
Tabor-Lola,Non-partner,after,Tabor,Nougatti,6,Tabor__Nougatti__after__6,Lola,Odin,5,Lola__Odin__after__5,Lola__Odin__after__5||Tabor__Nougatti__after__6,24,17,408,M_PC_pairwise,16.505123830309103,1.0650167743804337,0.722173576163321
Tabor-Lola,Non-partner,after,Tabor,Nougatti,6,Tabor__Nougatti__after__6,Lola,Odin,5,Lola__Odin__after__5,Lola__Odin__after__5||Tabor__Nougatti__after__6,24,17,408,spectro_DTW,0.010340577238536092,0.1602419937256132,0.49003041536531156
Tabor-Lola,Non-partner,after,Tabor,Nougatti,6,Tabor__Nougatti__after__6,Lola,Odin,5,Lola__Odin__after__5,Lola__Odin__after__5||Tabor__Nougatti__after__6,24,17,408,chatter_cosine,1.0120064968279763,0.749594882600162,0.6533985034795209
Tabor-Lola,Non-partner,after,Tabor,Nougatti,6,Tabor__Nougatti__after__6,Lola,Odin,6,Lola__Odin__after__6,Lola__Odin__after__6||Tabor__Nougatti__after__6,24,42,1008,T_PC_pairwise,4.925419691595293,1.1440712671752309,0.6186670947810889
Tabor-Lola,Non-partner,after,Tabor,Nougatti,6,Tabor__Nougatti__after__6,Lola,Odin,6,Lola__Odin__after__6,Lola__Odin__after__6||Tabor__Nougatti__after__6,24,42,1008,M_PC_pairwise,17.880483174607868,1.5081524093251868,0.8207098704204293
Tabor-Lola,Non-partner,after,Tabor,Nougatti,6,Tabor__Nougatti__after__6,Lola,Odin,6,Lola__Odin__after__6,Lola__Odin__after__6||Tabor__Nougatti__after__6,24,42,1008,spectro_DTW,0.012666259280411481,0.8280181735958553,0.6293486474011158
Tabor-Lola,Non-partner,after,Tabor,Nougatti,6,Tabor__Nougatti__after__6,Lola,Odin,6,Lola__Odin__after__6,Lola__Odin__after__6||Tabor__Nougatti__after__6,24,42,1008,chatter_cosine,1.0018990295865233,0.5737810495201948,0.62594851078623
Tabor-Lola,Non-partner,after,Tabor,Nougatti,6,Tabor__Nougatti__after__6,Lola,Wuschel,2,Lola__Wuschel__after__2,Lola__Wuschel__after__2||Tabor__Nougatti__after__6,24,68,1632,T_PC_pairwise,4.868603789558013,1.0796854669542988,0.6050117595326865
Tabor-Lola,Non-partner,after,Tabor,Nougatti,6,Tabor__Nougatti__after__6,Lola,Wuschel,2,Lola__Wuschel__after__2,Lola__Wuschel__after__2||Tabor__Nougatti__after__6,24,68,1632,M_PC_pairwise,17.961341700425336,1.534204723818378,0.8265029015480204
Tabor-Lola,Non-partner,after,Tabor,Nougatti,6,Tabor__Nougatti__after__6,Lola,Wuschel,2,Lola__Wuschel__after__2,Lola__Wuschel__after__2||Tabor__Nougatti__after__6,24,68,1632,spectro_DTW,0.012396930645884234,0.75068548432194,0.6132147182898535
Tabor-Lola,Non-partner,after,Tabor,Nougatti,6,Tabor__Nougatti__after__6,Lola,Wuschel,2,Lola__Wuschel__after__2,Lola__Wuschel__after__2||Tabor__Nougatti__after__6,24,68,1632,chatter_cosine,1.012750124449239,0.762529876041658,0.6554180571701302
Tabor-Lola,Non-partner,after,Tabor,Nougatti,6,Tabor__Nougatti__after__6,Lola,Wuschel,3,Lola__Wuschel__after__3,Lola__Wuschel__after__3||Tabor__Nougatti__after__6,24,71,1704,T_PC_pairwise,4.889211370106874,1.1030387099140797,0.6099646584740516
Tabor-Lola,Non-partner,after,Tabor,Nougatti,6,Tabor__Nougatti__after__6,Lola,Wuschel,3,Lola__Wuschel__after__3,Lola__Wuschel__after__3||Tabor__Nougatti__after__6,24,71,1704,M_PC_pairwise,18.413533386490155,1.679899193232288,0.8588997389443002
Tabor-Lola,Non-partner,after,Tabor,Nougatti,6,Tabor__Nougatti__after__6,Lola,Wuschel,3,Lola__Wuschel__after__3,Lola__Wuschel__after__3||Tabor__Nougatti__after__6,24,71,1704,spectro_DTW,0.012857192960986431,0.882841215407749,0.6407863858085299
Tabor-Lola,Non-partner,after,Tabor,Nougatti,6,Tabor__Nougatti__after__6,Lola,Wuschel,3,Lola__Wuschel__after__3,Lola__Wuschel__after__3||Tabor__Nougatti__after__6,24,71,1704,chatter_cosine,1.0149015017168623,0.7999519002527007,0.6612607958964627
Tabor-Lola,Non-partner,after,Tabor,Nougatti,6,Tabor__Nougatti__after__6,Lola,Wuschel,4,Lola__Wuschel__after__4,Lola__Wuschel__after__4||Tabor__Nougatti__after__6,24,26,624,T_PC_pairwise,5.227376075891348,1.486258977615242,0.6912403623013788
Tabor-Lola,Non-partner,after,Tabor,Nougatti,6,Tabor__Nougatti__after__6,Lola,Wuschel,4,Lola__Wuschel__after__4,Lola__Wuschel__after__4||Tabor__Nougatti__after__6,24,26,624,M_PC_pairwise,16.49448792063273,1.0615899240760445,0.7214115766684925
Tabor-Lola,Non-partner,after,Tabor,Nougatti,6,Tabor__Nougatti__after__6,Lola,Wuschel,4,Lola__Wuschel__after__4,Lola__Wuschel__after__4||Tabor__Nougatti__after__6,24,26,624,spectro_DTW,0.01044705842016414,0.1908160771193642,0.49640909039585895
Tabor-Lola,Non-partner,after,Tabor,Nougatti,6,Tabor__Nougatti__after__6,Lola,Wuschel,4,Lola__Wuschel__after__4,Lola__Wuschel__after__4||Tabor__Nougatti__after__6,24,26,624,chatter_cosine,0.9992761962497846,0.5281583063100302,0.6188253854562835
Tabor-Lola,Non-partner,after,Tabor,Nougatti,6,Tabor__Nougatti__after__6,Lola,Wuschel,5,Lola__Wuschel__after__5,Lola__Wuschel__after__5||Tabor__Nougatti__after__6,24,71,1704,T_PC_pairwise,4.8476521239524155,1.0559422945746255,0.5999761619693647
Tabor-Lola,Non-partner,after,Tabor,Nougatti,6,Tabor__Nougatti__after__6,Lola,Wuschel,5,Lola__Wuschel__after__5,Lola__Wuschel__after__5||Tabor__Nougatti__after__6,24,71,1704,M_PC_pairwise,18.601514433191415,1.7404659831645686,0.8723674598052499
Tabor-Lola,Non-partner,after,Tabor,Nougatti,6,Tabor__Nougatti__after__6,Lola,Wuschel,5,Lola__Wuschel__after__5,Lola__Wuschel__after__5||Tabor__Nougatti__after__6,24,71,1704,spectro_DTW,0.013743350591044326,1.1372848350892026,0.6938709915722437
Tabor-Lola,Non-partner,after,Tabor,Nougatti,6,Tabor__Nougatti__after__6,Lola,Wuschel,5,Lola__Wuschel__after__5,Lola__Wuschel__after__5||Tabor__Nougatti__after__6,24,71,1704,chatter_cosine,1.0184625736634496,0.8618947880055627,0.6709320020036864
Tabor-Lola,Non-partner,after,Tabor,Nougatti,6,Tabor__Nougatti__after__6,Lola,Wuschel,6,Lola__Wuschel__after__6,Lola__Wuschel__after__6||Tabor__Nougatti__after__6,24,66,1584,T_PC_pairwise,5.4142512797632,1.6980326028028545,0.7361546110764718
Tabor-Lola,Non-partner,after,Tabor,Nougatti,6,Tabor__Nougatti__after__6,Lola,Wuschel,6,Lola__Wuschel__after__6,Lola__Wuschel__after__6||Tabor__Nougatti__after__6,24,66,1584,M_PC_pairwise,18.805090711875394,1.806057498493466,0.8869524860264512
Tabor-Lola,Non-partner,after,Tabor,Nougatti,6,Tabor__Nougatti__after__6,Lola,Wuschel,6,Lola__Wuschel__after__6,Lola__Wuschel__after__6||Tabor__Nougatti__after__6,24,66,1584,spectro_DTW,0.0137532349391323,1.1401229411105107,0.694463106003902
Tabor-Lola,Non-partner,after,Tabor,Nougatti,6,Tabor__Nougatti__after__6,Lola,Wuschel,6,Lola__Wuschel__after__6,Lola__Wuschel__after__6||Tabor__Nougatti__after__6,24,66,1584,chatter_cosine,1.0101246431921467,0.7168610737134251,0.648287740583203
Tabor-Lola,Non-partner,after,Tabor,Olympia,2,Tabor__Olympia__after__2,Lola,Odin,2,Lola__Odin__after__2,Lola__Odin__after__2||Tabor__Olympia__after__2,27,12,324,T_PC_pairwise,3.829398485429493,-0.09797893158413419,0.3552454738459477
Tabor-Lola,Non-partner,after,Tabor,Olympia,2,Tabor__Olympia__after__2,Lola,Odin,2,Lola__Odin__after__2,Lola__Odin__after__2||Tabor__Olympia__after__2,27,12,324,M_PC_pairwise,16.53337839797691,1.0741202903709748,0.7241978474240379
Tabor-Lola,Non-partner,after,Tabor,Olympia,2,Tabor__Olympia__after__2,Lola,Odin,2,Lola__Odin__after__2,Lola__Odin__after__2||Tabor__Olympia__after__2,27,12,324,spectro_DTW,0.010267602609625706,0.13928869140663835,0.4856589251528896
Tabor-Lola,Non-partner,after,Tabor,Olympia,2,Tabor__Olympia__after__2,Lola,Odin,2,Lola__Odin__after__2,Lola__Odin__after__2||Tabor__Olympia__after__2,27,12,324,chatter_cosine,1.049143867360221,1.3955790156980175,0.7542566636303923
Tabor-Lola,Non-partner,after,Tabor,Olympia,2,Tabor__Olympia__after__2,Lola,Odin,3,Lola__Odin__after__3,Lola__Odin__after__3||Tabor__Olympia__after__2,27,75,2025,T_PC_pairwise,5.174720577604977,1.4265878948438133,0.678584953234736
Tabor-Lola,Non-partner,after,Tabor,Olympia,2,Tabor__Olympia__after__2,Lola,Odin,3,Lola__Odin__after__3,Lola__Odin__after__3||Tabor__Olympia__after__2,27,75,2025,M_PC_pairwise,19.35618708104263,1.9836186867596377,0.9264352540909482
Tabor-Lola,Non-partner,after,Tabor,Olympia,2,Tabor__Olympia__after__2,Lola,Odin,3,Lola__Odin__after__3,Lola__Odin__after__3||Tabor__Olympia__after__2,27,75,2025,spectro_DTW,0.01375885497962619,1.1417366308170795,0.6947997702991413
Tabor-Lola,Non-partner,after,Tabor,Olympia,2,Tabor__Olympia__after__2,Lola,Odin,3,Lola__Odin__after__3,Lola__Odin__after__3||Tabor__Olympia__after__2,27,75,2025,chatter_cosine,1.010595974009714,0.7250596140307616,0.6495677870270126
Tabor-Lola,Non-partner,after,Tabor,Olympia,2,Tabor__Olympia__after__2,Lola,Odin,4,Lola__Odin__after__4,Lola__Odin__after__4||Tabor__Olympia__after__2,27,45,1215,T_PC_pairwise,4.774627061930213,0.9731876979583889,0.5824250597657199
Tabor-Lola,Non-partner,after,Tabor,Olympia,2,Tabor__Olympia__after__2,Lola,Odin,4,Lola__Odin__after__4,Lola__Odin__after__4||Tabor__Olympia__after__2,27,45,1215,M_PC_pairwise,19.299160736774713,1.965245011995661,0.9223496566341935
Tabor-Lola,Non-partner,after,Tabor,Olympia,2,Tabor__Olympia__after__2,Lola,Odin,4,Lola__Odin__after__4,Lola__Odin__after__4||Tabor__Olympia__after__2,27,45,1215,spectro_DTW,0.013910371772829949,1.185241849299227,0.7038762697400796
Tabor-Lola,Non-partner,after,Tabor,Olympia,2,Tabor__Olympia__after__2,Lola,Odin,4,Lola__Odin__after__4,Lola__Odin__after__4||Tabor__Olympia__after__2,27,45,1215,chatter_cosine,1.0547231575589122,1.4926276998307202,0.7694089734553222
Tabor-Lola,Non-partner,after,Tabor,Olympia,2,Tabor__Olympia__after__2,Lola,Odin,5,Lola__Odin__after__5,Lola__Odin__after__5||Tabor__Olympia__after__2,27,17,459,T_PC_pairwise,4.39748153473557,0.5457929775113011,0.49178056717455887
Tabor-Lola,Non-partner,after,Tabor,Olympia,2,Tabor__Olympia__after__2,Lola,Odin,5,Lola__Odin__after__5,Lola__Odin__after__5||Tabor__Olympia__after__2,27,17,459,M_PC_pairwise,18.586589707268608,1.7356572923118143,0.871298192205235
Tabor-Lola,Non-partner,after,Tabor,Olympia,2,Tabor__Olympia__after__2,Lola,Odin,5,Lola__Odin__after__5,Lola__Odin__after__5||Tabor__Olympia__after__2,27,17,459,spectro_DTW,0.01204832511992561,0.6505899157038894,0.5923317666739467
Tabor-Lola,Non-partner,after,Tabor,Olympia,2,Tabor__Olympia__after__2,Lola,Odin,5,Lola__Odin__after__5,Lola__Odin__after__5||Tabor__Olympia__after__2,27,17,459,chatter_cosine,1.0937408769831938,2.171319467624719,0.8753738098994954
Tabor-Lola,Non-partner,after,Tabor,Olympia,2,Tabor__Olympia__after__2,Lola,Odin,6,Lola__Odin__after__6,Lola__Odin__after__6||Tabor__Olympia__after__2,27,42,1134,T_PC_pairwise,4.8447309364507225,1.0526319010378218,0.5992740734126629
Tabor-Lola,Non-partner,after,Tabor,Olympia,2,Tabor__Olympia__after__2,Lola,Odin,6,Lola__Odin__after__6,Lola__Odin__after__6||Tabor__Olympia__after__2,27,42,1134,M_PC_pairwise,19.745949280955806,2.109198609310024,0.954359391139309
Tabor-Lola,Non-partner,after,Tabor,Olympia,2,Tabor__Olympia__after__2,Lola,Odin,6,Lola__Odin__after__6,Lola__Odin__after__6||Tabor__Olympia__after__2,27,42,1134,spectro_DTW,0.014157688140465075,1.256254127084884,0.7186915705731455
Tabor-Lola,Non-partner,after,Tabor,Olympia,2,Tabor__Olympia__after__2,Lola,Odin,6,Lola__Odin__after__6,Lola__Odin__after__6||Tabor__Olympia__after__2,27,42,1134,chatter_cosine,1.0278034882991192,1.024374860148122,0.6963001810313855
Tabor-Lola,Non-partner,after,Tabor,Olympia,2,Tabor__Olympia__after__2,Lola,Wuschel,2,Lola__Wuschel__after__2,Lola__Wuschel__after__2||Tabor__Olympia__after__2,27,68,1836,T_PC_pairwise,4.717412545075863,0.9083501732544043,0.5686739200195116
Tabor-Lola,Non-partner,after,Tabor,Olympia,2,Tabor__Olympia__after__2,Lola,Wuschel,2,Lola__Wuschel__after__2,Lola__Wuschel__after__2||Tabor__Olympia__after__2,27,68,1836,M_PC_pairwise,19.795882492543306,2.125286903262714,0.9579368079435676
Tabor-Lola,Non-partner,after,Tabor,Olympia,2,Tabor__Olympia__after__2,Lola,Wuschel,2,Lola__Wuschel__after__2,Lola__Wuschel__after__2||Tabor__Olympia__after__2,27,68,1836,spectro_DTW,0.013848744145232357,1.167546626568608,0.7001845130997204
Tabor-Lola,Non-partner,after,Tabor,Olympia,2,Tabor__Olympia__after__2,Lola,Wuschel,2,Lola__Wuschel__after__2,Lola__Wuschel__after__2||Tabor__Olympia__after__2,27,68,1836,chatter_cosine,1.0317402383016345,1.0928524610431511,0.7069916585521996
Tabor-Lola,Non-partner,after,Tabor,Olympia,2,Tabor__Olympia__after__2,Lola,Wuschel,3,Lola__Wuschel__after__3,Lola__Wuschel__after__3||Tabor__Olympia__after__2,27,71,1917,T_PC_pairwise,4.798853824271718,1.000642326401965,0.5882478056853315
Tabor-Lola,Non-partner,after,Tabor,Olympia,2,Tabor__Olympia__after__2,Lola,Wuschel,3,Lola__Wuschel__after__3,Lola__Wuschel__after__3||Tabor__Olympia__after__2,27,71,1917,M_PC_pairwise,20.21352583975237,2.259850027156929,0.9878584629101089
Tabor-Lola,Non-partner,after,Tabor,Olympia,2,Tabor__Olympia__after__2,Lola,Wuschel,3,Lola__Wuschel__after__3,Lola__Wuschel__after__3||Tabor__Olympia__after__2,27,71,1917,spectro_DTW,0.014328496843886386,1.3052986574228722,0.7289237373734686
Tabor-Lola,Non-partner,after,Tabor,Olympia,2,Tabor__Olympia__after__2,Lola,Wuschel,3,Lola__Wuschel__after__3,Lola__Wuschel__after__3||Tabor__Olympia__after__2,27,71,1917,chatter_cosine,1.0385408617894227,1.211145565948612,0.7254608814138879
Tabor-Lola,Non-partner,after,Tabor,Olympia,2,Tabor__Olympia__after__2,Lola,Wuschel,4,Lola__Wuschel__after__4,Lola__Wuschel__after__4||Tabor__Olympia__after__2,27,26,702,T_PC_pairwise,4.945554682841668,1.1668889551349977,0.6235064099346616
Tabor-Lola,Non-partner,after,Tabor,Olympia,2,Tabor__Olympia__after__2,Lola,Wuschel,4,Lola__Wuschel__after__4,Lola__Wuschel__after__4||Tabor__Olympia__after__2,27,26,702,M_PC_pairwise,17.87935424122715,1.507788671213727,0.8206289890767572
Tabor-Lola,Non-partner,after,Tabor,Olympia,2,Tabor__Olympia__after__2,Lola,Wuschel,4,Lola__Wuschel__after__4,Lola__Wuschel__after__4||Tabor__Olympia__after__2,27,26,702,spectro_DTW,0.011534188960465281,0.5029653159883055,0.5615328270631256
Tabor-Lola,Non-partner,after,Tabor,Olympia,2,Tabor__Olympia__after__2,Lola,Wuschel,4,Lola__Wuschel__after__4,Lola__Wuschel__after__4||Tabor__Olympia__after__2,27,26,702,chatter_cosine,1.015703339437474,0.813899426354063,0.663438437341762
Tabor-Lola,Non-partner,after,Tabor,Olympia,2,Tabor__Olympia__after__2,Lola,Wuschel,5,Lola__Wuschel__after__5,Lola__Wuschel__after__5||Tabor__Olympia__after__2,27,71,1917,T_PC_pairwise,4.802742949362901,1.0050496212292268,0.5891825317926145
Tabor-Lola,Non-partner,after,Tabor,Olympia,2,Tabor__Olympia__after__2,Lola,Wuschel,5,Lola__Wuschel__after__5,Lola__Wuschel__after__5||Tabor__Olympia__after__2,27,71,1917,M_PC_pairwise,20.248951537819288,2.271264054531897,0.990396502894681
Tabor-Lola,Non-partner,after,Tabor,Olympia,2,Tabor__Olympia__after__2,Lola,Wuschel,5,Lola__Wuschel__after__5,Lola__Wuschel__after__5||Tabor__Olympia__after__2,27,71,1917,spectro_DTW,0.015169648911724285,1.546819770127428,0.7793123188108257
Tabor-Lola,Non-partner,after,Tabor,Olympia,2,Tabor__Olympia__after__2,Lola,Wuschel,5,Lola__Wuschel__after__5,Lola__Wuschel__after__5||Tabor__Olympia__after__2,27,71,1917,chatter_cosine,1.0304570086436404,1.0705313869793576,0.7035066465413481
Tabor-Lola,Non-partner,after,Tabor,Olympia,2,Tabor__Olympia__after__2,Lola,Wuschel,6,Lola__Wuschel__after__6,Lola__Wuschel__after__6||Tabor__Olympia__after__2,27,66,1782,T_PC_pairwise,5.367462808970784,1.6450102441838408,0.7249093041901831
Tabor-Lola,Non-partner,after,Tabor,Olympia,2,Tabor__Olympia__after__2,Lola,Wuschel,6,Lola__Wuschel__after__6,Lola__Wuschel__after__6||Tabor__Olympia__after__2,27,66,1782,M_PC_pairwise,20.382996151342937,2.3144527274928617,1
Tabor-Lola,Non-partner,after,Tabor,Olympia,2,Tabor__Olympia__after__2,Lola,Wuschel,6,Lola__Wuschel__after__6,Lola__Wuschel__after__6||Tabor__Olympia__after__2,27,66,1782,spectro_DTW,0.014959452886241002,1.486465905586277,0.7667206841316201
Tabor-Lola,Non-partner,after,Tabor,Olympia,2,Tabor__Olympia__after__2,Lola,Wuschel,6,Lola__Wuschel__after__6,Lola__Wuschel__after__6||Tabor__Olympia__after__2,27,66,1782,chatter_cosine,1.0044664771000276,0.618440386800018,0.6329212185677661
Tabor-Lola,Non-partner,after,Tabor,Olympia,3,Tabor__Olympia__after__3,Lola,Odin,2,Lola__Odin__after__2,Lola__Odin__after__2||Tabor__Olympia__after__3,42,12,504,T_PC_pairwise,3.931204614894731,0.017391393940472514,0.379713919797539
Tabor-Lola,Non-partner,after,Tabor,Olympia,3,Tabor__Olympia__after__3,Lola,Odin,2,Lola__Odin__after__2,Lola__Odin__after__2||Tabor__Olympia__after__3,42,12,504,M_PC_pairwise,13.682850298900453,0.15569080185345502,0.5199745099209492
Tabor-Lola,Non-partner,after,Tabor,Olympia,3,Tabor__Olympia__after__3,Lola,Odin,2,Lola__Odin__after__2,Lola__Odin__after__2||Tabor__Olympia__after__3,42,12,504,spectro_DTW,0.009199991485700824,-0.16725591146033084,0.4217044844301874
Tabor-Lola,Non-partner,after,Tabor,Olympia,3,Tabor__Olympia__after__3,Lola,Odin,2,Lola__Odin__after__2,Lola__Odin__after__2||Tabor__Olympia__after__3,42,12,504,chatter_cosine,0.9850480846232839,0.28066813070149177,0.5801844924554147
Tabor-Lola,Non-partner,after,Tabor,Olympia,3,Tabor__Olympia__after__3,Lola,Odin,3,Lola__Odin__after__3,Lola__Odin__after__3||Tabor__Olympia__after__3,42,75,3150,T_PC_pairwise,5.114831152378566,1.3587190688689308,0.6641909165306428
Tabor-Lola,Non-partner,after,Tabor,Olympia,3,Tabor__Olympia__after__3,Lola,Odin,3,Lola__Odin__after__3,Lola__Odin__after__3||Tabor__Olympia__after__3,42,75,3150,M_PC_pairwise,17.98499250374143,1.541824924159384,0.8281973405501853
Tabor-Lola,Non-partner,after,Tabor,Olympia,3,Tabor__Olympia__after__3,Lola,Odin,3,Lola__Odin__after__3,Lola__Odin__after__3||Tabor__Olympia__after__3,42,75,3150,spectro_DTW,0.01419736116566503,1.2676454956102903,0.7210681532834426
Tabor-Lola,Non-partner,after,Tabor,Olympia,3,Tabor__Olympia__after__3,Lola,Odin,3,Lola__Odin__after__3,Lola__Odin__after__3||Tabor__Olympia__after__3,42,75,3150,chatter_cosine,0.9947826603291526,0.4499957206279562,0.6066217814037755
Tabor-Lola,Non-partner,after,Tabor,Olympia,3,Tabor__Olympia__after__3,Lola,Odin,4,Lola__Odin__after__4,Lola__Odin__after__4||Tabor__Olympia__after__3,42,45,1890,T_PC_pairwise,4.76084976536887,0.9575747756571448,0.5791137754841054
Tabor-Lola,Non-partner,after,Tabor,Olympia,3,Tabor__Olympia__after__3,Lola,Odin,4,Lola__Odin__after__4,Lola__Odin__after__4||Tabor__Olympia__after__3,42,45,1890,M_PC_pairwise,17.476823569353297,1.378094794769746,0.7917900671646829
Tabor-Lola,Non-partner,after,Tabor,Olympia,3,Tabor__Olympia__after__3,Lola,Odin,4,Lola__Odin__after__4,Lola__Odin__after__4||Tabor__Olympia__after__3,42,45,1890,spectro_DTW,0.013657231908106792,1.1125574630443509,0.6887121166976568
Tabor-Lola,Non-partner,after,Tabor,Olympia,3,Tabor__Olympia__after__3,Lola,Odin,4,Lola__Odin__after__4,Lola__Odin__after__4||Tabor__Olympia__after__3,42,45,1890,chatter_cosine,1.0152144509017782,0.8053954791874567,0.6621107074157482
Tabor-Lola,Non-partner,after,Tabor,Olympia,3,Tabor__Olympia__after__3,Lola,Odin,5,Lola__Odin__after__5,Lola__Odin__after__5||Tabor__Olympia__after__3,42,17,714,T_PC_pairwise,4.467346042645078,0.6249659218367076,0.5085720506019101
Tabor-Lola,Non-partner,after,Tabor,Olympia,3,Tabor__Olympia__after__3,Lola,Odin,5,Lola__Odin__after__5,Lola__Odin__after__5||Tabor__Olympia__after__3,42,17,714,M_PC_pairwise,16.120112434488718,0.9409675431340212,0.6945898058940025
Tabor-Lola,Non-partner,after,Tabor,Olympia,3,Tabor__Olympia__after__3,Lola,Odin,5,Lola__Odin__after__5,Lola__Odin__after__5||Tabor__Olympia__after__3,42,17,714,spectro_DTW,0.011082222235698191,0.3731915087957901,0.534458100638877
Tabor-Lola,Non-partner,after,Tabor,Olympia,3,Tabor__Olympia__after__3,Lola,Odin,5,Lola__Odin__after__5,Lola__Odin__after__5||Tabor__Olympia__after__3,42,17,714,chatter_cosine,0.9899164638599428,0.3653509096843,0.5934061009238926
Tabor-Lola,Non-partner,after,Tabor,Olympia,3,Tabor__Olympia__after__3,Lola,Odin,6,Lola__Odin__after__6,Lola__Odin__after__6||Tabor__Olympia__after__3,42,42,1764,T_PC_pairwise,4.642678026304224,0.8236583594716897,0.5507119609224767
Tabor-Lola,Non-partner,after,Tabor,Olympia,3,Tabor__Olympia__after__3,Lola,Odin,6,Lola__Odin__after__6,Lola__Odin__after__6||Tabor__Olympia__after__3,42,42,1764,M_PC_pairwise,17.98017924983485,1.5402741117590582,0.8278524996144409
Tabor-Lola,Non-partner,after,Tabor,Olympia,3,Tabor__Olympia__after__3,Lola,Odin,6,Lola__Odin__after__6,Lola__Odin__after__6||Tabor__Olympia__after__3,42,42,1764,spectro_DTW,0.014121639004487718,1.245903290694897,0.7165320742188055
Tabor-Lola,Non-partner,after,Tabor,Olympia,3,Tabor__Olympia__after__3,Lola,Odin,6,Lola__Odin__after__6,Lola__Odin__after__6||Tabor__Olympia__after__3,42,42,1764,chatter_cosine,1.030739753086821,1.0754495710456646,0.704274527625102
Tabor-Lola,Non-partner,after,Tabor,Olympia,3,Tabor__Olympia__after__3,Lola,Wuschel,2,Lola__Wuschel__after__2,Lola__Wuschel__after__2||Tabor__Olympia__after__3,42,68,2856,T_PC_pairwise,4.676723537157898,0.8622399428249894,0.5588945796566648
Tabor-Lola,Non-partner,after,Tabor,Olympia,3,Tabor__Olympia__after__3,Lola,Wuschel,2,Lola__Wuschel__after__2,Lola__Wuschel__after__2||Tabor__Olympia__after__3,42,68,2856,M_PC_pairwise,18.034961834341203,1.5579248555226919,0.8317773450662562
Tabor-Lola,Non-partner,after,Tabor,Olympia,3,Tabor__Olympia__after__3,Lola,Wuschel,2,Lola__Wuschel__after__2,Lola__Wuschel__after__2||Tabor__Olympia__after__3,42,68,2856,spectro_DTW,0.013800986552939043,1.1538339255341565,0.6973236304834425
Tabor-Lola,Non-partner,after,Tabor,Olympia,3,Tabor__Olympia__after__3,Lola,Wuschel,2,Lola__Wuschel__after__2,Lola__Wuschel__after__2||Tabor__Olympia__after__3,42,68,2856,chatter_cosine,1.0079155795130075,0.67843562610432,0.642288336340497
Tabor-Lola,Non-partner,after,Tabor,Olympia,3,Tabor__Olympia__after__3,Lola,Wuschel,3,Lola__Wuschel__after__3,Lola__Wuschel__after__3||Tabor__Olympia__after__3,42,71,2982,T_PC_pairwise,4.679361631372965,0.8652295249842914,0.5595286285695902
Tabor-Lola,Non-partner,after,Tabor,Olympia,3,Tabor__Olympia__after__3,Lola,Wuschel,3,Lola__Wuschel__after__3,Lola__Wuschel__after__3||Tabor__Olympia__after__3,42,71,2982,M_PC_pairwise,18.556161600019532,1.7258534700002996,0.8691181997966979
Tabor-Lola,Non-partner,after,Tabor,Olympia,3,Tabor__Olympia__after__3,Lola,Wuschel,3,Lola__Wuschel__after__3,Lola__Wuschel__after__3||Tabor__Olympia__after__3,42,71,2982,spectro_DTW,0.014351382621736993,1.3118698812751723,0.7302946926680881
Tabor-Lola,Non-partner,after,Tabor,Olympia,3,Tabor__Olympia__after__3,Lola,Wuschel,3,Lola__Wuschel__after__3,Lola__Wuschel__after__3||Tabor__Olympia__after__3,42,71,2982,chatter_cosine,1.0202980265371118,0.8938214811570111,0.6759167490988116
Tabor-Lola,Non-partner,after,Tabor,Olympia,3,Tabor__Olympia__after__3,Lola,Wuschel,4,Lola__Wuschel__after__4,Lola__Wuschel__after__4||Tabor__Olympia__after__3,42,26,1092,T_PC_pairwise,4.9318860822763195,1.151399211000991,0.6202212500339375
Tabor-Lola,Non-partner,after,Tabor,Olympia,3,Tabor__Olympia__after__3,Lola,Wuschel,4,Lola__Wuschel__after__4,Lola__Wuschel__after__4||Tabor__Olympia__after__3,42,26,1092,M_PC_pairwise,15.679460506954472,0.798991140743651,0.6630197233723221
Tabor-Lola,Non-partner,after,Tabor,Olympia,3,Tabor__Olympia__after__3,Lola,Wuschel,4,Lola__Wuschel__after__4,Lola__Wuschel__after__4||Tabor__Olympia__after__3,42,26,1092,spectro_DTW,0.01121509547115921,0.41134357773106406,0.5424177717873796
Tabor-Lola,Non-partner,after,Tabor,Olympia,3,Tabor__Olympia__after__3,Lola,Wuschel,4,Lola__Wuschel__after__4,Lola__Wuschel__after__4||Tabor__Olympia__after__3,42,26,1092,chatter_cosine,0.9778055262107116,0.15468781086452638,0.5605150569028081
Tabor-Lola,Non-partner,after,Tabor,Olympia,3,Tabor__Olympia__after__3,Lola,Wuschel,5,Lola__Wuschel__after__5,Lola__Wuschel__after__5||Tabor__Olympia__after__3,42,71,2982,T_PC_pairwise,4.646575887558206,0.8280755544292412,0.5516487867100873
Tabor-Lola,Non-partner,after,Tabor,Olympia,3,Tabor__Olympia__after__3,Lola,Wuschel,5,Lola__Wuschel__after__5,Lola__Wuschel__after__5||Tabor__Olympia__after__3,42,71,2982,M_PC_pairwise,18.80030173283148,1.8045145073630684,0.8866093842398391
Tabor-Lola,Non-partner,after,Tabor,Olympia,3,Tabor__Olympia__after__3,Lola,Wuschel,5,Lola__Wuschel__after__5,Lola__Wuschel__after__5||Tabor__Olympia__after__3,42,71,2982,spectro_DTW,0.015349778215076692,1.598540536728163,0.790102829133837
Tabor-Lola,Non-partner,after,Tabor,Olympia,3,Tabor__Olympia__after__3,Lola,Wuschel,5,Lola__Wuschel__after__5,Lola__Wuschel__after__5||Tabor__Olympia__after__3,42,71,2982,chatter_cosine,1.0238301466168531,0.9552607671109845,0.6855093273446342
Tabor-Lola,Non-partner,after,Tabor,Olympia,3,Tabor__Olympia__after__3,Lola,Wuschel,6,Lola__Wuschel__after__6,Lola__Wuschel__after__6||Tabor__Olympia__after__3,42,66,2772,T_PC_pairwise,5.208676332433158,1.465067763477839,0.6867459996876661
Tabor-Lola,Non-partner,after,Tabor,Olympia,3,Tabor__Olympia__after__3,Lola,Wuschel,6,Lola__Wuschel__after__6,Lola__Wuschel__after__6||Tabor__Olympia__after__3,42,66,2772,M_PC_pairwise,19.209742731518215,1.9364348652517684,0.9159433898542705
Tabor-Lola,Non-partner,after,Tabor,Olympia,3,Tabor__Olympia__after__3,Lola,Wuschel,6,Lola__Wuschel__after__6,Lola__Wuschel__after__6||Tabor__Olympia__after__3,42,66,2772,spectro_DTW,0.015548596159715614,1.6556273977736964,0.8020128684450367
Tabor-Lola,Non-partner,after,Tabor,Olympia,3,Tabor__Olympia__after__3,Lola,Wuschel,6,Lola__Wuschel__after__6,Lola__Wuschel__after__6||Tabor__Olympia__after__3,42,66,2772,chatter_cosine,1.0218936929111013,0.9215772200405723,0.6802502808591032
Tabor-Lola,Non-partner,after,Tabor,Olympia,4,Tabor__Olympia__after__4,Lola,Odin,2,Lola__Odin__after__2,Lola__Odin__after__2||Tabor__Olympia__after__4,66,12,792,T_PC_pairwise,3.283333978493406,-0.7167986456187557,0.22400239502317112
Tabor-Lola,Non-partner,after,Tabor,Olympia,4,Tabor__Olympia__after__4,Lola,Odin,2,Lola__Odin__after__2,Lola__Odin__after__2||Tabor__Olympia__after__4,66,12,792,M_PC_pairwise,11.585482521490617,-0.5200732489074337,0.3697106175520764
Tabor-Lola,Non-partner,after,Tabor,Olympia,4,Tabor__Olympia__after__4,Lola,Odin,2,Lola__Odin__after__2,Lola__Odin__after__2||Tabor__Olympia__after__4,66,12,792,spectro_DTW,0.009101820441146352,-0.19544389413641214,0.41582362190548544
Tabor-Lola,Non-partner,after,Tabor,Olympia,4,Tabor__Olympia__after__4,Lola,Odin,2,Lola__Odin__after__2,Lola__Odin__after__2||Tabor__Olympia__after__4,66,12,792,chatter_cosine,0.972964196042581,0.07047553555050155,0.5473669086509925
Tabor-Lola,Non-partner,after,Tabor,Olympia,4,Tabor__Olympia__after__4,Lola,Odin,3,Lola__Odin__after__3,Lola__Odin__after__3||Tabor__Olympia__after__4,66,75,4950,T_PC_pairwise,4.627221017070491,0.806141927049598,0.5469969685443609
Tabor-Lola,Non-partner,after,Tabor,Olympia,4,Tabor__Olympia__after__4,Lola,Odin,3,Lola__Odin__after__3,Lola__Odin__after__3||Tabor__Olympia__after__4,66,75,4950,M_PC_pairwise,17.548730318835286,1.4012628804199445,0.7969417569070041
Tabor-Lola,Non-partner,after,Tabor,Olympia,4,Tabor__Olympia__after__4,Lola,Odin,3,Lola__Odin__after__3,Lola__Odin__after__3||Tabor__Olympia__after__4,66,75,4950,spectro_DTW,0.015005122129135117,1.499578976078409,0.769456465749167
Tabor-Lola,Non-partner,after,Tabor,Olympia,4,Tabor__Olympia__after__4,Lola,Odin,3,Lola__Odin__after__3,Lola__Odin__after__3||Tabor__Olympia__after__4,66,75,4950,chatter_cosine,0.9798419989540119,0.19011113407789326,0.5660457364081957
Tabor-Lola,Non-partner,after,Tabor,Olympia,4,Tabor__Olympia__after__4,Lola,Odin,4,Lola__Odin__after__4,Lola__Odin__after__4||Tabor__Olympia__after__4,66,45,2970,T_PC_pairwise,4.265253391851881,0.39594734475679894,0.4600003867038577
Tabor-Lola,Non-partner,after,Tabor,Olympia,4,Tabor__Olympia__after__4,Lola,Odin,4,Lola__Odin__after__4,Lola__Odin__after__4||Tabor__Olympia__after__4,66,45,2970,M_PC_pairwise,16.637684941372086,1.1077274683989686,0.7316707891650701
Tabor-Lola,Non-partner,after,Tabor,Olympia,4,Tabor__Olympia__after__4,Lola,Odin,4,Lola__Odin__after__4,Lola__Odin__after__4||Tabor__Olympia__after__4,66,45,2970,spectro_DTW,0.01423914625453653,1.2796433037885948,0.7235712575781045
Tabor-Lola,Non-partner,after,Tabor,Olympia,4,Tabor__Olympia__after__4,Lola,Odin,4,Lola__Odin__after__4,Lola__Odin__after__4||Tabor__Olympia__after__4,66,45,2970,chatter_cosine,1.0361054487902708,1.168782896420718,0.7188467547058941
Tabor-Lola,Non-partner,after,Tabor,Olympia,4,Tabor__Olympia__after__4,Lola,Odin,5,Lola__Odin__after__5,Lola__Odin__after__5||Tabor__Olympia__after__4,66,17,1122,T_PC_pairwise,3.854018303268521,-0.07007887867607188,0.3611626881168033
Tabor-Lola,Non-partner,after,Tabor,Olympia,4,Tabor__Olympia__after__4,Lola,Odin,5,Lola__Odin__after__5,Lola__Odin__after__5||Tabor__Olympia__after__4,66,17,1122,M_PC_pairwise,14.89315898958162,0.5456477337253964,0.6066859092227077
Tabor-Lola,Non-partner,after,Tabor,Olympia,4,Tabor__Olympia__after__4,Lola,Odin,5,Lola__Odin__after__5,Lola__Odin__after__5||Tabor__Olympia__after__4,66,17,1122,spectro_DTW,0.011836711593709368,0.5898290422907709,0.5796552176803724
Tabor-Lola,Non-partner,after,Tabor,Olympia,4,Tabor__Olympia__after__4,Lola,Odin,5,Lola__Odin__after__5,Lola__Odin__after__5||Tabor__Olympia__after__4,66,17,1122,chatter_cosine,1.0567235393638916,1.5274232410237183,0.7748416367149445
Tabor-Lola,Non-partner,after,Tabor,Olympia,4,Tabor__Olympia__after__4,Lola,Odin,6,Lola__Odin__after__6,Lola__Odin__after__6||Tabor__Olympia__after__4,66,42,2772,T_PC_pairwise,4.242911824674318,0.3706290864992204,0.45463073527098674
Tabor-Lola,Non-partner,after,Tabor,Olympia,4,Tabor__Olympia__after__4,Lola,Odin,6,Lola__Odin__after__6,Lola__Odin__after__6||Tabor__Olympia__after__4,66,42,2772,M_PC_pairwise,17.31208770177065,1.3250175145796512,0.7799877247513264
Tabor-Lola,Non-partner,after,Tabor,Olympia,4,Tabor__Olympia__after__4,Lola,Odin,6,Lola__Odin__after__6,Lola__Odin__after__6||Tabor__Olympia__after__4,66,42,2772,spectro_DTW,0.014530043580507508,1.3631690401419292,0.7409972429142337
Tabor-Lola,Non-partner,after,Tabor,Olympia,4,Tabor__Olympia__after__4,Lola,Odin,6,Lola__Odin__after__6,Lola__Odin__after__6||Tabor__Olympia__after__4,66,42,2772,chatter_cosine,1.086634109611119,2.0477011582457108,0.8560731574436257
Tabor-Lola,Non-partner,after,Tabor,Olympia,4,Tabor__Olympia__after__4,Lola,Wuschel,2,Lola__Wuschel__after__2,Lola__Wuschel__after__2||Tabor__Olympia__after__4,66,68,4488,T_PC_pairwise,4.183180132014229,0.30293900867651685,0.44027460857087986
Tabor-Lola,Non-partner,after,Tabor,Olympia,4,Tabor__Olympia__after__4,Lola,Wuschel,2,Lola__Wuschel__after__2,Lola__Wuschel__after__2||Tabor__Olympia__after__4,66,68,4488,M_PC_pairwise,17.362200158218226,1.3411635605556282,0.7835779833807774
Tabor-Lola,Non-partner,after,Tabor,Olympia,4,Tabor__Olympia__after__4,Lola,Wuschel,2,Lola__Wuschel__after__2,Lola__Wuschel__after__2||Tabor__Olympia__after__4,66,68,4488,spectro_DTW,0.014463759057614753,1.3441366768674756,0.737026518466747
Tabor-Lola,Non-partner,after,Tabor,Olympia,4,Tabor__Olympia__after__4,Lola,Wuschel,2,Lola__Wuschel__after__2,Lola__Wuschel__after__2||Tabor__Olympia__after__4,66,68,4488,chatter_cosine,1.0297969353921486,1.0590497758411692,0.7017140109089338
Tabor-Lola,Non-partner,after,Tabor,Olympia,4,Tabor__Olympia__after__4,Lola,Wuschel,3,Lola__Wuschel__after__3,Lola__Wuschel__after__3||Tabor__Olympia__after__4,66,71,4686,T_PC_pairwise,4.248750427811766,0.37724559916024236,0.4560340058407634
Tabor-Lola,Non-partner,after,Tabor,Olympia,4,Tabor__Olympia__after__4,Lola,Wuschel,3,Lola__Wuschel__after__3,Lola__Wuschel__after__3||Tabor__Olympia__after__4,66,71,4686,M_PC_pairwise,17.869410143924277,1.504584720267723,0.8199165538124613
Tabor-Lola,Non-partner,after,Tabor,Olympia,4,Tabor__Olympia__after__4,Lola,Wuschel,3,Lola__Wuschel__after__3,Lola__Wuschel__after__3||Tabor__Olympia__after__4,66,71,4686,spectro_DTW,0.014899933788130626,1.4693761077335061,0.7631552373629739
Tabor-Lola,Non-partner,after,Tabor,Olympia,4,Tabor__Olympia__after__4,Lola,Wuschel,3,Lola__Wuschel__after__3,Lola__Wuschel__after__3||Tabor__Olympia__after__4,66,71,4686,chatter_cosine,1.0346685790743422,1.1437893380584534,0.7149444850016016
Tabor-Lola,Non-partner,after,Tabor,Olympia,4,Tabor__Olympia__after__4,Lola,Wuschel,4,Lola__Wuschel__after__4,Lola__Wuschel__after__4||Tabor__Olympia__after__4,66,26,1716,T_PC_pairwise,4.380025271560762,0.526010919441719,0.48758506701898746
Tabor-Lola,Non-partner,after,Tabor,Olympia,4,Tabor__Olympia__after__4,Lola,Wuschel,4,Lola__Wuschel__after__4,Lola__Wuschel__after__4||Tabor__Olympia__after__4,66,26,1716,M_PC_pairwise,14.173247257937918,0.31369486727741963,0.5551085272661718
Tabor-Lola,Non-partner,after,Tabor,Olympia,4,Tabor__Olympia__after__4,Lola,Wuschel,4,Lola__Wuschel__after__4,Lola__Wuschel__after__4||Tabor__Olympia__after__4,66,26,1716,spectro_DTW,0.011598733725204808,0.5214981401888262,0.5653993326080652
Tabor-Lola,Non-partner,after,Tabor,Olympia,4,Tabor__Olympia__after__4,Lola,Wuschel,4,Lola__Wuschel__after__4,Lola__Wuschel__after__4||Tabor__Olympia__after__4,66,26,1716,chatter_cosine,1.0192501518033046,0.8755942765431074,0.6730709170917067
Tabor-Lola,Non-partner,after,Tabor,Olympia,4,Tabor__Olympia__after__4,Lola,Wuschel,5,Lola__Wuschel__after__5,Lola__Wuschel__after__5||Tabor__Olympia__after__4,66,71,4686,T_PC_pairwise,4.257532943277037,0.38719825793899726,0.45814482673248963
Tabor-Lola,Non-partner,after,Tabor,Olympia,4,Tabor__Olympia__after__4,Lola,Wuschel,5,Lola__Wuschel__after__5,Lola__Wuschel__after__5||Tabor__Olympia__after__4,66,71,4686,M_PC_pairwise,18.189119843962455,1.6075939894537683,0.8428218470439373
Tabor-Lola,Non-partner,after,Tabor,Olympia,4,Tabor__Olympia__after__4,Lola,Wuschel,5,Lola__Wuschel__after__5,Lola__Wuschel__after__5||Tabor__Olympia__after__4,66,71,4686,spectro_DTW,0.015810531271428604,1.7308371750021168,0.8177038941376666
Tabor-Lola,Non-partner,after,Tabor,Olympia,4,Tabor__Olympia__after__4,Lola,Wuschel,5,Lola__Wuschel__after__5,Lola__Wuschel__after__5||Tabor__Olympia__after__4,66,71,4686,chatter_cosine,1.0355865584763513,1.1597570848243066,0.7174375455553272
Tabor-Lola,Non-partner,after,Tabor,Olympia,4,Tabor__Olympia__after__4,Lola,Wuschel,6,Lola__Wuschel__after__6,Lola__Wuschel__after__6||Tabor__Olympia__after__4,66,66,4356,T_PC_pairwise,4.786139107084362,0.9862335568262648,0.5851919054961902
Tabor-Lola,Non-partner,after,Tabor,Olympia,4,Tabor__Olympia__after__4,Lola,Wuschel,6,Lola__Wuschel__after__6,Lola__Wuschel__after__6||Tabor__Olympia__after__4,66,66,4356,M_PC_pairwise,18.959125165440163,1.8556868231254182,0.8979881359495842
Tabor-Lola,Non-partner,after,Tabor,Olympia,4,Tabor__Olympia__after__4,Lola,Wuschel,6,Lola__Wuschel__after__6,Lola__Wuschel__after__6||Tabor__Olympia__after__4,66,66,4356,spectro_DTW,0.016371034073456952,1.891775090506351,0.8512803925685247
Tabor-Lola,Non-partner,after,Tabor,Olympia,4,Tabor__Olympia__after__4,Lola,Wuschel,6,Lola__Wuschel__after__6,Lola__Wuschel__after__6||Tabor__Olympia__after__4,66,66,4356,chatter_cosine,1.0052613754601956,0.6322672065434403,0.6350800140065513
Tabor-Lola,Non-partner,after,Tabor,Olympia,5,Tabor__Olympia__after__5,Lola,Odin,2,Lola__Odin__after__2,Lola__Odin__after__2||Tabor__Olympia__after__5,34,12,408,T_PC_pairwise,3.0973881637933207,-0.927519053953424,0.17931151893533
Tabor-Lola,Non-partner,after,Tabor,Olympia,5,Tabor__Olympia__after__5,Lola,Odin,2,Lola__Odin__after__2,Lola__Odin__after__2||Tabor__Olympia__after__5,34,12,408,M_PC_pairwise,13.532373788894391,0.10720783332437975,0.5091937654339148
Tabor-Lola,Non-partner,after,Tabor,Olympia,5,Tabor__Olympia__after__5,Lola,Odin,2,Lola__Odin__after__2,Lola__Odin__after__2||Tabor__Olympia__after__5,34,12,408,spectro_DTW,0.010372652226828458,0.16945172780172418,0.4919518433941655
Tabor-Lola,Non-partner,after,Tabor,Olympia,5,Tabor__Olympia__after__5,Lola,Odin,2,Lola__Odin__after__2,Lola__Odin__after__2||Tabor__Olympia__after__5,34,12,408,chatter_cosine,1.0907062067851132,2.1185330487412686,0.8671322125958484
Tabor-Lola,Non-partner,after,Tabor,Olympia,5,Tabor__Olympia__after__5,Lola,Odin,3,Lola__Odin__after__3,Lola__Odin__after__3||Tabor__Olympia__after__5,34,75,2550,T_PC_pairwise,4.745259854559805,0.9399077344447043,0.5753668410703775
Tabor-Lola,Non-partner,after,Tabor,Olympia,5,Tabor__Olympia__after__5,Lola,Odin,3,Lola__Odin__after__3,Lola__Odin__after__3||Tabor__Olympia__after__5,34,75,2550,M_PC_pairwise,18.68391793681126,1.767016083725284,0.8782711793780001
Tabor-Lola,Non-partner,after,Tabor,Olympia,5,Tabor__Olympia__after__5,Lola,Odin,3,Lola__Odin__after__3,Lola__Odin__after__3||Tabor__Olympia__after__5,34,75,2550,spectro_DTW,0.014729594067378225,1.4204662370133982,0.7529511646163999
Tabor-Lola,Non-partner,after,Tabor,Olympia,5,Tabor__Olympia__after__5,Lola,Odin,3,Lola__Odin__after__3,Lola__Odin__after__3||Tabor__Olympia__after__5,34,75,2550,chatter_cosine,0.9849357406298319,0.2787139687299059,0.5798793871579427
Tabor-Lola,Non-partner,after,Tabor,Olympia,5,Tabor__Olympia__after__5,Lola,Odin,4,Lola__Odin__after__4,Lola__Odin__after__4||Tabor__Olympia__after__5,34,45,1530,T_PC_pairwise,4.352698138882132,0.4950428411015614,0.48101716710499115
Tabor-Lola,Non-partner,after,Tabor,Olympia,5,Tabor__Olympia__after__5,Lola,Odin,4,Lola__Odin__after__4,Lola__Odin__after__4||Tabor__Olympia__after__5,34,45,1530,M_PC_pairwise,18.2727452779907,1.6345377914203236,0.8488131106427511
Tabor-Lola,Non-partner,after,Tabor,Olympia,5,Tabor__Olympia__after__5,Lola,Odin,4,Lola__Odin__after__4,Lola__Odin__after__4||Tabor__Olympia__after__5,34,45,1530,spectro_DTW,0.014493096587582936,1.3525604008917553,0.7387839611153426
Tabor-Lola,Non-partner,after,Tabor,Olympia,5,Tabor__Olympia__after__5,Lola,Odin,4,Lola__Odin__after__4,Lola__Odin__after__4||Tabor__Olympia__after__5,34,45,1530,chatter_cosine,1.0685580583569272,1.7332781893623053,0.8069819793079064
Tabor-Lola,Non-partner,after,Tabor,Olympia,5,Tabor__Olympia__after__5,Lola,Odin,5,Lola__Odin__after__5,Lola__Odin__after__5||Tabor__Olympia__after__5,34,17,578,T_PC_pairwise,3.777332590319294,-0.15698185507357656,0.3427317720961907
Tabor-Lola,Non-partner,after,Tabor,Olympia,5,Tabor__Olympia__after__5,Lola,Odin,5,Lola__Odin__after__5,Lola__Odin__after__5||Tabor__Olympia__after__5,34,17,578,M_PC_pairwise,17.064156068650085,1.2451348700030167,0.7622249019239078
Tabor-Lola,Non-partner,after,Tabor,Olympia,5,Tabor__Olympia__after__5,Lola,Odin,5,Lola__Odin__after__5,Lola__Odin__after__5||Tabor__Olympia__after__5,34,17,578,spectro_DTW,0.012802756715333895,0.8672108637458271,0.6375254234901974
Tabor-Lola,Non-partner,after,Tabor,Olympia,5,Tabor__Olympia__after__5,Lola,Odin,5,Lola__Odin__after__5,Lola__Odin__after__5||Tabor__Olympia__after__5,34,17,578,chatter_cosine,1.1396299651131085,2.9695349144753758,1
Tabor-Lola,Non-partner,after,Tabor,Olympia,5,Tabor__Olympia__after__5,Lola,Odin,6,Lola__Odin__after__6,Lola__Odin__after__6||Tabor__Olympia__after__5,34,42,1428,T_PC_pairwise,4.485055872121779,0.6450353302548912,0.5128284937811053
Tabor-Lola,Non-partner,after,Tabor,Olympia,5,Tabor__Olympia__after__5,Lola,Odin,6,Lola__Odin__after__6,Lola__Odin__after__6||Tabor__Olympia__after__5,34,42,1428,M_PC_pairwise,18.96305843595029,1.8569541081677892,0.8982699313232698
Tabor-Lola,Non-partner,after,Tabor,Olympia,5,Tabor__Olympia__after__5,Lola,Odin,6,Lola__Odin__after__6,Lola__Odin__after__6||Tabor__Olympia__after__5,34,42,1428,spectro_DTW,0.014740949874569033,1.423726845045228,0.7536314256979565
Tabor-Lola,Non-partner,after,Tabor,Olympia,5,Tabor__Olympia__after__5,Lola,Odin,6,Lola__Odin__after__6,Lola__Odin__after__6||Tabor__Olympia__after__5,34,42,1428,chatter_cosine,1.1008858988765908,2.295603193360331,0.8947783544883491
Tabor-Lola,Non-partner,after,Tabor,Olympia,5,Tabor__Olympia__after__5,Lola,Wuschel,2,Lola__Wuschel__after__2,Lola__Wuschel__after__2||Tabor__Olympia__after__5,34,68,2312,T_PC_pairwise,4.295110588100542,0.4297825810883818,0.46717637106269594
Tabor-Lola,Non-partner,after,Tabor,Olympia,5,Tabor__Olympia__after__5,Lola,Wuschel,2,Lola__Wuschel__after__2,Lola__Wuschel__after__2||Tabor__Olympia__after__5,34,68,2312,M_PC_pairwise,18.95835087559215,1.8554373498333268,0.8979326626999055
Tabor-Lola,Non-partner,after,Tabor,Olympia,5,Tabor__Olympia__after__5,Lola,Wuschel,2,Lola__Wuschel__after__2,Lola__Wuschel__after__2||Tabor__Olympia__after__5,34,68,2312,spectro_DTW,0.014529445873264055,1.3629974196656445,0.7409614377117454
Tabor-Lola,Non-partner,after,Tabor,Olympia,5,Tabor__Olympia__after__5,Lola,Wuschel,2,Lola__Wuschel__after__2,Lola__Wuschel__after__2||Tabor__Olympia__after__5,34,68,2312,chatter_cosine,1.0301876483697792,1.0658460131764333,0.7027751143609586
Tabor-Lola,Non-partner,after,Tabor,Olympia,5,Tabor__Olympia__after__5,Lola,Wuschel,3,Lola__Wuschel__after__3,Lola__Wuschel__after__3||Tabor__Olympia__after__5,34,71,2414,T_PC_pairwise,4.455516875530929,0.611560689088808,0.5057289866557091
Tabor-Lola,Non-partner,after,Tabor,Olympia,5,Tabor__Olympia__after__5,Lola,Wuschel,3,Lola__Wuschel__after__3,Lola__Wuschel__after__3||Tabor__Olympia__after__5,34,71,2414,M_PC_pairwise,19.425950318797128,2.0060961409510023,0.9314333740020835
Tabor-Lola,Non-partner,after,Tabor,Olympia,5,Tabor__Olympia__after__5,Lola,Wuschel,3,Lola__Wuschel__after__3,Lola__Wuschel__after__3||Tabor__Olympia__after__5,34,71,2414,spectro_DTW,0.01505345234914753,1.5134560964719401,0.7723516511979059
Tabor-Lola,Non-partner,after,Tabor,Olympia,5,Tabor__Olympia__after__5,Lola,Wuschel,3,Lola__Wuschel__after__3,Lola__Wuschel__after__3||Tabor__Olympia__after__5,34,71,2414,chatter_cosine,1.0306902309538613,1.074588160782346,0.7041400347639899
Tabor-Lola,Non-partner,after,Tabor,Olympia,5,Tabor__Olympia__after__5,Lola,Wuschel,4,Lola__Wuschel__after__4,Lola__Wuschel__after__4||Tabor__Olympia__after__5,34,26,884,T_PC_pairwise,4.310107604208575,0.44677773294583806,0.4707808070627882
Tabor-Lola,Non-partner,after,Tabor,Olympia,5,Tabor__Olympia__after__5,Lola,Wuschel,4,Lola__Wuschel__after__4,Lola__Wuschel__after__4||Tabor__Olympia__after__5,34,26,884,M_PC_pairwise,15.83292387675376,0.8484364643230257,0.6740144585496514
Tabor-Lola,Non-partner,after,Tabor,Olympia,5,Tabor__Olympia__after__5,Lola,Wuschel,4,Lola__Wuschel__after__4,Lola__Wuschel__after__4||Tabor__Olympia__after__5,34,26,884,spectro_DTW,0.011932797656485144,0.6174183613738901,0.5854111809411146
Tabor-Lola,Non-partner,after,Tabor,Olympia,5,Tabor__Olympia__after__5,Lola,Wuschel,4,Lola__Wuschel__after__4,Lola__Wuschel__after__4||Tabor__Olympia__after__5,34,26,884,chatter_cosine,1.0703860332523536,1.7650748071955844,0.8119464176112218
Tabor-Lola,Non-partner,after,Tabor,Olympia,5,Tabor__Olympia__after__5,Lola,Wuschel,5,Lola__Wuschel__after__5,Lola__Wuschel__after__5||Tabor__Olympia__after__5,34,71,2414,T_PC_pairwise,4.5315591300827665,0.6977344755528743,0.5240052516047082
Tabor-Lola,Non-partner,after,Tabor,Olympia,5,Tabor__Olympia__after__5,Lola,Wuschel,5,Lola__Wuschel__after__5,Lola__Wuschel__after__5||Tabor__Olympia__after__5,34,71,2414,M_PC_pairwise,19.546554102419623,2.044954228805521,0.9400739158072551
Tabor-Lola,Non-partner,after,Tabor,Olympia,5,Tabor__Olympia__after__5,Lola,Wuschel,5,Lola__Wuschel__after__5,Lola__Wuschel__after__5||Tabor__Olympia__after__5,34,71,2414,spectro_DTW,0.015760551000750054,1.7164862733648105,0.8147098636458666
Tabor-Lola,Non-partner,after,Tabor,Olympia,5,Tabor__Olympia__after__5,Lola,Wuschel,5,Lola__Wuschel__after__5,Lola__Wuschel__after__5||Tabor__Olympia__after__5,34,71,2414,chatter_cosine,1.0239164073702316,0.9567612254685083,0.6857435954350858
Tabor-Lola,Non-partner,after,Tabor,Olympia,5,Tabor__Olympia__after__5,Lola,Wuschel,6,Lola__Wuschel__after__6,Lola__Wuschel__after__6||Tabor__Olympia__after__5,34,66,2244,T_PC_pairwise,5.004647235075633,1.2338547363028225,0.6377089233596717
Tabor-Lola,Non-partner,after,Tabor,Olympia,5,Tabor__Olympia__after__5,Lola,Wuschel,6,Lola__Wuschel__after__6,Lola__Wuschel__after__6||Tabor__Olympia__after__5,34,66,2244,M_PC_pairwise,20.064324960776617,2.2117780621731553,0.9771691097784224
Tabor-Lola,Non-partner,after,Tabor,Olympia,5,Tabor__Olympia__after__5,Lola,Wuschel,6,Lola__Wuschel__after__6,Lola__Wuschel__after__6||Tabor__Olympia__after__5,34,66,2244,spectro_DTW,0.015981673504767105,1.7799774722291135,0.8279560407966107
Tabor-Lola,Non-partner,after,Tabor,Olympia,5,Tabor__Olympia__after__5,Lola,Wuschel,6,Lola__Wuschel__after__6,Lola__Wuschel__after__6||Tabor__Olympia__after__5,34,66,2244,chatter_cosine,0.9793249546897178,0.1811174334993009,0.5646415407835219
Tabor-Lola,Non-partner,after,Tabor,Olympia,6,Tabor__Olympia__after__6,Lola,Odin,2,Lola__Odin__after__2,Lola__Odin__after__2||Tabor__Olympia__after__6,46,12,552,T_PC_pairwise,3.551488551972569,-0.4129163489858534,0.28845161553977383
Tabor-Lola,Non-partner,after,Tabor,Olympia,6,Tabor__Olympia__after__6,Lola,Odin,2,Lola__Odin__after__2,Lola__Odin__after__2||Tabor__Olympia__after__6,46,12,552,M_PC_pairwise,13.484746121841928,0.09186237719488262,0.505781527145125
Tabor-Lola,Non-partner,after,Tabor,Olympia,6,Tabor__Olympia__after__6,Lola,Odin,2,Lola__Odin__after__2,Lola__Odin__after__2||Tabor__Olympia__after__6,46,12,552,spectro_DTW,0.010552060729621546,0.22096552997856825,0.5026991747022613
Tabor-Lola,Non-partner,after,Tabor,Olympia,6,Tabor__Olympia__after__6,Lola,Odin,2,Lola__Odin__after__2,Lola__Odin__after__2||Tabor__Olympia__after__6,46,12,552,chatter_cosine,1.0518998365471328,1.4435175837909286,0.7617413610562126
Tabor-Lola,Non-partner,after,Tabor,Olympia,6,Tabor__Olympia__after__6,Lola,Odin,3,Lola__Odin__after__3,Lola__Odin__after__3||Tabor__Olympia__after__6,46,75,3450,T_PC_pairwise,5.018593901793162,1.2496595948868423,0.6410609146648635
Tabor-Lola,Non-partner,after,Tabor,Olympia,6,Tabor__Olympia__after__6,Lola,Odin,3,Lola__Odin__after__3,Lola__Odin__after__3||Tabor__Olympia__after__6,46,75,3450,M_PC_pairwise,18.241600498531177,1.62450306000397,0.8465817729446304
Tabor-Lola,Non-partner,after,Tabor,Olympia,6,Tabor__Olympia__after__6,Lola,Odin,3,Lola__Odin__after__3,Lola__Odin__after__3||Tabor__Olympia__after__6,46,75,3450,spectro_DTW,0.014899479511558362,1.4692456706967278,0.7631280242668741
Tabor-Lola,Non-partner,after,Tabor,Olympia,6,Tabor__Olympia__after__6,Lola,Odin,3,Lola__Odin__after__3,Lola__Odin__after__3||Tabor__Olympia__after__6,46,75,3450,chatter_cosine,0.986168627065161,0.30015935012659456,0.5832276763814431
Tabor-Lola,Non-partner,after,Tabor,Olympia,6,Tabor__Olympia__after__6,Lola,Odin,4,Lola__Odin__after__4,Lola__Odin__after__4||Tabor__Olympia__after__6,46,45,2070,T_PC_pairwise,4.641912084501147,0.8227903669881523,0.5505278717550651
Tabor-Lola,Non-partner,after,Tabor,Olympia,6,Tabor__Olympia__after__6,Lola,Odin,4,Lola__Odin__after__4,Lola__Odin__after__4||Tabor__Olympia__after__6,46,45,2070,M_PC_pairwise,17.821755954032934,1.4892307185787717,0.8165024153204502
Tabor-Lola,Non-partner,after,Tabor,Olympia,6,Tabor__Olympia__after__6,Lola,Odin,4,Lola__Odin__after__4,Lola__Odin__after__4||Tabor__Olympia__after__6,46,45,2070,spectro_DTW,0.0145592519302587,1.3715556724785822,0.7427469471191723
Tabor-Lola,Non-partner,after,Tabor,Olympia,6,Tabor__Olympia__after__6,Lola,Odin,4,Lola__Odin__after__4,Lola__Odin__after__4||Tabor__Olympia__after__6,46,45,2070,chatter_cosine,1.029200605781758,1.0486769502779196,0.7000944910968012
Tabor-Lola,Non-partner,after,Tabor,Olympia,6,Tabor__Olympia__after__6,Lola,Odin,5,Lola__Odin__after__5,Lola__Odin__after__5||Tabor__Olympia__after__6,46,17,782,T_PC_pairwise,4.185393962561322,0.3054478001630021,0.44080668845027465
Tabor-Lola,Non-partner,after,Tabor,Olympia,6,Tabor__Olympia__after__6,Lola,Odin,5,Lola__Odin__after__5,Lola__Odin__after__5||Tabor__Olympia__after__6,46,17,782,M_PC_pairwise,16.59335235561556,1.0934436751347605,0.7284946237989849
Tabor-Lola,Non-partner,after,Tabor,Olympia,6,Tabor__Olympia__after__6,Lola,Odin,5,Lola__Odin__after__5,Lola__Odin__after__5||Tabor__Olympia__after__6,46,17,782,spectro_DTW,0.01253599160448517,0.7906142424374498,0.6215450603351763
Tabor-Lola,Non-partner,after,Tabor,Olympia,6,Tabor__Olympia__after__6,Lola,Odin,5,Lola__Odin__after__5,Lola__Odin__after__5||Tabor__Olympia__after__6,46,17,782,chatter_cosine,1.059445951829481,1.5747781084070078,0.7822352003549102
Tabor-Lola,Non-partner,after,Tabor,Olympia,6,Tabor__Olympia__after__6,Lola,Odin,6,Lola__Odin__after__6,Lola__Odin__after__6||Tabor__Olympia__after__6,46,42,1932,T_PC_pairwise,4.650037948512636,0.8319988849928983,0.5524808707092488
Tabor-Lola,Non-partner,after,Tabor,Olympia,6,Tabor__Olympia__after__6,Lola,Odin,6,Lola__Odin__after__6,Lola__Odin__after__6||Tabor__Olympia__after__6,46,42,1932,M_PC_pairwise,18.462816847777514,1.6957781400692575,0.8624306050147205
Tabor-Lola,Non-partner,after,Tabor,Olympia,6,Tabor__Olympia__after__6,Lola,Odin,6,Lola__Odin__after__6,Lola__Odin__after__6||Tabor__Olympia__after__6,46,42,1932,spectro_DTW,0.014895583180697176,1.4681269120310356,0.7628946174996407
Tabor-Lola,Non-partner,after,Tabor,Olympia,6,Tabor__Olympia__after__6,Lola,Odin,6,Lola__Odin__after__6,Lola__Odin__after__6||Tabor__Olympia__after__6,46,42,1932,chatter_cosine,1.0605487709028134,1.5939610395849673,0.7852302509231518
Tabor-Lola,Non-partner,after,Tabor,Olympia,6,Tabor__Olympia__after__6,Lola,Wuschel,2,Lola__Wuschel__after__2,Lola__Wuschel__after__2||Tabor__Olympia__after__6,46,68,3128,T_PC_pairwise,4.573061255695265,0.7447661598633165,0.5339800195559082
Tabor-Lola,Non-partner,after,Tabor,Olympia,6,Tabor__Olympia__after__6,Lola,Wuschel,2,Lola__Wuschel__after__2,Lola__Wuschel__after__2||Tabor__Olympia__after__6,46,68,3128,M_PC_pairwise,18.45692411606269,1.6938795239578888,0.8620084259321141
Tabor-Lola,Non-partner,after,Tabor,Olympia,6,Tabor__Olympia__after__6,Lola,Wuschel,2,Lola__Wuschel__after__2,Lola__Wuschel__after__2||Tabor__Olympia__after__6,46,68,3128,spectro_DTW,0.014594580650718435,1.3816996550022127,0.7448632875242298
Tabor-Lola,Non-partner,after,Tabor,Olympia,6,Tabor__Olympia__after__6,Lola,Wuschel,2,Lola__Wuschel__after__2,Lola__Wuschel__after__2||Tabor__Olympia__after__6,46,68,3128,chatter_cosine,0.9966034477819568,0.48166731685025416,0.6115666999557277
Tabor-Lola,Non-partner,after,Tabor,Olympia,6,Tabor__Olympia__after__6,Lola,Wuschel,3,Lola__Wuschel__after__3,Lola__Wuschel__after__3||Tabor__Olympia__after__6,46,71,3266,T_PC_pairwise,4.660981854447834,0.8444009082982397,0.5551111678463787
Tabor-Lola,Non-partner,after,Tabor,Olympia,6,Tabor__Olympia__after__6,Lola,Wuschel,3,Lola__Wuschel__after__3,Lola__Wuschel__after__3||Tabor__Olympia__after__6,46,71,3266,M_PC_pairwise,18.94566574596001,1.8513502485261695,0.8970238488169713
Tabor-Lola,Non-partner,after,Tabor,Olympia,6,Tabor__Olympia__after__6,Lola,Wuschel,3,Lola__Wuschel__after__3,Lola__Wuschel__after__3||Tabor__Olympia__after__6,46,71,3266,spectro_DTW,0.015128186577816984,1.5349146350115392,0.7768285489093367
Tabor-Lola,Non-partner,after,Tabor,Olympia,6,Tabor__Olympia__after__6,Lola,Wuschel,3,Lola__Wuschel__after__3,Lola__Wuschel__after__3||Tabor__Olympia__after__6,46,71,3266,chatter_cosine,0.9983705209941128,0.5124045834018528,0.6163657406652795
Tabor-Lola,Non-partner,after,Tabor,Olympia,6,Tabor__Olympia__after__6,Lola,Wuschel,4,Lola__Wuschel__after__4,Lola__Wuschel__after__4||Tabor__Olympia__after__6,46,26,1196,T_PC_pairwise,4.669668831753492,0.854245299837757,0.5571990267582408
Tabor-Lola,Non-partner,after,Tabor,Olympia,6,Tabor__Olympia__after__6,Lola,Wuschel,4,Lola__Wuschel__after__4,Lola__Wuschel__after__4||Tabor__Olympia__after__6,46,26,1196,M_PC_pairwise,15.6296042690309,0.782927647417488,0.6594478212720064
Tabor-Lola,Non-partner,after,Tabor,Olympia,6,Tabor__Olympia__after__6,Lola,Wuschel,4,Lola__Wuschel__after__4,Lola__Wuschel__after__4||Tabor__Olympia__after__6,46,26,1196,spectro_DTW,0.0122190502334587,0.6996104447660255,0.6025589260849392
Tabor-Lola,Non-partner,after,Tabor,Olympia,6,Tabor__Olympia__after__6,Lola,Wuschel,4,Lola__Wuschel__after__4,Lola__Wuschel__after__4||Tabor__Olympia__after__6,46,26,1196,chatter_cosine,1.0258072391401565,0.9896512040594342,0.6908787412662603
Tabor-Lola,Non-partner,after,Tabor,Olympia,6,Tabor__Olympia__after__6,Lola,Wuschel,5,Lola__Wuschel__after__5,Lola__Wuschel__after__5||Tabor__Olympia__after__6,46,71,3266,T_PC_pairwise,4.6888455494517425,0.8759770381423365,0.5618080270511828
Tabor-Lola,Non-partner,after,Tabor,Olympia,6,Tabor__Olympia__after__6,Lola,Wuschel,5,Lola__Wuschel__after__5,Lola__Wuschel__after__5||Tabor__Olympia__after__6,46,71,3266,M_PC_pairwise,19.09433903755473,1.899252226829696,0.9076754034593831
Tabor-Lola,Non-partner,after,Tabor,Olympia,6,Tabor__Olympia__after__6,Lola,Wuschel,5,Lola__Wuschel__after__5,Lola__Wuschel__after__5||Tabor__Olympia__after__6,46,71,3266,spectro_DTW,0.015932608512586665,1.7658893757250889,0.8250168393742541
Tabor-Lola,Non-partner,after,Tabor,Olympia,6,Tabor__Olympia__after__6,Lola,Wuschel,5,Lola__Wuschel__after__5,Lola__Wuschel__after__5||Tabor__Olympia__after__6,46,71,3266,chatter_cosine,1.0010876413765526,0.5596673979096514,0.623744931996108
Tabor-Lola,Non-partner,after,Tabor,Olympia,6,Tabor__Olympia__after__6,Lola,Wuschel,6,Lola__Wuschel__after__6,Lola__Wuschel__after__6||Tabor__Olympia__after__6,46,66,3036,T_PC_pairwise,5.201175624988139,1.4565676951210296,0.6849432530781919
Tabor-Lola,Non-partner,after,Tabor,Olympia,6,Tabor__Olympia__after__6,Lola,Wuschel,6,Lola__Wuschel__after__6,Lola__Wuschel__after__6||Tabor__Olympia__after__6,46,66,3036,M_PC_pairwise,19.55727342246235,2.0484079536178768,0.9408418911573662
Tabor-Lola,Non-partner,after,Tabor,Olympia,6,Tabor__Olympia__after__6,Lola,Wuschel,6,Lola__Wuschel__after__6,Lola__Wuschel__after__6||Tabor__Olympia__after__6,46,66,3036,spectro_DTW,0.016111324346324916,1.8172042909143638,0.8357226768640341
Tabor-Lola,Non-partner,after,Tabor,Olympia,6,Tabor__Olympia__after__6,Lola,Wuschel,6,Lola__Wuschel__after__6,Lola__Wuschel__after__6||Tabor__Olympia__after__6,46,66,3036,chatter_cosine,0.9780282980525603,0.15856280451843371,0.5611200636057672
Odin-Nougatti,Partner,before,Odin,Nougatti,1,Odin__Nougatti__before__1,Nougatti,Odin,1,Nougatti__Odin__before__1,Nougatti__Odin__before__1||Odin__Nougatti__before__1,33,22,726,T_PC_pairwise,3.2147888454195552,-0.7944764274713494,0.20752801481962121
Odin-Nougatti,Partner,before,Odin,Nougatti,1,Odin__Nougatti__before__1,Nougatti,Odin,1,Nougatti__Odin__before__1,Nougatti__Odin__before__1||Odin__Nougatti__before__1,33,22,726,M_PC_pairwise,10.238135102202413,-0.9541835464179841,0.2731812106564351
Odin-Nougatti,Partner,before,Odin,Nougatti,1,Odin__Nougatti__before__1,Nougatti,Odin,1,Nougatti__Odin__before__1,Nougatti__Odin__before__1||Odin__Nougatti__before__1,33,22,726,spectro_DTW,0.010411442885080419,0.18058974113103468,0.49427556857665444
Odin-Nougatti,Partner,before,Odin,Nougatti,1,Odin__Nougatti__before__1,Nougatti,Odin,1,Nougatti__Odin__before__1,Nougatti__Odin__before__1||Odin__Nougatti__before__1,33,22,726,chatter_cosine,0.9660904482212277,-0.049089526915481414,0.5286990937608452
Odin-Nougatti,Partner,before,Odin,Nougatti,1,Odin__Nougatti__before__1,Nougatti,Odin,2,Nougatti__Odin__before__2,Nougatti__Odin__before__2||Odin__Nougatti__before__1,33,20,660,T_PC_pairwise,3.8465271216450314,-0.07856815203324277,0.35936223097703457
Odin-Nougatti,Partner,before,Odin,Nougatti,1,Odin__Nougatti__before__1,Nougatti,Odin,2,Nougatti__Odin__before__2,Nougatti__Odin__before__2||Odin__Nougatti__before__1,33,20,660,M_PC_pairwise,11.489807130712451,-0.5508995018549396,0.3628560464191135
Odin-Nougatti,Partner,before,Odin,Nougatti,1,Odin__Nougatti__before__1,Nougatti,Odin,2,Nougatti__Odin__before__2,Nougatti__Odin__before__2||Odin__Nougatti__before__1,33,20,660,spectro_DTW,0.011852707722485348,0.594422032035028,0.5806134537334356
Odin-Nougatti,Partner,before,Odin,Nougatti,1,Odin__Nougatti__before__1,Nougatti,Odin,2,Nougatti__Odin__before__2,Nougatti__Odin__before__2||Odin__Nougatti__before__1,33,20,660,chatter_cosine,0.9812077280021075,0.21386723965393564,0.5697548013495578
Odin-Nougatti,Partner,before,Odin,Nougatti,1,Odin__Nougatti__before__1,Nougatti,Odin,3,Nougatti__Odin__before__3,Nougatti__Odin__before__3||Odin__Nougatti__before__1,33,29,957,T_PC_pairwise,3.4168015010615997,-0.5655485037408734,0.2560804523995469
Odin-Nougatti,Partner,before,Odin,Nougatti,1,Odin__Nougatti__before__1,Nougatti,Odin,3,Nougatti__Odin__before__3,Nougatti__Odin__before__3||Odin__Nougatti__before__1,33,29,957,M_PC_pairwise,11.6264839992005,-0.5068627261928,0.37264812889363585
Odin-Nougatti,Partner,before,Odin,Nougatti,1,Odin__Nougatti__before__1,Nougatti,Odin,3,Nougatti__Odin__before__3,Nougatti__Odin__before__3||Odin__Nougatti__before__1,33,29,957,spectro_DTW,0.010110302323542628,0.09412285091695964,0.47623596992460354
Odin-Nougatti,Partner,before,Odin,Nougatti,1,Odin__Nougatti__before__1,Nougatti,Odin,3,Nougatti__Odin__before__3,Nougatti__Odin__before__3||Odin__Nougatti__before__1,33,29,957,chatter_cosine,0.9707097038081697,0.03125988321029214,0.5412441289393883
Odin-Nougatti,Partner,before,Odin,Nougatti,1,Odin__Nougatti__before__1,Nougatti,Odin,4,Nougatti__Odin__before__4,Nougatti__Odin__before__4||Odin__Nougatti__before__1,33,9,297,T_PC_pairwise,3.1609746017038622,-0.8554606417613146,0.1945941087699584
Odin-Nougatti,Partner,before,Odin,Nougatti,1,Odin__Nougatti__before__1,Nougatti,Odin,4,Nougatti__Odin__before__4,Nougatti__Odin__before__4||Odin__Nougatti__before__1,33,9,297,M_PC_pairwise,10.420625465084807,-0.8953858342692227,0.2862555567686755
Odin-Nougatti,Partner,before,Odin,Nougatti,1,Odin__Nougatti__before__1,Nougatti,Odin,4,Nougatti__Odin__before__4,Nougatti__Odin__before__4||Odin__Nougatti__before__1,33,9,297,spectro_DTW,0.009839723768615813,0.016431270335231857,0.46002716527269644
Odin-Nougatti,Partner,before,Odin,Nougatti,1,Odin__Nougatti__before__1,Nougatti,Odin,4,Nougatti__Odin__before__4,Nougatti__Odin__before__4||Odin__Nougatti__before__1,33,9,297,chatter_cosine,0.9696186887294757,0.012282276026312287,0.5382811358152952
Odin-Nougatti,Partner,before,Odin,Nougatti,1,Odin__Nougatti__before__1,Nougatti,Odin,5,Nougatti__Odin__before__5,Nougatti__Odin__before__5||Odin__Nougatti__before__1,33,40,1320,T_PC_pairwise,3.519099997864528,-0.4496202100435701,0.2806672356620044
Odin-Nougatti,Partner,before,Odin,Nougatti,1,Odin__Nougatti__before__1,Nougatti,Odin,5,Nougatti__Odin__before__5,Nougatti__Odin__before__5||Odin__Nougatti__before__1,33,40,1320,M_PC_pairwise,11.150759027582227,-0.660139532164276,0.33856527194199837
Odin-Nougatti,Partner,before,Odin,Nougatti,1,Odin__Nougatti__before__1,Nougatti,Odin,5,Nougatti__Odin__before__5,Nougatti__Odin__before__5||Odin__Nougatti__before__1,33,40,1320,spectro_DTW,0.011026423949409616,0.35717007259333977,0.5311155463015337
Odin-Nougatti,Partner,before,Odin,Nougatti,1,Odin__Nougatti__before__1,Nougatti,Odin,5,Nougatti__Odin__before__5,Nougatti__Odin__before__5||Odin__Nougatti__before__1,33,40,1320,chatter_cosine,0.9795636413562478,0.18526925677463352,0.5652897691770175
Odin-Nougatti,Partner,before,Odin,Nougatti,1,Odin__Nougatti__before__1,Nougatti,Odin,6,Nougatti__Odin__before__6,Nougatti__Odin__before__6||Odin__Nougatti__before__1,33,20,660,T_PC_pairwise,3.000337233778202,-1.037500618394819,0.15598595447177338
Odin-Nougatti,Partner,before,Odin,Nougatti,1,Odin__Nougatti__before__1,Nougatti,Odin,6,Nougatti__Odin__before__6,Nougatti__Odin__before__6||Odin__Nougatti__before__1,33,20,660,M_PC_pairwise,10.390772817170982,-0.9050042457359511,0.2841167925894199
Odin-Nougatti,Partner,before,Odin,Nougatti,1,Odin__Nougatti__before__1,Nougatti,Odin,6,Nougatti__Odin__before__6,Nougatti__Odin__before__6||Odin__Nougatti__before__1,33,20,660,spectro_DTW,0.009712737625831682,-0.02003042984475667,0.452420155979429
Odin-Nougatti,Partner,before,Odin,Nougatti,1,Odin__Nougatti__before__1,Nougatti,Odin,6,Nougatti__Odin__before__6,Nougatti__Odin__before__6||Odin__Nougatti__before__1,33,20,660,chatter_cosine,0.9434881069217668,-0.44224482146270755,0.46731535748941505
Odin-Nougatti,Partner,before,Odin,Nougatti,2,Odin__Nougatti__before__2,Nougatti,Odin,1,Nougatti__Odin__before__1,Nougatti__Odin__before__1||Odin__Nougatti__before__2,32,22,704,T_PC_pairwise,3.2216282287104563,-0.7867257951587022,0.2091718164381944
Odin-Nougatti,Partner,before,Odin,Nougatti,2,Odin__Nougatti__before__2,Nougatti,Odin,1,Nougatti__Odin__before__1,Nougatti__Odin__before__1||Odin__Nougatti__before__2,32,22,704,M_PC_pairwise,11.964850058271127,-0.39784244792765716,0.39689003898165043
Odin-Nougatti,Partner,before,Odin,Nougatti,2,Odin__Nougatti__before__2,Nougatti,Odin,1,Nougatti__Odin__before__1,Nougatti__Odin__before__1||Odin__Nougatti__before__2,32,22,704,spectro_DTW,0.009008058162428577,-0.22236598201029684,0.41020686317948385
Odin-Nougatti,Partner,before,Odin,Nougatti,2,Odin__Nougatti__before__2,Nougatti,Odin,1,Nougatti__Odin__before__1,Nougatti__Odin__before__1||Odin__Nougatti__before__2,32,22,704,chatter_cosine,0.9512382547625087,-0.3074352627209278,0.4883633110981875
Odin-Nougatti,Partner,before,Odin,Nougatti,2,Odin__Nougatti__before__2,Nougatti,Odin,2,Nougatti__Odin__before__2,Nougatti__Odin__before__2||Odin__Nougatti__before__2,32,20,640,T_PC_pairwise,4.107356609217822,0.21701309681449238,0.4220509143871556
Odin-Nougatti,Partner,before,Odin,Nougatti,2,Odin__Nougatti__before__2,Nougatti,Odin,2,Nougatti__Odin__before__2,Nougatti__Odin__before__2||Odin__Nougatti__before__2,32,20,640,M_PC_pairwise,14.018400993570685,0.26380398024223384,0.5440147159407519
Odin-Nougatti,Partner,before,Odin,Nougatti,2,Odin__Nougatti__before__2,Nougatti,Odin,2,Nougatti__Odin__before__2,Nougatti__Odin__before__2||Odin__Nougatti__before__2,32,20,640,spectro_DTW,0.011785979136584501,0.5752621643580695,0.5766161280257225
Odin-Nougatti,Partner,before,Odin,Nougatti,2,Odin__Nougatti__before__2,Nougatti,Odin,2,Nougatti__Odin__before__2,Nougatti__Odin__before__2||Odin__Nougatti__before__2,32,20,640,chatter_cosine,0.9969262890517712,0.48728296316070574,0.612443476529502
Odin-Nougatti,Partner,before,Odin,Nougatti,2,Odin__Nougatti__before__2,Nougatti,Odin,3,Nougatti__Odin__before__3,Nougatti__Odin__before__3||Odin__Nougatti__before__2,32,29,928,T_PC_pairwise,3.573210084746624,-0.3883007357590307,0.2936722457067341
Odin-Nougatti,Partner,before,Odin,Nougatti,2,Odin__Nougatti__before__2,Nougatti,Odin,3,Nougatti__Odin__before__3,Nougatti__Odin__before__3||Odin__Nougatti__before__2,32,29,928,M_PC_pairwise,13.009938238766686,-0.061118946279236135,0.47176437411800054
Odin-Nougatti,Partner,before,Odin,Nougatti,2,Odin__Nougatti__before__2,Nougatti,Odin,3,Nougatti__Odin__before__3,Nougatti__Odin__before__3||Odin__Nougatti__before__2,32,29,928,spectro_DTW,0.009004350202303613,-0.22343065353580047,0.40998474061940565
Odin-Nougatti,Partner,before,Odin,Nougatti,2,Odin__Nougatti__before__2,Nougatti,Odin,3,Nougatti__Odin__before__3,Nougatti__Odin__before__3||Odin__Nougatti__before__2,32,29,928,chatter_cosine,0.957543838126906,-0.19775310846636587,0.5054880974709566
Odin-Nougatti,Partner,before,Odin,Nougatti,2,Odin__Nougatti__before__2,Nougatti,Odin,4,Nougatti__Odin__before__4,Nougatti__Odin__before__4||Odin__Nougatti__before__2,32,9,288,T_PC_pairwise,3.197491013134519,-0.8140789460237917,0.20337059250556871
Odin-Nougatti,Partner,before,Odin,Nougatti,2,Odin__Nougatti__before__2,Nougatti,Odin,4,Nougatti__Odin__before__4,Nougatti__Odin__before__4||Odin__Nougatti__before__2,32,9,288,M_PC_pairwise,12.187312909298473,-0.3261657496522073,0.4128281754701056
Odin-Nougatti,Partner,before,Odin,Nougatti,2,Odin__Nougatti__before__2,Nougatti,Odin,4,Nougatti__Odin__before__4,Nougatti__Odin__before__4||Odin__Nougatti__before__2,32,9,288,spectro_DTW,0.00842149671896348,-0.3907861499109976,0.3750693414492863
Odin-Nougatti,Partner,before,Odin,Nougatti,2,Odin__Nougatti__before__2,Nougatti,Odin,4,Nougatti__Odin__before__4,Nougatti__Odin__before__4||Odin__Nougatti__before__2,32,9,288,chatter_cosine,0.9431475719643964,-0.4481682397358306,0.46639052816587384
Odin-Nougatti,Partner,before,Odin,Nougatti,2,Odin__Nougatti__before__2,Nougatti,Odin,5,Nougatti__Odin__before__5,Nougatti__Odin__before__5||Odin__Nougatti__before__2,32,40,1280,T_PC_pairwise,3.479553197324276,-0.494436050462525,0.27116241746824404
Odin-Nougatti,Partner,before,Odin,Nougatti,2,Odin__Nougatti__before__2,Nougatti,Odin,5,Nougatti__Odin__before__5,Nougatti__Odin__before__5||Odin__Nougatti__before__2,32,40,1280,M_PC_pairwise,12.883367353305221,-0.10189961202087384,0.4626963250543774
Odin-Nougatti,Partner,before,Odin,Nougatti,2,Odin__Nougatti__before__2,Nougatti,Odin,5,Nougatti__Odin__before__5,Nougatti__Odin__before__5||Odin__Nougatti__before__2,32,40,1280,spectro_DTW,0.009360439244846929,-0.12118633284117959,0.43131598666301907
Odin-Nougatti,Partner,before,Odin,Nougatti,2,Odin__Nougatti__before__2,Nougatti,Odin,5,Nougatti__Odin__before__5,Nougatti__Odin__before__5||Odin__Nougatti__before__2,32,40,1280,chatter_cosine,0.9620737646822818,-0.11895752770949374,0.5177905316887235
Odin-Nougatti,Partner,before,Odin,Nougatti,2,Odin__Nougatti__before__2,Nougatti,Odin,6,Nougatti__Odin__before__6,Nougatti__Odin__before__6||Odin__Nougatti__before__2,32,20,640,T_PC_pairwise,2.9058433671016246,-1.1445844277471624,0.13327496367310837
Odin-Nougatti,Partner,before,Odin,Nougatti,2,Odin__Nougatti__before__2,Nougatti,Odin,6,Nougatti__Odin__before__6,Nougatti__Odin__before__6||Odin__Nougatti__before__2,32,20,640,M_PC_pairwise,11.560857397690416,-0.5280073716630825,0.3679463742981569
Odin-Nougatti,Partner,before,Odin,Nougatti,2,Odin__Nougatti__before__2,Nougatti,Odin,6,Nougatti__Odin__before__6,Nougatti__Odin__before__6||Odin__Nougatti__before__2,32,20,640,spectro_DTW,0.007661174504573864,-0.6090984792207084,0.3295228115371873
Odin-Nougatti,Partner,before,Odin,Nougatti,2,Odin__Nougatti__before__2,Nougatti,Odin,6,Nougatti__Odin__before__6,Nougatti__Odin__before__6||Odin__Nougatti__before__2,32,20,640,chatter_cosine,0.9160560705000534,-0.9194100061007329,0.39281507157704904
Odin-Nougatti,Partner,before,Odin,Nougatti,3,Odin__Nougatti__before__3,Nougatti,Odin,1,Nougatti__Odin__before__1,Nougatti__Odin__before__1||Odin__Nougatti__before__3,42,22,924,T_PC_pairwise,3.5942756445892963,-0.364428494380509,0.29873521701463007
Odin-Nougatti,Partner,before,Odin,Nougatti,3,Odin__Nougatti__before__3,Nougatti,Odin,1,Nougatti__Odin__before__1,Nougatti__Odin__before__1||Odin__Nougatti__before__3,42,22,924,M_PC_pairwise,11.705751234576816,-0.4813231195260725,0.378327153551712
Odin-Nougatti,Partner,before,Odin,Nougatti,3,Odin__Nougatti__before__3,Nougatti,Odin,1,Nougatti__Odin__before__1,Nougatti__Odin__before__1||Odin__Nougatti__before__3,42,22,924,spectro_DTW,0.009767290518606017,-0.004366585139510388,0.45568810595578535
Odin-Nougatti,Partner,before,Odin,Nougatti,3,Odin__Nougatti__before__3,Nougatti,Odin,1,Nougatti__Odin__before__1,Nougatti__Odin__before__1||Odin__Nougatti__before__3,42,22,924,chatter_cosine,0.9308287563262048,-0.6624472618308427,0.43293492636372083
Odin-Nougatti,Partner,before,Odin,Nougatti,3,Odin__Nougatti__before__3,Nougatti,Odin,2,Nougatti__Odin__before__2,Nougatti__Odin__before__2||Odin__Nougatti__before__3,42,20,840,T_PC_pairwise,4.580212785942214,0.7528705282046283,0.5356988436801314
Odin-Nougatti,Partner,before,Odin,Nougatti,3,Odin__Nougatti__before__3,Nougatti,Odin,2,Nougatti__Odin__before__2,Nougatti__Odin__before__2||Odin__Nougatti__before__3,42,20,840,M_PC_pairwise,13.513937558446612,0.10126774885167061,0.5078729194776019
Odin-Nougatti,Partner,before,Odin,Nougatti,3,Odin__Nougatti__before__3,Nougatti,Odin,2,Nougatti__Odin__before__2,Nougatti__Odin__before__2||Odin__Nougatti__before__3,42,20,840,spectro_DTW,0.012565045226420764,0.7989564475704871,0.6232854956867946
Odin-Nougatti,Partner,before,Odin,Nougatti,3,Odin__Nougatti__before__3,Nougatti,Odin,2,Nougatti__Odin__before__2,Nougatti__Odin__before__2||Odin__Nougatti__before__3,42,20,840,chatter_cosine,1.0006286975883303,0.5516843231543177,0.6224985264097841
Odin-Nougatti,Partner,before,Odin,Nougatti,3,Odin__Nougatti__before__3,Nougatti,Odin,3,Nougatti__Odin__before__3,Nougatti__Odin__before__3||Odin__Nougatti__before__3,42,29,1218,T_PC_pairwise,4.0558610416594005,0.158656488784147,0.4096742871824056
Odin-Nougatti,Partner,before,Odin,Nougatti,3,Odin__Nougatti__before__3,Nougatti,Odin,3,Nougatti__Odin__before__3,Nougatti__Odin__before__3||Odin__Nougatti__before__3,42,29,1218,M_PC_pairwise,13.022757723805157,-0.05698855616283814,0.4726828137644911
Odin-Nougatti,Partner,before,Odin,Nougatti,3,Odin__Nougatti__before__3,Nougatti,Odin,3,Nougatti__Odin__before__3,Nougatti__Odin__before__3||Odin__Nougatti__before__3,42,29,1218,spectro_DTW,0.009808562521643827,0.007483900020514909,0.45816047422981104
Odin-Nougatti,Partner,before,Odin,Nougatti,3,Odin__Nougatti__before__3,Nougatti,Odin,3,Nougatti__Odin__before__3,Nougatti__Odin__before__3||Odin__Nougatti__before__3,42,29,1218,chatter_cosine,0.960054104257687,-0.15408840988654837,0.5123055112999672
Odin-Nougatti,Partner,before,Odin,Nougatti,3,Odin__Nougatti__before__3,Nougatti,Odin,4,Nougatti__Odin__before__4,Nougatti__Odin__before__4||Odin__Nougatti__before__3,42,9,378,T_PC_pairwise,3.6507037278047947,-0.3004821842369282,0.3122973425129948
Odin-Nougatti,Partner,before,Odin,Nougatti,3,Odin__Nougatti__before__3,Nougatti,Odin,4,Nougatti__Odin__before__4,Nougatti__Odin__before__4||Odin__Nougatti__before__3,42,9,378,M_PC_pairwise,11.844119138187832,-0.436741498674175,0.3882403886073154
Odin-Nougatti,Partner,before,Odin,Nougatti,3,Odin__Nougatti__before__3,Nougatti,Odin,4,Nougatti__Odin__before__4,Nougatti__Odin__before__4||Odin__Nougatti__before__3,42,9,378,spectro_DTW,0.00936266922338979,-0.1205460361343506,0.43144957184898824
Odin-Nougatti,Partner,before,Odin,Nougatti,3,Odin__Nougatti__before__3,Nougatti,Odin,4,Nougatti__Odin__before__4,Nougatti__Odin__before__4||Odin__Nougatti__before__3,42,9,378,chatter_cosine,0.9530706826262373,-0.27556118795337486,0.49333984283148274
Odin-Nougatti,Partner,before,Odin,Nougatti,3,Odin__Nougatti__before__3,Nougatti,Odin,5,Nougatti__Odin__before__5,Nougatti__Odin__before__5||Odin__Nougatti__before__3,42,40,1680,T_PC_pairwise,3.8909532690509443,-0.028222862265847793,0.37003976868865324
Odin-Nougatti,Partner,before,Odin,Nougatti,3,Odin__Nougatti__before__3,Nougatti,Odin,5,Nougatti__Odin__before__5,Nougatti__Odin__before__5||Odin__Nougatti__before__3,42,40,1680,M_PC_pairwise,12.464724987106663,-0.23678461609576007,0.4327030963354745
Odin-Nougatti,Partner,before,Odin,Nougatti,3,Odin__Nougatti__before__3,Nougatti,Odin,5,Nougatti__Odin__before__5,Nougatti__Odin__before__5||Odin__Nougatti__before__3,42,40,1680,spectro_DTW,0.010161491465641163,0.10882085741393968,0.4793024169488264
Odin-Nougatti,Partner,before,Odin,Nougatti,3,Odin__Nougatti__before__3,Nougatti,Odin,5,Nougatti__Odin__before__5,Nougatti__Odin__before__5||Odin__Nougatti__before__3,42,40,1680,chatter_cosine,0.9713554860314443,0.042492909773382985,0.5429979528090957
Odin-Nougatti,Partner,before,Odin,Nougatti,3,Odin__Nougatti__before__3,Nougatti,Odin,6,Nougatti__Odin__before__6,Nougatti__Odin__before__6||Odin__Nougatti__before__3,42,20,840,T_PC_pairwise,3.339030557090328,-0.6536813025168574,0.2373887081090907
Odin-Nougatti,Partner,before,Odin,Nougatti,3,Odin__Nougatti__before__3,Nougatti,Odin,6,Nougatti__Odin__before__6,Nougatti__Odin__before__6||Odin__Nougatti__before__3,42,20,840,M_PC_pairwise,11.509807923294249,-0.5444553213163242,0.3642889839211451
Odin-Nougatti,Partner,before,Odin,Nougatti,3,Odin__Nougatti__before__3,Nougatti,Odin,6,Nougatti__Odin__before__6,Nougatti__Odin__before__6||Odin__Nougatti__before__3,42,20,840,spectro_DTW,0.008539284234090398,-0.3569656639324263,0.38212531387711657
Odin-Nougatti,Partner,before,Odin,Nougatti,3,Odin__Nougatti__before__3,Nougatti,Odin,6,Nougatti__Odin__before__6,Nougatti__Odin__before__6||Odin__Nougatti__before__3,42,20,840,chatter_cosine,0.9307192939023177,-0.6643513004848476,0.43263764687083583
Odin-Nougatti,Partner,before,Odin,Nougatti,4,Odin__Nougatti__before__4,Nougatti,Odin,1,Nougatti__Odin__before__1,Nougatti__Odin__before__1||Odin__Nougatti__before__4,30,22,660,T_PC_pairwise,3.79203451926058,-0.1403211064850057,0.3462652858008526
Odin-Nougatti,Partner,before,Odin,Nougatti,4,Odin__Nougatti__before__4,Nougatti,Odin,1,Nougatti__Odin__before__1,Nougatti__Odin__before__1||Odin__Nougatti__before__4,30,22,660,M_PC_pairwise,12.622365525635805,-0.18599342438014288,0.4439971007393027
Odin-Nougatti,Partner,before,Odin,Nougatti,4,Odin__Nougatti__before__4,Nougatti,Odin,1,Nougatti__Odin__before__1,Nougatti__Odin__before__1||Odin__Nougatti__before__4,30,22,660,spectro_DTW,0.010860746262496281,0.30959881785401605,0.5211907491826917
Odin-Nougatti,Partner,before,Odin,Nougatti,4,Odin__Nougatti__before__4,Nougatti,Odin,1,Nougatti__Odin__before__1,Nougatti__Odin__before__1||Odin__Nougatti__before__4,30,22,660,chatter_cosine,0.958102379107114,-0.18803759533960768,0.5070049904234001
Odin-Nougatti,Partner,before,Odin,Nougatti,4,Odin__Nougatti__before__4,Nougatti,Odin,2,Nougatti__Odin__before__2,Nougatti__Odin__before__2||Odin__Nougatti__before__4,30,20,600,T_PC_pairwise,4.933368496994177,1.1530791360650325,0.6205775388408322
Odin-Nougatti,Partner,before,Odin,Nougatti,4,Odin__Nougatti__before__4,Nougatti,Odin,2,Nougatti__Odin__before__2,Nougatti__Odin__before__2||Odin__Nougatti__before__4,30,20,600,M_PC_pairwise,14.324652063449223,0.3624769291451468,0.5659557785897221
Odin-Nougatti,Partner,before,Odin,Nougatti,4,Odin__Nougatti__before__4,Nougatti,Odin,2,Nougatti__Odin__before__2,Nougatti__Odin__before__2||Odin__Nougatti__before__4,30,20,600,spectro_DTW,0.014232041259335044,1.2776032370605486,0.7231456381889227
Odin-Nougatti,Partner,before,Odin,Nougatti,4,Odin__Nougatti__before__4,Nougatti,Odin,2,Nougatti__Odin__before__2,Nougatti__Odin__before__2||Odin__Nougatti__before__4,30,20,600,chatter_cosine,0.9939986725151538,0.43635868383383053,0.6044926169700156
Odin-Nougatti,Partner,before,Odin,Nougatti,4,Odin__Nougatti__before__4,Nougatti,Odin,3,Nougatti__Odin__before__3,Nougatti__Odin__before__3||Odin__Nougatti__before__4,30,29,870,T_PC_pairwise,4.360121846301802,0.5034556502919872,0.48280140725548876
Odin-Nougatti,Partner,before,Odin,Nougatti,4,Odin__Nougatti__before__4,Nougatti,Odin,3,Nougatti__Odin__before__3,Nougatti__Odin__before__3||Odin__Nougatti__before__4,30,29,870,M_PC_pairwise,13.84692036146405,0.20855356215746443,0.5317291513756095
Odin-Nougatti,Partner,before,Odin,Nougatti,4,Odin__Nougatti__before__4,Nougatti,Odin,3,Nougatti__Odin__before__3,Nougatti__Odin__before__3||Odin__Nougatti__before__4,30,29,870,spectro_DTW,0.011062893926182055,0.36764174556090407,0.5333002528069105
Odin-Nougatti,Partner,before,Odin,Nougatti,4,Odin__Nougatti__before__4,Nougatti,Odin,3,Nougatti__Odin__before__3,Nougatti__Odin__before__3||Odin__Nougatti__before__4,30,29,870,chatter_cosine,0.9836325184024614,0.2560451349186677,0.5763400790637903
Odin-Nougatti,Partner,before,Odin,Nougatti,4,Odin__Nougatti__before__4,Nougatti,Odin,4,Nougatti__Odin__before__4,Nougatti__Odin__before__4||Odin__Nougatti__before__4,30,9,270,T_PC_pairwise,3.8619545457539735,-0.06108524652643287,0.36307011276141
Odin-Nougatti,Partner,before,Odin,Nougatti,4,Odin__Nougatti__before__4,Nougatti,Odin,4,Nougatti__Odin__before__4,Nougatti__Odin__before__4||Odin__Nougatti__before__4,30,9,270,M_PC_pairwise,12.609795695764047,-0.19004337653588949,0.4430965473965421
Odin-Nougatti,Partner,before,Odin,Nougatti,4,Odin__Nougatti__before__4,Nougatti,Odin,4,Nougatti__Odin__before__4,Nougatti__Odin__before__4||Odin__Nougatti__before__4,30,9,270,spectro_DTW,0.010380977730232256,0.17184224067424123,0.4924505764084557
Odin-Nougatti,Partner,before,Odin,Nougatti,4,Odin__Nougatti__before__4,Nougatti,Odin,4,Nougatti__Odin__before__4,Nougatti__Odin__before__4||Odin__Nougatti__before__4,30,9,270,chatter_cosine,0.9794067325415434,0.18253991425012053,0.5648636341508771
Odin-Nougatti,Partner,before,Odin,Nougatti,4,Odin__Nougatti__before__4,Nougatti,Odin,5,Nougatti__Odin__before__5,Nougatti__Odin__before__5||Odin__Nougatti__before__4,30,40,1200,T_PC_pairwise,4.106606370806694,0.21616289997302932,0.421870599428617
Odin-Nougatti,Partner,before,Odin,Nougatti,4,Odin__Nougatti__before__4,Nougatti,Odin,5,Nougatti__Odin__before__5,Nougatti__Odin__before__5||Odin__Nougatti__before__4,30,40,1200,M_PC_pairwise,13.200651937921842,3.282940497060282e-4,0.48542787322949665
Odin-Nougatti,Partner,before,Odin,Nougatti,4,Odin__Nougatti__before__4,Nougatti,Odin,5,Nougatti__Odin__before__5,Nougatti__Odin__before__5||Odin__Nougatti__before__4,30,40,1200,spectro_DTW,0.011317156756510183,0.44064857042445943,0.5485316762585744
Odin-Nougatti,Partner,before,Odin,Nougatti,4,Odin__Nougatti__before__4,Nougatti,Odin,5,Nougatti__Odin__before__5,Nougatti__Odin__before__5||Odin__Nougatti__before__4,30,40,1200,chatter_cosine,0.992211634889245,0.405274147286375,0.5996393566425766
Odin-Nougatti,Partner,before,Odin,Nougatti,4,Odin__Nougatti__before__4,Nougatti,Odin,6,Nougatti__Odin__before__6,Nougatti__Odin__before__6||Odin__Nougatti__before__4,30,20,600,T_PC_pairwise,3.542197833110889,-0.4234449219220794,0.28621865124270696
Odin-Nougatti,Partner,before,Odin,Nougatti,4,Odin__Nougatti__before__4,Nougatti,Odin,6,Nougatti__Odin__before__6,Nougatti__Odin__before__6||Odin__Nougatti__before__4,30,20,600,M_PC_pairwise,12.44399233430624,-0.24346459925862526,0.4312177254136558
Odin-Nougatti,Partner,before,Odin,Nougatti,4,Odin__Nougatti__before__4,Nougatti,Odin,6,Nougatti__Odin__before__6,Nougatti__Odin__before__6||Odin__Nougatti__before__4,30,20,600,spectro_DTW,0.00947161181558234,-0.0892652046493899,0.43797569582654833
Odin-Nougatti,Partner,before,Odin,Nougatti,4,Odin__Nougatti__before__4,Nougatti,Odin,6,Nougatti__Odin__before__6,Nougatti__Odin__before__6||Odin__Nougatti__before__4,30,20,600,chatter_cosine,0.9637021330495675,-0.09063295564018854,0.5222128759532352
Odin-Nougatti,Partner,before,Odin,Nougatti,5,Odin__Nougatti__before__5,Nougatti,Odin,1,Nougatti__Odin__before__1,Nougatti__Odin__before__1||Odin__Nougatti__before__5,18,22,396,T_PC_pairwise,3.8564925469232327,-0.06727497779730636,0.36175735660537456
Odin-Nougatti,Partner,before,Odin,Nougatti,5,Odin__Nougatti__before__5,Nougatti,Odin,1,Nougatti__Odin__before__1,Nougatti__Odin__before__1||Odin__Nougatti__before__5,18,22,396,M_PC_pairwise,11.62818975400443,-0.5063131383769085,0.37277033605206844
Odin-Nougatti,Partner,before,Odin,Nougatti,5,Odin__Nougatti__before__5,Nougatti,Odin,1,Nougatti__Odin__before__1,Nougatti__Odin__before__1||Odin__Nougatti__before__5,18,22,396,spectro_DTW,0.011376209275719399,0.4576043988563828,0.552069172969369
Odin-Nougatti,Partner,before,Odin,Nougatti,5,Odin__Nougatti__before__5,Nougatti,Odin,1,Nougatti__Odin__before__1,Nougatti__Odin__before__1||Odin__Nougatti__before__5,18,22,396,chatter_cosine,0.9552987395512937,-0.23680536327872267,0.4993908291816738
Odin-Nougatti,Partner,before,Odin,Nougatti,5,Odin__Nougatti__before__5,Nougatti,Odin,2,Nougatti__Odin__before__2,Nougatti__Odin__before__2||Odin__Nougatti__before__5,18,20,360,T_PC_pairwise,5.075159725050131,1.3137619969426266,0.6546561450929392
Odin-Nougatti,Partner,before,Odin,Nougatti,5,Odin__Nougatti__before__5,Nougatti,Odin,2,Nougatti__Odin__before__2,Nougatti__Odin__before__2||Odin__Nougatti__before__5,18,20,360,M_PC_pairwise,12.887566805548138,-0.10054656422009428,0.4629971907616866
Odin-Nougatti,Partner,before,Odin,Nougatti,5,Odin__Nougatti__before__5,Nougatti,Odin,2,Nougatti__Odin__before__2,Nougatti__Odin__before__2||Odin__Nougatti__before__5,18,20,360,spectro_DTW,0.01465879140531696,1.4001365744264225,0.7487097844431025
Odin-Nougatti,Partner,before,Odin,Nougatti,5,Odin__Nougatti__before__5,Nougatti,Odin,2,Nougatti__Odin__before__2,Nougatti__Odin__before__2||Odin__Nougatti__before__5,18,20,360,chatter_cosine,0.9563260570996337,-0.218935739598597,0.50218083171366
Odin-Nougatti,Partner,before,Odin,Nougatti,5,Odin__Nougatti__before__5,Nougatti,Odin,3,Nougatti__Odin__before__3,Nougatti__Odin__before__3||Odin__Nougatti__before__5,18,29,522,T_PC_pairwise,4.466990046117497,0.624562493914555,0.5084864891348373
Odin-Nougatti,Partner,before,Odin,Nougatti,5,Odin__Nougatti__before__5,Nougatti,Odin,3,Nougatti__Odin__before__3,Nougatti__Odin__before__3||Odin__Nougatti__before__5,18,29,522,M_PC_pairwise,13.138002403394472,-0.01985715157718519,0.48093940772784455
Odin-Nougatti,Partner,before,Odin,Nougatti,5,Odin__Nougatti__before__5,Nougatti,Odin,3,Nougatti__Odin__before__3,Nougatti__Odin__before__3||Odin__Nougatti__before__5,18,29,522,spectro_DTW,0.011208006888904548,0.409308223674283,0.5419931356034224
Odin-Nougatti,Partner,before,Odin,Nougatti,5,Odin__Nougatti__before__5,Nougatti,Odin,3,Nougatti__Odin__before__3,Nougatti__Odin__before__3||Odin__Nougatti__before__5,18,29,522,chatter_cosine,0.969985307461914,0.0186594072194324,0.5392768037988019
Odin-Nougatti,Partner,before,Odin,Nougatti,5,Odin__Nougatti__before__5,Nougatti,Odin,4,Nougatti__Odin__before__4,Nougatti__Odin__before__4||Odin__Nougatti__before__5,18,9,162,T_PC_pairwise,4.031556658906701,0.13111389813088942,0.4038328856980846
Odin-Nougatti,Partner,before,Odin,Nougatti,5,Odin__Nougatti__before__5,Nougatti,Odin,4,Nougatti__Odin__before__4,Nougatti__Odin__before__4||Odin__Nougatti__before__5,18,9,162,M_PC_pairwise,10.994521488378078,-0.7104786827465813,0.3273717840721968
Odin-Nougatti,Partner,before,Odin,Nougatti,5,Odin__Nougatti__before__5,Nougatti,Odin,4,Nougatti__Odin__before__4,Nougatti__Odin__before__4||Odin__Nougatti__before__5,18,9,162,spectro_DTW,0.010581180327543184,0.229326678884284,0.5044435622956593
Odin-Nougatti,Partner,before,Odin,Nougatti,5,Odin__Nougatti__before__5,Nougatti,Odin,4,Nougatti__Odin__before__4,Nougatti__Odin__before__4||Odin__Nougatti__before__5,18,9,162,chatter_cosine,0.9633739647673972,-0.09634126240046212,0.5213216322091249
Odin-Nougatti,Partner,before,Odin,Nougatti,5,Odin__Nougatti__before__5,Nougatti,Odin,5,Nougatti__Odin__before__5,Nougatti__Odin__before__5||Odin__Nougatti__before__5,18,40,720,T_PC_pairwise,4.0447143831186825,0.14602469901756535,0.40699525976551976
Odin-Nougatti,Partner,before,Odin,Nougatti,5,Odin__Nougatti__before__5,Nougatti,Odin,5,Nougatti__Odin__before__5,Nougatti__Odin__before__5||Odin__Nougatti__before__5,18,40,720,M_PC_pairwise,11.739451191822688,-0.4704651193869346,0.38074155449892355
Odin-Nougatti,Partner,before,Odin,Nougatti,5,Odin__Nougatti__before__5,Nougatti,Odin,5,Nougatti__Odin__before__5,Nougatti__Odin__before__5||Odin__Nougatti__before__5,18,40,720,spectro_DTW,0.011496668185767096,0.4921919260138438,0.5592851732990066
Odin-Nougatti,Partner,before,Odin,Nougatti,5,Odin__Nougatti__before__5,Nougatti,Odin,5,Nougatti__Odin__before__5,Nougatti__Odin__before__5||Odin__Nougatti__before__5,18,40,720,chatter_cosine,0.98887463990185,0.34722895498573475,0.5905767016931874
Odin-Nougatti,Partner,before,Odin,Nougatti,5,Odin__Nougatti__before__5,Nougatti,Odin,6,Nougatti__Odin__before__6,Nougatti__Odin__before__6||Odin__Nougatti__before__5,18,20,360,T_PC_pairwise,3.4952636674046516,-0.4766323871974718,0.27493832752449476
Odin-Nougatti,Partner,before,Odin,Nougatti,5,Odin__Nougatti__before__5,Nougatti,Odin,6,Nougatti__Odin__before__6,Nougatti__Odin__before__6||Odin__Nougatti__before__5,18,20,360,M_PC_pairwise,11.402667922443813,-0.5789754287352663,0.35661304185242854
Odin-Nougatti,Partner,before,Odin,Nougatti,5,Odin__Nougatti__before__5,Nougatti,Odin,6,Nougatti__Odin__before__6,Nougatti__Odin__before__6||Odin__Nougatti__before__5,18,20,360,spectro_DTW,0.009456090563132118,-0.09372184252223245,0.43704590688231126
Odin-Nougatti,Partner,before,Odin,Nougatti,5,Odin__Nougatti__before__5,Nougatti,Odin,6,Nougatti__Odin__before__6,Nougatti__Odin__before__6||Odin__Nougatti__before__5,18,20,360,chatter_cosine,0.9322339620027277,-0.6380044820173205,0.43675120245264337
Odin-Nougatti,Partner,before,Odin,Nougatti,6,Odin__Nougatti__before__6,Nougatti,Odin,1,Nougatti__Odin__before__1,Nougatti__Odin__before__1||Odin__Nougatti__before__6,11,22,242,T_PC_pairwise,3.40625967762687,-0.5774948728610447,0.2535467931955402
Odin-Nougatti,Partner,before,Odin,Nougatti,6,Odin__Nougatti__before__6,Nougatti,Odin,1,Nougatti__Odin__before__1,Nougatti__Odin__before__1||Odin__Nougatti__before__6,11,22,242,M_PC_pairwise,10.56145875414541,-0.8500098754494955,0.29634542198797004
Odin-Nougatti,Partner,before,Odin,Nougatti,6,Odin__Nougatti__before__6,Nougatti,Odin,1,Nougatti__Odin__before__1,Nougatti__Odin__before__1||Odin__Nougatti__before__6,11,22,242,spectro_DTW,0.010228779251121508,0.12814128881038273,0.48333324108640574
Odin-Nougatti,Partner,before,Odin,Nougatti,6,Odin__Nougatti__before__6,Nougatti,Odin,1,Nougatti__Odin__before__1,Nougatti__Odin__before__1||Odin__Nougatti__before__6,11,22,242,chatter_cosine,0.9490128319618131,-0.3461452682512159,0.48231947853763835
Odin-Nougatti,Partner,before,Odin,Nougatti,6,Odin__Nougatti__before__6,Nougatti,Odin,2,Nougatti__Odin__before__2,Nougatti__Odin__before__2||Odin__Nougatti__before__6,11,20,220,T_PC_pairwise,4.4494386499578304,0.6046726277641723,0.5042681243805381
Odin-Nougatti,Partner,before,Odin,Nougatti,6,Odin__Nougatti__before__6,Nougatti,Odin,2,Nougatti__Odin__before__2,Nougatti__Odin__before__2||Odin__Nougatti__before__6,11,20,220,M_PC_pairwise,12.153648815371774,-0.33701219476408717,0.4104163439158208
Odin-Nougatti,Partner,before,Odin,Nougatti,6,Odin__Nougatti__before__6,Nougatti,Odin,2,Nougatti__Odin__before__2,Nougatti__Odin__before__2||Odin__Nougatti__before__6,11,20,220,spectro_DTW,0.013362082079137591,1.0278106998455971,0.6710313883705373
Odin-Nougatti,Partner,before,Odin,Nougatti,6,Odin__Nougatti__before__6,Nougatti,Odin,2,Nougatti__Odin__before__2,Nougatti__Odin__before__2||Odin__Nougatti__before__6,11,20,220,chatter_cosine,0.9426550219004804,-0.4567358771718131,0.4650528542132815
Odin-Nougatti,Partner,before,Odin,Nougatti,6,Odin__Nougatti__before__6,Nougatti,Odin,3,Nougatti__Odin__before__3,Nougatti__Odin__before__3||Odin__Nougatti__before__6,11,29,319,T_PC_pairwise,3.840081358030672,-0.08587272053368114,0.3578130333064901
Odin-Nougatti,Partner,before,Odin,Nougatti,6,Odin__Nougatti__before__6,Nougatti,Odin,3,Nougatti__Odin__before__3,Nougatti__Odin__before__3||Odin__Nougatti__before__6,11,29,319,M_PC_pairwise,12.403408877154503,-0.2565404373134118,0.42831016275197686
Odin-Nougatti,Partner,before,Odin,Nougatti,6,Odin__Nougatti__before__6,Nougatti,Odin,3,Nougatti__Odin__before__3,Nougatti__Odin__before__3||Odin__Nougatti__before__6,11,29,319,spectro_DTW,0.010103376489935508,0.09213422709594479,0.4758210830758664
Odin-Nougatti,Partner,before,Odin,Nougatti,6,Odin__Nougatti__before__6,Nougatti,Odin,3,Nougatti__Odin__before__3,Nougatti__Odin__before__3||Odin__Nougatti__before__6,11,29,319,chatter_cosine,0.9516727560926754,-0.2998773510789623,0.48954333553491153
Odin-Nougatti,Partner,before,Odin,Nougatti,6,Odin__Nougatti__before__6,Nougatti,Odin,4,Nougatti__Odin__before__4,Nougatti__Odin__before__4||Odin__Nougatti__before__6,11,9,99,T_PC_pairwise,3.4883184697892933,-0.4845029320647158,0.2732690941161808
Odin-Nougatti,Partner,before,Odin,Nougatti,6,Odin__Nougatti__before__6,Nougatti,Odin,4,Nougatti__Odin__before__4,Nougatti__Odin__before__4||Odin__Nougatti__before__6,11,9,99,M_PC_pairwise,9.961509392719076,-1.0433113150422928,0.25336262839157325
Odin-Nougatti,Partner,before,Odin,Nougatti,6,Odin__Nougatti__before__6,Nougatti,Odin,4,Nougatti__Odin__before__4,Nougatti__Odin__before__4||Odin__Nougatti__before__6,11,9,99,spectro_DTW,0.009358738632543445,-0.1216746319151774,0.4312141127631335
Odin-Nougatti,Partner,before,Odin,Nougatti,6,Odin__Nougatti__before__6,Nougatti,Odin,4,Nougatti__Odin__before__4,Nougatti__Odin__before__4||Odin__Nougatti__before__6,11,9,99,chatter_cosine,0.9299832615587447,-0.6771541782486936,0.43063872053543867
Odin-Nougatti,Partner,before,Odin,Nougatti,6,Odin__Nougatti__before__6,Nougatti,Odin,5,Nougatti__Odin__before__5,Nougatti__Odin__before__5||Odin__Nougatti__before__6,11,40,440,T_PC_pairwise,3.5606714727526363,-0.4025099366683633,0.29065867126387485
Odin-Nougatti,Partner,before,Odin,Nougatti,6,Odin__Nougatti__before__6,Nougatti,Odin,5,Nougatti__Odin__before__5,Nougatti__Odin__before__5||Odin__Nougatti__before__6,11,40,440,M_PC_pairwise,10.9149538774382,-0.7361150692960599,0.32167123929645713
Odin-Nougatti,Partner,before,Odin,Nougatti,6,Odin__Nougatti__before__6,Nougatti,Odin,5,Nougatti__Odin__before__5,Nougatti__Odin__before__5||Odin__Nougatti__before__6,11,40,440,spectro_DTW,0.010353425615572964,0.1639311653237634,0.4908000877199482
Odin-Nougatti,Partner,before,Odin,Nougatti,6,Odin__Nougatti__before__6,Nougatti,Odin,5,Nougatti__Odin__before__5,Nougatti__Odin__before__5||Odin__Nougatti__before__6,11,40,440,chatter_cosine,0.9511506935412234,-0.30895834200237154,0.4881255111798618
Odin-Nougatti,Partner,before,Odin,Nougatti,6,Odin__Nougatti__before__6,Nougatti,Odin,6,Nougatti__Odin__before__6,Nougatti__Odin__before__6||Odin__Nougatti__before__6,11,20,220,T_PC_pairwise,2.996112521399151,-1.0422882126681616,0.15497057212641932
Odin-Nougatti,Partner,before,Odin,Nougatti,6,Odin__Nougatti__before__6,Nougatti,Odin,6,Nougatti__Odin__before__6,Nougatti__Odin__before__6||Odin__Nougatti__before__6,11,20,220,M_PC_pairwise,10.314164046807722,-0.9296873049218894,0.27862823109421436
Odin-Nougatti,Partner,before,Odin,Nougatti,6,Odin__Nougatti__before__6,Nougatti,Odin,6,Nougatti__Odin__before__6,Nougatti__Odin__before__6||Odin__Nougatti__before__6,11,20,220,spectro_DTW,0.008329974840903146,-0.41706494856242315,0.3695867922381825
Odin-Nougatti,Partner,before,Odin,Nougatti,6,Odin__Nougatti__before__6,Nougatti,Odin,6,Nougatti__Odin__before__6,Nougatti__Odin__before__6||Odin__Nougatti__before__6,11,20,220,chatter_cosine,0.9079214634543116,-1.0609070212427378,0.3707229985943512
Odin-Nougatti,Non-partner,before,Odin,Lola,1,Odin__Lola__before__1,Nougatti,Tabor,1,Nougatti__Tabor__before__1,Nougatti__Tabor__before__1||Odin__Lola__before__1,26,9,234,T_PC_pairwise,2.828075506748297,-1.2327137320576567,0.11458396051031716
Odin-Nougatti,Non-partner,before,Odin,Lola,1,Odin__Lola__before__1,Nougatti,Tabor,1,Nougatti__Tabor__before__1,Nougatti__Tabor__before__1||Odin__Lola__before__1,26,9,234,M_PC_pairwise,10.671467444835566,-0.8145654868971508,0.3042268885745887
Odin-Nougatti,Non-partner,before,Odin,Lola,1,Odin__Lola__before__1,Nougatti,Tabor,1,Nougatti__Tabor__before__1,Nougatti__Tabor__before__1||Odin__Lola__before__1,26,9,234,spectro_DTW,0.008271874070891904,-0.4337474999804754,0.36610630934665284
Odin-Nougatti,Non-partner,before,Odin,Lola,1,Odin__Lola__before__1,Nougatti,Tabor,1,Nougatti__Tabor__before__1,Nougatti__Tabor__before__1||Odin__Lola__before__1,26,9,234,chatter_cosine,1.0099652208324172,0.7140880094557709,0.6478547792383695
Odin-Nougatti,Non-partner,before,Odin,Lola,1,Odin__Lola__before__1,Nougatti,Tabor,3,Nougatti__Tabor__before__3,Nougatti__Tabor__before__3||Odin__Lola__before__1,26,11,286,T_PC_pairwise,2.690272244748536,-1.3888772880122489,0.08146383615331108
Odin-Nougatti,Non-partner,before,Odin,Lola,1,Odin__Lola__before__1,Nougatti,Tabor,3,Nougatti__Tabor__before__3,Nougatti__Tabor__before__3||Odin__Lola__before__1,26,11,286,M_PC_pairwise,10.927824358006458,-0.7319682486107594,0.3225933324685153
Odin-Nougatti,Non-partner,before,Odin,Lola,1,Odin__Lola__before__1,Nougatti,Tabor,3,Nougatti__Tabor__before__3,Nougatti__Tabor__before__3||Odin__Lola__before__1,26,11,286,spectro_DTW,0.007736801518855122,-0.5873835939602079,0.33405319089863905
Odin-Nougatti,Non-partner,before,Odin,Lola,1,Odin__Lola__before__1,Nougatti,Tabor,3,Nougatti__Tabor__before__3,Nougatti__Tabor__before__3||Odin__Lola__before__1,26,11,286,chatter_cosine,0.9907751152148614,0.3802866777042459,0.5957380375857234
Odin-Nougatti,Non-partner,before,Odin,Lola,1,Odin__Lola__before__1,Nougatti,Tabor,4,Nougatti__Tabor__before__4,Nougatti__Tabor__before__4||Odin__Lola__before__1,26,31,806,T_PC_pairwise,2.7866007407235154,-1.2797144115105556,0.10461576825939001
Odin-Nougatti,Non-partner,before,Odin,Lola,1,Odin__Lola__before__1,Nougatti,Tabor,4,Nougatti__Tabor__before__4,Nougatti__Tabor__before__4||Odin__Lola__before__1,26,31,806,M_PC_pairwise,9.741272074413063,-1.114270955001568,0.23758393804933228
Odin-Nougatti,Non-partner,before,Odin,Lola,1,Odin__Lola__before__1,Nougatti,Tabor,4,Nougatti__Tabor__before__4,Nougatti__Tabor__before__4||Odin__Lola__before__1,26,31,806,spectro_DTW,0.00675330636315117,-0.869775866924262,0.27513765393299133
Odin-Nougatti,Non-partner,before,Odin,Lola,1,Odin__Lola__before__1,Nougatti,Tabor,4,Nougatti__Tabor__before__4,Nougatti__Tabor__before__4||Odin__Lola__before__1,26,31,806,chatter_cosine,0.9589228983552521,-0.17376511434264605,0.5092333674072721
Odin-Nougatti,Non-partner,before,Odin,Lola,1,Odin__Lola__before__1,Nougatti,Tabor,5,Nougatti__Tabor__before__5,Nougatti__Tabor__before__5||Odin__Lola__before__1,26,21,546,T_PC_pairwise,2.5363736777078536,-1.5632806158916046,0.044475309141800555
Odin-Nougatti,Non-partner,before,Odin,Lola,1,Odin__Lola__before__1,Nougatti,Tabor,5,Nougatti__Tabor__before__5,Nougatti__Tabor__before__5||Odin__Lola__before__1,26,21,546,M_PC_pairwise,9.21571691306956,-1.2836028616671578,0.19993104519543672
Odin-Nougatti,Non-partner,before,Odin,Lola,1,Odin__Lola__before__1,Nougatti,Tabor,5,Nougatti__Tabor__before__5,Nougatti__Tabor__before__5||Odin__Lola__before__1,26,21,546,spectro_DTW,0.0071109732094428914,-0.7670785093395058,0.2965634171224438
Odin-Nougatti,Non-partner,before,Odin,Lola,1,Odin__Lola__before__1,Nougatti,Tabor,5,Nougatti__Tabor__before__5,Nougatti__Tabor__before__5||Odin__Lola__before__1,26,21,546,chatter_cosine,0.9475520486250902,-0.37155479089357346,0.4783522639069473
Odin-Nougatti,Non-partner,before,Odin,Lola,1,Odin__Lola__before__1,Nougatti,Tabor,6,Nougatti__Tabor__before__6,Nougatti__Tabor__before__6||Odin__Lola__before__1,26,17,442,T_PC_pairwise,2.5651715775420763,-1.530645811919082,0.05139669844629838
Odin-Nougatti,Non-partner,before,Odin,Lola,1,Odin__Lola__before__1,Nougatti,Tabor,6,Nougatti__Tabor__before__6,Nougatti__Tabor__before__6||Odin__Lola__before__1,26,17,442,M_PC_pairwise,10.645693613393274,-0.822869718957291,0.30238034726910484
Odin-Nougatti,Non-partner,before,Odin,Lola,1,Odin__Lola__before__1,Nougatti,Tabor,6,Nougatti__Tabor__before__6,Nougatti__Tabor__before__6||Odin__Lola__before__1,26,17,442,spectro_DTW,0.008055277662067274,-0.49593911510852234,0.3531312645213428
Odin-Nougatti,Non-partner,before,Odin,Lola,1,Odin__Lola__before__1,Nougatti,Tabor,6,Nougatti__Tabor__before__6,Nougatti__Tabor__before__6||Odin__Lola__before__1,26,17,442,chatter_cosine,1.0229363319426101,0.9397133524928797,0.6830818936769294
Odin-Nougatti,Non-partner,before,Odin,Lola,1,Odin__Lola__before__1,Nougatti,Wuschel,1,Nougatti__Wuschel__before__1,Nougatti__Wuschel__before__1||Odin__Lola__before__1,26,34,884,T_PC_pairwise,2.7417045342167037,-1.330592388963568,0.093825254877595
Odin-Nougatti,Non-partner,before,Odin,Lola,1,Odin__Lola__before__1,Nougatti,Wuschel,1,Nougatti__Wuschel__before__1,Nougatti__Wuschel__before__1||Odin__Lola__before__1,26,34,884,M_PC_pairwise,9.571080449479737,-1.1691060597978062,0.22539072316040748
Odin-Nougatti,Non-partner,before,Odin,Lola,1,Odin__Lola__before__1,Nougatti,Wuschel,1,Nougatti__Wuschel__before__1,Nougatti__Wuschel__before__1||Odin__Lola__before__1,26,34,884,spectro_DTW,0.006602688845799082,-0.9130228751342977,0.26611502493500755
Odin-Nougatti,Non-partner,before,Odin,Lola,1,Odin__Lola__before__1,Nougatti,Wuschel,1,Nougatti__Wuschel__before__1,Nougatti__Wuschel__before__1||Odin__Lola__before__1,26,34,884,chatter_cosine,0.9590090252290484,-0.17226698474681454,0.5094672719057906
Odin-Nougatti,Non-partner,before,Odin,Lola,1,Odin__Lola__before__1,Nougatti,Wuschel,2,Nougatti__Wuschel__before__2,Nougatti__Wuschel__before__2||Odin__Lola__before__1,26,44,1144,T_PC_pairwise,2.4810302623554126,-1.6259977418484932,0.03117387656165263
Odin-Nougatti,Non-partner,before,Odin,Lola,1,Odin__Lola__before__1,Nougatti,Wuschel,2,Nougatti__Wuschel__before__2,Nougatti__Wuschel__before__2||Odin__Lola__before__1,26,44,1144,M_PC_pairwise,9.274455656330069,-1.264677458354561,0.20413932582711505
Odin-Nougatti,Non-partner,before,Odin,Lola,1,Odin__Lola__before__1,Nougatti,Wuschel,2,Nougatti__Wuschel__before__2,Nougatti__Wuschel__before__2||Odin__Lola__before__1,26,44,1144,spectro_DTW,0.005647624207117555,-1.187251855908306,0.2089025966902037
Odin-Nougatti,Non-partner,before,Odin,Lola,1,Odin__Lola__before__1,Nougatti,Wuschel,2,Nougatti__Wuschel__before__2,Nougatti__Wuschel__before__2||Odin__Lola__before__1,26,44,1144,chatter_cosine,0.873742216155975,-1.6554362277944716,0.2778985484933733
Odin-Nougatti,Non-partner,before,Odin,Lola,1,Odin__Lola__before__1,Nougatti,Wuschel,3,Nougatti__Wuschel__before__3,Nougatti__Wuschel__before__3||Odin__Lola__before__1,26,54,1404,T_PC_pairwise,2.8260983365383585,-1.2349543316358587,0.1141087604150665
Odin-Nougatti,Non-partner,before,Odin,Lola,1,Odin__Lola__before__1,Nougatti,Wuschel,3,Nougatti__Wuschel__before__3,Nougatti__Wuschel__before__3||Odin__Lola__before__1,26,54,1404,M_PC_pairwise,10.465689449908048,-0.8808663869621852,0.28948412251576366
Odin-Nougatti,Non-partner,before,Odin,Lola,1,Odin__Lola__before__1,Nougatti,Wuschel,3,Nougatti__Wuschel__before__3,Nougatti__Wuschel__before__3||Odin__Lola__before__1,26,54,1404,spectro_DTW,0.007425486927048072,-0.6767717670258337,0.31540412462192136
Odin-Nougatti,Non-partner,before,Odin,Lola,1,Odin__Lola__before__1,Nougatti,Wuschel,3,Nougatti__Wuschel__before__3,Nougatti__Wuschel__before__3||Odin__Lola__before__1,26,54,1404,chatter_cosine,0.9544298548431818,-0.2519191348486392,0.4970311006444229
Odin-Nougatti,Non-partner,before,Odin,Lola,1,Odin__Lola__before__1,Nougatti,Wuschel,4,Nougatti__Wuschel__before__4,Nougatti__Wuschel__before__4||Odin__Lola__before__1,26,52,1352,T_PC_pairwise,3.490327060905963,-0.48222672519786736,0.2737518460235093
Odin-Nougatti,Non-partner,before,Odin,Lola,1,Odin__Lola__before__1,Nougatti,Wuschel,4,Nougatti__Wuschel__before__4,Nougatti__Wuschel__before__4||Odin__Lola__before__1,26,52,1352,M_PC_pairwise,11.592426144688792,-0.5178360394919486,0.37020808674185735
Odin-Nougatti,Non-partner,before,Odin,Lola,1,Odin__Lola__before__1,Nougatti,Wuschel,4,Nougatti__Wuschel__before__4,Nougatti__Wuschel__before__4||Odin__Lola__before__1,26,52,1352,spectro_DTW,0.01012964803018034,0.09967760941051734,0.4773948599180422
Odin-Nougatti,Non-partner,before,Odin,Lola,1,Odin__Lola__before__1,Nougatti,Wuschel,4,Nougatti__Wuschel__before__4,Nougatti__Wuschel__before__4||Odin__Lola__before__1,26,52,1352,chatter_cosine,1.0019168306869515,0.5740906898706951,0.6259968552492902
Odin-Nougatti,Non-partner,before,Odin,Lola,1,Odin__Lola__before__1,Nougatti,Wuschel,5,Nougatti__Wuschel__before__5,Nougatti__Wuschel__before__5||Odin__Lola__before__1,26,10,260,T_PC_pairwise,2.8326466245146897,-1.2275335788832833,0.1156825991541085
Odin-Nougatti,Non-partner,before,Odin,Lola,1,Odin__Lola__before__1,Nougatti,Wuschel,5,Nougatti__Wuschel__before__5,Nougatti__Wuschel__before__5||Odin__Lola__before__1,26,10,260,M_PC_pairwise,10.36399807563195,-0.9136309672844423,0.28219854204501893
Odin-Nougatti,Non-partner,before,Odin,Lola,1,Odin__Lola__before__1,Nougatti,Wuschel,5,Nougatti__Wuschel__before__5,Nougatti__Wuschel__before__5||Odin__Lola__before__1,26,10,260,spectro_DTW,0.00805560343254071,-0.4958455761989257,0.3531507795563267
Odin-Nougatti,Non-partner,before,Odin,Lola,1,Odin__Lola__before__1,Nougatti,Wuschel,5,Nougatti__Wuschel__before__5,Nougatti__Wuschel__before__5||Odin__Lola__before__1,26,10,260,chatter_cosine,0.9623845263169362,-0.11355200000828018,0.5186345022301894
Odin-Nougatti,Non-partner,before,Odin,Lola,3,Odin__Lola__before__3,Nougatti,Tabor,1,Nougatti__Tabor__before__1,Nougatti__Tabor__before__1||Odin__Lola__before__3,18,9,162,T_PC_pairwise,2.932636887570958,-1.1142210577346259,0.13971461333762683
Odin-Nougatti,Non-partner,before,Odin,Lola,3,Odin__Lola__before__3,Nougatti,Tabor,1,Nougatti__Tabor__before__1,Nougatti__Tabor__before__1||Odin__Lola__before__3,18,9,162,M_PC_pairwise,11.160285939404995,-0.6570699968190988,0.33924781835477485
Odin-Nougatti,Non-partner,before,Odin,Lola,3,Odin__Lola__before__3,Nougatti,Tabor,1,Nougatti__Tabor__before__1,Nougatti__Tabor__before__1||Odin__Lola__before__3,18,9,162,spectro_DTW,0.006784615672429173,-0.8607859832825665,0.2770132145368631
Odin-Nougatti,Non-partner,before,Odin,Lola,3,Odin__Lola__before__3,Nougatti,Tabor,1,Nougatti__Tabor__before__1,Nougatti__Tabor__before__1||Odin__Lola__before__3,18,9,162,chatter_cosine,0.9146438824173845,-0.9439742410285118,0.38897983257752666
Odin-Nougatti,Non-partner,before,Odin,Lola,3,Odin__Lola__before__3,Nougatti,Tabor,3,Nougatti__Tabor__before__3,Nougatti__Tabor__before__3||Odin__Lola__before__3,18,11,198,T_PC_pairwise,3.1019698212845155,-0.9223269567881754,0.1804126907339326
Odin-Nougatti,Non-partner,before,Odin,Lola,3,Odin__Lola__before__3,Nougatti,Tabor,3,Nougatti__Tabor__before__3,Nougatti__Tabor__before__3||Odin__Lola__before__3,18,11,198,M_PC_pairwise,12.189261001769943,-0.32553808154651975,0.41296774467709463
Odin-Nougatti,Non-partner,before,Odin,Lola,3,Odin__Lola__before__3,Nougatti,Tabor,3,Nougatti__Tabor__before__3,Nougatti__Tabor__before__3||Odin__Lola__before__3,18,11,198,spectro_DTW,0.007200609521606391,-0.7413411157334863,0.3019330129278782
Odin-Nougatti,Non-partner,before,Odin,Lola,3,Odin__Lola__before__3,Nougatti,Tabor,3,Nougatti__Tabor__before__3,Nougatti__Tabor__before__3||Odin__Lola__before__3,18,11,198,chatter_cosine,0.8962182530550041,-1.264477928819362,0.3389392656101368
Odin-Nougatti,Non-partner,before,Odin,Lola,3,Odin__Lola__before__3,Nougatti,Tabor,4,Nougatti__Tabor__before__4,Nougatti__Tabor__before__4||Odin__Lola__before__3,18,31,558,T_PC_pairwise,3.034425029698025,-0.9988711161011562,0.16417873614861592
Odin-Nougatti,Non-partner,before,Odin,Lola,3,Odin__Lola__before__3,Nougatti,Tabor,4,Nougatti__Tabor__before__4,Nougatti__Tabor__before__4||Odin__Lola__before__3,18,31,558,M_PC_pairwise,10.886853533620048,-0.7451688949392564,0.3196580172547637
Odin-Nougatti,Non-partner,before,Odin,Lola,3,Odin__Lola__before__3,Nougatti,Tabor,4,Nougatti__Tabor__before__4,Nougatti__Tabor__before__4||Odin__Lola__before__3,18,31,558,spectro_DTW,0.006245992577878431,-1.015441549259652,0.2447474035122605
Odin-Nougatti,Non-partner,before,Odin,Lola,3,Odin__Lola__before__3,Nougatti,Tabor,4,Nougatti__Tabor__before__4,Nougatti__Tabor__before__4||Odin__Lola__before__3,18,31,558,chatter_cosine,0.894149874220185,-1.3004562409448392,0.3333219351210616
Odin-Nougatti,Non-partner,before,Odin,Lola,3,Odin__Lola__before__3,Nougatti,Tabor,5,Nougatti__Tabor__before__5,Nougatti__Tabor__before__5||Odin__Lola__before__3,18,21,378,T_PC_pairwise,3.038896794435839,-0.993803553311165,0.16525349593341648
Odin-Nougatti,Non-partner,before,Odin,Lola,3,Odin__Lola__before__3,Nougatti,Tabor,5,Nougatti__Tabor__before__5,Nougatti__Tabor__before__5||Odin__Lola__before__3,18,21,378,M_PC_pairwise,11.215344998571608,-0.639330173954335,0.3431924715670792
Odin-Nougatti,Non-partner,before,Odin,Lola,3,Odin__Lola__before__3,Nougatti,Tabor,5,Nougatti__Tabor__before__5,Nougatti__Tabor__before__5||Odin__Lola__before__3,18,21,378,spectro_DTW,0.007451290840334777,-0.6693626550621005,0.3169498886231818
Odin-Nougatti,Non-partner,before,Odin,Lola,3,Odin__Lola__before__3,Nougatti,Tabor,5,Nougatti__Tabor__before__5,Nougatti__Tabor__before__5||Odin__Lola__before__3,18,21,378,chatter_cosine,0.8720148400497184,-1.6854829850242352,0.2732073177070054
Odin-Nougatti,Non-partner,before,Odin,Lola,3,Odin__Lola__before__3,Nougatti,Tabor,6,Nougatti__Tabor__before__6,Nougatti__Tabor__before__6||Odin__Lola__before__3,18,17,306,T_PC_pairwise,2.715667898504952,-1.3600980302585362,0.08756751757807611
Odin-Nougatti,Non-partner,before,Odin,Lola,3,Odin__Lola__before__3,Nougatti,Tabor,6,Nougatti__Tabor__before__6,Nougatti__Tabor__before__6||Odin__Lola__before__3,18,17,306,M_PC_pairwise,11.167903636795243,-0.6546156032209183,0.33979358094018114
Odin-Nougatti,Non-partner,before,Odin,Lola,3,Odin__Lola__before__3,Nougatti,Tabor,6,Nougatti__Tabor__before__6,Nougatti__Tabor__before__6||Odin__Lola__before__3,18,17,306,spectro_DTW,0.006597904718992319,-0.9143965478313869,0.26582843541995244
Odin-Nougatti,Non-partner,before,Odin,Lola,3,Odin__Lola__before__3,Nougatti,Tabor,6,Nougatti__Tabor__before__6,Nougatti__Tabor__before__6||Odin__Lola__before__3,18,17,306,chatter_cosine,0.9023404889831356,-1.1579850023688827,0.35556611460001813
Odin-Nougatti,Non-partner,before,Odin,Lola,3,Odin__Lola__before__3,Nougatti,Wuschel,1,Nougatti__Wuschel__before__1,Nougatti__Wuschel__before__1||Odin__Lola__before__3,18,34,612,T_PC_pairwise,3.0793565791708972,-0.9479530867424205,0.17497774398412763
Odin-Nougatti,Non-partner,before,Odin,Lola,3,Odin__Lola__before__3,Nougatti,Wuschel,1,Nougatti__Wuschel__before__1,Nougatti__Wuschel__before__1||Odin__Lola__before__3,18,34,612,M_PC_pairwise,11.827357987173242,-0.4421418788206756,0.3870395521020721
Odin-Nougatti,Non-partner,before,Odin,Lola,3,Odin__Lola__before__3,Nougatti,Wuschel,1,Nougatti__Wuschel__before__1,Nougatti__Wuschel__before__1||Odin__Lola__before__3,18,34,612,spectro_DTW,0.0070304697932252426,-0.7901935623778722,0.2917409205737577
Odin-Nougatti,Non-partner,before,Odin,Lola,3,Odin__Lola__before__3,Nougatti,Wuschel,1,Nougatti__Wuschel__before__1,Nougatti__Wuschel__before__1||Odin__Lola__before__3,18,34,612,chatter_cosine,0.9265666482787506,-0.7365842869552673,0.4213598371780926
Odin-Nougatti,Non-partner,before,Odin,Lola,3,Odin__Lola__before__3,Nougatti,Wuschel,2,Nougatti__Wuschel__before__2,Nougatti__Wuschel__before__2||Odin__Lola__before__3,18,44,792,T_PC_pairwise,2.9141175152376446,-1.1352078689004046,0.1352636017592935
Odin-Nougatti,Non-partner,before,Odin,Lola,3,Odin__Lola__before__3,Nougatti,Wuschel,2,Nougatti__Wuschel__before__2,Nougatti__Wuschel__before__2||Odin__Lola__before__3,18,44,792,M_PC_pairwise,11.758443632210144,-0.4643458261526734,0.38210224958013017
Odin-Nougatti,Non-partner,before,Odin,Lola,3,Odin__Lola__before__3,Nougatti,Wuschel,2,Nougatti__Wuschel__before__2,Nougatti__Wuschel__before__2||Odin__Lola__before__3,18,44,792,spectro_DTW,0.00640736849913303,-0.9691054662190234,0.25441450659751724
Odin-Nougatti,Non-partner,before,Odin,Lola,3,Odin__Lola__before__3,Nougatti,Wuschel,2,Nougatti__Wuschel__before__2,Nougatti__Wuschel__before__2||Odin__Lola__before__3,18,44,792,chatter_cosine,0.9145968074374127,-0.9447930844116555,0.3888519857267386
Odin-Nougatti,Non-partner,before,Odin,Lola,3,Odin__Lola__before__3,Nougatti,Wuschel,3,Nougatti__Wuschel__before__3,Nougatti__Wuschel__before__3||Odin__Lola__before__3,18,54,972,T_PC_pairwise,3.154962296854444,-0.8622739993781309,0.19314909011513648
Odin-Nougatti,Non-partner,before,Odin,Lola,3,Odin__Lola__before__3,Nougatti,Wuschel,3,Nougatti__Wuschel__before__3,Nougatti__Wuschel__before__3||Odin__Lola__before__3,18,54,972,M_PC_pairwise,12.275878962175346,-0.29763009877752344,0.41917340494314603
Odin-Nougatti,Non-partner,before,Odin,Lola,3,Odin__Lola__before__3,Nougatti,Wuschel,3,Nougatti__Wuschel__before__3,Nougatti__Wuschel__before__3||Odin__Lola__before__3,18,54,972,spectro_DTW,0.007445929243220706,-0.6709021375770664,0.31662870618406463
Odin-Nougatti,Non-partner,before,Odin,Lola,3,Odin__Lola__before__3,Nougatti,Wuschel,3,Nougatti__Wuschel__before__3,Nougatti__Wuschel__before__3||Odin__Lola__before__3,18,54,972,chatter_cosine,0.952432234468774,-0.2866666424757608,0.4916059369143271
Odin-Nougatti,Non-partner,before,Odin,Lola,3,Odin__Lola__before__3,Nougatti,Wuschel,4,Nougatti__Wuschel__before__4,Nougatti__Wuschel__before__4||Odin__Lola__before__3,18,52,936,T_PC_pairwise,4.180169948145875,0.2995277612928364,0.43955113031201604
Odin-Nougatti,Non-partner,before,Odin,Lola,3,Odin__Lola__before__3,Nougatti,Wuschel,4,Nougatti__Wuschel__before__4,Nougatti__Wuschel__before__4||Odin__Lola__before__3,18,52,936,M_PC_pairwise,13.42736706468794,0.07337505965865908,0.5016706599136936
Odin-Nougatti,Non-partner,before,Odin,Lola,3,Odin__Lola__before__3,Nougatti,Wuschel,4,Nougatti__Wuschel__before__4,Nougatti__Wuschel__before__4||Odin__Lola__before__3,18,52,936,spectro_DTW,0.010926452545701869,0.32846515039753005,0.5251268346169949
Odin-Nougatti,Non-partner,before,Odin,Lola,3,Odin__Lola__before__3,Nougatti,Wuschel,4,Nougatti__Wuschel__before__4,Nougatti__Wuschel__before__4||Odin__Lola__before__3,18,52,936,chatter_cosine,0.9906494046250979,0.37810001114208047,0.5953966311098928
Odin-Nougatti,Non-partner,before,Odin,Lola,3,Odin__Lola__before__3,Nougatti,Wuschel,5,Nougatti__Wuschel__before__5,Nougatti__Wuschel__before__5||Odin__Lola__before__3,18,10,180,T_PC_pairwise,3.146949378318257,-0.8713545235546022,0.19122323687676007
Odin-Nougatti,Non-partner,before,Odin,Lola,3,Odin__Lola__before__3,Nougatti,Wuschel,5,Nougatti__Wuschel__before__5,Nougatti__Wuschel__before__5||Odin__Lola__before__3,18,10,180,M_PC_pairwise,11.364080186684927,-0.5914082528240958,0.35384846072589266
Odin-Nougatti,Non-partner,before,Odin,Lola,3,Odin__Lola__before__3,Nougatti,Wuschel,5,Nougatti__Wuschel__before__5,Nougatti__Wuschel__before__5||Odin__Lola__before__3,18,10,180,spectro_DTW,0.007309300693062445,-0.7101324750192051,0.30844407573547816
Odin-Nougatti,Non-partner,before,Odin,Lola,3,Odin__Lola__before__3,Nougatti,Wuschel,5,Nougatti__Wuschel__before__5,Nougatti__Wuschel__before__5||Odin__Lola__before__3,18,10,180,chatter_cosine,0.917013461391131,-0.9027567181607165,0.39541516637200635
Odin-Nougatti,Non-partner,before,Odin,Lola,4,Odin__Lola__before__4,Nougatti,Tabor,1,Nougatti__Tabor__before__1,Nougatti__Tabor__before__1||Odin__Lola__before__4,9,9,81,T_PC_pairwise,3.6961224653102733,-0.24901205607816201,0.32321344284683357
Odin-Nougatti,Non-partner,before,Odin,Lola,4,Odin__Lola__before__4,Nougatti,Tabor,1,Nougatti__Tabor__before__1,Nougatti__Tabor__before__1||Odin__Lola__before__4,9,9,81,M_PC_pairwise,13.186776081720987,-0.004142454902890721,0.48443375088951
Odin-Nougatti,Non-partner,before,Odin,Lola,4,Odin__Lola__before__4,Nougatti,Tabor,1,Nougatti__Tabor__before__1,Nougatti__Tabor__before__1||Odin__Lola__before__4,9,9,81,spectro_DTW,0.008436757131238226,-0.3864044074248846,0.3759835049591618
Odin-Nougatti,Non-partner,before,Odin,Lola,4,Odin__Lola__before__4,Nougatti,Tabor,1,Nougatti__Tabor__before__1,Nougatti__Tabor__before__1||Odin__Lola__before__4,9,9,81,chatter_cosine,1.012367022626194,0.7558660305539169,0.654377624192001
Odin-Nougatti,Non-partner,before,Odin,Lola,4,Odin__Lola__before__4,Nougatti,Tabor,3,Nougatti__Tabor__before__3,Nougatti__Tabor__before__3||Odin__Lola__before__4,9,11,99,T_PC_pairwise,4.151848340275312,0.2674327083076153,0.43274421470601954
Odin-Nougatti,Non-partner,before,Odin,Lola,4,Odin__Lola__before__4,Nougatti,Tabor,3,Nougatti__Tabor__before__3,Nougatti__Tabor__before__3||Odin__Lola__before__4,9,11,99,M_PC_pairwise,14.791849097820243,0.5130060656420992,0.5994276596989481
Odin-Nougatti,Non-partner,before,Odin,Lola,4,Odin__Lola__before__4,Nougatti,Tabor,3,Nougatti__Tabor__before__3,Nougatti__Tabor__before__3||Odin__Lola__before__4,9,11,99,spectro_DTW,0.009273832525136043,-0.14605383553427856,0.42612787631289945
Odin-Nougatti,Non-partner,before,Odin,Lola,4,Odin__Lola__before__4,Nougatti,Tabor,3,Nougatti__Tabor__before__3,Nougatti__Tabor__before__3||Odin__Lola__before__4,9,11,99,chatter_cosine,0.9835126053805303,0.2539593138600117,0.576014417699058
Odin-Nougatti,Non-partner,before,Odin,Lola,4,Odin__Lola__before__4,Nougatti,Tabor,4,Nougatti__Tabor__before__4,Nougatti__Tabor__before__4||Odin__Lola__before__4,9,31,279,T_PC_pairwise,3.915099739601108,-8.592233349135328e-4,0.3758432169945837
Odin-Nougatti,Non-partner,before,Odin,Lola,4,Odin__Lola__before__4,Nougatti,Tabor,4,Nougatti__Tabor__before__4,Nougatti__Tabor__before__4||Odin__Lola__before__4,9,31,279,M_PC_pairwise,13.907413114356311,0.22804410081093565,0.536063096336338
Odin-Nougatti,Non-partner,before,Odin,Lola,4,Odin__Lola__before__4,Nougatti,Tabor,4,Nougatti__Tabor__before__4,Nougatti__Tabor__before__4||Odin__Lola__before__4,9,31,279,spectro_DTW,0.008404385437020585,-0.3956993350681976,0.3740443029852029
Odin-Nougatti,Non-partner,before,Odin,Lola,4,Odin__Lola__before__4,Nougatti,Tabor,4,Nougatti__Tabor__before__4,Nougatti__Tabor__before__4||Odin__Lola__before__4,9,31,279,chatter_cosine,0.9816956953763107,0.22235516372306172,0.5710800295730546
Odin-Nougatti,Non-partner,before,Odin,Lola,4,Odin__Lola__before__4,Nougatti,Tabor,5,Nougatti__Tabor__before__5,Nougatti__Tabor__before__5||Odin__Lola__before__4,9,21,189,T_PC_pairwise,4.133876393711756,0.247066259487299,0.4284247733772398
Odin-Nougatti,Non-partner,before,Odin,Lola,4,Odin__Lola__before__4,Nougatti,Tabor,5,Nougatti__Tabor__before__5,Nougatti__Tabor__before__5||Odin__Lola__before__4,9,21,189,M_PC_pairwise,14.74431797562453,0.49769171590423233,0.5960223382733425
Odin-Nougatti,Non-partner,before,Odin,Lola,4,Odin__Lola__before__4,Nougatti,Tabor,5,Nougatti__Tabor__before__5,Nougatti__Tabor__before__5||Odin__Lola__before__4,9,21,189,spectro_DTW,0.010212101310826642,0.12335252961730372,0.48233416162754483
Odin-Nougatti,Non-partner,before,Odin,Lola,4,Odin__Lola__before__4,Nougatti,Tabor,5,Nougatti__Tabor__before__5,Nougatti__Tabor__before__5||Odin__Lola__before__4,9,21,189,chatter_cosine,1.0037077854550074,0.6052433629511859,0.6308607538029778
Odin-Nougatti,Non-partner,before,Odin,Lola,4,Odin__Lola__before__4,Nougatti,Tabor,6,Nougatti__Tabor__before__6,Nougatti__Tabor__before__6||Odin__Lola__before__4,9,17,153,T_PC_pairwise,3.531598394602732,-0.43545658249190455,0.2836711446277677
Odin-Nougatti,Non-partner,before,Odin,Lola,4,Odin__Lola__before__4,Nougatti,Tabor,6,Nougatti__Tabor__before__6,Nougatti__Tabor__before__6||Odin__Lola__before__4,9,17,153,M_PC_pairwise,13.52021768669677,0.1032911826773134,0.5083228532114985
Odin-Nougatti,Non-partner,before,Odin,Lola,4,Odin__Lola__before__4,Nougatti,Tabor,6,Nougatti__Tabor__before__6,Nougatti__Tabor__before__6||Odin__Lola__before__4,9,17,153,spectro_DTW,0.008117485561657672,-0.4780772781083406,0.3568577819186249
Odin-Nougatti,Non-partner,before,Odin,Lola,4,Odin__Lola__before__4,Nougatti,Tabor,6,Nougatti__Tabor__before__6,Nougatti__Tabor__before__6||Odin__Lola__before__4,9,17,153,chatter_cosine,0.9960534652463751,0.47210067316022153,0.61007305013995194
Odin-Nougatti,Non-partner,before,Odin,Lola,4,Odin__Lola__before__4,Nougatti,Wuschel,1,Nougatti__Wuschel__before__1,Nougatti__Wuschel__before__1||Odin__Lola__before__4,9,34,306,T_PC_pairwise,4.046846539366479,0.14844093428424052,0.40750770975437206
Odin-Nougatti,Non-partner,before,Odin,Lola,4,Odin__Lola__before__4,Nougatti,Wuschel,1,Nougatti__Wuschel__before__1,Nougatti__Wuschel__before__1||Odin__Lola__before__4,9,34,306,M_PC_pairwise,15.087138190768123,0.6081471065912446,0.6205833620790137
Odin-Nougatti,Non-partner,before,Odin,Lola,4,Odin__Lola__before__4,Nougatti,Wuschel,1,Nougatti__Wuschel__before__1,Nougatti__Wuschel__before__1||Odin__Lola__before__4,9,34,306,spectro_DTW,0.009866733174372366,0.02418651695618965,0.4616451433929154
Odin-Nougatti,Non-partner,before,Odin,Lola,4,Odin__Lola__before__4,Nougatti,Wuschel,1,Nougatti__Wuschel__before__1,Nougatti__Wuschel__before__1||Odin__Lola__before__4,9,34,306,chatter_cosine,1.0049670363952912,0.6271473404098374,0.6342806440963685
Odin-Nougatti,Non-partner,before,Odin,Lola,4,Odin__Lola__before__4,Nougatti,Wuschel,2,Nougatti__Wuschel__before__2,Nougatti__Wuschel__before__2||Odin__Lola__before__4,9,44,396,T_PC_pairwise,3.8380805997535434,-0.08814005094827247,0.35733216397157613
Odin-Nougatti,Non-partner,before,Odin,Lola,4,Odin__Lola__before__4,Nougatti,Wuschel,2,Nougatti__Wuschel__before__2,Nougatti__Wuschel__before__2||Odin__Lola__before__4,9,44,396,M_PC_pairwise,14.550158379655896,0.4351342205145132,0.5821119612067869
Odin-Nougatti,Non-partner,before,Odin,Lola,4,Odin__Lola__before__4,Nougatti,Wuschel,2,Nougatti__Wuschel__before__2,Nougatti__Wuschel__before__2||Odin__Lola__before__4,9,44,396,spectro_DTW,0.00901290400758047,-0.22097458804263123,0.41049714988554475
Odin-Nougatti,Non-partner,before,Odin,Lola,4,Odin__Lola__before__4,Nougatti,Wuschel,2,Nougatti__Wuschel__before__2,Nougatti__Wuschel__before__2||Odin__Lola__before__4,9,44,396,chatter_cosine,0.9490265227628477,-0.3459071242978065,0.48235666019545514
Odin-Nougatti,Non-partner,before,Odin,Lola,4,Odin__Lola__before__4,Nougatti,Wuschel,3,Nougatti__Wuschel__before__3,Nougatti__Wuschel__before__3||Odin__Lola__before__4,9,54,486,T_PC_pairwise,3.9640877544266697,0.054655736785038066,0.38761717008887453
Odin-Nougatti,Non-partner,before,Odin,Lola,4,Odin__Lola__before__4,Nougatti,Wuschel,3,Nougatti__Wuschel__before__3,Nougatti__Wuschel__before__3||Odin__Lola__before__4,9,54,486,M_PC_pairwise,14.68489080005222,0.4785445022764836,0.5917647355723934
Odin-Nougatti,Non-partner,before,Odin,Lola,4,Odin__Lola__before__4,Nougatti,Wuschel,3,Nougatti__Wuschel__before__3,Nougatti__Wuschel__before__3||Odin__Lola__before__4,9,54,486,spectro_DTW,0.00954701569661452,-0.06761438793565923,0.4424927085586801
Odin-Nougatti,Non-partner,before,Odin,Lola,4,Odin__Lola__before__4,Nougatti,Wuschel,3,Nougatti__Wuschel__before__3,Nougatti__Wuschel__before__3||Odin__Lola__before__4,9,54,486,chatter_cosine,0.9919829337317266,0.40129601644779783,0.5990182470260071
Odin-Nougatti,Non-partner,before,Odin,Lola,4,Odin__Lola__before__4,Nougatti,Wuschel,4,Nougatti__Wuschel__before__4,Nougatti__Wuschel__before__4||Odin__Lola__before__4,9,52,468,T_PC_pairwise,5.046669344362031,1.2814756846000241,0.6478086660298532
Odin-Nougatti,Non-partner,before,Odin,Lola,4,Odin__Lola__before__4,Nougatti,Wuschel,4,Nougatti__Wuschel__before__4,Nougatti__Wuschel__before__4||Odin__Lola__before__4,9,52,468,M_PC_pairwise,15.379638463004023,0.7023895999411224,0.6415392620878335
Odin-Nougatti,Non-partner,before,Odin,Lola,4,Odin__Lola__before__4,Nougatti,Wuschel,4,Nougatti__Wuschel__before__4,Nougatti__Wuschel__before__4||Odin__Lola__before__4,9,52,468,spectro_DTW,0.012670931584922135,0.8293597386082413,0.629628538285698
Odin-Nougatti,Non-partner,before,Odin,Lola,4,Odin__Lola__before__4,Nougatti,Wuschel,4,Nougatti__Wuschel__before__4,Nougatti__Wuschel__before__4||Odin__Lola__before__4,9,52,468,chatter_cosine,0.99085971674858,0.38175827484843516,0.5959677995455636
Odin-Nougatti,Non-partner,before,Odin,Lola,4,Odin__Lola__before__4,Nougatti,Wuschel,5,Nougatti__Wuschel__before__5,Nougatti__Wuschel__before__5||Odin__Lola__before__4,9,10,90,T_PC_pairwise,3.866692684094111,-0.05571581969964286,0.364208893721808
Odin-Nougatti,Non-partner,before,Odin,Lola,4,Odin__Lola__before__4,Nougatti,Wuschel,5,Nougatti__Wuschel__before__5,Nougatti__Wuschel__before__5||Odin__Lola__before__4,9,10,90,M_PC_pairwise,13.943588643603855,0.23969972098687306,0.538654857252944
Odin-Nougatti,Non-partner,before,Odin,Lola,4,Odin__Lola__before__4,Nougatti,Wuschel,5,Nougatti__Wuschel__before__5,Nougatti__Wuschel__before__5||Odin__Lola__before__4,9,10,90,spectro_DTW,0.009047386536581648,-0.211073573598669,0.41256279982825733
Odin-Nougatti,Non-partner,before,Odin,Lola,4,Odin__Lola__before__4,Nougatti,Wuschel,5,Nougatti__Wuschel__before__5,Nougatti__Wuschel__before__5||Odin__Lola__before__4,9,10,90,chatter_cosine,0.9842149866951837,0.26617685048545886,0.577921954126786
Odin-Nougatti,Non-partner,before,Odin,Lola,5,Odin__Lola__before__5,Nougatti,Tabor,1,Nougatti__Tabor__before__1,Nougatti__Tabor__before__1||Odin__Lola__before__5,7,9,63,T_PC_pairwise,3.014209564243044,-1.0217800002952948,0.15932007953855037
Odin-Nougatti,Non-partner,before,Odin,Lola,5,Odin__Lola__before__5,Nougatti,Tabor,1,Nougatti__Tabor__before__1,Nougatti__Tabor__before__1||Odin__Lola__before__5,7,9,63,M_PC_pairwise,11.205512219005161,-0.6424982587421477,0.3424880115546898
Odin-Nougatti,Non-partner,before,Odin,Lola,5,Odin__Lola__before__5,Nougatti,Tabor,1,Nougatti__Tabor__before__1,Nougatti__Tabor__before__1||Odin__Lola__before__5,7,9,63,spectro_DTW,0.0081708167369167,-0.46276422677921475,0.3600525458268881
Odin-Nougatti,Non-partner,before,Odin,Lola,5,Odin__Lola__before__5,Nougatti,Tabor,1,Nougatti__Tabor__before__1,Nougatti__Tabor__before__1||Odin__Lola__before__5,7,9,63,chatter_cosine,0.9572564557431236,-0.2027519669583562,0.5047076206070142
Odin-Nougatti,Non-partner,before,Odin,Lola,5,Odin__Lola__before__5,Nougatti,Tabor,3,Nougatti__Tabor__before__3,Nougatti__Tabor__before__3||Odin__Lola__before__5,7,11,77,T_PC_pairwise,3.4101966607880283,-0.5730333435673414,0.25449302168096766
Odin-Nougatti,Non-partner,before,Odin,Lola,5,Odin__Lola__before__5,Nougatti,Tabor,3,Nougatti__Tabor__before__3,Nougatti__Tabor__before__3||Odin__Lola__before__5,7,11,77,M_PC_pairwise,12.493450130735125,-0.22752948229131595,0.43476108155721666
Odin-Nougatti,Non-partner,before,Odin,Lola,5,Odin__Lola__before__5,Nougatti,Tabor,3,Nougatti__Tabor__before__3,Nougatti__Tabor__before__3||Odin__Lola__before__5,7,11,77,spectro_DTW,0.008895332855474832,-0.2547329494189506,0.40345413852163464
Odin-Nougatti,Non-partner,before,Odin,Lola,5,Odin__Lola__before__5,Nougatti,Tabor,3,Nougatti__Tabor__before__3,Nougatti__Tabor__before__3||Odin__Lola__before__5,7,11,77,chatter_cosine,0.9230210889469493,-0.798257341306598,0.4117307604344729
Odin-Nougatti,Non-partner,before,Odin,Lola,5,Odin__Lola__before__5,Nougatti,Tabor,4,Nougatti__Tabor__before__4,Nougatti__Tabor__before__4||Odin__Lola__before__5,7,31,217,T_PC_pairwise,3.2307200857571194,-0.7764225795015852,0.21135698558188365
Odin-Nougatti,Non-partner,before,Odin,Lola,5,Odin__Lola__before__5,Nougatti,Tabor,4,Nougatti__Tabor__before__4,Nougatti__Tabor__before__4||Odin__Lola__before__5,7,31,217,M_PC_pairwise,11.395966493588988,-0.5811346040394731,0.3561329244428807
Odin-Nougatti,Non-partner,before,Odin,Lola,5,Odin__Lola__before__5,Nougatti,Tabor,4,Nougatti__Tabor__before__4,Nougatti__Tabor__before__4||Odin__Lola__before__5,7,31,217,spectro_DTW,0.007940191817405517,-0.5289838668508525,0.34623713362901587
Odin-Nougatti,Non-partner,before,Odin,Lola,5,Odin__Lola__before__5,Nougatti,Tabor,4,Nougatti__Tabor__before__4,Nougatti__Tabor__before__4||Odin__Lola__before__5,7,31,217,chatter_cosine,0.9327882702724175,-0.6283625945618353,0.4382566001540985
Odin-Nougatti,Non-partner,before,Odin,Lola,5,Odin__Lola__before__5,Nougatti,Tabor,5,Nougatti__Tabor__before__5,Nougatti__Tabor__before__5||Odin__Lola__before__5,7,21,147,T_PC_pairwise,3.388933615011423,-0.59712938302761,0.24938258590382978
Odin-Nougatti,Non-partner,before,Odin,Lola,5,Odin__Lola__before__5,Nougatti,Tabor,5,Nougatti__Tabor__before__5,Nougatti__Tabor__before__5||Odin__Lola__before__5,7,21,147,M_PC_pairwise,11.643893138081038,-0.5012535667802817,0.37389538986481874
Odin-Nougatti,Non-partner,before,Odin,Lola,5,Odin__Lola__before__5,Nougatti,Tabor,5,Nougatti__Tabor__before__5,Nougatti__Tabor__before__5||Odin__Lola__before__5,7,21,147,spectro_DTW,0.00943692867029585,-0.09922382231434837,0.4358980281162803
Odin-Nougatti,Non-partner,before,Odin,Lola,5,Odin__Lola__before__5,Nougatti,Tabor,5,Nougatti__Tabor__before__5,Nougatti__Tabor__before__5||Odin__Lola__before__5,7,21,147,chatter_cosine,0.905861305136259,-1.0967423420007343,0.36512799349301017
Odin-Nougatti,Non-partner,before,Odin,Lola,5,Odin__Lola__before__5,Nougatti,Tabor,6,Nougatti__Tabor__before__6,Nougatti__Tabor__before__6||Odin__Lola__before__5,7,17,119,T_PC_pairwise,2.862769211540703,-1.1933975922871025,0.1229223684729075
Odin-Nougatti,Non-partner,before,Odin,Lola,5,Odin__Lola__before__5,Nougatti,Tabor,6,Nougatti__Tabor__before__6,Nougatti__Tabor__before__6||Odin__Lola__before__5,7,17,119,M_PC_pairwise,11.076694454465594,-0.6840028605162458,0.3332589870057015
Odin-Nougatti,Non-partner,before,Odin,Lola,5,Odin__Lola__before__5,Nougatti,Tabor,6,Nougatti__Tabor__before__6,Nougatti__Tabor__before__6||Odin__Lola__before__5,7,17,119,spectro_DTW,0.007786359908959257,-0.5731538274537028,0.337021948952204
Odin-Nougatti,Non-partner,before,Odin,Lola,5,Odin__Lola__before__5,Nougatti,Tabor,6,Nougatti__Tabor__before__6,Nougatti__Tabor__before__6||Odin__Lola__before__5,7,17,119,chatter_cosine,0.9088550475465149,-1.0446678394742737,0.37325843857128754
Odin-Nougatti,Non-partner,before,Odin,Lola,5,Odin__Lola__before__5,Nougatti,Wuschel,1,Nougatti__Wuschel__before__1,Nougatti__Wuschel__before__1||Odin__Lola__before__5,7,34,238,T_PC_pairwise,3.3701021531048942,-0.6184698651937871,0.2448565656114398
Odin-Nougatti,Non-partner,before,Odin,Lola,5,Odin__Lola__before__5,Nougatti,Wuschel,1,Nougatti__Wuschel__before__1,Nougatti__Wuschel__before__1||Odin__Lola__before__5,7,34,238,M_PC_pairwise,12.582034849319138,-0.1989878173956278,0.4411076483168498
Odin-Nougatti,Non-partner,before,Odin,Lola,5,Odin__Lola__before__5,Nougatti,Wuschel,1,Nougatti__Wuschel__before__1,Nougatti__Wuschel__before__1||Odin__Lola__before__5,7,34,238,spectro_DTW,0.009037979392769175,-0.21377465932125467,0.4119992719595021
Odin-Nougatti,Non-partner,before,Odin,Lola,5,Odin__Lola__before__5,Nougatti,Wuschel,1,Nougatti__Wuschel__before__1,Nougatti__Wuschel__before__1||Odin__Lola__before__5,7,34,238,chatter_cosine,0.9586295813572507,-0.17886720218465627,0.5084367732398496
Odin-Nougatti,Non-partner,before,Odin,Lola,5,Odin__Lola__before__5,Nougatti,Wuschel,2,Nougatti__Wuschel__before__2,Nougatti__Wuschel__before__2||Odin__Lola__before__5,7,44,308,T_PC_pairwise,3.234516871633468,-0.7721199267556019,0.21226951855502765
Odin-Nougatti,Non-partner,before,Odin,Lola,5,Odin__Lola__before__5,Nougatti,Wuschel,2,Nougatti__Wuschel__before__2,Nougatti__Wuschel__before__2||Odin__Lola__before__5,7,44,308,M_PC_pairwise,13.253174633948834,0.01725091020046784,0.48919081114993596
Odin-Nougatti,Non-partner,before,Odin,Lola,5,Odin__Lola__before__5,Nougatti,Wuschel,2,Nougatti__Wuschel__before__2,Nougatti__Wuschel__before__2||Odin__Lola__before__5,7,44,308,spectro_DTW,0.008368927399195465,-0.4058804486590562,0.3719202159207171
Odin-Nougatti,Non-partner,before,Odin,Lola,5,Odin__Lola__before__5,Nougatti,Wuschel,2,Nougatti__Wuschel__before__2,Nougatti__Wuschel__before__2||Odin__Lola__before__5,7,44,308,chatter_cosine,0.9773194734732826,0.14623319084894734,0.5591950284750868
Odin-Nougatti,Non-partner,before,Odin,Lola,5,Odin__Lola__before__5,Nougatti,Wuschel,3,Nougatti__Wuschel__before__3,Nougatti__Wuschel__before__3||Odin__Lola__before__5,7,54,378,T_PC_pairwise,3.380812930800612,-0.6063320310980653,0.24743083188129797
Odin-Nougatti,Non-partner,before,Odin,Lola,5,Odin__Lola__before__5,Nougatti,Wuschel,3,Nougatti__Wuschel__before__3,Nougatti__Wuschel__before__3||Odin__Lola__before__5,7,54,378,M_PC_pairwise,12.834724381487206,-0.1175721955471567,0.4592113462345011
Odin-Nougatti,Non-partner,before,Odin,Lola,5,Odin__Lola__before__5,Nougatti,Wuschel,3,Nougatti__Wuschel__before__3,Nougatti__Wuschel__before__3||Odin__Lola__before__5,7,54,378,spectro_DTW,0.009083074495373737,-0.2008264424945692,0.41470066013519385
Odin-Nougatti,Non-partner,before,Odin,Lola,5,Odin__Lola__before__5,Nougatti,Wuschel,3,Nougatti__Wuschel__before__3,Nougatti__Wuschel__before__3||Odin__Lola__before__5,7,54,378,chatter_cosine,0.9964008808293671,0.47814377613136266,0.6110165659572038
Odin-Nougatti,Non-partner,before,Odin,Lola,5,Odin__Lola__before__5,Nougatti,Wuschel,4,Nougatti__Wuschel__before__4,Nougatti__Wuschel__before__4||Odin__Lola__before__5,7,52,364,T_PC_pairwise,4.505667131680709,0.6683927423996857,0.5177822769487886
Odin-Nougatti,Non-partner,before,Odin,Lola,5,Odin__Lola__before__5,Nougatti,Wuschel,4,Nougatti__Wuschel__before__4,Nougatti__Wuschel__before__4||Odin__Lola__before__5,7,52,364,M_PC_pairwise,12.950522592434517,-0.08026244522894731,0.46750759741834613
Odin-Nougatti,Non-partner,before,Odin,Lola,5,Odin__Lola__before__5,Nougatti,Wuschel,4,Nougatti__Wuschel__before__4,Nougatti__Wuschel__before__4||Odin__Lola__before__5,7,52,364,spectro_DTW,0.012339498765848495,0.7341949921727615,0.6097743047487921
Odin-Nougatti,Non-partner,before,Odin,Lola,5,Odin__Lola__before__5,Nougatti,Wuschel,4,Nougatti__Wuschel__before__4,Nougatti__Wuschel__before__4||Odin__Lola__before__5,7,52,364,chatter_cosine,0.988146247608321,0.3345589716900161,0.5885985243063524
Odin-Nougatti,Non-partner,before,Odin,Lola,5,Odin__Lola__before__5,Nougatti,Wuschel,5,Nougatti__Wuschel__before__5,Nougatti__Wuschel__before__5||Odin__Lola__before__5,7,10,70,T_PC_pairwise,3.330869040318898,-0.6629302234967668,0.23542714024423117
Odin-Nougatti,Non-partner,before,Odin,Lola,5,Odin__Lola__before__5,Nougatti,Wuschel,5,Nougatti__Wuschel__before__5,Nougatti__Wuschel__before__5||Odin__Lola__before__5,7,10,70,M_PC_pairwise,11.151478098120009,-0.659907850327343,0.3386167890574317
Odin-Nougatti,Non-partner,before,Odin,Lola,5,Odin__Lola__before__5,Nougatti,Wuschel,5,Nougatti__Wuschel__before__5,Nougatti__Wuschel__before__5||Odin__Lola__before__5,7,10,70,spectro_DTW,0.008719395099407327,-0.30525019146935634,0.39291471968349206
Odin-Nougatti,Non-partner,before,Odin,Lola,5,Odin__Lola__before__5,Nougatti,Wuschel,5,Nougatti__Wuschel__before__5,Nougatti__Wuschel__before__5||Odin__Lola__before__5,7,10,70,chatter_cosine,0.921716810124261,-0.8209445540122118,0.40818858282483633
Odin-Nougatti,Non-partner,before,Odin,Lola,6,Odin__Lola__before__6,Nougatti,Tabor,1,Nougatti__Tabor__before__1,Nougatti__Tabor__before__1||Odin__Lola__before__6,15,9,135,T_PC_pairwise,3.4318852018426966,-0.5484551177299151,0.2597057225011695
Odin-Nougatti,Non-partner,before,Odin,Lola,6,Odin__Lola__before__6,Nougatti,Tabor,1,Nougatti__Tabor__before__1,Nougatti__Tabor__before__1||Odin__Lola__before__6,15,9,135,M_PC_pairwise,10.80096166310487,-0.7728429342622248,0.3135043769988841
Odin-Nougatti,Non-partner,before,Odin,Lola,6,Odin__Lola__before__6,Nougatti,Tabor,1,Nougatti__Tabor__before__1,Nougatti__Tabor__before__1||Odin__Lola__before__6,15,9,135,spectro_DTW,0.007855232942125036,-0.5533782217795784,0.3411477361590666
Odin-Nougatti,Non-partner,before,Odin,Lola,6,Odin__Lola__before__6,Nougatti,Tabor,1,Nougatti__Tabor__before__1,Nougatti__Tabor__before__1||Odin__Lola__before__6,15,9,135,chatter_cosine,0.9241863228656627,-0.7779887382243544,0.41489531806207286
Odin-Nougatti,Non-partner,before,Odin,Lola,6,Odin__Lola__before__6,Nougatti,Tabor,3,Nougatti__Tabor__before__3,Nougatti__Tabor__before__3||Odin__Lola__before__6,15,11,165,T_PC_pairwise,3.6256523710308652,-0.32887127240895386,0.3062764106451722
Odin-Nougatti,Non-partner,before,Odin,Lola,6,Odin__Lola__before__6,Nougatti,Tabor,3,Nougatti__Tabor__before__3,Nougatti__Tabor__before__3||Odin__Lola__before__6,15,11,165,M_PC_pairwise,11.970931201270133,-0.3958831264054491,0.39732571660906724
Odin-Nougatti,Non-partner,before,Odin,Lola,6,Odin__Lola__before__6,Nougatti,Tabor,3,Nougatti__Tabor__before__3,Nougatti__Tabor__before__3||Odin__Lola__before__6,15,11,165,spectro_DTW,0.008441546594611172,-0.385029202432445,0.37627041415719686
Odin-Nougatti,Non-partner,before,Odin,Lola,6,Odin__Lola__before__6,Nougatti,Tabor,3,Nougatti__Tabor__before__3,Nougatti__Tabor__before__3||Odin__Lola__before__6,15,11,165,chatter_cosine,0.9423860415364756,-0.4614146426517525,0.46432235379708536
Odin-Nougatti,Non-partner,before,Odin,Lola,6,Odin__Lola__before__6,Nougatti,Tabor,4,Nougatti__Tabor__before__4,Nougatti__Tabor__before__4||Odin__Lola__before__6,15,31,465,T_PC_pairwise,3.5787395608040593,-0.3820345368957819,0.29500121957856934
Odin-Nougatti,Non-partner,before,Odin,Lola,6,Odin__Lola__before__6,Nougatti,Tabor,4,Nougatti__Tabor__before__4,Nougatti__Tabor__before__4||Odin__Lola__before__6,15,31,465,M_PC_pairwise,10.98728390867992,-0.7128106038465479,0.3268532546523741
Odin-Nougatti,Non-partner,before,Odin,Lola,6,Odin__Lola__before__6,Nougatti,Tabor,4,Nougatti__Tabor__before__4,Nougatti__Tabor__before__4||Odin__Lola__before__6,15,31,465,spectro_DTW,0.007651339120842436,-0.6119225260411563,0.3289336302784494
Odin-Nougatti,Non-partner,before,Odin,Lola,6,Odin__Lola__before__6,Nougatti,Tabor,4,Nougatti__Tabor__before__4,Nougatti__Tabor__before__4||Odin__Lola__before__6,15,31,465,chatter_cosine,0.9359547367659948,-0.5732836516124159,0.44685613157338144
Odin-Nougatti,Non-partner,before,Odin,Lola,6,Odin__Lola__before__6,Nougatti,Tabor,5,Nougatti__Tabor__before__5,Nougatti__Tabor__before__5||Odin__Lola__before__6,15,21,315,T_PC_pairwise,3.4945117558751786,-0.47748448007612915,0.27475761044276376
Odin-Nougatti,Non-partner,before,Odin,Lola,6,Odin__Lola__before__6,Nougatti,Tabor,5,Nougatti__Tabor__before__5,Nougatti__Tabor__before__5||Odin__Lola__before__6,15,21,315,M_PC_pairwise,11.316080397651309,-0.6068736052636587,0.3504095621165207
Odin-Nougatti,Non-partner,before,Odin,Lola,6,Odin__Lola__before__6,Nougatti,Tabor,5,Nougatti__Tabor__before__5,Nougatti__Tabor__before__5||Odin__Lola__before__6,15,21,315,spectro_DTW,0.008891414731208767,-0.2558579656539901,0.40321942623688717
Odin-Nougatti,Non-partner,before,Odin,Lola,6,Odin__Lola__before__6,Nougatti,Tabor,5,Nougatti__Tabor__before__5,Nougatti__Tabor__before__5||Odin__Lola__before__6,15,21,315,chatter_cosine,0.9255098381685832,-0.7549669175260763,0.41848973835815134
Odin-Nougatti,Non-partner,before,Odin,Lola,6,Odin__Lola__before__6,Nougatti,Tabor,6,Nougatti__Tabor__before__6,Nougatti__Tabor__before__6||Odin__Lola__before__6,15,17,255,T_PC_pairwise,3.254075127021939,-0.7499558163752758,0.21697021896858806
Odin-Nougatti,Non-partner,before,Odin,Lola,6,Odin__Lola__before__6,Nougatti,Tabor,6,Nougatti__Tabor__before__6,Nougatti__Tabor__before__6||Odin__Lola__before__6,15,17,255,M_PC_pairwise,11.014443146948722,-0.7040599988902866,0.32879905209429133
Odin-Nougatti,Non-partner,before,Odin,Lola,6,Odin__Lola__before__6,Nougatti,Tabor,6,Nougatti__Tabor__before__6,Nougatti__Tabor__before__6||Odin__Lola__before__6,15,17,255,spectro_DTW,0.007742857069744929,-0.5856448555740507,0.3344159441163104
Odin-Nougatti,Non-partner,before,Odin,Lola,6,Odin__Lola__before__6,Nougatti,Tabor,6,Nougatti__Tabor__before__6,Nougatti__Tabor__before__6||Odin__Lola__before__6,15,17,255,chatter_cosine,0.9294425468818814,-0.6865596126340793,0.42917024049246827
Odin-Nougatti,Non-partner,before,Odin,Lola,6,Odin__Lola__before__6,Nougatti,Wuschel,1,Nougatti__Wuschel__before__1,Nougatti__Wuschel__before__1||Odin__Lola__before__6,15,34,510,T_PC_pairwise,3.605228161461213,-0.3520167128555247,0.3013675837348077
Odin-Nougatti,Non-partner,before,Odin,Lola,6,Odin__Lola__before__6,Nougatti,Wuschel,1,Nougatti__Wuschel__before__1,Nougatti__Wuschel__before__1||Odin__Lola__before__6,15,34,510,M_PC_pairwise,11.929094335845873,-0.40936280791612384,0.3943283547200972
Odin-Nougatti,Non-partner,before,Odin,Lola,6,Odin__Lola__before__6,Nougatti,Wuschel,1,Nougatti__Wuschel__before__1,Nougatti__Wuschel__before__1||Odin__Lola__before__6,15,34,510,spectro_DTW,0.008451850204637238,-0.38207071317286817,0.37688764415965254
Odin-Nougatti,Non-partner,before,Odin,Lola,6,Odin__Lola__before__6,Nougatti,Wuschel,1,Nougatti__Wuschel__before__1,Nougatti__Wuschel__before__1||Odin__Lola__before__6,15,34,510,chatter_cosine,0.9678945187844482,-0.01770871179241012,0.5335986123638325
Odin-Nougatti,Non-partner,before,Odin,Lola,6,Odin__Lola__before__6,Nougatti,Wuschel,2,Nougatti__Wuschel__before__2,Nougatti__Wuschel__before__2||Odin__Lola__before__6,15,44,660,T_PC_pairwise,3.3344809156475645,-0.658837117957725,0.23629523116103146
Odin-Nougatti,Non-partner,before,Odin,Lola,6,Odin__Lola__before__6,Nougatti,Wuschel,2,Nougatti__Wuschel__before__2,Nougatti__Wuschel__before__2||Odin__Lola__before__6,15,44,660,M_PC_pairwise,12.162992153384469,-0.3340018062136899,0.4110857383599556
Odin-Nougatti,Non-partner,before,Odin,Lola,6,Odin__Lola__before__6,Nougatti,Wuschel,2,Nougatti__Wuschel__before__2,Nougatti__Wuschel__before__2||Odin__Lola__before__6,15,44,660,spectro_DTW,0.007781817130815012,-0.5744582013881189,0.33674981724709924
Odin-Nougatti,Non-partner,before,Odin,Lola,6,Odin__Lola__before__6,Nougatti,Wuschel,2,Nougatti__Wuschel__before__2,Nougatti__Wuschel__before__2||Odin__Lola__before__6,15,44,660,chatter_cosine,0.9682706086021481,-0.011166836280711074,0.5346200020454674
Odin-Nougatti,Non-partner,before,Odin,Lola,6,Odin__Lola__before__6,Nougatti,Wuschel,3,Nougatti__Wuschel__before__3,Nougatti__Wuschel__before__3||Odin__Lola__before__6,15,54,810,T_PC_pairwise,3.567476436017472,-0.3947983103530229,0.2922942002514006
Odin-Nougatti,Non-partner,before,Odin,Lola,6,Odin__Lola__before__6,Nougatti,Wuschel,3,Nougatti__Wuschel__before__3,Nougatti__Wuschel__before__3||Odin__Lola__before__6,15,54,810,M_PC_pairwise,12.249844366532784,-0.30601834808736383,0.4173081814379331
Odin-Nougatti,Non-partner,before,Odin,Lola,6,Odin__Lola__before__6,Nougatti,Wuschel,3,Nougatti__Wuschel__before__3,Nougatti__Wuschel__before__3||Odin__Lola__before__6,15,54,810,spectro_DTW,0.00860334340106397,-0.3385722700647129,0.3859627300534258
Odin-Nougatti,Non-partner,before,Odin,Lola,6,Odin__Lola__before__6,Nougatti,Wuschel,3,Nougatti__Wuschel__before__3,Nougatti__Wuschel__before__3||Odin__Lola__before__6,15,54,810,chatter_cosine,0.9769429170607049,0.13968319917599745,0.5581723716089356
Odin-Nougatti,Non-partner,before,Odin,Lola,6,Odin__Lola__before__6,Nougatti,Wuschel,4,Nougatti__Wuschel__before__4,Nougatti__Wuschel__before__4||Odin__Lola__before__6,15,52,780,T_PC_pairwise,4.307461259303949,0.4437788008117827,0.47014477514989417
Odin-Nougatti,Non-partner,before,Odin,Lola,6,Odin__Lola__before__6,Nougatti,Wuschel,4,Nougatti__Wuschel__before__4,Nougatti__Wuschel__before__4||Odin__Lola__before__6,15,52,780,M_PC_pairwise,12.931011980772018,-0.08654869130933442,0.46610977845570084
Odin-Nougatti,Non-partner,before,Odin,Lola,6,Odin__Lola__before__6,Nougatti,Wuschel,4,Nougatti__Wuschel__before__4,Nougatti__Wuschel__before__4||Odin__Lola__before__6,15,52,780,spectro_DTW,0.011666280085531373,0.5408928165249948,0.5694456464771623
Odin-Nougatti,Non-partner,before,Odin,Lola,6,Odin__Lola__before__6,Nougatti,Wuschel,4,Nougatti__Wuschel__before__4,Nougatti__Wuschel__before__4||Odin__Lola__before__6,15,52,780,chatter_cosine,0.9790494067355608,0.17632442840114984,0.5638932040194671
Odin-Nougatti,Non-partner,before,Odin,Lola,6,Odin__Lola__before__6,Nougatti,Wuschel,5,Nougatti__Wuschel__before__5,Nougatti__Wuschel__before__5||Odin__Lola__before__6,15,10,150,T_PC_pairwise,3.455012438694636,-0.522246510663638,0.26526420456795463
Odin-Nougatti,Non-partner,before,Odin,Lola,6,Odin__Lola__before__6,Nougatti,Wuschel,5,Nougatti__Wuschel__before__5,Nougatti__Wuschel__before__5||Odin__Lola__before__6,15,10,150,M_PC_pairwise,11.279881326357524,-0.6185368105988145,0.34781611455270817
Odin-Nougatti,Non-partner,before,Odin,Lola,6,Odin__Lola__before__6,Nougatti,Wuschel,5,Nougatti__Wuschel__before__5,Nougatti__Wuschel__before__5||Odin__Lola__before__6,15,10,150,spectro_DTW,0.008536508989830811,-0.357762523510178,0.3819590649588417
Odin-Nougatti,Non-partner,before,Odin,Lola,6,Odin__Lola__before__6,Nougatti,Wuschel,5,Nougatti__Wuschel__before__5,Nougatti__Wuschel__before__5||Odin__Lola__before__6,15,10,150,chatter_cosine,0.9470530064900716,-0.38023535433544126,0.47699695870212566
Odin-Nougatti,Non-partner,before,Odin,Olympia,1,Odin__Olympia__before__1,Nougatti,Tabor,1,Nougatti__Tabor__before__1,Nougatti__Tabor__before__1||Odin__Olympia__before__1,84,9,756,T_PC_pairwise,3.9504657527678226,0.03921880018865621,0.38434320993448323
Odin-Nougatti,Non-partner,before,Odin,Olympia,1,Odin__Olympia__before__1,Nougatti,Tabor,1,Nougatti__Tabor__before__1,Nougatti__Tabor__before__1||Odin__Olympia__before__1,84,9,756,M_PC_pairwise,12.625708046413603,-0.18491647669128952,0.4442365724179494
Odin-Nougatti,Non-partner,before,Odin,Olympia,1,Odin__Olympia__before__1,Nougatti,Tabor,1,Nougatti__Tabor__before__1,Nougatti__Tabor__before__1||Odin__Olympia__before__1,84,9,756,spectro_DTW,0.013396628326970453,1.0377300099625022,0.6731008553418968
Odin-Nougatti,Non-partner,before,Odin,Olympia,1,Odin__Olympia__before__1,Nougatti,Tabor,1,Nougatti__Tabor__before__1,Nougatti__Tabor__before__1||Odin__Olympia__before__1,84,9,756,chatter_cosine,0.977969281927303,0.15753625148124406,0.5609597868352965
Odin-Nougatti,Non-partner,before,Odin,Olympia,1,Odin__Olympia__before__1,Nougatti,Tabor,3,Nougatti__Tabor__before__3,Nougatti__Tabor__before__3||Odin__Olympia__before__1,84,11,924,T_PC_pairwise,3.7395673287766322,-0.19977879215963373,0.3336551352987978
Odin-Nougatti,Non-partner,before,Odin,Olympia,1,Odin__Olympia__before__1,Nougatti,Tabor,3,Nougatti__Tabor__before__3,Nougatti__Tabor__before__3||Odin__Olympia__before__1,84,11,924,M_PC_pairwise,12.186826471126441,-0.3263224782112697,0.4127933250762387
Odin-Nougatti,Non-partner,before,Odin,Olympia,1,Odin__Olympia__before__1,Nougatti,Tabor,3,Nougatti__Tabor__before__3,Nougatti__Tabor__before__3||Odin__Olympia__before__1,84,11,924,spectro_DTW,0.01242520600921188,0.7588042270251143,0.6149085326454055
Odin-Nougatti,Non-partner,before,Odin,Olympia,1,Odin__Olympia__before__1,Nougatti,Tabor,3,Nougatti__Tabor__before__3,Nougatti__Tabor__before__3||Odin__Olympia__before__1,84,11,924,chatter_cosine,0.9607719465832174,-0.14160193748118285,0.5142550369447233
Odin-Nougatti,Non-partner,before,Odin,Olympia,1,Odin__Olympia__before__1,Nougatti,Tabor,4,Nougatti__Tabor__before__4,Nougatti__Tabor__before__4||Odin__Olympia__before__1,84,31,2604,T_PC_pairwise,3.9470754400719694,0.03537677730255533,0.38352837016606045
Odin-Nougatti,Non-partner,before,Odin,Olympia,1,Odin__Olympia__before__1,Nougatti,Tabor,4,Nougatti__Tabor__before__4,Nougatti__Tabor__before__4||Odin__Olympia__before__1,84,31,2604,M_PC_pairwise,12.448184686322366,-0.24211383912435272,0.43151808243206174
Odin-Nougatti,Non-partner,before,Odin,Olympia,1,Odin__Olympia__before__1,Nougatti,Tabor,4,Nougatti__Tabor__before__4,Nougatti__Tabor__before__4||Odin__Olympia__before__1,84,31,2604,spectro_DTW,0.012160233757843102,0.6827223918452815,0.5990355693879358
Odin-Nougatti,Non-partner,before,Odin,Olympia,1,Odin__Olympia__before__1,Nougatti,Tabor,4,Nougatti__Tabor__before__4,Nougatti__Tabor__before__4||Odin__Olympia__before__1,84,31,2604,chatter_cosine,0.9796158454957462,0.18617731906646126,0.5654315458668209
Odin-Nougatti,Non-partner,before,Odin,Olympia,1,Odin__Olympia__before__1,Nougatti,Tabor,5,Nougatti__Tabor__before__5,Nougatti__Tabor__before__5||Odin__Olympia__before__1,84,21,1764,T_PC_pairwise,3.5247647257483736,-0.44320073900189055,0.28202871643712485
Odin-Nougatti,Non-partner,before,Odin,Olympia,1,Odin__Olympia__before__1,Nougatti,Tabor,5,Nougatti__Tabor__before__5,Nougatti__Tabor__before__5||Odin__Olympia__before__1,84,21,1764,M_PC_pairwise,11.474742907853354,-0.5557531380986508,0.36177678469558516
Odin-Nougatti,Non-partner,before,Odin,Olympia,1,Odin__Olympia__before__1,Nougatti,Tabor,5,Nougatti__Tabor__before__5,Nougatti__Tabor__before__5||Odin__Olympia__before__1,84,21,1764,spectro_DTW,0.01231593805975851,0.7274299752768452,0.6083629183860522
Odin-Nougatti,Non-partner,before,Odin,Olympia,1,Odin__Olympia__before__1,Nougatti,Tabor,5,Nougatti__Tabor__before__5,Nougatti__Tabor__before__5||Odin__Olympia__before__1,84,21,1764,chatter_cosine,0.9538089850085393,-0.2627188241144666,0.4953449341679663
Odin-Nougatti,Non-partner,before,Odin,Olympia,1,Odin__Olympia__before__1,Nougatti,Tabor,6,Nougatti__Tabor__before__6,Nougatti__Tabor__before__6||Odin__Olympia__before__1,84,17,1428,T_PC_pairwise,3.770991662094573,-0.1641676203831595,0.3412077709347235
Odin-Nougatti,Non-partner,before,Odin,Olympia,1,Odin__Olympia__before__1,Nougatti,Tabor,6,Nougatti__Tabor__before__6,Nougatti__Tabor__before__6||Odin__Olympia__before__1,84,17,1428,M_PC_pairwise,12.894806588230347,-0.09821393332690873,0.46351587801217775
Odin-Nougatti,Non-partner,before,Odin,Olympia,1,Odin__Olympia__before__1,Nougatti,Tabor,6,Nougatti__Tabor__before__6,Nougatti__Tabor__before__6||Odin__Olympia__before__1,84,17,1428,spectro_DTW,0.013579134575152607,1.0901332718956136,0.6840337547556627
Odin-Nougatti,Non-partner,before,Odin,Olympia,1,Odin__Olympia__before__1,Nougatti,Tabor,6,Nougatti__Tabor__before__6,Nougatti__Tabor__before__6||Odin__Olympia__before__1,84,17,1428,chatter_cosine,0.9746428003080753,0.09967393343702353,0.5519256842296825
Odin-Nougatti,Non-partner,before,Odin,Olympia,1,Odin__Olympia__before__1,Nougatti,Wuschel,1,Nougatti__Wuschel__before__1,Nougatti__Wuschel__before__1||Odin__Olympia__before__1,84,34,2856,T_PC_pairwise,3.9192918205910288,0.003891391888090431,0.3768507565962301
Odin-Nougatti,Non-partner,before,Odin,Olympia,1,Odin__Olympia__before__1,Nougatti,Wuschel,1,Nougatti__Wuschel__before__1,Nougatti__Wuschel__before__1||Odin__Olympia__before__1,84,34,2856,M_PC_pairwise,11.468260917426491,-0.5578416111623783,0.3613123887406511
Odin-Nougatti,Non-partner,before,Odin,Olympia,1,Odin__Olympia__before__1,Nougatti,Wuschel,1,Nougatti__Wuschel__before__1,Nougatti__Wuschel__before__1||Odin__Olympia__before__1,84,34,2856,spectro_DTW,0.011398355103385145,0.4639631598273243,0.5533958021051701
Odin-Nougatti,Non-partner,before,Odin,Olympia,1,Odin__Olympia__before__1,Nougatti,Wuschel,1,Nougatti__Wuschel__before__1,Nougatti__Wuschel__before__1||Odin__Olympia__before__1,84,34,2856,chatter_cosine,0.9571481886155465,-0.20463521409051744,0.5044135873155953
Odin-Nougatti,Non-partner,before,Odin,Olympia,1,Odin__Olympia__before__1,Nougatti,Wuschel,2,Nougatti__Wuschel__before__2,Nougatti__Wuschel__before__2||Odin__Olympia__before__1,84,44,3696,T_PC_pairwise,3.785873619613774,-0.14730285700936024,0.34478455334581387
Odin-Nougatti,Non-partner,before,Odin,Olympia,1,Odin__Olympia__before__1,Nougatti,Wuschel,2,Nougatti__Wuschel__before__2,Nougatti__Wuschel__before__2||Odin__Olympia__before__1,84,44,3696,M_PC_pairwise,12.192812397043943,-0.3243938352764759,0.4132221809676486
Odin-Nougatti,Non-partner,before,Odin,Olympia,1,Odin__Olympia__before__1,Nougatti,Wuschel,2,Nougatti__Wuschel__before__2,Nougatti__Wuschel__before__2||Odin__Olympia__before__1,84,44,3696,spectro_DTW,0.010473338153830112,0.19836181202185293,0.49798335805876043
Odin-Nougatti,Non-partner,before,Odin,Olympia,1,Odin__Olympia__before__1,Nougatti,Wuschel,2,Nougatti__Wuschel__before__2,Nougatti__Wuschel__before__2||Odin__Olympia__before__1,84,44,3696,chatter_cosine,0.9713502473266417,0.0424017853848768,0.5429837254655764
Odin-Nougatti,Non-partner,before,Odin,Olympia,1,Odin__Olympia__before__1,Nougatti,Wuschel,3,Nougatti__Wuschel__before__3,Nougatti__Wuschel__before__3||Odin__Olympia__before__1,84,54,4536,T_PC_pairwise,4.038561031636265,0.1390515023414629,0.4055163414630605
Odin-Nougatti,Non-partner,before,Odin,Olympia,1,Odin__Olympia__before__1,Nougatti,Wuschel,3,Nougatti__Wuschel__before__3,Nougatti__Wuschel__before__3||Odin__Olympia__before__1,84,54,4536,M_PC_pairwise,12.489979993282592,-0.22864754759530223,0.43451246690494205
Odin-Nougatti,Non-partner,before,Odin,Olympia,1,Odin__Olympia__before__1,Nougatti,Wuschel,3,Nougatti__Wuschel__before__3,Nougatti__Wuschel__before__3||Odin__Olympia__before__1,84,54,4536,spectro_DTW,0.012156055795148507,0.6815227678564462,0.5987852916777234
Odin-Nougatti,Non-partner,before,Odin,Olympia,1,Odin__Olympia__before__1,Nougatti,Wuschel,3,Nougatti__Wuschel__before__3,Nougatti__Wuschel__before__3||Odin__Olympia__before__1,84,54,4536,chatter_cosine,0.9804065005108057,0.1999303281557615,0.5675788171730572
Odin-Nougatti,Non-partner,before,Odin,Olympia,1,Odin__Olympia__before__1,Nougatti,Wuschel,4,Nougatti__Wuschel__before__4,Nougatti__Wuschel__before__4||Odin__Olympia__before__1,84,52,4368,T_PC_pairwise,4.185651721582908,0.3057399018506267,0.4408686391670081
Odin-Nougatti,Non-partner,before,Odin,Olympia,1,Odin__Olympia__before__1,Nougatti,Wuschel,4,Nougatti__Wuschel__before__4,Nougatti__Wuschel__before__4||Odin__Olympia__before__1,84,52,4368,M_PC_pairwise,11.824846484613069,-0.4429510755489933,0.3868596179224538
Odin-Nougatti,Non-partner,before,Odin,Olympia,1,Odin__Olympia__before__1,Nougatti,Wuschel,4,Nougatti__Wuschel__before__4,Nougatti__Wuschel__before__4||Odin__Olympia__before__1,84,52,4368,spectro_DTW,0.0143446512989386,1.3099371076015363,0.7298914578429276
Odin-Nougatti,Non-partner,before,Odin,Olympia,1,Odin__Olympia__before__1,Nougatti,Wuschel,4,Nougatti__Wuschel__before__4,Nougatti__Wuschel__before__4||Odin__Olympia__before__1,84,52,4368,chatter_cosine,0.9981238327975019,0.5081135779119839,0.6156957816109757
Odin-Nougatti,Non-partner,before,Odin,Olympia,1,Odin__Olympia__before__1,Nougatti,Wuschel,5,Nougatti__Wuschel__before__5,Nougatti__Wuschel__before__5||Odin__Olympia__before__1,84,10,840,T_PC_pairwise,4.045248190278099,0.14662962826959314,0.40712355687000024
Odin-Nougatti,Non-partner,before,Odin,Olympia,1,Odin__Olympia__before__1,Nougatti,Wuschel,5,Nougatti__Wuschel__before__5,Nougatti__Wuschel__before__5||Odin__Olympia__before__1,84,10,840,M_PC_pairwise,12.618099590994063,-0.1873678925610858,0.4436914719646245
Odin-Nougatti,Non-partner,before,Odin,Olympia,1,Odin__Olympia__before__1,Nougatti,Wuschel,5,Nougatti__Wuschel__before__5,Nougatti__Wuschel__before__5||Odin__Olympia__before__1,84,10,840,spectro_DTW,0.013555445069713252,1.083331272671097,0.682614652764854
Odin-Nougatti,Non-partner,before,Odin,Olympia,1,Odin__Olympia__before__1,Nougatti,Wuschel,5,Nougatti__Wuschel__before__5,Nougatti__Wuschel__before__5||Odin__Olympia__before__1,84,10,840,chatter_cosine,0.9599836759978817,-0.15531347072698712,0.5121142413041438
Odin-Nougatti,Non-partner,before,Odin,Olympia,2,Odin__Olympia__before__2,Nougatti,Tabor,1,Nougatti__Tabor__before__1,Nougatti__Tabor__before__1||Odin__Olympia__before__2,60,9,540,T_PC_pairwise,4.617804932815058,0.7954712855919298,0.5447338734842704
Odin-Nougatti,Non-partner,before,Odin,Olympia,2,Odin__Olympia__before__2,Nougatti,Tabor,1,Nougatti__Tabor__before__1,Nougatti__Tabor__before__1||Odin__Olympia__before__2,60,9,540,M_PC_pairwise,12.937799713346694,-0.08436170926948963,0.46659607901205313
Odin-Nougatti,Non-partner,before,Odin,Olympia,2,Odin__Olympia__before__2,Nougatti,Tabor,1,Nougatti__Tabor__before__1,Nougatti__Tabor__before__1||Odin__Olympia__before__2,60,9,540,spectro_DTW,0.013737096496064354,1.1354890884741995,0.6934963447203073
Odin-Nougatti,Non-partner,before,Odin,Olympia,2,Odin__Olympia__before__2,Nougatti,Tabor,1,Nougatti__Tabor__before__1,Nougatti__Tabor__before__1||Odin__Olympia__before__2,60,9,540,chatter_cosine,0.9484804604340482,-0.35540557814716206,0.48087365692890455
Odin-Nougatti,Non-partner,before,Odin,Olympia,2,Odin__Olympia__before__2,Nougatti,Tabor,3,Nougatti__Tabor__before__3,Nougatti__Tabor__before__3||Odin__Olympia__before__2,60,11,660,T_PC_pairwise,4.436352771972165,0.5898432455755779,0.5011230180897552
Odin-Nougatti,Non-partner,before,Odin,Olympia,2,Odin__Olympia__before__2,Nougatti,Tabor,3,Nougatti__Tabor__before__3,Nougatti__Tabor__before__3||Odin__Olympia__before__2,60,11,660,M_PC_pairwise,12.671569804711776,-0.1701399897554295,0.4475222938765266
Odin-Nougatti,Non-partner,before,Odin,Olympia,2,Odin__Olympia__before__2,Nougatti,Tabor,3,Nougatti__Tabor__before__3,Nougatti__Tabor__before__3||Odin__Olympia__before__2,60,11,660,spectro_DTW,0.012806612156176319,0.868317881606013,0.6377563807716373
Odin-Nougatti,Non-partner,before,Odin,Olympia,2,Odin__Olympia__before__2,Nougatti,Tabor,3,Nougatti__Tabor__before__3,Nougatti__Tabor__before__3||Odin__Olympia__before__2,60,11,660,chatter_cosine,0.9112673611351938,-1.0027069714857904,0.3798098315959997
Odin-Nougatti,Non-partner,before,Odin,Olympia,2,Odin__Olympia__before__2,Nougatti,Tabor,4,Nougatti__Tabor__before__4,Nougatti__Tabor__before__4||Odin__Olympia__before__2,60,31,1860,T_PC_pairwise,4.632074475945324,0.8116420392064104,0.5481634660507578
Odin-Nougatti,Non-partner,before,Odin,Olympia,2,Odin__Olympia__before__2,Nougatti,Tabor,4,Nougatti__Tabor__before__4,Nougatti__Tabor__before__4||Odin__Olympia__before__2,60,31,1860,M_PC_pairwise,12.853533711036047,-0.1115118999400037,0.46055892251620983
Odin-Nougatti,Non-partner,before,Odin,Olympia,2,Odin__Olympia__before__2,Nougatti,Tabor,4,Nougatti__Tabor__before__4,Nougatti__Tabor__before__4||Odin__Olympia__before__2,60,31,1860,spectro_DTW,0.012514600107791804,0.7844720735225262,0.6202636188284446
Odin-Nougatti,Non-partner,before,Odin,Olympia,2,Odin__Olympia__before__2,Nougatti,Tabor,4,Nougatti__Tabor__before__4,Nougatti__Tabor__before__4||Odin__Olympia__before__2,60,31,1860,chatter_cosine,0.9425832599481587,-0.4579841368599811,0.46485796215775166
Odin-Nougatti,Non-partner,before,Odin,Olympia,2,Odin__Olympia__before__2,Nougatti,Tabor,5,Nougatti__Tabor__before__5,Nougatti__Tabor__before__5||Odin__Olympia__before__2,60,21,1260,T_PC_pairwise,4.233249205729318,0.35967906316604276,0.4523083871898992
Odin-Nougatti,Non-partner,before,Odin,Olympia,2,Odin__Olympia__before__2,Nougatti,Tabor,5,Nougatti__Tabor__before__5,Nougatti__Tabor__before__5||Odin__Olympia__before__2,60,21,1260,M_PC_pairwise,12.105970042660124,-0.352374116945767,0.4070004442113488
Odin-Nougatti,Non-partner,before,Odin,Olympia,2,Odin__Olympia__before__2,Nougatti,Tabor,5,Nougatti__Tabor__before__5,Nougatti__Tabor__before__5||Odin__Olympia__before__2,60,21,1260,spectro_DTW,0.013029668342861686,0.9323643013483551,0.651118393727026
Odin-Nougatti,Non-partner,before,Odin,Olympia,2,Odin__Olympia__before__2,Nougatti,Tabor,5,Nougatti__Tabor__before__5,Nougatti__Tabor__before__5||Odin__Olympia__before__2,60,21,1260,chatter_cosine,0.9232283843178598,-0.7946515523518703,0.41229373593376595
Odin-Nougatti,Non-partner,before,Odin,Olympia,2,Odin__Olympia__before__2,Nougatti,Tabor,6,Nougatti__Tabor__before__6,Nougatti__Tabor__before__6||Odin__Olympia__before__2,60,17,1020,T_PC_pairwise,4.4773262305586945,0.6362758256159675,0.510970724334364
Odin-Nougatti,Non-partner,before,Odin,Olympia,2,Odin__Olympia__before__2,Nougatti,Tabor,6,Nougatti__Tabor__before__6,Nougatti__Tabor__before__6||Odin__Olympia__before__2,60,17,1020,M_PC_pairwise,13.256605141770606,0.01835620698569378,0.489436586575521
Odin-Nougatti,Non-partner,before,Odin,Olympia,2,Odin__Olympia__before__2,Nougatti,Tabor,6,Nougatti__Tabor__before__6,Nougatti__Tabor__before__6||Odin__Olympia__before__2,60,17,1020,spectro_DTW,0.013767294488121373,1.1441598781232123,0.6953053327026123
Odin-Nougatti,Non-partner,before,Odin,Olympia,2,Odin__Olympia__before__2,Nougatti,Tabor,6,Nougatti__Tabor__before__6,Nougatti__Tabor__before__6||Odin__Olympia__before__2,60,17,1020,chatter_cosine,0.927017707509153,-0.7287383597463304,0.42258482977841577
Odin-Nougatti,Non-partner,before,Odin,Olympia,2,Odin__Olympia__before__2,Nougatti,Wuschel,1,Nougatti__Wuschel__before__1,Nougatti__Wuschel__before__1||Odin__Olympia__before__2,60,34,2040,T_PC_pairwise,4.610235345436662,0.7868931600456612,0.5429145720275014
Odin-Nougatti,Non-partner,before,Odin,Olympia,2,Odin__Olympia__before__2,Nougatti,Wuschel,1,Nougatti__Wuschel__before__1,Nougatti__Wuschel__before__1||Odin__Olympia__before__2,60,34,2040,M_PC_pairwise,12.105529414088119,-0.352516085823093,0.4069688758021115
Odin-Nougatti,Non-partner,before,Odin,Olympia,2,Odin__Olympia__before__2,Nougatti,Wuschel,1,Nougatti__Wuschel__before__1,Nougatti__Wuschel__before__1||Odin__Olympia__before__2,60,34,2040,spectro_DTW,0.011984901319602595,0.6323789555081426,0.5885324116585599
Odin-Nougatti,Non-partner,before,Odin,Olympia,2,Odin__Olympia__before__2,Nougatti,Wuschel,1,Nougatti__Wuschel__before__1,Nougatti__Wuschel__before__1||Odin__Olympia__before__2,60,34,2040,chatter_cosine,0.9261059036149698,-0.7445986869503736,0.42010854075020165
Odin-Nougatti,Non-partner,before,Odin,Olympia,2,Odin__Olympia__before__2,Nougatti,Wuschel,2,Nougatti__Wuschel__before__2,Nougatti__Wuschel__before__2||Odin__Olympia__before__2,60,44,2640,T_PC_pairwise,4.42706285653015,0.5793155831030815,0.498890246889418
Odin-Nougatti,Non-partner,before,Odin,Olympia,2,Odin__Olympia__before__2,Nougatti,Wuschel,2,Nougatti__Wuschel__before__2,Nougatti__Wuschel__before__2||Odin__Olympia__before__2,60,44,2640,M_PC_pairwise,12.506356940441059,-0.223370956493779,0.4356857774953191
Odin-Nougatti,Non-partner,before,Odin,Olympia,2,Odin__Olympia__before__2,Nougatti,Wuschel,2,Nougatti__Wuschel__before__2,Nougatti__Wuschel__before__2||Odin__Olympia__before__2,60,44,2640,spectro_DTW,0.011069111282201696,0.3694269432693323,0.5336726988390839
Odin-Nougatti,Non-partner,before,Odin,Olympia,2,Odin__Olympia__before__2,Nougatti,Wuschel,2,Nougatti__Wuschel__before__2,Nougatti__Wuschel__before__2||Odin__Olympia__before__2,60,44,2640,chatter_cosine,0.9834723328494213,0.25325879533316686,0.575905045028509
Odin-Nougatti,Non-partner,before,Odin,Olympia,2,Odin__Olympia__before__2,Nougatti,Wuschel,3,Nougatti__Wuschel__before__3,Nougatti__Wuschel__before__3||Odin__Olympia__before__2,60,54,3240,T_PC_pairwise,4.684333383761071,0.8708636915561516,0.5607235571581934
Odin-Nougatti,Non-partner,before,Odin,Olympia,2,Odin__Olympia__before__2,Nougatti,Wuschel,3,Nougatti__Wuschel__before__3,Nougatti__Wuschel__before__3||Odin__Olympia__before__2,60,54,3240,M_PC_pairwise,12.89804671075609,-0.09716997797175338,0.4637480134667767
Odin-Nougatti,Non-partner,before,Odin,Olympia,2,Odin__Olympia__before__2,Nougatti,Wuschel,3,Nougatti__Wuschel__before__3,Nougatti__Wuschel__before__3||Odin__Olympia__before__2,60,54,3240,spectro_DTW,0.012555107442258977,0.7961029983781882,0.622690180207359
Odin-Nougatti,Non-partner,before,Odin,Olympia,2,Odin__Olympia__before__2,Nougatti,Wuschel,3,Nougatti__Wuschel__before__3,Nougatti__Wuschel__before__3||Odin__Olympia__before__2,60,54,3240,chatter_cosine,0.9754602121810119,0.11389236335155872,0.5541456221630449
Odin-Nougatti,Non-partner,before,Odin,Olympia,2,Odin__Olympia__before__2,Nougatti,Wuschel,4,Nougatti__Wuschel__before__4,Nougatti__Wuschel__before__4||Odin__Olympia__before__2,60,52,3120,T_PC_pairwise,4.7064670516512335,0.8959463509495976,0.5660432413395458
Odin-Nougatti,Non-partner,before,Odin,Olympia,2,Odin__Olympia__before__2,Nougatti,Wuschel,4,Nougatti__Wuschel__before__4,Nougatti__Wuschel__before__4||Odin__Olympia__before__2,60,52,3120,M_PC_pairwise,12.384921968059663,-0.26249685025659397,0.42698568597285386
Odin-Nougatti,Non-partner,before,Odin,Olympia,2,Odin__Olympia__before__2,Nougatti,Wuschel,4,Nougatti__Wuschel__before__4,Nougatti__Wuschel__before__4||Odin__Olympia__before__2,60,52,3120,spectro_DTW,0.014667200181149663,1.4025509974222763,0.7492135058295621
Odin-Nougatti,Non-partner,before,Odin,Olympia,2,Odin__Olympia__before__2,Nougatti,Wuschel,4,Nougatti__Wuschel__before__4,Nougatti__Wuschel__before__4||Odin__Olympia__before__2,60,52,3120,chatter_cosine,0.9855029596541173,0.2885804316600546,0.5814198480568188
Odin-Nougatti,Non-partner,before,Odin,Olympia,2,Odin__Olympia__before__2,Nougatti,Wuschel,5,Nougatti__Wuschel__before__5,Nougatti__Wuschel__before__5||Odin__Olympia__before__2,60,10,600,T_PC_pairwise,4.670752460360527,0.8554733063025752,0.5574594698979822
Odin-Nougatti,Non-partner,before,Odin,Olympia,2,Odin__Olympia__before__2,Nougatti,Wuschel,5,Nougatti__Wuschel__before__5,Nougatti__Wuschel__before__5||Odin__Olympia__before__2,60,10,600,M_PC_pairwise,13.09876132885615,-0.03250047897633786,0.4781280187743311
Odin-Nougatti,Non-partner,before,Odin,Olympia,2,Odin__Olympia__before__2,Nougatti,Wuschel,5,Nougatti__Wuschel__before__5,Nougatti__Wuschel__before__5||Odin__Olympia__before__2,60,10,600,spectro_DTW,0.013876328270416707,1.1754668931437475,0.7018369193546352
Odin-Nougatti,Non-partner,before,Odin,Olympia,2,Odin__Olympia__before__2,Nougatti,Wuschel,5,Nougatti__Wuschel__before__5,Nougatti__Wuschel__before__5||Odin__Olympia__before__2,60,10,600,chatter_cosine,0.9550510156651338,-0.24111438401861843,0.49871805738804836
Odin-Nougatti,Non-partner,before,Odin,Olympia,3,Odin__Olympia__before__3,Nougatti,Tabor,1,Nougatti__Tabor__before__1,Nougatti__Tabor__before__1||Odin__Olympia__before__3,20,9,180,T_PC_pairwise,3.167736166715622,-0.8477981958893414,0.19621920726753855
Odin-Nougatti,Non-partner,before,Odin,Olympia,3,Odin__Olympia__before__3,Nougatti,Tabor,1,Nougatti__Tabor__before__1,Nougatti__Tabor__before__1||Odin__Olympia__before__3,20,9,180,M_PC_pairwise,11.51699970430798,-0.5421381563811283,0.36480423213837593
Odin-Nougatti,Non-partner,before,Odin,Olympia,3,Odin__Olympia__before__3,Nougatti,Tabor,1,Nougatti__Tabor__before__1,Nougatti__Tabor__before__1||Odin__Olympia__before__3,20,9,180,spectro_DTW,0.008008817371834691,-0.5092793200757322,0.3503480958084545
Odin-Nougatti,Non-partner,before,Odin,Olympia,3,Odin__Olympia__before__3,Nougatti,Tabor,1,Nougatti__Tabor__before__1,Nougatti__Tabor__before__1||Odin__Olympia__before__3,20,9,180,chatter_cosine,0.9702213244305716,0.022764792568734107,0.5399177817916441
Odin-Nougatti,Non-partner,before,Odin,Olympia,3,Odin__Olympia__before__3,Nougatti,Tabor,3,Nougatti__Tabor__before__3,Nougatti__Tabor__before__3||Odin__Olympia__before__3,20,11,220,T_PC_pairwise,3.2046017186208204,-0.806020841752729,0.2050796046621369
Odin-Nougatti,Non-partner,before,Odin,Olympia,3,Odin__Olympia__before__3,Nougatti,Tabor,3,Nougatti__Tabor__before__3,Nougatti__Tabor__before__3||Odin__Olympia__before__3,20,11,220,M_PC_pairwise,12.554228198528289,-0.20794701624425474,0.43911546762895204
Odin-Nougatti,Non-partner,before,Odin,Olympia,3,Odin__Olympia__before__3,Nougatti,Tabor,3,Nougatti__Tabor__before__3,Nougatti__Tabor__before__3||Odin__Olympia__before__3,20,11,220,spectro_DTW,0.008397723871431399,-0.397612079261516,0.3736452469131495
Odin-Nougatti,Non-partner,before,Odin,Olympia,3,Odin__Olympia__before__3,Nougatti,Tabor,3,Nougatti__Tabor__before__3,Nougatti__Tabor__before__3||Odin__Olympia__before__3,20,11,220,chatter_cosine,0.9579153216697953,-0.19129135657132784,0.5064969773707764
Odin-Nougatti,Non-partner,before,Odin,Olympia,3,Odin__Olympia__before__3,Nougatti,Tabor,4,Nougatti__Tabor__before__4,Nougatti__Tabor__before__4||Odin__Olympia__before__3,20,31,620,T_PC_pairwise,3.1701275206381276,-0.8450882286021728,0.1967939537441143
Odin-Nougatti,Non-partner,before,Odin,Olympia,3,Odin__Olympia__before__3,Nougatti,Tabor,4,Nougatti__Tabor__before__4,Nougatti__Tabor__before__4||Odin__Olympia__before__3,20,31,620,M_PC_pairwise,11.173187920355028,-0.6529130268286465,0.34017216834131625
Odin-Nougatti,Non-partner,before,Odin,Olympia,3,Odin__Olympia__before__3,Nougatti,Tabor,4,Nougatti__Tabor__before__4,Nougatti__Tabor__before__4||Odin__Olympia__before__3,20,31,620,spectro_DTW,0.007262516686610217,-0.7235656290553867,0.3056415150461329
Odin-Nougatti,Non-partner,before,Odin,Olympia,3,Odin__Olympia__before__3,Nougatti,Tabor,4,Nougatti__Tabor__before__4,Nougatti__Tabor__before__4||Odin__Olympia__before__3,20,31,620,chatter_cosine,0.9351377667919282,-0.5874943949391738,0.4446373937547918
Odin-Nougatti,Non-partner,before,Odin,Olympia,3,Odin__Olympia__before__3,Nougatti,Tabor,5,Nougatti__Tabor__before__5,Nougatti__Tabor__before__5||Odin__Olympia__before__3,20,21,420,T_PC_pairwise,3.1278481813413754,-0.8930006790926626,0.1866323875016337
Odin-Nougatti,Non-partner,before,Odin,Olympia,3,Odin__Olympia__before__3,Nougatti,Tabor,5,Nougatti__Tabor__before__5,Nougatti__Tabor__before__5||Odin__Olympia__before__3,20,21,420,M_PC_pairwise,11.398371654465086,-0.5803596702038963,0.35630523987506596
Odin-Nougatti,Non-partner,before,Odin,Olympia,3,Odin__Olympia__before__3,Nougatti,Tabor,5,Nougatti__Tabor__before__5,Nougatti__Tabor__before__5||Odin__Olympia__before__3,20,21,420,spectro_DTW,0.008405931145119082,-0.3952555138447356,0.3741368974652946
Odin-Nougatti,Non-partner,before,Odin,Olympia,3,Odin__Olympia__before__3,Nougatti,Tabor,5,Nougatti__Tabor__before__5,Nougatti__Tabor__before__5||Odin__Olympia__before__3,20,21,420,chatter_cosine,0.9271053764082137,-0.727213407469212,0.4228229221294623
Odin-Nougatti,Non-partner,before,Odin,Olympia,3,Odin__Olympia__before__3,Nougatti,Tabor,6,Nougatti__Tabor__before__6,Nougatti__Tabor__before__6||Odin__Olympia__before__3,20,17,340,T_PC_pairwise,2.9291129770524362,-1.1182144784233112,0.1388676641950397
Odin-Nougatti,Non-partner,before,Odin,Olympia,3,Odin__Olympia__before__3,Nougatti,Tabor,6,Nougatti__Tabor__before__6,Nougatti__Tabor__before__6||Odin__Olympia__before__3,20,17,340,M_PC_pairwise,11.55069201097769,-0.5312826212290057,0.3672180849674342
Odin-Nougatti,Non-partner,before,Odin,Olympia,3,Odin__Olympia__before__3,Nougatti,Tabor,6,Nougatti__Tabor__before__6,Nougatti__Tabor__before__6||Odin__Olympia__before__3,20,17,340,spectro_DTW,0.007687041452942032,-0.6016712679101428,0.3310723516075525
Odin-Nougatti,Non-partner,before,Odin,Olympia,3,Odin__Olympia__before__3,Nougatti,Tabor,6,Nougatti__Tabor__before__6,Nougatti__Tabor__before__6||Odin__Olympia__before__3,20,17,340,chatter_cosine,0.9706981628256686,0.0310591341677716,0.5412127857870673
Odin-Nougatti,Non-partner,before,Odin,Olympia,3,Odin__Olympia__before__3,Nougatti,Wuschel,1,Nougatti__Wuschel__before__1,Nougatti__Wuschel__before__1||Odin__Olympia__before__3,20,34,680,T_PC_pairwise,3.1378867134671,-0.8816246575778723,0.18904508388879449
Odin-Nougatti,Non-partner,before,Odin,Olympia,3,Odin__Olympia__before__3,Nougatti,Wuschel,1,Nougatti__Wuschel__before__1,Nougatti__Wuschel__before__1||Odin__Olympia__before__3,20,34,680,M_PC_pairwise,11.908950286051807,-0.41585314539254775,0.39288515369320487
Odin-Nougatti,Non-partner,before,Odin,Olympia,3,Odin__Olympia__before__3,Nougatti,Wuschel,1,Nougatti__Wuschel__before__1,Nougatti__Wuschel__before__1||Odin__Olympia__before__3,20,34,680,spectro_DTW,0.008044465959263856,-0.49904349372346685,0.3524835976035323
Odin-Nougatti,Non-partner,before,Odin,Olympia,3,Odin__Olympia__before__3,Nougatti,Wuschel,1,Nougatti__Wuschel__before__1,Nougatti__Wuschel__before__1||Odin__Olympia__before__3,20,34,680,chatter_cosine,0.9688579192056376,-9.508913816255077e-4,0.5362150279198388
Odin-Nougatti,Non-partner,before,Odin,Olympia,3,Odin__Olympia__before__3,Nougatti,Wuschel,2,Nougatti__Wuschel__before__2,Nougatti__Wuschel__before__2||Odin__Olympia__before__3,20,44,880,T_PC_pairwise,2.8558109458197247,-1.2012829463962582,0.1212499942297761
Odin-Nougatti,Non-partner,before,Odin,Olympia,3,Odin__Olympia__before__3,Nougatti,Wuschel,2,Nougatti__Wuschel__before__2,Nougatti__Wuschel__before__2||Odin__Olympia__before__3,20,44,880,M_PC_pairwise,11.466600550440225,-0.5583765751932335,0.36119343334865717
Odin-Nougatti,Non-partner,before,Odin,Olympia,3,Odin__Olympia__before__3,Nougatti,Wuschel,2,Nougatti__Wuschel__before__2,Nougatti__Wuschel__before__2||Odin__Olympia__before__3,20,44,880,spectro_DTW,0.007183048498435793,-0.7463834356879452,0.3008810330540969
Odin-Nougatti,Non-partner,before,Odin,Olympia,3,Odin__Olympia__before__3,Nougatti,Wuschel,2,Nougatti__Wuschel__before__2,Nougatti__Wuschel__before__2||Odin__Olympia__before__3,20,44,880,chatter_cosine,0.9217559982768514,-0.8202628976532393,0.40829501052591843
Odin-Nougatti,Non-partner,before,Odin,Olympia,3,Odin__Olympia__before__3,Nougatti,Wuschel,3,Nougatti__Wuschel__before__3,Nougatti__Wuschel__before__3||Odin__Olympia__before__3,20,54,1080,T_PC_pairwise,3.1675452594403866,-0.8480145388011543,0.19617332393644252
Odin-Nougatti,Non-partner,before,Odin,Olympia,3,Odin__Olympia__before__3,Nougatti,Wuschel,3,Nougatti__Wuschel__before__3,Nougatti__Wuschel__before__3||Odin__Olympia__before__3,20,54,1080,M_PC_pairwise,12.211107397410604,-0.3184992546075028,0.4145329086309579
Odin-Nougatti,Non-partner,before,Odin,Olympia,3,Odin__Olympia__before__3,Nougatti,Wuschel,3,Nougatti__Wuschel__before__3,Nougatti__Wuschel__before__3||Odin__Olympia__before__3,20,54,1080,spectro_DTW,0.008279271069773973,-0.43162358984700366,0.3665494209965109
Odin-Nougatti,Non-partner,before,Odin,Olympia,3,Odin__Olympia__before__3,Nougatti,Wuschel,3,Nougatti__Wuschel__before__3,Nougatti__Wuschel__before__3||Odin__Olympia__before__3,20,54,1080,chatter_cosine,0.9640043749301522,-0.08537562437474933,0.5230337084343567
Odin-Nougatti,Non-partner,before,Odin,Olympia,3,Odin__Olympia__before__3,Nougatti,Wuschel,4,Nougatti__Wuschel__before__4,Nougatti__Wuschel__before__4||Odin__Olympia__before__3,20,52,1040,T_PC_pairwise,4.043513325888377,0.14466361826180024,0.4067065934143003
Odin-Nougatti,Non-partner,before,Odin,Olympia,3,Odin__Olympia__before__3,Nougatti,Wuschel,4,Nougatti__Wuschel__before__4,Nougatti__Wuschel__before__4||Odin__Olympia__before__3,20,52,1040,M_PC_pairwise,13.386477733804629,0.06020067023195923,0.4987411832234047
Odin-Nougatti,Non-partner,before,Odin,Olympia,3,Odin__Olympia__before__3,Nougatti,Wuschel,4,Nougatti__Wuschel__before__4,Nougatti__Wuschel__before__4||Odin__Olympia__before__3,20,52,1040,spectro_DTW,0.011446628619271976,0.4778239986898109,0.5562875907359507
Odin-Nougatti,Non-partner,before,Odin,Olympia,3,Odin__Olympia__before__3,Nougatti,Wuschel,4,Nougatti__Wuschel__before__4,Nougatti__Wuschel__before__4||Odin__Olympia__before__3,20,52,1040,chatter_cosine,0.9854793992180091,0.2881706108333071,0.5813558623140436
Odin-Nougatti,Non-partner,before,Odin,Olympia,3,Odin__Olympia__before__3,Nougatti,Wuschel,5,Nougatti__Wuschel__before__5,Nougatti__Wuschel__before__5||Odin__Olympia__before__3,20,10,200,T_PC_pairwise,3.1227831390500067,-0.8987405650997289,0.18541503728706532
Odin-Nougatti,Non-partner,before,Odin,Olympia,3,Odin__Olympia__before__3,Nougatti,Wuschel,5,Nougatti__Wuschel__before__5,Nougatti__Wuschel__before__5||Odin__Olympia__before__3,20,10,200,M_PC_pairwise,11.602465512752532,-0.5146013926632408,0.37092734758796625
Odin-Nougatti,Non-partner,before,Odin,Olympia,3,Odin__Olympia__before__3,Nougatti,Wuschel,5,Nougatti__Wuschel__before__5,Nougatti__Wuschel__before__5||Odin__Olympia__before__3,20,10,200,spectro_DTW,0.008100179258617573,-0.48304645993272943,0.3558210608625177
Odin-Nougatti,Non-partner,before,Odin,Olympia,3,Odin__Olympia__before__3,Nougatti,Wuschel,5,Nougatti__Wuschel__before__5,Nougatti__Wuschel__before__5||Odin__Olympia__before__3,20,10,200,chatter_cosine,0.943584154844284,-0.44057412068142043,0.467576205702753
Odin-Nougatti,Non-partner,before,Odin,Olympia,4,Odin__Olympia__before__4,Nougatti,Tabor,1,Nougatti__Tabor__before__1,Nougatti__Tabor__before__1||Odin__Olympia__before__4,53,9,477,T_PC_pairwise,4.176959340489885,0.295889386547141,0.43877948148973983
Odin-Nougatti,Non-partner,before,Odin,Olympia,4,Odin__Olympia__before__4,Nougatti,Tabor,1,Nougatti__Tabor__before__1,Nougatti__Tabor__before__1||Odin__Olympia__before__4,53,9,477,M_PC_pairwise,12.347702771112854,-0.2744887362604422,0.42431915249011964
Odin-Nougatti,Non-partner,before,Odin,Olympia,4,Odin__Olympia__before__4,Nougatti,Tabor,1,Nougatti__Tabor__before__1,Nougatti__Tabor__before__1||Odin__Olympia__before__4,53,9,477,spectro_DTW,0.013789216239509062,1.1504542997742182,0.6966185387176523
Odin-Nougatti,Non-partner,before,Odin,Olympia,4,Odin__Olympia__before__4,Nougatti,Tabor,1,Nougatti__Tabor__before__1,Nougatti__Tabor__before__1||Odin__Olympia__before__4,53,9,477,chatter_cosine,1.0107147691134886,0.7271259895179952,0.6498904123348879
Odin-Nougatti,Non-partner,before,Odin,Olympia,4,Odin__Olympia__before__4,Nougatti,Tabor,3,Nougatti__Tabor__before__3,Nougatti__Tabor__before__3||Odin__Olympia__before__4,53,11,583,T_PC_pairwise,4.370807595666031,0.5155651213926089,0.48536965812745775
Odin-Nougatti,Non-partner,before,Odin,Olympia,4,Odin__Olympia__before__4,Nougatti,Tabor,3,Nougatti__Tabor__before__3,Nougatti__Tabor__before__3||Odin__Olympia__before__4,53,11,583,M_PC_pairwise,13.019827886879137,-0.057932538658669736,0.4724729084225422
Odin-Nougatti,Non-partner,before,Odin,Olympia,4,Odin__Olympia__before__4,Nougatti,Tabor,3,Nougatti__Tabor__before__3,Nougatti__Tabor__before__3||Odin__Olympia__before__4,53,11,583,spectro_DTW,0.014070188881442795,1.2311303483914482,0.7134499933274455
Odin-Nougatti,Non-partner,before,Odin,Olympia,4,Odin__Olympia__before__4,Nougatti,Tabor,3,Nougatti__Tabor__before__3,Nougatti__Tabor__before__3||Odin__Olympia__before__4,53,11,583,chatter_cosine,1.030881828345729,1.0779208920262575,0.7046603774849888
Odin-Nougatti,Non-partner,before,Odin,Olympia,4,Odin__Olympia__before__4,Nougatti,Tabor,4,Nougatti__Tabor__before__4,Nougatti__Tabor__before__4||Odin__Olympia__before__4,53,31,1643,T_PC_pairwise,4.43079208972174,0.5835416827449282,0.49978654401090367
Odin-Nougatti,Non-partner,before,Odin,Olympia,4,Odin__Olympia__before__4,Nougatti,Tabor,4,Nougatti__Tabor__before__4,Nougatti__Tabor__before__4||Odin__Olympia__before__4,53,31,1643,M_PC_pairwise,12.439841353740913,-0.24480202966623768,0.43092033241295674
Odin-Nougatti,Non-partner,before,Odin,Olympia,4,Odin__Olympia__before__4,Nougatti,Tabor,4,Nougatti__Tabor__before__4,Nougatti__Tabor__before__4||Odin__Olympia__before__4,53,31,1643,spectro_DTW,0.01307387866327234,0.9450584694861713,0.6537667796914212
Odin-Nougatti,Non-partner,before,Odin,Olympia,4,Odin__Olympia__before__4,Nougatti,Tabor,4,Nougatti__Tabor__before__4,Nougatti__Tabor__before__4||Odin__Olympia__before__4,53,31,1643,chatter_cosine,0.9975141855687973,0.49750909970348184,0.6140400936355754
Odin-Nougatti,Non-partner,before,Odin,Olympia,4,Odin__Olympia__before__4,Nougatti,Tabor,5,Nougatti__Tabor__before__5,Nougatti__Tabor__before__5||Odin__Olympia__before__4,53,21,1113,T_PC_pairwise,4.176231417025089,0.2950644777962464,0.43860452978448566
Odin-Nougatti,Non-partner,before,Odin,Olympia,4,Odin__Olympia__before__4,Nougatti,Tabor,5,Nougatti__Tabor__before__5,Nougatti__Tabor__before__5||Odin__Olympia__before__4,53,21,1113,M_PC_pairwise,11.943874687518713,-0.4046006339065451,0.3953872787661625
Odin-Nougatti,Non-partner,before,Odin,Olympia,4,Odin__Olympia__before__4,Nougatti,Tabor,5,Nougatti__Tabor__before__5,Nougatti__Tabor__before__5||Odin__Olympia__before__4,53,21,1113,spectro_DTW,0.013802832918285969,1.1543640748734967,0.6974342356096782
Odin-Nougatti,Non-partner,before,Odin,Olympia,4,Odin__Olympia__before__4,Nougatti,Tabor,5,Nougatti__Tabor__before__5,Nougatti__Tabor__before__5||Odin__Olympia__before__4,53,21,1113,chatter_cosine,0.9756882128047172,0.1178583087897843,0.5547648292606556
Odin-Nougatti,Non-partner,before,Odin,Olympia,4,Odin__Olympia__before__4,Nougatti,Tabor,6,Nougatti__Tabor__before__6,Nougatti__Tabor__before__6||Odin__Olympia__before__4,53,17,901,T_PC_pairwise,4.1166230327678175,0.22751413743972188,0.4242780394629108
Odin-Nougatti,Non-partner,before,Odin,Olympia,4,Odin__Olympia__before__4,Nougatti,Tabor,6,Nougatti__Tabor__before__6,Nougatti__Tabor__before__6||Odin__Olympia__before__4,53,17,901,M_PC_pairwise,12.588750431196274,-0.19682408204058452,0.4415887797060364
Odin-Nougatti,Non-partner,before,Odin,Olympia,4,Odin__Olympia__before__4,Nougatti,Tabor,6,Nougatti__Tabor__before__6,Nougatti__Tabor__before__6||Odin__Olympia__before__4,53,17,901,spectro_DTW,0.013441294876157774,1.0505551756761453,0.6757765713477271
Odin-Nougatti,Non-partner,before,Odin,Olympia,4,Odin__Olympia__before__4,Nougatti,Tabor,6,Nougatti__Tabor__before__6,Nougatti__Tabor__before__6||Odin__Olympia__before__4,53,17,901,chatter_cosine,0.983194681932606,0.24842921035630286,0.5751509970107616
Odin-Nougatti,Non-partner,before,Odin,Olympia,4,Odin__Olympia__before__4,Nougatti,Wuschel,1,Nougatti__Wuschel__before__1,Nougatti__Wuschel__before__1||Odin__Olympia__before__4,53,34,1802,T_PC_pairwise,4.524402356868843,0.6896241656949788,0.5222851673672215
Odin-Nougatti,Non-partner,before,Odin,Olympia,4,Odin__Olympia__before__4,Nougatti,Wuschel,1,Nougatti__Wuschel__before__1,Nougatti__Wuschel__before__1||Odin__Olympia__before__4,53,34,1802,M_PC_pairwise,12.436474951602246,-0.24588667184021307,0.4306791497772343
Odin-Nougatti,Non-partner,before,Odin,Olympia,4,Odin__Olympia__before__4,Nougatti,Wuschel,1,Nougatti__Wuschel__before__1,Nougatti__Wuschel__before__1||Odin__Olympia__before__4,53,34,1802,spectro_DTW,0.013504405702930978,1.0686762713600069,0.6795571779182067
Odin-Nougatti,Non-partner,before,Odin,Olympia,4,Odin__Olympia__before__4,Nougatti,Wuschel,1,Nougatti__Wuschel__before__1,Nougatti__Wuschel__before__1||Odin__Olympia__before__4,53,34,1802,chatter_cosine,1.0405200281729312,1.2455720765546083,0.7308359275523807
Odin-Nougatti,Non-partner,before,Odin,Olympia,4,Odin__Olympia__before__4,Nougatti,Wuschel,2,Nougatti__Wuschel__before__2,Nougatti__Wuschel__before__2||Odin__Olympia__before__4,53,44,2332,T_PC_pairwise,4.281525915344829,0.4143879469322229,0.4639113826691757
Odin-Nougatti,Non-partner,before,Odin,Olympia,4,Odin__Olympia__before__4,Nougatti,Wuschel,2,Nougatti__Wuschel__before__2,Nougatti__Wuschel__before__2||Odin__Olympia__before__4,53,44,2332,M_PC_pairwise,12.794459182443177,-0.13054549203037505,0.4563265848681206
Odin-Nougatti,Non-partner,before,Odin,Olympia,4,Odin__Olympia__before__4,Nougatti,Wuschel,2,Nougatti__Wuschel__before__2,Nougatti__Wuschel__before__2||Odin__Olympia__before__4,53,44,2332,spectro_DTW,0.012382434618906526,0.7465232208034654,0.6123463447057977
Odin-Nougatti,Non-partner,before,Odin,Olympia,4,Odin__Olympia__before__4,Nougatti,Wuschel,2,Nougatti__Wuschel__before__2,Nougatti__Wuschel__before__2||Odin__Olympia__before__4,53,44,2332,chatter_cosine,1.035014217614003,1.1498015303383051,0.715883174701163
Odin-Nougatti,Non-partner,before,Odin,Olympia,4,Odin__Olympia__before__4,Nougatti,Wuschel,3,Nougatti__Wuschel__before__3,Nougatti__Wuschel__before__3||Odin__Olympia__before__4,53,54,2862,T_PC_pairwise,4.479004759047308,0.6381779937776579,0.5113741478199398
Odin-Nougatti,Non-partner,before,Odin,Olympia,4,Odin__Olympia__before__4,Nougatti,Wuschel,3,Nougatti__Wuschel__before__3,Nougatti__Wuschel__before__3||Odin__Olympia__before__4,53,54,2862,M_PC_pairwise,12.888228467008936,-0.10033337937297437,0.4630445948591467
Odin-Nougatti,Non-partner,before,Odin,Olympia,4,Odin__Olympia__before__4,Nougatti,Wuschel,3,Nougatti__Wuschel__before__3,Nougatti__Wuschel__before__3||Odin__Olympia__before__4,53,54,2862,spectro_DTW,0.013455793036100443,1.0547180516356878,0.6766450727054432
Odin-Nougatti,Non-partner,before,Odin,Olympia,4,Odin__Olympia__before__4,Nougatti,Wuschel,3,Nougatti__Wuschel__before__3,Nougatti__Wuschel__before__3||Odin__Olympia__before__4,53,54,2862,chatter_cosine,1.0387984922326252,1.2156269057991882,0.7261605575656417
Odin-Nougatti,Non-partner,before,Odin,Olympia,4,Odin__Olympia__before__4,Nougatti,Wuschel,4,Nougatti__Wuschel__before__4,Nougatti__Wuschel__before__4||Odin__Olympia__before__4,53,52,2756,T_PC_pairwise,4.771075921325102,0.969163419167443,0.5815715660476201
Odin-Nougatti,Non-partner,before,Odin,Olympia,4,Odin__Olympia__before__4,Nougatti,Wuschel,4,Nougatti__Wuschel__before__4,Nougatti__Wuschel__before__4||Odin__Olympia__before__4,53,52,2756,M_PC_pairwise,12.76223765480155,-0.1409271476824417,0.4540181045845714
Odin-Nougatti,Non-partner,before,Odin,Olympia,4,Odin__Olympia__before__4,Nougatti,Wuschel,4,Nougatti__Wuschel__before__4,Nougatti__Wuschel__before__4||Odin__Olympia__before__4,53,52,2756,spectro_DTW,0.015937557399623686,1.7673103562463672,0.8253132987268776
Odin-Nougatti,Non-partner,before,Odin,Olympia,4,Odin__Olympia__before__4,Nougatti,Wuschel,4,Nougatti__Wuschel__before__4,Nougatti__Wuschel__before__4||Odin__Olympia__before__4,53,52,2756,chatter_cosine,1.0297399876079643,1.0580592004592584,0.701559351366398
Odin-Nougatti,Non-partner,before,Odin,Olympia,4,Odin__Olympia__before__4,Nougatti,Wuschel,5,Nougatti__Wuschel__before__5,Nougatti__Wuschel__before__5||Odin__Olympia__before__4,53,10,530,T_PC_pairwise,4.356331326039332,0.4991600979624185,0.4818903801821893
Odin-Nougatti,Non-partner,before,Odin,Olympia,4,Odin__Olympia__before__4,Nougatti,Wuschel,5,Nougatti__Wuschel__before__5,Nougatti__Wuschel__before__5||Odin__Olympia__before__4,53,10,530,M_PC_pairwise,12.246350590687877,-0.3071440295929321,0.4170578732358263
Odin-Nougatti,Non-partner,before,Odin,Olympia,4,Odin__Olympia__before__4,Nougatti,Wuschel,5,Nougatti__Wuschel__before__5,Nougatti__Wuschel__before__5||Odin__Olympia__before__4,53,10,530,spectro_DTW,0.013616078399244766,1.1007410012747192,0.6862468467280336
Odin-Nougatti,Non-partner,before,Odin,Olympia,4,Odin__Olympia__before__4,Nougatti,Wuschel,5,Nougatti__Wuschel__before__5,Nougatti__Wuschel__before__5||Odin__Olympia__before__4,53,10,530,chatter_cosine,0.9772949465603199,0.145806558688923,0.5591284179617374
Odin-Nougatti,Non-partner,after,Odin,Lola,2,Odin__Lola__after__2,Nougatti,Tabor,2,Nougatti__Tabor__after__2,Nougatti__Tabor__after__2||Odin__Lola__after__2,36,30,1080,T_PC_pairwise,2.4443054011022602,-1.6676156603360919,0.022347293256967826
Odin-Nougatti,Non-partner,after,Odin,Lola,2,Odin__Lola__after__2,Nougatti,Tabor,2,Nougatti__Tabor__after__2,Nougatti__Tabor__after__2||Odin__Lola__after__2,36,30,1080,M_PC_pairwise,8.309487040947985,-1.5755867358838598,0.13500507969114045
Odin-Nougatti,Non-partner,after,Odin,Lola,2,Odin__Lola__after__2,Nougatti,Tabor,2,Nougatti__Tabor__after__2,Nougatti__Tabor__after__2||Odin__Lola__after__2,36,30,1080,spectro_DTW,0.006341297800827306,-0.9880764337552297,0.25045659115095786
Odin-Nougatti,Non-partner,after,Odin,Lola,2,Odin__Lola__after__2,Nougatti,Tabor,2,Nougatti__Tabor__after__2,Nougatti__Tabor__after__2||Odin__Lola__after__2,36,30,1080,chatter_cosine,0.8616215426612783,-1.8662686762909417,0.2449810637349107
Odin-Nougatti,Non-partner,after,Odin,Lola,2,Odin__Lola__after__2,Nougatti,Tabor,3,Nougatti__Tabor__after__3,Nougatti__Tabor__after__3||Odin__Lola__after__2,36,45,1620,T_PC_pairwise,2.5214292683351185,-1.5802161519262412,0.04088351683090554
Odin-Nougatti,Non-partner,after,Odin,Lola,2,Odin__Lola__after__2,Nougatti,Tabor,3,Nougatti__Tabor__after__3,Nougatti__Tabor__after__3||Odin__Lola__after__2,36,45,1620,M_PC_pairwise,9.40960080859102,-1.2211341959300086,0.2138216699692536
Odin-Nougatti,Non-partner,after,Odin,Lola,2,Odin__Lola__after__2,Nougatti,Tabor,3,Nougatti__Tabor__after__3,Nougatti__Tabor__after__3||Odin__Lola__after__2,36,45,1620,spectro_DTW,0.007060638087425082,-0.7815312999141154,0.2935481295282837
Odin-Nougatti,Non-partner,after,Odin,Lola,2,Odin__Lola__after__2,Nougatti,Tabor,3,Nougatti__Tabor__after__3,Nougatti__Tabor__after__3||Odin__Lola__after__2,36,45,1620,chatter_cosine,0.8565856858168119,-1.953864636140954,0.23130461737274668
Odin-Nougatti,Non-partner,after,Odin,Lola,2,Odin__Lola__after__2,Nougatti,Tabor,5,Nougatti__Tabor__after__5,Nougatti__Tabor__after__5||Odin__Lola__after__2,36,8,288,T_PC_pairwise,2.9564889145808086,-1.0871910926922186,0.145447294039585
Odin-Nougatti,Non-partner,after,Odin,Lola,2,Odin__Lola__after__2,Nougatti,Tabor,5,Nougatti__Tabor__after__5,Nougatti__Tabor__after__5||Odin__Lola__after__2,36,8,288,M_PC_pairwise,8.92224222007725,-1.3781593097390399,0.1789053337509496
Odin-Nougatti,Non-partner,after,Odin,Lola,2,Odin__Lola__after__2,Nougatti,Tabor,5,Nougatti__Tabor__after__5,Nougatti__Tabor__after__5||Odin__Lola__after__2,36,8,288,spectro_DTW,0.007989063513377914,-0.514951271744296,0.34916475578753553
Odin-Nougatti,Non-partner,after,Odin,Lola,2,Odin__Lola__after__2,Nougatti,Tabor,5,Nougatti__Tabor__after__5,Nougatti__Tabor__after__5||Odin__Lola__after__2,36,8,288,chatter_cosine,0.9079128727316856,-1.061056452137512,0.3706996677966668
Odin-Nougatti,Non-partner,after,Odin,Lola,2,Odin__Lola__after__2,Nougatti,Tabor,6,Nougatti__Tabor__after__6,Nougatti__Tabor__after__6||Odin__Lola__after__2,36,50,1800,T_PC_pairwise,2.3513247747470936,-1.772984611954474,0
Odin-Nougatti,Non-partner,after,Odin,Lola,2,Odin__Lola__after__2,Nougatti,Tabor,6,Nougatti__Tabor__after__6,Nougatti__Tabor__after__6||Odin__Lola__after__2,36,50,1800,M_PC_pairwise,8.148374428749085,-1.627496616745409,0.12346232191662122
Odin-Nougatti,Non-partner,after,Odin,Lola,2,Odin__Lola__after__2,Nougatti,Tabor,6,Nougatti__Tabor__after__6,Nougatti__Tabor__after__6||Odin__Lola__after__2,36,50,1800,spectro_DTW,0.0059121433634815425,-1.1113001185002107,0.22474841763248354
Odin-Nougatti,Non-partner,after,Odin,Lola,2,Odin__Lola__after__2,Nougatti,Tabor,6,Nougatti__Tabor__after__6,Nougatti__Tabor__after__6||Odin__Lola__after__2,36,50,1800,chatter_cosine,0.8273396707077821,-2.4625829822707628,0.15187790424344078
Odin-Nougatti,Non-partner,after,Odin,Lola,2,Odin__Lola__after__2,Nougatti,Wuschel,3,Nougatti__Wuschel__after__3,Nougatti__Wuschel__after__3||Odin__Lola__after__2,36,29,1044,T_PC_pairwise,2.752489263156136,-1.3183707506892064,0.09641729485144718
Odin-Nougatti,Non-partner,after,Odin,Lola,2,Odin__Lola__after__2,Nougatti,Wuschel,3,Nougatti__Wuschel__after__3,Nougatti__Wuschel__after__3||Odin__Lola__after__2,36,29,1044,M_PC_pairwise,9.777633184103216,-1.1025555415013548,0.24018899469783364
Odin-Nougatti,Non-partner,after,Odin,Lola,2,Odin__Lola__after__2,Nougatti,Wuschel,3,Nougatti__Wuschel__after__3,Nougatti__Wuschel__after__3||Odin__Lola__after__2,36,29,1044,spectro_DTW,0.007205801016171159,-0.7398504749898863,0.302244005501826
Odin-Nougatti,Non-partner,after,Odin,Lola,2,Odin__Lola__after__2,Nougatti,Wuschel,3,Nougatti__Wuschel__after__3,Nougatti__Wuschel__after__3||Odin__Lola__after__2,36,29,1044,chatter_cosine,0.8676024203213696,-1.7622345991592872,0.26122401007815016
Odin-Nougatti,Non-partner,after,Odin,Lola,2,Odin__Lola__after__2,Nougatti,Wuschel,4,Nougatti__Wuschel__after__4,Nougatti__Wuschel__after__4||Odin__Lola__after__2,36,42,1512,T_PC_pairwise,3.047365011440383,-0.9842070687226725,0.16728877721923313
Odin-Nougatti,Non-partner,after,Odin,Lola,2,Odin__Lola__after__2,Nougatti,Wuschel,4,Nougatti__Wuschel__after__4,Nougatti__Wuschel__after__4||Odin__Lola__after__2,36,42,1512,M_PC_pairwise,11.290955088599018,-0.614968885836131,0.348609483572437
Odin-Nougatti,Non-partner,after,Odin,Lola,2,Odin__Lola__after__2,Nougatti,Wuschel,4,Nougatti__Wuschel__after__4,Nougatti__Wuschel__after__4||Odin__Lola__after__2,36,42,1512,spectro_DTW,0.008906030246021508,-0.2516613934344195,0.40409495764975484
Odin-Nougatti,Non-partner,after,Odin,Lola,2,Odin__Lola__after__2,Nougatti,Wuschel,4,Nougatti__Wuschel__after__4,Nougatti__Wuschel__after__4||Odin__Lola__after__2,36,42,1512,chatter_cosine,0.909767389987354,-1.0287981445473784,0.3757361901916045
Odin-Nougatti,Non-partner,after,Odin,Lola,2,Odin__Lola__after__2,Nougatti,Wuschel,5,Nougatti__Wuschel__after__5,Nougatti__Wuschel__after__5||Odin__Lola__after__2,36,63,2268,T_PC_pairwise,2.601660125430614,-1.4892956921381484,0.06016648535944882
Odin-Nougatti,Non-partner,after,Odin,Lola,2,Odin__Lola__after__2,Nougatti,Wuschel,5,Nougatti__Wuschel__after__5,Nougatti__Wuschel__after__5||Odin__Lola__after__2,36,63,2268,M_PC_pairwise,9.131287916312141,-1.310805568538592,0.1938822111195952
Odin-Nougatti,Non-partner,after,Odin,Lola,2,Odin__Lola__after__2,Nougatti,Wuschel,5,Nougatti__Wuschel__after__5,Nougatti__Wuschel__after__5||Odin__Lola__after__2,36,63,2268,spectro_DTW,0.0072080397256886145,-0.7392076713467023,0.3023781137102559
Odin-Nougatti,Non-partner,after,Odin,Lola,2,Odin__Lola__after__2,Nougatti,Wuschel,5,Nougatti__Wuschel__after__5,Nougatti__Wuschel__after__5||Odin__Lola__after__2,36,63,2268,chatter_cosine,0.8736213956626109,-1.6575378338195543,0.2775704226057678
Odin-Nougatti,Non-partner,after,Odin,Lola,2,Odin__Lola__after__2,Nougatti,Wuschel,6,Nougatti__Wuschel__after__6,Nougatti__Wuschel__after__6||Odin__Lola__after__2,36,34,1224,T_PC_pairwise,2.4806479435974085,-1.6264309990580226,0.03108198871643505
Odin-Nougatti,Non-partner,after,Odin,Lola,2,Odin__Lola__after__2,Nougatti,Wuschel,6,Nougatti__Wuschel__after__6,Nougatti__Wuschel__after__6||Odin__Lola__after__2,36,34,1224,M_PC_pairwise,8.682336986551878,-1.4554558783961844,0.1617175545843864
Odin-Nougatti,Non-partner,after,Odin,Lola,2,Odin__Lola__after__2,Nougatti,Wuschel,6,Nougatti__Wuschel__after__6,Nougatti__Wuschel__after__6||Odin__Lola__after__2,36,34,1224,spectro_DTW,0.006225062035786192,-1.0214513636664824,0.24349357514392067
Odin-Nougatti,Non-partner,after,Odin,Lola,2,Odin__Lola__after__2,Nougatti,Wuschel,6,Nougatti__Wuschel__after__6,Nougatti__Wuschel__after__6||Odin__Lola__after__2,36,34,1224,chatter_cosine,0.829277127506394,-2.4288819869517972,0.1571396749417763
Odin-Nougatti,Non-partner,after,Odin,Lola,3,Odin__Lola__after__3,Nougatti,Tabor,2,Nougatti__Tabor__after__2,Nougatti__Tabor__after__2||Odin__Lola__after__3,23,30,690,T_PC_pairwise,3.0066409885019496,-1.0303569794182055,0.15750102122227555
Odin-Nougatti,Non-partner,after,Odin,Lola,3,Odin__Lola__after__3,Nougatti,Tabor,2,Nougatti__Tabor__after__2,Nougatti__Tabor__after__2||Odin__Lola__after__3,23,30,690,M_PC_pairwise,10.481131237313367,-0.8758911008343067,0.29059043448720123
Odin-Nougatti,Non-partner,after,Odin,Lola,3,Odin__Lola__after__3,Nougatti,Tabor,2,Nougatti__Tabor__after__2,Nougatti__Tabor__after__2||Odin__Lola__after__3,23,30,690,spectro_DTW,0.009894846269246731,0.03225866730241443,0.4633292371789228
Odin-Nougatti,Non-partner,after,Odin,Lola,3,Odin__Lola__after__3,Nougatti,Tabor,2,Nougatti__Tabor__after__2,Nougatti__Tabor__after__2||Odin__Lola__after__3,23,30,690,chatter_cosine,0.9656210096849911,-0.057255152039915796,0.5274241863996029
Odin-Nougatti,Non-partner,after,Odin,Lola,3,Odin__Lola__after__3,Nougatti,Tabor,3,Nougatti__Tabor__after__3,Nougatti__Tabor__after__3||Odin__Lola__after__3,23,45,1035,T_PC_pairwise,2.7809523068476416,-1.2861154176030847,0.10325820364389063
Odin-Nougatti,Non-partner,after,Odin,Lola,3,Odin__Lola__after__3,Nougatti,Tabor,3,Nougatti__Tabor__after__3,Nougatti__Tabor__after__3||Odin__Lola__after__3,23,45,1035,M_PC_pairwise,10.29827360427322,-0.9348071460537865,0.2774897756585888
Odin-Nougatti,Non-partner,after,Odin,Lola,3,Odin__Lola__after__3,Nougatti,Tabor,3,Nougatti__Tabor__after__3,Nougatti__Tabor__after__3||Odin__Lola__after__3,23,45,1035,spectro_DTW,0.009090387615811638,-0.19872661649040288,0.41513874710999443
Odin-Nougatti,Non-partner,after,Odin,Lola,3,Odin__Lola__after__3,Nougatti,Tabor,3,Nougatti__Tabor__after__3,Nougatti__Tabor__after__3||Odin__Lola__after__3,23,45,1035,chatter_cosine,0.9207881244052435,-0.8370985312734451,0.4056664459143308
Odin-Nougatti,Non-partner,after,Odin,Lola,3,Odin__Lola__after__3,Nougatti,Tabor,5,Nougatti__Tabor__after__5,Nougatti__Tabor__after__5||Odin__Lola__after__3,23,8,184,T_PC_pairwise,3.296606109518072,-0.7017581948643266,0.227192266029419
Odin-Nougatti,Non-partner,after,Odin,Lola,3,Odin__Lola__after__3,Nougatti,Tabor,5,Nougatti__Tabor__after__5,Nougatti__Tabor__after__5||Odin__Lola__after__3,23,8,184,M_PC_pairwise,10.17407508129659,-0.9748234454788001,0.26859169221802937
Odin-Nougatti,Non-partner,after,Odin,Lola,3,Odin__Lola__after__3,Nougatti,Tabor,5,Nougatti__Tabor__after__5,Nougatti__Tabor__after__5||Odin__Lola__after__3,23,8,184,spectro_DTW,0.010164578281388536,0.10970717892764162,0.4794873303225383
Odin-Nougatti,Non-partner,after,Odin,Lola,3,Odin__Lola__after__3,Nougatti,Tabor,5,Nougatti__Tabor__after__5,Nougatti__Tabor__after__5||Odin__Lola__after__3,23,8,184,chatter_cosine,0.9675790709645852,-0.023195753107704734,0.5327419150188397
Odin-Nougatti,Non-partner,after,Odin,Lola,3,Odin__Lola__after__3,Nougatti,Tabor,6,Nougatti__Tabor__after__6,Nougatti__Tabor__after__6||Odin__Lola__after__3,23,50,1150,T_PC_pairwise,3.009695224373237,-1.0268958107385762,0.15823508709564252
Odin-Nougatti,Non-partner,after,Odin,Lola,3,Odin__Lola__after__3,Nougatti,Tabor,6,Nougatti__Tabor__after__6,Nougatti__Tabor__after__6||Odin__Lola__after__3,23,50,1150,M_PC_pairwise,10.736904353473497,-0.7934819597605567,0.30891505280712256
Odin-Nougatti,Non-partner,after,Odin,Lola,3,Odin__Lola__after__3,Nougatti,Tabor,6,Nougatti__Tabor__after__6,Nougatti__Tabor__after__6||Odin__Lola__after__3,23,50,1150,spectro_DTW,0.009847867861997497,0.018769694706665768,0.4605150310561703
Odin-Nougatti,Non-partner,after,Odin,Lola,3,Odin__Lola__after__3,Nougatti,Tabor,6,Nougatti__Tabor__after__6,Nougatti__Tabor__after__6||Odin__Lola__after__3,23,50,1150,chatter_cosine,0.9919851352080055,0.401334309916752,0.5990242258242882
Odin-Nougatti,Non-partner,after,Odin,Lola,3,Odin__Lola__after__3,Nougatti,Wuschel,3,Nougatti__Wuschel__after__3,Nougatti__Wuschel__after__3||Odin__Lola__after__3,23,29,667,T_PC_pairwise,2.94277056792508,-1.102737210864516,0.14215017798720134
Odin-Nougatti,Non-partner,after,Odin,Lola,3,Odin__Lola__after__3,Nougatti,Wuschel,3,Nougatti__Wuschel__after__3,Nougatti__Wuschel__after__3||Odin__Lola__after__3,23,29,667,M_PC_pairwise,9.768423373552634,-1.1055229080030409,0.2395291666999899
Odin-Nougatti,Non-partner,after,Odin,Lola,3,Odin__Lola__after__3,Nougatti,Wuschel,3,Nougatti__Wuschel__after__3,Nougatti__Wuschel__after__3||Odin__Lola__after__3,23,29,667,spectro_DTW,0.00845583993068867,-0.38092513782190335,0.3771266456954534
Odin-Nougatti,Non-partner,after,Odin,Lola,3,Odin__Lola__after__3,Nougatti,Wuschel,3,Nougatti__Wuschel__after__3,Nougatti__Wuschel__after__3||Odin__Lola__after__3,23,29,667,chatter_cosine,0.9185955873404307,-0.8752365075167625,0.39971192486853924
Odin-Nougatti,Non-partner,after,Odin,Lola,3,Odin__Lola__after__3,Nougatti,Wuschel,4,Nougatti__Wuschel__after__4,Nougatti__Wuschel__after__4||Odin__Lola__after__3,23,42,966,T_PC_pairwise,3.0926333903402523,-0.9329073322816319,0.1781687398329363
Odin-Nougatti,Non-partner,after,Odin,Lola,3,Odin__Lola__after__3,Nougatti,Wuschel,4,Nougatti__Wuschel__after__4,Nougatti__Wuschel__after__4||Odin__Lola__after__3,23,42,966,M_PC_pairwise,10.52786024522584,-0.8608351893174587,0.29393828920829146
Odin-Nougatti,Non-partner,after,Odin,Lola,3,Odin__Lola__after__3,Nougatti,Wuschel,4,Nougatti__Wuschel__after__4,Nougatti__Wuschel__after__4||Odin__Lola__after__3,23,42,966,spectro_DTW,0.00917307407895053,-0.17498474228418265,0.420092017441185
Odin-Nougatti,Non-partner,after,Odin,Lola,3,Odin__Lola__after__3,Nougatti,Wuschel,4,Nougatti__Wuschel__after__4,Nougatti__Wuschel__after__4||Odin__Lola__after__3,23,42,966,chatter_cosine,0.9217884215694037,-0.8196989123136373,0.4083830661309865
Odin-Nougatti,Non-partner,after,Odin,Lola,3,Odin__Lola__after__3,Nougatti,Wuschel,5,Nougatti__Wuschel__after__5,Nougatti__Wuschel__after__5||Odin__Lola__after__3,23,63,1449,T_PC_pairwise,2.9345167986560146,-1.1120906756546909,0.14016643783012175
Odin-Nougatti,Non-partner,after,Odin,Lola,3,Odin__Lola__after__3,Nougatti,Wuschel,5,Nougatti__Wuschel__after__5,Nougatti__Wuschel__after__5||Odin__Lola__after__3,23,63,1449,M_PC_pairwise,10.70252003235353,-0.8045604593794397,0.3064516212699373
Odin-Nougatti,Non-partner,after,Odin,Lola,3,Odin__Lola__after__3,Nougatti,Wuschel,5,Nougatti__Wuschel__after__5,Nougatti__Wuschel__after__5||Odin__Lola__after__3,23,63,1449,spectro_DTW,0.010014890840957089,0.06672722494164354,0.4705204168823599
Odin-Nougatti,Non-partner,after,Odin,Lola,3,Odin__Lola__after__3,Nougatti,Wuschel,5,Nougatti__Wuschel__after__5,Nougatti__Wuschel__after__5||Odin__Lola__after__3,23,63,1449,chatter_cosine,0.9589935119827506,-0.17253682913314516,0.5094251408271186
Odin-Nougatti,Non-partner,after,Odin,Lola,3,Odin__Lola__after__3,Nougatti,Wuschel,6,Nougatti__Wuschel__after__6,Nougatti__Wuschel__after__6||Odin__Lola__after__3,23,34,782,T_PC_pairwise,2.9616948940107584,-1.0812914917088339,0.1466985175855142
Odin-Nougatti,Non-partner,after,Odin,Lola,3,Odin__Lola__after__3,Nougatti,Wuschel,6,Nougatti__Wuschel__after__6,Nougatti__Wuschel__after__6||Odin__Lola__after__3,23,34,782,M_PC_pairwise,10.30547043216198,-0.9324883550343384,0.27800538545431547
Odin-Nougatti,Non-partner,after,Odin,Lola,3,Odin__Lola__after__3,Nougatti,Wuschel,6,Nougatti__Wuschel__after__6,Nougatti__Wuschel__after__6||Odin__Lola__after__3,23,34,782,spectro_DTW,0.009375849672917115,-0.11676151612007035,0.4322391367561943
Odin-Nougatti,Non-partner,after,Odin,Lola,3,Odin__Lola__after__3,Nougatti,Wuschel,6,Nougatti__Wuschel__after__6,Nougatti__Wuschel__after__6||Odin__Lola__after__3,23,34,782,chatter_cosine,0.9625425400865047,-0.11080343740168255,0.5190636381073068
Odin-Nougatti,Non-partner,after,Odin,Lola,4,Odin__Lola__after__4,Nougatti,Tabor,2,Nougatti__Tabor__after__2,Nougatti__Tabor__after__2||Odin__Lola__after__4,42,30,1260,T_PC_pairwise,2.914543340745426,-1.1347253082951887,0.1353659461709384
Odin-Nougatti,Non-partner,after,Odin,Lola,4,Odin__Lola__after__4,Nougatti,Tabor,2,Nougatti__Tabor__after__2,Nougatti__Tabor__after__2||Odin__Lola__after__4,42,30,1260,M_PC_pairwise,9.989989703467915,-1.0341350654756423,0.2554030727976948
Odin-Nougatti,Non-partner,after,Odin,Lola,4,Odin__Lola__after__4,Nougatti,Tabor,2,Nougatti__Tabor__after__2,Nougatti__Tabor__after__2||Odin__Lola__after__4,42,30,1260,spectro_DTW,0.00786120516039239,-0.5516634108002113,0.34150549739871944
Odin-Nougatti,Non-partner,after,Odin,Lola,4,Odin__Lola__after__4,Nougatti,Tabor,2,Nougatti__Tabor__after__2,Nougatti__Tabor__after__2||Odin__Lola__after__4,42,30,1260,chatter_cosine,0.9941223381767197,0.4385097799948048,0.6048284698029064
Odin-Nougatti,Non-partner,after,Odin,Lola,4,Odin__Lola__after__4,Nougatti,Tabor,3,Nougatti__Tabor__after__3,Nougatti__Tabor__after__3||Odin__Lola__after__4,42,45,1890,T_PC_pairwise,2.850343255115249,-1.207479127900817,0.11993587006863544
Odin-Nougatti,Non-partner,after,Odin,Lola,4,Odin__Lola__after__4,Nougatti,Tabor,3,Nougatti__Tabor__after__3,Nougatti__Tabor__after__3||Odin__Lola__after__4,42,45,1890,M_PC_pairwise,10.257259960590847,-0.9480215885992381,0.2745513926976594
Odin-Nougatti,Non-partner,after,Odin,Lola,4,Odin__Lola__after__4,Nougatti,Tabor,3,Nougatti__Tabor__after__3,Nougatti__Tabor__after__3||Odin__Lola__after__4,42,45,1890,spectro_DTW,0.007431050469093616,-0.6751742997939308,0.3157374044201422
Odin-Nougatti,Non-partner,after,Odin,Lola,4,Odin__Lola__after__4,Nougatti,Tabor,3,Nougatti__Tabor__after__3,Nougatti__Tabor__after__3||Odin__Lola__after__4,42,45,1890,chatter_cosine,0.9171084727402087,-0.9011040480042475,0.3956731994455408
Odin-Nougatti,Non-partner,after,Odin,Lola,4,Odin__Lola__after__4,Nougatti,Tabor,5,Nougatti__Tabor__after__5,Nougatti__Tabor__after__5||Odin__Lola__after__4,42,8,336,T_PC_pairwise,3.2951740874421027,-0.7033810131949205,0.2268480887686647
Odin-Nougatti,Non-partner,after,Odin,Lola,4,Odin__Lola__after__4,Nougatti,Tabor,5,Nougatti__Tabor__after__5,Nougatti__Tabor__after__5||Odin__Lola__after__4,42,8,336,M_PC_pairwise,10.28589128738358,-0.9387966822282584,0.27660265650265325
Odin-Nougatti,Non-partner,after,Odin,Lola,4,Odin__Lola__after__4,Nougatti,Tabor,5,Nougatti__Tabor__after__5,Nougatti__Tabor__after__5||Odin__Lola__after__4,42,8,336,spectro_DTW,0.008511709354934283,-0.36488327568317336,0.38047346149856315
Odin-Nougatti,Non-partner,after,Odin,Lola,4,Odin__Lola__after__4,Nougatti,Tabor,5,Nougatti__Tabor__after__5,Nougatti__Tabor__after__5||Odin__Lola__after__4,42,8,336,chatter_cosine,1.0270388690488679,1.011074728866758,0.6942236179982185
Odin-Nougatti,Non-partner,after,Odin,Lola,4,Odin__Lola__after__4,Nougatti,Tabor,6,Nougatti__Tabor__after__6,Nougatti__Tabor__after__6||Odin__Lola__after__4,42,50,2100,T_PC_pairwise,2.9574119828002794,-1.0861450389671516,0.145669147526761
Odin-Nougatti,Non-partner,after,Odin,Lola,4,Odin__Lola__after__4,Nougatti,Tabor,6,Nougatti__Tabor__after__6,Nougatti__Tabor__after__6||Odin__Lola__after__4,42,50,2100,M_PC_pairwise,10.155693870782851,-0.9807458027346133,0.26727478811184685
Odin-Nougatti,Non-partner,after,Odin,Lola,4,Odin__Lola__after__4,Nougatti,Tabor,6,Nougatti__Tabor__after__6,Nougatti__Tabor__after__6||Odin__Lola__after__4,42,50,2100,spectro_DTW,0.007695935350909297,-0.5991175511501566,0.3316051338703019
Odin-Nougatti,Non-partner,after,Odin,Lola,4,Odin__Lola__after__4,Nougatti,Tabor,6,Nougatti__Tabor__after__6,Nougatti__Tabor__after__6||Odin__Lola__after__4,42,50,2100,chatter_cosine,0.9850708480676015,0.2810640882944256,0.5802463137173852
Odin-Nougatti,Non-partner,after,Odin,Lola,4,Odin__Lola__after__4,Nougatti,Wuschel,3,Nougatti__Wuschel__after__3,Nougatti__Wuschel__after__3||Odin__Lola__after__4,42,29,1218,T_PC_pairwise,3.034709583166589,-0.998548649993567,0.16424712673769412
Odin-Nougatti,Non-partner,after,Odin,Lola,4,Odin__Lola__after__4,Nougatti,Wuschel,3,Nougatti__Wuschel__after__3,Nougatti__Wuschel__after__3||Odin__Lola__after__4,42,29,1218,M_PC_pairwise,10.193306334304497,-0.968627207711726,0.26996949679919224
Odin-Nougatti,Non-partner,after,Odin,Lola,4,Odin__Lola__after__4,Nougatti,Wuschel,3,Nougatti__Wuschel__after__3,Nougatti__Wuschel__after__3||Odin__Lola__after__4,42,29,1218,spectro_DTW,0.00700433402057861,-0.7976979615612841,0.29017527678735155
Odin-Nougatti,Non-partner,after,Odin,Lola,4,Odin__Lola__after__4,Nougatti,Wuschel,3,Nougatti__Wuschel__after__3,Nougatti__Wuschel__after__3||Odin__Lola__after__4,42,29,1218,chatter_cosine,0.9577074216553338,-0.19490766296804266,0.5059323597725617
Odin-Nougatti,Non-partner,after,Odin,Lola,4,Odin__Lola__after__4,Nougatti,Wuschel,4,Nougatti__Wuschel__after__4,Nougatti__Wuschel__after__4||Odin__Lola__after__4,42,42,1764,T_PC_pairwise,3.2677596997376743,-0.7344479720325771,0.22025921767254059
Odin-Nougatti,Non-partner,after,Odin,Lola,4,Odin__Lola__after__4,Nougatti,Wuschel,4,Nougatti__Wuschel__after__4,Nougatti__Wuschel__after__4||Odin__Lola__after__4,42,42,1764,M_PC_pairwise,11.16372565881195,-0.655961732095591,0.3394942537354997
Odin-Nougatti,Non-partner,after,Odin,Lola,4,Odin__Lola__after__4,Nougatti,Wuschel,4,Nougatti__Wuschel__after__4,Nougatti__Wuschel__after__4||Odin__Lola__after__4,42,42,1764,spectro_DTW,0.008036838220534033,-0.5012336564965097,0.3520266636567865
Odin-Nougatti,Non-partner,after,Odin,Lola,4,Odin__Lola__after__4,Nougatti,Wuschel,4,Nougatti__Wuschel__after__4,Nougatti__Wuschel__after__4||Odin__Lola__after__4,42,42,1764,chatter_cosine,0.9794663752253905,0.1835773659293427,0.5650256125374205
Odin-Nougatti,Non-partner,after,Odin,Lola,4,Odin__Lola__after__4,Nougatti,Wuschel,5,Nougatti__Wuschel__after__5,Nougatti__Wuschel__after__5||Odin__Lola__after__4,42,63,2646,T_PC_pairwise,2.9765013735220456,-1.0645122626971475,0.1502571593446922
Odin-Nougatti,Non-partner,after,Odin,Lola,4,Odin__Lola__after__4,Nougatti,Wuschel,5,Nougatti__Wuschel__after__5,Nougatti__Wuschel__after__5||Odin__Lola__after__4,42,63,2646,M_PC_pairwise,10.431680799161315,-0.8918238469923504,0.28704760552029013
Odin-Nougatti,Non-partner,after,Odin,Lola,4,Odin__Lola__after__4,Nougatti,Wuschel,5,Nougatti__Wuschel__after__5,Nougatti__Wuschel__after__5||Odin__Lola__after__4,42,63,2646,spectro_DTW,0.008272786986800642,-0.43348537322062464,0.3661609968869583
Odin-Nougatti,Non-partner,after,Odin,Lola,4,Odin__Lola__after__4,Nougatti,Wuschel,5,Nougatti__Wuschel__after__5,Nougatti__Wuschel__after__5||Odin__Lola__after__4,42,63,2646,chatter_cosine,0.9550790527577844,-0.2406266942136896,0.4987942008936382
Odin-Nougatti,Non-partner,after,Odin,Lola,4,Odin__Lola__after__4,Nougatti,Wuschel,6,Nougatti__Wuschel__after__6,Nougatti__Wuschel__after__6||Odin__Lola__after__4,42,34,1428,T_PC_pairwise,2.980099156331949,-1.0604351273014134,0.15112186321558976
Odin-Nougatti,Non-partner,after,Odin,Lola,4,Odin__Lola__after__4,Nougatti,Wuschel,6,Nougatti__Wuschel__after__6,Nougatti__Wuschel__after__6||Odin__Lola__after__4,42,34,1428,M_PC_pairwise,10.167969034499482,-0.9767907909115808,0.268154230382007
Odin-Nougatti,Non-partner,after,Odin,Lola,4,Odin__Lola__after__4,Nougatti,Wuschel,6,Nougatti__Wuschel__after__6,Nougatti__Wuschel__after__6||Odin__Lola__after__4,42,34,1428,spectro_DTW,0.007525445221165451,-0.6480706090041536,0.32139205098631746
Odin-Nougatti,Non-partner,after,Odin,Lola,4,Odin__Lola__after__4,Nougatti,Wuschel,6,Nougatti__Wuschel__after__6,Nougatti__Wuschel__after__6||Odin__Lola__after__4,42,34,1428,chatter_cosine,0.990187963559514,0.370073497620663,0.5941434433848104
Odin-Nougatti,Non-partner,after,Odin,Lola,5,Odin__Lola__after__5,Nougatti,Tabor,2,Nougatti__Tabor__after__2,Nougatti__Tabor__after__2||Odin__Lola__after__5,21,30,630,T_PC_pairwise,2.934618707214083,-1.1119751892534318,0.1401909308941268
Odin-Nougatti,Non-partner,after,Odin,Lola,5,Odin__Lola__after__5,Nougatti,Tabor,2,Nougatti__Tabor__after__2,Nougatti__Tabor__after__2||Odin__Lola__after__5,21,30,630,M_PC_pairwise,12.304459666070484,-0.28842150291474755,0.42122104191944654
Odin-Nougatti,Non-partner,after,Odin,Lola,5,Odin__Lola__after__5,Nougatti,Tabor,2,Nougatti__Tabor__after__2,Nougatti__Tabor__after__2||Odin__Lola__after__5,21,30,630,spectro_DTW,0.006811952743760591,-0.8529366536090166,0.2786508212166905
Odin-Nougatti,Non-partner,after,Odin,Lola,5,Odin__Lola__after__5,Nougatti,Tabor,2,Nougatti__Tabor__after__2,Nougatti__Tabor__after__2||Odin__Lola__after__5,21,30,630,chatter_cosine,0.9980370881538543,0.5066047025493902,0.6154601993649562
Odin-Nougatti,Non-partner,after,Odin,Lola,5,Odin__Lola__after__5,Nougatti,Tabor,3,Nougatti__Tabor__after__3,Nougatti__Tabor__after__3||Odin__Lola__after__5,21,45,945,T_PC_pairwise,2.8259910094359566,-1.2350759585242077,0.11408296503891326
Odin-Nougatti,Non-partner,after,Odin,Lola,5,Odin__Lola__after__5,Nougatti,Tabor,3,Nougatti__Tabor__after__3,Nougatti__Tabor__after__3||Odin__Lola__after__5,21,45,945,M_PC_pairwise,12.42897847430416,-0.24830200877823375,0.4301420718884643
Odin-Nougatti,Non-partner,after,Odin,Lola,5,Odin__Lola__after__5,Nougatti,Tabor,3,Nougatti__Tabor__after__3,Nougatti__Tabor__after__3||Odin__Lola__after__5,21,45,945,spectro_DTW,0.006438823842946144,-0.960073651486908,0.2562988152902858
Odin-Nougatti,Non-partner,after,Odin,Lola,5,Odin__Lola__after__5,Nougatti,Tabor,3,Nougatti__Tabor__after__3,Nougatti__Tabor__after__3||Odin__Lola__after__5,21,45,945,chatter_cosine,0.952870724125514,-0.27903935608682234,0.4927967929009022
Odin-Nougatti,Non-partner,after,Odin,Lola,5,Odin__Lola__after__5,Nougatti,Tabor,5,Nougatti__Tabor__after__5,Nougatti__Tabor__after__5||Odin__Lola__after__5,21,8,168,T_PC_pairwise,3.17665025804724,-0.8376964306607947,0.19836165156928096
Odin-Nougatti,Non-partner,after,Odin,Lola,5,Odin__Lola__after__5,Nougatti,Tabor,5,Nougatti__Tabor__after__5,Nougatti__Tabor__after__5||Odin__Lola__after__5,21,8,168,M_PC_pairwise,12.676483291955222,-0.16855688254897983,0.44787431593305727
Odin-Nougatti,Non-partner,after,Odin,Lola,5,Odin__Lola__after__5,Nougatti,Tabor,5,Nougatti__Tabor__after__5,Nougatti__Tabor__after__5||Odin__Lola__after__5,21,8,168,spectro_DTW,0.007598619853351487,-0.6270598794784624,0.32577552224441264
Odin-Nougatti,Non-partner,after,Odin,Lola,5,Odin__Lola__after__5,Nougatti,Tabor,5,Nougatti__Tabor__after__5,Nougatti__Tabor__after__5||Odin__Lola__after__5,21,8,168,chatter_cosine,1.0212261949976285,0.9099664609911395,0.6784374812318661
Odin-Nougatti,Non-partner,after,Odin,Lola,5,Odin__Lola__after__5,Nougatti,Tabor,6,Nougatti__Tabor__after__6,Nougatti__Tabor__after__6||Odin__Lola__after__5,21,50,1050,T_PC_pairwise,2.918860161304474,-1.1298333337574602,0.13640346612269963
Odin-Nougatti,Non-partner,after,Odin,Lola,5,Odin__Lola__after__5,Nougatti,Tabor,6,Nougatti__Tabor__after__6,Nougatti__Tabor__after__6||Odin__Lola__after__5,21,50,1050,M_PC_pairwise,12.592339382512229,-0.19566773535433563,0.441845906663009
Odin-Nougatti,Non-partner,after,Odin,Lola,5,Odin__Lola__after__5,Nougatti,Tabor,6,Nougatti__Tabor__after__6,Nougatti__Tabor__after__6||Odin__Lola__after__5,21,50,1050,spectro_DTW,0.006849150381915804,-0.842256046260192,0.28087911772944724
Odin-Nougatti,Non-partner,after,Odin,Lola,5,Odin__Lola__after__5,Nougatti,Tabor,6,Nougatti__Tabor__after__6,Nougatti__Tabor__after__6||Odin__Lola__after__5,21,50,1050,chatter_cosine,0.9745321316378457,0.09774891279138379,0.5516251287970891
Odin-Nougatti,Non-partner,after,Odin,Lola,5,Odin__Lola__after__5,Nougatti,Wuschel,3,Nougatti__Wuschel__after__3,Nougatti__Wuschel__after__3||Odin__Lola__after__5,21,29,609,T_PC_pairwise,2.8750610967672907,-1.1794679909227095,0.12587664373010235
Odin-Nougatti,Non-partner,after,Odin,Lola,5,Odin__Lola__after__5,Nougatti,Wuschel,3,Nougatti__Wuschel__after__3,Nougatti__Wuschel__after__3||Odin__Lola__after__5,21,29,609,M_PC_pairwise,12.291737005628388,-0.29252069650845464,0.42030953917781594
Odin-Nougatti,Non-partner,after,Odin,Lola,5,Odin__Lola__after__5,Nougatti,Wuschel,3,Nougatti__Wuschel__after__3,Nougatti__Wuschel__after__3||Odin__Lola__after__5,21,29,609,spectro_DTW,0.00569232765218925,-1.1744160962302792,0.21158052291621354
Odin-Nougatti,Non-partner,after,Odin,Lola,5,Odin__Lola__after__5,Nougatti,Wuschel,3,Nougatti__Wuschel__after__3,Nougatti__Wuschel__after__3||Odin__Lola__after__5,21,29,609,chatter_cosine,0.9661694681898909,-0.04771501802530546,0.5289136972327747
Odin-Nougatti,Non-partner,after,Odin,Lola,5,Odin__Lola__after__5,Nougatti,Wuschel,4,Nougatti__Wuschel__after__4,Nougatti__Wuschel__after__4||Odin__Lola__after__5,21,42,882,T_PC_pairwise,3.119486819352963,-0.9024760717777522,0.18462278812908295
Odin-Nougatti,Non-partner,after,Odin,Lola,5,Odin__Lola__after__5,Nougatti,Wuschel,4,Nougatti__Wuschel__after__4,Nougatti__Wuschel__after__4||Odin__Lola__after__5,21,42,882,M_PC_pairwise,12.90475188226116,-0.09500959679964047,0.46422839901489305
Odin-Nougatti,Non-partner,after,Odin,Lola,5,Odin__Lola__after__5,Nougatti,Wuschel,4,Nougatti__Wuschel__after__4,Nougatti__Wuschel__after__4||Odin__Lola__after__5,21,42,882,spectro_DTW,0.00642983997932291,-0.9626532002054254,0.2557606437026381
Odin-Nougatti,Non-partner,after,Odin,Lola,5,Odin__Lola__after__5,Nougatti,Wuschel,4,Nougatti__Wuschel__after__4,Nougatti__Wuschel__after__4||Odin__Lola__after__5,21,42,882,chatter_cosine,0.965416757377232,-0.06080800858495432,0.5268694752913066
Odin-Nougatti,Non-partner,after,Odin,Lola,5,Odin__Lola__after__5,Nougatti,Wuschel,5,Nougatti__Wuschel__after__5,Nougatti__Wuschel__after__5||Odin__Lola__after__5,21,63,1323,T_PC_pairwise,3.118355308158868,-0.9037583404926439,0.18435083671867414
Odin-Nougatti,Non-partner,after,Odin,Lola,5,Odin__Lola__after__5,Nougatti,Wuschel,5,Nougatti__Wuschel__after__5,Nougatti__Wuschel__after__5||Odin__Lola__after__5,21,63,1323,M_PC_pairwise,12.678657414511308,-0.16785638839570075,0.4480300788475462
Odin-Nougatti,Non-partner,after,Odin,Lola,5,Odin__Lola__after__5,Nougatti,Wuschel,5,Nougatti__Wuschel__after__5,Nougatti__Wuschel__after__5||Odin__Lola__after__5,21,63,1323,spectro_DTW,0.007597654853146368,-0.6273369612716504,0.3257177146335395
Odin-Nougatti,Non-partner,after,Odin,Lola,5,Odin__Lola__after__5,Nougatti,Wuschel,5,Nougatti__Wuschel__after__5,Nougatti__Wuschel__after__5||Odin__Lola__after__5,21,63,1323,chatter_cosine,0.9789951808373314,0.1753811987282576,0.5637459366106664
Odin-Nougatti,Non-partner,after,Odin,Lola,5,Odin__Lola__after__5,Nougatti,Wuschel,6,Nougatti__Wuschel__after__6,Nougatti__Wuschel__after__6||Odin__Lola__after__5,21,34,714,T_PC_pairwise,2.909145171694061,-1.1408427053906702,0.1340685310902876
Odin-Nougatti,Non-partner,after,Odin,Lola,5,Odin__Lola__after__5,Nougatti,Wuschel,6,Nougatti__Wuschel__after__6,Nougatti__Wuschel__after__6||Odin__Lola__after__5,21,34,714,M_PC_pairwise,12.593545443704482,-0.19527914695056564,0.4419323137543808
Odin-Nougatti,Non-partner,after,Odin,Lola,5,Odin__Lola__after__5,Nougatti,Wuschel,6,Nougatti__Wuschel__after__6,Nougatti__Wuschel__after__6||Odin__Lola__after__5,21,34,714,spectro_DTW,0.006641314530136006,-0.9019322309847708,0.2684288674793022
Odin-Nougatti,Non-partner,after,Odin,Lola,5,Odin__Lola__after__5,Nougatti,Wuschel,6,Nougatti__Wuschel__after__6,Nougatti__Wuschel__after__6||Odin__Lola__after__5,21,34,714,chatter_cosine,0.9987940284259179,0.5197712622289811,0.6175159077279958
Odin-Nougatti,Non-partner,after,Odin,Lola,6,Odin__Lola__after__6,Nougatti,Tabor,2,Nougatti__Tabor__after__2,Nougatti__Tabor__after__2||Odin__Lola__after__6,47,30,1410,T_PC_pairwise,4.9132907186416865,1.1303262837907626,0.6157519744369355
Odin-Nougatti,Non-partner,after,Odin,Lola,6,Odin__Lola__after__6,Nougatti,Tabor,2,Nougatti__Tabor__after__2,Nougatti__Tabor__after__2||Odin__Lola__after__6,47,30,1410,M_PC_pairwise,11.060202483420676,-0.6893165118836317,0.33207743563987263
Odin-Nougatti,Non-partner,after,Odin,Lola,6,Odin__Lola__after__6,Nougatti,Tabor,2,Nougatti__Tabor__after__2,Nougatti__Tabor__after__2||Odin__Lola__after__6,47,30,1410,spectro_DTW,0.012928583880585902,0.9033397851645655,0.645063005106836
Odin-Nougatti,Non-partner,after,Odin,Lola,6,Odin__Lola__after__6,Nougatti,Tabor,2,Nougatti__Tabor__after__2,Nougatti__Tabor__after__2||Odin__Lola__after__6,47,30,1410,chatter_cosine,1.0013104330140647,0.5635427358982357,0.6243499924603907
Odin-Nougatti,Non-partner,after,Odin,Lola,6,Odin__Lola__after__6,Nougatti,Tabor,3,Nougatti__Tabor__after__3,Nougatti__Tabor__after__3||Odin__Lola__after__6,47,45,2115,T_PC_pairwise,4.971125643895873,1.1958668773514396,0.6296522253366577
Odin-Nougatti,Non-partner,after,Odin,Lola,6,Odin__Lola__after__6,Nougatti,Tabor,3,Nougatti__Tabor__after__3,Nougatti__Tabor__after__3||Odin__Lola__after__6,47,45,2115,M_PC_pairwise,11.988162444669305,-0.3903312842514463,0.3985602324299943
Odin-Nougatti,Non-partner,after,Odin,Lola,6,Odin__Lola__after__6,Nougatti,Tabor,3,Nougatti__Tabor__after__3,Nougatti__Tabor__after__3||Odin__Lola__after__6,47,45,2115,spectro_DTW,0.01340568338143232,1.040329999801262,0.6736432915631431
Odin-Nougatti,Non-partner,after,Odin,Lola,6,Odin__Lola__after__6,Nougatti,Tabor,3,Nougatti__Tabor__after__3,Nougatti__Tabor__after__3||Odin__Lola__after__6,47,45,2115,chatter_cosine,0.9889828742818629,0.3491116324920311,0.5908706460483404
Odin-Nougatti,Non-partner,after,Odin,Lola,6,Odin__Lola__after__6,Nougatti,Tabor,5,Nougatti__Tabor__after__5,Nougatti__Tabor__after__5||Odin__Lola__after__6,47,8,376,T_PC_pairwise,5.3859088763277585,1.665913983544147,0.7293426973907138
Odin-Nougatti,Non-partner,after,Odin,Lola,6,Odin__Lola__after__6,Nougatti,Tabor,5,Nougatti__Tabor__after__5,Nougatti__Tabor__after__5||Odin__Lola__after__6,47,8,376,M_PC_pairwise,11.33360159967808,-0.6012283395246987,0.35166485174377693
Odin-Nougatti,Non-partner,after,Odin,Lola,6,Odin__Lola__after__6,Nougatti,Tabor,5,Nougatti__Tabor__after__5,Nougatti__Tabor__after__5||Odin__Lola__after__6,47,8,376,spectro_DTW,0.014351116097965674,1.3117933539500044,0.7302787267621961
Odin-Nougatti,Non-partner,after,Odin,Lola,6,Odin__Lola__after__6,Nougatti,Tabor,5,Nougatti__Tabor__after__5,Nougatti__Tabor__after__5||Odin__Lola__after__6,47,8,376,chatter_cosine,1.0039681613128235,0.6097724577788588,0.6315678859879084
Odin-Nougatti,Non-partner,after,Odin,Lola,6,Odin__Lola__after__6,Nougatti,Tabor,6,Nougatti__Tabor__after__6,Nougatti__Tabor__after__6||Odin__Lola__after__6,47,50,2350,T_PC_pairwise,4.80356339193405,1.0059793759208644,0.5893797198677727
Odin-Nougatti,Non-partner,after,Odin,Lola,6,Odin__Lola__after__6,Nougatti,Tabor,6,Nougatti__Tabor__after__6,Nougatti__Tabor__after__6||Odin__Lola__after__6,47,50,2350,M_PC_pairwise,10.889639274186276,-0.7442713397514257,0.31985759895193666
Odin-Nougatti,Non-partner,after,Odin,Lola,6,Odin__Lola__after__6,Nougatti,Tabor,6,Nougatti__Tabor__after__6,Nougatti__Tabor__after__6||Odin__Lola__after__6,47,50,2350,spectro_DTW,0.012774523977101087,0.8591043600428626,0.6358341625588653
Odin-Nougatti,Non-partner,after,Odin,Lola,6,Odin__Lola__after__6,Nougatti,Tabor,6,Nougatti__Tabor__after__6,Nougatti__Tabor__after__6||Odin__Lola__after__6,47,50,2350,chatter_cosine,1.0166358172132615,0.8301193643570004,0.6659708727700013
Odin-Nougatti,Non-partner,after,Odin,Lola,6,Odin__Lola__after__6,Nougatti,Wuschel,3,Nougatti__Wuschel__after__3,Nougatti__Wuschel__after__3||Odin__Lola__after__6,47,29,1363,T_PC_pairwise,5.348999770397835,1.6240872724381972,0.7204718320674599
Odin-Nougatti,Non-partner,after,Odin,Lola,6,Odin__Lola__after__6,Nougatti,Wuschel,3,Nougatti__Wuschel__after__3,Nougatti__Wuschel__after__3||Odin__Lola__after__6,47,29,1363,M_PC_pairwise,12.249263381048413,-0.3062055394367211,0.41726655729302553
Odin-Nougatti,Non-partner,after,Odin,Lola,6,Odin__Lola__after__6,Nougatti,Wuschel,3,Nougatti__Wuschel__after__3,Nougatti__Wuschel__after__3||Odin__Lola__after__6,47,29,1363,spectro_DTW,0.013146353709840804,0.9658683260624296,0.6581083427997164
Odin-Nougatti,Non-partner,after,Odin,Lola,6,Odin__Lola__after__6,Nougatti,Wuschel,3,Nougatti__Wuschel__after__3,Nougatti__Wuschel__after__3||Odin__Lola__after__6,47,29,1363,chatter_cosine,1.0006965878730474,0.5528652373141035,0.6226829037394267
Odin-Nougatti,Non-partner,after,Odin,Lola,6,Odin__Lola__after__6,Nougatti,Wuschel,4,Nougatti__Wuschel__after__4,Nougatti__Wuschel__after__4||Odin__Lola__after__6,47,42,1974,T_PC_pairwise,5.404638438480845,1.68713898928678,0.7338442267352338
Odin-Nougatti,Non-partner,after,Odin,Lola,6,Odin__Lola__after__6,Nougatti,Wuschel,4,Nougatti__Wuschel__after__4,Nougatti__Wuschel__after__4||Odin__Lola__after__6,47,42,1974,M_PC_pairwise,13.135655244131097,-0.020613397510150556,0.4807712477652843
Odin-Nougatti,Non-partner,after,Odin,Lola,6,Odin__Lola__after__6,Nougatti,Wuschel,4,Nougatti__Wuschel__after__4,Nougatti__Wuschel__after__4||Odin__Lola__after__6,47,42,1974,spectro_DTW,0.014502732148957783,1.35532707245302,0.739361172166228
Odin-Nougatti,Non-partner,after,Odin,Lola,6,Odin__Lola__after__6,Nougatti,Wuschel,4,Nougatti__Wuschel__after__4,Nougatti__Wuschel__after__4||Odin__Lola__after__6,47,42,1974,chatter_cosine,1.0076257990637327,0.6733950545821406,0.6415013467786979
Odin-Nougatti,Non-partner,after,Odin,Lola,6,Odin__Lola__after__6,Nougatti,Wuschel,5,Nougatti__Wuschel__after__5,Nougatti__Wuschel__after__5||Odin__Lola__after__6,47,63,2961,T_PC_pairwise,4.590586603140759,0.7646265066846621,0.5381921236699276
Odin-Nougatti,Non-partner,after,Odin,Lola,6,Odin__Lola__after__6,Nougatti,Wuschel,5,Nougatti__Wuschel__after__5,Nougatti__Wuschel__after__5||Odin__Lola__after__6,47,63,2961,M_PC_pairwise,11.219589754360344,-0.6379625295205917,0.3434965830032521
Odin-Nougatti,Non-partner,after,Odin,Lola,6,Odin__Lola__after__6,Nougatti,Wuschel,5,Nougatti__Wuschel__after__5,Nougatti__Wuschel__after__5||Odin__Lola__after__6,47,63,2961,spectro_DTW,0.013346227451124754,1.0232583394037809,0.670081628814174
Odin-Nougatti,Non-partner,after,Odin,Lola,6,Odin__Lola__after__6,Nougatti,Wuschel,5,Nougatti__Wuschel__after__5,Nougatti__Wuschel__after__5||Odin__Lola__after__6,47,63,2961,chatter_cosine,0.988955865796858,0.3486418347513149,0.5907972960489458
Odin-Nougatti,Non-partner,after,Odin,Lola,6,Odin__Lola__after__6,Nougatti,Wuschel,6,Nougatti__Wuschel__after__6,Nougatti__Wuschel__after__6||Odin__Lola__after__6,47,34,1598,T_PC_pairwise,4.932495375188331,1.1520896833916798,0.6203676896517145
Odin-Nougatti,Non-partner,after,Odin,Lola,6,Odin__Lola__after__6,Nougatti,Wuschel,6,Nougatti__Wuschel__after__6,Nougatti__Wuschel__after__6||Odin__Lola__after__6,47,34,1598,M_PC_pairwise,11.365126019649123,-0.5910712893559255,0.3539233884203392
Odin-Nougatti,Non-partner,after,Odin,Lola,6,Odin__Lola__after__6,Nougatti,Wuschel,6,Nougatti__Wuschel__after__6,Nougatti__Wuschel__after__6||Odin__Lola__after__6,47,34,1598,spectro_DTW,0.01299469639016525,0.9223227580274131,0.6490234252262681
Odin-Nougatti,Non-partner,after,Odin,Lola,6,Odin__Lola__after__6,Nougatti,Wuschel,6,Nougatti__Wuschel__after__6,Nougatti__Wuschel__after__6||Odin__Lola__after__6,47,34,1598,chatter_cosine,0.9953368677849763,0.4596358544816922,0.6081269053136049
Odin-Nougatti,Non-partner,after,Odin,Olympia,1,Odin__Olympia__after__1,Nougatti,Tabor,2,Nougatti__Tabor__after__2,Nougatti__Tabor__after__2||Odin__Olympia__after__1,75,30,2250,T_PC_pairwise,4.957345366663403,1.180250577247699,0.6263402246699808
Odin-Nougatti,Non-partner,after,Odin,Olympia,1,Odin__Olympia__after__1,Nougatti,Tabor,2,Nougatti__Tabor__after__2,Nougatti__Tabor__after__2||Odin__Olympia__after__1,75,30,2250,M_PC_pairwise,12.544230177667405,-0.21116834115889924,0.4383991690633295
Odin-Nougatti,Non-partner,after,Odin,Olympia,1,Odin__Olympia__after__1,Nougatti,Tabor,2,Nougatti__Tabor__after__2,Nougatti__Tabor__after__2||Odin__Olympia__after__1,75,30,2250,spectro_DTW,0.01298097621385629,0.9183832655440142,0.6482015283924935
Odin-Nougatti,Non-partner,after,Odin,Olympia,1,Odin__Olympia__after__1,Nougatti,Tabor,2,Nougatti__Tabor__after__2,Nougatti__Tabor__after__2||Odin__Olympia__after__1,75,30,2250,chatter_cosine,0.973860320256816,0.08606312334641156,0.5498006145978342
Odin-Nougatti,Non-partner,after,Odin,Olympia,1,Odin__Olympia__after__1,Nougatti,Tabor,3,Nougatti__Tabor__after__3,Nougatti__Tabor__after__3||Odin__Olympia__after__1,75,45,3375,T_PC_pairwise,5.04693830564287,1.281780481086119,0.6478733091372756
Odin-Nougatti,Non-partner,after,Odin,Olympia,1,Odin__Olympia__after__1,Nougatti,Tabor,3,Nougatti__Tabor__after__3,Nougatti__Tabor__after__3||Odin__Olympia__after__1,75,45,3375,M_PC_pairwise,13.722643423062785,0.16851199757601787,0.5228254499375513
Odin-Nougatti,Non-partner,after,Odin,Olympia,1,Odin__Olympia__after__1,Nougatti,Tabor,3,Nougatti__Tabor__after__3,Nougatti__Tabor__after__3||Odin__Olympia__after__1,75,45,3375,spectro_DTW,0.013930031682468123,1.1908868253184715,0.7050539818277411
Odin-Nougatti,Non-partner,after,Odin,Olympia,1,Odin__Olympia__after__1,Nougatti,Tabor,3,Nougatti__Tabor__after__3,Nougatti__Tabor__after__3||Odin__Olympia__after__1,75,45,3375,chatter_cosine,0.9790261882852624,0.17592055622945516,0.5638301470462594
Odin-Nougatti,Non-partner,after,Odin,Olympia,1,Odin__Olympia__after__1,Nougatti,Tabor,5,Nougatti__Tabor__after__5,Nougatti__Tabor__after__5||Odin__Olympia__after__1,75,8,600,T_PC_pairwise,5.448411089281241,1.7367437134663888,0.7443647007567228
Odin-Nougatti,Non-partner,after,Odin,Olympia,1,Odin__Olympia__after__1,Nougatti,Tabor,5,Nougatti__Tabor__after__5,Nougatti__Tabor__after__5||Odin__Olympia__after__1,75,8,600,M_PC_pairwise,12.797554027636846,-0.12954834448807123,0.45654831206832297
Odin-Nougatti,Non-partner,after,Odin,Olympia,1,Odin__Olympia__after__1,Nougatti,Tabor,5,Nougatti__Tabor__after__5,Nougatti__Tabor__after__5||Odin__Olympia__after__1,75,8,600,spectro_DTW,0.01473342563219679,1.4215663993190775,0.7531806916226035
Odin-Nougatti,Non-partner,after,Odin,Olympia,1,Odin__Olympia__after__1,Nougatti,Tabor,5,Nougatti__Tabor__after__5,Nougatti__Tabor__after__5||Odin__Olympia__after__1,75,8,600,chatter_cosine,0.9768193186322848,0.13753327249861153,0.5578367013687077
Odin-Nougatti,Non-partner,after,Odin,Olympia,1,Odin__Olympia__after__1,Nougatti,Tabor,6,Nougatti__Tabor__after__6,Nougatti__Tabor__after__6||Odin__Olympia__after__1,75,50,3750,T_PC_pairwise,4.886400879240036,1.099853761739602,0.6092891751388746
Odin-Nougatti,Non-partner,after,Odin,Olympia,1,Odin__Olympia__after__1,Nougatti,Tabor,6,Nougatti__Tabor__after__6,Nougatti__Tabor__after__6||Odin__Olympia__after__1,75,50,3750,M_PC_pairwise,12.262820299275717,-0.30183755110592364,0.41823782962938083
Odin-Nougatti,Non-partner,after,Odin,Olympia,1,Odin__Olympia__after__1,Nougatti,Tabor,6,Nougatti__Tabor__after__6,Nougatti__Tabor__after__6||Odin__Olympia__after__1,75,50,3750,spectro_DTW,0.012667111513608446,0.8282628764479134,0.6293996997892521
Odin-Nougatti,Non-partner,after,Odin,Olympia,1,Odin__Olympia__after__1,Nougatti,Tabor,6,Nougatti__Tabor__after__6,Nougatti__Tabor__after__6||Odin__Olympia__after__1,75,50,3750,chatter_cosine,0.957134160288175,-0.20487922912890136,0.5043754889993061
Odin-Nougatti,Non-partner,after,Odin,Olympia,1,Odin__Olympia__after__1,Nougatti,Wuschel,3,Nougatti__Wuschel__after__3,Nougatti__Wuschel__after__3||Odin__Olympia__after__1,75,29,2175,T_PC_pairwise,5.394961491247703,1.6761727286280523,0.7315184349425954
Odin-Nougatti,Non-partner,after,Odin,Olympia,1,Odin__Olympia__after__1,Nougatti,Wuschel,3,Nougatti__Wuschel__after__3,Nougatti__Wuschel__after__3||Odin__Olympia__after__1,75,29,2175,M_PC_pairwise,14.134741471005583,0.30128844679390043,0.5523498172843083
Odin-Nougatti,Non-partner,after,Odin,Olympia,1,Odin__Olympia__after__1,Nougatti,Wuschel,3,Nougatti__Wuschel__after__3,Nougatti__Wuschel__after__3||Odin__Olympia__after__1,75,29,2175,spectro_DTW,0.013842626721812305,1.165790122640497,0.6998180534546999
Odin-Nougatti,Non-partner,after,Odin,Olympia,1,Odin__Olympia__after__1,Nougatti,Wuschel,3,Nougatti__Wuschel__after__3,Nougatti__Wuschel__after__3||Odin__Olympia__after__1,75,29,2175,chatter_cosine,1.0099439640017762,0.7137182585790326,0.6477970496576705
Odin-Nougatti,Non-partner,after,Odin,Olympia,1,Odin__Olympia__after__1,Nougatti,Wuschel,4,Nougatti__Wuschel__after__4,Nougatti__Wuschel__after__4||Odin__Olympia__after__1,75,42,3150,T_PC_pairwise,5.465746769517187,1.756389122662448,0.7485312195814282
Odin-Nougatti,Non-partner,after,Odin,Olympia,1,Odin__Olympia__after__1,Nougatti,Wuschel,4,Nougatti__Wuschel__after__4,Nougatti__Wuschel__after__4||Odin__Olympia__after__1,75,42,3150,M_PC_pairwise,14.800374743143717,0.515752996667356,0.60003847133869
Odin-Nougatti,Non-partner,after,Odin,Olympia,1,Odin__Olympia__after__1,Nougatti,Wuschel,4,Nougatti__Wuschel__after__4,Nougatti__Wuschel__after__4||Odin__Olympia__after__1,75,42,3150,spectro_DTW,0.015531319235673262,1.6506666515800308,0.8009779073156742
Odin-Nougatti,Non-partner,after,Odin,Olympia,1,Odin__Olympia__after__1,Nougatti,Wuschel,4,Nougatti__Wuschel__after__4,Nougatti__Wuschel__after__4||Odin__Olympia__after__1,75,42,3150,chatter_cosine,1.0308035527713715,1.0765593314655761,0.7044477956489215
Odin-Nougatti,Non-partner,after,Odin,Olympia,1,Odin__Olympia__after__1,Nougatti,Wuschel,5,Nougatti__Wuschel__after__5,Nougatti__Wuschel__after__5||Odin__Olympia__after__1,75,63,4725,T_PC_pairwise,4.658817971906965,0.841948719668258,0.5545910926478129
Odin-Nougatti,Non-partner,after,Odin,Olympia,1,Odin__Olympia__after__1,Nougatti,Wuschel,5,Nougatti__Wuschel__after__5,Nougatti__Wuschel__after__5||Odin__Olympia__after__1,75,63,4725,M_PC_pairwise,12.508106566989232,-0.22280723336603422,0.4358111278025719
Odin-Nougatti,Non-partner,after,Odin,Olympia,1,Odin__Olympia__after__1,Nougatti,Wuschel,5,Nougatti__Wuschel__after__5,Nougatti__Wuschel__after__5||Odin__Olympia__after__1,75,63,4725,spectro_DTW,0.014009272008937187,1.2136392057163152,0.709800813935843
Odin-Nougatti,Non-partner,after,Odin,Olympia,1,Odin__Olympia__after__1,Nougatti,Wuschel,5,Nougatti__Wuschel__after__5,Nougatti__Wuschel__after__5||Odin__Olympia__after__1,75,63,4725,chatter_cosine,0.9727483591894625,0.06672117221098363,0.5467807360817906
Odin-Nougatti,Non-partner,after,Odin,Olympia,1,Odin__Olympia__after__1,Nougatti,Wuschel,6,Nougatti__Wuschel__after__6,Nougatti__Wuschel__after__6||Odin__Olympia__after__1,75,34,2550,T_PC_pairwise,5.016320594502431,1.24708340223983,0.6405145399341199
Odin-Nougatti,Non-partner,after,Odin,Olympia,1,Odin__Olympia__after__1,Nougatti,Wuschel,6,Nougatti__Wuschel__after__6,Nougatti__Wuschel__after__6||Odin__Olympia__after__1,75,34,2550,M_PC_pairwise,12.950235026677449,-0.08035509783997215,0.4674869950469192
Odin-Nougatti,Non-partner,after,Odin,Olympia,1,Odin__Olympia__after__1,Nougatti,Wuschel,6,Nougatti__Wuschel__after__6,Nougatti__Wuschel__after__6||Odin__Olympia__after__1,75,34,2550,spectro_DTW,0.01329065417377826,1.0073015103183285,0.6667525534681281
Odin-Nougatti,Non-partner,after,Odin,Olympia,1,Odin__Olympia__after__1,Nougatti,Wuschel,6,Nougatti__Wuschel__after__6,Nougatti__Wuschel__after__6||Odin__Olympia__after__1,75,34,2550,chatter_cosine,0.9791308762396083,0.17774154561197358,0.5641144599718639
Odin-Nougatti,Non-partner,after,Odin,Olympia,3,Odin__Olympia__after__3,Nougatti,Tabor,2,Nougatti__Tabor__after__2,Nougatti__Tabor__after__2||Odin__Olympia__after__3,82,30,2460,T_PC_pairwise,5.959422691251204,2.315840229322597,0.8671830401741697
Odin-Nougatti,Non-partner,after,Odin,Olympia,3,Odin__Olympia__after__3,Nougatti,Tabor,2,Nougatti__Tabor__after__2,Nougatti__Tabor__after__2||Odin__Olympia__after__3,82,30,2460,M_PC_pairwise,12.92323008979239,-0.08905598746769677,0.46555225237888037
Odin-Nougatti,Non-partner,after,Odin,Olympia,3,Odin__Olympia__after__3,Nougatti,Tabor,2,Nougatti__Tabor__after__2,Nougatti__Tabor__after__2||Odin__Olympia__after__3,82,30,2460,spectro_DTW,0.015084829113665757,1.5224653486265354,0.7742312526571656
Odin-Nougatti,Non-partner,after,Odin,Olympia,3,Odin__Olympia__after__3,Nougatti,Tabor,2,Nougatti__Tabor__after__2,Nougatti__Tabor__after__2||Odin__Olympia__after__3,82,30,2460,chatter_cosine,1.02358943416578,0.9510737064278038,0.6848555972987885
Odin-Nougatti,Non-partner,after,Odin,Olympia,3,Odin__Olympia__after__3,Nougatti,Tabor,3,Nougatti__Tabor__after__3,Nougatti__Tabor__after__3||Odin__Olympia__after__3,82,45,3690,T_PC_pairwise,6.09932369003451,2.4743810151832246,0.9008073420240088
Odin-Nougatti,Non-partner,after,Odin,Olympia,3,Odin__Olympia__after__3,Nougatti,Tabor,3,Nougatti__Tabor__after__3,Nougatti__Tabor__after__3||Odin__Olympia__after__3,82,45,3690,M_PC_pairwise,14.08389496596525,0.2849058931077163,0.5487069684511153
Odin-Nougatti,Non-partner,after,Odin,Olympia,3,Odin__Olympia__after__3,Nougatti,Tabor,3,Nougatti__Tabor__after__3,Nougatti__Tabor__after__3||Odin__Olympia__after__3,82,45,3690,spectro_DTW,0.016224546794688738,1.8497140031977246,0.8425051824038253
Odin-Nougatti,Non-partner,after,Odin,Olympia,3,Odin__Olympia__after__3,Nougatti,Tabor,3,Nougatti__Tabor__after__3,Nougatti__Tabor__after__3||Odin__Olympia__after__3,82,45,3690,chatter_cosine,1.0042260609345062,0.614258479841037,0.6322682931781248
Odin-Nougatti,Non-partner,after,Odin,Olympia,3,Odin__Olympia__after__3,Nougatti,Tabor,5,Nougatti__Tabor__after__5,Nougatti__Tabor__after__5||Odin__Olympia__after__3,82,8,656,T_PC_pairwise,6.451297584466818,2.8732503464319343,0.985401995190042
Odin-Nougatti,Non-partner,after,Odin,Olympia,3,Odin__Olympia__after__3,Nougatti,Tabor,5,Nougatti__Tabor__after__5,Nougatti__Tabor__after__5||Odin__Olympia__after__3,82,8,656,M_PC_pairwise,13.237309854205062,0.012139337523728862,0.4880541943002111
Odin-Nougatti,Non-partner,after,Odin,Olympia,3,Odin__Olympia__after__3,Nougatti,Tabor,5,Nougatti__Tabor__after__5,Nougatti__Tabor__after__5||Odin__Olympia__after__3,82,8,656,spectro_DTW,0.01707050758279099,2.0926158501515784,0.8931818266088015
Odin-Nougatti,Non-partner,after,Odin,Olympia,3,Odin__Olympia__after__3,Nougatti,Tabor,5,Nougatti__Tabor__after__5,Nougatti__Tabor__after__5||Odin__Olympia__after__3,82,8,656,chatter_cosine,1.00415050374662,0.6129442041177858,0.6320630939718496
Odin-Nougatti,Non-partner,after,Odin,Olympia,3,Odin__Olympia__after__3,Nougatti,Tabor,6,Nougatti__Tabor__after__6,Nougatti__Tabor__after__6||Odin__Olympia__after__3,82,50,4100,T_PC_pairwise,5.864760127968904,2.2085652469788113,0.844431504235433
Odin-Nougatti,Non-partner,after,Odin,Olympia,3,Odin__Olympia__after__3,Nougatti,Tabor,6,Nougatti__Tabor__after__6,Nougatti__Tabor__after__6||Odin__Olympia__after__3,82,50,4100,M_PC_pairwise,12.752919766961075,-0.14392933628256976,0.453350533493489
Odin-Nougatti,Non-partner,after,Odin,Olympia,3,Odin__Olympia__after__3,Nougatti,Tabor,6,Nougatti__Tabor__after__6,Nougatti__Tabor__after__6||Odin__Olympia__after__3,82,50,4100,spectro_DTW,0.01496936176091478,1.4893110539588086,0.7673142678099383
Odin-Nougatti,Non-partner,after,Odin,Olympia,3,Odin__Olympia__after__3,Nougatti,Tabor,6,Nougatti__Tabor__after__6,Nougatti__Tabor__after__6||Odin__Olympia__after__3,82,50,4100,chatter_cosine,0.9956618451563324,0.4652886571035039,0.6090094831400878
Odin-Nougatti,Non-partner,after,Odin,Olympia,3,Odin__Olympia__after__3,Nougatti,Wuschel,3,Nougatti__Wuschel__after__3,Nougatti__Wuschel__after__3||Odin__Olympia__after__3,82,29,2378,T_PC_pairwise,6.477238914012107,2.902647983390551,0.9916368262677527
Odin-Nougatti,Non-partner,after,Odin,Olympia,3,Odin__Olympia__after__3,Nougatti,Wuschel,3,Nougatti__Wuschel__after__3,Nougatti__Wuschel__after__3||Odin__Olympia__after__3,82,29,2378,M_PC_pairwise,14.475516320277503,0.4110848282496195,0.5767643028240128
Odin-Nougatti,Non-partner,after,Odin,Olympia,3,Odin__Olympia__after__3,Nougatti,Wuschel,3,Nougatti__Wuschel__after__3,Nougatti__Wuschel__after__3||Odin__Olympia__after__3,82,29,2378,spectro_DTW,0.016106241426718106,1.8157448254429416,0.8354181883912118
Odin-Nougatti,Non-partner,after,Odin,Olympia,3,Odin__Olympia__after__3,Nougatti,Wuschel,3,Nougatti__Wuschel__after__3,Nougatti__Wuschel__after__3||Odin__Olympia__after__3,82,29,2378,chatter_cosine,1.016653722529656,0.8304308174869108,0.6660195002641557
Odin-Nougatti,Non-partner,after,Odin,Olympia,3,Odin__Olympia__after__3,Nougatti,Wuschel,4,Nougatti__Wuschel__after__4,Nougatti__Wuschel__after__4||Odin__Olympia__after__3,82,42,3444,T_PC_pairwise,6.512035662011956,2.9420808953873787,1
Odin-Nougatti,Non-partner,after,Odin,Olympia,3,Odin__Olympia__after__3,Nougatti,Wuschel,4,Nougatti__Wuschel__after__4,Nougatti__Wuschel__after__4||Odin__Olympia__after__3,82,42,3444,M_PC_pairwise,15.054698065321343,0.5976950195442224,0.6182592205664614
Odin-Nougatti,Non-partner,after,Odin,Olympia,3,Odin__Olympia__after__3,Nougatti,Wuschel,4,Nougatti__Wuschel__after__4,Nougatti__Wuschel__after__4||Odin__Olympia__after__3,82,42,3444,spectro_DTW,0.017833659444577585,2.311740659884284,0.9388978644181684
Odin-Nougatti,Non-partner,after,Odin,Olympia,3,Odin__Olympia__after__3,Nougatti,Wuschel,4,Nougatti__Wuschel__after__4,Nougatti__Wuschel__after__4||Odin__Olympia__after__3,82,42,3444,chatter_cosine,1.0370068615529595,1.1844624756080286,0.7212948233622994
Odin-Nougatti,Non-partner,after,Odin,Olympia,3,Odin__Olympia__after__3,Nougatti,Wuschel,5,Nougatti__Wuschel__after__5,Nougatti__Wuschel__after__5||Odin__Olympia__after__3,82,63,5166,T_PC_pairwise,5.596119983594084,1.904132684142965,0.7798655798889287
Odin-Nougatti,Non-partner,after,Odin,Olympia,3,Odin__Olympia__after__3,Nougatti,Wuschel,5,Nougatti__Wuschel__after__5,Nougatti__Wuschel__after__5||Odin__Olympia__after__3,82,63,5166,M_PC_pairwise,12.831130680306863,-0.11873007262194023,0.4589538789780737
Odin-Nougatti,Non-partner,after,Odin,Olympia,3,Odin__Olympia__after__3,Nougatti,Wuschel,5,Nougatti__Wuschel__after__5,Nougatti__Wuschel__after__5||Odin__Olympia__after__3,82,63,5166,spectro_DTW,0.01616368951859869,1.8322399725207066,0.8388595730906351
Odin-Nougatti,Non-partner,after,Odin,Olympia,3,Odin__Olympia__after__3,Nougatti,Wuschel,5,Nougatti__Wuschel__after__5,Nougatti__Wuschel__after__5||Odin__Olympia__after__3,82,63,5166,chatter_cosine,1.004920589499265,0.6263394222014521,0.6341545030042346
Odin-Nougatti,Non-partner,after,Odin,Olympia,3,Odin__Olympia__after__3,Nougatti,Wuschel,6,Nougatti__Wuschel__after__6,Nougatti__Wuschel__after__6||Odin__Olympia__after__3,82,34,2788,T_PC_pairwise,6.025773547728742,2.391031378920951,0.8831300401641535
Odin-Nougatti,Non-partner,after,Odin,Olympia,3,Odin__Olympia__after__3,Nougatti,Wuschel,6,Nougatti__Wuschel__after__6,Nougatti__Wuschel__after__6||Odin__Olympia__after__3,82,34,2788,M_PC_pairwise,13.409308091981853,0.06755652621884561,0.5003768422245751
Odin-Nougatti,Non-partner,after,Odin,Olympia,3,Odin__Olympia__after__3,Nougatti,Wuschel,6,Nougatti__Wuschel__after__6,Nougatti__Wuschel__after__6||Odin__Olympia__after__3,82,34,2788,spectro_DTW,0.01566725896433907,1.6896992067903076,0.8091212744312734
Odin-Nougatti,Non-partner,after,Odin,Olympia,3,Odin__Olympia__after__3,Nougatti,Wuschel,6,Nougatti__Wuschel__after__6,Nougatti__Wuschel__after__6||Odin__Olympia__after__3,82,34,2788,chatter_cosine,1.0001636823075402,0.5435956381253749,0.6212356317839566
Odin-Nougatti,Non-partner,after,Odin,Olympia,4,Odin__Olympia__after__4,Nougatti,Tabor,2,Nougatti__Tabor__after__2,Nougatti__Tabor__after__2||Odin__Olympia__after__4,51,30,1530,T_PC_pairwise,3.056808879718282,-0.97350494142291355,0.16955854998974812
Odin-Nougatti,Non-partner,after,Odin,Olympia,4,Odin__Olympia__after__4,Nougatti,Tabor,2,Nougatti__Tabor__after__2,Nougatti__Tabor__after__2||Odin__Olympia__after__4,51,30,1530,M_PC_pairwise,9.313825093764885,-1.2519927729104163,0.20695991121659502
Odin-Nougatti,Non-partner,after,Odin,Olympia,4,Odin__Olympia__after__4,Nougatti,Tabor,2,Nougatti__Tabor__after__2,Nougatti__Tabor__after__2||Odin__Olympia__after__4,51,30,1530,spectro_DTW,0.008507826368802294,-0.36599820265901123,0.38024085413728687
Odin-Nougatti,Non-partner,after,Odin,Olympia,4,Odin__Olympia__after__4,Nougatti,Tabor,2,Nougatti__Tabor__after__2,Nougatti__Tabor__after__2||Odin__Olympia__after__4,51,30,1530,chatter_cosine,0.9534244493818751,-0.2694076098275054,0.4943006072470784
Odin-Nougatti,Non-partner,after,Odin,Olympia,4,Odin__Olympia__after__4,Nougatti,Tabor,3,Nougatti__Tabor__after__3,Nougatti__Tabor__after__3||Odin__Olympia__after__4,51,45,2295,T_PC_pairwise,3.030861451721919,-1.0029094893631127,0.16332225318869345
Odin-Nougatti,Non-partner,after,Odin,Olympia,4,Odin__Olympia__after__4,Nougatti,Tabor,3,Nougatti__Tabor__after__3,Nougatti__Tabor__after__3||Odin__Olympia__after__4,51,45,2295,M_PC_pairwise,10.036318070748273,-1.0192082388714996,0.25872222400694933
Odin-Nougatti,Non-partner,after,Odin,Olympia,4,Odin__Olympia__after__4,Nougatti,Tabor,3,Nougatti__Tabor__after__3,Nougatti__Tabor__after__3||Odin__Olympia__after__4,51,45,2295,spectro_DTW,0.008524983922224533,-0.36107173151036565,0.381268664459509
Odin-Nougatti,Non-partner,after,Odin,Olympia,4,Odin__Olympia__after__4,Nougatti,Tabor,3,Nougatti__Tabor__after__3,Nougatti__Tabor__after__3||Odin__Olympia__after__4,51,45,2295,chatter_cosine,0.9098086907323409,-1.0280797408056934,0.37584835529894917
Odin-Nougatti,Non-partner,after,Odin,Olympia,4,Odin__Olympia__after__4,Nougatti,Tabor,5,Nougatti__Tabor__after__5,Nougatti__Tabor__after__5||Odin__Olympia__after__4,51,8,408,T_PC_pairwise,3.5368115850815585,-0.42954880969155124,0.28492410130273954
Odin-Nougatti,Non-partner,after,Odin,Olympia,4,Odin__Olympia__after__4,Nougatti,Tabor,5,Nougatti__Tabor__after__5,Nougatti__Tabor__after__5||Odin__Olympia__after__4,51,8,408,M_PC_pairwise,9.583408437815367,-1.1651340280801712,0.2262739499994683
Odin-Nougatti,Non-partner,after,Odin,Olympia,4,Odin__Olympia__after__4,Nougatti,Tabor,5,Nougatti__Tabor__after__5,Nougatti__Tabor__after__5||Odin__Olympia__after__4,51,8,408,spectro_DTW,0.009455983882813313,-0.09375247378414871,0.43703951627811805
Odin-Nougatti,Non-partner,after,Odin,Olympia,4,Odin__Olympia__after__4,Nougatti,Tabor,5,Nougatti__Tabor__after__5,Nougatti__Tabor__after__5||Odin__Olympia__after__4,51,8,408,chatter_cosine,0.978830358999617,0.17251421352102347,0.5632983112923869
Odin-Nougatti,Non-partner,after,Odin,Olympia,4,Odin__Olympia__after__4,Nougatti,Tabor,6,Nougatti__Tabor__after__6,Nougatti__Tabor__after__6||Odin__Olympia__after__4,51,50,2550,T_PC_pairwise,3.022747640095505,-1.0121043491765815,0.16137215094745178
Odin-Nougatti,Non-partner,after,Odin,Olympia,4,Odin__Olympia__after__4,Nougatti,Tabor,6,Nougatti__Tabor__after__6,Nougatti__Tabor__after__6||Odin__Olympia__after__4,51,50,2550,M_PC_pairwise,9.320695777921115,-1.249779064181351,0.20745215475903525
Odin-Nougatti,Non-partner,after,Odin,Olympia,4,Odin__Olympia__after__4,Nougatti,Tabor,6,Nougatti__Tabor__after__6,Nougatti__Tabor__after__6||Odin__Olympia__after__4,51,50,2550,spectro_DTW,0.00811550364676662,-0.47864634796868455,0.35673905679898466
Odin-Nougatti,Non-partner,after,Odin,Olympia,4,Odin__Olympia__after__4,Nougatti,Tabor,6,Nougatti__Tabor__after__6,Nougatti__Tabor__after__6||Odin__Olympia__after__4,51,50,2550,chatter_cosine,0.9427338154876933,-0.4553653060624457,0.4652668428754857
Odin-Nougatti,Non-partner,after,Odin,Olympia,4,Odin__Olympia__after__4,Nougatti,Wuschel,3,Nougatti__Wuschel__after__3,Nougatti__Wuschel__after__3||Odin__Olympia__after__4,51,29,1479,T_PC_pairwise,3.332893463870494,-0.6606360747517537,0.23591369737507928
Odin-Nougatti,Non-partner,after,Odin,Olympia,4,Odin__Olympia__after__4,Nougatti,Wuschel,3,Nougatti__Wuschel__after__3,Nougatti__Wuschel__after__3||Odin__Olympia__after__4,51,29,1479,M_PC_pairwise,10.185426190545867,-0.9711661605478786,0.26940493149674427
Odin-Nougatti,Non-partner,after,Odin,Olympia,4,Odin__Olympia__after__4,Nougatti,Wuschel,3,Nougatti__Wuschel__after__3,Nougatti__Wuschel__after__3||Odin__Olympia__after__4,51,29,1479,spectro_DTW,0.008392855732502105,-0.3990098744711568,0.3733536247151353
Odin-Nougatti,Non-partner,after,Odin,Olympia,4,Odin__Olympia__after__4,Nougatti,Wuschel,3,Nougatti__Wuschel__after__3,Nougatti__Wuschel__after__3||Odin__Olympia__after__4,51,29,1479,chatter_cosine,0.9383643984270709,-0.5313689124458986,0.45340032245817247
Odin-Nougatti,Non-partner,after,Odin,Olympia,4,Odin__Olympia__after__4,Nougatti,Wuschel,4,Nougatti__Wuschel__after__4,Nougatti__Wuschel__after__4||Odin__Olympia__after__4,51,42,2142,T_PC_pairwise,3.527284679570897,-0.4403450377357817,0.2826343710694226
Odin-Nougatti,Non-partner,after,Odin,Olympia,4,Odin__Olympia__after__4,Nougatti,Wuschel,4,Nougatti__Wuschel__after__4,Nougatti__Wuschel__after__4||Odin__Olympia__after__4,51,42,2142,M_PC_pairwise,11.308651463546896,-0.6092671800373844,0.3498773232947441
Odin-Nougatti,Non-partner,after,Odin,Olympia,4,Odin__Olympia__after__4,Nougatti,Wuschel,4,Nougatti__Wuschel__after__4,Nougatti__Wuschel__after__4||Odin__Olympia__after__4,51,42,2142,spectro_DTW,0.009697342124405855,-0.024450960658605924,0.4514979000556478
Odin-Nougatti,Non-partner,after,Odin,Olympia,4,Odin__Olympia__after__4,Nougatti,Wuschel,4,Nougatti__Wuschel__after__4,Nougatti__Wuschel__after__4||Odin__Olympia__after__4,51,42,2142,chatter_cosine,0.9691250252317425,0.0036952710215199026,0.5369404379844733
Odin-Nougatti,Non-partner,after,Odin,Olympia,4,Odin__Olympia__after__4,Nougatti,Wuschel,5,Nougatti__Wuschel__after__5,Nougatti__Wuschel__after__5||Odin__Olympia__after__4,51,63,3213,T_PC_pairwise,2.9822294793737814,-1.0580209694889149,0.1516338726052238
Odin-Nougatti,Non-partner,after,Odin,Olympia,4,Odin__Olympia__after__4,Nougatti,Wuschel,5,Nougatti__Wuschel__after__5,Nougatti__Wuschel__after__5||Odin__Olympia__after__4,51,63,3213,M_PC_pairwise,9.834007662996635,-1.0843918953221436,0.24422788988828678
Odin-Nougatti,Non-partner,after,Odin,Olympia,4,Odin__Olympia__after__4,Nougatti,Wuschel,5,Nougatti__Wuschel__after__5,Nougatti__Wuschel__after__5||Odin__Olympia__after__4,51,63,3213,spectro_DTW,0.008826995167701248,-0.27435484065813776,0.3993604207775043
Odin-Nougatti,Non-partner,after,Odin,Olympia,4,Odin__Olympia__after__4,Nougatti,Wuschel,5,Nougatti__Wuschel__after__5,Nougatti__Wuschel__after__5||Odin__Olympia__after__4,51,63,3213,chatter_cosine,0.9312239024745241,-0.6555739119299008,0.43400806947910625
Odin-Nougatti,Non-partner,after,Odin,Olympia,4,Odin__Olympia__after__4,Nougatti,Wuschel,6,Nougatti__Wuschel__after__6,Nougatti__Wuschel__after__6||Odin__Olympia__after__4,51,34,1734,T_PC_pairwise,3.095418739483843,-0.9297508756018259,0.17883818051724726
Odin-Nougatti,Non-partner,after,Odin,Olympia,4,Odin__Olympia__after__4,Nougatti,Wuschel,6,Nougatti__Wuschel__after__6,Nougatti__Wuschel__after__6||Odin__Olympia__after__4,51,34,1734,M_PC_pairwise,9.53115614750256,-1.1819695205215217,0.22253038503572742
Odin-Nougatti,Non-partner,after,Odin,Olympia,4,Odin__Olympia__after__4,Nougatti,Wuschel,6,Nougatti__Wuschel__after__6,Nougatti__Wuschel__after__6||Odin__Olympia__after__4,51,34,1734,spectro_DTW,0.008181547581610531,-0.45968306506088763,0.36069536900051063
Odin-Nougatti,Non-partner,after,Odin,Olympia,4,Odin__Olympia__after__4,Nougatti,Wuschel,6,Nougatti__Wuschel__after__6,Nougatti__Wuschel__after__6||Odin__Olympia__after__4,51,34,1734,chatter_cosine,0.948744879161129,-0.35080615983239904,0.48159176879144616
Odin-Nougatti,Non-partner,after,Odin,Olympia,5,Odin__Olympia__after__5,Nougatti,Tabor,2,Nougatti__Tabor__after__2,Nougatti__Tabor__after__2||Odin__Olympia__after__5,68,30,2040,T_PC_pairwise,4.582677712627485,0.7556638707623685,0.5362912728952485
Odin-Nougatti,Non-partner,after,Odin,Olympia,5,Odin__Olympia__after__5,Nougatti,Tabor,2,Nougatti__Tabor__after__2,Nougatti__Tabor__after__2||Odin__Olympia__after__5,68,30,2040,M_PC_pairwise,11.195651792778689,-0.6456752511803834,0.3417815708239965
Odin-Nougatti,Non-partner,after,Odin,Olympia,5,Odin__Olympia__after__5,Nougatti,Tabor,2,Nougatti__Tabor__after__2,Nougatti__Tabor__after__2||Odin__Olympia__after__5,68,30,2040,spectro_DTW,0.013124544035835082,0.9596060853392685,0.6568018506958756
Odin-Nougatti,Non-partner,after,Odin,Olympia,5,Odin__Olympia__after__5,Nougatti,Tabor,2,Nougatti__Tabor__after__2,Nougatti__Tabor__after__2||Odin__Olympia__after__5,68,30,2040,chatter_cosine,0.9830232297015541,0.2454468931039932,0.5746853647829052
Odin-Nougatti,Non-partner,after,Odin,Olympia,5,Odin__Olympia__after__5,Nougatti,Tabor,3,Nougatti__Tabor__after__3,Nougatti__Tabor__after__3||Odin__Olympia__after__5,68,45,3060,T_PC_pairwise,4.68903584145253,0.8761926838032702,0.5618537625050377
Odin-Nougatti,Non-partner,after,Odin,Olympia,5,Odin__Olympia__after__5,Nougatti,Tabor,3,Nougatti__Tabor__after__3,Nougatti__Tabor__after__3||Odin__Olympia__after__5,68,45,3060,M_PC_pairwise,12.349623484549179,-0.27386988957744174,0.42445676015253153
Odin-Nougatti,Non-partner,after,Odin,Olympia,5,Odin__Olympia__after__5,Nougatti,Tabor,3,Nougatti__Tabor__after__3,Nougatti__Tabor__after__3||Odin__Olympia__after__5,68,45,3060,spectro_DTW,0.013730239069007118,1.1335201063168934,0.6930855557144472
Odin-Nougatti,Non-partner,after,Odin,Olympia,5,Odin__Olympia__after__5,Nougatti,Tabor,3,Nougatti__Tabor__after__3,Nougatti__Tabor__after__3||Odin__Olympia__after__5,68,45,3060,chatter_cosine,0.9687889997768246,-0.0021497069368804148,0.5360278556271024
Odin-Nougatti,Non-partner,after,Odin,Olympia,5,Odin__Olympia__after__5,Nougatti,Tabor,5,Nougatti__Tabor__after__5,Nougatti__Tabor__after__5||Odin__Olympia__after__5,68,8,544,T_PC_pairwise,5.102812639930669,1.345099263256844,0.661302344655898
Odin-Nougatti,Non-partner,after,Odin,Olympia,5,Odin__Olympia__after__5,Nougatti,Tabor,5,Nougatti__Tabor__after__5,Nougatti__Tabor__after__5||Odin__Olympia__after__5,68,8,544,M_PC_pairwise,11.619736292344683,-0.5090368120957814,0.37216469594132295
Odin-Nougatti,Non-partner,after,Odin,Olympia,5,Odin__Olympia__after__5,Nougatti,Tabor,5,Nougatti__Tabor__after__5,Nougatti__Tabor__after__5||Odin__Olympia__after__5,68,8,544,spectro_DTW,0.014722690597409382,1.4184840344936054,0.7525376174445794
Odin-Nougatti,Non-partner,after,Odin,Olympia,5,Odin__Olympia__after__5,Nougatti,Tabor,5,Nougatti__Tabor__after__5,Nougatti__Tabor__after__5||Odin__Olympia__after__5,68,8,544,chatter_cosine,0.9918582317802835,0.3991268945944174,0.5986795798234152
Odin-Nougatti,Non-partner,after,Odin,Olympia,5,Odin__Olympia__after__5,Nougatti,Tabor,6,Nougatti__Tabor__after__6,Nougatti__Tabor__after__6||Odin__Olympia__after__5,68,50,3400,T_PC_pairwise,4.506132505763979,0.6689201208567553,0.5178941266052247
Odin-Nougatti,Non-partner,after,Odin,Olympia,5,Odin__Olympia__after__5,Nougatti,Tabor,6,Nougatti__Tabor__after__6,Nougatti__Tabor__after__6||Odin__Olympia__after__5,68,50,3400,M_PC_pairwise,11.006754942571416,-0.7065371095759013,0.3282482381037722
Odin-Nougatti,Non-partner,after,Odin,Olympia,5,Odin__Olympia__after__5,Nougatti,Tabor,6,Nougatti__Tabor__after__6,Nougatti__Tabor__after__6||Odin__Olympia__after__5,68,50,3400,spectro_DTW,0.01289389697208261,0.8933800869621586,0.6429851119638984
Odin-Nougatti,Non-partner,after,Odin,Olympia,5,Odin__Olympia__after__5,Nougatti,Tabor,6,Nougatti__Tabor__after__6,Nougatti__Tabor__after__6||Odin__Olympia__after__5,68,50,3400,chatter_cosine,0.9884681760475916,0.3401587398152579,0.5894728218029099
Odin-Nougatti,Non-partner,after,Odin,Olympia,5,Odin__Olympia__after__5,Nougatti,Wuschel,3,Nougatti__Wuschel__after__3,Nougatti__Wuschel__after__3||Odin__Olympia__after__5,68,29,1972,T_PC_pairwise,5.07234120967422,1.310567955109163,0.6539787331188128
Odin-Nougatti,Non-partner,after,Odin,Olympia,5,Odin__Olympia__after__5,Nougatti,Wuschel,3,Nougatti__Wuschel__after__3,Nougatti__Wuschel__after__3||Odin__Olympia__after__5,68,29,1972,M_PC_pairwise,12.765852213449943,-0.139762550409489,0.4542770661541888
Odin-Nougatti,Non-partner,after,Odin,Olympia,5,Odin__Olympia__after__5,Nougatti,Wuschel,3,Nougatti__Wuschel__after__3,Nougatti__Wuschel__after__3||Odin__Olympia__after__5,68,29,1972,spectro_DTW,0.013687518215537521,1.1212536108041538,0.6905263951459435
Odin-Nougatti,Non-partner,after,Odin,Olympia,5,Odin__Olympia__after__5,Nougatti,Wuschel,3,Nougatti__Wuschel__after__3,Nougatti__Wuschel__after__3||Odin__Olympia__after__5,68,29,1972,chatter_cosine,0.9902596932516621,0.3713211961608551,0.5943382478277357
Odin-Nougatti,Non-partner,after,Odin,Olympia,5,Odin__Olympia__after__5,Nougatti,Wuschel,4,Nougatti__Wuschel__after__4,Nougatti__Wuschel__after__4||Odin__Olympia__after__5,68,42,2856,T_PC_pairwise,5.15710133860926,1.4066211467795346,0.6743502828927888
Odin-Nougatti,Non-partner,after,Odin,Olympia,5,Odin__Olympia__after__5,Nougatti,Wuschel,4,Nougatti__Wuschel__after__4,Nougatti__Wuschel__after__4||Odin__Olympia__after__5,68,42,2856,M_PC_pairwise,13.626277425709892,0.1374632337739798,0.5159214009623465
Odin-Nougatti,Non-partner,after,Odin,Olympia,5,Odin__Olympia__after__5,Nougatti,Wuschel,4,Nougatti__Wuschel__after__4,Nougatti__Wuschel__after__4||Odin__Olympia__after__5,68,42,2856,spectro_DTW,0.015104371696002638,1.5280766363016118,0.7754019363411626
Odin-Nougatti,Non-partner,after,Odin,Olympia,5,Odin__Olympia__after__5,Nougatti,Wuschel,4,Nougatti__Wuschel__after__4,Nougatti__Wuschel__after__4||Odin__Olympia__after__5,68,42,2856,chatter_cosine,1.0098748994098992,0.7125169179921238,0.6476094831291721
Odin-Nougatti,Non-partner,after,Odin,Olympia,5,Odin__Olympia__after__5,Nougatti,Wuschel,5,Nougatti__Wuschel__after__5,Nougatti__Wuschel__after__5||Odin__Olympia__after__5,68,63,4284,T_PC_pairwise,4.286485412193725,0.42000822509131785,0.46510336571805244
Odin-Nougatti,Non-partner,after,Odin,Olympia,5,Odin__Olympia__after__5,Nougatti,Wuschel,5,Nougatti__Wuschel__after__5,Nougatti__Wuschel__after__5||Odin__Olympia__after__5,68,63,4284,M_PC_pairwise,11.33692404028136,-0.6001578615929464,0.35190288479767934
Odin-Nougatti,Non-partner,after,Odin,Olympia,5,Odin__Olympia__after__5,Nougatti,Wuschel,5,Nougatti__Wuschel__after__5,Nougatti__Wuschel__after__5||Odin__Olympia__after__5,68,63,4284,spectro_DTW,0.013505260764160754,1.06892178622889,0.6796083997175196
Odin-Nougatti,Non-partner,after,Odin,Olympia,5,Odin__Olympia__after__5,Nougatti,Wuschel,5,Nougatti__Wuschel__after__5,Nougatti__Wuschel__after__5||Odin__Olympia__after__5,68,63,4284,chatter_cosine,0.9691093462222821,0.0034225432761527262,0.5368978567240206
Odin-Nougatti,Non-partner,after,Odin,Olympia,5,Odin__Olympia__after__5,Nougatti,Wuschel,6,Nougatti__Wuschel__after__6,Nougatti__Wuschel__after__6||Odin__Olympia__after__5,68,34,2312,T_PC_pairwise,4.647242198276066,0.8288306414247282,0.5518089301893903
Odin-Nougatti,Non-partner,after,Odin,Olympia,5,Odin__Olympia__after__5,Nougatti,Wuschel,6,Nougatti__Wuschel__after__6,Nougatti__Wuschel__after__6||Odin__Olympia__after__5,68,34,2312,M_PC_pairwise,11.655066824753392,-0.4976534467398337,0.3746959178740607
Odin-Nougatti,Non-partner,after,Odin,Olympia,5,Odin__Olympia__after__5,Nougatti,Wuschel,6,Nougatti__Wuschel__after__6,Nougatti__Wuschel__after__6||Odin__Olympia__after__5,68,34,2312,spectro_DTW,0.013250600058429514,0.9958007188713175,0.6643531418393375
Odin-Nougatti,Non-partner,after,Odin,Olympia,5,Odin__Olympia__after__5,Nougatti,Wuschel,6,Nougatti__Wuschel__after__6,Nougatti__Wuschel__after__6||Odin__Olympia__after__5,68,34,2312,chatter_cosine,0.9831291140285949,0.24728869273147996,0.5749729268332362
Wuschel-Olympia,Partner,before,Wuschel,Olympia,1,Wuschel__Olympia__before__1,Olympia,Wuschel,3,Olympia__Wuschel__before__3,Olympia__Wuschel__before__3||Wuschel__Olympia__before__1,44,20,880,T_PC_pairwise,2.7210645968941125,-1.3539822997697528,0.08886457919456062
Wuschel-Olympia,Partner,before,Wuschel,Olympia,1,Wuschel__Olympia__before__1,Olympia,Wuschel,3,Olympia__Wuschel__before__3,Olympia__Wuschel__before__3||Wuschel__Olympia__before__1,44,20,880,M_PC_pairwise,8.377404605258596,-1.5537039507706876,0.13987096810777713
Wuschel-Olympia,Partner,before,Wuschel,Olympia,1,Wuschel__Olympia__before__1,Olympia,Wuschel,3,Olympia__Wuschel__before__3,Olympia__Wuschel__before__3||Wuschel__Olympia__before__1,44,20,880,spectro_DTW,0.003915842409332982,-1.684500668287176,0.1051615117117177
Wuschel-Olympia,Partner,before,Wuschel,Olympia,1,Wuschel__Olympia__before__1,Olympia,Wuschel,3,Olympia__Wuschel__before__3,Olympia__Wuschel__before__3||Wuschel__Olympia__before__1,44,20,880,chatter_cosine,0.8920293694192712,-1.337341255578785,0.32756304024654276
Wuschel-Olympia,Partner,before,Wuschel,Olympia,1,Wuschel__Olympia__before__1,Olympia,Wuschel,4,Olympia__Wuschel__before__4,Olympia__Wuschel__before__4||Wuschel__Olympia__before__1,44,9,396,T_PC_pairwise,2.5116695128381252,-1.5912762538537304,0.038537822606664676
Wuschel-Olympia,Partner,before,Wuschel,Olympia,1,Wuschel__Olympia__before__1,Olympia,Wuschel,4,Olympia__Wuschel__before__4,Olympia__Wuschel__before__4||Wuschel__Olympia__before__1,44,9,396,M_PC_pairwise,9.111189829580711,-1.3172810968882014,0.19244230307201304
Wuschel-Olympia,Partner,before,Wuschel,Olympia,1,Wuschel__Olympia__before__1,Olympia,Wuschel,4,Olympia__Wuschel__before__4,Olympia__Wuschel__before__4||Wuschel__Olympia__before__1,44,9,396,spectro_DTW,0.005099886503291664,-1.3445245117769493,0.17609078185809568
Wuschel-Olympia,Partner,before,Wuschel,Olympia,1,Wuschel__Olympia__before__1,Olympia,Wuschel,4,Olympia__Wuschel__before__4,Olympia__Wuschel__before__4||Wuschel__Olympia__before__1,44,9,396,chatter_cosine,0.9669550055957804,-0.03405102693259008,0.5310470700686062
Wuschel-Olympia,Partner,before,Wuschel,Olympia,1,Wuschel__Olympia__before__1,Olympia,Wuschel,5,Olympia__Wuschel__before__5,Olympia__Wuschel__before__5||Wuschel__Olympia__before__1,44,23,1012,T_PC_pairwise,2.703503083629099,-1.3738836309836175,0.08464378285930797
Wuschel-Olympia,Partner,before,Wuschel,Olympia,1,Wuschel__Olympia__before__1,Olympia,Wuschel,5,Olympia__Wuschel__before__5,Olympia__Wuschel__before__5||Wuschel__Olympia__before__1,44,23,1012,M_PC_pairwise,8.618281809473226,-1.4760942167940083,0.15712838317730857
Wuschel-Olympia,Partner,before,Wuschel,Olympia,1,Wuschel__Olympia__before__1,Olympia,Wuschel,5,Olympia__Wuschel__before__5,Olympia__Wuschel__before__5||Wuschel__Olympia__before__1,44,23,1012,spectro_DTW,0.004300627612422327,-1.5740167808240395,0.12821177965149044
Wuschel-Olympia,Partner,before,Wuschel,Olympia,1,Wuschel__Olympia__before__1,Olympia,Wuschel,5,Olympia__Wuschel__before__5,Olympia__Wuschel__before__5||Wuschel__Olympia__before__1,44,23,1012,chatter_cosine,0.91371955249915,-0.9600524515310203,0.38646952520817246
Wuschel-Olympia,Partner,before,Wuschel,Olympia,1,Wuschel__Olympia__before__1,Olympia,Wuschel,6,Olympia__Wuschel__before__6,Olympia__Wuschel__before__6||Wuschel__Olympia__before__1,44,9,396,T_PC_pairwise,2.8952630895255793,-1.156574374467471,0.13073206226449824
Wuschel-Olympia,Partner,before,Wuschel,Olympia,1,Wuschel__Olympia__before__1,Olympia,Wuschel,6,Olympia__Wuschel__before__6,Olympia__Wuschel__before__6||Wuschel__Olympia__before__1,44,9,396,M_PC_pairwise,10.414771200430513,-0.8972720564376102,0.2858361336215352
Wuschel-Olympia,Partner,before,Wuschel,Olympia,1,Wuschel__Olympia__before__1,Olympia,Wuschel,6,Olympia__Wuschel__before__6,Olympia__Wuschel__before__6||Wuschel__Olympia__before__1,44,9,396,spectro_DTW,0.004215852111240501,-1.5983584833037707,0.12313336706888427
Wuschel-Olympia,Partner,before,Wuschel,Olympia,1,Wuschel__Olympia__before__1,Olympia,Wuschel,6,Olympia__Wuschel__before__6,Olympia__Wuschel__before__6||Wuschel__Olympia__before__1,44,9,396,chatter_cosine,0.9358725645626434,-0.5747129918911142,0.4466329672209573
Wuschel-Olympia,Partner,before,Wuschel,Olympia,3,Wuschel__Olympia__before__3,Olympia,Wuschel,3,Olympia__Wuschel__before__3,Olympia__Wuschel__before__3||Wuschel__Olympia__before__3,25,20,500,T_PC_pairwise,2.921235766172409,-1.127141213858873,0.136974427415686
Wuschel-Olympia,Partner,before,Wuschel,Olympia,3,Wuschel__Olympia__before__3,Olympia,Wuschel,3,Olympia__Wuschel__before__3,Olympia__Wuschel__before__3||Wuschel__Olympia__before__3,25,20,500,M_PC_pairwise,9.784328401088715,-1.1003983676382039,0.24066866706399234
Wuschel-Olympia,Partner,before,Wuschel,Olympia,3,Wuschel__Olympia__before__3,Olympia,Wuschel,3,Olympia__Wuschel__before__3,Olympia__Wuschel__before__3||Wuschel__Olympia__before__3,25,20,500,spectro_DTW,0.0051477918289601805,-1.3307693918618617,0.17896051433100726
Wuschel-Olympia,Partner,before,Wuschel,Olympia,3,Wuschel__Olympia__before__3,Olympia,Wuschel,3,Olympia__Wuschel__before__3,Olympia__Wuschel__before__3||Wuschel__Olympia__before__3,25,20,500,chatter_cosine,0.9176879045963288,-0.891025149581969,0.39724682811400924
Wuschel-Olympia,Partner,before,Wuschel,Olympia,3,Wuschel__Olympia__before__3,Olympia,Wuschel,4,Olympia__Wuschel__before__4,Olympia__Wuschel__before__4||Wuschel__Olympia__before__3,25,9,225,T_PC_pairwise,2.744114735921224,-1.3278610626997065,0.09440453129689574
Wuschel-Olympia,Partner,before,Wuschel,Olympia,3,Wuschel__Olympia__before__3,Olympia,Wuschel,4,Olympia__Wuschel__before__4,Olympia__Wuschel__before__4||Wuschel__Olympia__before__3,25,9,225,M_PC_pairwise,9.642306797239515,-1.14615719703684,0.23049366617730677
Wuschel-Olympia,Partner,before,Wuschel,Olympia,3,Wuschel__Olympia__before__3,Olympia,Wuschel,4,Olympia__Wuschel__before__4,Olympia__Wuschel__before__4||Wuschel__Olympia__before__3,25,9,225,spectro_DTW,0.005986145719782346,-1.090051723447851,0.2291814730805954
Wuschel-Olympia,Partner,before,Wuschel,Olympia,3,Wuschel__Olympia__before__3,Olympia,Wuschel,4,Olympia__Wuschel__before__4,Olympia__Wuschel__before__4||Wuschel__Olympia__before__3,25,9,225,chatter_cosine,0.9462808873918321,-0.3936659413472888,0.474900027482987
Wuschel-Olympia,Partner,before,Wuschel,Olympia,3,Wuschel__Olympia__before__3,Olympia,Wuschel,5,Olympia__Wuschel__before__5,Olympia__Wuschel__before__5||Wuschel__Olympia__before__3,25,23,575,T_PC_pairwise,2.9676486958628114,-1.0745444317686472,0.1481294754226176
Wuschel-Olympia,Partner,before,Wuschel,Olympia,3,Wuschel__Olympia__before__3,Olympia,Wuschel,5,Olympia__Wuschel__before__5,Olympia__Wuschel__before__5||Wuschel__Olympia__before__3,25,23,575,M_PC_pairwise,9.691660487755485,-1.130255622605169,0.23402956375310385
Wuschel-Olympia,Partner,before,Wuschel,Olympia,3,Wuschel__Olympia__before__3,Olympia,Wuschel,5,Olympia__Wuschel__before__5,Olympia__Wuschel__before__5||Wuschel__Olympia__before__3,25,23,575,spectro_DTW,0.005498634736742014,-1.2300314008232425,0.1999774946208197
Wuschel-Olympia,Partner,before,Wuschel,Olympia,3,Wuschel__Olympia__before__3,Olympia,Wuschel,5,Olympia__Wuschel__before__5,Olympia__Wuschel__before__5||Wuschel__Olympia__before__3,25,23,575,chatter_cosine,0.9445028339779895,-0.4245942024675946,0.4700711665970382
Wuschel-Olympia,Partner,before,Wuschel,Olympia,3,Wuschel__Olympia__before__3,Olympia,Wuschel,6,Olympia__Wuschel__before__6,Olympia__Wuschel__before__6||Wuschel__Olympia__before__3,25,9,225,T_PC_pairwise,3.2215798820389643,-0.7867805833257543,0.20916019662782978
Wuschel-Olympia,Partner,before,Wuschel,Olympia,3,Wuschel__Olympia__before__3,Olympia,Wuschel,6,Olympia__Wuschel__before__6,Olympia__Wuschel__before__6||Wuschel__Olympia__before__3,25,9,225,M_PC_pairwise,12.429009058210585,-0.2482921547580103,0.43014426304295467
Wuschel-Olympia,Partner,before,Wuschel,Olympia,3,Wuschel__Olympia__before__3,Olympia,Wuschel,6,Olympia__Wuschel__before__6,Olympia__Wuschel__before__6||Wuschel__Olympia__before__3,25,9,225,spectro_DTW,0.005718592623921318,-1.1668745999415187,0.21315390627657668
Wuschel-Olympia,Partner,before,Wuschel,Olympia,3,Wuschel__Olympia__before__3,Olympia,Wuschel,6,Olympia__Wuschel__before__6,Olympia__Wuschel__before__6||Wuschel__Olympia__before__3,25,9,225,chatter_cosine,1.0193043273025089,0.8765366295526785,0.6732180476261708
Wuschel-Olympia,Partner,before,Wuschel,Olympia,4,Wuschel__Olympia__before__4,Olympia,Wuschel,3,Olympia__Wuschel__before__3,Olympia__Wuschel__before__3||Wuschel__Olympia__before__4,8,20,160,T_PC_pairwise,3.9021630980074407,-0.015519485538145528,0.3727339787071401
Wuschel-Olympia,Partner,before,Wuschel,Olympia,4,Wuschel__Olympia__before__4,Olympia,Wuschel,3,Olympia__Wuschel__before__3,Olympia__Wuschel__before__3||Wuschel__Olympia__before__4,8,20,160,M_PC_pairwise,11.101704303920268,-0.6759447805941434,0.3350507935582271
Wuschel-Olympia,Partner,before,Wuschel,Olympia,4,Wuschel__Olympia__before__4,Olympia,Wuschel,3,Olympia__Wuschel__before__3,Olympia__Wuschel__before__3||Wuschel__Olympia__before__4,8,20,160,spectro_DTW,0.005695381147234002,-1.1735393421342666,0.21176344023831742
Wuschel-Olympia,Partner,before,Wuschel,Olympia,4,Wuschel__Olympia__before__4,Olympia,Wuschel,3,Olympia__Wuschel__before__3,Olympia__Wuschel__before__3||Wuschel__Olympia__before__4,8,20,160,chatter_cosine,0.9167167527601123,-0.9079178015935045,0.39460936116295287
Wuschel-Olympia,Partner,before,Wuschel,Olympia,4,Wuschel__Olympia__before__4,Olympia,Wuschel,4,Olympia__Wuschel__before__4,Olympia__Wuschel__before__4||Wuschel__Olympia__before__4,8,9,72,T_PC_pairwise,3.8384131573968463,-0.08776318480312895,0.3574120920541355
Wuschel-Olympia,Partner,before,Wuschel,Olympia,4,Wuschel__Olympia__before__4,Olympia,Wuschel,4,Olympia__Wuschel__before__4,Olympia__Wuschel__before__4||Wuschel__Olympia__before__4,8,9,72,M_PC_pairwise,11.209416796763739,-0.6412402183969749,0.3427677512638529
Wuschel-Olympia,Partner,before,Wuschel,Olympia,4,Wuschel__Olympia__before__4,Olympia,Wuschel,4,Olympia__Wuschel__before__4,Olympia__Wuschel__before__4||Wuschel__Olympia__before__4,8,9,72,spectro_DTW,0.0069284529114762945,-0.8194858054059228,0.28562967606691697
Wuschel-Olympia,Partner,before,Wuschel,Olympia,4,Wuschel__Olympia__before__4,Olympia,Wuschel,4,Olympia__Wuschel__before__4,Olympia__Wuschel__before__4||Wuschel__Olympia__before__4,8,9,72,chatter_cosine,0.9602618796957864,-0.15047427042712963,0.5128697905720564
Wuschel-Olympia,Partner,before,Wuschel,Olympia,4,Wuschel__Olympia__before__4,Olympia,Wuschel,5,Olympia__Wuschel__before__5,Olympia__Wuschel__before__5||Wuschel__Olympia__before__4,8,23,184,T_PC_pairwise,4.052449478403382,0.15479038400772446,0.40885433997904175
Wuschel-Olympia,Partner,before,Wuschel,Olympia,4,Wuschel__Olympia__before__4,Olympia,Wuschel,5,Olympia__Wuschel__before__5,Olympia__Wuschel__before__5||Wuschel__Olympia__before__4,8,23,184,M_PC_pairwise,10.95275322250698,-0.7239362617378867,0.3243793369320771
Wuschel-Olympia,Partner,before,Wuschel,Olympia,4,Wuschel__Olympia__before__4,Olympia,Wuschel,5,Olympia__Wuschel__before__5,Olympia__Wuschel__before__5||Wuschel__Olympia__before__4,8,23,184,spectro_DTW,0.006444254895145802,-0.9585142262407815,0.256624158384022
Wuschel-Olympia,Partner,before,Wuschel,Olympia,4,Wuschel__Olympia__before__4,Olympia,Wuschel,5,Olympia__Wuschel__before__5,Olympia__Wuschel__before__5||Wuschel__Olympia__before__4,8,23,184,chatter_cosine,0.9666929899350457,-0.03860864523006227,0.5303354844853062
Wuschel-Olympia,Partner,before,Wuschel,Olympia,4,Wuschel__Olympia__before__4,Olympia,Wuschel,6,Olympia__Wuschel__before__6,Olympia__Wuschel__before__6||Wuschel__Olympia__before__4,8,9,72,T_PC_pairwise,4.456681705183453,0.6128807154653954,0.5060089459424957
Wuschel-Olympia,Partner,before,Wuschel,Olympia,4,Wuschel__Olympia__before__4,Olympia,Wuschel,6,Olympia__Wuschel__before__6,Olympia__Wuschel__before__6||Wuschel__Olympia__before__4,8,9,72,M_PC_pairwise,13.420225143432617,0.07107395935107598,0.5011589838507848
Wuschel-Olympia,Partner,before,Wuschel,Olympia,4,Wuschel__Olympia__before__4,Olympia,Wuschel,6,Olympia__Wuschel__before__6,Olympia__Wuschel__before__6||Wuschel__Olympia__before__4,8,9,72,spectro_DTW,0.006204175014216971,-1.027448681967618,0.24224235383975173
Wuschel-Olympia,Partner,before,Wuschel,Olympia,4,Wuschel__Olympia__before__4,Olympia,Wuschel,6,Olympia__Wuschel__before__6,Olympia__Wuschel__before__6||Wuschel__Olympia__before__4,8,9,72,chatter_cosine,1.033864215016365,1.129797867708223,0.7127599824960021
Wuschel-Olympia,Partner,before,Wuschel,Olympia,5,Wuschel__Olympia__before__5,Olympia,Wuschel,3,Olympia__Wuschel__before__3,Olympia__Wuschel__before__3||Wuschel__Olympia__before__5,18,20,360,T_PC_pairwise,3.405169568128056,-0.5787302237028483,0.2532847924153008
Wuschel-Olympia,Partner,before,Wuschel,Olympia,5,Wuschel__Olympia__before__5,Olympia,Wuschel,3,Olympia__Wuschel__before__3,Olympia__Wuschel__before__3||Wuschel__Olympia__before__5,18,20,360,M_PC_pairwise,10.312567392985025,-0.9302017408098198,0.27851384037039945
Wuschel-Olympia,Partner,before,Wuschel,Olympia,5,Wuschel__Olympia__before__5,Olympia,Wuschel,3,Olympia__Wuschel__before__3,Olympia__Wuschel__before__3||Wuschel__Olympia__before__5,18,20,360,spectro_DTW,0.004872207583846628,-1.4098982629288435,0.162451847576552
Wuschel-Olympia,Partner,before,Wuschel,Olympia,5,Wuschel__Olympia__before__5,Olympia,Wuschel,3,Olympia__Wuschel__before__3,Olympia__Wuschel__before__3||Wuschel__Olympia__before__5,18,20,360,chatter_cosine,0.9295045138233238,-0.6854817317724389,0.42933853112840936
Wuschel-Olympia,Partner,before,Wuschel,Olympia,5,Wuschel__Olympia__before__5,Olympia,Wuschel,4,Olympia__Wuschel__before__4,Olympia__Wuschel__before__4||Wuschel__Olympia__before__5,18,9,162,T_PC_pairwise,3.2784831634274236,-0.7222957617173807,0.22283653293916286
Wuschel-Olympia,Partner,before,Wuschel,Olympia,5,Wuschel__Olympia__before__5,Olympia,Wuschel,4,Olympia__Wuschel__before__4,Olympia__Wuschel__before__4||Wuschel__Olympia__before__5,18,9,162,M_PC_pairwise,10.172165206920953,-0.9754387998569999,0.2684548611096707
Wuschel-Olympia,Partner,before,Wuschel,Olympia,5,Wuschel__Olympia__before__5,Olympia,Wuschel,4,Olympia__Wuschel__before__4,Olympia__Wuschel__before__4||Wuschel__Olympia__before__5,18,9,162,spectro_DTW,0.005884848875683491,-1.119137221107152,0.2231133618871672
Wuschel-Olympia,Partner,before,Wuschel,Olympia,5,Wuschel__Olympia__before__5,Olympia,Wuschel,4,Olympia__Wuschel__before__4,Olympia__Wuschel__before__4||Wuschel__Olympia__before__5,18,9,162,chatter_cosine,0.9850662266950548,0.28098370206095025,0.5802337629329396
Wuschel-Olympia,Partner,before,Wuschel,Olympia,5,Wuschel__Olympia__before__5,Olympia,Wuschel,5,Olympia__Wuschel__before__5,Olympia__Wuschel__before__5||Wuschel__Olympia__before__5,18,23,414,T_PC_pairwise,3.4142774739415174,-0.5684088210125979,0.25547381877647835
Wuschel-Olympia,Partner,before,Wuschel,Olympia,5,Wuschel__Olympia__before__5,Olympia,Wuschel,5,Olympia__Wuschel__before__5,Olympia__Wuschel__before__5||Wuschel__Olympia__before__5,18,23,414,M_PC_pairwise,10.34213876436298,-0.9206739555905771,0.28063245276341736
Wuschel-Olympia,Partner,before,Wuschel,Olympia,5,Wuschel__Olympia__before__5,Olympia,Wuschel,5,Olympia__Wuschel__before__5,Olympia__Wuschel__before__5||Wuschel__Olympia__before__5,18,23,414,spectro_DTW,0.005523571023292354,-1.2228714116790225,0.2014712840955538
Wuschel-Olympia,Partner,before,Wuschel,Olympia,5,Wuschel__Olympia__before__5,Olympia,Wuschel,5,Olympia__Wuschel__before__5,Olympia__Wuschel__before__5||Wuschel__Olympia__before__5,18,23,414,chatter_cosine,0.9770264369278139,0.14113598132448027,0.5583991959643472
Wuschel-Olympia,Partner,before,Wuschel,Olympia,5,Wuschel__Olympia__before__5,Olympia,Wuschel,6,Olympia__Wuschel__before__6,Olympia__Wuschel__before__6||Wuschel__Olympia__before__5,18,9,162,T_PC_pairwise,3.692167538183707,-0.2534939201114456,0.32226290164516735
Wuschel-Olympia,Partner,before,Wuschel,Olympia,5,Wuschel__Olympia__before__5,Olympia,Wuschel,6,Olympia__Wuschel__before__6,Olympia__Wuschel__before__6||Wuschel__Olympia__before__5,18,9,162,M_PC_pairwise,13.511815936477095,0.10058417019095789,0.5077209179170227
Wuschel-Olympia,Partner,before,Wuschel,Olympia,5,Wuschel__Olympia__before__5,Olympia,Wuschel,6,Olympia__Wuschel__before__6,Olympia__Wuschel__before__6||Wuschel__Olympia__before__5,18,9,162,spectro_DTW,0.0062375579648766164,-1.0178633909162587,0.24424213436963454
Wuschel-Olympia,Partner,before,Wuschel,Olympia,5,Wuschel__Olympia__before__5,Olympia,Wuschel,6,Olympia__Wuschel__before__6,Olympia__Wuschel__before__6||Wuschel__Olympia__before__5,18,9,162,chatter_cosine,1.0784077640668845,1.9046084023829422,0.83373193983813
Wuschel-Olympia,Partner,before,Wuschel,Olympia,6,Wuschel__Olympia__before__6,Olympia,Wuschel,3,Olympia__Wuschel__before__3,Olympia__Wuschel__before__3||Wuschel__Olympia__before__6,19,20,380,T_PC_pairwise,3.46941960485358,-0.5059197977400121,0.2687268739408835
Wuschel-Olympia,Partner,before,Wuschel,Olympia,6,Wuschel__Olympia__before__6,Olympia,Wuschel,3,Olympia__Wuschel__before__3,Olympia__Wuschel__before__3||Wuschel__Olympia__before__6,19,20,380,M_PC_pairwise,10.91041975084104,-0.7375759479216211,0.3213463961676932
Wuschel-Olympia,Partner,before,Wuschel,Olympia,6,Wuschel__Olympia__before__6,Olympia,Wuschel,3,Olympia__Wuschel__before__3,Olympia__Wuschel__before__3||Wuschel__Olympia__before__6,19,20,380,spectro_DTW,0.005251380096888169,-1.3010259546289085,0.18516589154402524
Wuschel-Olympia,Partner,before,Wuschel,Olympia,6,Wuschel__Olympia__before__6,Olympia,Wuschel,3,Olympia__Wuschel__before__3,Olympia__Wuschel__before__3||Wuschel__Olympia__before__6,19,20,380,chatter_cosine,0.9340864153284776,-0.6057820753528587,0.4417821195995178
Wuschel-Olympia,Partner,before,Wuschel,Olympia,6,Wuschel__Olympia__before__6,Olympia,Wuschel,4,Olympia__Wuschel__before__4,Olympia__Wuschel__before__4||Wuschel__Olympia__before__6,19,9,171,T_PC_pairwise,3.3663080460146855,-0.6227694822440756,0.2439446764672501
Wuschel-Olympia,Partner,before,Wuschel,Olympia,6,Wuschel__Olympia__before__6,Olympia,Wuschel,4,Olympia__Wuschel__before__4,Olympia__Wuschel__before__4||Wuschel__Olympia__before__6,19,9,171,M_PC_pairwise,11.00166087959245,-0.708178397608727,0.32788327887276075
Wuschel-Olympia,Partner,before,Wuschel,Olympia,6,Wuschel__Olympia__before__6,Olympia,Wuschel,4,Olympia__Wuschel__before__4,Olympia__Wuschel__before__4||Wuschel__Olympia__before__6,19,9,171,spectro_DTW,0.006419751358120457,-0.9655499594379554,0.2551562924438258
Wuschel-Olympia,Partner,before,Wuschel,Olympia,6,Wuschel__Olympia__before__6,Olympia,Wuschel,4,Olympia__Wuschel__before__4,Olympia__Wuschel__before__4||Wuschel__Olympia__before__6,19,9,171,chatter_cosine,1.043794746287385,1.3025339969056597,0.7397294501497805
Wuschel-Olympia,Partner,before,Wuschel,Olympia,6,Wuschel__Olympia__before__6,Olympia,Wuschel,5,Olympia__Wuschel__before__5,Olympia__Wuschel__before__5||Wuschel__Olympia__before__6,19,23,437,T_PC_pairwise,3.547023932230009,-0.4179758148131895,0.2873785730084542
Wuschel-Olympia,Partner,before,Wuschel,Olympia,6,Wuschel__Olympia__before__6,Olympia,Wuschel,5,Olympia__Wuschel__before__5,Olympia__Wuschel__before__5||Wuschel__Olympia__before__6,19,23,437,M_PC_pairwise,10.876489289565273,-0.7485082155967803,0.3189154809814856
Wuschel-Olympia,Partner,before,Wuschel,Olympia,6,Wuschel__Olympia__before__6,Olympia,Wuschel,5,Olympia__Wuschel__before__5,Olympia__Wuschel__before__5||Wuschel__Olympia__before__6,19,23,437,spectro_DTW,0.006025000728956622,-1.0788952329525732,0.2315090531566448
Wuschel-Olympia,Partner,before,Wuschel,Olympia,6,Wuschel__Olympia__before__6,Olympia,Wuschel,5,Olympia__Wuschel__before__5,Olympia__Wuschel__before__5||Wuschel__Olympia__before__6,19,23,437,chatter_cosine,0.9945862360076991,0.4465790275989409,0.6060883296438163
Wuschel-Olympia,Partner,before,Wuschel,Olympia,6,Wuschel__Olympia__before__6,Olympia,Wuschel,6,Olympia__Wuschel__before__6,Olympia__Wuschel__before__6||Wuschel__Olympia__before__6,19,9,171,T_PC_pairwise,3.9477115737067328,0.0360976665545611,0.38368126077826575
Wuschel-Olympia,Partner,before,Wuschel,Olympia,6,Wuschel__Olympia__before__6,Olympia,Wuschel,6,Olympia__Wuschel__before__6,Olympia__Wuschel__before__6||Wuschel__Olympia__before__6,19,9,171,M_PC_pairwise,13.82325628068712,0.2009290838682538,0.5300337611225637
Wuschel-Olympia,Partner,before,Wuschel,Olympia,6,Wuschel__Olympia__before__6,Olympia,Wuschel,6,Olympia__Wuschel__before__6,Olympia__Wuschel__before__6||Wuschel__Olympia__before__6,19,9,171,spectro_DTW,0.006336292430652273,-0.9895136323550969,0.25015674821846995
Wuschel-Olympia,Partner,before,Wuschel,Olympia,6,Wuschel__Olympia__before__6,Olympia,Wuschel,6,Olympia__Wuschel__before__6,Olympia__Wuschel__before__6||Wuschel__Olympia__before__6,19,9,171,chatter_cosine,1.012597610378823,0.759876977676726,0.6550038574484263
Wuschel-Olympia,Partner,after,Wuschel,Olympia,3,Wuschel__Olympia__after__3,Olympia,Wuschel,1,Olympia__Wuschel__after__1,Olympia__Wuschel__after__1||Wuschel__Olympia__after__3,13,6,78,T_PC_pairwise,3.4160085824819713,-0.5664470672667314,0.25588987953805453
Wuschel-Olympia,Partner,after,Wuschel,Olympia,3,Wuschel__Olympia__after__3,Olympia,Wuschel,1,Olympia__Wuschel__after__1,Olympia__Wuschel__after__1||Wuschel__Olympia__after__3,13,6,78,M_PC_pairwise,12.05595815487397,-0.36848776007530293,0.4034173907266884
Wuschel-Olympia,Partner,after,Wuschel,Olympia,3,Wuschel__Olympia__after__3,Olympia,Wuschel,1,Olympia__Wuschel__after__1,Olympia__Wuschel__after__1||Wuschel__Olympia__after__3,13,6,78,spectro_DTW,0.006182645693069133,-1.0336304246015808,0.2409526560628239
Wuschel-Olympia,Partner,after,Wuschel,Olympia,3,Wuschel__Olympia__after__3,Olympia,Wuschel,1,Olympia__Wuschel__after__1,Olympia__Wuschel__after__1||Wuschel__Olympia__after__3,13,6,78,chatter_cosine,0.9260590981978637,-0.7454128414357409,0.4199814259817956
Wuschel-Olympia,Partner,after,Wuschel,Olympia,3,Wuschel__Olympia__after__3,Olympia,Wuschel,2,Olympia__Wuschel__after__2,Olympia__Wuschel__after__2||Wuschel__Olympia__after__3,13,11,143,T_PC_pairwise,2.7674698062709995,-1.3013942666132912,0.10001777167398149
Wuschel-Olympia,Partner,after,Wuschel,Olympia,3,Wuschel__Olympia__after__3,Olympia,Wuschel,2,Olympia__Wuschel__after__2,Olympia__Wuschel__after__2||Wuschel__Olympia__after__3,13,11,143,M_PC_pairwise,9.345175125382163,-1.2418919100167678,0.20920595400767716
Wuschel-Olympia,Partner,after,Wuschel,Olympia,3,Wuschel__Olympia__after__3,Olympia,Wuschel,2,Olympia__Wuschel__after__2,Olympia__Wuschel__after__2||Wuschel__Olympia__after__3,13,11,143,spectro_DTW,0.0036640044479220586,-1.7568112373113427,0.09007534820719217
Wuschel-Olympia,Partner,after,Wuschel,Olympia,3,Wuschel__Olympia__after__3,Olympia,Wuschel,2,Olympia__Wuschel__after__2,Olympia__Wuschel__after__2||Wuschel__Olympia__after__3,13,11,143,chatter_cosine,0.8880446117657882,-1.406653923155918,0.3167411829147627
Wuschel-Olympia,Partner,after,Wuschel,Olympia,3,Wuschel__Olympia__after__3,Olympia,Wuschel,3,Olympia__Wuschel__after__3,Olympia__Wuschel__after__3||Wuschel__Olympia__after__3,13,6,78,T_PC_pairwise,3.000104335638193,-1.0377645468475365,0.15592997890742405
Wuschel-Olympia,Partner,after,Wuschel,Olympia,3,Wuschel__Olympia__after__3,Olympia,Wuschel,3,Olympia__Wuschel__after__3,Olympia__Wuschel__after__3||Wuschel__Olympia__after__3,13,6,78,M_PC_pairwise,9.616227898842249,-1.1545597205284912,0.22862526864394475
Wuschel-Olympia,Partner,after,Wuschel,Olympia,3,Wuschel__Olympia__after__3,Olympia,Wuschel,3,Olympia__Wuschel__after__3,Olympia__Wuschel__after__3||Wuschel__Olympia__after__3,13,6,78,spectro_DTW,0.004323312520939045,-1.5675032328509104,0.12957070201986998
Wuschel-Olympia,Partner,after,Wuschel,Olympia,3,Wuschel__Olympia__after__3,Olympia,Wuschel,3,Olympia__Wuschel__after__3,Olympia__Wuschel__after__3||Wuschel__Olympia__after__3,13,6,78,chatter_cosine,1.0311744220745869,1.0830103989993476,0.7054550073885426
Wuschel-Olympia,Partner,after,Wuschel,Olympia,4,Wuschel__Olympia__after__4,Olympia,Wuschel,1,Olympia__Wuschel__after__1,Olympia__Wuschel__after__1||Wuschel__Olympia__after__4,57,6,342,T_PC_pairwise,3.0622152232984354,-0.967378280660772,0.17085792976561798
Wuschel-Olympia,Partner,after,Wuschel,Olympia,4,Wuschel__Olympia__after__4,Olympia,Wuschel,1,Olympia__Wuschel__after__1,Olympia__Wuschel__after__1||Wuschel__Olympia__after__4,57,6,342,M_PC_pairwise,10.842334505410223,-0.7595127592643595,0.31646849439885844
Wuschel-Olympia,Partner,after,Wuschel,Olympia,4,Wuschel__Olympia__after__4,Olympia,Wuschel,1,Olympia__Wuschel__after__1,Olympia__Wuschel__after__1||Wuschel__Olympia__after__4,57,6,342,spectro_DTW,0.005256370440968285,-1.2995930704916725,0.18546483434960817
Wuschel-Olympia,Partner,after,Wuschel,Olympia,4,Wuschel__Olympia__after__4,Olympia,Wuschel,1,Olympia__Wuschel__after__1,Olympia__Wuschel__after__1||Wuschel__Olympia__after__4,57,6,342,chatter_cosine,0.9382809721238432,-0.5328200671021306,0.4531737522047824
Wuschel-Olympia,Partner,after,Wuschel,Olympia,4,Wuschel__Olympia__after__4,Olympia,Wuschel,2,Olympia__Wuschel__after__2,Olympia__Wuschel__after__2||Wuschel__Olympia__after__4,57,11,627,T_PC_pairwise,2.474698058155735,-1.6331736207827232,0.02965197216328184
Wuschel-Olympia,Partner,after,Wuschel,Olympia,4,Wuschel__Olympia__after__4,Olympia,Wuschel,2,Olympia__Wuschel__after__2,Olympia__Wuschel__after__2||Wuschel__Olympia__after__4,57,11,627,M_PC_pairwise,8.464084665741076,-1.525775959589199,0.1460810774739809
Wuschel-Olympia,Partner,after,Wuschel,Olympia,4,Wuschel__Olympia__after__4,Olympia,Wuschel,2,Olympia__Wuschel__after__2,Olympia__Wuschel__after__2||Wuschel__Olympia__after__4,57,11,627,spectro_DTW,0.0037879551648707433,-1.7212211029912512,0.09750052260073741
Wuschel-Olympia,Partner,after,Wuschel,Olympia,4,Wuschel__Olympia__after__4,Olympia,Wuschel,2,Olympia__Wuschel__after__2,Olympia__Wuschel__after__2||Wuschel__Olympia__after__4,57,11,627,chatter_cosine,0.8528098150778806,-2.019543830737145,0.22105005787544801
Wuschel-Olympia,Partner,after,Wuschel,Olympia,4,Wuschel__Olympia__after__4,Olympia,Wuschel,3,Olympia__Wuschel__after__3,Olympia__Wuschel__after__3||Wuschel__Olympia__after__4,57,6,342,T_PC_pairwise,2.579746649279232,-1.5141288224245124,0.054899722840943785
Wuschel-Olympia,Partner,after,Wuschel,Olympia,4,Wuschel__Olympia__after__4,Olympia,Wuschel,3,Olympia__Wuschel__after__3,Olympia__Wuschel__after__3||Wuschel__Olympia__after__4,57,6,342,M_PC_pairwise,7.853534124399486,-1.7224930596872925,0.10233877256300847
Wuschel-Olympia,Partner,after,Wuschel,Olympia,4,Wuschel__Olympia__after__4,Olympia,Wuschel,3,Olympia__Wuschel__after__3,Olympia__Wuschel__after__3||Wuschel__Olympia__after__4,57,6,342,spectro_DTW,0.0038265016829262745,-1.7101531899614608,0.09980962274853851
Wuschel-Olympia,Partner,after,Wuschel,Olympia,4,Wuschel__Olympia__after__4,Olympia,Wuschel,3,Olympia__Wuschel__after__3,Olympia__Wuschel__after__3||Wuschel__Olympia__after__4,57,6,342,chatter_cosine,0.8387890943484,-2.2634265557668214,0.18297239980493935
Wuschel-Olympia,Non-partner,before,Wuschel,Lola,2,Wuschel__Lola__before__2,Olympia,Odin,1,Olympia__Odin__before__1,Olympia__Odin__before__1||Wuschel__Lola__before__2,26,6,156,T_PC_pairwise,2.440358409132713,-1.672088531967315,0.021398659219061377
Wuschel-Olympia,Non-partner,before,Wuschel,Lola,2,Wuschel__Lola__before__2,Olympia,Odin,1,Olympia__Odin__before__1,Olympia__Odin__before__1||Wuschel__Lola__before__2,26,6,156,M_PC_pairwise,6.963799987847988,-2.009162069620687,0.03859462813031676
Wuschel-Olympia,Non-partner,before,Wuschel,Lola,2,Wuschel__Lola__before__2,Olympia,Odin,1,Olympia__Odin__before__1,Olympia__Odin__before__1||Wuschel__Lola__before__2,26,6,156,spectro_DTW,0.0021603489917768645,-2.188557829608195,0
Wuschel-Olympia,Non-partner,before,Wuschel,Lola,2,Wuschel__Lola__before__2,Olympia,Odin,1,Olympia__Odin__before__1,Olympia__Odin__before__1||Wuschel__Lola__before__2,26,6,156,chatter_cosine,0.7714161242430027,-3.4353423124296367,0
Wuschel-Olympia,Non-partner,before,Wuschel,Lola,2,Wuschel__Lola__before__2,Olympia,Odin,2,Olympia__Odin__before__2,Olympia__Odin__before__2||Wuschel__Lola__before__2,26,6,156,T_PC_pairwise,2.929403690955578,-1.1178850310922306,0.13893753540479656
Wuschel-Olympia,Non-partner,before,Wuschel,Lola,2,Wuschel__Lola__before__2,Olympia,Odin,2,Olympia__Odin__before__2,Olympia__Odin__before__2||Wuschel__Lola__before__2,26,6,156,M_PC_pairwise,8.32731479864854,-1.569842699053758,0.1362823322040988
Wuschel-Olympia,Non-partner,before,Wuschel,Lola,2,Wuschel__Lola__before__2,Olympia,Odin,2,Olympia__Odin__before__2,Olympia__Odin__before__2||Wuschel__Lola__before__2,26,6,156,spectro_DTW,0.003059988053372273,-1.9302432685473065,0.053892200771672796
Wuschel-Olympia,Non-partner,before,Wuschel,Lola,2,Wuschel__Lola__before__2,Olympia,Odin,2,Olympia__Odin__before__2,Olympia__Odin__before__2||Wuschel__Lola__before__2,26,6,156,chatter_cosine,0.8438562002892678,-2.175287035073388,0.19673371287479569
Wuschel-Olympia,Non-partner,before,Wuschel,Lola,2,Wuschel__Lola__before__2,Olympia,Odin,3,Olympia__Odin__before__3,Olympia__Odin__before__3||Wuschel__Lola__before__2,26,10,260,T_PC_pairwise,2.6597785961169462,-1.4234337748125916,0.07413488457320373
Wuschel-Olympia,Non-partner,before,Wuschel,Lola,2,Wuschel__Lola__before__2,Olympia,Odin,3,Olympia__Odin__before__3,Olympia__Odin__before__3||Wuschel__Lola__before__2,26,10,260,M_PC_pairwise,6.425100183486938,-2.1827291310869827,0
Wuschel-Olympia,Non-partner,before,Wuschel,Lola,2,Wuschel__Lola__before__2,Olympia,Odin,3,Olympia__Odin__before__3,Olympia__Odin__before__3||Wuschel__Lola__before__2,26,10,260,spectro_DTW,0.0028897526387411812,-1.979123189711985,0.04369437640477829
Wuschel-Olympia,Non-partner,before,Wuschel,Lola,2,Wuschel__Lola__before__2,Olympia,Odin,3,Olympia__Odin__before__3,Olympia__Odin__before__3||Wuschel__Lola__before__2,26,10,260,chatter_cosine,0.8444344844955665,-2.1652280993884916,0.1983042247407597
Wuschel-Olympia,Non-partner,before,Wuschel,Lola,2,Wuschel__Lola__before__2,Olympia,Odin,4,Olympia__Odin__before__4,Olympia__Odin__before__4||Wuschel__Lola__before__2,26,7,182,T_PC_pairwise,2.677118729022178,-1.4037833196933878,0.07830247356822534
Wuschel-Olympia,Non-partner,before,Wuschel,Lola,2,Wuschel__Lola__before__2,Olympia,Odin,4,Olympia__Odin__before__4,Olympia__Odin__before__4||Wuschel__Lola__before__2,26,7,182,M_PC_pairwise,8.437209443076627,-1.5344350557803579,0.14415562805622192
Wuschel-Olympia,Non-partner,before,Wuschel,Lola,2,Wuschel__Lola__before__2,Olympia,Odin,4,Olympia__Odin__before__4,Olympia__Odin__before__4||Wuschel__Lola__before__2,26,7,182,spectro_DTW,0.0025051090276894763,-2.0895664216649132,0.02065259042943542
Wuschel-Olympia,Non-partner,before,Wuschel,Lola,2,Wuschel__Lola__before__2,Olympia,Odin,4,Olympia__Odin__before__4,Olympia__Odin__before__4||Wuschel__Lola__before__2,26,7,182,chatter_cosine,0.7815568350501113,-3.258950225810622,0.027540276006859758
Wuschel-Olympia,Non-partner,before,Wuschel,Lola,2,Wuschel__Lola__before__2,Olympia,Odin,6,Olympia__Odin__before__6,Olympia__Odin__before__6||Wuschel__Lola__before__2,26,7,182,T_PC_pairwise,2.7862112810323527,-1.2801557610794292,0.10452216413698998
Wuschel-Olympia,Non-partner,before,Wuschel,Lola,2,Wuschel__Lola__before__2,Olympia,Odin,6,Olympia__Odin__before__6,Olympia__Odin__before__6||Wuschel__Lola__before__2,26,7,182,M_PC_pairwise,8.29882338151827,-1.5790225270549525,0.13424109209198704
Wuschel-Olympia,Non-partner,before,Wuschel,Lola,2,Wuschel__Lola__before__2,Olympia,Odin,6,Olympia__Odin__before__6,Olympia__Odin__before__6||Wuschel__Lola__before__2,26,7,182,spectro_DTW,0.003029286037237578,-1.9390587793005343,0.052053019606404266
Wuschel-Olympia,Non-partner,before,Wuschel,Lola,2,Wuschel__Lola__before__2,Olympia,Odin,6,Olympia__Odin__before__6,Olympia__Odin__before__6||Wuschel__Lola__before__2,26,7,182,chatter_cosine,0.8218955149526125,-2.557281077088743,0.1370925943205306
Wuschel-Olympia,Non-partner,before,Wuschel,Lola,2,Wuschel__Lola__before__2,Olympia,Tabor,1,Olympia__Tabor__before__1,Olympia__Tabor__before__1||Wuschel__Lola__before__2,26,9,234,T_PC_pairwise,4.221445792760605,0.3463030159314137,0.4494715130862836
Wuschel-Olympia,Non-partner,before,Wuschel,Lola,2,Wuschel__Lola__before__2,Olympia,Tabor,1,Olympia__Tabor__before__1,Olympia__Tabor__before__1||Wuschel__Lola__before__2,26,9,234,M_PC_pairwise,9.376899267873194,-1.2316705099992993,0.21147879961163418
Wuschel-Olympia,Non-partner,before,Wuschel,Lola,2,Wuschel__Lola__before__2,Olympia,Tabor,1,Olympia__Tabor__before__1,Olympia__Tabor__before__1||Wuschel__Lola__before__2,26,9,234,spectro_DTW,0.007067538439654387,-0.7795499925950253,0.2939614899342642
Wuschel-Olympia,Non-partner,before,Wuschel,Lola,2,Wuschel__Lola__before__2,Olympia,Tabor,1,Olympia__Tabor__before__1,Olympia__Tabor__before__1||Wuschel__Lola__before__2,26,9,234,chatter_cosine,0.9044538803844371,-1.1212237214084855,0.3613056908101559
Wuschel-Olympia,Non-partner,before,Wuschel,Lola,2,Wuschel__Lola__before__2,Olympia,Tabor,4,Olympia__Tabor__before__4,Olympia__Tabor__before__4||Wuschel__Lola__before__2,26,5,130,T_PC_pairwise,3.2610306978225707,-0.7420735162456717,0.21864194550501273
Wuschel-Olympia,Non-partner,before,Wuschel,Lola,2,Wuschel__Lola__before__2,Olympia,Tabor,4,Olympia__Tabor__before__4,Olympia__Tabor__before__4||Wuschel__Lola__before__2,26,5,130,M_PC_pairwise,9.348336416024429,-1.2408733539995258,0.20943244162798516
Wuschel-Olympia,Non-partner,before,Wuschel,Lola,2,Wuschel__Lola__before__2,Olympia,Tabor,4,Olympia__Tabor__before__4,Olympia__Tabor__before__4||Wuschel__Lola__before__2,26,5,130,spectro_DTW,0.004782862367574125,-1.4355520737842695,0.15709968965134213
Wuschel-Olympia,Non-partner,before,Wuschel,Lola,2,Wuschel__Lola__before__2,Olympia,Tabor,4,Olympia__Tabor__before__4,Olympia__Tabor__before__4||Wuschel__Lola__before__2,26,5,130,chatter_cosine,0.9918112135850466,0.3983090389505032,0.5985518871893584
Wuschel-Olympia,Non-partner,before,Wuschel,Lola,2,Wuschel__Lola__before__2,Olympia,Tabor,5,Olympia__Tabor__before__5,Olympia__Tabor__before__5||Wuschel__Lola__before__2,26,8,208,T_PC_pairwise,2.9371030651606045,-1.1091598264995837,0.1407880302874362
Wuschel-Olympia,Non-partner,before,Wuschel,Lola,2,Wuschel__Lola__before__2,Olympia,Tabor,5,Olympia__Tabor__before__5,Olympia__Tabor__before__5||Wuschel__Lola__before__2,26,8,208,M_PC_pairwise,7.63034066099387,-1.7944051585374976,0.08634829205508561
Wuschel-Olympia,Non-partner,before,Wuschel,Lola,2,Wuschel__Lola__before__2,Olympia,Tabor,5,Olympia__Tabor__before__5,Olympia__Tabor__before__5||Wuschel__Lola__before__2,26,8,208,spectro_DTW,0.0033341063840802796,-1.8515353074345346,0.07031305302714702
Wuschel-Olympia,Non-partner,before,Wuschel,Lola,2,Wuschel__Lola__before__2,Olympia,Tabor,5,Olympia__Tabor__before__5,Olympia__Tabor__before__5||Wuschel__Lola__before__2,26,8,208,chatter_cosine,0.897173557143945,-1.2478609396546747,0.34153369304035897
Wuschel-Olympia,Non-partner,before,Wuschel,Lola,2,Wuschel__Lola__before__2,Olympia,Tabor,6,Olympia__Tabor__before__6,Olympia__Tabor__before__6||Wuschel__Lola__before__2,26,18,468,T_PC_pairwise,2.858592696933665,-1.1981305671315765,0.1219185701508896
Wuschel-Olympia,Non-partner,before,Wuschel,Lola,2,Wuschel__Lola__before__2,Olympia,Tabor,6,Olympia__Tabor__before__6,Olympia__Tabor__before__6||Wuschel__Lola__before__2,26,18,468,M_PC_pairwise,8.348569902599367,-1.562994384084939,0.1378051336349001
Wuschel-Olympia,Non-partner,before,Wuschel,Lola,2,Wuschel__Lola__before__2,Olympia,Tabor,6,Olympia__Tabor__before__6,Olympia__Tabor__before__6||Wuschel__Lola__before__2,26,18,468,spectro_DTW,0.003703997691702217,-1.7453279239988326,0.09247111337048834
Wuschel-Olympia,Non-partner,before,Wuschel,Lola,2,Wuschel__Lola__before__2,Olympia,Tabor,6,Olympia__Tabor__before__6,Olympia__Tabor__before__6||Wuschel__Lola__before__2,26,18,468,chatter_cosine,0.8526979326947123,-2.021489963251754,0.22074620622526586
Wuschel-Olympia,Non-partner,before,Wuschel,Lola,3,Wuschel__Lola__before__3,Olympia,Odin,1,Olympia__Odin__before__1,Olympia__Odin__before__1||Wuschel__Lola__before__3,19,6,114,T_PC_pairwise,2.9030535655063496,-1.1477459301035196,0.13260445287078032
Wuschel-Olympia,Non-partner,before,Wuschel,Lola,3,Wuschel__Lola__before__3,Olympia,Odin,1,Olympia__Odin__before__1,Olympia__Odin__before__1||Wuschel__Lola__before__3,19,6,114,M_PC_pairwise,10.204687239830953,-0.9649603225317777,0.27078487080345953
Wuschel-Olympia,Non-partner,before,Wuschel,Lola,3,Wuschel__Lola__before__3,Olympia,Odin,1,Olympia__Odin__before__1,Olympia__Odin__before__1||Wuschel__Lola__before__3,19,6,114,spectro_DTW,0.0047408892725096,-1.4476038644309899,0.15458532298721075
Wuschel-Olympia,Non-partner,before,Wuschel,Lola,3,Wuschel__Lola__before__3,Olympia,Odin,1,Olympia__Odin__before__1,Olympia__Odin__before__1||Wuschel__Lola__before__3,19,6,114,chatter_cosine,0.9060667574144247,-1.0931686126305136,0.36568596349674554
Wuschel-Olympia,Non-partner,before,Wuschel,Lola,3,Wuschel__Lola__before__3,Olympia,Odin,2,Olympia__Odin__before__2,Olympia__Odin__before__2||Wuschel__Lola__before__3,19,6,114,T_PC_pairwise,3.1200709792605616,-0.9018140810012432,0.1847631871915092
Wuschel-Olympia,Non-partner,before,Wuschel,Lola,3,Wuschel__Lola__before__3,Olympia,Odin,2,Olympia__Odin__before__2,Olympia__Odin__before__2||Wuschel__Lola__before__3,19,6,114,M_PC_pairwise,10.754015663213897,-0.7879687597826885,0.3101409760966933
Wuschel-Olympia,Non-partner,before,Wuschel,Lola,3,Wuschel__Lola__before__3,Olympia,Odin,2,Olympia__Odin__before__2,Olympia__Odin__before__2||Wuschel__Lola__before__3,19,6,114,spectro_DTW,0.005254497925195386,-1.300130728437625,0.1853526627017895
Wuschel-Olympia,Non-partner,before,Wuschel,Lola,3,Wuschel__Lola__before__3,Olympia,Odin,2,Olympia__Odin__before__2,Olympia__Odin__before__2||Wuschel__Lola__before__3,19,6,114,chatter_cosine,0.9280985046112746,-0.7099384886444572,0.4255200727871186
Wuschel-Olympia,Non-partner,before,Wuschel,Lola,3,Wuschel__Lola__before__3,Olympia,Odin,3,Olympia__Odin__before__3,Olympia__Odin__before__3||Wuschel__Lola__before__3,19,10,190,T_PC_pairwise,3.3731260845535678,-0.6150430385633072,0.24558334801247833
Wuschel-Olympia,Non-partner,before,Wuschel,Lola,3,Wuschel__Lola__before__3,Olympia,Odin,3,Olympia__Odin__before__3,Olympia__Odin__before__3||Wuschel__Lola__before__3,19,10,190,M_PC_pairwise,9.121738628964675,-1.313882313194111,0.19319806163392358
Wuschel-Olympia,Non-partner,before,Wuschel,Lola,3,Wuschel__Lola__before__3,Olympia,Odin,3,Olympia__Odin__before__3,Olympia__Odin__before__3||Wuschel__Lola__before__3,19,10,190,spectro_DTW,0.005267288436267623,-1.2964581719709125,0.18611886863937394
Wuschel-Olympia,Non-partner,before,Wuschel,Lola,3,Wuschel__Lola__before__3,Olympia,Odin,3,Olympia__Odin__before__3,Olympia__Odin__before__3||Wuschel__Lola__before__3,19,10,190,chatter_cosine,0.9601204574108124,-0.15293423328530467,0.5124857140673825
Wuschel-Olympia,Non-partner,before,Wuschel,Lola,3,Wuschel__Lola__before__3,Olympia,Odin,4,Olympia__Odin__before__4,Olympia__Odin__before__4||Wuschel__Lola__before__3,19,7,133,T_PC_pairwise,2.583603176407348,-1.5097584687679857,0.055826614238257695
Wuschel-Olympia,Non-partner,before,Wuschel,Lola,3,Wuschel__Lola__before__3,Olympia,Odin,4,Olympia__Odin__before__4,Olympia__Odin__before__4||Wuschel__Lola__before__3,19,7,133,M_PC_pairwise,11.564375398750592,-0.5268738848837913,0.36819841809245635
Wuschel-Olympia,Non-partner,before,Wuschel,Lola,3,Wuschel__Lola__before__3,Olympia,Odin,4,Olympia__Odin__before__4,Olympia__Odin__before__4||Wuschel__Lola__before__3,19,7,133,spectro_DTW,0.00478299543755199,-1.4355138652244261,0.15710766110819624
Wuschel-Olympia,Non-partner,before,Wuschel,Lola,3,Wuschel__Lola__before__3,Olympia,Odin,4,Olympia__Odin__before__4,Olympia__Odin__before__4||Wuschel__Lola__before__3,19,7,133,chatter_cosine,0.8699030602784982,-1.7222162325658412,0.2674721183830745
Wuschel-Olympia,Non-partner,before,Wuschel,Lola,3,Wuschel__Lola__before__3,Olympia,Odin,6,Olympia__Odin__before__6,Olympia__Odin__before__6||Wuschel__Lola__before__3,19,7,133,T_PC_pairwise,2.567132177433573,-1.5284239904148793,0.05186791597249033
Wuschel-Olympia,Non-partner,before,Wuschel,Lola,3,Wuschel__Lola__before__3,Olympia,Odin,6,Olympia__Odin__before__6,Olympia__Odin__before__6||Wuschel__Lola__before__3,19,7,133,M_PC_pairwise,10.012856246833515,-1.0267675507564449,0.2570413242518008
Wuschel-Olympia,Non-partner,before,Wuschel,Lola,3,Wuschel__Lola__before__3,Olympia,Odin,6,Olympia__Odin__before__6,Olympia__Odin__before__6||Wuschel__Lola__before__3,19,7,133,spectro_DTW,0.00501341274825688,-1.36935383614564,0.1709106366568073
Wuschel-Olympia,Non-partner,before,Wuschel,Lola,3,Wuschel__Lola__before__3,Olympia,Odin,6,Olympia__Odin__before__6,Olympia__Odin__before__6||Wuschel__Lola__before__3,19,7,133,chatter_cosine,0.8283177252326693,-2.4455702617866044,0.1545341176073274
Wuschel-Olympia,Non-partner,before,Wuschel,Lola,3,Wuschel__Lola__before__3,Olympia,Tabor,1,Olympia__Tabor__before__1,Olympia__Tabor__before__1||Wuschel__Lola__before__3,19,9,171,T_PC_pairwise,3.879054828693992,-0.041706597915432776,0.36718005536577586
Wuschel-Olympia,Non-partner,before,Wuschel,Lola,3,Wuschel__Lola__before__3,Olympia,Tabor,1,Olympia__Tabor__before__1,Olympia__Tabor__before__1||Wuschel__Lola__before__3,19,9,171,M_PC_pairwise,10.55521691891185,-0.8520209714084606,0.2958982317203298
Wuschel-Olympia,Non-partner,before,Wuschel,Lola,3,Wuschel__Lola__before__3,Olympia,Tabor,1,Olympia__Tabor__before__1,Olympia__Tabor__before__1||Wuschel__Lola__before__3,19,9,171,spectro_DTW,0.008006741438464027,-0.5098753855872539,0.3502237385825665
Wuschel-Olympia,Non-partner,before,Wuschel,Lola,3,Wuschel__Lola__before__3,Olympia,Tabor,1,Olympia__Tabor__before__1,Olympia__Tabor__before__1||Wuschel__Lola__before__3,19,9,171,chatter_cosine,0.8630081854368511,-1.842148787928974,0.24874692645287932
Wuschel-Olympia,Non-partner,before,Wuschel,Lola,3,Wuschel__Lola__before__3,Olympia,Tabor,4,Olympia__Tabor__before__4,Olympia__Tabor__before__4||Wuschel__Lola__before__3,19,5,95,T_PC_pairwise,2.6393951974417034,-1.4465329669026277,0.0692358662978334
Wuschel-Olympia,Non-partner,before,Wuschel,Lola,3,Wuschel__Lola__before__3,Olympia,Tabor,4,Olympia__Tabor__before__4,Olympia__Tabor__before__4||Wuschel__Lola__before__3,19,5,95,M_PC_pairwise,11.058216596904554,-0.6899563570891032,0.33193515871499113
Wuschel-Olympia,Non-partner,before,Wuschel,Lola,3,Wuschel__Lola__before__3,Olympia,Tabor,4,Olympia__Tabor__before__4,Olympia__Tabor__before__4||Wuschel__Lola__before__3,19,5,95,spectro_DTW,0.005737775544586934,-1.1613665824007762,0.21430304469889586
Wuschel-Olympia,Non-partner,before,Wuschel,Lola,3,Wuschel__Lola__before__3,Olympia,Tabor,4,Olympia__Tabor__before__4,Olympia__Tabor__before__4||Wuschel__Lola__before__3,19,5,95,chatter_cosine,0.8894030765483254,-1.3830241754835746,0.32043051946801965
Wuschel-Olympia,Non-partner,before,Wuschel,Lola,3,Wuschel__Lola__before__3,Olympia,Tabor,5,Olympia__Tabor__before__5,Olympia__Tabor__before__5||Wuschel__Lola__before__3,19,8,152,T_PC_pairwise,2.6510801452555155,-1.4332911685934417,0.0720442680662854
Wuschel-Olympia,Non-partner,before,Wuschel,Lola,3,Wuschel__Lola__before__3,Olympia,Tabor,5,Olympia__Tabor__before__5,Olympia__Tabor__before__5||Wuschel__Lola__before__3,19,8,152,M_PC_pairwise,10.383557165923872,-0.9073291015710334,0.28359983421233165
Wuschel-Olympia,Non-partner,before,Wuschel,Lola,3,Wuschel__Lola__before__3,Olympia,Tabor,5,Olympia__Tabor__before__5,Olympia__Tabor__before__5||Wuschel__Lola__before__3,19,8,152,spectro_DTW,0.00472941459539518,-1.4508986037421872,0.15389794109236085
Wuschel-Olympia,Non-partner,before,Wuschel,Lola,3,Wuschel__Lola__before__3,Olympia,Tabor,5,Olympia__Tabor__before__5,Olympia__Tabor__before__5||Wuschel__Lola__before__3,19,8,152,chatter_cosine,0.87073814868927,-1.707690328998594,0.2697400624907661
Wuschel-Olympia,Non-partner,before,Wuschel,Lola,3,Wuschel__Lola__before__3,Olympia,Tabor,6,Olympia__Tabor__before__6,Olympia__Tabor__before__6||Wuschel__Lola__before__3,19,18,342,T_PC_pairwise,2.817801617042363,-1.2443564691502425,0.11211469744823313
Wuschel-Olympia,Non-partner,before,Wuschel,Lola,3,Wuschel__Lola__before__3,Olympia,Tabor,6,Olympia__Tabor__before__6,Olympia__Tabor__before__6||Wuschel__Lola__before__3,19,18,342,M_PC_pairwise,9.820679936144087,-1.0886860390494946,0.24327303774701556
Wuschel-Olympia,Non-partner,before,Wuschel,Lola,3,Wuschel__Lola__before__3,Olympia,Tabor,6,Olympia__Tabor__before__6,Olympia__Tabor__before__6||Wuschel__Lola__before__3,19,18,342,spectro_DTW,0.005923929447423917,-1.1079159645320602,0.22545445411894716
Wuschel-Olympia,Non-partner,before,Wuschel,Lola,3,Wuschel__Lola__before__3,Olympia,Tabor,6,Olympia__Tabor__before__6,Olympia__Tabor__before__6||Wuschel__Lola__before__3,19,18,342,chatter_cosine,0.9123878336963598,-0.9832169675972197,0.38285282573907226
Wuschel-Olympia,Non-partner,before,Wuschel,Lola,4,Wuschel__Lola__before__4,Olympia,Odin,1,Olympia__Odin__before__1,Olympia__Odin__before__1||Wuschel__Lola__before__4,12,6,72,T_PC_pairwise,3.5253594981299505,-0.4425267217925534,0.2821716661391571
Wuschel-Olympia,Non-partner,before,Wuschel,Lola,4,Wuschel__Lola__before__4,Olympia,Odin,1,Olympia__Odin__before__1,Olympia__Odin__before__1||Wuschel__Lola__before__4,12,6,72,M_PC_pairwise,10.680268433358934,-0.8117298413230606,0.3048574269124325
Wuschel-Olympia,Non-partner,before,Wuschel,Lola,4,Wuschel__Lola__before__4,Olympia,Odin,1,Olympia__Odin__before__1,Olympia__Odin__before__1||Wuschel__Lola__before__4,12,6,72,spectro_DTW,0.005681544118690201,-1.1775123865553705,0.21093454345937648
Wuschel-Olympia,Non-partner,before,Wuschel,Lola,4,Wuschel__Lola__before__4,Olympia,Odin,1,Olympia__Odin__before__1,Olympia__Odin__before__1||Wuschel__Lola__before__4,12,6,72,chatter_cosine,1.0151207894086838,0.803766289033331,0.6618563402988764
Wuschel-Olympia,Non-partner,before,Wuschel,Lola,4,Wuschel__Lola__before__4,Olympia,Odin,2,Olympia__Odin__before__2,Olympia__Odin__before__2||Wuschel__Lola__before__4,12,6,72,T_PC_pairwise,3.5629458443986044,-0.39993253785615457,0.2912053018055281
Wuschel-Olympia,Non-partner,before,Wuschel,Lola,4,Wuschel__Lola__before__4,Olympia,Odin,2,Olympia__Odin__before__2,Olympia__Odin__before__2||Wuschel__Lola__before__4,12,6,72,M_PC_pairwise,10.881694204277462,-0.7468312115502521,0.31928838207805316
Wuschel-Olympia,Non-partner,before,Wuschel,Lola,4,Wuschel__Lola__before__4,Olympia,Odin,2,Olympia__Odin__before__2,Olympia__Odin__before__2||Wuschel__Lola__before__4,12,6,72,spectro_DTW,0.0059952460982862655,-1.0874387196565758,0.22972662440446268
Wuschel-Olympia,Non-partner,before,Wuschel,Lola,4,Wuschel__Lola__before__4,Olympia,Odin,2,Olympia__Odin__before__2,Olympia__Odin__before__2||Wuschel__Lola__before__4,12,6,72,chatter_cosine,0.9676121042834388,-0.02262115669613389,0.5328316273413737
Wuschel-Olympia,Non-partner,before,Wuschel,Lola,4,Wuschel__Lola__before__4,Olympia,Odin,3,Olympia__Odin__before__3,Olympia__Odin__before__3||Wuschel__Lola__before__4,12,10,120,T_PC_pairwise,3.753427811463674,-0.18407160038314854,0.33698641282867037
Wuschel-Olympia,Non-partner,before,Wuschel,Lola,4,Wuschel__Lola__before__4,Olympia,Odin,3,Olympia__Odin__before__3,Olympia__Odin__before__3||Wuschel__Lola__before__4,12,10,120,M_PC_pairwise,9.559973726669947,-1.1726846043322758,0.22459499271253994
Wuschel-Olympia,Non-partner,before,Wuschel,Lola,4,Wuschel__Lola__before__4,Olympia,Odin,3,Olympia__Odin__before__3,Olympia__Odin__before__3||Wuschel__Lola__before__4,12,10,120,spectro_DTW,0.006105908552126493,-1.055664062007801,0.23635577539938207
Wuschel-Olympia,Non-partner,before,Wuschel,Lola,4,Wuschel__Lola__before__4,Olympia,Odin,3,Olympia__Odin__before__3,Olympia__Odin__before__3||Wuschel__Lola__before__4,12,10,120,chatter_cosine,1.00533061226209,0.6334715426288774,0.6352680482252836
Wuschel-Olympia,Non-partner,before,Wuschel,Lola,4,Wuschel__Lola__before__4,Olympia,Odin,4,Olympia__Odin__before__4,Olympia__Odin__before__4||Wuschel__Lola__before__4,12,7,84,T_PC_pairwise,2.8752818363053456,-1.1792178410300131,0.12592969705296855
Wuschel-Olympia,Non-partner,before,Wuschel,Lola,4,Wuschel__Lola__before__4,Olympia,Odin,4,Olympia__Odin__before__4,Olympia__Odin__before__4||Wuschel__Lola__before__4,12,7,84,M_PC_pairwise,12.173870061125074,-0.3304969850384201,0.41186507557278884
Wuschel-Olympia,Non-partner,before,Wuschel,Lola,4,Wuschel__Lola__before__4,Olympia,Odin,4,Olympia__Odin__before__4,Olympia__Odin__before__4||Wuschel__Lola__before__4,12,7,84,spectro_DTW,0.005665875326875331,-1.1820113876023401,0.2099959162805621
Wuschel-Olympia,Non-partner,before,Wuschel,Lola,4,Wuschel__Lola__before__4,Olympia,Odin,4,Olympia__Odin__before__4,Olympia__Odin__before__4||Wuschel__Lola__before__4,12,7,84,chatter_cosine,0.9226045571267605,-0.8055026832065785,0.4105995378296827
Wuschel-Olympia,Non-partner,before,Wuschel,Lola,4,Wuschel__Lola__before__4,Olympia,Odin,6,Olympia__Odin__before__6,Olympia__Odin__before__6||Wuschel__Lola__before__4,12,7,84,T_PC_pairwise,3.0203581771680286,-1.01481217352095,0.160797858959323
Wuschel-Olympia,Non-partner,before,Wuschel,Lola,4,Wuschel__Lola__before__4,Olympia,Odin,6,Olympia__Odin__before__6,Olympia__Odin__before__6||Wuschel__Lola__before__4,12,7,84,M_PC_pairwise,10.019119472730727,-1.0247495628056822,0.25749004703291595
Wuschel-Olympia,Non-partner,before,Wuschel,Lola,4,Wuschel__Lola__before__4,Olympia,Odin,6,Olympia__Odin__before__6,Olympia__Odin__before__6||Wuschel__Lola__before__4,12,7,84,spectro_DTW,0.005810236307470838,-1.1405608271178753,0.21864375215381973
Wuschel-Olympia,Non-partner,before,Wuschel,Lola,4,Wuschel__Lola__before__4,Olympia,Odin,6,Olympia__Odin__before__6,Olympia__Odin__before__6||Wuschel__Lola__before__4,12,7,84,chatter_cosine,0.8750909987304892,-1.6319748968050158,0.28156158997852493
Wuschel-Olympia,Non-partner,before,Wuschel,Lola,4,Wuschel__Lola__before__4,Olympia,Tabor,1,Olympia__Tabor__before__1,Olympia__Tabor__before__1||Wuschel__Lola__before__4,12,9,108,T_PC_pairwise,4.31546554962794,0.4528495471914262,0.4720685546531735
Wuschel-Olympia,Non-partner,before,Wuschel,Lola,4,Wuschel__Lola__before__4,Olympia,Tabor,1,Olympia__Tabor__before__1,Olympia__Tabor__before__1||Wuschel__Lola__before__4,12,9,108,M_PC_pairwise,10.642582445232957,-0.8238721256983778,0.30215745062569377
Wuschel-Olympia,Non-partner,before,Wuschel,Lola,4,Wuschel__Lola__before__4,Olympia,Tabor,1,Olympia__Tabor__before__1,Olympia__Tabor__before__1||Wuschel__Lola__before__4,12,9,108,spectro_DTW,0.00925811197117178,-0.1505676991160925,0.42518614836149016
Wuschel-Olympia,Non-partner,before,Wuschel,Lola,4,Wuschel__Lola__before__4,Olympia,Tabor,1,Olympia__Tabor__before__1,Olympia__Tabor__before__1||Wuschel__Lola__before__4,12,9,108,chatter_cosine,0.9201831577552689,-0.8476215933894777,0.404023469516309
Wuschel-Olympia,Non-partner,before,Wuschel,Lola,4,Wuschel__Lola__before__4,Olympia,Tabor,4,Olympia__Tabor__before__4,Olympia__Tabor__before__4||Wuschel__Lola__before__4,12,5,60,T_PC_pairwise,2.8713254193464914,-1.1837013933942149,0.1249787977797304
Wuschel-Olympia,Non-partner,before,Wuschel,Lola,4,Wuschel__Lola__before__4,Olympia,Tabor,4,Olympia__Tabor__before__4,Olympia__Tabor__before__4||Wuschel__Lola__before__4,12,5,60,M_PC_pairwise,10.949201035499573,-0.7250807631014717,0.3241248439185465
Wuschel-Olympia,Non-partner,before,Wuschel,Lola,4,Wuschel__Lola__before__4,Olympia,Tabor,4,Olympia__Tabor__before__4,Olympia__Tabor__before__4||Wuschel__Lola__before__4,12,5,60,spectro_DTW,0.0063522794303329045,-0.984923263860137,0.2511144373999483
Wuschel-Olympia,Non-partner,before,Wuschel,Lola,4,Wuschel__Lola__before__4,Olympia,Tabor,4,Olympia__Tabor__before__4,Olympia__Tabor__before__4||Wuschel__Lola__before__4,12,5,60,chatter_cosine,0.8813202664256096,-1.5236202116402995,0.29847911725126486
Wuschel-Olympia,Non-partner,before,Wuschel,Lola,4,Wuschel__Lola__before__4,Olympia,Tabor,5,Olympia__Tabor__before__5,Olympia__Tabor__before__5||Wuschel__Lola__before__4,12,8,96,T_PC_pairwise,3.2513639455040297,-0.7530282236647041,0.21631860399427977
Wuschel-Olympia,Non-partner,before,Wuschel,Lola,4,Wuschel__Lola__before__4,Olympia,Tabor,5,Olympia__Tabor__before__5,Olympia__Tabor__before__5||Wuschel__Lola__before__4,12,8,96,M_PC_pairwise,10.775611236691475,-0.7810107468061877,0.31168817013849665
Wuschel-Olympia,Non-partner,before,Wuschel,Lola,4,Wuschel__Lola__before__4,Olympia,Tabor,5,Olympia__Tabor__before__5,Olympia__Tabor__before__5||Wuschel__Lola__before__4,12,8,96,spectro_DTW,0.005770417454186827,-1.1519940674551352,0.2162584337219209
Wuschel-Olympia,Non-partner,before,Wuschel,Lola,4,Wuschel__Lola__before__4,Olympia,Tabor,5,Olympia__Tabor__before__5,Olympia__Tabor__before__5||Wuschel__Lola__before__4,12,8,96,chatter_cosine,0.904723317672809,-1.11653700798051,0.36203743214756795
Wuschel-Olympia,Non-partner,before,Wuschel,Lola,4,Wuschel__Lola__before__4,Olympia,Tabor,6,Olympia__Tabor__before__6,Olympia__Tabor__before__6||Wuschel__Lola__before__4,12,18,216,T_PC_pairwise,3.09512622654438,-0.9300823616648287,0.1787678769207253
Wuschel-Olympia,Non-partner,before,Wuschel,Lola,4,Wuschel__Lola__before__4,Olympia,Tabor,6,Olympia__Tabor__before__6,Olympia__Tabor__before__6||Wuschel__Lola__before__4,12,18,216,M_PC_pairwise,9.955262358541843,-1.0453240860814583,0.25291506565062577
Wuschel-Olympia,Non-partner,before,Wuschel,Lola,4,Wuschel__Lola__before__4,Olympia,Tabor,6,Olympia__Tabor__before__6,Olympia__Tabor__before__6||Wuschel__Lola__before__4,12,18,216,spectro_DTW,0.006847239385630625,-0.842804753166848,0.2807646409355071
Wuschel-Olympia,Non-partner,before,Wuschel,Lola,4,Wuschel__Lola__before__4,Olympia,Tabor,6,Olympia__Tabor__before__6,Olympia__Tabor__before__6||Wuschel__Lola__before__4,12,18,216,chatter_cosine,0.9836720010196721,0.25673191332774176,0.5764473064757676
Wuschel-Olympia,Non-partner,before,Wuschel,Nougatti,2,Wuschel__Nougatti__before__2,Olympia,Odin,1,Olympia__Odin__before__1,Olympia__Odin__before__1||Wuschel__Nougatti__before__2,19,6,114,T_PC_pairwise,2.562561770018778,-1.5336033385935666,0.0507694480571194
Wuschel-Olympia,Non-partner,before,Wuschel,Nougatti,2,Wuschel__Nougatti__before__2,Olympia,Odin,1,Olympia__Odin__before__1,Olympia__Odin__before__1||Wuschel__Nougatti__before__2,19,6,114,M_PC_pairwise,10.340406963699742,-0.9212319352848898,0.28050837957450503
Wuschel-Olympia,Non-partner,before,Wuschel,Nougatti,2,Wuschel__Nougatti__before__2,Olympia,Odin,1,Olympia__Odin__before__1,Olympia__Odin__before__1||Wuschel__Nougatti__before__2,19,6,114,spectro_DTW,0.004779115505618648,-1.4366279152441417,0.1568752367063908
Wuschel-Olympia,Non-partner,before,Wuschel,Nougatti,2,Wuschel__Nougatti__before__2,Olympia,Odin,1,Olympia__Odin__before__1,Olympia__Odin__before__1||Wuschel__Nougatti__before__2,19,6,114,chatter_cosine,0.8877637885641634,-1.4115386882821366,0.31597851956413686
Wuschel-Olympia,Non-partner,before,Wuschel,Nougatti,2,Wuschel__Nougatti__before__2,Olympia,Odin,2,Olympia__Odin__before__2,Olympia__Odin__before__2||Wuschel__Nougatti__before__2,19,6,114,T_PC_pairwise,2.9857783077055946,-1.05399931104828,0.15248681058336486
Wuschel-Olympia,Non-partner,before,Wuschel,Nougatti,2,Wuschel__Nougatti__before__2,Olympia,Odin,2,Olympia__Odin__before__2,Olympia__Odin__before__2||Wuschel__Nougatti__before__2,19,6,114,M_PC_pairwise,11.477492792564526,-0.5548671355331677,0.36197379753459075
Wuschel-Olympia,Non-partner,before,Wuschel,Nougatti,2,Wuschel__Nougatti__before__2,Olympia,Odin,2,Olympia__Odin__before__2,Olympia__Odin__before__2||Wuschel__Nougatti__before__2,19,6,114,spectro_DTW,0.00573336900612176,-1.1626318376548233,0.21403907432920988
Wuschel-Olympia,Non-partner,before,Wuschel,Nougatti,2,Wuschel__Nougatti__before__2,Olympia,Odin,2,Olympia__Odin__before__2,Olympia__Odin__before__2||Wuschel__Nougatti__before__2,19,6,114,chatter_cosine,0.9145044922305826,-0.9463988566567338,0.38860127487183993
Wuschel-Olympia,Non-partner,before,Wuschel,Nougatti,2,Wuschel__Nougatti__before__2,Olympia,Odin,3,Olympia__Odin__before__3,Olympia__Odin__before__3||Wuschel__Nougatti__before__2,19,10,190,T_PC_pairwise,2.760823987973364,-1.308925544193561,0.09842049215187453
Wuschel-Olympia,Non-partner,before,Wuschel,Nougatti,2,Wuschel__Nougatti__before__2,Olympia,Odin,3,Olympia__Odin__before__3,Olympia__Odin__before__3||Wuschel__Nougatti__before__2,19,10,190,M_PC_pairwise,9.454546953502454,-1.2066527162016671,0.2170417931894684
Wuschel-Olympia,Non-partner,before,Wuschel,Nougatti,2,Wuschel__Nougatti__before__2,Olympia,Odin,3,Olympia__Odin__before__3,Olympia__Odin__before__3||Wuschel__Nougatti__before__2,19,10,190,spectro_DTW,0.004964097109194355,-1.383513901222497,0.16795642042165654
Wuschel-Olympia,Non-partner,before,Wuschel,Nougatti,2,Wuschel__Nougatti__before__2,Olympia,Odin,3,Olympia__Odin__before__3,Olympia__Odin__before__3||Wuschel__Nougatti__before__2,19,10,190,chatter_cosine,0.8841417814555921,-1.4745415096604892,0.3061418249412179
Wuschel-Olympia,Non-partner,before,Wuschel,Nougatti,2,Wuschel__Nougatti__before__2,Olympia,Odin,4,Olympia__Odin__before__4,Olympia__Odin__before__4||Wuschel__Nougatti__before__2,19,7,133,T_PC_pairwise,2.4484613015687557,-1.6629060461685956,0.023346137103392225
Wuschel-Olympia,Non-partner,before,Wuschel,Nougatti,2,Wuschel__Nougatti__before__2,Olympia,Odin,4,Olympia__Odin__before__4,Olympia__Odin__before__4||Wuschel__Nougatti__before__2,19,7,133,M_PC_pairwise,11.468184689830121,-0.5578661714087297,0.36130692748799914
Wuschel-Olympia,Non-partner,before,Wuschel,Nougatti,2,Wuschel__Nougatti__before__2,Olympia,Odin,4,Olympia__Odin__before__4,Olympia__Odin__before__4||Wuschel__Nougatti__before__2,19,7,133,spectro_DTW,0.004828890709861189,-1.4223358946055245,0.15985698284770766
Wuschel-Olympia,Non-partner,before,Wuschel,Nougatti,2,Wuschel__Nougatti__before__2,Olympia,Odin,4,Olympia__Odin__before__4,Olympia__Odin__before__4||Wuschel__Nougatti__before__2,19,7,133,chatter_cosine,0.8751965658108991,-1.630138615508174,0.28184829044627596
Wuschel-Olympia,Non-partner,before,Wuschel,Nougatti,2,Wuschel__Nougatti__before__2,Olympia,Odin,6,Olympia__Odin__before__6,Olympia__Odin__before__6||Wuschel__Nougatti__before__2,19,7,133,T_PC_pairwise,2.739907177319204,-1.3326292177030328,0.09339327175110543
Wuschel-Olympia,Non-partner,before,Wuschel,Nougatti,2,Wuschel__Nougatti__before__2,Olympia,Odin,6,Olympia__Odin__before__6,Olympia__Odin__before__6||Wuschel__Nougatti__before__2,19,7,133,M_PC_pairwise,11.344443922652339,-0.5977349836280083,0.3524416395203321
Wuschel-Olympia,Non-partner,before,Wuschel,Nougatti,2,Wuschel__Nougatti__before__2,Olympia,Odin,6,Olympia__Odin__before__6,Olympia__Odin__before__6||Wuschel__Nougatti__before__2,19,7,133,spectro_DTW,0.006220833832114458,-1.0226654134139477,0.24324028778579235
Wuschel-Olympia,Non-partner,before,Wuschel,Nougatti,2,Wuschel__Nougatti__before__2,Olympia,Odin,6,Olympia__Odin__before__6,Olympia__Odin__before__6||Wuschel__Nougatti__before__2,19,7,133,chatter_cosine,0.9740142266553148,0.08874024049249811,0.5502185956224885
Wuschel-Olympia,Non-partner,before,Wuschel,Nougatti,2,Wuschel__Nougatti__before__2,Olympia,Tabor,1,Olympia__Tabor__before__1,Olympia__Tabor__before__1||Wuschel__Nougatti__before__2,19,9,171,T_PC_pairwise,3.9240714508539054,0.009307838836931825,0.37799950987238445
Wuschel-Olympia,Non-partner,before,Wuschel,Nougatti,2,Wuschel__Nougatti__before__2,Olympia,Tabor,1,Olympia__Tabor__before__1,Olympia__Tabor__before__1||Wuschel__Nougatti__before__2,19,9,171,M_PC_pairwise,10.941385503400836,-0.727598898302546,0.32356490765618034
Wuschel-Olympia,Non-partner,before,Wuschel,Nougatti,2,Wuschel__Nougatti__before__2,Olympia,Tabor,1,Olympia__Tabor__before__1,Olympia__Tabor__before__1||Wuschel__Nougatti__before__2,19,9,171,spectro_DTW,0.008682862060329718,-0.31573997160053185,0.39072623547819496
Wuschel-Olympia,Non-partner,before,Wuschel,Nougatti,2,Wuschel__Nougatti__before__2,Olympia,Tabor,1,Olympia__Tabor__before__1,Olympia__Tabor__before__1||Wuschel__Nougatti__before__2,19,9,171,chatter_cosine,0.9591215233705197,-0.17031014145522078,0.5097727958404843
Wuschel-Olympia,Non-partner,before,Wuschel,Nougatti,2,Wuschel__Nougatti__before__2,Olympia,Tabor,4,Olympia__Tabor__before__4,Olympia__Tabor__before__4||Wuschel__Nougatti__before__2,19,5,95,T_PC_pairwise,3.1766881189848246,-0.8376535253002162,0.19837075120119735
Wuschel-Olympia,Non-partner,before,Wuschel,Nougatti,2,Wuschel__Nougatti__before__2,Olympia,Tabor,4,Olympia__Tabor__before__4,Olympia__Tabor__before__4||Wuschel__Nougatti__before__2,19,5,95,M_PC_pairwise,12.406969484529997,-0.25539322293873284,0.42856525903466114
Wuschel-Olympia,Non-partner,before,Wuschel,Nougatti,2,Wuschel__Nougatti__before__2,Olympia,Tabor,4,Olympia__Tabor__before__4,Olympia__Tabor__before__4||Wuschel__Nougatti__before__2,19,5,95,spectro_DTW,0.007557418895885348,-0.638889965228941,0.3233074099018775
Wuschel-Olympia,Non-partner,before,Wuschel,Nougatti,2,Wuschel__Nougatti__before__2,Olympia,Tabor,4,Olympia__Tabor__before__4,Olympia__Tabor__before__4||Wuschel__Nougatti__before__2,19,5,95,chatter_cosine,0.9898175004281495,0.36362949522282484,0.593137334732053
Wuschel-Olympia,Non-partner,before,Wuschel,Nougatti,2,Wuschel__Nougatti__before__2,Olympia,Tabor,5,Olympia__Tabor__before__5,Olympia__Tabor__before__5||Wuschel__Nougatti__before__2,19,8,152,T_PC_pairwise,2.8099867195675245,-1.253212588819554,0.11023643729351808
Wuschel-Olympia,Non-partner,before,Wuschel,Nougatti,2,Wuschel__Nougatti__before__2,Olympia,Tabor,5,Olympia__Tabor__before__5,Olympia__Tabor__before__5||Wuschel__Nougatti__before__2,19,8,152,M_PC_pairwise,10.580621264482799,-0.8438357863136674,0.2977183015667776
Wuschel-Olympia,Non-partner,before,Wuschel,Nougatti,2,Wuschel__Nougatti__before__2,Olympia,Tabor,5,Olympia__Tabor__before__5,Olympia__Tabor__before__5||Wuschel__Nougatti__before__2,19,8,152,spectro_DTW,0.005386812231766893,-1.2621391454982596,0.19327885163590583
Wuschel-Olympia,Non-partner,before,Wuschel,Nougatti,2,Wuschel__Nougatti__before__2,Olympia,Tabor,5,Olympia__Tabor__before__5,Olympia__Tabor__before__5||Wuschel__Nougatti__before__2,19,8,152,chatter_cosine,0.898048951045463,-1.232633944245824,0.34391109933081626
Wuschel-Olympia,Non-partner,before,Wuschel,Nougatti,2,Wuschel__Nougatti__before__2,Olympia,Tabor,6,Olympia__Tabor__before__6,Olympia__Tabor__before__6||Wuschel__Nougatti__before__2,19,18,342,T_PC_pairwise,2.687301884094874,-1.392243406313166,0.08074992914699788
Wuschel-Olympia,Non-partner,before,Wuschel,Nougatti,2,Wuschel__Nougatti__before__2,Olympia,Tabor,6,Olympia__Tabor__before__6,Olympia__Tabor__before__6||Wuschel__Nougatti__before__2,19,18,342,M_PC_pairwise,10.409140155329341,-0.8990863581011385,0.2854327028240755
Wuschel-Olympia,Non-partner,before,Wuschel,Nougatti,2,Wuschel__Nougatti__before__2,Olympia,Tabor,6,Olympia__Tabor__before__6,Olympia__Tabor__before__6||Wuschel__Nougatti__before__2,19,18,342,spectro_DTW,0.005935479675444137,-1.1045995321887323,0.22614636183393722
Wuschel-Olympia,Non-partner,before,Wuschel,Nougatti,2,Wuschel__Nougatti__before__2,Olympia,Tabor,6,Olympia__Tabor__before__6,Olympia__Tabor__before__6||Wuschel__Nougatti__before__2,19,18,342,chatter_cosine,0.8950422256313569,-1.2849342789829912,0.33574539483964055
Wuschel-Olympia,Non-partner,before,Wuschel,Nougatti,4,Wuschel__Nougatti__before__4,Olympia,Odin,1,Olympia__Odin__before__1,Olympia__Odin__before__1||Wuschel__Nougatti__before__4,13,6,78,T_PC_pairwise,3.091429013472337,-0.9342721749687627,0.17787927562824907
Wuschel-Olympia,Non-partner,before,Wuschel,Nougatti,4,Wuschel__Nougatti__before__4,Olympia,Odin,1,Olympia__Odin__before__1,Olympia__Odin__before__1||Wuschel__Nougatti__before__4,13,6,78,M_PC_pairwise,11.758279372484257,-0.46439875002179054,0.38209048135042956
Wuschel-Olympia,Non-partner,before,Wuschel,Nougatti,4,Wuschel__Nougatti__before__4,Olympia,Odin,1,Olympia__Odin__before__1,Olympia__Odin__before__1||Wuschel__Nougatti__before__4,13,6,78,spectro_DTW,0.005441548871413733,-1.2464225413089673,0.19655780883034213
Wuschel-Olympia,Non-partner,before,Wuschel,Nougatti,4,Wuschel__Nougatti__before__4,Olympia,Odin,1,Olympia__Odin__before__1,Olympia__Odin__before__1||Wuschel__Nougatti__before__4,13,6,78,chatter_cosine,0.9552945502293415,-0.23687823422975648,0.4993794517659245
Wuschel-Olympia,Non-partner,before,Wuschel,Nougatti,4,Wuschel__Nougatti__before__4,Olympia,Odin,2,Olympia__Odin__before__2,Olympia__Odin__before__2||Wuschel__Nougatti__before__4,13,6,78,T_PC_pairwise,3.5937757813013516,-0.3649949572305447,0.2986150781005145
Wuschel-Olympia,Non-partner,before,Wuschel,Nougatti,4,Wuschel__Nougatti__before__4,Olympia,Odin,2,Olympia__Odin__before__2,Olympia__Odin__before__2||Wuschel__Nougatti__before__4,13,6,78,M_PC_pairwise,12.73920709047562,-0.1483475093413873,0.4523681020068929
Wuschel-Olympia,Non-partner,before,Wuschel,Nougatti,4,Wuschel__Nougatti__before__4,Olympia,Odin,2,Olympia__Odin__before__2,Olympia__Odin__before__2||Wuschel__Nougatti__before__4,13,6,78,spectro_DTW,0.006251459942760471,-1.0138716975047057,0.24507492188990002
Wuschel-Olympia,Non-partner,before,Wuschel,Nougatti,4,Wuschel__Nougatti__before__4,Olympia,Odin,2,Olympia__Odin__before__2,Olympia__Odin__before__2||Wuschel__Nougatti__before__4,13,6,78,chatter_cosine,0.9683592701569582,-0.009624617302838019,0.534860790264076
Wuschel-Olympia,Non-partner,before,Wuschel,Nougatti,4,Wuschel__Nougatti__before__4,Olympia,Odin,3,Olympia__Odin__before__3,Olympia__Odin__before__3||Wuschel__Nougatti__before__4,13,10,130,T_PC_pairwise,3.1822072533460766,-0.831399046014771,0.19969723951312138
Wuschel-Olympia,Non-partner,before,Wuschel,Nougatti,4,Wuschel__Nougatti__before__4,Olympia,Odin,3,Olympia__Odin__before__3,Olympia__Odin__before__3||Wuschel__Nougatti__before__4,13,10,130,M_PC_pairwise,10.879970895327055,-0.7473864552464614,0.3191649172697199
Wuschel-Olympia,Non-partner,before,Wuschel,Nougatti,4,Wuschel__Nougatti__before__4,Olympia,Odin,3,Olympia__Odin__before__3,Olympia__Odin__before__3||Wuschel__Nougatti__before__4,13,10,130,spectro_DTW,0.005842712199172148,-1.1312359811124029,0.220589195999602
Wuschel-Olympia,Non-partner,before,Wuschel,Nougatti,4,Wuschel__Nougatti__before__4,Olympia,Odin,3,Olympia__Odin__before__3,Olympia__Odin__before__3||Wuschel__Nougatti__before__4,13,10,130,chatter_cosine,0.9549439157430942,-0.2429773282524741,0.49842719400880514
Wuschel-Olympia,Non-partner,before,Wuschel,Nougatti,4,Wuschel__Nougatti__before__4,Olympia,Odin,4,Olympia__Odin__before__4,Olympia__Odin__before__4||Wuschel__Nougatti__before__4,13,7,91,T_PC_pairwise,3.111473315364712,-0.9115572594093178,0.18269679418108264
Wuschel-Olympia,Non-partner,before,Wuschel,Nougatti,4,Wuschel__Nougatti__before__4,Olympia,Odin,4,Olympia__Odin__before__4,Olympia__Odin__before__4||Wuschel__Nougatti__before__4,13,7,91,M_PC_pairwise,12.460350911695878,-0.23819392682788945,0.4323897199196552
Wuschel-Olympia,Non-partner,before,Wuschel,Nougatti,4,Wuschel__Nougatti__before__4,Olympia,Odin,4,Olympia__Odin__before__4,Olympia__Odin__before__4||Wuschel__Nougatti__before__4,13,7,91,spectro_DTW,0.005199208894007645,-1.316005941545219,0.18204061490791432
Wuschel-Olympia,Non-partner,before,Wuschel,Nougatti,4,Wuschel__Nougatti__before__4,Olympia,Odin,4,Olympia__Odin__before__4,Olympia__Odin__before__4||Wuschel__Nougatti__before__4,13,7,91,chatter_cosine,0.9568442626968845,-0.20992183827201105,0.5035881813016773
Wuschel-Olympia,Non-partner,before,Wuschel,Nougatti,4,Wuschel__Nougatti__before__4,Olympia,Odin,6,Olympia__Odin__before__6,Olympia__Odin__before__6||Wuschel__Nougatti__before__4,13,7,91,T_PC_pairwise,3.4289812111592557,-0.55174602322086,0.25900776708871115
Wuschel-Olympia,Non-partner,before,Wuschel,Nougatti,4,Wuschel__Nougatti__before__4,Olympia,Odin,6,Olympia__Odin__before__6,Olympia__Odin__before__6||Wuschel__Nougatti__before__4,13,7,91,M_PC_pairwise,12.800084234593989,-0.12873312127303072,0.4567295863064295
Wuschel-Olympia,Non-partner,before,Wuschel,Nougatti,4,Wuschel__Nougatti__before__4,Olympia,Odin,6,Olympia__Odin__before__6,Olympia__Odin__before__6||Wuschel__Nougatti__before__4,13,7,91,spectro_DTW,0.0066528864074396074,-0.898609582453893,0.2691220720783165
Wuschel-Olympia,Non-partner,before,Wuschel,Nougatti,4,Wuschel__Nougatti__before__4,Olympia,Odin,6,Olympia__Odin__before__6,Olympia__Odin__before__6||Wuschel__Nougatti__before__4,13,7,91,chatter_cosine,1.0178741033260639,0.8516586701732604,0.6693338265087209
Wuschel-Olympia,Non-partner,before,Wuschel,Nougatti,4,Wuschel__Nougatti__before__4,Olympia,Tabor,1,Olympia__Tabor__before__1,Olympia__Tabor__before__1||Wuschel__Nougatti__before__4,13,9,117,T_PC_pairwise,4.522293941587464,0.6872348345355342,0.5217784233663749
Wuschel-Olympia,Non-partner,before,Wuschel,Nougatti,4,Wuschel__Nougatti__before__4,Olympia,Tabor,1,Olympia__Tabor__before__1,Olympia__Tabor__before__1||Wuschel__Nougatti__before__4,13,9,117,M_PC_pairwise,11.47682617057083,-0.555081918645428,0.36192603804453355
Wuschel-Olympia,Non-partner,before,Wuschel,Nougatti,4,Wuschel__Nougatti__before__4,Olympia,Tabor,1,Olympia__Tabor__before__1,Olympia__Tabor__before__1||Wuschel__Nougatti__before__4,13,9,117,spectro_DTW,0.008930894528300716,-0.24452207897239786,0.40558443376282877
Wuschel-Olympia,Non-partner,before,Wuschel,Nougatti,4,Wuschel__Nougatti__before__4,Olympia,Tabor,1,Olympia__Tabor__before__1,Olympia__Tabor__before__1||Wuschel__Nougatti__before__4,13,9,117,chatter_cosine,0.9872357603321728,0.3187215463324882,0.5861258109667431
Wuschel-Olympia,Non-partner,before,Wuschel,Nougatti,4,Wuschel__Nougatti__before__4,Olympia,Tabor,4,Olympia__Tabor__before__4,Olympia__Tabor__before__4||Wuschel__Nougatti__before__4,13,5,65,T_PC_pairwise,3.8967883917001576,-0.021610293817838907,0.37144220274555284
Wuschel-Olympia,Non-partner,before,Wuschel,Nougatti,4,Wuschel__Nougatti__before__4,Olympia,Tabor,4,Olympia__Tabor__before__4,Olympia__Tabor__before__4||Wuschel__Nougatti__before__4,13,5,65,M_PC_pairwise,13.708903386042667,0.16408500905529905,0.5218410582318272
Wuschel-Olympia,Non-partner,before,Wuschel,Nougatti,4,Wuschel__Nougatti__before__4,Olympia,Tabor,4,Olympia__Tabor__before__4,Olympia__Tabor__before__4||Wuschel__Nougatti__before__4,13,5,65,spectro_DTW,0.0074124727451887265,-0.680508546383326,0.3146245198542058
Wuschel-Olympia,Non-partner,before,Wuschel,Nougatti,4,Wuschel__Nougatti__before__4,Olympia,Tabor,4,Olympia__Tabor__before__4,Olympia__Tabor__before__4||Wuschel__Nougatti__before__4,13,5,65,chatter_cosine,0.978773655799719,0.1715278925482394,0.5631443159950781
Wuschel-Olympia,Non-partner,before,Wuschel,Nougatti,4,Wuschel__Nougatti__before__4,Olympia,Tabor,5,Olympia__Tabor__before__5,Olympia__Tabor__before__5||Wuschel__Nougatti__before__4,13,8,104,T_PC_pairwise,3.5563561933544965,-0.4074001647077567,0.28962152172018796
Wuschel-Olympia,Non-partner,before,Wuschel,Nougatti,4,Wuschel__Nougatti__before__4,Olympia,Tabor,5,Olympia__Tabor__before__5,Olympia__Tabor__before__5||Wuschel__Nougatti__before__4,13,8,104,M_PC_pairwise,11.704437741866478,-0.48174632196302375,0.3782330496328002
Wuschel-Olympia,Non-partner,before,Wuschel,Nougatti,4,Wuschel__Nougatti__before__4,Olympia,Tabor,5,Olympia__Tabor__before__5,Olympia__Tabor__before__5||Wuschel__Nougatti__before__4,13,8,104,spectro_DTW,0.005855145127637885,-1.1276660978153918,0.22133398122031828
Wuschel-Olympia,Non-partner,before,Wuschel,Nougatti,4,Wuschel__Nougatti__before__4,Olympia,Tabor,5,Olympia__Tabor__before__5,Olympia__Tabor__before__5||Wuschel__Nougatti__before__4,13,8,104,chatter_cosine,0.9518908962893945,-0.29608292234446126,0.49013576355500876
Wuschel-Olympia,Non-partner,before,Wuschel,Nougatti,4,Wuschel__Nougatti__before__4,Olympia,Tabor,6,Olympia__Tabor__before__6,Olympia__Tabor__before__6||Wuschel__Nougatti__before__4,13,18,234,T_PC_pairwise,3.3552766314938536,-0.6352706733899369,0.24129334720652282
Wuschel-Olympia,Non-partner,before,Wuschel,Nougatti,4,Wuschel__Nougatti__before__4,Olympia,Tabor,6,Olympia__Tabor__before__6,Olympia__Tabor__before__6||Wuschel__Nougatti__before__4,13,18,234,M_PC_pairwise,11.365259762503143,-0.5910281979087476,0.35393297029817583
Wuschel-Olympia,Non-partner,before,Wuschel,Nougatti,4,Wuschel__Nougatti__before__4,Olympia,Tabor,6,Olympia__Tabor__before__6,Olympia__Tabor__before__6||Wuschel__Nougatti__before__4,13,18,234,spectro_DTW,0.006749492335634736,-0.8708709937210405,0.2749091774856705
Wuschel-Olympia,Non-partner,before,Wuschel,Nougatti,4,Wuschel__Nougatti__before__4,Olympia,Tabor,6,Olympia__Tabor__before__6,Olympia__Tabor__before__6||Wuschel__Nougatti__before__4,13,18,234,chatter_cosine,0.9766543715810164,0.13466410927047945,0.5573887359938088
Wuschel-Olympia,Non-partner,before,Wuschel,Nougatti,5,Wuschel__Nougatti__before__5,Olympia,Odin,1,Olympia__Odin__before__1,Olympia__Odin__before__1||Wuschel__Nougatti__before__5,19,6,114,T_PC_pairwise,3.2235841196880006,-0.7845093099632113,0.20964190220731885
Wuschel-Olympia,Non-partner,before,Wuschel,Nougatti,5,Wuschel__Nougatti__before__5,Olympia,Odin,1,Olympia__Odin__before__1,Olympia__Odin__before__1||Wuschel__Nougatti__before__5,19,6,114,M_PC_pairwise,9.53182501960219,-1.1817540124335486,0.22257830573245488
Wuschel-Olympia,Non-partner,before,Wuschel,Nougatti,5,Wuschel__Nougatti__before__5,Olympia,Odin,1,Olympia__Odin__before__1,Olympia__Odin__before__1||Wuschel__Nougatti__before__5,19,6,114,spectro_DTW,0.0036820976079948117,-1.751616124179962,0.09115920534152516
Wuschel-Olympia,Non-partner,before,Wuschel,Nougatti,5,Wuschel__Nougatti__before__5,Olympia,Odin,1,Olympia__Odin__before__1,Olympia__Odin__before__1||Wuschel__Nougatti__before__5,19,6,114,chatter_cosine,0.8249255209638361,-2.504575789170146,0.14532152456406397
Wuschel-Olympia,Non-partner,before,Wuschel,Nougatti,5,Wuschel__Nougatti__before__5,Olympia,Odin,2,Olympia__Odin__before__2,Olympia__Odin__before__2||Wuschel__Nougatti__before__5,19,6,114,T_PC_pairwise,3.639400599818481,-0.31329129074237283,0.3095807086750344
Wuschel-Olympia,Non-partner,before,Wuschel,Nougatti,5,Wuschel__Nougatti__before__5,Olympia,Odin,2,Olympia__Odin__before__2,Olympia__Odin__before__2||Wuschel__Nougatti__before__5,19,6,114,M_PC_pairwise,11.145221469695109,-0.6619237125972105,0.3381685389458598
Wuschel-Olympia,Non-partner,before,Wuschel,Nougatti,5,Wuschel__Nougatti__before__5,Olympia,Odin,2,Olympia__Odin__before__2,Olympia__Odin__before__2||Wuschel__Nougatti__before__5,19,6,114,spectro_DTW,0.0044144100367638954,-1.541346281892931,0.13502783013070052
Wuschel-Olympia,Non-partner,before,Wuschel,Nougatti,5,Wuschel__Nougatti__before__5,Olympia,Odin,2,Olympia__Odin__before__2,Olympia__Odin__before__2||Wuschel__Nougatti__before__5,19,6,114,chatter_cosine,0.8465329279240809,-2.128726830192634,0.20400320504947292
Wuschel-Olympia,Non-partner,before,Wuschel,Nougatti,5,Wuschel__Nougatti__before__5,Olympia,Odin,3,Olympia__Odin__before__3,Olympia__Odin__before__3||Wuschel__Nougatti__before__5,19,10,190,T_PC_pairwise,3.362313069795307,-0.6272967313332388,0.24298450972468547
Wuschel-Olympia,Non-partner,before,Wuschel,Nougatti,5,Wuschel__Nougatti__before__5,Olympia,Odin,3,Olympia__Odin__before__3,Olympia__Odin__before__3||Wuschel__Nougatti__before__5,19,10,190,M_PC_pairwise,10.248190197819158,-0.9509438322305417,0.2739015982879162
Wuschel-Olympia,Non-partner,before,Wuschel,Nougatti,5,Wuschel__Nougatti__before__5,Olympia,Odin,3,Olympia__Odin__before__3,Olympia__Odin__before__3||Wuschel__Nougatti__before__5,19,10,190,spectro_DTW,0.00417803887149172,-1.6092158491574438,0.12086819340606574
Wuschel-Olympia,Non-partner,before,Wuschel,Nougatti,5,Wuschel__Nougatti__before__5,Olympia,Odin,3,Olympia__Odin__before__3,Olympia__Odin__before__3||Wuschel__Nougatti__before__5,19,10,190,chatter_cosine,0.8688167459086368,-1.7411120735052898,0.2645218915059577
Wuschel-Olympia,Non-partner,before,Wuschel,Nougatti,5,Wuschel__Nougatti__before__5,Olympia,Odin,4,Olympia__Odin__before__4,Olympia__Odin__before__4||Wuschel__Nougatti__before__5,19,7,133,T_PC_pairwise,3.4230169954156517,-0.5585048845532077,0.2575743063400061
Wuschel-Olympia,Non-partner,before,Wuschel,Nougatti,5,Wuschel__Nougatti__before__5,Olympia,Odin,4,Olympia__Odin__before__4,Olympia__Odin__before__4||Wuschel__Nougatti__before__5,19,7,133,M_PC_pairwise,10.002263339838587,-1.030180545757763,0.2562824056426263
Wuschel-Olympia,Non-partner,before,Wuschel,Nougatti,5,Wuschel__Nougatti__before__5,Olympia,Odin,4,Olympia__Odin__before__4,Olympia__Odin__before__4||Wuschel__Nougatti__before__5,19,7,133,spectro_DTW,0.003286321376996549,-1.865255880114244,0.06745052814848589
Wuschel-Olympia,Non-partner,before,Wuschel,Nougatti,5,Wuschel__Nougatti__before__5,Olympia,Odin,4,Olympia__Odin__before__4,Olympia__Odin__before__4||Wuschel__Nougatti__before__5,19,7,133,chatter_cosine,0.8318959393895659,-2.38332919471444,0.16425187875514585
Wuschel-Olympia,Non-partner,before,Wuschel,Nougatti,5,Wuschel__Nougatti__before__5,Olympia,Odin,6,Olympia__Odin__before__6,Olympia__Odin__before__6||Wuschel__Nougatti__before__5,19,7,133,T_PC_pairwise,3.5705517257066597,-0.3913132827384017,0.2930333262739754
Wuschel-Olympia,Non-partner,before,Wuschel,Nougatti,5,Wuschel__Nougatti__before__5,Olympia,Odin,6,Olympia__Odin__before__6,Olympia__Odin__before__6||Wuschel__Nougatti__before__5,19,7,133,M_PC_pairwise,11.570431974597444,-0.5249224788060916,0.3686323356299419
Wuschel-Olympia,Non-partner,before,Wuschel,Nougatti,5,Wuschel__Nougatti__before__5,Olympia,Odin,6,Olympia__Odin__before__6,Olympia__Odin__before__6||Wuschel__Nougatti__before__5,19,7,133,spectro_DTW,0.004800746084761603,-1.4304170982672795,0.15817100026729314
Wuschel-Olympia,Non-partner,before,Wuschel,Nougatti,5,Wuschel__Nougatti__before__5,Olympia,Odin,6,Olympia__Odin__before__6,Olympia__Odin__before__6||Wuschel__Nougatti__before__5,19,7,133,chatter_cosine,0.95355021931175,-0.26721991107674237,0.4946421748795653
Wuschel-Olympia,Non-partner,before,Wuschel,Nougatti,5,Wuschel__Nougatti__before__5,Olympia,Tabor,1,Olympia__Tabor__before__1,Olympia__Tabor__before__1||Wuschel__Nougatti__before__5,19,9,171,T_PC_pairwise,4.743971791532305,0.9384480556261549,0.5750572634375161
Wuschel-Olympia,Non-partner,before,Wuschel,Nougatti,5,Wuschel__Nougatti__before__5,Olympia,Tabor,1,Olympia__Tabor__before__1,Olympia__Tabor__before__1||Wuschel__Nougatti__before__5,19,9,171,M_PC_pairwise,11.72953739082604,-0.4736593089764235,0.380031289784279
Wuschel-Olympia,Non-partner,before,Wuschel,Nougatti,5,Wuschel__Nougatti__before__5,Olympia,Tabor,1,Olympia__Tabor__before__1,Olympia__Tabor__before__1||Wuschel__Nougatti__before__5,19,9,171,spectro_DTW,0.007656701632138146,-0.6103827810359996,0.32925486748092947
Wuschel-Olympia,Non-partner,before,Wuschel,Nougatti,5,Wuschel__Nougatti__before__5,Olympia,Tabor,1,Olympia__Tabor__before__1,Olympia__Tabor__before__1||Wuschel__Nougatti__before__5,19,9,171,chatter_cosine,0.9060020842398816,-1.0942935669283849,0.3655103232372967
Wuschel-Olympia,Non-partner,before,Wuschel,Nougatti,5,Wuschel__Nougatti__before__5,Olympia,Tabor,4,Olympia__Tabor__before__4,Olympia__Tabor__before__4||Wuschel__Nougatti__before__5,19,5,95,T_PC_pairwise,3.9919637153023166,0.08624576675108958,0.3943169773167619
Wuschel-Olympia,Non-partner,before,Wuschel,Nougatti,5,Wuschel__Nougatti__before__5,Olympia,Tabor,4,Olympia__Tabor__before__4,Olympia__Tabor__before__4||Wuschel__Nougatti__before__5,19,5,95,M_PC_pairwise,11.989691167128713,-0.38983873559460813,0.39866975627677814
Wuschel-Olympia,Non-partner,before,Wuschel,Nougatti,5,Wuschel__Nougatti__before__5,Olympia,Tabor,4,Olympia__Tabor__before__4,Olympia__Tabor__before__4||Wuschel__Nougatti__before__5,19,5,95,spectro_DTW,0.006036221723709451,-1.0756733337954785,0.23218123840058583
Wuschel-Olympia,Non-partner,before,Wuschel,Nougatti,5,Wuschel__Nougatti__before__5,Olympia,Tabor,4,Olympia__Tabor__before__4,Olympia__Tabor__before__4||Wuschel__Nougatti__before__5,19,5,95,chatter_cosine,0.9745659141164077,0.0983365404240086,0.5517168756974288
Wuschel-Olympia,Non-partner,before,Wuschel,Nougatti,5,Wuschel__Nougatti__before__5,Olympia,Tabor,5,Olympia__Tabor__before__5,Olympia__Tabor__before__5||Wuschel__Nougatti__before__5,19,8,152,T_PC_pairwise,3.7061752135816373,-0.23761992432169252,0.3256295559928187
Wuschel-Olympia,Non-partner,before,Wuschel,Nougatti,5,Wuschel__Nougatti__before__5,Olympia,Tabor,5,Olympia__Tabor__before__5,Olympia__Tabor__before__5||Wuschel__Nougatti__before__5,19,8,152,M_PC_pairwise,10.004656387002845,-1.0294095149148188,0.2564538531996054
Wuschel-Olympia,Non-partner,before,Wuschel,Nougatti,5,Wuschel__Nougatti__before__5,Olympia,Tabor,5,Olympia__Tabor__before__5,Olympia__Tabor__before__5||Wuschel__Nougatti__before__5,19,8,152,spectro_DTW,0.004835681451368146,-1.42038605995902,0.16026377710587655
Wuschel-Olympia,Non-partner,before,Wuschel,Nougatti,5,Wuschel__Nougatti__before__5,Olympia,Tabor,5,Olympia__Tabor__before__5,Olympia__Tabor__before__5||Wuschel__Nougatti__before__5,19,8,152,chatter_cosine,0.9593291153248987,-0.16669919359419244,0.5103365768050685
Wuschel-Olympia,Non-partner,before,Wuschel,Nougatti,5,Wuschel__Nougatti__before__5,Olympia,Tabor,6,Olympia__Tabor__before__6,Olympia__Tabor__before__6||Wuschel__Nougatti__before__5,19,18,342,T_PC_pairwise,3.5840961792402797,-0.37596422643467287,0.29628864823712286
Wuschel-Olympia,Non-partner,before,Wuschel,Nougatti,5,Wuschel__Nougatti__before__5,Olympia,Tabor,6,Olympia__Tabor__before__6,Olympia__Tabor__before__6||Wuschel__Nougatti__before__5,19,18,342,M_PC_pairwise,11.850280510054695,-0.4347563277109129,0.3886818141546223
Wuschel-Olympia,Non-partner,before,Wuschel,Nougatti,5,Wuschel__Nougatti__before__5,Olympia,Tabor,6,Olympia__Tabor__before__6,Olympia__Tabor__before__6||Wuschel__Nougatti__before__5,19,18,342,spectro_DTW,0.0053608580322239046,-1.2695914093547715,0.1917240848495923
Wuschel-Olympia,Non-partner,before,Wuschel,Nougatti,5,Wuschel__Nougatti__before__5,Olympia,Tabor,6,Olympia__Tabor__before__6,Olympia__Tabor__before__6||Wuschel__Nougatti__before__5,19,18,342,chatter_cosine,0.9008785527177722,-1.1834145795707773,0.351595768830536
Wuschel-Olympia,Non-partner,after,Wuschel,Lola,2,Wuschel__Lola__after__2,Olympia,Odin,1,Olympia__Odin__after__1,Olympia__Odin__after__1||Wuschel__Lola__after__2,5,20,100,T_PC_pairwise,5.093771615028381,1.3348536523930195,0.6591293926899346
Wuschel-Olympia,Non-partner,after,Wuschel,Lola,2,Wuschel__Lola__after__2,Olympia,Odin,1,Olympia__Odin__after__1,Olympia__Odin__after__1||Wuschel__Lola__after__2,5,20,100,M_PC_pairwise,12.581425223350525,-0.1991842366018519,0.4410639722520606
Wuschel-Olympia,Non-partner,after,Wuschel,Lola,2,Wuschel__Lola__after__2,Olympia,Odin,1,Olympia__Odin__after__1,Olympia__Odin__after__1||Wuschel__Lola__after__2,5,20,100,spectro_DTW,0.012298295429209247,0.7223642232871416,0.6073060498836829
Wuschel-Olympia,Non-partner,after,Wuschel,Lola,2,Wuschel__Lola__after__2,Olympia,Odin,1,Olympia__Odin__after__1,Olympia__Odin__after__1||Wuschel__Lola__after__2,5,20,100,chatter_cosine,0.9930379247665405,0.4196470052034108,0.6018834055771385
Wuschel-Olympia,Non-partner,after,Wuschel,Lola,2,Wuschel__Lola__after__2,Olympia,Odin,3,Olympia__Odin__after__3,Olympia__Odin__after__3||Wuschel__Lola__after__2,5,14,70,T_PC_pairwise,5.193830149514334,1.4482435411531178,0.683177815470814
Wuschel-Olympia,Non-partner,after,Wuschel,Lola,2,Wuschel__Lola__after__2,Olympia,Odin,3,Olympia__Odin__after__3,Olympia__Odin__after__3||Wuschel__Lola__after__2,5,14,70,M_PC_pairwise,12.64979806627546,-0.17715476242252975,0.44596247866609273
Wuschel-Olympia,Non-partner,after,Wuschel,Lola,2,Wuschel__Lola__after__2,Olympia,Odin,3,Olympia__Odin__after__3,Olympia__Odin__after__3||Wuschel__Lola__after__2,5,14,70,spectro_DTW,0.011472605429922364,0.48528275490368283,0.5578437120236321
Wuschel-Olympia,Non-partner,after,Wuschel,Lola,2,Wuschel__Lola__after__2,Olympia,Odin,3,Olympia__Odin__after__3,Olympia__Odin__after__3||Wuschel__Lola__after__2,5,14,70,chatter_cosine,0.9958672480923789,0.4688615281947022,0.6095673191398459
Wuschel-Olympia,Non-partner,after,Wuschel,Lola,3,Wuschel__Lola__after__3,Olympia,Odin,1,Olympia__Odin__after__1,Olympia__Odin__after__1||Wuschel__Lola__after__3,31,20,620,T_PC_pairwise,2.54636537173102,-1.551957672979915,0.04687674829340059
Wuschel-Olympia,Non-partner,after,Wuschel,Lola,3,Wuschel__Lola__after__3,Olympia,Odin,1,Olympia__Odin__after__1,Olympia__Odin__after__1||Wuschel__Lola__after__3,31,20,620,M_PC_pairwise,7.882923066616058,-1.7130240524613043,0.10444431499463662
Wuschel-Olympia,Non-partner,after,Wuschel,Lola,3,Wuschel__Lola__after__3,Olympia,Odin,1,Olympia__Odin__after__1,Olympia__Odin__after__1||Wuschel__Lola__after__3,31,20,620,spectro_DTW,0.003314868537258477,-1.8570590959956024,0.06916062429478777
Wuschel-Olympia,Non-partner,after,Wuschel,Lola,3,Wuschel__Lola__after__3,Olympia,Odin,1,Olympia__Odin__after__1,Olympia__Odin__after__1||Wuschel__Lola__after__3,31,20,620,chatter_cosine,0.8060525439679622,-2.8328608429832562,0.09406604500013402
Wuschel-Olympia,Non-partner,after,Wuschel,Lola,3,Wuschel__Lola__after__3,Olympia,Odin,3,Olympia__Odin__after__3,Olympia__Odin__after__3||Wuschel__Lola__after__3,31,14,434,T_PC_pairwise,2.570134255880584,-1.525021928382845,0.05258944614566335
Wuschel-Olympia,Non-partner,after,Wuschel,Lola,3,Wuschel__Lola__after__3,Olympia,Odin,3,Olympia__Odin__after__3,Olympia__Odin__after__3||Wuschel__Lola__after__3,31,14,434,M_PC_pairwise,8.152061164653796,-1.6263087642305154,0.12372645455618249
Wuschel-Olympia,Non-partner,after,Wuschel,Lola,3,Wuschel__Lola__after__3,Olympia,Odin,3,Olympia__Odin__after__3,Olympia__Odin__after__3||Wuschel__Lola__after__3,31,14,434,spectro_DTW,0.0033199406198916896,-1.8556027421588324,0.06946446358686437
Wuschel-Olympia,Non-partner,after,Wuschel,Lola,3,Wuschel__Lola__after__3,Olympia,Odin,3,Olympia__Odin__after__3,Olympia__Odin__after__3||Wuschel__Lola__after__3,31,14,434,chatter_cosine,0.8346437104561362,-2.3355332284155166,0.1717143116177379
Wuschel-Olympia,Non-partner,after,Wuschel,Lola,4,Wuschel__Lola__after__4,Olympia,Odin,1,Olympia__Odin__after__1,Olympia__Odin__after__1||Wuschel__Lola__after__4,6,20,120,T_PC_pairwise,3.5626835356156032,-0.40022979549517657,0.29114225758301215
Wuschel-Olympia,Non-partner,after,Wuschel,Lola,4,Wuschel__Lola__after__4,Olympia,Odin,1,Olympia__Odin__after__1,Olympia__Odin__after__1||Wuschel__Lola__after__4,6,20,120,M_PC_pairwise,11.085370272397995,-0.6812075444382504,0.3338805576172307
Wuschel-Olympia,Non-partner,after,Wuschel,Lola,4,Wuschel__Lola__after__4,Olympia,Odin,1,Olympia__Odin__after__1,Olympia__Odin__after__1||Wuschel__Lola__after__4,6,20,120,spectro_DTW,0.005475217968341895,-1.2367550886987049,0.19857473073704057
Wuschel-Olympia,Non-partner,after,Wuschel,Lola,4,Wuschel__Lola__after__4,Olympia,Odin,1,Olympia__Odin__after__1,Olympia__Odin__after__1||Wuschel__Lola__after__4,6,20,120,chatter_cosine,0.9578466258943081,-0.19248628180000127,0.5063104124786885
Wuschel-Olympia,Non-partner,after,Wuschel,Lola,4,Wuschel__Lola__after__4,Olympia,Odin,3,Olympia__Odin__after__3,Olympia__Odin__after__3||Wuschel__Lola__after__4,6,14,84,T_PC_pairwise,3.4903144722893122,-0.4822409910658318,0.27374882043077003
Wuschel-Olympia,Non-partner,after,Wuschel,Lola,4,Wuschel__Lola__after__4,Olympia,Odin,3,Olympia__Odin__after__3,Olympia__Odin__after__3||Wuschel__Lola__after__4,6,14,84,M_PC_pairwise,11.161185579640525,-0.6567801361011371,0.3393122722121186
Wuschel-Olympia,Non-partner,after,Wuschel,Lola,4,Wuschel__Lola__after__4,Olympia,Odin,3,Olympia__Odin__after__3,Olympia__Odin__after__3||Wuschel__Lola__after__4,6,14,84,spectro_DTW,0.005283246171616372,-1.2918762061825129,0.18707480476307994
Wuschel-Olympia,Non-partner,after,Wuschel,Lola,4,Wuschel__Lola__after__4,Olympia,Odin,3,Olympia__Odin__after__3,Olympia__Odin__after__3||Wuschel__Lola__after__4,6,14,84,chatter_cosine,0.9424447161810738,-0.4603940294827971,0.46448170316988335
Wuschel-Olympia,Non-partner,after,Wuschel,Lola,5,Wuschel__Lola__after__5,Olympia,Odin,1,Olympia__Odin__after__1,Olympia__Odin__after__1||Wuschel__Lola__after__5,24,20,480,T_PC_pairwise,2.619156977037589,-1.4694676378141533,0.06437174068265072
Wuschel-Olympia,Non-partner,after,Wuschel,Lola,5,Wuschel__Lola__after__5,Olympia,Odin,1,Olympia__Odin__after__1,Olympia__Odin__after__1||Wuschel__Lola__after__5,24,20,480,M_PC_pairwise,8.392278859764337,-1.5489115216196774,0.14093661973177518
Wuschel-Olympia,Non-partner,after,Wuschel,Lola,5,Wuschel__Lola__after__5,Olympia,Odin,1,Olympia__Odin__after__1,Olympia__Odin__after__1||Wuschel__Lola__after__5,24,20,480,spectro_DTW,0.0037880948382129037,-1.721180998398629,0.09750888962715888
Wuschel-Olympia,Non-partner,after,Wuschel,Lola,5,Wuschel__Lola__after__5,Olympia,Odin,1,Olympia__Odin__after__1,Olympia__Odin__after__1||Wuschel__Lola__after__5,24,20,480,chatter_cosine,0.8219226356906195,-2.5568093267687995,0.1371662491781072
Wuschel-Olympia,Non-partner,after,Wuschel,Lola,5,Wuschel__Lola__after__5,Olympia,Odin,3,Olympia__Odin__after__3,Olympia__Odin__after__3||Wuschel__Lola__after__5,24,14,336,T_PC_pairwise,2.66488894660558,-1.417642543945497,0.0753631243204728
Wuschel-Olympia,Non-partner,after,Wuschel,Lola,5,Wuschel__Lola__after__5,Olympia,Odin,3,Olympia__Odin__after__3,Olympia__Odin__after__3||Wuschel__Lola__after__5,24,14,336,M_PC_pairwise,8.558466113039426,-1.4953666103897119,0.1528429452738057
Wuschel-Olympia,Non-partner,after,Wuschel,Lola,5,Wuschel__Lola__after__5,Olympia,Odin,3,Olympia__Odin__after__3,Olympia__Odin__after__3||Wuschel__Lola__after__5,24,14,336,spectro_DTW,0.003831194402404695,-1.70880576317221,0.10009073657639708
Wuschel-Olympia,Non-partner,after,Wuschel,Lola,5,Wuschel__Lola__after__5,Olympia,Odin,3,Olympia__Odin__after__3,Olympia__Odin__after__3||Wuschel__Lola__after__5,24,14,336,chatter_cosine,0.8357989212409371,-2.3154389722344817,0.1748516482862106
Wuschel-Olympia,Non-partner,after,Wuschel,Lola,6,Wuschel__Lola__after__6,Olympia,Odin,1,Olympia__Odin__after__1,Olympia__Odin__after__1||Wuschel__Lola__after__6,20,20,400,T_PC_pairwise,2.8413964039087296,-1.2176180177843463,0.1177855521424599
Wuschel-Olympia,Non-partner,after,Wuschel,Lola,6,Wuschel__Lola__after__6,Olympia,Odin,1,Olympia__Odin__after__1,Olympia__Odin__after__1||Wuschel__Lola__after__6,20,20,400,M_PC_pairwise,11.51705703228712,-0.5421196855207369,0.36480833934617235
Wuschel-Olympia,Non-partner,after,Wuschel,Lola,6,Wuschel__Lola__after__6,Olympia,Odin,1,Olympia__Odin__after__1,Olympia__Odin__after__1||Wuschel__Lola__after__6,20,20,400,spectro_DTW,0.005901778076222399,-1.1142763172258057,0.22412749290180856
Wuschel-Olympia,Non-partner,after,Wuschel,Lola,6,Wuschel__Lola__after__6,Olympia,Odin,1,Olympia__Odin__after__1,Olympia__Odin__after__1||Wuschel__Lola__after__6,20,20,400,chatter_cosine,0.9398691171407699,-0.5051951580875752,0.45748685736447403
Wuschel-Olympia,Non-partner,after,Wuschel,Lola,6,Wuschel__Lola__after__6,Olympia,Odin,3,Olympia__Odin__after__3,Olympia__Odin__after__3||Wuschel__Lola__after__6,20,14,280,T_PC_pairwise,2.770026321496282,-1.2984971326656716,0.10063221360339016
Wuschel-Olympia,Non-partner,after,Wuschel,Lola,6,Wuschel__Lola__after__6,Olympia,Odin,3,Olympia__Odin__after__3,Olympia__Odin__after__3||Wuschel__Lola__after__6,20,14,280,M_PC_pairwise,11.681582270349775,-0.48911026937393093,0.37659559141063426
Wuschel-Olympia,Non-partner,after,Wuschel,Lola,6,Wuschel__Lola__after__6,Olympia,Odin,3,Olympia__Odin__after__3,Olympia__Odin__after__3||Wuschel__Lola__after__6,20,14,280,spectro_DTW,0.005662232629090015,-1.1830573202654049,0.20977770321181358
Wuschel-Olympia,Non-partner,after,Wuschel,Lola,6,Wuschel__Lola__after__6,Olympia,Odin,3,Olympia__Odin__after__3,Olympia__Odin__after__3||Wuschel__Lola__after__6,20,14,280,chatter_cosine,0.929625932340111,-0.6833697234588523,0.42966828113590594
Wuschel-Olympia,Non-partner,after,Wuschel,Nougatti,4,Wuschel__Nougatti__after__4,Olympia,Odin,1,Olympia__Odin__after__1,Olympia__Odin__after__1||Wuschel__Nougatti__after__4,21,20,420,T_PC_pairwise,2.6273824735766365,-1.4601462126868434,0.06634868567160063
Wuschel-Olympia,Non-partner,after,Wuschel,Nougatti,4,Wuschel__Nougatti__after__4,Olympia,Odin,1,Olympia__Odin__after__1,Olympia__Odin__after__1||Wuschel__Nougatti__after__4,21,20,420,M_PC_pairwise,10.39588171300434,-0.9033581786129362,0.28448281450598406
Wuschel-Olympia,Non-partner,after,Wuschel,Nougatti,4,Wuschel__Nougatti__after__4,Olympia,Odin,1,Olympia__Odin__after__1,Olympia__Odin__after__1||Wuschel__Nougatti__after__4,21,20,420,spectro_DTW,0.005139748548390344,-1.3330788697164608,0.17847868766313915
Wuschel-Olympia,Non-partner,after,Wuschel,Nougatti,4,Wuschel__Nougatti__after__4,Olympia,Odin,1,Olympia__Odin__after__1,Olympia__Odin__after__1||Wuschel__Nougatti__after__4,21,20,420,chatter_cosine,0.8753486310442289,-1.6274935244174742,0.2822612712103082
Wuschel-Olympia,Non-partner,after,Wuschel,Nougatti,4,Wuschel__Nougatti__after__4,Olympia,Odin,3,Olympia__Odin__after__3,Olympia__Odin__after__3||Wuschel__Nougatti__after__4,21,14,294,T_PC_pairwise,2.5854874391134093,-1.5076231552764106,0.05627948461476684
Wuschel-Olympia,Non-partner,after,Wuschel,Nougatti,4,Wuschel__Nougatti__after__4,Olympia,Odin,3,Olympia__Odin__after__3,Olympia__Odin__after__3||Wuschel__Nougatti__after__4,21,14,294,M_PC_pairwise,10.566961303860152,-0.8482369745187203,0.29673964685734966
Wuschel-Olympia,Non-partner,after,Wuschel,Nougatti,4,Wuschel__Nougatti__after__4,Olympia,Odin,3,Olympia__Odin__after__3,Olympia__Odin__after__3||Wuschel__Nougatti__after__4,21,14,294,spectro_DTW,0.005032377810927019,-1.3639083724610803,0.17204672445990243
Wuschel-Olympia,Non-partner,after,Wuschel,Nougatti,4,Wuschel__Nougatti__after__4,Olympia,Odin,3,Olympia__Odin__after__3,Olympia__Odin__after__3||Wuschel__Nougatti__after__4,21,14,294,chatter_cosine,0.8921470118521833,-1.3352949301671835,0.32788253511570364
Wuschel-Olympia,Non-partner,after,Wuschel,Nougatti,5,Wuschel__Nougatti__after__5,Olympia,Odin,1,Olympia__Odin__after__1,Olympia__Odin__after__1||Wuschel__Nougatti__after__5,9,20,180,T_PC_pairwise,2.8488581809732647,-1.209162066718832,0.11957894208632122
Wuschel-Olympia,Non-partner,after,Wuschel,Nougatti,5,Wuschel__Nougatti__after__5,Olympia,Odin,1,Olympia__Odin__after__1,Olympia__Odin__after__1||Wuschel__Nougatti__after__5,9,20,180,M_PC_pairwise,9.853435294164552,-1.0781323852466467,0.24561976379339806
Wuschel-Olympia,Non-partner,after,Wuschel,Nougatti,5,Wuschel__Nougatti__after__5,Olympia,Odin,1,Olympia__Odin__after__1,Olympia__Odin__after__1||Wuschel__Nougatti__after__5,9,20,180,spectro_DTW,0.004736041542491876,-1.44899579960269,0.15429492336968112
Wuschel-Olympia,Non-partner,after,Wuschel,Nougatti,5,Wuschel__Nougatti__after__5,Olympia,Odin,1,Olympia__Odin__after__1,Olympia__Odin__after__1||Wuschel__Nougatti__after__5,9,20,180,chatter_cosine,0.9230685374803014,-0.7974320001678772,0.41185962178645225
Wuschel-Olympia,Non-partner,after,Wuschel,Nougatti,5,Wuschel__Nougatti__after__5,Olympia,Odin,3,Olympia__Odin__after__3,Olympia__Odin__after__3||Wuschel__Nougatti__after__5,9,14,126,T_PC_pairwise,2.9264556188431996,-1.121225891225718,0.13822898530548497
Wuschel-Olympia,Non-partner,after,Wuschel,Nougatti,5,Wuschel__Nougatti__after__5,Olympia,Odin,3,Olympia__Odin__after__3,Olympia__Odin__after__3||Wuschel__Nougatti__after__5,9,14,126,M_PC_pairwise,9.953028188811409,-1.0460439272096507,0.2527550007142214
Wuschel-Olympia,Non-partner,after,Wuschel,Nougatti,5,Wuschel__Nougatti__after__5,Olympia,Odin,3,Olympia__Odin__after__3,Olympia__Odin__after__3||Wuschel__Nougatti__after__5,9,14,126,spectro_DTW,0.004585748785064511,-1.4921495590633258,0.1452917488705213
Wuschel-Olympia,Non-partner,after,Wuschel,Nougatti,5,Wuschel__Nougatti__after__5,Olympia,Odin,3,Olympia__Odin__after__3,Olympia__Odin__after__3||Wuschel__Nougatti__after__5,9,14,126,chatter_cosine,0.9481670851745303,-0.3608565684152595,0.48002258827060157
