call_id,filename,focal ID,conspecific_ID,stage,paired_status,pair_id,embedding_1,embedding_2,embedding_method
0,after_phees_2022-07-19_11-17-29_0000018_labelled_Odin_pheeseq_0000005_labelled_mC2.wav,Odin,Olympia,after,non-partner,Odin-Nougatti,8.873641,5.2343416,UMAP
1,after_phees_2022-07-19_11-17-29_0000018_labelled_Odin_pheeseq_0000005_labelled_mC3.wav,Odin,Olympia,after,non-partner,Odin-Nougatti,8.793771,5.2220507,UMAP
2,after_phees_2022-07-19_11-17-29_0000018_labelled_Odin_pheeseq_0000007_labelled_mC3.wav,Odin,Olympia,after,non-partner,Odin-Nougatti,2.662633,3.33745,UMAP
3,after_phees_2022-07-19_11-17-29_0000018_labelled_Odin_pheeseq_0000010_labelled_mB2.wav,Odin,Olympia,after,non-partner,Odin-Nougatti,6.5549045,1.9930702,UMAP
4,after_phees_2022-07-19_11-17-29_0000018_labelled_Odin_pheeseq_0000011_labelled_mE1.wav,Odin,Olympia,after,non-partner,Odin-Nougatti,4.9695477,1.5342966,UMAP
5,after_phees_2022-07-19_11-17-29_0000018_labelled_Odin_pheeseq_0000011_labelled_mE2.wav,Odin,Olympia,after,non-partner,Odin-Nougatti,12.169769,4.5484314,UMAP
6,after_phees_2022-07-19_11-17-29_0000018_labelled_Odin_pheeseq_0000011_labelled_mE5.wav,Odin,Olympia,after,non-partner,Odin-Nougatti,11.464175,5.1047544,UMAP
7,after_phees_2022-07-19_11-17-29_0000018_labelled_Odin_pheeseq_0000011_labelled_mE6.wav,Odin,Olympia,after,non-partner,Odin-Nougatti,2.7216828,3.273852,UMAP
8,after_phees_2022-07-19_11-17-29_0000018_labelled_Odin_pheeseq_0000011_labelled_mE7.wav,Odin,Olympia,after,non-partner,Odin-Nougatti,-2.0215473,4.488551,UMAP
9,after_phees_2022-07-19_11-17-29_0000018_labelled_Odin_pheeseq_0000013_labelled_mD1.wav,Odin,Olympia,after,non-partner,Odin-Nougatti,4.9481153,4.272555,UMAP
10,after_phees_2022-07-19_11-17-29_0000018_labelled_Odin_pheeseq_0000013_labelled_mD4.wav,Odin,Olympia,after,non-partner,Odin-Nougatti,12.410299,5.4750257,UMAP
11,after_phees_2022-07-19_11-17-29_0000018_labelled_Odin_pheeseq_0000013_labelled_mD5.wav,Odin,Olympia,after,non-partner,Odin-Nougatti,11.852575,5.198701,UMAP
12,after_phees_2022-07-19_11-17-29_0000018_labelled_Odin_pheeseq_0000016_labelled_mD1.wav,Odin,Olympia,after,non-partner,Odin-Nougatti,6.7096786,4.4013367,UMAP
13,after_phees_2022-07-19_11-17-29_0000018_labelled_Odin_pheeseq_0000016_labelled_mD3.wav,Odin,Olympia,after,non-partner,Odin-Nougatti,9.847637,4.916708,UMAP
14,after_phees_2022-07-19_11-17-29_0000018_labelled_Odin_pheeseq_0000016_labelled_mD4.wav,Odin,Olympia,after,non-partner,Odin-Nougatti,12.345471,5.5425415,UMAP
15,after_phees_2022-07-19_11-17-29_0000018_labelled_Odin_pheeseq_0000016_labelled_mD5.wav,Odin,Olympia,after,non-partner,Odin-Nougatti,9.361109,4.646591,UMAP
16,after_phees_2022-07-19_11-17-29_0000018_labelled_Odin_pheeseq_0000018_labelled_mD1.wav,Odin,Olympia,after,non-partner,Odin-Nougatti,7.04045,4.177756,UMAP
17,after_phees_2022-07-19_11-17-29_0000018_labelled_Odin_pheeseq_0000018_labelled_mD3.wav,Odin,Olympia,after,non-partner,Odin-Nougatti,9.244602,4.8572655,UMAP
18,after_phees_2022-07-19_11-17-29_0000018_labelled_Odin_pheeseq_0000018_labelled_mD5.wav,Odin,Olympia,after,non-partner,Odin-Nougatti,9.759184,4.7594237,UMAP
19,after_phees_2022-07-19_11-17-29_0000018_labelled_Odin_pheeseq_0000018_labelled_mD6.wav,Odin,Olympia,after,non-partner,Odin-Nougatti,11.945703,4.934735,UMAP
20,after_phees_2022-07-19_11-17-29_0000018_labelled_Odin_pheeseq_0000020_labelled_mD3.wav,Odin,Olympia,after,non-partner,Odin-Nougatti,9.273251,5.279806,UMAP
21,after_phees_2022-07-19_11-17-29_0000018_labelled_Odin_pheeseq_0000020_labelled_mD4.wav,Odin,Olympia,after,non-partner,Odin-Nougatti,9.283769,5.3532944,UMAP
22,after_phees_2022-07-19_11-17-29_0000018_labelled_Odin_pheeseq_0000020_labelled_mD5.wav,Odin,Olympia,after,non-partner,Odin-Nougatti,9.617478,5.3405404,UMAP
23,after_phees_2022-07-19_11-17-29_0000018_labelled_Odin_pheeseq_0000025_labelled_mD1.wav,Odin,Olympia,after,non-partner,Odin-Nougatti,9.20226,4.782112,UMAP
24,after_phees_2022-07-19_11-17-29_0000018_labelled_Odin_pheeseq_0000025_labelled_mD4.wav,Odin,Olympia,after,non-partner,Odin-Nougatti,10.164507,5.099624,UMAP
25,after_phees_2022-07-19_11-17-29_0000018_labelled_Odin_pheeseq_0000025_labelled_mD5.wav,Odin,Olympia,after,non-partner,Odin-Nougatti,9.959788,5.1358285,UMAP
26,after_phees_2022-07-19_11-17-29_0000018_labelled_Odin_pheeseq_0000027_labelled_mD1.wav,Odin,Olympia,after,non-partner,Odin-Nougatti,9.124813,4.6864467,UMAP
27,after_phees_2022-07-19_11-17-29_0000018_labelled_Odin_pheeseq_0000027_labelled_mD3.wav,Odin,Olympia,after,non-partner,Odin-Nougatti,9.542388,4.657623,UMAP
28,after_phees_2022-07-19_11-17-29_0000018_labelled_Odin_pheeseq_0000027_labelled_mD4.wav,Odin,Olympia,after,non-partner,Odin-Nougatti,9.977033,4.8244243,UMAP
29,after_phees_2022-07-19_11-17-29_0000018_labelled_Odin_pheeseq_0000027_labelled_mD5.wav,Odin,Olympia,after,non-partner,Odin-Nougatti,9.32033,4.8143926,UMAP
30,after_phees_2022-07-19_11-17-29_0000018_labelled_Odin_pheeseq_0000028_labelled_mD1.wav,Odin,Olympia,after,non-partner,Odin-Nougatti,9.028593,4.5493774,UMAP
31,after_phees_2022-07-19_11-17-29_0000018_labelled_Odin_pheeseq_0000028_labelled_mD3.wav,Odin,Olympia,after,non-partner,Odin-Nougatti,10.197555,4.639509,UMAP
32,after_phees_2022-07-19_11-17-29_0000018_labelled_Odin_pheeseq_0000028_labelled_mD4.wav,Odin,Olympia,after,non-partner,Odin-Nougatti,11.864241,4.9522605,UMAP
33,after_phees_2022-07-19_11-17-29_0000018_labelled_Odin_pheeseq_0000028_labelled_mD5.wav,Odin,Olympia,after,non-partner,Odin-Nougatti,8.916492,4.8315177,UMAP
34,after_phees_2022-07-19_11-17-29_0000018_labelled_Odin_pheeseq_0000031_labelled_mC2.wav,Odin,Olympia,after,non-partner,Odin-Nougatti,11.960308,4.928272,UMAP
35,after_phees_2022-07-19_11-17-29_0000018_labelled_Odin_pheeseq_0000031_labelled_mC3.wav,Odin,Olympia,after,non-partner,Odin-Nougatti,9.327271,4.899099,UMAP
36,after_phees_2022-07-19_11-17-29_0000018_labelled_Odin_pheeseq_0000063_labelled_mC1.wav,Odin,Olympia,after,non-partner,Odin-Nougatti,8.588047,4.0629134,UMAP
37,after_phees_2022-07-19_11-17-29_0000018_labelled_Odin_pheeseq_0000063_labelled_mC2.wav,Odin,Olympia,after,non-partner,Odin-Nougatti,11.391892,4.234665,UMAP
38,after_phees_2022-07-19_11-17-29_0000018_labelled_Odin_pheeseq_0000063_labelled_mC3.wav,Odin,Olympia,after,non-partner,Odin-Nougatti,11.629009,3.995326,UMAP
39,after_phees_2022-07-19_11-17-29_0000018_labelled_Odin_pheeseq_0000064_labelled_mB1.wav,Odin,Olympia,after,non-partner,Odin-Nougatti,7.230189,4.2417054,UMAP
40,after_phees_2022-07-19_11-17-29_0000018_labelled_Odin_pheeseq_0000064_labelled_mB2.wav,Odin,Olympia,after,non-partner,Odin-Nougatti,12.440706,3.7546184,UMAP
41,after_phees_2022-07-19_11-17-29_0000018_labelled_Odin_pheeseq_0000065_labelled_mC1.wav,Odin,Olympia,after,non-partner,Odin-Nougatti,9.266947,4.8402157,UMAP
42,after_phees_2022-07-19_11-17-29_0000018_labelled_Odin_pheeseq_0000065_labelled_mC2.wav,Odin,Olympia,after,non-partner,Odin-Nougatti,12.380841,5.299081,UMAP
43,after_phees_2022-07-19_11-17-29_0000018_labelled_Odin_pheeseq_0000065_labelled_mC3.wav,Odin,Olympia,after,non-partner,Odin-Nougatti,12.575796,4.9746027,UMAP
44,after_phees_2022-07-19_11-17-29_0000018_labelled_Odin_pheeseq_0000066_labelled_mD1.wav,Odin,Olympia,after,non-partner,Odin-Nougatti,5.0005455,4.4190793,UMAP
45,after_phees_2022-07-19_11-17-29_0000018_labelled_Odin_pheeseq_0000066_labelled_mD3.wav,Odin,Olympia,after,non-partner,Odin-Nougatti,11.342713,5.4413147,UMAP
46,after_phees_2022-07-19_11-17-29_0000018_labelled_Odin_pheeseq_0000066_labelled_mD4.wav,Odin,Olympia,after,non-partner,Odin-Nougatti,11.19417,5.4649067,UMAP
47,after_phees_2022-07-19_11-17-29_0000018_labelled_Odin_pheeseq_0000067_labelled_mD1.wav,Odin,Olympia,after,non-partner,Odin-Nougatti,2.7149587,4.7993407,UMAP
48,after_phees_2022-07-19_11-17-29_0000018_labelled_Odin_pheeseq_0000067_labelled_mD3.wav,Odin,Olympia,after,non-partner,Odin-Nougatti,9.582674,5.356978,UMAP
49,after_phees_2022-07-19_11-17-29_0000018_labelled_Odin_pheeseq_0000067_labelled_mD4.wav,Odin,Olympia,after,non-partner,Odin-Nougatti,11.750929,5.5356107,UMAP
50,after_phees_2022-07-19_11-17-29_0000018_labelled_Odin_pheeseq_0000068_labelled_mD1.wav,Odin,Olympia,after,non-partner,Odin-Nougatti,5.3282285,1.8937571,UMAP
51,after_phees_2022-07-19_11-17-29_0000018_labelled_Odin_pheeseq_0000068_labelled_mD3.wav,Odin,Olympia,after,non-partner,Odin-Nougatti,9.377847,5.4589534,UMAP
52,after_phees_2022-07-19_11-17-29_0000018_labelled_Odin_pheeseq_0000068_labelled_mD4.wav,Odin,Olympia,after,non-partner,Odin-Nougatti,11.612229,5.498215,UMAP
53,after_phees_2022-07-19_11-17-29_0000018_labelled_Odin_pheeseq_0000068_labelled_mD5.wav,Odin,Olympia,after,non-partner,Odin-Nougatti,9.851898,5.255134,UMAP
54,after_phees_2022-07-19_11-17-29_0000018_labelled_Odin_pheeseq_0000070_labelled_mC1.wav,Odin,Olympia,after,non-partner,Odin-Nougatti,9.114391,4.542,UMAP
55,after_phees_2022-07-19_11-17-29_0000018_labelled_Odin_pheeseq_0000070_labelled_mC2.wav,Odin,Olympia,after,non-partner,Odin-Nougatti,12.304459,4.8971195,UMAP
56,after_phees_2022-07-19_11-17-29_0000018_labelled_Odin_pheeseq_0000070_labelled_mC3.wav,Odin,Olympia,after,non-partner,Odin-Nougatti,12.531438,5.303972,UMAP
57,after_phees_2022-07-19_11-17-29_0000018_labelled_Odin_pheeseq_0000075_labelled_mC1.wav,Odin,Olympia,after,non-partner,Odin-Nougatti,7.8402185,4.1993628,UMAP
58,after_phees_2022-07-19_11-17-29_0000018_labelled_Odin_pheeseq_0000075_labelled_mC2.wav,Odin,Olympia,after,non-partner,Odin-Nougatti,10.664774,4.1590943,UMAP
59,after_phees_2022-07-19_11-17-29_0000018_labelled_Odin_pheeseq_0000075_labelled_mC3.wav,Odin,Olympia,after,non-partner,Odin-Nougatti,12.32692,4.665068,UMAP
60,after_phees_2022-07-19_11-17-29_0000018_labelled_Odin_pheeseq_0000076_labelled_mC1.wav,Odin,Olympia,after,non-partner,Odin-Nougatti,6.5902667,4.5069413,UMAP
61,after_phees_2022-07-19_11-17-29_0000018_labelled_Odin_pheeseq_0000076_labelled_mC3.wav,Odin,Olympia,after,non-partner,Odin-Nougatti,12.251531,5.5527186,UMAP
62,after_phees_2022-07-19_11-17-29_0000018_labelled_Odin_pheeseq_0000078_labelled_mC1.wav,Odin,Olympia,after,non-partner,Odin-Nougatti,9.584889,4.4171066,UMAP
63,after_phees_2022-07-19_11-17-29_0000018_labelled_Odin_pheeseq_0000078_labelled_mC2.wav,Odin,Olympia,after,non-partner,Odin-Nougatti,12.336047,5.4533544,UMAP
64,after_phees_2022-07-19_11-17-29_0000018_labelled_Odin_pheeseq_0000078_labelled_mC3.wav,Odin,Olympia,after,non-partner,Odin-Nougatti,12.401344,4.364626,UMAP
65,after_phees_2022-07-19_11-17-29_0000018_labelled_Odin_pheeseq_0000079_labelled_mC1.wav,Odin,Olympia,after,non-partner,Odin-Nougatti,8.93235,4.0955215,UMAP
66,after_phees_2022-07-19_11-17-29_0000018_labelled_Odin_pheeseq_0000079_labelled_mC3.wav,Odin,Olympia,after,non-partner,Odin-Nougatti,12.624313,4.8921986,UMAP
67,after_phees_2022-07-19_11-17-29_0000018_labelled_Odin_pheeseq_0000079_labelled_mC4.wav,Odin,Olympia,after,non-partner,Odin-Nougatti,12.534259,4.6132727,UMAP
68,after_phees_2022-07-19_11-17-29_0000018_labelled_Odin_pheeseq_0000080_labelled_mC1.wav,Odin,Olympia,after,non-partner,Odin-Nougatti,10.576661,4.0434227,UMAP
69,after_phees_2022-07-19_11-17-29_0000018_labelled_Odin_pheeseq_0000080_labelled_mC2.wav,Odin,Olympia,after,non-partner,Odin-Nougatti,12.512588,5.217362,UMAP
70,after_phees_2022-07-19_11-17-29_0000018_labelled_Odin_pheeseq_0000080_labelled_mC3.wav,Odin,Olympia,after,non-partner,Odin-Nougatti,12.244242,4.8575063,UMAP
71,after_phees_2022-07-19_11-17-29_0000018_labelled_Odin_pheeseq_0000081_labelled_mB1.wav,Odin,Olympia,after,non-partner,Odin-Nougatti,9.8436,4.2961845,UMAP
72,after_phees_2022-07-19_11-17-29_0000018_labelled_Odin_pheeseq_0000081_labelled_mB2.wav,Odin,Olympia,after,non-partner,Odin-Nougatti,12.323638,4.1453896,UMAP
73,after_phees_2022-07-19_11-17-29_0000018_labelled_Olympia_pheeseq_0000015_labelled_mB1.wav,Olympia,Odin,after,non-partner,Wuschel-Olympia,-2.4665844,5.3199816,UMAP
74,after_phees_2022-07-19_11-17-29_0000018_labelled_Olympia_pheeseq_0000015_labelled_mB2.wav,Olympia,Odin,after,non-partner,Wuschel-Olympia,0.65873003,4.6526875,UMAP
75,after_phees_2022-07-19_11-17-29_0000018_labelled_Olympia_pheeseq_0000017_labelled_mB1.wav,Olympia,Odin,after,non-partner,Wuschel-Olympia,-0.5804319,4.615281,UMAP
76,after_phees_2022-07-19_11-17-29_0000018_labelled_Olympia_pheeseq_0000017_labelled_mB2.wav,Olympia,Odin,after,non-partner,Wuschel-Olympia,4.8269706,4.083983,UMAP
77,after_phees_2022-07-19_11-17-29_0000018_labelled_Olympia_pheeseq_0000022_labelled_mB2.wav,Olympia,Odin,after,non-partner,Wuschel-Olympia,2.3233414,4.13124,UMAP
78,after_phees_2022-07-19_11-17-29_0000018_labelled_Olympia_pheeseq_0000060_labelled_mB1.wav,Olympia,Odin,after,non-partner,Wuschel-Olympia,0.8457782,5.0411553,UMAP
79,after_phees_2022-07-19_11-17-29_0000018_labelled_Olympia_pheeseq_0000060_labelled_mB2.wav,Olympia,Odin,after,non-partner,Wuschel-Olympia,0.38424283,4.5094104,UMAP
80,after_phees_2022-07-19_11-17-29_0000018_labelled_Olympia_pheeseq_0000061_labelled_mB1.wav,Olympia,Odin,after,non-partner,Wuschel-Olympia,-2.5425963,5.324643,UMAP
81,after_phees_2022-07-19_11-17-29_0000018_labelled_Olympia_pheeseq_0000061_labelled_mB2.wav,Olympia,Odin,after,non-partner,Wuschel-Olympia,3.3922768,4.0389996,UMAP
82,after_phees_2022-07-19_11-17-29_0000018_labelled_Olympia_pheeseq_0000062_labelled_mC1.wav,Olympia,Odin,after,non-partner,Wuschel-Olympia,-0.52996695,4.410376,UMAP
83,after_phees_2022-07-19_11-17-29_0000018_labelled_Olympia_pheeseq_0000062_labelled_mC2.wav,Olympia,Odin,after,non-partner,Wuschel-Olympia,2.2684686,4.1411343,UMAP
84,after_phees_2022-07-19_11-17-29_0000018_labelled_Olympia_pheeseq_0000062_labelled_mC3.wav,Olympia,Odin,after,non-partner,Wuschel-Olympia,0.9708423,4.4775567,UMAP
85,after_phees_2022-07-19_11-17-29_0000018_labelled_Olympia_pheeseq_0000071_labelled_mB1.wav,Olympia,Odin,after,non-partner,Wuschel-Olympia,-2.2921984,5.2292027,UMAP
86,after_phees_2022-07-19_11-17-29_0000018_labelled_Olympia_pheeseq_0000071_labelled_mB2.wav,Olympia,Odin,after,non-partner,Wuschel-Olympia,0.027707454,4.4976816,UMAP
87,after_phees_2022-07-19_11-17-29_0000018_labelled_Olympia_pheeseq_0000072_labelled_mB1.wav,Olympia,Odin,after,non-partner,Wuschel-Olympia,-2.4533885,5.2895684,UMAP
88,after_phees_2022-07-19_11-17-29_0000018_labelled_Olympia_pheeseq_0000072_labelled_mB2.wav,Olympia,Odin,after,non-partner,Wuschel-Olympia,0.21874252,4.5656524,UMAP
89,after_phees_2022-07-19_11-17-29_0000018_labelled_Olympia_pheeseq_0000077_labelled_mB1.wav,Olympia,Odin,after,non-partner,Wuschel-Olympia,-2.3883474,5.259479,UMAP
90,after_phees_2022-07-19_11-17-29_0000018_labelled_Olympia_pheeseq_0000077_labelled_mB2.wav,Olympia,Odin,after,non-partner,Wuschel-Olympia,-1.6223994,4.550842,UMAP
91,after_phees_2022-07-19_11-17-29_0000018_labelled_Olympia_pheeseq_0000082_labelled_mB1.wav,Olympia,Odin,after,non-partner,Wuschel-Olympia,-2.5559323,5.3056006,UMAP
92,after_phees_2022-07-19_11-17-29_0000018_labelled_Olympia_pheeseq_0000082_labelled_mB2.wav,Olympia,Odin,after,non-partner,Wuschel-Olympia,-1.751997,4.532207,UMAP
93,after_phees_2022-07-19_14-36-48_0000021_labelled_Lola_pheeseq_0000003_labelled_mB1.wav,Lola,Wuschel,after,non-partner,Tabor-Lola,5.228507,2.1100168,UMAP
94,after_phees_2022-07-19_14-36-48_0000021_labelled_Lola_pheeseq_0000003_labelled_mB2.wav,Lola,Wuschel,after,non-partner,Tabor-Lola,7.6030183,1.03827,UMAP
95,after_phees_2022-07-19_14-36-48_0000021_labelled_Lola_pheeseq_0000004_labelled_mD1.wav,Lola,Wuschel,after,non-partner,Tabor-Lola,5.4733553,1.7180204,UMAP
96,after_phees_2022-07-19_14-36-48_0000021_labelled_Lola_pheeseq_0000004_labelled_mD2.wav,Lola,Wuschel,after,non-partner,Tabor-Lola,6.9722877,0.8263557,UMAP
97,after_phees_2022-07-19_14-36-48_0000021_labelled_Lola_pheeseq_0000004_labelled_mD3.wav,Lola,Wuschel,after,non-partner,Tabor-Lola,5.7532477,1.4289986,UMAP
98,after_phees_2022-07-19_14-36-48_0000021_labelled_Lola_pheeseq_0000004_labelled_mD4.wav,Lola,Wuschel,after,non-partner,Tabor-Lola,5.6110806,1.4722908,UMAP
99,after_phees_2022-07-19_14-36-48_0000021_labelled_Lola_pheeseq_0000005_labelled_mC1.wav,Lola,Wuschel,after,non-partner,Tabor-Lola,5.65171,1.3495023,UMAP
100,after_phees_2022-07-19_14-36-48_0000021_labelled_Lola_pheeseq_0000005_labelled_mC2.wav,Lola,Wuschel,after,non-partner,Tabor-Lola,7.996476,0.8576518,UMAP
101,after_phees_2022-07-19_14-36-48_0000021_labelled_Lola_pheeseq_0000005_labelled_mC3.wav,Lola,Wuschel,after,non-partner,Tabor-Lola,7.0084505,1.2452168,UMAP
102,after_phees_2022-07-19_14-36-48_0000021_labelled_Lola_pheeseq_0000006_labelled_mB1.wav,Lola,Wuschel,after,non-partner,Tabor-Lola,6.9110274,1.4994259,UMAP
103,after_phees_2022-07-19_14-36-48_0000021_labelled_Lola_pheeseq_0000007_labelled_mC1.wav,Lola,Wuschel,after,non-partner,Tabor-Lola,6.360043,1.1254225,UMAP
104,after_phees_2022-07-19_14-36-48_0000021_labelled_Lola_pheeseq_0000007_labelled_mC2.wav,Lola,Wuschel,after,non-partner,Tabor-Lola,9.6156025,0.6794916,UMAP
105,after_phees_2022-07-19_14-36-48_0000021_labelled_Lola_pheeseq_0000007_labelled_mC3.wav,Lola,Wuschel,after,non-partner,Tabor-Lola,9.00491,1.7777839,UMAP
106,after_phees_2022-07-19_14-36-48_0000021_labelled_Lola_pheeseq_0000008_labelled_mC1.wav,Lola,Wuschel,after,non-partner,Tabor-Lola,8.629033,1.3754988,UMAP
107,after_phees_2022-07-19_14-36-48_0000021_labelled_Lola_pheeseq_0000008_labelled_mC2.wav,Lola,Wuschel,after,non-partner,Tabor-Lola,11.579252,1.2917591,UMAP
108,after_phees_2022-07-19_14-36-48_0000021_labelled_Lola_pheeseq_0000008_labelled_mC3.wav,Lola,Wuschel,after,non-partner,Tabor-Lola,8.157133,0.767273,UMAP
109,after_phees_2022-07-19_14-36-48_0000021_labelled_Lola_pheeseq_0000009_labelled_mB1.wav,Lola,Wuschel,after,non-partner,Tabor-Lola,6.862734,0.8996906,UMAP
110,after_phees_2022-07-19_14-36-48_0000021_labelled_Lola_pheeseq_0000009_labelled_mB2.wav,Lola,Wuschel,after,non-partner,Tabor-Lola,11.259064,1.7170922,UMAP
111,after_phees_2022-07-19_14-36-48_0000021_labelled_Lola_pheeseq_0000010_labelled_mC1.wav,Lola,Wuschel,after,non-partner,Tabor-Lola,9.553376,0.51102895,UMAP
112,after_phees_2022-07-19_14-36-48_0000021_labelled_Lola_pheeseq_0000010_labelled_mC2.wav,Lola,Wuschel,after,non-partner,Tabor-Lola,11.742244,1.3279545,UMAP
113,after_phees_2022-07-19_14-36-48_0000021_labelled_Lola_pheeseq_0000010_labelled_mC3.wav,Lola,Wuschel,after,non-partner,Tabor-Lola,9.808711,0.7631521,UMAP
114,after_phees_2022-07-19_14-36-48_0000021_labelled_Lola_pheeseq_0000011_labelled_mC1.wav,Lola,Wuschel,after,non-partner,Tabor-Lola,8.319485,0.5914878,UMAP
115,after_phees_2022-07-19_14-36-48_0000021_labelled_Lola_pheeseq_0000011_labelled_mC2.wav,Lola,Wuschel,after,non-partner,Tabor-Lola,10.365689,0.97331035,UMAP
116,after_phees_2022-07-19_14-36-48_0000021_labelled_Lola_pheeseq_0000011_labelled_mC3.wav,Lola,Wuschel,after,non-partner,Tabor-Lola,10.408429,1.613011,UMAP
117,after_phees_2022-07-19_14-36-48_0000021_labelled_Lola_pheeseq_0000012_labelled_mC1.wav,Lola,Wuschel,after,non-partner,Tabor-Lola,7.5294046,0.66022974,UMAP
118,after_phees_2022-07-19_14-36-48_0000021_labelled_Lola_pheeseq_0000012_labelled_mC2.wav,Lola,Wuschel,after,non-partner,Tabor-Lola,10.242337,1.0748612,UMAP
119,after_phees_2022-07-19_14-36-48_0000021_labelled_Lola_pheeseq_0000012_labelled_mC3.wav,Lola,Wuschel,after,non-partner,Tabor-Lola,12.302,2.0521908,UMAP
120,after_phees_2022-07-19_14-36-48_0000021_labelled_Lola_pheeseq_0000013_labelled_mC1.wav,Lola,Wuschel,after,non-partner,Tabor-Lola,9.316467,0.56215596,UMAP
121,after_phees_2022-07-19_14-36-48_0000021_labelled_Lola_pheeseq_0000013_labelled_mC2.wav,Lola,Wuschel,after,non-partner,Tabor-Lola,13.326495,1.7776408,UMAP
122,after_phees_2022-07-19_14-36-48_0000021_labelled_Lola_pheeseq_0000013_labelled_mC3.wav,Lola,Wuschel,after,non-partner,Tabor-Lola,13.138367,1.4859259,UMAP
123,after_phees_2022-07-19_14-36-48_0000021_labelled_Lola_pheeseq_0000014_labelled_mB1.wav,Lola,Wuschel,after,non-partner,Tabor-Lola,10.554409,0.44788796,UMAP
124,after_phees_2022-07-19_14-36-48_0000021_labelled_Lola_pheeseq_0000014_labelled_mB2.wav,Lola,Wuschel,after,non-partner,Tabor-Lola,13.862063,1.3468231,UMAP
125,after_phees_2022-07-19_14-36-48_0000021_labelled_Lola_pheeseq_0000017_labelled_mC1.wav,Lola,Wuschel,after,non-partner,Tabor-Lola,12.276838,1.1429315,UMAP
126,after_phees_2022-07-19_14-36-48_0000021_labelled_Lola_pheeseq_0000017_labelled_mC2.wav,Lola,Wuschel,after,non-partner,Tabor-Lola,13.967651,1.3002111,UMAP
127,after_phees_2022-07-19_14-36-48_0000021_labelled_Lola_pheeseq_0000017_labelled_mC3.wav,Lola,Wuschel,after,non-partner,Tabor-Lola,13.80612,1.5884893,UMAP
128,after_phees_2022-07-19_14-36-48_0000021_labelled_Lola_pheeseq_0000018_labelled_mC1.wav,Lola,Wuschel,after,non-partner,Tabor-Lola,9.486939,0.7191734,UMAP
129,after_phees_2022-07-19_14-36-48_0000021_labelled_Lola_pheeseq_0000018_labelled_mC2.wav,Lola,Wuschel,after,non-partner,Tabor-Lola,13.644047,1.6484628,UMAP
130,after_phees_2022-07-19_14-36-48_0000021_labelled_Lola_pheeseq_0000018_labelled_mC3.wav,Lola,Wuschel,after,non-partner,Tabor-Lola,13.737696,1.6980737,UMAP
131,after_phees_2022-07-19_14-36-48_0000021_labelled_Lola_pheeseq_0000023_labelled_mB1.wav,Lola,Wuschel,after,non-partner,Tabor-Lola,7.6995897,1.0067484,UMAP
132,after_phees_2022-07-19_14-36-48_0000021_labelled_Lola_pheeseq_0000023_labelled_mB2.wav,Lola,Wuschel,after,non-partner,Tabor-Lola,10.833909,1.8876258,UMAP
133,after_phees_2022-07-19_14-36-48_0000021_labelled_Lola_pheeseq_0000024_labelled_mB1.wav,Lola,Wuschel,after,non-partner,Tabor-Lola,5.8947206,1.3684158,UMAP
134,after_phees_2022-07-19_14-36-48_0000021_labelled_Lola_pheeseq_0000024_labelled_mB2.wav,Lola,Wuschel,after,non-partner,Tabor-Lola,9.226825,1.2043848,UMAP
135,after_phees_2022-07-19_14-36-48_0000021_labelled_Lola_pheeseq_0000025_labelled_mB1.wav,Lola,Wuschel,after,non-partner,Tabor-Lola,7.9744844,0.6078492,UMAP
136,after_phees_2022-07-19_14-36-48_0000021_labelled_Lola_pheeseq_0000025_labelled_mB2.wav,Lola,Wuschel,after,non-partner,Tabor-Lola,10.478988,1.1419649,UMAP
137,after_phees_2022-07-19_14-36-48_0000021_labelled_Lola_pheeseq_0000026_labelled_mB1.wav,Lola,Wuschel,after,non-partner,Tabor-Lola,8.283357,0.5677348,UMAP
138,after_phees_2022-07-19_14-36-48_0000021_labelled_Lola_pheeseq_0000026_labelled_mB2.wav,Lola,Wuschel,after,non-partner,Tabor-Lola,10.313984,0.9903261,UMAP
139,after_phees_2022-07-19_14-36-48_0000021_labelled_Lola_pheeseq_0000027_labelled_mB2.wav,Lola,Wuschel,after,non-partner,Tabor-Lola,10.574879,1.460675,UMAP
140,after_phees_2022-07-19_14-36-48_0000021_labelled_Lola_pheeseq_0000028_labelled_mB1.wav,Lola,Wuschel,after,non-partner,Tabor-Lola,8.280317,0.6774676,UMAP
141,after_phees_2022-07-19_14-36-48_0000021_labelled_Lola_pheeseq_0000028_labelled_mB2.wav,Lola,Wuschel,after,non-partner,Tabor-Lola,10.379556,1.1750317,UMAP
142,after_phees_2022-07-19_14-36-48_0000021_labelled_Lola_pheeseq_0000029_labelled_mC1.wav,Lola,Wuschel,after,non-partner,Tabor-Lola,6.8722315,0.7987608,UMAP
143,after_phees_2022-07-19_14-36-48_0000021_labelled_Lola_pheeseq_0000029_labelled_mC2.wav,Lola,Wuschel,after,non-partner,Tabor-Lola,11.5047865,1.8440498,UMAP
144,after_phees_2022-07-19_14-36-48_0000021_labelled_Lola_pheeseq_0000030_labelled_mC1.wav,Lola,Wuschel,after,non-partner,Tabor-Lola,7.9050283,0.6962705,UMAP
145,after_phees_2022-07-19_14-36-48_0000021_labelled_Lola_pheeseq_0000031_labelled_mC2.wav,Lola,Wuschel,after,non-partner,Tabor-Lola,13.145432,1.2591676,UMAP
146,after_phees_2022-07-19_14-36-48_0000021_labelled_Lola_pheeseq_0000032_labelled_mB1.wav,Lola,Wuschel,after,non-partner,Tabor-Lola,10.655549,0.46590382,UMAP
147,after_phees_2022-07-19_14-36-48_0000021_labelled_Lola_pheeseq_0000033_labelled_mB2.wav,Lola,Wuschel,after,non-partner,Tabor-Lola,13.311614,0.95245063,UMAP
148,after_phees_2022-07-19_14-36-48_0000021_labelled_Lola_pheeseq_0000034_labelled_mB1.wav,Lola,Wuschel,after,non-partner,Tabor-Lola,9.289684,0.90818906,UMAP
149,after_phees_2022-07-19_14-36-48_0000021_labelled_Lola_pheeseq_0000034_labelled_mB2.wav,Lola,Wuschel,after,non-partner,Tabor-Lola,13.423924,1.4166579,UMAP
150,after_phees_2022-07-19_14-36-48_0000021_labelled_Lola_pheeseq_0000035_labelled_mB1.wav,Lola,Wuschel,after,non-partner,Tabor-Lola,8.874965,0.69992054,UMAP
151,after_phees_2022-07-19_14-36-48_0000021_labelled_Lola_pheeseq_0000035_labelled_mB2.wav,Lola,Wuschel,after,non-partner,Tabor-Lola,12.580606,1.0436511,UMAP
152,after_phees_2022-07-19_14-36-48_0000021_labelled_Lola_pheeseq_0000036_labelled_mB1.wav,Lola,Wuschel,after,non-partner,Tabor-Lola,9.513581,0.546629,UMAP
153,after_phees_2022-07-19_14-36-48_0000021_labelled_Lola_pheeseq_0000037_labelled_mB1.wav,Lola,Wuschel,after,non-partner,Tabor-Lola,9.720294,0.57694346,UMAP
154,after_phees_2022-07-19_14-36-48_0000021_labelled_Lola_pheeseq_0000037_labelled_mB2.wav,Lola,Wuschel,after,non-partner,Tabor-Lola,13.086701,0.91608405,UMAP
155,after_phees_2022-07-19_14-36-48_0000021_labelled_Lola_pheeseq_0000039_labelled_mB1.wav,Lola,Wuschel,after,non-partner,Tabor-Lola,9.780785,0.5455412,UMAP
156,after_phees_2022-07-19_14-36-48_0000021_labelled_Lola_pheeseq_0000039_labelled_mB2.wav,Lola,Wuschel,after,non-partner,Tabor-Lola,12.287493,1.0362933,UMAP
157,after_phees_2022-07-19_14-36-48_0000021_labelled_Lola_pheeseq_0000040_labelled_mC2.wav,Lola,Wuschel,after,non-partner,Tabor-Lola,11.723395,1.2173356,UMAP
158,after_phees_2022-07-19_14-36-48_0000021_labelled_Lola_pheeseq_0000040_labelled_mC3.wav,Lola,Wuschel,after,non-partner,Tabor-Lola,13.361418,1.8712846,UMAP
159,after_phees_2022-07-19_14-36-48_0000021_labelled_Lola_pheeseq_0000041_labelled_mB1.wav,Lola,Wuschel,after,non-partner,Tabor-Lola,9.031691,1.0892072,UMAP
160,after_phees_2022-07-19_14-36-48_0000021_labelled_Lola_pheeseq_0000041_labelled_mB2.wav,Lola,Wuschel,after,non-partner,Tabor-Lola,13.814272,1.4275723,UMAP
161,after_phees_2022-07-19_14-36-48_0000021_labelled_Wuschel_pheeseq_0000002_labelled_mB1.wav,Wuschel,Lola,after,non-partner,Wuschel-Olympia,2.4676404,4.333352,UMAP
162,after_phees_2022-07-19_14-36-48_0000021_labelled_Wuschel_pheeseq_0000002_labelled_mB2.wav,Wuschel,Lola,after,non-partner,Wuschel-Olympia,1.0608256,4.5569935,UMAP
163,after_phees_2022-07-20_15-39-44_0000028_labelled_Nougatti_pheeseq_0000003_labelled_mC1.wav,Nougatti,Tabor,after,non-partner,Odin-Nougatti,11.421283,2.8993936,UMAP
164,after_phees_2022-07-20_15-39-44_0000028_labelled_Nougatti_pheeseq_0000006_labelled_mC2.wav,Nougatti,Tabor,after,non-partner,Odin-Nougatti,11.378832,4.337405,UMAP
165,after_phees_2022-07-20_15-39-44_0000028_labelled_Nougatti_pheeseq_0000009_labelled_mC1.wav,Nougatti,Tabor,after,non-partner,Odin-Nougatti,5.50027,1.2704161,UMAP
166,after_phees_2022-07-20_15-39-44_0000028_labelled_Nougatti_pheeseq_0000009_labelled_mC2.wav,Nougatti,Tabor,after,non-partner,Odin-Nougatti,12.254675,4.306439,UMAP
167,after_phees_2022-07-20_15-39-44_0000028_labelled_Nougatti_pheeseq_0000018_labelled_mB1.wav,Nougatti,Tabor,after,non-partner,Odin-Nougatti,5.434634,1.2902781,UMAP
168,after_phees_2022-07-20_15-39-44_0000028_labelled_Nougatti_pheeseq_0000018_labelled_mB2.wav,Nougatti,Tabor,after,non-partner,Odin-Nougatti,8.668048,4.1494565,UMAP
169,after_phees_2022-07-20_15-39-44_0000028_labelled_Nougatti_pheeseq_0000019_labelled_mB1.wav,Nougatti,Tabor,after,non-partner,Odin-Nougatti,2.6522179,5.334066,UMAP
170,after_phees_2022-07-20_15-39-44_0000028_labelled_Nougatti_pheeseq_0000020_labelled_mB1.wav,Nougatti,Tabor,after,non-partner,Odin-Nougatti,3.062118,5.2308903,UMAP
171,after_phees_2022-07-20_15-39-44_0000028_labelled_Nougatti_pheeseq_0000020_labelled_mB2.wav,Nougatti,Tabor,after,non-partner,Odin-Nougatti,8.16469,4.098592,UMAP
172,after_phees_2022-07-20_15-39-44_0000028_labelled_Nougatti_pheeseq_0000021_labelled_mB2.wav,Nougatti,Tabor,after,non-partner,Odin-Nougatti,11.40665,4.1108,UMAP
173,after_phees_2022-07-20_15-39-44_0000028_labelled_Nougatti_pheeseq_0000023_labelled_mB1.wav,Nougatti,Tabor,after,non-partner,Odin-Nougatti,6.2363486,1.0512615,UMAP
174,after_phees_2022-07-20_15-39-44_0000028_labelled_Nougatti_pheeseq_0000026_labelled_mB1.wav,Nougatti,Tabor,after,non-partner,Odin-Nougatti,5.297053,1.2122722,UMAP
175,after_phees_2022-07-20_15-39-44_0000028_labelled_Nougatti_pheeseq_0000026_labelled_mB2.wav,Nougatti,Tabor,after,non-partner,Odin-Nougatti,10.88279,3.9622538,UMAP
176,after_phees_2022-07-20_15-39-44_0000028_labelled_Nougatti_pheeseq_0000027_labelled_mB1.wav,Nougatti,Tabor,after,non-partner,Odin-Nougatti,3.2407258,5.2605557,UMAP
177,after_phees_2022-07-20_15-39-44_0000028_labelled_Nougatti_pheeseq_0000027_labelled_mB2.wav,Nougatti,Tabor,after,non-partner,Odin-Nougatti,9.378599,4.0280175,UMAP
178,after_phees_2022-07-20_15-39-44_0000028_labelled_Nougatti_pheeseq_0000028_labelled_mB1.wav,Nougatti,Tabor,after,non-partner,Odin-Nougatti,3.29851,5.21356,UMAP
179,after_phees_2022-07-20_15-39-44_0000028_labelled_Nougatti_pheeseq_0000045_labelled_mB1.wav,Nougatti,Tabor,after,non-partner,Odin-Nougatti,5.4014783,1.7296643,UMAP
180,after_phees_2022-07-20_15-39-44_0000028_labelled_Nougatti_pheeseq_0000045_labelled_mB2.wav,Nougatti,Tabor,after,non-partner,Odin-Nougatti,9.393502,3.6997135,UMAP
181,after_phees_2022-07-20_15-39-44_0000028_labelled_Nougatti_pheeseq_0000046_labelled_mB1.wav,Nougatti,Tabor,after,non-partner,Odin-Nougatti,3.4086044,5.1082277,UMAP
182,after_phees_2022-07-20_15-39-44_0000028_labelled_Nougatti_pheeseq_0000046_labelled_mB2.wav,Nougatti,Tabor,after,non-partner,Odin-Nougatti,8.872589,4.070335,UMAP
183,after_phees_2022-07-20_15-39-44_0000028_labelled_Nougatti_pheeseq_0000047_labelled_mB1.wav,Nougatti,Tabor,after,non-partner,Odin-Nougatti,4.9839907,1.3897884,UMAP
184,after_phees_2022-07-20_15-39-44_0000028_labelled_Nougatti_pheeseq_0000050_labelled_mB1.wav,Nougatti,Tabor,after,non-partner,Odin-Nougatti,4.8786526,2.1542125,UMAP
185,after_phees_2022-07-20_15-39-44_0000028_labelled_Nougatti_pheeseq_0000050_labelled_mB2.wav,Nougatti,Tabor,after,non-partner,Odin-Nougatti,11.544783,4.039704,UMAP
186,after_phees_2022-07-20_15-39-44_0000028_labelled_Nougatti_pheeseq_0000051_labelled_mB1.wav,Nougatti,Tabor,after,non-partner,Odin-Nougatti,4.7498217,1.6836623,UMAP
187,after_phees_2022-07-20_15-39-44_0000028_labelled_Nougatti_pheeseq_0000051_labelled_mB3.wav,Nougatti,Tabor,after,non-partner,Odin-Nougatti,12.39234,4.32833,UMAP
188,after_phees_2022-07-20_15-39-44_0000028_labelled_Nougatti_pheeseq_0000052_labelled_mC1.wav,Nougatti,Tabor,after,non-partner,Odin-Nougatti,4.795027,1.6360772,UMAP
189,after_phees_2022-07-20_15-39-44_0000028_labelled_Nougatti_pheeseq_0000052_labelled_mC2.wav,Nougatti,Tabor,after,non-partner,Odin-Nougatti,12.297831,4.350508,UMAP
190,after_phees_2022-07-20_15-39-44_0000028_labelled_Nougatti_pheeseq_0000052_labelled_mC3.wav,Nougatti,Tabor,after,non-partner,Odin-Nougatti,10.552829,4.7182465,UMAP
191,after_phees_2022-07-20_15-39-44_0000028_labelled_Tabor_pheeseq_0000002_labelled_mD1.wav,Tabor,Nougatti,after,non-partner,Tabor-Lola,5.5396957,3.1734679,UMAP
192,after_phees_2022-07-20_15-39-44_0000028_labelled_Tabor_pheeseq_0000002_labelled_mD4.wav,Tabor,Nougatti,after,non-partner,Tabor-Lola,0.6467044,3.5766654,UMAP
193,after_phees_2022-07-20_15-39-44_0000028_labelled_Tabor_pheeseq_0000002_labelled_mD5.wav,Tabor,Nougatti,after,non-partner,Tabor-Lola,-2.0134633,4.471254,UMAP
194,after_phees_2022-07-20_15-39-44_0000028_labelled_Tabor_pheeseq_0000002_labelled_mD6.wav,Tabor,Nougatti,after,non-partner,Tabor-Lola,-4.666634,4.808169,UMAP
195,after_phees_2022-07-20_15-39-44_0000028_labelled_Tabor_pheeseq_0000004_labelled_mD1.wav,Tabor,Nougatti,after,non-partner,Tabor-Lola,7.651296,4.0630417,UMAP
196,after_phees_2022-07-20_15-39-44_0000028_labelled_Tabor_pheeseq_0000004_labelled_mD2.wav,Tabor,Nougatti,after,non-partner,Tabor-Lola,6.6379786,3.644567,UMAP
197,after_phees_2022-07-20_15-39-44_0000028_labelled_Tabor_pheeseq_0000004_labelled_mD3.wav,Tabor,Nougatti,after,non-partner,Tabor-Lola,-0.6788544,3.921661,UMAP
198,after_phees_2022-07-20_15-39-44_0000028_labelled_Tabor_pheeseq_0000004_labelled_mD4.wav,Tabor,Nougatti,after,non-partner,Tabor-Lola,-3.8844223,4.812273,UMAP
199,after_phees_2022-07-20_15-39-44_0000028_labelled_Tabor_pheeseq_0000008_labelled_mC1.wav,Tabor,Nougatti,after,non-partner,Tabor-Lola,5.6509514,4.0702276,UMAP
200,after_phees_2022-07-20_15-39-44_0000028_labelled_Tabor_pheeseq_0000008_labelled_mC2.wav,Tabor,Nougatti,after,non-partner,Tabor-Lola,0.60766935,3.7224975,UMAP
201,after_phees_2022-07-20_15-39-44_0000028_labelled_Tabor_pheeseq_0000008_labelled_mC3.wav,Tabor,Nougatti,after,non-partner,Tabor-Lola,-1.375637,4.189627,UMAP
202,after_phees_2022-07-20_15-39-44_0000028_labelled_Tabor_pheeseq_0000011_labelled_mB1.wav,Tabor,Nougatti,after,non-partner,Tabor-Lola,6.1518407,2.3067286,UMAP
203,after_phees_2022-07-20_15-39-44_0000028_labelled_Tabor_pheeseq_0000011_labelled_mB3.wav,Tabor,Nougatti,after,non-partner,Tabor-Lola,2.900928,3.5427969,UMAP
204,after_phees_2022-07-20_15-39-44_0000028_labelled_Tabor_pheeseq_0000015_labelled_mD1.wav,Tabor,Nougatti,after,non-partner,Tabor-Lola,6.5968814,2.4797692,UMAP
205,after_phees_2022-07-20_15-39-44_0000028_labelled_Tabor_pheeseq_0000015_labelled_mD2.wav,Tabor,Nougatti,after,non-partner,Tabor-Lola,6.8464603,3.3166153,UMAP
206,after_phees_2022-07-20_15-39-44_0000028_labelled_Tabor_pheeseq_0000015_labelled_mD3.wav,Tabor,Nougatti,after,non-partner,Tabor-Lola,2.986022,3.3056774,UMAP
207,after_phees_2022-07-20_15-39-44_0000028_labelled_Tabor_pheeseq_0000015_labelled_mD4.wav,Tabor,Nougatti,after,non-partner,Tabor-Lola,-3.177886,4.9287634,UMAP
208,after_phees_2022-07-20_15-39-44_0000028_labelled_Tabor_pheeseq_0000017_labelled_mD1.wav,Tabor,Nougatti,after,non-partner,Tabor-Lola,6.6305847,2.2464917,UMAP
209,after_phees_2022-07-20_15-39-44_0000028_labelled_Tabor_pheeseq_0000017_labelled_mD2.wav,Tabor,Nougatti,after,non-partner,Tabor-Lola,9.927498,4.306779,UMAP
210,after_phees_2022-07-20_15-39-44_0000028_labelled_Tabor_pheeseq_0000017_labelled_mD3.wav,Tabor,Nougatti,after,non-partner,Tabor-Lola,6.7396483,3.3783345,UMAP
211,after_phees_2022-07-20_15-39-44_0000028_labelled_Tabor_pheeseq_0000017_labelled_mD4.wav,Tabor,Nougatti,after,non-partner,Tabor-Lola,0.71108514,4.2389164,UMAP
212,after_phees_2022-07-20_15-39-44_0000028_labelled_Tabor_pheeseq_0000022_labelled_mC1.wav,Tabor,Nougatti,after,non-partner,Tabor-Lola,5.8158836,2.3709645,UMAP
213,after_phees_2022-07-20_15-39-44_0000028_labelled_Tabor_pheeseq_0000022_labelled_mC3.wav,Tabor,Nougatti,after,non-partner,Tabor-Lola,6.7652087,3.570207,UMAP
214,after_phees_2022-07-20_15-39-44_0000028_labelled_Tabor_pheeseq_0000022_labelled_mC4.wav,Tabor,Nougatti,after,non-partner,Tabor-Lola,0.5981433,3.8067973,UMAP
215,after_phees_2022-07-20_15-39-44_0000028_labelled_Tabor_pheeseq_0000024_labelled_mC1.wav,Tabor,Nougatti,after,non-partner,Tabor-Lola,5.862697,4.027923,UMAP
216,after_phees_2022-07-20_15-39-44_0000028_labelled_Tabor_pheeseq_0000024_labelled_mC2.wav,Tabor,Nougatti,after,non-partner,Tabor-Lola,2.6366901,3.8552382,UMAP
217,after_phees_2022-07-20_15-39-44_0000028_labelled_Tabor_pheeseq_0000024_labelled_mC3.wav,Tabor,Nougatti,after,non-partner,Tabor-Lola,-0.53188443,3.7423584,UMAP
218,after_phees_2022-07-20_15-39-44_0000028_labelled_Tabor_pheeseq_0000029_labelled_mD1.wav,Tabor,Nougatti,after,non-partner,Tabor-Lola,7.6586127,4.212436,UMAP
219,after_phees_2022-07-20_15-39-44_0000028_labelled_Tabor_pheeseq_0000029_labelled_mD2.wav,Tabor,Nougatti,after,non-partner,Tabor-Lola,7.0113897,4.3808484,UMAP
220,after_phees_2022-07-20_15-39-44_0000028_labelled_Tabor_pheeseq_0000029_labelled_mD3.wav,Tabor,Nougatti,after,non-partner,Tabor-Lola,2.4825065,2.8742683,UMAP
221,after_phees_2022-07-20_15-39-44_0000028_labelled_Tabor_pheeseq_0000029_labelled_mD4.wav,Tabor,Nougatti,after,non-partner,Tabor-Lola,-3.0670552,5.050206,UMAP
222,after_phees_2022-07-20_15-39-44_0000028_labelled_Tabor_pheeseq_0000030_labelled_mD1.wav,Tabor,Nougatti,after,non-partner,Tabor-Lola,7.608525,4.1197863,UMAP
223,after_phees_2022-07-20_15-39-44_0000028_labelled_Tabor_pheeseq_0000030_labelled_mD3.wav,Tabor,Nougatti,after,non-partner,Tabor-Lola,6.5485926,3.8905077,UMAP
224,after_phees_2022-07-20_15-39-44_0000028_labelled_Tabor_pheeseq_0000030_labelled_mD4.wav,Tabor,Nougatti,after,non-partner,Tabor-Lola,1.232458,3.151439,UMAP
225,after_phees_2022-07-20_15-39-44_0000028_labelled_Tabor_pheeseq_0000030_labelled_mD5.wav,Tabor,Nougatti,after,non-partner,Tabor-Lola,-3.1468482,5.0199313,UMAP
226,after_phees_2022-07-20_15-39-44_0000028_labelled_Tabor_pheeseq_0000035_labelled_mC1.wav,Tabor,Nougatti,after,non-partner,Tabor-Lola,3.2702503,4.0976276,UMAP
227,after_phees_2022-07-20_15-39-44_0000028_labelled_Tabor_pheeseq_0000035_labelled_mC4.wav,Tabor,Nougatti,after,non-partner,Tabor-Lola,1.2748512,4.4447327,UMAP
228,after_phees_2022-07-20_15-39-44_0000028_labelled_Tabor_pheeseq_0000035_labelled_mC5.wav,Tabor,Nougatti,after,non-partner,Tabor-Lola,-3.642041,4.9134436,UMAP
229,after_phees_2022-07-20_15-39-44_0000028_labelled_Tabor_pheeseq_0000036_labelled_mD1.wav,Tabor,Nougatti,after,non-partner,Tabor-Lola,4.258279,4.044489,UMAP
230,after_phees_2022-07-20_15-39-44_0000028_labelled_Tabor_pheeseq_0000036_labelled_mD2.wav,Tabor,Nougatti,after,non-partner,Tabor-Lola,2.5287464,4.0604773,UMAP
231,after_phees_2022-07-20_15-39-44_0000028_labelled_Tabor_pheeseq_0000036_labelled_mD3.wav,Tabor,Nougatti,after,non-partner,Tabor-Lola,0.47808838,3.899386,UMAP
232,after_phees_2022-07-20_15-39-44_0000028_labelled_Tabor_pheeseq_0000037_labelled_mD1.wav,Tabor,Nougatti,after,non-partner,Tabor-Lola,5.1671343,3.4954784,UMAP
233,after_phees_2022-07-20_15-39-44_0000028_labelled_Tabor_pheeseq_0000037_labelled_mD2.wav,Tabor,Nougatti,after,non-partner,Tabor-Lola,5.5723205,3.9509566,UMAP
234,after_phees_2022-07-20_15-39-44_0000028_labelled_Tabor_pheeseq_0000037_labelled_mD3.wav,Tabor,Nougatti,after,non-partner,Tabor-Lola,0.45545548,4.1475163,UMAP
235,after_phees_2022-07-20_15-39-44_0000028_labelled_Tabor_pheeseq_0000037_labelled_mD4.wav,Tabor,Nougatti,after,non-partner,Tabor-Lola,-3.838731,4.7772875,UMAP
236,after_phees_2022-07-20_15-39-44_0000028_labelled_Tabor_pheeseq_0000039_labelled_mD1.wav,Tabor,Nougatti,after,non-partner,Tabor-Lola,6.177583,2.3577425,UMAP
237,after_phees_2022-07-20_15-39-44_0000028_labelled_Tabor_pheeseq_0000039_labelled_mD2.wav,Tabor,Nougatti,after,non-partner,Tabor-Lola,6.672565,3.5246181,UMAP
238,after_phees_2022-07-20_15-39-44_0000028_labelled_Tabor_pheeseq_0000039_labelled_mD3.wav,Tabor,Nougatti,after,non-partner,Tabor-Lola,3.252839,3.2210417,UMAP
239,after_phees_2022-07-20_15-39-44_0000028_labelled_Tabor_pheeseq_0000039_labelled_mD4.wav,Tabor,Nougatti,after,non-partner,Tabor-Lola,-1.2427669,3.9962897,UMAP
240,after_phees_2022-07-20_15-39-44_0000028_labelled_Tabor_pheeseq_0000042_labelled_mD1.wav,Tabor,Nougatti,after,non-partner,Tabor-Lola,7.977806,2.008595,UMAP
241,after_phees_2022-07-20_15-39-44_0000028_labelled_Tabor_pheeseq_0000042_labelled_mD2.wav,Tabor,Nougatti,after,non-partner,Tabor-Lola,7.673768,3.4690013,UMAP
242,after_phees_2022-07-20_15-39-44_0000028_labelled_Tabor_pheeseq_0000042_labelled_mD3.wav,Tabor,Nougatti,after,non-partner,Tabor-Lola,5.9550047,3.766481,UMAP
243,after_phees_2022-07-20_15-39-44_0000028_labelled_Tabor_pheeseq_0000042_labelled_mD4.wav,Tabor,Nougatti,after,non-partner,Tabor-Lola,-1.1719736,3.9489067,UMAP
244,after_phees_2022-07-20_15-39-44_0000028_labelled_Tabor_pheeseq_0000043_labelled_mC1.wav,Tabor,Nougatti,after,non-partner,Tabor-Lola,8.354927,2.6959445,UMAP
245,after_phees_2022-07-20_15-39-44_0000028_labelled_Tabor_pheeseq_0000043_labelled_mC3.wav,Tabor,Nougatti,after,non-partner,Tabor-Lola,3.516551,3.2445092,UMAP
246,after_phees_2022-07-20_15-39-44_0000028_labelled_Tabor_pheeseq_0000043_labelled_mC4.wav,Tabor,Nougatti,after,non-partner,Tabor-Lola,0.9227076,3.2964034,UMAP
247,after_phees_2022-07-20_15-39-44_0000028_labelled_Tabor_pheeseq_0000048_labelled_mC1.wav,Tabor,Nougatti,after,non-partner,Tabor-Lola,6.5566525,2.5119715,UMAP
248,after_phees_2022-07-20_15-39-44_0000028_labelled_Tabor_pheeseq_0000048_labelled_mC2.wav,Tabor,Nougatti,after,non-partner,Tabor-Lola,6.848654,3.9744844,UMAP
249,after_phees_2022-07-20_15-39-44_0000028_labelled_Tabor_pheeseq_0000048_labelled_mC3.wav,Tabor,Nougatti,after,non-partner,Tabor-Lola,1.9383612,2.9572687,UMAP
250,after_phees_2022-07-20_15-39-44_0000028_labelled_Tabor_pheeseq_0000049_labelled_mD1.wav,Tabor,Nougatti,after,non-partner,Tabor-Lola,0.099297725,4.752243,UMAP
251,after_phees_2022-07-20_15-39-44_0000028_labelled_Tabor_pheeseq_0000049_labelled_mD3.wav,Tabor,Nougatti,after,non-partner,Tabor-Lola,6.374117,3.8637035,UMAP
252,after_phees_2022-07-20_15-39-44_0000028_labelled_Tabor_pheeseq_0000049_labelled_mD4.wav,Tabor,Nougatti,after,non-partner,Tabor-Lola,0.8443357,3.3284516,UMAP
253,after_phees_2022-07-20_15-39-44_0000028_labelled_Tabor_pheeseq_0000049_labelled_mD5.wav,Tabor,Nougatti,after,non-partner,Tabor-Lola,-4.5654154,4.6379285,UMAP
254,after_phees_2022-07-21_09-36-56_0000029_labelled_Lola_pheeseq_0000004_labelled_mB1.wav,Lola,Odin,after,non-partner,Tabor-Lola,5.257949,1.9958906,UMAP
255,after_phees_2022-07-21_09-36-56_0000029_labelled_Lola_pheeseq_0000005_labelled_mB1.wav,Lola,Odin,after,non-partner,Tabor-Lola,2.6929295,5.1838193,UMAP
256,after_phees_2022-07-21_09-36-56_0000029_labelled_Lola_pheeseq_0000005_labelled_mB2.wav,Lola,Odin,after,non-partner,Tabor-Lola,6.690613,1.331765,UMAP
257,after_phees_2022-07-21_09-36-56_0000029_labelled_Lola_pheeseq_0000038_labelled_mB1.wav,Lola,Odin,after,non-partner,Tabor-Lola,6.138918,1.6931885,UMAP
258,after_phees_2022-07-21_09-36-56_0000029_labelled_Lola_pheeseq_0000038_labelled_mB2.wav,Lola,Odin,after,non-partner,Tabor-Lola,9.350778,2.157797,UMAP
259,after_phees_2022-07-21_09-36-56_0000029_labelled_Lola_pheeseq_0000039_labelled_mC1.wav,Lola,Odin,after,non-partner,Tabor-Lola,5.4490943,1.5861859,UMAP
260,after_phees_2022-07-21_09-36-56_0000029_labelled_Lola_pheeseq_0000039_labelled_mC2.wav,Lola,Odin,after,non-partner,Tabor-Lola,7.0300794,0.8619645,UMAP
261,after_phees_2022-07-21_09-36-56_0000029_labelled_Lola_pheeseq_0000039_labelled_mC3.wav,Lola,Odin,after,non-partner,Tabor-Lola,8.779115,1.345376,UMAP
262,after_phees_2022-07-21_09-36-56_0000029_labelled_Lola_pheeseq_0000040_labelled_mC1.wav,Lola,Odin,after,non-partner,Tabor-Lola,2.9877326,5.201104,UMAP
263,after_phees_2022-07-21_09-36-56_0000029_labelled_Lola_pheeseq_0000040_labelled_mC2.wav,Lola,Odin,after,non-partner,Tabor-Lola,8.793718,1.3207076,UMAP
264,after_phees_2022-07-21_09-36-56_0000029_labelled_Lola_pheeseq_0000041_labelled_mB1.wav,Lola,Odin,after,non-partner,Tabor-Lola,3.1809638,5.232923,UMAP
265,after_phees_2022-07-21_09-36-56_0000029_labelled_Lola_pheeseq_0000041_labelled_mB2.wav,Lola,Odin,after,non-partner,Tabor-Lola,10.373851,2.0805452,UMAP
266,after_phees_2022-07-21_09-36-56_0000029_labelled_Odin_pheeseq_0000007_labelled_mB1.wav,Odin,Lola,after,non-partner,Odin-Nougatti,7.4185343,3.8639376,UMAP
267,after_phees_2022-07-21_09-36-56_0000029_labelled_Odin_pheeseq_0000007_labelled_mB2.wav,Odin,Lola,after,non-partner,Odin-Nougatti,11.496994,4.0656037,UMAP
268,after_phees_2022-07-21_09-36-56_0000029_labelled_Odin_pheeseq_0000009_labelled_mB1.wav,Odin,Lola,after,non-partner,Odin-Nougatti,8.807875,3.7629085,UMAP
269,after_phees_2022-07-21_09-36-56_0000029_labelled_Odin_pheeseq_0000009_labelled_mB2.wav,Odin,Lola,after,non-partner,Odin-Nougatti,10.798488,2.8279834,UMAP
270,after_phees_2022-07-21_09-36-56_0000029_labelled_Odin_pheeseq_0000011_labelled_mB1.wav,Odin,Lola,after,non-partner,Odin-Nougatti,9.613126,3.4579656,UMAP
271,after_phees_2022-07-21_09-36-56_0000029_labelled_Odin_pheeseq_0000011_labelled_mB2.wav,Odin,Lola,after,non-partner,Odin-Nougatti,10.51589,2.1559565,UMAP
272,after_phees_2022-07-21_09-36-56_0000029_labelled_Odin_pheeseq_0000015_labelled_mB1.wav,Odin,Lola,after,non-partner,Odin-Nougatti,8.415958,3.7987857,UMAP
273,after_phees_2022-07-21_09-36-56_0000029_labelled_Odin_pheeseq_0000015_labelled_mB2.wav,Odin,Lola,after,non-partner,Odin-Nougatti,11.960929,3.8965206,UMAP
274,after_phees_2022-07-21_09-36-56_0000029_labelled_Odin_pheeseq_0000017_labelled_mB1.wav,Odin,Lola,after,non-partner,Odin-Nougatti,7.323333,4.072424,UMAP
275,after_phees_2022-07-21_09-36-56_0000029_labelled_Odin_pheeseq_0000017_labelled_mB2.wav,Odin,Lola,after,non-partner,Odin-Nougatti,11.77606,4.2804976,UMAP
276,after_phees_2022-07-21_09-36-56_0000029_labelled_Odin_pheeseq_0000018_labelled_mB1.wav,Odin,Lola,after,non-partner,Odin-Nougatti,9.550472,3.691553,UMAP
277,after_phees_2022-07-21_09-36-56_0000029_labelled_Odin_pheeseq_0000018_labelled_mB2.wav,Odin,Lola,after,non-partner,Odin-Nougatti,12.384345,4.0219345,UMAP
278,after_phees_2022-07-21_09-36-56_0000029_labelled_Odin_pheeseq_0000019_labelled_mB1.wav,Odin,Lola,after,non-partner,Odin-Nougatti,9.182255,3.3833768,UMAP
279,after_phees_2022-07-21_09-36-56_0000029_labelled_Odin_pheeseq_0000019_labelled_mB2.wav,Odin,Lola,after,non-partner,Odin-Nougatti,12.341807,3.695741,UMAP
280,after_phees_2022-07-21_09-36-56_0000029_labelled_Odin_pheeseq_0000020_labelled_mB1.wav,Odin,Lola,after,non-partner,Odin-Nougatti,7.670448,3.531127,UMAP
281,after_phees_2022-07-21_09-36-56_0000029_labelled_Odin_pheeseq_0000020_labelled_mB2.wav,Odin,Lola,after,non-partner,Odin-Nougatti,10.411123,3.3751636,UMAP
282,after_phees_2022-07-21_09-36-56_0000029_labelled_Odin_pheeseq_0000021_labelled_mB1.wav,Odin,Lola,after,non-partner,Odin-Nougatti,8.848934,4.123698,UMAP
283,after_phees_2022-07-21_09-36-56_0000029_labelled_Odin_pheeseq_0000021_labelled_mB2.wav,Odin,Lola,after,non-partner,Odin-Nougatti,11.849976,4.355258,UMAP
284,after_phees_2022-07-21_09-36-56_0000029_labelled_Odin_pheeseq_0000022_labelled_mC1.wav,Odin,Lola,after,non-partner,Odin-Nougatti,8.805438,4.1367564,UMAP
285,after_phees_2022-07-21_09-36-56_0000029_labelled_Odin_pheeseq_0000022_labelled_mC3.wav,Odin,Lola,after,non-partner,Odin-Nougatti,12.366389,4.646481,UMAP
286,after_phees_2022-07-21_09-36-56_0000029_labelled_Odin_pheeseq_0000022_labelled_mC4.wav,Odin,Lola,after,non-partner,Odin-Nougatti,12.303451,4.5864124,UMAP
287,after_phees_2022-07-21_09-36-56_0000029_labelled_Odin_pheeseq_0000023_labelled_mC1.wav,Odin,Lola,after,non-partner,Odin-Nougatti,4.9596796,4.2842555,UMAP
288,after_phees_2022-07-21_09-36-56_0000029_labelled_Odin_pheeseq_0000023_labelled_mC3.wav,Odin,Lola,after,non-partner,Odin-Nougatti,11.619139,5.1173854,UMAP
289,after_phees_2022-07-21_09-36-56_0000029_labelled_Odin_pheeseq_0000023_labelled_mC4.wav,Odin,Lola,after,non-partner,Odin-Nougatti,12.28414,4.8377514,UMAP
290,after_phees_2022-07-21_09-36-56_0000029_labelled_Odin_pheeseq_0000050_labelled_mB1.wav,Odin,Lola,after,non-partner,Odin-Nougatti,6.8055773,4.216866,UMAP
291,after_phees_2022-07-21_09-36-56_0000029_labelled_Odin_pheeseq_0000050_labelled_mB2.wav,Odin,Lola,after,non-partner,Odin-Nougatti,11.041774,4.5542464,UMAP
292,after_phees_2022-07-21_09-36-56_0000029_labelled_Odin_pheeseq_0000051_labelled_mC1.wav,Odin,Lola,after,non-partner,Odin-Nougatti,6.486701,4.436482,UMAP
293,after_phees_2022-07-21_09-36-56_0000029_labelled_Odin_pheeseq_0000051_labelled_mC2.wav,Odin,Lola,after,non-partner,Odin-Nougatti,10.557405,4.4888544,UMAP
294,after_phees_2022-07-21_09-36-56_0000029_labelled_Odin_pheeseq_0000051_labelled_mC3.wav,Odin,Lola,after,non-partner,Odin-Nougatti,10.7046175,4.524728,UMAP
295,after_phees_2022-07-21_09-36-56_0000029_labelled_Odin_pheeseq_0000052_labelled_mB1.wav,Odin,Lola,after,non-partner,Odin-Nougatti,7.2944536,4.38215,UMAP
296,after_phees_2022-07-21_09-36-56_0000029_labelled_Odin_pheeseq_0000052_labelled_mB2.wav,Odin,Lola,after,non-partner,Odin-Nougatti,11.115707,4.487175,UMAP
297,after_phees_2022-07-21_09-36-56_0000029_labelled_Odin_pheeseq_0000053_labelled_mC1.wav,Odin,Lola,after,non-partner,Odin-Nougatti,4.854698,4.245766,UMAP
298,after_phees_2022-07-21_09-36-56_0000029_labelled_Odin_pheeseq_0000053_labelled_mC3.wav,Odin,Lola,after,non-partner,Odin-Nougatti,10.337191,4.810122,UMAP
299,after_phees_2022-07-21_09-36-56_0000029_labelled_Odin_pheeseq_0000053_labelled_mC4.wav,Odin,Lola,after,non-partner,Odin-Nougatti,11.419624,4.9818277,UMAP
300,after_phees_2022-07-21_13-24-57_0000034_labelled_Olympia_pheeseq_0000004_labelled_mC2.wav,Olympia,Wuschel,after,partner,Wuschel-Olympia,2.7887495,3.5821316,UMAP
301,after_phees_2022-07-21_13-24-57_0000034_labelled_Olympia_pheeseq_0000004_labelled_mC3.wav,Olympia,Wuschel,after,partner,Wuschel-Olympia,-4.0465183,4.777435,UMAP
302,after_phees_2022-07-21_13-24-57_0000034_labelled_Olympia_pheeseq_0000014_labelled_mB1.wav,Olympia,Wuschel,after,partner,Wuschel-Olympia,0.92105347,5.179012,UMAP
303,after_phees_2022-07-21_13-24-57_0000034_labelled_Olympia_pheeseq_0000014_labelled_mB2.wav,Olympia,Wuschel,after,partner,Wuschel-Olympia,-3.225296,4.902003,UMAP
304,after_phees_2022-07-21_13-24-57_0000034_labelled_Wuschel_pheeseq_0000002_labelled_mB1.wav,Wuschel,Olympia,after,partner,Wuschel-Olympia,-3.8431203,4.5793123,UMAP
305,after_phees_2022-07-21_13-24-57_0000034_labelled_Wuschel_pheeseq_0000002_labelled_mB2.wav,Wuschel,Olympia,after,partner,Wuschel-Olympia,-4.1824713,4.649244,UMAP
306,after_phees_2022-07-21_13-48-50_0000035_labelled_Tabor_pheeseq_0000005_labelled_mC1.wav,Tabor,Olympia,after,non-partner,Tabor-Lola,2.1314957,4.7567425,UMAP
307,after_phees_2022-07-21_13-48-50_0000035_labelled_Tabor_pheeseq_0000005_labelled_mC4.wav,Tabor,Olympia,after,non-partner,Tabor-Lola,1.0916349,4.764499,UMAP
308,after_phees_2022-07-21_13-48-50_0000035_labelled_Tabor_pheeseq_0000005_labelled_mC5.wav,Tabor,Olympia,after,non-partner,Tabor-Lola,-3.8822286,4.871117,UMAP
309,after_phees_2022-07-21_13-48-50_0000035_labelled_Tabor_pheeseq_0000006_labelled_mC1.wav,Tabor,Olympia,after,non-partner,Tabor-Lola,5.867271,2.3887584,UMAP
310,after_phees_2022-07-21_13-48-50_0000035_labelled_Tabor_pheeseq_0000006_labelled_mC3.wav,Tabor,Olympia,after,non-partner,Tabor-Lola,1.4937363,4.428845,UMAP
311,after_phees_2022-07-21_13-48-50_0000035_labelled_Tabor_pheeseq_0000006_labelled_mC4.wav,Tabor,Olympia,after,non-partner,Tabor-Lola,-1.022788,4.0551887,UMAP
312,after_phees_2022-07-21_13-48-50_0000035_labelled_Tabor_pheeseq_0000007_labelled_mD1.wav,Tabor,Olympia,after,non-partner,Tabor-Lola,2.0012436,4.6929893,UMAP
313,after_phees_2022-07-21_13-48-50_0000035_labelled_Tabor_pheeseq_0000007_labelled_mD2.wav,Tabor,Olympia,after,non-partner,Tabor-Lola,5.5631604,3.1932266,UMAP
314,after_phees_2022-07-21_13-48-50_0000035_labelled_Tabor_pheeseq_0000007_labelled_mD3.wav,Tabor,Olympia,after,non-partner,Tabor-Lola,3.3570423,3.2793157,UMAP
315,after_phees_2022-07-21_13-48-50_0000035_labelled_Tabor_pheeseq_0000007_labelled_mD4.wav,Tabor,Olympia,after,non-partner,Tabor-Lola,-2.5443342,4.748718,UMAP
316,after_phees_2022-07-21_13-48-50_0000035_labelled_Tabor_pheeseq_0000008_labelled_mB1.wav,Tabor,Olympia,after,non-partner,Tabor-Lola,6.205605,2.091411,UMAP
317,after_phees_2022-07-21_13-48-50_0000035_labelled_Tabor_pheeseq_0000008_labelled_mB3.wav,Tabor,Olympia,after,non-partner,Tabor-Lola,5.456916,3.2823257,UMAP
318,after_phees_2022-07-21_13-48-50_0000035_labelled_Tabor_pheeseq_0000015_labelled_mC1.wav,Tabor,Olympia,after,non-partner,Tabor-Lola,2.1354177,4.7584558,UMAP
319,after_phees_2022-07-21_13-48-50_0000035_labelled_Tabor_pheeseq_0000015_labelled_mC3.wav,Tabor,Olympia,after,non-partner,Tabor-Lola,0.5378881,4.6509266,UMAP
320,after_phees_2022-07-21_13-48-50_0000035_labelled_Tabor_pheeseq_0000015_labelled_mC4.wav,Tabor,Olympia,after,non-partner,Tabor-Lola,-3.664043,4.922982,UMAP
321,after_phees_2022-07-21_13-48-50_0000035_labelled_Tabor_pheeseq_0000016_labelled_mB1.wav,Tabor,Olympia,after,non-partner,Tabor-Lola,2.2587936,4.759501,UMAP
322,after_phees_2022-07-21_13-48-50_0000035_labelled_Tabor_pheeseq_0000016_labelled_mB3.wav,Tabor,Olympia,after,non-partner,Tabor-Lola,0.14201966,4.6582594,UMAP
323,after_phees_2022-07-21_13-48-50_0000035_labelled_Tabor_pheeseq_0000019_labelled_mB1.wav,Tabor,Olympia,after,non-partner,Tabor-Lola,1.1045612,4.6557245,UMAP
324,after_phees_2022-07-21_13-48-50_0000035_labelled_Tabor_pheeseq_0000019_labelled_mB3.wav,Tabor,Olympia,after,non-partner,Tabor-Lola,-0.24614404,4.7581353,UMAP
325,after_phees_2022-07-25_13-47-10_0000038_labelled_Lola_pheeseq_0000002_labelled_mD1.wav,Lola,Wuschel,after,non-partner,Tabor-Lola,6.6967344,1.0529475,UMAP
326,after_phees_2022-07-25_13-47-10_0000038_labelled_Lola_pheeseq_0000002_labelled_mD2.wav,Lola,Wuschel,after,non-partner,Tabor-Lola,8.552423,0.7330705,UMAP
327,after_phees_2022-07-25_13-47-10_0000038_labelled_Lola_pheeseq_0000002_labelled_mD3.wav,Lola,Wuschel,after,non-partner,Tabor-Lola,11.47029,1.925143,UMAP
328,after_phees_2022-07-25_13-47-10_0000038_labelled_Lola_pheeseq_0000002_labelled_mD4.wav,Lola,Wuschel,after,non-partner,Tabor-Lola,11.119901,1.9866468,UMAP
329,after_phees_2022-07-25_13-47-10_0000038_labelled_Lola_pheeseq_0000003_labelled_mC1.wav,Lola,Wuschel,after,non-partner,Tabor-Lola,5.6192083,1.2839199,UMAP
330,after_phees_2022-07-25_13-47-10_0000038_labelled_Lola_pheeseq_0000003_labelled_mC2.wav,Lola,Wuschel,after,non-partner,Tabor-Lola,10.220878,0.90257406,UMAP
331,after_phees_2022-07-25_13-47-10_0000038_labelled_Lola_pheeseq_0000003_labelled_mC3.wav,Lola,Wuschel,after,non-partner,Tabor-Lola,11.995222,1.7522157,UMAP
332,after_phees_2022-07-25_13-47-10_0000038_labelled_Lola_pheeseq_0000004_labelled_mC1.wav,Lola,Wuschel,after,non-partner,Tabor-Lola,6.074099,3.6519096,UMAP
333,after_phees_2022-07-25_13-47-10_0000038_labelled_Lola_pheeseq_0000004_labelled_mC2.wav,Lola,Wuschel,after,non-partner,Tabor-Lola,10.515089,1.6792973,UMAP
334,after_phees_2022-07-25_13-47-10_0000038_labelled_Lola_pheeseq_0000004_labelled_mC3.wav,Lola,Wuschel,after,non-partner,Tabor-Lola,7.024099,0.7360873,UMAP
335,after_phees_2022-07-25_13-47-10_0000038_labelled_Lola_pheeseq_0000005_labelled_mC1.wav,Lola,Wuschel,after,non-partner,Tabor-Lola,7.8806934,0.82303274,UMAP
336,after_phees_2022-07-25_13-47-10_0000038_labelled_Lola_pheeseq_0000005_labelled_mC2.wav,Lola,Wuschel,after,non-partner,Tabor-Lola,11.700773,1.2532063,UMAP
337,after_phees_2022-07-25_13-47-10_0000038_labelled_Lola_pheeseq_0000006_labelled_mC1.wav,Lola,Wuschel,after,non-partner,Tabor-Lola,8.756727,1.2968862,UMAP
338,after_phees_2022-07-25_13-47-10_0000038_labelled_Lola_pheeseq_0000006_labelled_mC2.wav,Lola,Wuschel,after,non-partner,Tabor-Lola,11.664897,1.1984538,UMAP
339,after_phees_2022-07-25_13-47-10_0000038_labelled_Lola_pheeseq_0000006_labelled_mC3.wav,Lola,Wuschel,after,non-partner,Tabor-Lola,9.437052,0.4821298,UMAP
340,after_phees_2022-07-25_13-47-10_0000038_labelled_Lola_pheeseq_0000008_labelled_mC1.wav,Lola,Wuschel,after,non-partner,Tabor-Lola,7.829423,0.7817104,UMAP
341,after_phees_2022-07-25_13-47-10_0000038_labelled_Lola_pheeseq_0000008_labelled_mC2.wav,Lola,Wuschel,after,non-partner,Tabor-Lola,13.390233,1.2331127,UMAP
342,after_phees_2022-07-25_13-47-10_0000038_labelled_Lola_pheeseq_0000008_labelled_mC3.wav,Lola,Wuschel,after,non-partner,Tabor-Lola,7.4973326,0.65659124,UMAP
343,after_phees_2022-07-25_13-47-10_0000038_labelled_Lola_pheeseq_0000013_labelled_mC1.wav,Lola,Wuschel,after,non-partner,Tabor-Lola,10.529853,0.41876045,UMAP
344,after_phees_2022-07-25_13-47-10_0000038_labelled_Lola_pheeseq_0000013_labelled_mC2.wav,Lola,Wuschel,after,non-partner,Tabor-Lola,10.789963,0.6474607,UMAP
345,after_phees_2022-07-25_13-47-10_0000038_labelled_Lola_pheeseq_0000013_labelled_mC3.wav,Lola,Wuschel,after,non-partner,Tabor-Lola,12.746826,1.815831,UMAP
346,after_phees_2022-07-25_13-47-10_0000038_labelled_Lola_pheeseq_0000014_labelled_mD1.wav,Lola,Wuschel,after,non-partner,Tabor-Lola,8.097475,0.70181394,UMAP
347,after_phees_2022-07-25_13-47-10_0000038_labelled_Lola_pheeseq_0000014_labelled_mD2.wav,Lola,Wuschel,after,non-partner,Tabor-Lola,9.8445,0.74003583,UMAP
348,after_phees_2022-07-25_13-47-10_0000038_labelled_Lola_pheeseq_0000014_labelled_mD3.wav,Lola,Wuschel,after,non-partner,Tabor-Lola,13.137967,1.9357699,UMAP
349,after_phees_2022-07-25_13-47-10_0000038_labelled_Lola_pheeseq_0000014_labelled_mD7.wav,Lola,Wuschel,after,non-partner,Tabor-Lola,6.783282,0.78693104,UMAP
350,after_phees_2022-07-25_13-47-10_0000038_labelled_Lola_pheeseq_0000016_labelled_mC1.wav,Lola,Wuschel,after,non-partner,Tabor-Lola,10.834958,0.54791605,UMAP
351,after_phees_2022-07-25_13-47-10_0000038_labelled_Lola_pheeseq_0000016_labelled_mC2.wav,Lola,Wuschel,after,non-partner,Tabor-Lola,11.414981,0.7933902,UMAP
352,after_phees_2022-07-25_13-47-10_0000038_labelled_Lola_pheeseq_0000016_labelled_mC3.wav,Lola,Wuschel,after,non-partner,Tabor-Lola,13.468218,1.7727559,UMAP
353,after_phees_2022-07-25_13-47-10_0000038_labelled_Lola_pheeseq_0000020_labelled_mC1.wav,Lola,Wuschel,after,non-partner,Tabor-Lola,7.1046867,1.0087682,UMAP
354,after_phees_2022-07-25_13-47-10_0000038_labelled_Lola_pheeseq_0000020_labelled_mC2.wav,Lola,Wuschel,after,non-partner,Tabor-Lola,11.5709,1.7650573,UMAP
355,after_phees_2022-07-25_13-47-10_0000038_labelled_Lola_pheeseq_0000020_labelled_mC5.wav,Lola,Wuschel,after,non-partner,Tabor-Lola,5.582362,1.5229071,UMAP
356,after_phees_2022-07-25_13-47-10_0000038_labelled_Lola_pheeseq_0000021_labelled_mB1.wav,Lola,Wuschel,after,non-partner,Tabor-Lola,5.569567,1.5523556,UMAP
357,after_phees_2022-07-25_13-47-10_0000038_labelled_Lola_pheeseq_0000021_labelled_mB2.wav,Lola,Wuschel,after,non-partner,Tabor-Lola,11.227023,1.9712119,UMAP
358,after_phees_2022-07-25_13-47-10_0000038_labelled_Lola_pheeseq_0000022_labelled_mB1.wav,Lola,Wuschel,after,non-partner,Tabor-Lola,8.389055,0.75413483,UMAP
359,after_phees_2022-07-25_13-47-10_0000038_labelled_Lola_pheeseq_0000022_labelled_mB2.wav,Lola,Wuschel,after,non-partner,Tabor-Lola,12.091487,1.1749264,UMAP
360,after_phees_2022-07-25_13-47-10_0000038_labelled_Lola_pheeseq_0000025_labelled_mC1.wav,Lola,Wuschel,after,non-partner,Tabor-Lola,10.92809,0.7318005,UMAP
361,after_phees_2022-07-25_13-47-10_0000038_labelled_Lola_pheeseq_0000025_labelled_mC3.wav,Lola,Wuschel,after,non-partner,Tabor-Lola,13.800057,1.6197758,UMAP
362,after_phees_2022-07-25_13-47-10_0000038_labelled_Lola_pheeseq_0000036_labelled_mB1.wav,Lola,Wuschel,after,non-partner,Tabor-Lola,8.760517,2.0155678,UMAP
363,after_phees_2022-07-25_13-47-10_0000038_labelled_Lola_pheeseq_0000036_labelled_mB2.wav,Lola,Wuschel,after,non-partner,Tabor-Lola,10.998783,1.9866956,UMAP
364,after_phees_2022-07-25_13-47-10_0000038_labelled_Lola_pheeseq_0000037_labelled_mB1.wav,Lola,Wuschel,after,non-partner,Tabor-Lola,6.7679358,0.871181,UMAP
365,after_phees_2022-07-25_13-47-10_0000038_labelled_Lola_pheeseq_0000037_labelled_mB2.wav,Lola,Wuschel,after,non-partner,Tabor-Lola,10.677711,1.8375313,UMAP
366,after_phees_2022-07-25_13-47-10_0000038_labelled_Lola_pheeseq_0000038_labelled_mC1.wav,Lola,Wuschel,after,non-partner,Tabor-Lola,6.982603,0.8067816,UMAP
367,after_phees_2022-07-25_13-47-10_0000038_labelled_Lola_pheeseq_0000038_labelled_mC2.wav,Lola,Wuschel,after,non-partner,Tabor-Lola,8.743616,0.84105647,UMAP
368,after_phees_2022-07-25_13-47-10_0000038_labelled_Lola_pheeseq_0000039_labelled_mC2.wav,Lola,Wuschel,after,non-partner,Tabor-Lola,9.9795475,1.0945474,UMAP
369,after_phees_2022-07-25_13-47-10_0000038_labelled_Lola_pheeseq_0000039_labelled_mC3.wav,Lola,Wuschel,after,non-partner,Tabor-Lola,13.582706,1.7217126,UMAP
370,after_phees_2022-07-25_13-47-10_0000038_labelled_Lola_pheeseq_0000040_labelled_mC1.wav,Lola,Wuschel,after,non-partner,Tabor-Lola,8.883257,1.119227,UMAP
371,after_phees_2022-07-25_13-47-10_0000038_labelled_Lola_pheeseq_0000040_labelled_mC2.wav,Lola,Wuschel,after,non-partner,Tabor-Lola,13.217678,1.5825156,UMAP
372,after_phees_2022-07-25_13-47-10_0000038_labelled_Lola_pheeseq_0000040_labelled_mC3.wav,Lola,Wuschel,after,non-partner,Tabor-Lola,13.263376,1.7928779,UMAP
373,after_phees_2022-07-25_13-47-10_0000038_labelled_Lola_pheeseq_0000041_labelled_mC1.wav,Lola,Wuschel,after,non-partner,Tabor-Lola,7.4963346,0.9605232,UMAP
374,after_phees_2022-07-25_13-47-10_0000038_labelled_Lola_pheeseq_0000041_labelled_mC2.wav,Lola,Wuschel,after,non-partner,Tabor-Lola,12.855542,1.83584,UMAP
375,after_phees_2022-07-25_13-47-10_0000038_labelled_Lola_pheeseq_0000041_labelled_mC3.wav,Lola,Wuschel,after,non-partner,Tabor-Lola,12.834245,1.628482,UMAP
376,after_phees_2022-07-25_13-47-10_0000038_labelled_Lola_pheeseq_0000042_labelled_mB1.wav,Lola,Wuschel,after,non-partner,Tabor-Lola,9.039847,0.9465632,UMAP
377,after_phees_2022-07-25_13-47-10_0000038_labelled_Lola_pheeseq_0000043_labelled_mB1.wav,Lola,Wuschel,after,non-partner,Tabor-Lola,7.756868,0.9187999,UMAP
378,after_phees_2022-07-25_13-47-10_0000038_labelled_Lola_pheeseq_0000044_labelled_mB1.wav,Lola,Wuschel,after,non-partner,Tabor-Lola,8.873488,0.98277974,UMAP
379,after_phees_2022-07-25_13-47-10_0000038_labelled_Lola_pheeseq_0000044_labelled_mB2.wav,Lola,Wuschel,after,non-partner,Tabor-Lola,13.146138,1.5919576,UMAP
380,after_phees_2022-07-25_13-47-10_0000038_labelled_Lola_pheeseq_0000045_labelled_mB1.wav,Lola,Wuschel,after,non-partner,Tabor-Lola,8.598671,0.77886176,UMAP
381,after_phees_2022-07-25_13-47-10_0000038_labelled_Lola_pheeseq_0000045_labelled_mB2.wav,Lola,Wuschel,after,non-partner,Tabor-Lola,13.1373205,1.2056504,UMAP
382,after_phees_2022-07-25_13-47-10_0000038_labelled_Lola_pheeseq_0000046_labelled_mB1.wav,Lola,Wuschel,after,non-partner,Tabor-Lola,9.9344015,1.168462,UMAP
383,after_phees_2022-07-25_13-47-10_0000038_labelled_Lola_pheeseq_0000046_labelled_mB2.wav,Lola,Wuschel,after,non-partner,Tabor-Lola,13.340426,1.3152865,UMAP
384,after_phees_2022-07-25_13-47-10_0000038_labelled_Lola_pheeseq_0000047_labelled_mB1.wav,Lola,Wuschel,after,non-partner,Tabor-Lola,9.745057,0.6854312,UMAP
385,after_phees_2022-07-25_13-47-10_0000038_labelled_Lola_pheeseq_0000047_labelled_mB2.wav,Lola,Wuschel,after,non-partner,Tabor-Lola,13.018954,1.2523904,UMAP
386,after_phees_2022-07-25_13-47-10_0000038_labelled_Lola_pheeseq_0000048_labelled_mB1.wav,Lola,Wuschel,after,non-partner,Tabor-Lola,7.773609,0.75683355,UMAP
387,after_phees_2022-07-25_13-47-10_0000038_labelled_Lola_pheeseq_0000048_labelled_mB2.wav,Lola,Wuschel,after,non-partner,Tabor-Lola,12.109711,1.6370971,UMAP
388,after_phees_2022-07-25_13-47-10_0000038_labelled_Lola_pheeseq_0000049_labelled_mB1.wav,Lola,Wuschel,after,non-partner,Tabor-Lola,8.889383,0.7045364,UMAP
389,after_phees_2022-07-25_13-47-10_0000038_labelled_Lola_pheeseq_0000049_labelled_mB3.wav,Lola,Wuschel,after,non-partner,Tabor-Lola,12.761386,1.2019686,UMAP
390,after_phees_2022-07-25_13-47-10_0000038_labelled_Lola_pheeseq_0000050_labelled_mB2.wav,Lola,Wuschel,after,non-partner,Tabor-Lola,13.945602,1.2314844,UMAP
391,after_phees_2022-07-25_13-47-10_0000038_labelled_Lola_pheeseq_0000051_labelled_mB2.wav,Lola,Wuschel,after,non-partner,Tabor-Lola,13.189668,1.4065568,UMAP
392,after_phees_2022-07-25_13-47-10_0000038_labelled_Lola_pheeseq_0000055_labelled_mB1.wav,Lola,Wuschel,after,non-partner,Tabor-Lola,9.629597,1.11928,UMAP
393,after_phees_2022-07-25_13-47-10_0000038_labelled_Lola_pheeseq_0000055_labelled_mB2.wav,Lola,Wuschel,after,non-partner,Tabor-Lola,12.819385,1.6252811,UMAP
394,after_phees_2022-07-25_13-47-10_0000038_labelled_Lola_pheeseq_0000058_labelled_mB1.wav,Lola,Wuschel,after,non-partner,Tabor-Lola,8.149624,0.7214773,UMAP
395,after_phees_2022-07-25_13-47-10_0000038_labelled_Lola_pheeseq_0000058_labelled_mB2.wav,Lola,Wuschel,after,non-partner,Tabor-Lola,12.84457,1.7253532,UMAP
396,after_phees_2022-07-25_13-47-10_0000038_labelled_Wuschel_pheeseq_0000010_labelled_mB1.wav,Wuschel,Lola,after,non-partner,Wuschel-Olympia,-2.3267157,4.4795213,UMAP
397,after_phees_2022-07-25_13-47-10_0000038_labelled_Wuschel_pheeseq_0000010_labelled_mB2.wav,Wuschel,Lola,after,non-partner,Wuschel-Olympia,-2.1011097,4.463702,UMAP
398,after_phees_2022-07-25_13-47-10_0000038_labelled_Wuschel_pheeseq_0000011_labelled_mB1.wav,Wuschel,Lola,after,non-partner,Wuschel-Olympia,-2.4869335,4.129733,UMAP
399,after_phees_2022-07-25_13-47-10_0000038_labelled_Wuschel_pheeseq_0000011_labelled_mB2.wav,Wuschel,Lola,after,non-partner,Wuschel-Olympia,-1.5268438,4.2759705,UMAP
400,after_phees_2022-07-25_13-47-10_0000038_labelled_Wuschel_pheeseq_0000012_labelled_mB1.wav,Wuschel,Lola,after,non-partner,Wuschel-Olympia,-3.4683409,4.006899,UMAP
401,after_phees_2022-07-25_13-47-10_0000038_labelled_Wuschel_pheeseq_0000012_labelled_mB2.wav,Wuschel,Lola,after,non-partner,Wuschel-Olympia,-2.2739422,4.146652,UMAP
402,after_phees_2022-07-25_13-47-10_0000038_labelled_Wuschel_pheeseq_0000015_labelled_mB1.wav,Wuschel,Lola,after,non-partner,Wuschel-Olympia,-1.095889,4.9140806,UMAP
403,after_phees_2022-07-25_13-47-10_0000038_labelled_Wuschel_pheeseq_0000015_labelled_mB2.wav,Wuschel,Lola,after,non-partner,Wuschel-Olympia,-0.45043254,4.7666516,UMAP
404,after_phees_2022-07-25_13-47-10_0000038_labelled_Wuschel_pheeseq_0000017_labelled_mB1.wav,Wuschel,Lola,after,non-partner,Wuschel-Olympia,-0.606005,4.920044,UMAP
405,after_phees_2022-07-25_13-47-10_0000038_labelled_Wuschel_pheeseq_0000017_labelled_mB2.wav,Wuschel,Lola,after,non-partner,Wuschel-Olympia,-0.73636353,4.5275044,UMAP
406,after_phees_2022-07-25_13-47-10_0000038_labelled_Wuschel_pheeseq_0000018_labelled_mB1.wav,Wuschel,Lola,after,non-partner,Wuschel-Olympia,-3.490618,4.030331,UMAP
407,after_phees_2022-07-25_13-47-10_0000038_labelled_Wuschel_pheeseq_0000018_labelled_mB2.wav,Wuschel,Lola,after,non-partner,Wuschel-Olympia,-2.0627954,4.1554246,UMAP
408,after_phees_2022-07-25_13-47-10_0000038_labelled_Wuschel_pheeseq_0000023_labelled_mB1.wav,Wuschel,Lola,after,non-partner,Wuschel-Olympia,-0.049784888,5.0771575,UMAP
409,after_phees_2022-07-25_13-47-10_0000038_labelled_Wuschel_pheeseq_0000023_labelled_mB2.wav,Wuschel,Lola,after,non-partner,Wuschel-Olympia,-0.62658036,4.54595,UMAP
410,after_phees_2022-07-25_13-47-10_0000038_labelled_Wuschel_pheeseq_0000024_labelled_mB1.wav,Wuschel,Lola,after,non-partner,Wuschel-Olympia,-1.528724,4.435164,UMAP
411,after_phees_2022-07-25_13-47-10_0000038_labelled_Wuschel_pheeseq_0000024_labelled_mB2.wav,Wuschel,Lola,after,non-partner,Wuschel-Olympia,-1.2116876,4.486329,UMAP
412,after_phees_2022-07-25_13-47-10_0000038_labelled_Wuschel_pheeseq_0000026_labelled_mB1.wav,Wuschel,Lola,after,non-partner,Wuschel-Olympia,0.12264731,5.0890584,UMAP
413,after_phees_2022-07-25_13-47-10_0000038_labelled_Wuschel_pheeseq_0000026_labelled_mB2.wav,Wuschel,Lola,after,non-partner,Wuschel-Olympia,-2.0502162,4.440048,UMAP
414,after_phees_2022-07-25_13-47-10_0000038_labelled_Wuschel_pheeseq_0000027_labelled_mB1.wav,Wuschel,Lola,after,non-partner,Wuschel-Olympia,-2.3736784,3.9606078,UMAP
415,after_phees_2022-07-25_13-47-10_0000038_labelled_Wuschel_pheeseq_0000027_labelled_mB2.wav,Wuschel,Lola,after,non-partner,Wuschel-Olympia,-2.1320834,4.2332325,UMAP
416,after_phees_2022-07-25_13-47-10_0000038_labelled_Wuschel_pheeseq_0000028_labelled_mB1.wav,Wuschel,Lola,after,non-partner,Wuschel-Olympia,-2.0581312,4.0155206,UMAP
417,after_phees_2022-07-25_13-47-10_0000038_labelled_Wuschel_pheeseq_0000028_labelled_mB2.wav,Wuschel,Lola,after,non-partner,Wuschel-Olympia,-1.2637479,4.388193,UMAP
418,after_phees_2022-07-25_13-47-10_0000038_labelled_Wuschel_pheeseq_0000029_labelled_mB1.wav,Wuschel,Lola,after,non-partner,Wuschel-Olympia,-1.668253,4.4184155,UMAP
419,after_phees_2022-07-25_13-47-10_0000038_labelled_Wuschel_pheeseq_0000029_labelled_mB2.wav,Wuschel,Lola,after,non-partner,Wuschel-Olympia,-2.065948,4.3262563,UMAP
420,after_phees_2022-07-25_13-47-10_0000038_labelled_Wuschel_pheeseq_0000030_labelled_mC1.wav,Wuschel,Lola,after,non-partner,Wuschel-Olympia,-1.7043531,4.1609015,UMAP
421,after_phees_2022-07-25_13-47-10_0000038_labelled_Wuschel_pheeseq_0000030_labelled_mC2.wav,Wuschel,Lola,after,non-partner,Wuschel-Olympia,0.43616408,4.604795,UMAP
422,after_phees_2022-07-25_13-47-10_0000038_labelled_Wuschel_pheeseq_0000030_labelled_mC3.wav,Wuschel,Lola,after,non-partner,Wuschel-Olympia,-2.8235207,4.4932213,UMAP
423,after_phees_2022-07-25_13-47-10_0000038_labelled_Wuschel_pheeseq_0000054_labelled_mB1.wav,Wuschel,Lola,after,non-partner,Wuschel-Olympia,-3.1359937,4.479734,UMAP
424,after_phees_2022-07-25_13-47-10_0000038_labelled_Wuschel_pheeseq_0000054_labelled_mB2.wav,Wuschel,Lola,after,non-partner,Wuschel-Olympia,-2.7709732,4.1857967,UMAP
425,after_phees_2022-07-25_13-47-10_0000038_labelled_Wuschel_pheeseq_0000056_labelled_mB1.wav,Wuschel,Lola,after,non-partner,Wuschel-Olympia,-2.533499,4.2773237,UMAP
426,after_phees_2022-07-25_13-47-10_0000038_labelled_Wuschel_pheeseq_0000056_labelled_mB2.wav,Wuschel,Lola,after,non-partner,Wuschel-Olympia,-2.047276,4.3338156,UMAP
427,after_phees_2022-07-25_14-28-46_0000039_labelled_Nougatti_pheeseq_0000014_labelled_mB1.wav,Nougatti,Tabor,after,non-partner,Odin-Nougatti,6.3927884,2.517197,UMAP
428,after_phees_2022-07-25_14-28-46_0000039_labelled_Nougatti_pheeseq_0000014_labelled_mB2.wav,Nougatti,Tabor,after,non-partner,Odin-Nougatti,6.041999,3.1884036,UMAP
429,after_phees_2022-07-25_14-28-46_0000039_labelled_Nougatti_pheeseq_0000015_labelled_mB1.wav,Nougatti,Tabor,after,non-partner,Odin-Nougatti,2.6186974,5.328939,UMAP
430,after_phees_2022-07-25_14-28-46_0000039_labelled_Nougatti_pheeseq_0000015_labelled_mB2.wav,Nougatti,Tabor,after,non-partner,Odin-Nougatti,3.4566686,4.6565824,UMAP
431,after_phees_2022-07-25_14-28-46_0000039_labelled_Nougatti_pheeseq_0000016_labelled_mB1.wav,Nougatti,Tabor,after,non-partner,Odin-Nougatti,3.7305608,4.636579,UMAP
432,after_phees_2022-07-25_14-28-46_0000039_labelled_Nougatti_pheeseq_0000016_labelled_mB2.wav,Nougatti,Tabor,after,non-partner,Odin-Nougatti,7.816049,4.2749147,UMAP
433,after_phees_2022-07-25_14-28-46_0000039_labelled_Nougatti_pheeseq_0000017_labelled_mB1.wav,Nougatti,Tabor,after,non-partner,Odin-Nougatti,3.1416702,5.251621,UMAP
434,after_phees_2022-07-25_14-28-46_0000039_labelled_Nougatti_pheeseq_0000018_labelled_mC1.wav,Nougatti,Tabor,after,non-partner,Odin-Nougatti,2.3706472,5.3848724,UMAP
435,after_phees_2022-07-25_14-28-46_0000039_labelled_Nougatti_pheeseq_0000025_labelled_mB1.wav,Nougatti,Tabor,after,non-partner,Odin-Nougatti,2.9981894,5.199067,UMAP
436,after_phees_2022-07-25_14-28-46_0000039_labelled_Nougatti_pheeseq_0000025_labelled_mB2.wav,Nougatti,Tabor,after,non-partner,Odin-Nougatti,4.805436,3.7506485,UMAP
437,after_phees_2022-07-25_14-28-46_0000039_labelled_Nougatti_pheeseq_0000026_labelled_mB1.wav,Nougatti,Tabor,after,non-partner,Odin-Nougatti,1.7597538,5.334569,UMAP
438,after_phees_2022-07-25_14-28-46_0000039_labelled_Nougatti_pheeseq_0000026_labelled_mB2.wav,Nougatti,Tabor,after,non-partner,Odin-Nougatti,3.8448238,4.4336658,UMAP
439,after_phees_2022-07-25_14-28-46_0000039_labelled_Nougatti_pheeseq_0000027_labelled_mC1.wav,Nougatti,Tabor,after,non-partner,Odin-Nougatti,1.8805099,5.3154216,UMAP
440,after_phees_2022-07-25_14-28-46_0000039_labelled_Nougatti_pheeseq_0000027_labelled_mC3.wav,Nougatti,Tabor,after,non-partner,Odin-Nougatti,4.792024,4.035148,UMAP
441,after_phees_2022-07-25_14-28-46_0000039_labelled_Nougatti_pheeseq_0000027_labelled_mC4.wav,Nougatti,Tabor,after,non-partner,Odin-Nougatti,7.9966164,4.5769954,UMAP
442,after_phees_2022-07-25_14-28-46_0000039_labelled_Nougatti_pheeseq_0000028_labelled_mC1.wav,Nougatti,Tabor,after,non-partner,Odin-Nougatti,2.4081142,5.3725953,UMAP
443,after_phees_2022-07-25_14-28-46_0000039_labelled_Nougatti_pheeseq_0000028_labelled_mC3.wav,Nougatti,Tabor,after,non-partner,Odin-Nougatti,6.8815374,4.234761,UMAP
444,after_phees_2022-07-25_14-28-46_0000039_labelled_Nougatti_pheeseq_0000028_labelled_mC4.wav,Nougatti,Tabor,after,non-partner,Odin-Nougatti,5.405833,4.1629205,UMAP
445,after_phees_2022-07-25_14-28-46_0000039_labelled_Nougatti_pheeseq_0000029_labelled_mB1.wav,Nougatti,Tabor,after,non-partner,Odin-Nougatti,3.0467896,5.329626,UMAP
446,after_phees_2022-07-25_14-28-46_0000039_labelled_Nougatti_pheeseq_0000029_labelled_mB2.wav,Nougatti,Tabor,after,non-partner,Odin-Nougatti,8.563547,4.095638,UMAP
447,after_phees_2022-07-25_14-28-46_0000039_labelled_Nougatti_pheeseq_0000030_labelled_mB1.wav,Nougatti,Tabor,after,non-partner,Odin-Nougatti,2.923317,5.394762,UMAP
448,after_phees_2022-07-25_14-28-46_0000039_labelled_Nougatti_pheeseq_0000030_labelled_mB2.wav,Nougatti,Tabor,after,non-partner,Odin-Nougatti,9.404187,3.9711173,UMAP
449,after_phees_2022-07-25_14-28-46_0000039_labelled_Nougatti_pheeseq_0000031_labelled_mB1.wav,Nougatti,Tabor,after,non-partner,Odin-Nougatti,3.1336873,5.0749493,UMAP
450,after_phees_2022-07-25_14-28-46_0000039_labelled_Nougatti_pheeseq_0000031_labelled_mB3.wav,Nougatti,Tabor,after,non-partner,Odin-Nougatti,9.723294,4.0001373,UMAP
451,after_phees_2022-07-25_14-28-46_0000039_labelled_Nougatti_pheeseq_0000032_labelled_mB1.wav,Nougatti,Tabor,after,non-partner,Odin-Nougatti,4.649966,1.7721376,UMAP
452,after_phees_2022-07-25_14-28-46_0000039_labelled_Nougatti_pheeseq_0000032_labelled_mB2.wav,Nougatti,Tabor,after,non-partner,Odin-Nougatti,11.134346,4.174715,UMAP
453,after_phees_2022-07-25_14-28-46_0000039_labelled_Nougatti_pheeseq_0000033_labelled_mC1.wav,Nougatti,Tabor,after,non-partner,Odin-Nougatti,4.93982,1.4312345,UMAP
454,after_phees_2022-07-25_14-28-46_0000039_labelled_Nougatti_pheeseq_0000033_labelled_mC2.wav,Nougatti,Tabor,after,non-partner,Odin-Nougatti,9.176137,4.0106316,UMAP
455,after_phees_2022-07-25_14-28-46_0000039_labelled_Nougatti_pheeseq_0000033_labelled_mC3.wav,Nougatti,Tabor,after,non-partner,Odin-Nougatti,9.413372,4.3210683,UMAP
456,after_phees_2022-07-25_14-28-46_0000039_labelled_Nougatti_pheeseq_0000034_labelled_mB1.wav,Nougatti,Tabor,after,non-partner,Odin-Nougatti,8.207648,3.849503,UMAP
457,after_phees_2022-07-25_14-28-46_0000039_labelled_Nougatti_pheeseq_0000034_labelled_mB3.wav,Nougatti,Tabor,after,non-partner,Odin-Nougatti,11.474638,4.012835,UMAP
458,after_phees_2022-07-25_14-28-46_0000039_labelled_Nougatti_pheeseq_0000035_labelled_mB1.wav,Nougatti,Tabor,after,non-partner,Odin-Nougatti,3.533321,5.006618,UMAP
459,after_phees_2022-07-25_14-28-46_0000039_labelled_Nougatti_pheeseq_0000035_labelled_mB3.wav,Nougatti,Tabor,after,non-partner,Odin-Nougatti,10.27323,4.18029,UMAP
460,after_phees_2022-07-25_14-28-46_0000039_labelled_Tabor_pheeseq_0000010_labelled_mE2.wav,Tabor,Nougatti,after,non-partner,Tabor-Lola,3.7837362,3.5123599,UMAP
461,after_phees_2022-07-25_14-28-46_0000039_labelled_Tabor_pheeseq_0000010_labelled_mE3.wav,Tabor,Nougatti,after,non-partner,Tabor-Lola,1.6751418,2.9821877,UMAP
462,after_phees_2022-07-25_14-28-46_0000039_labelled_Tabor_pheeseq_0000010_labelled_mE4.wav,Tabor,Nougatti,after,non-partner,Tabor-Lola,-3.0554647,5.076742,UMAP
463,after_phees_2022-07-25_14-28-46_0000039_labelled_Tabor_pheeseq_0000010_labelled_mE5.wav,Tabor,Nougatti,after,non-partner,Tabor-Lola,-4.648734,4.7320065,UMAP
464,after_phees_2022-07-25_14-28-46_0000039_labelled_Tabor_pheeseq_0000011_labelled_mC1.wav,Tabor,Nougatti,after,non-partner,Tabor-Lola,4.3713775,4.0179353,UMAP
465,after_phees_2022-07-25_14-28-46_0000039_labelled_Tabor_pheeseq_0000011_labelled_mC2.wav,Tabor,Nougatti,after,non-partner,Tabor-Lola,3.9417148,3.5367544,UMAP
466,after_phees_2022-07-25_14-28-46_0000039_labelled_Tabor_pheeseq_0000011_labelled_mC3.wav,Tabor,Nougatti,after,non-partner,Tabor-Lola,1.829467,2.983429,UMAP
467,after_phees_2022-07-25_14-28-46_0000039_labelled_Tabor_pheeseq_0000012_labelled_mC1.wav,Tabor,Nougatti,after,non-partner,Tabor-Lola,6.105377,2.316402,UMAP
468,after_phees_2022-07-25_14-28-46_0000039_labelled_Tabor_pheeseq_0000012_labelled_mC3.wav,Tabor,Nougatti,after,non-partner,Tabor-Lola,-1.0038707,3.8829072,UMAP
469,after_phees_2022-07-25_14-28-46_0000039_labelled_Tabor_pheeseq_0000013_labelled_mD1.wav,Tabor,Nougatti,after,non-partner,Tabor-Lola,4.8014255,4.0951953,UMAP
470,after_phees_2022-07-25_14-28-46_0000039_labelled_Tabor_pheeseq_0000013_labelled_mD2.wav,Tabor,Nougatti,after,non-partner,Tabor-Lola,5.4859223,4.199937,UMAP
471,after_phees_2022-07-25_14-28-46_0000039_labelled_Tabor_pheeseq_0000013_labelled_mD3.wav,Tabor,Nougatti,after,non-partner,Tabor-Lola,2.6375248,3.8878736,UMAP
472,after_phees_2022-07-25_14-28-46_0000039_labelled_Tabor_pheeseq_0000013_labelled_mD4.wav,Tabor,Nougatti,after,non-partner,Tabor-Lola,-0.50323784,3.700377,UMAP
473,after_phees_2022-07-25_14-28-46_0000039_labelled_Tabor_pheeseq_0000024_labelled_mB1.wav,Tabor,Nougatti,after,non-partner,Tabor-Lola,1.2443815,4.8721986,UMAP
474,after_phees_2022-07-25_14-28-46_0000039_labelled_Tabor_pheeseq_0000024_labelled_mB2.wav,Tabor,Nougatti,after,non-partner,Tabor-Lola,-0.9328149,4.1909037,UMAP
475,after_phees_2022-07-25_14-28-46_0000039_labelled_Tabor_pheeseq_0000036_labelled_mB1.wav,Tabor,Nougatti,after,non-partner,Tabor-Lola,6.2498946,2.0113027,UMAP
476,after_phees_2022-07-25_14-28-46_0000039_labelled_Tabor_pheeseq_0000036_labelled_mB2.wav,Tabor,Nougatti,after,non-partner,Tabor-Lola,1.0595618,4.661109,UMAP
477,after_phees_2022-07-25_14-43-13_0000041_labelled_Nougatti_pheeseq_0000002_labelled_mB1.wav,Nougatti,Tabor,after,non-partner,Odin-Nougatti,6.7873583,0.9519027,UMAP
478,after_phees_2022-07-25_14-43-13_0000041_labelled_Nougatti_pheeseq_0000002_labelled_mB2.wav,Nougatti,Tabor,after,non-partner,Odin-Nougatti,8.53978,3.9862678,UMAP
479,after_phees_2022-07-25_14-43-13_0000041_labelled_Nougatti_pheeseq_0000003_labelled_mB1.wav,Nougatti,Tabor,after,non-partner,Odin-Nougatti,5.5645256,3.8026197,UMAP
480,after_phees_2022-07-25_14-43-13_0000041_labelled_Nougatti_pheeseq_0000003_labelled_mB2.wav,Nougatti,Tabor,after,non-partner,Odin-Nougatti,11.320239,4.056776,UMAP
481,after_phees_2022-07-25_14-43-13_0000041_labelled_Nougatti_pheeseq_0000004_labelled_mB1.wav,Nougatti,Tabor,after,non-partner,Odin-Nougatti,4.772985,1.6635045,UMAP
482,after_phees_2022-07-25_14-43-13_0000041_labelled_Nougatti_pheeseq_0000004_labelled_mB2.wav,Nougatti,Tabor,after,non-partner,Odin-Nougatti,9.728978,3.9127154,UMAP
483,after_phees_2022-07-25_14-43-13_0000041_labelled_Nougatti_pheeseq_0000005_labelled_mB1.wav,Nougatti,Tabor,after,non-partner,Odin-Nougatti,3.5469031,4.970329,UMAP
484,after_phees_2022-07-25_14-43-13_0000041_labelled_Nougatti_pheeseq_0000005_labelled_mB2.wav,Nougatti,Tabor,after,non-partner,Odin-Nougatti,7.1817927,4.0026193,UMAP
485,after_phees_2022-07-25_14-43-13_0000041_labelled_Nougatti_pheeseq_0000007_labelled_mB1.wav,Nougatti,Tabor,after,non-partner,Odin-Nougatti,5.4299946,1.1377594,UMAP
486,after_phees_2022-07-25_14-43-13_0000041_labelled_Nougatti_pheeseq_0000007_labelled_mB2.wav,Nougatti,Tabor,after,non-partner,Odin-Nougatti,10.866671,3.5341077,UMAP
487,after_phees_2022-07-25_14-43-13_0000041_labelled_Nougatti_pheeseq_0000008_labelled_mB1.wav,Nougatti,Tabor,after,non-partner,Odin-Nougatti,4.620016,1.7755756,UMAP
488,after_phees_2022-07-25_14-43-13_0000041_labelled_Nougatti_pheeseq_0000008_labelled_mB2.wav,Nougatti,Tabor,after,non-partner,Odin-Nougatti,10.378652,3.778795,UMAP
489,after_phees_2022-07-25_14-43-13_0000041_labelled_Tabor_pheeseq_0000001_labelled_mC1.wav,Tabor,Nougatti,after,non-partner,Tabor-Lola,2.2755103,4.7044735,UMAP
490,after_phees_2022-07-25_14-43-13_0000041_labelled_Tabor_pheeseq_0000001_labelled_mC2.wav,Tabor,Nougatti,after,non-partner,Tabor-Lola,-0.895863,4.8809495,UMAP
491,after_phees_2022-07-25_14-43-13_0000041_labelled_Tabor_pheeseq_0000001_labelled_mC3.wav,Tabor,Nougatti,after,non-partner,Tabor-Lola,-3.5539966,4.9407325,UMAP
492,after_phees_2022-07-25_14-43-13_0000041_labelled_Tabor_pheeseq_0000006_labelled_mC1.wav,Tabor,Nougatti,after,non-partner,Tabor-Lola,3.0511012,4.451149,UMAP
493,after_phees_2022-07-25_14-43-13_0000041_labelled_Tabor_pheeseq_0000006_labelled_mC2.wav,Tabor,Nougatti,after,non-partner,Tabor-Lola,0.48570645,4.1696997,UMAP
494,after_phees_2022-07-25_14-43-13_0000041_labelled_Tabor_pheeseq_0000006_labelled_mC3.wav,Tabor,Nougatti,after,non-partner,Tabor-Lola,-2.0594292,4.430784,UMAP
495,after_phees_2022-07-25_14-55-51_0000042_labelled_Tabor_pheeseq_0000002_labelled_mC1.wav,Tabor,Olympia,after,non-partner,Tabor-Lola,2.5252635,4.1421595,UMAP
496,after_phees_2022-07-25_14-55-51_0000042_labelled_Tabor_pheeseq_0000002_labelled_mC2.wav,Tabor,Olympia,after,non-partner,Tabor-Lola,1.8355072,4.1926174,UMAP
497,after_phees_2022-07-25_14-55-51_0000042_labelled_Tabor_pheeseq_0000002_labelled_mC3.wav,Tabor,Olympia,after,non-partner,Tabor-Lola,-0.9563862,4.227944,UMAP
498,after_phees_2022-07-25_14-55-51_0000042_labelled_Tabor_pheeseq_0000004_labelled_mC1.wav,Tabor,Olympia,after,non-partner,Tabor-Lola,4.7230096,4.082076,UMAP
499,after_phees_2022-07-25_14-55-51_0000042_labelled_Tabor_pheeseq_0000004_labelled_mC2.wav,Tabor,Olympia,after,non-partner,Tabor-Lola,5.6465507,4.2506833,UMAP
500,after_phees_2022-07-25_14-55-51_0000042_labelled_Tabor_pheeseq_0000004_labelled_mC3.wav,Tabor,Olympia,after,non-partner,Tabor-Lola,1.750491,2.996615,UMAP
501,after_phees_2022-07-25_14-55-51_0000042_labelled_Tabor_pheeseq_0000005_labelled_mC1.wav,Tabor,Olympia,after,non-partner,Tabor-Lola,5.536659,4.246071,UMAP
502,after_phees_2022-07-25_14-55-51_0000042_labelled_Tabor_pheeseq_0000005_labelled_mC2.wav,Tabor,Olympia,after,non-partner,Tabor-Lola,6.099726,4.272345,UMAP
503,after_phees_2022-07-25_14-55-51_0000042_labelled_Tabor_pheeseq_0000005_labelled_mC3.wav,Tabor,Olympia,after,non-partner,Tabor-Lola,2.199996,2.9045994,UMAP
504,after_phees_2022-07-25_14-55-51_0000042_labelled_Tabor_pheeseq_0000006_labelled_mC1.wav,Tabor,Olympia,after,non-partner,Tabor-Lola,4.7231894,4.036422,UMAP
505,after_phees_2022-07-25_14-55-51_0000042_labelled_Tabor_pheeseq_0000006_labelled_mC2.wav,Tabor,Olympia,after,non-partner,Tabor-Lola,7.376854,4.582764,UMAP
506,after_phees_2022-07-25_14-55-51_0000042_labelled_Tabor_pheeseq_0000006_labelled_mC3.wav,Tabor,Olympia,after,non-partner,Tabor-Lola,3.0433161,2.9041402,UMAP
507,after_phees_2022-07-25_14-55-51_0000042_labelled_Tabor_pheeseq_0000007_labelled_mC1.wav,Tabor,Olympia,after,non-partner,Tabor-Lola,5.517483,3.8241065,UMAP
508,after_phees_2022-07-25_14-55-51_0000042_labelled_Tabor_pheeseq_0000007_labelled_mC3.wav,Tabor,Olympia,after,non-partner,Tabor-Lola,5.0861907,4.0421185,UMAP
509,after_phees_2022-07-25_14-55-51_0000042_labelled_Tabor_pheeseq_0000007_labelled_mC4.wav,Tabor,Olympia,after,non-partner,Tabor-Lola,2.1800737,2.8984118,UMAP
510,after_phees_2022-07-25_14-55-51_0000042_labelled_Tabor_pheeseq_0000008_labelled_mD1.wav,Tabor,Olympia,after,non-partner,Tabor-Lola,5.982793,3.6490126,UMAP
511,after_phees_2022-07-25_14-55-51_0000042_labelled_Tabor_pheeseq_0000008_labelled_mD3.wav,Tabor,Olympia,after,non-partner,Tabor-Lola,3.4786212,3.1079535,UMAP
512,after_phees_2022-07-25_14-55-51_0000042_labelled_Tabor_pheeseq_0000008_labelled_mD4.wav,Tabor,Olympia,after,non-partner,Tabor-Lola,0.4051218,4.025547,UMAP
513,after_phees_2022-07-25_14-55-51_0000042_labelled_Tabor_pheeseq_0000008_labelled_mD5.wav,Tabor,Olympia,after,non-partner,Tabor-Lola,-3.1806023,4.9808664,UMAP
514,after_phees_2022-07-25_14-55-51_0000042_labelled_Tabor_pheeseq_0000010_labelled_mC1.wav,Tabor,Olympia,after,non-partner,Tabor-Lola,6.462213,4.2310395,UMAP
515,after_phees_2022-07-25_14-55-51_0000042_labelled_Tabor_pheeseq_0000010_labelled_mC2.wav,Tabor,Olympia,after,non-partner,Tabor-Lola,6.0573845,3.8645418,UMAP
516,after_phees_2022-07-25_14-55-51_0000042_labelled_Tabor_pheeseq_0000010_labelled_mC3.wav,Tabor,Olympia,after,non-partner,Tabor-Lola,2.1945174,2.90824,UMAP
517,after_phees_2022-07-25_14-55-51_0000042_labelled_Tabor_pheeseq_0000011_labelled_mC1.wav,Tabor,Olympia,after,non-partner,Tabor-Lola,6.292927,2.6106362,UMAP
518,after_phees_2022-07-25_14-55-51_0000042_labelled_Tabor_pheeseq_0000011_labelled_mC2.wav,Tabor,Olympia,after,non-partner,Tabor-Lola,5.378932,3.9873228,UMAP
519,after_phees_2022-07-25_14-55-51_0000042_labelled_Tabor_pheeseq_0000011_labelled_mC3.wav,Tabor,Olympia,after,non-partner,Tabor-Lola,1.8836483,2.8967936,UMAP
520,after_phees_2022-07-25_14-55-51_0000042_labelled_Tabor_pheeseq_0000012_labelled_mD1.wav,Tabor,Olympia,after,non-partner,Tabor-Lola,6.2379255,2.205008,UMAP
521,after_phees_2022-07-25_14-55-51_0000042_labelled_Tabor_pheeseq_0000012_labelled_mD2.wav,Tabor,Olympia,after,non-partner,Tabor-Lola,6.831728,3.6934974,UMAP
522,after_phees_2022-07-25_14-55-51_0000042_labelled_Tabor_pheeseq_0000012_labelled_mD3.wav,Tabor,Olympia,after,non-partner,Tabor-Lola,2.7555728,2.9186661,UMAP
523,after_phees_2022-07-25_14-55-51_0000042_labelled_Tabor_pheeseq_0000012_labelled_mD4.wav,Tabor,Olympia,after,non-partner,Tabor-Lola,-3.3213797,4.9900937,UMAP
524,after_phees_2022-07-25_14-55-51_0000042_labelled_Tabor_pheeseq_0000013_labelled_mC1.wav,Tabor,Olympia,after,non-partner,Tabor-Lola,5.376012,2.9677982,UMAP
525,after_phees_2022-07-25_14-55-51_0000042_labelled_Tabor_pheeseq_0000013_labelled_mC2.wav,Tabor,Olympia,after,non-partner,Tabor-Lola,6.742497,3.667093,UMAP
526,after_phees_2022-07-25_14-55-51_0000042_labelled_Tabor_pheeseq_0000013_labelled_mC3.wav,Tabor,Olympia,after,non-partner,Tabor-Lola,2.4953635,3.1005278,UMAP
527,after_phees_2022-07-25_14-55-51_0000042_labelled_Tabor_pheeseq_0000015_labelled_mC1.wav,Tabor,Olympia,after,non-partner,Tabor-Lola,7.65977,2.7618504,UMAP
528,after_phees_2022-07-25_14-55-51_0000042_labelled_Tabor_pheeseq_0000015_labelled_mC2.wav,Tabor,Olympia,after,non-partner,Tabor-Lola,5.906732,3.8095157,UMAP
529,after_phees_2022-07-25_14-55-51_0000042_labelled_Tabor_pheeseq_0000015_labelled_mC3.wav,Tabor,Olympia,after,non-partner,Tabor-Lola,-0.5530491,3.688399,UMAP
530,after_phees_2022-07-25_14-55-51_0000042_labelled_Tabor_pheeseq_0000018_labelled_mC1.wav,Tabor,Olympia,after,non-partner,Tabor-Lola,5.7833314,4.1507826,UMAP
531,after_phees_2022-07-25_14-55-51_0000042_labelled_Tabor_pheeseq_0000018_labelled_mC2.wav,Tabor,Olympia,after,non-partner,Tabor-Lola,3.9917908,3.6180766,UMAP
532,after_phees_2022-07-25_14-55-51_0000042_labelled_Tabor_pheeseq_0000018_labelled_mC3.wav,Tabor,Olympia,after,non-partner,Tabor-Lola,-0.6698293,3.7946057,UMAP
533,after_phees_2022-07-25_14-55-51_0000042_labelled_Tabor_pheeseq_0000019_labelled_mC2.wav,Tabor,Olympia,after,non-partner,Tabor-Lola,2.9912648,3.1043255,UMAP
534,after_phees_2022-07-25_14-55-51_0000042_labelled_Tabor_pheeseq_0000019_labelled_mC3.wav,Tabor,Olympia,after,non-partner,Tabor-Lola,-1.1212106,3.874488,UMAP
535,after_phees_2022-07-25_14-55-51_0000042_labelled_Tabor_pheeseq_0000026_labelled_mB1.wav,Tabor,Olympia,after,non-partner,Tabor-Lola,2.7810524,3.9933484,UMAP
536,after_phees_2022-07-25_14-55-51_0000042_labelled_Tabor_pheeseq_0000026_labelled_mB2.wav,Tabor,Olympia,after,non-partner,Tabor-Lola,1.5965054,4.4876103,UMAP
537,after_phees_2022-07-25_15-26-45_0000046_labelled_Nougatti_pheeseq_0000023_labelled_mB1.wav,Nougatti,Wuschel,after,non-partner,Odin-Nougatti,0.28426352,4.7449107,UMAP
538,after_phees_2022-07-25_15-26-45_0000046_labelled_Nougatti_pheeseq_0000023_labelled_mB2.wav,Nougatti,Wuschel,after,non-partner,Odin-Nougatti,3.0178566,4.6078196,UMAP
539,after_phees_2022-07-25_15-26-45_0000046_labelled_Nougatti_pheeseq_0000025_labelled_mB1.wav,Nougatti,Wuschel,after,non-partner,Odin-Nougatti,2.876201,5.376766,UMAP
540,after_phees_2022-07-25_15-26-45_0000046_labelled_Nougatti_pheeseq_0000025_labelled_mB2.wav,Nougatti,Wuschel,after,non-partner,Odin-Nougatti,6.9792943,4.132808,UMAP
541,after_phees_2022-07-25_15-26-45_0000046_labelled_Nougatti_pheeseq_0000026_labelled_mB1.wav,Nougatti,Wuschel,after,non-partner,Odin-Nougatti,2.412144,5.3525734,UMAP
542,after_phees_2022-07-25_15-26-45_0000046_labelled_Nougatti_pheeseq_0000026_labelled_mB2.wav,Nougatti,Wuschel,after,non-partner,Odin-Nougatti,6.756298,4.175605,UMAP
543,after_phees_2022-07-25_15-26-45_0000046_labelled_Nougatti_pheeseq_0000027_labelled_mB1.wav,Nougatti,Wuschel,after,non-partner,Odin-Nougatti,-0.77718616,4.858563,UMAP
544,after_phees_2022-07-25_15-26-45_0000046_labelled_Nougatti_pheeseq_0000027_labelled_mB3.wav,Nougatti,Wuschel,after,non-partner,Odin-Nougatti,3.8745525,4.367447,UMAP
545,after_phees_2022-07-25_15-26-45_0000046_labelled_Nougatti_pheeseq_0000028_labelled_mB1.wav,Nougatti,Wuschel,after,non-partner,Odin-Nougatti,-0.6976616,4.803839,UMAP
546,after_phees_2022-07-25_15-26-45_0000046_labelled_Nougatti_pheeseq_0000028_labelled_mB2.wav,Nougatti,Wuschel,after,non-partner,Odin-Nougatti,5.1626186,4.166531,UMAP
547,after_phees_2022-07-25_15-26-45_0000046_labelled_Nougatti_pheeseq_0000029_labelled_mB1.wav,Nougatti,Wuschel,after,non-partner,Odin-Nougatti,1.9094074,5.348388,UMAP
548,after_phees_2022-07-25_15-26-45_0000046_labelled_Nougatti_pheeseq_0000029_labelled_mB3.wav,Nougatti,Wuschel,after,non-partner,Odin-Nougatti,7.9773893,4.229379,UMAP
549,after_phees_2022-07-25_15-26-45_0000046_labelled_Nougatti_pheeseq_0000030_labelled_mB1.wav,Nougatti,Wuschel,after,non-partner,Odin-Nougatti,2.8978877,5.3414354,UMAP
550,after_phees_2022-07-25_15-26-45_0000046_labelled_Nougatti_pheeseq_0000030_labelled_mB2.wav,Nougatti,Wuschel,after,non-partner,Odin-Nougatti,8.050002,4.1950912,UMAP
551,after_phees_2022-07-25_15-26-45_0000046_labelled_Nougatti_pheeseq_0000031_labelled_mB1.wav,Nougatti,Wuschel,after,non-partner,Odin-Nougatti,2.3705494,5.3385525,UMAP
552,after_phees_2022-07-25_15-26-45_0000046_labelled_Nougatti_pheeseq_0000031_labelled_mB3.wav,Nougatti,Wuschel,after,non-partner,Odin-Nougatti,8.1266365,4.0704665,UMAP
553,after_phees_2022-07-25_15-26-45_0000046_labelled_Nougatti_pheeseq_0000032_labelled_mB1.wav,Nougatti,Wuschel,after,non-partner,Odin-Nougatti,3.5558813,4.9964476,UMAP
554,after_phees_2022-07-25_15-26-45_0000046_labelled_Nougatti_pheeseq_0000032_labelled_mB2.wav,Nougatti,Wuschel,after,non-partner,Odin-Nougatti,7.9892683,4.0270314,UMAP
555,after_phees_2022-07-25_15-26-45_0000046_labelled_Nougatti_pheeseq_0000033_labelled_mB1.wav,Nougatti,Wuschel,after,non-partner,Odin-Nougatti,4.673587,2.1020322,UMAP
556,after_phees_2022-07-25_15-26-45_0000046_labelled_Nougatti_pheeseq_0000033_labelled_mB2.wav,Nougatti,Wuschel,after,non-partner,Odin-Nougatti,9.21251,3.9333494,UMAP
557,after_phees_2022-07-25_15-26-45_0000046_labelled_Nougatti_pheeseq_0000034_labelled_mB1.wav,Nougatti,Wuschel,after,non-partner,Odin-Nougatti,3.321409,5.160211,UMAP
558,after_phees_2022-07-25_15-26-45_0000046_labelled_Nougatti_pheeseq_0000034_labelled_mB2.wav,Nougatti,Wuschel,after,non-partner,Odin-Nougatti,8.235933,4.0298095,UMAP
559,after_phees_2022-07-25_15-26-45_0000046_labelled_Nougatti_pheeseq_0000035_labelled_mB2.wav,Nougatti,Wuschel,after,non-partner,Odin-Nougatti,6.9628887,4.1247177,UMAP
560,after_phees_2022-07-25_15-26-45_0000046_labelled_Nougatti_pheeseq_0000036_labelled_mB1.wav,Nougatti,Wuschel,after,non-partner,Odin-Nougatti,4.716964,1.7298385,UMAP
561,after_phees_2022-07-25_15-26-45_0000046_labelled_Nougatti_pheeseq_0000036_labelled_mB2.wav,Nougatti,Wuschel,after,non-partner,Odin-Nougatti,9.310521,3.8836675,UMAP
562,after_phees_2022-07-25_15-26-45_0000046_labelled_Nougatti_pheeseq_0000037_labelled_mB1.wav,Nougatti,Wuschel,after,non-partner,Odin-Nougatti,5.0717525,1.3453962,UMAP
563,after_phees_2022-07-25_15-26-45_0000046_labelled_Nougatti_pheeseq_0000037_labelled_mB3.wav,Nougatti,Wuschel,after,non-partner,Odin-Nougatti,10.376166,3.646108,UMAP
564,after_phees_2022-07-25_15-26-45_0000046_labelled_Nougatti_pheeseq_0000038_labelled_mB1.wav,Nougatti,Wuschel,after,non-partner,Odin-Nougatti,5.1843634,1.2368913,UMAP
565,after_phees_2022-07-25_15-26-45_0000046_labelled_Nougatti_pheeseq_0000038_labelled_mB2.wav,Nougatti,Wuschel,after,non-partner,Odin-Nougatti,10.241774,3.810768,UMAP
566,after_phees_2022-07-26_13-19-22_0000049_labelled_Lola_pheeseq_0000002_labelled_mC1.wav,Lola,Odin,after,non-partner,Tabor-Lola,5.2217536,2.1201322,UMAP
567,after_phees_2022-07-26_13-19-22_0000049_labelled_Lola_pheeseq_0000002_labelled_mC2.wav,Lola,Odin,after,non-partner,Tabor-Lola,5.5844936,1.5947325,UMAP
568,after_phees_2022-07-26_13-19-22_0000049_labelled_Lola_pheeseq_0000003_labelled_mG1.wav,Lola,Odin,after,non-partner,Tabor-Lola,3.258854,5.1566067,UMAP
569,after_phees_2022-07-26_13-19-22_0000049_labelled_Lola_pheeseq_0000003_labelled_mG2.wav,Lola,Odin,after,non-partner,Tabor-Lola,5.9144335,1.2186608,UMAP
570,after_phees_2022-07-26_13-19-22_0000049_labelled_Lola_pheeseq_0000003_labelled_mG3.wav,Lola,Odin,after,non-partner,Tabor-Lola,5.928793,1.2434889,UMAP
571,after_phees_2022-07-26_13-19-22_0000049_labelled_Lola_pheeseq_0000003_labelled_mG4.wav,Lola,Odin,after,non-partner,Tabor-Lola,5.4350686,1.6940116,UMAP
572,after_phees_2022-07-26_13-19-22_0000049_labelled_Lola_pheeseq_0000003_labelled_mG5.wav,Lola,Odin,after,non-partner,Tabor-Lola,5.3517413,1.755669,UMAP
573,after_phees_2022-07-26_13-19-22_0000049_labelled_Lola_pheeseq_0000003_labelled_mG6.wav,Lola,Odin,after,non-partner,Tabor-Lola,5.9149003,1.2696528,UMAP
574,after_phees_2022-07-26_13-19-22_0000049_labelled_Lola_pheeseq_0000003_labelled_mG7.wav,Lola,Odin,after,non-partner,Tabor-Lola,5.2378235,1.9939847,UMAP
575,after_phees_2022-07-26_13-19-22_0000049_labelled_Lola_pheeseq_0000004_labelled_mB1.wav,Lola,Odin,after,non-partner,Tabor-Lola,2.97282,5.2842073,UMAP
576,after_phees_2022-07-26_13-19-22_0000049_labelled_Lola_pheeseq_0000004_labelled_mB2.wav,Lola,Odin,after,non-partner,Tabor-Lola,7.6787105,0.86599684,UMAP
577,after_phees_2022-07-26_13-19-22_0000049_labelled_Lola_pheeseq_0000008_labelled_mB1.wav,Lola,Odin,after,non-partner,Tabor-Lola,10.609905,0.46270636,UMAP
578,after_phees_2022-07-26_13-19-22_0000049_labelled_Lola_pheeseq_0000008_labelled_mB2.wav,Lola,Odin,after,non-partner,Tabor-Lola,12.949977,1.0356975,UMAP
579,after_phees_2022-07-26_13-19-22_0000049_labelled_Lola_pheeseq_0000009_labelled_mC1.wav,Lola,Odin,after,non-partner,Tabor-Lola,8.212479,0.6957883,UMAP
580,after_phees_2022-07-26_13-19-22_0000049_labelled_Lola_pheeseq_0000009_labelled_mC2.wav,Lola,Odin,after,non-partner,Tabor-Lola,11.662004,1.2793475,UMAP
581,after_phees_2022-07-26_13-19-22_0000049_labelled_Lola_pheeseq_0000009_labelled_mC3.wav,Lola,Odin,after,non-partner,Tabor-Lola,12.875575,1.7173388,UMAP
582,after_phees_2022-07-26_13-19-22_0000049_labelled_Lola_pheeseq_0000010_labelled_mC1.wav,Lola,Odin,after,non-partner,Tabor-Lola,6.0512486,1.139009,UMAP
583,after_phees_2022-07-26_13-19-22_0000049_labelled_Lola_pheeseq_0000010_labelled_mC2.wav,Lola,Odin,after,non-partner,Tabor-Lola,9.767075,1.2192587,UMAP
584,after_phees_2022-07-26_13-19-22_0000049_labelled_Lola_pheeseq_0000010_labelled_mC3.wav,Lola,Odin,after,non-partner,Tabor-Lola,7.9195924,0.90396816,UMAP
585,after_phees_2022-07-26_13-19-22_0000049_labelled_Lola_pheeseq_0000011_labelled_mC1.wav,Lola,Odin,after,non-partner,Tabor-Lola,8.090494,0.673108,UMAP
586,after_phees_2022-07-26_13-19-22_0000049_labelled_Lola_pheeseq_0000011_labelled_mC2.wav,Lola,Odin,after,non-partner,Tabor-Lola,10.635789,0.58058465,UMAP
587,after_phees_2022-07-26_13-19-22_0000049_labelled_Lola_pheeseq_0000011_labelled_mC3.wav,Lola,Odin,after,non-partner,Tabor-Lola,9.903376,0.6694041,UMAP
588,after_phees_2022-07-26_13-19-22_0000049_labelled_Lola_pheeseq_0000012_labelled_mB1.wav,Lola,Odin,after,non-partner,Tabor-Lola,5.7255,1.3932146,UMAP
589,after_phees_2022-07-26_13-19-22_0000049_labelled_Lola_pheeseq_0000012_labelled_mB2.wav,Lola,Odin,after,non-partner,Tabor-Lola,10.421014,2.091886,UMAP
590,after_phees_2022-07-26_13-19-22_0000049_labelled_Lola_pheeseq_0000013_labelled_mC1.wav,Lola,Odin,after,non-partner,Tabor-Lola,9.76665,0.4994749,UMAP
591,after_phees_2022-07-26_13-19-22_0000049_labelled_Lola_pheeseq_0000013_labelled_mC2.wav,Lola,Odin,after,non-partner,Tabor-Lola,11.065436,0.69945663,UMAP
592,after_phees_2022-07-26_13-19-22_0000049_labelled_Lola_pheeseq_0000013_labelled_mC3.wav,Lola,Odin,after,non-partner,Tabor-Lola,12.583467,1.4746051,UMAP
593,after_phees_2022-07-26_13-19-22_0000049_labelled_Lola_pheeseq_0000014_labelled_mB1.wav,Lola,Odin,after,non-partner,Tabor-Lola,10.031927,0.8648996,UMAP
594,after_phees_2022-07-26_13-19-22_0000049_labelled_Lola_pheeseq_0000014_labelled_mB2.wav,Lola,Odin,after,non-partner,Tabor-Lola,11.50674,0.7909608,UMAP
595,after_phees_2022-07-26_13-19-22_0000049_labelled_Lola_pheeseq_0000015_labelled_mB1.wav,Lola,Odin,after,non-partner,Tabor-Lola,9.798185,0.7062745,UMAP
596,after_phees_2022-07-26_13-19-22_0000049_labelled_Lola_pheeseq_0000015_labelled_mB2.wav,Lola,Odin,after,non-partner,Tabor-Lola,13.056602,0.95282954,UMAP
597,after_phees_2022-07-26_13-19-22_0000049_labelled_Lola_pheeseq_0000016_labelled_mC1.wav,Lola,Odin,after,non-partner,Tabor-Lola,9.185153,0.83790565,UMAP
598,after_phees_2022-07-26_13-19-22_0000049_labelled_Lola_pheeseq_0000016_labelled_mC2.wav,Lola,Odin,after,non-partner,Tabor-Lola,12.994658,0.9892695,UMAP
599,after_phees_2022-07-26_13-19-22_0000049_labelled_Lola_pheeseq_0000016_labelled_mC3.wav,Lola,Odin,after,non-partner,Tabor-Lola,12.261858,1.4819261,UMAP
600,after_phees_2022-07-26_13-19-22_0000049_labelled_Lola_pheeseq_0000020_labelled_mB1.wav,Lola,Odin,after,non-partner,Tabor-Lola,11.465819,0.8491066,UMAP
601,after_phees_2022-07-26_13-19-22_0000049_labelled_Lola_pheeseq_0000020_labelled_mB2.wav,Lola,Odin,after,non-partner,Tabor-Lola,13.892987,1.3327135,UMAP
602,after_phees_2022-07-26_13-19-22_0000049_labelled_Lola_pheeseq_0000021_labelled_mC1.wav,Lola,Odin,after,non-partner,Tabor-Lola,9.871921,0.5220781,UMAP
603,after_phees_2022-07-26_13-19-22_0000049_labelled_Lola_pheeseq_0000021_labelled_mC2.wav,Lola,Odin,after,non-partner,Tabor-Lola,12.988178,0.87998796,UMAP
604,after_phees_2022-07-26_13-19-22_0000049_labelled_Lola_pheeseq_0000021_labelled_mC3.wav,Lola,Odin,after,non-partner,Tabor-Lola,13.930525,1.3267741,UMAP
605,after_phees_2022-07-26_13-19-22_0000049_labelled_Lola_pheeseq_0000022_labelled_mC1.wav,Lola,Odin,after,non-partner,Tabor-Lola,10.566043,0.5690549,UMAP
606,after_phees_2022-07-26_13-19-22_0000049_labelled_Lola_pheeseq_0000022_labelled_mC2.wav,Lola,Odin,after,non-partner,Tabor-Lola,13.1704445,0.8962377,UMAP
607,after_phees_2022-07-26_13-19-22_0000049_labelled_Lola_pheeseq_0000022_labelled_mC3.wav,Lola,Odin,after,non-partner,Tabor-Lola,13.944184,1.2414683,UMAP
608,after_phees_2022-07-26_13-19-22_0000049_labelled_Lola_pheeseq_0000036_labelled_mB1.wav,Lola,Odin,after,non-partner,Tabor-Lola,9.884845,1.2662637,UMAP
609,after_phees_2022-07-26_13-19-22_0000049_labelled_Lola_pheeseq_0000037_labelled_mB1.wav,Lola,Odin,after,non-partner,Tabor-Lola,9.436439,0.59825355,UMAP
610,after_phees_2022-07-26_13-19-22_0000049_labelled_Lola_pheeseq_0000037_labelled_mB2.wav,Lola,Odin,after,non-partner,Tabor-Lola,12.659157,1.5949208,UMAP
611,after_phees_2022-07-26_13-19-22_0000049_labelled_Lola_pheeseq_0000038_labelled_mB1.wav,Lola,Odin,after,non-partner,Tabor-Lola,9.691175,0.55377996,UMAP
612,after_phees_2022-07-26_13-19-22_0000049_labelled_Lola_pheeseq_0000038_labelled_mB2.wav,Lola,Odin,after,non-partner,Tabor-Lola,12.094893,1.1999196,UMAP
613,after_phees_2022-07-26_13-19-22_0000049_labelled_Lola_pheeseq_0000039_labelled_mC1.wav,Lola,Odin,after,non-partner,Tabor-Lola,8.107088,0.6429834,UMAP
614,after_phees_2022-07-26_13-19-22_0000049_labelled_Lola_pheeseq_0000039_labelled_mC2.wav,Lola,Odin,after,non-partner,Tabor-Lola,11.919645,1.7141722,UMAP
615,after_phees_2022-07-26_13-19-22_0000049_labelled_Lola_pheeseq_0000039_labelled_mC3.wav,Lola,Odin,after,non-partner,Tabor-Lola,10.17881,1.0306562,UMAP
616,after_phees_2022-07-26_13-19-22_0000049_labelled_Lola_pheeseq_0000040_labelled_mB1.wav,Lola,Odin,after,non-partner,Tabor-Lola,9.115881,1.197505,UMAP
617,after_phees_2022-07-26_13-19-22_0000049_labelled_Lola_pheeseq_0000040_labelled_mB2.wav,Lola,Odin,after,non-partner,Tabor-Lola,13.308533,1.4262658,UMAP
618,after_phees_2022-07-26_13-19-22_0000049_labelled_Lola_pheeseq_0000041_labelled_mC1.wav,Lola,Odin,after,non-partner,Tabor-Lola,10.352827,0.50707614,UMAP
619,after_phees_2022-07-26_13-19-22_0000049_labelled_Lola_pheeseq_0000041_labelled_mC2.wav,Lola,Odin,after,non-partner,Tabor-Lola,12.8920555,0.874954,UMAP
620,after_phees_2022-07-26_13-19-22_0000049_labelled_Lola_pheeseq_0000041_labelled_mC3.wav,Lola,Odin,after,non-partner,Tabor-Lola,13.016043,1.1769389,UMAP
621,after_phees_2022-07-26_13-19-22_0000049_labelled_Lola_pheeseq_0000042_labelled_mB1.wav,Lola,Odin,after,non-partner,Tabor-Lola,9.714109,0.6193067,UMAP
622,after_phees_2022-07-26_13-19-22_0000049_labelled_Lola_pheeseq_0000042_labelled_mB2.wav,Lola,Odin,after,non-partner,Tabor-Lola,13.318182,0.96768075,UMAP
623,after_phees_2022-07-26_13-19-22_0000049_labelled_Lola_pheeseq_0000043_labelled_mB1.wav,Lola,Odin,after,non-partner,Tabor-Lola,10.550306,0.54492825,UMAP
624,after_phees_2022-07-26_13-19-22_0000049_labelled_Lola_pheeseq_0000043_labelled_mB2.wav,Lola,Odin,after,non-partner,Tabor-Lola,13.245122,0.9087939,UMAP
625,after_phees_2022-07-26_13-19-22_0000049_labelled_Lola_pheeseq_0000044_labelled_mB1.wav,Lola,Odin,after,non-partner,Tabor-Lola,10.532818,0.566419,UMAP
626,after_phees_2022-07-26_13-19-22_0000049_labelled_Lola_pheeseq_0000044_labelled_mB2.wav,Lola,Odin,after,non-partner,Tabor-Lola,13.399723,0.99204856,UMAP
627,after_phees_2022-07-26_13-19-22_0000049_labelled_Lola_pheeseq_0000045_labelled_mB1.wav,Lola,Odin,after,non-partner,Tabor-Lola,10.456382,0.6992221,UMAP
628,after_phees_2022-07-26_13-19-22_0000049_labelled_Lola_pheeseq_0000045_labelled_mB2.wav,Lola,Odin,after,non-partner,Tabor-Lola,13.903983,1.2305055,UMAP
629,after_phees_2022-07-26_13-19-22_0000049_labelled_Lola_pheeseq_0000047_labelled_mB1.wav,Lola,Odin,after,non-partner,Tabor-Lola,10.995005,0.58723885,UMAP
630,after_phees_2022-07-26_13-19-22_0000049_labelled_Lola_pheeseq_0000047_labelled_mB2.wav,Lola,Odin,after,non-partner,Tabor-Lola,13.955243,1.2315388,UMAP
631,after_phees_2022-07-26_13-19-22_0000049_labelled_Lola_pheeseq_0000048_labelled_mB1.wav,Lola,Odin,after,non-partner,Tabor-Lola,10.985608,0.57743067,UMAP
632,after_phees_2022-07-26_13-19-22_0000049_labelled_Lola_pheeseq_0000048_labelled_mB2.wav,Lola,Odin,after,non-partner,Tabor-Lola,13.06588,0.8231883,UMAP
633,after_phees_2022-07-26_13-19-22_0000049_labelled_Lola_pheeseq_0000049_labelled_mB1.wav,Lola,Odin,after,non-partner,Tabor-Lola,11.044824,0.6008573,UMAP
634,after_phees_2022-07-26_13-19-22_0000049_labelled_Lola_pheeseq_0000049_labelled_mB2.wav,Lola,Odin,after,non-partner,Tabor-Lola,13.823818,1.1984831,UMAP
635,after_phees_2022-07-26_13-19-22_0000049_labelled_Lola_pheeseq_0000050_labelled_mB1.wav,Lola,Odin,after,non-partner,Tabor-Lola,10.760262,0.6911606,UMAP
636,after_phees_2022-07-26_13-19-22_0000049_labelled_Lola_pheeseq_0000050_labelled_mB2.wav,Lola,Odin,after,non-partner,Tabor-Lola,13.376157,1.1042683,UMAP
637,after_phees_2022-07-26_13-19-22_0000049_labelled_Lola_pheeseq_0000051_labelled_mB1.wav,Lola,Odin,after,non-partner,Tabor-Lola,11.631973,0.9628936,UMAP
638,after_phees_2022-07-26_13-19-22_0000049_labelled_Lola_pheeseq_0000051_labelled_mB2.wav,Lola,Odin,after,non-partner,Tabor-Lola,13.267922,0.89512545,UMAP
639,after_phees_2022-07-26_13-19-22_0000049_labelled_Lola_pheeseq_0000052_labelled_mB1.wav,Lola,Odin,after,non-partner,Tabor-Lola,10.969927,0.64125717,UMAP
640,after_phees_2022-07-26_13-19-22_0000049_labelled_Lola_pheeseq_0000052_labelled_mB2.wav,Lola,Odin,after,non-partner,Tabor-Lola,13.139791,0.82398397,UMAP
641,after_phees_2022-07-26_13-19-22_0000049_labelled_Odin_pheeseq_0000007_labelled_mC1.wav,Odin,Lola,after,non-partner,Odin-Nougatti,7.294351,4.264708,UMAP
642,after_phees_2022-07-26_13-19-22_0000049_labelled_Odin_pheeseq_0000007_labelled_mC2.wav,Odin,Lola,after,non-partner,Odin-Nougatti,9.73118,4.1134624,UMAP
643,after_phees_2022-07-26_13-19-22_0000049_labelled_Odin_pheeseq_0000007_labelled_mC3.wav,Odin,Lola,after,non-partner,Odin-Nougatti,-4.601904,4.6656017,UMAP
644,after_phees_2022-07-26_13-19-22_0000049_labelled_Odin_pheeseq_0000017_labelled_mD1.wav,Odin,Lola,after,non-partner,Odin-Nougatti,0.4600297,4.71461,UMAP
645,after_phees_2022-07-26_13-19-22_0000049_labelled_Odin_pheeseq_0000017_labelled_mD3.wav,Odin,Lola,after,non-partner,Odin-Nougatti,8.603315,5.1035705,UMAP
646,after_phees_2022-07-26_13-19-22_0000049_labelled_Odin_pheeseq_0000017_labelled_mD4.wav,Odin,Lola,after,non-partner,Odin-Nougatti,10.628277,4.849689,UMAP
647,after_phees_2022-07-26_13-19-22_0000049_labelled_Odin_pheeseq_0000017_labelled_mD5.wav,Odin,Lola,after,non-partner,Odin-Nougatti,1.8359298,2.8827593,UMAP
648,after_phees_2022-07-26_13-19-22_0000049_labelled_Odin_pheeseq_0000018_labelled_mD1.wav,Odin,Lola,after,non-partner,Odin-Nougatti,1.8714755,4.18178,UMAP
649,after_phees_2022-07-26_13-19-22_0000049_labelled_Odin_pheeseq_0000018_labelled_mD2.wav,Odin,Lola,after,non-partner,Odin-Nougatti,8.636374,5.025432,UMAP
650,after_phees_2022-07-26_13-19-22_0000049_labelled_Odin_pheeseq_0000018_labelled_mD3.wav,Odin,Lola,after,non-partner,Odin-Nougatti,10.797216,4.7634783,UMAP
651,after_phees_2022-07-26_13-19-22_0000049_labelled_Odin_pheeseq_0000018_labelled_mD4.wav,Odin,Lola,after,non-partner,Odin-Nougatti,9.831988,4.762045,UMAP
652,after_phees_2022-07-26_13-19-22_0000049_labelled_Odin_pheeseq_0000019_labelled_mE1.wav,Odin,Lola,after,non-partner,Odin-Nougatti,3.727305,4.202513,UMAP
653,after_phees_2022-07-26_13-19-22_0000049_labelled_Odin_pheeseq_0000019_labelled_mE3.wav,Odin,Lola,after,non-partner,Odin-Nougatti,9.010434,5.2062616,UMAP
654,after_phees_2022-07-26_13-19-22_0000049_labelled_Odin_pheeseq_0000019_labelled_mE4.wav,Odin,Lola,after,non-partner,Odin-Nougatti,11.278924,5.0395246,UMAP
655,after_phees_2022-07-26_13-19-22_0000049_labelled_Odin_pheeseq_0000019_labelled_mE5.wav,Odin,Lola,after,non-partner,Odin-Nougatti,10.271632,4.927515,UMAP
656,after_phees_2022-07-26_13-19-22_0000049_labelled_Odin_pheeseq_0000019_labelled_mE7.wav,Odin,Lola,after,non-partner,Odin-Nougatti,0.8812325,3.693634,UMAP
657,after_phees_2022-07-26_13-19-22_0000049_labelled_Odin_pheeseq_0000035_labelled_mB1.wav,Odin,Lola,after,non-partner,Odin-Nougatti,4.426539,3.8268845,UMAP
658,after_phees_2022-07-26_13-19-22_0000049_labelled_Odin_pheeseq_0000035_labelled_mB2.wav,Odin,Lola,after,non-partner,Odin-Nougatti,6.900237,2.6888247,UMAP
659,after_phees_2022-07-26_13-19-22_0000049_labelled_Odin_pheeseq_0000046_labelled_mB1.wav,Odin,Lola,after,non-partner,Odin-Nougatti,1.0957282,4.2174053,UMAP
660,after_phees_2022-07-26_13-19-22_0000049_labelled_Odin_pheeseq_0000046_labelled_mB3.wav,Odin,Lola,after,non-partner,Odin-Nougatti,9.138093,4.5145893,UMAP
661,after_phees_2022-07-26_13-19-22_0000049_labelled_Odin_pheeseq_0000053_labelled_mC1.wav,Odin,Lola,after,non-partner,Odin-Nougatti,2.8617914,4.434106,UMAP
662,after_phees_2022-07-26_13-19-22_0000049_labelled_Odin_pheeseq_0000053_labelled_mC2.wav,Odin,Lola,after,non-partner,Odin-Nougatti,8.387545,4.598739,UMAP
663,after_phees_2022-07-26_13-19-22_0000049_labelled_Odin_pheeseq_0000053_labelled_mC3.wav,Odin,Lola,after,non-partner,Odin-Nougatti,8.921626,4.5568395,UMAP
664,after_phees_2022-07-26_13-45-12_0000050_labelled_Lola_pheeseq_0000004_labelled_mB1.wav,Lola,Tabor,after,partner,Tabor-Lola,7.902842,1.1719555,UMAP
665,after_phees_2022-07-26_13-45-12_0000050_labelled_Lola_pheeseq_0000006_labelled_mB1.wav,Lola,Tabor,after,partner,Tabor-Lola,8.126292,0.6258258,UMAP
666,after_phees_2022-07-26_13-45-12_0000050_labelled_Lola_pheeseq_0000006_labelled_mB2.wav,Lola,Tabor,after,partner,Tabor-Lola,11.340817,1.7477183,UMAP
667,after_phees_2022-07-26_13-45-12_0000050_labelled_Lola_pheeseq_0000007_labelled_mB1.wav,Lola,Tabor,after,partner,Tabor-Lola,7.189893,0.82522017,UMAP
668,after_phees_2022-07-26_13-45-12_0000050_labelled_Lola_pheeseq_0000007_labelled_mB2.wav,Lola,Tabor,after,partner,Tabor-Lola,11.654783,1.7683496,UMAP
669,after_phees_2022-07-26_13-45-12_0000050_labelled_Lola_pheeseq_0000009_labelled_mB1.wav,Lola,Tabor,after,partner,Tabor-Lola,9.580621,1.1354954,UMAP
670,after_phees_2022-07-26_13-45-12_0000050_labelled_Lola_pheeseq_0000009_labelled_mB2.wav,Lola,Tabor,after,partner,Tabor-Lola,13.355037,1.8142556,UMAP
671,after_phees_2022-07-26_13-45-12_0000050_labelled_Lola_pheeseq_0000010_labelled_mB1.wav,Lola,Tabor,after,partner,Tabor-Lola,8.319736,0.64914775,UMAP
672,after_phees_2022-07-26_13-45-12_0000050_labelled_Lola_pheeseq_0000010_labelled_mB2.wav,Lola,Tabor,after,partner,Tabor-Lola,12.543077,1.827643,UMAP
673,after_phees_2022-07-26_13-45-12_0000050_labelled_Lola_pheeseq_0000011_labelled_mB1.wav,Lola,Tabor,after,partner,Tabor-Lola,8.702011,0.69094956,UMAP
674,after_phees_2022-07-26_13-45-12_0000050_labelled_Lola_pheeseq_0000011_labelled_mB2.wav,Lola,Tabor,after,partner,Tabor-Lola,12.415818,1.653545,UMAP
675,after_phees_2022-07-26_13-45-12_0000050_labelled_Lola_pheeseq_0000012_labelled_mC1.wav,Lola,Tabor,after,partner,Tabor-Lola,8.743598,0.78541416,UMAP
676,after_phees_2022-07-26_13-45-12_0000050_labelled_Lola_pheeseq_0000012_labelled_mC2.wav,Lola,Tabor,after,partner,Tabor-Lola,13.067105,1.6318245,UMAP
677,after_phees_2022-07-26_13-45-12_0000050_labelled_Lola_pheeseq_0000012_labelled_mC3.wav,Lola,Tabor,after,partner,Tabor-Lola,12.98932,1.550851,UMAP
678,after_phees_2022-07-26_13-45-12_0000050_labelled_Lola_pheeseq_0000013_labelled_mC1.wav,Lola,Tabor,after,partner,Tabor-Lola,10.361605,0.8942826,UMAP
679,after_phees_2022-07-26_13-45-12_0000050_labelled_Lola_pheeseq_0000013_labelled_mC2.wav,Lola,Tabor,after,partner,Tabor-Lola,13.253225,1.2109138,UMAP
680,after_phees_2022-07-26_13-45-12_0000050_labelled_Lola_pheeseq_0000013_labelled_mC3.wav,Lola,Tabor,after,partner,Tabor-Lola,12.90131,1.5457337,UMAP
681,after_phees_2022-07-26_13-45-12_0000050_labelled_Lola_pheeseq_0000023_labelled_mB1.wav,Lola,Tabor,after,partner,Tabor-Lola,6.9823327,0.8821855,UMAP
682,after_phees_2022-07-26_13-45-12_0000050_labelled_Lola_pheeseq_0000023_labelled_mB2.wav,Lola,Tabor,after,partner,Tabor-Lola,10.379183,1.7776765,UMAP
683,after_phees_2022-07-26_13-45-12_0000050_labelled_Lola_pheeseq_0000024_labelled_mB1.wav,Lola,Tabor,after,partner,Tabor-Lola,5.2126603,2.0448558,UMAP
684,after_phees_2022-07-26_13-45-12_0000050_labelled_Lola_pheeseq_0000024_labelled_mB2.wav,Lola,Tabor,after,partner,Tabor-Lola,8.875007,1.1840876,UMAP
685,after_phees_2022-07-26_13-45-12_0000050_labelled_Lola_pheeseq_0000025_labelled_mB1.wav,Lola,Tabor,after,partner,Tabor-Lola,6.694279,0.85052866,UMAP
686,after_phees_2022-07-26_13-45-12_0000050_labelled_Lola_pheeseq_0000025_labelled_mB2.wav,Lola,Tabor,after,partner,Tabor-Lola,10.666029,1.8019727,UMAP
687,after_phees_2022-07-26_13-45-12_0000050_labelled_Lola_pheeseq_0000026_labelled_mB1.wav,Lola,Tabor,after,partner,Tabor-Lola,7.267046,0.7620028,UMAP
688,after_phees_2022-07-26_13-45-12_0000050_labelled_Lola_pheeseq_0000026_labelled_mB2.wav,Lola,Tabor,after,partner,Tabor-Lola,11.972685,1.7781551,UMAP
689,after_phees_2022-07-26_13-45-12_0000050_labelled_Lola_pheeseq_0000027_labelled_mB1.wav,Lola,Tabor,after,partner,Tabor-Lola,8.631684,0.53349507,UMAP
690,after_phees_2022-07-26_13-45-12_0000050_labelled_Lola_pheeseq_0000027_labelled_mB2.wav,Lola,Tabor,after,partner,Tabor-Lola,12.749083,1.696848,UMAP
691,after_phees_2022-07-26_13-45-12_0000050_labelled_Lola_pheeseq_0000028_labelled_mB1.wav,Lola,Tabor,after,partner,Tabor-Lola,9.403858,0.54342264,UMAP
692,after_phees_2022-07-26_13-45-12_0000050_labelled_Lola_pheeseq_0000028_labelled_mB2.wav,Lola,Tabor,after,partner,Tabor-Lola,12.829916,1.5852072,UMAP
693,after_phees_2022-07-26_13-45-12_0000050_labelled_Lola_pheeseq_0000029_labelled_mB1.wav,Lola,Tabor,after,partner,Tabor-Lola,8.306571,0.5470149,UMAP
694,after_phees_2022-07-26_13-45-12_0000050_labelled_Lola_pheeseq_0000030_labelled_mB1.wav,Lola,Tabor,after,partner,Tabor-Lola,9.1148405,0.5147252,UMAP
695,after_phees_2022-07-26_13-45-12_0000050_labelled_Lola_pheeseq_0000030_labelled_mB2.wav,Lola,Tabor,after,partner,Tabor-Lola,11.8791485,1.4929773,UMAP
696,after_phees_2022-07-26_13-45-12_0000050_labelled_Lola_pheeseq_0000031_labelled_mB1.wav,Lola,Tabor,after,partner,Tabor-Lola,8.66486,0.5871055,UMAP
697,after_phees_2022-07-26_13-45-12_0000050_labelled_Lola_pheeseq_0000031_labelled_mB2.wav,Lola,Tabor,after,partner,Tabor-Lola,12.153087,1.6630334,UMAP
698,after_phees_2022-07-26_13-45-12_0000050_labelled_Lola_pheeseq_0000032_labelled_mB1.wav,Lola,Tabor,after,partner,Tabor-Lola,8.349408,0.51616764,UMAP
699,after_phees_2022-07-26_13-45-12_0000050_labelled_Lola_pheeseq_0000033_labelled_mB1.wav,Lola,Tabor,after,partner,Tabor-Lola,10.054802,1.3616306,UMAP
700,after_phees_2022-07-26_13-45-12_0000050_labelled_Lola_pheeseq_0000033_labelled_mB2.wav,Lola,Tabor,after,partner,Tabor-Lola,13.871714,1.3610556,UMAP
701,after_phees_2022-07-26_13-45-12_0000050_labelled_Lola_pheeseq_0000034_labelled_mB1.wav,Lola,Tabor,after,partner,Tabor-Lola,9.722346,0.68180907,UMAP
702,after_phees_2022-07-26_13-45-12_0000050_labelled_Lola_pheeseq_0000034_labelled_mB2.wav,Lola,Tabor,after,partner,Tabor-Lola,13.224569,1.5082262,UMAP
703,after_phees_2022-07-26_13-45-12_0000050_labelled_Lola_pheeseq_0000035_labelled_mB1.wav,Lola,Tabor,after,partner,Tabor-Lola,9.46379,0.8929493,UMAP
704,after_phees_2022-07-26_13-45-12_0000050_labelled_Lola_pheeseq_0000035_labelled_mB2.wav,Lola,Tabor,after,partner,Tabor-Lola,10.488892,1.6939905,UMAP
705,after_phees_2022-07-26_13-45-12_0000050_labelled_Lola_pheeseq_0000036_labelled_mB1.wav,Lola,Tabor,after,partner,Tabor-Lola,9.443033,0.59269106,UMAP
706,after_phees_2022-07-26_13-45-12_0000050_labelled_Lola_pheeseq_0000036_labelled_mB2.wav,Lola,Tabor,after,partner,Tabor-Lola,12.676018,1.6920282,UMAP
707,after_phees_2022-07-26_13-45-12_0000050_labelled_Lola_pheeseq_0000037_labelled_mB1.wav,Lola,Tabor,after,partner,Tabor-Lola,8.414621,0.62939304,UMAP
708,after_phees_2022-07-26_13-45-12_0000050_labelled_Lola_pheeseq_0000037_labelled_mB2.wav,Lola,Tabor,after,partner,Tabor-Lola,12.857134,1.5988649,UMAP
709,after_phees_2022-07-26_13-45-12_0000050_labelled_Tabor_pheeseq_0000002_labelled_mD1.wav,Tabor,Lola,after,partner,Tabor-Lola,6.2936196,2.0296383,UMAP
710,after_phees_2022-07-26_13-45-12_0000050_labelled_Tabor_pheeseq_0000002_labelled_mD2.wav,Tabor,Lola,after,partner,Tabor-Lola,5.948762,3.737044,UMAP
711,after_phees_2022-07-26_13-45-12_0000050_labelled_Tabor_pheeseq_0000002_labelled_mD3.wav,Tabor,Lola,after,partner,Tabor-Lola,1.6946875,3.1459932,UMAP
712,after_phees_2022-07-26_13-45-12_0000050_labelled_Tabor_pheeseq_0000002_labelled_mD4.wav,Tabor,Lola,after,partner,Tabor-Lola,-3.5171618,4.9309087,UMAP
713,after_phees_2022-07-26_13-45-12_0000050_labelled_Tabor_pheeseq_0000014_labelled_mB1.wav,Tabor,Lola,after,partner,Tabor-Lola,5.9927425,2.5060263,UMAP
714,after_phees_2022-07-26_13-45-12_0000050_labelled_Tabor_pheeseq_0000014_labelled_mB2.wav,Tabor,Lola,after,partner,Tabor-Lola,5.7896833,2.935329,UMAP
715,after_phees_2022-07-26_13-45-12_0000050_labelled_Tabor_pheeseq_0000016_labelled_mC1.wav,Tabor,Lola,after,partner,Tabor-Lola,6.289548,2.0786092,UMAP
716,after_phees_2022-07-26_13-45-12_0000050_labelled_Tabor_pheeseq_0000016_labelled_mC2.wav,Tabor,Lola,after,partner,Tabor-Lola,6.945005,3.4488423,UMAP
717,after_phees_2022-07-26_13-45-12_0000050_labelled_Tabor_pheeseq_0000016_labelled_mC4.wav,Tabor,Lola,after,partner,Tabor-Lola,2.7886295,3.1930091,UMAP
718,after_phees_2022-07-26_14-33-05_0000052_labelled_Olympia_pheeseq_0000009_labelled_mB1.wav,Olympia,Wuschel,after,partner,Wuschel-Olympia,-2.4651828,5.264083,UMAP
719,after_phees_2022-07-26_14-33-05_0000052_labelled_Olympia_pheeseq_0000009_labelled_mB2.wav,Olympia,Wuschel,after,partner,Wuschel-Olympia,-1.6229328,4.512751,UMAP
720,after_phees_2022-07-26_14-33-05_0000052_labelled_Olympia_pheeseq_0000010_labelled_mB1.wav,Olympia,Wuschel,after,partner,Wuschel-Olympia,-2.731278,5.3008285,UMAP
721,after_phees_2022-07-26_14-33-05_0000052_labelled_Olympia_pheeseq_0000010_labelled_mB2.wav,Olympia,Wuschel,after,partner,Wuschel-Olympia,0.19360907,4.659355,UMAP
722,after_phees_2022-07-26_14-33-05_0000052_labelled_Olympia_pheeseq_0000014_labelled_mB1.wav,Olympia,Wuschel,after,partner,Wuschel-Olympia,-4.0587754,4.3724575,UMAP
723,after_phees_2022-07-26_14-33-05_0000052_labelled_Olympia_pheeseq_0000014_labelled_mB2.wav,Olympia,Wuschel,after,partner,Wuschel-Olympia,-1.7452672,4.0229077,UMAP
724,after_phees_2022-07-26_14-33-05_0000052_labelled_Olympia_pheeseq_0000015_labelled_mB1.wav,Olympia,Wuschel,after,partner,Wuschel-Olympia,-0.23538598,4.7390556,UMAP
725,after_phees_2022-07-26_14-33-05_0000052_labelled_Olympia_pheeseq_0000015_labelled_mB2.wav,Olympia,Wuschel,after,partner,Wuschel-Olympia,-0.47731885,4.72451,UMAP
726,after_phees_2022-07-26_14-33-05_0000052_labelled_Olympia_pheeseq_0000016_labelled_mB1.wav,Olympia,Wuschel,after,partner,Wuschel-Olympia,-1.8501987,5.0576015,UMAP
727,after_phees_2022-07-26_14-33-05_0000052_labelled_Olympia_pheeseq_0000016_labelled_mB2.wav,Olympia,Wuschel,after,partner,Wuschel-Olympia,0.8280866,4.562977,UMAP
728,after_phees_2022-07-26_15-00-38_0000053_labelled_Nougatti_pheeseq_0000003_labelled_mC1.wav,Nougatti,Wuschel,after,non-partner,Odin-Nougatti,6.530533,2.0007906,UMAP
729,after_phees_2022-07-26_15-00-38_0000053_labelled_Nougatti_pheeseq_0000003_labelled_mC2.wav,Nougatti,Wuschel,after,non-partner,Odin-Nougatti,6.158287,2.9781458,UMAP
730,after_phees_2022-07-26_15-00-38_0000053_labelled_Nougatti_pheeseq_0000003_labelled_mC3.wav,Nougatti,Wuschel,after,non-partner,Odin-Nougatti,-2.2439284,4.609974,UMAP
731,after_phees_2022-07-26_15-00-38_0000053_labelled_Nougatti_pheeseq_0000005_labelled_mB1.wav,Nougatti,Wuschel,after,non-partner,Odin-Nougatti,2.7460735,5.307515,UMAP
732,after_phees_2022-07-26_15-00-38_0000053_labelled_Nougatti_pheeseq_0000005_labelled_mB2.wav,Nougatti,Wuschel,after,non-partner,Odin-Nougatti,4.9617443,3.9478562,UMAP
733,after_phees_2022-07-26_15-00-38_0000053_labelled_Nougatti_pheeseq_0000006_labelled_mB1.wav,Nougatti,Wuschel,after,non-partner,Odin-Nougatti,-0.61437374,4.8113847,UMAP
734,after_phees_2022-07-26_15-00-38_0000053_labelled_Nougatti_pheeseq_0000006_labelled_mB2.wav,Nougatti,Wuschel,after,non-partner,Odin-Nougatti,4.7516375,4.0584216,UMAP
735,after_phees_2022-07-26_15-00-38_0000053_labelled_Nougatti_pheeseq_0000008_labelled_mB2.wav,Nougatti,Wuschel,after,non-partner,Odin-Nougatti,7.1141067,4.1504426,UMAP
736,after_phees_2022-07-26_15-00-38_0000053_labelled_Nougatti_pheeseq_0000010_labelled_mC1.wav,Nougatti,Wuschel,after,non-partner,Odin-Nougatti,2.6858375,5.366603,UMAP
737,after_phees_2022-07-26_15-00-38_0000053_labelled_Nougatti_pheeseq_0000010_labelled_mC2.wav,Nougatti,Wuschel,after,non-partner,Odin-Nougatti,7.2511616,4.3434243,UMAP
738,after_phees_2022-07-26_15-00-38_0000053_labelled_Nougatti_pheeseq_0000010_labelled_mC3.wav,Nougatti,Wuschel,after,non-partner,Odin-Nougatti,6.6816535,4.3952436,UMAP
739,after_phees_2022-07-26_15-00-38_0000053_labelled_Nougatti_pheeseq_0000011_labelled_mC1.wav,Nougatti,Wuschel,after,non-partner,Odin-Nougatti,3.0219512,5.353561,UMAP
740,after_phees_2022-07-26_15-00-38_0000053_labelled_Nougatti_pheeseq_0000011_labelled_mC2.wav,Nougatti,Wuschel,after,non-partner,Odin-Nougatti,9.17739,4.107778,UMAP
741,after_phees_2022-07-26_15-00-38_0000053_labelled_Nougatti_pheeseq_0000011_labelled_mC3.wav,Nougatti,Wuschel,after,non-partner,Odin-Nougatti,3.510667,3.7038906,UMAP
742,after_phees_2022-07-26_15-00-38_0000053_labelled_Nougatti_pheeseq_0000012_labelled_mB1.wav,Nougatti,Wuschel,after,non-partner,Odin-Nougatti,2.4079542,5.366804,UMAP
743,after_phees_2022-07-26_15-00-38_0000053_labelled_Nougatti_pheeseq_0000024_labelled_mB1.wav,Nougatti,Wuschel,after,non-partner,Odin-Nougatti,2.9040406,5.184669,UMAP
744,after_phees_2022-07-26_15-00-38_0000053_labelled_Nougatti_pheeseq_0000024_labelled_mB2.wav,Nougatti,Wuschel,after,non-partner,Odin-Nougatti,3.7348666,4.470545,UMAP
745,after_phees_2022-07-26_15-00-38_0000053_labelled_Nougatti_pheeseq_0000025_labelled_mB1.wav,Nougatti,Wuschel,after,non-partner,Odin-Nougatti,2.674659,5.319864,UMAP
746,after_phees_2022-07-26_15-00-38_0000053_labelled_Nougatti_pheeseq_0000025_labelled_mB2.wav,Nougatti,Wuschel,after,non-partner,Odin-Nougatti,5.2776523,3.7836902,UMAP
747,after_phees_2022-07-26_15-00-38_0000053_labelled_Nougatti_pheeseq_0000037_labelled_mB1.wav,Nougatti,Wuschel,after,non-partner,Odin-Nougatti,3.1738846,5.0832095,UMAP
748,after_phees_2022-07-26_15-00-38_0000053_labelled_Nougatti_pheeseq_0000037_labelled_mB2.wav,Nougatti,Wuschel,after,non-partner,Odin-Nougatti,5.531605,3.7869132,UMAP
749,after_phees_2022-07-26_15-00-38_0000053_labelled_Nougatti_pheeseq_0000039_labelled_mB1.wav,Nougatti,Wuschel,after,non-partner,Odin-Nougatti,2.2041333,5.331185,UMAP
750,after_phees_2022-07-26_15-00-38_0000053_labelled_Nougatti_pheeseq_0000039_labelled_mB2.wav,Nougatti,Wuschel,after,non-partner,Odin-Nougatti,7.8237224,4.240178,UMAP
751,after_phees_2022-07-26_15-00-38_0000053_labelled_Nougatti_pheeseq_0000042_labelled_mB1.wav,Nougatti,Wuschel,after,non-partner,Odin-Nougatti,2.7836952,5.366404,UMAP
752,after_phees_2022-07-26_15-00-38_0000053_labelled_Nougatti_pheeseq_0000042_labelled_mB2.wav,Nougatti,Wuschel,after,non-partner,Odin-Nougatti,8.209941,4.1083865,UMAP
753,after_phees_2022-07-26_15-00-38_0000053_labelled_Nougatti_pheeseq_0000044_labelled_mB1.wav,Nougatti,Wuschel,after,non-partner,Odin-Nougatti,2.3908868,4.0431876,UMAP
754,after_phees_2022-07-26_15-00-38_0000053_labelled_Nougatti_pheeseq_0000044_labelled_mB2.wav,Nougatti,Wuschel,after,non-partner,Odin-Nougatti,7.1043277,4.138515,UMAP
755,after_phees_2022-07-26_15-00-38_0000053_labelled_Nougatti_pheeseq_0000045_labelled_mB1.wav,Nougatti,Wuschel,after,non-partner,Odin-Nougatti,3.4266226,5.088731,UMAP
756,after_phees_2022-07-26_15-00-38_0000053_labelled_Nougatti_pheeseq_0000045_labelled_mB2.wav,Nougatti,Wuschel,after,non-partner,Odin-Nougatti,6.997697,4.086842,UMAP
757,after_phees_2022-07-26_15-00-38_0000053_labelled_Nougatti_pheeseq_0000046_labelled_mB1.wav,Nougatti,Wuschel,after,non-partner,Odin-Nougatti,2.3619494,5.3962307,UMAP
758,after_phees_2022-07-26_15-00-38_0000053_labelled_Nougatti_pheeseq_0000046_labelled_mB2.wav,Nougatti,Wuschel,after,non-partner,Odin-Nougatti,6.836451,4.248653,UMAP
759,after_phees_2022-07-26_15-00-38_0000053_labelled_Nougatti_pheeseq_0000047_labelled_mB1.wav,Nougatti,Wuschel,after,non-partner,Odin-Nougatti,3.1913784,5.2477036,UMAP
760,after_phees_2022-07-26_15-00-38_0000053_labelled_Nougatti_pheeseq_0000047_labelled_mB2.wav,Nougatti,Wuschel,after,non-partner,Odin-Nougatti,8.431068,4.0446353,UMAP
761,after_phees_2022-07-26_15-00-38_0000053_labelled_Nougatti_pheeseq_0000048_labelled_mB2.wav,Nougatti,Wuschel,after,non-partner,Odin-Nougatti,8.471952,4.0024204,UMAP
762,after_phees_2022-07-26_15-00-38_0000053_labelled_Wuschel_pheeseq_0000027_labelled_mB1.wav,Wuschel,Nougatti,after,non-partner,Wuschel-Olympia,-3.7846215,4.458834,UMAP
763,after_phees_2022-07-26_15-00-38_0000053_labelled_Wuschel_pheeseq_0000027_labelled_mB2.wav,Wuschel,Nougatti,after,non-partner,Wuschel-Olympia,-2.6782281,4.0601764,UMAP
764,after_phees_2022-07-26_15-00-38_0000053_labelled_Wuschel_pheeseq_0000028_labelled_mB1.wav,Wuschel,Nougatti,after,non-partner,Wuschel-Olympia,-3.8928745,4.131491,UMAP
765,after_phees_2022-07-26_15-00-38_0000053_labelled_Wuschel_pheeseq_0000028_labelled_mB2.wav,Wuschel,Nougatti,after,non-partner,Wuschel-Olympia,-1.457355,4.271435,UMAP
766,after_phees_2022-07-26_15-00-38_0000053_labelled_Wuschel_pheeseq_0000029_labelled_mB1.wav,Wuschel,Nougatti,after,non-partner,Wuschel-Olympia,-4.0201693,4.2094736,UMAP
767,after_phees_2022-07-26_15-00-38_0000053_labelled_Wuschel_pheeseq_0000030_labelled_mB1.wav,Wuschel,Nougatti,after,non-partner,Wuschel-Olympia,-3.9551923,4.1396494,UMAP
768,after_phees_2022-07-26_15-00-38_0000053_labelled_Wuschel_pheeseq_0000030_labelled_mB2.wav,Wuschel,Nougatti,after,non-partner,Wuschel-Olympia,-2.1822708,3.9886196,UMAP
769,after_phees_2022-07-26_15-00-38_0000053_labelled_Wuschel_pheeseq_0000031_labelled_mB1.wav,Wuschel,Nougatti,after,non-partner,Wuschel-Olympia,-3.9169927,4.109735,UMAP
770,after_phees_2022-07-26_15-00-38_0000053_labelled_Wuschel_pheeseq_0000031_labelled_mB2.wav,Wuschel,Nougatti,after,non-partner,Wuschel-Olympia,-0.7757291,4.598379,UMAP
771,after_phees_2022-07-26_15-00-38_0000053_labelled_Wuschel_pheeseq_0000033_labelled_mB1.wav,Wuschel,Nougatti,after,non-partner,Wuschel-Olympia,-3.4656394,3.990571,UMAP
772,after_phees_2022-07-26_15-00-38_0000053_labelled_Wuschel_pheeseq_0000033_labelled_mB2.wav,Wuschel,Nougatti,after,non-partner,Wuschel-Olympia,-1.7023854,4.3019,UMAP
773,after_phees_2022-07-26_15-00-38_0000053_labelled_Wuschel_pheeseq_0000034_labelled_mC1.wav,Wuschel,Nougatti,after,non-partner,Wuschel-Olympia,-3.4846733,4.042292,UMAP
774,after_phees_2022-07-26_15-00-38_0000053_labelled_Wuschel_pheeseq_0000034_labelled_mC2.wav,Wuschel,Nougatti,after,non-partner,Wuschel-Olympia,-0.23905122,4.5333,UMAP
775,after_phees_2022-07-26_15-00-38_0000053_labelled_Wuschel_pheeseq_0000034_labelled_mC3.wav,Wuschel,Nougatti,after,non-partner,Wuschel-Olympia,-3.8005474,4.7088327,UMAP
776,after_phees_2022-07-26_15-00-38_0000053_labelled_Wuschel_pheeseq_0000036_labelled_mB1.wav,Wuschel,Nougatti,after,non-partner,Wuschel-Olympia,-2.4041548,3.9305334,UMAP
777,after_phees_2022-07-26_15-00-38_0000053_labelled_Wuschel_pheeseq_0000036_labelled_mB2.wav,Wuschel,Nougatti,after,non-partner,Wuschel-Olympia,-0.43445164,4.6361356,UMAP
778,after_phees_2022-07-26_15-00-38_0000053_labelled_Wuschel_pheeseq_0000041_labelled_mB1.wav,Wuschel,Nougatti,after,non-partner,Wuschel-Olympia,-1.6403884,4.1955523,UMAP
779,after_phees_2022-07-26_15-00-38_0000053_labelled_Wuschel_pheeseq_0000041_labelled_mB2.wav,Wuschel,Nougatti,after,non-partner,Wuschel-Olympia,0.6005617,4.7140946,UMAP
780,after_phees_2022-07-26_15-00-38_0000053_labelled_Wuschel_pheeseq_0000043_labelled_mB1.wav,Wuschel,Nougatti,after,non-partner,Wuschel-Olympia,-0.22478855,5.0040374,UMAP
781,after_phees_2022-07-26_15-00-38_0000053_labelled_Wuschel_pheeseq_0000043_labelled_mB2.wav,Wuschel,Nougatti,after,non-partner,Wuschel-Olympia,-0.26270175,4.747064,UMAP
782,after_phees_2022-07-26_15-22-33_0000054_labelled_Nougatti_pheeseq_0000004_labelled_mB1.wav,Nougatti,Odin,after,partner,Odin-Nougatti,2.94849,5.1923227,UMAP
783,after_phees_2022-07-26_15-22-33_0000054_labelled_Nougatti_pheeseq_0000004_labelled_mB2.wav,Nougatti,Odin,after,partner,Odin-Nougatti,7.980345,4.1910377,UMAP
784,after_phees_2022-07-26_15-22-33_0000054_labelled_Nougatti_pheeseq_0000005_labelled_mB1.wav,Nougatti,Odin,after,partner,Odin-Nougatti,1.9764444,5.2483487,UMAP
785,after_phees_2022-07-26_15-22-33_0000054_labelled_Nougatti_pheeseq_0000005_labelled_mB2.wav,Nougatti,Odin,after,partner,Odin-Nougatti,8.501745,4.2773786,UMAP
786,after_phees_2022-07-26_15-22-33_0000054_labelled_Nougatti_pheeseq_0000006_labelled_mB1.wav,Nougatti,Odin,after,partner,Odin-Nougatti,3.0451658,5.2686243,UMAP
787,after_phees_2022-07-26_15-22-33_0000054_labelled_Nougatti_pheeseq_0000006_labelled_mB2.wav,Nougatti,Odin,after,partner,Odin-Nougatti,7.642231,4.159219,UMAP
788,after_phees_2022-07-26_15-22-33_0000054_labelled_Nougatti_pheeseq_0000009_labelled_mB1.wav,Nougatti,Odin,after,partner,Odin-Nougatti,3.0432906,5.2378054,UMAP
789,after_phees_2022-07-26_15-22-33_0000054_labelled_Nougatti_pheeseq_0000009_labelled_mB2.wav,Nougatti,Odin,after,partner,Odin-Nougatti,9.332542,4.131633,UMAP
790,after_phees_2022-07-26_15-22-33_0000054_labelled_Nougatti_pheeseq_0000011_labelled_mB1.wav,Nougatti,Odin,after,partner,Odin-Nougatti,3.2567112,5.228912,UMAP
791,after_phees_2022-07-26_15-22-33_0000054_labelled_Nougatti_pheeseq_0000011_labelled_mB2.wav,Nougatti,Odin,after,partner,Odin-Nougatti,11.330958,4.089794,UMAP
792,after_phees_2022-07-26_15-22-33_0000054_labelled_Nougatti_pheeseq_0000017_labelled_mB1.wav,Nougatti,Odin,after,partner,Odin-Nougatti,2.2701774,5.3479834,UMAP
793,after_phees_2022-07-26_15-22-33_0000054_labelled_Nougatti_pheeseq_0000017_labelled_mB2.wav,Nougatti,Odin,after,partner,Odin-Nougatti,10.337913,4.270339,UMAP
794,after_phees_2022-07-27_10-24-06_0000055_labelled_Tabor_pheeseq_0000002_labelled_mC1.wav,Tabor,Nougatti,after,non-partner,Tabor-Lola,4.9366946,2.8108966,UMAP
795,after_phees_2022-07-27_10-24-06_0000055_labelled_Tabor_pheeseq_0000002_labelled_mC2.wav,Tabor,Nougatti,after,non-partner,Tabor-Lola,5.431081,4.0633125,UMAP
796,after_phees_2022-07-27_10-24-06_0000055_labelled_Tabor_pheeseq_0000002_labelled_mC3.wav,Tabor,Nougatti,after,non-partner,Tabor-Lola,2.0470648,4.735058,UMAP
797,after_phees_2022-07-27_10-24-06_0000055_labelled_Tabor_pheeseq_0000003_labelled_mD1.wav,Tabor,Nougatti,after,non-partner,Tabor-Lola,6.5897474,1.7631886,UMAP
798,after_phees_2022-07-27_10-24-06_0000055_labelled_Tabor_pheeseq_0000003_labelled_mD2.wav,Tabor,Nougatti,after,non-partner,Tabor-Lola,5.4315653,3.321673,UMAP
799,after_phees_2022-07-27_10-24-06_0000055_labelled_Tabor_pheeseq_0000003_labelled_mD3.wav,Tabor,Nougatti,after,non-partner,Tabor-Lola,1.4444715,4.7227335,UMAP
800,after_phees_2022-07-27_10-24-06_0000055_labelled_Tabor_pheeseq_0000003_labelled_mD4.wav,Tabor,Nougatti,after,non-partner,Tabor-Lola,-2.9699817,4.847532,UMAP
801,after_phees_2022-07-27_10-24-06_0000055_labelled_Tabor_pheeseq_0000005_labelled_mC1.wav,Tabor,Nougatti,after,non-partner,Tabor-Lola,6.335068,1.974702,UMAP
802,after_phees_2022-07-27_10-24-06_0000055_labelled_Tabor_pheeseq_0000005_labelled_mC2.wav,Tabor,Nougatti,after,non-partner,Tabor-Lola,7.990034,1.9257438,UMAP
803,after_phees_2022-07-27_10-24-06_0000055_labelled_Tabor_pheeseq_0000005_labelled_mC3.wav,Tabor,Nougatti,after,non-partner,Tabor-Lola,7.0680428,2.256708,UMAP
804,after_phees_2022-07-27_10-24-06_0000055_labelled_Tabor_pheeseq_0000006_labelled_mC1.wav,Tabor,Nougatti,after,non-partner,Tabor-Lola,7.8077683,2.0004773,UMAP
805,after_phees_2022-07-27_10-24-06_0000055_labelled_Tabor_pheeseq_0000006_labelled_mC2.wav,Tabor,Nougatti,after,non-partner,Tabor-Lola,7.7728395,2.02157,UMAP
806,after_phees_2022-07-27_10-24-06_0000055_labelled_Tabor_pheeseq_0000006_labelled_mC3.wav,Tabor,Nougatti,after,non-partner,Tabor-Lola,6.3935895,1.985138,UMAP
807,after_phees_2022-07-27_10-24-06_0000055_labelled_Tabor_pheeseq_0000008_labelled_mC1.wav,Tabor,Nougatti,after,non-partner,Tabor-Lola,6.25361,2.0400705,UMAP
808,after_phees_2022-07-27_10-24-06_0000055_labelled_Tabor_pheeseq_0000008_labelled_mC4.wav,Tabor,Nougatti,after,non-partner,Tabor-Lola,3.333326,3.434399,UMAP
809,after_phees_2022-07-27_10-24-06_0000055_labelled_Tabor_pheeseq_0000008_labelled_mC5.wav,Tabor,Nougatti,after,non-partner,Tabor-Lola,-0.33739662,4.5947876,UMAP
810,after_phees_2022-07-27_10-24-06_0000055_labelled_Tabor_pheeseq_0000009_labelled_mC1.wav,Tabor,Nougatti,after,non-partner,Tabor-Lola,6.4496164,1.9676813,UMAP
811,after_phees_2022-07-27_10-24-06_0000055_labelled_Tabor_pheeseq_0000009_labelled_mC2.wav,Tabor,Nougatti,after,non-partner,Tabor-Lola,5.817281,3.0989983,UMAP
812,after_phees_2022-07-27_10-24-06_0000055_labelled_Tabor_pheeseq_0000009_labelled_mC3.wav,Tabor,Nougatti,after,non-partner,Tabor-Lola,2.7426624,3.5159128,UMAP
813,after_phees_2022-07-27_10-24-06_0000055_labelled_Tabor_pheeseq_0000014_labelled_mC1.wav,Tabor,Nougatti,after,non-partner,Tabor-Lola,1.0520496,4.9270883,UMAP
814,after_phees_2022-07-27_10-24-06_0000055_labelled_Tabor_pheeseq_0000014_labelled_mC2.wav,Tabor,Nougatti,after,non-partner,Tabor-Lola,0.87996334,4.501845,UMAP
815,after_phees_2022-07-27_10-24-06_0000055_labelled_Tabor_pheeseq_0000014_labelled_mC3.wav,Tabor,Nougatti,after,non-partner,Tabor-Lola,-2.9812999,4.8940854,UMAP
816,after_phees_2022-07-27_11-30-41_0000057_labelled_Lola_pheeseq_0000002_labelled_mB1.wav,Lola,Wuschel,after,non-partner,Tabor-Lola,5.155382,2.1679375,UMAP
817,after_phees_2022-07-27_11-30-41_0000057_labelled_Lola_pheeseq_0000002_labelled_mB2.wav,Lola,Wuschel,after,non-partner,Tabor-Lola,5.526386,1.7576942,UMAP
818,after_phees_2022-07-27_11-30-41_0000057_labelled_Lola_pheeseq_0000003_labelled_mB1.wav,Lola,Wuschel,after,non-partner,Tabor-Lola,2.672941,5.3005056,UMAP
819,after_phees_2022-07-27_11-30-41_0000057_labelled_Lola_pheeseq_0000003_labelled_mB2.wav,Lola,Wuschel,after,non-partner,Tabor-Lola,5.803548,1.366886,UMAP
820,after_phees_2022-07-27_11-30-41_0000057_labelled_Lola_pheeseq_0000004_labelled_mC1.wav,Lola,Wuschel,after,non-partner,Tabor-Lola,2.9242353,5.2870865,UMAP
821,after_phees_2022-07-27_11-30-41_0000057_labelled_Lola_pheeseq_0000004_labelled_mC2.wav,Lola,Wuschel,after,non-partner,Tabor-Lola,6.8689966,0.8620941,UMAP
822,after_phees_2022-07-27_11-30-41_0000057_labelled_Lola_pheeseq_0000004_labelled_mC3.wav,Lola,Wuschel,after,non-partner,Tabor-Lola,5.186541,1.7690799,UMAP
823,after_phees_2022-07-27_11-30-41_0000057_labelled_Lola_pheeseq_0000005_labelled_mC1.wav,Lola,Wuschel,after,non-partner,Tabor-Lola,3.571317,4.8352423,UMAP
824,after_phees_2022-07-27_11-30-41_0000057_labelled_Lola_pheeseq_0000005_labelled_mC2.wav,Lola,Wuschel,after,non-partner,Tabor-Lola,7.559939,0.8652626,UMAP
825,after_phees_2022-07-27_11-30-41_0000057_labelled_Lola_pheeseq_0000005_labelled_mC3.wav,Lola,Wuschel,after,non-partner,Tabor-Lola,6.9317236,1.1294167,UMAP
826,after_phees_2022-07-27_11-30-41_0000057_labelled_Lola_pheeseq_0000006_labelled_mC1.wav,Lola,Wuschel,after,non-partner,Tabor-Lola,4.9381003,1.9819264,UMAP
827,after_phees_2022-07-27_11-30-41_0000057_labelled_Lola_pheeseq_0000006_labelled_mC2.wav,Lola,Wuschel,after,non-partner,Tabor-Lola,10.236291,1.8411398,UMAP
828,after_phees_2022-07-27_11-30-41_0000057_labelled_Lola_pheeseq_0000006_labelled_mC3.wav,Lola,Wuschel,after,non-partner,Tabor-Lola,8.428074,1.4158722,UMAP
829,after_phees_2022-07-27_11-30-41_0000057_labelled_Lola_pheeseq_0000007_labelled_mB1.wav,Lola,Wuschel,after,non-partner,Tabor-Lola,7.36196,0.7347894,UMAP
830,after_phees_2022-07-27_11-30-41_0000057_labelled_Lola_pheeseq_0000007_labelled_mB2.wav,Lola,Wuschel,after,non-partner,Tabor-Lola,9.609688,0.71389276,UMAP
831,after_phees_2022-07-27_11-30-41_0000057_labelled_Lola_pheeseq_0000008_labelled_mB1.wav,Lola,Wuschel,after,non-partner,Tabor-Lola,8.683237,0.50003636,UMAP
832,after_phees_2022-07-27_11-30-41_0000057_labelled_Lola_pheeseq_0000008_labelled_mB2.wav,Lola,Wuschel,after,non-partner,Tabor-Lola,12.792577,1.6131427,UMAP
833,after_phees_2022-07-27_11-30-41_0000057_labelled_Lola_pheeseq_0000009_labelled_mB1.wav,Lola,Wuschel,after,non-partner,Tabor-Lola,8.863636,0.46574566,UMAP
834,after_phees_2022-07-27_11-30-41_0000057_labelled_Lola_pheeseq_0000013_labelled_mB1.wav,Lola,Wuschel,after,non-partner,Tabor-Lola,9.765002,1.8624457,UMAP
835,after_phees_2022-07-27_11-30-41_0000057_labelled_Lola_pheeseq_0000013_labelled_mB2.wav,Lola,Wuschel,after,non-partner,Tabor-Lola,12.893367,1.5759393,UMAP
836,after_phees_2022-07-27_11-30-41_0000057_labelled_Lola_pheeseq_0000020_labelled_mB1.wav,Lola,Wuschel,after,non-partner,Tabor-Lola,8.406671,0.573078,UMAP
837,after_phees_2022-07-27_11-30-41_0000057_labelled_Lola_pheeseq_0000020_labelled_mB2.wav,Lola,Wuschel,after,non-partner,Tabor-Lola,10.943672,1.9596205,UMAP
838,after_phees_2022-07-27_11-30-41_0000057_labelled_Wuschel_pheeseq_0000010_labelled_mB1.wav,Wuschel,Lola,after,non-partner,Wuschel-Olympia,-3.0984175,4.411249,UMAP
839,after_phees_2022-07-27_11-30-41_0000057_labelled_Wuschel_pheeseq_0000010_labelled_mB2.wav,Wuschel,Lola,after,non-partner,Wuschel-Olympia,-2.9132683,4.2552037,UMAP
840,after_phees_2022-07-27_11-30-41_0000057_labelled_Wuschel_pheeseq_0000011_labelled_mB1.wav,Wuschel,Lola,after,non-partner,Wuschel-Olympia,-3.996012,4.163538,UMAP
841,after_phees_2022-07-27_11-30-41_0000057_labelled_Wuschel_pheeseq_0000011_labelled_mB2.wav,Wuschel,Lola,after,non-partner,Wuschel-Olympia,-3.5662491,4.1333613,UMAP
842,after_phees_2022-07-27_11-30-41_0000057_labelled_Wuschel_pheeseq_0000012_labelled_mB1.wav,Wuschel,Lola,after,non-partner,Wuschel-Olympia,-3.1995385,4.0736337,UMAP
843,after_phees_2022-07-27_11-30-41_0000057_labelled_Wuschel_pheeseq_0000012_labelled_mB2.wav,Wuschel,Lola,after,non-partner,Wuschel-Olympia,-2.422759,4.108655,UMAP
844,after_phees_2022-07-28_09-36-49_0000058_labelled_Olympia_pheeseq_0000032_labelled_mB1.wav,Olympia,Tabor,after,non-partner,Wuschel-Olympia,-2.5764453,5.27638,UMAP
845,after_phees_2022-07-28_09-36-49_0000058_labelled_Olympia_pheeseq_0000032_labelled_mB2.wav,Olympia,Tabor,after,non-partner,Wuschel-Olympia,-4.6421795,4.832843,UMAP
846,after_phees_2022-07-28_09-36-49_0000058_labelled_Olympia_pheeseq_0000034_labelled_mB1.wav,Olympia,Tabor,after,non-partner,Wuschel-Olympia,-2.9591162,5.344689,UMAP
847,after_phees_2022-07-28_09-36-49_0000058_labelled_Olympia_pheeseq_0000034_labelled_mB2.wav,Olympia,Tabor,after,non-partner,Wuschel-Olympia,-1.8695816,4.8573017,UMAP
848,after_phees_2022-07-28_09-36-49_0000058_labelled_Tabor_pheeseq_0000002_labelled_mC1.wav,Tabor,Olympia,after,non-partner,Tabor-Lola,1.847308,4.3353806,UMAP
849,after_phees_2022-07-28_09-36-49_0000058_labelled_Tabor_pheeseq_0000002_labelled_mC2.wav,Tabor,Olympia,after,non-partner,Tabor-Lola,0.99833024,4.392514,UMAP
850,after_phees_2022-07-28_09-36-49_0000058_labelled_Tabor_pheeseq_0000002_labelled_mC3.wav,Tabor,Olympia,after,non-partner,Tabor-Lola,-1.111412,4.3066077,UMAP
851,after_phees_2022-07-28_09-36-49_0000058_labelled_Tabor_pheeseq_0000003_labelled_mC1.wav,Tabor,Olympia,after,non-partner,Tabor-Lola,1.9566649,4.216039,UMAP
852,after_phees_2022-07-28_09-36-49_0000058_labelled_Tabor_pheeseq_0000003_labelled_mC3.wav,Tabor,Olympia,after,non-partner,Tabor-Lola,5.1275544,4.072749,UMAP
853,after_phees_2022-07-28_09-36-49_0000058_labelled_Tabor_pheeseq_0000003_labelled_mC4.wav,Tabor,Olympia,after,non-partner,Tabor-Lola,2.2873113,2.9716308,UMAP
854,after_phees_2022-07-28_09-36-49_0000058_labelled_Tabor_pheeseq_0000004_labelled_mC1.wav,Tabor,Olympia,after,non-partner,Tabor-Lola,3.8704417,4.2989545,UMAP
855,after_phees_2022-07-28_09-36-49_0000058_labelled_Tabor_pheeseq_0000004_labelled_mC2.wav,Tabor,Olympia,after,non-partner,Tabor-Lola,5.50043,4.2342825,UMAP
856,after_phees_2022-07-28_09-36-49_0000058_labelled_Tabor_pheeseq_0000004_labelled_mC3.wav,Tabor,Olympia,after,non-partner,Tabor-Lola,1.7175375,3.34545,UMAP
857,after_phees_2022-07-28_09-36-49_0000058_labelled_Tabor_pheeseq_0000005_labelled_mD1.wav,Tabor,Olympia,after,non-partner,Tabor-Lola,4.8984604,4.05175,UMAP
858,after_phees_2022-07-28_09-36-49_0000058_labelled_Tabor_pheeseq_0000005_labelled_mD2.wav,Tabor,Olympia,after,non-partner,Tabor-Lola,5.391216,4.2486615,UMAP
859,after_phees_2022-07-28_09-36-49_0000058_labelled_Tabor_pheeseq_0000005_labelled_mD3.wav,Tabor,Olympia,after,non-partner,Tabor-Lola,6.0850234,4.0228157,UMAP
860,after_phees_2022-07-28_09-36-49_0000058_labelled_Tabor_pheeseq_0000005_labelled_mD4.wav,Tabor,Olympia,after,non-partner,Tabor-Lola,-1.0299737,4.0015645,UMAP
861,after_phees_2022-07-28_09-36-49_0000058_labelled_Tabor_pheeseq_0000006_labelled_mD1.wav,Tabor,Olympia,after,non-partner,Tabor-Lola,6.4592385,4.388922,UMAP
862,after_phees_2022-07-28_09-36-49_0000058_labelled_Tabor_pheeseq_0000006_labelled_mD2.wav,Tabor,Olympia,after,non-partner,Tabor-Lola,7.7995944,4.525678,UMAP
863,after_phees_2022-07-28_09-36-49_0000058_labelled_Tabor_pheeseq_0000006_labelled_mD3.wav,Tabor,Olympia,after,non-partner,Tabor-Lola,3.7291975,3.4768918,UMAP
864,after_phees_2022-07-28_09-36-49_0000058_labelled_Tabor_pheeseq_0000006_labelled_mD4.wav,Tabor,Olympia,after,non-partner,Tabor-Lola,-0.9652361,3.8562043,UMAP
865,after_phees_2022-07-28_09-36-49_0000058_labelled_Tabor_pheeseq_0000007_labelled_mD1.wav,Tabor,Olympia,after,non-partner,Tabor-Lola,3.959435,4.448699,UMAP
866,after_phees_2022-07-28_09-36-49_0000058_labelled_Tabor_pheeseq_0000007_labelled_mD3.wav,Tabor,Olympia,after,non-partner,Tabor-Lola,4.0190377,3.5910692,UMAP
867,after_phees_2022-07-28_09-36-49_0000058_labelled_Tabor_pheeseq_0000007_labelled_mD4.wav,Tabor,Olympia,after,non-partner,Tabor-Lola,3.7460647,3.3491368,UMAP
868,after_phees_2022-07-28_09-36-49_0000058_labelled_Tabor_pheeseq_0000008_labelled_mD1.wav,Tabor,Olympia,after,non-partner,Tabor-Lola,6.5069757,4.2606916,UMAP
869,after_phees_2022-07-28_09-36-49_0000058_labelled_Tabor_pheeseq_0000008_labelled_mD2.wav,Tabor,Olympia,after,non-partner,Tabor-Lola,7.4838943,4.5663853,UMAP
870,after_phees_2022-07-28_09-36-49_0000058_labelled_Tabor_pheeseq_0000008_labelled_mD3.wav,Tabor,Olympia,after,non-partner,Tabor-Lola,3.9454267,3.5960484,UMAP
871,after_phees_2022-07-28_09-36-49_0000058_labelled_Tabor_pheeseq_0000008_labelled_mD4.wav,Tabor,Olympia,after,non-partner,Tabor-Lola,2.185048,3.5665522,UMAP
872,after_phees_2022-07-28_09-36-49_0000058_labelled_Tabor_pheeseq_0000009_labelled_mD2.wav,Tabor,Olympia,after,non-partner,Tabor-Lola,7.9740915,4.6468015,UMAP
873,after_phees_2022-07-28_09-36-49_0000058_labelled_Tabor_pheeseq_0000009_labelled_mD3.wav,Tabor,Olympia,after,non-partner,Tabor-Lola,7.6440377,4.6491685,UMAP
874,after_phees_2022-07-28_09-36-49_0000058_labelled_Tabor_pheeseq_0000009_labelled_mD4.wav,Tabor,Olympia,after,non-partner,Tabor-Lola,1.7830845,2.9486325,UMAP
875,after_phees_2022-07-28_09-36-49_0000058_labelled_Tabor_pheeseq_0000010_labelled_mC2.wav,Tabor,Olympia,after,non-partner,Tabor-Lola,9.291598,4.2447643,UMAP
876,after_phees_2022-07-28_09-36-49_0000058_labelled_Tabor_pheeseq_0000010_labelled_mC3.wav,Tabor,Olympia,after,non-partner,Tabor-Lola,8.892841,4.523403,UMAP
877,after_phees_2022-07-28_09-36-49_0000058_labelled_Tabor_pheeseq_0000011_labelled_mD1.wav,Tabor,Olympia,after,non-partner,Tabor-Lola,8.082558,4.0432987,UMAP
878,after_phees_2022-07-28_09-36-49_0000058_labelled_Tabor_pheeseq_0000011_labelled_mD2.wav,Tabor,Olympia,after,non-partner,Tabor-Lola,10.657381,4.467237,UMAP
879,after_phees_2022-07-28_09-36-49_0000058_labelled_Tabor_pheeseq_0000011_labelled_mD3.wav,Tabor,Olympia,after,non-partner,Tabor-Lola,9.738146,4.56886,UMAP
880,after_phees_2022-07-28_09-36-49_0000058_labelled_Tabor_pheeseq_0000011_labelled_mD4.wav,Tabor,Olympia,after,non-partner,Tabor-Lola,2.7423704,2.676468,UMAP
881,after_phees_2022-07-28_09-36-49_0000058_labelled_Tabor_pheeseq_0000012_labelled_mD1.wav,Tabor,Olympia,after,non-partner,Tabor-Lola,4.838849,2.0800624,UMAP
882,after_phees_2022-07-28_09-36-49_0000058_labelled_Tabor_pheeseq_0000012_labelled_mD2.wav,Tabor,Olympia,after,non-partner,Tabor-Lola,7.9804378,4.5013943,UMAP
883,after_phees_2022-07-28_09-36-49_0000058_labelled_Tabor_pheeseq_0000012_labelled_mD3.wav,Tabor,Olympia,after,non-partner,Tabor-Lola,5.817617,4.273172,UMAP
884,after_phees_2022-07-28_09-36-49_0000058_labelled_Tabor_pheeseq_0000012_labelled_mD4.wav,Tabor,Olympia,after,non-partner,Tabor-Lola,2.8697276,3.1442604,UMAP
885,after_phees_2022-07-28_09-36-49_0000058_labelled_Tabor_pheeseq_0000017_labelled_mD1.wav,Tabor,Olympia,after,non-partner,Tabor-Lola,8.983727,4.400048,UMAP
886,after_phees_2022-07-28_09-36-49_0000058_labelled_Tabor_pheeseq_0000017_labelled_mD2.wav,Tabor,Olympia,after,non-partner,Tabor-Lola,5.6156096,4.3169746,UMAP
887,after_phees_2022-07-28_09-36-49_0000058_labelled_Tabor_pheeseq_0000017_labelled_mD3.wav,Tabor,Olympia,after,non-partner,Tabor-Lola,0.81226325,3.249339,UMAP
888,after_phees_2022-07-28_09-36-49_0000058_labelled_Tabor_pheeseq_0000023_labelled_mC1.wav,Tabor,Olympia,after,non-partner,Tabor-Lola,1.5824592,4.7037134,UMAP
889,after_phees_2022-07-28_09-36-49_0000058_labelled_Tabor_pheeseq_0000023_labelled_mC2.wav,Tabor,Olympia,after,non-partner,Tabor-Lola,1.717933,4.1011696,UMAP
890,after_phees_2022-07-28_09-36-49_0000058_labelled_Tabor_pheeseq_0000023_labelled_mC3.wav,Tabor,Olympia,after,non-partner,Tabor-Lola,-2.6968303,4.9072685,UMAP
891,after_phees_2022-07-28_09-36-49_0000058_labelled_Tabor_pheeseq_0000024_labelled_mC1.wav,Tabor,Olympia,after,non-partner,Tabor-Lola,1.5281787,4.6431394,UMAP
892,after_phees_2022-07-28_09-36-49_0000058_labelled_Tabor_pheeseq_0000024_labelled_mC2.wav,Tabor,Olympia,after,non-partner,Tabor-Lola,4.2226057,3.755447,UMAP
893,after_phees_2022-07-28_09-36-49_0000058_labelled_Tabor_pheeseq_0000024_labelled_mC3.wav,Tabor,Olympia,after,non-partner,Tabor-Lola,-0.2163037,4.368032,UMAP
894,after_phees_2022-07-28_09-36-49_0000058_labelled_Tabor_pheeseq_0000025_labelled_mC1.wav,Tabor,Olympia,after,non-partner,Tabor-Lola,2.8569138,5.0892096,UMAP
895,after_phees_2022-07-28_09-36-49_0000058_labelled_Tabor_pheeseq_0000025_labelled_mC2.wav,Tabor,Olympia,after,non-partner,Tabor-Lola,4.728761,3.7369316,UMAP
896,after_phees_2022-07-28_09-36-49_0000058_labelled_Tabor_pheeseq_0000025_labelled_mC3.wav,Tabor,Olympia,after,non-partner,Tabor-Lola,0.1497681,4.2247553,UMAP
897,after_phees_2022-07-28_09-36-49_0000058_labelled_Tabor_pheeseq_0000026_labelled_mC1.wav,Tabor,Olympia,after,non-partner,Tabor-Lola,1.5954531,4.815267,UMAP
898,after_phees_2022-07-28_09-36-49_0000058_labelled_Tabor_pheeseq_0000026_labelled_mC2.wav,Tabor,Olympia,after,non-partner,Tabor-Lola,6.7849355,4.2942657,UMAP
899,after_phees_2022-07-28_09-36-49_0000058_labelled_Tabor_pheeseq_0000026_labelled_mC3.wav,Tabor,Olympia,after,non-partner,Tabor-Lola,1.071438,4.413254,UMAP
900,after_phees_2022-07-28_09-36-49_0000058_labelled_Tabor_pheeseq_0000027_labelled_mC1.wav,Tabor,Olympia,after,non-partner,Tabor-Lola,3.562635,4.651673,UMAP
901,after_phees_2022-07-28_09-36-49_0000058_labelled_Tabor_pheeseq_0000027_labelled_mC2.wav,Tabor,Olympia,after,non-partner,Tabor-Lola,8.47765,4.6349382,UMAP
902,after_phees_2022-07-28_09-36-49_0000058_labelled_Tabor_pheeseq_0000027_labelled_mC3.wav,Tabor,Olympia,after,non-partner,Tabor-Lola,2.8713176,4.338093,UMAP
903,after_phees_2022-07-28_09-36-49_0000058_labelled_Tabor_pheeseq_0000028_labelled_mC1.wav,Tabor,Olympia,after,non-partner,Tabor-Lola,5.6151342,3.6026108,UMAP
904,after_phees_2022-07-28_09-36-49_0000058_labelled_Tabor_pheeseq_0000028_labelled_mC2.wav,Tabor,Olympia,after,non-partner,Tabor-Lola,7.8044477,4.341931,UMAP
905,after_phees_2022-07-28_09-36-49_0000058_labelled_Tabor_pheeseq_0000028_labelled_mC3.wav,Tabor,Olympia,after,non-partner,Tabor-Lola,2.0489938,4.0028324,UMAP
906,after_phees_2022-07-28_09-36-49_0000058_labelled_Tabor_pheeseq_0000029_labelled_mB1.wav,Tabor,Olympia,after,non-partner,Tabor-Lola,4.252833,3.965616,UMAP
907,after_phees_2022-07-28_09-36-49_0000058_labelled_Tabor_pheeseq_0000029_labelled_mB2.wav,Tabor,Olympia,after,non-partner,Tabor-Lola,7.6675835,4.3289256,UMAP
908,after_phees_2022-07-28_09-36-49_0000058_labelled_Tabor_pheeseq_0000030_labelled_mC2.wav,Tabor,Olympia,after,non-partner,Tabor-Lola,8.721035,4.496532,UMAP
909,after_phees_2022-07-28_09-36-49_0000058_labelled_Tabor_pheeseq_0000030_labelled_mC3.wav,Tabor,Olympia,after,non-partner,Tabor-Lola,3.1303442,4.120396,UMAP
910,after_phees_2022-07-28_09-36-49_0000058_labelled_Tabor_pheeseq_0000033_labelled_mD1.wav,Tabor,Olympia,after,non-partner,Tabor-Lola,7.962308,4.28281,UMAP
911,after_phees_2022-07-28_09-36-49_0000058_labelled_Tabor_pheeseq_0000033_labelled_mD2.wav,Tabor,Olympia,after,non-partner,Tabor-Lola,7.9489326,4.371956,UMAP
912,after_phees_2022-07-28_09-36-49_0000058_labelled_Tabor_pheeseq_0000033_labelled_mD3.wav,Tabor,Olympia,after,non-partner,Tabor-Lola,3.863102,3.5324721,UMAP
913,after_phees_2022-07-28_09-36-49_0000058_labelled_Tabor_pheeseq_0000033_labelled_mD4.wav,Tabor,Olympia,after,non-partner,Tabor-Lola,-3.6947196,4.6033335,UMAP
914,after_phees_2022-07-28_10-12-30_0000059_labelled_Olympia_pheeseq_0000013_labelled_mB1.wav,Olympia,Wuschel,after,partner,Wuschel-Olympia,-1.5672514,5.0120225,UMAP
915,after_phees_2022-07-28_10-12-30_0000059_labelled_Olympia_pheeseq_0000013_labelled_mB2.wav,Olympia,Wuschel,after,partner,Wuschel-Olympia,-1.7348223,4.7046514,UMAP
916,after_phees_2022-07-28_10-12-30_0000059_labelled_Olympia_pheeseq_0000014_labelled_mB1.wav,Olympia,Wuschel,after,partner,Wuschel-Olympia,-2.896147,5.3229246,UMAP
917,after_phees_2022-07-28_10-12-30_0000059_labelled_Olympia_pheeseq_0000014_labelled_mB2.wav,Olympia,Wuschel,after,partner,Wuschel-Olympia,0.3539892,4.7001767,UMAP
918,after_phees_2022-07-28_10-12-30_0000059_labelled_Olympia_pheeseq_0000015_labelled_mB1.wav,Olympia,Wuschel,after,partner,Wuschel-Olympia,-2.945094,5.3852496,UMAP
919,after_phees_2022-07-28_10-12-30_0000059_labelled_Olympia_pheeseq_0000015_labelled_mB2.wav,Olympia,Wuschel,after,partner,Wuschel-Olympia,3.3116698,4.029318,UMAP
920,after_phees_2022-07-28_10-12-30_0000059_labelled_Wuschel_pheeseq_0000002_labelled_mC1.wav,Wuschel,Olympia,after,partner,Wuschel-Olympia,-2.1014657,4.316007,UMAP
921,after_phees_2022-07-28_10-12-30_0000059_labelled_Wuschel_pheeseq_0000002_labelled_mC2.wav,Wuschel,Olympia,after,partner,Wuschel-Olympia,-0.8105335,4.4782467,UMAP
922,after_phees_2022-07-28_10-12-30_0000059_labelled_Wuschel_pheeseq_0000002_labelled_mC3.wav,Wuschel,Olympia,after,partner,Wuschel-Olympia,-4.0410295,4.778233,UMAP
923,after_phees_2022-07-28_10-12-30_0000059_labelled_Wuschel_pheeseq_0000003_labelled_mC1.wav,Wuschel,Olympia,after,partner,Wuschel-Olympia,-1.7785453,4.6066704,UMAP
924,after_phees_2022-07-28_10-12-30_0000059_labelled_Wuschel_pheeseq_0000003_labelled_mC2.wav,Wuschel,Olympia,after,partner,Wuschel-Olympia,-1.0217531,4.551725,UMAP
925,after_phees_2022-07-28_10-12-30_0000059_labelled_Wuschel_pheeseq_0000003_labelled_mC3.wav,Wuschel,Olympia,after,partner,Wuschel-Olympia,-3.1730127,4.801502,UMAP
926,after_phees_2022-07-28_10-12-30_0000059_labelled_Wuschel_pheeseq_0000004_labelled_mB1.wav,Wuschel,Olympia,after,partner,Wuschel-Olympia,-3.6996453,4.051177,UMAP
927,after_phees_2022-07-28_10-12-30_0000059_labelled_Wuschel_pheeseq_0000004_labelled_mB2.wav,Wuschel,Olympia,after,partner,Wuschel-Olympia,-2.2907643,4.071678,UMAP
928,after_phees_2022-07-28_10-12-30_0000059_labelled_Wuschel_pheeseq_0000005_labelled_mC1.wav,Wuschel,Olympia,after,partner,Wuschel-Olympia,-3.4801407,3.996677,UMAP
929,after_phees_2022-07-28_10-12-30_0000059_labelled_Wuschel_pheeseq_0000005_labelled_mC2.wav,Wuschel,Olympia,after,partner,Wuschel-Olympia,-0.411787,4.4847703,UMAP
930,after_phees_2022-07-28_10-12-30_0000059_labelled_Wuschel_pheeseq_0000005_labelled_mC3.wav,Wuschel,Olympia,after,partner,Wuschel-Olympia,-1.974441,4.2069592,UMAP
931,after_phees_2022-07-28_10-12-30_0000059_labelled_Wuschel_pheeseq_0000006_labelled_mB1.wav,Wuschel,Olympia,after,partner,Wuschel-Olympia,-3.962943,4.1236086,UMAP
932,after_phees_2022-07-28_10-12-30_0000059_labelled_Wuschel_pheeseq_0000006_labelled_mB2.wav,Wuschel,Olympia,after,partner,Wuschel-Olympia,-3.4900362,4.1379504,UMAP
933,after_phees_2022-07-28_10-46-38_0000060_labelled_Lola_pheeseq_0000002_labelled_mB1.wav,Lola,Odin,after,non-partner,Tabor-Lola,5.524495,1.7048768,UMAP
934,after_phees_2022-07-28_10-46-38_0000060_labelled_Lola_pheeseq_0000002_labelled_mB2.wav,Lola,Odin,after,non-partner,Tabor-Lola,5.937605,1.2736754,UMAP
935,after_phees_2022-07-28_10-46-38_0000060_labelled_Lola_pheeseq_0000006_labelled_mC1.wav,Lola,Odin,after,non-partner,Tabor-Lola,6.1708,1.2621688,UMAP
936,after_phees_2022-07-28_10-46-38_0000060_labelled_Lola_pheeseq_0000006_labelled_mC2.wav,Lola,Odin,after,non-partner,Tabor-Lola,7.60445,0.9557062,UMAP
937,after_phees_2022-07-28_10-46-38_0000060_labelled_Lola_pheeseq_0000006_labelled_mC3.wav,Lola,Odin,after,non-partner,Tabor-Lola,7.906984,0.98413175,UMAP
938,after_phees_2022-07-28_10-46-38_0000060_labelled_Lola_pheeseq_0000009_labelled_mC1.wav,Lola,Odin,after,non-partner,Tabor-Lola,9.577294,1.1049848,UMAP
939,after_phees_2022-07-28_10-46-38_0000060_labelled_Lola_pheeseq_0000009_labelled_mC2.wav,Lola,Odin,after,non-partner,Tabor-Lola,13.469096,1.8383713,UMAP
940,after_phees_2022-07-28_10-46-38_0000060_labelled_Lola_pheeseq_0000009_labelled_mC3.wav,Lola,Odin,after,non-partner,Tabor-Lola,12.730511,1.547797,UMAP
941,after_phees_2022-07-28_10-46-38_0000060_labelled_Lola_pheeseq_0000011_labelled_mD1.wav,Lola,Odin,after,non-partner,Tabor-Lola,7.225848,0.70752454,UMAP
942,after_phees_2022-07-28_10-46-38_0000060_labelled_Lola_pheeseq_0000011_labelled_mD2.wav,Lola,Odin,after,non-partner,Tabor-Lola,9.149847,0.74473137,UMAP
943,after_phees_2022-07-28_10-46-38_0000060_labelled_Lola_pheeseq_0000011_labelled_mD3.wav,Lola,Odin,after,non-partner,Tabor-Lola,10.652676,1.8976768,UMAP
944,after_phees_2022-07-28_10-46-38_0000060_labelled_Lola_pheeseq_0000011_labelled_mD4.wav,Lola,Odin,after,non-partner,Tabor-Lola,13.33352,2.1022847,UMAP
945,after_phees_2022-07-28_10-46-38_0000060_labelled_Lola_pheeseq_0000012_labelled_mC1.wav,Lola,Odin,after,non-partner,Tabor-Lola,6.8086476,0.9249337,UMAP
946,after_phees_2022-07-28_10-46-38_0000060_labelled_Lola_pheeseq_0000012_labelled_mC2.wav,Lola,Odin,after,non-partner,Tabor-Lola,9.97364,1.0923272,UMAP
947,after_phees_2022-07-28_10-46-38_0000060_labelled_Lola_pheeseq_0000012_labelled_mC3.wav,Lola,Odin,after,non-partner,Tabor-Lola,10.682467,1.8578427,UMAP
948,after_phees_2022-07-28_10-46-38_0000060_labelled_Lola_pheeseq_0000013_labelled_mD1.wav,Lola,Odin,after,non-partner,Tabor-Lola,6.7090244,0.8718822,UMAP
949,after_phees_2022-07-28_10-46-38_0000060_labelled_Lola_pheeseq_0000013_labelled_mD2.wav,Lola,Odin,after,non-partner,Tabor-Lola,9.535404,1.0340677,UMAP
950,after_phees_2022-07-28_10-46-38_0000060_labelled_Lola_pheeseq_0000013_labelled_mD3.wav,Lola,Odin,after,non-partner,Tabor-Lola,13.191986,1.9873829,UMAP
951,after_phees_2022-07-28_10-46-38_0000060_labelled_Lola_pheeseq_0000013_labelled_mD4.wav,Lola,Odin,after,non-partner,Tabor-Lola,7.2235804,0.69925594,UMAP
952,after_phees_2022-07-28_10-46-38_0000060_labelled_Lola_pheeseq_0000014_labelled_mC1.wav,Lola,Odin,after,non-partner,Tabor-Lola,5.5317335,1.4535669,UMAP
953,after_phees_2022-07-28_10-46-38_0000060_labelled_Lola_pheeseq_0000014_labelled_mC2.wav,Lola,Odin,after,non-partner,Tabor-Lola,10.011864,1.1526186,UMAP
954,after_phees_2022-07-28_10-46-38_0000060_labelled_Lola_pheeseq_0000014_labelled_mC3.wav,Lola,Odin,after,non-partner,Tabor-Lola,9.875093,1.4179602,UMAP
955,after_phees_2022-07-28_10-46-38_0000060_labelled_Lola_pheeseq_0000015_labelled_mC1.wav,Lola,Odin,after,non-partner,Tabor-Lola,7.676847,0.6701554,UMAP
956,after_phees_2022-07-28_10-46-38_0000060_labelled_Lola_pheeseq_0000015_labelled_mC2.wav,Lola,Odin,after,non-partner,Tabor-Lola,12.659273,1.0889732,UMAP
957,after_phees_2022-07-28_10-46-38_0000060_labelled_Lola_pheeseq_0000019_labelled_mC1.wav,Lola,Odin,after,non-partner,Tabor-Lola,10.633309,0.49587104,UMAP
958,after_phees_2022-07-28_10-46-38_0000060_labelled_Lola_pheeseq_0000019_labelled_mC2.wav,Lola,Odin,after,non-partner,Tabor-Lola,13.300435,1.0587436,UMAP
959,after_phees_2022-07-28_10-46-38_0000060_labelled_Lola_pheeseq_0000019_labelled_mC3.wav,Lola,Odin,after,non-partner,Tabor-Lola,13.829468,1.3620696,UMAP
960,after_phees_2022-07-28_10-46-38_0000060_labelled_Lola_pheeseq_0000022_labelled_mC1.wav,Lola,Odin,after,non-partner,Tabor-Lola,-3.8085313,4.7357893,UMAP
961,after_phees_2022-07-28_10-46-38_0000060_labelled_Lola_pheeseq_0000022_labelled_mC2.wav,Lola,Odin,after,non-partner,Tabor-Lola,8.313261,1.9016104,UMAP
962,after_phees_2022-07-28_10-46-38_0000060_labelled_Lola_pheeseq_0000022_labelled_mC3.wav,Lola,Odin,after,non-partner,Tabor-Lola,13.765961,1.385887,UMAP
963,after_phees_2022-07-28_10-46-38_0000060_labelled_Lola_pheeseq_0000024_labelled_mB1.wav,Lola,Odin,after,non-partner,Tabor-Lola,11.005187,0.60633695,UMAP
964,after_phees_2022-07-28_10-46-38_0000060_labelled_Lola_pheeseq_0000024_labelled_mB2.wav,Lola,Odin,after,non-partner,Tabor-Lola,13.923984,1.2555606,UMAP
965,after_phees_2022-07-28_10-46-38_0000060_labelled_Lola_pheeseq_0000039_labelled_mB1.wav,Lola,Odin,after,non-partner,Tabor-Lola,5.7133017,1.6623306,UMAP
966,after_phees_2022-07-28_10-46-38_0000060_labelled_Lola_pheeseq_0000039_labelled_mB2.wav,Lola,Odin,after,non-partner,Tabor-Lola,7.541266,0.8643865,UMAP
967,after_phees_2022-07-28_10-46-38_0000060_labelled_Lola_pheeseq_0000040_labelled_mB1.wav,Lola,Odin,after,non-partner,Tabor-Lola,5.1243677,2.151105,UMAP
968,after_phees_2022-07-28_10-46-38_0000060_labelled_Lola_pheeseq_0000040_labelled_mB2.wav,Lola,Odin,after,non-partner,Tabor-Lola,7.004752,1.0288874,UMAP
969,after_phees_2022-07-28_10-46-38_0000060_labelled_Lola_pheeseq_0000041_labelled_mB1.wav,Lola,Odin,after,non-partner,Tabor-Lola,5.474519,1.6189389,UMAP
970,after_phees_2022-07-28_10-46-38_0000060_labelled_Lola_pheeseq_0000042_labelled_mB1.wav,Lola,Odin,after,non-partner,Tabor-Lola,6.8057857,0.8033048,UMAP
971,after_phees_2022-07-28_10-46-38_0000060_labelled_Lola_pheeseq_0000042_labelled_mB2.wav,Lola,Odin,after,non-partner,Tabor-Lola,11.594965,1.7597666,UMAP
972,after_phees_2022-07-28_10-46-38_0000060_labelled_Lola_pheeseq_0000043_labelled_mB1.wav,Lola,Odin,after,non-partner,Tabor-Lola,8.779747,0.49971622,UMAP
973,after_phees_2022-07-28_10-46-38_0000060_labelled_Lola_pheeseq_0000043_labelled_mB2.wav,Lola,Odin,after,non-partner,Tabor-Lola,11.921216,1.2372333,UMAP
974,after_phees_2022-07-28_10-46-38_0000060_labelled_Lola_pheeseq_0000044_labelled_mB1.wav,Lola,Odin,after,non-partner,Tabor-Lola,9.512094,0.52726734,UMAP
975,after_phees_2022-07-28_10-46-38_0000060_labelled_Lola_pheeseq_0000044_labelled_mB2.wav,Lola,Odin,after,non-partner,Tabor-Lola,13.256066,1.1175708,UMAP
976,after_phees_2022-07-28_10-46-38_0000060_labelled_Lola_pheeseq_0000045_labelled_mB1.wav,Lola,Odin,after,non-partner,Tabor-Lola,9.618166,0.4621033,UMAP
977,after_phees_2022-07-28_10-46-38_0000060_labelled_Lola_pheeseq_0000045_labelled_mB2.wav,Lola,Odin,after,non-partner,Tabor-Lola,12.9117365,0.8817981,UMAP
978,after_phees_2022-07-28_10-46-38_0000060_labelled_Odin_pheeseq_0000005_labelled_mB1.wav,Odin,Lola,after,non-partner,Odin-Nougatti,7.4502983,2.2025206,UMAP
979,after_phees_2022-07-28_10-46-38_0000060_labelled_Odin_pheeseq_0000005_labelled_mB2.wav,Odin,Lola,after,non-partner,Odin-Nougatti,3.3596838,3.385945,UMAP
980,after_phees_2022-07-28_10-46-38_0000060_labelled_Odin_pheeseq_0000008_labelled_mC1.wav,Odin,Lola,after,non-partner,Odin-Nougatti,8.341504,2.5530133,UMAP
981,after_phees_2022-07-28_10-46-38_0000060_labelled_Odin_pheeseq_0000008_labelled_mC2.wav,Odin,Lola,after,non-partner,Odin-Nougatti,7.887955,3.1372147,UMAP
982,after_phees_2022-07-28_10-46-38_0000060_labelled_Odin_pheeseq_0000008_labelled_mC3.wav,Odin,Lola,after,non-partner,Odin-Nougatti,-4.3787,4.627045,UMAP
983,after_phees_2022-07-28_10-46-38_0000060_labelled_Odin_pheeseq_0000010_labelled_mB1.wav,Odin,Lola,after,non-partner,Odin-Nougatti,7.304167,2.3469627,UMAP
984,after_phees_2022-07-28_10-46-38_0000060_labelled_Odin_pheeseq_0000010_labelled_mB2.wav,Odin,Lola,after,non-partner,Odin-Nougatti,5.7673287,3.2803187,UMAP
985,after_phees_2022-07-28_10-46-38_0000060_labelled_Odin_pheeseq_0000016_labelled_mB2.wav,Odin,Lola,after,non-partner,Odin-Nougatti,8.621882,2.4983644,UMAP
986,after_phees_2022-07-28_10-46-38_0000060_labelled_Odin_pheeseq_0000018_labelled_mB1.wav,Odin,Lola,after,non-partner,Odin-Nougatti,10.63876,0.44855875,UMAP
987,after_phees_2022-07-28_10-46-38_0000060_labelled_Odin_pheeseq_0000018_labelled_mB2.wav,Odin,Lola,after,non-partner,Odin-Nougatti,13.188952,1.149514,UMAP
988,after_phees_2022-07-28_10-46-38_0000060_labelled_Odin_pheeseq_0000020_labelled_mB2.wav,Odin,Lola,after,non-partner,Odin-Nougatti,6.1605086,2.8781726,UMAP
989,after_phees_2022-07-28_10-46-38_0000060_labelled_Odin_pheeseq_0000021_labelled_mB1.wav,Odin,Lola,after,non-partner,Odin-Nougatti,8.20389,4.380068,UMAP
990,after_phees_2022-07-28_10-46-38_0000060_labelled_Odin_pheeseq_0000021_labelled_mB2.wav,Odin,Lola,after,non-partner,Odin-Nougatti,10.6460085,4.4110565,UMAP
991,after_phees_2022-07-28_10-46-38_0000060_labelled_Odin_pheeseq_0000023_labelled_mC1.wav,Odin,Lola,after,non-partner,Odin-Nougatti,4.7465234,4.1417065,UMAP
992,after_phees_2022-07-28_10-46-38_0000060_labelled_Odin_pheeseq_0000023_labelled_mC2.wav,Odin,Lola,after,non-partner,Odin-Nougatti,10.30537,4.37384,UMAP
993,after_phees_2022-07-28_10-46-38_0000060_labelled_Odin_pheeseq_0000023_labelled_mC3.wav,Odin,Lola,after,non-partner,Odin-Nougatti,9.444246,4.4982243,UMAP
994,after_phees_2022-07-28_10-46-38_0000060_labelled_Odin_pheeseq_0000031_labelled_mB1.wav,Odin,Lola,after,non-partner,Odin-Nougatti,3.192704,4.3422093,UMAP
995,after_phees_2022-07-28_10-46-38_0000060_labelled_Odin_pheeseq_0000031_labelled_mB2.wav,Odin,Lola,after,non-partner,Odin-Nougatti,2.154267,4.6598525,UMAP
996,after_phees_2022-07-28_10-46-38_0000060_labelled_Odin_pheeseq_0000032_labelled_mC1.wav,Odin,Lola,after,non-partner,Odin-Nougatti,2.5626976,4.0691266,UMAP
997,after_phees_2022-07-28_10-46-38_0000060_labelled_Odin_pheeseq_0000032_labelled_mC3.wav,Odin,Lola,after,non-partner,Odin-Nougatti,9.673322,4.446141,UMAP
998,after_phees_2022-07-28_10-46-38_0000060_labelled_Odin_pheeseq_0000032_labelled_mC4.wav,Odin,Lola,after,non-partner,Odin-Nougatti,10.247267,4.0839896,UMAP
999,after_phees_2022-07-28_10-46-38_0000060_labelled_Odin_pheeseq_0000033_labelled_mD1.wav,Odin,Lola,after,non-partner,Odin-Nougatti,0.45073894,4.669364,UMAP
1000,after_phees_2022-07-28_10-46-38_0000060_labelled_Odin_pheeseq_0000033_labelled_mD4.wav,Odin,Lola,after,non-partner,Odin-Nougatti,4.748364,4.1144304,UMAP
1001,after_phees_2022-07-28_10-46-38_0000060_labelled_Odin_pheeseq_0000033_labelled_mD5.wav,Odin,Lola,after,non-partner,Odin-Nougatti,8.675045,5.11952,UMAP
1002,after_phees_2022-07-28_10-46-38_0000060_labelled_Odin_pheeseq_0000033_labelled_mD6.wav,Odin,Lola,after,non-partner,Odin-Nougatti,8.695624,5.1063232,UMAP
1003,after_phees_2022-07-28_10-46-38_0000060_labelled_Odin_pheeseq_0000034_labelled_mD1.wav,Odin,Lola,after,non-partner,Odin-Nougatti,0.61869824,4.6997204,UMAP
1004,after_phees_2022-07-28_10-46-38_0000060_labelled_Odin_pheeseq_0000034_labelled_mD6.wav,Odin,Lola,after,non-partner,Odin-Nougatti,8.685127,5.1143565,UMAP
1005,after_phees_2022-07-28_10-46-38_0000060_labelled_Odin_pheeseq_0000034_labelled_mD7.wav,Odin,Lola,after,non-partner,Odin-Nougatti,8.744236,5.087309,UMAP
1006,after_phees_2022-07-28_10-46-38_0000060_labelled_Odin_pheeseq_0000034_labelled_mD8.wav,Odin,Lola,after,non-partner,Odin-Nougatti,8.914919,5.079436,UMAP
1007,after_phees_2022-07-28_10-46-38_0000060_labelled_Odin_pheeseq_0000035_labelled_mD1.wav,Odin,Lola,after,non-partner,Odin-Nougatti,3.807493,4.072637,UMAP
1008,after_phees_2022-07-28_10-46-38_0000060_labelled_Odin_pheeseq_0000035_labelled_mD5.wav,Odin,Lola,after,non-partner,Odin-Nougatti,8.724052,5.12077,UMAP
1009,after_phees_2022-07-28_10-46-38_0000060_labelled_Odin_pheeseq_0000035_labelled_mD6.wav,Odin,Lola,after,non-partner,Odin-Nougatti,10.998807,4.421711,UMAP
1010,after_phees_2022-07-28_10-46-38_0000060_labelled_Odin_pheeseq_0000035_labelled_mD7.wav,Odin,Lola,after,non-partner,Odin-Nougatti,5.3582106,4.0658402,UMAP
1011,after_phees_2022-07-28_10-46-38_0000060_labelled_Odin_pheeseq_0000037_labelled_mD1.wav,Odin,Lola,after,non-partner,Odin-Nougatti,2.991132,5.3180447,UMAP
1012,after_phees_2022-07-28_10-46-38_0000060_labelled_Odin_pheeseq_0000037_labelled_mD4.wav,Odin,Lola,after,non-partner,Odin-Nougatti,8.827482,5.034071,UMAP
1013,after_phees_2022-07-28_10-46-38_0000060_labelled_Odin_pheeseq_0000037_labelled_mD5.wav,Odin,Lola,after,non-partner,Odin-Nougatti,10.673031,4.57481,UMAP
1014,after_phees_2022-07-28_10-46-38_0000060_labelled_Odin_pheeseq_0000037_labelled_mD7.wav,Odin,Lola,after,non-partner,Odin-Nougatti,10.198483,4.92071,UMAP
1015,after_phees_2022-07-28_10-46-38_0000060_labelled_Odin_pheeseq_0000038_labelled_mD6.wav,Odin,Lola,after,non-partner,Odin-Nougatti,9.403086,5.0520077,UMAP
1016,after_phees_2022-07-28_10-46-38_0000060_labelled_Odin_pheeseq_0000038_labelled_mD7.wav,Odin,Lola,after,non-partner,Odin-Nougatti,8.685672,5.0980873,UMAP
1017,after_phees_2022-07-28_10-46-38_0000060_labelled_Odin_pheeseq_0000046_labelled_mB1.wav,Odin,Lola,after,non-partner,Odin-Nougatti,4.5747337,4.0196304,UMAP
1018,after_phees_2022-07-28_10-46-38_0000060_labelled_Odin_pheeseq_0000046_labelled_mB2.wav,Odin,Lola,after,non-partner,Odin-Nougatti,10.041408,3.9939306,UMAP
1019,after_phees_2022-08-02_13-43-08_0000064_labelled_Odin_pheeseq_0000003_labelled_mD1.wav,Odin,Olympia,after,non-partner,Odin-Nougatti,7.2346334,4.3857713,UMAP
1020,after_phees_2022-08-02_13-43-08_0000064_labelled_Odin_pheeseq_0000003_labelled_mD4.wav,Odin,Olympia,after,non-partner,Odin-Nougatti,11.340115,4.772487,UMAP
1021,after_phees_2022-08-02_13-43-08_0000064_labelled_Odin_pheeseq_0000003_labelled_mD5.wav,Odin,Olympia,after,non-partner,Odin-Nougatti,12.013597,5.4528294,UMAP
1022,after_phees_2022-08-02_13-43-08_0000064_labelled_Odin_pheeseq_0000003_labelled_mD6.wav,Odin,Olympia,after,non-partner,Odin-Nougatti,11.612954,5.194774,UMAP
1023,after_phees_2022-08-02_13-43-08_0000064_labelled_Odin_pheeseq_0000004_labelled_mG1.wav,Odin,Olympia,after,non-partner,Odin-Nougatti,4.8209515,4.281767,UMAP
1024,after_phees_2022-08-02_13-43-08_0000064_labelled_Odin_pheeseq_0000004_labelled_mG2.wav,Odin,Olympia,after,non-partner,Odin-Nougatti,6.615966,1.9948792,UMAP
1025,after_phees_2022-08-02_13-43-08_0000064_labelled_Odin_pheeseq_0000004_labelled_mG4.wav,Odin,Olympia,after,non-partner,Odin-Nougatti,12.328017,5.574271,UMAP
1026,after_phees_2022-08-02_13-43-08_0000064_labelled_Odin_pheeseq_0000004_labelled_mG5.wav,Odin,Olympia,after,non-partner,Odin-Nougatti,12.441967,5.4703865,UMAP
1027,after_phees_2022-08-02_13-43-08_0000064_labelled_Odin_pheeseq_0000004_labelled_mG6.wav,Odin,Olympia,after,non-partner,Odin-Nougatti,10.120409,5.0344944,UMAP
1028,after_phees_2022-08-02_13-43-08_0000064_labelled_Odin_pheeseq_0000005_labelled_mE1.wav,Odin,Olympia,after,non-partner,Odin-Nougatti,2.9371727,5.3239145,UMAP
1029,after_phees_2022-08-02_13-43-08_0000064_labelled_Odin_pheeseq_0000005_labelled_mE6.wav,Odin,Olympia,after,non-partner,Odin-Nougatti,9.696321,5.3764515,UMAP
1030,after_phees_2022-08-02_13-43-08_0000064_labelled_Odin_pheeseq_0000005_labelled_mE7.wav,Odin,Olympia,after,non-partner,Odin-Nougatti,11.960488,5.657135,UMAP
1031,after_phees_2022-08-02_13-43-08_0000064_labelled_Odin_pheeseq_0000005_labelled_mE8.wav,Odin,Olympia,after,non-partner,Odin-Nougatti,9.731836,5.2599506,UMAP
1032,after_phees_2022-08-02_13-43-08_0000064_labelled_Odin_pheeseq_0000009_labelled_mC1.wav,Odin,Olympia,after,non-partner,Odin-Nougatti,8.657047,4.353176,UMAP
1033,after_phees_2022-08-02_13-43-08_0000064_labelled_Odin_pheeseq_0000009_labelled_mC2.wav,Odin,Olympia,after,non-partner,Odin-Nougatti,10.05484,4.8218875,UMAP
1034,after_phees_2022-08-02_13-43-08_0000064_labelled_Odin_pheeseq_0000009_labelled_mC3.wav,Odin,Olympia,after,non-partner,Odin-Nougatti,11.459135,4.9655404,UMAP
1035,after_phees_2022-08-02_13-43-08_0000064_labelled_Odin_pheeseq_0000010_labelled_mD1.wav,Odin,Olympia,after,non-partner,Odin-Nougatti,5.141235,4.356299,UMAP
1036,after_phees_2022-08-02_13-43-08_0000064_labelled_Odin_pheeseq_0000010_labelled_mD2.wav,Odin,Olympia,after,non-partner,Odin-Nougatti,9.153676,5.0045137,UMAP
1037,after_phees_2022-08-02_13-43-08_0000064_labelled_Odin_pheeseq_0000010_labelled_mD3.wav,Odin,Olympia,after,non-partner,Odin-Nougatti,11.235848,4.8468165,UMAP
1038,after_phees_2022-08-02_13-43-08_0000064_labelled_Odin_pheeseq_0000010_labelled_mD4.wav,Odin,Olympia,after,non-partner,Odin-Nougatti,12.492719,5.06143,UMAP
1039,after_phees_2022-08-02_13-43-08_0000064_labelled_Odin_pheeseq_0000013_labelled_mC1.wav,Odin,Olympia,after,non-partner,Odin-Nougatti,10.00175,5.18982,UMAP
1040,after_phees_2022-08-02_13-43-08_0000064_labelled_Odin_pheeseq_0000013_labelled_mC3.wav,Odin,Olympia,after,non-partner,Odin-Nougatti,9.644759,5.266518,UMAP
1041,after_phees_2022-08-02_13-43-08_0000064_labelled_Odin_pheeseq_0000014_labelled_mD1.wav,Odin,Olympia,after,non-partner,Odin-Nougatti,4.509471,4.512894,UMAP
1042,after_phees_2022-08-02_13-43-08_0000064_labelled_Odin_pheeseq_0000014_labelled_mD5.wav,Odin,Olympia,after,non-partner,Odin-Nougatti,10.1470585,5.2522936,UMAP
1043,after_phees_2022-08-02_13-43-08_0000064_labelled_Odin_pheeseq_0000014_labelled_mD6.wav,Odin,Olympia,after,non-partner,Odin-Nougatti,12.402875,5.5001836,UMAP
1044,after_phees_2022-08-02_13-43-08_0000064_labelled_Odin_pheeseq_0000015_labelled_mE1.wav,Odin,Olympia,after,non-partner,Odin-Nougatti,4.3934817,4.474304,UMAP
1045,after_phees_2022-08-02_13-43-08_0000064_labelled_Odin_pheeseq_0000015_labelled_mE3.wav,Odin,Olympia,after,non-partner,Odin-Nougatti,9.338759,5.4123006,UMAP
1046,after_phees_2022-08-02_13-43-08_0000064_labelled_Odin_pheeseq_0000015_labelled_mE4.wav,Odin,Olympia,after,non-partner,Odin-Nougatti,10.135823,5.2082014,UMAP
1047,after_phees_2022-08-02_13-43-08_0000064_labelled_Odin_pheeseq_0000015_labelled_mE5.wav,Odin,Olympia,after,non-partner,Odin-Nougatti,12.31193,5.552914,UMAP
1048,after_phees_2022-08-02_13-43-08_0000064_labelled_Odin_pheeseq_0000015_labelled_mE6.wav,Odin,Olympia,after,non-partner,Odin-Nougatti,9.235952,4.6094556,UMAP
1049,after_phees_2022-08-02_13-43-08_0000064_labelled_Odin_pheeseq_0000017_labelled_mC1.wav,Odin,Olympia,after,non-partner,Odin-Nougatti,6.1976137,1.7022146,UMAP
1050,after_phees_2022-08-02_13-43-08_0000064_labelled_Odin_pheeseq_0000017_labelled_mC3.wav,Odin,Olympia,after,non-partner,Odin-Nougatti,12.484213,5.0755534,UMAP
1051,after_phees_2022-08-02_13-43-08_0000064_labelled_Odin_pheeseq_0000017_labelled_mC4.wav,Odin,Olympia,after,non-partner,Odin-Nougatti,12.632519,4.9165254,UMAP
1052,after_phees_2022-08-02_13-43-08_0000064_labelled_Odin_pheeseq_0000019_labelled_mD1.wav,Odin,Olympia,after,non-partner,Odin-Nougatti,7.4036837,4.1833916,UMAP
1053,after_phees_2022-08-02_13-43-08_0000064_labelled_Odin_pheeseq_0000019_labelled_mD4.wav,Odin,Olympia,after,non-partner,Odin-Nougatti,12.492462,5.402586,UMAP
1054,after_phees_2022-08-02_13-43-08_0000064_labelled_Odin_pheeseq_0000019_labelled_mD5.wav,Odin,Olympia,after,non-partner,Odin-Nougatti,12.4736,5.444333,UMAP
1055,after_phees_2022-08-02_13-43-08_0000064_labelled_Odin_pheeseq_0000021_labelled_mD1.wav,Odin,Olympia,after,non-partner,Odin-Nougatti,9.49152,4.303524,UMAP
1056,after_phees_2022-08-02_13-43-08_0000064_labelled_Odin_pheeseq_0000021_labelled_mD3.wav,Odin,Olympia,after,non-partner,Odin-Nougatti,9.901004,4.73067,UMAP
1057,after_phees_2022-08-02_13-43-08_0000064_labelled_Odin_pheeseq_0000021_labelled_mD5.wav,Odin,Olympia,after,non-partner,Odin-Nougatti,10.140126,5.0787816,UMAP
1058,after_phees_2022-08-02_13-43-08_0000064_labelled_Odin_pheeseq_0000021_labelled_mD6.wav,Odin,Olympia,after,non-partner,Odin-Nougatti,12.195766,5.577101,UMAP
1059,after_phees_2022-08-02_13-43-08_0000064_labelled_Odin_pheeseq_0000022_labelled_mE1.wav,Odin,Olympia,after,non-partner,Odin-Nougatti,4.67109,4.5068088,UMAP
1060,after_phees_2022-08-02_13-43-08_0000064_labelled_Odin_pheeseq_0000022_labelled_mE5.wav,Odin,Olympia,after,non-partner,Odin-Nougatti,9.560308,5.389969,UMAP
1061,after_phees_2022-08-02_13-43-08_0000064_labelled_Odin_pheeseq_0000022_labelled_mE6.wav,Odin,Olympia,after,non-partner,Odin-Nougatti,9.989251,5.4340143,UMAP
1062,after_phees_2022-08-02_13-43-08_0000064_labelled_Odin_pheeseq_0000022_labelled_mE7.wav,Odin,Olympia,after,non-partner,Odin-Nougatti,11.667218,5.5861316,UMAP
1063,after_phees_2022-08-02_13-43-08_0000064_labelled_Odin_pheeseq_0000023_labelled_mC3.wav,Odin,Olympia,after,non-partner,Odin-Nougatti,11.578848,5.487775,UMAP
1064,after_phees_2022-08-02_13-43-08_0000064_labelled_Odin_pheeseq_0000044_labelled_mD1.wav,Odin,Olympia,after,non-partner,Odin-Nougatti,9.247278,4.3892345,UMAP
1065,after_phees_2022-08-02_13-43-08_0000064_labelled_Odin_pheeseq_0000044_labelled_mD2.wav,Odin,Olympia,after,non-partner,Odin-Nougatti,12.289864,5.1397014,UMAP
1066,after_phees_2022-08-02_13-43-08_0000064_labelled_Odin_pheeseq_0000044_labelled_mD3.wav,Odin,Olympia,after,non-partner,Odin-Nougatti,12.196726,4.9864864,UMAP
1067,after_phees_2022-08-02_13-43-08_0000064_labelled_Odin_pheeseq_0000045_labelled_mC1.wav,Odin,Olympia,after,non-partner,Odin-Nougatti,5.019961,4.3921566,UMAP
1068,after_phees_2022-08-02_13-43-08_0000064_labelled_Odin_pheeseq_0000046_labelled_mD4.wav,Odin,Olympia,after,non-partner,Odin-Nougatti,12.098244,5.6347566,UMAP
1069,after_phees_2022-08-02_13-43-08_0000064_labelled_Odin_pheeseq_0000046_labelled_mD5.wav,Odin,Olympia,after,non-partner,Odin-Nougatti,12.088205,5.5845084,UMAP
1070,after_phees_2022-08-02_13-43-08_0000064_labelled_Odin_pheeseq_0000048_labelled_mD1.wav,Odin,Olympia,after,non-partner,Odin-Nougatti,9.232242,4.3564796,UMAP
1071,after_phees_2022-08-02_13-43-08_0000064_labelled_Odin_pheeseq_0000048_labelled_mD7.wav,Odin,Olympia,after,non-partner,Odin-Nougatti,11.829045,5.2147655,UMAP
1072,after_phees_2022-08-02_13-43-08_0000064_labelled_Odin_pheeseq_0000052_labelled_mC1.wav,Odin,Olympia,after,non-partner,Odin-Nougatti,9.879758,4.7454004,UMAP
1073,after_phees_2022-08-02_13-43-08_0000064_labelled_Odin_pheeseq_0000052_labelled_mC2.wav,Odin,Olympia,after,non-partner,Odin-Nougatti,12.2453985,5.6044726,UMAP
1074,after_phees_2022-08-02_13-43-08_0000064_labelled_Odin_pheeseq_0000052_labelled_mC3.wav,Odin,Olympia,after,non-partner,Odin-Nougatti,12.630876,4.767438,UMAP
1075,after_phees_2022-08-02_13-43-08_0000064_labelled_Odin_pheeseq_0000053_labelled_mC1.wav,Odin,Olympia,after,non-partner,Odin-Nougatti,9.233854,4.417688,UMAP
1076,after_phees_2022-08-02_13-43-08_0000064_labelled_Odin_pheeseq_0000053_labelled_mC6.wav,Odin,Olympia,after,non-partner,Odin-Nougatti,12.496676,5.39212,UMAP
1077,after_phees_2022-08-02_13-43-08_0000064_labelled_Odin_pheeseq_0000054_labelled_mB1.wav,Odin,Olympia,after,non-partner,Odin-Nougatti,9.876797,4.336484,UMAP
1078,after_phees_2022-08-02_13-43-08_0000064_labelled_Odin_pheeseq_0000054_labelled_mB2.wav,Odin,Olympia,after,non-partner,Odin-Nougatti,12.669655,5.0666914,UMAP
1079,after_phees_2022-08-02_13-43-08_0000064_labelled_Odin_pheeseq_0000057_labelled_mC1.wav,Odin,Olympia,after,non-partner,Odin-Nougatti,10.028915,3.9232914,UMAP
1080,after_phees_2022-08-02_13-43-08_0000064_labelled_Odin_pheeseq_0000057_labelled_mC3.wav,Odin,Olympia,after,non-partner,Odin-Nougatti,12.431225,4.5312195,UMAP
1081,after_phees_2022-08-02_13-43-08_0000064_labelled_Odin_pheeseq_0000058_labelled_mD4.wav,Odin,Olympia,after,non-partner,Odin-Nougatti,12.541056,5.088144,UMAP
1082,after_phees_2022-08-02_13-43-08_0000064_labelled_Odin_pheeseq_0000058_labelled_mD5.wav,Odin,Olympia,after,non-partner,Odin-Nougatti,12.28408,4.5436397,UMAP
1083,after_phees_2022-08-02_13-43-08_0000064_labelled_Odin_pheeseq_0000059_labelled_mD1.wav,Odin,Olympia,after,non-partner,Odin-Nougatti,10.424228,4.087599,UMAP
1084,after_phees_2022-08-02_13-43-08_0000064_labelled_Odin_pheeseq_0000059_labelled_mD2.wav,Odin,Olympia,after,non-partner,Odin-Nougatti,12.503829,5.396139,UMAP
1085,after_phees_2022-08-02_13-43-08_0000064_labelled_Odin_pheeseq_0000059_labelled_mD3.wav,Odin,Olympia,after,non-partner,Odin-Nougatti,12.529299,5.361658,UMAP
1086,after_phees_2022-08-02_13-43-08_0000064_labelled_Odin_pheeseq_0000059_labelled_mD4.wav,Odin,Olympia,after,non-partner,Odin-Nougatti,12.324092,5.5298786,UMAP
1087,after_phees_2022-08-02_13-43-08_0000064_labelled_Odin_pheeseq_0000060_labelled_mD1.wav,Odin,Olympia,after,non-partner,Odin-Nougatti,8.863115,4.8692193,UMAP
1088,after_phees_2022-08-02_13-43-08_0000064_labelled_Odin_pheeseq_0000060_labelled_mD4.wav,Odin,Olympia,after,non-partner,Odin-Nougatti,11.388158,5.1970797,UMAP
1089,after_phees_2022-08-02_13-43-08_0000064_labelled_Odin_pheeseq_0000060_labelled_mD5.wav,Odin,Olympia,after,non-partner,Odin-Nougatti,12.087499,4.890995,UMAP
1090,after_phees_2022-08-02_13-43-08_0000064_labelled_Odin_pheeseq_0000060_labelled_mD6.wav,Odin,Olympia,after,non-partner,Odin-Nougatti,12.401863,5.0008264,UMAP
1091,after_phees_2022-08-02_13-43-08_0000064_labelled_Odin_pheeseq_0000061_labelled_mD1.wav,Odin,Olympia,after,non-partner,Odin-Nougatti,8.991044,4.8660717,UMAP
1092,after_phees_2022-08-02_13-43-08_0000064_labelled_Odin_pheeseq_0000061_labelled_mD3.wav,Odin,Olympia,after,non-partner,Odin-Nougatti,11.680644,4.999102,UMAP
1093,after_phees_2022-08-02_13-43-08_0000064_labelled_Odin_pheeseq_0000061_labelled_mD4.wav,Odin,Olympia,after,non-partner,Odin-Nougatti,11.794345,5.606624,UMAP
1094,after_phees_2022-08-02_13-43-08_0000064_labelled_Odin_pheeseq_0000061_labelled_mD5.wav,Odin,Olympia,after,non-partner,Odin-Nougatti,12.253137,5.613402,UMAP
1095,after_phees_2022-08-02_13-43-08_0000064_labelled_Odin_pheeseq_0000062_labelled_mD1.wav,Odin,Olympia,after,non-partner,Odin-Nougatti,9.424484,4.075953,UMAP
1096,after_phees_2022-08-02_13-43-08_0000064_labelled_Odin_pheeseq_0000062_labelled_mD4.wav,Odin,Olympia,after,non-partner,Odin-Nougatti,12.314152,4.8879657,UMAP
1097,after_phees_2022-08-02_13-43-08_0000064_labelled_Odin_pheeseq_0000062_labelled_mD5.wav,Odin,Olympia,after,non-partner,Odin-Nougatti,12.548397,5.1860547,UMAP
1098,after_phees_2022-08-02_13-43-08_0000064_labelled_Odin_pheeseq_0000068_labelled_mC1.wav,Odin,Olympia,after,non-partner,Odin-Nougatti,10.047155,4.0177593,UMAP
1099,after_phees_2022-08-02_13-43-08_0000064_labelled_Odin_pheeseq_0000068_labelled_mC2.wav,Odin,Olympia,after,non-partner,Odin-Nougatti,12.389986,5.5709705,UMAP
1100,after_phees_2022-08-02_13-43-08_0000064_labelled_Odin_pheeseq_0000068_labelled_mC3.wav,Odin,Olympia,after,non-partner,Odin-Nougatti,11.879751,4.5155725,UMAP
1101,after_phees_2022-08-02_13-43-08_0000064_labelled_Olympia_pheeseq_0000007_labelled_mB1.wav,Olympia,Odin,after,non-partner,Wuschel-Olympia,-2.6676319,5.294808,UMAP
1102,after_phees_2022-08-02_13-43-08_0000064_labelled_Olympia_pheeseq_0000007_labelled_mB2.wav,Olympia,Odin,after,non-partner,Wuschel-Olympia,0.48979098,4.5130324,UMAP
1103,after_phees_2022-08-02_13-43-08_0000064_labelled_Olympia_pheeseq_0000008_labelled_mB1.wav,Olympia,Odin,after,non-partner,Wuschel-Olympia,-0.38512605,4.467817,UMAP
1104,after_phees_2022-08-02_13-43-08_0000064_labelled_Olympia_pheeseq_0000008_labelled_mB2.wav,Olympia,Odin,after,non-partner,Wuschel-Olympia,2.1158888,4.128736,UMAP
1105,after_phees_2022-08-02_13-43-08_0000064_labelled_Olympia_pheeseq_0000016_labelled_mB1.wav,Olympia,Odin,after,non-partner,Wuschel-Olympia,0.65070593,4.4500756,UMAP
1106,after_phees_2022-08-02_13-43-08_0000064_labelled_Olympia_pheeseq_0000016_labelled_mB2.wav,Olympia,Odin,after,non-partner,Wuschel-Olympia,4.6436496,3.9921494,UMAP
1107,after_phees_2022-08-02_13-43-08_0000064_labelled_Olympia_pheeseq_0000051_labelled_mB1.wav,Olympia,Odin,after,non-partner,Wuschel-Olympia,-2.7399096,5.3308396,UMAP
1108,after_phees_2022-08-02_13-43-08_0000064_labelled_Olympia_pheeseq_0000051_labelled_mB2.wav,Olympia,Odin,after,non-partner,Wuschel-Olympia,-2.6265495,5.1286,UMAP
1109,after_phees_2022-08-02_13-43-08_0000064_labelled_Olympia_pheeseq_0000056_labelled_mB2.wav,Olympia,Odin,after,non-partner,Wuschel-Olympia,-3.3561943,4.9800262,UMAP
1110,after_phees_2022-08-02_13-43-08_0000064_labelled_Olympia_pheeseq_0000064_labelled_mB1.wav,Olympia,Odin,after,non-partner,Wuschel-Olympia,-2.9277089,5.3505015,UMAP
1111,after_phees_2022-08-02_13-43-08_0000064_labelled_Olympia_pheeseq_0000064_labelled_mB2.wav,Olympia,Odin,after,non-partner,Wuschel-Olympia,-1.1535592,4.522446,UMAP
1112,after_phees_2022-08-02_13-43-08_0000064_labelled_Olympia_pheeseq_0000067_labelled_mB1.wav,Olympia,Odin,after,non-partner,Wuschel-Olympia,-1.4142079,5.0000315,UMAP
1113,after_phees_2022-08-02_13-43-08_0000064_labelled_Olympia_pheeseq_0000067_labelled_mB2.wav,Olympia,Odin,after,non-partner,Wuschel-Olympia,0.071389884,4.171717,UMAP
1114,after_phees_2022-08-02_14-11-30_0000065_labelled_Olympia_pheeseq_0000039_labelled_mB1.wav,Olympia,Wuschel,after,partner,Wuschel-Olympia,-1.997593,5.1364264,UMAP
1115,after_phees_2022-08-02_14-11-30_0000065_labelled_Olympia_pheeseq_0000039_labelled_mB2.wav,Olympia,Wuschel,after,partner,Wuschel-Olympia,-2.7788277,4.6481905,UMAP
1116,after_phees_2022-08-02_14-11-30_0000065_labelled_Wuschel_pheeseq_0000002_labelled_mC1.wav,Wuschel,Olympia,after,partner,Wuschel-Olympia,1.1886623,5.0167303,UMAP
1117,after_phees_2022-08-02_14-11-30_0000065_labelled_Wuschel_pheeseq_0000002_labelled_mC2.wav,Wuschel,Olympia,after,partner,Wuschel-Olympia,2.600902,3.9261959,UMAP
1118,after_phees_2022-08-02_14-11-30_0000065_labelled_Wuschel_pheeseq_0000002_labelled_mC3.wav,Wuschel,Olympia,after,partner,Wuschel-Olympia,-2.4175522,4.5899725,UMAP
1119,after_phees_2022-08-02_14-11-30_0000065_labelled_Wuschel_pheeseq_0000004_labelled_mD1.wav,Wuschel,Olympia,after,partner,Wuschel-Olympia,-0.9162447,4.5700197,UMAP
1120,after_phees_2022-08-02_14-11-30_0000065_labelled_Wuschel_pheeseq_0000004_labelled_mD2.wav,Wuschel,Olympia,after,partner,Wuschel-Olympia,2.2336175,4.233782,UMAP
1121,after_phees_2022-08-02_14-11-30_0000065_labelled_Wuschel_pheeseq_0000004_labelled_mD3.wav,Wuschel,Olympia,after,partner,Wuschel-Olympia,-0.01908474,4.176741,UMAP
1122,after_phees_2022-08-02_14-11-30_0000065_labelled_Wuschel_pheeseq_0000004_labelled_mD4.wav,Wuschel,Olympia,after,partner,Wuschel-Olympia,-2.056591,4.4471855,UMAP
1123,after_phees_2022-08-02_14-11-30_0000065_labelled_Wuschel_pheeseq_0000005_labelled_mC1.wav,Wuschel,Olympia,after,partner,Wuschel-Olympia,-3.8907018,4.091815,UMAP
1124,after_phees_2022-08-02_14-11-30_0000065_labelled_Wuschel_pheeseq_0000005_labelled_mC2.wav,Wuschel,Olympia,after,partner,Wuschel-Olympia,-0.07092277,4.3565035,UMAP
1125,after_phees_2022-08-02_14-11-30_0000065_labelled_Wuschel_pheeseq_0000005_labelled_mC3.wav,Wuschel,Olympia,after,partner,Wuschel-Olympia,-0.036204476,4.101594,UMAP
1126,after_phees_2022-08-02_14-11-30_0000065_labelled_Wuschel_pheeseq_0000009_labelled_mC1.wav,Wuschel,Olympia,after,partner,Wuschel-Olympia,-4.063766,4.170011,UMAP
1127,after_phees_2022-08-02_14-11-30_0000065_labelled_Wuschel_pheeseq_0000009_labelled_mC2.wav,Wuschel,Olympia,after,partner,Wuschel-Olympia,-3.456234,4.1346626,UMAP
1128,after_phees_2022-08-02_14-11-30_0000065_labelled_Wuschel_pheeseq_0000009_labelled_mC3.wav,Wuschel,Olympia,after,partner,Wuschel-Olympia,-3.610257,4.155095,UMAP
1129,after_phees_2022-08-02_14-11-30_0000065_labelled_Wuschel_pheeseq_0000010_labelled_mB1.wav,Wuschel,Olympia,after,partner,Wuschel-Olympia,-2.1391926,4.0758286,UMAP
1130,after_phees_2022-08-02_14-11-30_0000065_labelled_Wuschel_pheeseq_0000010_labelled_mB2.wav,Wuschel,Olympia,after,partner,Wuschel-Olympia,2.4307122,4.040305,UMAP
1131,after_phees_2022-08-02_14-11-30_0000065_labelled_Wuschel_pheeseq_0000011_labelled_mB1.wav,Wuschel,Olympia,after,partner,Wuschel-Olympia,-3.6537662,4.0683155,UMAP
1132,after_phees_2022-08-02_14-11-30_0000065_labelled_Wuschel_pheeseq_0000012_labelled_mB1.wav,Wuschel,Olympia,after,partner,Wuschel-Olympia,-3.7577488,4.169523,UMAP
1133,after_phees_2022-08-02_14-11-30_0000065_labelled_Wuschel_pheeseq_0000012_labelled_mB2.wav,Wuschel,Olympia,after,partner,Wuschel-Olympia,1.2064149,4.0697474,UMAP
1134,after_phees_2022-08-02_14-11-30_0000065_labelled_Wuschel_pheeseq_0000013_labelled_mC1.wav,Wuschel,Olympia,after,partner,Wuschel-Olympia,-3.6241329,4.053331,UMAP
1135,after_phees_2022-08-02_14-11-30_0000065_labelled_Wuschel_pheeseq_0000013_labelled_mC2.wav,Wuschel,Olympia,after,partner,Wuschel-Olympia,1.8222872,4.124679,UMAP
1136,after_phees_2022-08-02_14-11-30_0000065_labelled_Wuschel_pheeseq_0000013_labelled_mC3.wav,Wuschel,Olympia,after,partner,Wuschel-Olympia,-1.1293601,4.4272723,UMAP
1137,after_phees_2022-08-02_14-11-30_0000065_labelled_Wuschel_pheeseq_0000014_labelled_mB1.wav,Wuschel,Olympia,after,partner,Wuschel-Olympia,0.38949865,4.7887287,UMAP
1138,after_phees_2022-08-02_14-11-30_0000065_labelled_Wuschel_pheeseq_0000014_labelled_mB2.wav,Wuschel,Olympia,after,partner,Wuschel-Olympia,-0.99341387,4.330364,UMAP
1139,after_phees_2022-08-02_14-11-30_0000065_labelled_Wuschel_pheeseq_0000015_labelled_mC1.wav,Wuschel,Olympia,after,partner,Wuschel-Olympia,-2.161236,3.8635106,UMAP
1140,after_phees_2022-08-02_14-11-30_0000065_labelled_Wuschel_pheeseq_0000015_labelled_mC2.wav,Wuschel,Olympia,after,partner,Wuschel-Olympia,2.1385748,4.234908,UMAP
1141,after_phees_2022-08-02_14-11-30_0000065_labelled_Wuschel_pheeseq_0000015_labelled_mC3.wav,Wuschel,Olympia,after,partner,Wuschel-Olympia,-0.4711349,4.7051125,UMAP
1142,after_phees_2022-08-02_14-11-30_0000065_labelled_Wuschel_pheeseq_0000016_labelled_mC1.wav,Wuschel,Olympia,after,partner,Wuschel-Olympia,-1.7005973,4.052819,UMAP
1143,after_phees_2022-08-02_14-11-30_0000065_labelled_Wuschel_pheeseq_0000016_labelled_mC2.wav,Wuschel,Olympia,after,partner,Wuschel-Olympia,3.5668793,3.8504946,UMAP
1144,after_phees_2022-08-02_14-11-30_0000065_labelled_Wuschel_pheeseq_0000016_labelled_mC3.wav,Wuschel,Olympia,after,partner,Wuschel-Olympia,-0.53760797,4.5678334,UMAP
1145,after_phees_2022-08-02_14-11-30_0000065_labelled_Wuschel_pheeseq_0000017_labelled_mB1.wav,Wuschel,Olympia,after,partner,Wuschel-Olympia,-2.0388703,3.9204228,UMAP
1146,after_phees_2022-08-02_14-11-30_0000065_labelled_Wuschel_pheeseq_0000017_labelled_mB2.wav,Wuschel,Olympia,after,partner,Wuschel-Olympia,2.8182359,3.9368932,UMAP
1147,after_phees_2022-08-02_14-11-30_0000065_labelled_Wuschel_pheeseq_0000018_labelled_mC2.wav,Wuschel,Olympia,after,partner,Wuschel-Olympia,1.4400178,4.724248,UMAP
1148,after_phees_2022-08-02_14-11-30_0000065_labelled_Wuschel_pheeseq_0000018_labelled_mC3.wav,Wuschel,Olympia,after,partner,Wuschel-Olympia,0.54398775,4.8747077,UMAP
1149,after_phees_2022-08-02_14-11-30_0000065_labelled_Wuschel_pheeseq_0000019_labelled_mC1.wav,Wuschel,Olympia,after,partner,Wuschel-Olympia,-3.5414789,4.089506,UMAP
1150,after_phees_2022-08-02_14-11-30_0000065_labelled_Wuschel_pheeseq_0000019_labelled_mC2.wav,Wuschel,Olympia,after,partner,Wuschel-Olympia,1.9107985,4.1357207,UMAP
1151,after_phees_2022-08-02_14-11-30_0000065_labelled_Wuschel_pheeseq_0000019_labelled_mC3.wav,Wuschel,Olympia,after,partner,Wuschel-Olympia,-1.9883249,4.386817,UMAP
1152,after_phees_2022-08-02_14-11-30_0000065_labelled_Wuschel_pheeseq_0000020_labelled_mC1.wav,Wuschel,Olympia,after,partner,Wuschel-Olympia,-0.8343906,4.3320813,UMAP
1153,after_phees_2022-08-02_14-11-30_0000065_labelled_Wuschel_pheeseq_0000020_labelled_mC2.wav,Wuschel,Olympia,after,partner,Wuschel-Olympia,4.238316,3.843672,UMAP
1154,after_phees_2022-08-02_14-11-30_0000065_labelled_Wuschel_pheeseq_0000020_labelled_mC3.wav,Wuschel,Olympia,after,partner,Wuschel-Olympia,1.5692238,4.001968,UMAP
1155,after_phees_2022-08-02_14-11-30_0000065_labelled_Wuschel_pheeseq_0000021_labelled_mC1.wav,Wuschel,Olympia,after,partner,Wuschel-Olympia,-1.8178077,3.9429004,UMAP
1156,after_phees_2022-08-02_14-11-30_0000065_labelled_Wuschel_pheeseq_0000021_labelled_mC2.wav,Wuschel,Olympia,after,partner,Wuschel-Olympia,5.7909317,3.957567,UMAP
1157,after_phees_2022-08-02_14-11-30_0000065_labelled_Wuschel_pheeseq_0000021_labelled_mC3.wav,Wuschel,Olympia,after,partner,Wuschel-Olympia,2.141642,4.0617943,UMAP
1158,after_phees_2022-08-02_14-11-30_0000065_labelled_Wuschel_pheeseq_0000022_labelled_mB1.wav,Wuschel,Olympia,after,partner,Wuschel-Olympia,-1.571395,4.07832,UMAP
1159,after_phees_2022-08-02_14-11-30_0000065_labelled_Wuschel_pheeseq_0000023_labelled_mC1.wav,Wuschel,Olympia,after,partner,Wuschel-Olympia,-0.079399474,4.6061044,UMAP
1160,after_phees_2022-08-02_14-11-30_0000065_labelled_Wuschel_pheeseq_0000023_labelled_mC2.wav,Wuschel,Olympia,after,partner,Wuschel-Olympia,6.0771813,4.141371,UMAP
1161,after_phees_2022-08-02_14-11-30_0000065_labelled_Wuschel_pheeseq_0000023_labelled_mC3.wav,Wuschel,Olympia,after,partner,Wuschel-Olympia,1.2558643,4.7349997,UMAP
1162,after_phees_2022-08-02_14-11-30_0000065_labelled_Wuschel_pheeseq_0000024_labelled_mB2.wav,Wuschel,Olympia,after,partner,Wuschel-Olympia,5.90528,4.023762,UMAP
1163,after_phees_2022-08-02_14-11-30_0000065_labelled_Wuschel_pheeseq_0000025_labelled_mB1.wav,Wuschel,Olympia,after,partner,Wuschel-Olympia,0.2524684,4.6728635,UMAP
1164,after_phees_2022-08-02_14-11-30_0000065_labelled_Wuschel_pheeseq_0000025_labelled_mB2.wav,Wuschel,Olympia,after,partner,Wuschel-Olympia,4.323414,3.9301724,UMAP
1165,after_phees_2022-08-02_14-11-30_0000065_labelled_Wuschel_pheeseq_0000027_labelled_mB1.wav,Wuschel,Olympia,after,partner,Wuschel-Olympia,1.4860936,4.142647,UMAP
1166,after_phees_2022-08-02_14-11-30_0000065_labelled_Wuschel_pheeseq_0000027_labelled_mB2.wav,Wuschel,Olympia,after,partner,Wuschel-Olympia,6.1122684,3.9802318,UMAP
1167,after_phees_2022-08-02_14-11-30_0000065_labelled_Wuschel_pheeseq_0000028_labelled_mB1.wav,Wuschel,Olympia,after,partner,Wuschel-Olympia,0.45430562,4.649615,UMAP
1168,after_phees_2022-08-02_14-11-30_0000065_labelled_Wuschel_pheeseq_0000028_labelled_mB2.wav,Wuschel,Olympia,after,partner,Wuschel-Olympia,4.090099,4.030934,UMAP
1169,after_phees_2022-08-02_14-11-30_0000065_labelled_Wuschel_pheeseq_0000029_labelled_mB1.wav,Wuschel,Olympia,after,partner,Wuschel-Olympia,-1.2808512,4.8468156,UMAP
1170,after_phees_2022-08-02_14-11-30_0000065_labelled_Wuschel_pheeseq_0000029_labelled_mB2.wav,Wuschel,Olympia,after,partner,Wuschel-Olympia,4.005851,3.688651,UMAP
1171,after_phees_2022-08-02_14-11-30_0000065_labelled_Wuschel_pheeseq_0000030_labelled_mB1.wav,Wuschel,Olympia,after,partner,Wuschel-Olympia,0.19581573,4.590281,UMAP
1172,after_phees_2022-08-02_14-11-30_0000065_labelled_Wuschel_pheeseq_0000030_labelled_mB2.wav,Wuschel,Olympia,after,partner,Wuschel-Olympia,5.5859423,3.7666974,UMAP
1173,after_phees_2022-08-02_14-36-43_0000066_labelled_Lola_pheeseq_0000002_labelled_mB1.wav,Lola,Wuschel,after,non-partner,Tabor-Lola,10.121376,1.0503583,UMAP
1174,after_phees_2022-08-02_14-36-43_0000066_labelled_Lola_pheeseq_0000002_labelled_mB2.wav,Lola,Wuschel,after,non-partner,Tabor-Lola,13.531097,1.7967242,UMAP
1175,after_phees_2022-08-02_14-36-43_0000066_labelled_Lola_pheeseq_0000003_labelled_mC2.wav,Lola,Wuschel,after,non-partner,Tabor-Lola,12.788489,1.8171992,UMAP
1176,after_phees_2022-08-02_14-36-43_0000066_labelled_Lola_pheeseq_0000003_labelled_mC3.wav,Lola,Wuschel,after,non-partner,Tabor-Lola,13.34037,1.9632016,UMAP
1177,after_phees_2022-08-02_14-36-43_0000066_labelled_Lola_pheeseq_0000004_labelled_mC1.wav,Lola,Wuschel,after,non-partner,Tabor-Lola,6.883591,1.0098101,UMAP
1178,after_phees_2022-08-02_14-36-43_0000066_labelled_Lola_pheeseq_0000004_labelled_mC2.wav,Lola,Wuschel,after,non-partner,Tabor-Lola,11.737653,1.902142,UMAP
1179,after_phees_2022-08-02_14-36-43_0000066_labelled_Lola_pheeseq_0000004_labelled_mC3.wav,Lola,Wuschel,after,non-partner,Tabor-Lola,10.858024,2.2231457,UMAP
1180,after_phees_2022-08-02_14-36-43_0000066_labelled_Lola_pheeseq_0000006_labelled_mB1.wav,Lola,Wuschel,after,non-partner,Tabor-Lola,6.9585123,0.81544816,UMAP
1181,after_phees_2022-08-02_14-36-43_0000066_labelled_Lola_pheeseq_0000006_labelled_mB2.wav,Lola,Wuschel,after,non-partner,Tabor-Lola,12.503932,1.7714971,UMAP
1182,after_phees_2022-08-02_14-36-43_0000066_labelled_Lola_pheeseq_0000008_labelled_mB1.wav,Lola,Wuschel,after,non-partner,Tabor-Lola,11.31919,0.9635285,UMAP
1183,after_phees_2022-08-02_14-36-43_0000066_labelled_Lola_pheeseq_0000008_labelled_mB2.wav,Lola,Wuschel,after,non-partner,Tabor-Lola,13.005895,1.5255613,UMAP
1184,after_phees_2022-08-02_14-36-43_0000066_labelled_Lola_pheeseq_0000009_labelled_mB1.wav,Lola,Wuschel,after,non-partner,Tabor-Lola,8.265909,0.59912926,UMAP
1185,after_phees_2022-08-02_14-36-43_0000066_labelled_Lola_pheeseq_0000009_labelled_mB2.wav,Lola,Wuschel,after,non-partner,Tabor-Lola,11.924526,1.7322905,UMAP
1186,after_phees_2022-08-02_14-36-43_0000066_labelled_Lola_pheeseq_0000010_labelled_mC2.wav,Lola,Wuschel,after,non-partner,Tabor-Lola,11.456117,1.9276687,UMAP
1187,after_phees_2022-08-02_14-36-43_0000066_labelled_Lola_pheeseq_0000010_labelled_mC3.wav,Lola,Wuschel,after,non-partner,Tabor-Lola,11.304925,2.0920503,UMAP
1188,after_phees_2022-08-02_14-36-43_0000066_labelled_Lola_pheeseq_0000017_labelled_mC1.wav,Lola,Wuschel,after,non-partner,Tabor-Lola,11.411349,1.014254,UMAP
1189,after_phees_2022-08-02_14-36-43_0000066_labelled_Lola_pheeseq_0000017_labelled_mC2.wav,Lola,Wuschel,after,non-partner,Tabor-Lola,13.272737,1.4985662,UMAP
1190,after_phees_2022-08-02_14-36-43_0000066_labelled_Lola_pheeseq_0000017_labelled_mC3.wav,Lola,Wuschel,after,non-partner,Tabor-Lola,13.748828,1.6577404,UMAP
1191,after_phees_2022-08-02_14-36-43_0000066_labelled_Lola_pheeseq_0000018_labelled_mC1.wav,Lola,Wuschel,after,non-partner,Tabor-Lola,6.6160803,0.9122512,UMAP
1192,after_phees_2022-08-02_14-36-43_0000066_labelled_Lola_pheeseq_0000018_labelled_mC2.wav,Lola,Wuschel,after,non-partner,Tabor-Lola,9.971475,1.1943402,UMAP
1193,after_phees_2022-08-02_14-36-43_0000066_labelled_Lola_pheeseq_0000018_labelled_mC3.wav,Lola,Wuschel,after,non-partner,Tabor-Lola,12.334361,2.3639843,UMAP
1194,after_phees_2022-08-02_14-36-43_0000066_labelled_Lola_pheeseq_0000019_labelled_mC1.wav,Lola,Wuschel,after,non-partner,Tabor-Lola,7.2212644,0.8998608,UMAP
1195,after_phees_2022-08-02_14-36-43_0000066_labelled_Lola_pheeseq_0000019_labelled_mC2.wav,Lola,Wuschel,after,non-partner,Tabor-Lola,12.807374,1.8438972,UMAP
1196,after_phees_2022-08-02_14-36-43_0000066_labelled_Lola_pheeseq_0000019_labelled_mC3.wav,Lola,Wuschel,after,non-partner,Tabor-Lola,13.485072,1.8152299,UMAP
1197,after_phees_2022-08-02_14-36-43_0000066_labelled_Lola_pheeseq_0000020_labelled_mC1.wav,Lola,Wuschel,after,non-partner,Tabor-Lola,8.589237,0.86098844,UMAP
1198,after_phees_2022-08-02_14-36-43_0000066_labelled_Lola_pheeseq_0000020_labelled_mC2.wav,Lola,Wuschel,after,non-partner,Tabor-Lola,13.362506,1.311086,UMAP
1199,after_phees_2022-08-02_14-36-43_0000066_labelled_Lola_pheeseq_0000020_labelled_mC3.wav,Lola,Wuschel,after,non-partner,Tabor-Lola,13.91661,1.4222913,UMAP
1200,after_phees_2022-08-02_14-36-43_0000066_labelled_Lola_pheeseq_0000021_labelled_mC1.wav,Lola,Wuschel,after,non-partner,Tabor-Lola,9.869418,0.61036086,UMAP
1201,after_phees_2022-08-02_14-36-43_0000066_labelled_Lola_pheeseq_0000021_labelled_mC2.wav,Lola,Wuschel,after,non-partner,Tabor-Lola,11.891961,1.0505904,UMAP
1202,after_phees_2022-08-02_14-36-43_0000066_labelled_Lola_pheeseq_0000021_labelled_mC3.wav,Lola,Wuschel,after,non-partner,Tabor-Lola,12.383033,1.4788904,UMAP
1203,after_phees_2022-08-02_14-36-43_0000066_labelled_Lola_pheeseq_0000022_labelled_mC1.wav,Lola,Wuschel,after,non-partner,Tabor-Lola,7.679912,0.7538443,UMAP
1204,after_phees_2022-08-02_14-36-43_0000066_labelled_Lola_pheeseq_0000022_labelled_mC2.wav,Lola,Wuschel,after,non-partner,Tabor-Lola,12.147205,1.3644586,UMAP
1205,after_phees_2022-08-02_14-36-43_0000066_labelled_Lola_pheeseq_0000023_labelled_mC1.wav,Lola,Wuschel,after,non-partner,Tabor-Lola,9.255027,0.90715086,UMAP
1206,after_phees_2022-08-02_14-36-43_0000066_labelled_Lola_pheeseq_0000023_labelled_mC3.wav,Lola,Wuschel,after,non-partner,Tabor-Lola,13.849332,1.4489249,UMAP
1207,after_phees_2022-08-02_14-36-43_0000066_labelled_Lola_pheeseq_0000025_labelled_mC1.wav,Lola,Wuschel,after,non-partner,Tabor-Lola,9.0619,0.72971725,UMAP
1208,after_phees_2022-08-02_14-36-43_0000066_labelled_Lola_pheeseq_0000025_labelled_mC2.wav,Lola,Wuschel,after,non-partner,Tabor-Lola,12.598363,1.0060662,UMAP
1209,after_phees_2022-08-02_14-36-43_0000066_labelled_Lola_pheeseq_0000025_labelled_mC3.wav,Lola,Wuschel,after,non-partner,Tabor-Lola,12.28109,1.4841788,UMAP
1210,after_phees_2022-08-02_14-36-43_0000066_labelled_Lola_pheeseq_0000026_labelled_mC1.wav,Lola,Wuschel,after,non-partner,Tabor-Lola,9.50049,0.74238986,UMAP
1211,after_phees_2022-08-02_14-36-43_0000066_labelled_Lola_pheeseq_0000026_labelled_mC2.wav,Lola,Wuschel,after,non-partner,Tabor-Lola,13.16104,0.9344207,UMAP
1212,after_phees_2022-08-02_14-36-43_0000066_labelled_Lola_pheeseq_0000026_labelled_mC3.wav,Lola,Wuschel,after,non-partner,Tabor-Lola,13.227638,1.6495146,UMAP
1213,after_phees_2022-08-02_14-36-43_0000066_labelled_Lola_pheeseq_0000027_labelled_mC1.wav,Lola,Wuschel,after,non-partner,Tabor-Lola,9.510515,0.97350353,UMAP
1214,after_phees_2022-08-02_14-36-43_0000066_labelled_Lola_pheeseq_0000027_labelled_mC2.wav,Lola,Wuschel,after,non-partner,Tabor-Lola,12.887167,0.93198997,UMAP
1215,after_phees_2022-08-02_14-36-43_0000066_labelled_Lola_pheeseq_0000027_labelled_mC3.wav,Lola,Wuschel,after,non-partner,Tabor-Lola,13.148675,1.5797049,UMAP
1216,after_phees_2022-08-02_14-36-43_0000066_labelled_Lola_pheeseq_0000047_labelled_mB1.wav,Lola,Wuschel,after,non-partner,Tabor-Lola,7.788294,1.2456307,UMAP
1217,after_phees_2022-08-02_14-36-43_0000066_labelled_Lola_pheeseq_0000047_labelled_mB2.wav,Lola,Wuschel,after,non-partner,Tabor-Lola,9.919024,1.8977464,UMAP
1218,after_phees_2022-08-02_14-36-43_0000066_labelled_Lola_pheeseq_0000048_labelled_mB1.wav,Lola,Wuschel,after,non-partner,Tabor-Lola,5.410197,1.6896263,UMAP
1219,after_phees_2022-08-02_14-36-43_0000066_labelled_Lola_pheeseq_0000048_labelled_mB2.wav,Lola,Wuschel,after,non-partner,Tabor-Lola,10.145788,2.1149604,UMAP
1220,after_phees_2022-08-02_14-36-43_0000066_labelled_Lola_pheeseq_0000050_labelled_mC1.wav,Lola,Wuschel,after,non-partner,Tabor-Lola,6.0076323,1.0691458,UMAP
1221,after_phees_2022-08-02_14-36-43_0000066_labelled_Lola_pheeseq_0000050_labelled_mC2.wav,Lola,Wuschel,after,non-partner,Tabor-Lola,9.916477,1.3372223,UMAP
1222,after_phees_2022-08-02_14-36-43_0000066_labelled_Lola_pheeseq_0000050_labelled_mC3.wav,Lola,Wuschel,after,non-partner,Tabor-Lola,10.510093,1.9095578,UMAP
1223,after_phees_2022-08-02_14-36-43_0000066_labelled_Lola_pheeseq_0000051_labelled_mB1.wav,Lola,Wuschel,after,non-partner,Tabor-Lola,5.845509,1.2834855,UMAP
1224,after_phees_2022-08-02_14-36-43_0000066_labelled_Lola_pheeseq_0000051_labelled_mB2.wav,Lola,Wuschel,after,non-partner,Tabor-Lola,12.351699,1.8462771,UMAP
1225,after_phees_2022-08-02_14-36-43_0000066_labelled_Lola_pheeseq_0000052_labelled_mB1.wav,Lola,Wuschel,after,non-partner,Tabor-Lola,8.161142,0.75932026,UMAP
1226,after_phees_2022-08-02_14-36-43_0000066_labelled_Lola_pheeseq_0000052_labelled_mB2.wav,Lola,Wuschel,after,non-partner,Tabor-Lola,12.6574335,1.5685022,UMAP
1227,after_phees_2022-08-02_14-36-43_0000066_labelled_Lola_pheeseq_0000053_labelled_mB1.wav,Lola,Wuschel,after,non-partner,Tabor-Lola,8.940301,0.9871495,UMAP
1228,after_phees_2022-08-02_14-36-43_0000066_labelled_Lola_pheeseq_0000053_labelled_mB2.wav,Lola,Wuschel,after,non-partner,Tabor-Lola,13.220362,1.0523418,UMAP
1229,after_phees_2022-08-02_14-36-43_0000066_labelled_Lola_pheeseq_0000054_labelled_mC1.wav,Lola,Wuschel,after,non-partner,Tabor-Lola,8.130865,0.7016321,UMAP
1230,after_phees_2022-08-02_14-36-43_0000066_labelled_Lola_pheeseq_0000054_labelled_mC2.wav,Lola,Wuschel,after,non-partner,Tabor-Lola,13.2676325,1.555653,UMAP
1231,after_phees_2022-08-02_14-36-43_0000066_labelled_Lola_pheeseq_0000054_labelled_mC3.wav,Lola,Wuschel,after,non-partner,Tabor-Lola,9.53965,0.97521526,UMAP
1232,after_phees_2022-08-02_14-36-43_0000066_labelled_Lola_pheeseq_0000056_labelled_mB1.wav,Lola,Wuschel,after,non-partner,Tabor-Lola,10.411763,0.9862345,UMAP
1233,after_phees_2022-08-02_14-36-43_0000066_labelled_Lola_pheeseq_0000061_labelled_mB1.wav,Lola,Wuschel,after,non-partner,Tabor-Lola,10.765162,0.7154706,UMAP
1234,after_phees_2022-08-02_14-36-43_0000066_labelled_Lola_pheeseq_0000061_labelled_mB2.wav,Lola,Wuschel,after,non-partner,Tabor-Lola,13.309165,1.3877385,UMAP
1235,after_phees_2022-08-02_14-36-43_0000066_labelled_Lola_pheeseq_0000062_labelled_mB2.wav,Lola,Wuschel,after,non-partner,Tabor-Lola,12.185924,1.6867585,UMAP
1236,after_phees_2022-08-02_14-36-43_0000066_labelled_Lola_pheeseq_0000066_labelled_mB1.wav,Lola,Wuschel,after,non-partner,Tabor-Lola,10.459687,0.50198,UMAP
1237,after_phees_2022-08-02_14-36-43_0000066_labelled_Lola_pheeseq_0000067_labelled_mB1.wav,Lola,Wuschel,after,non-partner,Tabor-Lola,9.49372,0.9277112,UMAP
1238,after_phees_2022-08-02_14-36-43_0000066_labelled_Lola_pheeseq_0000067_labelled_mB2.wav,Lola,Wuschel,after,non-partner,Tabor-Lola,13.925368,1.3051152,UMAP
1239,after_phees_2022-08-02_14-36-43_0000066_labelled_Lola_pheeseq_0000068_labelled_mC1.wav,Lola,Wuschel,after,non-partner,Tabor-Lola,9.154424,0.83271146,UMAP
1240,after_phees_2022-08-02_14-36-43_0000066_labelled_Lola_pheeseq_0000068_labelled_mC2.wav,Lola,Wuschel,after,non-partner,Tabor-Lola,13.3173685,1.5765826,UMAP
1241,after_phees_2022-08-02_14-36-43_0000066_labelled_Lola_pheeseq_0000068_labelled_mC3.wav,Lola,Wuschel,after,non-partner,Tabor-Lola,13.28868,1.741907,UMAP
1242,after_phees_2022-08-02_14-36-43_0000066_labelled_Lola_pheeseq_0000069_labelled_mC1.wav,Lola,Wuschel,after,non-partner,Tabor-Lola,10.003334,1.2267908,UMAP
1243,after_phees_2022-08-02_14-36-43_0000066_labelled_Lola_pheeseq_0000069_labelled_mC2.wav,Lola,Wuschel,after,non-partner,Tabor-Lola,13.469025,1.2410058,UMAP
1244,after_phees_2022-08-02_14-36-43_0000066_labelled_Wuschel_pheeseq_0000057_labelled_mB1.wav,Wuschel,Lola,after,non-partner,Wuschel-Olympia,-0.9682429,4.977572,UMAP
1245,after_phees_2022-08-02_14-36-43_0000066_labelled_Wuschel_pheeseq_0000057_labelled_mB2.wav,Wuschel,Lola,after,non-partner,Wuschel-Olympia,-3.3839006,4.6498766,UMAP
1246,after_phees_2022-08-02_14-36-43_0000066_labelled_Wuschel_pheeseq_0000059_labelled_mB1.wav,Wuschel,Lola,after,non-partner,Wuschel-Olympia,-3.2794962,3.9672122,UMAP
1247,after_phees_2022-08-02_14-36-43_0000066_labelled_Wuschel_pheeseq_0000059_labelled_mB2.wav,Wuschel,Lola,after,non-partner,Wuschel-Olympia,-0.042566743,4.4408712,UMAP
1248,after_phees_2022-08-02_14-36-43_0000066_labelled_Wuschel_pheeseq_0000060_labelled_mB1.wav,Wuschel,Lola,after,non-partner,Wuschel-Olympia,-3.5964744,4.0590076,UMAP
1249,after_phees_2022-08-02_14-36-43_0000066_labelled_Wuschel_pheeseq_0000060_labelled_mB2.wav,Wuschel,Lola,after,non-partner,Wuschel-Olympia,-0.45960444,4.500301,UMAP
1250,after_phees_2022-08-02_14-36-43_0000066_labelled_Wuschel_pheeseq_0000063_labelled_mB1.wav,Wuschel,Lola,after,non-partner,Wuschel-Olympia,0.3811838,4.8813024,UMAP
1251,after_phees_2022-08-02_14-36-43_0000066_labelled_Wuschel_pheeseq_0000063_labelled_mB2.wav,Wuschel,Lola,after,non-partner,Wuschel-Olympia,-1.966637,4.3411508,UMAP
1252,after_phees_2022-08-02_14-36-43_0000066_labelled_Wuschel_pheeseq_0000064_labelled_mB1.wav,Wuschel,Lola,after,non-partner,Wuschel-Olympia,-2.3357234,3.882255,UMAP
1253,after_phees_2022-08-02_14-36-43_0000066_labelled_Wuschel_pheeseq_0000064_labelled_mB2.wav,Wuschel,Lola,after,non-partner,Wuschel-Olympia,-0.6823591,4.48679,UMAP
1254,after_phees_2022-08-02_14-36-43_0000066_labelled_Wuschel_pheeseq_0000065_labelled_mB1.wav,Wuschel,Lola,after,non-partner,Wuschel-Olympia,-3.6522524,4.0493197,UMAP
1255,after_phees_2022-08-02_14-36-43_0000066_labelled_Wuschel_pheeseq_0000065_labelled_mB2.wav,Wuschel,Lola,after,non-partner,Wuschel-Olympia,0.51179934,4.236666,UMAP
1256,after_phees_2022-08-02_14-36-43_0000066_labelled_Wuschel_pheeseq_0000071_labelled_mB1.wav,Wuschel,Lola,after,non-partner,Wuschel-Olympia,-1.496686,4.292895,UMAP
1257,after_phees_2022-08-02_14-36-43_0000066_labelled_Wuschel_pheeseq_0000071_labelled_mB2.wav,Wuschel,Lola,after,non-partner,Wuschel-Olympia,-0.67525417,4.477779,UMAP
1258,after_phees_2022-08-02_14-36-43_0000066_labelled_Wuschel_pheeseq_0000072_labelled_mB1.wav,Wuschel,Lola,after,non-partner,Wuschel-Olympia,-0.5234017,4.457278,UMAP
1259,after_phees_2022-08-02_14-36-43_0000066_labelled_Wuschel_pheeseq_0000072_labelled_mB2.wav,Wuschel,Lola,after,non-partner,Wuschel-Olympia,1.8084823,4.080506,UMAP
1260,after_phees_2022-08-02_14-36-43_0000066_labelled_Wuschel_pheeseq_0000073_labelled_mB1.wav,Wuschel,Lola,after,non-partner,Wuschel-Olympia,-1.8452773,4.0292716,UMAP
1261,after_phees_2022-08-02_14-36-43_0000066_labelled_Wuschel_pheeseq_0000073_labelled_mB2.wav,Wuschel,Lola,after,non-partner,Wuschel-Olympia,1.2036686,4.1458154,UMAP
1262,after_phees_2022-08-02_14-36-43_0000066_labelled_Wuschel_pheeseq_0000075_labelled_mB1.wav,Wuschel,Lola,after,non-partner,Wuschel-Olympia,-1.3188535,4.5719357,UMAP
1263,after_phees_2022-08-02_14-36-43_0000066_labelled_Wuschel_pheeseq_0000075_labelled_mB2.wav,Wuschel,Lola,after,non-partner,Wuschel-Olympia,1.8470585,4.3753014,UMAP
1264,after_phees_2022-08-02_14-36-43_0000066_labelled_Wuschel_pheeseq_0000076_labelled_mB1.wav,Wuschel,Lola,after,non-partner,Wuschel-Olympia,-2.063554,3.8290274,UMAP
1265,after_phees_2022-08-02_14-36-43_0000066_labelled_Wuschel_pheeseq_0000076_labelled_mB2.wav,Wuschel,Lola,after,non-partner,Wuschel-Olympia,1.6294124,3.9742599,UMAP
1266,after_phees_2022-08-02_14-36-43_0000066_labelled_Wuschel_pheeseq_0000077_labelled_mB1.wav,Wuschel,Lola,after,non-partner,Wuschel-Olympia,-0.76208836,4.545932,UMAP
1267,after_phees_2022-08-02_14-36-43_0000066_labelled_Wuschel_pheeseq_0000077_labelled_mB2.wav,Wuschel,Lola,after,non-partner,Wuschel-Olympia,2.0020628,4.150686,UMAP
1268,after_phees_2022-08-02_15-01-37_0000067_labelled_Lola_pheeseq_0000004_labelled_mB1.wav,Lola,Tabor,after,partner,Tabor-Lola,5.694778,1.3991582,UMAP
1269,after_phees_2022-08-02_15-01-37_0000067_labelled_Lola_pheeseq_0000004_labelled_mB2.wav,Lola,Tabor,after,partner,Tabor-Lola,10.209131,1.8928347,UMAP
1270,after_phees_2022-08-02_15-01-37_0000067_labelled_Lola_pheeseq_0000005_labelled_mB1.wav,Lola,Tabor,after,partner,Tabor-Lola,5.171069,1.7793802,UMAP
1271,after_phees_2022-08-02_15-01-37_0000067_labelled_Lola_pheeseq_0000005_labelled_mB2.wav,Lola,Tabor,after,partner,Tabor-Lola,11.278754,2.6505687,UMAP
1272,after_phees_2022-08-02_15-01-37_0000067_labelled_Lola_pheeseq_0000007_labelled_mB1.wav,Lola,Tabor,after,partner,Tabor-Lola,5.867221,1.2118133,UMAP
1273,after_phees_2022-08-02_15-01-37_0000067_labelled_Lola_pheeseq_0000007_labelled_mB2.wav,Lola,Tabor,after,partner,Tabor-Lola,11.461717,2.1767216,UMAP
1274,after_phees_2022-08-02_15-01-37_0000067_labelled_Lola_pheeseq_0000008_labelled_mB1.wav,Lola,Tabor,after,partner,Tabor-Lola,7.157599,0.9451268,UMAP
1275,after_phees_2022-08-02_15-01-37_0000067_labelled_Lola_pheeseq_0000008_labelled_mB2.wav,Lola,Tabor,after,partner,Tabor-Lola,13.37466,1.9523702,UMAP
1276,after_phees_2022-08-02_15-01-37_0000067_labelled_Lola_pheeseq_0000031_labelled_mB1.wav,Lola,Tabor,after,partner,Tabor-Lola,8.819948,2.026769,UMAP
1277,after_phees_2022-08-02_15-01-37_0000067_labelled_Lola_pheeseq_0000031_labelled_mB2.wav,Lola,Tabor,after,partner,Tabor-Lola,10.854483,1.9973569,UMAP
1278,after_phees_2022-08-02_15-01-37_0000067_labelled_Lola_pheeseq_0000035_labelled_mB1.wav,Lola,Tabor,after,partner,Tabor-Lola,12.851393,1.9788529,UMAP
1279,after_phees_2022-08-02_15-01-37_0000067_labelled_Lola_pheeseq_0000052_labelled_mB1.wav,Lola,Tabor,after,partner,Tabor-Lola,5.5502825,1.8080586,UMAP
1280,after_phees_2022-08-02_15-01-37_0000067_labelled_Lola_pheeseq_0000052_labelled_mB2.wav,Lola,Tabor,after,partner,Tabor-Lola,6.6941433,1.5010439,UMAP
1281,after_phees_2022-08-02_15-01-37_0000067_labelled_Lola_pheeseq_0000053_labelled_mB1.wav,Lola,Tabor,after,partner,Tabor-Lola,6.2294755,1.2652311,UMAP
1282,after_phees_2022-08-02_15-01-37_0000067_labelled_Lola_pheeseq_0000053_labelled_mB2.wav,Lola,Tabor,after,partner,Tabor-Lola,9.042116,1.2292849,UMAP
1283,after_phees_2022-08-02_15-01-37_0000067_labelled_Lola_pheeseq_0000054_labelled_mB1.wav,Lola,Tabor,after,partner,Tabor-Lola,5.6796145,1.31901,UMAP
1284,after_phees_2022-08-02_15-01-37_0000067_labelled_Lola_pheeseq_0000054_labelled_mB2.wav,Lola,Tabor,after,partner,Tabor-Lola,8.643196,1.109173,UMAP
1285,after_phees_2022-08-02_15-01-37_0000067_labelled_Lola_pheeseq_0000055_labelled_mB1.wav,Lola,Tabor,after,partner,Tabor-Lola,6.383864,1.3361921,UMAP
1286,after_phees_2022-08-02_15-01-37_0000067_labelled_Lola_pheeseq_0000055_labelled_mB2.wav,Lola,Tabor,after,partner,Tabor-Lola,10.695723,1.8238823,UMAP
1287,after_phees_2022-08-02_15-01-37_0000067_labelled_Lola_pheeseq_0000056_labelled_mB2.wav,Lola,Tabor,after,partner,Tabor-Lola,13.278378,1.9116151,UMAP
1288,after_phees_2022-08-02_15-01-37_0000067_labelled_Tabor_pheeseq_0000038_labelled_mC1.wav,Tabor,Lola,after,partner,Tabor-Lola,7.973645,1.996961,UMAP
1289,after_phees_2022-08-02_15-01-37_0000067_labelled_Tabor_pheeseq_0000038_labelled_mC2.wav,Tabor,Lola,after,partner,Tabor-Lola,7.0387115,3.3971746,UMAP
1290,after_phees_2022-08-02_15-01-37_0000067_labelled_Tabor_pheeseq_0000038_labelled_mC3.wav,Tabor,Lola,after,partner,Tabor-Lola,3.0360599,3.1273372,UMAP
1291,after_phees_2022-08-02_15-01-37_0000067_labelled_Tabor_pheeseq_0000043_labelled_mD1.wav,Tabor,Lola,after,partner,Tabor-Lola,7.878447,1.9789548,UMAP
1292,after_phees_2022-08-02_15-01-37_0000067_labelled_Tabor_pheeseq_0000043_labelled_mD2.wav,Tabor,Lola,after,partner,Tabor-Lola,6.9351826,3.4502623,UMAP
1293,after_phees_2022-08-02_15-01-37_0000067_labelled_Tabor_pheeseq_0000043_labelled_mD3.wav,Tabor,Lola,after,partner,Tabor-Lola,2.8541934,3.1183782,UMAP
1294,after_phees_2022-08-02_15-01-37_0000067_labelled_Tabor_pheeseq_0000043_labelled_mD4.wav,Tabor,Lola,after,partner,Tabor-Lola,-2.502479,4.7474113,UMAP
1295,after_phees_2022-08-03_14-32-28_0000070_labelled_Tabor_pheeseq_0000038_labelled_mC1.wav,Tabor,Olympia,after,non-partner,Tabor-Lola,-0.41407636,4.6670303,UMAP
1296,after_phees_2022-08-03_14-32-28_0000070_labelled_Tabor_pheeseq_0000038_labelled_mC3.wav,Tabor,Olympia,after,non-partner,Tabor-Lola,-3.9412189,4.8756323,UMAP
1297,after_phees_2022-08-03_14-32-28_0000070_labelled_Tabor_pheeseq_0000040_labelled_mC1.wav,Tabor,Olympia,after,non-partner,Tabor-Lola,-1.4733433,4.7622433,UMAP
1298,after_phees_2022-08-03_14-32-28_0000070_labelled_Tabor_pheeseq_0000040_labelled_mC2.wav,Tabor,Olympia,after,non-partner,Tabor-Lola,0.47625422,4.295021,UMAP
1299,after_phees_2022-08-03_14-32-28_0000070_labelled_Tabor_pheeseq_0000040_labelled_mC3.wav,Tabor,Olympia,after,non-partner,Tabor-Lola,-2.9593637,4.99449,UMAP
1300,after_phees_2022-08-03_14-32-28_0000070_labelled_Tabor_pheeseq_0000041_labelled_mC1.wav,Tabor,Olympia,after,non-partner,Tabor-Lola,-0.7050866,4.764072,UMAP
1301,after_phees_2022-08-03_14-32-28_0000070_labelled_Tabor_pheeseq_0000041_labelled_mC2.wav,Tabor,Olympia,after,non-partner,Tabor-Lola,1.804279,4.0584536,UMAP
1302,after_phees_2022-08-03_14-32-28_0000070_labelled_Tabor_pheeseq_0000041_labelled_mC3.wav,Tabor,Olympia,after,non-partner,Tabor-Lola,-1.3615236,4.4086404,UMAP
1303,after_phees_2022-08-03_14-32-28_0000070_labelled_Tabor_pheeseq_0000042_labelled_mC1.wav,Tabor,Olympia,after,non-partner,Tabor-Lola,-2.0089283,4.7507854,UMAP
1304,after_phees_2022-08-03_14-32-28_0000070_labelled_Tabor_pheeseq_0000042_labelled_mC2.wav,Tabor,Olympia,after,non-partner,Tabor-Lola,3.9995055,3.6782272,UMAP
1305,after_phees_2022-08-03_14-32-28_0000070_labelled_Tabor_pheeseq_0000042_labelled_mC3.wav,Tabor,Olympia,after,non-partner,Tabor-Lola,-1.303997,4.4524417,UMAP
1306,after_phees_2022-08-03_14-32-28_0000070_labelled_Tabor_pheeseq_0000043_labelled_mD1.wav,Tabor,Olympia,after,non-partner,Tabor-Lola,1.3926206,4.734059,UMAP
1307,after_phees_2022-08-03_14-32-28_0000070_labelled_Tabor_pheeseq_0000043_labelled_mD2.wav,Tabor,Olympia,after,non-partner,Tabor-Lola,6.878319,4.556667,UMAP
1308,after_phees_2022-08-03_14-32-28_0000070_labelled_Tabor_pheeseq_0000043_labelled_mD3.wav,Tabor,Olympia,after,non-partner,Tabor-Lola,1.4240491,4.2663174,UMAP
1309,after_phees_2022-08-03_14-32-28_0000070_labelled_Tabor_pheeseq_0000043_labelled_mD4.wav,Tabor,Olympia,after,non-partner,Tabor-Lola,-1.56269,4.3713837,UMAP
1310,after_phees_2022-08-03_14-32-28_0000070_labelled_Tabor_pheeseq_0000044_labelled_mB1.wav,Tabor,Olympia,after,non-partner,Tabor-Lola,-0.1937279,4.5239635,UMAP
1311,after_phees_2022-08-03_14-32-28_0000070_labelled_Tabor_pheeseq_0000046_labelled_mC1.wav,Tabor,Olympia,after,non-partner,Tabor-Lola,1.7156385,4.8441453,UMAP
1312,after_phees_2022-08-03_14-32-28_0000070_labelled_Tabor_pheeseq_0000046_labelled_mC2.wav,Tabor,Olympia,after,non-partner,Tabor-Lola,5.0365286,3.984228,UMAP
1313,after_phees_2022-08-03_14-32-28_0000070_labelled_Tabor_pheeseq_0000046_labelled_mC3.wav,Tabor,Olympia,after,non-partner,Tabor-Lola,0.8829553,4.417289,UMAP
1314,after_phees_2022-08-03_14-32-28_0000070_labelled_Tabor_pheeseq_0000047_labelled_mC1.wav,Tabor,Olympia,after,non-partner,Tabor-Lola,3.1076927,4.687767,UMAP
1315,after_phees_2022-08-03_14-32-28_0000070_labelled_Tabor_pheeseq_0000047_labelled_mC2.wav,Tabor,Olympia,after,non-partner,Tabor-Lola,5.7323027,4.2339034,UMAP
1316,after_phees_2022-08-03_14-32-28_0000070_labelled_Tabor_pheeseq_0000047_labelled_mC3.wav,Tabor,Olympia,after,non-partner,Tabor-Lola,0.5558419,4.32023,UMAP
1317,after_phees_2022-08-03_14-32-28_0000070_labelled_Tabor_pheeseq_0000048_labelled_mC1.wav,Tabor,Olympia,after,non-partner,Tabor-Lola,3.579827,4.661158,UMAP
1318,after_phees_2022-08-03_14-32-28_0000070_labelled_Tabor_pheeseq_0000048_labelled_mC2.wav,Tabor,Olympia,after,non-partner,Tabor-Lola,7.391366,4.4051642,UMAP
1319,after_phees_2022-08-03_14-32-28_0000070_labelled_Tabor_pheeseq_0000048_labelled_mC3.wav,Tabor,Olympia,after,non-partner,Tabor-Lola,0.09505393,4.595062,UMAP
1320,after_phees_2022-08-03_14-32-28_0000070_labelled_Tabor_pheeseq_0000049_labelled_mC1.wav,Tabor,Olympia,after,non-partner,Tabor-Lola,3.6447794,4.594689,UMAP
1321,after_phees_2022-08-03_14-32-28_0000070_labelled_Tabor_pheeseq_0000049_labelled_mC2.wav,Tabor,Olympia,after,non-partner,Tabor-Lola,5.2229905,4.1444364,UMAP
1322,after_phees_2022-08-03_14-32-28_0000070_labelled_Tabor_pheeseq_0000049_labelled_mC3.wav,Tabor,Olympia,after,non-partner,Tabor-Lola,0.5124874,4.13408,UMAP
1323,after_phees_2022-08-03_14-32-28_0000070_labelled_Tabor_pheeseq_0000050_labelled_mC1.wav,Tabor,Olympia,after,non-partner,Tabor-Lola,4.762156,3.9231975,UMAP
1324,after_phees_2022-08-03_14-32-28_0000070_labelled_Tabor_pheeseq_0000050_labelled_mC2.wav,Tabor,Olympia,after,non-partner,Tabor-Lola,7.1926103,4.4217052,UMAP
1325,after_phees_2022-08-03_14-32-28_0000070_labelled_Tabor_pheeseq_0000050_labelled_mC3.wav,Tabor,Olympia,after,non-partner,Tabor-Lola,2.187161,4.1399198,UMAP
1326,after_phees_2022-08-03_14-32-28_0000070_labelled_Tabor_pheeseq_0000051_labelled_mC1.wav,Tabor,Olympia,after,non-partner,Tabor-Lola,3.831539,4.504805,UMAP
1327,after_phees_2022-08-03_14-32-28_0000070_labelled_Tabor_pheeseq_0000051_labelled_mC2.wav,Tabor,Olympia,after,non-partner,Tabor-Lola,7.2758203,4.5264697,UMAP
1328,after_phees_2022-08-03_14-32-28_0000070_labelled_Tabor_pheeseq_0000051_labelled_mC3.wav,Tabor,Olympia,after,non-partner,Tabor-Lola,2.8797984,4.2731986,UMAP
1329,after_phees_2022-08-03_14-57-10_0000071_labelled_Odin_pheeseq_0000003_labelled_mB1.wav,Odin,Olympia,after,non-partner,Odin-Nougatti,7.26264,4.051303,UMAP
1330,after_phees_2022-08-03_14-57-10_0000071_labelled_Odin_pheeseq_0000003_labelled_mB2.wav,Odin,Olympia,after,non-partner,Odin-Nougatti,7.6500583,3.158038,UMAP
1331,after_phees_2022-08-03_14-57-10_0000071_labelled_Odin_pheeseq_0000004_labelled_mD1.wav,Odin,Olympia,after,non-partner,Odin-Nougatti,3.771996,4.0871053,UMAP
1332,after_phees_2022-08-03_14-57-10_0000071_labelled_Odin_pheeseq_0000004_labelled_mD2.wav,Odin,Olympia,after,non-partner,Odin-Nougatti,8.560088,4.8426247,UMAP
1333,after_phees_2022-08-03_14-57-10_0000071_labelled_Odin_pheeseq_0000004_labelled_mD3.wav,Odin,Olympia,after,non-partner,Odin-Nougatti,10.532789,4.2991557,UMAP
1334,after_phees_2022-08-03_14-57-10_0000071_labelled_Odin_pheeseq_0000004_labelled_mD4.wav,Odin,Olympia,after,non-partner,Odin-Nougatti,-4.613156,4.6527276,UMAP
1335,after_phees_2022-08-03_14-57-10_0000071_labelled_Odin_pheeseq_0000005_labelled_mD1.wav,Odin,Olympia,after,non-partner,Odin-Nougatti,1.7794049,4.279427,UMAP
1336,after_phees_2022-08-03_14-57-10_0000071_labelled_Odin_pheeseq_0000005_labelled_mD2.wav,Odin,Olympia,after,non-partner,Odin-Nougatti,8.727445,5.090653,UMAP
1337,after_phees_2022-08-03_14-57-10_0000071_labelled_Odin_pheeseq_0000005_labelled_mD3.wav,Odin,Olympia,after,non-partner,Odin-Nougatti,11.402158,5.0278783,UMAP
1338,after_phees_2022-08-03_14-57-10_0000071_labelled_Odin_pheeseq_0000005_labelled_mD4.wav,Odin,Olympia,after,non-partner,Odin-Nougatti,9.938883,4.859178,UMAP
1339,after_phees_2022-08-03_14-57-10_0000071_labelled_Odin_pheeseq_0000007_labelled_mC1.wav,Odin,Olympia,after,non-partner,Odin-Nougatti,4.832309,4.1620197,UMAP
1340,after_phees_2022-08-03_14-57-10_0000071_labelled_Odin_pheeseq_0000007_labelled_mC2.wav,Odin,Olympia,after,non-partner,Odin-Nougatti,10.179001,4.1060567,UMAP
1341,after_phees_2022-08-03_14-57-10_0000071_labelled_Odin_pheeseq_0000007_labelled_mC3.wav,Odin,Olympia,after,non-partner,Odin-Nougatti,9.871189,3.9573474,UMAP
1342,after_phees_2022-08-03_14-57-10_0000071_labelled_Odin_pheeseq_0000008_labelled_mD1.wav,Odin,Olympia,after,non-partner,Odin-Nougatti,4.5424423,4.18294,UMAP
1343,after_phees_2022-08-03_14-57-10_0000071_labelled_Odin_pheeseq_0000008_labelled_mD4.wav,Odin,Olympia,after,non-partner,Odin-Nougatti,10.692754,4.513069,UMAP
1344,after_phees_2022-08-03_14-57-10_0000071_labelled_Odin_pheeseq_0000008_labelled_mD5.wav,Odin,Olympia,after,non-partner,Odin-Nougatti,11.280199,4.919903,UMAP
1345,after_phees_2022-08-03_14-57-10_0000071_labelled_Odin_pheeseq_0000008_labelled_mD6.wav,Odin,Olympia,after,non-partner,Odin-Nougatti,9.899641,4.855366,UMAP
1346,after_phees_2022-08-03_14-57-10_0000071_labelled_Odin_pheeseq_0000009_labelled_mD1.wav,Odin,Olympia,after,non-partner,Odin-Nougatti,1.4744669,4.257436,UMAP
1347,after_phees_2022-08-03_14-57-10_0000071_labelled_Odin_pheeseq_0000009_labelled_mD2.wav,Odin,Olympia,after,non-partner,Odin-Nougatti,8.597881,5.2067986,UMAP
1348,after_phees_2022-08-03_14-57-10_0000071_labelled_Odin_pheeseq_0000009_labelled_mD3.wav,Odin,Olympia,after,non-partner,Odin-Nougatti,10.766896,4.9207616,UMAP
1349,after_phees_2022-08-03_14-57-10_0000071_labelled_Odin_pheeseq_0000009_labelled_mD4.wav,Odin,Olympia,after,non-partner,Odin-Nougatti,11.482699,5.12996,UMAP
1350,after_phees_2022-08-03_14-57-10_0000071_labelled_Odin_pheeseq_0000011_labelled_mE1.wav,Odin,Olympia,after,non-partner,Odin-Nougatti,6.5284986,4.533956,UMAP
1351,after_phees_2022-08-03_14-57-10_0000071_labelled_Odin_pheeseq_0000011_labelled_mE4.wav,Odin,Olympia,after,non-partner,Odin-Nougatti,10.641393,4.7449975,UMAP
1352,after_phees_2022-08-03_14-57-10_0000071_labelled_Odin_pheeseq_0000011_labelled_mE5.wav,Odin,Olympia,after,non-partner,Odin-Nougatti,11.733139,5.099834,UMAP
1353,after_phees_2022-08-03_14-57-10_0000071_labelled_Odin_pheeseq_0000011_labelled_mE6.wav,Odin,Olympia,after,non-partner,Odin-Nougatti,10.5344715,4.930526,UMAP
1354,after_phees_2022-08-03_14-57-10_0000071_labelled_Odin_pheeseq_0000011_labelled_mE8.wav,Odin,Olympia,after,non-partner,Odin-Nougatti,1.1930945,3.5841465,UMAP
1355,after_phees_2022-08-03_14-57-10_0000071_labelled_Odin_pheeseq_0000017_labelled_mC1.wav,Odin,Olympia,after,non-partner,Odin-Nougatti,10.735225,2.7512016,UMAP
1356,after_phees_2022-08-03_14-57-10_0000071_labelled_Odin_pheeseq_0000017_labelled_mC2.wav,Odin,Olympia,after,non-partner,Odin-Nougatti,12.363924,3.7300327,UMAP
1357,after_phees_2022-08-03_14-57-10_0000071_labelled_Odin_pheeseq_0000017_labelled_mC3.wav,Odin,Olympia,after,non-partner,Odin-Nougatti,6.235672,3.2465653,UMAP
1358,after_phees_2022-08-03_14-57-10_0000071_labelled_Odin_pheeseq_0000021_labelled_mC1.wav,Odin,Olympia,after,non-partner,Odin-Nougatti,6.39086,4.4413576,UMAP
1359,after_phees_2022-08-03_14-57-10_0000071_labelled_Odin_pheeseq_0000021_labelled_mC2.wav,Odin,Olympia,after,non-partner,Odin-Nougatti,10.8835125,4.58024,UMAP
1360,after_phees_2022-08-03_14-57-10_0000071_labelled_Odin_pheeseq_0000032_labelled_mB1.wav,Odin,Olympia,after,non-partner,Odin-Nougatti,5.899175,4.1353817,UMAP
1361,after_phees_2022-08-03_14-57-10_0000071_labelled_Odin_pheeseq_0000032_labelled_mB2.wav,Odin,Olympia,after,non-partner,Odin-Nougatti,9.92707,3.6592371,UMAP
1362,after_phees_2022-08-03_14-57-10_0000071_labelled_Odin_pheeseq_0000035_labelled_mC1.wav,Odin,Olympia,after,non-partner,Odin-Nougatti,4.274095,4.091711,UMAP
1363,after_phees_2022-08-03_14-57-10_0000071_labelled_Odin_pheeseq_0000035_labelled_mC2.wav,Odin,Olympia,after,non-partner,Odin-Nougatti,9.270468,4.153764,UMAP
1364,after_phees_2022-08-03_14-57-10_0000071_labelled_Odin_pheeseq_0000035_labelled_mC3.wav,Odin,Olympia,after,non-partner,Odin-Nougatti,11.241677,4.1618595,UMAP
1365,after_phees_2022-08-03_14-57-10_0000071_labelled_Odin_pheeseq_0000036_labelled_mC1.wav,Odin,Olympia,after,non-partner,Odin-Nougatti,1.3134929,4.6061115,UMAP
1366,after_phees_2022-08-03_14-57-10_0000071_labelled_Odin_pheeseq_0000036_labelled_mC5.wav,Odin,Olympia,after,non-partner,Odin-Nougatti,11.355252,4.966972,UMAP
1367,after_phees_2022-08-03_14-57-10_0000071_labelled_Odin_pheeseq_0000039_labelled_mC1.wav,Odin,Olympia,after,non-partner,Odin-Nougatti,4.5356255,4.098292,UMAP
1368,after_phees_2022-08-03_14-57-10_0000071_labelled_Odin_pheeseq_0000039_labelled_mC2.wav,Odin,Olympia,after,non-partner,Odin-Nougatti,8.408854,4.6890626,UMAP
1369,after_phees_2022-08-03_14-57-10_0000071_labelled_Odin_pheeseq_0000039_labelled_mC3.wav,Odin,Olympia,after,non-partner,Odin-Nougatti,10.357611,4.321296,UMAP
1370,after_phees_2022-08-03_14-57-10_0000071_labelled_Odin_pheeseq_0000040_labelled_mD1.wav,Odin,Olympia,after,non-partner,Odin-Nougatti,3.9629433,3.9842663,UMAP
1371,after_phees_2022-08-03_14-57-10_0000071_labelled_Odin_pheeseq_0000040_labelled_mD3.wav,Odin,Olympia,after,non-partner,Odin-Nougatti,8.804371,5.028696,UMAP
1372,after_phees_2022-08-03_14-57-10_0000071_labelled_Odin_pheeseq_0000040_labelled_mD4.wav,Odin,Olympia,after,non-partner,Odin-Nougatti,9.739393,4.3383813,UMAP
1373,after_phees_2022-08-03_14-57-10_0000071_labelled_Odin_pheeseq_0000040_labelled_mD5.wav,Odin,Olympia,after,non-partner,Odin-Nougatti,10.806107,4.994461,UMAP
1374,after_phees_2022-08-03_14-57-10_0000071_labelled_Odin_pheeseq_0000041_labelled_mD1.wav,Odin,Olympia,after,non-partner,Odin-Nougatti,4.748429,4.2486887,UMAP
1375,after_phees_2022-08-03_14-57-10_0000071_labelled_Odin_pheeseq_0000041_labelled_mD3.wav,Odin,Olympia,after,non-partner,Odin-Nougatti,9.518148,4.462823,UMAP
1376,after_phees_2022-08-03_14-57-10_0000071_labelled_Odin_pheeseq_0000041_labelled_mD4.wav,Odin,Olympia,after,non-partner,Odin-Nougatti,11.874136,5.3244395,UMAP
1377,after_phees_2022-08-03_14-57-10_0000071_labelled_Odin_pheeseq_0000041_labelled_mD5.wav,Odin,Olympia,after,non-partner,Odin-Nougatti,11.618443,5.1516,UMAP
1378,after_phees_2022-08-03_15-37-29_0000072_labelled_Nougatti_pheeseq_0000002_labelled_mB1.wav,Nougatti,Wuschel,after,non-partner,Odin-Nougatti,2.8013897,5.238221,UMAP
1379,after_phees_2022-08-03_15-37-29_0000072_labelled_Nougatti_pheeseq_0000002_labelled_mB2.wav,Nougatti,Wuschel,after,non-partner,Odin-Nougatti,3.1889415,4.780324,UMAP
1380,after_phees_2022-08-03_15-37-29_0000072_labelled_Nougatti_pheeseq_0000003_labelled_mC1.wav,Nougatti,Wuschel,after,non-partner,Odin-Nougatti,1.9039407,5.380237,UMAP
1381,after_phees_2022-08-03_15-37-29_0000072_labelled_Nougatti_pheeseq_0000003_labelled_mC2.wav,Nougatti,Wuschel,after,non-partner,Odin-Nougatti,4.0458055,4.2132554,UMAP
1382,after_phees_2022-08-03_15-37-29_0000072_labelled_Nougatti_pheeseq_0000003_labelled_mC3.wav,Nougatti,Wuschel,after,non-partner,Odin-Nougatti,3.7264447,4.500424,UMAP
1383,after_phees_2022-08-03_15-37-29_0000072_labelled_Nougatti_pheeseq_0000004_labelled_mC2.wav,Nougatti,Wuschel,after,non-partner,Odin-Nougatti,7.765929,4.3736267,UMAP
1384,after_phees_2022-08-03_15-37-29_0000072_labelled_Nougatti_pheeseq_0000004_labelled_mC3.wav,Nougatti,Wuschel,after,non-partner,Odin-Nougatti,7.5718822,4.3254857,UMAP
1385,after_phees_2022-08-03_15-37-29_0000072_labelled_Nougatti_pheeseq_0000006_labelled_mB1.wav,Nougatti,Wuschel,after,non-partner,Odin-Nougatti,5.2030697,1.3525298,UMAP
1386,after_phees_2022-08-03_15-37-29_0000072_labelled_Nougatti_pheeseq_0000006_labelled_mB2.wav,Nougatti,Wuschel,after,non-partner,Odin-Nougatti,12.148322,4.313611,UMAP
1387,after_phees_2022-08-03_15-37-29_0000072_labelled_Nougatti_pheeseq_0000007_labelled_mC1.wav,Nougatti,Wuschel,after,non-partner,Odin-Nougatti,9.045435,4.412529,UMAP
1388,after_phees_2022-08-03_15-37-29_0000072_labelled_Nougatti_pheeseq_0000007_labelled_mC2.wav,Nougatti,Wuschel,after,non-partner,Odin-Nougatti,9.79666,4.6766295,UMAP
1389,after_phees_2022-08-03_15-37-29_0000072_labelled_Nougatti_pheeseq_0000007_labelled_mC3.wav,Nougatti,Wuschel,after,non-partner,Odin-Nougatti,1.9979222,2.9061391,UMAP
1390,after_phees_2022-08-03_15-37-29_0000072_labelled_Nougatti_pheeseq_0000010_labelled_mC1.wav,Nougatti,Wuschel,after,non-partner,Odin-Nougatti,9.213513,3.877933,UMAP
1391,after_phees_2022-08-03_15-37-29_0000072_labelled_Nougatti_pheeseq_0000010_labelled_mC2.wav,Nougatti,Wuschel,after,non-partner,Odin-Nougatti,11.639972,4.2590594,UMAP
1392,after_phees_2022-08-03_15-37-29_0000072_labelled_Nougatti_pheeseq_0000010_labelled_mC3.wav,Nougatti,Wuschel,after,non-partner,Odin-Nougatti,6.707559,3.9165883,UMAP
1393,after_phees_2022-08-03_15-37-29_0000072_labelled_Nougatti_pheeseq_0000015_labelled_mB1.wav,Nougatti,Wuschel,after,non-partner,Odin-Nougatti,10.609827,2.3273997,UMAP
1394,after_phees_2022-08-03_15-37-29_0000072_labelled_Nougatti_pheeseq_0000015_labelled_mB2.wav,Nougatti,Wuschel,after,non-partner,Odin-Nougatti,10.407315,4.563718,UMAP
1395,after_phees_2022-08-03_15-37-29_0000072_labelled_Nougatti_pheeseq_0000016_labelled_mB1.wav,Nougatti,Wuschel,after,non-partner,Odin-Nougatti,5.3345823,1.1726437,UMAP
1396,after_phees_2022-08-03_15-37-29_0000072_labelled_Nougatti_pheeseq_0000016_labelled_mB2.wav,Nougatti,Wuschel,after,non-partner,Odin-Nougatti,11.382754,4.1314564,UMAP
1397,after_phees_2022-08-03_15-37-29_0000072_labelled_Nougatti_pheeseq_0000018_labelled_mC1.wav,Nougatti,Wuschel,after,non-partner,Odin-Nougatti,8.169871,3.8348143,UMAP
1398,after_phees_2022-08-03_15-37-29_0000072_labelled_Nougatti_pheeseq_0000018_labelled_mC2.wav,Nougatti,Wuschel,after,non-partner,Odin-Nougatti,11.63262,4.1165943,UMAP
1399,after_phees_2022-08-03_15-37-29_0000072_labelled_Nougatti_pheeseq_0000018_labelled_mC3.wav,Nougatti,Wuschel,after,non-partner,Odin-Nougatti,6.6967616,3.8633094,UMAP
1400,after_phees_2022-08-03_15-37-29_0000072_labelled_Nougatti_pheeseq_0000019_labelled_mC1.wav,Nougatti,Wuschel,after,non-partner,Odin-Nougatti,9.707221,4.6311083,UMAP
1401,after_phees_2022-08-03_15-37-29_0000072_labelled_Nougatti_pheeseq_0000019_labelled_mC2.wav,Nougatti,Wuschel,after,non-partner,Odin-Nougatti,10.484598,4.8067837,UMAP
1402,after_phees_2022-08-03_15-37-29_0000072_labelled_Nougatti_pheeseq_0000019_labelled_mC3.wav,Nougatti,Wuschel,after,non-partner,Odin-Nougatti,2.7430017,2.6914675,UMAP
1403,after_phees_2022-08-03_15-37-29_0000072_labelled_Nougatti_pheeseq_0000020_labelled_mD1.wav,Nougatti,Wuschel,after,non-partner,Odin-Nougatti,10.441226,4.747189,UMAP
1404,after_phees_2022-08-03_15-37-29_0000072_labelled_Nougatti_pheeseq_0000020_labelled_mD2.wav,Nougatti,Wuschel,after,non-partner,Odin-Nougatti,11.736943,4.5755143,UMAP
1405,after_phees_2022-08-03_15-37-29_0000072_labelled_Nougatti_pheeseq_0000020_labelled_mD3.wav,Nougatti,Wuschel,after,non-partner,Odin-Nougatti,6.879381,3.9595668,UMAP
1406,after_phees_2022-08-03_15-37-29_0000072_labelled_Nougatti_pheeseq_0000020_labelled_mD4.wav,Nougatti,Wuschel,after,non-partner,Odin-Nougatti,-4.1441665,4.413775,UMAP
1407,after_phees_2022-08-03_15-37-29_0000072_labelled_Nougatti_pheeseq_0000027_labelled_mB1.wav,Nougatti,Wuschel,after,non-partner,Odin-Nougatti,3.1699135,5.1680565,UMAP
1408,after_phees_2022-08-03_15-37-29_0000072_labelled_Nougatti_pheeseq_0000028_labelled_mB1.wav,Nougatti,Wuschel,after,non-partner,Odin-Nougatti,2.2824824,5.4191184,UMAP
1409,after_phees_2022-08-03_15-37-29_0000072_labelled_Nougatti_pheeseq_0000028_labelled_mB2.wav,Nougatti,Wuschel,after,non-partner,Odin-Nougatti,4.9053783,3.6391315,UMAP
1410,after_phees_2022-08-03_15-37-29_0000072_labelled_Nougatti_pheeseq_0000029_labelled_mB1.wav,Nougatti,Wuschel,after,non-partner,Odin-Nougatti,1.8202938,5.3406725,UMAP
1411,after_phees_2022-08-03_15-37-29_0000072_labelled_Nougatti_pheeseq_0000029_labelled_mB2.wav,Nougatti,Wuschel,after,non-partner,Odin-Nougatti,6.761362,4.2716393,UMAP
1412,after_phees_2022-08-03_15-37-29_0000072_labelled_Nougatti_pheeseq_0000030_labelled_mB1.wav,Nougatti,Wuschel,after,non-partner,Odin-Nougatti,3.0158496,5.345581,UMAP
1413,after_phees_2022-08-03_15-37-29_0000072_labelled_Nougatti_pheeseq_0000030_labelled_mB2.wav,Nougatti,Wuschel,after,non-partner,Odin-Nougatti,7.978866,4.3535347,UMAP
1414,after_phees_2022-08-03_15-37-29_0000072_labelled_Nougatti_pheeseq_0000031_labelled_mC3.wav,Nougatti,Wuschel,after,non-partner,Odin-Nougatti,7.673765,4.3257318,UMAP
1415,after_phees_2022-08-03_15-37-29_0000072_labelled_Nougatti_pheeseq_0000031_labelled_mC4.wav,Nougatti,Wuschel,after,non-partner,Odin-Nougatti,9.329181,4.221261,UMAP
1416,after_phees_2022-08-03_15-37-29_0000072_labelled_Nougatti_pheeseq_0000038_labelled_mB1.wav,Nougatti,Wuschel,after,non-partner,Odin-Nougatti,4.7263937,1.7908938,UMAP
1417,after_phees_2022-08-03_15-37-29_0000072_labelled_Nougatti_pheeseq_0000038_labelled_mB2.wav,Nougatti,Wuschel,after,non-partner,Odin-Nougatti,11.468996,4.0978484,UMAP
1418,after_phees_2022-08-03_15-37-29_0000072_labelled_Nougatti_pheeseq_0000039_labelled_mB1.wav,Nougatti,Wuschel,after,non-partner,Odin-Nougatti,4.8658404,1.645556,UMAP
1419,after_phees_2022-08-03_15-37-29_0000072_labelled_Nougatti_pheeseq_0000039_labelled_mB3.wav,Nougatti,Wuschel,after,non-partner,Odin-Nougatti,10.945029,4.0915833,UMAP
1420,after_phees_2022-08-03_15-37-29_0000072_labelled_Nougatti_pheeseq_0000040_labelled_mB1.wav,Nougatti,Wuschel,after,non-partner,Odin-Nougatti,4.5497594,1.9180851,UMAP
1421,after_phees_2022-08-03_15-37-29_0000072_labelled_Nougatti_pheeseq_0000040_labelled_mB3.wav,Nougatti,Wuschel,after,non-partner,Odin-Nougatti,11.502567,4.14322,UMAP
1422,after_phees_2022-08-03_15-37-29_0000072_labelled_Nougatti_pheeseq_0000041_labelled_mB1.wav,Nougatti,Wuschel,after,non-partner,Odin-Nougatti,3.096805,5.260998,UMAP
1423,after_phees_2022-08-03_15-37-29_0000072_labelled_Nougatti_pheeseq_0000041_labelled_mB2.wav,Nougatti,Wuschel,after,non-partner,Odin-Nougatti,10.521888,4.1216083,UMAP
1424,after_phees_2022-08-03_15-37-29_0000072_labelled_Nougatti_pheeseq_0000042_labelled_mB1.wav,Nougatti,Wuschel,after,non-partner,Odin-Nougatti,5.329425,1.1580215,UMAP
1425,after_phees_2022-08-03_15-37-29_0000072_labelled_Nougatti_pheeseq_0000042_labelled_mB2.wav,Nougatti,Wuschel,after,non-partner,Odin-Nougatti,11.765306,4.2709804,UMAP
1426,after_phees_2022-08-03_15-37-29_0000072_labelled_Nougatti_pheeseq_0000043_labelled_mB1.wav,Nougatti,Wuschel,after,non-partner,Odin-Nougatti,8.85312,1.3709786,UMAP
1427,after_phees_2022-08-03_15-37-29_0000072_labelled_Nougatti_pheeseq_0000043_labelled_mB2.wav,Nougatti,Wuschel,after,non-partner,Odin-Nougatti,12.411429,4.0695915,UMAP
1428,after_phees_2022-08-03_15-37-29_0000072_labelled_Nougatti_pheeseq_0000044_labelled_mB1.wav,Nougatti,Wuschel,after,non-partner,Odin-Nougatti,4.6754766,2.0580034,UMAP
1429,after_phees_2022-08-03_15-37-29_0000072_labelled_Nougatti_pheeseq_0000044_labelled_mB2.wav,Nougatti,Wuschel,after,non-partner,Odin-Nougatti,11.808802,4.268086,UMAP
1430,after_phees_2022-08-03_15-37-29_0000072_labelled_Nougatti_pheeseq_0000045_labelled_mB1.wav,Nougatti,Wuschel,after,non-partner,Odin-Nougatti,5.189918,1.2755139,UMAP
1431,after_phees_2022-08-03_15-37-29_0000072_labelled_Nougatti_pheeseq_0000045_labelled_mB3.wav,Nougatti,Wuschel,after,non-partner,Odin-Nougatti,11.75457,4.0981708,UMAP
1432,after_phees_2022-08-03_15-37-29_0000072_labelled_Nougatti_pheeseq_0000048_labelled_mB1.wav,Nougatti,Wuschel,after,non-partner,Odin-Nougatti,7.368525,0.9298304,UMAP
1433,after_phees_2022-08-03_15-37-29_0000072_labelled_Nougatti_pheeseq_0000048_labelled_mB2.wav,Nougatti,Wuschel,after,non-partner,Odin-Nougatti,10.503209,3.6176715,UMAP
1434,after_phees_2022-08-03_15-37-29_0000072_labelled_Nougatti_pheeseq_0000050_labelled_mB1.wav,Nougatti,Wuschel,after,non-partner,Odin-Nougatti,4.6644187,1.7449229,UMAP
1435,after_phees_2022-08-03_15-37-29_0000072_labelled_Nougatti_pheeseq_0000050_labelled_mB3.wav,Nougatti,Wuschel,after,non-partner,Odin-Nougatti,10.645617,4.1507974,UMAP
1436,after_phees_2022-08-03_15-37-29_0000072_labelled_Nougatti_pheeseq_0000053_labelled_mC1.wav,Nougatti,Wuschel,after,non-partner,Odin-Nougatti,8.458907,3.7662814,UMAP
1437,after_phees_2022-08-03_15-37-29_0000072_labelled_Nougatti_pheeseq_0000053_labelled_mC2.wav,Nougatti,Wuschel,after,non-partner,Odin-Nougatti,12.329608,4.0460095,UMAP
1438,after_phees_2022-08-03_15-37-29_0000072_labelled_Nougatti_pheeseq_0000053_labelled_mC3.wav,Nougatti,Wuschel,after,non-partner,Odin-Nougatti,9.797985,4.581067,UMAP
1439,after_phees_2022-08-03_15-37-29_0000072_labelled_Wuschel_pheeseq_0000005_labelled_mB1.wav,Wuschel,Nougatti,after,non-partner,Wuschel-Olympia,-0.18005382,5.109085,UMAP
1440,after_phees_2022-08-03_15-37-29_0000072_labelled_Wuschel_pheeseq_0000005_labelled_mB2.wav,Wuschel,Nougatti,after,non-partner,Wuschel-Olympia,0.6818507,4.767865,UMAP
1441,after_phees_2022-08-03_15-37-29_0000072_labelled_Wuschel_pheeseq_0000012_labelled_mB1.wav,Wuschel,Nougatti,after,non-partner,Wuschel-Olympia,-3.80533,4.444826,UMAP
1442,after_phees_2022-08-03_15-37-29_0000072_labelled_Wuschel_pheeseq_0000012_labelled_mB2.wav,Wuschel,Nougatti,after,non-partner,Wuschel-Olympia,1.9603937,4.2438755,UMAP
1443,after_phees_2022-08-03_15-37-29_0000072_labelled_Wuschel_pheeseq_0000013_labelled_mB1.wav,Wuschel,Nougatti,after,non-partner,Wuschel-Olympia,-2.0268238,3.9001975,UMAP
1444,after_phees_2022-08-03_15-37-29_0000072_labelled_Wuschel_pheeseq_0000013_labelled_mB2.wav,Wuschel,Nougatti,after,non-partner,Wuschel-Olympia,0.39324057,4.512882,UMAP
1445,after_phees_2022-08-03_15-37-29_0000072_labelled_Wuschel_pheeseq_0000014_labelled_mC1.wav,Wuschel,Nougatti,after,non-partner,Wuschel-Olympia,-3.6260083,4.061868,UMAP
1446,after_phees_2022-08-03_15-37-29_0000072_labelled_Wuschel_pheeseq_0000014_labelled_mC2.wav,Wuschel,Nougatti,after,non-partner,Wuschel-Olympia,-2.2025282,4.0770354,UMAP
1447,after_phees_2022-08-03_15-37-29_0000072_labelled_Wuschel_pheeseq_0000014_labelled_mC3.wav,Wuschel,Nougatti,after,non-partner,Wuschel-Olympia,-3.5129628,4.7264695,UMAP
1448,after_phees_2022-08-04_09-19-19_0000073_labelled_Nougatti_pheeseq_0000023_labelled_mB1.wav,Nougatti,Tabor,after,non-partner,Odin-Nougatti,2.8727198,5.269069,UMAP
1449,after_phees_2022-08-04_09-19-19_0000073_labelled_Nougatti_pheeseq_0000023_labelled_mB3.wav,Nougatti,Tabor,after,non-partner,Odin-Nougatti,7.3368607,4.0187874,UMAP
1450,after_phees_2022-08-04_09-19-19_0000073_labelled_Nougatti_pheeseq_0000024_labelled_mB1.wav,Nougatti,Tabor,after,non-partner,Odin-Nougatti,3.466377,5.0317335,UMAP
1451,after_phees_2022-08-04_09-19-19_0000073_labelled_Nougatti_pheeseq_0000024_labelled_mB3.wav,Nougatti,Tabor,after,non-partner,Odin-Nougatti,8.460873,3.7658684,UMAP
1452,after_phees_2022-08-04_09-19-19_0000073_labelled_Nougatti_pheeseq_0000025_labelled_mB1.wav,Nougatti,Tabor,after,non-partner,Odin-Nougatti,3.3310676,5.1907864,UMAP
1453,after_phees_2022-08-04_09-19-19_0000073_labelled_Nougatti_pheeseq_0000025_labelled_mB3.wav,Nougatti,Tabor,after,non-partner,Odin-Nougatti,9.020225,3.8110204,UMAP
1454,after_phees_2022-08-04_09-19-19_0000073_labelled_Tabor_pheeseq_0000003_labelled_mB1.wav,Tabor,Nougatti,after,non-partner,Tabor-Lola,6.2280774,2.01105,UMAP
1455,after_phees_2022-08-04_09-19-19_0000073_labelled_Tabor_pheeseq_0000003_labelled_mB2.wav,Tabor,Nougatti,after,non-partner,Tabor-Lola,1.9929912,4.58602,UMAP
1456,after_phees_2022-08-04_09-19-19_0000073_labelled_Tabor_pheeseq_0000005_labelled_mD1.wav,Tabor,Nougatti,after,non-partner,Tabor-Lola,4.243479,3.570131,UMAP
1457,after_phees_2022-08-04_09-19-19_0000073_labelled_Tabor_pheeseq_0000005_labelled_mD5.wav,Tabor,Nougatti,after,non-partner,Tabor-Lola,3.9244516,3.606588,UMAP
1458,after_phees_2022-08-04_09-19-19_0000073_labelled_Tabor_pheeseq_0000005_labelled_mD6.wav,Tabor,Nougatti,after,non-partner,Tabor-Lola,0.05935583,3.975771,UMAP
1459,after_phees_2022-08-04_09-19-19_0000073_labelled_Tabor_pheeseq_0000005_labelled_mD7.wav,Tabor,Nougatti,after,non-partner,Tabor-Lola,-4.250282,4.62122,UMAP
1460,after_phees_2022-08-04_09-19-19_0000073_labelled_Tabor_pheeseq_0000006_labelled_mC1.wav,Tabor,Nougatti,after,non-partner,Tabor-Lola,5.4730444,3.110209,UMAP
1461,after_phees_2022-08-04_09-19-19_0000073_labelled_Tabor_pheeseq_0000006_labelled_mC3.wav,Tabor,Nougatti,after,non-partner,Tabor-Lola,5.450079,3.852849,UMAP
1462,after_phees_2022-08-04_09-19-19_0000073_labelled_Tabor_pheeseq_0000006_labelled_mC4.wav,Tabor,Nougatti,after,non-partner,Tabor-Lola,-0.9941344,4.0614595,UMAP
1463,after_phees_2022-08-04_09-19-19_0000073_labelled_Tabor_pheeseq_0000007_labelled_mC1.wav,Tabor,Nougatti,after,non-partner,Tabor-Lola,6.274928,1.9867256,UMAP
1464,after_phees_2022-08-04_09-19-19_0000073_labelled_Tabor_pheeseq_0000007_labelled_mC2.wav,Tabor,Nougatti,after,non-partner,Tabor-Lola,7.789877,3.8689184,UMAP
1465,after_phees_2022-08-04_09-19-19_0000073_labelled_Tabor_pheeseq_0000007_labelled_mC3.wav,Tabor,Nougatti,after,non-partner,Tabor-Lola,1.3707672,4.467813,UMAP
1466,after_phees_2022-08-04_09-19-19_0000073_labelled_Tabor_pheeseq_0000008_labelled_mC1.wav,Tabor,Nougatti,after,non-partner,Tabor-Lola,6.603826,2.4441845,UMAP
1467,after_phees_2022-08-04_09-19-19_0000073_labelled_Tabor_pheeseq_0000008_labelled_mC2.wav,Tabor,Nougatti,after,non-partner,Tabor-Lola,8.941631,3.6252265,UMAP
1468,after_phees_2022-08-04_09-19-19_0000073_labelled_Tabor_pheeseq_0000008_labelled_mC3.wav,Tabor,Nougatti,after,non-partner,Tabor-Lola,0.8504615,4.414759,UMAP
1469,after_phees_2022-08-04_09-19-19_0000073_labelled_Tabor_pheeseq_0000009_labelled_mD1.wav,Tabor,Nougatti,after,non-partner,Tabor-Lola,9.0000925,2.2452486,UMAP
1470,after_phees_2022-08-04_09-19-19_0000073_labelled_Tabor_pheeseq_0000009_labelled_mD2.wav,Tabor,Nougatti,after,non-partner,Tabor-Lola,7.830602,3.9234717,UMAP
1471,after_phees_2022-08-04_09-19-19_0000073_labelled_Tabor_pheeseq_0000009_labelled_mD3.wav,Tabor,Nougatti,after,non-partner,Tabor-Lola,4.1891336,3.5899715,UMAP
1472,after_phees_2022-08-04_09-19-19_0000073_labelled_Tabor_pheeseq_0000009_labelled_mD4.wav,Tabor,Nougatti,after,non-partner,Tabor-Lola,-1.022706,4.0591655,UMAP
1473,after_phees_2022-08-04_09-19-19_0000073_labelled_Tabor_pheeseq_0000010_labelled_mC1.wav,Tabor,Nougatti,after,non-partner,Tabor-Lola,8.65222,2.3697097,UMAP
1474,after_phees_2022-08-04_09-19-19_0000073_labelled_Tabor_pheeseq_0000010_labelled_mC3.wav,Tabor,Nougatti,after,non-partner,Tabor-Lola,7.8372617,3.1005108,UMAP
1475,after_phees_2022-08-04_09-19-19_0000073_labelled_Tabor_pheeseq_0000010_labelled_mC4.wav,Tabor,Nougatti,after,non-partner,Tabor-Lola,3.6995711,3.2305465,UMAP
1476,after_phees_2022-08-04_09-19-19_0000073_labelled_Tabor_pheeseq_0000011_labelled_mC1.wav,Tabor,Nougatti,after,non-partner,Tabor-Lola,5.9830694,2.4861882,UMAP
1477,after_phees_2022-08-04_09-19-19_0000073_labelled_Tabor_pheeseq_0000011_labelled_mC4.wav,Tabor,Nougatti,after,non-partner,Tabor-Lola,7.7499905,3.2579553,UMAP
1478,after_phees_2022-08-04_09-19-19_0000073_labelled_Tabor_pheeseq_0000011_labelled_mC5.wav,Tabor,Nougatti,after,non-partner,Tabor-Lola,0.96252847,4.3331013,UMAP
1479,after_phees_2022-08-04_09-19-19_0000073_labelled_Tabor_pheeseq_0000012_labelled_mD1.wav,Tabor,Nougatti,after,non-partner,Tabor-Lola,5.7451773,2.3062942,UMAP
1480,after_phees_2022-08-04_09-19-19_0000073_labelled_Tabor_pheeseq_0000012_labelled_mD4.wav,Tabor,Nougatti,after,non-partner,Tabor-Lola,7.6389112,3.247205,UMAP
1481,after_phees_2022-08-04_09-19-19_0000073_labelled_Tabor_pheeseq_0000012_labelled_mD5.wav,Tabor,Nougatti,after,non-partner,Tabor-Lola,3.450967,3.2092195,UMAP
1482,after_phees_2022-08-04_09-19-19_0000073_labelled_Tabor_pheeseq_0000026_labelled_mC1.wav,Tabor,Nougatti,after,non-partner,Tabor-Lola,0.9823094,4.831034,UMAP
1483,after_phees_2022-08-04_09-19-19_0000073_labelled_Tabor_pheeseq_0000026_labelled_mC2.wav,Tabor,Nougatti,after,non-partner,Tabor-Lola,0.40034726,4.1912208,UMAP
1484,after_phees_2022-08-04_09-19-19_0000073_labelled_Tabor_pheeseq_0000026_labelled_mC3.wav,Tabor,Nougatti,after,non-partner,Tabor-Lola,-2.9377463,4.9308662,UMAP
1485,after_phees_2022-08-04_10-08-00_0000075_labelled_Lola_pheeseq_0000002_labelled_mB1.wav,Lola,Odin,after,non-partner,Tabor-Lola,5.7496133,1.7959915,UMAP
1486,after_phees_2022-08-04_10-08-00_0000075_labelled_Lola_pheeseq_0000002_labelled_mB2.wav,Lola,Odin,after,non-partner,Tabor-Lola,6.8848476,1.6133919,UMAP
1487,after_phees_2022-08-04_10-08-00_0000075_labelled_Lola_pheeseq_0000044_labelled_mB1.wav,Lola,Odin,after,non-partner,Tabor-Lola,5.8064237,1.63462,UMAP
1488,after_phees_2022-08-04_10-08-00_0000075_labelled_Lola_pheeseq_0000044_labelled_mB2.wav,Lola,Odin,after,non-partner,Tabor-Lola,7.6272526,1.2615405,UMAP
1489,after_phees_2022-08-04_10-08-00_0000075_labelled_Lola_pheeseq_0000052_labelled_mB1.wav,Lola,Odin,after,non-partner,Tabor-Lola,6.1543264,1.162367,UMAP
1490,after_phees_2022-08-04_10-08-00_0000075_labelled_Lola_pheeseq_0000052_labelled_mB2.wav,Lola,Odin,after,non-partner,Tabor-Lola,9.11392,1.2354051,UMAP
1491,after_phees_2022-08-04_10-08-00_0000075_labelled_Lola_pheeseq_0000053_labelled_mC1.wav,Lola,Odin,after,non-partner,Tabor-Lola,5.4370756,1.5839846,UMAP
1492,after_phees_2022-08-04_10-08-00_0000075_labelled_Lola_pheeseq_0000053_labelled_mC2.wav,Lola,Odin,after,non-partner,Tabor-Lola,6.8194838,0.7976127,UMAP
1493,after_phees_2022-08-04_10-08-00_0000075_labelled_Lola_pheeseq_0000053_labelled_mC3.wav,Lola,Odin,after,non-partner,Tabor-Lola,9.224777,1.4362636,UMAP
1494,after_phees_2022-08-04_10-08-00_0000075_labelled_Lola_pheeseq_0000054_labelled_mC1.wav,Lola,Odin,after,non-partner,Tabor-Lola,6.074025,1.1341203,UMAP
1495,after_phees_2022-08-04_10-08-00_0000075_labelled_Lola_pheeseq_0000054_labelled_mC2.wav,Lola,Odin,after,non-partner,Tabor-Lola,8.57585,0.72230273,UMAP
1496,after_phees_2022-08-04_10-08-00_0000075_labelled_Lola_pheeseq_0000054_labelled_mC3.wav,Lola,Odin,after,non-partner,Tabor-Lola,10.224691,1.6854701,UMAP
1497,after_phees_2022-08-04_10-08-00_0000075_labelled_Lola_pheeseq_0000055_labelled_mC1.wav,Lola,Odin,after,non-partner,Tabor-Lola,7.16181,0.7064738,UMAP
1498,after_phees_2022-08-04_10-08-00_0000075_labelled_Lola_pheeseq_0000055_labelled_mC2.wav,Lola,Odin,after,non-partner,Tabor-Lola,9.527568,1.0608871,UMAP
1499,after_phees_2022-08-04_10-08-00_0000075_labelled_Lola_pheeseq_0000055_labelled_mC3.wav,Lola,Odin,after,non-partner,Tabor-Lola,8.841958,0.78696007,UMAP
1500,after_phees_2022-08-04_10-08-00_0000075_labelled_Lola_pheeseq_0000056_labelled_mB1.wav,Lola,Odin,after,non-partner,Tabor-Lola,7.0499597,0.7912208,UMAP
1501,after_phees_2022-08-04_10-08-00_0000075_labelled_Lola_pheeseq_0000056_labelled_mB2.wav,Lola,Odin,after,non-partner,Tabor-Lola,13.332007,1.7787433,UMAP
1502,after_phees_2022-08-04_10-08-00_0000075_labelled_Odin_pheeseq_0000042_labelled_mB1.wav,Odin,Lola,after,non-partner,Odin-Nougatti,6.6204505,3.2452655,UMAP
1503,after_phees_2022-08-04_10-08-00_0000075_labelled_Odin_pheeseq_0000042_labelled_mB2.wav,Odin,Lola,after,non-partner,Odin-Nougatti,-0.5329933,4.087584,UMAP
1504,after_phees_2022-08-04_10-08-00_0000075_labelled_Odin_pheeseq_0000043_labelled_mC2.wav,Odin,Lola,after,non-partner,Odin-Nougatti,7.0484653,2.500288,UMAP
1505,after_phees_2022-08-04_10-08-00_0000075_labelled_Odin_pheeseq_0000043_labelled_mC3.wav,Odin,Lola,after,non-partner,Odin-Nougatti,2.0106435,4.6181464,UMAP
1506,after_phees_2022-08-04_10-08-00_0000075_labelled_Odin_pheeseq_0000045_labelled_mB1.wav,Odin,Lola,after,non-partner,Odin-Nougatti,7.022785,2.3862662,UMAP
1507,after_phees_2022-08-04_10-08-00_0000075_labelled_Odin_pheeseq_0000045_labelled_mB2.wav,Odin,Lola,after,non-partner,Odin-Nougatti,0.9451192,4.590738,UMAP
1508,after_phees_2022-08-04_10-08-00_0000075_labelled_Odin_pheeseq_0000046_labelled_mC2.wav,Odin,Lola,after,non-partner,Odin-Nougatti,8.927165,2.4040334,UMAP
1509,after_phees_2022-08-04_10-08-00_0000075_labelled_Odin_pheeseq_0000046_labelled_mC3.wav,Odin,Lola,after,non-partner,Odin-Nougatti,-2.675396,4.8037634,UMAP
1510,after_phees_2022-08-04_10-08-00_0000075_labelled_Odin_pheeseq_0000047_labelled_mB1.wav,Odin,Lola,after,non-partner,Odin-Nougatti,8.189588,1.891847,UMAP
1511,after_phees_2022-08-04_10-08-00_0000075_labelled_Odin_pheeseq_0000047_labelled_mB2.wav,Odin,Lola,after,non-partner,Odin-Nougatti,8.048236,2.7908113,UMAP
1512,after_phees_2022-08-04_10-08-00_0000075_labelled_Odin_pheeseq_0000048_labelled_mC1.wav,Odin,Lola,after,non-partner,Odin-Nougatti,5.773324,4.284486,UMAP
1513,after_phees_2022-08-04_10-08-00_0000075_labelled_Odin_pheeseq_0000048_labelled_mC2.wav,Odin,Lola,after,non-partner,Odin-Nougatti,9.567526,3.9245334,UMAP
1514,after_phees_2022-08-04_10-08-00_0000075_labelled_Odin_pheeseq_0000048_labelled_mC3.wav,Odin,Lola,after,non-partner,Odin-Nougatti,0.17249697,3.646467,UMAP
1515,after_phees_2022-08-04_10-08-00_0000075_labelled_Odin_pheeseq_0000049_labelled_mB1.wav,Odin,Lola,after,non-partner,Odin-Nougatti,5.4953604,3.5749156,UMAP
1516,after_phees_2022-08-04_10-08-00_0000075_labelled_Odin_pheeseq_0000049_labelled_mB2.wav,Odin,Lola,after,non-partner,Odin-Nougatti,9.712075,4.0079927,UMAP
1517,after_phees_2022-08-04_10-08-00_0000075_labelled_Odin_pheeseq_0000050_labelled_mB1.wav,Odin,Lola,after,non-partner,Odin-Nougatti,10.698645,2.1177366,UMAP
1518,after_phees_2022-08-04_10-08-00_0000075_labelled_Odin_pheeseq_0000050_labelled_mB2.wav,Odin,Lola,after,non-partner,Odin-Nougatti,6.3123693,2.43483,UMAP
1519,after_phees_2022-08-04_10-49-31_0000076_labelled_Lola_pheeseq_0000045_labelled_mB1.wav,Lola,Tabor,after,partner,Tabor-Lola,6.2529125,1.180926,UMAP
1520,after_phees_2022-08-04_10-49-31_0000076_labelled_Lola_pheeseq_0000045_labelled_mB2.wav,Lola,Tabor,after,partner,Tabor-Lola,7.777985,1.0474135,UMAP
1521,after_phees_2022-08-04_10-49-31_0000076_labelled_Lola_pheeseq_0000046_labelled_mB1.wav,Lola,Tabor,after,partner,Tabor-Lola,6.5674367,1.0402166,UMAP
1522,after_phees_2022-08-04_10-49-31_0000076_labelled_Lola_pheeseq_0000046_labelled_mB2.wav,Lola,Tabor,after,partner,Tabor-Lola,12.300276,2.2258902,UMAP
1523,after_phees_2022-08-08_10-34-29_0000077_labelled_Olympia_pheeseq_0000002_labelled_mB2.wav,Olympia,Wuschel,after,partner,Wuschel-Olympia,-2.4747236,4.717354,UMAP
1524,after_phees_2022-08-08_10-34-29_0000077_labelled_Olympia_pheeseq_0000009_labelled_mB2.wav,Olympia,Wuschel,after,partner,Wuschel-Olympia,0.4095087,4.413941,UMAP
1525,after_phees_2022-08-08_10-34-29_0000077_labelled_Olympia_pheeseq_0000017_labelled_mB1.wav,Olympia,Wuschel,after,partner,Wuschel-Olympia,-1.7406734,5.0907626,UMAP
1526,after_phees_2022-08-08_10-34-29_0000077_labelled_Olympia_pheeseq_0000017_labelled_mB2.wav,Olympia,Wuschel,after,partner,Wuschel-Olympia,4.678635,4.103718,UMAP
1527,after_phees_2022-08-08_11-01-43_0000078_labelled_Lola_pheeseq_0000002_labelled_mD1.wav,Lola,Wuschel,after,non-partner,Tabor-Lola,8.344255,0.5224719,UMAP
1528,after_phees_2022-08-08_11-01-43_0000078_labelled_Lola_pheeseq_0000002_labelled_mD2.wav,Lola,Wuschel,after,non-partner,Tabor-Lola,9.552874,0.7191392,UMAP
1529,after_phees_2022-08-08_11-01-43_0000078_labelled_Lola_pheeseq_0000003_labelled_mD2.wav,Lola,Wuschel,after,non-partner,Tabor-Lola,9.419234,0.64605135,UMAP
1530,after_phees_2022-08-08_11-01-43_0000078_labelled_Lola_pheeseq_0000003_labelled_mD3.wav,Lola,Wuschel,after,non-partner,Tabor-Lola,11.374842,1.8913566,UMAP
1531,after_phees_2022-08-08_11-01-43_0000078_labelled_Lola_pheeseq_0000004_labelled_mB1.wav,Lola,Wuschel,after,non-partner,Tabor-Lola,7.1405716,0.905621,UMAP
1532,after_phees_2022-08-08_11-01-43_0000078_labelled_Lola_pheeseq_0000004_labelled_mB2.wav,Lola,Wuschel,after,non-partner,Tabor-Lola,12.772522,2.0600183,UMAP
1533,after_phees_2022-08-08_11-01-43_0000078_labelled_Lola_pheeseq_0000005_labelled_mC1.wav,Lola,Wuschel,after,non-partner,Tabor-Lola,8.192995,0.7796144,UMAP
1534,after_phees_2022-08-08_11-01-43_0000078_labelled_Lola_pheeseq_0000005_labelled_mC2.wav,Lola,Wuschel,after,non-partner,Tabor-Lola,11.578273,1.2938737,UMAP
1535,after_phees_2022-08-08_11-01-43_0000078_labelled_Lola_pheeseq_0000005_labelled_mC3.wav,Lola,Wuschel,after,non-partner,Tabor-Lola,7.9808297,0.8253617,UMAP
1536,after_phees_2022-08-08_11-01-43_0000078_labelled_Lola_pheeseq_0000007_labelled_mB1.wav,Lola,Wuschel,after,non-partner,Tabor-Lola,10.721181,0.4100737,UMAP
1537,after_phees_2022-08-08_11-01-43_0000078_labelled_Lola_pheeseq_0000007_labelled_mB2.wav,Lola,Wuschel,after,non-partner,Tabor-Lola,11.582596,1.0821105,UMAP
1538,after_phees_2022-08-08_11-01-43_0000078_labelled_Lola_pheeseq_0000012_labelled_mB1.wav,Lola,Wuschel,after,non-partner,Tabor-Lola,10.871368,0.50751674,UMAP
1539,after_phees_2022-08-08_11-01-43_0000078_labelled_Lola_pheeseq_0000012_labelled_mB2.wav,Lola,Wuschel,after,non-partner,Tabor-Lola,11.532897,1.0583316,UMAP
1540,after_phees_2022-08-08_11-01-43_0000078_labelled_Lola_pheeseq_0000013_labelled_mC1.wav,Lola,Wuschel,after,non-partner,Tabor-Lola,8.866951,0.93417794,UMAP
1541,after_phees_2022-08-08_11-01-43_0000078_labelled_Lola_pheeseq_0000013_labelled_mC2.wav,Lola,Wuschel,after,non-partner,Tabor-Lola,11.811945,1.4150404,UMAP
1542,after_phees_2022-08-08_11-01-43_0000078_labelled_Lola_pheeseq_0000013_labelled_mC3.wav,Lola,Wuschel,after,non-partner,Tabor-Lola,10.6807375,1.7465085,UMAP
1543,after_phees_2022-08-08_11-01-43_0000078_labelled_Lola_pheeseq_0000014_labelled_mC1.wav,Lola,Wuschel,after,non-partner,Tabor-Lola,8.296052,0.7152894,UMAP
1544,after_phees_2022-08-08_11-01-43_0000078_labelled_Lola_pheeseq_0000014_labelled_mC2.wav,Lola,Wuschel,after,non-partner,Tabor-Lola,12.467891,1.6846747,UMAP
1545,after_phees_2022-08-08_11-01-43_0000078_labelled_Lola_pheeseq_0000014_labelled_mC3.wav,Lola,Wuschel,after,non-partner,Tabor-Lola,13.539077,1.7372993,UMAP
1546,after_phees_2022-08-08_11-01-43_0000078_labelled_Lola_pheeseq_0000015_labelled_mC1.wav,Lola,Wuschel,after,non-partner,Tabor-Lola,8.646748,0.65378577,UMAP
1547,after_phees_2022-08-08_11-01-43_0000078_labelled_Lola_pheeseq_0000015_labelled_mC3.wav,Lola,Wuschel,after,non-partner,Tabor-Lola,11.675211,1.7680192,UMAP
1548,after_phees_2022-08-08_11-01-43_0000078_labelled_Lola_pheeseq_0000016_labelled_mC1.wav,Lola,Wuschel,after,non-partner,Tabor-Lola,9.184949,0.6773668,UMAP
1549,after_phees_2022-08-08_11-01-43_0000078_labelled_Lola_pheeseq_0000016_labelled_mC2.wav,Lola,Wuschel,after,non-partner,Tabor-Lola,11.910949,1.0924217,UMAP
1550,after_phees_2022-08-08_11-01-43_0000078_labelled_Lola_pheeseq_0000021_labelled_mC1.wav,Lola,Wuschel,after,non-partner,Tabor-Lola,11.153948,0.6514706,UMAP
1551,after_phees_2022-08-08_11-01-43_0000078_labelled_Lola_pheeseq_0000021_labelled_mC2.wav,Lola,Wuschel,after,non-partner,Tabor-Lola,13.339151,0.9342646,UMAP
1552,after_phees_2022-08-08_11-01-43_0000078_labelled_Lola_pheeseq_0000021_labelled_mC3.wav,Lola,Wuschel,after,non-partner,Tabor-Lola,13.862001,1.415675,UMAP
1553,after_phees_2022-08-08_11-01-43_0000078_labelled_Lola_pheeseq_0000024_labelled_mC1.wav,Lola,Wuschel,after,non-partner,Tabor-Lola,11.098704,0.62040347,UMAP
1554,after_phees_2022-08-08_11-01-43_0000078_labelled_Lola_pheeseq_0000024_labelled_mC2.wav,Lola,Wuschel,after,non-partner,Tabor-Lola,13.346873,0.9180787,UMAP
1555,after_phees_2022-08-08_11-01-43_0000078_labelled_Lola_pheeseq_0000024_labelled_mC3.wav,Lola,Wuschel,after,non-partner,Tabor-Lola,10.415203,0.51774347,UMAP
1556,after_phees_2022-08-08_11-01-43_0000078_labelled_Lola_pheeseq_0000029_labelled_mC1.wav,Lola,Wuschel,after,non-partner,Tabor-Lola,11.042757,0.6205432,UMAP
1557,after_phees_2022-08-08_11-01-43_0000078_labelled_Lola_pheeseq_0000029_labelled_mC2.wav,Lola,Wuschel,after,non-partner,Tabor-Lola,12.873145,0.84372365,UMAP
1558,after_phees_2022-08-08_11-01-43_0000078_labelled_Lola_pheeseq_0000029_labelled_mC3.wav,Lola,Wuschel,after,non-partner,Tabor-Lola,12.658143,1.5249721,UMAP
1559,after_phees_2022-08-08_11-01-43_0000078_labelled_Lola_pheeseq_0000030_labelled_mC1.wav,Lola,Wuschel,after,non-partner,Tabor-Lola,10.47726,0.7374695,UMAP
1560,after_phees_2022-08-08_11-01-43_0000078_labelled_Lola_pheeseq_0000030_labelled_mC2.wav,Lola,Wuschel,after,non-partner,Tabor-Lola,13.159085,0.9371385,UMAP
1561,after_phees_2022-08-08_11-01-43_0000078_labelled_Lola_pheeseq_0000030_labelled_mC3.wav,Lola,Wuschel,after,non-partner,Tabor-Lola,13.041096,1.6016986,UMAP
1562,after_phees_2022-08-08_11-01-43_0000078_labelled_Lola_pheeseq_0000041_labelled_mB1.wav,Lola,Wuschel,after,non-partner,Tabor-Lola,8.446282,0.6530686,UMAP
1563,after_phees_2022-08-08_11-01-43_0000078_labelled_Lola_pheeseq_0000041_labelled_mB2.wav,Lola,Wuschel,after,non-partner,Tabor-Lola,11.700425,1.7927889,UMAP
1564,after_phees_2022-08-08_11-01-43_0000078_labelled_Lola_pheeseq_0000042_labelled_mB1.wav,Lola,Wuschel,after,non-partner,Tabor-Lola,8.2562685,0.6382362,UMAP
1565,after_phees_2022-08-08_11-01-43_0000078_labelled_Lola_pheeseq_0000042_labelled_mB2.wav,Lola,Wuschel,after,non-partner,Tabor-Lola,12.114656,1.849274,UMAP
1566,after_phees_2022-08-08_11-01-43_0000078_labelled_Lola_pheeseq_0000043_labelled_mC1.wav,Lola,Wuschel,after,non-partner,Tabor-Lola,9.588679,0.70805335,UMAP
1567,after_phees_2022-08-08_11-01-43_0000078_labelled_Lola_pheeseq_0000043_labelled_mC2.wav,Lola,Wuschel,after,non-partner,Tabor-Lola,11.988819,1.3553855,UMAP
1568,after_phees_2022-08-08_11-01-43_0000078_labelled_Lola_pheeseq_0000043_labelled_mC3.wav,Lola,Wuschel,after,non-partner,Tabor-Lola,12.825035,1.6052374,UMAP
1569,after_phees_2022-08-08_11-01-43_0000078_labelled_Lola_pheeseq_0000046_labelled_mC1.wav,Lola,Wuschel,after,non-partner,Tabor-Lola,8.754159,0.72731185,UMAP
1570,after_phees_2022-08-08_11-01-43_0000078_labelled_Lola_pheeseq_0000046_labelled_mC2.wav,Lola,Wuschel,after,non-partner,Tabor-Lola,12.067617,1.2813227,UMAP
1571,after_phees_2022-08-08_11-01-43_0000078_labelled_Lola_pheeseq_0000046_labelled_mC3.wav,Lola,Wuschel,after,non-partner,Tabor-Lola,13.073183,1.436162,UMAP
1572,after_phees_2022-08-08_11-01-43_0000078_labelled_Lola_pheeseq_0000047_labelled_mC1.wav,Lola,Wuschel,after,non-partner,Tabor-Lola,10.531478,0.6216014,UMAP
1573,after_phees_2022-08-08_11-01-43_0000078_labelled_Lola_pheeseq_0000047_labelled_mC2.wav,Lola,Wuschel,after,non-partner,Tabor-Lola,13.330132,1.1257775,UMAP
1574,after_phees_2022-08-08_11-01-43_0000078_labelled_Lola_pheeseq_0000047_labelled_mC3.wav,Lola,Wuschel,after,non-partner,Tabor-Lola,12.9834385,1.626459,UMAP
1575,after_phees_2022-08-08_11-01-43_0000078_labelled_Lola_pheeseq_0000052_labelled_mB1.wav,Lola,Wuschel,after,non-partner,Tabor-Lola,10.823802,0.5702057,UMAP
1576,after_phees_2022-08-08_11-01-43_0000078_labelled_Lola_pheeseq_0000052_labelled_mB2.wav,Lola,Wuschel,after,non-partner,Tabor-Lola,12.954388,1.1128744,UMAP
1577,after_phees_2022-08-08_11-01-43_0000078_labelled_Lola_pheeseq_0000053_labelled_mB1.wav,Lola,Wuschel,after,non-partner,Tabor-Lola,11.159964,0.88244313,UMAP
1578,after_phees_2022-08-08_11-01-43_0000078_labelled_Lola_pheeseq_0000053_labelled_mB2.wav,Lola,Wuschel,after,non-partner,Tabor-Lola,13.304607,1.0297401,UMAP
1579,after_phees_2022-08-08_11-01-43_0000078_labelled_Lola_pheeseq_0000054_labelled_mC1.wav,Lola,Wuschel,after,non-partner,Tabor-Lola,10.212817,1.0593754,UMAP
1580,after_phees_2022-08-08_11-01-43_0000078_labelled_Lola_pheeseq_0000054_labelled_mC2.wav,Lola,Wuschel,after,non-partner,Tabor-Lola,13.508188,1.2608125,UMAP
1581,after_phees_2022-08-08_11-01-43_0000078_labelled_Lola_pheeseq_0000054_labelled_mC3.wav,Lola,Wuschel,after,non-partner,Tabor-Lola,13.771237,1.5908766,UMAP
1582,after_phees_2022-08-08_11-01-43_0000078_labelled_Lola_pheeseq_0000055_labelled_mC1.wav,Lola,Wuschel,after,non-partner,Tabor-Lola,10.539973,0.88109225,UMAP
1583,after_phees_2022-08-08_11-01-43_0000078_labelled_Lola_pheeseq_0000055_labelled_mC2.wav,Lola,Wuschel,after,non-partner,Tabor-Lola,13.902448,1.3133548,UMAP
1584,after_phees_2022-08-08_11-01-43_0000078_labelled_Lola_pheeseq_0000055_labelled_mC3.wav,Lola,Wuschel,after,non-partner,Tabor-Lola,13.853774,1.5775292,UMAP
1585,after_phees_2022-08-08_11-01-43_0000078_labelled_Lola_pheeseq_0000056_labelled_mB1.wav,Lola,Wuschel,after,non-partner,Tabor-Lola,11.514965,0.99461377,UMAP
1586,after_phees_2022-08-08_11-01-43_0000078_labelled_Lola_pheeseq_0000056_labelled_mB2.wav,Lola,Wuschel,after,non-partner,Tabor-Lola,13.397188,1.3092289,UMAP
1587,after_phees_2022-08-08_11-01-43_0000078_labelled_Lola_pheeseq_0000057_labelled_mB1.wav,Lola,Wuschel,after,non-partner,Tabor-Lola,10.646067,0.5739627,UMAP
1588,after_phees_2022-08-08_11-01-43_0000078_labelled_Lola_pheeseq_0000057_labelled_mB2.wav,Lola,Wuschel,after,non-partner,Tabor-Lola,13.143969,1.3368967,UMAP
1589,after_phees_2022-08-08_11-01-43_0000078_labelled_Lola_pheeseq_0000058_labelled_mB1.wav,Lola,Wuschel,after,non-partner,Tabor-Lola,10.571876,0.6780382,UMAP
1590,after_phees_2022-08-08_11-01-43_0000078_labelled_Lola_pheeseq_0000058_labelled_mB2.wav,Lola,Wuschel,after,non-partner,Tabor-Lola,12.968389,1.0333581,UMAP
1591,after_phees_2022-08-08_11-01-43_0000078_labelled_Lola_pheeseq_0000059_labelled_mB1.wav,Lola,Wuschel,after,non-partner,Tabor-Lola,10.84498,0.67938405,UMAP
1592,after_phees_2022-08-08_11-01-43_0000078_labelled_Lola_pheeseq_0000059_labelled_mB2.wav,Lola,Wuschel,after,non-partner,Tabor-Lola,13.053685,1.3213528,UMAP
1593,after_phees_2022-08-08_11-01-43_0000078_labelled_Wuschel_pheeseq_0000011_labelled_mB1.wav,Wuschel,Lola,after,non-partner,Wuschel-Olympia,-4.504826,4.6659665,UMAP
1594,after_phees_2022-08-08_11-01-43_0000078_labelled_Wuschel_pheeseq_0000011_labelled_mB2.wav,Wuschel,Lola,after,non-partner,Wuschel-Olympia,-2.6658459,4.1798587,UMAP
1595,after_phees_2022-08-08_11-01-43_0000078_labelled_Wuschel_pheeseq_0000019_labelled_mB1.wav,Wuschel,Lola,after,non-partner,Wuschel-Olympia,-3.9999723,4.140842,UMAP
1596,after_phees_2022-08-08_11-01-43_0000078_labelled_Wuschel_pheeseq_0000019_labelled_mB2.wav,Wuschel,Lola,after,non-partner,Wuschel-Olympia,-3.742107,4.0903654,UMAP
1597,after_phees_2022-08-08_11-01-43_0000078_labelled_Wuschel_pheeseq_0000020_labelled_mB1.wav,Wuschel,Lola,after,non-partner,Wuschel-Olympia,-4.109778,4.2113085,UMAP
1598,after_phees_2022-08-08_11-01-43_0000078_labelled_Wuschel_pheeseq_0000020_labelled_mB2.wav,Wuschel,Lola,after,non-partner,Wuschel-Olympia,-2.1181629,3.9229376,UMAP
1599,after_phees_2022-08-08_11-01-43_0000078_labelled_Wuschel_pheeseq_0000022_labelled_mB1.wav,Wuschel,Lola,after,non-partner,Wuschel-Olympia,-2.5055845,4.1256986,UMAP
1600,after_phees_2022-08-08_11-01-43_0000078_labelled_Wuschel_pheeseq_0000022_labelled_mB2.wav,Wuschel,Lola,after,non-partner,Wuschel-Olympia,-1.2640558,4.4328513,UMAP
1601,after_phees_2022-08-08_11-01-43_0000078_labelled_Wuschel_pheeseq_0000023_labelled_mB1.wav,Wuschel,Lola,after,non-partner,Wuschel-Olympia,-4.047865,4.158529,UMAP
1602,after_phees_2022-08-08_11-01-43_0000078_labelled_Wuschel_pheeseq_0000023_labelled_mB2.wav,Wuschel,Lola,after,non-partner,Wuschel-Olympia,-2.0821943,3.9948525,UMAP
1603,after_phees_2022-08-08_11-01-43_0000078_labelled_Wuschel_pheeseq_0000025_labelled_mB1.wav,Wuschel,Lola,after,non-partner,Wuschel-Olympia,-2.4721344,4.290294,UMAP
1604,after_phees_2022-08-08_11-01-43_0000078_labelled_Wuschel_pheeseq_0000025_labelled_mB2.wav,Wuschel,Lola,after,non-partner,Wuschel-Olympia,-0.7560404,4.5886064,UMAP
1605,after_phees_2022-08-08_11-01-43_0000078_labelled_Wuschel_pheeseq_0000026_labelled_mB2.wav,Wuschel,Lola,after,non-partner,Wuschel-Olympia,-2.27562,4.1591706,UMAP
1606,after_phees_2022-08-08_11-01-43_0000078_labelled_Wuschel_pheeseq_0000028_labelled_mB1.wav,Wuschel,Lola,after,non-partner,Wuschel-Olympia,-0.7645134,4.60959,UMAP
1607,after_phees_2022-08-08_11-01-43_0000078_labelled_Wuschel_pheeseq_0000028_labelled_mB2.wav,Wuschel,Lola,after,non-partner,Wuschel-Olympia,-1.4686419,4.343933,UMAP
1608,after_phees_2022-08-08_11-01-43_0000078_labelled_Wuschel_pheeseq_0000050_labelled_mB1.wav,Wuschel,Lola,after,non-partner,Wuschel-Olympia,-3.8441975,4.106285,UMAP
1609,after_phees_2022-08-08_11-01-43_0000078_labelled_Wuschel_pheeseq_0000050_labelled_mB2.wav,Wuschel,Lola,after,non-partner,Wuschel-Olympia,-3.7581348,4.129119,UMAP
1610,after_phees_2022-08-08_11-01-43_0000078_labelled_Wuschel_pheeseq_0000051_labelled_mB1.wav,Wuschel,Lola,after,non-partner,Wuschel-Olympia,-3.9778268,4.117849,UMAP
1611,after_phees_2022-08-08_11-01-43_0000078_labelled_Wuschel_pheeseq_0000051_labelled_mB2.wav,Wuschel,Lola,after,non-partner,Wuschel-Olympia,-3.4472785,4.0613236,UMAP
1612,after_phees_2022-08-08_11-24-26_0000079_labelled_Lola_pheeseq_0000007_labelled_mC1.wav,Lola,Odin,after,non-partner,Tabor-Lola,12.311645,3.4985952,UMAP
1613,after_phees_2022-08-08_11-24-26_0000079_labelled_Lola_pheeseq_0000007_labelled_mC2.wav,Lola,Odin,after,non-partner,Tabor-Lola,13.822874,1.527879,UMAP
1614,after_phees_2022-08-08_11-24-26_0000079_labelled_Lola_pheeseq_0000007_labelled_mC3.wav,Lola,Odin,after,non-partner,Tabor-Lola,9.660968,1.8062048,UMAP
1615,after_phees_2022-08-08_11-24-26_0000079_labelled_Lola_pheeseq_0000009_labelled_mB1.wav,Lola,Odin,after,non-partner,Tabor-Lola,7.70104,1.0469176,UMAP
1616,after_phees_2022-08-08_11-24-26_0000079_labelled_Lola_pheeseq_0000009_labelled_mB2.wav,Lola,Odin,after,non-partner,Tabor-Lola,12.348144,1.8926727,UMAP
1617,after_phees_2022-08-08_11-24-26_0000079_labelled_Lola_pheeseq_0000010_labelled_mB1.wav,Lola,Odin,after,non-partner,Tabor-Lola,6.683064,0.8535633,UMAP
1618,after_phees_2022-08-08_11-24-26_0000079_labelled_Lola_pheeseq_0000010_labelled_mB2.wav,Lola,Odin,after,non-partner,Tabor-Lola,12.587204,1.8435596,UMAP
1619,after_phees_2022-08-08_11-24-26_0000079_labelled_Lola_pheeseq_0000011_labelled_mC1.wav,Lola,Odin,after,non-partner,Tabor-Lola,7.987847,0.8604323,UMAP
1620,after_phees_2022-08-08_11-24-26_0000079_labelled_Lola_pheeseq_0000011_labelled_mC2.wav,Lola,Odin,after,non-partner,Tabor-Lola,13.217013,1.8948604,UMAP
1621,after_phees_2022-08-08_11-24-26_0000079_labelled_Lola_pheeseq_0000011_labelled_mC3.wav,Lola,Odin,after,non-partner,Tabor-Lola,12.899101,1.7250323,UMAP
1622,after_phees_2022-08-08_11-24-26_0000079_labelled_Lola_pheeseq_0000012_labelled_mB2.wav,Lola,Odin,after,non-partner,Tabor-Lola,12.269595,1.9008858,UMAP
1623,after_phees_2022-08-08_11-24-26_0000079_labelled_Lola_pheeseq_0000013_labelled_mB1.wav,Lola,Odin,after,non-partner,Tabor-Lola,6.1298895,1.0772151,UMAP
1624,after_phees_2022-08-08_11-24-26_0000079_labelled_Lola_pheeseq_0000013_labelled_mB2.wav,Lola,Odin,after,non-partner,Tabor-Lola,11.496346,1.9822489,UMAP
1625,after_phees_2022-08-08_11-24-26_0000079_labelled_Lola_pheeseq_0000014_labelled_mB1.wav,Lola,Odin,after,non-partner,Tabor-Lola,6.5428734,0.95154107,UMAP
1626,after_phees_2022-08-08_11-24-26_0000079_labelled_Lola_pheeseq_0000014_labelled_mB2.wav,Lola,Odin,after,non-partner,Tabor-Lola,12.496799,1.8568048,UMAP
1627,after_phees_2022-08-08_11-24-26_0000079_labelled_Lola_pheeseq_0000022_labelled_mB1.wav,Lola,Odin,after,non-partner,Tabor-Lola,11.630722,1.2002192,UMAP
1628,after_phees_2022-08-08_11-24-26_0000079_labelled_Lola_pheeseq_0000022_labelled_mB2.wav,Lola,Odin,after,non-partner,Tabor-Lola,13.815905,1.4755514,UMAP
1629,after_phees_2022-08-08_11-24-26_0000079_labelled_Lola_pheeseq_0000023_labelled_mC2.wav,Lola,Odin,after,non-partner,Tabor-Lola,13.55917,1.7774056,UMAP
1630,after_phees_2022-08-08_11-24-26_0000079_labelled_Lola_pheeseq_0000023_labelled_mC3.wav,Lola,Odin,after,non-partner,Tabor-Lola,13.173295,1.4735086,UMAP
1631,after_phees_2022-08-08_11-24-26_0000079_labelled_Lola_pheeseq_0000024_labelled_mC1.wav,Lola,Odin,after,non-partner,Tabor-Lola,8.764168,0.72764975,UMAP
1632,after_phees_2022-08-08_11-24-26_0000079_labelled_Lola_pheeseq_0000024_labelled_mC3.wav,Lola,Odin,after,non-partner,Tabor-Lola,13.8233795,1.6229143,UMAP
1633,after_phees_2022-08-08_11-24-26_0000079_labelled_Lola_pheeseq_0000049_labelled_mB1.wav,Lola,Odin,after,non-partner,Tabor-Lola,8.870301,2.259102,UMAP
1634,after_phees_2022-08-08_11-24-26_0000079_labelled_Lola_pheeseq_0000049_labelled_mB2.wav,Lola,Odin,after,non-partner,Tabor-Lola,10.928684,2.0091424,UMAP
1635,after_phees_2022-08-08_11-24-26_0000079_labelled_Lola_pheeseq_0000050_labelled_mB1.wav,Lola,Odin,after,non-partner,Tabor-Lola,7.486309,0.89494944,UMAP
1636,after_phees_2022-08-08_11-24-26_0000079_labelled_Lola_pheeseq_0000050_labelled_mB2.wav,Lola,Odin,after,non-partner,Tabor-Lola,10.69892,1.8950448,UMAP
1637,after_phees_2022-08-08_11-24-26_0000079_labelled_Lola_pheeseq_0000057_labelled_mB1.wav,Lola,Odin,after,non-partner,Tabor-Lola,9.216968,1.9562091,UMAP
1638,after_phees_2022-08-08_11-24-26_0000079_labelled_Lola_pheeseq_0000057_labelled_mB2.wav,Lola,Odin,after,non-partner,Tabor-Lola,10.567569,1.8562527,UMAP
1639,after_phees_2022-08-08_11-24-26_0000079_labelled_Lola_pheeseq_0000058_labelled_mC1.wav,Lola,Odin,after,non-partner,Tabor-Lola,6.14532,1.1561569,UMAP
1640,after_phees_2022-08-08_11-24-26_0000079_labelled_Lola_pheeseq_0000058_labelled_mC2.wav,Lola,Odin,after,non-partner,Tabor-Lola,7.5876794,0.7871273,UMAP
1641,after_phees_2022-08-08_11-24-26_0000079_labelled_Lola_pheeseq_0000058_labelled_mC3.wav,Lola,Odin,after,non-partner,Tabor-Lola,8.540205,1.4609859,UMAP
1642,after_phees_2022-08-08_11-24-26_0000079_labelled_Lola_pheeseq_0000059_labelled_mB1.wav,Lola,Odin,after,non-partner,Tabor-Lola,5.9367666,1.2095755,UMAP
1643,after_phees_2022-08-08_11-24-26_0000079_labelled_Lola_pheeseq_0000059_labelled_mB2.wav,Lola,Odin,after,non-partner,Tabor-Lola,10.2845125,1.900631,UMAP
1644,after_phees_2022-08-08_11-24-26_0000079_labelled_Lola_pheeseq_0000060_labelled_mC1.wav,Lola,Odin,after,non-partner,Tabor-Lola,7.009048,0.84863985,UMAP
1645,after_phees_2022-08-08_11-24-26_0000079_labelled_Lola_pheeseq_0000060_labelled_mC2.wav,Lola,Odin,after,non-partner,Tabor-Lola,12.340306,1.850973,UMAP
1646,after_phees_2022-08-08_11-24-26_0000079_labelled_Lola_pheeseq_0000062_labelled_mB1.wav,Lola,Odin,after,non-partner,Tabor-Lola,9.916861,1.4115276,UMAP
1647,after_phees_2022-08-08_11-24-26_0000079_labelled_Lola_pheeseq_0000062_labelled_mB2.wav,Lola,Odin,after,non-partner,Tabor-Lola,13.392287,1.9562385,UMAP
1648,after_phees_2022-08-08_11-24-26_0000079_labelled_Lola_pheeseq_0000063_labelled_mB1.wav,Lola,Odin,after,non-partner,Tabor-Lola,9.795332,1.3583175,UMAP
1649,after_phees_2022-08-08_11-24-26_0000079_labelled_Lola_pheeseq_0000063_labelled_mB2.wav,Lola,Odin,after,non-partner,Tabor-Lola,13.725015,1.6038165,UMAP
1650,after_phees_2022-08-08_11-24-26_0000079_labelled_Lola_pheeseq_0000064_labelled_mB1.wav,Lola,Odin,after,non-partner,Tabor-Lola,10.082943,1.2767007,UMAP
1651,after_phees_2022-08-08_11-24-26_0000079_labelled_Lola_pheeseq_0000064_labelled_mB2.wav,Lola,Odin,after,non-partner,Tabor-Lola,13.831078,1.4553881,UMAP
1652,after_phees_2022-08-08_11-24-26_0000079_labelled_Lola_pheeseq_0000067_labelled_mB1.wav,Lola,Odin,after,non-partner,Tabor-Lola,9.4981165,1.1955856,UMAP
1653,after_phees_2022-08-08_11-24-26_0000079_labelled_Lola_pheeseq_0000067_labelled_mB2.wav,Lola,Odin,after,non-partner,Tabor-Lola,12.3276415,2.0635915,UMAP
1654,after_phees_2022-08-08_11-24-26_0000079_labelled_Odin_pheeseq_0000003_labelled_mD2.wav,Odin,Lola,after,non-partner,Odin-Nougatti,12.146093,5.6665225,UMAP
1655,after_phees_2022-08-08_11-24-26_0000079_labelled_Odin_pheeseq_0000003_labelled_mD3.wav,Odin,Lola,after,non-partner,Odin-Nougatti,12.205324,5.6461816,UMAP
1656,after_phees_2022-08-08_11-24-26_0000079_labelled_Odin_pheeseq_0000003_labelled_mD4.wav,Odin,Lola,after,non-partner,Odin-Nougatti,9.873018,5.1014333,UMAP
1657,after_phees_2022-08-08_11-24-26_0000079_labelled_Odin_pheeseq_0000016_labelled_mC1.wav,Odin,Lola,after,non-partner,Odin-Nougatti,8.78379,4.0908136,UMAP
1658,after_phees_2022-08-08_11-24-26_0000079_labelled_Odin_pheeseq_0000016_labelled_mC2.wav,Odin,Lola,after,non-partner,Odin-Nougatti,12.315922,4.3746686,UMAP
1659,after_phees_2022-08-08_11-24-26_0000079_labelled_Odin_pheeseq_0000016_labelled_mC3.wav,Odin,Lola,after,non-partner,Odin-Nougatti,9.883587,3.9369664,UMAP
1660,after_phees_2022-08-08_11-24-26_0000079_labelled_Odin_pheeseq_0000018_labelled_mD1.wav,Odin,Lola,after,non-partner,Odin-Nougatti,7.185821,4.514267,UMAP
1661,after_phees_2022-08-08_11-24-26_0000079_labelled_Odin_pheeseq_0000018_labelled_mD3.wav,Odin,Lola,after,non-partner,Odin-Nougatti,11.409949,5.0106144,UMAP
1662,after_phees_2022-08-08_11-24-26_0000079_labelled_Odin_pheeseq_0000018_labelled_mD4.wav,Odin,Lola,after,non-partner,Odin-Nougatti,12.181954,4.825455,UMAP
1663,after_phees_2022-08-08_11-24-26_0000079_labelled_Odin_pheeseq_0000018_labelled_mD5.wav,Odin,Lola,after,non-partner,Odin-Nougatti,10.48016,4.9232965,UMAP
1664,after_phees_2022-08-08_11-24-26_0000079_labelled_Odin_pheeseq_0000025_labelled_mE1.wav,Odin,Lola,after,non-partner,Odin-Nougatti,4.771254,1.6803457,UMAP
1665,after_phees_2022-08-08_11-24-26_0000079_labelled_Odin_pheeseq_0000025_labelled_mE3.wav,Odin,Lola,after,non-partner,Odin-Nougatti,12.13171,5.145214,UMAP
1666,after_phees_2022-08-08_11-24-26_0000079_labelled_Odin_pheeseq_0000025_labelled_mE4.wav,Odin,Lola,after,non-partner,Odin-Nougatti,12.249501,5.046453,UMAP
1667,after_phees_2022-08-08_11-24-26_0000079_labelled_Odin_pheeseq_0000025_labelled_mE5.wav,Odin,Lola,after,non-partner,Odin-Nougatti,10.787143,4.986944,UMAP
1668,after_phees_2022-08-08_11-24-26_0000079_labelled_Odin_pheeseq_0000025_labelled_mE6.wav,Odin,Lola,after,non-partner,Odin-Nougatti,2.6434233,3.2568748,UMAP
1669,after_phees_2022-08-08_11-24-26_0000079_labelled_Odin_pheeseq_0000029_labelled_mC3.wav,Odin,Lola,after,non-partner,Odin-Nougatti,9.173047,5.2610235,UMAP
1670,after_phees_2022-08-08_11-24-26_0000079_labelled_Odin_pheeseq_0000031_labelled_mE1.wav,Odin,Lola,after,non-partner,Odin-Nougatti,9.151551,5.356485,UMAP
1671,after_phees_2022-08-08_11-24-26_0000079_labelled_Odin_pheeseq_0000031_labelled_mE3.wav,Odin,Lola,after,non-partner,Odin-Nougatti,11.567291,5.627885,UMAP
1672,after_phees_2022-08-08_11-24-26_0000079_labelled_Odin_pheeseq_0000031_labelled_mE5.wav,Odin,Lola,after,non-partner,Odin-Nougatti,12.081576,5.645219,UMAP
1673,after_phees_2022-08-08_11-24-26_0000079_labelled_Odin_pheeseq_0000031_labelled_mE8.wav,Odin,Lola,after,non-partner,Odin-Nougatti,2.5924656,3.3355439,UMAP
1674,after_phees_2022-08-08_11-24-26_0000079_labelled_Odin_pheeseq_0000033_labelled_mD1.wav,Odin,Lola,after,non-partner,Odin-Nougatti,9.580971,5.4124455,UMAP
1675,after_phees_2022-08-08_11-24-26_0000079_labelled_Odin_pheeseq_0000033_labelled_mD2.wav,Odin,Lola,after,non-partner,Odin-Nougatti,11.682357,5.662836,UMAP
1676,after_phees_2022-08-08_11-24-26_0000079_labelled_Odin_pheeseq_0000033_labelled_mD3.wav,Odin,Lola,after,non-partner,Odin-Nougatti,11.860554,5.6485863,UMAP
1677,after_phees_2022-08-08_11-24-26_0000079_labelled_Odin_pheeseq_0000033_labelled_mD4.wav,Odin,Lola,after,non-partner,Odin-Nougatti,9.335937,5.2816634,UMAP
1678,after_phees_2022-08-08_11-24-26_0000079_labelled_Odin_pheeseq_0000034_labelled_mE1.wav,Odin,Lola,after,non-partner,Odin-Nougatti,5.099036,4.4899592,UMAP
1679,after_phees_2022-08-08_11-24-26_0000079_labelled_Odin_pheeseq_0000034_labelled_mE6.wav,Odin,Lola,after,non-partner,Odin-Nougatti,11.942032,5.6147356,UMAP
1680,after_phees_2022-08-08_11-24-26_0000079_labelled_Odin_pheeseq_0000034_labelled_mE7.wav,Odin,Lola,after,non-partner,Odin-Nougatti,10.277473,5.3632607,UMAP
1681,after_phees_2022-08-08_11-24-26_0000079_labelled_Odin_pheeseq_0000037_labelled_mD2.wav,Odin,Lola,after,non-partner,Odin-Nougatti,12.43652,5.409896,UMAP
1682,after_phees_2022-08-08_11-24-26_0000079_labelled_Odin_pheeseq_0000037_labelled_mD3.wav,Odin,Lola,after,non-partner,Odin-Nougatti,12.195176,5.6433644,UMAP
1683,after_phees_2022-08-08_11-24-26_0000079_labelled_Odin_pheeseq_0000037_labelled_mD4.wav,Odin,Lola,after,non-partner,Odin-Nougatti,2.513298,3.2365658,UMAP
1684,after_phees_2022-08-08_11-24-26_0000079_labelled_Odin_pheeseq_0000051_labelled_mC1.wav,Odin,Lola,after,non-partner,Odin-Nougatti,7.3498836,4.182656,UMAP
1685,after_phees_2022-08-08_11-24-26_0000079_labelled_Odin_pheeseq_0000051_labelled_mC2.wav,Odin,Lola,after,non-partner,Odin-Nougatti,11.672686,4.551655,UMAP
1686,after_phees_2022-08-08_11-24-26_0000079_labelled_Odin_pheeseq_0000051_labelled_mC3.wav,Odin,Lola,after,non-partner,Odin-Nougatti,6.996174,4.2450013,UMAP
1687,after_phees_2022-08-08_11-24-26_0000079_labelled_Odin_pheeseq_0000052_labelled_mD1.wav,Odin,Lola,after,non-partner,Odin-Nougatti,6.487271,4.494086,UMAP
1688,after_phees_2022-08-08_11-24-26_0000079_labelled_Odin_pheeseq_0000052_labelled_mD2.wav,Odin,Lola,after,non-partner,Odin-Nougatti,9.899393,4.8065147,UMAP
1689,after_phees_2022-08-08_11-24-26_0000079_labelled_Odin_pheeseq_0000052_labelled_mD3.wav,Odin,Lola,after,non-partner,Odin-Nougatti,11.412656,5.0170965,UMAP
1690,after_phees_2022-08-08_11-24-26_0000079_labelled_Odin_pheeseq_0000052_labelled_mD4.wav,Odin,Lola,after,non-partner,Odin-Nougatti,11.970427,4.6135564,UMAP
1691,after_phees_2022-08-08_11-24-26_0000079_labelled_Odin_pheeseq_0000055_labelled_mD3.wav,Odin,Lola,after,non-partner,Odin-Nougatti,11.886113,5.4095244,UMAP
1692,after_phees_2022-08-08_11-24-26_0000079_labelled_Odin_pheeseq_0000055_labelled_mD4.wav,Odin,Lola,after,non-partner,Odin-Nougatti,9.508897,5.1856866,UMAP
1693,after_phees_2022-08-08_11-24-26_0000079_labelled_Odin_pheeseq_0000061_labelled_mC1.wav,Odin,Lola,after,non-partner,Odin-Nougatti,9.809904,3.9908826,UMAP
1694,after_phees_2022-08-08_11-24-26_0000079_labelled_Odin_pheeseq_0000061_labelled_mC2.wav,Odin,Lola,after,non-partner,Odin-Nougatti,12.095426,4.4015765,UMAP
1695,after_phees_2022-08-08_11-24-26_0000079_labelled_Odin_pheeseq_0000061_labelled_mC3.wav,Odin,Lola,after,non-partner,Odin-Nougatti,11.749455,4.380957,UMAP
1696,after_phees_2022-08-08_11-24-26_0000079_labelled_Odin_pheeseq_0000065_labelled_mB2.wav,Odin,Lola,after,non-partner,Odin-Nougatti,11.452587,3.6450906,UMAP
1697,after_phees_2022-08-08_13-21-22_0000080_labelled_Nougatti_phee_0000038_labelled_mB1.wav,Nougatti,Tabor,after,non-partner,Odin-Nougatti,5.390882,1.6700375,UMAP
1698,after_phees_2022-08-08_13-21-22_0000080_labelled_Nougatti_phee_0000038_labelled_mB2.wav,Nougatti,Tabor,after,non-partner,Odin-Nougatti,8.123241,3.938723,UMAP
1699,after_phees_2022-08-08_13-21-22_0000080_labelled_Nougatti_phee_0000039_labelled_mB1.wav,Nougatti,Tabor,after,non-partner,Odin-Nougatti,5.3112583,1.1979613,UMAP
1700,after_phees_2022-08-08_13-21-22_0000080_labelled_Nougatti_phee_0000039_labelled_mB2.wav,Nougatti,Tabor,after,non-partner,Odin-Nougatti,9.750057,3.7254605,UMAP
1701,after_phees_2022-08-08_13-21-22_0000080_labelled_Nougatti_phee_0000040_labelled_mB1.wav,Nougatti,Tabor,after,non-partner,Odin-Nougatti,3.633956,4.891001,UMAP
1702,after_phees_2022-08-08_13-21-22_0000080_labelled_Nougatti_phee_0000040_labelled_mB2.wav,Nougatti,Tabor,after,non-partner,Odin-Nougatti,9.62482,3.796532,UMAP
1703,after_phees_2022-08-08_13-21-22_0000080_labelled_Nougatti_phee_0000041_labelled_mB1.wav,Nougatti,Tabor,after,non-partner,Odin-Nougatti,3.5466135,4.9937754,UMAP
1704,after_phees_2022-08-08_13-21-22_0000080_labelled_Nougatti_phee_0000041_labelled_mB2.wav,Nougatti,Tabor,after,non-partner,Odin-Nougatti,8.932071,3.8562567,UMAP
1705,after_phees_2022-08-08_13-21-22_0000080_labelled_Nougatti_phee_0000042_labelled_mB1.wav,Nougatti,Tabor,after,non-partner,Odin-Nougatti,4.79088,1.6356039,UMAP
1706,after_phees_2022-08-08_13-21-22_0000080_labelled_Nougatti_phee_0000042_labelled_mB3.wav,Nougatti,Tabor,after,non-partner,Odin-Nougatti,10.354497,3.901987,UMAP
1707,after_phees_2022-08-08_13-21-22_0000080_labelled_Nougatti_phee_0000043_labelled_mB3.wav,Nougatti,Tabor,after,non-partner,Odin-Nougatti,10.642771,3.9334297,UMAP
1708,after_phees_2022-08-08_13-21-22_0000080_labelled_Nougatti_phee_0000044_labelled_mB1.wav,Nougatti,Tabor,after,non-partner,Odin-Nougatti,5.378128,1.214569,UMAP
1709,after_phees_2022-08-08_13-21-22_0000080_labelled_Nougatti_phee_0000044_labelled_mB2.wav,Nougatti,Tabor,after,non-partner,Odin-Nougatti,10.57742,3.4583912,UMAP
1710,after_phees_2022-08-08_13-21-22_0000080_labelled_Nougatti_phee_0000045_labelled_mB1.wav,Nougatti,Tabor,after,non-partner,Odin-Nougatti,5.0095644,1.5134002,UMAP
1711,after_phees_2022-08-08_13-21-22_0000080_labelled_Nougatti_phee_0000045_labelled_mB2.wav,Nougatti,Tabor,after,non-partner,Odin-Nougatti,9.942174,3.707064,UMAP
1712,after_phees_2022-08-08_13-21-22_0000080_labelled_Nougatti_pheeseq_0000003_labelled_mB2.wav,Nougatti,Tabor,after,non-partner,Odin-Nougatti,8.243175,4.037096,UMAP
1713,after_phees_2022-08-08_13-21-22_0000080_labelled_Nougatti_pheeseq_0000005_labelled_mB1.wav,Nougatti,Tabor,after,non-partner,Odin-Nougatti,4.725472,1.7220868,UMAP
1714,after_phees_2022-08-08_13-21-22_0000080_labelled_Nougatti_pheeseq_0000005_labelled_mB3.wav,Nougatti,Tabor,after,non-partner,Odin-Nougatti,10.147287,4.035518,UMAP
1715,after_phees_2022-08-08_13-21-22_0000080_labelled_Nougatti_pheeseq_0000009_labelled_mC1.wav,Nougatti,Tabor,after,non-partner,Odin-Nougatti,5.3111,1.2541792,UMAP
1716,after_phees_2022-08-08_13-21-22_0000080_labelled_Nougatti_pheeseq_0000009_labelled_mC2.wav,Nougatti,Tabor,after,non-partner,Odin-Nougatti,11.760519,4.1741843,UMAP
1717,after_phees_2022-08-08_13-21-22_0000080_labelled_Nougatti_pheeseq_0000009_labelled_mC3.wav,Nougatti,Tabor,after,non-partner,Odin-Nougatti,9.632405,4.5446253,UMAP
1718,after_phees_2022-08-08_13-21-22_0000080_labelled_Nougatti_pheeseq_0000010_labelled_mC1.wav,Nougatti,Tabor,after,non-partner,Odin-Nougatti,4.7110066,1.8259646,UMAP
1719,after_phees_2022-08-08_13-21-22_0000080_labelled_Nougatti_pheeseq_0000010_labelled_mC3.wav,Nougatti,Tabor,after,non-partner,Odin-Nougatti,10.585515,4.2060018,UMAP
1720,after_phees_2022-08-08_13-21-22_0000080_labelled_Nougatti_pheeseq_0000010_labelled_mC4.wav,Nougatti,Tabor,after,non-partner,Odin-Nougatti,9.745205,4.2820773,UMAP
1721,after_phees_2022-08-08_13-21-22_0000080_labelled_Nougatti_pheeseq_0000019_labelled_mC1.wav,Nougatti,Tabor,after,non-partner,Odin-Nougatti,8.372464,3.7608309,UMAP
1722,after_phees_2022-08-08_13-21-22_0000080_labelled_Nougatti_pheeseq_0000019_labelled_mC2.wav,Nougatti,Tabor,after,non-partner,Odin-Nougatti,11.311372,4.130752,UMAP
1723,after_phees_2022-08-08_13-21-22_0000080_labelled_Nougatti_pheeseq_0000019_labelled_mC3.wav,Nougatti,Tabor,after,non-partner,Odin-Nougatti,-1.2477839,3.9387922,UMAP
1724,after_phees_2022-08-08_13-21-22_0000080_labelled_Nougatti_pheeseq_0000020_labelled_mC1.wav,Nougatti,Tabor,after,non-partner,Odin-Nougatti,4.845637,1.6021128,UMAP
1725,after_phees_2022-08-08_13-21-22_0000080_labelled_Nougatti_pheeseq_0000020_labelled_mC2.wav,Nougatti,Tabor,after,non-partner,Odin-Nougatti,10.326522,4.001335,UMAP
1726,after_phees_2022-08-08_13-21-22_0000080_labelled_Nougatti_pheeseq_0000020_labelled_mC3.wav,Nougatti,Tabor,after,non-partner,Odin-Nougatti,8.520436,4.089852,UMAP
1727,after_phees_2022-08-08_13-21-22_0000080_labelled_Nougatti_pheeseq_0000021_labelled_mC1.wav,Nougatti,Tabor,after,non-partner,Odin-Nougatti,4.772679,1.6696181,UMAP
1728,after_phees_2022-08-08_13-21-22_0000080_labelled_Nougatti_pheeseq_0000021_labelled_mC2.wav,Nougatti,Tabor,after,non-partner,Odin-Nougatti,10.452065,3.9951916,UMAP
1729,after_phees_2022-08-08_13-21-22_0000080_labelled_Nougatti_pheeseq_0000021_labelled_mC3.wav,Nougatti,Tabor,after,non-partner,Odin-Nougatti,10.544971,4.452479,UMAP
1730,after_phees_2022-08-08_13-21-22_0000080_labelled_Nougatti_pheeseq_0000022_labelled_mB1.wav,Nougatti,Tabor,after,non-partner,Odin-Nougatti,4.6735635,1.8598648,UMAP
1731,after_phees_2022-08-08_13-21-22_0000080_labelled_Nougatti_pheeseq_0000022_labelled_mB2.wav,Nougatti,Tabor,after,non-partner,Odin-Nougatti,9.707208,4.0443,UMAP
1732,after_phees_2022-08-08_13-21-22_0000080_labelled_Nougatti_pheeseq_0000023_labelled_mB1.wav,Nougatti,Tabor,after,non-partner,Odin-Nougatti,4.5490646,1.880994,UMAP
1733,after_phees_2022-08-08_13-21-22_0000080_labelled_Nougatti_pheeseq_0000023_labelled_mB3.wav,Nougatti,Tabor,after,non-partner,Odin-Nougatti,9.295171,4.019172,UMAP
1734,after_phees_2022-08-08_13-21-22_0000080_labelled_Nougatti_pheeseq_0000024_labelled_mB1.wav,Nougatti,Tabor,after,non-partner,Odin-Nougatti,6.674821,0.95329785,UMAP
1735,after_phees_2022-08-08_13-21-22_0000080_labelled_Nougatti_pheeseq_0000024_labelled_mB2.wav,Nougatti,Tabor,after,non-partner,Odin-Nougatti,9.479968,3.7180934,UMAP
1736,after_phees_2022-08-08_13-21-22_0000080_labelled_Nougatti_pheeseq_0000032_labelled_mB1.wav,Nougatti,Tabor,after,non-partner,Odin-Nougatti,3.7228062,4.6958833,UMAP
1737,after_phees_2022-08-08_13-21-22_0000080_labelled_Nougatti_pheeseq_0000032_labelled_mB2.wav,Nougatti,Tabor,after,non-partner,Odin-Nougatti,9.971771,3.7206535,UMAP
1738,after_phees_2022-08-08_13-21-22_0000080_labelled_Nougatti_pheeseq_0000033_labelled_mB1.wav,Nougatti,Tabor,after,non-partner,Odin-Nougatti,3.029191,5.21807,UMAP
1739,after_phees_2022-08-08_13-21-22_0000080_labelled_Nougatti_pheeseq_0000033_labelled_mB2.wav,Nougatti,Tabor,after,non-partner,Odin-Nougatti,8.895426,4.0653076,UMAP
1740,after_phees_2022-08-08_13-21-22_0000080_labelled_Nougatti_pheeseq_0000048_labelled_mB1.wav,Nougatti,Tabor,after,non-partner,Odin-Nougatti,6.6349196,0.97963077,UMAP
1741,after_phees_2022-08-08_13-21-22_0000080_labelled_Nougatti_pheeseq_0000048_labelled_mB2.wav,Nougatti,Tabor,after,non-partner,Odin-Nougatti,9.827919,3.6488554,UMAP
1742,after_phees_2022-08-08_13-21-22_0000080_labelled_Nougatti_pheeseq_0000049_labelled_mB1.wav,Nougatti,Tabor,after,non-partner,Odin-Nougatti,4.7704606,1.6603773,UMAP
1743,after_phees_2022-08-08_13-21-22_0000080_labelled_Nougatti_pheeseq_0000049_labelled_mB2.wav,Nougatti,Tabor,after,non-partner,Odin-Nougatti,10.327203,3.77495,UMAP
1744,after_phees_2022-08-08_13-21-22_0000080_labelled_Nougatti_pheeseq_0000050_labelled_mC1.wav,Nougatti,Tabor,after,non-partner,Odin-Nougatti,5.497839,3.5352943,UMAP
1745,after_phees_2022-08-08_13-21-22_0000080_labelled_Nougatti_pheeseq_0000050_labelled_mC2.wav,Nougatti,Tabor,after,non-partner,Odin-Nougatti,11.866212,4.193355,UMAP
1746,after_phees_2022-08-08_13-21-22_0000080_labelled_Nougatti_pheeseq_0000050_labelled_mC3.wav,Nougatti,Tabor,after,non-partner,Odin-Nougatti,10.533153,4.625999,UMAP
1747,after_phees_2022-08-08_13-21-22_0000080_labelled_Tabor_pheeseq_0000002_labelled_mC1.wav,Tabor,Nougatti,after,non-partner,Tabor-Lola,9.823032,1.9478357,UMAP
1748,after_phees_2022-08-08_13-21-22_0000080_labelled_Tabor_pheeseq_0000002_labelled_mC2.wav,Tabor,Nougatti,after,non-partner,Tabor-Lola,7.7354307,3.287483,UMAP
1749,after_phees_2022-08-08_13-21-22_0000080_labelled_Tabor_pheeseq_0000002_labelled_mC3.wav,Tabor,Nougatti,after,non-partner,Tabor-Lola,-0.19322096,3.628298,UMAP
1750,after_phees_2022-08-08_13-21-22_0000080_labelled_Tabor_pheeseq_0000011_labelled_mD1.wav,Tabor,Nougatti,after,non-partner,Tabor-Lola,2.1428316,4.7390094,UMAP
1751,after_phees_2022-08-08_13-21-22_0000080_labelled_Tabor_pheeseq_0000011_labelled_mD4.wav,Tabor,Nougatti,after,non-partner,Tabor-Lola,2.9139156,3.2295797,UMAP
1752,after_phees_2022-08-08_13-21-22_0000080_labelled_Tabor_pheeseq_0000011_labelled_mD6.wav,Tabor,Nougatti,after,non-partner,Tabor-Lola,-3.3055053,4.981411,UMAP
1753,after_phees_2022-08-08_13-21-22_0000080_labelled_Tabor_pheeseq_0000011_labelled_mD7.wav,Tabor,Nougatti,after,non-partner,Tabor-Lola,-4.6689935,4.741799,UMAP
1754,after_phees_2022-08-08_13-21-22_0000080_labelled_Tabor_pheeseq_0000013_labelled_mC1.wav,Tabor,Nougatti,after,non-partner,Tabor-Lola,6.0303845,2.4988253,UMAP
1755,after_phees_2022-08-08_13-21-22_0000080_labelled_Tabor_pheeseq_0000013_labelled_mC3.wav,Tabor,Nougatti,after,non-partner,Tabor-Lola,6.4011464,3.8207757,UMAP
1756,after_phees_2022-08-08_13-21-22_0000080_labelled_Tabor_pheeseq_0000013_labelled_mC4.wav,Tabor,Nougatti,after,non-partner,Tabor-Lola,0.91544765,3.360383,UMAP
1757,after_phees_2022-08-08_13-21-22_0000080_labelled_Tabor_pheeseq_0000014_labelled_mD1.wav,Tabor,Nougatti,after,non-partner,Tabor-Lola,5.7762747,2.6836987,UMAP
1758,after_phees_2022-08-08_13-21-22_0000080_labelled_Tabor_pheeseq_0000014_labelled_mD4.wav,Tabor,Nougatti,after,non-partner,Tabor-Lola,2.7392182,2.8371058,UMAP
1759,after_phees_2022-08-08_13-21-22_0000080_labelled_Tabor_pheeseq_0000014_labelled_mD5.wav,Tabor,Nougatti,after,non-partner,Tabor-Lola,-3.2099736,5.0434704,UMAP
1760,after_phees_2022-08-08_13-21-22_0000080_labelled_Tabor_pheeseq_0000017_labelled_mD1.wav,Tabor,Nougatti,after,non-partner,Tabor-Lola,6.041655,2.447096,UMAP
1761,after_phees_2022-08-08_13-21-22_0000080_labelled_Tabor_pheeseq_0000017_labelled_mD3.wav,Tabor,Nougatti,after,non-partner,Tabor-Lola,6.768744,3.4646144,UMAP
1762,after_phees_2022-08-08_13-21-22_0000080_labelled_Tabor_pheeseq_0000017_labelled_mD4.wav,Tabor,Nougatti,after,non-partner,Tabor-Lola,3.2460196,3.1285222,UMAP
1763,after_phees_2022-08-08_13-21-22_0000080_labelled_Tabor_pheeseq_0000017_labelled_mD5.wav,Tabor,Nougatti,after,non-partner,Tabor-Lola,-2.9753187,4.924669,UMAP
1764,after_phees_2022-08-08_13-21-22_0000080_labelled_Tabor_pheeseq_0000036_labelled_mC1.wav,Tabor,Nougatti,after,non-partner,Tabor-Lola,-0.13457873,4.772212,UMAP
1765,after_phees_2022-08-08_13-21-22_0000080_labelled_Tabor_pheeseq_0000036_labelled_mC2.wav,Tabor,Nougatti,after,non-partner,Tabor-Lola,2.1366377,3.9715896,UMAP
1766,after_phees_2022-08-08_13-21-22_0000080_labelled_Tabor_pheeseq_0000036_labelled_mC3.wav,Tabor,Nougatti,after,non-partner,Tabor-Lola,-1.0320911,4.285727,UMAP
1767,after_phees_2022-08-08_13-21-22_0000080_labelled_Tabor_pheeseq_0000046_labelled_mD1.wav,Tabor,Nougatti,after,non-partner,Tabor-Lola,2.53767,4.1114397,UMAP
1768,after_phees_2022-08-08_13-21-22_0000080_labelled_Tabor_pheeseq_0000046_labelled_mD2.wav,Tabor,Nougatti,after,non-partner,Tabor-Lola,3.7846067,3.4907625,UMAP
1769,after_phees_2022-08-08_13-21-22_0000080_labelled_Tabor_pheeseq_0000046_labelled_mD3.wav,Tabor,Nougatti,after,non-partner,Tabor-Lola,-0.73487496,3.767301,UMAP
1770,after_phees_2022-08-08_13-21-22_0000080_labelled_Tabor_pheeseq_0000046_labelled_mD4.wav,Tabor,Nougatti,after,non-partner,Tabor-Lola,-4.3005915,4.536733,UMAP
1771,after_phees_2022-08-08_13-47-33_0000081_labelled_Olympia_pheeseq_0000011_labelled_mB1.wav,Olympia,Tabor,after,non-partner,Wuschel-Olympia,-1.1444353,4.9324417,UMAP
1772,after_phees_2022-08-08_13-47-33_0000081_labelled_Olympia_pheeseq_0000011_labelled_mB2.wav,Olympia,Tabor,after,non-partner,Wuschel-Olympia,0.23431966,4.1906195,UMAP
1773,after_phees_2022-08-08_13-47-33_0000081_labelled_Olympia_pheeseq_0000017_labelled_mB1.wav,Olympia,Tabor,after,non-partner,Wuschel-Olympia,-0.43642083,4.420816,UMAP
1774,after_phees_2022-08-08_13-47-33_0000081_labelled_Olympia_pheeseq_0000017_labelled_mB2.wav,Olympia,Tabor,after,non-partner,Wuschel-Olympia,0.48684603,4.345227,UMAP
1775,after_phees_2022-08-08_13-47-33_0000081_labelled_Tabor_pheeseq_0000003_labelled_mD1.wav,Tabor,Olympia,after,non-partner,Tabor-Lola,4.557197,4.0776434,UMAP
1776,after_phees_2022-08-08_13-47-33_0000081_labelled_Tabor_pheeseq_0000003_labelled_mD2.wav,Tabor,Olympia,after,non-partner,Tabor-Lola,7.913037,4.5767126,UMAP
1777,after_phees_2022-08-08_13-47-33_0000081_labelled_Tabor_pheeseq_0000003_labelled_mD3.wav,Tabor,Olympia,after,non-partner,Tabor-Lola,6.897816,4.476656,UMAP
1778,after_phees_2022-08-08_13-47-33_0000081_labelled_Tabor_pheeseq_0000003_labelled_mD4.wav,Tabor,Olympia,after,non-partner,Tabor-Lola,1.2100742,3.1189759,UMAP
1779,after_phees_2022-08-08_13-47-33_0000081_labelled_Tabor_pheeseq_0000004_labelled_mE1.wav,Tabor,Olympia,after,non-partner,Tabor-Lola,7.326951,4.392611,UMAP
1780,after_phees_2022-08-08_13-47-33_0000081_labelled_Tabor_pheeseq_0000004_labelled_mE2.wav,Tabor,Olympia,after,non-partner,Tabor-Lola,7.7252975,4.321615,UMAP
1781,after_phees_2022-08-08_13-47-33_0000081_labelled_Tabor_pheeseq_0000004_labelled_mE3.wav,Tabor,Olympia,after,non-partner,Tabor-Lola,7.0770383,4.462637,UMAP
1782,after_phees_2022-08-08_13-47-33_0000081_labelled_Tabor_pheeseq_0000004_labelled_mE4.wav,Tabor,Olympia,after,non-partner,Tabor-Lola,1.6151278,3.0136309,UMAP
1783,after_phees_2022-08-08_13-47-33_0000081_labelled_Tabor_pheeseq_0000004_labelled_mE5.wav,Tabor,Olympia,after,non-partner,Tabor-Lola,-2.3898056,4.695017,UMAP
1784,after_phees_2022-08-08_13-47-33_0000081_labelled_Tabor_pheeseq_0000005_labelled_mC1.wav,Tabor,Olympia,after,non-partner,Tabor-Lola,5.5991,3.8202195,UMAP
1785,after_phees_2022-08-08_13-47-33_0000081_labelled_Tabor_pheeseq_0000005_labelled_mC2.wav,Tabor,Olympia,after,non-partner,Tabor-Lola,8.039715,4.5273595,UMAP
1786,after_phees_2022-08-08_13-47-33_0000081_labelled_Tabor_pheeseq_0000005_labelled_mC3.wav,Tabor,Olympia,after,non-partner,Tabor-Lola,3.611868,3.3353395,UMAP
1787,after_phees_2022-08-08_13-47-33_0000081_labelled_Tabor_pheeseq_0000009_labelled_mC1.wav,Tabor,Olympia,after,non-partner,Tabor-Lola,5.167726,4.101869,UMAP
1788,after_phees_2022-08-08_13-47-33_0000081_labelled_Tabor_pheeseq_0000009_labelled_mC2.wav,Tabor,Olympia,after,non-partner,Tabor-Lola,5.2281303,4.1866565,UMAP
1789,after_phees_2022-08-08_13-47-33_0000081_labelled_Tabor_pheeseq_0000009_labelled_mC3.wav,Tabor,Olympia,after,non-partner,Tabor-Lola,1.2341442,4.695775,UMAP
1790,after_phees_2022-08-08_13-47-33_0000081_labelled_Tabor_pheeseq_0000010_labelled_mC1.wav,Tabor,Olympia,after,non-partner,Tabor-Lola,1.060368,4.4980326,UMAP
1791,after_phees_2022-08-08_13-47-33_0000081_labelled_Tabor_pheeseq_0000010_labelled_mC2.wav,Tabor,Olympia,after,non-partner,Tabor-Lola,4.5590034,4.1180058,UMAP
1792,after_phees_2022-08-08_13-47-33_0000081_labelled_Tabor_pheeseq_0000010_labelled_mC3.wav,Tabor,Olympia,after,non-partner,Tabor-Lola,-0.2003111,4.5825477,UMAP
1793,after_phees_2022-08-08_13-47-33_0000081_labelled_Tabor_pheeseq_0000018_labelled_mB1.wav,Tabor,Olympia,after,non-partner,Tabor-Lola,-1.3441405,4.7029424,UMAP
1794,after_phees_2022-08-08_13-47-33_0000081_labelled_Tabor_pheeseq_0000018_labelled_mB2.wav,Tabor,Olympia,after,non-partner,Tabor-Lola,-0.13304828,4.4798236,UMAP
1795,after_phees_2022-08-08_13-47-33_0000081_labelled_Tabor_pheeseq_0000019_labelled_mC1.wav,Tabor,Olympia,after,non-partner,Tabor-Lola,-0.37911317,4.617286,UMAP
1796,after_phees_2022-08-08_13-47-33_0000081_labelled_Tabor_pheeseq_0000019_labelled_mC2.wav,Tabor,Olympia,after,non-partner,Tabor-Lola,4.249309,3.7755337,UMAP
1797,after_phees_2022-08-08_13-47-33_0000081_labelled_Tabor_pheeseq_0000019_labelled_mC3.wav,Tabor,Olympia,after,non-partner,Tabor-Lola,-1.1686314,4.387719,UMAP
1798,after_phees_2022-08-08_13-47-33_0000081_labelled_Tabor_pheeseq_0000020_labelled_mC1.wav,Tabor,Olympia,after,non-partner,Tabor-Lola,0.02591223,4.811534,UMAP
1799,after_phees_2022-08-08_13-47-33_0000081_labelled_Tabor_pheeseq_0000020_labelled_mC3.wav,Tabor,Olympia,after,non-partner,Tabor-Lola,3.5060866,3.7474954,UMAP
1800,after_phees_2022-08-08_13-47-33_0000081_labelled_Tabor_pheeseq_0000020_labelled_mC4.wav,Tabor,Olympia,after,non-partner,Tabor-Lola,-1.017039,4.4476285,UMAP
1801,after_phees_2022-08-08_13-47-33_0000081_labelled_Tabor_pheeseq_0000021_labelled_mC1.wav,Tabor,Olympia,after,non-partner,Tabor-Lola,-0.16792254,4.4971623,UMAP
1802,after_phees_2022-08-08_13-47-33_0000081_labelled_Tabor_pheeseq_0000021_labelled_mC2.wav,Tabor,Olympia,after,non-partner,Tabor-Lola,2.091499,3.9383914,UMAP
1803,after_phees_2022-08-08_13-47-33_0000081_labelled_Tabor_pheeseq_0000021_labelled_mC3.wav,Tabor,Olympia,after,non-partner,Tabor-Lola,-1.2612871,4.447992,UMAP
1804,after_phees_2022-08-08_13-47-33_0000081_labelled_Tabor_pheeseq_0000023_labelled_mC1.wav,Tabor,Olympia,after,non-partner,Tabor-Lola,1.5652047,4.834819,UMAP
1805,after_phees_2022-08-08_13-47-33_0000081_labelled_Tabor_pheeseq_0000023_labelled_mC2.wav,Tabor,Olympia,after,non-partner,Tabor-Lola,4.7508454,4.0422955,UMAP
1806,after_phees_2022-08-08_13-47-33_0000081_labelled_Tabor_pheeseq_0000023_labelled_mC3.wav,Tabor,Olympia,after,non-partner,Tabor-Lola,-1.8566582,4.792964,UMAP
1807,after_phees_2022-08-08_13-47-33_0000081_labelled_Tabor_pheeseq_0000024_labelled_mB1.wav,Tabor,Olympia,after,non-partner,Tabor-Lola,1.4714774,4.8088107,UMAP
1808,after_phees_2022-08-08_13-47-33_0000081_labelled_Tabor_pheeseq_0000024_labelled_mB2.wav,Tabor,Olympia,after,non-partner,Tabor-Lola,5.4752517,4.1813626,UMAP
1809,after_phees_2022-08-08_13-47-33_0000081_labelled_Tabor_pheeseq_0000026_labelled_mD1.wav,Tabor,Olympia,after,non-partner,Tabor-Lola,4.1773353,4.090997,UMAP
1810,after_phees_2022-08-08_13-47-33_0000081_labelled_Tabor_pheeseq_0000026_labelled_mD2.wav,Tabor,Olympia,after,non-partner,Tabor-Lola,5.3803973,4.066801,UMAP
1811,after_phees_2022-08-08_13-47-33_0000081_labelled_Tabor_pheeseq_0000026_labelled_mD3.wav,Tabor,Olympia,after,non-partner,Tabor-Lola,0.5899824,3.6540575,UMAP
1812,after_phees_2022-08-08_13-47-33_0000081_labelled_Tabor_pheeseq_0000026_labelled_mD4.wav,Tabor,Olympia,after,non-partner,Tabor-Lola,-3.9765925,4.807485,UMAP
1813,after_phees_2022-08-08_13-47-33_0000081_labelled_Tabor_pheeseq_0000027_labelled_mD1.wav,Tabor,Olympia,after,non-partner,Tabor-Lola,4.8745875,4.087811,UMAP
1814,after_phees_2022-08-08_13-47-33_0000081_labelled_Tabor_pheeseq_0000027_labelled_mD2.wav,Tabor,Olympia,after,non-partner,Tabor-Lola,7.0431795,4.5330353,UMAP
1815,after_phees_2022-08-08_13-47-33_0000081_labelled_Tabor_pheeseq_0000027_labelled_mD3.wav,Tabor,Olympia,after,non-partner,Tabor-Lola,3.877377,3.5475926,UMAP
1816,after_phees_2022-08-08_13-47-33_0000081_labelled_Tabor_pheeseq_0000027_labelled_mD4.wav,Tabor,Olympia,after,non-partner,Tabor-Lola,-0.5345675,3.6495464,UMAP
1817,after_phees_2022-08-08_13-47-33_0000081_labelled_Tabor_pheeseq_0000030_labelled_mD1.wav,Tabor,Olympia,after,non-partner,Tabor-Lola,3.3242812,4.1700444,UMAP
1818,after_phees_2022-08-08_13-47-33_0000081_labelled_Tabor_pheeseq_0000030_labelled_mD2.wav,Tabor,Olympia,after,non-partner,Tabor-Lola,6.9733768,4.4273624,UMAP
1819,after_phees_2022-08-08_13-47-33_0000081_labelled_Tabor_pheeseq_0000030_labelled_mD3.wav,Tabor,Olympia,after,non-partner,Tabor-Lola,4.050039,3.570325,UMAP
1820,after_phees_2022-08-08_13-47-33_0000081_labelled_Tabor_pheeseq_0000030_labelled_mD4.wav,Tabor,Olympia,after,non-partner,Tabor-Lola,0.87987536,3.249147,UMAP
1821,after_phees_2022-08-08_14-12-29_0000082_labelled_Odin_pheeseq_0000004_labelled_mC1.wav,Odin,Olympia,after,non-partner,Odin-Nougatti,6.684545,4.519673,UMAP
1822,after_phees_2022-08-08_14-12-29_0000082_labelled_Odin_pheeseq_0000004_labelled_mC2.wav,Odin,Olympia,after,non-partner,Odin-Nougatti,11.972848,4.9696584,UMAP
1823,after_phees_2022-08-08_14-12-29_0000082_labelled_Odin_pheeseq_0000004_labelled_mC3.wav,Odin,Olympia,after,non-partner,Odin-Nougatti,12.196798,4.6553597,UMAP
1824,after_phees_2022-08-08_14-12-29_0000082_labelled_Odin_pheeseq_0000006_labelled_mD1.wav,Odin,Olympia,after,non-partner,Odin-Nougatti,3.614858,4.0252852,UMAP
1825,after_phees_2022-08-08_14-12-29_0000082_labelled_Odin_pheeseq_0000006_labelled_mD3.wav,Odin,Olympia,after,non-partner,Odin-Nougatti,9.23256,5.041876,UMAP
1826,after_phees_2022-08-08_14-12-29_0000082_labelled_Odin_pheeseq_0000006_labelled_mD4.wav,Odin,Olympia,after,non-partner,Odin-Nougatti,12.066742,5.569641,UMAP
1827,after_phees_2022-08-08_14-12-29_0000082_labelled_Odin_pheeseq_0000006_labelled_mD5.wav,Odin,Olympia,after,non-partner,Odin-Nougatti,11.489578,5.2047505,UMAP
1828,after_phees_2022-08-08_14-12-29_0000082_labelled_Odin_pheeseq_0000007_labelled_mD1.wav,Odin,Olympia,after,non-partner,Odin-Nougatti,1.4938283,4.287968,UMAP
1829,after_phees_2022-08-08_14-12-29_0000082_labelled_Odin_pheeseq_0000007_labelled_mD4.wav,Odin,Olympia,after,non-partner,Odin-Nougatti,10.143979,4.942044,UMAP
1830,after_phees_2022-08-08_14-12-29_0000082_labelled_Odin_pheeseq_0000007_labelled_mD5.wav,Odin,Olympia,after,non-partner,Odin-Nougatti,11.689049,5.3459783,UMAP
1831,after_phees_2022-08-08_14-12-29_0000082_labelled_Odin_pheeseq_0000007_labelled_mD6.wav,Odin,Olympia,after,non-partner,Odin-Nougatti,11.152434,5.0530367,UMAP
1832,after_phees_2022-08-08_14-12-29_0000082_labelled_Odin_pheeseq_0000008_labelled_mD1.wav,Odin,Olympia,after,non-partner,Odin-Nougatti,1.537004,4.190978,UMAP
1833,after_phees_2022-08-08_14-12-29_0000082_labelled_Odin_pheeseq_0000008_labelled_mD3.wav,Odin,Olympia,after,non-partner,Odin-Nougatti,8.681406,5.2787642,UMAP
1834,after_phees_2022-08-08_14-12-29_0000082_labelled_Odin_pheeseq_0000008_labelled_mD4.wav,Odin,Olympia,after,non-partner,Odin-Nougatti,11.988496,5.5532904,UMAP
1835,after_phees_2022-08-08_14-12-29_0000082_labelled_Odin_pheeseq_0000008_labelled_mD5.wav,Odin,Olympia,after,non-partner,Odin-Nougatti,12.036566,5.500784,UMAP
1836,after_phees_2022-08-08_14-12-29_0000082_labelled_Odin_pheeseq_0000017_labelled_mC1.wav,Odin,Olympia,after,non-partner,Odin-Nougatti,12.25518,4.357624,UMAP
1837,after_phees_2022-08-08_14-12-29_0000082_labelled_Odin_pheeseq_0000017_labelled_mC2.wav,Odin,Olympia,after,non-partner,Odin-Nougatti,12.400832,4.0972853,UMAP
1838,after_phees_2022-08-08_14-12-29_0000082_labelled_Odin_pheeseq_0000017_labelled_mC3.wav,Odin,Olympia,after,non-partner,Odin-Nougatti,1.7952657,3.5856853,UMAP
1839,after_phees_2022-08-08_14-12-29_0000082_labelled_Odin_pheeseq_0000020_labelled_mE1.wav,Odin,Olympia,after,non-partner,Odin-Nougatti,5.1237416,1.6038231,UMAP
1840,after_phees_2022-08-08_14-12-29_0000082_labelled_Odin_pheeseq_0000020_labelled_mE2.wav,Odin,Olympia,after,non-partner,Odin-Nougatti,11.385565,4.9951453,UMAP
1841,after_phees_2022-08-08_14-12-29_0000082_labelled_Odin_pheeseq_0000020_labelled_mE3.wav,Odin,Olympia,after,non-partner,Odin-Nougatti,12.24863,4.950653,UMAP
1842,after_phees_2022-08-08_14-12-29_0000082_labelled_Odin_pheeseq_0000020_labelled_mE4.wav,Odin,Olympia,after,non-partner,Odin-Nougatti,10.064199,4.8515453,UMAP
1843,after_phees_2022-08-08_14-12-29_0000082_labelled_Odin_pheeseq_0000020_labelled_mE5.wav,Odin,Olympia,after,non-partner,Odin-Nougatti,-3.0813348,5.089824,UMAP
1844,after_phees_2022-08-08_14-12-29_0000082_labelled_Odin_pheeseq_0000021_labelled_mE1.wav,Odin,Olympia,after,non-partner,Odin-Nougatti,4.6193337,1.782723,UMAP
1845,after_phees_2022-08-08_14-12-29_0000082_labelled_Odin_pheeseq_0000021_labelled_mE4.wav,Odin,Olympia,after,non-partner,Odin-Nougatti,11.988489,5.461803,UMAP
1846,after_phees_2022-08-08_14-12-29_0000082_labelled_Odin_pheeseq_0000021_labelled_mE5.wav,Odin,Olympia,after,non-partner,Odin-Nougatti,9.98372,5.0225773,UMAP
1847,after_phees_2022-08-08_14-12-29_0000082_labelled_Odin_pheeseq_0000023_labelled_mE1.wav,Odin,Olympia,after,non-partner,Odin-Nougatti,9.207118,4.7645407,UMAP
1848,after_phees_2022-08-08_14-12-29_0000082_labelled_Odin_pheeseq_0000023_labelled_mE4.wav,Odin,Olympia,after,non-partner,Odin-Nougatti,12.3182125,5.571633,UMAP
1849,after_phees_2022-08-08_14-12-29_0000082_labelled_Odin_pheeseq_0000023_labelled_mE5.wav,Odin,Olympia,after,non-partner,Odin-Nougatti,12.044364,5.5869784,UMAP
1850,after_phees_2022-08-08_14-12-29_0000082_labelled_Odin_pheeseq_0000023_labelled_mE6.wav,Odin,Olympia,after,non-partner,Odin-Nougatti,8.97406,5.30776,UMAP
1851,after_phees_2022-08-08_14-12-29_0000082_labelled_Odin_pheeseq_0000024_labelled_mD3.wav,Odin,Olympia,after,non-partner,Odin-Nougatti,10.136194,5.1387906,UMAP
1852,after_phees_2022-08-08_14-12-29_0000082_labelled_Odin_pheeseq_0000024_labelled_mD4.wav,Odin,Olympia,after,non-partner,Odin-Nougatti,12.209167,5.621162,UMAP
1853,after_phees_2022-08-08_14-12-29_0000082_labelled_Odin_pheeseq_0000024_labelled_mD5.wav,Odin,Olympia,after,non-partner,Odin-Nougatti,12.101622,5.548658,UMAP
1854,after_phees_2022-08-08_14-12-29_0000082_labelled_Odin_pheeseq_0000025_labelled_mD1.wav,Odin,Olympia,after,non-partner,Odin-Nougatti,1.34311,4.2451005,UMAP
1855,after_phees_2022-08-08_14-12-29_0000082_labelled_Odin_pheeseq_0000025_labelled_mD3.wav,Odin,Olympia,after,non-partner,Odin-Nougatti,9.319922,5.3461905,UMAP
1856,after_phees_2022-08-08_14-12-29_0000082_labelled_Odin_pheeseq_0000025_labelled_mD5.wav,Odin,Olympia,after,non-partner,Odin-Nougatti,12.380482,5.5546083,UMAP
1857,after_phees_2022-08-08_14-12-29_0000082_labelled_Odin_pheeseq_0000025_labelled_mD6.wav,Odin,Olympia,after,non-partner,Odin-Nougatti,12.170792,5.6308165,UMAP
1858,after_phees_2022-08-08_14-12-29_0000082_labelled_Odin_pheeseq_0000035_labelled_mC1.wav,Odin,Olympia,after,non-partner,Odin-Nougatti,8.727839,4.155588,UMAP
1859,after_phees_2022-08-08_14-12-29_0000082_labelled_Odin_pheeseq_0000035_labelled_mC2.wav,Odin,Olympia,after,non-partner,Odin-Nougatti,11.851469,4.2330785,UMAP
1860,after_phees_2022-08-08_14-12-29_0000082_labelled_Odin_pheeseq_0000035_labelled_mC3.wav,Odin,Olympia,after,non-partner,Odin-Nougatti,10.189979,4.11057,UMAP
1861,after_phees_2022-08-08_14-12-29_0000082_labelled_Odin_pheeseq_0000037_labelled_mD1.wav,Odin,Olympia,after,non-partner,Odin-Nougatti,4.2613225,4.2546606,UMAP
1862,after_phees_2022-08-08_14-12-29_0000082_labelled_Odin_pheeseq_0000037_labelled_mD4.wav,Odin,Olympia,after,non-partner,Odin-Nougatti,10.013026,5.0037093,UMAP
1863,after_phees_2022-08-08_14-12-29_0000082_labelled_Odin_pheeseq_0000037_labelled_mD5.wav,Odin,Olympia,after,non-partner,Odin-Nougatti,10.773034,4.9219923,UMAP
1864,after_phees_2022-08-08_14-12-29_0000082_labelled_Odin_pheeseq_0000038_labelled_mD1.wav,Odin,Olympia,after,non-partner,Odin-Nougatti,4.3810735,4.283237,UMAP
1865,after_phees_2022-08-08_14-12-29_0000082_labelled_Odin_pheeseq_0000038_labelled_mD3.wav,Odin,Olympia,after,non-partner,Odin-Nougatti,9.277539,5.076426,UMAP
1866,after_phees_2022-08-08_14-12-29_0000082_labelled_Odin_pheeseq_0000038_labelled_mD4.wav,Odin,Olympia,after,non-partner,Odin-Nougatti,9.772171,4.9985647,UMAP
1867,after_phees_2022-08-08_14-12-29_0000082_labelled_Odin_pheeseq_0000038_labelled_mD5.wav,Odin,Olympia,after,non-partner,Odin-Nougatti,12.019473,5.558082,UMAP
1868,after_phees_2022-08-08_14-12-29_0000082_labelled_Odin_pheeseq_0000039_labelled_mD1.wav,Odin,Olympia,after,non-partner,Odin-Nougatti,6.4130254,4.465065,UMAP
1869,after_phees_2022-08-08_14-12-29_0000082_labelled_Odin_pheeseq_0000039_labelled_mD6.wav,Odin,Olympia,after,non-partner,Odin-Nougatti,12.4648905,5.3317137,UMAP
1870,after_phees_2022-08-08_14-12-29_0000082_labelled_Odin_pheeseq_0000039_labelled_mD7.wav,Odin,Olympia,after,non-partner,Odin-Nougatti,12.280145,5.108795,UMAP
1871,after_phees_2022-08-08_14-12-29_0000082_labelled_Odin_pheeseq_0000041_labelled_mC2.wav,Odin,Olympia,after,non-partner,Odin-Nougatti,12.403302,4.4016113,UMAP
1872,after_phees_2022-08-08_14-12-29_0000082_labelled_Odin_pheeseq_0000041_labelled_mC3.wav,Odin,Olympia,after,non-partner,Odin-Nougatti,12.537608,4.422817,UMAP
1873,after_phees_2022-08-08_14-12-29_0000082_labelled_Odin_pheeseq_0000043_labelled_mB1.wav,Odin,Olympia,after,non-partner,Odin-Nougatti,8.558535,5.1455483,UMAP
1874,after_phees_2022-08-08_14-12-29_0000082_labelled_Odin_pheeseq_0000043_labelled_mB3.wav,Odin,Olympia,after,non-partner,Odin-Nougatti,12.26834,4.813774,UMAP
1875,after_phees_2022-08-08_14-12-29_0000082_labelled_Odin_pheeseq_0000044_labelled_mD1.wav,Odin,Olympia,after,non-partner,Odin-Nougatti,9.046617,4.2858167,UMAP
1876,after_phees_2022-08-08_14-12-29_0000082_labelled_Odin_pheeseq_0000044_labelled_mD2.wav,Odin,Olympia,after,non-partner,Odin-Nougatti,11.399888,4.992015,UMAP
1877,after_phees_2022-08-08_14-12-29_0000082_labelled_Odin_pheeseq_0000044_labelled_mD3.wav,Odin,Olympia,after,non-partner,Odin-Nougatti,12.242279,4.697,UMAP
1878,after_phees_2022-08-08_14-12-29_0000082_labelled_Odin_pheeseq_0000044_labelled_mD4.wav,Odin,Olympia,after,non-partner,Odin-Nougatti,10.413586,4.7865767,UMAP
1879,after_phees_2022-08-08_14-12-29_0000082_labelled_Odin_pheeseq_0000045_labelled_mD1.wav,Odin,Olympia,after,non-partner,Odin-Nougatti,4.236057,4.2821984,UMAP
1880,after_phees_2022-08-08_14-12-29_0000082_labelled_Odin_pheeseq_0000045_labelled_mD4.wav,Odin,Olympia,after,non-partner,Odin-Nougatti,10.055363,4.9013286,UMAP
1881,after_phees_2022-08-08_14-12-29_0000082_labelled_Odin_pheeseq_0000045_labelled_mD5.wav,Odin,Olympia,after,non-partner,Odin-Nougatti,11.61272,5.2200046,UMAP
1882,after_phees_2022-08-08_14-12-29_0000082_labelled_Odin_pheeseq_0000045_labelled_mD6.wav,Odin,Olympia,after,non-partner,Odin-Nougatti,12.047759,5.0708346,UMAP
1883,after_phees_2022-08-08_14-12-29_0000082_labelled_Odin_pheeseq_0000046_labelled_mD1.wav,Odin,Olympia,after,non-partner,Odin-Nougatti,9.317687,4.3218403,UMAP
1884,after_phees_2022-08-08_14-12-29_0000082_labelled_Odin_pheeseq_0000046_labelled_mD3.wav,Odin,Olympia,after,non-partner,Odin-Nougatti,12.335807,5.4423203,UMAP
1885,after_phees_2022-08-08_14-12-29_0000082_labelled_Odin_pheeseq_0000046_labelled_mD4.wav,Odin,Olympia,after,non-partner,Odin-Nougatti,12.1239195,4.9502215,UMAP
1886,after_phees_2022-08-08_14-12-29_0000082_labelled_Odin_pheeseq_0000046_labelled_mD5.wav,Odin,Olympia,after,non-partner,Odin-Nougatti,10.267918,4.1310716,UMAP
1887,after_phees_2022-08-08_14-12-29_0000082_labelled_Odin_pheeseq_0000047_labelled_mD5.wav,Odin,Olympia,after,non-partner,Odin-Nougatti,11.216528,5.3247833,UMAP
1888,after_phees_2022-08-08_14-12-29_0000082_labelled_Odin_pheeseq_0000047_labelled_mD6.wav,Odin,Olympia,after,non-partner,Odin-Nougatti,12.00387,5.3276772,UMAP
1889,after_phees_2022-08-08_14-12-29_0000082_labelled_Olympia_pheeseq_0000048_labelled_mB1.wav,Olympia,Odin,after,non-partner,Wuschel-Olympia,-2.3918958,5.2394342,UMAP
1890,after_phees_2022-08-08_14-12-29_0000082_labelled_Olympia_pheeseq_0000048_labelled_mB2.wav,Olympia,Odin,after,non-partner,Wuschel-Olympia,-2.7501597,4.9606895,UMAP
1891,after_phees_2022-08-08_14-38-44_0000083_labelled_Nougatti_pheeseq_0000002_labelled_mB1.wav,Nougatti,Odin,after,partner,Odin-Nougatti,9.982795,3.6623766,UMAP
1892,after_phees_2022-08-08_14-38-44_0000083_labelled_Nougatti_pheeseq_0000008_labelled_mB1.wav,Nougatti,Odin,after,partner,Odin-Nougatti,8.200161,3.2334025,UMAP
1893,after_phees_2022-08-08_14-38-44_0000083_labelled_Nougatti_pheeseq_0000008_labelled_mB2.wav,Nougatti,Odin,after,partner,Odin-Nougatti,6.873594,3.0778072,UMAP
1894,after_phees_2022-08-08_14-38-44_0000083_labelled_Nougatti_pheeseq_0000016_labelled_mB1.wav,Nougatti,Odin,after,partner,Odin-Nougatti,3.0482519,5.2173147,UMAP
1895,after_phees_2022-08-08_14-38-44_0000083_labelled_Nougatti_pheeseq_0000016_labelled_mB2.wav,Nougatti,Odin,after,partner,Odin-Nougatti,5.571829,3.8096507,UMAP
1896,after_phees_2022-08-08_14-38-44_0000083_labelled_Nougatti_pheeseq_0000019_labelled_mB1.wav,Nougatti,Odin,after,partner,Odin-Nougatti,2.966956,5.329227,UMAP
1897,after_phees_2022-08-08_14-38-44_0000083_labelled_Nougatti_pheeseq_0000019_labelled_mB3.wav,Nougatti,Odin,after,partner,Odin-Nougatti,7.499344,4.3369546,UMAP
1898,after_phees_2022-08-08_14-38-44_0000083_labelled_Nougatti_pheeseq_0000020_labelled_mB1.wav,Nougatti,Odin,after,partner,Odin-Nougatti,4.9852824,1.8174722,UMAP
1899,after_phees_2022-08-08_14-38-44_0000083_labelled_Nougatti_pheeseq_0000020_labelled_mB2.wav,Nougatti,Odin,after,partner,Odin-Nougatti,9.576918,3.747904,UMAP
1900,after_phees_2022-08-08_14-38-44_0000083_labelled_Nougatti_pheeseq_0000022_labelled_mB1.wav,Nougatti,Odin,after,partner,Odin-Nougatti,4.7088203,1.803047,UMAP
1901,after_phees_2022-08-08_14-38-44_0000083_labelled_Nougatti_pheeseq_0000022_labelled_mB2.wav,Nougatti,Odin,after,partner,Odin-Nougatti,10.554989,3.6067336,UMAP
1902,after_phees_2022-08-08_14-38-44_0000083_labelled_Nougatti_pheeseq_0000023_labelled_mB1.wav,Nougatti,Odin,after,partner,Odin-Nougatti,4.7183414,2.0665705,UMAP
1903,after_phees_2022-08-08_14-38-44_0000083_labelled_Nougatti_pheeseq_0000023_labelled_mB3.wav,Nougatti,Odin,after,partner,Odin-Nougatti,10.50489,3.7291508,UMAP
1904,after_phees_2022-08-08_14-38-44_0000083_labelled_Nougatti_pheeseq_0000024_labelled_mB1.wav,Nougatti,Odin,after,partner,Odin-Nougatti,4.6984897,1.724796,UMAP
1905,after_phees_2022-08-08_14-38-44_0000083_labelled_Nougatti_pheeseq_0000024_labelled_mB2.wav,Nougatti,Odin,after,partner,Odin-Nougatti,9.599756,4.0041785,UMAP
1906,after_phees_2022-08-08_14-38-44_0000083_labelled_Nougatti_pheeseq_0000025_labelled_mC1.wav,Nougatti,Odin,after,partner,Odin-Nougatti,5.0764756,1.2701497,UMAP
1907,after_phees_2022-08-08_14-38-44_0000083_labelled_Nougatti_pheeseq_0000025_labelled_mC2.wav,Nougatti,Odin,after,partner,Odin-Nougatti,8.978776,3.920753,UMAP
1908,after_phees_2022-08-08_14-38-44_0000083_labelled_Nougatti_pheeseq_0000025_labelled_mC3.wav,Nougatti,Odin,after,partner,Odin-Nougatti,11.325389,4.2310867,UMAP
1909,after_phees_2022-08-08_14-38-44_0000083_labelled_Nougatti_pheeseq_0000036_labelled_mB1.wav,Nougatti,Odin,after,partner,Odin-Nougatti,3.8462284,4.280488,UMAP
1910,after_phees_2022-08-08_14-38-44_0000083_labelled_Nougatti_pheeseq_0000037_labelled_mB1.wav,Nougatti,Odin,after,partner,Odin-Nougatti,2.7728403,5.341125,UMAP
1911,after_phees_2022-08-08_14-38-44_0000083_labelled_Nougatti_pheeseq_0000037_labelled_mB3.wav,Nougatti,Odin,after,partner,Odin-Nougatti,10.621402,4.24809,UMAP
1912,after_phees_2022-08-08_14-38-44_0000083_labelled_Nougatti_pheeseq_0000038_labelled_mC1.wav,Nougatti,Odin,after,partner,Odin-Nougatti,4.077123,4.292198,UMAP
1913,after_phees_2022-08-08_14-38-44_0000083_labelled_Nougatti_pheeseq_0000038_labelled_mC2.wav,Nougatti,Odin,after,partner,Odin-Nougatti,10.726086,4.3051205,UMAP
1914,after_phees_2022-08-08_14-38-44_0000083_labelled_Nougatti_pheeseq_0000038_labelled_mC3.wav,Nougatti,Odin,after,partner,Odin-Nougatti,-0.39906666,3.7057333,UMAP
1915,after_phees_2022-08-08_14-38-44_0000083_labelled_Nougatti_pheeseq_0000040_labelled_mB1.wav,Nougatti,Odin,after,partner,Odin-Nougatti,3.0337958,4.878422,UMAP
1916,after_phees_2022-08-08_14-38-44_0000083_labelled_Nougatti_pheeseq_0000040_labelled_mB3.wav,Nougatti,Odin,after,partner,Odin-Nougatti,10.870473,4.119353,UMAP
1917,after_phees_2022-08-08_14-38-44_0000083_labelled_Nougatti_pheeseq_0000041_labelled_mB1.wav,Nougatti,Odin,after,partner,Odin-Nougatti,3.6749341,4.8030496,UMAP
1918,after_phees_2022-08-08_14-38-44_0000083_labelled_Nougatti_pheeseq_0000041_labelled_mB3.wav,Nougatti,Odin,after,partner,Odin-Nougatti,11.391415,4.1773925,UMAP
1919,after_phees_2022-08-08_14-38-44_0000083_labelled_Nougatti_pheeseq_0000043_labelled_mB1.wav,Nougatti,Odin,after,partner,Odin-Nougatti,3.168483,5.132922,UMAP
1920,after_phees_2022-08-08_14-38-44_0000083_labelled_Nougatti_pheeseq_0000043_labelled_mB3.wav,Nougatti,Odin,after,partner,Odin-Nougatti,10.546876,4.0788846,UMAP
1921,after_phees_2022-08-08_14-38-44_0000083_labelled_Nougatti_pheeseq_0000044_labelled_mB1.wav,Nougatti,Odin,after,partner,Odin-Nougatti,3.3098974,4.917426,UMAP
1922,after_phees_2022-08-08_14-38-44_0000083_labelled_Nougatti_pheeseq_0000044_labelled_mB3.wav,Nougatti,Odin,after,partner,Odin-Nougatti,10.780175,4.145675,UMAP
1923,after_phees_2022-08-08_14-38-44_0000083_labelled_Nougatti_pheeseq_0000045_labelled_mB1.wav,Nougatti,Odin,after,partner,Odin-Nougatti,4.78165,1.6349217,UMAP
1924,after_phees_2022-08-08_14-38-44_0000083_labelled_Nougatti_pheeseq_0000045_labelled_mB2.wav,Nougatti,Odin,after,partner,Odin-Nougatti,10.400139,3.7591338,UMAP
1925,after_phees_2022-08-08_14-38-44_0000083_labelled_Nougatti_pheeseq_0000046_labelled_mB1.wav,Nougatti,Odin,after,partner,Odin-Nougatti,4.729212,1.772213,UMAP
1926,after_phees_2022-08-08_14-38-44_0000083_labelled_Nougatti_pheeseq_0000046_labelled_mB2.wav,Nougatti,Odin,after,partner,Odin-Nougatti,10.707316,4.1107345,UMAP
1927,after_phees_2022-08-08_15-04-09_0000084_labelled_Nougatti_pheeseq_0000005_labelled_mB1.wav,Nougatti,Wuschel,after,non-partner,Odin-Nougatti,3.5264356,4.871168,UMAP
1928,after_phees_2022-08-08_15-04-09_0000084_labelled_Nougatti_pheeseq_0000005_labelled_mB3.wav,Nougatti,Wuschel,after,non-partner,Odin-Nougatti,8.617431,4.011846,UMAP
1929,after_phees_2022-08-08_15-04-09_0000084_labelled_Nougatti_pheeseq_0000006_labelled_mB1.wav,Nougatti,Wuschel,after,non-partner,Odin-Nougatti,4.7999096,1.7032334,UMAP
1930,after_phees_2022-08-08_15-04-09_0000084_labelled_Nougatti_pheeseq_0000006_labelled_mB2.wav,Nougatti,Wuschel,after,non-partner,Odin-Nougatti,10.301572,3.8384485,UMAP
1931,after_phees_2022-08-08_15-04-09_0000084_labelled_Nougatti_pheeseq_0000007_labelled_mB1.wav,Nougatti,Wuschel,after,non-partner,Odin-Nougatti,3.6799946,4.8241935,UMAP
1932,after_phees_2022-08-08_15-04-09_0000084_labelled_Nougatti_pheeseq_0000007_labelled_mB3.wav,Nougatti,Wuschel,after,non-partner,Odin-Nougatti,10.163772,3.781456,UMAP
1933,after_phees_2022-08-08_15-04-09_0000084_labelled_Nougatti_pheeseq_0000008_labelled_mC1.wav,Nougatti,Wuschel,after,non-partner,Odin-Nougatti,4.699011,1.766063,UMAP
1934,after_phees_2022-08-08_15-04-09_0000084_labelled_Nougatti_pheeseq_0000008_labelled_mC3.wav,Nougatti,Wuschel,after,non-partner,Odin-Nougatti,11.755059,4.077481,UMAP
1935,after_phees_2022-08-08_15-04-09_0000084_labelled_Nougatti_pheeseq_0000008_labelled_mC4.wav,Nougatti,Wuschel,after,non-partner,Odin-Nougatti,9.728628,4.6434593,UMAP
1936,after_phees_2022-08-08_15-04-09_0000084_labelled_Nougatti_pheeseq_0000009_labelled_mB1.wav,Nougatti,Wuschel,after,non-partner,Odin-Nougatti,4.767028,1.6711906,UMAP
1937,after_phees_2022-08-08_15-04-09_0000084_labelled_Nougatti_pheeseq_0000009_labelled_mB2.wav,Nougatti,Wuschel,after,non-partner,Odin-Nougatti,11.883543,4.1675043,UMAP
1938,after_phees_2022-08-08_15-04-09_0000084_labelled_Nougatti_pheeseq_0000010_labelled_mB1.wav,Nougatti,Wuschel,after,non-partner,Odin-Nougatti,5.083452,1.2793413,UMAP
1939,after_phees_2022-08-08_15-04-09_0000084_labelled_Nougatti_pheeseq_0000010_labelled_mB2.wav,Nougatti,Wuschel,after,non-partner,Odin-Nougatti,10.552805,3.7223272,UMAP
1940,after_phees_2022-08-08_15-04-09_0000084_labelled_Nougatti_pheeseq_0000011_labelled_mB1.wav,Nougatti,Wuschel,after,non-partner,Odin-Nougatti,5.1887064,1.2283517,UMAP
1941,after_phees_2022-08-08_15-04-09_0000084_labelled_Nougatti_pheeseq_0000011_labelled_mB2.wav,Nougatti,Wuschel,after,non-partner,Odin-Nougatti,12.168972,4.2029495,UMAP
1942,after_phees_2022-08-08_15-04-09_0000084_labelled_Nougatti_pheeseq_0000026_labelled_mB1.wav,Nougatti,Wuschel,after,non-partner,Odin-Nougatti,2.5839968,5.3502026,UMAP
1943,after_phees_2022-08-08_15-04-09_0000084_labelled_Nougatti_pheeseq_0000026_labelled_mB2.wav,Nougatti,Wuschel,after,non-partner,Odin-Nougatti,7.4804726,4.1620708,UMAP
1944,after_phees_2022-08-08_15-04-09_0000084_labelled_Nougatti_pheeseq_0000027_labelled_mB1.wav,Nougatti,Wuschel,after,non-partner,Odin-Nougatti,3.1185105,5.2252607,UMAP
1945,after_phees_2022-08-08_15-04-09_0000084_labelled_Nougatti_pheeseq_0000027_labelled_mB2.wav,Nougatti,Wuschel,after,non-partner,Odin-Nougatti,9.548367,3.9685323,UMAP
1946,after_phees_2022-08-08_15-04-09_0000084_labelled_Nougatti_pheeseq_0000028_labelled_mB1.wav,Nougatti,Wuschel,after,non-partner,Odin-Nougatti,2.974161,5.3347206,UMAP
1947,after_phees_2022-08-08_15-04-09_0000084_labelled_Nougatti_pheeseq_0000028_labelled_mB2.wav,Nougatti,Wuschel,after,non-partner,Odin-Nougatti,9.300356,4.1210785,UMAP
1948,after_phees_2022-08-08_15-04-09_0000084_labelled_Nougatti_pheeseq_0000029_labelled_mB1.wav,Nougatti,Wuschel,after,non-partner,Odin-Nougatti,2.8841262,5.3978615,UMAP
1949,after_phees_2022-08-08_15-04-09_0000084_labelled_Nougatti_pheeseq_0000029_labelled_mB2.wav,Nougatti,Wuschel,after,non-partner,Odin-Nougatti,10.334635,3.7761083,UMAP
1950,after_phees_2022-08-08_15-04-09_0000084_labelled_Nougatti_pheeseq_0000030_labelled_mB1.wav,Nougatti,Wuschel,after,non-partner,Odin-Nougatti,3.5804875,5.036731,UMAP
1951,after_phees_2022-08-08_15-04-09_0000084_labelled_Nougatti_pheeseq_0000030_labelled_mB2.wav,Nougatti,Wuschel,after,non-partner,Odin-Nougatti,9.233532,3.9149508,UMAP
1952,after_phees_2022-08-08_15-04-09_0000084_labelled_Nougatti_pheeseq_0000031_labelled_mB1.wav,Nougatti,Wuschel,after,non-partner,Odin-Nougatti,6.5440254,1.1899619,UMAP
1953,after_phees_2022-08-08_15-04-09_0000084_labelled_Nougatti_pheeseq_0000031_labelled_mB2.wav,Nougatti,Wuschel,after,non-partner,Odin-Nougatti,10.281499,3.5698721,UMAP
1954,after_phees_2022-08-08_15-04-09_0000084_labelled_Nougatti_pheeseq_0000032_labelled_mB1.wav,Nougatti,Wuschel,after,non-partner,Odin-Nougatti,5.257296,1.2052618,UMAP
1955,after_phees_2022-08-08_15-04-09_0000084_labelled_Nougatti_pheeseq_0000032_labelled_mB2.wav,Nougatti,Wuschel,after,non-partner,Odin-Nougatti,11.464023,4.0772705,UMAP
1956,after_phees_2022-08-08_15-04-09_0000084_labelled_Nougatti_pheeseq_0000033_labelled_mC1.wav,Nougatti,Wuschel,after,non-partner,Odin-Nougatti,5.051859,1.3946834,UMAP
1957,after_phees_2022-08-08_15-04-09_0000084_labelled_Nougatti_pheeseq_0000033_labelled_mC2.wav,Nougatti,Wuschel,after,non-partner,Odin-Nougatti,11.881406,4.19642,UMAP
1958,after_phees_2022-08-08_15-04-09_0000084_labelled_Nougatti_pheeseq_0000033_labelled_mC3.wav,Nougatti,Wuschel,after,non-partner,Odin-Nougatti,6.4506297,3.8779478,UMAP
1959,after_trills_2022-07-19_14-36-49_0000021_labelled_Wuschel_pheeseq_0000013_labelled_mB1.wav,Wuschel,Lola,after,non-partner,Wuschel-Olympia,13.936993,1.4662795,UMAP
1960,after_trills_2022-07-19_14-36-49_0000021_labelled_Wuschel_pheeseq_0000013_labelled_mB2.wav,Wuschel,Lola,after,non-partner,Wuschel-Olympia,13.791676,1.6037353,UMAP
1961,after_trills_2022-07-20_15-39-45_0000028_labelled_Tabor_pheeseq_0000011_labelled_mC1.wav,Tabor,Nougatti,after,non-partner,Tabor-Lola,4.0306344,3.450726,UMAP
1962,after_trills_2022-07-20_15-39-45_0000028_labelled_Tabor_pheeseq_0000011_labelled_mC2.wav,Tabor,Nougatti,after,non-partner,Tabor-Lola,2.7850473,2.709198,UMAP
1963,after_trills_2022-07-20_15-39-45_0000028_labelled_Tabor_pheeseq_0000011_labelled_mC3.wav,Tabor,Nougatti,after,non-partner,Tabor-Lola,1.3024213,3.1246853,UMAP
1964,after_trills_2022-07-20_15-39-45_0000028_labelled_Tabor_pheeseq_0000012_labelled_mB1.wav,Tabor,Nougatti,after,non-partner,Tabor-Lola,5.216907,4.1002293,UMAP
1965,after_trills_2022-07-20_15-39-45_0000028_labelled_Tabor_pheeseq_0000012_labelled_mB2.wav,Tabor,Nougatti,after,non-partner,Tabor-Lola,6.500244,3.7887218,UMAP
1966,after_trills_2022-07-21_10-47-45_0000032_labelled_Odin_pheeseq_0000017_labelled_mB1.wav,Odin,Nougatti,after,partner,Odin-Nougatti,-2.4072504,4.747779,UMAP
1967,after_trills_2022-07-21_13-24-59_0000034_labelled_Olympia_pheeseq_0000033_labelled_mB2.wav,Olympia,Wuschel,after,partner,Wuschel-Olympia,0.9360926,3.2122993,UMAP
1968,after_trills_2022-07-21_13-48-52_0000035_labelled_Tabor_pheeseq_0000002_labelled_mD1.wav,Tabor,Olympia,after,non-partner,Tabor-Lola,1.995852,4.2714314,UMAP
1969,after_trills_2022-07-21_13-48-52_0000035_labelled_Tabor_pheeseq_0000002_labelled_mD2.wav,Tabor,Olympia,after,non-partner,Tabor-Lola,2.5842662,2.7123744,UMAP
1970,after_trills_2022-07-21_13-48-52_0000035_labelled_Tabor_pheeseq_0000002_labelled_mD3.wav,Tabor,Olympia,after,non-partner,Tabor-Lola,-0.25035775,3.4741383,UMAP
1971,after_trills_2022-07-21_13-48-52_0000035_labelled_Tabor_pheeseq_0000002_labelled_mD4.wav,Tabor,Olympia,after,non-partner,Tabor-Lola,-3.0186098,5.0262327,UMAP
1972,after_trills_2022-07-21_13-48-52_0000035_labelled_Tabor_pheeseq_0000009_labelled_mB1.wav,Tabor,Olympia,after,non-partner,Tabor-Lola,2.3021576,5.349605,UMAP
1973,after_trills_2022-07-21_13-48-52_0000035_labelled_Tabor_pheeseq_0000009_labelled_mB2.wav,Tabor,Olympia,after,non-partner,Tabor-Lola,0.497467,4.068557,UMAP
1974,after_trills_2022-07-21_13-48-52_0000035_labelled_Tabor_pheeseq_0000011_labelled_mB2.wav,Tabor,Olympia,after,non-partner,Tabor-Lola,1.2967473,3.7198844,UMAP
1975,after_trills_2022-07-26_13-45-13_0000050_labelled_Tabor_pheeseq_0000002_labelled_mC1.wav,Tabor,Lola,after,partner,Tabor-Lola,0.68989503,3.5273738,UMAP
1976,after_trills_2022-07-26_13-45-13_0000050_labelled_Tabor_pheeseq_0000002_labelled_mC2.wav,Tabor,Lola,after,partner,Tabor-Lola,1.4253938,2.9992788,UMAP
1977,after_trills_2022-07-26_13-45-13_0000050_labelled_Tabor_pheeseq_0000014_labelled_mD1.wav,Tabor,Lola,after,partner,Tabor-Lola,3.5636625,3.3518538,UMAP
1978,after_trills_2022-07-26_13-45-13_0000050_labelled_Tabor_pheeseq_0000014_labelled_mD2.wav,Tabor,Lola,after,partner,Tabor-Lola,6.0121818,3.6147037,UMAP
1979,after_trills_2022-07-26_13-45-13_0000050_labelled_Tabor_pheeseq_0000014_labelled_mD3.wav,Tabor,Lola,after,partner,Tabor-Lola,2.6617806,3.0834143,UMAP
1980,after_trills_2022-07-26_13-45-13_0000050_labelled_Tabor_pheeseq_0000014_labelled_mD4.wav,Tabor,Lola,after,partner,Tabor-Lola,-3.2289462,4.955684,UMAP
1981,after_trills_2022-07-26_13-45-13_0000050_labelled_Tabor_pheeseq_0000015_labelled_mD1.wav,Tabor,Lola,after,partner,Tabor-Lola,4.6678233,2.9754481,UMAP
1982,after_trills_2022-07-26_13-45-13_0000050_labelled_Tabor_pheeseq_0000015_labelled_mD2.wav,Tabor,Lola,after,partner,Tabor-Lola,6.6019654,3.835412,UMAP
1983,after_trills_2022-07-26_13-45-13_0000050_labelled_Tabor_pheeseq_0000015_labelled_mD3.wav,Tabor,Lola,after,partner,Tabor-Lola,2.717712,2.6301346,UMAP
1984,after_trills_2022-07-26_13-45-13_0000050_labelled_Tabor_pheeseq_0000015_labelled_mD4.wav,Tabor,Lola,after,partner,Tabor-Lola,-1.0053778,3.7113934,UMAP
1985,after_trills_2022-07-26_15-00-39_0000053_labelled_Nougatti_pheeseq_0000009_labelled_mC2.wav,Nougatti,Wuschel,after,non-partner,Odin-Nougatti,2.8822794,2.9833763,UMAP
1986,after_trills_2022-07-26_15-00-39_0000053_labelled_Nougatti_pheeseq_0000009_labelled_mC3.wav,Nougatti,Wuschel,after,non-partner,Odin-Nougatti,-0.38869947,3.5327625,UMAP
1987,after_trills_2022-07-26_15-00-39_0000053_labelled_Nougatti_pheeseq_0000019_labelled_mB1.wav,Nougatti,Wuschel,after,non-partner,Odin-Nougatti,7.437602,1.126248,UMAP
1988,after_trills_2022-07-26_15-00-39_0000053_labelled_Nougatti_pheeseq_0000019_labelled_mB2.wav,Nougatti,Wuschel,after,non-partner,Odin-Nougatti,2.9425097,3.3543885,UMAP
1989,after_trills_2022-07-26_15-00-39_0000053_labelled_Nougatti_pheeseq_0000021_labelled_mD2.wav,Nougatti,Wuschel,after,non-partner,Odin-Nougatti,8.099234,3.390209,UMAP
1990,after_trills_2022-07-26_15-00-39_0000053_labelled_Nougatti_pheeseq_0000021_labelled_mD3.wav,Nougatti,Wuschel,after,non-partner,Odin-Nougatti,-0.16678353,3.532686,UMAP
1991,after_trills_2022-07-26_15-00-39_0000053_labelled_Nougatti_pheeseq_0000021_labelled_mD4.wav,Nougatti,Wuschel,after,non-partner,Odin-Nougatti,-4.6335883,4.715727,UMAP
1992,after_trills_2022-07-27_10-24-07_0000055_labelled_Tabor_pheeseq_0000002_labelled_mC1.wav,Tabor,Nougatti,after,non-partner,Tabor-Lola,5.1524296,2.7804017,UMAP
1993,after_trills_2022-07-27_10-24-07_0000055_labelled_Tabor_pheeseq_0000002_labelled_mC2.wav,Tabor,Nougatti,after,non-partner,Tabor-Lola,6.427348,3.7968051,UMAP
1994,after_trills_2022-07-27_10-24-07_0000055_labelled_Tabor_pheeseq_0000002_labelled_mC3.wav,Tabor,Nougatti,after,non-partner,Tabor-Lola,2.8908386,2.7874055,UMAP
1995,after_trills_2022-07-27_10-54-22_0000056_labelled_Odin_pheeseq_0000006_labelled_mB2.wav,Odin,Nougatti,after,partner,Odin-Nougatti,2.143493,4.6695805,UMAP
1996,after_trills_2022-07-27_11-30-42_0000057_labelled_Lola_pheeseq_0000004_labelled_mB1.wav,Lola,Wuschel,after,non-partner,Tabor-Lola,13.726608,1.4123507,UMAP
1997,after_trills_2022-07-27_11-30-42_0000057_labelled_Lola_pheeseq_0000004_labelled_mB2.wav,Lola,Wuschel,after,non-partner,Tabor-Lola,13.769314,1.5951285,UMAP
1998,after_trills_2022-08-02_15-01-39_0000067_labelled_Tabor_pheeseq_0000006_labelled_mD1.wav,Tabor,Lola,after,partner,Tabor-Lola,5.6621575,2.3792195,UMAP
1999,after_trills_2022-08-02_15-01-39_0000067_labelled_Tabor_pheeseq_0000006_labelled_mD2.wav,Tabor,Lola,after,partner,Tabor-Lola,6.4578624,3.8569684,UMAP
2000,after_trills_2022-08-02_15-01-39_0000067_labelled_Tabor_pheeseq_0000006_labelled_mD3.wav,Tabor,Lola,after,partner,Tabor-Lola,2.5775537,2.675181,UMAP
2001,after_trills_2022-08-02_15-01-39_0000067_labelled_Tabor_pheeseq_0000006_labelled_mD4.wav,Tabor,Lola,after,partner,Tabor-Lola,-0.4602318,3.5353556,UMAP
2002,after_trills_2022-08-02_15-01-39_0000067_labelled_Tabor_pheeseq_0000025_labelled_mB1.wav,Tabor,Lola,after,partner,Tabor-Lola,3.0599515,3.0381584,UMAP
2003,after_trills_2022-08-02_15-01-39_0000067_labelled_Tabor_pheeseq_0000025_labelled_mB2.wav,Tabor,Lola,after,partner,Tabor-Lola,2.588852,3.2398555,UMAP
2004,after_trills_2022-08-02_15-01-39_0000067_labelled_Tabor_pheeseq_0000027_labelled_mD1.wav,Tabor,Lola,after,partner,Tabor-Lola,4.874575,3.4224577,UMAP
2005,after_trills_2022-08-02_15-01-39_0000067_labelled_Tabor_pheeseq_0000027_labelled_mD2.wav,Tabor,Lola,after,partner,Tabor-Lola,6.7649555,3.654424,UMAP
2006,after_trills_2022-08-02_15-01-39_0000067_labelled_Tabor_pheeseq_0000027_labelled_mD3.wav,Tabor,Lola,after,partner,Tabor-Lola,6.21775,3.848004,UMAP
2007,after_trills_2022-08-02_15-01-39_0000067_labelled_Tabor_pheeseq_0000027_labelled_mD4.wav,Tabor,Lola,after,partner,Tabor-Lola,-0.2303701,3.5650914,UMAP
2008,after_trills_2022-08-02_15-01-39_0000067_labelled_Tabor_pheeseq_0000028_labelled_mB1.wav,Tabor,Lola,after,partner,Tabor-Lola,3.1770267,3.1245482,UMAP
2009,after_trills_2022-08-02_15-01-39_0000067_labelled_Tabor_pheeseq_0000028_labelled_mB2.wav,Tabor,Lola,after,partner,Tabor-Lola,2.7018704,3.2651718,UMAP
2010,after_trills_2022-08-02_15-01-39_0000067_labelled_Tabor_pheeseq_0000029_labelled_mD1.wav,Tabor,Lola,after,partner,Tabor-Lola,3.2507284,3.688229,UMAP
2011,after_trills_2022-08-02_15-01-39_0000067_labelled_Tabor_pheeseq_0000029_labelled_mD2.wav,Tabor,Lola,after,partner,Tabor-Lola,6.6797533,3.705659,UMAP
2012,after_trills_2022-08-02_15-01-39_0000067_labelled_Tabor_pheeseq_0000029_labelled_mD3.wav,Tabor,Lola,after,partner,Tabor-Lola,6.116585,3.8581538,UMAP
2013,after_trills_2022-08-02_15-01-39_0000067_labelled_Tabor_pheeseq_0000029_labelled_mD4.wav,Tabor,Lola,after,partner,Tabor-Lola,-0.89165574,3.7681787,UMAP
2014,after_trills_2022-08-02_15-01-39_0000067_labelled_Tabor_pheeseq_0000030_labelled_mD1.wav,Tabor,Lola,after,partner,Tabor-Lola,-0.0015237696,4.4696007,UMAP
2015,after_trills_2022-08-02_15-01-39_0000067_labelled_Tabor_pheeseq_0000030_labelled_mD2.wav,Tabor,Lola,after,partner,Tabor-Lola,2.9351225,2.767408,UMAP
2016,after_trills_2022-08-02_15-01-39_0000067_labelled_Tabor_pheeseq_0000030_labelled_mD3.wav,Tabor,Lola,after,partner,Tabor-Lola,1.4029101,2.9640303,UMAP
2017,after_trills_2022-08-02_15-01-39_0000067_labelled_Tabor_pheeseq_0000030_labelled_mD4.wav,Tabor,Lola,after,partner,Tabor-Lola,-0.7535204,3.5686088,UMAP
2018,after_trills_2022-08-02_15-01-39_0000067_labelled_Tabor_pheeseq_0000032_labelled_mD1.wav,Tabor,Lola,after,partner,Tabor-Lola,3.8422828,3.6083584,UMAP
2019,after_trills_2022-08-02_15-01-39_0000067_labelled_Tabor_pheeseq_0000032_labelled_mD2.wav,Tabor,Lola,after,partner,Tabor-Lola,6.369149,3.8622396,UMAP
2020,after_trills_2022-08-02_15-01-39_0000067_labelled_Tabor_pheeseq_0000032_labelled_mD3.wav,Tabor,Lola,after,partner,Tabor-Lola,2.5491605,2.6680865,UMAP
2021,after_trills_2022-08-02_15-01-39_0000067_labelled_Tabor_pheeseq_0000032_labelled_mD4.wav,Tabor,Lola,after,partner,Tabor-Lola,-0.94539565,3.7188473,UMAP
2022,after_trills_2022-08-03_14-57-11_0000071_labelled_Odin_pheeseq_0000017_labelled_mB1.wav,Odin,Olympia,after,non-partner,Odin-Nougatti,8.605732,2.428739,UMAP
2023,after_trills_2022-08-03_14-57-11_0000071_labelled_Odin_pheeseq_0000017_labelled_mB2.wav,Odin,Olympia,after,non-partner,Odin-Nougatti,8.338609,2.2746773,UMAP
2024,after_trills_2022-08-03_15-37-31_0000072_labelled_Nougatti_pheeseq_0000004_labelled_mB1.wav,Nougatti,Wuschel,after,non-partner,Odin-Nougatti,7.7995687,1.73128,UMAP
2025,after_trills_2022-08-03_15-37-31_0000072_labelled_Nougatti_pheeseq_0000004_labelled_mB2.wav,Nougatti,Wuschel,after,non-partner,Odin-Nougatti,5.1618323,2.8571737,UMAP
2026,after_trills_2022-08-04_09-19-20_0000073_labelled_Nougatti_pheeseq_0000002_labelled_mC2.wav,Nougatti,Tabor,after,non-partner,Odin-Nougatti,9.735446,4.063455,UMAP
2027,after_trills_2022-08-04_09-19-20_0000073_labelled_Nougatti_pheeseq_0000002_labelled_mC3.wav,Nougatti,Tabor,after,non-partner,Odin-Nougatti,2.41295,2.80688,UMAP
2028,after_trills_2022-08-04_09-45-02_0000074_labelled_Odin_pheeseq_0000028_labelled_mB2.wav,Odin,Nougatti,after,partner,Odin-Nougatti,6.153676,2.808089,UMAP
2029,after_trills_2022-08-04_09-45-02_0000074_labelled_Odin_pheeseq_0000036_labelled_mB2.wav,Odin,Nougatti,after,partner,Odin-Nougatti,5.718523,2.1147768,UMAP
2030,after_trills_2022-08-04_10-08-02_0000075_labelled_Odin_pheeseq_0000036_labelled_mC2.wav,Odin,Lola,after,non-partner,Odin-Nougatti,7.1146073,3.5477803,UMAP
2031,after_trills_2022-08-04_10-08-02_0000075_labelled_Odin_pheeseq_0000036_labelled_mC3.wav,Odin,Lola,after,non-partner,Odin-Nougatti,-2.6286066,4.9929614,UMAP
2032,after_trills_2022-08-04_10-49-33_0000076_labelled_Tabor_pheeseq_0000017_labelled_mB1.wav,Tabor,Lola,after,partner,Tabor-Lola,5.2720447,3.3566756,UMAP
2033,after_trills_2022-08-04_10-49-33_0000076_labelled_Tabor_pheeseq_0000017_labelled_mB2.wav,Tabor,Lola,after,partner,Tabor-Lola,6.3292704,3.8966925,UMAP
2034,after_trills_2022-08-04_10-49-33_0000076_labelled_Tabor_pheeseq_0000039_labelled_mC1.wav,Tabor,Lola,after,partner,Tabor-Lola,6.462108,3.8552942,UMAP
2035,after_trills_2022-08-04_10-49-33_0000076_labelled_Tabor_pheeseq_0000039_labelled_mC2.wav,Tabor,Lola,after,partner,Tabor-Lola,2.7578745,2.5913815,UMAP
2036,after_trills_2022-08-04_10-49-33_0000076_labelled_Tabor_pheeseq_0000039_labelled_mC3.wav,Tabor,Lola,after,partner,Tabor-Lola,-0.40506315,3.5063355,UMAP
2037,after_trills_2022-08-04_10-49-33_0000076_labelled_Tabor_pheeseq_0000043_labelled_mB1.wav,Tabor,Lola,after,partner,Tabor-Lola,6.249492,3.888344,UMAP
2038,after_trills_2022-08-04_10-49-33_0000076_labelled_Tabor_pheeseq_0000043_labelled_mB2.wav,Tabor,Lola,after,partner,Tabor-Lola,2.007123,2.7326152,UMAP
2039,after_trills_2022-08-08_10-34-30_0000077_labelled_Wuschel_pheeseq_0000022_labelled_mB1.wav,Wuschel,Olympia,after,partner,Wuschel-Olympia,0.99807805,3.486581,UMAP
2040,after_trills_2022-08-08_10-34-30_0000077_labelled_Wuschel_pheeseq_0000022_labelled_mB2.wav,Wuschel,Olympia,after,partner,Wuschel-Olympia,-0.92932963,4.5166,UMAP
2041,after_trills_2022-08-08_14-38-46_0000083_labelled_Nougatti_pheeseq_0000005_labelled_mB1.wav,Nougatti,Odin,after,partner,Odin-Nougatti,9.749025,2.0022004,UMAP
2042,after_trills_2022-08-08_14-38-46_0000083_labelled_Nougatti_pheeseq_0000005_labelled_mB2.wav,Nougatti,Odin,after,partner,Odin-Nougatti,6.9988356,3.6863,UMAP
2043,after_trills_2022-08-08_14-38-46_0000083_labelled_Nougatti_pheeseq_0000057_labelled_mB1.wav,Nougatti,Odin,after,partner,Odin-Nougatti,8.926756,3.743594,UMAP
2044,after_trills_2022-08-08_14-38-46_0000083_labelled_Nougatti_pheeseq_0000057_labelled_mB2.wav,Nougatti,Odin,after,partner,Odin-Nougatti,2.8802223,2.7046084,UMAP
2045,after_trills_2022-08-08_14-38-46_0000083_labelled_Nougatti_pheeseq_0000077_labelled_mB1.wav,Nougatti,Odin,after,partner,Odin-Nougatti,7.6017947,4.1991496,UMAP
2046,after_trills_2022-08-08_14-38-46_0000083_labelled_Nougatti_pheeseq_0000077_labelled_mB2.wav,Nougatti,Odin,after,partner,Odin-Nougatti,2.7864938,2.6399758,UMAP
2047,after_trills_2022-08-08_15-04-10_0000084_labelled_Wuschel_pheeseq_0000003_labelled_mB1.wav,Wuschel,Nougatti,after,non-partner,Wuschel-Olympia,-2.2032003,4.1524577,UMAP
2048,after_trills_2022-08-08_15-04-10_0000084_labelled_Wuschel_pheeseq_0000003_labelled_mB2.wav,Wuschel,Nougatti,after,non-partner,Wuschel-Olympia,-2.7572236,4.8290243,UMAP
2049,before_phees_2022-02-17_09-53-35_0000039_labelled_Nougatti_pheeseq_02_labelled_mB2.wav,Nougatti,Tabor,before,non-partner,Odin-Nougatti,6.3807664,3.796007,UMAP
2050,before_phees_2022-02-17_09-53-35_0000039_labelled_Tabor_pheeseq_01_labelled_mB1.wav,Tabor,Nougatti,before,non-partner,Tabor-Lola,-3.7455103,4.92768,UMAP
2051,before_phees_2022-02-17_09-53-35_0000039_labelled_Tabor_pheeseq_01_labelled_mB2.wav,Tabor,Nougatti,before,non-partner,Tabor-Lola,-2.4810526,4.6209707,UMAP
2052,before_phees_2022-02-22_09-14-37_0000041_labelled_Odin_phee_01_labelled_mG1.wav,Odin,Olympia,before,non-partner,Odin-Nougatti,5.1634254,3.7795186,UMAP
2053,before_phees_2022-02-22_09-14-37_0000041_labelled_Odin_phee_01_labelled_mG2.wav,Odin,Olympia,before,non-partner,Odin-Nougatti,8.679688,5.084929,UMAP
2054,before_phees_2022-02-22_09-14-37_0000041_labelled_Odin_phee_01_labelled_mG3.wav,Odin,Olympia,before,non-partner,Odin-Nougatti,8.722846,5.183257,UMAP
2055,before_phees_2022-02-22_09-14-37_0000041_labelled_Odin_phee_01_labelled_mG4.wav,Odin,Olympia,before,non-partner,Odin-Nougatti,9.848097,4.681804,UMAP
2056,before_phees_2022-02-22_09-14-37_0000041_labelled_Odin_phee_01_labelled_mG5.wav,Odin,Olympia,before,non-partner,Odin-Nougatti,3.705988,4.0897865,UMAP
2057,before_phees_2022-02-22_09-14-37_0000041_labelled_Odin_phee_01_labelled_mG6.wav,Odin,Olympia,before,non-partner,Odin-Nougatti,8.839727,5.242543,UMAP
2058,before_phees_2022-02-22_09-14-37_0000041_labelled_Odin_phee_01_labelled_mG7.wav,Odin,Olympia,before,non-partner,Odin-Nougatti,2.2512293,4.0833173,UMAP
2059,before_phees_2022-02-22_09-14-37_0000041_labelled_Odin_pheeseq_03_labelled_mD1.wav,Odin,Olympia,before,non-partner,Odin-Nougatti,8.885059,5.369723,UMAP
2060,before_phees_2022-02-22_09-14-37_0000041_labelled_Odin_pheeseq_03_labelled_mD2.wav,Odin,Olympia,before,non-partner,Odin-Nougatti,9.058145,5.4157963,UMAP
2061,before_phees_2022-02-22_09-14-37_0000041_labelled_Odin_pheeseq_03_labelled_mD3.wav,Odin,Olympia,before,non-partner,Odin-Nougatti,9.230374,5.4159904,UMAP
2062,before_phees_2022-02-22_09-14-37_0000041_labelled_Odin_pheeseq_03_labelled_mD4.wav,Odin,Olympia,before,non-partner,Odin-Nougatti,9.232761,5.4050393,UMAP
2063,before_phees_2022-02-22_09-14-37_0000041_labelled_Odin_pheeseq_07_labelled_mC1.wav,Odin,Olympia,before,non-partner,Odin-Nougatti,12.292354,5.3018255,UMAP
2064,before_phees_2022-02-22_09-14-37_0000041_labelled_Odin_pheeseq_07_labelled_mC2.wav,Odin,Olympia,before,non-partner,Odin-Nougatti,12.4420185,4.870978,UMAP
2065,before_phees_2022-02-22_09-14-37_0000041_labelled_Odin_pheeseq_07_labelled_mC3.wav,Odin,Olympia,before,non-partner,Odin-Nougatti,11.935769,5.080684,UMAP
2066,before_phees_2022-02-22_09-14-37_0000041_labelled_Odin_pheeseq_09_labelled_mD1.wav,Odin,Olympia,before,non-partner,Odin-Nougatti,9.475226,5.5101953,UMAP
2067,before_phees_2022-02-22_09-14-37_0000041_labelled_Odin_pheeseq_09_labelled_mD2.wav,Odin,Olympia,before,non-partner,Odin-Nougatti,10.804314,5.4514036,UMAP
2068,before_phees_2022-02-22_09-14-37_0000041_labelled_Odin_pheeseq_09_labelled_mD3.wav,Odin,Olympia,before,non-partner,Odin-Nougatti,11.710495,5.5729165,UMAP
2069,before_phees_2022-02-22_09-14-37_0000041_labelled_Odin_pheeseq_09_labelled_mD4.wav,Odin,Olympia,before,non-partner,Odin-Nougatti,9.509721,5.385688,UMAP
2070,before_phees_2022-02-22_09-14-37_0000041_labelled_Odin_pheeseq_12_labelled_mC1.wav,Odin,Olympia,before,non-partner,Odin-Nougatti,9.691309,3.5709436,UMAP
2071,before_phees_2022-02-22_09-14-37_0000041_labelled_Odin_pheeseq_12_labelled_mC3.wav,Odin,Olympia,before,non-partner,Odin-Nougatti,12.399799,4.4166646,UMAP
2072,before_phees_2022-02-22_09-14-37_0000041_labelled_Odin_pheeseq_12_labelled_mC4.wav,Odin,Olympia,before,non-partner,Odin-Nougatti,12.435008,4.34143,UMAP
2073,before_phees_2022-02-22_09-14-37_0000041_labelled_Odin_pheeseq_14_labelled_mD1.wav,Odin,Olympia,before,non-partner,Odin-Nougatti,9.37631,4.322192,UMAP
2074,before_phees_2022-02-22_09-14-37_0000041_labelled_Odin_pheeseq_14_labelled_mD3.wav,Odin,Olympia,before,non-partner,Odin-Nougatti,11.55495,4.8314095,UMAP
2075,before_phees_2022-02-22_09-14-37_0000041_labelled_Odin_pheeseq_14_labelled_mD4.wav,Odin,Olympia,before,non-partner,Odin-Nougatti,11.574239,4.8186517,UMAP
2076,before_phees_2022-02-22_09-14-37_0000041_labelled_Odin_pheeseq_14_labelled_mD5.wav,Odin,Olympia,before,non-partner,Odin-Nougatti,12.283048,4.4297614,UMAP
2077,before_phees_2022-02-22_09-14-37_0000041_labelled_Odin_pheeseq_16_labelled_mD1.wav,Odin,Olympia,before,non-partner,Odin-Nougatti,10.071209,2.3970463,UMAP
2078,before_phees_2022-02-22_09-14-37_0000041_labelled_Odin_pheeseq_16_labelled_mD3.wav,Odin,Olympia,before,non-partner,Odin-Nougatti,12.4326515,4.6655025,UMAP
2079,before_phees_2022-02-22_09-14-37_0000041_labelled_Odin_pheeseq_16_labelled_mD4.wav,Odin,Olympia,before,non-partner,Odin-Nougatti,12.364324,4.80962,UMAP
2080,before_phees_2022-02-22_09-14-37_0000041_labelled_Odin_pheeseq_16_labelled_mD5.wav,Odin,Olympia,before,non-partner,Odin-Nougatti,12.330716,4.7383885,UMAP
2081,before_phees_2022-02-22_09-14-37_0000041_labelled_Odin_pheeseq_19_labelled_mE1.wav,Odin,Olympia,before,non-partner,Odin-Nougatti,9.864733,4.0396924,UMAP
2082,before_phees_2022-02-22_09-14-37_0000041_labelled_Odin_pheeseq_19_labelled_mE2.wav,Odin,Olympia,before,non-partner,Odin-Nougatti,10.811425,4.322952,UMAP
2083,before_phees_2022-02-22_09-14-37_0000041_labelled_Odin_pheeseq_19_labelled_mE3.wav,Odin,Olympia,before,non-partner,Odin-Nougatti,10.971612,4.4496813,UMAP
2084,before_phees_2022-02-22_09-14-37_0000041_labelled_Odin_pheeseq_19_labelled_mE4.wav,Odin,Olympia,before,non-partner,Odin-Nougatti,11.338642,4.9055324,UMAP
2085,before_phees_2022-02-22_09-14-37_0000041_labelled_Odin_pheeseq_19_labelled_mE5.wav,Odin,Olympia,before,non-partner,Odin-Nougatti,11.807804,5.0239496,UMAP
2086,before_phees_2022-02-22_09-14-37_0000041_labelled_Odin_pheeseq_21_labelled_mD1.wav,Odin,Olympia,before,non-partner,Odin-Nougatti,9.469102,5.5429688,UMAP
2087,before_phees_2022-02-22_09-14-37_0000041_labelled_Odin_pheeseq_21_labelled_mD2.wav,Odin,Olympia,before,non-partner,Odin-Nougatti,9.831534,5.553488,UMAP
2088,before_phees_2022-02-22_09-14-37_0000041_labelled_Odin_pheeseq_21_labelled_mD3.wav,Odin,Olympia,before,non-partner,Odin-Nougatti,11.240338,5.387109,UMAP
2089,before_phees_2022-02-22_09-14-37_0000041_labelled_Odin_pheeseq_21_labelled_mD4.wav,Odin,Olympia,before,non-partner,Odin-Nougatti,11.358748,5.2008014,UMAP
2090,before_phees_2022-02-22_09-14-37_0000041_labelled_Odin_pheeseq_24_labelled_mC1.wav,Odin,Olympia,before,non-partner,Odin-Nougatti,11.906911,4.8960156,UMAP
2091,before_phees_2022-02-22_09-14-37_0000041_labelled_Odin_pheeseq_24_labelled_mC2.wav,Odin,Olympia,before,non-partner,Odin-Nougatti,12.434447,4.729112,UMAP
2092,before_phees_2022-02-22_09-14-37_0000041_labelled_Odin_pheeseq_24_labelled_mC3.wav,Odin,Olympia,before,non-partner,Odin-Nougatti,12.505634,3.9138842,UMAP
2093,before_phees_2022-02-22_09-14-37_0000041_labelled_Odin_pheeseq_25_labelled_mC1.wav,Odin,Olympia,before,non-partner,Odin-Nougatti,11.530902,2.7783318,UMAP
2094,before_phees_2022-02-22_09-14-37_0000041_labelled_Odin_pheeseq_25_labelled_mC3.wav,Odin,Olympia,before,non-partner,Odin-Nougatti,12.638765,3.7804034,UMAP
2095,before_phees_2022-02-22_09-14-37_0000041_labelled_Odin_pheeseq_25_labelled_mC4.wav,Odin,Olympia,before,non-partner,Odin-Nougatti,13.368257,2.0603247,UMAP
2096,before_phees_2022-02-22_09-14-37_0000041_labelled_Odin_pheeseq_26_labelled_mC1.wav,Odin,Olympia,before,non-partner,Odin-Nougatti,9.937339,3.5255747,UMAP
2097,before_phees_2022-02-22_09-14-37_0000041_labelled_Odin_pheeseq_26_labelled_mC2.wav,Odin,Olympia,before,non-partner,Odin-Nougatti,12.416219,4.042057,UMAP
2098,before_phees_2022-02-22_09-14-37_0000041_labelled_Odin_pheeseq_26_labelled_mC3.wav,Odin,Olympia,before,non-partner,Odin-Nougatti,6.4783607,3.0661554,UMAP
2099,before_phees_2022-02-22_09-14-37_0000041_labelled_Odin_pheeseq_27_labelled_mE1.wav,Odin,Olympia,before,non-partner,Odin-Nougatti,9.946612,4.4860396,UMAP
2100,before_phees_2022-02-22_09-14-37_0000041_labelled_Odin_pheeseq_27_labelled_mE4.wav,Odin,Olympia,before,non-partner,Odin-Nougatti,11.305383,5.2678924,UMAP
2101,before_phees_2022-02-22_09-14-37_0000041_labelled_Odin_pheeseq_27_labelled_mE5.wav,Odin,Olympia,before,non-partner,Odin-Nougatti,12.400584,4.9767838,UMAP
2102,before_phees_2022-02-22_09-14-37_0000041_labelled_Odin_pheeseq_27_labelled_mE6.wav,Odin,Olympia,before,non-partner,Odin-Nougatti,12.2540045,4.9847083,UMAP
2103,before_phees_2022-02-22_09-14-37_0000041_labelled_Odin_pheeseq_27_labelled_mE7.wav,Odin,Olympia,before,non-partner,Odin-Nougatti,10.763112,4.7436924,UMAP
2104,before_phees_2022-02-22_09-14-37_0000041_labelled_Odin_pheeseq_47_labelled_mB1.wav,Odin,Olympia,before,non-partner,Odin-Nougatti,6.669079,3.1765122,UMAP
2105,before_phees_2022-02-22_09-14-37_0000041_labelled_Odin_pheeseq_47_labelled_mB2.wav,Odin,Olympia,before,non-partner,Odin-Nougatti,2.9479477,3.5575035,UMAP
2106,before_phees_2022-02-22_09-14-37_0000041_labelled_Odin_pheeseq_49_labelled_mB1.wav,Odin,Olympia,before,non-partner,Odin-Nougatti,8.489862,3.655899,UMAP
2107,before_phees_2022-02-22_09-14-37_0000041_labelled_Odin_pheeseq_51_labelled_mD1.wav,Odin,Olympia,before,non-partner,Odin-Nougatti,9.130562,3.5556557,UMAP
2108,before_phees_2022-02-22_09-14-37_0000041_labelled_Odin_pheeseq_51_labelled_mD2.wav,Odin,Olympia,before,non-partner,Odin-Nougatti,10.92154,4.0203614,UMAP
2109,before_phees_2022-02-22_09-14-37_0000041_labelled_Odin_pheeseq_51_labelled_mD3.wav,Odin,Olympia,before,non-partner,Odin-Nougatti,11.898577,4.2905536,UMAP
2110,before_phees_2022-02-22_09-14-37_0000041_labelled_Odin_pheeseq_51_labelled_mD4.wav,Odin,Olympia,before,non-partner,Odin-Nougatti,11.41721,4.3410287,UMAP
2111,before_phees_2022-02-22_09-14-37_0000041_labelled_Odin_pheeseq_53_labelled_mC1.wav,Odin,Olympia,before,non-partner,Odin-Nougatti,9.294038,5.0674925,UMAP
2112,before_phees_2022-02-22_09-14-37_0000041_labelled_Odin_pheeseq_53_labelled_mC2.wav,Odin,Olympia,before,non-partner,Odin-Nougatti,10.947461,5.2198176,UMAP
2113,before_phees_2022-02-22_09-14-37_0000041_labelled_Odin_pheeseq_53_labelled_mC3.wav,Odin,Olympia,before,non-partner,Odin-Nougatti,12.132223,4.93022,UMAP
2114,before_phees_2022-02-22_09-14-37_0000041_labelled_Odin_pheeseq_54_labelled_mC1.wav,Odin,Olympia,before,non-partner,Odin-Nougatti,9.990397,3.629876,UMAP
2115,before_phees_2022-02-22_09-14-37_0000041_labelled_Odin_pheeseq_54_labelled_mC3.wav,Odin,Olympia,before,non-partner,Odin-Nougatti,12.05759,4.7880087,UMAP
2116,before_phees_2022-02-22_09-14-37_0000041_labelled_Odin_pheeseq_54_labelled_mC4.wav,Odin,Olympia,before,non-partner,Odin-Nougatti,12.424295,4.7878532,UMAP
2117,before_phees_2022-02-22_09-14-37_0000041_labelled_Odin_pheeseq_56_labelled_mB2.wav,Odin,Olympia,before,non-partner,Odin-Nougatti,12.349081,4.8507605,UMAP
2118,before_phees_2022-02-22_09-14-37_0000041_labelled_Odin_pheeseq_58_labelled_mC1.wav,Odin,Olympia,before,non-partner,Odin-Nougatti,12.666377,4.863982,UMAP
2119,before_phees_2022-02-22_09-14-37_0000041_labelled_Odin_pheeseq_58_labelled_mC2.wav,Odin,Olympia,before,non-partner,Odin-Nougatti,12.627653,4.7382727,UMAP
2120,before_phees_2022-02-22_09-14-37_0000041_labelled_Odin_pheeseq_58_labelled_mC3.wav,Odin,Olympia,before,non-partner,Odin-Nougatti,12.31278,4.3845625,UMAP
2121,before_phees_2022-02-22_09-14-37_0000041_labelled_Odin_pheeseq_60_labelled_mC1.wav,Odin,Olympia,before,non-partner,Odin-Nougatti,11.558034,5.0201554,UMAP
2122,before_phees_2022-02-22_09-14-37_0000041_labelled_Odin_pheeseq_60_labelled_mC2.wav,Odin,Olympia,before,non-partner,Odin-Nougatti,12.56964,4.887805,UMAP
2123,before_phees_2022-02-22_09-14-37_0000041_labelled_Odin_pheeseq_60_labelled_mC3.wav,Odin,Olympia,before,non-partner,Odin-Nougatti,11.787603,4.331554,UMAP
2124,before_phees_2022-02-22_09-14-37_0000041_labelled_Odin_pheeseq_66_labelled_mB1.wav,Odin,Olympia,before,non-partner,Odin-Nougatti,9.67058,3.5227375,UMAP
2125,before_phees_2022-02-22_09-14-37_0000041_labelled_Odin_pheeseq_66_labelled_mB2.wav,Odin,Olympia,before,non-partner,Odin-Nougatti,12.411713,4.0081697,UMAP
2126,before_phees_2022-02-22_09-14-37_0000041_labelled_Odin_pheeseq_67_labelled_mC1.wav,Odin,Olympia,before,non-partner,Odin-Nougatti,9.217444,3.523909,UMAP
2127,before_phees_2022-02-22_09-14-37_0000041_labelled_Odin_pheeseq_67_labelled_mC2.wav,Odin,Olympia,before,non-partner,Odin-Nougatti,12.238715,4.111504,UMAP
2128,before_phees_2022-02-22_09-14-37_0000041_labelled_Odin_pheeseq_67_labelled_mC3.wav,Odin,Olympia,before,non-partner,Odin-Nougatti,12.485854,3.9511392,UMAP
2129,before_phees_2022-02-22_09-14-37_0000041_labelled_Olympia_pheeseq_11_labelled_mB1.wav,Olympia,Odin,before,non-partner,Wuschel-Olympia,3.9619076,3.932754,UMAP
2130,before_phees_2022-02-22_09-14-37_0000041_labelled_Olympia_pheeseq_11_labelled_mB2.wav,Olympia,Odin,before,non-partner,Wuschel-Olympia,3.3346033,3.5455852,UMAP
2131,before_phees_2022-02-22_09-14-37_0000041_labelled_Olympia_pheeseq_50_labelled_mB1.wav,Olympia,Odin,before,non-partner,Wuschel-Olympia,0.6899557,5.1529183,UMAP
2132,before_phees_2022-02-22_09-14-37_0000041_labelled_Olympia_pheeseq_50_labelled_mB2.wav,Olympia,Odin,before,non-partner,Wuschel-Olympia,-2.84455,4.8608103,UMAP
2133,before_phees_2022-02-22_09-14-37_0000041_labelled_Olympia_pheeseq_65_labelled_mB1.wav,Olympia,Odin,before,non-partner,Wuschel-Olympia,-2.0131958,5.1245756,UMAP
2134,before_phees_2022-02-22_09-14-37_0000041_labelled_Olympia_pheeseq_65_labelled_mB2.wav,Olympia,Odin,before,non-partner,Wuschel-Olympia,-1.4926409,4.6495023,UMAP
2135,before_phees_2022-02-23_09-24-00_0000042_labelled_Lola_pheeseq_05_labelled_mB1.wav,Lola,Tabor,before,partner,Tabor-Lola,10.842551,0.65112346,UMAP
2136,before_phees_2022-02-23_09-24-00_0000042_labelled_Lola_pheeseq_05_labelled_mB2.wav,Lola,Tabor,before,partner,Tabor-Lola,12.769678,1.799686,UMAP
2137,before_phees_2022-02-23_09-24-00_0000042_labelled_Lola_pheeseq_06_labelled_mB1.wav,Lola,Tabor,before,partner,Tabor-Lola,9.491965,0.6119703,UMAP
2138,before_phees_2022-02-23_09-24-00_0000042_labelled_Lola_pheeseq_06_labelled_mB2.wav,Lola,Tabor,before,partner,Tabor-Lola,12.329081,1.2257621,UMAP
2139,before_phees_2022-02-25_10-36-24_0000044_labelled_Lola_pheeseq_02_labelled_mB1.wav,Lola,Odin,before,non-partner,Tabor-Lola,5.9414945,1.7472023,UMAP
2140,before_phees_2022-02-25_10-36-24_0000044_labelled_Lola_pheeseq_15_labelled_mB1.wav,Lola,Odin,before,non-partner,Tabor-Lola,3.2312672,4.701806,UMAP
2141,before_phees_2022-02-25_10-36-24_0000044_labelled_Lola_pheeseq_16_labelled_mB2.wav,Lola,Odin,before,non-partner,Tabor-Lola,9.30816,2.3660977,UMAP
2142,before_phees_2022-02-25_10-36-24_0000044_labelled_Lola_pheeseq_20_labelled_mB1.wav,Lola,Odin,before,non-partner,Tabor-Lola,5.953731,1.5032147,UMAP
2143,before_phees_2022-02-25_10-36-24_0000044_labelled_Lola_pheeseq_47_labelled_mB1.wav,Lola,Odin,before,non-partner,Tabor-Lola,5.7629666,1.6438274,UMAP
2144,before_phees_2022-02-25_10-36-24_0000044_labelled_Lola_pheeseq_47_labelled_mB2.wav,Lola,Odin,before,non-partner,Tabor-Lola,10.314891,1.9755324,UMAP
2145,before_phees_2022-02-25_10-36-24_0000044_labelled_Lola_pheeseq_64_labelled_mB1.wav,Lola,Odin,before,non-partner,Tabor-Lola,11.347855,1.7028829,UMAP
2146,before_phees_2022-02-25_10-36-24_0000044_labelled_Lola_pheeseq_64_labelled_mB2.wav,Lola,Odin,before,non-partner,Tabor-Lola,12.798158,1.4455504,UMAP
2147,before_phees_2022-02-25_10-36-24_0000044_labelled_Odin_pheeseq_07_labelled_mB2.wav,Odin,Lola,before,non-partner,Odin-Nougatti,10.374518,3.9640553,UMAP
2148,before_phees_2022-02-25_10-36-24_0000044_labelled_Odin_pheeseq_27_labelled_mB1.wav,Odin,Lola,before,non-partner,Odin-Nougatti,4.400534,3.866386,UMAP
2149,before_phees_2022-02-25_10-36-24_0000044_labelled_Odin_pheeseq_30_labelled_mC2.wav,Odin,Lola,before,non-partner,Odin-Nougatti,7.5033975,4.2890134,UMAP
2150,before_phees_2022-02-25_10-36-24_0000044_labelled_Odin_pheeseq_30_labelled_mC3.wav,Odin,Lola,before,non-partner,Odin-Nougatti,9.743813,3.7573001,UMAP
2151,before_phees_2022-02-25_10-36-24_0000044_labelled_Odin_pheeseq_45_labelled_mC1.wav,Odin,Lola,before,non-partner,Odin-Nougatti,4.1336684,3.9187515,UMAP
2152,before_phees_2022-02-25_10-36-24_0000044_labelled_Odin_pheeseq_45_labelled_mC2.wav,Odin,Lola,before,non-partner,Odin-Nougatti,9.481516,4.1928873,UMAP
2153,before_phees_2022-02-25_10-36-24_0000044_labelled_Odin_pheeseq_45_labelled_mC3.wav,Odin,Lola,before,non-partner,Odin-Nougatti,11.297249,4.2580676,UMAP
2154,before_phees_2022-02-25_10-36-24_0000044_labelled_Odin_pheeseq_46_labelled_mB1.wav,Odin,Lola,before,non-partner,Odin-Nougatti,6.613975,4.424878,UMAP
2155,before_phees_2022-02-25_10-36-24_0000044_labelled_Odin_pheeseq_46_labelled_mB2.wav,Odin,Lola,before,non-partner,Odin-Nougatti,12.136976,3.926075,UMAP
2156,before_phees_2022-02-25_10-36-24_0000044_labelled_Odin_pheeseq_48_labelled_mB1.wav,Odin,Lola,before,non-partner,Odin-Nougatti,9.555732,3.9129782,UMAP
2157,before_phees_2022-02-25_10-36-24_0000044_labelled_Odin_pheeseq_48_labelled_mB2.wav,Odin,Lola,before,non-partner,Odin-Nougatti,12.382474,4.2064333,UMAP
2158,before_phees_2022-02-25_10-36-24_0000044_labelled_Odin_pheeseq_50_labelled_mB1.wav,Odin,Lola,before,non-partner,Odin-Nougatti,8.1275,4.1058717,UMAP
2159,before_phees_2022-02-25_10-36-24_0000044_labelled_Odin_pheeseq_50_labelled_mB2.wav,Odin,Lola,before,non-partner,Odin-Nougatti,12.123425,3.9033275,UMAP
2160,before_phees_2022-02-25_10-36-24_0000044_labelled_Odin_pheeseq_54_labelled_mC1.wav,Odin,Lola,before,non-partner,Odin-Nougatti,4.2020855,4.2082157,UMAP
2161,before_phees_2022-02-25_10-36-24_0000044_labelled_Odin_pheeseq_54_labelled_mC2.wav,Odin,Lola,before,non-partner,Odin-Nougatti,10.065932,4.530435,UMAP
2162,before_phees_2022-02-25_10-36-24_0000044_labelled_Odin_pheeseq_54_labelled_mC3.wav,Odin,Lola,before,non-partner,Odin-Nougatti,11.201757,4.3074393,UMAP
2163,before_phees_2022-02-25_10-36-24_0000044_labelled_Odin_pheeseq_59_labelled_mC2.wav,Odin,Lola,before,non-partner,Odin-Nougatti,9.624901,4.3653693,UMAP
2164,before_phees_2022-02-25_10-36-24_0000044_labelled_Odin_pheeseq_73_labelled_mB1.wav,Odin,Lola,before,non-partner,Odin-Nougatti,9.542014,3.5064888,UMAP
2165,before_phees_2022-02-25_10-36-24_0000044_labelled_Odin_pheeseq_73_labelled_mB2.wav,Odin,Lola,before,non-partner,Odin-Nougatti,5.1381254,2.5098083,UMAP
2166,before_phees_2022-02-25_10-36-24_0000044_labelled_Odin_pheeseq_79_labelled_mB1.wav,Odin,Lola,before,non-partner,Odin-Nougatti,7.2186437,3.5596168,UMAP
2167,before_phees_2022-02-25_10-36-24_0000044_labelled_Odin_pheeseq_79_labelled_mB2.wav,Odin,Lola,before,non-partner,Odin-Nougatti,11.939913,3.8083634,UMAP
2168,before_phees_2022-02-25_10-36-24_0000044_labelled_Odin_pheeseq_83_labelled_mB1.wav,Odin,Lola,before,non-partner,Odin-Nougatti,8.123552,3.614845,UMAP
2169,before_phees_2022-02-25_10-36-24_0000044_labelled_Odin_pheeseq_83_labelled_mB2.wav,Odin,Lola,before,non-partner,Odin-Nougatti,10.010067,3.3239274,UMAP
2170,before_phees_2022-02-25_10-36-24_0000044_labelled_Odin_pheeseq_84_labelled_mC1.wav,Odin,Lola,before,non-partner,Odin-Nougatti,6.5023575,4.515271,UMAP
2171,before_phees_2022-02-25_10-36-24_0000044_labelled_Odin_pheeseq_84_labelled_mC2.wav,Odin,Lola,before,non-partner,Odin-Nougatti,11.940127,4.050052,UMAP
2172,before_phees_2022-02-25_10-36-24_0000044_labelled_Odin_pheeseq_84_labelled_mC3.wav,Odin,Lola,before,non-partner,Odin-Nougatti,10.3096485,4.155738,UMAP
2173,before_phees_2022-02-28_09-34-19_0000045_labelled_Wuschel_pheeseq_01_labelled_mB1.wav,Wuschel,Olympia,before,partner,Wuschel-Olympia,-0.95510817,5.059742,UMAP
2174,before_phees_2022-02-28_09-34-19_0000045_labelled_Wuschel_pheeseq_01_labelled_mB2.wav,Wuschel,Olympia,before,partner,Wuschel-Olympia,1.888777,4.5253215,UMAP
2175,before_phees_2022-02-28_09-34-19_0000045_labelled_Wuschel_pheeseq_02_labelled_mB1.wav,Wuschel,Olympia,before,partner,Wuschel-Olympia,-0.75172234,5.0764027,UMAP
2176,before_phees_2022-02-28_09-34-19_0000045_labelled_Wuschel_pheeseq_02_labelled_mB2.wav,Wuschel,Olympia,before,partner,Wuschel-Olympia,0.42818397,4.7177715,UMAP
2177,before_phees_2022-02-28_09-34-19_0000045_labelled_Wuschel_pheeseq_04_labelled_mB1.wav,Wuschel,Olympia,before,partner,Wuschel-Olympia,-0.6814381,5.048643,UMAP
2178,before_phees_2022-02-28_09-34-19_0000045_labelled_Wuschel_pheeseq_04_labelled_mB2.wav,Wuschel,Olympia,before,partner,Wuschel-Olympia,1.0523733,4.99469,UMAP
2179,before_phees_2022-02-28_09-34-19_0000045_labelled_Wuschel_pheeseq_05_labelled_mB2.wav,Wuschel,Olympia,before,partner,Wuschel-Olympia,0.8674431,5.0608845,UMAP
2180,before_phees_2022-02-28_09-34-19_0000045_labelled_Wuschel_pheeseq_06_labelled_mB1.wav,Wuschel,Olympia,before,partner,Wuschel-Olympia,-2.6351414,4.152157,UMAP
2181,before_phees_2022-02-28_09-34-19_0000045_labelled_Wuschel_pheeseq_06_labelled_mB2.wav,Wuschel,Olympia,before,partner,Wuschel-Olympia,0.5735767,4.94737,UMAP
2182,before_phees_2022-02-28_09-34-19_0000045_labelled_Wuschel_pheeseq_07_labelled_mB1.wav,Wuschel,Olympia,before,partner,Wuschel-Olympia,-0.056525502,5.125613,UMAP
2183,before_phees_2022-02-28_09-34-19_0000045_labelled_Wuschel_pheeseq_07_labelled_mB2.wav,Wuschel,Olympia,before,partner,Wuschel-Olympia,1.3304098,4.8432393,UMAP
2184,before_phees_2022-02-28_09-34-19_0000045_labelled_Wuschel_pheeseq_08_labelled_mB1.wav,Wuschel,Olympia,before,partner,Wuschel-Olympia,-0.3561629,4.9789743,UMAP
2185,before_phees_2022-02-28_09-34-19_0000045_labelled_Wuschel_pheeseq_08_labelled_mB2.wav,Wuschel,Olympia,before,partner,Wuschel-Olympia,1.1515442,4.982235,UMAP
2186,before_phees_2022-02-28_09-34-19_0000045_labelled_Wuschel_pheeseq_09_labelled_mC1.wav,Wuschel,Olympia,before,partner,Wuschel-Olympia,-0.94785017,4.931481,UMAP
2187,before_phees_2022-02-28_09-34-19_0000045_labelled_Wuschel_pheeseq_09_labelled_mC2.wav,Wuschel,Olympia,before,partner,Wuschel-Olympia,2.393915,4.1809697,UMAP
2188,before_phees_2022-02-28_09-34-19_0000045_labelled_Wuschel_pheeseq_09_labelled_mC3.wav,Wuschel,Olympia,before,partner,Wuschel-Olympia,-1.6297169,4.4979014,UMAP
2189,before_phees_2022-02-28_09-34-19_0000045_labelled_Wuschel_pheeseq_10_labelled_mC1.wav,Wuschel,Olympia,before,partner,Wuschel-Olympia,-1.0504277,4.9183187,UMAP
2190,before_phees_2022-02-28_09-34-19_0000045_labelled_Wuschel_pheeseq_10_labelled_mC2.wav,Wuschel,Olympia,before,partner,Wuschel-Olympia,2.1622453,4.4261165,UMAP
2191,before_phees_2022-02-28_09-34-19_0000045_labelled_Wuschel_pheeseq_10_labelled_mC4.wav,Wuschel,Olympia,before,partner,Wuschel-Olympia,-2.1869347,4.504121,UMAP
2192,before_phees_2022-02-28_09-34-19_0000045_labelled_Wuschel_pheeseq_11_labelled_mB1.wav,Wuschel,Olympia,before,partner,Wuschel-Olympia,-0.25240448,5.038152,UMAP
2193,before_phees_2022-02-28_09-34-19_0000045_labelled_Wuschel_pheeseq_11_labelled_mB2.wav,Wuschel,Olympia,before,partner,Wuschel-Olympia,4.114275,3.9351735,UMAP
2194,before_phees_2022-02-28_09-34-19_0000045_labelled_Wuschel_pheeseq_12_labelled_mB1.wav,Wuschel,Olympia,before,partner,Wuschel-Olympia,0.9200626,5.1636353,UMAP
2195,before_phees_2022-02-28_09-34-19_0000045_labelled_Wuschel_pheeseq_12_labelled_mB2.wav,Wuschel,Olympia,before,partner,Wuschel-Olympia,1.3624982,4.822821,UMAP
2196,before_phees_2022-02-28_09-34-19_0000045_labelled_Wuschel_pheeseq_13_labelled_mC1.wav,Wuschel,Olympia,before,partner,Wuschel-Olympia,0.8726789,5.1432743,UMAP
2197,before_phees_2022-02-28_09-34-19_0000045_labelled_Wuschel_pheeseq_13_labelled_mC2.wav,Wuschel,Olympia,before,partner,Wuschel-Olympia,3.53878,3.91705,UMAP
2198,before_phees_2022-02-28_09-34-19_0000045_labelled_Wuschel_pheeseq_13_labelled_mC4.wav,Wuschel,Olympia,before,partner,Wuschel-Olympia,0.77249616,4.083001,UMAP
2199,before_phees_2022-02-28_09-34-19_0000045_labelled_Wuschel_pheeseq_14_labelled_mC1.wav,Wuschel,Olympia,before,partner,Wuschel-Olympia,0.6300812,5.1673784,UMAP
2200,before_phees_2022-02-28_09-34-19_0000045_labelled_Wuschel_pheeseq_14_labelled_mC2.wav,Wuschel,Olympia,before,partner,Wuschel-Olympia,3.3349884,3.8820004,UMAP
2201,before_phees_2022-02-28_09-34-19_0000045_labelled_Wuschel_pheeseq_14_labelled_mC4.wav,Wuschel,Olympia,before,partner,Wuschel-Olympia,-1.4245372,4.593283,UMAP
2202,before_phees_2022-02-28_09-34-19_0000045_labelled_Wuschel_pheeseq_16_labelled_mB1.wav,Wuschel,Olympia,before,partner,Wuschel-Olympia,2.8842132,4.20287,UMAP
2203,before_phees_2022-02-28_09-34-19_0000045_labelled_Wuschel_pheeseq_16_labelled_mB2.wav,Wuschel,Olympia,before,partner,Wuschel-Olympia,5.202479,3.4389548,UMAP
2204,before_phees_2022-02-28_09-34-19_0000045_labelled_Wuschel_pheeseq_45_labelled_mB1.wav,Wuschel,Olympia,before,partner,Wuschel-Olympia,0.853326,5.0903893,UMAP
2205,before_phees_2022-02-28_09-34-19_0000045_labelled_Wuschel_pheeseq_45_labelled_mB2.wav,Wuschel,Olympia,before,partner,Wuschel-Olympia,0.7204697,4.897218,UMAP
2206,before_phees_2022-02-28_09-34-19_0000045_labelled_Wuschel_pheeseq_47_labelled_mB1.wav,Wuschel,Olympia,before,partner,Wuschel-Olympia,-2.5147476,4.4485974,UMAP
2207,before_phees_2022-02-28_09-34-19_0000045_labelled_Wuschel_pheeseq_47_labelled_mB2.wav,Wuschel,Olympia,before,partner,Wuschel-Olympia,0.7070819,5.034004,UMAP
2208,before_phees_2022-02-28_09-34-19_0000045_labelled_Wuschel_pheeseq_50_labelled_mB1.wav,Wuschel,Olympia,before,partner,Wuschel-Olympia,-0.59153736,5.1008453,UMAP
2209,before_phees_2022-02-28_09-34-19_0000045_labelled_Wuschel_pheeseq_50_labelled_mB2.wav,Wuschel,Olympia,before,partner,Wuschel-Olympia,-1.0411649,4.6392055,UMAP
2210,before_phees_2022-02-28_09-34-19_0000045_labelled_Wuschel_pheeseq_51_labelled_mB1.wav,Wuschel,Olympia,before,partner,Wuschel-Olympia,-2.6849184,4.1607223,UMAP
2211,before_phees_2022-02-28_09-34-19_0000045_labelled_Wuschel_pheeseq_51_labelled_mB2.wav,Wuschel,Olympia,before,partner,Wuschel-Olympia,-2.091119,4.343924,UMAP
2212,before_phees_2022-02-28_09-34-19_0000045_labelled_Wuschel_pheeseq_52_labelled_mB1.wav,Wuschel,Olympia,before,partner,Wuschel-Olympia,-2.3639598,4.2173314,UMAP
2213,before_phees_2022-02-28_09-34-19_0000045_labelled_Wuschel_pheeseq_52_labelled_mB2.wav,Wuschel,Olympia,before,partner,Wuschel-Olympia,-0.6395548,4.9425077,UMAP
2214,before_phees_2022-02-28_09-34-19_0000045_labelled_Wuschel_pheeseq_53_labelled_mB1.wav,Wuschel,Olympia,before,partner,Wuschel-Olympia,-2.5142415,4.145824,UMAP
2215,before_phees_2022-02-28_09-34-19_0000045_labelled_Wuschel_pheeseq_53_labelled_mB2.wav,Wuschel,Olympia,before,partner,Wuschel-Olympia,-1.9216121,4.3182316,UMAP
2216,before_phees_2022-02-28_10-15-56_0000046_labelled_Odin_pheeseq_01_labelled_mC1.wav,Odin,Nougatti,before,partner,Odin-Nougatti,9.3370285,3.6166294,UMAP
2217,before_phees_2022-02-28_10-15-56_0000046_labelled_Odin_pheeseq_01_labelled_mC2.wav,Odin,Nougatti,before,partner,Odin-Nougatti,12.313166,4.052961,UMAP
2218,before_phees_2022-02-28_10-15-56_0000046_labelled_Odin_pheeseq_01_labelled_mC3.wav,Odin,Nougatti,before,partner,Odin-Nougatti,12.434299,3.9679718,UMAP
2219,before_phees_2022-02-28_10-15-56_0000046_labelled_Odin_pheeseq_02_labelled_mD1.wav,Odin,Nougatti,before,partner,Odin-Nougatti,8.652423,3.9213605,UMAP
2220,before_phees_2022-02-28_10-15-56_0000046_labelled_Odin_pheeseq_02_labelled_mD2.wav,Odin,Nougatti,before,partner,Odin-Nougatti,12.38087,4.2646804,UMAP
2221,before_phees_2022-02-28_10-15-56_0000046_labelled_Odin_pheeseq_02_labelled_mD3.wav,Odin,Nougatti,before,partner,Odin-Nougatti,12.521983,4.403231,UMAP
2222,before_phees_2022-02-28_10-15-56_0000046_labelled_Odin_pheeseq_02_labelled_mD6.wav,Odin,Nougatti,before,partner,Odin-Nougatti,12.242752,4.565727,UMAP
2223,before_phees_2022-02-28_10-15-56_0000046_labelled_Odin_pheeseq_04_labelled_mB1.wav,Odin,Nougatti,before,partner,Odin-Nougatti,5.8205276,4.0942526,UMAP
2224,before_phees_2022-02-28_10-15-56_0000046_labelled_Odin_pheeseq_04_labelled_mB3.wav,Odin,Nougatti,before,partner,Odin-Nougatti,9.09413,4.4101043,UMAP
2225,before_phees_2022-02-28_10-15-56_0000046_labelled_Odin_pheeseq_05_labelled_mD1.wav,Odin,Nougatti,before,partner,Odin-Nougatti,8.8688345,5.025897,UMAP
2226,before_phees_2022-02-28_10-15-56_0000046_labelled_Odin_pheeseq_05_labelled_mD2.wav,Odin,Nougatti,before,partner,Odin-Nougatti,11.841053,5.172361,UMAP
2227,before_phees_2022-02-28_10-15-56_0000046_labelled_Odin_pheeseq_05_labelled_mD3.wav,Odin,Nougatti,before,partner,Odin-Nougatti,10.490765,5.1507373,UMAP
2228,before_phees_2022-02-28_10-15-56_0000046_labelled_Odin_pheeseq_05_labelled_mD4.wav,Odin,Nougatti,before,partner,Odin-Nougatti,2.575677,3.3157427,UMAP
2229,before_phees_2022-02-28_10-15-56_0000046_labelled_Odin_pheeseq_08_labelled_mC1.wav,Odin,Nougatti,before,partner,Odin-Nougatti,9.495145,4.464654,UMAP
2230,before_phees_2022-02-28_10-15-56_0000046_labelled_Odin_pheeseq_08_labelled_mC2.wav,Odin,Nougatti,before,partner,Odin-Nougatti,12.609121,4.5427823,UMAP
2231,before_phees_2022-02-28_10-15-56_0000046_labelled_Odin_pheeseq_08_labelled_mC3.wav,Odin,Nougatti,before,partner,Odin-Nougatti,12.525615,4.4357643,UMAP
2232,before_phees_2022-02-28_10-15-56_0000046_labelled_Odin_pheeseq_11_labelled_mB1.wav,Odin,Nougatti,before,partner,Odin-Nougatti,11.679635,3.4139736,UMAP
2233,before_phees_2022-02-28_10-15-56_0000046_labelled_Odin_pheeseq_11_labelled_mB2.wav,Odin,Nougatti,before,partner,Odin-Nougatti,10.790544,2.1412604,UMAP
2234,before_phees_2022-02-28_10-15-56_0000046_labelled_Odin_pheeseq_15_labelled_mB1.wav,Odin,Nougatti,before,partner,Odin-Nougatti,10.889852,3.6614013,UMAP
2235,before_phees_2022-02-28_10-15-56_0000046_labelled_Odin_pheeseq_15_labelled_mB2.wav,Odin,Nougatti,before,partner,Odin-Nougatti,10.137661,3.4514723,UMAP
2236,before_phees_2022-02-28_10-15-56_0000046_labelled_Odin_pheeseq_18_labelled_mB1.wav,Odin,Nougatti,before,partner,Odin-Nougatti,9.495835,3.6229079,UMAP
2237,before_phees_2022-02-28_10-15-56_0000046_labelled_Odin_pheeseq_20_labelled_mD1.wav,Odin,Nougatti,before,partner,Odin-Nougatti,8.545535,5.243964,UMAP
2238,before_phees_2022-02-28_10-15-56_0000046_labelled_Odin_pheeseq_20_labelled_mD3.wav,Odin,Nougatti,before,partner,Odin-Nougatti,11.5881195,5.0431967,UMAP
2239,before_phees_2022-02-28_10-15-56_0000046_labelled_Odin_pheeseq_20_labelled_mD4.wav,Odin,Nougatti,before,partner,Odin-Nougatti,11.82859,4.2495937,UMAP
2240,before_phees_2022-02-28_10-15-56_0000046_labelled_Odin_pheeseq_20_labelled_mD5.wav,Odin,Nougatti,before,partner,Odin-Nougatti,3.2043679,3.1671216,UMAP
2241,before_phees_2022-03-01_09-22-30_0000047_labelled_Olympia_pheeseq_02_labelled_mB2.wav,Olympia,Tabor,before,non-partner,Wuschel-Olympia,-4.612595,4.851821,UMAP
2242,before_phees_2022-03-01_09-22-30_0000047_labelled_Olympia_pheeseq_03_labelled_mB1.wav,Olympia,Tabor,before,non-partner,Wuschel-Olympia,0.7172101,3.9137397,UMAP
2243,before_phees_2022-03-01_09-22-30_0000047_labelled_Olympia_pheeseq_03_labelled_mB2.wav,Olympia,Tabor,before,non-partner,Wuschel-Olympia,-4.238398,4.9052606,UMAP
2244,before_phees_2022-03-01_09-22-30_0000047_labelled_Olympia_pheeseq_04_labelled_mB1.wav,Olympia,Tabor,before,non-partner,Wuschel-Olympia,0.91351277,3.7855673,UMAP
2245,before_phees_2022-03-01_09-22-30_0000047_labelled_Olympia_pheeseq_04_labelled_mB2.wav,Olympia,Tabor,before,non-partner,Wuschel-Olympia,-2.7732055,5.115982,UMAP
2246,before_phees_2022-03-01_09-22-30_0000047_labelled_Olympia_pheeseq_05_labelled_mB1.wav,Olympia,Tabor,before,non-partner,Wuschel-Olympia,0.80332905,3.762854,UMAP
2247,before_phees_2022-03-01_09-22-30_0000047_labelled_Olympia_pheeseq_07_labelled_mB1.wav,Olympia,Tabor,before,non-partner,Wuschel-Olympia,2.3997874,3.39431,UMAP
2248,before_phees_2022-03-01_09-22-30_0000047_labelled_Olympia_pheeseq_07_labelled_mB2.wav,Olympia,Tabor,before,non-partner,Wuschel-Olympia,0.87257546,3.8155458,UMAP
2249,before_phees_2022-03-01_09-22-30_0000047_labelled_Tabor_pheeseq_01_labelled_mC1.wav,Tabor,Olympia,before,non-partner,Tabor-Lola,2.7061691,4.7195745,UMAP
2250,before_phees_2022-03-01_09-22-30_0000047_labelled_Tabor_pheeseq_01_labelled_mC2.wav,Tabor,Olympia,before,non-partner,Tabor-Lola,4.13266,3.966227,UMAP
2251,before_phees_2022-03-01_09-22-30_0000047_labelled_Tabor_pheeseq_01_labelled_mC3.wav,Tabor,Olympia,before,non-partner,Tabor-Lola,1.7369477,4.527743,UMAP
2252,before_phees_2022-03-01_09-22-30_0000047_labelled_Tabor_pheeseq_14_labelled_mC1.wav,Tabor,Olympia,before,non-partner,Tabor-Lola,3.1935258,4.770668,UMAP
2253,before_phees_2022-03-01_09-22-30_0000047_labelled_Tabor_pheeseq_14_labelled_mC2.wav,Tabor,Olympia,before,non-partner,Tabor-Lola,7.0580187,3.7010398,UMAP
2254,before_phees_2022-03-01_09-22-30_0000047_labelled_Tabor_pheeseq_14_labelled_mC3.wav,Tabor,Olympia,before,non-partner,Tabor-Lola,3.2617774,4.061695,UMAP
2255,before_phees_2022-03-01_09-22-30_0000047_labelled_Tabor_pheeseq_15_labelled_mC1.wav,Tabor,Olympia,before,non-partner,Tabor-Lola,3.2189775,4.7957425,UMAP
2256,before_phees_2022-03-01_09-22-30_0000047_labelled_Tabor_pheeseq_15_labelled_mC2.wav,Tabor,Olympia,before,non-partner,Tabor-Lola,6.2323422,3.6059256,UMAP
2257,before_phees_2022-03-01_09-22-30_0000047_labelled_Tabor_pheeseq_15_labelled_mC3.wav,Tabor,Olympia,before,non-partner,Tabor-Lola,-0.17230359,4.672003,UMAP
2258,before_phees_2022-03-04_09-21-06_0000051_labelled_Odin_pheeseq_03_labelled_mC1.wav,Odin,Olympia,before,non-partner,Odin-Nougatti,7.269429,3.8872683,UMAP
2259,before_phees_2022-03-04_09-21-06_0000051_labelled_Odin_pheeseq_03_labelled_mC2.wav,Odin,Olympia,before,non-partner,Odin-Nougatti,12.2842655,4.035328,UMAP
2260,before_phees_2022-03-04_09-21-06_0000051_labelled_Odin_pheeseq_03_labelled_mC3.wav,Odin,Olympia,before,non-partner,Odin-Nougatti,12.329124,4.149344,UMAP
2261,before_phees_2022-03-04_09-21-06_0000051_labelled_Odin_pheeseq_05_labelled_mD1.wav,Odin,Olympia,before,non-partner,Odin-Nougatti,7.861358,3.6699836,UMAP
2262,before_phees_2022-03-04_09-21-06_0000051_labelled_Odin_pheeseq_05_labelled_mD2.wav,Odin,Olympia,before,non-partner,Odin-Nougatti,10.731025,4.0385423,UMAP
2263,before_phees_2022-03-04_09-21-06_0000051_labelled_Odin_pheeseq_05_labelled_mD3.wav,Odin,Olympia,before,non-partner,Odin-Nougatti,11.773968,4.2698793,UMAP
2264,before_phees_2022-03-04_09-21-06_0000051_labelled_Odin_pheeseq_05_labelled_mD4.wav,Odin,Olympia,before,non-partner,Odin-Nougatti,10.532667,4.241344,UMAP
2265,before_phees_2022-03-04_09-21-06_0000051_labelled_Odin_pheeseq_07_labelled_mD1.wav,Odin,Olympia,before,non-partner,Odin-Nougatti,9.4797945,5.5069056,UMAP
2266,before_phees_2022-03-04_09-21-06_0000051_labelled_Odin_pheeseq_07_labelled_mD2.wav,Odin,Olympia,before,non-partner,Odin-Nougatti,11.057115,5.26084,UMAP
2267,before_phees_2022-03-04_09-21-06_0000051_labelled_Odin_pheeseq_07_labelled_mD3.wav,Odin,Olympia,before,non-partner,Odin-Nougatti,11.695118,4.835731,UMAP
2268,before_phees_2022-03-04_09-21-06_0000051_labelled_Odin_pheeseq_07_labelled_mD4.wav,Odin,Olympia,before,non-partner,Odin-Nougatti,10.423261,4.787019,UMAP
2269,before_phees_2022-03-04_09-21-06_0000051_labelled_Odin_pheeseq_09_labelled_mD1.wav,Odin,Olympia,before,non-partner,Odin-Nougatti,9.405098,5.1232567,UMAP
2270,before_phees_2022-03-04_09-21-06_0000051_labelled_Odin_pheeseq_09_labelled_mD2.wav,Odin,Olympia,before,non-partner,Odin-Nougatti,10.939175,5.346846,UMAP
2271,before_phees_2022-03-04_09-21-06_0000051_labelled_Odin_pheeseq_09_labelled_mD3.wav,Odin,Olympia,before,non-partner,Odin-Nougatti,11.262206,5.2976933,UMAP
2272,before_phees_2022-03-04_09-21-06_0000051_labelled_Odin_pheeseq_09_labelled_mD4.wav,Odin,Olympia,before,non-partner,Odin-Nougatti,8.836323,4.9428353,UMAP
2273,before_phees_2022-03-04_09-21-06_0000051_labelled_Odin_pheeseq_11_labelled_mD1.wav,Odin,Olympia,before,non-partner,Odin-Nougatti,9.1580515,5.4774523,UMAP
2274,before_phees_2022-03-04_09-21-06_0000051_labelled_Odin_pheeseq_11_labelled_mD2.wav,Odin,Olympia,before,non-partner,Odin-Nougatti,11.046527,5.4299736,UMAP
2275,before_phees_2022-03-04_09-21-06_0000051_labelled_Odin_pheeseq_11_labelled_mD3.wav,Odin,Olympia,before,non-partner,Odin-Nougatti,11.040622,5.44639,UMAP
2276,before_phees_2022-03-04_09-21-06_0000051_labelled_Odin_pheeseq_11_labelled_mD4.wav,Odin,Olympia,before,non-partner,Odin-Nougatti,11.164048,5.4111333,UMAP
2277,before_phees_2022-03-04_09-21-06_0000051_labelled_Odin_pheeseq_13_labelled_mD1.wav,Odin,Olympia,before,non-partner,Odin-Nougatti,9.573441,5.5605736,UMAP
2278,before_phees_2022-03-04_09-21-06_0000051_labelled_Odin_pheeseq_13_labelled_mD2.wav,Odin,Olympia,before,non-partner,Odin-Nougatti,11.311509,5.331242,UMAP
2279,before_phees_2022-03-04_09-21-06_0000051_labelled_Odin_pheeseq_13_labelled_mD3.wav,Odin,Olympia,before,non-partner,Odin-Nougatti,11.219205,5.4416647,UMAP
2280,before_phees_2022-03-04_09-21-06_0000051_labelled_Odin_pheeseq_13_labelled_mD4.wav,Odin,Olympia,before,non-partner,Odin-Nougatti,10.853082,5.359967,UMAP
2281,before_phees_2022-03-04_09-21-06_0000051_labelled_Odin_pheeseq_15_labelled_mD1.wav,Odin,Olympia,before,non-partner,Odin-Nougatti,11.314331,4.573306,UMAP
2282,before_phees_2022-03-04_09-21-06_0000051_labelled_Odin_pheeseq_15_labelled_mD2.wav,Odin,Olympia,before,non-partner,Odin-Nougatti,12.299669,4.8709183,UMAP
2283,before_phees_2022-03-04_09-21-06_0000051_labelled_Odin_pheeseq_15_labelled_mD3.wav,Odin,Olympia,before,non-partner,Odin-Nougatti,12.3516,4.7990365,UMAP
2284,before_phees_2022-03-04_09-21-06_0000051_labelled_Odin_pheeseq_15_labelled_mD4.wav,Odin,Olympia,before,non-partner,Odin-Nougatti,10.231152,4.8615117,UMAP
2285,before_phees_2022-03-04_09-21-06_0000051_labelled_Odin_pheeseq_17_labelled_mC1.wav,Odin,Olympia,before,non-partner,Odin-Nougatti,11.741107,4.8496356,UMAP
2286,before_phees_2022-03-04_09-21-06_0000051_labelled_Odin_pheeseq_17_labelled_mC2.wav,Odin,Olympia,before,non-partner,Odin-Nougatti,11.995893,4.8794446,UMAP
2287,before_phees_2022-03-04_09-21-06_0000051_labelled_Odin_pheeseq_17_labelled_mC3.wav,Odin,Olympia,before,non-partner,Odin-Nougatti,12.01495,5.19859,UMAP
2288,before_phees_2022-03-04_09-21-06_0000051_labelled_Odin_pheeseq_20_labelled_mD1.wav,Odin,Olympia,before,non-partner,Odin-Nougatti,9.56379,5.5418134,UMAP
2289,before_phees_2022-03-04_09-21-06_0000051_labelled_Odin_pheeseq_20_labelled_mD2.wav,Odin,Olympia,before,non-partner,Odin-Nougatti,11.347021,5.3738456,UMAP
2290,before_phees_2022-03-04_09-21-06_0000051_labelled_Odin_pheeseq_20_labelled_mD3.wav,Odin,Olympia,before,non-partner,Odin-Nougatti,11.301875,5.3997574,UMAP
2291,before_phees_2022-03-04_09-21-06_0000051_labelled_Odin_pheeseq_20_labelled_mD4.wav,Odin,Olympia,before,non-partner,Odin-Nougatti,9.809203,5.431965,UMAP
2292,before_phees_2022-03-04_09-21-06_0000051_labelled_Odin_pheeseq_22_labelled_mB1.wav,Odin,Olympia,before,non-partner,Odin-Nougatti,9.803598,5.5314474,UMAP
2293,before_phees_2022-03-04_09-21-06_0000051_labelled_Odin_pheeseq_23_labelled_mB1.wav,Odin,Olympia,before,non-partner,Odin-Nougatti,9.7867565,3.5375156,UMAP
2294,before_phees_2022-03-04_09-21-06_0000051_labelled_Odin_pheeseq_23_labelled_mB2.wav,Odin,Olympia,before,non-partner,Odin-Nougatti,12.475236,3.8698595,UMAP
2295,before_phees_2022-03-04_09-21-06_0000051_labelled_Odin_pheeseq_24_labelled_mD1.wav,Odin,Olympia,before,non-partner,Odin-Nougatti,9.732491,4.0735073,UMAP
2296,before_phees_2022-03-04_09-21-06_0000051_labelled_Odin_pheeseq_24_labelled_mD2.wav,Odin,Olympia,before,non-partner,Odin-Nougatti,11.034996,4.565462,UMAP
2297,before_phees_2022-03-04_09-21-06_0000051_labelled_Odin_pheeseq_24_labelled_mD3.wav,Odin,Olympia,before,non-partner,Odin-Nougatti,12.441166,4.788415,UMAP
2298,before_phees_2022-03-04_09-21-06_0000051_labelled_Odin_pheeseq_24_labelled_mD4.wav,Odin,Olympia,before,non-partner,Odin-Nougatti,12.593499,4.5900717,UMAP
2299,before_phees_2022-03-04_09-21-06_0000051_labelled_Odin_pheeseq_25_labelled_mE1.wav,Odin,Olympia,before,non-partner,Odin-Nougatti,9.390615,3.8669465,UMAP
2300,before_phees_2022-03-04_09-21-06_0000051_labelled_Odin_pheeseq_25_labelled_mE3.wav,Odin,Olympia,before,non-partner,Odin-Nougatti,11.524853,4.6098943,UMAP
2301,before_phees_2022-03-04_09-21-06_0000051_labelled_Odin_pheeseq_25_labelled_mE4.wav,Odin,Olympia,before,non-partner,Odin-Nougatti,12.535423,4.5529156,UMAP
2302,before_phees_2022-03-04_09-21-06_0000051_labelled_Odin_pheeseq_25_labelled_mE5.wav,Odin,Olympia,before,non-partner,Odin-Nougatti,12.575118,4.588845,UMAP
2303,before_phees_2022-03-04_09-21-06_0000051_labelled_Odin_pheeseq_25_labelled_mE6.wav,Odin,Olympia,before,non-partner,Odin-Nougatti,12.396086,4.7796235,UMAP
2304,before_phees_2022-03-04_09-21-06_0000051_labelled_Odin_pheeseq_27_labelled_mC1.wav,Odin,Olympia,before,non-partner,Odin-Nougatti,11.240762,2.7707837,UMAP
2305,before_phees_2022-03-04_09-21-06_0000051_labelled_Odin_pheeseq_27_labelled_mC2.wav,Odin,Olympia,before,non-partner,Odin-Nougatti,12.575907,4.6094093,UMAP
2306,before_phees_2022-03-04_09-21-06_0000051_labelled_Odin_pheeseq_27_labelled_mC3.wav,Odin,Olympia,before,non-partner,Odin-Nougatti,13.706144,1.7310724,UMAP
2307,before_phees_2022-03-04_09-21-06_0000051_labelled_Odin_pheeseq_52_labelled_mB1.wav,Odin,Olympia,before,non-partner,Odin-Nougatti,6.322696,1.9655083,UMAP
2308,before_phees_2022-03-04_09-21-06_0000051_labelled_Odin_pheeseq_54_labelled_mB1.wav,Odin,Olympia,before,non-partner,Odin-Nougatti,5.9383283,2.3441622,UMAP
2309,before_phees_2022-03-04_09-21-06_0000051_labelled_Odin_pheeseq_54_labelled_mB2.wav,Odin,Olympia,before,non-partner,Odin-Nougatti,6.0224037,2.2239172,UMAP
2310,before_phees_2022-03-04_09-21-06_0000051_labelled_Odin_pheeseq_59_labelled_mB1.wav,Odin,Olympia,before,non-partner,Odin-Nougatti,5.933514,2.3214796,UMAP
2311,before_phees_2022-03-04_09-21-06_0000051_labelled_Odin_pheeseq_59_labelled_mB2.wav,Odin,Olympia,before,non-partner,Odin-Nougatti,5.467445,2.5580394,UMAP
2312,before_phees_2022-03-04_09-21-06_0000051_labelled_Olympia_pheeseq_02_labelled_mB1.wav,Olympia,Odin,before,non-partner,Wuschel-Olympia,4.3891826,3.942488,UMAP
2313,before_phees_2022-03-04_09-21-06_0000051_labelled_Olympia_pheeseq_02_labelled_mB2.wav,Olympia,Odin,before,non-partner,Wuschel-Olympia,3.1682298,3.3660474,UMAP
2314,before_phees_2022-03-04_09-21-06_0000051_labelled_Olympia_pheeseq_04_labelled_mB1.wav,Olympia,Odin,before,non-partner,Wuschel-Olympia,5.232232,3.2088985,UMAP
2315,before_phees_2022-03-04_09-21-06_0000051_labelled_Olympia_pheeseq_49_labelled_mB1.wav,Olympia,Odin,before,non-partner,Wuschel-Olympia,-0.04827663,5.130642,UMAP
2316,before_phees_2022-03-04_09-21-06_0000051_labelled_Olympia_pheeseq_49_labelled_mB2.wav,Olympia,Odin,before,non-partner,Wuschel-Olympia,-2.3506002,4.4874554,UMAP
2317,before_phees_2022-03-04_09-21-06_0000051_labelled_Olympia_pheeseq_51_labelled_mB1.wav,Olympia,Odin,before,non-partner,Wuschel-Olympia,-1.8729649,5.105601,UMAP
2318,before_phees_2022-03-04_09-51-13_0000052_labelled_Tabor_pheeseq_20_labelled_mC1.wav,Tabor,Lola,before,partner,Tabor-Lola,2.8639884,4.510878,UMAP
2319,before_phees_2022-03-04_09-51-13_0000052_labelled_Tabor_pheeseq_20_labelled_mC2.wav,Tabor,Lola,before,partner,Tabor-Lola,1.6763484,4.5361724,UMAP
2320,before_phees_2022-03-04_09-51-13_0000052_labelled_Tabor_pheeseq_20_labelled_mC3.wav,Tabor,Lola,before,partner,Tabor-Lola,-3.259825,4.8542457,UMAP
2321,before_phees_2022-03-07_09-19-31_0000054_labelled_Wuschel_pheeseq_02_labelled_mB1.wav,Wuschel,Lola,before,non-partner,Wuschel-Olympia,0.47874966,5.1875744,UMAP
2322,before_phees_2022-03-07_09-19-31_0000054_labelled_Wuschel_pheeseq_02_labelled_mB2.wav,Wuschel,Lola,before,non-partner,Wuschel-Olympia,-1.0967666,4.8502946,UMAP
2323,before_phees_2022-03-07_09-19-31_0000054_labelled_Wuschel_pheeseq_03_labelled_mB1.wav,Wuschel,Lola,before,non-partner,Wuschel-Olympia,0.86501384,5.1680975,UMAP
2324,before_phees_2022-03-07_09-19-31_0000054_labelled_Wuschel_pheeseq_03_labelled_mB2.wav,Wuschel,Lola,before,non-partner,Wuschel-Olympia,1.5342709,4.774805,UMAP
2325,before_phees_2022-03-07_09-19-31_0000054_labelled_Wuschel_pheeseq_04_labelled_mB1.wav,Wuschel,Lola,before,non-partner,Wuschel-Olympia,0.13748486,5.2080593,UMAP
2326,before_phees_2022-03-07_09-19-31_0000054_labelled_Wuschel_pheeseq_04_labelled_mB2.wav,Wuschel,Lola,before,non-partner,Wuschel-Olympia,0.7736733,5.0288916,UMAP
2327,before_phees_2022-03-07_09-19-31_0000054_labelled_Wuschel_pheeseq_05_labelled_mB1.wav,Wuschel,Lola,before,non-partner,Wuschel-Olympia,0.68447244,5.2242618,UMAP
2328,before_phees_2022-03-07_09-19-31_0000054_labelled_Wuschel_pheeseq_05_labelled_mB2.wav,Wuschel,Lola,before,non-partner,Wuschel-Olympia,1.0125577,5.0769243,UMAP
2329,before_phees_2022-03-07_09-19-31_0000054_labelled_Wuschel_pheeseq_06_labelled_mC1.wav,Wuschel,Lola,before,non-partner,Wuschel-Olympia,-0.10509953,5.194638,UMAP
2330,before_phees_2022-03-07_09-19-31_0000054_labelled_Wuschel_pheeseq_06_labelled_mC2.wav,Wuschel,Lola,before,non-partner,Wuschel-Olympia,1.2746074,4.915856,UMAP
2331,before_phees_2022-03-07_09-19-31_0000054_labelled_Wuschel_pheeseq_06_labelled_mC3.wav,Wuschel,Lola,before,non-partner,Wuschel-Olympia,1.0519445,3.9852495,UMAP
2332,before_phees_2022-03-07_09-19-31_0000054_labelled_Wuschel_pheeseq_08_labelled_mB1.wav,Wuschel,Lola,before,non-partner,Wuschel-Olympia,1.0010577,5.1958323,UMAP
2333,before_phees_2022-03-07_09-19-31_0000054_labelled_Wuschel_pheeseq_08_labelled_mB2.wav,Wuschel,Lola,before,non-partner,Wuschel-Olympia,0.46903428,5.0358887,UMAP
2334,before_phees_2022-03-07_09-19-31_0000054_labelled_Wuschel_pheeseq_09_labelled_mC1.wav,Wuschel,Lola,before,non-partner,Wuschel-Olympia,-0.03144743,5.170563,UMAP
2335,before_phees_2022-03-07_09-19-31_0000054_labelled_Wuschel_pheeseq_09_labelled_mC2.wav,Wuschel,Lola,before,non-partner,Wuschel-Olympia,2.8941178,4.0834227,UMAP
2336,before_phees_2022-03-07_09-19-31_0000054_labelled_Wuschel_pheeseq_09_labelled_mC3.wav,Wuschel,Lola,before,non-partner,Wuschel-Olympia,-2.0525963,4.456826,UMAP
2337,before_phees_2022-03-07_09-19-31_0000054_labelled_Wuschel_pheeseq_11_labelled_mB1.wav,Wuschel,Lola,before,non-partner,Wuschel-Olympia,2.9000213,4.2168217,UMAP
2338,before_phees_2022-03-07_09-19-31_0000054_labelled_Wuschel_pheeseq_11_labelled_mB2.wav,Wuschel,Lola,before,non-partner,Wuschel-Olympia,2.917977,4.1600246,UMAP
2339,before_phees_2022-03-07_09-19-31_0000054_labelled_Wuschel_pheeseq_12_labelled_mC1.wav,Wuschel,Lola,before,non-partner,Wuschel-Olympia,0.6985049,5.214882,UMAP
2340,before_phees_2022-03-07_09-19-31_0000054_labelled_Wuschel_pheeseq_12_labelled_mC2.wav,Wuschel,Lola,before,non-partner,Wuschel-Olympia,1.3255433,4.891966,UMAP
2341,before_phees_2022-03-07_09-19-31_0000054_labelled_Wuschel_pheeseq_12_labelled_mC5.wav,Wuschel,Lola,before,non-partner,Wuschel-Olympia,-0.79198444,4.2963214,UMAP
2342,before_phees_2022-03-07_09-19-31_0000054_labelled_Wuschel_pheeseq_13_labelled_mB1.wav,Wuschel,Lola,before,non-partner,Wuschel-Olympia,0.85368234,5.158905,UMAP
2343,before_phees_2022-03-07_09-19-31_0000054_labelled_Wuschel_pheeseq_13_labelled_mB2.wav,Wuschel,Lola,before,non-partner,Wuschel-Olympia,3.3692622,3.94713,UMAP
2344,before_phees_2022-03-07_09-19-31_0000054_labelled_Wuschel_pheeseq_14_labelled_mC1.wav,Wuschel,Lola,before,non-partner,Wuschel-Olympia,0.863712,5.187308,UMAP
2345,before_phees_2022-03-07_09-19-31_0000054_labelled_Wuschel_pheeseq_14_labelled_mC2.wav,Wuschel,Lola,before,non-partner,Wuschel-Olympia,3.6030364,3.903392,UMAP
2346,before_phees_2022-03-07_09-19-31_0000054_labelled_Wuschel_pheeseq_14_labelled_mC5.wav,Wuschel,Lola,before,non-partner,Wuschel-Olympia,-3.597678,4.91488,UMAP
2347,before_phees_2022-03-08_09-46-19_0000014_labelled_Nougatti_pheeseq_04_labelled_mB1.wav,Nougatti,Tabor,before,non-partner,Odin-Nougatti,8.181518,1.8611991,UMAP
2348,before_phees_2022-03-09_14-59-42_0000020_labelled_Odin_pheeseq_01_labelled_mB2.wav,Odin,Nougatti,before,partner,Odin-Nougatti,3.455317,3.3558717,UMAP
2349,before_phees_2022-03-09_14-59-42_0000020_labelled_Odin_pheeseq_02_labelled_mC1.wav,Odin,Nougatti,before,partner,Odin-Nougatti,7.388646,3.8660226,UMAP
2350,before_phees_2022-03-09_14-59-42_0000020_labelled_Odin_pheeseq_02_labelled_mC2.wav,Odin,Nougatti,before,partner,Odin-Nougatti,8.54977,2.784527,UMAP
2351,before_phees_2022-03-09_14-59-42_0000020_labelled_Odin_pheeseq_02_labelled_mC3.wav,Odin,Nougatti,before,partner,Odin-Nougatti,1.9612175,3.4647,UMAP
2352,before_phees_2022-03-09_14-59-42_0000020_labelled_Odin_pheeseq_03_labelled_mB1.wav,Odin,Nougatti,before,partner,Odin-Nougatti,5.4137444,3.0453014,UMAP
2353,before_phees_2022-03-09_14-59-42_0000020_labelled_Odin_pheeseq_03_labelled_mB2.wav,Odin,Nougatti,before,partner,Odin-Nougatti,2.7034798,3.3369737,UMAP
2354,before_phees_2022-03-09_14-59-42_0000020_labelled_Odin_pheeseq_05_labelled_mB1.wav,Odin,Nougatti,before,partner,Odin-Nougatti,10.083105,3.7175224,UMAP
2355,before_phees_2022-03-09_14-59-42_0000020_labelled_Odin_pheeseq_05_labelled_mB2.wav,Odin,Nougatti,before,partner,Odin-Nougatti,7.5495462,3.2871938,UMAP
2356,before_phees_2022-03-09_14-59-42_0000020_labelled_Odin_pheeseq_07_labelled_mB1.wav,Odin,Nougatti,before,partner,Odin-Nougatti,8.157567,2.785823,UMAP
2357,before_phees_2022-03-09_14-59-42_0000020_labelled_Odin_pheeseq_07_labelled_mB2.wav,Odin,Nougatti,before,partner,Odin-Nougatti,6.0657034,3.1576788,UMAP
2358,before_phees_2022-03-09_14-59-42_0000020_labelled_Odin_pheeseq_08_labelled_mB1.wav,Odin,Nougatti,before,partner,Odin-Nougatti,6.174379,3.133776,UMAP
2359,before_phees_2022-03-09_14-59-42_0000020_labelled_Odin_pheeseq_08_labelled_mB2.wav,Odin,Nougatti,before,partner,Odin-Nougatti,1.917197,3.6531937,UMAP
2360,before_phees_2022-03-09_14-59-42_0000020_labelled_Odin_pheeseq_10_labelled_mB1.wav,Odin,Nougatti,before,partner,Odin-Nougatti,7.2337046,3.081822,UMAP
2361,before_phees_2022-03-09_14-59-42_0000020_labelled_Odin_pheeseq_10_labelled_mB2.wav,Odin,Nougatti,before,partner,Odin-Nougatti,1.1787232,3.786474,UMAP
2362,before_phees_2022-03-09_14-59-42_0000020_labelled_Odin_pheeseq_11_labelled_mC1.wav,Odin,Nougatti,before,partner,Odin-Nougatti,9.098066,3.5999846,UMAP
2363,before_phees_2022-03-09_14-59-42_0000020_labelled_Odin_pheeseq_11_labelled_mC2.wav,Odin,Nougatti,before,partner,Odin-Nougatti,11.609355,3.9483056,UMAP
2364,before_phees_2022-03-09_14-59-42_0000020_labelled_Odin_pheeseq_11_labelled_mC3.wav,Odin,Nougatti,before,partner,Odin-Nougatti,9.753219,3.3751466,UMAP
2365,before_phees_2022-03-09_14-59-42_0000020_labelled_Odin_pheeseq_12_labelled_mD3.wav,Odin,Nougatti,before,partner,Odin-Nougatti,8.924217,2.915051,UMAP
2366,before_phees_2022-03-09_14-59-42_0000020_labelled_Odin_pheeseq_12_labelled_mD4.wav,Odin,Nougatti,before,partner,Odin-Nougatti,-1.6291856,4.1514215,UMAP
2367,before_phees_2022-03-09_14-59-42_0000020_labelled_Odin_pheeseq_14_labelled_mB1.wav,Odin,Nougatti,before,partner,Odin-Nougatti,8.376249,1.9014795,UMAP
2368,before_phees_2022-03-09_14-59-42_0000020_labelled_Odin_pheeseq_14_labelled_mB2.wav,Odin,Nougatti,before,partner,Odin-Nougatti,6.925252,2.6213992,UMAP
2369,before_phees_2022-03-09_14-59-42_0000020_labelled_Odin_pheeseq_15_labelled_mC2.wav,Odin,Nougatti,before,partner,Odin-Nougatti,10.823234,2.5688512,UMAP
2370,before_phees_2022-03-09_14-59-42_0000020_labelled_Odin_pheeseq_15_labelled_mC3.wav,Odin,Nougatti,before,partner,Odin-Nougatti,3.6199255,3.263533,UMAP
2371,before_phees_2022-03-10_10-18-58_0000024_labelled_Odin_pheeseq_02_labelled_mB2.wav,Odin,Olympia,before,non-partner,Odin-Nougatti,6.083914,2.9912758,UMAP
2372,before_phees_2022-03-10_10-18-58_0000024_labelled_Odin_pheeseq_04_labelled_mB1.wav,Odin,Olympia,before,non-partner,Odin-Nougatti,7.138524,2.8965654,UMAP
2373,before_phees_2022-03-10_10-18-58_0000024_labelled_Odin_pheeseq_04_labelled_mB2.wav,Odin,Olympia,before,non-partner,Odin-Nougatti,2.187392,3.7894833,UMAP
2374,before_phees_2022-03-10_10-18-58_0000024_labelled_Odin_pheeseq_05_labelled_mB1.wav,Odin,Olympia,before,non-partner,Odin-Nougatti,6.193532,2.8082736,UMAP
2375,before_phees_2022-03-10_10-18-58_0000024_labelled_Odin_pheeseq_05_labelled_mB2.wav,Odin,Olympia,before,non-partner,Odin-Nougatti,2.7168891,3.7606082,UMAP
2376,before_phees_2022-03-10_10-18-58_0000024_labelled_Odin_pheeseq_16_labelled_mB1.wav,Odin,Olympia,before,non-partner,Odin-Nougatti,5.793665,3.5494895,UMAP
2377,before_phees_2022-03-10_10-18-58_0000024_labelled_Odin_pheeseq_16_labelled_mB2.wav,Odin,Olympia,before,non-partner,Odin-Nougatti,3.345761,3.4694283,UMAP
2378,before_phees_2022-03-10_10-18-58_0000024_labelled_Odin_pheeseq_17_labelled_mC1.wav,Odin,Olympia,before,non-partner,Odin-Nougatti,4.9297166,3.9590833,UMAP
2379,before_phees_2022-03-10_10-18-58_0000024_labelled_Odin_pheeseq_17_labelled_mC2.wav,Odin,Olympia,before,non-partner,Odin-Nougatti,9.04428,3.7310858,UMAP
2380,before_phees_2022-03-10_10-18-58_0000024_labelled_Odin_pheeseq_17_labelled_mC3.wav,Odin,Olympia,before,non-partner,Odin-Nougatti,0.87282085,4.0851946,UMAP
2381,before_phees_2022-03-10_10-18-58_0000024_labelled_Odin_pheeseq_18_labelled_mC1.wav,Odin,Olympia,before,non-partner,Odin-Nougatti,5.4714303,3.884811,UMAP
2382,before_phees_2022-03-10_10-18-58_0000024_labelled_Odin_pheeseq_18_labelled_mC2.wav,Odin,Olympia,before,non-partner,Odin-Nougatti,9.535455,3.8021007,UMAP
2383,before_phees_2022-03-10_10-18-58_0000024_labelled_Odin_pheeseq_18_labelled_mC3.wav,Odin,Olympia,before,non-partner,Odin-Nougatti,9.168958,3.4743364,UMAP
2384,before_phees_2022-03-10_10-18-58_0000024_labelled_Odin_pheeseq_19_labelled_mD1.wav,Odin,Olympia,before,non-partner,Odin-Nougatti,4.768428,4.2200794,UMAP
2385,before_phees_2022-03-10_10-18-58_0000024_labelled_Odin_pheeseq_19_labelled_mD5.wav,Odin,Olympia,before,non-partner,Odin-Nougatti,10.03946,4.301388,UMAP
2386,before_phees_2022-03-10_10-18-58_0000024_labelled_Odin_pheeseq_19_labelled_mD6.wav,Odin,Olympia,before,non-partner,Odin-Nougatti,10.433975,4.38559,UMAP
2387,before_phees_2022-03-10_10-18-58_0000024_labelled_Odin_pheeseq_19_labelled_mD8.wav,Odin,Olympia,before,non-partner,Odin-Nougatti,-2.8220177,5.0756025,UMAP
2388,before_phees_2022-03-10_10-18-58_0000024_labelled_Olympia_pheeseq_20_labelled_mB1.wav,Olympia,Odin,before,non-partner,Wuschel-Olympia,-2.8377757,4.676669,UMAP
2389,before_phees_2022-03-10_10-18-58_0000024_labelled_Olympia_pheeseq_20_labelled_mB2.wav,Olympia,Odin,before,non-partner,Wuschel-Olympia,-3.0023723,5.0197744,UMAP
2390,before_phees_2022-03-10_10-18-58_0000024_labelled_Olympia_pheeseq_21_labelled_mB1.wav,Olympia,Odin,before,non-partner,Wuschel-Olympia,-2.6793394,5.3172097,UMAP
2391,before_phees_2022-03-10_10-18-58_0000024_labelled_Olympia_pheeseq_21_labelled_mB2.wav,Olympia,Odin,before,non-partner,Wuschel-Olympia,-3.096761,4.733145,UMAP
2392,before_phees_2022-03-10_10-18-58_0000024_labelled_Olympia_pheeseq_23_labelled_mB1.wav,Olympia,Odin,before,non-partner,Wuschel-Olympia,-0.45076594,4.2223268,UMAP
2393,before_phees_2022-03-10_10-18-58_0000024_labelled_Olympia_pheeseq_23_labelled_mB2.wav,Olympia,Odin,before,non-partner,Wuschel-Olympia,0.10457404,4.5724883,UMAP
2394,before_phees_2022-03-10_10-18-58_0000024_labelled_Olympia_pheeseq_24_labelled_mB1.wav,Olympia,Odin,before,non-partner,Wuschel-Olympia,-0.47482672,4.427202,UMAP
2395,before_phees_2022-03-10_10-18-58_0000024_labelled_Olympia_pheeseq_24_labelled_mB2.wav,Olympia,Odin,before,non-partner,Wuschel-Olympia,-0.40223336,4.775227,UMAP
2396,before_phees_2022-03-10_10-18-58_0000024_labelled_Olympia_pheeseqX_22_labelled_mB1.wav,Olympia,Odin,before,non-partner,Wuschel-Olympia,-1.4336655,4.2779145,UMAP
2397,before_phees_2022-03-10_10-18-58_0000024_labelled_Olympia_pheeseqX_22_labelled_mB2.wav,Olympia,Odin,before,non-partner,Wuschel-Olympia,-1.0792003,4.929456,UMAP
2398,before_phees_2022-03-10_10-59-37_0000025_labelled_Nougatti_pheeseq_14_labelled_mB2.wav,Nougatti,Wuschel,before,non-partner,Odin-Nougatti,9.067606,2.275482,UMAP
2399,before_phees_2022-03-10_10-59-37_0000025_labelled_Nougatti_pheeseq_15_labelled_mB1.wav,Nougatti,Wuschel,before,non-partner,Odin-Nougatti,5.145656,2.1902177,UMAP
2400,before_phees_2022-03-10_10-59-37_0000025_labelled_Nougatti_pheeseq_15_labelled_mB2.wav,Nougatti,Wuschel,before,non-partner,Odin-Nougatti,11.750923,3.16445,UMAP
2401,before_phees_2022-03-10_10-59-37_0000025_labelled_Nougatti_pheeseq_16_labelled_mB1.wav,Nougatti,Wuschel,before,non-partner,Odin-Nougatti,5.616069,1.4662575,UMAP
2402,before_phees_2022-03-10_10-59-37_0000025_labelled_Nougatti_pheeseq_16_labelled_mB3.wav,Nougatti,Wuschel,before,non-partner,Odin-Nougatti,11.960263,3.4837537,UMAP
2403,before_phees_2022-03-10_10-59-37_0000025_labelled_Nougatti_pheeseq_18_labelled_mB1.wav,Nougatti,Wuschel,before,non-partner,Odin-Nougatti,6.9371247,1.0128229,UMAP
2404,before_phees_2022-03-10_10-59-37_0000025_labelled_Nougatti_pheeseq_18_labelled_mB3.wav,Nougatti,Wuschel,before,non-partner,Odin-Nougatti,12.35742,3.6653736,UMAP
2405,before_phees_2022-03-10_10-59-37_0000025_labelled_Nougatti_pheeseq_19_labelled_mB1.wav,Nougatti,Wuschel,before,non-partner,Odin-Nougatti,7.417653,1.0164777,UMAP
2406,before_phees_2022-03-10_10-59-37_0000025_labelled_Nougatti_pheeseq_19_labelled_mB3.wav,Nougatti,Wuschel,before,non-partner,Odin-Nougatti,12.269423,3.4814615,UMAP
2407,before_phees_2022-03-10_10-59-37_0000025_labelled_Nougatti_pheeseq_21_labelled_mB3.wav,Nougatti,Wuschel,before,non-partner,Odin-Nougatti,10.308656,2.1288366,UMAP
2408,before_phees_2022-03-10_10-59-37_0000025_labelled_Nougatti_pheeseq_22_labelled_mB1.wav,Nougatti,Wuschel,before,non-partner,Odin-Nougatti,6.6209564,1.006013,UMAP
2409,before_phees_2022-03-10_10-59-37_0000025_labelled_Nougatti_pheeseq_23_labelled_mB1.wav,Nougatti,Wuschel,before,non-partner,Odin-Nougatti,6.082605,1.2763242,UMAP
2410,before_phees_2022-03-10_10-59-37_0000025_labelled_Nougatti_pheeseq_23_labelled_mB3.wav,Nougatti,Wuschel,before,non-partner,Odin-Nougatti,12.1778145,3.6336977,UMAP
2411,before_phees_2022-03-10_10-59-37_0000025_labelled_Nougatti_pheeseq_24_labelled_mB1.wav,Nougatti,Wuschel,before,non-partner,Odin-Nougatti,6.781296,1.0021732,UMAP
2412,before_phees_2022-03-10_10-59-37_0000025_labelled_Nougatti_pheeseq_24_labelled_mB2.wav,Nougatti,Wuschel,before,non-partner,Odin-Nougatti,11.921729,3.2416239,UMAP
2413,before_phees_2022-03-10_10-59-37_0000025_labelled_Wuschel_pheeseq_17_labelled_mB2.wav,Wuschel,Nougatti,before,non-partner,Wuschel-Olympia,0.6607258,5.1365433,UMAP
2414,before_phees_2022-03-11_09-34-34_0000027_labelled_Odin_pheeseq_01_labelled_mC1.wav,Odin,Lola,before,non-partner,Odin-Nougatti,6.699311,2.9642527,UMAP
2415,before_phees_2022-03-11_09-34-34_0000027_labelled_Odin_pheeseq_01_labelled_mC2.wav,Odin,Lola,before,non-partner,Odin-Nougatti,3.3521655,3.389406,UMAP
2416,before_phees_2022-03-11_09-34-34_0000027_labelled_Odin_pheeseq_01_labelled_mC3.wav,Odin,Lola,before,non-partner,Odin-Nougatti,-4.6724453,4.7932525,UMAP
2417,before_phees_2022-03-11_09-34-34_0000027_labelled_Odin_pheeseq_03_labelled_mC1.wav,Odin,Lola,before,non-partner,Odin-Nougatti,7.037346,3.5063183,UMAP
2418,before_phees_2022-03-11_09-34-34_0000027_labelled_Odin_pheeseq_03_labelled_mC2.wav,Odin,Lola,before,non-partner,Odin-Nougatti,7.513468,3.2823584,UMAP
2419,before_phees_2022-03-11_09-34-34_0000027_labelled_Odin_pheeseq_03_labelled_mC3.wav,Odin,Lola,before,non-partner,Odin-Nougatti,-2.0001333,4.5940084,UMAP
2420,before_phees_2022-03-11_09-34-34_0000027_labelled_Odin_pheeseq_04_labelled_mB1.wav,Odin,Lola,before,non-partner,Odin-Nougatti,7.737647,2.8242548,UMAP
2421,before_phees_2022-03-11_09-34-34_0000027_labelled_Odin_pheeseq_04_labelled_mB2.wav,Odin,Lola,before,non-partner,Odin-Nougatti,6.6378393,2.9706037,UMAP
2422,before_phees_2022-03-11_10-24-31_0000033_labelled_Tabor_pheeseq_01_labelled_mD1.wav,Tabor,Olympia,before,non-partner,Tabor-Lola,6.3435025,1.9950691,UMAP
2423,before_phees_2022-03-11_10-24-31_0000033_labelled_Tabor_pheeseq_01_labelled_mD2.wav,Tabor,Olympia,before,non-partner,Tabor-Lola,6.4307265,3.0561626,UMAP
2424,before_phees_2022-03-11_10-24-31_0000033_labelled_Tabor_pheeseq_01_labelled_mD3.wav,Tabor,Olympia,before,non-partner,Tabor-Lola,1.5308547,4.1774096,UMAP
2425,before_phees_2022-03-11_10-24-31_0000033_labelled_Tabor_pheeseq_01_labelled_mD4.wav,Tabor,Olympia,before,non-partner,Tabor-Lola,-3.7012074,4.958325,UMAP
2426,before_phees_2022-03-11_10-24-31_0000033_labelled_Tabor_pheeseq_02_labelled_mD1.wav,Tabor,Olympia,before,non-partner,Tabor-Lola,6.631447,1.959004,UMAP
2427,before_phees_2022-03-11_10-24-31_0000033_labelled_Tabor_pheeseq_02_labelled_mD2.wav,Tabor,Olympia,before,non-partner,Tabor-Lola,6.653312,3.1056986,UMAP
2428,before_phees_2022-03-11_10-24-31_0000033_labelled_Tabor_pheeseq_02_labelled_mD3.wav,Tabor,Olympia,before,non-partner,Tabor-Lola,3.78993,3.2144558,UMAP
2429,before_phees_2022-03-11_10-24-31_0000033_labelled_Tabor_pheeseq_02_labelled_mD4.wav,Tabor,Olympia,before,non-partner,Tabor-Lola,-0.81268364,4.0285425,UMAP
2430,before_phees_2022-03-11_14-57-48_0000041_labelled_Lola_pheeseq_02_labelled_mB1.wav,Lola,Wuschel,before,non-partner,Tabor-Lola,5.7348866,1.9250666,UMAP
2431,before_phees_2022-03-11_14-57-48_0000041_labelled_Lola_pheeseq_02_labelled_mB2.wav,Lola,Wuschel,before,non-partner,Tabor-Lola,8.945299,2.0982082,UMAP
2432,before_phees_2022-03-11_14-57-48_0000041_labelled_Wuschel_pheeseq_03_labelled_mC1.wav,Wuschel,Lola,before,non-partner,Wuschel-Olympia,-0.15706968,5.1674876,UMAP
2433,before_phees_2022-03-11_14-57-48_0000041_labelled_Wuschel_pheeseq_03_labelled_mC2.wav,Wuschel,Lola,before,non-partner,Wuschel-Olympia,0.7534264,5.160619,UMAP
2434,before_phees_2022-03-11_14-57-48_0000041_labelled_Wuschel_pheeseq_03_labelled_mC3.wav,Wuschel,Lola,before,non-partner,Wuschel-Olympia,-3.5734496,4.888124,UMAP
2435,before_phees_2022-03-14_09-26-36_0000046_labelled_Olympia_pheeseq_01_labelled_mB1.wav,Olympia,Wuschel,before,partner,Wuschel-Olympia,3.562802,3.608957,UMAP
2436,before_phees_2022-03-14_09-26-36_0000046_labelled_Olympia_pheeseq_01_labelled_mB2.wav,Olympia,Wuschel,before,partner,Wuschel-Olympia,1.4700644,3.5848184,UMAP
2437,before_phees_2022-03-14_09-26-36_0000046_labelled_Olympia_pheeseq_02_labelled_mB1.wav,Olympia,Wuschel,before,partner,Wuschel-Olympia,5.246205,3.1593404,UMAP
2438,before_phees_2022-03-14_09-26-36_0000046_labelled_Olympia_pheeseq_02_labelled_mB2.wav,Olympia,Wuschel,before,partner,Wuschel-Olympia,1.9757158,3.5844655,UMAP
2439,before_phees_2022-03-14_09-26-36_0000046_labelled_Olympia_pheeseq_03_labelled_mB1.wav,Olympia,Wuschel,before,partner,Wuschel-Olympia,4.4731617,3.3355074,UMAP
2440,before_phees_2022-03-14_09-26-36_0000046_labelled_Olympia_pheeseq_03_labelled_mB2.wav,Olympia,Wuschel,before,partner,Wuschel-Olympia,1.8486462,3.638185,UMAP
2441,before_phees_2022-03-14_09-26-36_0000046_labelled_Olympia_pheeseq_19_labelled_mB1.wav,Olympia,Wuschel,before,partner,Wuschel-Olympia,0.7928016,5.0881405,UMAP
2442,before_phees_2022-03-14_09-26-36_0000046_labelled_Olympia_pheeseq_19_labelled_mB2.wav,Olympia,Wuschel,before,partner,Wuschel-Olympia,0.29923186,4.26363,UMAP
2443,before_phees_2022-03-14_09-26-36_0000046_labelled_Olympia_pheeseq_20_labelled_mC1.wav,Olympia,Wuschel,before,partner,Wuschel-Olympia,-1.653901,5.0787263,UMAP
2444,before_phees_2022-03-14_09-26-36_0000046_labelled_Olympia_pheeseq_20_labelled_mC2.wav,Olympia,Wuschel,before,partner,Wuschel-Olympia,2.462547,3.9581354,UMAP
2445,before_phees_2022-03-14_09-26-36_0000046_labelled_Olympia_pheeseq_20_labelled_mC3.wav,Olympia,Wuschel,before,partner,Wuschel-Olympia,0.034706585,4.0979714,UMAP
2446,before_phees_2022-03-14_09-26-36_0000046_labelled_Olympia_pheeseq_25_labelled_mB1.wav,Olympia,Wuschel,before,partner,Wuschel-Olympia,-2.0364118,5.186884,UMAP
2447,before_phees_2022-03-14_09-26-36_0000046_labelled_Olympia_pheeseq_25_labelled_mB2.wav,Olympia,Wuschel,before,partner,Wuschel-Olympia,4.301618,3.746271,UMAP
2448,before_phees_2022-03-14_09-26-36_0000046_labelled_Olympia_pheeseq_26_labelled_mC1.wav,Olympia,Wuschel,before,partner,Wuschel-Olympia,-4.0087485,4.265925,UMAP
2449,before_phees_2022-03-14_09-26-36_0000046_labelled_Olympia_pheeseq_26_labelled_mC4.wav,Olympia,Wuschel,before,partner,Wuschel-Olympia,-3.5326695,4.4321594,UMAP
2450,before_phees_2022-03-14_09-26-36_0000046_labelled_Olympia_pheeseq_26_labelled_mC5.wav,Olympia,Wuschel,before,partner,Wuschel-Olympia,1.656591,4.205827,UMAP
2451,before_phees_2022-03-14_09-26-36_0000046_labelled_Olympia_pheeseq_30_labelled_mB1.wav,Olympia,Wuschel,before,partner,Wuschel-Olympia,-2.5325668,5.259483,UMAP
2452,before_phees_2022-03-14_09-26-36_0000046_labelled_Olympia_pheeseq_30_labelled_mB2.wav,Olympia,Wuschel,before,partner,Wuschel-Olympia,-1.5112952,4.2344527,UMAP
2453,before_phees_2022-03-14_09-26-36_0000046_labelled_Olympia_pheeseq_32_labelled_mB1.wav,Olympia,Wuschel,before,partner,Wuschel-Olympia,-3.0175498,5.3046403,UMAP
2454,before_phees_2022-03-14_09-26-36_0000046_labelled_Olympia_pheeseq_32_labelled_mB2.wav,Olympia,Wuschel,before,partner,Wuschel-Olympia,0.22184445,4.5347447,UMAP
2455,before_phees_2022-03-14_09-26-36_0000046_labelled_Wuschel_pheeseq_21_labelled_mB1.wav,Wuschel,Olympia,before,partner,Wuschel-Olympia,-2.5828018,4.308262,UMAP
2456,before_phees_2022-03-14_09-26-36_0000046_labelled_Wuschel_pheeseq_21_labelled_mB2.wav,Wuschel,Olympia,before,partner,Wuschel-Olympia,-0.3775931,5.0475154,UMAP
2457,before_phees_2022-03-14_09-26-36_0000046_labelled_Wuschel_pheeseq_22_labelled_mB1.wav,Wuschel,Olympia,before,partner,Wuschel-Olympia,-3.2091076,4.385065,UMAP
2458,before_phees_2022-03-14_09-26-36_0000046_labelled_Wuschel_pheeseq_22_labelled_mB2.wav,Wuschel,Olympia,before,partner,Wuschel-Olympia,-2.2348163,4.201662,UMAP
2459,before_phees_2022-03-14_09-26-36_0000046_labelled_Wuschel_pheeseq_23_labelled_mB1.wav,Wuschel,Olympia,before,partner,Wuschel-Olympia,-3.5994136,4.380307,UMAP
2460,before_phees_2022-03-14_09-26-36_0000046_labelled_Wuschel_pheeseq_23_labelled_mB2.wav,Wuschel,Olympia,before,partner,Wuschel-Olympia,-2.6168768,4.1055517,UMAP
2461,before_phees_2022-03-14_09-26-36_0000046_labelled_Wuschel_pheeseq_24_labelled_mB1.wav,Wuschel,Olympia,before,partner,Wuschel-Olympia,-3.8025444,4.0953174,UMAP
2462,before_phees_2022-03-14_09-26-36_0000046_labelled_Wuschel_pheeseq_24_labelled_mB2.wav,Wuschel,Olympia,before,partner,Wuschel-Olympia,-2.6307232,4.135833,UMAP
2463,before_phees_2022-03-14_09-26-36_0000046_labelled_Wuschel_pheeseq_27_labelled_mB1.wav,Wuschel,Olympia,before,partner,Wuschel-Olympia,0.027993882,5.2215996,UMAP
2464,before_phees_2022-03-14_09-26-36_0000046_labelled_Wuschel_pheeseq_27_labelled_mB2.wav,Wuschel,Olympia,before,partner,Wuschel-Olympia,-0.66947895,4.9996157,UMAP
2465,before_phees_2022-03-14_09-26-36_0000046_labelled_Wuschel_pheeseq_28_labelled_mB1.wav,Wuschel,Olympia,before,partner,Wuschel-Olympia,-0.17223895,5.184789,UMAP
2466,before_phees_2022-03-14_09-26-36_0000046_labelled_Wuschel_pheeseq_28_labelled_mB2.wav,Wuschel,Olympia,before,partner,Wuschel-Olympia,-0.3634955,5.0889416,UMAP
2467,before_phees_2022-03-14_10-35-12_0000049_labelled_Nougatti_pheeseq_04_labelled_mC1.wav,Nougatti,Odin,before,partner,Odin-Nougatti,12.398894,2.4868774,UMAP
2468,before_phees_2022-03-14_10-35-12_0000049_labelled_Nougatti_pheeseq_04_labelled_mC2.wav,Nougatti,Odin,before,partner,Odin-Nougatti,12.285191,2.369181,UMAP
2469,before_phees_2022-03-14_10-35-12_0000049_labelled_Nougatti_pheeseq_04_labelled_mC3.wav,Nougatti,Odin,before,partner,Odin-Nougatti,5.8996086,2.0351992,UMAP
2470,before_phees_2022-03-14_10-35-12_0000049_labelled_Nougatti_pheeseq_05_labelled_mC1.wav,Nougatti,Odin,before,partner,Odin-Nougatti,12.462139,2.3555584,UMAP
2471,before_phees_2022-03-14_10-35-12_0000049_labelled_Nougatti_pheeseq_13_labelled_mB1.wav,Nougatti,Odin,before,partner,Odin-Nougatti,11.297156,2.226594,UMAP
2472,before_phees_2022-03-14_10-35-12_0000049_labelled_Nougatti_pheeseq_13_labelled_mB2.wav,Nougatti,Odin,before,partner,Odin-Nougatti,0.53402287,4.5977383,UMAP
2473,before_phees_2022-03-14_10-35-12_0000049_labelled_Nougatti_pheeseq_16_labelled_mC1.wav,Nougatti,Odin,before,partner,Odin-Nougatti,12.462696,2.5187485,UMAP
2474,before_phees_2022-03-14_10-35-12_0000049_labelled_Nougatti_pheeseq_16_labelled_mC2.wav,Nougatti,Odin,before,partner,Odin-Nougatti,11.279291,2.2438278,UMAP
2475,before_phees_2022-03-14_10-35-12_0000049_labelled_Nougatti_pheeseq_16_labelled_mC3.wav,Nougatti,Odin,before,partner,Odin-Nougatti,1.4129148,4.0596476,UMAP
2476,before_phees_2022-03-14_10-35-12_0000049_labelled_Odin_pheeseq_01_labelled_mE1.wav,Odin,Nougatti,before,partner,Odin-Nougatti,6.5139675,4.2111926,UMAP
2477,before_phees_2022-03-14_10-35-12_0000049_labelled_Odin_pheeseq_01_labelled_mE2.wav,Odin,Nougatti,before,partner,Odin-Nougatti,10.035346,4.3554153,UMAP
2478,before_phees_2022-03-14_10-35-12_0000049_labelled_Odin_pheeseq_01_labelled_mE3.wav,Odin,Nougatti,before,partner,Odin-Nougatti,9.8718815,4.4340863,UMAP
2479,before_phees_2022-03-14_10-35-12_0000049_labelled_Odin_pheeseq_01_labelled_mE4.wav,Odin,Nougatti,before,partner,Odin-Nougatti,6.607181,3.791331,UMAP
2480,before_phees_2022-03-14_10-35-12_0000049_labelled_Odin_pheeseq_01_labelled_mE5.wav,Odin,Nougatti,before,partner,Odin-Nougatti,2.2793498,3.539562,UMAP
2481,before_phees_2022-03-14_10-35-12_0000049_labelled_Odin_pheeseq_02_labelled_mD1.wav,Odin,Nougatti,before,partner,Odin-Nougatti,6.6529393,4.1530485,UMAP
2482,before_phees_2022-03-14_10-35-12_0000049_labelled_Odin_pheeseq_02_labelled_mD2.wav,Odin,Nougatti,before,partner,Odin-Nougatti,10.187641,4.4627023,UMAP
2483,before_phees_2022-03-14_10-35-12_0000049_labelled_Odin_pheeseq_02_labelled_mD3.wav,Odin,Nougatti,before,partner,Odin-Nougatti,10.730104,4.4376183,UMAP
2484,before_phees_2022-03-14_10-35-12_0000049_labelled_Odin_pheeseq_02_labelled_mD4.wav,Odin,Nougatti,before,partner,Odin-Nougatti,2.5727386,3.2445068,UMAP
2485,before_phees_2022-03-14_10-35-12_0000049_labelled_Odin_pheeseq_07_labelled_mB1.wav,Odin,Nougatti,before,partner,Odin-Nougatti,5.9278026,2.439066,UMAP
2486,before_phees_2022-03-14_10-35-12_0000049_labelled_Odin_pheeseq_07_labelled_mB2.wav,Odin,Nougatti,before,partner,Odin-Nougatti,3.3110359,3.3159251,UMAP
2487,before_phees_2022-03-14_10-35-12_0000049_labelled_Odin_pheeseq_11_labelled_mB1.wav,Odin,Nougatti,before,partner,Odin-Nougatti,9.622572,3.5356653,UMAP
2488,before_phees_2022-03-14_10-35-12_0000049_labelled_Odin_pheeseq_11_labelled_mB2.wav,Odin,Nougatti,before,partner,Odin-Nougatti,7.67392,3.5436966,UMAP
2489,before_phees_2022-03-14_10-35-12_0000049_labelled_Odin_pheeseq_14_labelled_mC2.wav,Odin,Nougatti,before,partner,Odin-Nougatti,5.8730383,3.168069,UMAP
2490,before_phees_2022-03-14_10-35-12_0000049_labelled_Odin_pheeseq_14_labelled_mC3.wav,Odin,Nougatti,before,partner,Odin-Nougatti,-2.1333275,4.553043,UMAP
2491,before_phees_2022-03-14_10-35-12_0000049_labelled_Odin_pheeseq_19_labelled_mC2.wav,Odin,Nougatti,before,partner,Odin-Nougatti,8.684367,2.9104512,UMAP
2492,before_phees_2022-03-14_10-35-12_0000049_labelled_Odin_pheeseq_19_labelled_mC3.wav,Odin,Nougatti,before,partner,Odin-Nougatti,-4.6778,4.7242537,UMAP
2493,before_phees_2022-03-14_10-35-12_0000049_labelled_Odin_pheeseq_21_labelled_mB1.wav,Odin,Nougatti,before,partner,Odin-Nougatti,5.9436197,2.8357139,UMAP
2494,before_phees_2022-03-14_10-35-12_0000049_labelled_Odin_pheeseq_21_labelled_mB2.wav,Odin,Nougatti,before,partner,Odin-Nougatti,1.6815019,3.6246638,UMAP
2495,before_phees_2022-03-14_10-35-12_0000049_labelled_Odin_pheeseq_25_labelled_mB2.wav,Odin,Nougatti,before,partner,Odin-Nougatti,7.8691344,2.9710658,UMAP
2496,before_phees_2022-03-14_10-35-12_0000049_labelled_Odin_pheeseq_26_labelled_mC2.wav,Odin,Nougatti,before,partner,Odin-Nougatti,8.196572,2.8065841,UMAP
2497,before_phees_2022-03-14_10-35-12_0000049_labelled_Odin_pheeseq_26_labelled_mC3.wav,Odin,Nougatti,before,partner,Odin-Nougatti,-3.6530242,4.9651294,UMAP
2498,before_phees_2022-03-14_10-35-12_0000049_labelled_Odin_pheeseq_30_labelled_mB1.wav,Odin,Nougatti,before,partner,Odin-Nougatti,9.861879,3.5807288,UMAP
2499,before_phees_2022-03-14_10-35-12_0000049_labelled_Odin_pheeseq_30_labelled_mB2.wav,Odin,Nougatti,before,partner,Odin-Nougatti,9.584945,3.431912,UMAP
2500,before_phees_2022-03-14_10-35-12_0000049_labelled_Odin_pheeseq_40_labelled_mB2.wav,Odin,Nougatti,before,partner,Odin-Nougatti,1.7236298,3.905336,UMAP
2501,before_phees_2022-03-14_10-35-12_0000049_labelled_Odin_pheeseq_41_labelled_mB2.wav,Odin,Nougatti,before,partner,Odin-Nougatti,8.50182,3.0256364,UMAP
2502,before_phees_2022-03-14_13-20-47_0000053_labelled_Odin_pheeseq_02_labelled_mE1.wav,Odin,Olympia,before,non-partner,Odin-Nougatti,1.1979617,4.3458905,UMAP
2503,before_phees_2022-03-14_13-20-47_0000053_labelled_Odin_pheeseq_02_labelled_mE3.wav,Odin,Olympia,before,non-partner,Odin-Nougatti,1.417624,4.3672056,UMAP
2504,before_phees_2022-03-14_13-20-47_0000053_labelled_Odin_pheeseq_02_labelled_mE4.wav,Odin,Olympia,before,non-partner,Odin-Nougatti,8.854234,5.329036,UMAP
2505,before_phees_2022-03-14_13-20-47_0000053_labelled_Odin_pheeseq_02_labelled_mE5.wav,Odin,Olympia,before,non-partner,Odin-Nougatti,8.751298,5.340798,UMAP
2506,before_phees_2022-03-14_13-20-47_0000053_labelled_Odin_pheeseq_02_labelled_mE6.wav,Odin,Olympia,before,non-partner,Odin-Nougatti,2.6098888,3.3339133,UMAP
2507,before_phees_2022-03-14_13-20-47_0000053_labelled_Odin_pheeseq_04_labelled_mD1.wav,Odin,Olympia,before,non-partner,Odin-Nougatti,2.1610768,4.176141,UMAP
2508,before_phees_2022-03-14_13-20-47_0000053_labelled_Odin_pheeseq_04_labelled_mD2.wav,Odin,Olympia,before,non-partner,Odin-Nougatti,3.4023843,4.3447137,UMAP
2509,before_phees_2022-03-14_13-20-47_0000053_labelled_Odin_pheeseq_04_labelled_mD3.wav,Odin,Olympia,before,non-partner,Odin-Nougatti,9.017475,5.4210815,UMAP
2510,before_phees_2022-03-14_13-20-47_0000053_labelled_Odin_pheeseq_04_labelled_mD4.wav,Odin,Olympia,before,non-partner,Odin-Nougatti,9.173961,5.402111,UMAP
2511,before_phees_2022-03-14_13-20-47_0000053_labelled_Odin_pheeseq_05_labelled_mE1.wav,Odin,Olympia,before,non-partner,Odin-Nougatti,-2.0912507,5.176735,UMAP
2512,before_phees_2022-03-14_13-20-47_0000053_labelled_Odin_pheeseq_05_labelled_mE4.wav,Odin,Olympia,before,non-partner,Odin-Nougatti,1.2902322,4.330359,UMAP
2513,before_phees_2022-03-14_13-20-47_0000053_labelled_Odin_pheeseq_05_labelled_mE6.wav,Odin,Olympia,before,non-partner,Odin-Nougatti,3.7599325,3.9990163,UMAP
2514,before_phees_2022-03-14_13-20-47_0000053_labelled_Odin_pheeseq_05_labelled_mE7.wav,Odin,Olympia,before,non-partner,Odin-Nougatti,9.059913,5.4263697,UMAP
2515,before_phees_2022-03-14_13-20-47_0000053_labelled_Odin_pheeseq_05_labelled_mE8.wav,Odin,Olympia,before,non-partner,Odin-Nougatti,9.723851,5.3141007,UMAP
2516,before_phees_2022-03-14_13-20-47_0000053_labelled_Odin_pheeseq_10_labelled_mD1.wav,Odin,Olympia,before,non-partner,Odin-Nougatti,5.4611845,4.031785,UMAP
2517,before_phees_2022-03-14_13-20-47_0000053_labelled_Odin_pheeseq_10_labelled_mD3.wav,Odin,Olympia,before,non-partner,Odin-Nougatti,10.188967,4.307262,UMAP
2518,before_phees_2022-03-14_13-20-47_0000053_labelled_Odin_pheeseq_10_labelled_mD4.wav,Odin,Olympia,before,non-partner,Odin-Nougatti,11.433401,4.7187524,UMAP
2519,before_phees_2022-03-14_13-20-47_0000053_labelled_Odin_pheeseq_10_labelled_mD7.wav,Odin,Olympia,before,non-partner,Odin-Nougatti,4.7368093,3.9988503,UMAP
2520,before_phees_2022-03-14_13-20-47_0000053_labelled_Odin_pheeseq_15_labelled_mC1.wav,Odin,Olympia,before,non-partner,Odin-Nougatti,8.583128,5.190683,UMAP
2521,before_phees_2022-03-14_13-20-47_0000053_labelled_Odin_pheeseq_15_labelled_mC2.wav,Odin,Olympia,before,non-partner,Odin-Nougatti,9.720791,4.413968,UMAP
2522,before_phees_2022-03-14_13-20-47_0000053_labelled_Odin_pheeseq_15_labelled_mC3.wav,Odin,Olympia,before,non-partner,Odin-Nougatti,12.279537,4.633977,UMAP
2523,before_phees_2022-03-14_13-20-47_0000053_labelled_Odin_pheeseq_18_labelled_mC1.wav,Odin,Olympia,before,non-partner,Odin-Nougatti,4.9308233,4.1968064,UMAP
2524,before_phees_2022-03-14_13-20-47_0000053_labelled_Odin_pheeseq_18_labelled_mC2.wav,Odin,Olympia,before,non-partner,Odin-Nougatti,9.742969,4.5520716,UMAP
2525,before_phees_2022-03-14_13-20-47_0000053_labelled_Odin_pheeseq_18_labelled_mC3.wav,Odin,Olympia,before,non-partner,Odin-Nougatti,12.060481,4.731079,UMAP
2526,before_phees_2022-03-14_13-20-47_0000053_labelled_Odin_pheeseq_34_labelled_mC1.wav,Odin,Olympia,before,non-partner,Odin-Nougatti,5.9977937,2.9411252,UMAP
2527,before_phees_2022-03-14_13-20-47_0000053_labelled_Odin_pheeseq_34_labelled_mC2.wav,Odin,Olympia,before,non-partner,Odin-Nougatti,2.0082521,3.684732,UMAP
2528,before_phees_2022-03-14_13-20-47_0000053_labelled_Odin_pheeseq_34_labelled_mC3.wav,Odin,Olympia,before,non-partner,Odin-Nougatti,-4.593861,4.731665,UMAP
2529,before_phees_2022-03-14_13-20-47_0000053_labelled_Odin_pheeseq_35_labelled_mD1.wav,Odin,Olympia,before,non-partner,Odin-Nougatti,6.3367505,4.25544,UMAP
2530,before_phees_2022-03-14_13-20-47_0000053_labelled_Odin_pheeseq_35_labelled_mD2.wav,Odin,Olympia,before,non-partner,Odin-Nougatti,7.2747397,3.7036674,UMAP
2531,before_phees_2022-03-14_13-20-47_0000053_labelled_Odin_pheeseq_35_labelled_mD3.wav,Odin,Olympia,before,non-partner,Odin-Nougatti,0.6091839,3.6419022,UMAP
2532,before_phees_2022-03-14_13-20-47_0000053_labelled_Odin_pheeseq_35_labelled_mD4.wav,Odin,Olympia,before,non-partner,Odin-Nougatti,-4.5711465,4.6334963,UMAP
2533,before_phees_2022-03-14_13-20-47_0000053_labelled_Odin_pheeseq_44_labelled_mC1.wav,Odin,Olympia,before,non-partner,Odin-Nougatti,0.4057396,3.8826485,UMAP
2534,before_phees_2022-03-14_13-20-47_0000053_labelled_Odin_pheeseq_44_labelled_mC2.wav,Odin,Olympia,before,non-partner,Odin-Nougatti,4.8756003,4.159774,UMAP
2535,before_phees_2022-03-14_13-20-47_0000053_labelled_Odin_pheeseq_44_labelled_mC3.wav,Odin,Olympia,before,non-partner,Odin-Nougatti,10.484266,4.4607253,UMAP
2536,before_phees_2022-03-14_13-20-47_0000053_labelled_Odin_pheeseq_45_labelled_mE1.wav,Odin,Olympia,before,non-partner,Odin-Nougatti,-1.8712932,5.102049,UMAP
2537,before_phees_2022-03-14_13-20-47_0000053_labelled_Odin_pheeseq_45_labelled_mE5.wav,Odin,Olympia,before,non-partner,Odin-Nougatti,1.6741941,4.2819505,UMAP
2538,before_phees_2022-03-14_13-20-47_0000053_labelled_Odin_pheeseq_45_labelled_mE6.wav,Odin,Olympia,before,non-partner,Odin-Nougatti,8.968148,5.3579307,UMAP
2539,before_phees_2022-03-14_13-20-47_0000053_labelled_Odin_pheeseq_45_labelled_mE7.wav,Odin,Olympia,before,non-partner,Odin-Nougatti,9.081663,5.3818517,UMAP
2540,before_phees_2022-03-14_13-20-47_0000053_labelled_Odin_pheeseq_45_labelled_mE9.wav,Odin,Olympia,before,non-partner,Odin-Nougatti,2.6018379,3.2730365,UMAP
2541,before_phees_2022-03-14_13-20-47_0000053_labelled_Odin_pheeseq_46_labelled_mD1.wav,Odin,Olympia,before,non-partner,Odin-Nougatti,2.771028,4.844556,UMAP
2542,before_phees_2022-03-14_13-20-47_0000053_labelled_Odin_pheeseq_46_labelled_mD5.wav,Odin,Olympia,before,non-partner,Odin-Nougatti,8.890205,5.400061,UMAP
2543,before_phees_2022-03-14_13-20-47_0000053_labelled_Odin_pheeseq_46_labelled_mD7.wav,Odin,Olympia,before,non-partner,Odin-Nougatti,10.850135,4.944752,UMAP
2544,before_phees_2022-03-14_13-20-47_0000053_labelled_Odin_pheeseq_46_labelled_mD8.wav,Odin,Olympia,before,non-partner,Odin-Nougatti,11.099682,4.891438,UMAP
2545,before_phees_2022-03-14_13-20-47_0000053_labelled_Odin_pheeseq_47_labelled_mD1.wav,Odin,Olympia,before,non-partner,Odin-Nougatti,4.9299674,4.3786035,UMAP
2546,before_phees_2022-03-14_13-20-47_0000053_labelled_Odin_pheeseq_47_labelled_mD4.wav,Odin,Olympia,before,non-partner,Odin-Nougatti,8.629047,5.1849375,UMAP
2547,before_phees_2022-03-14_13-20-47_0000053_labelled_Odin_pheeseq_47_labelled_mD6.wav,Odin,Olympia,before,non-partner,Odin-Nougatti,10.076909,4.7434874,UMAP
2548,before_phees_2022-03-14_13-20-47_0000053_labelled_Odin_pheeseq_47_labelled_mD7.wav,Odin,Olympia,before,non-partner,Odin-Nougatti,11.815589,5.226194,UMAP
2549,before_phees_2022-03-14_13-20-47_0000053_labelled_Odin_pheeseq_49_labelled_mD1.wav,Odin,Olympia,before,non-partner,Odin-Nougatti,7.5411,4.3841543,UMAP
2550,before_phees_2022-03-14_13-20-47_0000053_labelled_Odin_pheeseq_49_labelled_mD2.wav,Odin,Olympia,before,non-partner,Odin-Nougatti,10.58326,4.5659285,UMAP
2551,before_phees_2022-03-14_13-20-47_0000053_labelled_Odin_pheeseq_49_labelled_mD3.wav,Odin,Olympia,before,non-partner,Odin-Nougatti,11.342846,4.7013955,UMAP
2552,before_phees_2022-03-14_13-20-47_0000053_labelled_Odin_pheeseq_49_labelled_mD4.wav,Odin,Olympia,before,non-partner,Odin-Nougatti,11.450331,4.7976413,UMAP
2553,before_phees_2022-03-14_13-20-47_0000053_labelled_Olympia_pheeseq_11_labelled_mB1.wav,Olympia,Odin,before,non-partner,Wuschel-Olympia,3.2694209,3.8856046,UMAP
2554,before_phees_2022-03-14_13-20-47_0000053_labelled_Olympia_pheeseq_11_labelled_mB2.wav,Olympia,Odin,before,non-partner,Wuschel-Olympia,-3.1853523,4.8322234,UMAP
2555,before_phees_2022-03-14_13-20-47_0000053_labelled_Olympia_pheeseq_48_labelled_mB1.wav,Olympia,Odin,before,non-partner,Wuschel-Olympia,0.033204712,5.0278773,UMAP
2556,before_phees_2022-03-14_13-20-47_0000053_labelled_Olympia_pheeseq_48_labelled_mB2.wav,Olympia,Odin,before,non-partner,Wuschel-Olympia,-0.012262518,4.6013556,UMAP
2557,before_phees_2022-03-14_13-20-47_0000053_labelled_Olympia_pheeseq_50_labelled_mC1.wav,Olympia,Odin,before,non-partner,Wuschel-Olympia,-2.3496995,5.14324,UMAP
2558,before_phees_2022-03-14_13-20-47_0000053_labelled_Olympia_pheeseq_50_labelled_mC2.wav,Olympia,Odin,before,non-partner,Wuschel-Olympia,0.60583764,4.7373047,UMAP
2559,before_phees_2022-03-14_13-20-47_0000053_labelled_Olympia_pheeseq_50_labelled_mC3.wav,Olympia,Odin,before,non-partner,Wuschel-Olympia,-4.669593,4.707695,UMAP
2560,before_phees_2022-03-14_13-55-14_0000054_labelled_Nougatti_pheeseq_03_labelled_mB1.wav,Nougatti,Wuschel,before,non-partner,Odin-Nougatti,9.959197,3.5582535,UMAP
2561,before_phees_2022-03-14_13-55-14_0000054_labelled_Nougatti_pheeseq_03_labelled_mB2.wav,Nougatti,Wuschel,before,non-partner,Odin-Nougatti,10.579614,4.2270722,UMAP
2562,before_phees_2022-03-14_13-55-14_0000054_labelled_Nougatti_pheeseq_06_labelled_mB1.wav,Nougatti,Wuschel,before,non-partner,Odin-Nougatti,5.701106,2.6458588,UMAP
2563,before_phees_2022-03-14_13-55-14_0000054_labelled_Nougatti_pheeseq_06_labelled_mB2.wav,Nougatti,Wuschel,before,non-partner,Odin-Nougatti,9.73425,3.587011,UMAP
2564,before_phees_2022-03-14_13-55-14_0000054_labelled_Nougatti_pheeseq_08_labelled_mB1.wav,Nougatti,Wuschel,before,non-partner,Odin-Nougatti,5.9494357,2.5375175,UMAP
2565,before_phees_2022-03-14_13-55-14_0000054_labelled_Nougatti_pheeseq_13_labelled_mC1.wav,Nougatti,Wuschel,before,non-partner,Odin-Nougatti,10.330593,1.9356226,UMAP
2566,before_phees_2022-03-14_13-55-14_0000054_labelled_Nougatti_pheeseq_13_labelled_mC2.wav,Nougatti,Wuschel,before,non-partner,Odin-Nougatti,12.423009,4.003779,UMAP
2567,before_phees_2022-03-14_13-55-14_0000054_labelled_Nougatti_pheeseq_13_labelled_mC3.wav,Nougatti,Wuschel,before,non-partner,Odin-Nougatti,10.628501,4.118389,UMAP
2568,before_phees_2022-03-14_13-55-14_0000054_labelled_Nougatti_pheeseq_15_labelled_mB1.wav,Nougatti,Wuschel,before,non-partner,Odin-Nougatti,6.5982184,1.6813934,UMAP
2569,before_phees_2022-03-14_13-55-14_0000054_labelled_Nougatti_pheeseq_15_labelled_mB2.wav,Nougatti,Wuschel,before,non-partner,Odin-Nougatti,12.067801,3.6875172,UMAP
2570,before_phees_2022-03-14_13-55-14_0000054_labelled_Nougatti_pheeseq_21_labelled_mC2.wav,Nougatti,Wuschel,before,non-partner,Odin-Nougatti,10.785147,2.242842,UMAP
2571,before_phees_2022-03-14_13-55-14_0000054_labelled_Nougatti_pheeseq_21_labelled_mC3.wav,Nougatti,Wuschel,before,non-partner,Odin-Nougatti,1.6036556,3.7737951,UMAP
2572,before_phees_2022-03-14_13-55-14_0000054_labelled_Nougatti_pheeseq_22_labelled_mC1.wav,Nougatti,Wuschel,before,non-partner,Odin-Nougatti,8.781075,1.4003713,UMAP
2573,before_phees_2022-03-14_13-55-14_0000054_labelled_Nougatti_pheeseq_22_labelled_mC2.wav,Nougatti,Wuschel,before,non-partner,Odin-Nougatti,12.388245,4.107933,UMAP
2574,before_phees_2022-03-14_13-55-14_0000054_labelled_Nougatti_pheeseq_22_labelled_mC3.wav,Nougatti,Wuschel,before,non-partner,Odin-Nougatti,9.820579,4.4118147,UMAP
2575,before_phees_2022-03-14_13-55-14_0000054_labelled_Nougatti_pheeseq_23_labelled_mB1.wav,Nougatti,Wuschel,before,non-partner,Odin-Nougatti,6.9917345,1.0011376,UMAP
2576,before_phees_2022-03-14_13-55-14_0000054_labelled_Nougatti_pheeseq_23_labelled_mB2.wav,Nougatti,Wuschel,before,non-partner,Odin-Nougatti,10.760879,2.735286,UMAP
2577,before_phees_2022-03-14_13-55-14_0000054_labelled_Nougatti_pheeseq_24_labelled_mB1.wav,Nougatti,Wuschel,before,non-partner,Odin-Nougatti,5.3240156,1.7177413,UMAP
2578,before_phees_2022-03-14_13-55-14_0000054_labelled_Nougatti_pheeseq_25_labelled_mB1.wav,Nougatti,Wuschel,before,non-partner,Odin-Nougatti,6.989605,0.9728658,UMAP
2579,before_phees_2022-03-14_13-55-14_0000054_labelled_Nougatti_pheeseq_25_labelled_mB2.wav,Nougatti,Wuschel,before,non-partner,Odin-Nougatti,11.969343,3.271273,UMAP
2580,before_phees_2022-03-14_13-55-14_0000054_labelled_Nougatti_pheeseq_26_labelled_mB1.wav,Nougatti,Wuschel,before,non-partner,Odin-Nougatti,6.403285,1.0990763,UMAP
2581,before_phees_2022-03-14_13-55-14_0000054_labelled_Nougatti_pheeseq_26_labelled_mB2.wav,Nougatti,Wuschel,before,non-partner,Odin-Nougatti,12.380789,3.8445528,UMAP
2582,before_phees_2022-03-14_13-55-14_0000054_labelled_Nougatti_pheeseq_29_labelled_mC1.wav,Nougatti,Wuschel,before,non-partner,Odin-Nougatti,10.087842,2.0607817,UMAP
2583,before_phees_2022-03-14_13-55-14_0000054_labelled_Nougatti_pheeseq_29_labelled_mC2.wav,Nougatti,Wuschel,before,non-partner,Odin-Nougatti,11.015482,2.077863,UMAP
2584,before_phees_2022-03-14_13-55-14_0000054_labelled_Nougatti_pheeseq_29_labelled_mC3.wav,Nougatti,Wuschel,before,non-partner,Odin-Nougatti,6.1856446,2.0376222,UMAP
2585,before_phees_2022-03-14_13-55-14_0000054_labelled_Nougatti_pheeseq_30_labelled_mB1.wav,Nougatti,Wuschel,before,non-partner,Odin-Nougatti,7.4179854,1.0923836,UMAP
2586,before_phees_2022-03-14_13-55-14_0000054_labelled_Nougatti_pheeseq_30_labelled_mB2.wav,Nougatti,Wuschel,before,non-partner,Odin-Nougatti,9.438269,3.5162163,UMAP
2587,before_phees_2022-03-14_13-55-14_0000054_labelled_Nougatti_pheeseq_32_labelled_mB1.wav,Nougatti,Wuschel,before,non-partner,Odin-Nougatti,7.0179954,1.0266098,UMAP
2588,before_phees_2022-03-14_13-55-14_0000054_labelled_Nougatti_pheeseq_32_labelled_mB2.wav,Nougatti,Wuschel,before,non-partner,Odin-Nougatti,10.360609,2.390541,UMAP
2589,before_phees_2022-03-14_13-55-14_0000054_labelled_Nougatti_pheeseq_33_labelled_mB1.wav,Nougatti,Wuschel,before,non-partner,Odin-Nougatti,5.600554,1.3306234,UMAP
2590,before_phees_2022-03-14_13-55-14_0000054_labelled_Nougatti_pheeseq_33_labelled_mB2.wav,Nougatti,Wuschel,before,non-partner,Odin-Nougatti,11.447975,2.9767265,UMAP
2591,before_phees_2022-03-14_13-55-14_0000054_labelled_Nougatti_pheeseq_34_labelled_mB1.wav,Nougatti,Wuschel,before,non-partner,Odin-Nougatti,4.791418,2.025219,UMAP
2592,before_phees_2022-03-14_13-55-14_0000054_labelled_Nougatti_pheeseq_34_labelled_mB2.wav,Nougatti,Wuschel,before,non-partner,Odin-Nougatti,10.626617,3.7356033,UMAP
2593,before_phees_2022-03-14_13-55-14_0000054_labelled_Nougatti_pheeseq_35_labelled_mC1.wav,Nougatti,Wuschel,before,non-partner,Odin-Nougatti,5.669072,1.0762097,UMAP
2594,before_phees_2022-03-14_13-55-14_0000054_labelled_Nougatti_pheeseq_35_labelled_mC2.wav,Nougatti,Wuschel,before,non-partner,Odin-Nougatti,10.566834,3.132864,UMAP
2595,before_phees_2022-03-14_13-55-14_0000054_labelled_Nougatti_pheeseq_35_labelled_mC3.wav,Nougatti,Wuschel,before,non-partner,Odin-Nougatti,11.304471,3.7866125,UMAP
2596,before_phees_2022-03-14_13-55-14_0000054_labelled_Nougatti_pheeseq_36_labelled_mB1.wav,Nougatti,Wuschel,before,non-partner,Odin-Nougatti,5.5488153,1.1981694,UMAP
2597,before_phees_2022-03-14_13-55-14_0000054_labelled_Nougatti_pheeseq_36_labelled_mB2.wav,Nougatti,Wuschel,before,non-partner,Odin-Nougatti,11.671789,3.1020474,UMAP
2598,before_phees_2022-03-14_13-55-14_0000054_labelled_Nougatti_pheeseq_37_labelled_mB1.wav,Nougatti,Wuschel,before,non-partner,Odin-Nougatti,7.119175,1.0245643,UMAP
2599,before_phees_2022-03-14_13-55-14_0000054_labelled_Nougatti_pheeseq_37_labelled_mB3.wav,Nougatti,Wuschel,before,non-partner,Odin-Nougatti,11.618679,3.0172236,UMAP
2600,before_phees_2022-03-14_13-55-14_0000054_labelled_Nougatti_pheeseq_38_labelled_mC1.wav,Nougatti,Wuschel,before,non-partner,Odin-Nougatti,9.98693,1.6302062,UMAP
2601,before_phees_2022-03-14_13-55-14_0000054_labelled_Nougatti_pheeseq_38_labelled_mC2.wav,Nougatti,Wuschel,before,non-partner,Odin-Nougatti,11.75356,3.2623446,UMAP
2602,before_phees_2022-03-14_13-55-14_0000054_labelled_Nougatti_pheeseq_38_labelled_mC3.wav,Nougatti,Wuschel,before,non-partner,Odin-Nougatti,-2.0514066,4.408668,UMAP
2603,before_phees_2022-03-14_13-55-14_0000054_labelled_Wuschel_pheeseq_02_labelled_mB1.wav,Wuschel,Nougatti,before,non-partner,Wuschel-Olympia,-2.392595,4.463044,UMAP
2604,before_phees_2022-03-14_13-55-14_0000054_labelled_Wuschel_pheeseq_02_labelled_mB2.wav,Wuschel,Nougatti,before,non-partner,Wuschel-Olympia,-2.3921607,4.416115,UMAP
2605,before_phees_2022-03-14_13-55-14_0000054_labelled_Wuschel_pheeseq_12_labelled_mB1.wav,Wuschel,Nougatti,before,non-partner,Wuschel-Olympia,0.8559865,5.1535172,UMAP
2606,before_phees_2022-03-14_13-55-14_0000054_labelled_Wuschel_pheeseq_12_labelled_mB2.wav,Wuschel,Nougatti,before,non-partner,Wuschel-Olympia,-2.505806,4.4625463,UMAP
2607,before_phees_2022-03-14_13-55-14_0000054_labelled_Wuschel_pheeseq_14_labelled_mC1.wav,Wuschel,Nougatti,before,non-partner,Wuschel-Olympia,2.685276,4.1558776,UMAP
2608,before_phees_2022-03-14_13-55-14_0000054_labelled_Wuschel_pheeseq_14_labelled_mC2.wav,Wuschel,Nougatti,before,non-partner,Wuschel-Olympia,2.7596917,4.0317535,UMAP
2609,before_phees_2022-03-14_13-55-14_0000054_labelled_Wuschel_pheeseq_14_labelled_mC3.wav,Wuschel,Nougatti,before,non-partner,Wuschel-Olympia,-2.4113667,4.66441,UMAP
2610,before_phees_2022-03-15_09-35-25_0000056_labelled_Lola_pheeseq_01_labelled_mB1.wav,Lola,Wuschel,before,non-partner,Tabor-Lola,7.698153,1.2827306,UMAP
2611,before_phees_2022-03-15_09-35-25_0000056_labelled_Lola_pheeseq_01_labelled_mB2.wav,Lola,Wuschel,before,non-partner,Tabor-Lola,10.508109,1.9010046,UMAP
2612,before_phees_2022-03-15_09-35-25_0000056_labelled_Lola_pheeseq_02_labelled_mB1.wav,Lola,Wuschel,before,non-partner,Tabor-Lola,8.9701,0.61656165,UMAP
2613,before_phees_2022-03-15_09-35-25_0000056_labelled_Lola_pheeseq_02_labelled_mB2.wav,Lola,Wuschel,before,non-partner,Tabor-Lola,12.227666,1.9590644,UMAP
2614,before_phees_2022-03-15_09-35-25_0000056_labelled_Lola_pheeseq_03_labelled_mB1.wav,Lola,Wuschel,before,non-partner,Tabor-Lola,8.275776,0.6248565,UMAP
2615,before_phees_2022-03-15_09-35-25_0000056_labelled_Lola_pheeseq_03_labelled_mB2.wav,Lola,Wuschel,before,non-partner,Tabor-Lola,11.78042,1.8784496,UMAP
2616,before_phees_2022-03-15_09-35-25_0000056_labelled_Lola_pheeseq_04_labelled_mB1.wav,Lola,Wuschel,before,non-partner,Tabor-Lola,9.661872,1.0062603,UMAP
2617,before_phees_2022-03-15_09-35-25_0000056_labelled_Lola_pheeseq_04_labelled_mB2.wav,Lola,Wuschel,before,non-partner,Tabor-Lola,13.394909,1.369728,UMAP
2618,before_phees_2022-03-15_09-35-25_0000056_labelled_Lola_pheeseq_05_labelled_mB1.wav,Lola,Wuschel,before,non-partner,Tabor-Lola,7.608392,0.86664593,UMAP
2619,before_phees_2022-03-15_09-35-25_0000056_labelled_Lola_pheeseq_05_labelled_mB2.wav,Lola,Wuschel,before,non-partner,Tabor-Lola,11.893229,1.541061,UMAP
2620,before_phees_2022-03-15_10-42-01_0000058_labelled_Nougatti_pheeseq_04_labelled_mB1.wav,Nougatti,Tabor,before,non-partner,Odin-Nougatti,6.178611,2.467578,UMAP
2621,before_phees_2022-03-15_10-42-01_0000058_labelled_Nougatti_pheeseq_04_labelled_mB2.wav,Nougatti,Tabor,before,non-partner,Odin-Nougatti,9.532856,3.477265,UMAP
2622,before_phees_2022-03-15_10-42-01_0000058_labelled_Nougatti_pheeseq_08_labelled_mB1.wav,Nougatti,Tabor,before,non-partner,Odin-Nougatti,7.8743134,0.98949516,UMAP
2623,before_phees_2022-03-15_10-42-01_0000058_labelled_Nougatti_pheeseq_08_labelled_mB2.wav,Nougatti,Tabor,before,non-partner,Odin-Nougatti,11.887197,3.1980453,UMAP
2624,before_phees_2022-03-15_10-42-01_0000058_labelled_Nougatti_pheeseq_11_labelled_mB1.wav,Nougatti,Tabor,before,non-partner,Odin-Nougatti,5.599908,1.8404764,UMAP
2625,before_phees_2022-03-15_10-42-01_0000058_labelled_Nougatti_pheeseq_12_labelled_mB1.wav,Nougatti,Tabor,before,non-partner,Odin-Nougatti,5.572477,1.6759508,UMAP
2626,before_phees_2022-03-15_10-42-01_0000058_labelled_Nougatti_pheeseq_12_labelled_mB2.wav,Nougatti,Tabor,before,non-partner,Odin-Nougatti,9.1356535,2.4059954,UMAP
2627,before_phees_2022-03-15_10-42-01_0000058_labelled_Tabor_pheeseq_02_labelled_mC1.wav,Tabor,Nougatti,before,non-partner,Tabor-Lola,6.2476006,2.0188644,UMAP
2628,before_phees_2022-03-15_10-42-01_0000058_labelled_Tabor_pheeseq_02_labelled_mC2.wav,Tabor,Nougatti,before,non-partner,Tabor-Lola,1.9121162,4.675854,UMAP
2629,before_phees_2022-03-15_10-42-01_0000058_labelled_Tabor_pheeseq_02_labelled_mC3.wav,Tabor,Nougatti,before,non-partner,Tabor-Lola,-2.9832435,4.8475094,UMAP
2630,before_phees_2022-03-15_13-18-10_0000060_labelled_Odin_pheeseq_03_labelled_mB2.wav,Odin,Nougatti,before,partner,Odin-Nougatti,6.5699835,2.9966106,UMAP
2631,before_phees_2022-03-15_13-18-10_0000060_labelled_Odin_pheeseq_08_labelled_mB1.wav,Odin,Nougatti,before,partner,Odin-Nougatti,8.48465,3.1059022,UMAP
2632,before_phees_2022-03-15_13-18-10_0000060_labelled_Odin_pheeseq_08_labelled_mB2.wav,Odin,Nougatti,before,partner,Odin-Nougatti,3.047106,3.289081,UMAP
2633,before_phees_2022-03-15_13-18-10_0000060_labelled_Odin_pheeseq_09_labelled_mB1.wav,Odin,Nougatti,before,partner,Odin-Nougatti,4.4029007,3.5134351,UMAP
2634,before_phees_2022-03-15_13-18-10_0000060_labelled_Odin_pheeseq_09_labelled_mB2.wav,Odin,Nougatti,before,partner,Odin-Nougatti,2.902342,3.1624994,UMAP
2635,before_phees_2022-03-15_13-18-10_0000060_labelled_Odin_pheeseq_11_labelled_mB1.wav,Odin,Nougatti,before,partner,Odin-Nougatti,5.3352623,4.024228,UMAP
2636,before_phees_2022-03-15_13-18-10_0000060_labelled_Odin_pheeseq_11_labelled_mB2.wav,Odin,Nougatti,before,partner,Odin-Nougatti,2.9483614,3.1756873,UMAP
2637,before_phees_2022-03-15_13-18-10_0000060_labelled_Odin_pheeseq_12_labelled_mD1.wav,Odin,Nougatti,before,partner,Odin-Nougatti,6.6192217,4.54606,UMAP
2638,before_phees_2022-03-15_13-18-10_0000060_labelled_Odin_pheeseq_12_labelled_mD2.wav,Odin,Nougatti,before,partner,Odin-Nougatti,8.691641,4.7322845,UMAP
2639,before_phees_2022-03-15_13-18-10_0000060_labelled_Odin_pheeseq_12_labelled_mD3.wav,Odin,Nougatti,before,partner,Odin-Nougatti,7.772992,3.6497867,UMAP
2640,before_phees_2022-03-15_13-18-10_0000060_labelled_Odin_pheeseq_12_labelled_mD4.wav,Odin,Nougatti,before,partner,Odin-Nougatti,2.0581586,3.3937483,UMAP
2641,before_phees_2022-03-15_13-18-10_0000060_labelled_Odin_pheeseq_14_labelled_mB1.wav,Odin,Nougatti,before,partner,Odin-Nougatti,6.6314015,3.8282602,UMAP
2642,before_phees_2022-03-15_13-18-10_0000060_labelled_Odin_pheeseq_14_labelled_mB2.wav,Odin,Nougatti,before,partner,Odin-Nougatti,6.6914525,3.6877067,UMAP
2643,before_phees_2022-03-15_13-18-10_0000060_labelled_Odin_pheeseq_16_labelled_mC1.wav,Odin,Nougatti,before,partner,Odin-Nougatti,-2.0278742,4.458949,UMAP
2644,before_phees_2022-03-15_13-18-10_0000060_labelled_Odin_pheeseq_16_labelled_mC2.wav,Odin,Nougatti,before,partner,Odin-Nougatti,-3.4565759,4.94176,UMAP
2645,before_phees_2022-03-15_13-18-10_0000060_labelled_Odin_pheeseq_16_labelled_mC3.wav,Odin,Nougatti,before,partner,Odin-Nougatti,-4.658737,4.828029,UMAP
2646,before_phees_2022-03-15_13-18-10_0000060_labelled_Odin_pheeseq_26_labelled_mB2.wav,Odin,Nougatti,before,partner,Odin-Nougatti,3.2868054,3.4128265,UMAP
2647,before_phees_2022-03-15_14-09-36_0000061_labelled_Olympia_pheeseq_01_labelled_mB1.wav,Olympia,Tabor,before,non-partner,Wuschel-Olympia,3.4851859,3.3844419,UMAP
2648,before_phees_2022-03-15_14-09-36_0000061_labelled_Olympia_pheeseq_01_labelled_mB2.wav,Olympia,Tabor,before,non-partner,Wuschel-Olympia,1.748503,3.559398,UMAP
2649,before_phees_2022-03-15_14-09-36_0000061_labelled_Olympia_pheeseq_03_labelled_mB1.wav,Olympia,Tabor,before,non-partner,Wuschel-Olympia,3.3149376,3.6384223,UMAP
2650,before_phees_2022-03-15_14-09-36_0000061_labelled_Olympia_pheeseq_03_labelled_mB2.wav,Olympia,Tabor,before,non-partner,Wuschel-Olympia,1.3756032,3.7859006,UMAP
2651,before_phees_2022-03-16_09-27-47_0000063_labelled_Nougatti_pheeseq_01_labelled_mC1.wav,Nougatti,Wuschel,before,non-partner,Odin-Nougatti,9.84372,1.9872936,UMAP
2652,before_phees_2022-03-16_09-27-47_0000063_labelled_Nougatti_pheeseq_01_labelled_mC2.wav,Nougatti,Wuschel,before,non-partner,Odin-Nougatti,10.034703,3.5573206,UMAP
2653,before_phees_2022-03-16_09-27-47_0000063_labelled_Nougatti_pheeseq_01_labelled_mC3.wav,Nougatti,Wuschel,before,non-partner,Odin-Nougatti,2.367786,3.91586,UMAP
2654,before_phees_2022-03-16_09-27-47_0000063_labelled_Nougatti_pheeseq_02_labelled_mB1.wav,Nougatti,Wuschel,before,non-partner,Odin-Nougatti,6.2013793,2.2176983,UMAP
2655,before_phees_2022-03-16_09-27-47_0000063_labelled_Nougatti_pheeseq_02_labelled_mB2.wav,Nougatti,Wuschel,before,non-partner,Odin-Nougatti,9.440237,3.4740117,UMAP
2656,before_phees_2022-03-16_09-27-47_0000063_labelled_Nougatti_pheeseq_03_labelled_mC1.wav,Nougatti,Wuschel,before,non-partner,Odin-Nougatti,9.959892,2.091905,UMAP
2657,before_phees_2022-03-16_09-27-47_0000063_labelled_Nougatti_pheeseq_03_labelled_mC2.wav,Nougatti,Wuschel,before,non-partner,Odin-Nougatti,12.189295,3.8001277,UMAP
2658,before_phees_2022-03-16_09-27-47_0000063_labelled_Nougatti_pheeseq_03_labelled_mC3.wav,Nougatti,Wuschel,before,non-partner,Odin-Nougatti,1.8095628,3.611487,UMAP
2659,before_phees_2022-03-16_09-27-47_0000063_labelled_Nougatti_pheeseq_04_labelled_mD1.wav,Nougatti,Wuschel,before,non-partner,Odin-Nougatti,12.404997,2.342564,UMAP
2660,before_phees_2022-03-16_09-27-47_0000063_labelled_Nougatti_pheeseq_04_labelled_mD2.wav,Nougatti,Wuschel,before,non-partner,Odin-Nougatti,12.425487,2.4062233,UMAP
2661,before_phees_2022-03-16_09-27-47_0000063_labelled_Nougatti_pheeseq_04_labelled_mD3.wav,Nougatti,Wuschel,before,non-partner,Odin-Nougatti,11.072835,2.1636825,UMAP
2662,before_phees_2022-03-16_09-27-47_0000063_labelled_Nougatti_pheeseq_04_labelled_mD4.wav,Nougatti,Wuschel,before,non-partner,Odin-Nougatti,-4.584213,4.812395,UMAP
2663,before_phees_2022-03-16_09-27-47_0000063_labelled_Nougatti_pheeseq_06_labelled_mB1.wav,Nougatti,Wuschel,before,non-partner,Odin-Nougatti,3.3801508,4.867164,UMAP
2664,before_phees_2022-03-16_09-27-47_0000063_labelled_Nougatti_pheeseq_06_labelled_mB2.wav,Nougatti,Wuschel,before,non-partner,Odin-Nougatti,9.215913,3.4583514,UMAP
2665,before_phees_2022-03-16_09-27-47_0000063_labelled_Nougatti_pheeseq_08_labelled_mB1.wav,Nougatti,Wuschel,before,non-partner,Odin-Nougatti,4.649209,1.9100188,UMAP
2666,before_phees_2022-03-16_09-27-47_0000063_labelled_Nougatti_pheeseq_08_labelled_mB2.wav,Nougatti,Wuschel,before,non-partner,Odin-Nougatti,9.70156,3.2485778,UMAP
2667,before_phees_2022-03-16_09-27-47_0000063_labelled_Nougatti_pheeseq_09_labelled_mB1.wav,Nougatti,Wuschel,before,non-partner,Odin-Nougatti,2.9904964,5.375821,UMAP
2668,before_phees_2022-03-16_09-27-47_0000063_labelled_Nougatti_pheeseq_09_labelled_mB2.wav,Nougatti,Wuschel,before,non-partner,Odin-Nougatti,8.377737,3.4894447,UMAP
2669,before_phees_2022-03-16_09-27-47_0000063_labelled_Nougatti_pheeseq_10_labelled_mB1.wav,Nougatti,Wuschel,before,non-partner,Odin-Nougatti,7.0737634,3.5266833,UMAP
2670,before_phees_2022-03-16_09-27-47_0000063_labelled_Nougatti_pheeseq_10_labelled_mB2.wav,Nougatti,Wuschel,before,non-partner,Odin-Nougatti,12.416913,3.7322104,UMAP
2671,before_phees_2022-03-16_09-27-47_0000063_labelled_Nougatti_pheeseq_11_labelled_mB1.wav,Nougatti,Wuschel,before,non-partner,Odin-Nougatti,8.791317,1.1684597,UMAP
2672,before_phees_2022-03-16_09-27-47_0000063_labelled_Nougatti_pheeseq_11_labelled_mB2.wav,Nougatti,Wuschel,before,non-partner,Odin-Nougatti,12.311175,3.5530663,UMAP
2673,before_phees_2022-03-16_09-27-47_0000063_labelled_Nougatti_pheeseq_12_labelled_mB1.wav,Nougatti,Wuschel,before,non-partner,Odin-Nougatti,6.6996627,0.9290986,UMAP
2674,before_phees_2022-03-16_09-27-47_0000063_labelled_Nougatti_pheeseq_12_labelled_mB3.wav,Nougatti,Wuschel,before,non-partner,Odin-Nougatti,11.468826,2.9616194,UMAP
2675,before_phees_2022-03-16_10-12-17_0000065_labelled_Odin_pheeseq_01_labelled_mC1.wav,Odin,Lola,before,non-partner,Odin-Nougatti,5.9476905,3.6345506,UMAP
2676,before_phees_2022-03-16_10-12-17_0000065_labelled_Odin_pheeseq_01_labelled_mC2.wav,Odin,Lola,before,non-partner,Odin-Nougatti,3.08702,3.2563224,UMAP
2677,before_phees_2022-03-16_10-12-17_0000065_labelled_Odin_pheeseq_01_labelled_mC3.wav,Odin,Lola,before,non-partner,Odin-Nougatti,-3.2072437,4.99802,UMAP
2678,before_phees_2022-03-16_10-12-17_0000065_labelled_Odin_pheeseq_02_labelled_mC1.wav,Odin,Lola,before,non-partner,Odin-Nougatti,2.98121,3.8213825,UMAP
2679,before_phees_2022-03-16_10-12-17_0000065_labelled_Odin_pheeseq_02_labelled_mC2.wav,Odin,Lola,before,non-partner,Odin-Nougatti,3.4120302,3.2661517,UMAP
2680,before_phees_2022-03-16_10-12-17_0000065_labelled_Odin_pheeseq_02_labelled_mC3.wav,Odin,Lola,before,non-partner,Odin-Nougatti,-1.6204879,4.344656,UMAP
2681,before_phees_2022-03-16_10-12-17_0000065_labelled_Odin_pheeseq_10_labelled_mB1.wav,Odin,Lola,before,non-partner,Odin-Nougatti,-1.1519293,4.208066,UMAP
2682,before_phees_2022-03-16_10-12-17_0000065_labelled_Odin_pheeseq_10_labelled_mB2.wav,Odin,Lola,before,non-partner,Odin-Nougatti,-4.675401,4.785696,UMAP
2683,before_phees_2022-03-16_14-28-55_0000068_labelled_Lola_pheeseq_13_labelled_mB1.wav,Lola,Tabor,before,partner,Tabor-Lola,0.5452496,4.7798734,UMAP
2684,before_phees_2022-03-16_14-28-55_0000068_labelled_Lola_pheeseq_13_labelled_mB2.wav,Lola,Tabor,before,partner,Tabor-Lola,0.92666113,4.529325,UMAP
2685,before_phees_2022-03-16_14-28-55_0000068_labelled_Lola_pheeseq_14_labelled_mC1.wav,Lola,Tabor,before,partner,Tabor-Lola,6.0211043,3.9585729,UMAP
2686,before_phees_2022-03-16_14-28-55_0000068_labelled_Lola_pheeseq_14_labelled_mC2.wav,Lola,Tabor,before,partner,Tabor-Lola,2.8555477,3.1743634,UMAP
2687,before_phees_2022-03-16_14-28-55_0000068_labelled_Lola_pheeseq_14_labelled_mC3.wav,Lola,Tabor,before,partner,Tabor-Lola,-4.2470665,4.652572,UMAP
2688,before_phees_2022-03-16_14-28-55_0000068_labelled_Lola_pheeseq_15_labelled_mB2.wav,Lola,Tabor,before,partner,Tabor-Lola,0.6735407,4.7349463,UMAP
2689,before_phees_2022-03-16_14-28-55_0000068_labelled_Tabor_pheeseq_01_labelled_mB1.wav,Tabor,Lola,before,partner,Tabor-Lola,6.054734,4.385293,UMAP
2690,before_phees_2022-03-16_14-28-55_0000068_labelled_Tabor_pheeseq_01_labelled_mB2.wav,Tabor,Lola,before,partner,Tabor-Lola,11.582978,4.090429,UMAP
2691,before_phees_2022-03-16_14-28-55_0000068_labelled_Tabor_pheeseq_06_labelled_mB1.wav,Tabor,Lola,before,partner,Tabor-Lola,4.8637867,3.9263742,UMAP
2692,before_phees_2022-03-16_14-28-55_0000068_labelled_Tabor_pheeseq_06_labelled_mB2.wav,Tabor,Lola,before,partner,Tabor-Lola,11.416385,3.7217596,UMAP
2693,before_phees_2022-03-17_09-51-16_0000070_labelled_Olympia_pheeseq_02_labelled_mB1.wav,Olympia,Wuschel,before,partner,Wuschel-Olympia,4.542476,3.87774,UMAP
2694,before_phees_2022-03-17_09-51-16_0000070_labelled_Olympia_pheeseq_02_labelled_mB2.wav,Olympia,Wuschel,before,partner,Wuschel-Olympia,1.8134588,3.5712645,UMAP
2695,before_phees_2022-03-17_09-51-16_0000070_labelled_Olympia_pheeseq_15_labelled_mB1.wav,Olympia,Wuschel,before,partner,Wuschel-Olympia,1.0987163,4.052868,UMAP
2696,before_phees_2022-03-17_09-51-16_0000070_labelled_Olympia_pheeseq_15_labelled_mB2.wav,Olympia,Wuschel,before,partner,Wuschel-Olympia,-3.4042895,5.020126,UMAP
2697,before_phees_2022-03-17_09-51-16_0000070_labelled_Olympia_pheeseq_19_labelled_mB2.wav,Olympia,Wuschel,before,partner,Wuschel-Olympia,-0.47521788,4.270988,UMAP
2698,before_phees_2022-03-17_09-51-16_0000070_labelled_Wuschel_pheeseq_13_labelled_mB1.wav,Wuschel,Olympia,before,partner,Wuschel-Olympia,-4.0300393,4.6178713,UMAP
2699,before_phees_2022-03-17_09-51-16_0000070_labelled_Wuschel_pheeseq_13_labelled_mB2.wav,Wuschel,Olympia,before,partner,Wuschel-Olympia,-4.1908393,4.600083,UMAP
2700,before_phees_2022-03-17_09-51-16_0000070_labelled_Wuschel_pheeseq_20_labelled_mB1.wav,Wuschel,Olympia,before,partner,Wuschel-Olympia,-3.2204635,4.4510527,UMAP
2701,before_phees_2022-03-17_09-51-16_0000070_labelled_Wuschel_pheeseq_20_labelled_mB2.wav,Wuschel,Olympia,before,partner,Wuschel-Olympia,-4.45453,4.644169,UMAP
2702,before_phees_2022-03-17_09-51-16_0000070_labelled_Wuschel_pheeseq_23_labelled_mB1.wav,Wuschel,Olympia,before,partner,Wuschel-Olympia,-2.837249,4.2788258,UMAP
2703,before_phees_2022-03-17_09-51-16_0000070_labelled_Wuschel_pheeseq_23_labelled_mB2.wav,Wuschel,Olympia,before,partner,Wuschel-Olympia,-3.0448222,4.279471,UMAP
2704,before_phees_2022-03-17_13-35-29_0000074_labelled_Olympia_pheeseq_13_labelled_mB2.wav,Olympia,Tabor,before,non-partner,Wuschel-Olympia,-0.6484545,4.096048,UMAP
2705,before_phees_2022-03-17_13-35-29_0000074_labelled_Olympia_pheeseq_18_labelled_mB1.wav,Olympia,Tabor,before,non-partner,Wuschel-Olympia,2.4039018,3.9320095,UMAP
2706,before_phees_2022-03-17_13-35-29_0000074_labelled_Olympia_pheeseq_18_labelled_mB2.wav,Olympia,Tabor,before,non-partner,Wuschel-Olympia,-0.78206044,4.074452,UMAP
2707,before_phees_2022-03-17_13-35-29_0000074_labelled_Olympia_pheeseq_20_labelled_mB1.wav,Olympia,Tabor,before,non-partner,Wuschel-Olympia,2.030265,3.8153965,UMAP
2708,before_phees_2022-03-17_13-35-29_0000074_labelled_Olympia_pheeseq_20_labelled_mB2.wav,Olympia,Tabor,before,non-partner,Wuschel-Olympia,-0.6680347,4.085682,UMAP
2709,before_phees_2022-03-17_13-35-29_0000074_labelled_Olympia_pheeseq_25_labelled_mB1.wav,Olympia,Tabor,before,non-partner,Wuschel-Olympia,4.702011,4.0670724,UMAP
2710,before_phees_2022-03-17_13-35-29_0000074_labelled_Olympia_pheeseq_25_labelled_mB2.wav,Olympia,Tabor,before,non-partner,Wuschel-Olympia,3.1678498,3.2494397,UMAP
2711,before_phees_2022-03-17_13-35-29_0000074_labelled_Tabor_pheeseq_01_labelled_mD1.wav,Tabor,Olympia,before,non-partner,Tabor-Lola,-1.0736064,4.878009,UMAP
2712,before_phees_2022-03-17_13-35-29_0000074_labelled_Tabor_pheeseq_01_labelled_mD2.wav,Tabor,Olympia,before,non-partner,Tabor-Lola,0.130015,4.1565676,UMAP
2713,before_phees_2022-03-17_13-35-29_0000074_labelled_Tabor_pheeseq_01_labelled_mD3.wav,Tabor,Olympia,before,non-partner,Tabor-Lola,-1.1516984,4.495642,UMAP
2714,before_phees_2022-03-17_13-35-29_0000074_labelled_Tabor_pheeseq_01_labelled_mD4.wav,Tabor,Olympia,before,non-partner,Tabor-Lola,-3.5856953,4.9058,UMAP
2715,before_phees_2022-03-17_13-35-29_0000074_labelled_Tabor_pheeseq_02_labelled_mD1.wav,Tabor,Olympia,before,non-partner,Tabor-Lola,0.041177154,4.9549007,UMAP
2716,before_phees_2022-03-17_13-35-29_0000074_labelled_Tabor_pheeseq_02_labelled_mD2.wav,Tabor,Olympia,before,non-partner,Tabor-Lola,2.4012978,3.8851545,UMAP
2717,before_phees_2022-03-17_13-35-29_0000074_labelled_Tabor_pheeseq_02_labelled_mD3.wav,Tabor,Olympia,before,non-partner,Tabor-Lola,0.33818227,4.299217,UMAP
2718,before_phees_2022-03-17_13-35-29_0000074_labelled_Tabor_pheeseq_02_labelled_mD4.wav,Tabor,Olympia,before,non-partner,Tabor-Lola,-2.9547882,4.943363,UMAP
2719,before_phees_2022-03-17_13-35-29_0000074_labelled_Tabor_pheeseq_03_labelled_mD1.wav,Tabor,Olympia,before,non-partner,Tabor-Lola,0.2914139,4.4556065,UMAP
2720,before_phees_2022-03-17_13-35-29_0000074_labelled_Tabor_pheeseq_03_labelled_mD2.wav,Tabor,Olympia,before,non-partner,Tabor-Lola,4.547358,3.798636,UMAP
2721,before_phees_2022-03-17_13-35-29_0000074_labelled_Tabor_pheeseq_03_labelled_mD3.wav,Tabor,Olympia,before,non-partner,Tabor-Lola,0.24754952,4.339837,UMAP
2722,before_phees_2022-03-17_13-35-29_0000074_labelled_Tabor_pheeseq_03_labelled_mD4.wav,Tabor,Olympia,before,non-partner,Tabor-Lola,-3.4075787,4.969185,UMAP
2723,before_phees_2022-03-17_13-35-29_0000074_labelled_Tabor_pheeseq_04_labelled_mC1.wav,Tabor,Olympia,before,non-partner,Tabor-Lola,4.07119,4.1403923,UMAP
2724,before_phees_2022-03-17_13-35-29_0000074_labelled_Tabor_pheeseq_04_labelled_mC2.wav,Tabor,Olympia,before,non-partner,Tabor-Lola,5.065463,3.78471,UMAP
2725,before_phees_2022-03-17_13-35-29_0000074_labelled_Tabor_pheeseq_04_labelled_mC3.wav,Tabor,Olympia,before,non-partner,Tabor-Lola,0.46832144,4.2765946,UMAP
2726,before_phees_2022-03-17_13-35-29_0000074_labelled_Tabor_pheeseq_05_labelled_mC1.wav,Tabor,Olympia,before,non-partner,Tabor-Lola,5.721856,3.725962,UMAP
2727,before_phees_2022-03-17_13-35-29_0000074_labelled_Tabor_pheeseq_05_labelled_mC2.wav,Tabor,Olympia,before,non-partner,Tabor-Lola,7.360827,4.2744856,UMAP
2728,before_phees_2022-03-17_13-35-29_0000074_labelled_Tabor_pheeseq_05_labelled_mC3.wav,Tabor,Olympia,before,non-partner,Tabor-Lola,3.843847,3.5260592,UMAP
2729,before_phees_2022-03-17_13-35-29_0000074_labelled_Tabor_pheeseq_07_labelled_mC1.wav,Tabor,Olympia,before,non-partner,Tabor-Lola,5.5783696,2.5853994,UMAP
2730,before_phees_2022-03-17_13-35-29_0000074_labelled_Tabor_pheeseq_07_labelled_mC2.wav,Tabor,Olympia,before,non-partner,Tabor-Lola,4.7260385,3.4619668,UMAP
2731,before_phees_2022-03-17_13-35-29_0000074_labelled_Tabor_pheeseq_07_labelled_mC3.wav,Tabor,Olympia,before,non-partner,Tabor-Lola,2.6708841,3.731131,UMAP
2732,before_phees_2022-03-17_13-35-29_0000074_labelled_Tabor_pheeseq_08_labelled_mD1.wav,Tabor,Olympia,before,non-partner,Tabor-Lola,1.4408836,3.9439447,UMAP
2733,before_phees_2022-03-17_13-35-29_0000074_labelled_Tabor_pheeseq_08_labelled_mD2.wav,Tabor,Olympia,before,non-partner,Tabor-Lola,5.506179,4.0895705,UMAP
2734,before_phees_2022-03-17_13-35-29_0000074_labelled_Tabor_pheeseq_08_labelled_mD3.wav,Tabor,Olympia,before,non-partner,Tabor-Lola,3.6030848,3.6371763,UMAP
2735,before_phees_2022-03-17_13-35-29_0000074_labelled_Tabor_pheeseq_08_labelled_mD4.wav,Tabor,Olympia,before,non-partner,Tabor-Lola,1.5964618,3.0198767,UMAP
2736,before_phees_2022-03-17_13-35-29_0000074_labelled_Tabor_pheeseq_09_labelled_mD1.wav,Tabor,Olympia,before,non-partner,Tabor-Lola,1.6005491,4.23048,UMAP
2737,before_phees_2022-03-17_13-35-29_0000074_labelled_Tabor_pheeseq_09_labelled_mD2.wav,Tabor,Olympia,before,non-partner,Tabor-Lola,4.5300007,3.6757545,UMAP
2738,before_phees_2022-03-17_13-35-29_0000074_labelled_Tabor_pheeseq_09_labelled_mD3.wav,Tabor,Olympia,before,non-partner,Tabor-Lola,0.44985068,4.06946,UMAP
2739,before_phees_2022-03-17_13-35-29_0000074_labelled_Tabor_pheeseq_09_labelled_mD4.wav,Tabor,Olympia,before,non-partner,Tabor-Lola,-3.0068839,4.942194,UMAP
2740,before_phees_2022-03-17_13-35-29_0000074_labelled_Tabor_pheeseq_10_labelled_mC1.wav,Tabor,Olympia,before,non-partner,Tabor-Lola,3.9057372,4.169307,UMAP
2741,before_phees_2022-03-17_13-35-29_0000074_labelled_Tabor_pheeseq_10_labelled_mC2.wav,Tabor,Olympia,before,non-partner,Tabor-Lola,6.594576,3.9753983,UMAP
2742,before_phees_2022-03-17_13-35-29_0000074_labelled_Tabor_pheeseq_10_labelled_mC3.wav,Tabor,Olympia,before,non-partner,Tabor-Lola,0.5952763,4.1631627,UMAP
2743,before_phees_2022-03-17_13-35-29_0000074_labelled_Tabor_pheeseq_14_labelled_mD1.wav,Tabor,Olympia,before,non-partner,Tabor-Lola,6.4401255,1.9521887,UMAP
2744,before_phees_2022-03-17_13-35-29_0000074_labelled_Tabor_pheeseq_14_labelled_mD2.wav,Tabor,Olympia,before,non-partner,Tabor-Lola,6.759443,3.3347535,UMAP
2745,before_phees_2022-03-17_13-35-29_0000074_labelled_Tabor_pheeseq_14_labelled_mD3.wav,Tabor,Olympia,before,non-partner,Tabor-Lola,4.0730524,3.1445487,UMAP
2746,before_phees_2022-03-17_13-35-29_0000074_labelled_Tabor_pheeseq_14_labelled_mD4.wav,Tabor,Olympia,before,non-partner,Tabor-Lola,-3.0566645,4.8924155,UMAP
2747,before_phees_2022-03-17_14-11-17_0000076_labelled_Lola_pheeseq_04_labelled_mB1.wav,Lola,Odin,before,non-partner,Tabor-Lola,7.7761207,1.5740346,UMAP
2748,before_phees_2022-03-17_14-11-17_0000076_labelled_Lola_pheeseq_04_labelled_mB2.wav,Lola,Odin,before,non-partner,Tabor-Lola,10.221847,1.7085632,UMAP
2749,before_phees_2022-03-17_14-11-17_0000076_labelled_Lola_pheeseq_18_labelled_mB1.wav,Lola,Odin,before,non-partner,Tabor-Lola,7.516795,1.0622588,UMAP
2750,before_phees_2022-03-17_14-11-17_0000076_labelled_Lola_pheeseq_19_labelled_mB1.wav,Lola,Odin,before,non-partner,Tabor-Lola,5.5964017,2.1239583,UMAP
2751,before_phees_2022-03-17_14-11-17_0000076_labelled_Lola_pheeseq_19_labelled_mB2.wav,Lola,Odin,before,non-partner,Tabor-Lola,6.585773,1.5567377,UMAP
2752,before_phees_2022-03-17_14-11-17_0000076_labelled_Odin_pheeseq_12_labelled_mB2.wav,Odin,Lola,before,non-partner,Odin-Nougatti,3.2756681,3.3741663,UMAP
2753,before_phees_2022-03-17_14-11-17_0000076_labelled_Odin_pheeseq_14_labelled_mB2.wav,Odin,Lola,before,non-partner,Odin-Nougatti,0.43923092,4.2097244,UMAP
2754,before_phees_2022-03-18_09-14-46_0000079_labelled_Olympia_pheeseq_04_labelled_mB1.wav,Olympia,Wuschel,before,partner,Wuschel-Olympia,6.8376436,3.2357247,UMAP
2755,before_phees_2022-03-18_09-14-46_0000079_labelled_Olympia_pheeseq_04_labelled_mB2.wav,Olympia,Wuschel,before,partner,Wuschel-Olympia,1.3479564,3.7523968,UMAP
2756,before_phees_2022-03-18_09-14-46_0000079_labelled_Olympia_pheeseq_06_labelled_mB1.wav,Olympia,Wuschel,before,partner,Wuschel-Olympia,0.6803598,3.8248708,UMAP
2757,before_phees_2022-03-18_09-14-46_0000079_labelled_Olympia_pheeseq_06_labelled_mB2.wav,Olympia,Wuschel,before,partner,Wuschel-Olympia,-3.5165737,4.8516912,UMAP
2758,before_phees_2022-03-18_09-14-46_0000079_labelled_Olympia_pheeseq_09_labelled_mB1.wav,Olympia,Wuschel,before,partner,Wuschel-Olympia,0.78446317,4.049055,UMAP
2759,before_phees_2022-03-18_09-14-46_0000079_labelled_Olympia_pheeseq_09_labelled_mB2.wav,Olympia,Wuschel,before,partner,Wuschel-Olympia,1.8211172,3.4704266,UMAP
2760,before_phees_2022-03-18_09-14-46_0000079_labelled_Olympia_pheeseq_13_labelled_mB1.wav,Olympia,Wuschel,before,partner,Wuschel-Olympia,0.8521505,5.038394,UMAP
2761,before_phees_2022-03-18_09-14-46_0000079_labelled_Olympia_pheeseq_14_labelled_mB1.wav,Olympia,Wuschel,before,partner,Wuschel-Olympia,-2.2376564,5.2581425,UMAP
2762,before_phees_2022-03-18_09-14-46_0000079_labelled_Olympia_pheeseq_14_labelled_mB2.wav,Olympia,Wuschel,before,partner,Wuschel-Olympia,2.5048807,3.9871724,UMAP
2763,before_phees_2022-03-18_09-14-46_0000079_labelled_Olympia_pheeseq_16_labelled_mB1.wav,Olympia,Wuschel,before,partner,Wuschel-Olympia,-2.7222888,5.2743645,UMAP
2764,before_phees_2022-03-18_09-14-46_0000079_labelled_Olympia_pheeseq_16_labelled_mB2.wav,Olympia,Wuschel,before,partner,Wuschel-Olympia,0.5345451,4.6157055,UMAP
2765,before_phees_2022-03-18_09-14-46_0000079_labelled_Olympia_pheeseq_18_labelled_mB1.wav,Olympia,Wuschel,before,partner,Wuschel-Olympia,4.71841,3.6072037,UMAP
2766,before_phees_2022-03-18_09-14-46_0000079_labelled_Olympia_pheeseq_18_labelled_mB2.wav,Olympia,Wuschel,before,partner,Wuschel-Olympia,2.207061,4.0539594,UMAP
2767,before_phees_2022-03-18_09-14-46_0000079_labelled_Olympia_pheeseq_19_labelled_mC1.wav,Olympia,Wuschel,before,partner,Wuschel-Olympia,-2.6090095,5.285488,UMAP
2768,before_phees_2022-03-18_09-14-46_0000079_labelled_Olympia_pheeseq_19_labelled_mC2.wav,Olympia,Wuschel,before,partner,Wuschel-Olympia,2.5925584,3.9133854,UMAP
2769,before_phees_2022-03-18_09-14-46_0000079_labelled_Olympia_pheeseq_19_labelled_mC3.wav,Olympia,Wuschel,before,partner,Wuschel-Olympia,-2.7124782,5.2342105,UMAP
2770,before_phees_2022-03-18_09-14-46_0000079_labelled_Olympia_pheeseq_30_labelled_mB1.wav,Olympia,Wuschel,before,partner,Wuschel-Olympia,4.187861,3.852057,UMAP
2771,before_phees_2022-03-18_09-14-46_0000079_labelled_Olympia_pheeseq_30_labelled_mB2.wav,Olympia,Wuschel,before,partner,Wuschel-Olympia,5.175477,3.9761949,UMAP
2772,before_phees_2022-03-18_09-14-46_0000079_labelled_Olympia_pheeseq_33_labelled_mB1.wav,Olympia,Wuschel,before,partner,Wuschel-Olympia,0.35235944,4.8841834,UMAP
2773,before_phees_2022-03-18_09-14-46_0000079_labelled_Olympia_pheeseq_33_labelled_mB2.wav,Olympia,Wuschel,before,partner,Wuschel-Olympia,1.2002933,3.9074392,UMAP
2774,before_phees_2022-03-18_09-14-46_0000079_labelled_Wuschel_pheeseq_17_labelled_mB1.wav,Wuschel,Olympia,before,partner,Wuschel-Olympia,-2.674586,4.472698,UMAP
2775,before_phees_2022-03-18_09-14-46_0000079_labelled_Wuschel_pheeseq_17_labelled_mB2.wav,Wuschel,Olympia,before,partner,Wuschel-Olympia,-2.608936,4.2931843,UMAP
2776,before_phees_2022-03-18_09-14-46_0000079_labelled_Wuschel_pheeseq_20_labelled_mB1.wav,Wuschel,Olympia,before,partner,Wuschel-Olympia,-2.8191383,4.407312,UMAP
2777,before_phees_2022-03-18_09-14-46_0000079_labelled_Wuschel_pheeseq_20_labelled_mB2.wav,Wuschel,Olympia,before,partner,Wuschel-Olympia,-2.809337,4.3746457,UMAP
2778,before_phees_2022-03-18_09-14-46_0000079_labelled_Wuschel_pheeseq_21_labelled_mB1.wav,Wuschel,Olympia,before,partner,Wuschel-Olympia,-2.6843886,4.433299,UMAP
2779,before_phees_2022-03-18_09-14-46_0000079_labelled_Wuschel_pheeseq_21_labelled_mB2.wav,Wuschel,Olympia,before,partner,Wuschel-Olympia,-2.4564464,4.262208,UMAP
2780,before_phees_2022-03-18_09-14-46_0000079_labelled_Wuschel_pheeseq_22_labelled_mB1.wav,Wuschel,Olympia,before,partner,Wuschel-Olympia,-2.9459002,4.26127,UMAP
2781,before_phees_2022-03-18_09-14-46_0000079_labelled_Wuschel_pheeseq_22_labelled_mB2.wav,Wuschel,Olympia,before,partner,Wuschel-Olympia,-2.6157784,4.231661,UMAP
2782,before_phees_2022-03-18_09-14-46_0000079_labelled_Wuschel_pheeseq_23_labelled_mB1.wav,Wuschel,Olympia,before,partner,Wuschel-Olympia,-2.667136,4.1104417,UMAP
2783,before_phees_2022-03-18_09-14-46_0000079_labelled_Wuschel_pheeseq_23_labelled_mB2.wav,Wuschel,Olympia,before,partner,Wuschel-Olympia,-1.9120651,4.33826,UMAP
2784,before_phees_2022-03-18_09-14-46_0000079_labelled_Wuschel_pheeseq_25_labelled_mB1.wav,Wuschel,Olympia,before,partner,Wuschel-Olympia,-0.9384672,4.9954886,UMAP
2785,before_phees_2022-03-18_09-14-46_0000079_labelled_Wuschel_pheeseq_25_labelled_mB2.wav,Wuschel,Olympia,before,partner,Wuschel-Olympia,-2.0943732,4.2381415,UMAP
2786,before_phees_2022-03-18_09-14-46_0000079_labelled_Wuschel_pheeseq_28_labelled_mB1.wav,Wuschel,Olympia,before,partner,Wuschel-Olympia,-2.5742357,4.115331,UMAP
2787,before_phees_2022-03-18_09-14-46_0000079_labelled_Wuschel_pheeseq_28_labelled_mB2.wav,Wuschel,Olympia,before,partner,Wuschel-Olympia,-2.0680296,4.254348,UMAP
2788,before_phees_2022-03-18_09-14-46_0000079_labelled_Wuschel_pheeseq_29_labelled_mB1.wav,Wuschel,Olympia,before,partner,Wuschel-Olympia,-2.6626964,4.1161923,UMAP
2789,before_phees_2022-03-18_09-14-46_0000079_labelled_Wuschel_pheeseq_29_labelled_mB2.wav,Wuschel,Olympia,before,partner,Wuschel-Olympia,-2.1627998,4.1615844,UMAP
2790,before_phees_2022-03-18_10-23-09_0000086_labelled_Odin_pheeseq_06_labelled_mC1.wav,Odin,Nougatti,before,partner,Odin-Nougatti,4.166291,3.8824763,UMAP
2791,before_phees_2022-03-18_10-23-09_0000086_labelled_Odin_pheeseq_06_labelled_mC2.wav,Odin,Nougatti,before,partner,Odin-Nougatti,6.5488048,3.708622,UMAP
2792,before_phees_2022-03-18_10-23-09_0000086_labelled_Odin_pheeseq_06_labelled_mC3.wav,Odin,Nougatti,before,partner,Odin-Nougatti,-4.144321,4.657528,UMAP
2793,before_phees_2022-03-21_10-06-36_0000094_labelled_Lola_pheeseq_23_labelled_mB1.wav,Lola,Odin,before,non-partner,Tabor-Lola,5.669939,1.800474,UMAP
2794,before_phees_2022-03-21_10-06-36_0000094_labelled_Odin_pheeseq_05_labelled_mB1.wav,Odin,Lola,before,non-partner,Odin-Nougatti,6.073851,3.338001,UMAP
2795,before_phees_2022-03-21_10-06-36_0000094_labelled_Odin_pheeseq_05_labelled_mB2.wav,Odin,Lola,before,non-partner,Odin-Nougatti,1.3359251,3.661874,UMAP
2796,before_phees_2022-03-21_10-06-36_0000094_labelled_Odin_pheeseq_19_labelled_mB1.wav,Odin,Lola,before,non-partner,Odin-Nougatti,4.1770315,3.294655,UMAP
2797,before_phees_2022-03-21_10-06-36_0000094_labelled_Odin_pheeseq_19_labelled_mB2.wav,Odin,Lola,before,non-partner,Odin-Nougatti,1.2476708,3.6987817,UMAP
2798,before_phees_2022-03-21_10-06-36_0000094_labelled_Odin_pheeseq_20_labelled_mD1.wav,Odin,Lola,before,non-partner,Odin-Nougatti,6.8468795,4.1126328,UMAP
2799,before_phees_2022-03-21_10-06-36_0000094_labelled_Odin_pheeseq_20_labelled_mD2.wav,Odin,Lola,before,non-partner,Odin-Nougatti,7.365991,3.8695397,UMAP
2800,before_phees_2022-03-21_10-06-36_0000094_labelled_Odin_pheeseq_20_labelled_mD3.wav,Odin,Lola,before,non-partner,Odin-Nougatti,2.4453776,3.3554509,UMAP
2801,before_phees_2022-03-21_10-06-36_0000094_labelled_Odin_pheeseq_20_labelled_mD4.wav,Odin,Lola,before,non-partner,Odin-Nougatti,-4.546995,4.6267524,UMAP
2802,before_phees_2022-03-21_13-15-58_0000096_labelled_Wuschel_pheeseq_04_labelled_mB1.wav,Wuschel,Nougatti,before,non-partner,Wuschel-Olympia,-3.7940898,4.574396,UMAP
2803,before_phees_2022-03-21_13-15-58_0000096_labelled_Wuschel_pheeseq_04_labelled_mB2.wav,Wuschel,Nougatti,before,non-partner,Wuschel-Olympia,-3.9764974,4.6324463,UMAP
2804,before_phees_2022-03-21_13-15-58_0000096_labelled_Wuschel_pheeseq_05_labelled_mB1.wav,Wuschel,Nougatti,before,non-partner,Wuschel-Olympia,-3.7879272,4.543358,UMAP
2805,before_phees_2022-03-21_13-15-58_0000096_labelled_Wuschel_pheeseq_05_labelled_mB2.wav,Wuschel,Nougatti,before,non-partner,Wuschel-Olympia,-3.7588754,4.489488,UMAP
2806,before_phees_2022-03-21_13-47-05_0000098_labelled_Lola_pheeseq_02_labelled_mB1.wav,Lola,Tabor,before,partner,Tabor-Lola,5.854551,1.9218597,UMAP
2807,before_phees_2022-03-21_13-47-05_0000098_labelled_Lola_pheeseq_02_labelled_mB2.wav,Lola,Tabor,before,partner,Tabor-Lola,8.188661,2.0116243,UMAP
2808,before_phees_2022-03-21_13-47-05_0000098_labelled_Lola_pheeseq_03_labelled_mB1.wav,Lola,Tabor,before,partner,Tabor-Lola,5.7701945,1.7365904,UMAP
2809,before_phees_2022-03-21_13-47-05_0000098_labelled_Lola_pheeseq_04_labelled_mB1.wav,Lola,Tabor,before,partner,Tabor-Lola,5.922123,1.5196991,UMAP
2810,before_phees_2022-03-21_13-47-05_0000098_labelled_Lola_pheeseq_07_labelled_mB2.wav,Lola,Tabor,before,partner,Tabor-Lola,10.236606,1.9451005,UMAP
2811,before_phees_2022-03-21_13-47-05_0000098_labelled_Lola_pheeseq_08_labelled_mB1.wav,Lola,Tabor,before,partner,Tabor-Lola,5.849223,1.9021162,UMAP
2812,before_phees_2022-03-21_13-47-05_0000098_labelled_Lola_pheeseq_08_labelled_mB2.wav,Lola,Tabor,before,partner,Tabor-Lola,10.724609,2.088774,UMAP
2813,before_phees_2022-03-21_13-47-05_0000098_labelled_Lola_pheeseq_09_labelled_mB1.wav,Lola,Tabor,before,partner,Tabor-Lola,8.306151,2.7804806,UMAP
2814,before_phees_2022-03-21_13-47-05_0000098_labelled_Lola_pheeseq_09_labelled_mB2.wav,Lola,Tabor,before,partner,Tabor-Lola,8.892458,1.9477623,UMAP
2815,before_phees_2022-03-21_13-47-05_0000098_labelled_Lola_pheeseq_17_labelled_mB1.wav,Lola,Tabor,before,partner,Tabor-Lola,7.677681,1.005605,UMAP
2816,before_phees_2022-03-21_13-47-05_0000098_labelled_Lola_pheeseq_18_labelled_mB1.wav,Lola,Tabor,before,partner,Tabor-Lola,6.265292,1.1593044,UMAP
2817,before_phees_2022-03-21_13-47-05_0000098_labelled_Lola_pheeseq_18_labelled_mB3.wav,Lola,Tabor,before,partner,Tabor-Lola,9.569689,1.3982456,UMAP
2818,before_phees_2022-03-21_13-47-05_0000098_labelled_Lola_pheeseq_19_labelled_mB1.wav,Lola,Tabor,before,partner,Tabor-Lola,7.726219,0.95492804,UMAP
2819,before_phees_2022-03-21_13-47-05_0000098_labelled_Lola_pheeseq_19_labelled_mB2.wav,Lola,Tabor,before,partner,Tabor-Lola,13.071719,1.4293722,UMAP
2820,before_phees_2022-03-21_13-47-05_0000098_labelled_Lola_pheeseq_20_labelled_mB1.wav,Lola,Tabor,before,partner,Tabor-Lola,7.3234873,0.7587473,UMAP
2821,before_phees_2022-03-21_13-47-05_0000098_labelled_Lola_pheeseq_20_labelled_mB2.wav,Lola,Tabor,before,partner,Tabor-Lola,11.735502,1.7074032,UMAP
2822,before_phees_2022-03-21_13-47-05_0000098_labelled_Lola_pheeseq_22_labelled_mC1.wav,Lola,Tabor,before,partner,Tabor-Lola,7.926394,0.9013684,UMAP
2823,before_phees_2022-03-21_13-47-05_0000098_labelled_Lola_pheeseq_22_labelled_mC3.wav,Lola,Tabor,before,partner,Tabor-Lola,11.333266,1.0919874,UMAP
2824,before_phees_2022-03-21_13-47-05_0000098_labelled_Lola_pheeseq_22_labelled_mC4.wav,Lola,Tabor,before,partner,Tabor-Lola,11.934754,1.6623453,UMAP
2825,before_phees_2022-03-21_13-47-05_0000098_labelled_Lola_pheeseq_23_labelled_mC1.wav,Lola,Tabor,before,partner,Tabor-Lola,6.9962225,0.77896744,UMAP
2826,before_phees_2022-03-21_13-47-05_0000098_labelled_Lola_pheeseq_23_labelled_mC3.wav,Lola,Tabor,before,partner,Tabor-Lola,10.861831,1.1163199,UMAP
2827,before_phees_2022-03-21_13-47-05_0000098_labelled_Lola_pheeseq_23_labelled_mC4.wav,Lola,Tabor,before,partner,Tabor-Lola,12.988018,1.4338883,UMAP
2828,before_phees_2022-03-21_13-47-05_0000098_labelled_Lola_pheeseq_24_labelled_mC1.wav,Lola,Tabor,before,partner,Tabor-Lola,9.724504,0.49813735,UMAP
2829,before_phees_2022-03-21_13-47-05_0000098_labelled_Lola_pheeseq_24_labelled_mC2.wav,Lola,Tabor,before,partner,Tabor-Lola,11.812733,1.0725752,UMAP
2830,before_phees_2022-03-21_13-47-05_0000098_labelled_Lola_pheeseq_24_labelled_mC3.wav,Lola,Tabor,before,partner,Tabor-Lola,10.176426,0.8521114,UMAP
2831,before_phees_2022-03-21_13-47-05_0000098_labelled_Lola_pheeseq_25_labelled_mB1.wav,Lola,Tabor,before,partner,Tabor-Lola,10.492921,0.58015114,UMAP
2832,before_phees_2022-03-21_13-47-05_0000098_labelled_Lola_pheeseq_25_labelled_mB2.wav,Lola,Tabor,before,partner,Tabor-Lola,11.707096,1.089686,UMAP
2833,before_phees_2022-03-21_13-47-05_0000098_labelled_Lola_pheeseq_26_labelled_mB1.wav,Lola,Tabor,before,partner,Tabor-Lola,9.873135,1.13033,UMAP
2834,before_phees_2022-03-21_13-47-05_0000098_labelled_Lola_pheeseq_26_labelled_mB2.wav,Lola,Tabor,before,partner,Tabor-Lola,13.012758,1.396471,UMAP
2835,before_phees_2022-03-21_13-47-05_0000098_labelled_Lola_pheeseq_27_labelled_mB1.wav,Lola,Tabor,before,partner,Tabor-Lola,8.572875,0.55493695,UMAP
2836,before_phees_2022-03-21_13-47-05_0000098_labelled_Lola_pheeseq_27_labelled_mB2.wav,Lola,Tabor,before,partner,Tabor-Lola,11.908852,1.3110884,UMAP
2837,before_phees_2022-03-21_13-47-05_0000098_labelled_Lola_pheeseq_29_labelled_mB1.wav,Lola,Tabor,before,partner,Tabor-Lola,9.401836,0.9179006,UMAP
2838,before_phees_2022-03-21_13-47-05_0000098_labelled_Lola_pheeseq_29_labelled_mB2.wav,Lola,Tabor,before,partner,Tabor-Lola,12.838999,1.5476713,UMAP
2839,before_phees_2022-03-21_13-47-05_0000098_labelled_Tabor_pheeseq_28_labelled_mC1.wav,Tabor,Lola,before,partner,Tabor-Lola,6.34676,1.9628562,UMAP
2840,before_phees_2022-03-21_13-47-05_0000098_labelled_Tabor_pheeseq_28_labelled_mC4.wav,Tabor,Lola,before,partner,Tabor-Lola,2.9171262,4.0075445,UMAP
2841,before_phees_2022-03-21_13-47-05_0000098_labelled_Tabor_pheeseq_28_labelled_mC5.wav,Tabor,Lola,before,partner,Tabor-Lola,-3.5065663,4.956729,UMAP
2842,before_phees_2022-03-21_13-47-05_0000098_labelled_Tabor_pheeseq_30_labelled_mD1.wav,Tabor,Lola,before,partner,Tabor-Lola,6.5194497,1.9816976,UMAP
2843,before_phees_2022-03-21_13-47-05_0000098_labelled_Tabor_pheeseq_30_labelled_mD2.wav,Tabor,Lola,before,partner,Tabor-Lola,6.4090204,3.283525,UMAP
2844,before_phees_2022-03-21_13-47-05_0000098_labelled_Tabor_pheeseq_30_labelled_mD3.wav,Tabor,Lola,before,partner,Tabor-Lola,1.4789732,3.802997,UMAP
2845,before_phees_2022-03-21_13-47-05_0000098_labelled_Tabor_pheeseq_30_labelled_mD4.wav,Tabor,Lola,before,partner,Tabor-Lola,-3.6046968,4.863899,UMAP
2846,before_phees_2022-03-22_09-27-04_0000104_labelled_Nougatti_pheeseq_06_labelled_mB1.wav,Nougatti,Odin,before,partner,Odin-Nougatti,9.149377,2.1224542,UMAP
2847,before_phees_2022-03-22_09-27-04_0000104_labelled_Nougatti_pheeseq_06_labelled_mB2.wav,Nougatti,Odin,before,partner,Odin-Nougatti,7.153507,2.4919534,UMAP
2848,before_phees_2022-03-22_09-27-04_0000104_labelled_Odin_pheeseq_05_labelled_mB1.wav,Odin,Nougatti,before,partner,Odin-Nougatti,8.598997,3.1807573,UMAP
2849,before_phees_2022-03-22_09-27-04_0000104_labelled_Odin_pheeseq_05_labelled_mB2.wav,Odin,Nougatti,before,partner,Odin-Nougatti,4.0892973,3.2683036,UMAP
2850,before_phees_2022-03-22_10-06-16_0000106_labelled_Olympia_pheeseq_04_labelled_mB1.wav,Olympia,Tabor,before,non-partner,Wuschel-Olympia,0.5749554,5.087293,UMAP
2851,before_phees_2022-03-22_10-06-16_0000106_labelled_Olympia_pheeseq_04_labelled_mB2.wav,Olympia,Tabor,before,non-partner,Wuschel-Olympia,-0.5140154,4.6028347,UMAP
2852,before_phees_2022-03-22_10-06-16_0000106_labelled_Olympia_pheeseq_13_labelled_mB1.wav,Olympia,Tabor,before,non-partner,Wuschel-Olympia,6.1713066,2.746739,UMAP
2853,before_phees_2022-03-22_10-06-16_0000106_labelled_Olympia_pheeseq_15_labelled_mC1.wav,Olympia,Tabor,before,non-partner,Wuschel-Olympia,-0.8772731,4.926723,UMAP
2854,before_phees_2022-03-22_10-06-16_0000106_labelled_Olympia_pheeseq_15_labelled_mC2.wav,Olympia,Tabor,before,non-partner,Wuschel-Olympia,6.607002,4.098767,UMAP
2855,before_phees_2022-03-22_10-06-16_0000106_labelled_Olympia_pheeseq_15_labelled_mC3.wav,Olympia,Tabor,before,non-partner,Wuschel-Olympia,3.1589446,3.6264782,UMAP
2856,before_phees_2022-03-22_10-06-16_0000106_labelled_Olympia_pheeseq_21_labelled_mC1.wav,Olympia,Tabor,before,non-partner,Wuschel-Olympia,-0.635112,4.8945823,UMAP
2857,before_phees_2022-03-22_10-06-16_0000106_labelled_Olympia_pheeseq_21_labelled_mC2.wav,Olympia,Tabor,before,non-partner,Wuschel-Olympia,2.231117,4.120546,UMAP
2858,before_phees_2022-03-22_10-06-16_0000106_labelled_Olympia_pheeseq_21_labelled_mC3.wav,Olympia,Tabor,before,non-partner,Wuschel-Olympia,-1.5420324,4.2578564,UMAP
2859,before_phees_2022-03-22_10-06-16_0000106_labelled_Olympia_pheeseq_23_labelled_mC1.wav,Olympia,Tabor,before,non-partner,Wuschel-Olympia,-2.7560248,5.3251395,UMAP
2860,before_phees_2022-03-22_10-06-16_0000106_labelled_Olympia_pheeseq_23_labelled_mC2.wav,Olympia,Tabor,before,non-partner,Wuschel-Olympia,0.69458497,4.7909255,UMAP
2861,before_phees_2022-03-22_10-06-16_0000106_labelled_Olympia_pheeseq_23_labelled_mC3.wav,Olympia,Tabor,before,non-partner,Wuschel-Olympia,-2.7668917,4.036502,UMAP
2862,before_phees_2022-03-22_10-06-16_0000106_labelled_Olympia_pheeseq_24_labelled_mB1.wav,Olympia,Tabor,before,non-partner,Wuschel-Olympia,-0.5073036,4.9560266,UMAP
2863,before_phees_2022-03-22_10-06-16_0000106_labelled_Olympia_pheeseq_24_labelled_mB2.wav,Olympia,Tabor,before,non-partner,Wuschel-Olympia,5.602771,4.1422243,UMAP
2864,before_phees_2022-03-22_10-06-16_0000106_labelled_Olympia_pheeseq_26_labelled_mB1.wav,Olympia,Tabor,before,non-partner,Wuschel-Olympia,-2.5457,5.2446833,UMAP
2865,before_phees_2022-03-22_10-06-16_0000106_labelled_Olympia_pheeseq_26_labelled_mB2.wav,Olympia,Tabor,before,non-partner,Wuschel-Olympia,5.7956667,4.213637,UMAP
2866,before_phees_2022-03-22_10-06-16_0000106_labelled_Tabor_pheeseq_20_labelled_mC2.wav,Tabor,Olympia,before,non-partner,Tabor-Lola,3.4900196,3.3658772,UMAP
2867,before_phees_2022-03-22_10-06-16_0000106_labelled_Tabor_pheeseq_20_labelled_mC3.wav,Tabor,Olympia,before,non-partner,Tabor-Lola,-4.5985365,4.6517344,UMAP
2868,before_phees_2022-03-22_13-32-36_0000108_labelled_Olympia_pheeseq_01_labelled_mB1.wav,Olympia,Wuschel,before,partner,Wuschel-Olympia,4.9575596,3.5587764,UMAP
2869,before_phees_2022-03-22_13-32-36_0000108_labelled_Olympia_pheeseq_01_labelled_mB2.wav,Olympia,Wuschel,before,partner,Wuschel-Olympia,5.896547,3.0239625,UMAP
2870,before_phees_2022-03-22_13-32-36_0000108_labelled_Olympia_pheeseq_02_labelled_mB1.wav,Olympia,Wuschel,before,partner,Wuschel-Olympia,2.8960626,4.140127,UMAP
2871,before_phees_2022-03-22_13-32-36_0000108_labelled_Olympia_pheeseq_02_labelled_mB2.wav,Olympia,Wuschel,before,partner,Wuschel-Olympia,4.6094913,3.7639194,UMAP
2872,before_phees_2022-03-22_13-32-36_0000108_labelled_Olympia_pheeseq_03_labelled_mB1.wav,Olympia,Wuschel,before,partner,Wuschel-Olympia,2.6896896,3.6629794,UMAP
2873,before_phees_2022-03-22_13-32-36_0000108_labelled_Olympia_pheeseq_03_labelled_mB2.wav,Olympia,Wuschel,before,partner,Wuschel-Olympia,-3.7054996,4.8683224,UMAP
2874,before_phees_2022-03-22_13-32-36_0000108_labelled_Olympia_pheeseq_23_labelled_mB1.wav,Olympia,Wuschel,before,partner,Wuschel-Olympia,0.72836715,5.1329374,UMAP
2875,before_phees_2022-03-22_13-32-36_0000108_labelled_Olympia_pheeseq_23_labelled_mB2.wav,Olympia,Wuschel,before,partner,Wuschel-Olympia,0.21792361,4.3254175,UMAP
2876,before_phees_2022-03-22_13-32-36_0000108_labelled_Wuschel_pheeseq_11_labelled_mB1.wav,Wuschel,Olympia,before,partner,Wuschel-Olympia,-3.4770317,4.4846697,UMAP
2877,before_phees_2022-03-22_13-32-36_0000108_labelled_Wuschel_pheeseq_11_labelled_mB2.wav,Wuschel,Olympia,before,partner,Wuschel-Olympia,-4.336239,4.6225615,UMAP
2878,before_phees_2022-03-22_13-32-36_0000108_labelled_Wuschel_pheeseq_12_labelled_mB1.wav,Wuschel,Olympia,before,partner,Wuschel-Olympia,-4.123538,4.331464,UMAP
2879,before_phees_2022-03-22_13-32-36_0000108_labelled_Wuschel_pheeseq_12_labelled_mB2.wav,Wuschel,Olympia,before,partner,Wuschel-Olympia,-3.6780837,4.320397,UMAP
2880,before_phees_2022-03-22_13-32-36_0000108_labelled_Wuschel_pheeseq_15_labelled_mB1.wav,Wuschel,Olympia,before,partner,Wuschel-Olympia,-2.6091218,4.4566636,UMAP
2881,before_phees_2022-03-22_13-32-36_0000108_labelled_Wuschel_pheeseq_15_labelled_mB2.wav,Wuschel,Olympia,before,partner,Wuschel-Olympia,-2.5939393,4.321477,UMAP
2882,before_phees_2022-03-22_13-32-36_0000108_labelled_Wuschel_pheeseq_16_labelled_mB1.wav,Wuschel,Olympia,before,partner,Wuschel-Olympia,-3.2269638,4.370336,UMAP
2883,before_phees_2022-03-22_13-32-36_0000108_labelled_Wuschel_pheeseq_16_labelled_mB2.wav,Wuschel,Olympia,before,partner,Wuschel-Olympia,-2.2303355,4.39028,UMAP
2884,before_phees_2022-03-22_13-32-36_0000108_labelled_Wuschel_pheeseq_17_labelled_mB1.wav,Wuschel,Olympia,before,partner,Wuschel-Olympia,-2.7528725,4.3055844,UMAP
2885,before_phees_2022-03-22_13-32-36_0000108_labelled_Wuschel_pheeseq_17_labelled_mB2.wav,Wuschel,Olympia,before,partner,Wuschel-Olympia,-0.31167397,5.0947556,UMAP
2886,before_phees_2022-03-22_13-32-36_0000108_labelled_Wuschel_pheeseq_18_labelled_mB1.wav,Wuschel,Olympia,before,partner,Wuschel-Olympia,-2.7054849,4.126196,UMAP
2887,before_phees_2022-03-22_13-32-36_0000108_labelled_Wuschel_pheeseq_18_labelled_mB2.wav,Wuschel,Olympia,before,partner,Wuschel-Olympia,-0.7293889,4.8406205,UMAP
2888,before_phees_2022-03-22_13-32-36_0000108_labelled_Wuschel_pheeseq_19_labelled_mB1.wav,Wuschel,Olympia,before,partner,Wuschel-Olympia,-3.9250128,4.093407,UMAP
2889,before_phees_2022-03-22_13-32-36_0000108_labelled_Wuschel_pheeseq_19_labelled_mB2.wav,Wuschel,Olympia,before,partner,Wuschel-Olympia,-0.76681596,4.7908835,UMAP
2890,before_phees_2022-03-22_13-32-36_0000108_labelled_Wuschel_pheeseq_20_labelled_mB1.wav,Wuschel,Olympia,before,partner,Wuschel-Olympia,-4.131255,4.289661,UMAP
2891,before_phees_2022-03-22_13-32-36_0000108_labelled_Wuschel_pheeseq_20_labelled_mB2.wav,Wuschel,Olympia,before,partner,Wuschel-Olympia,-2.3907013,4.0845175,UMAP
2892,before_phees_2022-03-22_13-32-36_0000108_labelled_Wuschel_pheeseq_21_labelled_mB1.wav,Wuschel,Olympia,before,partner,Wuschel-Olympia,-3.5680492,4.10007,UMAP
2893,before_phees_2022-03-22_13-32-36_0000108_labelled_Wuschel_pheeseq_21_labelled_mB2.wav,Wuschel,Olympia,before,partner,Wuschel-Olympia,-0.5229344,4.7638445,UMAP
2894,before_phees_2022-03-22_13-32-36_0000108_labelled_Wuschel_pheeseq_22_labelled_mB2.wav,Wuschel,Olympia,before,partner,Wuschel-Olympia,-2.0992503,4.483302,UMAP
2895,before_phees_2022-03-23_09-42-11_0000113_labelled_Wuschel_pheeseq_02_labelled_mC1.wav,Wuschel,Nougatti,before,non-partner,Wuschel-Olympia,0.096242964,5.2406683,UMAP
2896,before_phees_2022-03-23_09-42-11_0000113_labelled_Wuschel_pheeseq_02_labelled_mC2.wav,Wuschel,Nougatti,before,non-partner,Wuschel-Olympia,-2.2529354,4.4921494,UMAP
2897,before_phees_2022-03-23_09-42-11_0000113_labelled_Wuschel_pheeseq_02_labelled_mC3.wav,Wuschel,Nougatti,before,non-partner,Wuschel-Olympia,-4.67267,4.7088623,UMAP
2898,before_phees_2022-03-23_09-42-11_0000113_labelled_Wuschel_pheeseq_03_labelled_mC1.wav,Wuschel,Nougatti,before,non-partner,Wuschel-Olympia,1.0726279,5.0936213,UMAP
2899,before_phees_2022-03-23_09-42-11_0000113_labelled_Wuschel_pheeseq_03_labelled_mC2.wav,Wuschel,Nougatti,before,non-partner,Wuschel-Olympia,0.73691195,5.1064672,UMAP
2900,before_phees_2022-03-23_09-42-11_0000113_labelled_Wuschel_pheeseq_03_labelled_mC3.wav,Wuschel,Nougatti,before,non-partner,Wuschel-Olympia,-3.3278859,4.6478033,UMAP
2901,before_phees_2022-03-23_09-42-11_0000113_labelled_Wuschel_pheeseq_04_labelled_mC1.wav,Wuschel,Nougatti,before,non-partner,Wuschel-Olympia,-0.17978778,5.188625,UMAP
2902,before_phees_2022-03-23_09-42-11_0000113_labelled_Wuschel_pheeseq_04_labelled_mC2.wav,Wuschel,Nougatti,before,non-partner,Wuschel-Olympia,0.6110941,5.1960206,UMAP
2903,before_phees_2022-03-23_09-42-11_0000113_labelled_Wuschel_pheeseq_04_labelled_mC3.wav,Wuschel,Nougatti,before,non-partner,Wuschel-Olympia,-4.2371006,4.659396,UMAP
2904,before_phees_2022-03-23_09-42-11_0000113_labelled_Wuschel_pheeseq_05_labelled_mB1.wav,Wuschel,Nougatti,before,non-partner,Wuschel-Olympia,0.25406945,5.2639217,UMAP
2905,before_phees_2022-03-23_09-42-11_0000113_labelled_Wuschel_pheeseq_05_labelled_mB2.wav,Wuschel,Nougatti,before,non-partner,Wuschel-Olympia,0.07246405,5.2017093,UMAP
2906,before_phees_2022-03-23_09-42-11_0000113_labelled_Wuschel_pheeseq_06_labelled_mC1.wav,Wuschel,Nougatti,before,non-partner,Wuschel-Olympia,0.109171666,5.2302523,UMAP
2907,before_phees_2022-03-23_09-42-11_0000113_labelled_Wuschel_pheeseq_06_labelled_mC2.wav,Wuschel,Nougatti,before,non-partner,Wuschel-Olympia,-0.7027799,5.0160437,UMAP
2908,before_phees_2022-03-23_09-42-11_0000113_labelled_Wuschel_pheeseq_06_labelled_mC3.wav,Wuschel,Nougatti,before,non-partner,Wuschel-Olympia,-4.109584,4.665114,UMAP
2909,before_phees_2022-03-23_09-42-11_0000113_labelled_Wuschel_pheeseq_07_labelled_mB1.wav,Wuschel,Nougatti,before,non-partner,Wuschel-Olympia,-2.4809995,4.1702337,UMAP
2910,before_phees_2022-03-23_09-42-11_0000113_labelled_Wuschel_pheeseq_08_labelled_mB1.wav,Wuschel,Nougatti,before,non-partner,Wuschel-Olympia,-0.9232625,5.0054173,UMAP
2911,before_phees_2022-03-23_09-42-11_0000113_labelled_Wuschel_pheeseq_08_labelled_mB2.wav,Wuschel,Nougatti,before,non-partner,Wuschel-Olympia,0.27994293,5.1599784,UMAP
2912,before_phees_2022-03-23_10-25-29_0000114_labelled_Odin_pheeseq_04_labelled_mC1.wav,Odin,Olympia,before,non-partner,Odin-Nougatti,7.0098014,3.2728705,UMAP
2913,before_phees_2022-03-23_10-25-29_0000114_labelled_Odin_pheeseq_04_labelled_mC2.wav,Odin,Olympia,before,non-partner,Odin-Nougatti,3.3531594,3.2964537,UMAP
2914,before_phees_2022-03-23_10-25-29_0000114_labelled_Odin_pheeseq_04_labelled_mC3.wav,Odin,Olympia,before,non-partner,Odin-Nougatti,-4.599064,4.6564536,UMAP
2915,before_phees_2022-03-23_10-25-29_0000114_labelled_Olympia_pheeseq_16_labelled_mB1.wav,Olympia,Odin,before,non-partner,Wuschel-Olympia,2.8698146,4.3571105,UMAP
2916,before_phees_2022-03-23_10-25-29_0000114_labelled_Olympia_pheeseq_16_labelled_mB2.wav,Olympia,Odin,before,non-partner,Wuschel-Olympia,-0.14474012,4.873105,UMAP
2917,before_phees_2022-03-23_10-25-29_0000114_labelled_Olympia_pheeseq_17_labelled_mB1.wav,Olympia,Odin,before,non-partner,Wuschel-Olympia,0.0053308792,5.159505,UMAP
2918,before_phees_2022-03-23_10-25-29_0000114_labelled_Olympia_pheeseq_17_labelled_mB2.wav,Olympia,Odin,before,non-partner,Wuschel-Olympia,1.8874403,4.6282444,UMAP
2919,before_trills_2022-02-17_09-53-37_0000039_labelled_Nougatti_pheeseq_02_labelled_mC1.wav,Nougatti,Tabor,before,non-partner,Odin-Nougatti,7.692713,1.9500449,UMAP
2920,before_trills_2022-02-17_09-53-37_0000039_labelled_Nougatti_pheeseq_02_labelled_mC2.wav,Nougatti,Tabor,before,non-partner,Odin-Nougatti,5.2683425,2.6263597,UMAP
2921,before_trills_2022-02-17_09-53-37_0000039_labelled_Nougatti_pheeseq_02_labelled_mC3.wav,Nougatti,Tabor,before,non-partner,Odin-Nougatti,-2.2421298,5.2227793,UMAP
2922,before_trills_2022-02-17_09-53-37_0000039_labelled_Nougatti_pheeseq_03_labelled_mB2.wav,Nougatti,Tabor,before,non-partner,Odin-Nougatti,5.1924148,2.3983572,UMAP
2923,before_trills_2022-02-17_09-53-37_0000039_labelled_Nougatti_pheeseq_05_labelled_mB1.wav,Nougatti,Tabor,before,non-partner,Odin-Nougatti,7.8211193,2.0843542,UMAP
2924,before_trills_2022-02-17_09-53-37_0000039_labelled_Nougatti_pheeseq_05_labelled_mB2.wav,Nougatti,Tabor,before,non-partner,Odin-Nougatti,7.50286,2.1602347,UMAP
2925,before_trills_2022-02-17_09-53-37_0000039_labelled_Nougatti_pheeseq_08_labelled_mB1.wav,Nougatti,Tabor,before,non-partner,Odin-Nougatti,8.102128,1.8710948,UMAP
2926,before_trills_2022-02-17_09-53-37_0000039_labelled_Nougatti_pheeseq_08_labelled_mB2.wav,Nougatti,Tabor,before,non-partner,Odin-Nougatti,6.635664,2.3502328,UMAP
2927,before_trills_2022-02-23_09-24-02_0000042_labelled_Tabor_pheeseq_14_labelled_mC1.wav,Tabor,Lola,before,partner,Tabor-Lola,2.3862424,4.693734,UMAP
2928,before_trills_2022-02-23_09-24-02_0000042_labelled_Tabor_pheeseq_14_labelled_mC3.wav,Tabor,Lola,before,partner,Tabor-Lola,1.0733541,3.5965197,UMAP
2929,before_trills_2022-02-23_09-24-02_0000042_labelled_Tabor_pheeseq_14_labelled_mC4.wav,Tabor,Lola,before,partner,Tabor-Lola,-2.4321144,4.7543015,UMAP
2930,before_trills_2022-02-23_09-24-02_0000042_labelled_Tabor_pheeseq_15_labelled_mC1.wav,Tabor,Lola,before,partner,Tabor-Lola,6.5867076,1.9542431,UMAP
2931,before_trills_2022-02-23_09-24-02_0000042_labelled_Tabor_pheeseq_15_labelled_mC3.wav,Tabor,Lola,before,partner,Tabor-Lola,5.900722,3.6150765,UMAP
2932,before_trills_2022-02-23_09-24-02_0000042_labelled_Tabor_pheeseq_15_labelled_mC4.wav,Tabor,Lola,before,partner,Tabor-Lola,0.86116105,4.299969,UMAP
2933,before_trills_2022-02-28_10-15-58_0000046_labelled_Nougatti_pheeseq_04_labelled_mC1.wav,Nougatti,Odin,before,partner,Odin-Nougatti,11.226191,2.769956,UMAP
2934,before_trills_2022-02-28_10-15-58_0000046_labelled_Nougatti_pheeseq_04_labelled_mC2.wav,Nougatti,Odin,before,partner,Odin-Nougatti,10.295235,4.1899295,UMAP
2935,before_trills_2022-02-28_10-15-58_0000046_labelled_Nougatti_pheeseq_04_labelled_mC3.wav,Nougatti,Odin,before,partner,Odin-Nougatti,7.4906354,3.5831044,UMAP
2936,before_trills_2022-02-28_10-15-58_0000046_labelled_Nougatti_pheeseq_08_labelled_mB1.wav,Nougatti,Odin,before,partner,Odin-Nougatti,9.620537,1.9150534,UMAP
2937,before_trills_2022-02-28_10-15-58_0000046_labelled_Nougatti_pheeseq_08_labelled_mB2.wav,Nougatti,Odin,before,partner,Odin-Nougatti,5.2912045,3.232814,UMAP
2938,before_trills_2022-02-28_10-15-58_0000046_labelled_Nougatti_pheeseq_14_labelled_mB1.wav,Nougatti,Odin,before,partner,Odin-Nougatti,12.057704,2.9336421,UMAP
2939,before_trills_2022-02-28_10-15-58_0000046_labelled_Nougatti_pheeseq_14_labelled_mB2.wav,Nougatti,Odin,before,partner,Odin-Nougatti,7.1778107,3.5353677,UMAP
2940,before_trills_2022-02-28_10-15-58_0000046_labelled_Nougatti_pheeseq_21_labelled_mB2.wav,Nougatti,Odin,before,partner,Odin-Nougatti,4.720624,3.2681723,UMAP
2941,before_trills_2022-02-28_10-15-58_0000046_labelled_Nougatti_pheeseq_25_labelled_mB1.wav,Nougatti,Odin,before,partner,Odin-Nougatti,11.976321,2.5917227,UMAP
2942,before_trills_2022-02-28_10-15-58_0000046_labelled_Nougatti_pheeseq_25_labelled_mB2.wav,Nougatti,Odin,before,partner,Odin-Nougatti,9.927825,4.2223144,UMAP
2943,before_trills_2022-02-28_10-15-58_0000046_labelled_Nougatti_pheeseq_60_labelled_mC1.wav,Nougatti,Odin,before,partner,Odin-Nougatti,9.692347,2.2458096,UMAP
2944,before_trills_2022-02-28_10-15-58_0000046_labelled_Nougatti_pheeseq_60_labelled_mC2.wav,Nougatti,Odin,before,partner,Odin-Nougatti,8.12828,3.4026089,UMAP
2945,before_trills_2022-02-28_10-15-58_0000046_labelled_Nougatti_pheeseq_66_labelled_mB2.wav,Nougatti,Odin,before,partner,Odin-Nougatti,6.9829645,3.523648,UMAP
2946,before_trills_2022-02-28_10-15-58_0000046_labelled_Nougatti_pheeseq_74_labelled_mC2.wav,Nougatti,Odin,before,partner,Odin-Nougatti,-0.52026814,4.155778,UMAP
2947,before_trills_2022-02-28_10-15-58_0000046_labelled_Nougatti_pheeseq_74_labelled_mC3.wav,Nougatti,Odin,before,partner,Odin-Nougatti,-2.3493643,5.251916,UMAP
2948,before_trills_2022-02-28_10-15-58_0000046_labelled_Nougatti_pheeseq_80_labelled_mB2.wav,Nougatti,Odin,before,partner,Odin-Nougatti,7.5353556,3.527662,UMAP
2949,before_trills_2022-02-28_10-15-58_0000046_labelled_Nougatti_pheeseq_83_labelled_mB1.wav,Nougatti,Odin,before,partner,Odin-Nougatti,12.207852,2.98026,UMAP
2950,before_trills_2022-02-28_10-15-58_0000046_labelled_Nougatti_pheeseq_83_labelled_mB2.wav,Nougatti,Odin,before,partner,Odin-Nougatti,7.2380977,3.5670068,UMAP
2951,before_trills_2022-02-28_10-15-58_0000046_labelled_Nougatti_pheeseq_96_labelled_mC1.wav,Nougatti,Odin,before,partner,Odin-Nougatti,10.929297,4.2617874,UMAP
2952,before_trills_2022-02-28_10-15-58_0000046_labelled_Nougatti_pheeseq_96_labelled_mC2.wav,Nougatti,Odin,before,partner,Odin-Nougatti,7.3647075,3.5873437,UMAP
2953,before_trills_2022-02-28_10-15-58_0000046_labelled_Nougatti_pheeseq_96_labelled_mC3.wav,Nougatti,Odin,before,partner,Odin-Nougatti,-4.6936493,4.736438,UMAP
2954,before_trills_2022-02-28_10-15-58_0000046_labelled_Odin_pheeseq_03_labelled_mB1.wav,Odin,Nougatti,before,partner,Odin-Nougatti,6.7032423,2.0590591,UMAP
2955,before_trills_2022-02-28_10-15-58_0000046_labelled_Odin_pheeseq_03_labelled_mB2.wav,Odin,Nougatti,before,partner,Odin-Nougatti,2.8903615,3.2964997,UMAP
2956,before_trills_2022-02-28_10-15-58_0000046_labelled_Odin_pheeseq_62_labelled_mB2.wav,Odin,Nougatti,before,partner,Odin-Nougatti,6.4808564,3.7140403,UMAP
2957,before_trills_2022-02-28_10-15-58_0000046_labelled_Odin_pheeseq_65_labelled_mB2.wav,Odin,Nougatti,before,partner,Odin-Nougatti,3.189932,3.2018867,UMAP
2958,before_trills_2022-02-28_10-15-58_0000046_labelled_Odin_pheeseq_91_labelled_mB2.wav,Odin,Nougatti,before,partner,Odin-Nougatti,9.757765,3.993745,UMAP
2959,before_trills_2022-03-03_09-27-19_0000048_labelled_Lola_pheeseqX_03_labelled_mB2.wav,Lola,Wuschel,before,non-partner,Tabor-Lola,8.873226,1.9151148,UMAP
2960,before_trills_2022-03-03_10-14-47_0000050_labelled_Nougatti_pheeseq_24_labelled_mB1.wav,Nougatti,Tabor,before,non-partner,Odin-Nougatti,5.708335,2.2365696,UMAP
2961,before_trills_2022-03-03_10-14-47_0000050_labelled_Nougatti_pheeseq_24_labelled_mB2.wav,Nougatti,Tabor,before,non-partner,Odin-Nougatti,5.0286055,2.6020565,UMAP
2962,before_trills_2022-03-03_10-14-47_0000050_labelled_Tabor_pheeseq_02_labelled_mB1.wav,Tabor,Nougatti,before,non-partner,Tabor-Lola,7.0649624,3.0201812,UMAP
2963,before_trills_2022-03-03_10-14-47_0000050_labelled_Tabor_pheeseq_02_labelled_mB2.wav,Tabor,Nougatti,before,non-partner,Tabor-Lola,3.2703092,3.1433132,UMAP
2964,before_trills_2022-03-03_10-14-47_0000050_labelled_Tabor_pheeseq_04_labelled_mC1.wav,Tabor,Nougatti,before,non-partner,Tabor-Lola,2.7160642,4.6083455,UMAP
2965,before_trills_2022-03-03_10-14-47_0000050_labelled_Tabor_pheeseq_04_labelled_mC4.wav,Tabor,Nougatti,before,non-partner,Tabor-Lola,2.5900137,3.4190977,UMAP
2966,before_trills_2022-03-03_10-14-47_0000050_labelled_Tabor_pheeseq_04_labelled_mC5.wav,Tabor,Nougatti,before,non-partner,Tabor-Lola,-2.6472723,4.8080335,UMAP
2967,before_trills_2022-03-03_10-14-47_0000050_labelled_Tabor_pheeseq_05_labelled_mC1.wav,Tabor,Nougatti,before,non-partner,Tabor-Lola,3.2532728,4.253537,UMAP
2968,before_trills_2022-03-03_10-14-47_0000050_labelled_Tabor_pheeseq_05_labelled_mC3.wav,Tabor,Nougatti,before,non-partner,Tabor-Lola,3.7928965,3.3176205,UMAP
2969,before_trills_2022-03-03_10-14-47_0000050_labelled_Tabor_pheeseq_05_labelled_mC4.wav,Tabor,Nougatti,before,non-partner,Tabor-Lola,1.167462,3.1662679,UMAP
2970,before_trills_2022-03-03_10-14-47_0000050_labelled_Tabor_pheeseq_06_labelled_mC1.wav,Tabor,Nougatti,before,non-partner,Tabor-Lola,2.9899232,4.566776,UMAP
2971,before_trills_2022-03-03_10-14-47_0000050_labelled_Tabor_pheeseq_06_labelled_mC3.wav,Tabor,Nougatti,before,non-partner,Tabor-Lola,3.7052293,3.5676715,UMAP
2972,before_trills_2022-03-03_10-14-47_0000050_labelled_Tabor_pheeseq_06_labelled_mC4.wav,Tabor,Nougatti,before,non-partner,Tabor-Lola,0.31753963,3.4565268,UMAP
2973,before_trills_2022-03-03_10-14-47_0000050_labelled_Tabor_pheeseq_30_labelled_mB2.wav,Tabor,Nougatti,before,non-partner,Tabor-Lola,5.2929,2.5074544,UMAP
2974,before_trills_2022-03-08_09-46-20_0000014_labelled_Nougatti_pheeseq_14_labelled_mB1.wav,Nougatti,Tabor,before,non-partner,Odin-Nougatti,10.2451515,1.5230081,UMAP
2975,before_trills_2022-03-08_09-46-20_0000014_labelled_Nougatti_pheeseq_14_labelled_mB2.wav,Nougatti,Tabor,before,non-partner,Odin-Nougatti,6.1145716,2.7239902,UMAP
2976,before_trills_2022-03-08_09-46-20_0000014_labelled_Nougatti_pheeseq_22_labelled_mB2.wav,Nougatti,Tabor,before,non-partner,Odin-Nougatti,3.523942,3.2740521,UMAP
2977,before_trills_2022-03-08_09-46-20_0000014_labelled_Nougatti_pheeseq_23_labelled_mB2.wav,Nougatti,Tabor,before,non-partner,Odin-Nougatti,7.141381,2.0643933,UMAP
2978,before_trills_2022-03-08_09-46-20_0000014_labelled_Nougatti_pheeseq_29_labelled_mC1.wav,Nougatti,Tabor,before,non-partner,Odin-Nougatti,10.162395,1.86548,UMAP
2979,before_trills_2022-03-08_09-46-20_0000014_labelled_Nougatti_pheeseq_29_labelled_mC2.wav,Nougatti,Tabor,before,non-partner,Odin-Nougatti,10.785757,3.8693862,UMAP
2980,before_trills_2022-03-08_09-46-20_0000014_labelled_Nougatti_pheeseq_29_labelled_mC3.wav,Nougatti,Tabor,before,non-partner,Odin-Nougatti,6.57535,3.4934928,UMAP
2981,before_trills_2022-03-08_09-46-20_0000014_labelled_Nougatti_pheeseq_34_labelled_mB2.wav,Nougatti,Tabor,before,non-partner,Odin-Nougatti,7.8721466,1.4667356,UMAP
2982,before_trills_2022-03-08_09-46-20_0000014_labelled_Nougatti_pheeseq_48_labelled_mB1.wav,Nougatti,Tabor,before,non-partner,Odin-Nougatti,8.097639,1.892151,UMAP
2983,before_trills_2022-03-08_09-46-20_0000014_labelled_Nougatti_pheeseq_48_labelled_mB2.wav,Nougatti,Tabor,before,non-partner,Odin-Nougatti,5.677196,2.041361,UMAP
2984,before_trills_2022-03-08_09-46-20_0000014_labelled_Tabor_pheeseq_06_labelled_mB2.wav,Tabor,Nougatti,before,non-partner,Tabor-Lola,8.614745,2.4078531,UMAP
2985,before_trills_2022-03-08_09-46-20_0000014_labelled_Tabor_pheeseq_09_labelled_mB1.wav,Tabor,Nougatti,before,non-partner,Tabor-Lola,3.6723306,3.272956,UMAP
2986,before_trills_2022-03-08_09-46-20_0000014_labelled_Tabor_pheeseq_09_labelled_mB2.wav,Tabor,Nougatti,before,non-partner,Tabor-Lola,3.3735273,3.3927345,UMAP
2987,before_trills_2022-03-08_09-46-20_0000014_labelled_Tabor_pheeseq_30_labelled_mC1.wav,Tabor,Nougatti,before,non-partner,Tabor-Lola,5.9286437,3.0105147,UMAP
2988,before_trills_2022-03-08_09-46-20_0000014_labelled_Tabor_pheeseq_30_labelled_mC2.wav,Tabor,Nougatti,before,non-partner,Tabor-Lola,4.824157,3.227282,UMAP
2989,before_trills_2022-03-08_09-46-20_0000014_labelled_Tabor_pheeseq_30_labelled_mC3.wav,Tabor,Nougatti,before,non-partner,Tabor-Lola,1.7135451,3.236139,UMAP
2990,before_trills_2022-03-08_09-46-20_0000014_labelled_Tabor_pheeseq_47_labelled_mC1.wav,Tabor,Nougatti,before,non-partner,Tabor-Lola,4.96005,2.5673432,UMAP
2991,before_trills_2022-03-08_09-46-20_0000014_labelled_Tabor_pheeseq_47_labelled_mC2.wav,Tabor,Nougatti,before,non-partner,Tabor-Lola,2.7352378,3.0785677,UMAP
2992,before_trills_2022-03-08_09-46-20_0000014_labelled_Tabor_pheeseq_47_labelled_mC3.wav,Tabor,Nougatti,before,non-partner,Tabor-Lola,-3.130631,5.031907,UMAP
2993,before_trills_2022-03-09_13-56-45_0000018_labelled_Tabor_pheeseq_02_labelled_mC1.wav,Tabor,Olympia,before,non-partner,Tabor-Lola,1.1219963,4.515778,UMAP
2994,before_trills_2022-03-09_13-56-45_0000018_labelled_Tabor_pheeseq_02_labelled_mC2.wav,Tabor,Olympia,before,non-partner,Tabor-Lola,1.7827809,3.201892,UMAP
2995,before_trills_2022-03-09_13-56-45_0000018_labelled_Tabor_pheeseq_02_labelled_mC4.wav,Tabor,Olympia,before,non-partner,Tabor-Lola,-0.5938107,4.0156646,UMAP
2996,before_trills_2022-03-09_13-56-45_0000018_labelled_Tabor_pheeseq_05_labelled_mC1.wav,Tabor,Olympia,before,non-partner,Tabor-Lola,5.214784,2.18074,UMAP
2997,before_trills_2022-03-09_13-56-45_0000018_labelled_Tabor_pheeseq_05_labelled_mC2.wav,Tabor,Olympia,before,non-partner,Tabor-Lola,2.8412359,3.0113995,UMAP
2998,before_trills_2022-03-09_13-56-45_0000018_labelled_Tabor_pheeseq_05_labelled_mC3.wav,Tabor,Olympia,before,non-partner,Tabor-Lola,-0.3122578,3.657924,UMAP
2999,before_trills_2022-03-09_13-56-45_0000018_labelled_Tabor_pheeseq_18_labelled_mB1.wav,Tabor,Olympia,before,non-partner,Tabor-Lola,1.5530739,4.2123237,UMAP
3000,before_trills_2022-03-09_13-56-45_0000018_labelled_Tabor_pheeseq_18_labelled_mB2.wav,Tabor,Olympia,before,non-partner,Tabor-Lola,-0.59174675,4.2652593,UMAP
3001,before_trills_2022-03-09_14-59-43_0000020_labelled_Nougatti_pheeseq_09_labelled_mC1.wav,Nougatti,Odin,before,partner,Odin-Nougatti,12.368365,2.9313908,UMAP
3002,before_trills_2022-03-09_14-59-43_0000020_labelled_Nougatti_pheeseq_09_labelled_mC2.wav,Nougatti,Odin,before,partner,Odin-Nougatti,11.856173,4.105859,UMAP
3003,before_trills_2022-03-09_14-59-43_0000020_labelled_Nougatti_pheeseq_09_labelled_mC3.wav,Nougatti,Odin,before,partner,Odin-Nougatti,7.976104,3.5018933,UMAP
3004,before_trills_2022-03-09_14-59-43_0000020_labelled_Nougatti_pheeseq_17_labelled_mB1.wav,Nougatti,Odin,before,partner,Odin-Nougatti,12.277737,3.1680665,UMAP
3005,before_trills_2022-03-09_14-59-43_0000020_labelled_Nougatti_pheeseq_21_labelled_mC1.wav,Nougatti,Odin,before,partner,Odin-Nougatti,12.344625,3.013769,UMAP
3006,before_trills_2022-03-09_14-59-43_0000020_labelled_Nougatti_pheeseq_21_labelled_mC2.wav,Nougatti,Odin,before,partner,Odin-Nougatti,11.804945,4.1112494,UMAP
3007,before_trills_2022-03-09_14-59-43_0000020_labelled_Nougatti_pheeseq_21_labelled_mC3.wav,Nougatti,Odin,before,partner,Odin-Nougatti,0.82578635,3.4818754,UMAP
3008,before_trills_2022-03-09_14-59-43_0000020_labelled_Nougatti_pheeseq_22_labelled_mC1.wav,Nougatti,Odin,before,partner,Odin-Nougatti,11.082219,2.548348,UMAP
3009,before_trills_2022-03-09_14-59-43_0000020_labelled_Nougatti_pheeseq_22_labelled_mC2.wav,Nougatti,Odin,before,partner,Odin-Nougatti,11.912645,4.111379,UMAP
3010,before_trills_2022-03-09_14-59-43_0000020_labelled_Nougatti_pheeseq_22_labelled_mC3.wav,Nougatti,Odin,before,partner,Odin-Nougatti,9.92103,4.3491054,UMAP
3011,before_trills_2022-03-09_14-59-43_0000020_labelled_Nougatti_pheeseq_30_labelled_mC1.wav,Nougatti,Odin,before,partner,Odin-Nougatti,12.350221,3.087375,UMAP
3012,before_trills_2022-03-09_14-59-43_0000020_labelled_Nougatti_pheeseq_30_labelled_mC2.wav,Nougatti,Odin,before,partner,Odin-Nougatti,11.132699,3.9954336,UMAP
3013,before_trills_2022-03-09_14-59-43_0000020_labelled_Nougatti_pheeseq_30_labelled_mC3.wav,Nougatti,Odin,before,partner,Odin-Nougatti,-0.17296875,3.6254961,UMAP
3014,before_trills_2022-03-09_14-59-43_0000020_labelled_Nougatti_pheeseq_31_labelled_mD2.wav,Nougatti,Odin,before,partner,Odin-Nougatti,11.97111,4.0419245,UMAP
3015,before_trills_2022-03-09_14-59-43_0000020_labelled_Nougatti_pheeseq_31_labelled_mD3.wav,Nougatti,Odin,before,partner,Odin-Nougatti,10.193915,4.1891527,UMAP
3016,before_trills_2022-03-09_14-59-43_0000020_labelled_Nougatti_pheeseq_31_labelled_mD4.wav,Nougatti,Odin,before,partner,Odin-Nougatti,-4.656068,4.733354,UMAP
3017,before_trills_2022-03-09_14-59-43_0000020_labelled_Nougatti_pheeseq_41_labelled_mB1.wav,Nougatti,Odin,before,partner,Odin-Nougatti,12.85732,1.5806472,UMAP
3018,before_trills_2022-03-09_14-59-43_0000020_labelled_Nougatti_pheeseq_41_labelled_mB2.wav,Nougatti,Odin,before,partner,Odin-Nougatti,8.789593,2.6846116,UMAP
3019,before_trills_2022-03-09_14-59-43_0000020_labelled_Odin_pheeseq_15_labelled_mB2.wav,Odin,Nougatti,before,partner,Odin-Nougatti,6.52333,3.81607,UMAP
3020,before_trills_2022-03-09_14-59-43_0000020_labelled_Odin_pheeseq_18_labelled_mB2.wav,Odin,Nougatti,before,partner,Odin-Nougatti,1.7670819,3.3357677,UMAP
3021,before_trills_2022-03-09_14-59-43_0000020_labelled_Odin_pheeseq_24_labelled_mB1.wav,Odin,Nougatti,before,partner,Odin-Nougatti,6.058969,3.3474572,UMAP
3022,before_trills_2022-03-09_14-59-43_0000020_labelled_Odin_pheeseq_24_labelled_mB2.wav,Odin,Nougatti,before,partner,Odin-Nougatti,3.3447845,3.2496402,UMAP
3023,before_trills_2022-03-09_14-59-43_0000020_labelled_Odin_pheeseq_37_labelled_mB2.wav,Odin,Nougatti,before,partner,Odin-Nougatti,9.058472,3.922778,UMAP
3024,before_trills_2022-03-09_14-59-43_0000020_labelled_Odin_pheeseq_38_labelled_mB1.wav,Odin,Nougatti,before,partner,Odin-Nougatti,10.335111,3.4484015,UMAP
3025,before_trills_2022-03-09_14-59-43_0000020_labelled_Odin_pheeseq_45_labelled_mB1.wav,Odin,Nougatti,before,partner,Odin-Nougatti,8.075606,2.869033,UMAP
3026,before_trills_2022-03-09_14-59-43_0000020_labelled_Odin_pheeseq_45_labelled_mB2.wav,Odin,Nougatti,before,partner,Odin-Nougatti,0.3429803,3.6283262,UMAP
3027,before_trills_2022-03-09_14-59-43_0000020_labelled_Odin_pheeseq_74_labelled_mB2.wav,Odin,Nougatti,before,partner,Odin-Nougatti,8.616112,3.3417618,UMAP
3028,before_trills_2022-03-10_09-28-14_0000022_labelled_Lola_pheeseq_14_labelled_mB2.wav,Lola,Tabor,before,partner,Tabor-Lola,11.17337,2.0910654,UMAP
3029,before_trills_2022-03-10_09-28-14_0000022_labelled_Tabor_pheeseq_02_labelled_mB1.wav,Tabor,Lola,before,partner,Tabor-Lola,-0.7314599,4.147784,UMAP
3030,before_trills_2022-03-10_09-28-14_0000022_labelled_Tabor_pheeseq_02_labelled_mB4.wav,Tabor,Lola,before,partner,Tabor-Lola,-3.0202255,5.0604234,UMAP
3031,before_trills_2022-03-10_09-28-14_0000022_labelled_Tabor_pheeseq_04_labelled_mB1.wav,Tabor,Lola,before,partner,Tabor-Lola,3.7937362,4.13889,UMAP
3032,before_trills_2022-03-10_09-28-14_0000022_labelled_Tabor_pheeseq_04_labelled_mB2.wav,Tabor,Lola,before,partner,Tabor-Lola,0.82784104,3.3216887,UMAP
3033,before_trills_2022-03-10_09-28-14_0000022_labelled_Tabor_pheeseq_05_labelled_mC1.wav,Tabor,Lola,before,partner,Tabor-Lola,3.203677,4.37856,UMAP
3034,before_trills_2022-03-10_09-28-14_0000022_labelled_Tabor_pheeseq_05_labelled_mC2.wav,Tabor,Lola,before,partner,Tabor-Lola,3.2097523,2.7374554,UMAP
3035,before_trills_2022-03-10_09-28-14_0000022_labelled_Tabor_pheeseq_05_labelled_mC3.wav,Tabor,Lola,before,partner,Tabor-Lola,0.7097363,3.2687058,UMAP
3036,before_trills_2022-03-10_09-28-14_0000022_labelled_Tabor_pheeseq_06_labelled_mB1.wav,Tabor,Lola,before,partner,Tabor-Lola,2.7131,4.6851363,UMAP
3037,before_trills_2022-03-10_09-28-14_0000022_labelled_Tabor_pheeseq_06_labelled_mB4.wav,Tabor,Lola,before,partner,Tabor-Lola,0.9505832,3.655767,UMAP
3038,before_trills_2022-03-10_09-28-14_0000022_labelled_Tabor_pheeseq_13_labelled_mB1.wav,Tabor,Lola,before,partner,Tabor-Lola,3.1279087,2.9996986,UMAP
3039,before_trills_2022-03-10_09-28-14_0000022_labelled_Tabor_pheeseq_13_labelled_mB2.wav,Tabor,Lola,before,partner,Tabor-Lola,0.90282375,3.338989,UMAP
3040,before_trills_2022-03-10_09-28-14_0000022_labelled_Tabor_pheeseq_23_labelled_mB1.wav,Tabor,Lola,before,partner,Tabor-Lola,0.91652673,4.4046946,UMAP
3041,before_trills_2022-03-10_09-28-14_0000022_labelled_Tabor_pheeseq_23_labelled_mB2.wav,Tabor,Lola,before,partner,Tabor-Lola,-1.809434,4.8395214,UMAP
3042,before_trills_2022-03-10_10-18-58_0000024_labelled_Odin_pheeseq_02_labelled_mB2.wav,Odin,Olympia,before,non-partner,Odin-Nougatti,0.47322428,3.459847,UMAP
3043,before_trills_2022-03-10_10-18-58_0000024_labelled_Odin_pheeseq_15_labelled_mB1.wav,Odin,Olympia,before,non-partner,Odin-Nougatti,3.3857203,3.3618689,UMAP
3044,before_trills_2022-03-10_10-18-58_0000024_labelled_Odin_pheeseq_15_labelled_mB2.wav,Odin,Olympia,before,non-partner,Odin-Nougatti,-3.3684976,4.9742455,UMAP
3045,before_trills_2022-03-10_10-59-36_0000025_labelled_Nougatti_pheeseq_02_labelled_mC2.wav,Nougatti,Wuschel,before,non-partner,Odin-Nougatti,6.785291,2.780493,UMAP
3046,before_trills_2022-03-10_10-59-36_0000025_labelled_Nougatti_pheeseq_02_labelled_mC3.wav,Nougatti,Wuschel,before,non-partner,Odin-Nougatti,0.6515859,4.3805876,UMAP
3047,before_trills_2022-03-10_10-59-36_0000025_labelled_Nougatti_pheeseq_03_labelled_mC1.wav,Nougatti,Wuschel,before,non-partner,Odin-Nougatti,9.6222515,1.5720232,UMAP
3048,before_trills_2022-03-10_10-59-36_0000025_labelled_Nougatti_pheeseq_03_labelled_mC2.wav,Nougatti,Wuschel,before,non-partner,Odin-Nougatti,8.241435,2.8055265,UMAP
3049,before_trills_2022-03-10_10-59-36_0000025_labelled_Nougatti_pheeseq_03_labelled_mC3.wav,Nougatti,Wuschel,before,non-partner,Odin-Nougatti,-0.4895652,4.1313353,UMAP
3050,before_trills_2022-03-10_10-59-36_0000025_labelled_Nougatti_pheeseq_04_labelled_mC1.wav,Nougatti,Wuschel,before,non-partner,Odin-Nougatti,9.646825,1.9011823,UMAP
3051,before_trills_2022-03-10_10-59-36_0000025_labelled_Nougatti_pheeseq_04_labelled_mC2.wav,Nougatti,Wuschel,before,non-partner,Odin-Nougatti,9.574791,3.3204982,UMAP
3052,before_trills_2022-03-10_10-59-36_0000025_labelled_Nougatti_pheeseq_04_labelled_mC3.wav,Nougatti,Wuschel,before,non-partner,Odin-Nougatti,6.9552445,3.4302545,UMAP
3053,before_trills_2022-03-10_10-59-36_0000025_labelled_Nougatti_pheeseq_05_labelled_mB1.wav,Nougatti,Wuschel,before,non-partner,Odin-Nougatti,8.676366,2.396027,UMAP
3054,before_trills_2022-03-10_10-59-36_0000025_labelled_Nougatti_pheeseq_06_labelled_mC1.wav,Nougatti,Wuschel,before,non-partner,Odin-Nougatti,11.387497,2.2149065,UMAP
3055,before_trills_2022-03-10_10-59-36_0000025_labelled_Nougatti_pheeseq_06_labelled_mC2.wav,Nougatti,Wuschel,before,non-partner,Odin-Nougatti,9.711785,2.973397,UMAP
3056,before_trills_2022-03-10_10-59-36_0000025_labelled_Nougatti_pheeseq_06_labelled_mC3.wav,Nougatti,Wuschel,before,non-partner,Odin-Nougatti,0.794131,4.29379,UMAP
3057,before_trills_2022-03-10_10-59-36_0000025_labelled_Nougatti_pheeseq_08_labelled_mC1.wav,Nougatti,Wuschel,before,non-partner,Odin-Nougatti,9.792318,1.9791802,UMAP
3058,before_trills_2022-03-10_10-59-36_0000025_labelled_Nougatti_pheeseq_08_labelled_mC2.wav,Nougatti,Wuschel,before,non-partner,Odin-Nougatti,8.029248,3.3085952,UMAP
3059,before_trills_2022-03-10_10-59-36_0000025_labelled_Nougatti_pheeseq_08_labelled_mC3.wav,Nougatti,Wuschel,before,non-partner,Odin-Nougatti,0.10757206,3.623953,UMAP
3060,before_trills_2022-03-10_10-59-36_0000025_labelled_Nougatti_pheeseq_09_labelled_mB1.wav,Nougatti,Wuschel,before,non-partner,Odin-Nougatti,8.395752,1.8416182,UMAP
3061,before_trills_2022-03-10_10-59-36_0000025_labelled_Nougatti_pheeseq_09_labelled_mB2.wav,Nougatti,Wuschel,before,non-partner,Odin-Nougatti,8.602791,2.5621943,UMAP
3062,before_trills_2022-03-10_10-59-36_0000025_labelled_Nougatti_pheeseq_22_labelled_mB1.wav,Nougatti,Wuschel,before,non-partner,Odin-Nougatti,9.996987,1.4778587,UMAP
3063,before_trills_2022-03-10_10-59-36_0000025_labelled_Nougatti_pheeseq_22_labelled_mB2.wav,Nougatti,Wuschel,before,non-partner,Odin-Nougatti,8.726357,2.6085503,UMAP
3064,before_trills_2022-03-10_10-59-36_0000025_labelled_Wuschel_pheeseq_07_labelled_mB1.wav,Wuschel,Nougatti,before,non-partner,Wuschel-Olympia,-0.08942904,4.4270434,UMAP
3065,before_trills_2022-03-10_10-59-36_0000025_labelled_Wuschel_pheeseq_07_labelled_mB2.wav,Wuschel,Nougatti,before,non-partner,Wuschel-Olympia,-2.424836,4.71509,UMAP
3066,before_trills_2022-03-11_09-34-35_0000027_labelled_Odin_pheeseq_19_labelled_mB1.wav,Odin,Lola,before,non-partner,Odin-Nougatti,5.131031,3.2497058,UMAP
3067,before_trills_2022-03-11_09-34-35_0000027_labelled_Odin_pheeseq_19_labelled_mB2.wav,Odin,Lola,before,non-partner,Odin-Nougatti,4.3888683,3.6474779,UMAP
3068,before_trills_2022-03-11_09-34-35_0000027_labelled_Odin_pheeseq_28_labelled_mB2.wav,Odin,Lola,before,non-partner,Odin-Nougatti,2.0428586,3.7894332,UMAP
3069,before_trills_2022-03-11_09-34-35_0000027_labelled_Odin_pheeseq_31_labelled_mB2.wav,Odin,Lola,before,non-partner,Odin-Nougatti,5.1337376,4.1126084,UMAP
3070,before_trills_2022-03-11_09-34-35_0000027_labelled_Odin_pheeseq_80_labelled_mB1.wav,Odin,Lola,before,non-partner,Odin-Nougatti,3.4993043,3.158488,UMAP
3071,before_trills_2022-03-11_09-34-35_0000027_labelled_Odin_pheeseq_80_labelled_mB2.wav,Odin,Lola,before,non-partner,Odin-Nougatti,-0.5156847,4.613344,UMAP
3072,before_trills_2022-03-11_09-34-35_0000027_labelled_Odin_pheeseq_84_labelled_mB1.wav,Odin,Lola,before,non-partner,Odin-Nougatti,4.2233353,3.589225,UMAP
3073,before_trills_2022-03-11_09-34-35_0000027_labelled_Odin_pheeseq_87_labelled_mB1.wav,Odin,Lola,before,non-partner,Odin-Nougatti,5.8772435,3.1628315,UMAP
3074,before_trills_2022-03-11_09-34-35_0000027_labelled_Odin_pheeseq_87_labelled_mB2.wav,Odin,Lola,before,non-partner,Odin-Nougatti,1.4811283,4.483064,UMAP
3075,before_trills_2022-03-11_14-57-49_0000041_labelled_Wuschel_pheeseq_02_labelled_mB1.wav,Wuschel,Lola,before,non-partner,Wuschel-Olympia,1.0668157,4.86462,UMAP
3076,before_trills_2022-03-11_14-57-49_0000041_labelled_Wuschel_pheeseq_02_labelled_mB2.wav,Wuschel,Lola,before,non-partner,Wuschel-Olympia,-0.3381991,4.502728,UMAP
3077,before_trills_2022-03-11_14-57-49_0000041_labelled_Wuschel_pheeseq_04_labelled_mC1.wav,Wuschel,Lola,before,non-partner,Wuschel-Olympia,1.7342281,4.483123,UMAP
3078,before_trills_2022-03-11_14-57-49_0000041_labelled_Wuschel_pheeseq_04_labelled_mC2.wav,Wuschel,Lola,before,non-partner,Wuschel-Olympia,-0.5905746,4.140091,UMAP
3079,before_trills_2022-03-11_14-57-49_0000041_labelled_Wuschel_pheeseq_04_labelled_mC3.wav,Wuschel,Lola,before,non-partner,Wuschel-Olympia,-4.2332926,4.5750494,UMAP
3080,before_trills_2022-03-11_14-57-49_0000041_labelled_Wuschel_pheeseq_05_labelled_mC1.wav,Wuschel,Lola,before,non-partner,Wuschel-Olympia,1.9729745,4.0138474,UMAP
3081,before_trills_2022-03-11_14-57-49_0000041_labelled_Wuschel_pheeseq_05_labelled_mC2.wav,Wuschel,Lola,before,non-partner,Wuschel-Olympia,0.19382414,3.500504,UMAP
3082,before_trills_2022-03-11_14-57-49_0000041_labelled_Wuschel_pheeseq_05_labelled_mC3.wav,Wuschel,Lola,before,non-partner,Wuschel-Olympia,-4.3312387,4.563926,UMAP
3083,before_trills_2022-03-11_14-57-49_0000041_labelled_Wuschel_pheeseq_06_labelled_mC1.wav,Wuschel,Lola,before,non-partner,Wuschel-Olympia,2.4814434,4.0906305,UMAP
3084,before_trills_2022-03-11_14-57-49_0000041_labelled_Wuschel_pheeseq_06_labelled_mC2.wav,Wuschel,Lola,before,non-partner,Wuschel-Olympia,0.8488088,3.9370635,UMAP
3085,before_trills_2022-03-11_14-57-49_0000041_labelled_Wuschel_pheeseq_06_labelled_mC3.wav,Wuschel,Lola,before,non-partner,Wuschel-Olympia,-4.161338,4.432313,UMAP
3086,before_trills_2022-03-11_14-57-49_0000041_labelled_Wuschel_pheeseq_09_labelled_mC1.wav,Wuschel,Lola,before,non-partner,Wuschel-Olympia,3.10721,4.5759764,UMAP
3087,before_trills_2022-03-11_14-57-49_0000041_labelled_Wuschel_pheeseq_09_labelled_mC2.wav,Wuschel,Lola,before,non-partner,Wuschel-Olympia,1.0125949,3.6026626,UMAP
3088,before_trills_2022-03-11_14-57-49_0000041_labelled_Wuschel_pheeseq_09_labelled_mC3.wav,Wuschel,Lola,before,non-partner,Wuschel-Olympia,-3.101077,5.060605,UMAP
3089,before_trills_2022-03-11_14-57-49_0000041_labelled_Wuschel_pheeseq_11_labelled_mB1.wav,Wuschel,Lola,before,non-partner,Wuschel-Olympia,0.53722984,4.562066,UMAP
3090,before_trills_2022-03-11_14-57-49_0000041_labelled_Wuschel_pheeseq_11_labelled_mB2.wav,Wuschel,Lola,before,non-partner,Wuschel-Olympia,-0.5666107,4.023395,UMAP
3091,before_trills_2022-03-14_09-26-37_0000046_labelled_Wuschel_pheeseq_02_labelled_mC1.wav,Wuschel,Olympia,before,partner,Wuschel-Olympia,2.044911,4.100586,UMAP
3092,before_trills_2022-03-14_09-26-37_0000046_labelled_Wuschel_pheeseq_02_labelled_mC2.wav,Wuschel,Olympia,before,partner,Wuschel-Olympia,0.035702012,3.5326076,UMAP
3093,before_trills_2022-03-14_09-26-37_0000046_labelled_Wuschel_pheeseq_02_labelled_mC3.wav,Wuschel,Olympia,before,partner,Wuschel-Olympia,-3.8830788,4.690239,UMAP
3094,before_trills_2022-03-14_09-26-37_0000046_labelled_Wuschel_pheeseq_04_labelled_mC1.wav,Wuschel,Olympia,before,partner,Wuschel-Olympia,1.5041802,4.7256727,UMAP
3095,before_trills_2022-03-14_09-26-37_0000046_labelled_Wuschel_pheeseq_04_labelled_mC2.wav,Wuschel,Olympia,before,partner,Wuschel-Olympia,1.7379152,3.2094953,UMAP
3096,before_trills_2022-03-14_09-26-37_0000046_labelled_Wuschel_pheeseq_04_labelled_mC3.wav,Wuschel,Olympia,before,partner,Wuschel-Olympia,-1.6862683,4.2689157,UMAP
3097,before_trills_2022-03-14_09-26-37_0000046_labelled_Wuschel_pheeseq_05_labelled_mC1.wav,Wuschel,Olympia,before,partner,Wuschel-Olympia,1.0607005,4.671094,UMAP
3098,before_trills_2022-03-14_09-26-37_0000046_labelled_Wuschel_pheeseq_05_labelled_mC2.wav,Wuschel,Olympia,before,partner,Wuschel-Olympia,-0.6771312,4.0621786,UMAP
3099,before_trills_2022-03-14_09-26-37_0000046_labelled_Wuschel_pheeseq_05_labelled_mC3.wav,Wuschel,Olympia,before,partner,Wuschel-Olympia,-3.5117993,4.9889326,UMAP
3100,before_trills_2022-03-14_09-26-37_0000046_labelled_Wuschel_pheeseq_06_labelled_mC1.wav,Wuschel,Olympia,before,partner,Wuschel-Olympia,2.0512776,4.0943017,UMAP
3101,before_trills_2022-03-14_09-26-37_0000046_labelled_Wuschel_pheeseq_06_labelled_mC2.wav,Wuschel,Olympia,before,partner,Wuschel-Olympia,0.35309437,3.3962264,UMAP
3102,before_trills_2022-03-14_09-26-37_0000046_labelled_Wuschel_pheeseq_06_labelled_mC3.wav,Wuschel,Olympia,before,partner,Wuschel-Olympia,-3.0464923,5.1362324,UMAP
3103,before_trills_2022-03-14_10-35-13_0000049_labelled_Nougatti_pheeseq_06_labelled_mC1.wav,Nougatti,Odin,before,partner,Odin-Nougatti,11.747154,3.050552,UMAP
3104,before_trills_2022-03-14_10-35-13_0000049_labelled_Nougatti_pheeseq_06_labelled_mC2.wav,Nougatti,Odin,before,partner,Odin-Nougatti,11.2622385,3.9496493,UMAP
3105,before_trills_2022-03-14_10-35-13_0000049_labelled_Nougatti_pheeseq_06_labelled_mC3.wav,Nougatti,Odin,before,partner,Odin-Nougatti,10.319966,4.3149514,UMAP
3106,before_trills_2022-03-14_10-35-13_0000049_labelled_Nougatti_pheeseq_108_labelled_mB1.wav,Nougatti,Odin,before,partner,Odin-Nougatti,11.802433,1.733729,UMAP
3107,before_trills_2022-03-14_10-35-13_0000049_labelled_Nougatti_pheeseq_108_labelled_mB2.wav,Nougatti,Odin,before,partner,Odin-Nougatti,11.186555,3.9267795,UMAP
3108,before_trills_2022-03-14_10-35-13_0000049_labelled_Nougatti_pheeseq_22_labelled_mB2.wav,Nougatti,Odin,before,partner,Odin-Nougatti,5.344907,2.0080054,UMAP
3109,before_trills_2022-03-14_10-35-13_0000049_labelled_Nougatti_pheeseq_24_labelled_mB1.wav,Nougatti,Odin,before,partner,Odin-Nougatti,8.101017,1.8398802,UMAP
3110,before_trills_2022-03-14_10-35-13_0000049_labelled_Nougatti_pheeseq_24_labelled_mB2.wav,Nougatti,Odin,before,partner,Odin-Nougatti,2.6231928,4.5375676,UMAP
3111,before_trills_2022-03-14_10-35-13_0000049_labelled_Nougatti_pheeseq_30_labelled_mC1.wav,Nougatti,Odin,before,partner,Odin-Nougatti,12.074737,3.185724,UMAP
3112,before_trills_2022-03-14_10-35-13_0000049_labelled_Nougatti_pheeseq_30_labelled_mC2.wav,Nougatti,Odin,before,partner,Odin-Nougatti,10.592457,4.0623617,UMAP
3113,before_trills_2022-03-14_10-35-13_0000049_labelled_Nougatti_pheeseq_30_labelled_mC3.wav,Nougatti,Odin,before,partner,Odin-Nougatti,-2.3483384,5.2421074,UMAP
3114,before_trills_2022-03-14_10-35-13_0000049_labelled_Nougatti_pheeseq_36_labelled_mC1.wav,Nougatti,Odin,before,partner,Odin-Nougatti,12.263531,3.1616476,UMAP
3115,before_trills_2022-03-14_10-35-13_0000049_labelled_Nougatti_pheeseq_36_labelled_mC2.wav,Nougatti,Odin,before,partner,Odin-Nougatti,11.158952,3.9821758,UMAP
3116,before_trills_2022-03-14_10-35-13_0000049_labelled_Nougatti_pheeseq_36_labelled_mC3.wav,Nougatti,Odin,before,partner,Odin-Nougatti,2.3160903,2.9475179,UMAP
3117,before_trills_2022-03-14_10-35-13_0000049_labelled_Nougatti_pheeseq_83_labelled_mB1.wav,Nougatti,Odin,before,partner,Odin-Nougatti,9.562588,2.4243474,UMAP
3118,before_trills_2022-03-14_10-35-13_0000049_labelled_Nougatti_pheeseq_83_labelled_mB2.wav,Nougatti,Odin,before,partner,Odin-Nougatti,7.1578856,3.500708,UMAP
3119,before_trills_2022-03-14_10-35-13_0000049_labelled_Nougatti_pheeseq_87_labelled_mB1.wav,Nougatti,Odin,before,partner,Odin-Nougatti,8.65543,2.4447727,UMAP
3120,before_trills_2022-03-14_10-35-13_0000049_labelled_Nougatti_pheeseq_87_labelled_mB2.wav,Nougatti,Odin,before,partner,Odin-Nougatti,7.337757,3.3550732,UMAP
3121,before_trills_2022-03-14_10-35-13_0000049_labelled_Nougatti_pheeseq_89_labelled_mB1.wav,Nougatti,Odin,before,partner,Odin-Nougatti,9.817718,1.8468654,UMAP
3122,before_trills_2022-03-14_10-35-13_0000049_labelled_Nougatti_pheeseq_89_labelled_mB2.wav,Nougatti,Odin,before,partner,Odin-Nougatti,4.7245746,2.9075954,UMAP
3123,before_trills_2022-03-14_10-35-13_0000049_labelled_Odin_pheeseq_05_labelled_mC2.wav,Odin,Nougatti,before,partner,Odin-Nougatti,3.6296024,3.132388,UMAP
3124,before_trills_2022-03-14_10-35-13_0000049_labelled_Odin_pheeseq_05_labelled_mC3.wav,Odin,Nougatti,before,partner,Odin-Nougatti,-0.07216063,4.3714848,UMAP
3125,before_trills_2022-03-14_10-35-13_0000049_labelled_Odin_pheeseq_118_labelled_mB2.wav,Odin,Nougatti,before,partner,Odin-Nougatti,7.4258347,3.5112557,UMAP
3126,before_trills_2022-03-14_10-35-13_0000049_labelled_Odin_pheeseq_17_labelled_mC2.wav,Odin,Nougatti,before,partner,Odin-Nougatti,9.764024,3.7056456,UMAP
3127,before_trills_2022-03-14_10-35-13_0000049_labelled_Odin_pheeseq_17_labelled_mC3.wav,Odin,Nougatti,before,partner,Odin-Nougatti,-3.658763,4.8238254,UMAP
3128,before_trills_2022-03-14_10-35-13_0000049_labelled_Odin_pheeseq_28_labelled_mB2.wav,Odin,Nougatti,before,partner,Odin-Nougatti,6.263324,3.7430878,UMAP
3129,before_trills_2022-03-14_10-35-13_0000049_labelled_Odin_pheeseq_31_labelled_mB1.wav,Odin,Nougatti,before,partner,Odin-Nougatti,6.3541017,3.782038,UMAP
3130,before_trills_2022-03-14_10-35-13_0000049_labelled_Odin_pheeseq_31_labelled_mB2.wav,Odin,Nougatti,before,partner,Odin-Nougatti,-3.4075897,4.9335175,UMAP
3131,before_trills_2022-03-14_10-35-13_0000049_labelled_Odin_pheeseq_98_labelled_mB1.wav,Odin,Nougatti,before,partner,Odin-Nougatti,6.1507115,3.4234474,UMAP
3132,before_trills_2022-03-14_10-35-13_0000049_labelled_Odin_pheeseq_98_labelled_mB2.wav,Odin,Nougatti,before,partner,Odin-Nougatti,6.722667,3.732231,UMAP
3133,before_trills_2022-03-14_10-35-13_0000049_labelled_Odin_pheeseqX_41_labelled_mE1.wav,Odin,Nougatti,before,partner,Odin-Nougatti,11.587535,2.0046897,UMAP
3134,before_trills_2022-03-14_10-35-13_0000049_labelled_Odin_pheeseqX_41_labelled_mE2.wav,Odin,Nougatti,before,partner,Odin-Nougatti,6.575075,3.3037014,UMAP
3135,before_trills_2022-03-14_10-35-13_0000049_labelled_Odin_pheeseqX_41_labelled_mE3.wav,Odin,Nougatti,before,partner,Odin-Nougatti,0.41666868,3.5517445,UMAP
3136,before_trills_2022-03-14_10-35-13_0000049_labelled_Odin_pheeseqX_41_labelled_mE6.wav,Odin,Nougatti,before,partner,Odin-Nougatti,3.441234,3.2167008,UMAP
3137,before_trills_2022-03-14_13-55-15_0000054_labelled_Wuschel_pheeseq_05_labelled_mB1.wav,Wuschel,Nougatti,before,non-partner,Wuschel-Olympia,-3.624077,4.084468,UMAP
3138,before_trills_2022-03-14_13-55-15_0000054_labelled_Wuschel_pheeseq_05_labelled_mB2.wav,Wuschel,Nougatti,before,non-partner,Wuschel-Olympia,-1.8584317,3.881431,UMAP
3139,before_trills_2022-03-14_13-55-15_0000054_labelled_Wuschel_pheeseq_12_labelled_mB1.wav,Wuschel,Nougatti,before,non-partner,Wuschel-Olympia,-1.3707621,5.001768,UMAP
3140,before_trills_2022-03-14_13-55-15_0000054_labelled_Wuschel_pheeseq_12_labelled_mB2.wav,Wuschel,Nougatti,before,non-partner,Wuschel-Olympia,0.75830394,4.579957,UMAP
3141,before_trills_2022-03-14_13-55-15_0000054_labelled_Wuschel_pheeseq_13_labelled_mB2.wav,Wuschel,Nougatti,before,non-partner,Wuschel-Olympia,-1.5168542,4.627169,UMAP
3142,before_trills_2022-03-14_13-55-15_0000054_labelled_Wuschel_pheeseq_15_labelled_mB1.wav,Wuschel,Nougatti,before,non-partner,Wuschel-Olympia,0.4779289,3.3139937,UMAP
3143,before_trills_2022-03-14_13-55-15_0000054_labelled_Wuschel_pheeseq_15_labelled_mB2.wav,Wuschel,Nougatti,before,non-partner,Wuschel-Olympia,-2.534567,5.259392,UMAP
3144,before_trills_2022-03-14_13-55-15_0000054_labelled_Wuschel_pheeseq_52_labelled_mB1.wav,Wuschel,Nougatti,before,non-partner,Wuschel-Olympia,-2.8197753,4.2249355,UMAP
3145,before_trills_2022-03-14_13-55-15_0000054_labelled_Wuschel_pheeseq_52_labelled_mB2.wav,Wuschel,Nougatti,before,non-partner,Wuschel-Olympia,-0.6416094,4.3937416,UMAP
3146,before_trills_2022-03-14_13-55-15_0000054_labelled_Wuschel_pheeseq_55_labelled_mB1.wav,Wuschel,Nougatti,before,non-partner,Wuschel-Olympia,0.51726955,3.2848482,UMAP
3147,before_trills_2022-03-14_13-55-15_0000054_labelled_Wuschel_pheeseq_55_labelled_mB2.wav,Wuschel,Nougatti,before,non-partner,Wuschel-Olympia,-2.3549275,5.3008537,UMAP
3148,before_trills_2022-03-14_13-55-15_0000054_labelled_Wuschel_pheeseq_57_labelled_mB2.wav,Wuschel,Nougatti,before,non-partner,Wuschel-Olympia,-2.6775224,5.202615,UMAP
3149,before_trills_2022-03-15_09-35-25_0000056_labelled_Wuschel_pheeseq_02_labelled_mC1.wav,Wuschel,Lola,before,non-partner,Wuschel-Olympia,2.1826177,3.9005244,UMAP
3150,before_trills_2022-03-15_09-35-25_0000056_labelled_Wuschel_pheeseq_02_labelled_mC2.wav,Wuschel,Lola,before,non-partner,Wuschel-Olympia,1.7994968,3.5140445,UMAP
3151,before_trills_2022-03-15_09-35-25_0000056_labelled_Wuschel_pheeseq_02_labelled_mC3.wav,Wuschel,Lola,before,non-partner,Wuschel-Olympia,-1.4567901,4.1800103,UMAP
3152,before_trills_2022-03-15_09-35-25_0000056_labelled_Wuschel_pheeseq_04_labelled_mC1.wav,Wuschel,Lola,before,non-partner,Wuschel-Olympia,2.6832857,3.1300218,UMAP
3153,before_trills_2022-03-15_09-35-25_0000056_labelled_Wuschel_pheeseq_04_labelled_mC2.wav,Wuschel,Lola,before,non-partner,Wuschel-Olympia,0.6148298,3.3017833,UMAP
3154,before_trills_2022-03-15_09-35-25_0000056_labelled_Wuschel_pheeseq_04_labelled_mC3.wav,Wuschel,Lola,before,non-partner,Wuschel-Olympia,-4.628601,4.675899,UMAP
3155,before_trills_2022-03-15_09-35-25_0000056_labelled_Wuschel_pheeseq_05_labelled_mC2.wav,Wuschel,Lola,before,non-partner,Wuschel-Olympia,1.4329692,3.624566,UMAP
3156,before_trills_2022-03-15_09-35-25_0000056_labelled_Wuschel_pheeseq_05_labelled_mC3.wav,Wuschel,Lola,before,non-partner,Wuschel-Olympia,-1.1436895,4.3496895,UMAP
3157,before_trills_2022-03-15_09-35-25_0000056_labelled_Wuschel_pheeseq_06_labelled_mB1.wav,Wuschel,Lola,before,non-partner,Wuschel-Olympia,-0.8297676,4.069605,UMAP
3158,before_trills_2022-03-15_09-35-25_0000056_labelled_Wuschel_pheeseq_06_labelled_mB2.wav,Wuschel,Lola,before,non-partner,Wuschel-Olympia,-3.4261024,4.9710107,UMAP
3159,before_trills_2022-03-15_09-35-25_0000056_labelled_Wuschel_pheeseq_13_labelled_mB1.wav,Wuschel,Lola,before,non-partner,Wuschel-Olympia,-3.8410952,4.633341,UMAP
3160,before_trills_2022-03-15_09-35-25_0000056_labelled_Wuschel_pheeseq_13_labelled_mB2.wav,Wuschel,Lola,before,non-partner,Wuschel-Olympia,-4.6398044,4.682326,UMAP
3161,before_trills_2022-03-15_10-42-02_0000058_labelled_Nougatti_pheeseq_02_labelled_mB2.wav,Nougatti,Tabor,before,non-partner,Odin-Nougatti,8.390934,2.8535929,UMAP
3162,before_trills_2022-03-15_10-42-02_0000058_labelled_Nougatti_pheeseq_03_labelled_mC1.wav,Nougatti,Tabor,before,non-partner,Odin-Nougatti,11.260574,2.0200922,UMAP
3163,before_trills_2022-03-15_10-42-02_0000058_labelled_Nougatti_pheeseq_03_labelled_mC2.wav,Nougatti,Tabor,before,non-partner,Odin-Nougatti,10.270066,3.8339055,UMAP
3164,before_trills_2022-03-15_10-42-02_0000058_labelled_Nougatti_pheeseq_03_labelled_mC3.wav,Nougatti,Tabor,before,non-partner,Odin-Nougatti,-0.032258622,3.6105871,UMAP
3165,before_trills_2022-03-15_10-42-02_0000058_labelled_Nougatti_pheeseq_04_labelled_mB1.wav,Nougatti,Tabor,before,non-partner,Odin-Nougatti,8.169269,2.3046308,UMAP
3166,before_trills_2022-03-15_10-42-02_0000058_labelled_Nougatti_pheeseq_06_labelled_mB1.wav,Nougatti,Tabor,before,non-partner,Odin-Nougatti,8.548882,2.7377758,UMAP
3167,before_trills_2022-03-15_10-42-02_0000058_labelled_Nougatti_pheeseq_07_labelled_mB1.wav,Nougatti,Tabor,before,non-partner,Odin-Nougatti,9.595909,3.0365322,UMAP
3168,before_trills_2022-03-15_10-42-02_0000058_labelled_Nougatti_pheeseq_07_labelled_mB2.wav,Nougatti,Tabor,before,non-partner,Odin-Nougatti,8.452573,3.3355637,UMAP
3169,before_trills_2022-03-15_10-42-02_0000058_labelled_Nougatti_pheeseq_10_labelled_mC2.wav,Nougatti,Tabor,before,non-partner,Odin-Nougatti,5.7490315,1.6643476,UMAP
3170,before_trills_2022-03-15_10-42-02_0000058_labelled_Nougatti_pheeseq_10_labelled_mC3.wav,Nougatti,Tabor,before,non-partner,Odin-Nougatti,0.86172336,4.21125,UMAP
3171,before_trills_2022-03-15_10-42-02_0000058_labelled_Nougatti_pheeseq_13_labelled_mC1.wav,Nougatti,Tabor,before,non-partner,Odin-Nougatti,9.9412365,2.0007467,UMAP
3172,before_trills_2022-03-15_10-42-02_0000058_labelled_Nougatti_pheeseq_13_labelled_mC2.wav,Nougatti,Tabor,before,non-partner,Odin-Nougatti,6.9130607,3.355192,UMAP
3173,before_trills_2022-03-15_10-42-02_0000058_labelled_Nougatti_pheeseq_13_labelled_mC3.wav,Nougatti,Tabor,before,non-partner,Odin-Nougatti,0.5057005,3.7004101,UMAP
3174,before_trills_2022-03-15_10-42-02_0000058_labelled_Nougatti_pheeseq_15_labelled_mB1.wav,Nougatti,Tabor,before,non-partner,Odin-Nougatti,8.326031,1.8812287,UMAP
3175,before_trills_2022-03-15_10-42-02_0000058_labelled_Nougatti_pheeseq_15_labelled_mB2.wav,Nougatti,Tabor,before,non-partner,Odin-Nougatti,7.781433,2.957393,UMAP
3176,before_trills_2022-03-15_10-42-02_0000058_labelled_Nougatti_pheeseq_17_labelled_mB1.wav,Nougatti,Tabor,before,non-partner,Odin-Nougatti,6.3815656,1.934054,UMAP
3177,before_trills_2022-03-15_10-42-02_0000058_labelled_Nougatti_pheeseq_17_labelled_mB2.wav,Nougatti,Tabor,before,non-partner,Odin-Nougatti,7.12285,2.3740003,UMAP
3178,before_trills_2022-03-15_10-42-02_0000058_labelled_Nougatti_pheeseq_19_labelled_mC1.wav,Nougatti,Tabor,before,non-partner,Odin-Nougatti,7.629941,1.9823276,UMAP
3179,before_trills_2022-03-15_10-42-02_0000058_labelled_Nougatti_pheeseq_19_labelled_mC2.wav,Nougatti,Tabor,before,non-partner,Odin-Nougatti,5.342451,2.8581307,UMAP
3180,before_trills_2022-03-15_10-42-02_0000058_labelled_Nougatti_pheeseq_19_labelled_mC3.wav,Nougatti,Tabor,before,non-partner,Odin-Nougatti,-1.8502241,4.80973,UMAP
3181,before_trills_2022-03-15_10-42-02_0000058_labelled_Nougatti_pheeseq_22_labelled_mB2.wav,Nougatti,Tabor,before,non-partner,Odin-Nougatti,6.9109497,2.7714972,UMAP
3182,before_trills_2022-03-15_10-42-02_0000058_labelled_Nougatti_pheeseq_48_labelled_mB2.wav,Nougatti,Tabor,before,non-partner,Odin-Nougatti,6.9125676,2.086372,UMAP
3183,before_trills_2022-03-15_10-42-02_0000058_labelled_Nougatti_pheeseq_53_labelled_mB2.wav,Nougatti,Tabor,before,non-partner,Odin-Nougatti,6.400692,2.0776372,UMAP
3184,before_trills_2022-03-15_10-42-02_0000058_labelled_Tabor_pheeseq_18_labelled_mC1.wav,Tabor,Nougatti,before,non-partner,Tabor-Lola,2.5796692,4.669566,UMAP
3185,before_trills_2022-03-15_10-42-02_0000058_labelled_Tabor_pheeseq_18_labelled_mC3.wav,Tabor,Nougatti,before,non-partner,Tabor-Lola,2.1972144,3.8287342,UMAP
3186,before_trills_2022-03-15_10-42-02_0000058_labelled_Tabor_pheeseq_18_labelled_mC4.wav,Tabor,Nougatti,before,non-partner,Tabor-Lola,-3.344164,4.9652505,UMAP
3187,before_trills_2022-03-15_10-42-02_0000058_labelled_Tabor_pheeseq_20_labelled_mC1.wav,Tabor,Nougatti,before,non-partner,Tabor-Lola,2.8726995,4.5034413,UMAP
3188,before_trills_2022-03-15_10-42-02_0000058_labelled_Tabor_pheeseq_20_labelled_mC2.wav,Tabor,Nougatti,before,non-partner,Tabor-Lola,2.692108,2.8398793,UMAP
3189,before_trills_2022-03-15_10-42-02_0000058_labelled_Tabor_pheeseq_20_labelled_mC3.wav,Tabor,Nougatti,before,non-partner,Tabor-Lola,0.38598025,3.421076,UMAP
3190,before_trills_2022-03-15_10-42-02_0000058_labelled_Tabor_pheeseq_21_labelled_mC1.wav,Tabor,Nougatti,before,non-partner,Tabor-Lola,3.2409635,3.8905008,UMAP
3191,before_trills_2022-03-15_10-42-02_0000058_labelled_Tabor_pheeseq_21_labelled_mC4.wav,Tabor,Nougatti,before,non-partner,Tabor-Lola,3.3551006,2.8132217,UMAP
3192,before_trills_2022-03-15_10-42-02_0000058_labelled_Tabor_pheeseq_21_labelled_mC5.wav,Tabor,Nougatti,before,non-partner,Tabor-Lola,-0.38803956,3.545998,UMAP
3193,before_trills_2022-03-15_10-42-02_0000058_labelled_Tabor_pheeseq_23_labelled_mC1.wav,Tabor,Nougatti,before,non-partner,Tabor-Lola,5.849197,2.4553092,UMAP
3194,before_trills_2022-03-15_10-42-02_0000058_labelled_Tabor_pheeseq_23_labelled_mC3.wav,Tabor,Nougatti,before,non-partner,Tabor-Lola,3.220129,2.8541393,UMAP
3195,before_trills_2022-03-15_10-42-02_0000058_labelled_Tabor_pheeseq_23_labelled_mC4.wav,Tabor,Nougatti,before,non-partner,Tabor-Lola,-1.0436498,3.8127785,UMAP
3196,before_trills_2022-03-15_13-18-10_0000060_labelled_Nougatti_pheeseq_03_labelled_mB2.wav,Nougatti,Odin,before,partner,Odin-Nougatti,3.7057223,3.3622031,UMAP
3197,before_trills_2022-03-15_13-18-10_0000060_labelled_Nougatti_pheeseq_14_labelled_mC1.wav,Nougatti,Odin,before,partner,Odin-Nougatti,12.00327,3.2214296,UMAP
3198,before_trills_2022-03-15_13-18-10_0000060_labelled_Nougatti_pheeseq_14_labelled_mC2.wav,Nougatti,Odin,before,partner,Odin-Nougatti,10.524399,4.0192246,UMAP
3199,before_trills_2022-03-15_13-18-10_0000060_labelled_Nougatti_pheeseq_14_labelled_mC3.wav,Nougatti,Odin,before,partner,Odin-Nougatti,0.6525305,3.3632941,UMAP
3200,before_trills_2022-03-15_13-18-10_0000060_labelled_Nougatti_pheeseq_27_labelled_mB1.wav,Nougatti,Odin,before,partner,Odin-Nougatti,11.669019,2.0036476,UMAP
3201,before_trills_2022-03-15_13-18-10_0000060_labelled_Nougatti_pheeseq_27_labelled_mB2.wav,Nougatti,Odin,before,partner,Odin-Nougatti,7.2947617,3.4916708,UMAP
3202,before_trills_2022-03-15_13-18-10_0000060_labelled_Nougatti_pheeseq_35_labelled_mB1.wav,Nougatti,Odin,before,partner,Odin-Nougatti,9.659021,2.692553,UMAP
3203,before_trills_2022-03-15_13-18-10_0000060_labelled_Nougatti_pheeseq_40_labelled_mB1.wav,Nougatti,Odin,before,partner,Odin-Nougatti,8.891749,2.4351678,UMAP
3204,before_trills_2022-03-15_13-18-10_0000060_labelled_Nougatti_pheeseq_99_labelled_mB2.wav,Nougatti,Odin,before,partner,Odin-Nougatti,7.3295903,2.220355,UMAP
3205,before_trills_2022-03-15_13-18-10_0000060_labelled_Odin_pheeseq_100_labelled_mB2.wav,Odin,Nougatti,before,partner,Odin-Nougatti,1.6157112,3.3997064,UMAP
3206,before_trills_2022-03-15_13-18-10_0000060_labelled_Odin_pheeseq_11_labelled_mB1.wav,Odin,Nougatti,before,partner,Odin-Nougatti,6.267758,3.3938699,UMAP
3207,before_trills_2022-03-15_13-18-10_0000060_labelled_Odin_pheeseq_11_labelled_mB2.wav,Odin,Nougatti,before,partner,Odin-Nougatti,4.6041656,3.419103,UMAP
3208,before_trills_2022-03-15_13-18-10_0000060_labelled_Odin_pheeseq_123_labelled_mB1.wav,Odin,Nougatti,before,partner,Odin-Nougatti,1.6031626,3.457262,UMAP
3209,before_trills_2022-03-15_13-18-10_0000060_labelled_Odin_pheeseq_123_labelled_mB2.wav,Odin,Nougatti,before,partner,Odin-Nougatti,-2.8879426,4.97529,UMAP
3210,before_trills_2022-03-15_13-18-10_0000060_labelled_Odin_pheeseq_134_labelled_mB1.wav,Odin,Nougatti,before,partner,Odin-Nougatti,6.120076,3.5295408,UMAP
3211,before_trills_2022-03-15_13-18-10_0000060_labelled_Odin_pheeseq_134_labelled_mB2.wav,Odin,Nougatti,before,partner,Odin-Nougatti,1.4088631,3.8408968,UMAP
3212,before_trills_2022-03-15_13-18-10_0000060_labelled_Odin_pheeseq_18_labelled_mB1.wav,Odin,Nougatti,before,partner,Odin-Nougatti,6.413258,3.484416,UMAP
3213,before_trills_2022-03-15_13-18-10_0000060_labelled_Odin_pheeseq_18_labelled_mB2.wav,Odin,Nougatti,before,partner,Odin-Nougatti,1.518978,3.7033317,UMAP
3214,before_trills_2022-03-15_13-18-10_0000060_labelled_Odin_pheeseq_22_labelled_mB2.wav,Odin,Nougatti,before,partner,Odin-Nougatti,6.163326,3.7473063,UMAP
3215,before_trills_2022-03-15_13-18-10_0000060_labelled_Odin_pheeseq_31_labelled_mB2.wav,Odin,Nougatti,before,partner,Odin-Nougatti,7.419186,3.1920776,UMAP
3216,before_trills_2022-03-15_13-18-10_0000060_labelled_Odin_pheeseq_39_labelled_mB1.wav,Odin,Nougatti,before,partner,Odin-Nougatti,1.413406,3.03056,UMAP
3217,before_trills_2022-03-15_13-18-10_0000060_labelled_Odin_pheeseq_46_labelled_mB2.wav,Odin,Nougatti,before,partner,Odin-Nougatti,-0.46969262,4.0969024,UMAP
3218,before_trills_2022-03-15_14-09-36_0000061_labelled_Olympia_pheeseq_07_labelled_mB2.wav,Olympia,Tabor,before,non-partner,Wuschel-Olympia,2.658504,3.1405323,UMAP
3219,before_trills_2022-03-15_14-09-36_0000061_labelled_Tabor_pheeseq_15_labelled_mC1.wav,Tabor,Olympia,before,non-partner,Tabor-Lola,2.792085,2.9640682,UMAP
3220,before_trills_2022-03-15_14-09-36_0000061_labelled_Tabor_pheeseq_15_labelled_mC2.wav,Tabor,Olympia,before,non-partner,Tabor-Lola,1.7684214,3.0733576,UMAP
3221,before_trills_2022-03-15_14-09-36_0000061_labelled_Tabor_pheeseq_15_labelled_mC3.wav,Tabor,Olympia,before,non-partner,Tabor-Lola,-0.8051138,3.883656,UMAP
3222,before_trills_2022-03-15_14-09-36_0000061_labelled_Tabor_pheeseq_16_labelled_mC1.wav,Tabor,Olympia,before,non-partner,Tabor-Lola,1.7143497,4.2292647,UMAP
3223,before_trills_2022-03-15_14-09-36_0000061_labelled_Tabor_pheeseq_16_labelled_mC2.wav,Tabor,Olympia,before,non-partner,Tabor-Lola,2.4796112,3.636113,UMAP
3224,before_trills_2022-03-15_14-09-36_0000061_labelled_Tabor_pheeseq_16_labelled_mC3.wav,Tabor,Olympia,before,non-partner,Tabor-Lola,-1.0951732,4.2146564,UMAP
3225,before_trills_2022-03-16_09-27-47_0000063_labelled_Nougatti_pheeseq_02_labelled_mC1.wav,Nougatti,Wuschel,before,non-partner,Odin-Nougatti,9.753095,1.923627,UMAP
3226,before_trills_2022-03-16_09-27-47_0000063_labelled_Nougatti_pheeseq_02_labelled_mC2.wav,Nougatti,Wuschel,before,non-partner,Odin-Nougatti,7.9992504,3.3382175,UMAP
3227,before_trills_2022-03-16_09-27-47_0000063_labelled_Nougatti_pheeseq_02_labelled_mC3.wav,Nougatti,Wuschel,before,non-partner,Odin-Nougatti,-3.4345074,5.171632,UMAP
3228,before_trills_2022-03-16_09-27-47_0000063_labelled_Nougatti_pheeseq_03_labelled_mC2.wav,Nougatti,Wuschel,before,non-partner,Odin-Nougatti,6.56696,3.2558565,UMAP
3229,before_trills_2022-03-16_09-27-47_0000063_labelled_Nougatti_pheeseq_03_labelled_mC3.wav,Nougatti,Wuschel,before,non-partner,Odin-Nougatti,-3.5801017,5.0008135,UMAP
3230,before_trills_2022-03-16_09-27-47_0000063_labelled_Nougatti_pheeseq_04_labelled_mC1.wav,Nougatti,Wuschel,before,non-partner,Odin-Nougatti,9.836541,2.2112932,UMAP
3231,before_trills_2022-03-16_09-27-47_0000063_labelled_Nougatti_pheeseq_04_labelled_mC3.wav,Nougatti,Wuschel,before,non-partner,Odin-Nougatti,7.3334203,3.5968437,UMAP
3232,before_trills_2022-03-16_09-27-47_0000063_labelled_Nougatti_pheeseq_04_labelled_mC4.wav,Nougatti,Wuschel,before,non-partner,Odin-Nougatti,-4.3666735,4.4212956,UMAP
3233,before_trills_2022-03-16_09-27-47_0000063_labelled_Nougatti_pheeseq_05_labelled_mC1.wav,Nougatti,Wuschel,before,non-partner,Odin-Nougatti,11.441164,2.83301,UMAP
3234,before_trills_2022-03-16_09-27-47_0000063_labelled_Nougatti_pheeseq_05_labelled_mC2.wav,Nougatti,Wuschel,before,non-partner,Odin-Nougatti,10.065806,3.7671793,UMAP
3235,before_trills_2022-03-16_09-27-47_0000063_labelled_Nougatti_pheeseq_06_labelled_mB1.wav,Nougatti,Wuschel,before,non-partner,Odin-Nougatti,11.792866,2.6895363,UMAP
3236,before_trills_2022-03-16_09-27-47_0000063_labelled_Nougatti_pheeseq_06_labelled_mB2.wav,Nougatti,Wuschel,before,non-partner,Odin-Nougatti,8.266373,3.3951042,UMAP
3237,before_trills_2022-03-16_09-27-47_0000063_labelled_Nougatti_pheeseq_07_labelled_mB1.wav,Nougatti,Wuschel,before,non-partner,Odin-Nougatti,7.747287,1.4834517,UMAP
3238,before_trills_2022-03-16_09-27-47_0000063_labelled_Nougatti_pheeseq_07_labelled_mB2.wav,Nougatti,Wuschel,before,non-partner,Odin-Nougatti,3.7043207,3.2714605,UMAP
3239,before_trills_2022-03-16_09-27-47_0000063_labelled_Nougatti_pheeseq_08_labelled_mC1.wav,Nougatti,Wuschel,before,non-partner,Odin-Nougatti,9.664969,2.1200173,UMAP
3240,before_trills_2022-03-16_09-27-47_0000063_labelled_Nougatti_pheeseq_08_labelled_mC2.wav,Nougatti,Wuschel,before,non-partner,Odin-Nougatti,8.3387,3.3440676,UMAP
3241,before_trills_2022-03-16_09-27-47_0000063_labelled_Nougatti_pheeseq_08_labelled_mC3.wav,Nougatti,Wuschel,before,non-partner,Odin-Nougatti,0.12774709,3.5739763,UMAP
3242,before_trills_2022-03-16_09-27-47_0000063_labelled_Nougatti_pheeseq_09_labelled_mB1.wav,Nougatti,Wuschel,before,non-partner,Odin-Nougatti,7.8714085,1.6186385,UMAP
3243,before_trills_2022-03-16_09-27-47_0000063_labelled_Nougatti_pheeseq_09_labelled_mB2.wav,Nougatti,Wuschel,before,non-partner,Odin-Nougatti,5.3814235,2.5285745,UMAP
3244,before_trills_2022-03-16_09-27-47_0000063_labelled_Nougatti_pheeseq_10_labelled_mC1.wav,Nougatti,Wuschel,before,non-partner,Odin-Nougatti,9.601115,2.0396147,UMAP
3245,before_trills_2022-03-16_09-27-47_0000063_labelled_Nougatti_pheeseq_10_labelled_mC2.wav,Nougatti,Wuschel,before,non-partner,Odin-Nougatti,8.403929,3.339986,UMAP
3246,before_trills_2022-03-16_09-27-47_0000063_labelled_Nougatti_pheeseq_10_labelled_mC3.wav,Nougatti,Wuschel,before,non-partner,Odin-Nougatti,0.15684184,3.6510634,UMAP
3247,before_trills_2022-03-16_09-27-47_0000063_labelled_Nougatti_pheeseq_11_labelled_mC1.wav,Nougatti,Wuschel,before,non-partner,Odin-Nougatti,7.656135,1.9580741,UMAP
3248,before_trills_2022-03-16_09-27-47_0000063_labelled_Nougatti_pheeseq_11_labelled_mC2.wav,Nougatti,Wuschel,before,non-partner,Odin-Nougatti,8.085027,3.317087,UMAP
3249,before_trills_2022-03-16_09-27-47_0000063_labelled_Nougatti_pheeseq_11_labelled_mC3.wav,Nougatti,Wuschel,before,non-partner,Odin-Nougatti,0.10251054,3.6070921,UMAP
3250,before_trills_2022-03-16_09-27-47_0000063_labelled_Nougatti_pheeseq_32_labelled_mB2.wav,Nougatti,Wuschel,before,non-partner,Odin-Nougatti,6.995457,2.4036093,UMAP
3251,before_trills_2022-03-16_09-27-47_0000063_labelled_Nougatti_pheeseq_35_labelled_mB1.wav,Nougatti,Wuschel,before,non-partner,Odin-Nougatti,8.105946,1.8802898,UMAP
3252,before_trills_2022-03-16_09-27-47_0000063_labelled_Nougatti_pheeseq_35_labelled_mB2.wav,Nougatti,Wuschel,before,non-partner,Odin-Nougatti,6.7954397,2.5193017,UMAP
3253,before_trills_2022-03-16_09-27-47_0000063_labelled_Nougatti_pheeseq_39_labelled_mB1.wav,Nougatti,Wuschel,before,non-partner,Odin-Nougatti,11.278084,0.9954537,UMAP
3254,before_trills_2022-03-16_09-27-47_0000063_labelled_Nougatti_pheeseq_39_labelled_mB2.wav,Nougatti,Wuschel,before,non-partner,Odin-Nougatti,10.969657,1.9358017,UMAP
3255,before_trills_2022-03-16_13-53-06_0000067_labelled_Odin_pheeseq_03_labelled_mB1.wav,Odin,Olympia,before,non-partner,Odin-Nougatti,2.919464,4.5566187,UMAP
3256,before_trills_2022-03-16_13-53-06_0000067_labelled_Odin_pheeseq_03_labelled_mB4.wav,Odin,Olympia,before,non-partner,Odin-Nougatti,2.2096548,3.8799965,UMAP
3257,before_trills_2022-03-16_14-28-55_0000068_labelled_Lola_pheeseq_126_labelled_mB2.wav,Lola,Tabor,before,partner,Tabor-Lola,2.0469775,3.4543386,UMAP
3258,before_trills_2022-03-16_14-28-55_0000068_labelled_Lola_pheeseq_48_labelled_mB2.wav,Lola,Tabor,before,partner,Tabor-Lola,0.5813769,3.3319767,UMAP
3259,before_trills_2022-03-16_14-28-55_0000068_labelled_Lola_pheeseq_71_labelled_mB2.wav,Lola,Tabor,before,partner,Tabor-Lola,5.960667,4.3340054,UMAP
3260,before_trills_2022-03-16_14-28-55_0000068_labelled_Lola_pheeseq_89_labelled_mB2.wav,Lola,Tabor,before,partner,Tabor-Lola,-4.5923624,4.6611495,UMAP
3261,before_trills_2022-03-17_09-51-17_0000070_labelled_Olympia_pheeseq_07_labelled_mB2.wav,Olympia,Wuschel,before,partner,Wuschel-Olympia,-1.8420993,4.0688705,UMAP
3262,before_trills_2022-03-17_09-51-17_0000070_labelled_Olympia_pheeseq_19_labelled_mB2.wav,Olympia,Wuschel,before,partner,Wuschel-Olympia,-1.2063221,3.969623,UMAP
3263,before_trills_2022-03-17_09-51-17_0000070_labelled_Wuschel_pheeseq_03_labelled_mB1.wav,Wuschel,Olympia,before,partner,Wuschel-Olympia,-0.09385546,4.293023,UMAP
3264,before_trills_2022-03-17_09-51-17_0000070_labelled_Wuschel_pheeseq_03_labelled_mB2.wav,Wuschel,Olympia,before,partner,Wuschel-Olympia,-3.1276207,4.9549003,UMAP
3265,before_trills_2022-03-17_09-57-25_0000071_labelled_Olympia_pheeseq_04_labelled_mB1.wav,Olympia,Wuschel,before,partner,Wuschel-Olympia,-0.721337,3.8860488,UMAP
3266,before_trills_2022-03-17_09-57-25_0000071_labelled_Olympia_pheeseq_04_labelled_mB2.wav,Olympia,Wuschel,before,partner,Wuschel-Olympia,-0.7002109,3.8385699,UMAP
3267,before_trills_2022-03-17_13-35-30_0000074_labelled_Tabor_pheeseq_04_labelled_mC1.wav,Tabor,Olympia,before,non-partner,Tabor-Lola,3.069317,2.9778202,UMAP
3268,before_trills_2022-03-17_13-35-30_0000074_labelled_Tabor_pheeseq_04_labelled_mC2.wav,Tabor,Olympia,before,non-partner,Tabor-Lola,6.408319,3.8709311,UMAP
3269,before_trills_2022-03-17_13-35-30_0000074_labelled_Tabor_pheeseq_04_labelled_mC3.wav,Tabor,Olympia,before,non-partner,Tabor-Lola,2.1726882,2.7831798,UMAP
3270,before_trills_2022-03-17_13-35-30_0000074_labelled_Tabor_pheeseq_05_labelled_mC1.wav,Tabor,Olympia,before,non-partner,Tabor-Lola,5.9834785,2.4951508,UMAP
3271,before_trills_2022-03-17_13-35-30_0000074_labelled_Tabor_pheeseq_05_labelled_mC2.wav,Tabor,Olympia,before,non-partner,Tabor-Lola,6.4090724,3.8380003,UMAP
3272,before_trills_2022-03-17_13-35-30_0000074_labelled_Tabor_pheeseq_05_labelled_mC3.wav,Tabor,Olympia,before,non-partner,Tabor-Lola,2.4357278,2.7116683,UMAP
3273,before_trills_2022-03-17_13-35-30_0000074_labelled_Tabor_pheeseq_06_labelled_mD1.wav,Tabor,Olympia,before,non-partner,Tabor-Lola,4.7930393,2.823702,UMAP
3274,before_trills_2022-03-17_13-35-30_0000074_labelled_Tabor_pheeseq_06_labelled_mD2.wav,Tabor,Olympia,before,non-partner,Tabor-Lola,6.4829345,3.844956,UMAP
3275,before_trills_2022-03-17_13-35-30_0000074_labelled_Tabor_pheeseq_06_labelled_mD3.wav,Tabor,Olympia,before,non-partner,Tabor-Lola,6.3157625,3.855233,UMAP
3276,before_trills_2022-03-17_13-35-30_0000074_labelled_Tabor_pheeseq_06_labelled_mD4.wav,Tabor,Olympia,before,non-partner,Tabor-Lola,0.57597274,3.2700608,UMAP
3277,before_trills_2022-03-17_14-11-20_0000076_labelled_Odin_pheeseq_105_labelled_mB2.wav,Odin,Lola,before,non-partner,Odin-Nougatti,-3.3591933,5.144617,UMAP
3278,before_trills_2022-03-17_14-11-20_0000076_labelled_Odin_pheeseq_22_labelled_mB2.wav,Odin,Lola,before,non-partner,Odin-Nougatti,6.3107753,3.5456154,UMAP
3279,before_trills_2022-03-17_14-11-20_0000076_labelled_Odin_pheeseq_93_labelled_mB2.wav,Odin,Lola,before,non-partner,Odin-Nougatti,1.474187,4.383562,UMAP
3280,before_trills_2022-03-18_09-14-46_0000079_labelled_Olympia_pheeseq_02_labelled_mB1.wav,Olympia,Wuschel,before,partner,Wuschel-Olympia,3.986526,3.634902,UMAP
3281,before_trills_2022-03-18_09-14-46_0000079_labelled_Olympia_pheeseq_02_labelled_mB2.wav,Olympia,Wuschel,before,partner,Wuschel-Olympia,0.49497357,3.311827,UMAP
3282,before_trills_2022-03-18_09-14-46_0000079_labelled_Olympia_pheeseq_04_labelled_mB2.wav,Olympia,Wuschel,before,partner,Wuschel-Olympia,-3.0415761,5.104255,UMAP
3283,before_trills_2022-03-18_09-14-46_0000079_labelled_Wuschel_pheeseq_03_labelled_mB1.wav,Wuschel,Olympia,before,partner,Wuschel-Olympia,-0.16273126,4.523371,UMAP
3284,before_trills_2022-03-18_09-14-46_0000079_labelled_Wuschel_pheeseq_03_labelled_mB2.wav,Wuschel,Olympia,before,partner,Wuschel-Olympia,-1.9988166,4.990066,UMAP
3285,before_trills_2022-03-18_09-47-49_0000083_labelled_Tabor_pheeseq_07_labelled_mC1.wav,Tabor,Lola,before,partner,Tabor-Lola,2.1035016,4.78401,UMAP
3286,before_trills_2022-03-18_09-47-49_0000083_labelled_Tabor_pheeseq_07_labelled_mC2.wav,Tabor,Lola,before,partner,Tabor-Lola,0.37164742,4.076557,UMAP
3287,before_trills_2022-03-18_09-47-49_0000083_labelled_Tabor_pheeseq_07_labelled_mC3.wav,Tabor,Lola,before,partner,Tabor-Lola,-2.7937188,4.856083,UMAP
3288,before_trills_2022-03-18_10-23-10_0000086_labelled_Nougatti_pheeseq_06_labelled_mC1.wav,Nougatti,Odin,before,partner,Odin-Nougatti,11.212909,2.6329472,UMAP
3289,before_trills_2022-03-18_10-23-10_0000086_labelled_Nougatti_pheeseq_06_labelled_mC2.wav,Nougatti,Odin,before,partner,Odin-Nougatti,8.095672,3.3832026,UMAP
3290,before_trills_2022-03-18_10-23-10_0000086_labelled_Nougatti_pheeseq_111_labelled_mB1.wav,Nougatti,Odin,before,partner,Odin-Nougatti,8.655184,2.5029778,UMAP
3291,before_trills_2022-03-18_10-23-10_0000086_labelled_Nougatti_pheeseq_111_labelled_mB2.wav,Nougatti,Odin,before,partner,Odin-Nougatti,5.475312,3.4766862,UMAP
3292,before_trills_2022-03-18_10-23-10_0000086_labelled_Nougatti_pheeseq_119_labelled_mB2.wav,Nougatti,Odin,before,partner,Odin-Nougatti,6.4646297,2.306182,UMAP
3293,before_trills_2022-03-18_10-23-10_0000086_labelled_Nougatti_pheeseq_128_labelled_mC1.wav,Nougatti,Odin,before,partner,Odin-Nougatti,12.91059,1.3509613,UMAP
3294,before_trills_2022-03-18_10-23-10_0000086_labelled_Nougatti_pheeseq_128_labelled_mC2.wav,Nougatti,Odin,before,partner,Odin-Nougatti,10.691725,4.092732,UMAP
3295,before_trills_2022-03-18_10-23-10_0000086_labelled_Nougatti_pheeseq_128_labelled_mC3.wav,Nougatti,Odin,before,partner,Odin-Nougatti,4.490782,3.1015348,UMAP
3296,before_trills_2022-03-18_10-23-10_0000086_labelled_Nougatti_pheeseq_131_labelled_mB2.wav,Nougatti,Odin,before,partner,Odin-Nougatti,8.636279,2.460845,UMAP
3297,before_trills_2022-03-18_10-23-10_0000086_labelled_Nougatti_pheeseq_149_labelled_mB2.wav,Nougatti,Odin,before,partner,Odin-Nougatti,2.3573756,4.6385202,UMAP
3298,before_trills_2022-03-18_10-23-10_0000086_labelled_Nougatti_pheeseq_16_labelled_mB1.wav,Nougatti,Odin,before,partner,Odin-Nougatti,7.975383,1.5832193,UMAP
3299,before_trills_2022-03-18_10-23-10_0000086_labelled_Nougatti_pheeseq_16_labelled_mB2.wav,Nougatti,Odin,before,partner,Odin-Nougatti,4.2831073,2.8915658,UMAP
3300,before_trills_2022-03-18_10-23-10_0000086_labelled_Nougatti_pheeseq_24_labelled_mB1.wav,Nougatti,Odin,before,partner,Odin-Nougatti,9.704964,3.399275,UMAP
3301,before_trills_2022-03-18_10-23-10_0000086_labelled_Nougatti_pheeseq_24_labelled_mB2.wav,Nougatti,Odin,before,partner,Odin-Nougatti,7.4566865,3.621749,UMAP
3302,before_trills_2022-03-18_10-23-10_0000086_labelled_Nougatti_pheeseq_28_labelled_mC1.wav,Nougatti,Odin,before,partner,Odin-Nougatti,11.518165,2.6813583,UMAP
3303,before_trills_2022-03-18_10-23-10_0000086_labelled_Nougatti_pheeseq_28_labelled_mC2.wav,Nougatti,Odin,before,partner,Odin-Nougatti,8.216625,3.4955962,UMAP
3304,before_trills_2022-03-18_10-23-10_0000086_labelled_Nougatti_pheeseq_28_labelled_mC3.wav,Nougatti,Odin,before,partner,Odin-Nougatti,-3.0474539,5.3454514,UMAP
3305,before_trills_2022-03-18_10-23-10_0000086_labelled_Nougatti_pheeseq_33_labelled_mB1.wav,Nougatti,Odin,before,partner,Odin-Nougatti,11.186671,2.4368398,UMAP
3306,before_trills_2022-03-18_10-23-10_0000086_labelled_Nougatti_pheeseq_33_labelled_mB2.wav,Nougatti,Odin,before,partner,Odin-Nougatti,8.0114155,3.4826114,UMAP
3307,before_trills_2022-03-18_10-23-10_0000086_labelled_Nougatti_pheeseq_34_labelled_mB2.wav,Nougatti,Odin,before,partner,Odin-Nougatti,0.6037921,4.212929,UMAP
3308,before_trills_2022-03-18_10-23-10_0000086_labelled_Nougatti_pheeseq_40_labelled_mC1.wav,Nougatti,Odin,before,partner,Odin-Nougatti,11.156318,2.6716878,UMAP
3309,before_trills_2022-03-18_10-23-10_0000086_labelled_Nougatti_pheeseq_40_labelled_mC2.wav,Nougatti,Odin,before,partner,Odin-Nougatti,10.098599,4.1278353,UMAP
3310,before_trills_2022-03-18_10-23-10_0000086_labelled_Nougatti_pheeseq_40_labelled_mC3.wav,Nougatti,Odin,before,partner,Odin-Nougatti,-4.698462,4.7780523,UMAP
3311,before_trills_2022-03-18_10-23-10_0000086_labelled_Nougatti_pheeseq_43_labelled_mC1.wav,Nougatti,Odin,before,partner,Odin-Nougatti,11.812104,2.558173,UMAP
3312,before_trills_2022-03-18_10-23-10_0000086_labelled_Nougatti_pheeseq_43_labelled_mC3.wav,Nougatti,Odin,before,partner,Odin-Nougatti,-3.2757869,5.3405323,UMAP
3313,before_trills_2022-03-18_10-23-10_0000086_labelled_Nougatti_pheeseq_47_labelled_mB1.wav,Nougatti,Odin,before,partner,Odin-Nougatti,10.169294,2.3255823,UMAP
3314,before_trills_2022-03-18_10-23-10_0000086_labelled_Nougatti_pheeseq_56_labelled_mC1.wav,Nougatti,Odin,before,partner,Odin-Nougatti,11.329937,2.0836556,UMAP
3315,before_trills_2022-03-18_10-23-10_0000086_labelled_Nougatti_pheeseq_56_labelled_mC2.wav,Nougatti,Odin,before,partner,Odin-Nougatti,8.573762,3.330095,UMAP
3316,before_trills_2022-03-18_10-23-10_0000086_labelled_Nougatti_pheeseq_61_labelled_mC1.wav,Nougatti,Odin,before,partner,Odin-Nougatti,9.216546,2.1954815,UMAP
3317,before_trills_2022-03-18_10-23-10_0000086_labelled_Nougatti_pheeseq_61_labelled_mC3.wav,Nougatti,Odin,before,partner,Odin-Nougatti,3.4006603,3.2075999,UMAP
3318,before_trills_2022-03-18_10-23-10_0000086_labelled_Nougatti_pheeseq_64_labelled_mC1.wav,Nougatti,Odin,before,partner,Odin-Nougatti,9.922776,1.4265623,UMAP
3319,before_trills_2022-03-18_10-23-10_0000086_labelled_Nougatti_pheeseq_64_labelled_mC2.wav,Nougatti,Odin,before,partner,Odin-Nougatti,8.662189,3.3299162,UMAP
3320,before_trills_2022-03-18_10-23-10_0000086_labelled_Nougatti_pheeseq_64_labelled_mC3.wav,Nougatti,Odin,before,partner,Odin-Nougatti,0.0694439,3.5690851,UMAP
3321,before_trills_2022-03-18_10-23-10_0000086_labelled_Nougatti_pheeseq_68_labelled_mB1.wav,Nougatti,Odin,before,partner,Odin-Nougatti,11.905124,1.795087,UMAP
3322,before_trills_2022-03-18_10-23-10_0000086_labelled_Nougatti_pheeseq_72_labelled_mC1.wav,Nougatti,Odin,before,partner,Odin-Nougatti,12.158548,2.422974,UMAP
3323,before_trills_2022-03-18_10-23-10_0000086_labelled_Nougatti_pheeseq_72_labelled_mC2.wav,Nougatti,Odin,before,partner,Odin-Nougatti,8.052674,3.351074,UMAP
3324,before_trills_2022-03-18_10-23-10_0000086_labelled_Nougatti_pheeseq_72_labelled_mC3.wav,Nougatti,Odin,before,partner,Odin-Nougatti,-3.1799386,5.3450365,UMAP
3325,before_trills_2022-03-18_10-23-10_0000086_labelled_Nougatti_pheeseq_73_labelled_mC2.wav,Nougatti,Odin,before,partner,Odin-Nougatti,6.6545267,1.2269218,UMAP
3326,before_trills_2022-03-18_10-23-10_0000086_labelled_Nougatti_pheeseq_73_labelled_mC3.wav,Nougatti,Odin,before,partner,Odin-Nougatti,0.17451882,3.7720876,UMAP
3327,before_trills_2022-03-18_10-23-10_0000086_labelled_Odin_pheeseq_109_labelled_mC1.wav,Odin,Nougatti,before,partner,Odin-Nougatti,1.955065,3.5555732,UMAP
3328,before_trills_2022-03-18_10-23-10_0000086_labelled_Odin_pheeseq_109_labelled_mC2.wav,Odin,Nougatti,before,partner,Odin-Nougatti,3.0371559,3.4545164,UMAP
3329,before_trills_2022-03-18_10-23-10_0000086_labelled_Odin_pheeseq_109_labelled_mC3.wav,Odin,Nougatti,before,partner,Odin-Nougatti,-4.676228,4.717715,UMAP
3330,before_trills_2022-03-18_10-23-10_0000086_labelled_Odin_pheeseq_137_labelled_mB1.wav,Odin,Nougatti,before,partner,Odin-Nougatti,3.9964814,3.1420636,UMAP
3331,before_trills_2022-03-18_10-23-10_0000086_labelled_Odin_pheeseq_137_labelled_mB2.wav,Odin,Nougatti,before,partner,Odin-Nougatti,0.6557178,4.285131,UMAP
3332,before_trills_2022-03-18_10-23-10_0000086_labelled_Odin_pheeseq_15_labelled_mB2.wav,Odin,Nougatti,before,partner,Odin-Nougatti,4.005128,3.5522661,UMAP
3333,before_trills_2022-03-18_10-23-10_0000086_labelled_Odin_pheeseq_31_labelled_mB1.wav,Odin,Nougatti,before,partner,Odin-Nougatti,-1.0220243,4.321415,UMAP
3334,before_trills_2022-03-18_10-23-10_0000086_labelled_Odin_pheeseq_39_labelled_mB2.wav,Odin,Nougatti,before,partner,Odin-Nougatti,3.099958,3.0655513,UMAP
3335,before_trills_2022-03-18_10-23-10_0000086_labelled_Odin_pheeseq_42_labelled_mB1.wav,Odin,Nougatti,before,partner,Odin-Nougatti,2.7564251,3.3406944,UMAP
3336,before_trills_2022-03-18_10-23-10_0000086_labelled_Odin_pheeseq_42_labelled_mB2.wav,Odin,Nougatti,before,partner,Odin-Nougatti,0.37319043,3.455863,UMAP
3337,before_trills_2022-03-18_10-23-10_0000086_labelled_Odin_pheeseq_63_labelled_mB1.wav,Odin,Nougatti,before,partner,Odin-Nougatti,3.3886435,3.3235555,UMAP
3338,before_trills_2022-03-18_10-23-10_0000086_labelled_Odin_pheeseq_63_labelled_mB2.wav,Odin,Nougatti,before,partner,Odin-Nougatti,6.093278,3.8076844,UMAP
3339,before_trills_2022-03-21_09-28-00_0000092_labelled_Nougatti_pheeseq_02_labelled_mC2.wav,Nougatti,Tabor,before,non-partner,Odin-Nougatti,5.250531,2.9508445,UMAP
3340,before_trills_2022-03-21_09-28-00_0000092_labelled_Nougatti_pheeseq_02_labelled_mC3.wav,Nougatti,Tabor,before,non-partner,Odin-Nougatti,3.1251817,3.1999295,UMAP
3341,before_trills_2022-03-21_09-28-00_0000092_labelled_Nougatti_pheeseq_04_labelled_mB1.wav,Nougatti,Tabor,before,non-partner,Odin-Nougatti,8.610851,3.0190198,UMAP
3342,before_trills_2022-03-21_09-28-00_0000092_labelled_Nougatti_pheeseq_04_labelled_mB2.wav,Nougatti,Tabor,before,non-partner,Odin-Nougatti,8.290681,3.361667,UMAP
3343,before_trills_2022-03-21_09-28-00_0000092_labelled_Nougatti_pheeseq_05_labelled_mC1.wav,Nougatti,Tabor,before,non-partner,Odin-Nougatti,7.3307514,3.7756877,UMAP
3344,before_trills_2022-03-21_09-28-00_0000092_labelled_Nougatti_pheeseq_05_labelled_mC2.wav,Nougatti,Tabor,before,non-partner,Odin-Nougatti,8.228922,3.3683836,UMAP
3345,before_trills_2022-03-21_09-28-00_0000092_labelled_Nougatti_pheeseq_05_labelled_mC3.wav,Nougatti,Tabor,before,non-partner,Odin-Nougatti,2.9636142,2.9493861,UMAP
3346,before_trills_2022-03-21_09-28-00_0000092_labelled_Nougatti_pheeseq_07_labelled_mB1.wav,Nougatti,Tabor,before,non-partner,Odin-Nougatti,9.266171,2.1235392,UMAP
3347,before_trills_2022-03-21_09-28-00_0000092_labelled_Nougatti_pheeseq_07_labelled_mB2.wav,Nougatti,Tabor,before,non-partner,Odin-Nougatti,8.161567,3.334866,UMAP
3348,before_trills_2022-03-21_09-28-00_0000092_labelled_Nougatti_pheeseq_08_labelled_mB1.wav,Nougatti,Tabor,before,non-partner,Odin-Nougatti,11.303962,2.4149206,UMAP
3349,before_trills_2022-03-21_09-28-00_0000092_labelled_Nougatti_pheeseq_08_labelled_mB2.wav,Nougatti,Tabor,before,non-partner,Odin-Nougatti,10.008721,3.7591534,UMAP
3350,before_trills_2022-03-21_09-28-00_0000092_labelled_Nougatti_pheeseq_10_labelled_mB1.wav,Nougatti,Tabor,before,non-partner,Odin-Nougatti,9.459226,3.2676902,UMAP
3351,before_trills_2022-03-21_09-28-00_0000092_labelled_Nougatti_pheeseq_11_labelled_mB1.wav,Nougatti,Tabor,before,non-partner,Odin-Nougatti,9.629981,2.0946658,UMAP
3352,before_trills_2022-03-21_09-28-00_0000092_labelled_Nougatti_pheeseq_12_labelled_mC1.wav,Nougatti,Tabor,before,non-partner,Odin-Nougatti,10.26167,1.9349134,UMAP
3353,before_trills_2022-03-21_09-28-00_0000092_labelled_Nougatti_pheeseq_12_labelled_mC2.wav,Nougatti,Tabor,before,non-partner,Odin-Nougatti,9.970577,3.7843997,UMAP
3354,before_trills_2022-03-21_09-28-00_0000092_labelled_Nougatti_pheeseq_12_labelled_mC3.wav,Nougatti,Tabor,before,non-partner,Odin-Nougatti,3.6703022,3.218309,UMAP
3355,before_trills_2022-03-21_09-28-00_0000092_labelled_Nougatti_pheeseq_13_labelled_mC2.wav,Nougatti,Tabor,before,non-partner,Odin-Nougatti,7.518586,3.4247046,UMAP
3356,before_trills_2022-03-21_09-28-00_0000092_labelled_Nougatti_pheeseq_13_labelled_mC3.wav,Nougatti,Tabor,before,non-partner,Odin-Nougatti,2.6698604,3.6388552,UMAP
3357,before_trills_2022-03-21_09-28-00_0000092_labelled_Nougatti_pheeseq_15_labelled_mB1.wav,Nougatti,Tabor,before,non-partner,Odin-Nougatti,6.674573,1.9491986,UMAP
3358,before_trills_2022-03-21_09-28-00_0000092_labelled_Nougatti_pheeseq_15_labelled_mB2.wav,Nougatti,Tabor,before,non-partner,Odin-Nougatti,7.8905263,2.0550911,UMAP
3359,before_trills_2022-03-21_09-28-00_0000092_labelled_Tabor_pheeseq_09_labelled_mB1.wav,Tabor,Nougatti,before,non-partner,Tabor-Lola,-2.4322474,5.005048,UMAP
3360,before_trills_2022-03-21_09-28-00_0000092_labelled_Tabor_pheeseq_20_labelled_mB1.wav,Tabor,Nougatti,before,non-partner,Tabor-Lola,-1.562152,4.427671,UMAP
3361,before_trills_2022-03-21_09-28-00_0000092_labelled_Tabor_pheeseq_20_labelled_mB2.wav,Tabor,Nougatti,before,non-partner,Tabor-Lola,-0.07130893,4.575446,UMAP
3362,before_trills_2022-03-21_10-06-37_0000094_labelled_Odin_pheeseq_02_labelled_mB2.wav,Odin,Lola,before,non-partner,Odin-Nougatti,7.3095703,2.522942,UMAP
3363,before_trills_2022-03-21_10-06-37_0000094_labelled_Odin_pheeseq_08_labelled_mB1.wav,Odin,Lola,before,non-partner,Odin-Nougatti,6.995837,3.0462766,UMAP
3364,before_trills_2022-03-21_10-06-37_0000094_labelled_Odin_pheeseq_08_labelled_mB2.wav,Odin,Lola,before,non-partner,Odin-Nougatti,6.068244,3.2256057,UMAP
3365,before_trills_2022-03-21_10-06-37_0000094_labelled_Odin_pheeseq_16_labelled_mC2.wav,Odin,Lola,before,non-partner,Odin-Nougatti,7.746468,3.8323488,UMAP
3366,before_trills_2022-03-21_10-06-37_0000094_labelled_Odin_pheeseq_16_labelled_mC3.wav,Odin,Lola,before,non-partner,Odin-Nougatti,-3.2126315,4.9770126,UMAP
3367,before_trills_2022-03-21_10-06-37_0000094_labelled_Odin_pheeseq_73_labelled_mC2.wav,Odin,Lola,before,non-partner,Odin-Nougatti,4.656063,3.3879437,UMAP
3368,before_trills_2022-03-21_10-06-37_0000094_labelled_Odin_pheeseq_73_labelled_mC3.wav,Odin,Lola,before,non-partner,Odin-Nougatti,-3.5771632,4.962698,UMAP
3369,before_trills_2022-03-21_13-15-59_0000096_labelled_Nougatti_pheeseq_03_labelled_mC2.wav,Nougatti,Wuschel,before,non-partner,Odin-Nougatti,8.011873,3.448885,UMAP
3370,before_trills_2022-03-21_13-15-59_0000096_labelled_Nougatti_pheeseq_03_labelled_mC3.wav,Nougatti,Wuschel,before,non-partner,Odin-Nougatti,-2.8915799,5.3948445,UMAP
3371,before_trills_2022-03-21_13-15-59_0000096_labelled_Nougatti_pheeseq_06_labelled_mC1.wav,Nougatti,Wuschel,before,non-partner,Odin-Nougatti,11.112602,2.5182967,UMAP
3372,before_trills_2022-03-21_13-15-59_0000096_labelled_Nougatti_pheeseq_06_labelled_mC2.wav,Nougatti,Wuschel,before,non-partner,Odin-Nougatti,10.859431,3.9791505,UMAP
3373,before_trills_2022-03-21_13-15-59_0000096_labelled_Nougatti_pheeseq_06_labelled_mC3.wav,Nougatti,Wuschel,before,non-partner,Odin-Nougatti,2.2412808,3.0597079,UMAP
3374,before_trills_2022-03-21_13-15-59_0000096_labelled_Nougatti_pheeseq_09_labelled_mC1.wav,Nougatti,Wuschel,before,non-partner,Odin-Nougatti,11.328089,2.5686798,UMAP
3375,before_trills_2022-03-21_13-15-59_0000096_labelled_Nougatti_pheeseq_09_labelled_mC2.wav,Nougatti,Wuschel,before,non-partner,Odin-Nougatti,7.9371967,3.5486615,UMAP
3376,before_trills_2022-03-21_13-15-59_0000096_labelled_Nougatti_pheeseq_09_labelled_mC3.wav,Nougatti,Wuschel,before,non-partner,Odin-Nougatti,-4.6748357,4.790089,UMAP
3377,before_trills_2022-03-21_13-15-59_0000096_labelled_Nougatti_pheeseq_13_labelled_mC1.wav,Nougatti,Wuschel,before,non-partner,Odin-Nougatti,11.790258,2.818596,UMAP
3378,before_trills_2022-03-21_13-15-59_0000096_labelled_Nougatti_pheeseq_13_labelled_mC2.wav,Nougatti,Wuschel,before,non-partner,Odin-Nougatti,11.118995,3.9536352,UMAP
3379,before_trills_2022-03-21_13-15-59_0000096_labelled_Nougatti_pheeseq_13_labelled_mC3.wav,Nougatti,Wuschel,before,non-partner,Odin-Nougatti,2.2855396,2.903163,UMAP
3380,before_trills_2022-03-21_13-15-59_0000096_labelled_Nougatti_pheeseq_18_labelled_mC1.wav,Nougatti,Wuschel,before,non-partner,Odin-Nougatti,11.272472,2.5513399,UMAP
3381,before_trills_2022-03-21_13-15-59_0000096_labelled_Nougatti_pheeseq_18_labelled_mC2.wav,Nougatti,Wuschel,before,non-partner,Odin-Nougatti,10.038012,4.212174,UMAP
3382,before_trills_2022-03-21_13-15-59_0000096_labelled_Nougatti_pheeseq_18_labelled_mC3.wav,Nougatti,Wuschel,before,non-partner,Odin-Nougatti,-4.1772285,4.3076425,UMAP
3383,before_trills_2022-03-21_13-15-59_0000096_labelled_Nougatti_pheeseq_20_labelled_mB1.wav,Nougatti,Wuschel,before,non-partner,Odin-Nougatti,12.191539,3.140601,UMAP
3384,before_trills_2022-03-21_13-15-59_0000096_labelled_Nougatti_pheeseq_20_labelled_mB2.wav,Nougatti,Wuschel,before,non-partner,Odin-Nougatti,9.961806,4.1827016,UMAP
3385,before_trills_2022-03-21_13-15-59_0000096_labelled_Nougatti_pheeseq_21_labelled_mB1.wav,Nougatti,Wuschel,before,non-partner,Odin-Nougatti,12.116459,2.4726856,UMAP
3386,before_trills_2022-03-21_13-15-59_0000096_labelled_Nougatti_pheeseq_21_labelled_mB2.wav,Nougatti,Wuschel,before,non-partner,Odin-Nougatti,7.2903585,3.5862887,UMAP
3387,before_trills_2022-03-21_13-15-59_0000096_labelled_Nougatti_pheeseq_23_labelled_mC1.wav,Nougatti,Wuschel,before,non-partner,Odin-Nougatti,11.950431,3.0401933,UMAP
3388,before_trills_2022-03-21_13-15-59_0000096_labelled_Nougatti_pheeseq_23_labelled_mC2.wav,Nougatti,Wuschel,before,non-partner,Odin-Nougatti,11.19692,3.8817503,UMAP
3389,before_trills_2022-03-21_13-15-59_0000096_labelled_Nougatti_pheeseq_24_labelled_mC1.wav,Nougatti,Wuschel,before,non-partner,Odin-Nougatti,11.897339,3.075715,UMAP
3390,before_trills_2022-03-21_13-15-59_0000096_labelled_Nougatti_pheeseq_24_labelled_mC2.wav,Nougatti,Wuschel,before,non-partner,Odin-Nougatti,11.111195,3.9769235,UMAP
3391,before_trills_2022-03-21_13-15-59_0000096_labelled_Nougatti_pheeseq_24_labelled_mC3.wav,Nougatti,Wuschel,before,non-partner,Odin-Nougatti,2.1392798,2.9839213,UMAP
3392,before_trills_2022-03-21_13-15-59_0000096_labelled_Nougatti_pheeseq_25_labelled_mC1.wav,Nougatti,Wuschel,before,non-partner,Odin-Nougatti,11.361432,2.4799893,UMAP
3393,before_trills_2022-03-21_13-15-59_0000096_labelled_Nougatti_pheeseq_25_labelled_mC3.wav,Nougatti,Wuschel,before,non-partner,Odin-Nougatti,-3.3365974,5.048531,UMAP
3394,before_trills_2022-03-21_13-15-59_0000096_labelled_Nougatti_pheeseq_26_labelled_mB1.wav,Nougatti,Wuschel,before,non-partner,Odin-Nougatti,11.500378,2.1681345,UMAP
3395,before_trills_2022-03-21_13-15-59_0000096_labelled_Nougatti_pheeseq_26_labelled_mB2.wav,Nougatti,Wuschel,before,non-partner,Odin-Nougatti,9.524894,3.2696075,UMAP
3396,before_trills_2022-03-21_13-15-59_0000096_labelled_Nougatti_pheeseq_28_labelled_mC4.wav,Nougatti,Wuschel,before,non-partner,Odin-Nougatti,-2.2420516,5.235329,UMAP
3397,before_trills_2022-03-21_13-15-59_0000096_labelled_Nougatti_pheeseq_33_labelled_mB1.wav,Nougatti,Wuschel,before,non-partner,Odin-Nougatti,9.349477,1.947683,UMAP
3398,before_trills_2022-03-21_13-15-59_0000096_labelled_Nougatti_pheeseq_33_labelled_mB2.wav,Nougatti,Wuschel,before,non-partner,Odin-Nougatti,8.637789,2.630425,UMAP
3399,before_trills_2022-03-21_13-15-59_0000096_labelled_Nougatti_pheeseq_61_labelled_mB1.wav,Nougatti,Wuschel,before,non-partner,Odin-Nougatti,8.977666,2.2620337,UMAP
3400,before_trills_2022-03-21_13-15-59_0000096_labelled_Nougatti_pheeseq_61_labelled_mB2.wav,Nougatti,Wuschel,before,non-partner,Odin-Nougatti,6.970854,3.164056,UMAP
3401,before_trills_2022-03-21_13-15-59_0000096_labelled_Nougatti_pheeseq_62_labelled_mC1.wav,Nougatti,Wuschel,before,non-partner,Odin-Nougatti,12.443079,2.3094254,UMAP
3402,before_trills_2022-03-21_13-15-59_0000096_labelled_Nougatti_pheeseq_62_labelled_mC2.wav,Nougatti,Wuschel,before,non-partner,Odin-Nougatti,10.20526,3.9333935,UMAP
3403,before_trills_2022-03-21_13-15-59_0000096_labelled_Nougatti_pheeseq_62_labelled_mC3.wav,Nougatti,Wuschel,before,non-partner,Odin-Nougatti,0.039208665,3.6072123,UMAP
3404,before_trills_2022-03-21_13-15-59_0000096_labelled_Nougatti_pheeseq_64_labelled_mB1.wav,Nougatti,Wuschel,before,non-partner,Odin-Nougatti,10.733966,2.0635245,UMAP
3405,before_trills_2022-03-21_13-15-59_0000096_labelled_Nougatti_pheeseq_64_labelled_mB2.wav,Nougatti,Wuschel,before,non-partner,Odin-Nougatti,7.594635,2.9666135,UMAP
3406,before_trills_2022-03-21_13-15-59_0000096_labelled_Nougatti_pheeseq_65_labelled_mC1.wav,Nougatti,Wuschel,before,non-partner,Odin-Nougatti,10.248547,1.0523564,UMAP
3407,before_trills_2022-03-21_13-15-59_0000096_labelled_Nougatti_pheeseq_65_labelled_mC2.wav,Nougatti,Wuschel,before,non-partner,Odin-Nougatti,10.352807,3.9897323,UMAP
3408,before_trills_2022-03-21_13-15-59_0000096_labelled_Nougatti_pheeseq_65_labelled_mC3.wav,Nougatti,Wuschel,before,non-partner,Odin-Nougatti,7.97602,3.4636214,UMAP
3409,before_trills_2022-03-21_13-15-59_0000096_labelled_Nougatti_pheeseq_70_labelled_mC1.wav,Nougatti,Wuschel,before,non-partner,Odin-Nougatti,10.030147,1.6805089,UMAP
3410,before_trills_2022-03-21_13-15-59_0000096_labelled_Nougatti_pheeseq_70_labelled_mC2.wav,Nougatti,Wuschel,before,non-partner,Odin-Nougatti,8.35717,3.254771,UMAP
3411,before_trills_2022-03-21_13-15-59_0000096_labelled_Nougatti_pheeseq_70_labelled_mC3.wav,Nougatti,Wuschel,before,non-partner,Odin-Nougatti,-0.123960294,3.5942423,UMAP
3412,before_trills_2022-03-21_13-15-59_0000096_labelled_Nougatti_pheeseq_71_labelled_mB2.wav,Nougatti,Wuschel,before,non-partner,Odin-Nougatti,7.9262533,3.4633079,UMAP
3413,before_trills_2022-03-21_13-15-59_0000096_labelled_Nougatti_pheeseq_75_labelled_mB1.wav,Nougatti,Wuschel,before,non-partner,Odin-Nougatti,11.343929,1.7184191,UMAP
3414,before_trills_2022-03-21_13-15-59_0000096_labelled_Nougatti_pheeseq_75_labelled_mB2.wav,Nougatti,Wuschel,before,non-partner,Odin-Nougatti,9.523972,3.4531465,UMAP
3415,before_trills_2022-03-21_13-15-59_0000096_labelled_Nougatti_pheeseq_76_labelled_mC1.wav,Nougatti,Wuschel,before,non-partner,Odin-Nougatti,9.979397,2.024158,UMAP
3416,before_trills_2022-03-21_13-15-59_0000096_labelled_Nougatti_pheeseq_76_labelled_mC2.wav,Nougatti,Wuschel,before,non-partner,Odin-Nougatti,6.6472435,3.466973,UMAP
3417,before_trills_2022-03-21_13-15-59_0000096_labelled_Nougatti_pheeseq_78_labelled_mC1.wav,Nougatti,Wuschel,before,non-partner,Odin-Nougatti,11.218113,1.714861,UMAP
3418,before_trills_2022-03-21_13-15-59_0000096_labelled_Nougatti_pheeseq_78_labelled_mC2.wav,Nougatti,Wuschel,before,non-partner,Odin-Nougatti,8.71376,3.340992,UMAP
3419,before_trills_2022-03-21_13-15-59_0000096_labelled_Nougatti_pheeseq_78_labelled_mC3.wav,Nougatti,Wuschel,before,non-partner,Odin-Nougatti,0.45045564,3.5381372,UMAP
3420,before_trills_2022-03-21_13-15-59_0000096_labelled_Wuschel_pheeseq_05_labelled_mB1.wav,Wuschel,Nougatti,before,non-partner,Wuschel-Olympia,-2.5600116,4.00591,UMAP
3421,before_trills_2022-03-21_13-15-59_0000096_labelled_Wuschel_pheeseq_27_labelled_mC1.wav,Wuschel,Nougatti,before,non-partner,Wuschel-Olympia,-0.5327528,4.506797,UMAP
3422,before_trills_2022-03-21_13-15-59_0000096_labelled_Wuschel_pheeseq_27_labelled_mC2.wav,Wuschel,Nougatti,before,non-partner,Wuschel-Olympia,-0.5932351,4.3288927,UMAP
3423,before_trills_2022-03-21_13-15-59_0000096_labelled_Wuschel_pheeseq_27_labelled_mC3.wav,Wuschel,Nougatti,before,non-partner,Wuschel-Olympia,-4.601345,4.619271,UMAP
3424,before_trills_2022-03-21_13-15-59_0000096_labelled_Wuschel_pheeseq_31_labelled_mC1.wav,Wuschel,Nougatti,before,non-partner,Wuschel-Olympia,0.6274665,5.106448,UMAP
3425,before_trills_2022-03-21_13-15-59_0000096_labelled_Wuschel_pheeseq_31_labelled_mC2.wav,Wuschel,Nougatti,before,non-partner,Wuschel-Olympia,0.4364874,4.376338,UMAP
3426,before_trills_2022-03-21_13-15-59_0000096_labelled_Wuschel_pheeseq_31_labelled_mC3.wav,Wuschel,Nougatti,before,non-partner,Wuschel-Olympia,-3.8371482,4.8867216,UMAP
3427,before_trills_2022-03-21_13-15-59_0000096_labelled_Wuschel_pheeseq_34_labelled_mB1.wav,Wuschel,Nougatti,before,non-partner,Wuschel-Olympia,1.4111801,3.766331,UMAP
3428,before_trills_2022-03-21_13-15-59_0000096_labelled_Wuschel_pheeseq_34_labelled_mB2.wav,Wuschel,Nougatti,before,non-partner,Wuschel-Olympia,-0.52676505,4.1155696,UMAP
3429,before_trills_2022-03-21_13-47-06_0000098_labelled_Tabor_pheeseq_02_labelled_mC1.wav,Tabor,Lola,before,partner,Tabor-Lola,1.9905295,4.706403,UMAP
3430,before_trills_2022-03-21_13-47-06_0000098_labelled_Tabor_pheeseq_02_labelled_mC2.wav,Tabor,Lola,before,partner,Tabor-Lola,1.8685956,3.040849,UMAP
3431,before_trills_2022-03-21_13-47-06_0000098_labelled_Tabor_pheeseq_05_labelled_mB1.wav,Tabor,Lola,before,partner,Tabor-Lola,3.187445,3.360832,UMAP
3432,before_trills_2022-03-21_13-47-06_0000098_labelled_Tabor_pheeseq_05_labelled_mB2.wav,Tabor,Lola,before,partner,Tabor-Lola,0.6345132,4.1417575,UMAP
3433,before_trills_2022-03-21_13-47-06_0000098_labelled_Tabor_pheeseq_09_labelled_mC1.wav,Tabor,Lola,before,partner,Tabor-Lola,0.4034156,3.9447236,UMAP
3434,before_trills_2022-03-21_13-47-06_0000098_labelled_Tabor_pheeseq_09_labelled_mC2.wav,Tabor,Lola,before,partner,Tabor-Lola,0.6797493,3.217577,UMAP
3435,before_trills_2022-03-21_13-47-06_0000098_labelled_Tabor_pheeseq_12_labelled_mC1.wav,Tabor,Lola,before,partner,Tabor-Lola,1.9745761,3.0219133,UMAP
3436,before_trills_2022-03-21_13-47-06_0000098_labelled_Tabor_pheeseq_12_labelled_mC2.wav,Tabor,Lola,before,partner,Tabor-Lola,1.7513394,3.0055196,UMAP
3437,before_trills_2022-03-21_13-47-06_0000098_labelled_Tabor_pheeseq_12_labelled_mC3.wav,Tabor,Lola,before,partner,Tabor-Lola,-2.7382605,5.2844386,UMAP
3438,before_trills_2022-03-21_13-47-06_0000098_labelled_Tabor_pheeseq_46_labelled_mC1.wav,Tabor,Lola,before,partner,Tabor-Lola,2.8688653,3.1231241,UMAP
3439,before_trills_2022-03-21_13-47-06_0000098_labelled_Tabor_pheeseq_46_labelled_mC2.wav,Tabor,Lola,before,partner,Tabor-Lola,1.9217143,3.5954823,UMAP
3440,before_trills_2022-03-21_13-47-06_0000098_labelled_Tabor_pheeseq_46_labelled_mC3.wav,Tabor,Lola,before,partner,Tabor-Lola,-2.2487347,5.1730814,UMAP
3441,before_trills_2022-03-22_09-27-55_0000104_labelled_Nougatti_pheeseq_10_labelled_mB2.wav,Nougatti,Odin,before,partner,Odin-Nougatti,8.13999,3.3425257,UMAP
3442,before_trills_2022-03-22_09-27-55_0000104_labelled_Nougatti_pheeseq_10_labelled_mC1.wav,Nougatti,Odin,before,partner,Odin-Nougatti,9.457971,2.2330964,UMAP
3443,before_trills_2022-03-22_09-27-55_0000104_labelled_Nougatti_pheeseq_10_labelled_mC3.wav,Nougatti,Odin,before,partner,Odin-Nougatti,0.017946025,3.5956302,UMAP
3444,before_trills_2022-03-22_09-27-55_0000104_labelled_Nougatti_pheeseq_113_labelled_mB1.wav,Nougatti,Odin,before,partner,Odin-Nougatti,8.199369,1.857498,UMAP
3445,before_trills_2022-03-22_09-27-55_0000104_labelled_Nougatti_pheeseq_113_labelled_mB2.wav,Nougatti,Odin,before,partner,Odin-Nougatti,7.6940346,2.1162496,UMAP
3446,before_trills_2022-03-22_09-27-55_0000104_labelled_Nougatti_pheeseq_15_labelled_mC1.wav,Nougatti,Odin,before,partner,Odin-Nougatti,10.121868,1.628926,UMAP
3447,before_trills_2022-03-22_09-27-55_0000104_labelled_Nougatti_pheeseq_15_labelled_mC2.wav,Nougatti,Odin,before,partner,Odin-Nougatti,8.217625,3.3107805,UMAP
3448,before_trills_2022-03-22_09-27-55_0000104_labelled_Nougatti_pheeseq_15_labelled_mC3.wav,Nougatti,Odin,before,partner,Odin-Nougatti,3.387073,3.1673856,UMAP
3449,before_trills_2022-03-22_09-27-55_0000104_labelled_Nougatti_pheeseq_19_labelled_mC1.wav,Nougatti,Odin,before,partner,Odin-Nougatti,9.7926855,1.6848836,UMAP
3450,before_trills_2022-03-22_09-27-55_0000104_labelled_Nougatti_pheeseq_19_labelled_mC2.wav,Nougatti,Odin,before,partner,Odin-Nougatti,8.55693,3.2469223,UMAP
3451,before_trills_2022-03-22_09-27-55_0000104_labelled_Nougatti_pheeseq_19_labelled_mC3.wav,Nougatti,Odin,before,partner,Odin-Nougatti,2.7437081,5.3128366,UMAP
3452,before_trills_2022-03-22_09-27-55_0000104_labelled_Nougatti_pheeseq_38_labelled_mC1.wav,Nougatti,Odin,before,partner,Odin-Nougatti,9.83308,2.4783037,UMAP
3453,before_trills_2022-03-22_09-27-55_0000104_labelled_Nougatti_pheeseq_38_labelled_mC2.wav,Nougatti,Odin,before,partner,Odin-Nougatti,10.120979,3.8740926,UMAP
3454,before_trills_2022-03-22_09-27-55_0000104_labelled_Nougatti_pheeseq_38_labelled_mC3.wav,Nougatti,Odin,before,partner,Odin-Nougatti,5.0242643,3.1738858,UMAP
3455,before_trills_2022-03-22_09-27-55_0000104_labelled_Nougatti_pheeseq_48_labelled_mC2.wav,Nougatti,Odin,before,partner,Odin-Nougatti,6.1485887,3.5840707,UMAP
3456,before_trills_2022-03-22_09-27-55_0000104_labelled_Nougatti_pheeseq_48_labelled_mC3.wav,Nougatti,Odin,before,partner,Odin-Nougatti,-3.1679718,5.352388,UMAP
3457,before_trills_2022-03-22_09-27-55_0000104_labelled_Nougatti_pheeseq_60_labelled_mB2.wav,Nougatti,Odin,before,partner,Odin-Nougatti,7.4684563,1.9565622,UMAP
3458,before_trills_2022-03-22_09-27-55_0000104_labelled_Odin_pheeseq_03_labelled_mB1.wav,Odin,Nougatti,before,partner,Odin-Nougatti,5.522507,3.039166,UMAP
3459,before_trills_2022-03-22_09-27-55_0000104_labelled_Odin_pheeseq_03_labelled_mB3.wav,Odin,Nougatti,before,partner,Odin-Nougatti,9.783787,2.7053103,UMAP
3460,before_trills_2022-03-22_09-27-55_0000104_labelled_Odin_pheeseq_110_labelled_mB2.wav,Odin,Nougatti,before,partner,Odin-Nougatti,2.0798244,3.838856,UMAP
3461,before_trills_2022-03-22_09-27-55_0000104_labelled_Odin_pheeseq_34_labelled_mB2.wav,Odin,Nougatti,before,partner,Odin-Nougatti,5.021556,3.4099329,UMAP
3462,before_trills_2022-03-22_09-27-55_0000104_labelled_Odin_pheeseq_45_labelled_mB1.wav,Odin,Nougatti,before,partner,Odin-Nougatti,3.4373853,3.1321623,UMAP
3463,before_trills_2022-03-22_09-27-55_0000104_labelled_Odin_pheeseq_45_labelled_mB2.wav,Odin,Nougatti,before,partner,Odin-Nougatti,0.75610733,3.2282844,UMAP
3464,before_trills_2022-03-22_10-06-17_0000106_labelled_Olympia_pheeseq_14_labelled_mB1.wav,Olympia,Tabor,before,non-partner,Wuschel-Olympia,-0.582302,3.6708977,UMAP
3465,before_trills_2022-03-22_10-06-17_0000106_labelled_Olympia_pheeseq_14_labelled_mB2.wav,Olympia,Tabor,before,non-partner,Wuschel-Olympia,-4.520059,4.5868373,UMAP
3466,before_trills_2022-03-22_14-08-31_0000109_labelled_Nougatti_pheeseq_02_labelled_mB1.wav,Nougatti,Tabor,before,non-partner,Odin-Nougatti,7.787472,1.948506,UMAP
3467,before_trills_2022-03-22_14-08-31_0000109_labelled_Nougatti_pheeseq_04_labelled_mB1.wav,Nougatti,Tabor,before,non-partner,Odin-Nougatti,6.92911,2.2897778,UMAP
3468,before_trills_2022-03-22_14-08-31_0000109_labelled_Nougatti_pheeseq_04_labelled_mB2.wav,Nougatti,Tabor,before,non-partner,Odin-Nougatti,6.6725907,2.9134693,UMAP
3469,before_trills_2022-03-22_14-08-31_0000109_labelled_Nougatti_pheeseq_08_labelled_mB1.wav,Nougatti,Tabor,before,non-partner,Odin-Nougatti,1.7233852,4.1679826,UMAP
3470,before_trills_2022-03-22_14-08-31_0000109_labelled_Nougatti_pheeseq_08_labelled_mB3.wav,Nougatti,Tabor,before,non-partner,Odin-Nougatti,0.11025323,3.9941807,UMAP
3471,before_trills_2022-03-22_14-08-31_0000109_labelled_Nougatti_pheeseq_09_labelled_mC1.wav,Nougatti,Tabor,before,non-partner,Odin-Nougatti,8.551126,2.6282406,UMAP
3472,before_trills_2022-03-22_14-08-31_0000109_labelled_Nougatti_pheeseq_09_labelled_mC2.wav,Nougatti,Tabor,before,non-partner,Odin-Nougatti,8.44406,3.3205826,UMAP
3473,before_trills_2022-03-22_14-08-31_0000109_labelled_Nougatti_pheeseq_09_labelled_mC3.wav,Nougatti,Tabor,before,non-partner,Odin-Nougatti,1.83585,3.4749942,UMAP
3474,before_trills_2022-03-22_14-08-31_0000109_labelled_Nougatti_pheeseq_12_labelled_mC1.wav,Nougatti,Tabor,before,non-partner,Odin-Nougatti,7.435429,2.1470947,UMAP
3475,before_trills_2022-03-22_14-08-31_0000109_labelled_Nougatti_pheeseq_12_labelled_mC2.wav,Nougatti,Tabor,before,non-partner,Odin-Nougatti,4.3804483,2.9032652,UMAP
3476,before_trills_2022-03-22_14-08-31_0000109_labelled_Nougatti_pheeseq_12_labelled_mC3.wav,Nougatti,Tabor,before,non-partner,Odin-Nougatti,-0.34116423,3.873048,UMAP
3477,before_trills_2022-03-22_14-08-31_0000109_labelled_Nougatti_pheeseq_24_labelled_mB2.wav,Nougatti,Tabor,before,non-partner,Odin-Nougatti,6.5423684,2.3164537,UMAP
3478,before_trills_2022-03-22_14-08-31_0000109_labelled_Nougatti_pheeseq_25_labelled_mB1.wav,Nougatti,Tabor,before,non-partner,Odin-Nougatti,9.572419,1.6391048,UMAP
3479,before_trills_2022-03-22_14-08-31_0000109_labelled_Nougatti_pheeseq_27_labelled_mB1.wav,Nougatti,Tabor,before,non-partner,Odin-Nougatti,9.301504,1.9683852,UMAP
3480,before_trills_2022-03-22_14-08-31_0000109_labelled_Nougatti_pheeseq_27_labelled_mB2.wav,Nougatti,Tabor,before,non-partner,Odin-Nougatti,6.853713,2.748347,UMAP
3481,before_trills_2022-03-22_14-08-31_0000109_labelled_Tabor_pheeseq_06_labelled_mC3.wav,Tabor,Nougatti,before,non-partner,Tabor-Lola,1.1443974,4.474858,UMAP
3482,before_trills_2022-03-22_14-08-31_0000109_labelled_Tabor_pheeseq_10_labelled_mB1.wav,Tabor,Nougatti,before,non-partner,Tabor-Lola,2.484674,2.863438,UMAP
3483,before_trills_2022-03-22_14-08-31_0000109_labelled_Tabor_pheeseq_10_labelled_mB3.wav,Tabor,Nougatti,before,non-partner,Tabor-Lola,-0.7876704,3.7269208,UMAP
3484,before_trills_2022-03-22_14-08-31_0000109_labelled_Tabor_pheeseq_11_labelled_mC1.wav,Tabor,Nougatti,before,non-partner,Tabor-Lola,3.0612462,4.786346,UMAP
3485,before_trills_2022-03-22_14-08-31_0000109_labelled_Tabor_pheeseq_11_labelled_mC2.wav,Tabor,Nougatti,before,non-partner,Tabor-Lola,2.3175845,3.1946306,UMAP
3486,before_trills_2022-03-22_14-08-31_0000109_labelled_Tabor_pheeseq_11_labelled_mC4.wav,Tabor,Nougatti,before,non-partner,Tabor-Lola,-0.76566356,3.8336315,UMAP
3487,before_trills_2022-03-22_14-08-31_0000109_labelled_Tabor_pheeseq_13_labelled_mD1.wav,Tabor,Nougatti,before,non-partner,Tabor-Lola,3.4544594,4.033388,UMAP
3488,before_trills_2022-03-22_14-08-31_0000109_labelled_Tabor_pheeseq_13_labelled_mD2.wav,Tabor,Nougatti,before,non-partner,Tabor-Lola,3.2973607,2.7236333,UMAP
3489,before_trills_2022-03-22_14-08-31_0000109_labelled_Tabor_pheeseq_13_labelled_mD3.wav,Tabor,Nougatti,before,non-partner,Tabor-Lola,1.8231424,2.961097,UMAP
3490,before_trills_2022-03-22_14-08-31_0000109_labelled_Tabor_pheeseq_13_labelled_mD4.wav,Tabor,Nougatti,before,non-partner,Tabor-Lola,-3.3080595,5.133912,UMAP
3491,before_trills_2022-03-22_14-08-31_0000109_labelled_Tabor_pheeseq_14_labelled_mC1.wav,Tabor,Nougatti,before,non-partner,Tabor-Lola,3.2135136,4.277232,UMAP
3492,before_trills_2022-03-22_14-08-31_0000109_labelled_Tabor_pheeseq_14_labelled_mC2.wav,Tabor,Nougatti,before,non-partner,Tabor-Lola,3.3307085,2.7369373,UMAP
3493,before_trills_2022-03-22_14-08-31_0000109_labelled_Tabor_pheeseq_14_labelled_mC3.wav,Tabor,Nougatti,before,non-partner,Tabor-Lola,0.4751047,3.2879448,UMAP
3494,before_trills_2022-03-22_14-08-31_0000109_labelled_Tabor_pheeseq_15_labelled_mD1.wav,Tabor,Nougatti,before,non-partner,Tabor-Lola,3.4371936,4.004717,UMAP
3495,before_trills_2022-03-22_14-08-31_0000109_labelled_Tabor_pheeseq_15_labelled_mD2.wav,Tabor,Nougatti,before,non-partner,Tabor-Lola,5.8886185,3.681995,UMAP
3496,before_trills_2022-03-22_14-08-31_0000109_labelled_Tabor_pheeseq_15_labelled_mD3.wav,Tabor,Nougatti,before,non-partner,Tabor-Lola,2.5655599,2.738381,UMAP
3497,before_trills_2022-03-22_14-08-31_0000109_labelled_Tabor_pheeseq_15_labelled_mD4.wav,Tabor,Nougatti,before,non-partner,Tabor-Lola,-0.92321867,3.7994242,UMAP
3498,before_trills_2022-03-22_14-08-31_0000109_labelled_Tabor_pheeseq_16_labelled_mB1.wav,Tabor,Nougatti,before,non-partner,Tabor-Lola,3.1909568,3.3555176,UMAP
3499,before_trills_2022-03-22_14-08-31_0000109_labelled_Tabor_pheeseq_16_labelled_mB2.wav,Tabor,Nougatti,before,non-partner,Tabor-Lola,0.5402364,3.3861146,UMAP
3500,before_trills_2022-03-23_09-42-19_0000113_labelled_Nougatti_pheeseq_05_labelled_mC2.wav,Nougatti,Wuschel,before,non-partner,Odin-Nougatti,8.399965,3.2860444,UMAP
3501,before_trills_2022-03-23_09-42-19_0000113_labelled_Nougatti_pheeseq_05_labelled_mC3.wav,Nougatti,Wuschel,before,non-partner,Odin-Nougatti,-0.15553437,3.7066512,UMAP
3502,before_trills_2022-03-23_09-42-19_0000113_labelled_Nougatti_pheeseq_07_labelled_mC1.wav,Nougatti,Wuschel,before,non-partner,Odin-Nougatti,9.641944,2.0989492,UMAP
3503,before_trills_2022-03-23_09-42-19_0000113_labelled_Nougatti_pheeseq_07_labelled_mC2.wav,Nougatti,Wuschel,before,non-partner,Odin-Nougatti,5.1285233,2.7696807,UMAP
3504,before_trills_2022-03-23_09-42-19_0000113_labelled_Nougatti_pheeseq_07_labelled_mC3.wav,Nougatti,Wuschel,before,non-partner,Odin-Nougatti,-2.265702,5.247555,UMAP
3505,before_trills_2022-03-23_09-42-19_0000113_labelled_Nougatti_pheeseq_08_labelled_mB1.wav,Nougatti,Wuschel,before,non-partner,Odin-Nougatti,9.414619,2.0821843,UMAP
3506,before_trills_2022-03-23_09-42-19_0000113_labelled_Nougatti_pheeseq_08_labelled_mB2.wav,Nougatti,Wuschel,before,non-partner,Odin-Nougatti,4.7619696,2.4807434,UMAP
3507,before_trills_2022-03-23_09-42-19_0000113_labelled_Nougatti_pheeseq_09_labelled_mC1.wav,Nougatti,Wuschel,before,non-partner,Odin-Nougatti,9.698216,2.0717285,UMAP
3508,before_trills_2022-03-23_09-42-19_0000113_labelled_Nougatti_pheeseq_09_labelled_mC2.wav,Nougatti,Wuschel,before,non-partner,Odin-Nougatti,8.723009,3.3079417,UMAP
3509,before_trills_2022-03-23_09-42-19_0000113_labelled_Wuschel_pheeseq_02_labelled_mB1.wav,Wuschel,Nougatti,before,non-partner,Wuschel-Olympia,7.6776123,2.0068579,UMAP
3510,before_trills_2022-03-23_09-42-19_0000113_labelled_Wuschel_pheeseq_02_labelled_mB2.wav,Wuschel,Nougatti,before,non-partner,Wuschel-Olympia,6.7237873,2.8061013,UMAP
3511,before_trills_2022-03-23_10-25-30_0000114_labelled_Odin_pheeseq_55_labelled_mB2.wav,Odin,Olympia,before,non-partner,Odin-Nougatti,7.814874,4.1813006,UMAP
3512,before_trills_2022-03-23_10-25-30_0000114_labelled_Olympia_pheeseq_12_labelled_mB2.wav,Olympia,Odin,before,non-partner,Wuschel-Olympia,1.9923551,3.4996347,UMAP
3513,before_trills_2022-03-23_10-25-30_0000114_labelled_Olympia_pheeseq_66_labelled_mB1.wav,Olympia,Odin,before,non-partner,Wuschel-Olympia,3.8213952,3.460257,UMAP
3514,before_trills_2022-03-23_10-25-30_0000114_labelled_Olympia_pheeseq_66_labelled_mB2.wav,Olympia,Odin,before,non-partner,Wuschel-Olympia,0.23449035,3.5929701,UMAP
3515,before_trills_2022-03-23_14-06-31_0000117_labelled_Wuschel_pheeseq_04_labelled_mC2.wav,Wuschel,Lola,before,non-partner,Wuschel-Olympia,-2.0704517,4.6489105,UMAP
3516,before_trills_2022-03-23_14-06-31_0000117_labelled_Wuschel_pheeseq_04_labelled_mC3.wav,Wuschel,Lola,before,non-partner,Wuschel-Olympia,-4.661443,4.698013,UMAP
3517,after_phees_2022-07-19_11-17-29_0000018_labelled_Odin_phee_0000004_labelled_mA1.wav,Odin,Olympia,after,non-partner,Odin-Nougatti,1.3305866,4.685945,UMAP
3518,after_phees_2022-07-19_11-17-29_0000018_labelled_Odin_phee_0000019_labelled_mA1.wav,Odin,Olympia,after,non-partner,Odin-Nougatti,4.3265657,4.5771093,UMAP
3519,after_phees_2022-07-20_15-39-44_0000028_labelled_Nougatti_phee_0000012_labelled_mA1.wav,Nougatti,Tabor,after,non-partner,Odin-Nougatti,6.154939,2.0152113,UMAP
3520,after_phees_2022-07-20_15-39-44_0000028_labelled_Nougatti_phee_0000038_labelled_mA1.wav,Nougatti,Tabor,after,non-partner,Odin-Nougatti,6.0823765,2.2538652,UMAP
3521,after_phees_2022-07-21_09-36-56_0000029_labelled_Odin_pheeseq_0000008_labelled_mA1.wav,Odin,Lola,after,non-partner,Odin-Nougatti,9.98409,3.841597,UMAP
3522,after_phees_2022-07-21_09-36-56_0000029_labelled_Odin_pheeseq_0000044_labelled_mA1.wav,Odin,Lola,after,non-partner,Odin-Nougatti,6.571392,2.9864,UMAP
3523,after_phees_2022-07-21_13-48-50_0000035_labelled_Olympia_pheeseq_0000013_labelled_mA1.wav,Olympia,Tabor,after,non-partner,Wuschel-Olympia,-0.46466082,4.9436193,UMAP
3524,after_phees_2022-07-26_14-33-05_0000052_labelled_Olympia_pheeseq_0000012_labelled_mA1.wav,Olympia,Wuschel,after,partner,Wuschel-Olympia,-1.6364053,4.065406,UMAP
3525,after_phees_2022-07-27_11-30-41_0000057_labelled_Lola_pheeseq_0000019_labelled_mA1.wav,Lola,Wuschel,after,non-partner,Tabor-Lola,7.4493117,0.9584247,UMAP
3526,after_phees_2022-07-27_11-30-41_0000057_labelled_Lola_pheeseq_0000026_labelled_mA1.wav,Lola,Wuschel,after,non-partner,Tabor-Lola,10.290007,1.9065573,UMAP
3527,after_phees_2022-07-28_10-46-38_0000060_labelled_Odin_pheeseq_0000017_labelled_mA1.wav,Odin,Lola,after,non-partner,Odin-Nougatti,8.23468,2.45228,UMAP
3528,after_phees_2022-08-02_13-43-08_0000064_labelled_Olympia_pheeseq_0000047_labelled_mA1.wav,Olympia,Odin,after,non-partner,Wuschel-Olympia,-2.342561,5.1510053,UMAP
3529,after_phees_2022-08-03_14-32-28_0000070_labelled_Olympia_phee_0000039_labelled_mA1.wav,Olympia,Tabor,after,non-partner,Wuschel-Olympia,-1.9141716,4.9068866,UMAP
3530,after_phees_2022-08-04_10-08-00_0000075_labelled_Odin_pheeseq_0000051_labelled_mA1.wav,Odin,Lola,after,non-partner,Odin-Nougatti,6.412448,1.9627776,UMAP
3531,after_phees_2022-08-08_11-24-26_0000079_labelled_Odin_pheeseq_0000002_labelled_mA1.wav,Odin,Lola,after,non-partner,Odin-Nougatti,0.91449237,4.522077,UMAP
3532,after_phees_2022-08-08_11-24-26_0000079_labelled_Odin_pheeseq_0000004_labelled_mA1.wav,Odin,Lola,after,non-partner,Odin-Nougatti,0.7085898,4.669494,UMAP
3533,after_phees_2022-08-08_11-24-26_0000079_labelled_Odin_pheeseq_0000027_labelled_mA1.wav,Odin,Lola,after,non-partner,Odin-Nougatti,4.064952,4.2402186,UMAP
3534,after_phees_2022-08-08_11-24-26_0000079_labelled_Odin_pheeseq_0000030_labelled_mA1.wav,Odin,Lola,after,non-partner,Odin-Nougatti,0.7136076,4.655526,UMAP
3535,after_trills_2022-07-19_14-36-49_0000021_labelled_Wuschel_phee_0000002_labelled_mA1.wav,Wuschel,Lola,after,non-partner,Wuschel-Olympia,-0.76813906,4.0053353,UMAP
3536,after_trills_2022-07-21_10-47-45_0000032_labelled_Nougatti_pheeseq_0000002_labelled_mA1.wav,Nougatti,Wuschel,after,non-partner,Odin-Nougatti,5.824694,2.007158,UMAP
3537,after_trills_2022-07-21_10-47-45_0000032_labelled_Odin_phee_0000011_labelled_mA1.wav,Odin,Nougatti,after,partner,Odin-Nougatti,-3.7614067,4.742632,UMAP
3538,after_trills_2022-07-21_13-24-59_0000034_labelled_Olympia_pheeseq_0000009_labelled_mA1.wav,Olympia,Wuschel,after,partner,Wuschel-Olympia,2.5799744,2.8129056,UMAP
3539,after_trills_2022-07-21_13-24-59_0000034_labelled_Wuschel_pheeseq_0000088_labelled_mA1.wav,Wuschel,Olympia,after,partner,Wuschel-Olympia,-4.64913,4.689374,UMAP
3540,after_trills_2022-07-21_13-48-52_0000035_labelled_Tabor_pheeseq_0000008_labelled_mA1.wav,Tabor,Olympia,after,non-partner,Tabor-Lola,1.8394465,4.5603805,UMAP
3541,after_trills_2022-07-26_13-45-13_0000050_labelled_Tabor_pheeseq_0000011_labelled_mA1.wav,Tabor,Lola,after,partner,Tabor-Lola,2.6486812,2.669558,UMAP
3542,after_trills_2022-07-26_13-45-13_0000050_labelled_Tabor_pheeseq_0000012_labelled_mA1.wav,Tabor,Lola,after,partner,Tabor-Lola,6.267367,3.8919342,UMAP
3543,after_trills_2022-07-26_14-33-06_0000052_labelled_Wuschel_pheeseq_0000002_labelled_mA1.wav,Wuschel,Olympia,after,partner,Wuschel-Olympia,1.2479577,3.9803684,UMAP
3544,after_trills_2022-07-26_15-00-39_0000053_labelled_Nougatti_pheeseq_0000031_labelled_mA1.wav,Nougatti,Wuschel,after,non-partner,Odin-Nougatti,6.320876,2.4526308,UMAP
3545,after_trills_2022-07-26_15-00-39_0000053_labelled_Wuschel_phee_0000020_labelled_mA1.wav,Wuschel,Nougatti,after,non-partner,Wuschel-Olympia,-3.6697013,4.029451,UMAP
3546,after_trills_2022-07-27_10-54-22_0000056_labelled_Nougatti_phee_0000041_labelled_mA1.wav,Nougatti,Odin,after,partner,Odin-Nougatti,6.0225205,2.2013109,UMAP
3547,after_trills_2022-07-27_10-54-22_0000056_labelled_Odin_pheeseq_0000046_labelled_mA1.wav,Odin,Nougatti,after,partner,Odin-Nougatti,7.489712,2.2895122,UMAP
3548,after_trills_2022-08-04_10-08-02_0000075_labelled_Odin_pheeseq_0000032_labelled_mA1.wav,Odin,Lola,after,non-partner,Odin-Nougatti,5.146864,3.5064385,UMAP
3549,after_trills_2022-08-08_10-34-30_0000077_labelled_Wuschel_phee_0000002_labelled_mA1.wav,Wuschel,Olympia,after,partner,Wuschel-Olympia,-0.4910523,4.078993,UMAP
3550,after_trills_2022-08-08_11-01-44_0000078_labelled_Wuschel_phee_0000003_labelled_mA1.wav,Wuschel,Lola,after,non-partner,Wuschel-Olympia,-3.9831274,4.3286467,UMAP
3551,after_trills_2022-08-08_14-38-46_0000083_labelled_Nougatti_pheeseq_0000073_labelled_mA1.wav,Nougatti,Odin,after,partner,Odin-Nougatti,8.238397,2.0283432,UMAP
3552,after_trills_2022-08-08_14-38-46_0000083_labelled_Odin_pheeseq_0000067_labelled_mA1.wav,Odin,Nougatti,after,partner,Odin-Nougatti,7.6488075,3.1350994,UMAP
3553,after_trills_2022-08-08_14-38-46_0000083_labelled_Odin_pheeseq_0000069_labelled_mA1.wav,Odin,Nougatti,after,partner,Odin-Nougatti,0.26156032,3.7245014,UMAP
3554,after_trills_2022-08-08_15-04-10_0000084_labelled_Nougatti_phee_0000004_labelled_mA1.wav,Nougatti,Wuschel,after,non-partner,Odin-Nougatti,8.17487,2.8477876,UMAP
3555,after_trills_2022-08-08_15-04-10_0000084_labelled_Nougatti_pheeseq_0000005_labelled_mA1.wav,Nougatti,Wuschel,after,non-partner,Odin-Nougatti,8.954146,2.1292057,UMAP
3556,before_phees_2022-02-22_09-14-37_0000041_labelled_Odin_phee_02_labelled_mA1.wav,Odin,Olympia,before,non-partner,Odin-Nougatti,-0.1342509,4.7095666,UMAP
3557,before_phees_2022-02-22_09-14-37_0000041_labelled_Odin_phee_59_labelled_mA1.wav,Odin,Olympia,before,non-partner,Odin-Nougatti,6.190955,1.535621,UMAP
3558,before_phees_2022-02-22_09-14-37_0000041_labelled_Odin_pheeseq_04_labelled_mA1.wav,Odin,Olympia,before,non-partner,Odin-Nougatti,4.717021,4.390031,UMAP
3559,before_phees_2022-02-22_09-14-37_0000041_labelled_Odin_pheeseq_08_labelled_mA1.wav,Odin,Olympia,before,non-partner,Odin-Nougatti,2.8084524,4.8973713,UMAP
3560,before_phees_2022-02-22_09-14-37_0000041_labelled_Odin_pheeseq_13_labelled_mA1.wav,Odin,Olympia,before,non-partner,Odin-Nougatti,9.155084,4.0988216,UMAP
3561,before_phees_2022-02-22_09-14-37_0000041_labelled_Odin_pheeseq_23_labelled_mA1.wav,Odin,Olympia,before,non-partner,Odin-Nougatti,8.673312,4.3434296,UMAP
3562,before_phees_2022-02-22_09-14-37_0000041_labelled_Odin_pheeseq_52_labelled_mA1.wav,Odin,Olympia,before,non-partner,Odin-Nougatti,7.87187,4.1404867,UMAP
3563,before_phees_2022-02-28_09-34-19_0000045_labelled_Wuschel_phee_15_labelled_mA1.wav,Wuschel,Olympia,before,partner,Wuschel-Olympia,-0.8006766,4.8347435,UMAP
3564,before_phees_2022-03-01_09-22-30_0000047_labelled_Olympia_pheeseq_08_labelled_mA1.wav,Olympia,Tabor,before,non-partner,Wuschel-Olympia,2.9841206,3.3216364,UMAP
3565,before_phees_2022-03-04_09-21-06_0000051_labelled_Odin_phee_48_labelled_mA1.wav,Odin,Olympia,before,non-partner,Odin-Nougatti,6.2239017,2.2021697,UMAP
3566,before_phees_2022-03-04_09-21-06_0000051_labelled_Odin_phee_55_labelled_mA1.wav,Odin,Olympia,before,non-partner,Odin-Nougatti,6.245253,2.4007823,UMAP
3567,before_phees_2022-03-04_09-21-06_0000051_labelled_Odin_pheeseq_08_labelled_mA1.wav,Odin,Olympia,before,non-partner,Odin-Nougatti,4.115039,4.524763,UMAP
3568,before_phees_2022-03-04_09-21-06_0000051_labelled_Odin_pheeseq_10_labelled_mA1.wav,Odin,Olympia,before,non-partner,Odin-Nougatti,2.8727443,4.853972,UMAP
3569,before_phees_2022-03-04_09-21-06_0000051_labelled_Odin_pheeseq_14_labelled_mA1.wav,Odin,Olympia,before,non-partner,Odin-Nougatti,7.4635944,4.1812806,UMAP
3570,before_phees_2022-03-04_09-21-06_0000051_labelled_Odin_pheeseq_16_labelled_mA1.wav,Odin,Olympia,before,non-partner,Odin-Nougatti,9.226256,3.82572,UMAP
3571,before_phees_2022-03-14_09-26-36_0000046_labelled_Wuschel_phee_18_labelled_mA1.wav,Wuschel,Olympia,before,partner,Wuschel-Olympia,-2.65169,4.3828487,UMAP
3572,before_phees_2022-03-14_13-20-47_0000053_labelled_Odin_pheeseq_01_labelled_mA1.wav,Odin,Olympia,before,non-partner,Odin-Nougatti,0.33184502,4.8042827,UMAP
3573,before_phees_2022-03-14_13-20-47_0000053_labelled_Odin_pheeseq_03_labelled_mA1.wav,Odin,Olympia,before,non-partner,Odin-Nougatti,-2.0802112,5.13364,UMAP
3574,before_phees_2022-03-14_13-55-14_0000054_labelled_Nougatti_phee_11_labelled_mA1.wav,Nougatti,Wuschel,before,non-partner,Odin-Nougatti,10.082565,2.2394385,UMAP
3575,before_phees_2022-03-17_13-35-29_0000074_labelled_Olympia_pheeseq_22_labelled_mA1.wav,Olympia,Tabor,before,non-partner,Wuschel-Olympia,0.76429677,3.9408362,UMAP
3576,before_trills_2022-02-28_10-15-58_0000046_labelled_Nougatti_pheeseq_89_labelled_mA1.wav,Nougatti,Odin,before,partner,Odin-Nougatti,8.623934,2.307754,UMAP
3577,before_trills_2022-02-28_10-15-58_0000046_labelled_Odin_phee_23_labelled_mA1.wav,Odin,Nougatti,before,partner,Odin-Nougatti,10.232145,3.9479625,UMAP
3578,before_trills_2022-02-28_10-15-58_0000046_labelled_Odin_phee_68_labelled_mA1.wav,Odin,Nougatti,before,partner,Odin-Nougatti,10.09574,3.8505054,UMAP
3579,before_trills_2022-02-28_10-15-58_0000046_labelled_Odin_phee_98_labelled_mA1.wav,Odin,Nougatti,before,partner,Odin-Nougatti,8.747245,2.1444855,UMAP
3580,before_trills_2022-03-09_13-56-45_0000018_labelled_Tabor_pheeseq_15_labelled_mA1.wav,Tabor,Olympia,before,non-partner,Tabor-Lola,1.6935648,4.191507,UMAP
3581,before_trills_2022-03-09_14-59-43_0000020_labelled_Nougatti_pheeseq_78_labelled_mA1.wav,Nougatti,Odin,before,partner,Odin-Nougatti,6.6275053,2.0232413,UMAP
3582,before_trills_2022-03-09_14-59-43_0000020_labelled_Nougatti_pheeseq_92_labelled_mA1.wav,Nougatti,Odin,before,partner,Odin-Nougatti,5.9666286,1.8118029,UMAP
3583,before_trills_2022-03-10_09-28-14_0000022_labelled_Tabor_pheeseq_15_labelled_mA1.wav,Tabor,Lola,before,partner,Tabor-Lola,2.9579034,3.4743376,UMAP
3584,before_trills_2022-03-10_10-59-36_0000025_labelled_Wuschel_pheeseq_31_labelled_mA1.wav,Wuschel,Nougatti,before,non-partner,Wuschel-Olympia,-2.4453049,5.172236,UMAP
3585,before_trills_2022-03-11_09-34-35_0000027_labelled_Odin_phee_11_labelled_mA1.wav,Odin,Lola,before,non-partner,Odin-Nougatti,8.476288,3.6867638,UMAP
3586,before_trills_2022-03-11_14-57-49_0000041_labelled_Lola_pheeseq_08_labelled_mA1.wav,Lola,Wuschel,before,non-partner,Tabor-Lola,11.200647,2.1758454,UMAP
3587,before_trills_2022-03-11_14-57-49_0000041_labelled_Lola_pheeseq_28_labelled_mA1.wav,Lola,Wuschel,before,non-partner,Tabor-Lola,8.872697,1.8422592,UMAP
3588,before_trills_2022-03-14_10-35-13_0000049_labelled_Odin_pheeseq_102_labelled_mA1.wav,Odin,Nougatti,before,partner,Odin-Nougatti,6.968216,3.0049143,UMAP
3589,before_trills_2022-03-14_10-35-13_0000049_labelled_Odin_pheeseq_92_labelled_mA1.wav,Odin,Nougatti,before,partner,Odin-Nougatti,5.9749107,3.1419609,UMAP
3590,before_trills_2022-03-15_10-42-02_0000058_labelled_Nougatti_pheeseq_42_labelled_mA1.wav,Nougatti,Tabor,before,non-partner,Odin-Nougatti,7.8707557,1.9963914,UMAP
3591,before_trills_2022-03-15_14-09-36_0000061_labelled_Tabor_pheeseq_35_labelled_mA1.wav,Tabor,Olympia,before,non-partner,Tabor-Lola,-1.5447154,4.3476186,UMAP
3592,before_trills_2022-03-16_10-12-18_0000065_labelled_Odin_pheeseq_56_labelled_mA1.wav,Odin,Lola,before,non-partner,Odin-Nougatti,1.614959,3.4307792,UMAP
3593,before_trills_2022-03-17_14-11-20_0000076_labelled_Odin_pheeseq_100_labelled_mA1.wav,Odin,Lola,before,non-partner,Odin-Nougatti,2.9320736,3.4232938,UMAP
3594,before_trills_2022-03-17_14-11-20_0000076_labelled_Odin_pheeseq_32_labelled_mA1.wav,Odin,Lola,before,non-partner,Odin-Nougatti,6.374388,3.5232196,UMAP
3595,before_trills_2022-03-18_10-23-10_0000086_labelled_Nougatti_pheeseq_141_labelled_mA1.wav,Nougatti,Odin,before,partner,Odin-Nougatti,7.751535,2.0095916,UMAP
3596,before_trills_2022-03-18_10-23-10_0000086_labelled_Odin_pheeseq_147_labelled_mA1.wav,Odin,Nougatti,before,partner,Odin-Nougatti,3.3378584,3.4091198,UMAP
3597,before_trills_2022-03-18_10-23-10_0000086_labelled_Odin_pheeseq_31_labelled_mA1.wav,Odin,Nougatti,before,partner,Odin-Nougatti,5.5662117,3.4312723,UMAP
3598,before_trills_2022-03-18_10-23-10_0000086_labelled_Odin_pheeseq_59_labelled_mA1.wav,Odin,Nougatti,before,partner,Odin-Nougatti,5.8493385,3.2874007,UMAP
3599,before_trills_2022-03-21_09-28-00_0000092_labelled_Nougatti_pheeseq_21_labelled_mA1.wav,Nougatti,Tabor,before,non-partner,Odin-Nougatti,8.212786,1.8168807,UMAP
3600,before_trills_2022-03-21_13-15-59_0000096_labelled_Nougatti_pheeseq_11_labelled_mA1.wav,Nougatti,Wuschel,before,non-partner,Odin-Nougatti,11.433917,2.6317132,UMAP
3601,before_trills_2022-03-22_09-27-55_0000104_labelled_Nougatti_pheeseq_04_labelled_mA1.wav,Nougatti,Odin,before,partner,Odin-Nougatti,7.95051,3.5071795,UMAP
3602,before_trills_2022-03-22_09-27-55_0000104_labelled_Odin_pheeseq_14_labelled_mA1.wav,Odin,Nougatti,before,partner,Odin-Nougatti,6.5142846,2.9607658,UMAP
3603,before_trills_2022-03-22_09-27-55_0000104_labelled_Odin_pheeseq_27_labelled_mA1.wav,Odin,Nougatti,before,partner,Odin-Nougatti,3.360994,3.3988605,UMAP
3604,before_trills_2022-03-22_09-27-55_0000104_labelled_Odin_pheeseq_50_labelled_mA1.wav,Odin,Nougatti,before,partner,Odin-Nougatti,0.8606351,3.9708936,UMAP
3605,before_trills_2022-03-22_13-32-36_0000108_labelled_Olympia_pheeseq_02_labelled_mA1.wav,Olympia,Wuschel,before,partner,Wuschel-Olympia,1.6864825,3.2361045,UMAP
3606,before_trills_2022-03-22_14-08-31_0000109_labelled_Nougatti_pheeseq_07_labelled_mA1.wav,Nougatti,Tabor,before,non-partner,Odin-Nougatti,7.40502,2.1466465,UMAP
3607,before_trills_2022-03-22_14-08-31_0000109_labelled_Nougatti_pheeseq_34_labelled_mA1.wav,Nougatti,Tabor,before,non-partner,Odin-Nougatti,8.339224,1.9385124,UMAP
3608,before_trills_2022-03-22_14-08-31_0000109_labelled_Tabor_pheeseq_03_labelled_mA1.wav,Tabor,Nougatti,before,non-partner,Tabor-Lola,-2.6034935,4.1381197,UMAP
3609,before_trills_2022-03-23_09-42-19_0000113_labelled_Nougatti_pheeseq_04_labelled_mA1.wav,Nougatti,Wuschel,before,non-partner,Odin-Nougatti,3.586551,3.8576615,UMAP
3610,before_trills_2022-03-23_14-06-31_0000117_labelled_Lola_pheeseq_03_labelled_mA1.wav,Lola,Wuschel,before,non-partner,Tabor-Lola,8.830451,1.9597855,UMAP
3611,before_trills_2022-03-23_14-06-31_0000117_labelled_Lola_pheeseq_06_labelled_mA1.wav,Lola,Wuschel,before,non-partner,Tabor-Lola,8.907653,1.9556978,UMAP
