call_id,filename,focal ID,conspecific_ID,stage,paired_status,pair_id,embedding_1,embedding_2,embedding_method
0,after_phees_2022-07-19_11-17-29_0000018_labelled_Odin_pheeseq_0000005_labelled_mC2.wav,Odin,Olympia,after,non-partner,Odin-Nougatti,12.564884,-5.011217,PaCMAP
1,after_phees_2022-07-19_11-17-29_0000018_labelled_Odin_pheeseq_0000005_labelled_mC3.wav,Odin,Olympia,after,non-partner,Odin-Nougatti,11.957022,-5.4910393,PaCMAP
2,after_phees_2022-07-19_11-17-29_0000018_labelled_Odin_pheeseq_0000007_labelled_mC3.wav,Odin,Olympia,after,non-partner,Odin-Nougatti,12.540546,-5.8787413,PaCMAP
3,after_phees_2022-07-19_11-17-29_0000018_labelled_Odin_pheeseq_0000010_labelled_mB2.wav,Odin,Olympia,after,non-partner,Odin-Nougatti,-5.709707,6.2331767,PaCMAP
4,after_phees_2022-07-19_11-17-29_0000018_labelled_Odin_pheeseq_0000011_labelled_mE1.wav,Odin,Olympia,after,non-partner,Odin-Nougatti,-2.0109336,0.6109917,PaCMAP
5,after_phees_2022-07-19_11-17-29_0000018_labelled_Odin_pheeseq_0000011_labelled_mE2.wav,Odin,Olympia,after,non-partner,Odin-Nougatti,9.405022,-4.022022,PaCMAP
6,after_phees_2022-07-19_11-17-29_0000018_labelled_Odin_pheeseq_0000011_labelled_mE5.wav,Odin,Olympia,after,non-partner,Odin-Nougatti,11.809204,-3.597324,PaCMAP
7,after_phees_2022-07-19_11-17-29_0000018_labelled_Odin_pheeseq_0000011_labelled_mE6.wav,Odin,Olympia,after,non-partner,Odin-Nougatti,12.088255,-5.8033195,PaCMAP
8,after_phees_2022-07-19_11-17-29_0000018_labelled_Odin_pheeseq_0000011_labelled_mE7.wav,Odin,Olympia,after,non-partner,Odin-Nougatti,-9.421023,0.3582327,PaCMAP
9,after_phees_2022-07-19_11-17-29_0000018_labelled_Odin_pheeseq_0000013_labelled_mD1.wav,Odin,Olympia,after,non-partner,Odin-Nougatti,11.217826,-6.2952595,PaCMAP
10,after_phees_2022-07-19_11-17-29_0000018_labelled_Odin_pheeseq_0000013_labelled_mD4.wav,Odin,Olympia,after,non-partner,Odin-Nougatti,13.769931,-3.4821525,PaCMAP
11,after_phees_2022-07-19_11-17-29_0000018_labelled_Odin_pheeseq_0000013_labelled_mD5.wav,Odin,Olympia,after,non-partner,Odin-Nougatti,10.055376,-2.956435,PaCMAP
12,after_phees_2022-07-19_11-17-29_0000018_labelled_Odin_pheeseq_0000016_labelled_mD1.wav,Odin,Olympia,after,non-partner,Odin-Nougatti,-0.50596195,-0.17926638,PaCMAP
13,after_phees_2022-07-19_11-17-29_0000018_labelled_Odin_pheeseq_0000016_labelled_mD3.wav,Odin,Olympia,after,non-partner,Odin-Nougatti,13.038058,-3.1502867,PaCMAP
14,after_phees_2022-07-19_11-17-29_0000018_labelled_Odin_pheeseq_0000016_labelled_mD4.wav,Odin,Olympia,after,non-partner,Odin-Nougatti,13.028164,-2.9437208,PaCMAP
15,after_phees_2022-07-19_11-17-29_0000018_labelled_Odin_pheeseq_0000016_labelled_mD5.wav,Odin,Olympia,after,non-partner,Odin-Nougatti,11.807382,-4.4703126,PaCMAP
16,after_phees_2022-07-19_11-17-29_0000018_labelled_Odin_pheeseq_0000018_labelled_mD1.wav,Odin,Olympia,after,non-partner,Odin-Nougatti,11.948152,-4.9287953,PaCMAP
17,after_phees_2022-07-19_11-17-29_0000018_labelled_Odin_pheeseq_0000018_labelled_mD3.wav,Odin,Olympia,after,non-partner,Odin-Nougatti,13.580825,-4.2190185,PaCMAP
18,after_phees_2022-07-19_11-17-29_0000018_labelled_Odin_pheeseq_0000018_labelled_mD5.wav,Odin,Olympia,after,non-partner,Odin-Nougatti,13.458863,-3.6302645,PaCMAP
19,after_phees_2022-07-19_11-17-29_0000018_labelled_Odin_pheeseq_0000018_labelled_mD6.wav,Odin,Olympia,after,non-partner,Odin-Nougatti,12.527651,-3.450006,PaCMAP
20,after_phees_2022-07-19_11-17-29_0000018_labelled_Odin_pheeseq_0000020_labelled_mD3.wav,Odin,Olympia,after,non-partner,Odin-Nougatti,14.926989,-5.4273705,PaCMAP
21,after_phees_2022-07-19_11-17-29_0000018_labelled_Odin_pheeseq_0000020_labelled_mD4.wav,Odin,Olympia,after,non-partner,Odin-Nougatti,14.94259,-5.3305254,PaCMAP
22,after_phees_2022-07-19_11-17-29_0000018_labelled_Odin_pheeseq_0000020_labelled_mD5.wav,Odin,Olympia,after,non-partner,Odin-Nougatti,13.517598,-4.007547,PaCMAP
23,after_phees_2022-07-19_11-17-29_0000018_labelled_Odin_pheeseq_0000025_labelled_mD1.wav,Odin,Olympia,after,non-partner,Odin-Nougatti,12.607135,-4.35468,PaCMAP
24,after_phees_2022-07-19_11-17-29_0000018_labelled_Odin_pheeseq_0000025_labelled_mD4.wav,Odin,Olympia,after,non-partner,Odin-Nougatti,13.954374,-3.767658,PaCMAP
25,after_phees_2022-07-19_11-17-29_0000018_labelled_Odin_pheeseq_0000025_labelled_mD5.wav,Odin,Olympia,after,non-partner,Odin-Nougatti,13.204132,-3.7738698,PaCMAP
26,after_phees_2022-07-19_11-17-29_0000018_labelled_Odin_pheeseq_0000027_labelled_mD1.wav,Odin,Olympia,after,non-partner,Odin-Nougatti,12.11678,-4.443766,PaCMAP
27,after_phees_2022-07-19_11-17-29_0000018_labelled_Odin_pheeseq_0000027_labelled_mD3.wav,Odin,Olympia,after,non-partner,Odin-Nougatti,13.779975,-3.8585296,PaCMAP
28,after_phees_2022-07-19_11-17-29_0000018_labelled_Odin_pheeseq_0000027_labelled_mD4.wav,Odin,Olympia,after,non-partner,Odin-Nougatti,12.804671,-3.0971296,PaCMAP
29,after_phees_2022-07-19_11-17-29_0000018_labelled_Odin_pheeseq_0000027_labelled_mD5.wav,Odin,Olympia,after,non-partner,Odin-Nougatti,12.82843,-3.5704818,PaCMAP
30,after_phees_2022-07-19_11-17-29_0000018_labelled_Odin_pheeseq_0000028_labelled_mD1.wav,Odin,Olympia,after,non-partner,Odin-Nougatti,14.122657,-4.8316927,PaCMAP
31,after_phees_2022-07-19_11-17-29_0000018_labelled_Odin_pheeseq_0000028_labelled_mD3.wav,Odin,Olympia,after,non-partner,Odin-Nougatti,13.434473,-2.9720347,PaCMAP
32,after_phees_2022-07-19_11-17-29_0000018_labelled_Odin_pheeseq_0000028_labelled_mD4.wav,Odin,Olympia,after,non-partner,Odin-Nougatti,14.005137,-3.3662677,PaCMAP
33,after_phees_2022-07-19_11-17-29_0000018_labelled_Odin_pheeseq_0000028_labelled_mD5.wav,Odin,Olympia,after,non-partner,Odin-Nougatti,12.288313,-4.2467113,PaCMAP
34,after_phees_2022-07-19_11-17-29_0000018_labelled_Odin_pheeseq_0000031_labelled_mC2.wav,Odin,Olympia,after,non-partner,Odin-Nougatti,13.700769,-3.12501,PaCMAP
35,after_phees_2022-07-19_11-17-29_0000018_labelled_Odin_pheeseq_0000031_labelled_mC3.wav,Odin,Olympia,after,non-partner,Odin-Nougatti,13.029781,-4.10285,PaCMAP
36,after_phees_2022-07-19_11-17-29_0000018_labelled_Odin_pheeseq_0000063_labelled_mC1.wav,Odin,Olympia,after,non-partner,Odin-Nougatti,1.1671846,0.029493451,PaCMAP
37,after_phees_2022-07-19_11-17-29_0000018_labelled_Odin_pheeseq_0000063_labelled_mC2.wav,Odin,Olympia,after,non-partner,Odin-Nougatti,7.527374,-4.170566,PaCMAP
38,after_phees_2022-07-19_11-17-29_0000018_labelled_Odin_pheeseq_0000063_labelled_mC3.wav,Odin,Olympia,after,non-partner,Odin-Nougatti,7.156772,-4.767005,PaCMAP
39,after_phees_2022-07-19_11-17-29_0000018_labelled_Odin_pheeseq_0000064_labelled_mB1.wav,Odin,Olympia,after,non-partner,Odin-Nougatti,8.692161,-7.580432,PaCMAP
40,after_phees_2022-07-19_11-17-29_0000018_labelled_Odin_pheeseq_0000064_labelled_mB2.wav,Odin,Olympia,after,non-partner,Odin-Nougatti,7.5561156,-3.579873,PaCMAP
41,after_phees_2022-07-19_11-17-29_0000018_labelled_Odin_pheeseq_0000065_labelled_mC1.wav,Odin,Olympia,after,non-partner,Odin-Nougatti,12.383362,-4.649915,PaCMAP
42,after_phees_2022-07-19_11-17-29_0000018_labelled_Odin_pheeseq_0000065_labelled_mC2.wav,Odin,Olympia,after,non-partner,Odin-Nougatti,12.319631,-2.874205,PaCMAP
43,after_phees_2022-07-19_11-17-29_0000018_labelled_Odin_pheeseq_0000065_labelled_mC3.wav,Odin,Olympia,after,non-partner,Odin-Nougatti,11.297882,-3.0680335,PaCMAP
44,after_phees_2022-07-19_11-17-29_0000018_labelled_Odin_pheeseq_0000066_labelled_mD1.wav,Odin,Olympia,after,non-partner,Odin-Nougatti,14.712237,-5.768129,PaCMAP
45,after_phees_2022-07-19_11-17-29_0000018_labelled_Odin_pheeseq_0000066_labelled_mD3.wav,Odin,Olympia,after,non-partner,Odin-Nougatti,14.326632,-4.0549994,PaCMAP
46,after_phees_2022-07-19_11-17-29_0000018_labelled_Odin_pheeseq_0000066_labelled_mD4.wav,Odin,Olympia,after,non-partner,Odin-Nougatti,14.128525,-3.7318606,PaCMAP
47,after_phees_2022-07-19_11-17-29_0000018_labelled_Odin_pheeseq_0000067_labelled_mD1.wav,Odin,Olympia,after,non-partner,Odin-Nougatti,14.613423,-5.7506623,PaCMAP
48,after_phees_2022-07-19_11-17-29_0000018_labelled_Odin_pheeseq_0000067_labelled_mD3.wav,Odin,Olympia,after,non-partner,Odin-Nougatti,13.634383,-3.794777,PaCMAP
49,after_phees_2022-07-19_11-17-29_0000018_labelled_Odin_pheeseq_0000067_labelled_mD4.wav,Odin,Olympia,after,non-partner,Odin-Nougatti,13.812184,-3.1541839,PaCMAP
50,after_phees_2022-07-19_11-17-29_0000018_labelled_Odin_pheeseq_0000068_labelled_mD1.wav,Odin,Olympia,after,non-partner,Odin-Nougatti,14.695465,-5.751334,PaCMAP
51,after_phees_2022-07-19_11-17-29_0000018_labelled_Odin_pheeseq_0000068_labelled_mD3.wav,Odin,Olympia,after,non-partner,Odin-Nougatti,13.870061,-4.196419,PaCMAP
52,after_phees_2022-07-19_11-17-29_0000018_labelled_Odin_pheeseq_0000068_labelled_mD4.wav,Odin,Olympia,after,non-partner,Odin-Nougatti,14.976442,-5.0481496,PaCMAP
53,after_phees_2022-07-19_11-17-29_0000018_labelled_Odin_pheeseq_0000068_labelled_mD5.wav,Odin,Olympia,after,non-partner,Odin-Nougatti,14.900848,-4.8195357,PaCMAP
54,after_phees_2022-07-19_11-17-29_0000018_labelled_Odin_pheeseq_0000070_labelled_mC1.wav,Odin,Olympia,after,non-partner,Odin-Nougatti,14.8579855,-5.412198,PaCMAP
55,after_phees_2022-07-19_11-17-29_0000018_labelled_Odin_pheeseq_0000070_labelled_mC2.wav,Odin,Olympia,after,non-partner,Odin-Nougatti,13.690433,-3.1678548,PaCMAP
56,after_phees_2022-07-19_11-17-29_0000018_labelled_Odin_pheeseq_0000070_labelled_mC3.wav,Odin,Olympia,after,non-partner,Odin-Nougatti,13.306472,-2.8518748,PaCMAP
57,after_phees_2022-07-19_11-17-29_0000018_labelled_Odin_pheeseq_0000075_labelled_mC1.wav,Odin,Olympia,after,non-partner,Odin-Nougatti,9.323927,-5.791867,PaCMAP
58,after_phees_2022-07-19_11-17-29_0000018_labelled_Odin_pheeseq_0000075_labelled_mC2.wav,Odin,Olympia,after,non-partner,Odin-Nougatti,8.872017,-3.7230184,PaCMAP
59,after_phees_2022-07-19_11-17-29_0000018_labelled_Odin_pheeseq_0000075_labelled_mC3.wav,Odin,Olympia,after,non-partner,Odin-Nougatti,9.1565275,-3.5943308,PaCMAP
60,after_phees_2022-07-19_11-17-29_0000018_labelled_Odin_pheeseq_0000076_labelled_mC1.wav,Odin,Olympia,after,non-partner,Odin-Nougatti,11.917392,-5.134642,PaCMAP
61,after_phees_2022-07-19_11-17-29_0000018_labelled_Odin_pheeseq_0000076_labelled_mC3.wav,Odin,Olympia,after,non-partner,Odin-Nougatti,12.727065,-3.083707,PaCMAP
62,after_phees_2022-07-19_11-17-29_0000018_labelled_Odin_pheeseq_0000078_labelled_mC1.wav,Odin,Olympia,after,non-partner,Odin-Nougatti,11.887015,-3.7475066,PaCMAP
63,after_phees_2022-07-19_11-17-29_0000018_labelled_Odin_pheeseq_0000078_labelled_mC2.wav,Odin,Olympia,after,non-partner,Odin-Nougatti,13.17885,-3.241721,PaCMAP
64,after_phees_2022-07-19_11-17-29_0000018_labelled_Odin_pheeseq_0000078_labelled_mC3.wav,Odin,Olympia,after,non-partner,Odin-Nougatti,3.2274804,-0.68520683,PaCMAP
65,after_phees_2022-07-19_11-17-29_0000018_labelled_Odin_pheeseq_0000079_labelled_mC1.wav,Odin,Olympia,after,non-partner,Odin-Nougatti,0.8946014,-1.154524,PaCMAP
66,after_phees_2022-07-19_11-17-29_0000018_labelled_Odin_pheeseq_0000079_labelled_mC3.wav,Odin,Olympia,after,non-partner,Odin-Nougatti,10.926095,-2.9311504,PaCMAP
67,after_phees_2022-07-19_11-17-29_0000018_labelled_Odin_pheeseq_0000079_labelled_mC4.wav,Odin,Olympia,after,non-partner,Odin-Nougatti,3.1432838,-0.69190603,PaCMAP
68,after_phees_2022-07-19_11-17-29_0000018_labelled_Odin_pheeseq_0000080_labelled_mC1.wav,Odin,Olympia,after,non-partner,Odin-Nougatti,12.0303135,-3.1732192,PaCMAP
69,after_phees_2022-07-19_11-17-29_0000018_labelled_Odin_pheeseq_0000080_labelled_mC2.wav,Odin,Olympia,after,non-partner,Odin-Nougatti,12.672279,-2.958008,PaCMAP
70,after_phees_2022-07-19_11-17-29_0000018_labelled_Odin_pheeseq_0000080_labelled_mC3.wav,Odin,Olympia,after,non-partner,Odin-Nougatti,9.133849,-2.8205273,PaCMAP
71,after_phees_2022-07-19_11-17-29_0000018_labelled_Odin_pheeseq_0000081_labelled_mB1.wav,Odin,Olympia,after,non-partner,Odin-Nougatti,0.5519539,-0.17724094,PaCMAP
72,after_phees_2022-07-19_11-17-29_0000018_labelled_Odin_pheeseq_0000081_labelled_mB2.wav,Odin,Olympia,after,non-partner,Odin-Nougatti,7.3746424,-4.1454153,PaCMAP
73,after_phees_2022-07-19_11-17-29_0000018_labelled_Olympia_pheeseq_0000015_labelled_mB1.wav,Olympia,Odin,after,non-partner,Wuschel-Olympia,-12.696898,4.0494018,PaCMAP
74,after_phees_2022-07-19_11-17-29_0000018_labelled_Olympia_pheeseq_0000015_labelled_mB2.wav,Olympia,Odin,after,non-partner,Wuschel-Olympia,-13.974873,1.3222598,PaCMAP
75,after_phees_2022-07-19_11-17-29_0000018_labelled_Olympia_pheeseq_0000017_labelled_mB1.wav,Olympia,Odin,after,non-partner,Wuschel-Olympia,-10.136501,4.035824,PaCMAP
76,after_phees_2022-07-19_11-17-29_0000018_labelled_Olympia_pheeseq_0000017_labelled_mB2.wav,Olympia,Odin,after,non-partner,Wuschel-Olympia,-4.262994,1.1753275,PaCMAP
77,after_phees_2022-07-19_11-17-29_0000018_labelled_Olympia_pheeseq_0000022_labelled_mB2.wav,Olympia,Odin,after,non-partner,Wuschel-Olympia,-5.483003,-0.92185694,PaCMAP
78,after_phees_2022-07-19_11-17-29_0000018_labelled_Olympia_pheeseq_0000060_labelled_mB1.wav,Olympia,Odin,after,non-partner,Wuschel-Olympia,-14.0352955,3.2553225,PaCMAP
79,after_phees_2022-07-19_11-17-29_0000018_labelled_Olympia_pheeseq_0000060_labelled_mB2.wav,Olympia,Odin,after,non-partner,Wuschel-Olympia,-6.507823,-0.32361615,PaCMAP
80,after_phees_2022-07-19_11-17-29_0000018_labelled_Olympia_pheeseq_0000061_labelled_mB1.wav,Olympia,Odin,after,non-partner,Wuschel-Olympia,-10.826705,3.4195929,PaCMAP
81,after_phees_2022-07-19_11-17-29_0000018_labelled_Olympia_pheeseq_0000061_labelled_mB2.wav,Olympia,Odin,after,non-partner,Wuschel-Olympia,-13.973162,1.0824461,PaCMAP
82,after_phees_2022-07-19_11-17-29_0000018_labelled_Olympia_pheeseq_0000062_labelled_mC1.wav,Olympia,Odin,after,non-partner,Wuschel-Olympia,-12.416408,1.1503539,PaCMAP
83,after_phees_2022-07-19_11-17-29_0000018_labelled_Olympia_pheeseq_0000062_labelled_mC2.wav,Olympia,Odin,after,non-partner,Wuschel-Olympia,-12.17337,0.91395295,PaCMAP
84,after_phees_2022-07-19_11-17-29_0000018_labelled_Olympia_pheeseq_0000062_labelled_mC3.wav,Olympia,Odin,after,non-partner,Wuschel-Olympia,-11.808414,0.95148313,PaCMAP
85,after_phees_2022-07-19_11-17-29_0000018_labelled_Olympia_pheeseq_0000071_labelled_mB1.wav,Olympia,Odin,after,non-partner,Wuschel-Olympia,-12.931274,4.0381637,PaCMAP
86,after_phees_2022-07-19_11-17-29_0000018_labelled_Olympia_pheeseq_0000071_labelled_mB2.wav,Olympia,Odin,after,non-partner,Wuschel-Olympia,-10.580552,4.4196734,PaCMAP
87,after_phees_2022-07-19_11-17-29_0000018_labelled_Olympia_pheeseq_0000072_labelled_mB1.wav,Olympia,Odin,after,non-partner,Wuschel-Olympia,-11.930353,3.9976122,PaCMAP
88,after_phees_2022-07-19_11-17-29_0000018_labelled_Olympia_pheeseq_0000072_labelled_mB2.wav,Olympia,Odin,after,non-partner,Wuschel-Olympia,-11.049221,4.016045,PaCMAP
89,after_phees_2022-07-19_11-17-29_0000018_labelled_Olympia_pheeseq_0000077_labelled_mB1.wav,Olympia,Odin,after,non-partner,Wuschel-Olympia,-11.332021,4.0588555,PaCMAP
90,after_phees_2022-07-19_11-17-29_0000018_labelled_Olympia_pheeseq_0000077_labelled_mB2.wav,Olympia,Odin,after,non-partner,Wuschel-Olympia,-11.366205,4.1597176,PaCMAP
91,after_phees_2022-07-19_11-17-29_0000018_labelled_Olympia_pheeseq_0000082_labelled_mB1.wav,Olympia,Odin,after,non-partner,Wuschel-Olympia,-13.275956,3.808795,PaCMAP
92,after_phees_2022-07-19_11-17-29_0000018_labelled_Olympia_pheeseq_0000082_labelled_mB2.wav,Olympia,Odin,after,non-partner,Wuschel-Olympia,-10.902184,3.576593,PaCMAP
93,after_phees_2022-07-19_14-36-48_0000021_labelled_Lola_pheeseq_0000003_labelled_mB1.wav,Lola,Wuschel,after,non-partner,Tabor-Lola,-2.6823936,5.8297586,PaCMAP
94,after_phees_2022-07-19_14-36-48_0000021_labelled_Lola_pheeseq_0000003_labelled_mB2.wav,Lola,Wuschel,after,non-partner,Tabor-Lola,-1.2983258,4.3225083,PaCMAP
95,after_phees_2022-07-19_14-36-48_0000021_labelled_Lola_pheeseq_0000004_labelled_mD1.wav,Lola,Wuschel,after,non-partner,Tabor-Lola,-4.1853538,6.535202,PaCMAP
96,after_phees_2022-07-19_14-36-48_0000021_labelled_Lola_pheeseq_0000004_labelled_mD2.wav,Lola,Wuschel,after,non-partner,Tabor-Lola,-2.6867042,7.5894766,PaCMAP
97,after_phees_2022-07-19_14-36-48_0000021_labelled_Lola_pheeseq_0000004_labelled_mD3.wav,Lola,Wuschel,after,non-partner,Tabor-Lola,-4.0828977,6.62551,PaCMAP
98,after_phees_2022-07-19_14-36-48_0000021_labelled_Lola_pheeseq_0000004_labelled_mD4.wav,Lola,Wuschel,after,non-partner,Tabor-Lola,-2.6318521,3.0195267,PaCMAP
99,after_phees_2022-07-19_14-36-48_0000021_labelled_Lola_pheeseq_0000005_labelled_mC1.wav,Lola,Wuschel,after,non-partner,Tabor-Lola,-1.3531325,4.379597,PaCMAP
100,after_phees_2022-07-19_14-36-48_0000021_labelled_Lola_pheeseq_0000005_labelled_mC2.wav,Lola,Wuschel,after,non-partner,Tabor-Lola,-3.3694882,7.7075744,PaCMAP
101,after_phees_2022-07-19_14-36-48_0000021_labelled_Lola_pheeseq_0000005_labelled_mC3.wav,Lola,Wuschel,after,non-partner,Tabor-Lola,-5.074893,6.5118546,PaCMAP
102,after_phees_2022-07-19_14-36-48_0000021_labelled_Lola_pheeseq_0000006_labelled_mB1.wav,Lola,Wuschel,after,non-partner,Tabor-Lola,-3.2621737,7.774623,PaCMAP
103,after_phees_2022-07-19_14-36-48_0000021_labelled_Lola_pheeseq_0000007_labelled_mC1.wav,Lola,Wuschel,after,non-partner,Tabor-Lola,-5.138329,6.6098847,PaCMAP
104,after_phees_2022-07-19_14-36-48_0000021_labelled_Lola_pheeseq_0000007_labelled_mC2.wav,Lola,Wuschel,after,non-partner,Tabor-Lola,0.66918516,4.0199475,PaCMAP
105,after_phees_2022-07-19_14-36-48_0000021_labelled_Lola_pheeseq_0000007_labelled_mC3.wav,Lola,Wuschel,after,non-partner,Tabor-Lola,-0.9577046,4.5218487,PaCMAP
106,after_phees_2022-07-19_14-36-48_0000021_labelled_Lola_pheeseq_0000008_labelled_mC1.wav,Lola,Wuschel,after,non-partner,Tabor-Lola,-0.9939408,4.278418,PaCMAP
107,after_phees_2022-07-19_14-36-48_0000021_labelled_Lola_pheeseq_0000008_labelled_mC2.wav,Lola,Wuschel,after,non-partner,Tabor-Lola,1.1842928,5.3239145,PaCMAP
108,after_phees_2022-07-19_14-36-48_0000021_labelled_Lola_pheeseq_0000008_labelled_mC3.wav,Lola,Wuschel,after,non-partner,Tabor-Lola,-3.4558682,7.774493,PaCMAP
109,after_phees_2022-07-19_14-36-48_0000021_labelled_Lola_pheeseq_0000009_labelled_mB1.wav,Lola,Wuschel,after,non-partner,Tabor-Lola,-3.024098,7.5762568,PaCMAP
110,after_phees_2022-07-19_14-36-48_0000021_labelled_Lola_pheeseq_0000009_labelled_mB2.wav,Lola,Wuschel,after,non-partner,Tabor-Lola,1.0371299,3.610559,PaCMAP
111,after_phees_2022-07-19_14-36-48_0000021_labelled_Lola_pheeseq_0000010_labelled_mC1.wav,Lola,Wuschel,after,non-partner,Tabor-Lola,0.23280767,7.002702,PaCMAP
112,after_phees_2022-07-19_14-36-48_0000021_labelled_Lola_pheeseq_0000010_labelled_mC2.wav,Lola,Wuschel,after,non-partner,Tabor-Lola,1.3387331,4.6251183,PaCMAP
113,after_phees_2022-07-19_14-36-48_0000021_labelled_Lola_pheeseq_0000010_labelled_mC3.wav,Lola,Wuschel,after,non-partner,Tabor-Lola,-1.7909633,8.417295,PaCMAP
114,after_phees_2022-07-19_14-36-48_0000021_labelled_Lola_pheeseq_0000011_labelled_mC1.wav,Lola,Wuschel,after,non-partner,Tabor-Lola,-1.8504077,8.413304,PaCMAP
115,after_phees_2022-07-19_14-36-48_0000021_labelled_Lola_pheeseq_0000011_labelled_mC2.wav,Lola,Wuschel,after,non-partner,Tabor-Lola,-0.75981057,8.468968,PaCMAP
116,after_phees_2022-07-19_14-36-48_0000021_labelled_Lola_pheeseq_0000011_labelled_mC3.wav,Lola,Wuschel,after,non-partner,Tabor-Lola,0.5717663,3.9866276,PaCMAP
117,after_phees_2022-07-19_14-36-48_0000021_labelled_Lola_pheeseq_0000012_labelled_mC1.wav,Lola,Wuschel,after,non-partner,Tabor-Lola,-3.551807,7.677823,PaCMAP
118,after_phees_2022-07-19_14-36-48_0000021_labelled_Lola_pheeseq_0000012_labelled_mC2.wav,Lola,Wuschel,after,non-partner,Tabor-Lola,-0.73060095,8.131689,PaCMAP
119,after_phees_2022-07-19_14-36-48_0000021_labelled_Lola_pheeseq_0000012_labelled_mC3.wav,Lola,Wuschel,after,non-partner,Tabor-Lola,0.88497645,3.3980565,PaCMAP
120,after_phees_2022-07-19_14-36-48_0000021_labelled_Lola_pheeseq_0000013_labelled_mC1.wav,Lola,Wuschel,after,non-partner,Tabor-Lola,-1.0491611,8.187739,PaCMAP
121,after_phees_2022-07-19_14-36-48_0000021_labelled_Lola_pheeseq_0000013_labelled_mC2.wav,Lola,Wuschel,after,non-partner,Tabor-Lola,2.5059245,4.280039,PaCMAP
122,after_phees_2022-07-19_14-36-48_0000021_labelled_Lola_pheeseq_0000013_labelled_mC3.wav,Lola,Wuschel,after,non-partner,Tabor-Lola,2.6221588,5.259622,PaCMAP
123,after_phees_2022-07-19_14-36-48_0000021_labelled_Lola_pheeseq_0000014_labelled_mB1.wav,Lola,Wuschel,after,non-partner,Tabor-Lola,0.26971337,7.8588233,PaCMAP
124,after_phees_2022-07-19_14-36-48_0000021_labelled_Lola_pheeseq_0000014_labelled_mB2.wav,Lola,Wuschel,after,non-partner,Tabor-Lola,2.5601711,3.931694,PaCMAP
125,after_phees_2022-07-19_14-36-48_0000021_labelled_Lola_pheeseq_0000017_labelled_mC1.wav,Lola,Wuschel,after,non-partner,Tabor-Lola,2.6128628,5.242342,PaCMAP
126,after_phees_2022-07-19_14-36-48_0000021_labelled_Lola_pheeseq_0000017_labelled_mC2.wav,Lola,Wuschel,after,non-partner,Tabor-Lola,4.3315063,-0.19505778,PaCMAP
127,after_phees_2022-07-19_14-36-48_0000021_labelled_Lola_pheeseq_0000017_labelled_mC3.wav,Lola,Wuschel,after,non-partner,Tabor-Lola,5.186991,-1.0681806,PaCMAP
128,after_phees_2022-07-19_14-36-48_0000021_labelled_Lola_pheeseq_0000018_labelled_mC1.wav,Lola,Wuschel,after,non-partner,Tabor-Lola,1.4085469,4.702747,PaCMAP
129,after_phees_2022-07-19_14-36-48_0000021_labelled_Lola_pheeseq_0000018_labelled_mC2.wav,Lola,Wuschel,after,non-partner,Tabor-Lola,3.3196452,0.9634032,PaCMAP
130,after_phees_2022-07-19_14-36-48_0000021_labelled_Lola_pheeseq_0000018_labelled_mC3.wav,Lola,Wuschel,after,non-partner,Tabor-Lola,5.114021,-1.0817693,PaCMAP
131,after_phees_2022-07-19_14-36-48_0000021_labelled_Lola_pheeseq_0000023_labelled_mB1.wav,Lola,Wuschel,after,non-partner,Tabor-Lola,-0.5970051,6.3465157,PaCMAP
132,after_phees_2022-07-19_14-36-48_0000021_labelled_Lola_pheeseq_0000023_labelled_mB2.wav,Lola,Wuschel,after,non-partner,Tabor-Lola,-1.097419,8.440868,PaCMAP
133,after_phees_2022-07-19_14-36-48_0000021_labelled_Lola_pheeseq_0000024_labelled_mB1.wav,Lola,Wuschel,after,non-partner,Tabor-Lola,-2.4165008,7.4419837,PaCMAP
134,after_phees_2022-07-19_14-36-48_0000021_labelled_Lola_pheeseq_0000024_labelled_mB2.wav,Lola,Wuschel,after,non-partner,Tabor-Lola,-3.4882698,7.755289,PaCMAP
135,after_phees_2022-07-19_14-36-48_0000021_labelled_Lola_pheeseq_0000025_labelled_mB1.wav,Lola,Wuschel,after,non-partner,Tabor-Lola,-1.5291415,7.9821005,PaCMAP
136,after_phees_2022-07-19_14-36-48_0000021_labelled_Lola_pheeseq_0000025_labelled_mB2.wav,Lola,Wuschel,after,non-partner,Tabor-Lola,1.5442814,4.4913135,PaCMAP
137,after_phees_2022-07-19_14-36-48_0000021_labelled_Lola_pheeseq_0000026_labelled_mB1.wav,Lola,Wuschel,after,non-partner,Tabor-Lola,-1.3562388,7.726316,PaCMAP
138,after_phees_2022-07-19_14-36-48_0000021_labelled_Lola_pheeseq_0000026_labelled_mB2.wav,Lola,Wuschel,after,non-partner,Tabor-Lola,-0.68612653,8.381377,PaCMAP
139,after_phees_2022-07-19_14-36-48_0000021_labelled_Lola_pheeseq_0000027_labelled_mB2.wav,Lola,Wuschel,after,non-partner,Tabor-Lola,0.6565025,3.8410056,PaCMAP
140,after_phees_2022-07-19_14-36-48_0000021_labelled_Lola_pheeseq_0000028_labelled_mB1.wav,Lola,Wuschel,after,non-partner,Tabor-Lola,-1.2589241,8.645062,PaCMAP
141,after_phees_2022-07-19_14-36-48_0000021_labelled_Lola_pheeseq_0000028_labelled_mB2.wav,Lola,Wuschel,after,non-partner,Tabor-Lola,-0.894724,8.407402,PaCMAP
142,after_phees_2022-07-19_14-36-48_0000021_labelled_Lola_pheeseq_0000029_labelled_mC1.wav,Lola,Wuschel,after,non-partner,Tabor-Lola,-3.4930418,7.8368263,PaCMAP
143,after_phees_2022-07-19_14-36-48_0000021_labelled_Lola_pheeseq_0000029_labelled_mC2.wav,Lola,Wuschel,after,non-partner,Tabor-Lola,-0.6303079,8.435469,PaCMAP
144,after_phees_2022-07-19_14-36-48_0000021_labelled_Lola_pheeseq_0000030_labelled_mC1.wav,Lola,Wuschel,after,non-partner,Tabor-Lola,0.43641895,3.3606346,PaCMAP
145,after_phees_2022-07-19_14-36-48_0000021_labelled_Lola_pheeseq_0000031_labelled_mC2.wav,Lola,Wuschel,after,non-partner,Tabor-Lola,0.77941364,7.822112,PaCMAP
146,after_phees_2022-07-19_14-36-48_0000021_labelled_Lola_pheeseq_0000032_labelled_mB1.wav,Lola,Wuschel,after,non-partner,Tabor-Lola,0.5821328,7.5325108,PaCMAP
147,after_phees_2022-07-19_14-36-48_0000021_labelled_Lola_pheeseq_0000033_labelled_mB2.wav,Lola,Wuschel,after,non-partner,Tabor-Lola,1.2957227,7.1876135,PaCMAP
148,after_phees_2022-07-19_14-36-48_0000021_labelled_Lola_pheeseq_0000034_labelled_mB1.wav,Lola,Wuschel,after,non-partner,Tabor-Lola,-0.84068274,7.620884,PaCMAP
149,after_phees_2022-07-19_14-36-48_0000021_labelled_Lola_pheeseq_0000034_labelled_mB2.wav,Lola,Wuschel,after,non-partner,Tabor-Lola,0.8241648,7.9230785,PaCMAP
150,after_phees_2022-07-19_14-36-48_0000021_labelled_Lola_pheeseq_0000035_labelled_mB1.wav,Lola,Wuschel,after,non-partner,Tabor-Lola,-1.1758789,8.559575,PaCMAP
151,after_phees_2022-07-19_14-36-48_0000021_labelled_Lola_pheeseq_0000035_labelled_mB2.wav,Lola,Wuschel,after,non-partner,Tabor-Lola,1.3502142,5.904132,PaCMAP
152,after_phees_2022-07-19_14-36-48_0000021_labelled_Lola_pheeseq_0000036_labelled_mB1.wav,Lola,Wuschel,after,non-partner,Tabor-Lola,0.3061039,8.048064,PaCMAP
153,after_phees_2022-07-19_14-36-48_0000021_labelled_Lola_pheeseq_0000037_labelled_mB1.wav,Lola,Wuschel,after,non-partner,Tabor-Lola,1.041122,4.572029,PaCMAP
154,after_phees_2022-07-19_14-36-48_0000021_labelled_Lola_pheeseq_0000037_labelled_mB2.wav,Lola,Wuschel,after,non-partner,Tabor-Lola,2.2528114,5.5122104,PaCMAP
155,after_phees_2022-07-19_14-36-48_0000021_labelled_Lola_pheeseq_0000039_labelled_mB1.wav,Lola,Wuschel,after,non-partner,Tabor-Lola,0.9650079,5.434445,PaCMAP
156,after_phees_2022-07-19_14-36-48_0000021_labelled_Lola_pheeseq_0000039_labelled_mB2.wav,Lola,Wuschel,after,non-partner,Tabor-Lola,0.7880795,7.50454,PaCMAP
157,after_phees_2022-07-19_14-36-48_0000021_labelled_Lola_pheeseq_0000040_labelled_mC2.wav,Lola,Wuschel,after,non-partner,Tabor-Lola,0.5632849,7.9930925,PaCMAP
158,after_phees_2022-07-19_14-36-48_0000021_labelled_Lola_pheeseq_0000040_labelled_mC3.wav,Lola,Wuschel,after,non-partner,Tabor-Lola,2.2319374,3.0877998,PaCMAP
159,after_phees_2022-07-19_14-36-48_0000021_labelled_Lola_pheeseq_0000041_labelled_mB1.wav,Lola,Wuschel,after,non-partner,Tabor-Lola,1.6444758,3.9658754,PaCMAP
160,after_phees_2022-07-19_14-36-48_0000021_labelled_Lola_pheeseq_0000041_labelled_mB2.wav,Lola,Wuschel,after,non-partner,Tabor-Lola,2.7494092,5.1510205,PaCMAP
161,after_phees_2022-07-19_14-36-48_0000021_labelled_Wuschel_pheeseq_0000002_labelled_mB1.wav,Wuschel,Lola,after,non-partner,Wuschel-Olympia,-15.368881,2.0629802,PaCMAP
162,after_phees_2022-07-19_14-36-48_0000021_labelled_Wuschel_pheeseq_0000002_labelled_mB2.wav,Wuschel,Lola,after,non-partner,Wuschel-Olympia,-4.828897,-1.4707693,PaCMAP
163,after_phees_2022-07-20_15-39-44_0000028_labelled_Nougatti_pheeseq_0000003_labelled_mC1.wav,Nougatti,Tabor,after,non-partner,Odin-Nougatti,6.885477,-3.6672082,PaCMAP
164,after_phees_2022-07-20_15-39-44_0000028_labelled_Nougatti_pheeseq_0000006_labelled_mC2.wav,Nougatti,Tabor,after,non-partner,Odin-Nougatti,0.27277532,-0.21501166,PaCMAP
165,after_phees_2022-07-20_15-39-44_0000028_labelled_Nougatti_pheeseq_0000009_labelled_mC1.wav,Nougatti,Tabor,after,non-partner,Odin-Nougatti,-0.7921633,1.5987418,PaCMAP
166,after_phees_2022-07-20_15-39-44_0000028_labelled_Nougatti_pheeseq_0000009_labelled_mC2.wav,Nougatti,Tabor,after,non-partner,Odin-Nougatti,7.532442,-5.7256584,PaCMAP
167,after_phees_2022-07-20_15-39-44_0000028_labelled_Nougatti_pheeseq_0000018_labelled_mB1.wav,Nougatti,Tabor,after,non-partner,Odin-Nougatti,-4.337197,6.6891904,PaCMAP
168,after_phees_2022-07-20_15-39-44_0000028_labelled_Nougatti_pheeseq_0000018_labelled_mB2.wav,Nougatti,Tabor,after,non-partner,Odin-Nougatti,-2.2568119,1.3608572,PaCMAP
169,after_phees_2022-07-20_15-39-44_0000028_labelled_Nougatti_pheeseq_0000019_labelled_mB1.wav,Nougatti,Tabor,after,non-partner,Odin-Nougatti,-5.6978145,5.5886755,PaCMAP
170,after_phees_2022-07-20_15-39-44_0000028_labelled_Nougatti_pheeseq_0000020_labelled_mB1.wav,Nougatti,Tabor,after,non-partner,Odin-Nougatti,-5.976328,5.5874515,PaCMAP
171,after_phees_2022-07-20_15-39-44_0000028_labelled_Nougatti_pheeseq_0000020_labelled_mB2.wav,Nougatti,Tabor,after,non-partner,Odin-Nougatti,-2.2097757,1.6268158,PaCMAP
172,after_phees_2022-07-20_15-39-44_0000028_labelled_Nougatti_pheeseq_0000021_labelled_mB2.wav,Nougatti,Tabor,after,non-partner,Odin-Nougatti,6.662733,-6.134734,PaCMAP
173,after_phees_2022-07-20_15-39-44_0000028_labelled_Nougatti_pheeseq_0000023_labelled_mB1.wav,Nougatti,Tabor,after,non-partner,Odin-Nougatti,-3.8811483,7.4567385,PaCMAP
174,after_phees_2022-07-20_15-39-44_0000028_labelled_Nougatti_pheeseq_0000026_labelled_mB1.wav,Nougatti,Tabor,after,non-partner,Odin-Nougatti,-1.2409016,2.725891,PaCMAP
175,after_phees_2022-07-20_15-39-44_0000028_labelled_Nougatti_pheeseq_0000026_labelled_mB2.wav,Nougatti,Tabor,after,non-partner,Odin-Nougatti,0.6791092,0.38712275,PaCMAP
176,after_phees_2022-07-20_15-39-44_0000028_labelled_Nougatti_pheeseq_0000027_labelled_mB1.wav,Nougatti,Tabor,after,non-partner,Odin-Nougatti,-2.5237174,1.735843,PaCMAP
177,after_phees_2022-07-20_15-39-44_0000028_labelled_Nougatti_pheeseq_0000027_labelled_mB2.wav,Nougatti,Tabor,after,non-partner,Odin-Nougatti,6.5983953,-6.5531945,PaCMAP
178,after_phees_2022-07-20_15-39-44_0000028_labelled_Nougatti_pheeseq_0000028_labelled_mB1.wav,Nougatti,Tabor,after,non-partner,Odin-Nougatti,-2.016195,-0.087795325,PaCMAP
179,after_phees_2022-07-20_15-39-44_0000028_labelled_Nougatti_pheeseq_0000045_labelled_mB1.wav,Nougatti,Tabor,after,non-partner,Odin-Nougatti,-4.5990644,6.7645926,PaCMAP
180,after_phees_2022-07-20_15-39-44_0000028_labelled_Nougatti_pheeseq_0000045_labelled_mB2.wav,Nougatti,Tabor,after,non-partner,Odin-Nougatti,-0.65717876,1.9232924,PaCMAP
181,after_phees_2022-07-20_15-39-44_0000028_labelled_Nougatti_pheeseq_0000046_labelled_mB1.wav,Nougatti,Tabor,after,non-partner,Odin-Nougatti,-2.9881654,2.4175217,PaCMAP
182,after_phees_2022-07-20_15-39-44_0000028_labelled_Nougatti_pheeseq_0000046_labelled_mB2.wav,Nougatti,Tabor,after,non-partner,Odin-Nougatti,7.108844,-7.488279,PaCMAP
183,after_phees_2022-07-20_15-39-44_0000028_labelled_Nougatti_pheeseq_0000047_labelled_mB1.wav,Nougatti,Tabor,after,non-partner,Odin-Nougatti,-1.1811929,2.667067,PaCMAP
184,after_phees_2022-07-20_15-39-44_0000028_labelled_Nougatti_pheeseq_0000050_labelled_mB1.wav,Nougatti,Tabor,after,non-partner,Odin-Nougatti,-2.6627197,3.5032372,PaCMAP
185,after_phees_2022-07-20_15-39-44_0000028_labelled_Nougatti_pheeseq_0000050_labelled_mB2.wav,Nougatti,Tabor,after,non-partner,Odin-Nougatti,-0.055590596,0.97030103,PaCMAP
186,after_phees_2022-07-20_15-39-44_0000028_labelled_Nougatti_pheeseq_0000051_labelled_mB1.wav,Nougatti,Tabor,after,non-partner,Odin-Nougatti,-2.66171,2.2092826,PaCMAP
187,after_phees_2022-07-20_15-39-44_0000028_labelled_Nougatti_pheeseq_0000051_labelled_mB3.wav,Nougatti,Tabor,after,non-partner,Odin-Nougatti,0.33406484,0.19039007,PaCMAP
188,after_phees_2022-07-20_15-39-44_0000028_labelled_Nougatti_pheeseq_0000052_labelled_mC1.wav,Nougatti,Tabor,after,non-partner,Odin-Nougatti,-1.3573263,0.9741891,PaCMAP
189,after_phees_2022-07-20_15-39-44_0000028_labelled_Nougatti_pheeseq_0000052_labelled_mC2.wav,Nougatti,Tabor,after,non-partner,Odin-Nougatti,7.6981187,-5.582597,PaCMAP
190,after_phees_2022-07-20_15-39-44_0000028_labelled_Nougatti_pheeseq_0000052_labelled_mC3.wav,Nougatti,Tabor,after,non-partner,Odin-Nougatti,9.527095,-6.1590967,PaCMAP
191,after_phees_2022-07-20_15-39-44_0000028_labelled_Tabor_pheeseq_0000002_labelled_mD1.wav,Tabor,Nougatti,after,non-partner,Tabor-Lola,9.39889,-7.000811,PaCMAP
192,after_phees_2022-07-20_15-39-44_0000028_labelled_Tabor_pheeseq_0000002_labelled_mD4.wav,Tabor,Nougatti,after,non-partner,Tabor-Lola,-6.8201027,-1.7186087,PaCMAP
193,after_phees_2022-07-20_15-39-44_0000028_labelled_Tabor_pheeseq_0000002_labelled_mD5.wav,Tabor,Nougatti,after,non-partner,Tabor-Lola,-8.977933,3.225028,PaCMAP
194,after_phees_2022-07-20_15-39-44_0000028_labelled_Tabor_pheeseq_0000002_labelled_mD6.wav,Tabor,Nougatti,after,non-partner,Tabor-Lola,-10.392037,1.2593687,PaCMAP
195,after_phees_2022-07-20_15-39-44_0000028_labelled_Tabor_pheeseq_0000004_labelled_mD1.wav,Tabor,Nougatti,after,non-partner,Tabor-Lola,9.590857,-5.5167265,PaCMAP
196,after_phees_2022-07-20_15-39-44_0000028_labelled_Tabor_pheeseq_0000004_labelled_mD2.wav,Tabor,Nougatti,after,non-partner,Tabor-Lola,-1.9801239,-1.1347946,PaCMAP
197,after_phees_2022-07-20_15-39-44_0000028_labelled_Tabor_pheeseq_0000004_labelled_mD3.wav,Tabor,Nougatti,after,non-partner,Tabor-Lola,-6.7336698,-1.295165,PaCMAP
198,after_phees_2022-07-20_15-39-44_0000028_labelled_Tabor_pheeseq_0000004_labelled_mD4.wav,Tabor,Nougatti,after,non-partner,Tabor-Lola,-9.681548,1.8070123,PaCMAP
199,after_phees_2022-07-20_15-39-44_0000028_labelled_Tabor_pheeseq_0000008_labelled_mC1.wav,Tabor,Nougatti,after,non-partner,Tabor-Lola,8.780359,-8.866191,PaCMAP
200,after_phees_2022-07-20_15-39-44_0000028_labelled_Tabor_pheeseq_0000008_labelled_mC2.wav,Tabor,Nougatti,after,non-partner,Tabor-Lola,-6.9723163,-1.5297323,PaCMAP
201,after_phees_2022-07-20_15-39-44_0000028_labelled_Tabor_pheeseq_0000008_labelled_mC3.wav,Tabor,Nougatti,after,non-partner,Tabor-Lola,-8.96801,3.3976197,PaCMAP
202,after_phees_2022-07-20_15-39-44_0000028_labelled_Tabor_pheeseq_0000011_labelled_mB1.wav,Tabor,Nougatti,after,non-partner,Tabor-Lola,-1.1438043,-0.61033547,PaCMAP
203,after_phees_2022-07-20_15-39-44_0000028_labelled_Tabor_pheeseq_0000011_labelled_mB3.wav,Tabor,Nougatti,after,non-partner,Tabor-Lola,-4.701446,-1.6505485,PaCMAP
204,after_phees_2022-07-20_15-39-44_0000028_labelled_Tabor_pheeseq_0000015_labelled_mD1.wav,Tabor,Nougatti,after,non-partner,Tabor-Lola,0.9167781,-0.9263652,PaCMAP
205,after_phees_2022-07-20_15-39-44_0000028_labelled_Tabor_pheeseq_0000015_labelled_mD2.wav,Tabor,Nougatti,after,non-partner,Tabor-Lola,7.985526,-6.5102186,PaCMAP
206,after_phees_2022-07-20_15-39-44_0000028_labelled_Tabor_pheeseq_0000015_labelled_mD3.wav,Tabor,Nougatti,after,non-partner,Tabor-Lola,-4.9356804,-1.5240605,PaCMAP
207,after_phees_2022-07-20_15-39-44_0000028_labelled_Tabor_pheeseq_0000015_labelled_mD4.wav,Tabor,Nougatti,after,non-partner,Tabor-Lola,-9.436275,1.8348136,PaCMAP
208,after_phees_2022-07-20_15-39-44_0000028_labelled_Tabor_pheeseq_0000017_labelled_mD1.wav,Tabor,Nougatti,after,non-partner,Tabor-Lola,1.5200295,-1.2100879,PaCMAP
209,after_phees_2022-07-20_15-39-44_0000028_labelled_Tabor_pheeseq_0000017_labelled_mD2.wav,Tabor,Nougatti,after,non-partner,Tabor-Lola,7.941901,-3.5175016,PaCMAP
210,after_phees_2022-07-20_15-39-44_0000028_labelled_Tabor_pheeseq_0000017_labelled_mD3.wav,Tabor,Nougatti,after,non-partner,Tabor-Lola,8.786417,-6.3991327,PaCMAP
211,after_phees_2022-07-20_15-39-44_0000028_labelled_Tabor_pheeseq_0000017_labelled_mD4.wav,Tabor,Nougatti,after,non-partner,Tabor-Lola,-5.883818,-1.5843995,PaCMAP
212,after_phees_2022-07-20_15-39-44_0000028_labelled_Tabor_pheeseq_0000022_labelled_mC1.wav,Tabor,Nougatti,after,non-partner,Tabor-Lola,-0.19677484,-1.6804458,PaCMAP
213,after_phees_2022-07-20_15-39-44_0000028_labelled_Tabor_pheeseq_0000022_labelled_mC3.wav,Tabor,Nougatti,after,non-partner,Tabor-Lola,9.958903,-5.503598,PaCMAP
214,after_phees_2022-07-20_15-39-44_0000028_labelled_Tabor_pheeseq_0000022_labelled_mC4.wav,Tabor,Nougatti,after,non-partner,Tabor-Lola,-5.8589883,-1.6649804,PaCMAP
215,after_phees_2022-07-20_15-39-44_0000028_labelled_Tabor_pheeseq_0000024_labelled_mC1.wav,Tabor,Nougatti,after,non-partner,Tabor-Lola,8.6341305,-7.8655586,PaCMAP
216,after_phees_2022-07-20_15-39-44_0000028_labelled_Tabor_pheeseq_0000024_labelled_mC2.wav,Tabor,Nougatti,after,non-partner,Tabor-Lola,9.182352,-8.752446,PaCMAP
217,after_phees_2022-07-20_15-39-44_0000028_labelled_Tabor_pheeseq_0000024_labelled_mC3.wav,Tabor,Nougatti,after,non-partner,Tabor-Lola,-8.748844,3.675431,PaCMAP
218,after_phees_2022-07-20_15-39-44_0000028_labelled_Tabor_pheeseq_0000029_labelled_mD1.wav,Tabor,Nougatti,after,non-partner,Tabor-Lola,8.93898,-6.862105,PaCMAP
219,after_phees_2022-07-20_15-39-44_0000028_labelled_Tabor_pheeseq_0000029_labelled_mD2.wav,Tabor,Nougatti,after,non-partner,Tabor-Lola,9.381787,-7.9339876,PaCMAP
220,after_phees_2022-07-20_15-39-44_0000028_labelled_Tabor_pheeseq_0000029_labelled_mD3.wav,Tabor,Nougatti,after,non-partner,Tabor-Lola,11.21069,-8.6824045,PaCMAP
221,after_phees_2022-07-20_15-39-44_0000028_labelled_Tabor_pheeseq_0000029_labelled_mD4.wav,Tabor,Nougatti,after,non-partner,Tabor-Lola,-9.26813,2.3449395,PaCMAP
222,after_phees_2022-07-20_15-39-44_0000028_labelled_Tabor_pheeseq_0000030_labelled_mD1.wav,Tabor,Nougatti,after,non-partner,Tabor-Lola,8.181596,-6.624336,PaCMAP
223,after_phees_2022-07-20_15-39-44_0000028_labelled_Tabor_pheeseq_0000030_labelled_mD3.wav,Tabor,Nougatti,after,non-partner,Tabor-Lola,10.392063,-5.9992895,PaCMAP
224,after_phees_2022-07-20_15-39-44_0000028_labelled_Tabor_pheeseq_0000030_labelled_mD4.wav,Tabor,Nougatti,after,non-partner,Tabor-Lola,-6.684096,-2.0356915,PaCMAP
225,after_phees_2022-07-20_15-39-44_0000028_labelled_Tabor_pheeseq_0000030_labelled_mD5.wav,Tabor,Nougatti,after,non-partner,Tabor-Lola,-9.274685,2.350659,PaCMAP
226,after_phees_2022-07-20_15-39-44_0000028_labelled_Tabor_pheeseq_0000035_labelled_mC1.wav,Tabor,Nougatti,after,non-partner,Tabor-Lola,8.68792,-8.716309,PaCMAP
227,after_phees_2022-07-20_15-39-44_0000028_labelled_Tabor_pheeseq_0000035_labelled_mC4.wav,Tabor,Nougatti,after,non-partner,Tabor-Lola,-6.295519,-0.938756,PaCMAP
228,after_phees_2022-07-20_15-39-44_0000028_labelled_Tabor_pheeseq_0000035_labelled_mC5.wav,Tabor,Nougatti,after,non-partner,Tabor-Lola,-9.439346,1.9599239,PaCMAP
229,after_phees_2022-07-20_15-39-44_0000028_labelled_Tabor_pheeseq_0000036_labelled_mD1.wav,Tabor,Nougatti,after,non-partner,Tabor-Lola,8.297936,-8.807512,PaCMAP
230,after_phees_2022-07-20_15-39-44_0000028_labelled_Tabor_pheeseq_0000036_labelled_mD2.wav,Tabor,Nougatti,after,non-partner,Tabor-Lola,-4.61277,0.16167428,PaCMAP
231,after_phees_2022-07-20_15-39-44_0000028_labelled_Tabor_pheeseq_0000036_labelled_mD3.wav,Tabor,Nougatti,after,non-partner,Tabor-Lola,-6.7243013,-0.8367237,PaCMAP
232,after_phees_2022-07-20_15-39-44_0000028_labelled_Tabor_pheeseq_0000037_labelled_mD1.wav,Tabor,Nougatti,after,non-partner,Tabor-Lola,-2.5615427,-0.39063138,PaCMAP
233,after_phees_2022-07-20_15-39-44_0000028_labelled_Tabor_pheeseq_0000037_labelled_mD2.wav,Tabor,Nougatti,after,non-partner,Tabor-Lola,8.854182,-8.738372,PaCMAP
234,after_phees_2022-07-20_15-39-44_0000028_labelled_Tabor_pheeseq_0000037_labelled_mD3.wav,Tabor,Nougatti,after,non-partner,Tabor-Lola,-6.653147,-0.46757522,PaCMAP
235,after_phees_2022-07-20_15-39-44_0000028_labelled_Tabor_pheeseq_0000037_labelled_mD4.wav,Tabor,Nougatti,after,non-partner,Tabor-Lola,-9.659944,1.3456588,PaCMAP
236,after_phees_2022-07-20_15-39-44_0000028_labelled_Tabor_pheeseq_0000039_labelled_mD1.wav,Tabor,Nougatti,after,non-partner,Tabor-Lola,-0.118099056,-1.6082784,PaCMAP
237,after_phees_2022-07-20_15-39-44_0000028_labelled_Tabor_pheeseq_0000039_labelled_mD2.wav,Tabor,Nougatti,after,non-partner,Tabor-Lola,8.731833,-7.530033,PaCMAP
238,after_phees_2022-07-20_15-39-44_0000028_labelled_Tabor_pheeseq_0000039_labelled_mD3.wav,Tabor,Nougatti,after,non-partner,Tabor-Lola,-7.4197645,5.180686,PaCMAP
239,after_phees_2022-07-20_15-39-44_0000028_labelled_Tabor_pheeseq_0000039_labelled_mD4.wav,Tabor,Nougatti,after,non-partner,Tabor-Lola,-9.043344,-0.30246142,PaCMAP
240,after_phees_2022-07-20_15-39-44_0000028_labelled_Tabor_pheeseq_0000042_labelled_mD1.wav,Tabor,Nougatti,after,non-partner,Tabor-Lola,1.903814,-1.0444986,PaCMAP
241,after_phees_2022-07-20_15-39-44_0000028_labelled_Tabor_pheeseq_0000042_labelled_mD2.wav,Tabor,Nougatti,after,non-partner,Tabor-Lola,9.780363,-5.209391,PaCMAP
242,after_phees_2022-07-20_15-39-44_0000028_labelled_Tabor_pheeseq_0000042_labelled_mD3.wav,Tabor,Nougatti,after,non-partner,Tabor-Lola,-2.5134916,-2.27019,PaCMAP
243,after_phees_2022-07-20_15-39-44_0000028_labelled_Tabor_pheeseq_0000042_labelled_mD4.wav,Tabor,Nougatti,after,non-partner,Tabor-Lola,-9.043834,-0.18803649,PaCMAP
244,after_phees_2022-07-20_15-39-44_0000028_labelled_Tabor_pheeseq_0000043_labelled_mC1.wav,Tabor,Nougatti,after,non-partner,Tabor-Lola,1.1971896,-0.19262826,PaCMAP
245,after_phees_2022-07-20_15-39-44_0000028_labelled_Tabor_pheeseq_0000043_labelled_mC3.wav,Tabor,Nougatti,after,non-partner,Tabor-Lola,-2.6243687,0.51851726,PaCMAP
246,after_phees_2022-07-20_15-39-44_0000028_labelled_Tabor_pheeseq_0000043_labelled_mC4.wav,Tabor,Nougatti,after,non-partner,Tabor-Lola,-6.3415833,-1.9595573,PaCMAP
247,after_phees_2022-07-20_15-39-44_0000028_labelled_Tabor_pheeseq_0000048_labelled_mC1.wav,Tabor,Nougatti,after,non-partner,Tabor-Lola,0.4600488,-1.20983,PaCMAP
248,after_phees_2022-07-20_15-39-44_0000028_labelled_Tabor_pheeseq_0000048_labelled_mC2.wav,Tabor,Nougatti,after,non-partner,Tabor-Lola,10.297154,-6.966363,PaCMAP
249,after_phees_2022-07-20_15-39-44_0000028_labelled_Tabor_pheeseq_0000048_labelled_mC3.wav,Tabor,Nougatti,after,non-partner,Tabor-Lola,-4.663934,-1.8400903,PaCMAP
250,after_phees_2022-07-20_15-39-44_0000028_labelled_Tabor_pheeseq_0000049_labelled_mD1.wav,Tabor,Nougatti,after,non-partner,Tabor-Lola,-6.7964034,-1.8907444,PaCMAP
251,after_phees_2022-07-20_15-39-44_0000028_labelled_Tabor_pheeseq_0000049_labelled_mD3.wav,Tabor,Nougatti,after,non-partner,Tabor-Lola,9.971701,-7.1932087,PaCMAP
252,after_phees_2022-07-20_15-39-44_0000028_labelled_Tabor_pheeseq_0000049_labelled_mD4.wav,Tabor,Nougatti,after,non-partner,Tabor-Lola,-6.7923126,-1.9477754,PaCMAP
253,after_phees_2022-07-20_15-39-44_0000028_labelled_Tabor_pheeseq_0000049_labelled_mD5.wav,Tabor,Nougatti,after,non-partner,Tabor-Lola,-10.211828,1.4408107,PaCMAP
254,after_phees_2022-07-21_09-36-56_0000029_labelled_Lola_pheeseq_0000004_labelled_mB1.wav,Lola,Odin,after,non-partner,Tabor-Lola,-3.7297313,6.15584,PaCMAP
255,after_phees_2022-07-21_09-36-56_0000029_labelled_Lola_pheeseq_0000005_labelled_mB1.wav,Lola,Odin,after,non-partner,Tabor-Lola,-2.2137873,5.1731653,PaCMAP
256,after_phees_2022-07-21_09-36-56_0000029_labelled_Lola_pheeseq_0000005_labelled_mB2.wav,Lola,Odin,after,non-partner,Tabor-Lola,-5.6727443,6.191739,PaCMAP
257,after_phees_2022-07-21_09-36-56_0000029_labelled_Lola_pheeseq_0000038_labelled_mB1.wav,Lola,Odin,after,non-partner,Tabor-Lola,-1.1458045,4.9532785,PaCMAP
258,after_phees_2022-07-21_09-36-56_0000029_labelled_Lola_pheeseq_0000038_labelled_mB2.wav,Lola,Odin,after,non-partner,Tabor-Lola,-3.518153,7.6605,PaCMAP
259,after_phees_2022-07-21_09-36-56_0000029_labelled_Lola_pheeseq_0000039_labelled_mC1.wav,Lola,Odin,after,non-partner,Tabor-Lola,-3.5101254,5.978807,PaCMAP
260,after_phees_2022-07-21_09-36-56_0000029_labelled_Lola_pheeseq_0000039_labelled_mC2.wav,Lola,Odin,after,non-partner,Tabor-Lola,-2.3392098,7.0764604,PaCMAP
261,after_phees_2022-07-21_09-36-56_0000029_labelled_Lola_pheeseq_0000039_labelled_mC3.wav,Lola,Odin,after,non-partner,Tabor-Lola,-1.2707092,3.5027187,PaCMAP
262,after_phees_2022-07-21_09-36-56_0000029_labelled_Lola_pheeseq_0000040_labelled_mC1.wav,Lola,Odin,after,non-partner,Tabor-Lola,-5.975382,5.610744,PaCMAP
263,after_phees_2022-07-21_09-36-56_0000029_labelled_Lola_pheeseq_0000040_labelled_mC2.wav,Lola,Odin,after,non-partner,Tabor-Lola,-0.89203,3.503354,PaCMAP
264,after_phees_2022-07-21_09-36-56_0000029_labelled_Lola_pheeseq_0000041_labelled_mB1.wav,Lola,Odin,after,non-partner,Tabor-Lola,-6.0255475,5.717604,PaCMAP
265,after_phees_2022-07-21_09-36-56_0000029_labelled_Lola_pheeseq_0000041_labelled_mB2.wav,Lola,Odin,after,non-partner,Tabor-Lola,-0.26696894,4.5277524,PaCMAP
266,after_phees_2022-07-21_09-36-56_0000029_labelled_Odin_pheeseq_0000007_labelled_mB1.wav,Odin,Lola,after,non-partner,Odin-Nougatti,-4.894649,6.159987,PaCMAP
267,after_phees_2022-07-21_09-36-56_0000029_labelled_Odin_pheeseq_0000007_labelled_mB2.wav,Odin,Lola,after,non-partner,Odin-Nougatti,0.20803043,0.13688202,PaCMAP
268,after_phees_2022-07-21_09-36-56_0000029_labelled_Odin_pheeseq_0000009_labelled_mB1.wav,Odin,Lola,after,non-partner,Odin-Nougatti,7.1043253,-7.4205856,PaCMAP
269,after_phees_2022-07-21_09-36-56_0000029_labelled_Odin_pheeseq_0000009_labelled_mB2.wav,Odin,Lola,after,non-partner,Odin-Nougatti,-5.012901,6.580031,PaCMAP
270,after_phees_2022-07-21_09-36-56_0000029_labelled_Odin_pheeseq_0000011_labelled_mB1.wav,Odin,Lola,after,non-partner,Odin-Nougatti,-0.62399924,2.0551474,PaCMAP
271,after_phees_2022-07-21_09-36-56_0000029_labelled_Odin_pheeseq_0000011_labelled_mB2.wav,Odin,Lola,after,non-partner,Odin-Nougatti,-0.6617924,1.693425,PaCMAP
272,after_phees_2022-07-21_09-36-56_0000029_labelled_Odin_pheeseq_0000015_labelled_mB1.wav,Odin,Lola,after,non-partner,Odin-Nougatti,-2.1117241,1.0388384,PaCMAP
273,after_phees_2022-07-21_09-36-56_0000029_labelled_Odin_pheeseq_0000015_labelled_mB2.wav,Odin,Lola,after,non-partner,Odin-Nougatti,1.2038425,-0.12659398,PaCMAP
274,after_phees_2022-07-21_09-36-56_0000029_labelled_Odin_pheeseq_0000017_labelled_mB1.wav,Odin,Lola,after,non-partner,Odin-Nougatti,-2.1824613,1.470134,PaCMAP
275,after_phees_2022-07-21_09-36-56_0000029_labelled_Odin_pheeseq_0000017_labelled_mB2.wav,Odin,Lola,after,non-partner,Odin-Nougatti,7.6134753,-5.543768,PaCMAP
276,after_phees_2022-07-21_09-36-56_0000029_labelled_Odin_pheeseq_0000018_labelled_mB1.wav,Odin,Lola,after,non-partner,Odin-Nougatti,-0.19222456,1.0174761,PaCMAP
277,after_phees_2022-07-21_09-36-56_0000029_labelled_Odin_pheeseq_0000018_labelled_mB2.wav,Odin,Lola,after,non-partner,Odin-Nougatti,6.779599,-5.0169053,PaCMAP
278,after_phees_2022-07-21_09-36-56_0000029_labelled_Odin_pheeseq_0000019_labelled_mB1.wav,Odin,Lola,after,non-partner,Odin-Nougatti,-0.7837934,2.1459453,PaCMAP
279,after_phees_2022-07-21_09-36-56_0000029_labelled_Odin_pheeseq_0000019_labelled_mB2.wav,Odin,Lola,after,non-partner,Odin-Nougatti,1.1300077,1.200304,PaCMAP
280,after_phees_2022-07-21_09-36-56_0000029_labelled_Odin_pheeseq_0000020_labelled_mB1.wav,Odin,Lola,after,non-partner,Odin-Nougatti,-4.951171,6.3219595,PaCMAP
281,after_phees_2022-07-21_09-36-56_0000029_labelled_Odin_pheeseq_0000020_labelled_mB2.wav,Odin,Lola,after,non-partner,Odin-Nougatti,-0.8109553,1.3237633,PaCMAP
282,after_phees_2022-07-21_09-36-56_0000029_labelled_Odin_pheeseq_0000021_labelled_mB1.wav,Odin,Lola,after,non-partner,Odin-Nougatti,-0.49258798,0.57084244,PaCMAP
283,after_phees_2022-07-21_09-36-56_0000029_labelled_Odin_pheeseq_0000021_labelled_mB2.wav,Odin,Lola,after,non-partner,Odin-Nougatti,8.05807,-4.6014047,PaCMAP
284,after_phees_2022-07-21_09-36-56_0000029_labelled_Odin_pheeseq_0000022_labelled_mC1.wav,Odin,Lola,after,non-partner,Odin-Nougatti,0.8741303,-0.34728074,PaCMAP
285,after_phees_2022-07-21_09-36-56_0000029_labelled_Odin_pheeseq_0000022_labelled_mC3.wav,Odin,Lola,after,non-partner,Odin-Nougatti,8.552366,-2.9366727,PaCMAP
286,after_phees_2022-07-21_09-36-56_0000029_labelled_Odin_pheeseq_0000022_labelled_mC4.wav,Odin,Lola,after,non-partner,Odin-Nougatti,1.7156658,-0.48953816,PaCMAP
287,after_phees_2022-07-21_09-36-56_0000029_labelled_Odin_pheeseq_0000023_labelled_mC1.wav,Odin,Lola,after,non-partner,Odin-Nougatti,11.371441,-6.2071867,PaCMAP
288,after_phees_2022-07-21_09-36-56_0000029_labelled_Odin_pheeseq_0000023_labelled_mC3.wav,Odin,Lola,after,non-partner,Odin-Nougatti,9.177526,-3.1530902,PaCMAP
289,after_phees_2022-07-21_09-36-56_0000029_labelled_Odin_pheeseq_0000023_labelled_mC4.wav,Odin,Lola,after,non-partner,Odin-Nougatti,9.409154,-3.295702,PaCMAP
290,after_phees_2022-07-21_09-36-56_0000029_labelled_Odin_pheeseq_0000050_labelled_mB1.wav,Odin,Lola,after,non-partner,Odin-Nougatti,-2.0395193,1.0540743,PaCMAP
291,after_phees_2022-07-21_09-36-56_0000029_labelled_Odin_pheeseq_0000050_labelled_mB2.wav,Odin,Lola,after,non-partner,Odin-Nougatti,-0.48634186,0.16823903,PaCMAP
292,after_phees_2022-07-21_09-36-56_0000029_labelled_Odin_pheeseq_0000051_labelled_mC1.wav,Odin,Lola,after,non-partner,Odin-Nougatti,-1.703987,0.74495864,PaCMAP
293,after_phees_2022-07-21_09-36-56_0000029_labelled_Odin_pheeseq_0000051_labelled_mC2.wav,Odin,Lola,after,non-partner,Odin-Nougatti,0.5060252,0.06263204,PaCMAP
294,after_phees_2022-07-21_09-36-56_0000029_labelled_Odin_pheeseq_0000051_labelled_mC3.wav,Odin,Lola,after,non-partner,Odin-Nougatti,9.784872,-5.859608,PaCMAP
295,after_phees_2022-07-21_09-36-56_0000029_labelled_Odin_pheeseq_0000052_labelled_mB1.wav,Odin,Lola,after,non-partner,Odin-Nougatti,-0.49193642,0.58997464,PaCMAP
296,after_phees_2022-07-21_09-36-56_0000029_labelled_Odin_pheeseq_0000052_labelled_mB2.wav,Odin,Lola,after,non-partner,Odin-Nougatti,0.77746713,-0.30031896,PaCMAP
297,after_phees_2022-07-21_09-36-56_0000029_labelled_Odin_pheeseq_0000053_labelled_mC1.wav,Odin,Lola,after,non-partner,Odin-Nougatti,-3.499968,-1.973273,PaCMAP
298,after_phees_2022-07-21_09-36-56_0000029_labelled_Odin_pheeseq_0000053_labelled_mC3.wav,Odin,Lola,after,non-partner,Odin-Nougatti,10.610022,-4.775911,PaCMAP
299,after_phees_2022-07-21_09-36-56_0000029_labelled_Odin_pheeseq_0000053_labelled_mC4.wav,Odin,Lola,after,non-partner,Odin-Nougatti,9.714729,-3.9465992,PaCMAP
300,after_phees_2022-07-21_13-24-57_0000034_labelled_Olympia_pheeseq_0000004_labelled_mC2.wav,Olympia,Wuschel,after,partner,Wuschel-Olympia,-2.6732402,-1.0799414,PaCMAP
301,after_phees_2022-07-21_13-24-57_0000034_labelled_Olympia_pheeseq_0000004_labelled_mC3.wav,Olympia,Wuschel,after,partner,Wuschel-Olympia,-10.546705,0.98812693,PaCMAP
302,after_phees_2022-07-21_13-24-57_0000034_labelled_Olympia_pheeseq_0000014_labelled_mB1.wav,Olympia,Wuschel,after,partner,Wuschel-Olympia,-14.542909,3.1665123,PaCMAP
303,after_phees_2022-07-21_13-24-57_0000034_labelled_Olympia_pheeseq_0000014_labelled_mB2.wav,Olympia,Wuschel,after,partner,Wuschel-Olympia,-10.711652,1.0936323,PaCMAP
304,after_phees_2022-07-21_13-24-57_0000034_labelled_Wuschel_pheeseq_0000002_labelled_mB1.wav,Wuschel,Olympia,after,partner,Wuschel-Olympia,-15.551985,3.9928768,PaCMAP
305,after_phees_2022-07-21_13-24-57_0000034_labelled_Wuschel_pheeseq_0000002_labelled_mB2.wav,Wuschel,Olympia,after,partner,Wuschel-Olympia,-12.972779,2.5232902,PaCMAP
306,after_phees_2022-07-21_13-48-50_0000035_labelled_Tabor_pheeseq_0000005_labelled_mC1.wav,Tabor,Olympia,after,non-partner,Tabor-Lola,-5.0591216,-0.7403963,PaCMAP
307,after_phees_2022-07-21_13-48-50_0000035_labelled_Tabor_pheeseq_0000005_labelled_mC4.wav,Tabor,Olympia,after,non-partner,Tabor-Lola,-6.5590744,-1.0726509,PaCMAP
308,after_phees_2022-07-21_13-48-50_0000035_labelled_Tabor_pheeseq_0000005_labelled_mC5.wav,Tabor,Olympia,after,non-partner,Tabor-Lola,-9.932644,1.453419,PaCMAP
309,after_phees_2022-07-21_13-48-50_0000035_labelled_Tabor_pheeseq_0000006_labelled_mC1.wav,Tabor,Olympia,after,non-partner,Tabor-Lola,8.6248665,-8.156179,PaCMAP
310,after_phees_2022-07-21_13-48-50_0000035_labelled_Tabor_pheeseq_0000006_labelled_mC3.wav,Tabor,Olympia,after,non-partner,Tabor-Lola,-8.037855,4.3645167,PaCMAP
311,after_phees_2022-07-21_13-48-50_0000035_labelled_Tabor_pheeseq_0000006_labelled_mC4.wav,Tabor,Olympia,after,non-partner,Tabor-Lola,-6.9046955,-1.8478435,PaCMAP
312,after_phees_2022-07-21_13-48-50_0000035_labelled_Tabor_pheeseq_0000007_labelled_mD1.wav,Tabor,Olympia,after,non-partner,Tabor-Lola,-5.0038643,-2.0672252,PaCMAP
313,after_phees_2022-07-21_13-48-50_0000035_labelled_Tabor_pheeseq_0000007_labelled_mD2.wav,Tabor,Olympia,after,non-partner,Tabor-Lola,11.274749,-8.116693,PaCMAP
314,after_phees_2022-07-21_13-48-50_0000035_labelled_Tabor_pheeseq_0000007_labelled_mD3.wav,Tabor,Olympia,after,non-partner,Tabor-Lola,11.169039,-8.392835,PaCMAP
315,after_phees_2022-07-21_13-48-50_0000035_labelled_Tabor_pheeseq_0000007_labelled_mD4.wav,Tabor,Olympia,after,non-partner,Tabor-Lola,-9.100912,2.7835743,PaCMAP
316,after_phees_2022-07-21_13-48-50_0000035_labelled_Tabor_pheeseq_0000008_labelled_mB1.wav,Tabor,Olympia,after,non-partner,Tabor-Lola,-1.1556402,-0.6491364,PaCMAP
317,after_phees_2022-07-21_13-48-50_0000035_labelled_Tabor_pheeseq_0000008_labelled_mB3.wav,Tabor,Olympia,after,non-partner,Tabor-Lola,-4.207233,-2.2567585,PaCMAP
318,after_phees_2022-07-21_13-48-50_0000035_labelled_Tabor_pheeseq_0000015_labelled_mC1.wav,Tabor,Olympia,after,non-partner,Tabor-Lola,9.973624,-9.189078,PaCMAP
319,after_phees_2022-07-21_13-48-50_0000035_labelled_Tabor_pheeseq_0000015_labelled_mC3.wav,Tabor,Olympia,after,non-partner,Tabor-Lola,-6.622879,-0.8783214,PaCMAP
320,after_phees_2022-07-21_13-48-50_0000035_labelled_Tabor_pheeseq_0000015_labelled_mC4.wav,Tabor,Olympia,after,non-partner,Tabor-Lola,-9.432814,2.1013572,PaCMAP
321,after_phees_2022-07-21_13-48-50_0000035_labelled_Tabor_pheeseq_0000016_labelled_mB1.wav,Tabor,Olympia,after,non-partner,Tabor-Lola,-6.7673883,5.4046593,PaCMAP
322,after_phees_2022-07-21_13-48-50_0000035_labelled_Tabor_pheeseq_0000016_labelled_mB3.wav,Tabor,Olympia,after,non-partner,Tabor-Lola,-10.306182,4.257466,PaCMAP
323,after_phees_2022-07-21_13-48-50_0000035_labelled_Tabor_pheeseq_0000019_labelled_mB1.wav,Tabor,Olympia,after,non-partner,Tabor-Lola,-7.3441257,5.216686,PaCMAP
324,after_phees_2022-07-21_13-48-50_0000035_labelled_Tabor_pheeseq_0000019_labelled_mB3.wav,Tabor,Olympia,after,non-partner,Tabor-Lola,-10.187553,4.179219,PaCMAP
325,after_phees_2022-07-25_13-47-10_0000038_labelled_Lola_pheeseq_0000002_labelled_mD1.wav,Lola,Wuschel,after,non-partner,Tabor-Lola,0.5362305,2.5451074,PaCMAP
326,after_phees_2022-07-25_13-47-10_0000038_labelled_Lola_pheeseq_0000002_labelled_mD2.wav,Lola,Wuschel,after,non-partner,Tabor-Lola,-1.1534308,8.485501,PaCMAP
327,after_phees_2022-07-25_13-47-10_0000038_labelled_Lola_pheeseq_0000002_labelled_mD3.wav,Lola,Wuschel,after,non-partner,Tabor-Lola,-0.24092665,8.2062025,PaCMAP
328,after_phees_2022-07-25_13-47-10_0000038_labelled_Lola_pheeseq_0000002_labelled_mD4.wav,Lola,Wuschel,after,non-partner,Tabor-Lola,2.8952866,-0.43042958,PaCMAP
329,after_phees_2022-07-25_13-47-10_0000038_labelled_Lola_pheeseq_0000003_labelled_mC1.wav,Lola,Wuschel,after,non-partner,Tabor-Lola,-0.9969254,2.2731192,PaCMAP
330,after_phees_2022-07-25_13-47-10_0000038_labelled_Lola_pheeseq_0000003_labelled_mC2.wav,Lola,Wuschel,after,non-partner,Tabor-Lola,2.164244,4.8496323,PaCMAP
331,after_phees_2022-07-25_13-47-10_0000038_labelled_Lola_pheeseq_0000003_labelled_mC3.wav,Lola,Wuschel,after,non-partner,Tabor-Lola,2.7088866,2.7438788,PaCMAP
332,after_phees_2022-07-25_13-47-10_0000038_labelled_Lola_pheeseq_0000004_labelled_mC1.wav,Lola,Wuschel,after,non-partner,Tabor-Lola,7.4242325,-7.4112954,PaCMAP
333,after_phees_2022-07-25_13-47-10_0000038_labelled_Lola_pheeseq_0000004_labelled_mC2.wav,Lola,Wuschel,after,non-partner,Tabor-Lola,1.7455873,4.6260905,PaCMAP
334,after_phees_2022-07-25_13-47-10_0000038_labelled_Lola_pheeseq_0000004_labelled_mC3.wav,Lola,Wuschel,after,non-partner,Tabor-Lola,-3.74997,7.4981146,PaCMAP
335,after_phees_2022-07-25_13-47-10_0000038_labelled_Lola_pheeseq_0000005_labelled_mC1.wav,Lola,Wuschel,after,non-partner,Tabor-Lola,-3.7348077,7.7175355,PaCMAP
336,after_phees_2022-07-25_13-47-10_0000038_labelled_Lola_pheeseq_0000005_labelled_mC2.wav,Lola,Wuschel,after,non-partner,Tabor-Lola,1.6605393,4.722942,PaCMAP
337,after_phees_2022-07-25_13-47-10_0000038_labelled_Lola_pheeseq_0000006_labelled_mC1.wav,Lola,Wuschel,after,non-partner,Tabor-Lola,1.7322483,1.9645431,PaCMAP
338,after_phees_2022-07-25_13-47-10_0000038_labelled_Lola_pheeseq_0000006_labelled_mC2.wav,Lola,Wuschel,after,non-partner,Tabor-Lola,0.61890364,7.744125,PaCMAP
339,after_phees_2022-07-25_13-47-10_0000038_labelled_Lola_pheeseq_0000006_labelled_mC3.wav,Lola,Wuschel,after,non-partner,Tabor-Lola,-1.3456117,8.167739,PaCMAP
340,after_phees_2022-07-25_13-47-10_0000038_labelled_Lola_pheeseq_0000008_labelled_mC1.wav,Lola,Wuschel,after,non-partner,Tabor-Lola,-3.464925,7.7439766,PaCMAP
341,after_phees_2022-07-25_13-47-10_0000038_labelled_Lola_pheeseq_0000008_labelled_mC2.wav,Lola,Wuschel,after,non-partner,Tabor-Lola,2.2177875,5.2767196,PaCMAP
342,after_phees_2022-07-25_13-47-10_0000038_labelled_Lola_pheeseq_0000008_labelled_mC3.wav,Lola,Wuschel,after,non-partner,Tabor-Lola,-0.059493404,4.1385365,PaCMAP
343,after_phees_2022-07-25_13-47-10_0000038_labelled_Lola_pheeseq_0000013_labelled_mC1.wav,Lola,Wuschel,after,non-partner,Tabor-Lola,0.53692806,7.816812,PaCMAP
344,after_phees_2022-07-25_13-47-10_0000038_labelled_Lola_pheeseq_0000013_labelled_mC2.wav,Lola,Wuschel,after,non-partner,Tabor-Lola,0.42738116,8.07184,PaCMAP
345,after_phees_2022-07-25_13-47-10_0000038_labelled_Lola_pheeseq_0000013_labelled_mC3.wav,Lola,Wuschel,after,non-partner,Tabor-Lola,1.8150823,3.834031,PaCMAP
346,after_phees_2022-07-25_13-47-10_0000038_labelled_Lola_pheeseq_0000014_labelled_mD1.wav,Lola,Wuschel,after,non-partner,Tabor-Lola,-1.9697963,8.358469,PaCMAP
347,after_phees_2022-07-25_13-47-10_0000038_labelled_Lola_pheeseq_0000014_labelled_mD2.wav,Lola,Wuschel,after,non-partner,Tabor-Lola,1.319388,5.03646,PaCMAP
348,after_phees_2022-07-25_13-47-10_0000038_labelled_Lola_pheeseq_0000014_labelled_mD3.wav,Lola,Wuschel,after,non-partner,Tabor-Lola,1.6979569,4.426793,PaCMAP
349,after_phees_2022-07-25_13-47-10_0000038_labelled_Lola_pheeseq_0000014_labelled_mD7.wav,Lola,Wuschel,after,non-partner,Tabor-Lola,-2.8577552,7.6868834,PaCMAP
350,after_phees_2022-07-25_13-47-10_0000038_labelled_Lola_pheeseq_0000016_labelled_mC1.wav,Lola,Wuschel,after,non-partner,Tabor-Lola,0.58478594,8.219756,PaCMAP
351,after_phees_2022-07-25_13-47-10_0000038_labelled_Lola_pheeseq_0000016_labelled_mC2.wav,Lola,Wuschel,after,non-partner,Tabor-Lola,0.8272864,6.0422554,PaCMAP
352,after_phees_2022-07-25_13-47-10_0000038_labelled_Lola_pheeseq_0000016_labelled_mC3.wav,Lola,Wuschel,after,non-partner,Tabor-Lola,2.239897,3.4159896,PaCMAP
353,after_phees_2022-07-25_13-47-10_0000038_labelled_Lola_pheeseq_0000020_labelled_mC1.wav,Lola,Wuschel,after,non-partner,Tabor-Lola,-3.2360477,7.7425613,PaCMAP
354,after_phees_2022-07-25_13-47-10_0000038_labelled_Lola_pheeseq_0000020_labelled_mC2.wav,Lola,Wuschel,after,non-partner,Tabor-Lola,1.7683705,4.174192,PaCMAP
355,after_phees_2022-07-25_13-47-10_0000038_labelled_Lola_pheeseq_0000020_labelled_mC5.wav,Lola,Wuschel,after,non-partner,Tabor-Lola,-4.0696535,6.569375,PaCMAP
356,after_phees_2022-07-25_13-47-10_0000038_labelled_Lola_pheeseq_0000021_labelled_mB1.wav,Lola,Wuschel,after,non-partner,Tabor-Lola,-1.4010233,0.78140265,PaCMAP
357,after_phees_2022-07-25_13-47-10_0000038_labelled_Lola_pheeseq_0000021_labelled_mB2.wav,Lola,Wuschel,after,non-partner,Tabor-Lola,6.321093,-5.7626715,PaCMAP
358,after_phees_2022-07-25_13-47-10_0000038_labelled_Lola_pheeseq_0000022_labelled_mB1.wav,Lola,Wuschel,after,non-partner,Tabor-Lola,-1.0770386,8.517369,PaCMAP
359,after_phees_2022-07-25_13-47-10_0000038_labelled_Lola_pheeseq_0000022_labelled_mB2.wav,Lola,Wuschel,after,non-partner,Tabor-Lola,2.7018902,5.1910896,PaCMAP
360,after_phees_2022-07-25_13-47-10_0000038_labelled_Lola_pheeseq_0000025_labelled_mC1.wav,Lola,Wuschel,after,non-partner,Tabor-Lola,1.5558869,5.605059,PaCMAP
361,after_phees_2022-07-25_13-47-10_0000038_labelled_Lola_pheeseq_0000025_labelled_mC3.wav,Lola,Wuschel,after,non-partner,Tabor-Lola,5.268502,-1.123306,PaCMAP
362,after_phees_2022-07-25_13-47-10_0000038_labelled_Lola_pheeseq_0000036_labelled_mB1.wav,Lola,Wuschel,after,non-partner,Tabor-Lola,1.6344392,4.5414314,PaCMAP
363,after_phees_2022-07-25_13-47-10_0000038_labelled_Lola_pheeseq_0000036_labelled_mB2.wav,Lola,Wuschel,after,non-partner,Tabor-Lola,2.5832407,-0.7660556,PaCMAP
364,after_phees_2022-07-25_13-47-10_0000038_labelled_Lola_pheeseq_0000037_labelled_mB1.wav,Lola,Wuschel,after,non-partner,Tabor-Lola,-2.2843049,7.446222,PaCMAP
365,after_phees_2022-07-25_13-47-10_0000038_labelled_Lola_pheeseq_0000037_labelled_mB2.wav,Lola,Wuschel,after,non-partner,Tabor-Lola,-3.4654179,7.8361936,PaCMAP
366,after_phees_2022-07-25_13-47-10_0000038_labelled_Lola_pheeseq_0000038_labelled_mC1.wav,Lola,Wuschel,after,non-partner,Tabor-Lola,-2.6527052,7.5258055,PaCMAP
367,after_phees_2022-07-25_13-47-10_0000038_labelled_Lola_pheeseq_0000038_labelled_mC2.wav,Lola,Wuschel,after,non-partner,Tabor-Lola,0.6001498,4.3065867,PaCMAP
368,after_phees_2022-07-25_13-47-10_0000038_labelled_Lola_pheeseq_0000039_labelled_mC2.wav,Lola,Wuschel,after,non-partner,Tabor-Lola,1.3717372,5.002366,PaCMAP
369,after_phees_2022-07-25_13-47-10_0000038_labelled_Lola_pheeseq_0000039_labelled_mC3.wav,Lola,Wuschel,after,non-partner,Tabor-Lola,0.52273536,8.006305,PaCMAP
370,after_phees_2022-07-25_13-47-10_0000038_labelled_Lola_pheeseq_0000040_labelled_mC1.wav,Lola,Wuschel,after,non-partner,Tabor-Lola,0.046141203,4.307916,PaCMAP
371,after_phees_2022-07-25_13-47-10_0000038_labelled_Lola_pheeseq_0000040_labelled_mC2.wav,Lola,Wuschel,after,non-partner,Tabor-Lola,2.7355547,5.0952277,PaCMAP
372,after_phees_2022-07-25_13-47-10_0000038_labelled_Lola_pheeseq_0000040_labelled_mC3.wav,Lola,Wuschel,after,non-partner,Tabor-Lola,0.17693968,8.117659,PaCMAP
373,after_phees_2022-07-25_13-47-10_0000038_labelled_Lola_pheeseq_0000041_labelled_mC1.wav,Lola,Wuschel,after,non-partner,Tabor-Lola,-3.138841,7.604725,PaCMAP
374,after_phees_2022-07-25_13-47-10_0000038_labelled_Lola_pheeseq_0000041_labelled_mC2.wav,Lola,Wuschel,after,non-partner,Tabor-Lola,2.797939,3.9596474,PaCMAP
375,after_phees_2022-07-25_13-47-10_0000038_labelled_Lola_pheeseq_0000041_labelled_mC3.wav,Lola,Wuschel,after,non-partner,Tabor-Lola,3.0579882,1.1103106,PaCMAP
376,after_phees_2022-07-25_13-47-10_0000038_labelled_Lola_pheeseq_0000042_labelled_mB1.wav,Lola,Wuschel,after,non-partner,Tabor-Lola,1.6396132,4.6481934,PaCMAP
377,after_phees_2022-07-25_13-47-10_0000038_labelled_Lola_pheeseq_0000043_labelled_mB1.wav,Lola,Wuschel,after,non-partner,Tabor-Lola,0.43379784,3.9811609,PaCMAP
378,after_phees_2022-07-25_13-47-10_0000038_labelled_Lola_pheeseq_0000044_labelled_mB1.wav,Lola,Wuschel,after,non-partner,Tabor-Lola,-1.5372574,8.485614,PaCMAP
379,after_phees_2022-07-25_13-47-10_0000038_labelled_Lola_pheeseq_0000044_labelled_mB2.wav,Lola,Wuschel,after,non-partner,Tabor-Lola,1.9943055,3.830437,PaCMAP
380,after_phees_2022-07-25_13-47-10_0000038_labelled_Lola_pheeseq_0000045_labelled_mB1.wav,Lola,Wuschel,after,non-partner,Tabor-Lola,-1.2689373,8.618728,PaCMAP
381,after_phees_2022-07-25_13-47-10_0000038_labelled_Lola_pheeseq_0000045_labelled_mB2.wav,Lola,Wuschel,after,non-partner,Tabor-Lola,2.4340613,5.421187,PaCMAP
382,after_phees_2022-07-25_13-47-10_0000038_labelled_Lola_pheeseq_0000046_labelled_mB1.wav,Lola,Wuschel,after,non-partner,Tabor-Lola,0.68954355,5.458511,PaCMAP
383,after_phees_2022-07-25_13-47-10_0000038_labelled_Lola_pheeseq_0000046_labelled_mB2.wav,Lola,Wuschel,after,non-partner,Tabor-Lola,2.116123,5.5446978,PaCMAP
384,after_phees_2022-07-25_13-47-10_0000038_labelled_Lola_pheeseq_0000047_labelled_mB1.wav,Lola,Wuschel,after,non-partner,Tabor-Lola,0.26097983,5.8595757,PaCMAP
385,after_phees_2022-07-25_13-47-10_0000038_labelled_Lola_pheeseq_0000047_labelled_mB2.wav,Lola,Wuschel,after,non-partner,Tabor-Lola,0.57567686,8.056539,PaCMAP
386,after_phees_2022-07-25_13-47-10_0000038_labelled_Lola_pheeseq_0000048_labelled_mB1.wav,Lola,Wuschel,after,non-partner,Tabor-Lola,0.5881193,3.7096853,PaCMAP
387,after_phees_2022-07-25_13-47-10_0000038_labelled_Lola_pheeseq_0000048_labelled_mB2.wav,Lola,Wuschel,after,non-partner,Tabor-Lola,1.555467,4.727983,PaCMAP
388,after_phees_2022-07-25_13-47-10_0000038_labelled_Lola_pheeseq_0000049_labelled_mB1.wav,Lola,Wuschel,after,non-partner,Tabor-Lola,-1.2038376,8.384367,PaCMAP
389,after_phees_2022-07-25_13-47-10_0000038_labelled_Lola_pheeseq_0000049_labelled_mB3.wav,Lola,Wuschel,after,non-partner,Tabor-Lola,0.54289854,6.4301605,PaCMAP
390,after_phees_2022-07-25_13-47-10_0000038_labelled_Lola_pheeseq_0000050_labelled_mB2.wav,Lola,Wuschel,after,non-partner,Tabor-Lola,1.228025,7.4963603,PaCMAP
391,after_phees_2022-07-25_13-47-10_0000038_labelled_Lola_pheeseq_0000051_labelled_mB2.wav,Lola,Wuschel,after,non-partner,Tabor-Lola,0.88369906,7.200545,PaCMAP
392,after_phees_2022-07-25_13-47-10_0000038_labelled_Lola_pheeseq_0000055_labelled_mB1.wav,Lola,Wuschel,after,non-partner,Tabor-Lola,0.45452073,7.498445,PaCMAP
393,after_phees_2022-07-25_13-47-10_0000038_labelled_Lola_pheeseq_0000055_labelled_mB2.wav,Lola,Wuschel,after,non-partner,Tabor-Lola,1.7138115,4.808347,PaCMAP
394,after_phees_2022-07-25_13-47-10_0000038_labelled_Lola_pheeseq_0000058_labelled_mB1.wav,Lola,Wuschel,after,non-partner,Tabor-Lola,-1.3214766,8.24613,PaCMAP
395,after_phees_2022-07-25_13-47-10_0000038_labelled_Lola_pheeseq_0000058_labelled_mB2.wav,Lola,Wuschel,after,non-partner,Tabor-Lola,1.6858703,4.507175,PaCMAP
396,after_phees_2022-07-25_13-47-10_0000038_labelled_Wuschel_pheeseq_0000010_labelled_mB1.wav,Wuschel,Lola,after,non-partner,Wuschel-Olympia,-14.253533,2.407224,PaCMAP
397,after_phees_2022-07-25_13-47-10_0000038_labelled_Wuschel_pheeseq_0000010_labelled_mB2.wav,Wuschel,Lola,after,non-partner,Wuschel-Olympia,-11.888974,4.1212826,PaCMAP
398,after_phees_2022-07-25_13-47-10_0000038_labelled_Wuschel_pheeseq_0000011_labelled_mB1.wav,Wuschel,Lola,after,non-partner,Wuschel-Olympia,-15.18513,3.3285635,PaCMAP
399,after_phees_2022-07-25_13-47-10_0000038_labelled_Wuschel_pheeseq_0000011_labelled_mB2.wav,Wuschel,Lola,after,non-partner,Wuschel-Olympia,-13.889214,1.3830677,PaCMAP
400,after_phees_2022-07-25_13-47-10_0000038_labelled_Wuschel_pheeseq_0000012_labelled_mB1.wav,Wuschel,Lola,after,non-partner,Wuschel-Olympia,-15.283527,3.4130545,PaCMAP
401,after_phees_2022-07-25_13-47-10_0000038_labelled_Wuschel_pheeseq_0000012_labelled_mB2.wav,Wuschel,Lola,after,non-partner,Wuschel-Olympia,-11.936365,3.9157147,PaCMAP
402,after_phees_2022-07-25_13-47-10_0000038_labelled_Wuschel_pheeseq_0000015_labelled_mB1.wav,Wuschel,Lola,after,non-partner,Wuschel-Olympia,-13.129116,1.3812611,PaCMAP
403,after_phees_2022-07-25_13-47-10_0000038_labelled_Wuschel_pheeseq_0000015_labelled_mB2.wav,Wuschel,Lola,after,non-partner,Wuschel-Olympia,-12.411226,1.4133644,PaCMAP
404,after_phees_2022-07-25_13-47-10_0000038_labelled_Wuschel_pheeseq_0000017_labelled_mB1.wav,Wuschel,Lola,after,non-partner,Wuschel-Olympia,-15.340837,3.3643074,PaCMAP
405,after_phees_2022-07-25_13-47-10_0000038_labelled_Wuschel_pheeseq_0000017_labelled_mB2.wav,Wuschel,Lola,after,non-partner,Wuschel-Olympia,-13.401005,1.41442,PaCMAP
406,after_phees_2022-07-25_13-47-10_0000038_labelled_Wuschel_pheeseq_0000018_labelled_mB1.wav,Wuschel,Lola,after,non-partner,Wuschel-Olympia,-15.498769,3.6152499,PaCMAP
407,after_phees_2022-07-25_13-47-10_0000038_labelled_Wuschel_pheeseq_0000018_labelled_mB2.wav,Wuschel,Lola,after,non-partner,Wuschel-Olympia,-13.322903,1.6996627,PaCMAP
408,after_phees_2022-07-25_13-47-10_0000038_labelled_Wuschel_pheeseq_0000023_labelled_mB1.wav,Wuschel,Lola,after,non-partner,Wuschel-Olympia,-15.42913,3.4062588,PaCMAP
409,after_phees_2022-07-25_13-47-10_0000038_labelled_Wuschel_pheeseq_0000023_labelled_mB2.wav,Wuschel,Lola,after,non-partner,Wuschel-Olympia,-13.653413,1.0144522,PaCMAP
410,after_phees_2022-07-25_13-47-10_0000038_labelled_Wuschel_pheeseq_0000024_labelled_mB1.wav,Wuschel,Lola,after,non-partner,Wuschel-Olympia,-14.192546,4.1163254,PaCMAP
411,after_phees_2022-07-25_13-47-10_0000038_labelled_Wuschel_pheeseq_0000024_labelled_mB2.wav,Wuschel,Lola,after,non-partner,Wuschel-Olympia,-13.433135,1.4317365,PaCMAP
412,after_phees_2022-07-25_13-47-10_0000038_labelled_Wuschel_pheeseq_0000026_labelled_mB1.wav,Wuschel,Lola,after,non-partner,Wuschel-Olympia,-14.615098,3.7790492,PaCMAP
413,after_phees_2022-07-25_13-47-10_0000038_labelled_Wuschel_pheeseq_0000026_labelled_mB2.wav,Wuschel,Lola,after,non-partner,Wuschel-Olympia,-12.869744,1.7371789,PaCMAP
414,after_phees_2022-07-25_13-47-10_0000038_labelled_Wuschel_pheeseq_0000027_labelled_mB1.wav,Wuschel,Lola,after,non-partner,Wuschel-Olympia,-14.092293,4.1589794,PaCMAP
415,after_phees_2022-07-25_13-47-10_0000038_labelled_Wuschel_pheeseq_0000027_labelled_mB2.wav,Wuschel,Lola,after,non-partner,Wuschel-Olympia,-13.72006,2.1745992,PaCMAP
416,after_phees_2022-07-25_13-47-10_0000038_labelled_Wuschel_pheeseq_0000028_labelled_mB1.wav,Wuschel,Lola,after,non-partner,Wuschel-Olympia,-15.295623,3.370521,PaCMAP
417,after_phees_2022-07-25_13-47-10_0000038_labelled_Wuschel_pheeseq_0000028_labelled_mB2.wav,Wuschel,Lola,after,non-partner,Wuschel-Olympia,-14.079561,1.4931735,PaCMAP
418,after_phees_2022-07-25_13-47-10_0000038_labelled_Wuschel_pheeseq_0000029_labelled_mB1.wav,Wuschel,Lola,after,non-partner,Wuschel-Olympia,-15.174266,3.1691253,PaCMAP
419,after_phees_2022-07-25_13-47-10_0000038_labelled_Wuschel_pheeseq_0000029_labelled_mB2.wav,Wuschel,Lola,after,non-partner,Wuschel-Olympia,-11.420963,1.5488075,PaCMAP
420,after_phees_2022-07-25_13-47-10_0000038_labelled_Wuschel_pheeseq_0000030_labelled_mC1.wav,Wuschel,Lola,after,non-partner,Wuschel-Olympia,-13.499791,4.1827846,PaCMAP
421,after_phees_2022-07-25_13-47-10_0000038_labelled_Wuschel_pheeseq_0000030_labelled_mC2.wav,Wuschel,Lola,after,non-partner,Wuschel-Olympia,-13.411627,1.1718045,PaCMAP
422,after_phees_2022-07-25_13-47-10_0000038_labelled_Wuschel_pheeseq_0000030_labelled_mC3.wav,Wuschel,Lola,after,non-partner,Wuschel-Olympia,-12.721915,1.4913573,PaCMAP
423,after_phees_2022-07-25_13-47-10_0000038_labelled_Wuschel_pheeseq_0000054_labelled_mB1.wav,Wuschel,Lola,after,non-partner,Wuschel-Olympia,-15.803505,3.882749,PaCMAP
424,after_phees_2022-07-25_13-47-10_0000038_labelled_Wuschel_pheeseq_0000054_labelled_mB2.wav,Wuschel,Lola,after,non-partner,Wuschel-Olympia,-14.585021,4.0674086,PaCMAP
425,after_phees_2022-07-25_13-47-10_0000038_labelled_Wuschel_pheeseq_0000056_labelled_mB1.wav,Wuschel,Lola,after,non-partner,Wuschel-Olympia,-15.440439,3.8169808,PaCMAP
426,after_phees_2022-07-25_13-47-10_0000038_labelled_Wuschel_pheeseq_0000056_labelled_mB2.wav,Wuschel,Lola,after,non-partner,Wuschel-Olympia,-13.98221,1.8162756,PaCMAP
427,after_phees_2022-07-25_14-28-46_0000039_labelled_Nougatti_pheeseq_0000014_labelled_mB1.wav,Nougatti,Tabor,after,non-partner,Odin-Nougatti,6.998114,-7.2503614,PaCMAP
428,after_phees_2022-07-25_14-28-46_0000039_labelled_Nougatti_pheeseq_0000014_labelled_mB2.wav,Nougatti,Tabor,after,non-partner,Odin-Nougatti,-2.4365559,-1.6260545,PaCMAP
429,after_phees_2022-07-25_14-28-46_0000039_labelled_Nougatti_pheeseq_0000015_labelled_mB1.wav,Nougatti,Tabor,after,non-partner,Odin-Nougatti,-3.842995,4.0629363,PaCMAP
430,after_phees_2022-07-25_14-28-46_0000039_labelled_Nougatti_pheeseq_0000015_labelled_mB2.wav,Nougatti,Tabor,after,non-partner,Odin-Nougatti,-4.9676633,0.83507365,PaCMAP
431,after_phees_2022-07-25_14-28-46_0000039_labelled_Nougatti_pheeseq_0000016_labelled_mB1.wav,Nougatti,Tabor,after,non-partner,Odin-Nougatti,-2.7026572,3.329128,PaCMAP
432,after_phees_2022-07-25_14-28-46_0000039_labelled_Nougatti_pheeseq_0000016_labelled_mB2.wav,Nougatti,Tabor,after,non-partner,Odin-Nougatti,-2.1312685,-0.05494188,PaCMAP
433,after_phees_2022-07-25_14-28-46_0000039_labelled_Nougatti_pheeseq_0000017_labelled_mB1.wav,Nougatti,Tabor,after,non-partner,Odin-Nougatti,-4.8620834,5.723832,PaCMAP
434,after_phees_2022-07-25_14-28-46_0000039_labelled_Nougatti_pheeseq_0000018_labelled_mC1.wav,Nougatti,Tabor,after,non-partner,Odin-Nougatti,-4.724541,0.849593,PaCMAP
435,after_phees_2022-07-25_14-28-46_0000039_labelled_Nougatti_pheeseq_0000025_labelled_mB1.wav,Nougatti,Tabor,after,non-partner,Odin-Nougatti,-3.4039226,5.5917034,PaCMAP
436,after_phees_2022-07-25_14-28-46_0000039_labelled_Nougatti_pheeseq_0000025_labelled_mB2.wav,Nougatti,Tabor,after,non-partner,Odin-Nougatti,-4.1145396,1.1688534,PaCMAP
437,after_phees_2022-07-25_14-28-46_0000039_labelled_Nougatti_pheeseq_0000026_labelled_mB1.wav,Nougatti,Tabor,after,non-partner,Odin-Nougatti,-7.0109153,5.322596,PaCMAP
438,after_phees_2022-07-25_14-28-46_0000039_labelled_Nougatti_pheeseq_0000026_labelled_mB2.wav,Nougatti,Tabor,after,non-partner,Odin-Nougatti,-4.7173524,1.0540264,PaCMAP
439,after_phees_2022-07-25_14-28-46_0000039_labelled_Nougatti_pheeseq_0000027_labelled_mC1.wav,Nougatti,Tabor,after,non-partner,Odin-Nougatti,-6.7706013,5.38716,PaCMAP
440,after_phees_2022-07-25_14-28-46_0000039_labelled_Nougatti_pheeseq_0000027_labelled_mC3.wav,Nougatti,Tabor,after,non-partner,Odin-Nougatti,-2.4584315,-0.14934643,PaCMAP
441,after_phees_2022-07-25_14-28-46_0000039_labelled_Nougatti_pheeseq_0000027_labelled_mC4.wav,Nougatti,Tabor,after,non-partner,Odin-Nougatti,8.909633,-8.725132,PaCMAP
442,after_phees_2022-07-25_14-28-46_0000039_labelled_Nougatti_pheeseq_0000028_labelled_mC1.wav,Nougatti,Tabor,after,non-partner,Odin-Nougatti,-4.8165536,0.38720262,PaCMAP
443,after_phees_2022-07-25_14-28-46_0000039_labelled_Nougatti_pheeseq_0000028_labelled_mC3.wav,Nougatti,Tabor,after,non-partner,Odin-Nougatti,-2.2332501,0.23454668,PaCMAP
444,after_phees_2022-07-25_14-28-46_0000039_labelled_Nougatti_pheeseq_0000028_labelled_mC4.wav,Nougatti,Tabor,after,non-partner,Odin-Nougatti,-3.9729495,0.5333235,PaCMAP
445,after_phees_2022-07-25_14-28-46_0000039_labelled_Nougatti_pheeseq_0000029_labelled_mB1.wav,Nougatti,Tabor,after,non-partner,Odin-Nougatti,-6.1504145,5.641025,PaCMAP
446,after_phees_2022-07-25_14-28-46_0000039_labelled_Nougatti_pheeseq_0000029_labelled_mB2.wav,Nougatti,Tabor,after,non-partner,Odin-Nougatti,7.9632435,-7.9938526,PaCMAP
447,after_phees_2022-07-25_14-28-46_0000039_labelled_Nougatti_pheeseq_0000030_labelled_mB1.wav,Nougatti,Tabor,after,non-partner,Odin-Nougatti,-4.8920197,1.0488123,PaCMAP
448,after_phees_2022-07-25_14-28-46_0000039_labelled_Nougatti_pheeseq_0000030_labelled_mB2.wav,Nougatti,Tabor,after,non-partner,Odin-Nougatti,7.232524,-7.628756,PaCMAP
449,after_phees_2022-07-25_14-28-46_0000039_labelled_Nougatti_pheeseq_0000031_labelled_mB1.wav,Nougatti,Tabor,after,non-partner,Odin-Nougatti,-6.429911,5.642963,PaCMAP
450,after_phees_2022-07-25_14-28-46_0000039_labelled_Nougatti_pheeseq_0000031_labelled_mB3.wav,Nougatti,Tabor,after,non-partner,Odin-Nougatti,7.5494657,-7.675822,PaCMAP
451,after_phees_2022-07-25_14-28-46_0000039_labelled_Nougatti_pheeseq_0000032_labelled_mB1.wav,Nougatti,Tabor,after,non-partner,Odin-Nougatti,-2.3058143,1.3912492,PaCMAP
452,after_phees_2022-07-25_14-28-46_0000039_labelled_Nougatti_pheeseq_0000032_labelled_mB2.wav,Nougatti,Tabor,after,non-partner,Odin-Nougatti,-0.12492923,0.7392953,PaCMAP
453,after_phees_2022-07-25_14-28-46_0000039_labelled_Nougatti_pheeseq_0000033_labelled_mC1.wav,Nougatti,Tabor,after,non-partner,Odin-Nougatti,-6.091164,5.972557,PaCMAP
454,after_phees_2022-07-25_14-28-46_0000039_labelled_Nougatti_pheeseq_0000033_labelled_mC2.wav,Nougatti,Tabor,after,non-partner,Odin-Nougatti,0.93605304,0.86349607,PaCMAP
455,after_phees_2022-07-25_14-28-46_0000039_labelled_Nougatti_pheeseq_0000033_labelled_mC3.wav,Nougatti,Tabor,after,non-partner,Odin-Nougatti,7.9646277,-7.538338,PaCMAP
456,after_phees_2022-07-25_14-28-46_0000039_labelled_Nougatti_pheeseq_0000034_labelled_mB1.wav,Nougatti,Tabor,after,non-partner,Odin-Nougatti,-0.8158054,1.6114206,PaCMAP
457,after_phees_2022-07-25_14-28-46_0000039_labelled_Nougatti_pheeseq_0000034_labelled_mB3.wav,Nougatti,Tabor,after,non-partner,Odin-Nougatti,6.516282,-6.1371465,PaCMAP
458,after_phees_2022-07-25_14-28-46_0000039_labelled_Nougatti_pheeseq_0000035_labelled_mB1.wav,Nougatti,Tabor,after,non-partner,Odin-Nougatti,-1.9772718,0.010764806,PaCMAP
459,after_phees_2022-07-25_14-28-46_0000039_labelled_Nougatti_pheeseq_0000035_labelled_mB3.wav,Nougatti,Tabor,after,non-partner,Odin-Nougatti,6.663367,-6.4380007,PaCMAP
460,after_phees_2022-07-25_14-28-46_0000039_labelled_Tabor_pheeseq_0000010_labelled_mE2.wav,Tabor,Nougatti,after,non-partner,Tabor-Lola,-4.2519817,-1.2237759,PaCMAP
461,after_phees_2022-07-25_14-28-46_0000039_labelled_Tabor_pheeseq_0000010_labelled_mE3.wav,Tabor,Nougatti,after,non-partner,Tabor-Lola,-6.8448725,-1.865377,PaCMAP
462,after_phees_2022-07-25_14-28-46_0000039_labelled_Tabor_pheeseq_0000010_labelled_mE4.wav,Tabor,Nougatti,after,non-partner,Tabor-Lola,-9.277808,2.3006554,PaCMAP
463,after_phees_2022-07-25_14-28-46_0000039_labelled_Tabor_pheeseq_0000010_labelled_mE5.wav,Tabor,Nougatti,after,non-partner,Tabor-Lola,-10.276269,1.3076612,PaCMAP
464,after_phees_2022-07-25_14-28-46_0000039_labelled_Tabor_pheeseq_0000011_labelled_mC1.wav,Tabor,Nougatti,after,non-partner,Tabor-Lola,-2.412948,-0.059222415,PaCMAP
465,after_phees_2022-07-25_14-28-46_0000039_labelled_Tabor_pheeseq_0000011_labelled_mC2.wav,Tabor,Nougatti,after,non-partner,Tabor-Lola,-4.126629,-0.40853584,PaCMAP
466,after_phees_2022-07-25_14-28-46_0000039_labelled_Tabor_pheeseq_0000011_labelled_mC3.wav,Tabor,Nougatti,after,non-partner,Tabor-Lola,11.226543,-8.723541,PaCMAP
467,after_phees_2022-07-25_14-28-46_0000039_labelled_Tabor_pheeseq_0000012_labelled_mC1.wav,Tabor,Nougatti,after,non-partner,Tabor-Lola,-6.226666,5.934978,PaCMAP
468,after_phees_2022-07-25_14-28-46_0000039_labelled_Tabor_pheeseq_0000012_labelled_mC3.wav,Tabor,Nougatti,after,non-partner,Tabor-Lola,-8.814672,-0.27605742,PaCMAP
469,after_phees_2022-07-25_14-28-46_0000039_labelled_Tabor_pheeseq_0000013_labelled_mD1.wav,Tabor,Nougatti,after,non-partner,Tabor-Lola,-3.6734602,1.2646511,PaCMAP
470,after_phees_2022-07-25_14-28-46_0000039_labelled_Tabor_pheeseq_0000013_labelled_mD2.wav,Tabor,Nougatti,after,non-partner,Tabor-Lola,-4.15878,-0.65129036,PaCMAP
471,after_phees_2022-07-25_14-28-46_0000039_labelled_Tabor_pheeseq_0000013_labelled_mD3.wav,Tabor,Nougatti,after,non-partner,Tabor-Lola,-7.949989,4.915187,PaCMAP
472,after_phees_2022-07-25_14-28-46_0000039_labelled_Tabor_pheeseq_0000013_labelled_mD4.wav,Tabor,Nougatti,after,non-partner,Tabor-Lola,-8.497215,-0.80155486,PaCMAP
473,after_phees_2022-07-25_14-28-46_0000039_labelled_Tabor_pheeseq_0000024_labelled_mB1.wav,Tabor,Nougatti,after,non-partner,Tabor-Lola,-7.634536,5.0847054,PaCMAP
474,after_phees_2022-07-25_14-28-46_0000039_labelled_Tabor_pheeseq_0000024_labelled_mB2.wav,Tabor,Nougatti,after,non-partner,Tabor-Lola,-9.096567,3.1727667,PaCMAP
475,after_phees_2022-07-25_14-28-46_0000039_labelled_Tabor_pheeseq_0000036_labelled_mB1.wav,Tabor,Nougatti,after,non-partner,Tabor-Lola,-6.5509615,5.6137676,PaCMAP
476,after_phees_2022-07-25_14-28-46_0000039_labelled_Tabor_pheeseq_0000036_labelled_mB2.wav,Tabor,Nougatti,after,non-partner,Tabor-Lola,-5.5907717,-1.1699239,PaCMAP
477,after_phees_2022-07-25_14-43-13_0000041_labelled_Nougatti_pheeseq_0000002_labelled_mB1.wav,Nougatti,Tabor,after,non-partner,Odin-Nougatti,-1.3684603,4.3010445,PaCMAP
478,after_phees_2022-07-25_14-43-13_0000041_labelled_Nougatti_pheeseq_0000002_labelled_mB2.wav,Nougatti,Tabor,after,non-partner,Odin-Nougatti,-1.7403542,-0.19199091,PaCMAP
479,after_phees_2022-07-25_14-43-13_0000041_labelled_Nougatti_pheeseq_0000003_labelled_mB1.wav,Nougatti,Tabor,after,non-partner,Odin-Nougatti,-2.4756927,2.4103336,PaCMAP
480,after_phees_2022-07-25_14-43-13_0000041_labelled_Nougatti_pheeseq_0000003_labelled_mB2.wav,Nougatti,Tabor,after,non-partner,Odin-Nougatti,0.36493543,0.23092061,PaCMAP
481,after_phees_2022-07-25_14-43-13_0000041_labelled_Nougatti_pheeseq_0000004_labelled_mB1.wav,Nougatti,Tabor,after,non-partner,Odin-Nougatti,-2.5429776,1.2858387,PaCMAP
482,after_phees_2022-07-25_14-43-13_0000041_labelled_Nougatti_pheeseq_0000004_labelled_mB2.wav,Nougatti,Tabor,after,non-partner,Odin-Nougatti,7.882478,-7.7276115,PaCMAP
483,after_phees_2022-07-25_14-43-13_0000041_labelled_Nougatti_pheeseq_0000005_labelled_mB1.wav,Nougatti,Tabor,after,non-partner,Odin-Nougatti,-2.5396504,1.8289452,PaCMAP
484,after_phees_2022-07-25_14-43-13_0000041_labelled_Nougatti_pheeseq_0000005_labelled_mB2.wav,Nougatti,Tabor,after,non-partner,Odin-Nougatti,-2.524795,1.5640998,PaCMAP
485,after_phees_2022-07-25_14-43-13_0000041_labelled_Nougatti_pheeseq_0000007_labelled_mB1.wav,Nougatti,Tabor,after,non-partner,Odin-Nougatti,-1.1865165,2.9098644,PaCMAP
486,after_phees_2022-07-25_14-43-13_0000041_labelled_Nougatti_pheeseq_0000007_labelled_mB2.wav,Nougatti,Tabor,after,non-partner,Odin-Nougatti,6.7496114,-6.6915197,PaCMAP
487,after_phees_2022-07-25_14-43-13_0000041_labelled_Nougatti_pheeseq_0000008_labelled_mB1.wav,Nougatti,Tabor,after,non-partner,Odin-Nougatti,-6.1650715,6.040872,PaCMAP
488,after_phees_2022-07-25_14-43-13_0000041_labelled_Nougatti_pheeseq_0000008_labelled_mB2.wav,Nougatti,Tabor,after,non-partner,Odin-Nougatti,-0.121624075,0.8323464,PaCMAP
489,after_phees_2022-07-25_14-43-13_0000041_labelled_Tabor_pheeseq_0000001_labelled_mC1.wav,Tabor,Nougatti,after,non-partner,Tabor-Lola,-4.984155,-0.68581724,PaCMAP
490,after_phees_2022-07-25_14-43-13_0000041_labelled_Tabor_pheeseq_0000001_labelled_mC2.wav,Tabor,Nougatti,after,non-partner,Tabor-Lola,-9.679622,3.8808987,PaCMAP
491,after_phees_2022-07-25_14-43-13_0000041_labelled_Tabor_pheeseq_0000001_labelled_mC3.wav,Tabor,Nougatti,after,non-partner,Tabor-Lola,-9.874817,0.9855476,PaCMAP
492,after_phees_2022-07-25_14-43-13_0000041_labelled_Tabor_pheeseq_0000006_labelled_mC1.wav,Tabor,Nougatti,after,non-partner,Tabor-Lola,9.407973,-8.236461,PaCMAP
493,after_phees_2022-07-25_14-43-13_0000041_labelled_Tabor_pheeseq_0000006_labelled_mC2.wav,Tabor,Nougatti,after,non-partner,Tabor-Lola,-6.718488,-0.60745275,PaCMAP
494,after_phees_2022-07-25_14-43-13_0000041_labelled_Tabor_pheeseq_0000006_labelled_mC3.wav,Tabor,Nougatti,after,non-partner,Tabor-Lola,-9.054096,-0.018409545,PaCMAP
495,after_phees_2022-07-25_14-55-51_0000042_labelled_Tabor_pheeseq_0000002_labelled_mC1.wav,Tabor,Olympia,after,non-partner,Tabor-Lola,-5.021075,0.6441165,PaCMAP
496,after_phees_2022-07-25_14-55-51_0000042_labelled_Tabor_pheeseq_0000002_labelled_mC2.wav,Tabor,Olympia,after,non-partner,Tabor-Lola,-6.423,-0.3466922,PaCMAP
497,after_phees_2022-07-25_14-55-51_0000042_labelled_Tabor_pheeseq_0000002_labelled_mC3.wav,Tabor,Olympia,after,non-partner,Tabor-Lola,-9.1572695,0.078654245,PaCMAP
498,after_phees_2022-07-25_14-55-51_0000042_labelled_Tabor_pheeseq_0000004_labelled_mC1.wav,Tabor,Olympia,after,non-partner,Tabor-Lola,-4.676576,-0.15089084,PaCMAP
499,after_phees_2022-07-25_14-55-51_0000042_labelled_Tabor_pheeseq_0000004_labelled_mC2.wav,Tabor,Olympia,after,non-partner,Tabor-Lola,-5.07555,-0.74638253,PaCMAP
500,after_phees_2022-07-25_14-55-51_0000042_labelled_Tabor_pheeseq_0000004_labelled_mC3.wav,Tabor,Olympia,after,non-partner,Tabor-Lola,11.023427,-8.725955,PaCMAP
501,after_phees_2022-07-25_14-55-51_0000042_labelled_Tabor_pheeseq_0000005_labelled_mC1.wav,Tabor,Olympia,after,non-partner,Tabor-Lola,9.658272,-8.967295,PaCMAP
502,after_phees_2022-07-25_14-55-51_0000042_labelled_Tabor_pheeseq_0000005_labelled_mC2.wav,Tabor,Olympia,after,non-partner,Tabor-Lola,-4.1630216,-0.6017349,PaCMAP
503,after_phees_2022-07-25_14-55-51_0000042_labelled_Tabor_pheeseq_0000005_labelled_mC3.wav,Tabor,Olympia,after,non-partner,Tabor-Lola,11.080737,-8.7240715,PaCMAP
504,after_phees_2022-07-25_14-55-51_0000042_labelled_Tabor_pheeseq_0000006_labelled_mC1.wav,Tabor,Olympia,after,non-partner,Tabor-Lola,-6.1079617,-1.1986998,PaCMAP
505,after_phees_2022-07-25_14-55-51_0000042_labelled_Tabor_pheeseq_0000006_labelled_mC2.wav,Tabor,Olympia,after,non-partner,Tabor-Lola,-3.9615242,-0.41332883,PaCMAP
506,after_phees_2022-07-25_14-55-51_0000042_labelled_Tabor_pheeseq_0000006_labelled_mC3.wav,Tabor,Olympia,after,non-partner,Tabor-Lola,-4.8431225,-2.0505347,PaCMAP
507,after_phees_2022-07-25_14-55-51_0000042_labelled_Tabor_pheeseq_0000007_labelled_mC1.wav,Tabor,Olympia,after,non-partner,Tabor-Lola,8.976332,-8.504473,PaCMAP
508,after_phees_2022-07-25_14-55-51_0000042_labelled_Tabor_pheeseq_0000007_labelled_mC3.wav,Tabor,Olympia,after,non-partner,Tabor-Lola,-5.6951146,-1.0312035,PaCMAP
509,after_phees_2022-07-25_14-55-51_0000042_labelled_Tabor_pheeseq_0000007_labelled_mC4.wav,Tabor,Olympia,after,non-partner,Tabor-Lola,-6.2801604,-2.2178998,PaCMAP
510,after_phees_2022-07-25_14-55-51_0000042_labelled_Tabor_pheeseq_0000008_labelled_mD1.wav,Tabor,Olympia,after,non-partner,Tabor-Lola,-1.7331399,-2.278106,PaCMAP
511,after_phees_2022-07-25_14-55-51_0000042_labelled_Tabor_pheeseq_0000008_labelled_mD3.wav,Tabor,Olympia,after,non-partner,Tabor-Lola,-2.9169064,0.6921013,PaCMAP
512,after_phees_2022-07-25_14-55-51_0000042_labelled_Tabor_pheeseq_0000008_labelled_mD4.wav,Tabor,Olympia,after,non-partner,Tabor-Lola,-9.571635,3.719608,PaCMAP
513,after_phees_2022-07-25_14-55-51_0000042_labelled_Tabor_pheeseq_0000008_labelled_mD5.wav,Tabor,Olympia,after,non-partner,Tabor-Lola,-9.5138035,0.47676146,PaCMAP
514,after_phees_2022-07-25_14-55-51_0000042_labelled_Tabor_pheeseq_0000010_labelled_mC1.wav,Tabor,Olympia,after,non-partner,Tabor-Lola,9.881192,-7.887371,PaCMAP
515,after_phees_2022-07-25_14-55-51_0000042_labelled_Tabor_pheeseq_0000010_labelled_mC2.wav,Tabor,Olympia,after,non-partner,Tabor-Lola,9.71922,-8.819058,PaCMAP
516,after_phees_2022-07-25_14-55-51_0000042_labelled_Tabor_pheeseq_0000010_labelled_mC3.wav,Tabor,Olympia,after,non-partner,Tabor-Lola,10.966975,-8.449689,PaCMAP
517,after_phees_2022-07-25_14-55-51_0000042_labelled_Tabor_pheeseq_0000011_labelled_mC1.wav,Tabor,Olympia,after,non-partner,Tabor-Lola,-2.0499766,-0.1348399,PaCMAP
518,after_phees_2022-07-25_14-55-51_0000042_labelled_Tabor_pheeseq_0000011_labelled_mC2.wav,Tabor,Olympia,after,non-partner,Tabor-Lola,-4.212269,-1.0357879,PaCMAP
519,after_phees_2022-07-25_14-55-51_0000042_labelled_Tabor_pheeseq_0000011_labelled_mC3.wav,Tabor,Olympia,after,non-partner,Tabor-Lola,11.235308,-8.580146,PaCMAP
520,after_phees_2022-07-25_14-55-51_0000042_labelled_Tabor_pheeseq_0000012_labelled_mD1.wav,Tabor,Olympia,after,non-partner,Tabor-Lola,-0.19770247,-1.6264507,PaCMAP
521,after_phees_2022-07-25_14-55-51_0000042_labelled_Tabor_pheeseq_0000012_labelled_mD2.wav,Tabor,Olympia,after,non-partner,Tabor-Lola,9.80653,-5.36216,PaCMAP
522,after_phees_2022-07-25_14-55-51_0000042_labelled_Tabor_pheeseq_0000012_labelled_mD3.wav,Tabor,Olympia,after,non-partner,Tabor-Lola,10.361502,-7.9041257,PaCMAP
523,after_phees_2022-07-25_14-55-51_0000042_labelled_Tabor_pheeseq_0000012_labelled_mD4.wav,Tabor,Olympia,after,non-partner,Tabor-Lola,-9.34488,2.1304564,PaCMAP
524,after_phees_2022-07-25_14-55-51_0000042_labelled_Tabor_pheeseq_0000013_labelled_mC1.wav,Tabor,Olympia,after,non-partner,Tabor-Lola,9.175463,-7.145505,PaCMAP
525,after_phees_2022-07-25_14-55-51_0000042_labelled_Tabor_pheeseq_0000013_labelled_mC2.wav,Tabor,Olympia,after,non-partner,Tabor-Lola,9.864079,-5.4874864,PaCMAP
526,after_phees_2022-07-25_14-55-51_0000042_labelled_Tabor_pheeseq_0000013_labelled_mC3.wav,Tabor,Olympia,after,non-partner,Tabor-Lola,-6.0297685,-2.1680403,PaCMAP
527,after_phees_2022-07-25_14-55-51_0000042_labelled_Tabor_pheeseq_0000015_labelled_mC1.wav,Tabor,Olympia,after,non-partner,Tabor-Lola,0.77787894,-0.45858026,PaCMAP
528,after_phees_2022-07-25_14-55-51_0000042_labelled_Tabor_pheeseq_0000015_labelled_mC2.wav,Tabor,Olympia,after,non-partner,Tabor-Lola,9.520772,-8.5959835,PaCMAP
529,after_phees_2022-07-25_14-55-51_0000042_labelled_Tabor_pheeseq_0000015_labelled_mC3.wav,Tabor,Olympia,after,non-partner,Tabor-Lola,-8.406113,-0.883286,PaCMAP
530,after_phees_2022-07-25_14-55-51_0000042_labelled_Tabor_pheeseq_0000018_labelled_mC1.wav,Tabor,Olympia,after,non-partner,Tabor-Lola,8.524056,-7.458803,PaCMAP
531,after_phees_2022-07-25_14-55-51_0000042_labelled_Tabor_pheeseq_0000018_labelled_mC2.wav,Tabor,Olympia,after,non-partner,Tabor-Lola,-4.178803,-0.21685289,PaCMAP
532,after_phees_2022-07-25_14-55-51_0000042_labelled_Tabor_pheeseq_0000018_labelled_mC3.wav,Tabor,Olympia,after,non-partner,Tabor-Lola,-9.066656,-0.27147406,PaCMAP
533,after_phees_2022-07-25_14-55-51_0000042_labelled_Tabor_pheeseq_0000019_labelled_mC2.wav,Tabor,Olympia,after,non-partner,Tabor-Lola,-4.807252,-1.5148802,PaCMAP
534,after_phees_2022-07-25_14-55-51_0000042_labelled_Tabor_pheeseq_0000019_labelled_mC3.wav,Tabor,Olympia,after,non-partner,Tabor-Lola,-9.132034,-0.13114052,PaCMAP
535,after_phees_2022-07-25_14-55-51_0000042_labelled_Tabor_pheeseq_0000026_labelled_mB1.wav,Tabor,Olympia,after,non-partner,Tabor-Lola,-4.0064487,-0.4214233,PaCMAP
536,after_phees_2022-07-25_14-55-51_0000042_labelled_Tabor_pheeseq_0000026_labelled_mB2.wav,Tabor,Olympia,after,non-partner,Tabor-Lola,-6.0569677,-1.4149038,PaCMAP
537,after_phees_2022-07-25_15-26-45_0000046_labelled_Nougatti_pheeseq_0000023_labelled_mB1.wav,Nougatti,Wuschel,after,non-partner,Odin-Nougatti,-13.397442,3.868823,PaCMAP
538,after_phees_2022-07-25_15-26-45_0000046_labelled_Nougatti_pheeseq_0000023_labelled_mB2.wav,Nougatti,Wuschel,after,non-partner,Odin-Nougatti,-6.5690207,-0.49178097,PaCMAP
539,after_phees_2022-07-25_15-26-45_0000046_labelled_Nougatti_pheeseq_0000025_labelled_mB1.wav,Nougatti,Wuschel,after,non-partner,Odin-Nougatti,-6.2372165,5.079036,PaCMAP
540,after_phees_2022-07-25_15-26-45_0000046_labelled_Nougatti_pheeseq_0000025_labelled_mB2.wav,Nougatti,Wuschel,after,non-partner,Odin-Nougatti,-5.558448,5.911533,PaCMAP
541,after_phees_2022-07-25_15-26-45_0000046_labelled_Nougatti_pheeseq_0000026_labelled_mB1.wav,Nougatti,Wuschel,after,non-partner,Odin-Nougatti,-6.7027535,5.551697,PaCMAP
542,after_phees_2022-07-25_15-26-45_0000046_labelled_Nougatti_pheeseq_0000026_labelled_mB2.wav,Nougatti,Wuschel,after,non-partner,Odin-Nougatti,-2.8655236,1.5663397,PaCMAP
543,after_phees_2022-07-25_15-26-45_0000046_labelled_Nougatti_pheeseq_0000027_labelled_mB1.wav,Nougatti,Wuschel,after,non-partner,Odin-Nougatti,-10.671711,3.6713889,PaCMAP
544,after_phees_2022-07-25_15-26-45_0000046_labelled_Nougatti_pheeseq_0000027_labelled_mB3.wav,Nougatti,Wuschel,after,non-partner,Odin-Nougatti,-4.5761166,0.5262938,PaCMAP
545,after_phees_2022-07-25_15-26-45_0000046_labelled_Nougatti_pheeseq_0000028_labelled_mB1.wav,Nougatti,Wuschel,after,non-partner,Odin-Nougatti,-6.184286,0.6564022,PaCMAP
546,after_phees_2022-07-25_15-26-45_0000046_labelled_Nougatti_pheeseq_0000028_labelled_mB2.wav,Nougatti,Wuschel,after,non-partner,Odin-Nougatti,-3.568532,1.5097473,PaCMAP
547,after_phees_2022-07-25_15-26-45_0000046_labelled_Nougatti_pheeseq_0000029_labelled_mB1.wav,Nougatti,Wuschel,after,non-partner,Odin-Nougatti,-7.151931,5.3121295,PaCMAP
548,after_phees_2022-07-25_15-26-45_0000046_labelled_Nougatti_pheeseq_0000029_labelled_mB3.wav,Nougatti,Wuschel,after,non-partner,Odin-Nougatti,-3.2514794,1.2908729,PaCMAP
549,after_phees_2022-07-25_15-26-45_0000046_labelled_Nougatti_pheeseq_0000030_labelled_mB1.wav,Nougatti,Wuschel,after,non-partner,Odin-Nougatti,-6.197973,5.6793685,PaCMAP
550,after_phees_2022-07-25_15-26-45_0000046_labelled_Nougatti_pheeseq_0000030_labelled_mB2.wav,Nougatti,Wuschel,after,non-partner,Odin-Nougatti,-3.880166,1.1678396,PaCMAP
551,after_phees_2022-07-25_15-26-45_0000046_labelled_Nougatti_pheeseq_0000031_labelled_mB1.wav,Nougatti,Wuschel,after,non-partner,Odin-Nougatti,-4.7834153,1.0842044,PaCMAP
552,after_phees_2022-07-25_15-26-45_0000046_labelled_Nougatti_pheeseq_0000031_labelled_mB3.wav,Nougatti,Wuschel,after,non-partner,Odin-Nougatti,-4.1241803,0.97658145,PaCMAP
553,after_phees_2022-07-25_15-26-45_0000046_labelled_Nougatti_pheeseq_0000032_labelled_mB1.wav,Nougatti,Wuschel,after,non-partner,Odin-Nougatti,-2.7377224,2.3802176,PaCMAP
554,after_phees_2022-07-25_15-26-45_0000046_labelled_Nougatti_pheeseq_0000032_labelled_mB2.wav,Nougatti,Wuschel,after,non-partner,Odin-Nougatti,-2.3305185,1.5879819,PaCMAP
555,after_phees_2022-07-25_15-26-45_0000046_labelled_Nougatti_pheeseq_0000033_labelled_mB1.wav,Nougatti,Wuschel,after,non-partner,Odin-Nougatti,-2.1993396,4.3509235,PaCMAP
556,after_phees_2022-07-25_15-26-45_0000046_labelled_Nougatti_pheeseq_0000033_labelled_mB2.wav,Nougatti,Wuschel,after,non-partner,Odin-Nougatti,-0.8121623,0.18043114,PaCMAP
557,after_phees_2022-07-25_15-26-45_0000046_labelled_Nougatti_pheeseq_0000034_labelled_mB1.wav,Nougatti,Wuschel,after,non-partner,Odin-Nougatti,-3.1416137,2.7642822,PaCMAP
558,after_phees_2022-07-25_15-26-45_0000046_labelled_Nougatti_pheeseq_0000034_labelled_mB2.wav,Nougatti,Wuschel,after,non-partner,Odin-Nougatti,-2.2821355,1.2067661,PaCMAP
559,after_phees_2022-07-25_15-26-45_0000046_labelled_Nougatti_pheeseq_0000035_labelled_mB2.wav,Nougatti,Wuschel,after,non-partner,Odin-Nougatti,-2.6531672,2.581279,PaCMAP
560,after_phees_2022-07-25_15-26-45_0000046_labelled_Nougatti_pheeseq_0000036_labelled_mB1.wav,Nougatti,Wuschel,after,non-partner,Odin-Nougatti,-2.6695642,2.2752545,PaCMAP
561,after_phees_2022-07-25_15-26-45_0000046_labelled_Nougatti_pheeseq_0000036_labelled_mB2.wav,Nougatti,Wuschel,after,non-partner,Odin-Nougatti,-0.8564931,1.4797199,PaCMAP
562,after_phees_2022-07-25_15-26-45_0000046_labelled_Nougatti_pheeseq_0000037_labelled_mB1.wav,Nougatti,Wuschel,after,non-partner,Odin-Nougatti,-4.7349133,6.4425726,PaCMAP
563,after_phees_2022-07-25_15-26-45_0000046_labelled_Nougatti_pheeseq_0000037_labelled_mB3.wav,Nougatti,Wuschel,after,non-partner,Odin-Nougatti,-0.39272338,1.0814587,PaCMAP
564,after_phees_2022-07-25_15-26-45_0000046_labelled_Nougatti_pheeseq_0000038_labelled_mB1.wav,Nougatti,Wuschel,after,non-partner,Odin-Nougatti,-1.2278489,2.5653026,PaCMAP
565,after_phees_2022-07-25_15-26-45_0000046_labelled_Nougatti_pheeseq_0000038_labelled_mB2.wav,Nougatti,Wuschel,after,non-partner,Odin-Nougatti,-0.6877485,1.21576,PaCMAP
566,after_phees_2022-07-26_13-19-22_0000049_labelled_Lola_pheeseq_0000002_labelled_mC1.wav,Lola,Odin,after,non-partner,Tabor-Lola,-3.4408858,6.0902977,PaCMAP
567,after_phees_2022-07-26_13-19-22_0000049_labelled_Lola_pheeseq_0000002_labelled_mC2.wav,Lola,Odin,after,non-partner,Tabor-Lola,-3.7462087,5.5567727,PaCMAP
568,after_phees_2022-07-26_13-19-22_0000049_labelled_Lola_pheeseq_0000003_labelled_mG1.wav,Lola,Odin,after,non-partner,Tabor-Lola,-3.1124554,3.0277805,PaCMAP
569,after_phees_2022-07-26_13-19-22_0000049_labelled_Lola_pheeseq_0000003_labelled_mG2.wav,Lola,Odin,after,non-partner,Tabor-Lola,-1.3458539,3.7221315,PaCMAP
570,after_phees_2022-07-26_13-19-22_0000049_labelled_Lola_pheeseq_0000003_labelled_mG3.wav,Lola,Odin,after,non-partner,Tabor-Lola,-2.8734436,7.529706,PaCMAP
571,after_phees_2022-07-26_13-19-22_0000049_labelled_Lola_pheeseq_0000003_labelled_mG4.wav,Lola,Odin,after,non-partner,Tabor-Lola,-4.3942676,6.6471424,PaCMAP
572,after_phees_2022-07-26_13-19-22_0000049_labelled_Lola_pheeseq_0000003_labelled_mG5.wav,Lola,Odin,after,non-partner,Tabor-Lola,-2.8086188,3.3628888,PaCMAP
573,after_phees_2022-07-26_13-19-22_0000049_labelled_Lola_pheeseq_0000003_labelled_mG6.wav,Lola,Odin,after,non-partner,Tabor-Lola,-4.3794007,6.502677,PaCMAP
574,after_phees_2022-07-26_13-19-22_0000049_labelled_Lola_pheeseq_0000003_labelled_mG7.wav,Lola,Odin,after,non-partner,Tabor-Lola,-3.7781842,6.0981293,PaCMAP
575,after_phees_2022-07-26_13-19-22_0000049_labelled_Lola_pheeseq_0000004_labelled_mB1.wav,Lola,Odin,after,non-partner,Tabor-Lola,-5.8070784,5.57312,PaCMAP
576,after_phees_2022-07-26_13-19-22_0000049_labelled_Lola_pheeseq_0000004_labelled_mB2.wav,Lola,Odin,after,non-partner,Tabor-Lola,-3.8342917,7.0957403,PaCMAP
577,after_phees_2022-07-26_13-19-22_0000049_labelled_Lola_pheeseq_0000008_labelled_mB1.wav,Lola,Odin,after,non-partner,Tabor-Lola,0.4209303,7.6551633,PaCMAP
578,after_phees_2022-07-26_13-19-22_0000049_labelled_Lola_pheeseq_0000008_labelled_mB2.wav,Lola,Odin,after,non-partner,Tabor-Lola,1.5304449,5.891675,PaCMAP
579,after_phees_2022-07-26_13-19-22_0000049_labelled_Lola_pheeseq_0000009_labelled_mC1.wav,Lola,Odin,after,non-partner,Tabor-Lola,0.578373,3.7576358,PaCMAP
580,after_phees_2022-07-26_13-19-22_0000049_labelled_Lola_pheeseq_0000009_labelled_mC2.wav,Lola,Odin,after,non-partner,Tabor-Lola,0.8749605,6.9098473,PaCMAP
581,after_phees_2022-07-26_13-19-22_0000049_labelled_Lola_pheeseq_0000009_labelled_mC3.wav,Lola,Odin,after,non-partner,Tabor-Lola,1.8153431,4.5335035,PaCMAP
582,after_phees_2022-07-26_13-19-22_0000049_labelled_Lola_pheeseq_0000010_labelled_mC1.wav,Lola,Odin,after,non-partner,Tabor-Lola,-3.4892235,7.8249435,PaCMAP
583,after_phees_2022-07-26_13-19-22_0000049_labelled_Lola_pheeseq_0000010_labelled_mC2.wav,Lola,Odin,after,non-partner,Tabor-Lola,0.37562084,4.815,PaCMAP
584,after_phees_2022-07-26_13-19-22_0000049_labelled_Lola_pheeseq_0000010_labelled_mC3.wav,Lola,Odin,after,non-partner,Tabor-Lola,-3.2270412,7.669289,PaCMAP
585,after_phees_2022-07-26_13-19-22_0000049_labelled_Lola_pheeseq_0000011_labelled_mC1.wav,Lola,Odin,after,non-partner,Tabor-Lola,0.5376102,3.463184,PaCMAP
586,after_phees_2022-07-26_13-19-22_0000049_labelled_Lola_pheeseq_0000011_labelled_mC2.wav,Lola,Odin,after,non-partner,Tabor-Lola,0.5510027,7.6297927,PaCMAP
587,after_phees_2022-07-26_13-19-22_0000049_labelled_Lola_pheeseq_0000011_labelled_mC3.wav,Lola,Odin,after,non-partner,Tabor-Lola,-0.5815389,8.233156,PaCMAP
588,after_phees_2022-07-26_13-19-22_0000049_labelled_Lola_pheeseq_0000012_labelled_mB1.wav,Lola,Odin,after,non-partner,Tabor-Lola,-1.303599,2.8528173,PaCMAP
589,after_phees_2022-07-26_13-19-22_0000049_labelled_Lola_pheeseq_0000012_labelled_mB2.wav,Lola,Odin,after,non-partner,Tabor-Lola,-0.07420151,2.519122,PaCMAP
590,after_phees_2022-07-26_13-19-22_0000049_labelled_Lola_pheeseq_0000013_labelled_mC1.wav,Lola,Odin,after,non-partner,Tabor-Lola,0.9142712,5.316089,PaCMAP
591,after_phees_2022-07-26_13-19-22_0000049_labelled_Lola_pheeseq_0000013_labelled_mC2.wav,Lola,Odin,after,non-partner,Tabor-Lola,0.5184099,7.899093,PaCMAP
592,after_phees_2022-07-26_13-19-22_0000049_labelled_Lola_pheeseq_0000013_labelled_mC3.wav,Lola,Odin,after,non-partner,Tabor-Lola,0.46597183,8.010119,PaCMAP
593,after_phees_2022-07-26_13-19-22_0000049_labelled_Lola_pheeseq_0000014_labelled_mB1.wav,Lola,Odin,after,non-partner,Tabor-Lola,1.2514817,4.9902596,PaCMAP
594,after_phees_2022-07-26_13-19-22_0000049_labelled_Lola_pheeseq_0000014_labelled_mB2.wav,Lola,Odin,after,non-partner,Tabor-Lola,0.92100775,7.4448333,PaCMAP
595,after_phees_2022-07-26_13-19-22_0000049_labelled_Lola_pheeseq_0000015_labelled_mB1.wav,Lola,Odin,after,non-partner,Tabor-Lola,-0.5426313,8.160357,PaCMAP
596,after_phees_2022-07-26_13-19-22_0000049_labelled_Lola_pheeseq_0000015_labelled_mB2.wav,Lola,Odin,after,non-partner,Tabor-Lola,1.7923139,5.68133,PaCMAP
597,after_phees_2022-07-26_13-19-22_0000049_labelled_Lola_pheeseq_0000016_labelled_mC1.wav,Lola,Odin,after,non-partner,Tabor-Lola,-0.4711299,8.355875,PaCMAP
598,after_phees_2022-07-26_13-19-22_0000049_labelled_Lola_pheeseq_0000016_labelled_mC2.wav,Lola,Odin,after,non-partner,Tabor-Lola,2.6525817,5.2305,PaCMAP
599,after_phees_2022-07-26_13-19-22_0000049_labelled_Lola_pheeseq_0000016_labelled_mC3.wav,Lola,Odin,after,non-partner,Tabor-Lola,-0.4331485,8.387864,PaCMAP
600,after_phees_2022-07-26_13-19-22_0000049_labelled_Lola_pheeseq_0000020_labelled_mB1.wav,Lola,Odin,after,non-partner,Tabor-Lola,0.382616,6.534979,PaCMAP
601,after_phees_2022-07-26_13-19-22_0000049_labelled_Lola_pheeseq_0000020_labelled_mB2.wav,Lola,Odin,after,non-partner,Tabor-Lola,2.8744621,4.2957935,PaCMAP
602,after_phees_2022-07-26_13-19-22_0000049_labelled_Lola_pheeseq_0000021_labelled_mC1.wav,Lola,Odin,after,non-partner,Tabor-Lola,0.47142196,7.724581,PaCMAP
603,after_phees_2022-07-26_13-19-22_0000049_labelled_Lola_pheeseq_0000021_labelled_mC2.wav,Lola,Odin,after,non-partner,Tabor-Lola,2.175659,5.743373,PaCMAP
604,after_phees_2022-07-26_13-19-22_0000049_labelled_Lola_pheeseq_0000021_labelled_mC3.wav,Lola,Odin,after,non-partner,Tabor-Lola,4.329651,-0.44644046,PaCMAP
605,after_phees_2022-07-26_13-19-22_0000049_labelled_Lola_pheeseq_0000022_labelled_mC1.wav,Lola,Odin,after,non-partner,Tabor-Lola,0.59584814,8.138675,PaCMAP
606,after_phees_2022-07-26_13-19-22_0000049_labelled_Lola_pheeseq_0000022_labelled_mC2.wav,Lola,Odin,after,non-partner,Tabor-Lola,2.0768783,5.769499,PaCMAP
607,after_phees_2022-07-26_13-19-22_0000049_labelled_Lola_pheeseq_0000022_labelled_mC3.wav,Lola,Odin,after,non-partner,Tabor-Lola,4.242151,0.028333014,PaCMAP
608,after_phees_2022-07-26_13-19-22_0000049_labelled_Lola_pheeseq_0000036_labelled_mB1.wav,Lola,Odin,after,non-partner,Tabor-Lola,0.23626766,7.174956,PaCMAP
609,after_phees_2022-07-26_13-19-22_0000049_labelled_Lola_pheeseq_0000037_labelled_mB1.wav,Lola,Odin,after,non-partner,Tabor-Lola,0.7513331,5.1481504,PaCMAP
610,after_phees_2022-07-26_13-19-22_0000049_labelled_Lola_pheeseq_0000037_labelled_mB2.wav,Lola,Odin,after,non-partner,Tabor-Lola,0.49247828,8.116336,PaCMAP
611,after_phees_2022-07-26_13-19-22_0000049_labelled_Lola_pheeseq_0000038_labelled_mB1.wav,Lola,Odin,after,non-partner,Tabor-Lola,0.56880677,8.0157585,PaCMAP
612,after_phees_2022-07-26_13-19-22_0000049_labelled_Lola_pheeseq_0000038_labelled_mB2.wav,Lola,Odin,after,non-partner,Tabor-Lola,2.46868,5.376306,PaCMAP
613,after_phees_2022-07-26_13-19-22_0000049_labelled_Lola_pheeseq_0000039_labelled_mC1.wav,Lola,Odin,after,non-partner,Tabor-Lola,-1.1758418,7.7952533,PaCMAP
614,after_phees_2022-07-26_13-19-22_0000049_labelled_Lola_pheeseq_0000039_labelled_mC2.wav,Lola,Odin,after,non-partner,Tabor-Lola,1.7140368,4.6116323,PaCMAP
615,after_phees_2022-07-26_13-19-22_0000049_labelled_Lola_pheeseq_0000039_labelled_mC3.wav,Lola,Odin,after,non-partner,Tabor-Lola,-0.68370783,8.401389,PaCMAP
616,after_phees_2022-07-26_13-19-22_0000049_labelled_Lola_pheeseq_0000040_labelled_mB1.wav,Lola,Odin,after,non-partner,Tabor-Lola,1.1158787,2.191548,PaCMAP
617,after_phees_2022-07-26_13-19-22_0000049_labelled_Lola_pheeseq_0000040_labelled_mB2.wav,Lola,Odin,after,non-partner,Tabor-Lola,0.86404735,7.756152,PaCMAP
618,after_phees_2022-07-26_13-19-22_0000049_labelled_Lola_pheeseq_0000041_labelled_mC1.wav,Lola,Odin,after,non-partner,Tabor-Lola,0.61521804,8.151699,PaCMAP
619,after_phees_2022-07-26_13-19-22_0000049_labelled_Lola_pheeseq_0000041_labelled_mC2.wav,Lola,Odin,after,non-partner,Tabor-Lola,1.3125476,7.418862,PaCMAP
620,after_phees_2022-07-26_13-19-22_0000049_labelled_Lola_pheeseq_0000041_labelled_mC3.wav,Lola,Odin,after,non-partner,Tabor-Lola,2.6446836,5.1701236,PaCMAP
621,after_phees_2022-07-26_13-19-22_0000049_labelled_Lola_pheeseq_0000042_labelled_mB1.wav,Lola,Odin,after,non-partner,Tabor-Lola,0.5104904,8.071011,PaCMAP
622,after_phees_2022-07-26_13-19-22_0000049_labelled_Lola_pheeseq_0000042_labelled_mB2.wav,Lola,Odin,after,non-partner,Tabor-Lola,2.5184772,5.3911076,PaCMAP
623,after_phees_2022-07-26_13-19-22_0000049_labelled_Lola_pheeseq_0000043_labelled_mB1.wav,Lola,Odin,after,non-partner,Tabor-Lola,1.574471,5.23796,PaCMAP
624,after_phees_2022-07-26_13-19-22_0000049_labelled_Lola_pheeseq_0000043_labelled_mB2.wav,Lola,Odin,after,non-partner,Tabor-Lola,1.416826,7.1773424,PaCMAP
625,after_phees_2022-07-26_13-19-22_0000049_labelled_Lola_pheeseq_0000044_labelled_mB1.wav,Lola,Odin,after,non-partner,Tabor-Lola,0.6959121,8.0833845,PaCMAP
626,after_phees_2022-07-26_13-19-22_0000049_labelled_Lola_pheeseq_0000044_labelled_mB2.wav,Lola,Odin,after,non-partner,Tabor-Lola,2.406668,5.399214,PaCMAP
627,after_phees_2022-07-26_13-19-22_0000049_labelled_Lola_pheeseq_0000045_labelled_mB1.wav,Lola,Odin,after,non-partner,Tabor-Lola,0.49629328,8.109024,PaCMAP
628,after_phees_2022-07-26_13-19-22_0000049_labelled_Lola_pheeseq_0000045_labelled_mB2.wav,Lola,Odin,after,non-partner,Tabor-Lola,1.5794654,7.265956,PaCMAP
629,after_phees_2022-07-26_13-19-22_0000049_labelled_Lola_pheeseq_0000047_labelled_mB1.wav,Lola,Odin,after,non-partner,Tabor-Lola,0.6981457,7.510073,PaCMAP
630,after_phees_2022-07-26_13-19-22_0000049_labelled_Lola_pheeseq_0000047_labelled_mB2.wav,Lola,Odin,after,non-partner,Tabor-Lola,0.9559808,7.657911,PaCMAP
631,after_phees_2022-07-26_13-19-22_0000049_labelled_Lola_pheeseq_0000048_labelled_mB1.wav,Lola,Odin,after,non-partner,Tabor-Lola,0.7250919,7.7118797,PaCMAP
632,after_phees_2022-07-26_13-19-22_0000049_labelled_Lola_pheeseq_0000048_labelled_mB2.wav,Lola,Odin,after,non-partner,Tabor-Lola,1.2341102,7.161366,PaCMAP
633,after_phees_2022-07-26_13-19-22_0000049_labelled_Lola_pheeseq_0000049_labelled_mB1.wav,Lola,Odin,after,non-partner,Tabor-Lola,0.6363713,7.54588,PaCMAP
634,after_phees_2022-07-26_13-19-22_0000049_labelled_Lola_pheeseq_0000049_labelled_mB2.wav,Lola,Odin,after,non-partner,Tabor-Lola,1.6078631,6.936215,PaCMAP
635,after_phees_2022-07-26_13-19-22_0000049_labelled_Lola_pheeseq_0000050_labelled_mB1.wav,Lola,Odin,after,non-partner,Tabor-Lola,0.6131853,7.0472455,PaCMAP
636,after_phees_2022-07-26_13-19-22_0000049_labelled_Lola_pheeseq_0000050_labelled_mB2.wav,Lola,Odin,after,non-partner,Tabor-Lola,1.1610829,6.8049135,PaCMAP
637,after_phees_2022-07-26_13-19-22_0000049_labelled_Lola_pheeseq_0000051_labelled_mB1.wav,Lola,Odin,after,non-partner,Tabor-Lola,1.852133,6.0129285,PaCMAP
638,after_phees_2022-07-26_13-19-22_0000049_labelled_Lola_pheeseq_0000051_labelled_mB2.wav,Lola,Odin,after,non-partner,Tabor-Lola,1.0455015,7.5717916,PaCMAP
639,after_phees_2022-07-26_13-19-22_0000049_labelled_Lola_pheeseq_0000052_labelled_mB1.wav,Lola,Odin,after,non-partner,Tabor-Lola,0.8460212,7.7839074,PaCMAP
640,after_phees_2022-07-26_13-19-22_0000049_labelled_Lola_pheeseq_0000052_labelled_mB2.wav,Lola,Odin,after,non-partner,Tabor-Lola,1.2273074,7.403802,PaCMAP
641,after_phees_2022-07-26_13-19-22_0000049_labelled_Odin_pheeseq_0000007_labelled_mC1.wav,Odin,Lola,after,non-partner,Odin-Nougatti,8.321522,-8.462335,PaCMAP
642,after_phees_2022-07-26_13-19-22_0000049_labelled_Odin_pheeseq_0000007_labelled_mC2.wav,Odin,Lola,after,non-partner,Odin-Nougatti,0.2550523,-0.03948542,PaCMAP
643,after_phees_2022-07-26_13-19-22_0000049_labelled_Odin_pheeseq_0000007_labelled_mC3.wav,Odin,Lola,after,non-partner,Odin-Nougatti,-10.314526,1.5323008,PaCMAP
644,after_phees_2022-07-26_13-19-22_0000049_labelled_Odin_pheeseq_0000017_labelled_mD1.wav,Odin,Lola,after,non-partner,Odin-Nougatti,-6.518757,-1.3551608,PaCMAP
645,after_phees_2022-07-26_13-19-22_0000049_labelled_Odin_pheeseq_0000017_labelled_mD3.wav,Odin,Lola,after,non-partner,Odin-Nougatti,10.200998,-7.5225215,PaCMAP
646,after_phees_2022-07-26_13-19-22_0000049_labelled_Odin_pheeseq_0000017_labelled_mD4.wav,Odin,Lola,after,non-partner,Odin-Nougatti,9.217029,-6.3036313,PaCMAP
647,after_phees_2022-07-26_13-19-22_0000049_labelled_Odin_pheeseq_0000017_labelled_mD5.wav,Odin,Lola,after,non-partner,Odin-Nougatti,11.299353,-8.559619,PaCMAP
648,after_phees_2022-07-26_13-19-22_0000049_labelled_Odin_pheeseq_0000018_labelled_mD1.wav,Odin,Lola,after,non-partner,Odin-Nougatti,-4.951136,-0.6243046,PaCMAP
649,after_phees_2022-07-26_13-19-22_0000049_labelled_Odin_pheeseq_0000018_labelled_mD2.wav,Odin,Lola,after,non-partner,Odin-Nougatti,9.1421385,-7.8590164,PaCMAP
650,after_phees_2022-07-26_13-19-22_0000049_labelled_Odin_pheeseq_0000018_labelled_mD3.wav,Odin,Lola,after,non-partner,Odin-Nougatti,9.451138,-5.1306047,PaCMAP
651,after_phees_2022-07-26_13-19-22_0000049_labelled_Odin_pheeseq_0000018_labelled_mD4.wav,Odin,Lola,after,non-partner,Odin-Nougatti,9.861456,-6.722006,PaCMAP
652,after_phees_2022-07-26_13-19-22_0000049_labelled_Odin_pheeseq_0000019_labelled_mE1.wav,Odin,Lola,after,non-partner,Odin-Nougatti,9.935281,-7.993824,PaCMAP
653,after_phees_2022-07-26_13-19-22_0000049_labelled_Odin_pheeseq_0000019_labelled_mE3.wav,Odin,Lola,after,non-partner,Odin-Nougatti,10.764989,-4.9342747,PaCMAP
654,after_phees_2022-07-26_13-19-22_0000049_labelled_Odin_pheeseq_0000019_labelled_mE4.wav,Odin,Lola,after,non-partner,Odin-Nougatti,10.052765,-4.3367357,PaCMAP
655,after_phees_2022-07-26_13-19-22_0000049_labelled_Odin_pheeseq_0000019_labelled_mE5.wav,Odin,Lola,after,non-partner,Odin-Nougatti,10.562985,-4.8221207,PaCMAP
656,after_phees_2022-07-26_13-19-22_0000049_labelled_Odin_pheeseq_0000019_labelled_mE7.wav,Odin,Lola,after,non-partner,Odin-Nougatti,12.501222,-6.714338,PaCMAP
657,after_phees_2022-07-26_13-19-22_0000049_labelled_Odin_pheeseq_0000035_labelled_mB1.wav,Odin,Lola,after,non-partner,Odin-Nougatti,-4.1073895,0.24885596,PaCMAP
658,after_phees_2022-07-26_13-19-22_0000049_labelled_Odin_pheeseq_0000035_labelled_mB2.wav,Odin,Lola,after,non-partner,Odin-Nougatti,-2.408183,0.841224,PaCMAP
659,after_phees_2022-07-26_13-19-22_0000049_labelled_Odin_pheeseq_0000046_labelled_mB1.wav,Odin,Lola,after,non-partner,Odin-Nougatti,-6.3588457,0.18369369,PaCMAP
660,after_phees_2022-07-26_13-19-22_0000049_labelled_Odin_pheeseq_0000046_labelled_mB3.wav,Odin,Lola,after,non-partner,Odin-Nougatti,-3.2450204,-0.29753205,PaCMAP
661,after_phees_2022-07-26_13-19-22_0000049_labelled_Odin_pheeseq_0000053_labelled_mC1.wav,Odin,Lola,after,non-partner,Odin-Nougatti,-5.109641,-0.95920074,PaCMAP
662,after_phees_2022-07-26_13-19-22_0000049_labelled_Odin_pheeseq_0000053_labelled_mC2.wav,Odin,Lola,after,non-partner,Odin-Nougatti,-1.5511818,0.50394785,PaCMAP
663,after_phees_2022-07-26_13-19-22_0000049_labelled_Odin_pheeseq_0000053_labelled_mC3.wav,Odin,Lola,after,non-partner,Odin-Nougatti,-1.3955324,-0.22766928,PaCMAP
664,after_phees_2022-07-26_13-45-12_0000050_labelled_Lola_pheeseq_0000004_labelled_mB1.wav,Lola,Tabor,after,partner,Tabor-Lola,-0.7762462,5.558866,PaCMAP
665,after_phees_2022-07-26_13-45-12_0000050_labelled_Lola_pheeseq_0000006_labelled_mB1.wav,Lola,Tabor,after,partner,Tabor-Lola,-1.2636094,7.5845914,PaCMAP
666,after_phees_2022-07-26_13-45-12_0000050_labelled_Lola_pheeseq_0000006_labelled_mB2.wav,Lola,Tabor,after,partner,Tabor-Lola,-0.96621215,8.143237,PaCMAP
667,after_phees_2022-07-26_13-45-12_0000050_labelled_Lola_pheeseq_0000007_labelled_mB1.wav,Lola,Tabor,after,partner,Tabor-Lola,-2.2174337,7.3792796,PaCMAP
668,after_phees_2022-07-26_13-45-12_0000050_labelled_Lola_pheeseq_0000007_labelled_mB2.wav,Lola,Tabor,after,partner,Tabor-Lola,1.6547197,3.9529185,PaCMAP
669,after_phees_2022-07-26_13-45-12_0000050_labelled_Lola_pheeseq_0000009_labelled_mB1.wav,Lola,Tabor,after,partner,Tabor-Lola,0.60687244,7.6519737,PaCMAP
670,after_phees_2022-07-26_13-45-12_0000050_labelled_Lola_pheeseq_0000009_labelled_mB2.wav,Lola,Tabor,after,partner,Tabor-Lola,0.63583785,7.9736056,PaCMAP
671,after_phees_2022-07-26_13-45-12_0000050_labelled_Lola_pheeseq_0000010_labelled_mB1.wav,Lola,Tabor,after,partner,Tabor-Lola,-1.259695,7.9763823,PaCMAP
672,after_phees_2022-07-26_13-45-12_0000050_labelled_Lola_pheeseq_0000010_labelled_mB2.wav,Lola,Tabor,after,partner,Tabor-Lola,2.005941,3.961174,PaCMAP
673,after_phees_2022-07-26_13-45-12_0000050_labelled_Lola_pheeseq_0000011_labelled_mB1.wav,Lola,Tabor,after,partner,Tabor-Lola,-1.2146952,8.537312,PaCMAP
674,after_phees_2022-07-26_13-45-12_0000050_labelled_Lola_pheeseq_0000011_labelled_mB2.wav,Lola,Tabor,after,partner,Tabor-Lola,1.6712092,4.628852,PaCMAP
675,after_phees_2022-07-26_13-45-12_0000050_labelled_Lola_pheeseq_0000012_labelled_mC1.wav,Lola,Tabor,after,partner,Tabor-Lola,-1.1162909,8.487233,PaCMAP
676,after_phees_2022-07-26_13-45-12_0000050_labelled_Lola_pheeseq_0000012_labelled_mC2.wav,Lola,Tabor,after,partner,Tabor-Lola,0.810757,7.622091,PaCMAP
677,after_phees_2022-07-26_13-45-12_0000050_labelled_Lola_pheeseq_0000012_labelled_mC3.wav,Lola,Tabor,after,partner,Tabor-Lola,3.301074,0.18520878,PaCMAP
678,after_phees_2022-07-26_13-45-12_0000050_labelled_Lola_pheeseq_0000013_labelled_mC1.wav,Lola,Tabor,after,partner,Tabor-Lola,0.46435615,7.614945,PaCMAP
679,after_phees_2022-07-26_13-45-12_0000050_labelled_Lola_pheeseq_0000013_labelled_mC2.wav,Lola,Tabor,after,partner,Tabor-Lola,2.0200574,5.546057,PaCMAP
680,after_phees_2022-07-26_13-45-12_0000050_labelled_Lola_pheeseq_0000013_labelled_mC3.wav,Lola,Tabor,after,partner,Tabor-Lola,2.0389915,3.814613,PaCMAP
681,after_phees_2022-07-26_13-45-12_0000050_labelled_Lola_pheeseq_0000023_labelled_mB1.wav,Lola,Tabor,after,partner,Tabor-Lola,-2.6434734,7.5361,PaCMAP
682,after_phees_2022-07-26_13-45-12_0000050_labelled_Lola_pheeseq_0000023_labelled_mB2.wav,Lola,Tabor,after,partner,Tabor-Lola,0.07771571,5.1212153,PaCMAP
683,after_phees_2022-07-26_13-45-12_0000050_labelled_Lola_pheeseq_0000024_labelled_mB1.wav,Lola,Tabor,after,partner,Tabor-Lola,-4.3251343,6.4202423,PaCMAP
684,after_phees_2022-07-26_13-45-12_0000050_labelled_Lola_pheeseq_0000024_labelled_mB2.wav,Lola,Tabor,after,partner,Tabor-Lola,-3.0254517,7.655159,PaCMAP
685,after_phees_2022-07-26_13-45-12_0000050_labelled_Lola_pheeseq_0000025_labelled_mB1.wav,Lola,Tabor,after,partner,Tabor-Lola,-3.3082397,7.791411,PaCMAP
686,after_phees_2022-07-26_13-45-12_0000050_labelled_Lola_pheeseq_0000025_labelled_mB2.wav,Lola,Tabor,after,partner,Tabor-Lola,0.68059164,3.8469973,PaCMAP
687,after_phees_2022-07-26_13-45-12_0000050_labelled_Lola_pheeseq_0000026_labelled_mB1.wav,Lola,Tabor,after,partner,Tabor-Lola,-2.1735482,8.200622,PaCMAP
688,after_phees_2022-07-26_13-45-12_0000050_labelled_Lola_pheeseq_0000026_labelled_mB2.wav,Lola,Tabor,after,partner,Tabor-Lola,-0.28072232,7.4982715,PaCMAP
689,after_phees_2022-07-26_13-45-12_0000050_labelled_Lola_pheeseq_0000027_labelled_mB1.wav,Lola,Tabor,after,partner,Tabor-Lola,-1.3088529,8.439396,PaCMAP
690,after_phees_2022-07-26_13-45-12_0000050_labelled_Lola_pheeseq_0000027_labelled_mB2.wav,Lola,Tabor,after,partner,Tabor-Lola,1.8520111,4.619232,PaCMAP
691,after_phees_2022-07-26_13-45-12_0000050_labelled_Lola_pheeseq_0000028_labelled_mB1.wav,Lola,Tabor,after,partner,Tabor-Lola,0.7711091,5.5523596,PaCMAP
692,after_phees_2022-07-26_13-45-12_0000050_labelled_Lola_pheeseq_0000028_labelled_mB2.wav,Lola,Tabor,after,partner,Tabor-Lola,1.6811814,4.764145,PaCMAP
693,after_phees_2022-07-26_13-45-12_0000050_labelled_Lola_pheeseq_0000029_labelled_mB1.wav,Lola,Tabor,after,partner,Tabor-Lola,-1.276442,8.32358,PaCMAP
694,after_phees_2022-07-26_13-45-12_0000050_labelled_Lola_pheeseq_0000030_labelled_mB1.wav,Lola,Tabor,after,partner,Tabor-Lola,-1.1443279,8.388286,PaCMAP
695,after_phees_2022-07-26_13-45-12_0000050_labelled_Lola_pheeseq_0000030_labelled_mB2.wav,Lola,Tabor,after,partner,Tabor-Lola,1.0768903,5.353899,PaCMAP
696,after_phees_2022-07-26_13-45-12_0000050_labelled_Lola_pheeseq_0000031_labelled_mB1.wav,Lola,Tabor,after,partner,Tabor-Lola,-1.1257023,7.725683,PaCMAP
697,after_phees_2022-07-26_13-45-12_0000050_labelled_Lola_pheeseq_0000031_labelled_mB2.wav,Lola,Tabor,after,partner,Tabor-Lola,1.5919554,4.78776,PaCMAP
698,after_phees_2022-07-26_13-45-12_0000050_labelled_Lola_pheeseq_0000032_labelled_mB1.wav,Lola,Tabor,after,partner,Tabor-Lola,-1.4061457,8.569977,PaCMAP
699,after_phees_2022-07-26_13-45-12_0000050_labelled_Lola_pheeseq_0000033_labelled_mB1.wav,Lola,Tabor,after,partner,Tabor-Lola,0.68411434,7.881161,PaCMAP
700,after_phees_2022-07-26_13-45-12_0000050_labelled_Lola_pheeseq_0000033_labelled_mB2.wav,Lola,Tabor,after,partner,Tabor-Lola,2.55578,4.7477927,PaCMAP
701,after_phees_2022-07-26_13-45-12_0000050_labelled_Lola_pheeseq_0000034_labelled_mB1.wav,Lola,Tabor,after,partner,Tabor-Lola,0.5468624,5.9302545,PaCMAP
702,after_phees_2022-07-26_13-45-12_0000050_labelled_Lola_pheeseq_0000034_labelled_mB2.wav,Lola,Tabor,after,partner,Tabor-Lola,0.51815665,8.066666,PaCMAP
703,after_phees_2022-07-26_13-45-12_0000050_labelled_Lola_pheeseq_0000035_labelled_mB1.wav,Lola,Tabor,after,partner,Tabor-Lola,-0.07891597,6.298181,PaCMAP
704,after_phees_2022-07-26_13-45-12_0000050_labelled_Lola_pheeseq_0000035_labelled_mB2.wav,Lola,Tabor,after,partner,Tabor-Lola,-0.5629396,7.89836,PaCMAP
705,after_phees_2022-07-26_13-45-12_0000050_labelled_Lola_pheeseq_0000036_labelled_mB1.wav,Lola,Tabor,after,partner,Tabor-Lola,-0.4222211,6.554337,PaCMAP
706,after_phees_2022-07-26_13-45-12_0000050_labelled_Lola_pheeseq_0000036_labelled_mB2.wav,Lola,Tabor,after,partner,Tabor-Lola,1.204057,5.1958103,PaCMAP
707,after_phees_2022-07-26_13-45-12_0000050_labelled_Lola_pheeseq_0000037_labelled_mB1.wav,Lola,Tabor,after,partner,Tabor-Lola,-0.7984763,7.3290944,PaCMAP
708,after_phees_2022-07-26_13-45-12_0000050_labelled_Lola_pheeseq_0000037_labelled_mB2.wav,Lola,Tabor,after,partner,Tabor-Lola,0.6136161,7.8754845,PaCMAP
709,after_phees_2022-07-26_13-45-12_0000050_labelled_Tabor_pheeseq_0000002_labelled_mD1.wav,Tabor,Lola,after,partner,Tabor-Lola,-0.47973472,-1.6568168,PaCMAP
710,after_phees_2022-07-26_13-45-12_0000050_labelled_Tabor_pheeseq_0000002_labelled_mD2.wav,Tabor,Lola,after,partner,Tabor-Lola,-2.6395998,-2.196988,PaCMAP
711,after_phees_2022-07-26_13-45-12_0000050_labelled_Tabor_pheeseq_0000002_labelled_mD3.wav,Tabor,Lola,after,partner,Tabor-Lola,-5.053918,-1.65088,PaCMAP
712,after_phees_2022-07-26_13-45-12_0000050_labelled_Tabor_pheeseq_0000002_labelled_mD4.wav,Tabor,Lola,after,partner,Tabor-Lola,-9.768248,0.5395604,PaCMAP
713,after_phees_2022-07-26_13-45-12_0000050_labelled_Tabor_pheeseq_0000014_labelled_mB1.wav,Tabor,Lola,after,partner,Tabor-Lola,-2.4755557,-1.8977045,PaCMAP
714,after_phees_2022-07-26_13-45-12_0000050_labelled_Tabor_pheeseq_0000014_labelled_mB2.wav,Tabor,Lola,after,partner,Tabor-Lola,9.790019,-6.6239614,PaCMAP
715,after_phees_2022-07-26_13-45-12_0000050_labelled_Tabor_pheeseq_0000016_labelled_mC1.wav,Tabor,Lola,after,partner,Tabor-Lola,0.68965596,-1.4631058,PaCMAP
716,after_phees_2022-07-26_13-45-12_0000050_labelled_Tabor_pheeseq_0000016_labelled_mC2.wav,Tabor,Lola,after,partner,Tabor-Lola,9.631647,-5.6344633,PaCMAP
717,after_phees_2022-07-26_13-45-12_0000050_labelled_Tabor_pheeseq_0000016_labelled_mC4.wav,Tabor,Lola,after,partner,Tabor-Lola,10.609176,-8.332389,PaCMAP
718,after_phees_2022-07-26_14-33-05_0000052_labelled_Olympia_pheeseq_0000009_labelled_mB1.wav,Olympia,Wuschel,after,partner,Wuschel-Olympia,-14.676433,3.6039493,PaCMAP
719,after_phees_2022-07-26_14-33-05_0000052_labelled_Olympia_pheeseq_0000009_labelled_mB2.wav,Olympia,Wuschel,after,partner,Wuschel-Olympia,-12.29351,3.8304935,PaCMAP
720,after_phees_2022-07-26_14-33-05_0000052_labelled_Olympia_pheeseq_0000010_labelled_mB1.wav,Olympia,Wuschel,after,partner,Wuschel-Olympia,-11.699715,3.768844,PaCMAP
721,after_phees_2022-07-26_14-33-05_0000052_labelled_Olympia_pheeseq_0000010_labelled_mB2.wav,Olympia,Wuschel,after,partner,Wuschel-Olympia,-12.321943,3.921,PaCMAP
722,after_phees_2022-07-26_14-33-05_0000052_labelled_Olympia_pheeseq_0000014_labelled_mB1.wav,Olympia,Wuschel,after,partner,Wuschel-Olympia,-10.675456,1.7893361,PaCMAP
723,after_phees_2022-07-26_14-33-05_0000052_labelled_Olympia_pheeseq_0000014_labelled_mB2.wav,Olympia,Wuschel,after,partner,Wuschel-Olympia,-11.918089,1.2512401,PaCMAP
724,after_phees_2022-07-26_14-33-05_0000052_labelled_Olympia_pheeseq_0000015_labelled_mB1.wav,Olympia,Wuschel,after,partner,Wuschel-Olympia,-14.392104,3.2313526,PaCMAP
725,after_phees_2022-07-26_14-33-05_0000052_labelled_Olympia_pheeseq_0000015_labelled_mB2.wav,Olympia,Wuschel,after,partner,Wuschel-Olympia,-10.473921,4.110284,PaCMAP
726,after_phees_2022-07-26_14-33-05_0000052_labelled_Olympia_pheeseq_0000016_labelled_mB1.wav,Olympia,Wuschel,after,partner,Wuschel-Olympia,-12.834306,4.043556,PaCMAP
727,after_phees_2022-07-26_14-33-05_0000052_labelled_Olympia_pheeseq_0000016_labelled_mB2.wav,Olympia,Wuschel,after,partner,Wuschel-Olympia,-12.155827,1.3172874,PaCMAP
728,after_phees_2022-07-26_15-00-38_0000053_labelled_Nougatti_pheeseq_0000003_labelled_mC1.wav,Nougatti,Wuschel,after,non-partner,Odin-Nougatti,-1.1857208,1.6479448,PaCMAP
729,after_phees_2022-07-26_15-00-38_0000053_labelled_Nougatti_pheeseq_0000003_labelled_mC2.wav,Nougatti,Wuschel,after,non-partner,Odin-Nougatti,-0.97023904,-0.33939713,PaCMAP
730,after_phees_2022-07-26_15-00-38_0000053_labelled_Nougatti_pheeseq_0000003_labelled_mC3.wav,Nougatti,Wuschel,after,non-partner,Odin-Nougatti,-9.494145,0.054167777,PaCMAP
731,after_phees_2022-07-26_15-00-38_0000053_labelled_Nougatti_pheeseq_0000005_labelled_mB1.wav,Nougatti,Wuschel,after,non-partner,Odin-Nougatti,-2.9975379,5.494141,PaCMAP
732,after_phees_2022-07-26_15-00-38_0000053_labelled_Nougatti_pheeseq_0000005_labelled_mB2.wav,Nougatti,Wuschel,after,non-partner,Odin-Nougatti,-4.7486153,0.90902543,PaCMAP
733,after_phees_2022-07-26_15-00-38_0000053_labelled_Nougatti_pheeseq_0000006_labelled_mB1.wav,Nougatti,Wuschel,after,non-partner,Odin-Nougatti,-11.940342,3.367507,PaCMAP
734,after_phees_2022-07-26_15-00-38_0000053_labelled_Nougatti_pheeseq_0000006_labelled_mB2.wav,Nougatti,Wuschel,after,non-partner,Odin-Nougatti,-3.946491,1.070444,PaCMAP
735,after_phees_2022-07-26_15-00-38_0000053_labelled_Nougatti_pheeseq_0000008_labelled_mB2.wav,Nougatti,Wuschel,after,non-partner,Odin-Nougatti,-2.6412227,1.9665567,PaCMAP
736,after_phees_2022-07-26_15-00-38_0000053_labelled_Nougatti_pheeseq_0000010_labelled_mC1.wav,Nougatti,Wuschel,after,non-partner,Odin-Nougatti,-4.6195445,1.3180959,PaCMAP
737,after_phees_2022-07-26_15-00-38_0000053_labelled_Nougatti_pheeseq_0000010_labelled_mC2.wav,Nougatti,Wuschel,after,non-partner,Odin-Nougatti,-2.0439346,0.5182939,PaCMAP
738,after_phees_2022-07-26_15-00-38_0000053_labelled_Nougatti_pheeseq_0000010_labelled_mC3.wav,Nougatti,Wuschel,after,non-partner,Odin-Nougatti,-4.148363,0.44248533,PaCMAP
739,after_phees_2022-07-26_15-00-38_0000053_labelled_Nougatti_pheeseq_0000011_labelled_mC1.wav,Nougatti,Wuschel,after,non-partner,Odin-Nougatti,-4.763185,5.4979258,PaCMAP
740,after_phees_2022-07-26_15-00-38_0000053_labelled_Nougatti_pheeseq_0000011_labelled_mC2.wav,Nougatti,Wuschel,after,non-partner,Odin-Nougatti,-1.6070085,1.2907163,PaCMAP
741,after_phees_2022-07-26_15-00-38_0000053_labelled_Nougatti_pheeseq_0000011_labelled_mC3.wav,Nougatti,Wuschel,after,non-partner,Odin-Nougatti,-7.7411084,5.2281027,PaCMAP
742,after_phees_2022-07-26_15-00-38_0000053_labelled_Nougatti_pheeseq_0000012_labelled_mB1.wav,Nougatti,Wuschel,after,non-partner,Odin-Nougatti,-4.8761816,1.1020268,PaCMAP
743,after_phees_2022-07-26_15-00-38_0000053_labelled_Nougatti_pheeseq_0000024_labelled_mB1.wav,Nougatti,Wuschel,after,non-partner,Odin-Nougatti,-14.27875,3.5611248,PaCMAP
744,after_phees_2022-07-26_15-00-38_0000053_labelled_Nougatti_pheeseq_0000024_labelled_mB2.wav,Nougatti,Wuschel,after,non-partner,Odin-Nougatti,-4.9004374,0.8666172,PaCMAP
745,after_phees_2022-07-26_15-00-38_0000053_labelled_Nougatti_pheeseq_0000025_labelled_mB1.wav,Nougatti,Wuschel,after,non-partner,Odin-Nougatti,-3.1795475,4.378958,PaCMAP
746,after_phees_2022-07-26_15-00-38_0000053_labelled_Nougatti_pheeseq_0000025_labelled_mB2.wav,Nougatti,Wuschel,after,non-partner,Odin-Nougatti,-3.6457913,1.6670557,PaCMAP
747,after_phees_2022-07-26_15-00-38_0000053_labelled_Nougatti_pheeseq_0000037_labelled_mB1.wav,Nougatti,Wuschel,after,non-partner,Odin-Nougatti,-2.7854078,5.427392,PaCMAP
748,after_phees_2022-07-26_15-00-38_0000053_labelled_Nougatti_pheeseq_0000037_labelled_mB2.wav,Nougatti,Wuschel,after,non-partner,Odin-Nougatti,-4.159236,0.9859873,PaCMAP
749,after_phees_2022-07-26_15-00-38_0000053_labelled_Nougatti_pheeseq_0000039_labelled_mB1.wav,Nougatti,Wuschel,after,non-partner,Odin-Nougatti,-4.1759286,5.037948,PaCMAP
750,after_phees_2022-07-26_15-00-38_0000053_labelled_Nougatti_pheeseq_0000039_labelled_mB2.wav,Nougatti,Wuschel,after,non-partner,Odin-Nougatti,-3.597405,1.1023387,PaCMAP
751,after_phees_2022-07-26_15-00-38_0000053_labelled_Nougatti_pheeseq_0000042_labelled_mB1.wav,Nougatti,Wuschel,after,non-partner,Odin-Nougatti,-3.5644755,3.8327355,PaCMAP
752,after_phees_2022-07-26_15-00-38_0000053_labelled_Nougatti_pheeseq_0000042_labelled_mB2.wav,Nougatti,Wuschel,after,non-partner,Odin-Nougatti,-2.3080955,2.0226889,PaCMAP
753,after_phees_2022-07-26_15-00-38_0000053_labelled_Nougatti_pheeseq_0000044_labelled_mB1.wav,Nougatti,Wuschel,after,non-partner,Odin-Nougatti,-2.9717708,4.1563787,PaCMAP
754,after_phees_2022-07-26_15-00-38_0000053_labelled_Nougatti_pheeseq_0000044_labelled_mB2.wav,Nougatti,Wuschel,after,non-partner,Odin-Nougatti,-6.002286,5.8180146,PaCMAP
755,after_phees_2022-07-26_15-00-38_0000053_labelled_Nougatti_pheeseq_0000045_labelled_mB1.wav,Nougatti,Wuschel,after,non-partner,Odin-Nougatti,-4.2299905,5.512512,PaCMAP
756,after_phees_2022-07-26_15-00-38_0000053_labelled_Nougatti_pheeseq_0000045_labelled_mB2.wav,Nougatti,Wuschel,after,non-partner,Odin-Nougatti,-2.7634218,2.299551,PaCMAP
757,after_phees_2022-07-26_15-00-38_0000053_labelled_Nougatti_pheeseq_0000046_labelled_mB1.wav,Nougatti,Wuschel,after,non-partner,Odin-Nougatti,-4.7211447,1.1202524,PaCMAP
758,after_phees_2022-07-26_15-00-38_0000053_labelled_Nougatti_pheeseq_0000046_labelled_mB2.wav,Nougatti,Wuschel,after,non-partner,Odin-Nougatti,-2.4030433,0.31169772,PaCMAP
759,after_phees_2022-07-26_15-00-38_0000053_labelled_Nougatti_pheeseq_0000047_labelled_mB1.wav,Nougatti,Wuschel,after,non-partner,Odin-Nougatti,-4.4548945,5.5796547,PaCMAP
760,after_phees_2022-07-26_15-00-38_0000053_labelled_Nougatti_pheeseq_0000047_labelled_mB2.wav,Nougatti,Wuschel,after,non-partner,Odin-Nougatti,7.113467,-7.504419,PaCMAP
761,after_phees_2022-07-26_15-00-38_0000053_labelled_Nougatti_pheeseq_0000048_labelled_mB2.wav,Nougatti,Wuschel,after,non-partner,Odin-Nougatti,7.1594796,-7.572887,PaCMAP
762,after_phees_2022-07-26_15-00-38_0000053_labelled_Wuschel_pheeseq_0000027_labelled_mB1.wav,Wuschel,Nougatti,after,non-partner,Wuschel-Olympia,-12.543342,3.5626993,PaCMAP
763,after_phees_2022-07-26_15-00-38_0000053_labelled_Wuschel_pheeseq_0000027_labelled_mB2.wav,Wuschel,Nougatti,after,non-partner,Wuschel-Olympia,-13.006414,2.4995036,PaCMAP
764,after_phees_2022-07-26_15-00-38_0000053_labelled_Wuschel_pheeseq_0000028_labelled_mB1.wav,Wuschel,Nougatti,after,non-partner,Wuschel-Olympia,-15.163375,4.0025167,PaCMAP
765,after_phees_2022-07-26_15-00-38_0000053_labelled_Wuschel_pheeseq_0000028_labelled_mB2.wav,Wuschel,Nougatti,after,non-partner,Wuschel-Olympia,-13.903254,2.0715563,PaCMAP
766,after_phees_2022-07-26_15-00-38_0000053_labelled_Wuschel_pheeseq_0000029_labelled_mB1.wav,Wuschel,Nougatti,after,non-partner,Wuschel-Olympia,-14.776701,4.0843287,PaCMAP
767,after_phees_2022-07-26_15-00-38_0000053_labelled_Wuschel_pheeseq_0000030_labelled_mB1.wav,Wuschel,Nougatti,after,non-partner,Wuschel-Olympia,-14.4741,4.052687,PaCMAP
768,after_phees_2022-07-26_15-00-38_0000053_labelled_Wuschel_pheeseq_0000030_labelled_mB2.wav,Wuschel,Nougatti,after,non-partner,Wuschel-Olympia,-13.919158,2.0987136,PaCMAP
769,after_phees_2022-07-26_15-00-38_0000053_labelled_Wuschel_pheeseq_0000031_labelled_mB1.wav,Wuschel,Nougatti,after,non-partner,Wuschel-Olympia,-13.4712305,2.4836962,PaCMAP
770,after_phees_2022-07-26_15-00-38_0000053_labelled_Wuschel_pheeseq_0000031_labelled_mB2.wav,Wuschel,Nougatti,after,non-partner,Wuschel-Olympia,-13.713059,2.0444696,PaCMAP
771,after_phees_2022-07-26_15-00-38_0000053_labelled_Wuschel_pheeseq_0000033_labelled_mB1.wav,Wuschel,Nougatti,after,non-partner,Wuschel-Olympia,-14.9626465,3.5920746,PaCMAP
772,after_phees_2022-07-26_15-00-38_0000053_labelled_Wuschel_pheeseq_0000033_labelled_mB2.wav,Wuschel,Nougatti,after,non-partner,Wuschel-Olympia,-12.098222,3.2882211,PaCMAP
773,after_phees_2022-07-26_15-00-38_0000053_labelled_Wuschel_pheeseq_0000034_labelled_mC1.wav,Wuschel,Nougatti,after,non-partner,Wuschel-Olympia,-12.933147,3.4378347,PaCMAP
774,after_phees_2022-07-26_15-00-38_0000053_labelled_Wuschel_pheeseq_0000034_labelled_mC2.wav,Wuschel,Nougatti,after,non-partner,Wuschel-Olympia,-12.8627825,3.9971416,PaCMAP
775,after_phees_2022-07-26_15-00-38_0000053_labelled_Wuschel_pheeseq_0000034_labelled_mC3.wav,Wuschel,Nougatti,after,non-partner,Wuschel-Olympia,-12.313386,2.053103,PaCMAP
776,after_phees_2022-07-26_15-00-38_0000053_labelled_Wuschel_pheeseq_0000036_labelled_mB1.wav,Wuschel,Nougatti,after,non-partner,Wuschel-Olympia,-15.149739,3.411154,PaCMAP
777,after_phees_2022-07-26_15-00-38_0000053_labelled_Wuschel_pheeseq_0000036_labelled_mB2.wav,Wuschel,Nougatti,after,non-partner,Wuschel-Olympia,-13.844687,1.2459863,PaCMAP
778,after_phees_2022-07-26_15-00-38_0000053_labelled_Wuschel_pheeseq_0000041_labelled_mB1.wav,Wuschel,Nougatti,after,non-partner,Wuschel-Olympia,-13.356761,4.2149014,PaCMAP
779,after_phees_2022-07-26_15-00-38_0000053_labelled_Wuschel_pheeseq_0000041_labelled_mB2.wav,Wuschel,Nougatti,after,non-partner,Wuschel-Olympia,-14.606712,2.038186,PaCMAP
780,after_phees_2022-07-26_15-00-38_0000053_labelled_Wuschel_pheeseq_0000043_labelled_mB1.wav,Wuschel,Nougatti,after,non-partner,Wuschel-Olympia,-15.027977,3.9121397,PaCMAP
781,after_phees_2022-07-26_15-00-38_0000053_labelled_Wuschel_pheeseq_0000043_labelled_mB2.wav,Wuschel,Nougatti,after,non-partner,Wuschel-Olympia,-12.76624,1.1536027,PaCMAP
782,after_phees_2022-07-26_15-22-33_0000054_labelled_Nougatti_pheeseq_0000004_labelled_mB1.wav,Nougatti,Odin,after,partner,Odin-Nougatti,-4.485042,1.7692198,PaCMAP
783,after_phees_2022-07-26_15-22-33_0000054_labelled_Nougatti_pheeseq_0000004_labelled_mB2.wav,Nougatti,Odin,after,partner,Odin-Nougatti,8.604983,-8.709877,PaCMAP
784,after_phees_2022-07-26_15-22-33_0000054_labelled_Nougatti_pheeseq_0000005_labelled_mB1.wav,Nougatti,Odin,after,partner,Odin-Nougatti,-13.262665,3.3917005,PaCMAP
785,after_phees_2022-07-26_15-22-33_0000054_labelled_Nougatti_pheeseq_0000005_labelled_mB2.wav,Nougatti,Odin,after,partner,Odin-Nougatti,-4.2956834,0.8999179,PaCMAP
786,after_phees_2022-07-26_15-22-33_0000054_labelled_Nougatti_pheeseq_0000006_labelled_mB1.wav,Nougatti,Odin,after,partner,Odin-Nougatti,-4.922225,5.6036515,PaCMAP
787,after_phees_2022-07-26_15-22-33_0000054_labelled_Nougatti_pheeseq_0000006_labelled_mB2.wav,Nougatti,Odin,after,partner,Odin-Nougatti,-4.0984135,0.88135934,PaCMAP
788,after_phees_2022-07-26_15-22-33_0000054_labelled_Nougatti_pheeseq_0000009_labelled_mB1.wav,Nougatti,Odin,after,partner,Odin-Nougatti,-6.3637376,5.582661,PaCMAP
789,after_phees_2022-07-26_15-22-33_0000054_labelled_Nougatti_pheeseq_0000009_labelled_mB2.wav,Nougatti,Odin,after,partner,Odin-Nougatti,-1.5091732,0.93113667,PaCMAP
790,after_phees_2022-07-26_15-22-33_0000054_labelled_Nougatti_pheeseq_0000011_labelled_mB1.wav,Nougatti,Odin,after,partner,Odin-Nougatti,-5.941587,5.7625947,PaCMAP
791,after_phees_2022-07-26_15-22-33_0000054_labelled_Nougatti_pheeseq_0000011_labelled_mB2.wav,Nougatti,Odin,after,partner,Odin-Nougatti,7.0111623,-7.3023024,PaCMAP
792,after_phees_2022-07-26_15-22-33_0000054_labelled_Nougatti_pheeseq_0000017_labelled_mB1.wav,Nougatti,Odin,after,partner,Odin-Nougatti,-6.737991,5.4141707,PaCMAP
793,after_phees_2022-07-26_15-22-33_0000054_labelled_Nougatti_pheeseq_0000017_labelled_mB2.wav,Nougatti,Odin,after,partner,Odin-Nougatti,7.933706,-8.278963,PaCMAP
794,after_phees_2022-07-27_10-24-06_0000055_labelled_Tabor_pheeseq_0000002_labelled_mC1.wav,Tabor,Nougatti,after,non-partner,Tabor-Lola,-4.953895,0.003475962,PaCMAP
795,after_phees_2022-07-27_10-24-06_0000055_labelled_Tabor_pheeseq_0000002_labelled_mC2.wav,Tabor,Nougatti,after,non-partner,Tabor-Lola,-4.0834217,-0.34046617,PaCMAP
796,after_phees_2022-07-27_10-24-06_0000055_labelled_Tabor_pheeseq_0000002_labelled_mC3.wav,Tabor,Nougatti,after,non-partner,Tabor-Lola,-8.906131,4.8226933,PaCMAP
797,after_phees_2022-07-27_10-24-06_0000055_labelled_Tabor_pheeseq_0000003_labelled_mD1.wav,Tabor,Nougatti,after,non-partner,Tabor-Lola,-5.808686,6.1192126,PaCMAP
798,after_phees_2022-07-27_10-24-06_0000055_labelled_Tabor_pheeseq_0000003_labelled_mD2.wav,Tabor,Nougatti,after,non-partner,Tabor-Lola,-7.573771,5.259762,PaCMAP
799,after_phees_2022-07-27_10-24-06_0000055_labelled_Tabor_pheeseq_0000003_labelled_mD3.wav,Tabor,Nougatti,after,non-partner,Tabor-Lola,-9.225666,2.972187,PaCMAP
800,after_phees_2022-07-27_10-24-06_0000055_labelled_Tabor_pheeseq_0000003_labelled_mD4.wav,Tabor,Nougatti,after,non-partner,Tabor-Lola,-9.382716,2.1369367,PaCMAP
801,after_phees_2022-07-27_10-24-06_0000055_labelled_Tabor_pheeseq_0000005_labelled_mC1.wav,Tabor,Nougatti,after,non-partner,Tabor-Lola,0.7018016,-1.5728703,PaCMAP
802,after_phees_2022-07-27_10-24-06_0000055_labelled_Tabor_pheeseq_0000005_labelled_mC2.wav,Tabor,Nougatti,after,non-partner,Tabor-Lola,0.72973585,-0.5981234,PaCMAP
803,after_phees_2022-07-27_10-24-06_0000055_labelled_Tabor_pheeseq_0000005_labelled_mC3.wav,Tabor,Nougatti,after,non-partner,Tabor-Lola,0.6403432,-0.7456131,PaCMAP
804,after_phees_2022-07-27_10-24-06_0000055_labelled_Tabor_pheeseq_0000006_labelled_mC1.wav,Tabor,Nougatti,after,non-partner,Tabor-Lola,1.9912885,-0.8769856,PaCMAP
805,after_phees_2022-07-27_10-24-06_0000055_labelled_Tabor_pheeseq_0000006_labelled_mC2.wav,Tabor,Nougatti,after,non-partner,Tabor-Lola,8.259953,-6.64837,PaCMAP
806,after_phees_2022-07-27_10-24-06_0000055_labelled_Tabor_pheeseq_0000006_labelled_mC3.wav,Tabor,Nougatti,after,non-partner,Tabor-Lola,-2.1872485,-0.88481575,PaCMAP
807,after_phees_2022-07-27_10-24-06_0000055_labelled_Tabor_pheeseq_0000008_labelled_mC1.wav,Tabor,Nougatti,after,non-partner,Tabor-Lola,-5.446588,6.448846,PaCMAP
808,after_phees_2022-07-27_10-24-06_0000055_labelled_Tabor_pheeseq_0000008_labelled_mC4.wav,Tabor,Nougatti,after,non-partner,Tabor-Lola,-4.668406,-0.34592625,PaCMAP
809,after_phees_2022-07-27_10-24-06_0000055_labelled_Tabor_pheeseq_0000008_labelled_mC5.wav,Tabor,Nougatti,after,non-partner,Tabor-Lola,-6.691576,-1.1052938,PaCMAP
810,after_phees_2022-07-27_10-24-06_0000055_labelled_Tabor_pheeseq_0000009_labelled_mC1.wav,Tabor,Nougatti,after,non-partner,Tabor-Lola,-0.5629383,-1.5419941,PaCMAP
811,after_phees_2022-07-27_10-24-06_0000055_labelled_Tabor_pheeseq_0000009_labelled_mC2.wav,Tabor,Nougatti,after,non-partner,Tabor-Lola,9.864117,-8.057389,PaCMAP
812,after_phees_2022-07-27_10-24-06_0000055_labelled_Tabor_pheeseq_0000009_labelled_mC3.wav,Tabor,Nougatti,after,non-partner,Tabor-Lola,-4.3721843,-2.192798,PaCMAP
813,after_phees_2022-07-27_10-24-06_0000055_labelled_Tabor_pheeseq_0000014_labelled_mC1.wav,Tabor,Nougatti,after,non-partner,Tabor-Lola,-7.2308774,5.304753,PaCMAP
814,after_phees_2022-07-27_10-24-06_0000055_labelled_Tabor_pheeseq_0000014_labelled_mC2.wav,Tabor,Nougatti,after,non-partner,Tabor-Lola,-6.8214817,-0.5258148,PaCMAP
815,after_phees_2022-07-27_10-24-06_0000055_labelled_Tabor_pheeseq_0000014_labelled_mC3.wav,Tabor,Nougatti,after,non-partner,Tabor-Lola,-9.759467,1.7875129,PaCMAP
816,after_phees_2022-07-27_11-30-41_0000057_labelled_Lola_pheeseq_0000002_labelled_mB1.wav,Lola,Wuschel,after,non-partner,Tabor-Lola,-1.3079249,5.7964153,PaCMAP
817,after_phees_2022-07-27_11-30-41_0000057_labelled_Lola_pheeseq_0000002_labelled_mB2.wav,Lola,Wuschel,after,non-partner,Tabor-Lola,-2.5643797,5.812899,PaCMAP
818,after_phees_2022-07-27_11-30-41_0000057_labelled_Lola_pheeseq_0000003_labelled_mB1.wav,Lola,Wuschel,after,non-partner,Tabor-Lola,-3.1789818,5.6122227,PaCMAP
819,after_phees_2022-07-27_11-30-41_0000057_labelled_Lola_pheeseq_0000003_labelled_mB2.wav,Lola,Wuschel,after,non-partner,Tabor-Lola,-3.0085819,5.8406463,PaCMAP
820,after_phees_2022-07-27_11-30-41_0000057_labelled_Lola_pheeseq_0000004_labelled_mC1.wav,Lola,Wuschel,after,non-partner,Tabor-Lola,-5.1095347,5.5350723,PaCMAP
821,after_phees_2022-07-27_11-30-41_0000057_labelled_Lola_pheeseq_0000004_labelled_mC2.wav,Lola,Wuschel,after,non-partner,Tabor-Lola,-1.4863715,4.021059,PaCMAP
822,after_phees_2022-07-27_11-30-41_0000057_labelled_Lola_pheeseq_0000004_labelled_mC3.wav,Lola,Wuschel,after,non-partner,Tabor-Lola,-4.7318354,5.7635136,PaCMAP
823,after_phees_2022-07-27_11-30-41_0000057_labelled_Lola_pheeseq_0000005_labelled_mC1.wav,Lola,Wuschel,after,non-partner,Tabor-Lola,-2.885291,4.2926116,PaCMAP
824,after_phees_2022-07-27_11-30-41_0000057_labelled_Lola_pheeseq_0000005_labelled_mC2.wav,Lola,Wuschel,after,non-partner,Tabor-Lola,-3.074637,7.623467,PaCMAP
825,after_phees_2022-07-27_11-30-41_0000057_labelled_Lola_pheeseq_0000005_labelled_mC3.wav,Lola,Wuschel,after,non-partner,Tabor-Lola,-5.545524,6.213632,PaCMAP
826,after_phees_2022-07-27_11-30-41_0000057_labelled_Lola_pheeseq_0000006_labelled_mC1.wav,Lola,Wuschel,after,non-partner,Tabor-Lola,-2.7749038,2.519984,PaCMAP
827,after_phees_2022-07-27_11-30-41_0000057_labelled_Lola_pheeseq_0000006_labelled_mC2.wav,Lola,Wuschel,after,non-partner,Tabor-Lola,0.73333573,4.5075383,PaCMAP
828,after_phees_2022-07-27_11-30-41_0000057_labelled_Lola_pheeseq_0000006_labelled_mC3.wav,Lola,Wuschel,after,non-partner,Tabor-Lola,-3.8699596,6.370118,PaCMAP
829,after_phees_2022-07-27_11-30-41_0000057_labelled_Lola_pheeseq_0000007_labelled_mB1.wav,Lola,Wuschel,after,non-partner,Tabor-Lola,-2.2748811,7.367959,PaCMAP
830,after_phees_2022-07-27_11-30-41_0000057_labelled_Lola_pheeseq_0000007_labelled_mB2.wav,Lola,Wuschel,after,non-partner,Tabor-Lola,-0.6816276,6.729552,PaCMAP
831,after_phees_2022-07-27_11-30-41_0000057_labelled_Lola_pheeseq_0000008_labelled_mB1.wav,Lola,Wuschel,after,non-partner,Tabor-Lola,-1.3677593,7.5797257,PaCMAP
832,after_phees_2022-07-27_11-30-41_0000057_labelled_Lola_pheeseq_0000008_labelled_mB2.wav,Lola,Wuschel,after,non-partner,Tabor-Lola,2.454276,4.203783,PaCMAP
833,after_phees_2022-07-27_11-30-41_0000057_labelled_Lola_pheeseq_0000009_labelled_mB1.wav,Lola,Wuschel,after,non-partner,Tabor-Lola,-1.0605806,7.1021748,PaCMAP
834,after_phees_2022-07-27_11-30-41_0000057_labelled_Lola_pheeseq_0000013_labelled_mB1.wav,Lola,Wuschel,after,non-partner,Tabor-Lola,0.077749394,5.531403,PaCMAP
835,after_phees_2022-07-27_11-30-41_0000057_labelled_Lola_pheeseq_0000013_labelled_mB2.wav,Lola,Wuschel,after,non-partner,Tabor-Lola,4.244162,-0.70118856,PaCMAP
836,after_phees_2022-07-27_11-30-41_0000057_labelled_Lola_pheeseq_0000020_labelled_mB1.wav,Lola,Wuschel,after,non-partner,Tabor-Lola,-0.6266337,5.9987125,PaCMAP
837,after_phees_2022-07-27_11-30-41_0000057_labelled_Lola_pheeseq_0000020_labelled_mB2.wav,Lola,Wuschel,after,non-partner,Tabor-Lola,0.5914267,3.7047482,PaCMAP
838,after_phees_2022-07-27_11-30-41_0000057_labelled_Wuschel_pheeseq_0000010_labelled_mB1.wav,Wuschel,Lola,after,non-partner,Wuschel-Olympia,-15.90316,3.890821,PaCMAP
839,after_phees_2022-07-27_11-30-41_0000057_labelled_Wuschel_pheeseq_0000010_labelled_mB2.wav,Wuschel,Lola,after,non-partner,Wuschel-Olympia,-14.386558,4.1677217,PaCMAP
840,after_phees_2022-07-27_11-30-41_0000057_labelled_Wuschel_pheeseq_0000011_labelled_mB1.wav,Wuschel,Lola,after,non-partner,Wuschel-Olympia,-15.255748,3.9280071,PaCMAP
841,after_phees_2022-07-27_11-30-41_0000057_labelled_Wuschel_pheeseq_0000011_labelled_mB2.wav,Wuschel,Lola,after,non-partner,Wuschel-Olympia,-13.928835,3.895208,PaCMAP
842,after_phees_2022-07-27_11-30-41_0000057_labelled_Wuschel_pheeseq_0000012_labelled_mB1.wav,Wuschel,Lola,after,non-partner,Wuschel-Olympia,-15.486511,4.020514,PaCMAP
843,after_phees_2022-07-27_11-30-41_0000057_labelled_Wuschel_pheeseq_0000012_labelled_mB2.wav,Wuschel,Lola,after,non-partner,Wuschel-Olympia,-13.327007,4.1453705,PaCMAP
844,after_phees_2022-07-28_09-36-49_0000058_labelled_Olympia_pheeseq_0000032_labelled_mB1.wav,Olympia,Tabor,after,non-partner,Wuschel-Olympia,-14.457308,3.917028,PaCMAP
845,after_phees_2022-07-28_09-36-49_0000058_labelled_Olympia_pheeseq_0000032_labelled_mB2.wav,Olympia,Tabor,after,non-partner,Wuschel-Olympia,-10.399056,1.3350172,PaCMAP
846,after_phees_2022-07-28_09-36-49_0000058_labelled_Olympia_pheeseq_0000034_labelled_mB1.wav,Olympia,Tabor,after,non-partner,Wuschel-Olympia,-14.579381,4.0273075,PaCMAP
847,after_phees_2022-07-28_09-36-49_0000058_labelled_Olympia_pheeseq_0000034_labelled_mB2.wav,Olympia,Tabor,after,non-partner,Wuschel-Olympia,-12.631665,3.8937144,PaCMAP
848,after_phees_2022-07-28_09-36-49_0000058_labelled_Tabor_pheeseq_0000002_labelled_mC1.wav,Tabor,Olympia,after,non-partner,Tabor-Lola,-5.1308107,0.53713715,PaCMAP
849,after_phees_2022-07-28_09-36-49_0000058_labelled_Tabor_pheeseq_0000002_labelled_mC2.wav,Tabor,Olympia,after,non-partner,Tabor-Lola,-9.176287,4.11896,PaCMAP
850,after_phees_2022-07-28_09-36-49_0000058_labelled_Tabor_pheeseq_0000002_labelled_mC3.wav,Tabor,Olympia,after,non-partner,Tabor-Lola,-10.147095,0.82377994,PaCMAP
851,after_phees_2022-07-28_09-36-49_0000058_labelled_Tabor_pheeseq_0000003_labelled_mC1.wav,Tabor,Olympia,after,non-partner,Tabor-Lola,-4.979842,-0.3703754,PaCMAP
852,after_phees_2022-07-28_09-36-49_0000058_labelled_Tabor_pheeseq_0000003_labelled_mC3.wav,Tabor,Olympia,after,non-partner,Tabor-Lola,-8.205742,5.016351,PaCMAP
853,after_phees_2022-07-28_09-36-49_0000058_labelled_Tabor_pheeseq_0000003_labelled_mC4.wav,Tabor,Olympia,after,non-partner,Tabor-Lola,-6.128302,-2.158904,PaCMAP
854,after_phees_2022-07-28_09-36-49_0000058_labelled_Tabor_pheeseq_0000004_labelled_mC1.wav,Tabor,Olympia,after,non-partner,Tabor-Lola,-5.4219637,0.77520126,PaCMAP
855,after_phees_2022-07-28_09-36-49_0000058_labelled_Tabor_pheeseq_0000004_labelled_mC2.wav,Tabor,Olympia,after,non-partner,Tabor-Lola,9.936426,-9.169759,PaCMAP
856,after_phees_2022-07-28_09-36-49_0000058_labelled_Tabor_pheeseq_0000004_labelled_mC3.wav,Tabor,Olympia,after,non-partner,Tabor-Lola,-6.01765,-1.6610132,PaCMAP
857,after_phees_2022-07-28_09-36-49_0000058_labelled_Tabor_pheeseq_0000005_labelled_mD1.wav,Tabor,Olympia,after,non-partner,Tabor-Lola,-4.783222,0.5970071,PaCMAP
858,after_phees_2022-07-28_09-36-49_0000058_labelled_Tabor_pheeseq_0000005_labelled_mD2.wav,Tabor,Olympia,after,non-partner,Tabor-Lola,9.648429,-9.22026,PaCMAP
859,after_phees_2022-07-28_09-36-49_0000058_labelled_Tabor_pheeseq_0000005_labelled_mD3.wav,Tabor,Olympia,after,non-partner,Tabor-Lola,10.305478,-8.54608,PaCMAP
860,after_phees_2022-07-28_09-36-49_0000058_labelled_Tabor_pheeseq_0000005_labelled_mD4.wav,Tabor,Olympia,after,non-partner,Tabor-Lola,-8.944556,-0.26990804,PaCMAP
861,after_phees_2022-07-28_09-36-49_0000058_labelled_Tabor_pheeseq_0000006_labelled_mD1.wav,Tabor,Olympia,after,non-partner,Tabor-Lola,-4.3494368,-0.43109912,PaCMAP
862,after_phees_2022-07-28_09-36-49_0000058_labelled_Tabor_pheeseq_0000006_labelled_mD2.wav,Tabor,Olympia,after,non-partner,Tabor-Lola,-4.252014,-0.91719025,PaCMAP
863,after_phees_2022-07-28_09-36-49_0000058_labelled_Tabor_pheeseq_0000006_labelled_mD3.wav,Tabor,Olympia,after,non-partner,Tabor-Lola,-4.567973,-0.6426793,PaCMAP
864,after_phees_2022-07-28_09-36-49_0000058_labelled_Tabor_pheeseq_0000006_labelled_mD4.wav,Tabor,Olympia,after,non-partner,Tabor-Lola,-9.161947,-0.2803666,PaCMAP
865,after_phees_2022-07-28_09-36-49_0000058_labelled_Tabor_pheeseq_0000007_labelled_mD1.wav,Tabor,Olympia,after,non-partner,Tabor-Lola,-4.8558664,0.035392795,PaCMAP
866,after_phees_2022-07-28_09-36-49_0000058_labelled_Tabor_pheeseq_0000007_labelled_mD3.wav,Tabor,Olympia,after,non-partner,Tabor-Lola,-4.7737136,-0.25327235,PaCMAP
867,after_phees_2022-07-28_09-36-49_0000058_labelled_Tabor_pheeseq_0000007_labelled_mD4.wav,Tabor,Olympia,after,non-partner,Tabor-Lola,-5.89915,-1.7110844,PaCMAP
868,after_phees_2022-07-28_09-36-49_0000058_labelled_Tabor_pheeseq_0000008_labelled_mD1.wav,Tabor,Olympia,after,non-partner,Tabor-Lola,-4.785211,0.4767568,PaCMAP
869,after_phees_2022-07-28_09-36-49_0000058_labelled_Tabor_pheeseq_0000008_labelled_mD2.wav,Tabor,Olympia,after,non-partner,Tabor-Lola,-4.1969886,-0.99157417,PaCMAP
870,after_phees_2022-07-28_09-36-49_0000058_labelled_Tabor_pheeseq_0000008_labelled_mD3.wav,Tabor,Olympia,after,non-partner,Tabor-Lola,-8.562146,4.786098,PaCMAP
871,after_phees_2022-07-28_09-36-49_0000058_labelled_Tabor_pheeseq_0000008_labelled_mD4.wav,Tabor,Olympia,after,non-partner,Tabor-Lola,-6.6621265,-1.6102817,PaCMAP
872,after_phees_2022-07-28_09-36-49_0000058_labelled_Tabor_pheeseq_0000009_labelled_mD2.wav,Tabor,Olympia,after,non-partner,Tabor-Lola,-4.269177,-1.013933,PaCMAP
873,after_phees_2022-07-28_09-36-49_0000058_labelled_Tabor_pheeseq_0000009_labelled_mD3.wav,Tabor,Olympia,after,non-partner,Tabor-Lola,-4.322698,-1.4493818,PaCMAP
874,after_phees_2022-07-28_09-36-49_0000058_labelled_Tabor_pheeseq_0000009_labelled_mD4.wav,Tabor,Olympia,after,non-partner,Tabor-Lola,-6.799957,-1.895315,PaCMAP
875,after_phees_2022-07-28_09-36-49_0000058_labelled_Tabor_pheeseq_0000010_labelled_mC2.wav,Tabor,Olympia,after,non-partner,Tabor-Lola,-1.581319,0.14695373,PaCMAP
876,after_phees_2022-07-28_09-36-49_0000058_labelled_Tabor_pheeseq_0000010_labelled_mC3.wav,Tabor,Olympia,after,non-partner,Tabor-Lola,-3.454578,-1.6491694,PaCMAP
877,after_phees_2022-07-28_09-36-49_0000058_labelled_Tabor_pheeseq_0000011_labelled_mD1.wav,Tabor,Olympia,after,non-partner,Tabor-Lola,-1.5797367,-1.0030593,PaCMAP
878,after_phees_2022-07-28_09-36-49_0000058_labelled_Tabor_pheeseq_0000011_labelled_mD2.wav,Tabor,Olympia,after,non-partner,Tabor-Lola,8.724824,-6.7986884,PaCMAP
879,after_phees_2022-07-28_09-36-49_0000058_labelled_Tabor_pheeseq_0000011_labelled_mD3.wav,Tabor,Olympia,after,non-partner,Tabor-Lola,9.590712,-7.142302,PaCMAP
880,after_phees_2022-07-28_09-36-49_0000058_labelled_Tabor_pheeseq_0000011_labelled_mD4.wav,Tabor,Olympia,after,non-partner,Tabor-Lola,10.84571,-8.15915,PaCMAP
881,after_phees_2022-07-28_09-36-49_0000058_labelled_Tabor_pheeseq_0000012_labelled_mD1.wav,Tabor,Olympia,after,non-partner,Tabor-Lola,-2.2360735,0.4061899,PaCMAP
882,after_phees_2022-07-28_09-36-49_0000058_labelled_Tabor_pheeseq_0000012_labelled_mD2.wav,Tabor,Olympia,after,non-partner,Tabor-Lola,-2.0151196,-0.65764713,PaCMAP
883,after_phees_2022-07-28_09-36-49_0000058_labelled_Tabor_pheeseq_0000012_labelled_mD3.wav,Tabor,Olympia,after,non-partner,Tabor-Lola,-4.288213,-0.86077726,PaCMAP
884,after_phees_2022-07-28_09-36-49_0000058_labelled_Tabor_pheeseq_0000012_labelled_mD4.wav,Tabor,Olympia,after,non-partner,Tabor-Lola,-6.5619316,-1.947238,PaCMAP
885,after_phees_2022-07-28_09-36-49_0000058_labelled_Tabor_pheeseq_0000017_labelled_mD1.wav,Tabor,Olympia,after,non-partner,Tabor-Lola,8.768632,-8.121939,PaCMAP
886,after_phees_2022-07-28_09-36-49_0000058_labelled_Tabor_pheeseq_0000017_labelled_mD2.wav,Tabor,Olympia,after,non-partner,Tabor-Lola,-4.318999,-1.2597735,PaCMAP
887,after_phees_2022-07-28_09-36-49_0000058_labelled_Tabor_pheeseq_0000017_labelled_mD3.wav,Tabor,Olympia,after,non-partner,Tabor-Lola,-8.646204,-0.68570197,PaCMAP
888,after_phees_2022-07-28_09-36-49_0000058_labelled_Tabor_pheeseq_0000023_labelled_mC1.wav,Tabor,Olympia,after,non-partner,Tabor-Lola,-14.5186,2.6710238,PaCMAP
889,after_phees_2022-07-28_09-36-49_0000058_labelled_Tabor_pheeseq_0000023_labelled_mC2.wav,Tabor,Olympia,after,non-partner,Tabor-Lola,-6.476071,0.21432686,PaCMAP
890,after_phees_2022-07-28_09-36-49_0000058_labelled_Tabor_pheeseq_0000023_labelled_mC3.wav,Tabor,Olympia,after,non-partner,Tabor-Lola,-11.0486145,1.7412653,PaCMAP
891,after_phees_2022-07-28_09-36-49_0000058_labelled_Tabor_pheeseq_0000024_labelled_mC1.wav,Tabor,Olympia,after,non-partner,Tabor-Lola,-5.637139,5.350261,PaCMAP
892,after_phees_2022-07-28_09-36-49_0000058_labelled_Tabor_pheeseq_0000024_labelled_mC2.wav,Tabor,Olympia,after,non-partner,Tabor-Lola,-4.6044984,0.7769005,PaCMAP
893,after_phees_2022-07-28_09-36-49_0000058_labelled_Tabor_pheeseq_0000024_labelled_mC3.wav,Tabor,Olympia,after,non-partner,Tabor-Lola,-10.008847,4.3246903,PaCMAP
894,after_phees_2022-07-28_09-36-49_0000058_labelled_Tabor_pheeseq_0000025_labelled_mC1.wav,Tabor,Olympia,after,non-partner,Tabor-Lola,-5.879572,5.377378,PaCMAP
895,after_phees_2022-07-28_09-36-49_0000058_labelled_Tabor_pheeseq_0000025_labelled_mC2.wav,Tabor,Olympia,after,non-partner,Tabor-Lola,-3.9726312,1.2302176,PaCMAP
896,after_phees_2022-07-28_09-36-49_0000058_labelled_Tabor_pheeseq_0000025_labelled_mC3.wav,Tabor,Olympia,after,non-partner,Tabor-Lola,-6.2352533,0.82246685,PaCMAP
897,after_phees_2022-07-28_09-36-49_0000058_labelled_Tabor_pheeseq_0000026_labelled_mC1.wav,Tabor,Olympia,after,non-partner,Tabor-Lola,-6.573671,5.474358,PaCMAP
898,after_phees_2022-07-28_09-36-49_0000058_labelled_Tabor_pheeseq_0000026_labelled_mC2.wav,Tabor,Olympia,after,non-partner,Tabor-Lola,-5.4077063,5.742058,PaCMAP
899,after_phees_2022-07-28_09-36-49_0000058_labelled_Tabor_pheeseq_0000026_labelled_mC3.wav,Tabor,Olympia,after,non-partner,Tabor-Lola,-6.3107147,0.21424985,PaCMAP
900,after_phees_2022-07-28_09-36-49_0000058_labelled_Tabor_pheeseq_0000027_labelled_mC1.wav,Tabor,Olympia,after,non-partner,Tabor-Lola,-6.7380753,5.5295563,PaCMAP
901,after_phees_2022-07-28_09-36-49_0000058_labelled_Tabor_pheeseq_0000027_labelled_mC2.wav,Tabor,Olympia,after,non-partner,Tabor-Lola,9.292146,-8.466758,PaCMAP
902,after_phees_2022-07-28_09-36-49_0000058_labelled_Tabor_pheeseq_0000027_labelled_mC3.wav,Tabor,Olympia,after,non-partner,Tabor-Lola,-4.8665376,-0.44576782,PaCMAP
903,after_phees_2022-07-28_09-36-49_0000058_labelled_Tabor_pheeseq_0000028_labelled_mC1.wav,Tabor,Olympia,after,non-partner,Tabor-Lola,-2.6446881,2.4827733,PaCMAP
904,after_phees_2022-07-28_09-36-49_0000058_labelled_Tabor_pheeseq_0000028_labelled_mC2.wav,Tabor,Olympia,after,non-partner,Tabor-Lola,-2.3855305,0.89405245,PaCMAP
905,after_phees_2022-07-28_09-36-49_0000058_labelled_Tabor_pheeseq_0000028_labelled_mC3.wav,Tabor,Olympia,after,non-partner,Tabor-Lola,-8.647275,4.8336434,PaCMAP
906,after_phees_2022-07-28_09-36-49_0000058_labelled_Tabor_pheeseq_0000029_labelled_mB1.wav,Tabor,Olympia,after,non-partner,Tabor-Lola,-2.4572093,3.8322926,PaCMAP
907,after_phees_2022-07-28_09-36-49_0000058_labelled_Tabor_pheeseq_0000029_labelled_mB2.wav,Tabor,Olympia,after,non-partner,Tabor-Lola,-2.2640436,1.2207515,PaCMAP
908,after_phees_2022-07-28_09-36-49_0000058_labelled_Tabor_pheeseq_0000030_labelled_mC2.wav,Tabor,Olympia,after,non-partner,Tabor-Lola,-2.2775304,-0.4222436,PaCMAP
909,after_phees_2022-07-28_09-36-49_0000058_labelled_Tabor_pheeseq_0000030_labelled_mC3.wav,Tabor,Olympia,after,non-partner,Tabor-Lola,-8.000034,5.153217,PaCMAP
910,after_phees_2022-07-28_09-36-49_0000058_labelled_Tabor_pheeseq_0000033_labelled_mD1.wav,Tabor,Olympia,after,non-partner,Tabor-Lola,-2.3569646,0.14404377,PaCMAP
911,after_phees_2022-07-28_09-36-49_0000058_labelled_Tabor_pheeseq_0000033_labelled_mD2.wav,Tabor,Olympia,after,non-partner,Tabor-Lola,-1.8268737,-0.115526766,PaCMAP
912,after_phees_2022-07-28_09-36-49_0000058_labelled_Tabor_pheeseq_0000033_labelled_mD3.wav,Tabor,Olympia,after,non-partner,Tabor-Lola,-4.706074,-1.006142,PaCMAP
913,after_phees_2022-07-28_09-36-49_0000058_labelled_Tabor_pheeseq_0000033_labelled_mD4.wav,Tabor,Olympia,after,non-partner,Tabor-Lola,-9.493161,1.8771768,PaCMAP
914,after_phees_2022-07-28_10-12-30_0000059_labelled_Olympia_pheeseq_0000013_labelled_mB1.wav,Olympia,Wuschel,after,partner,Wuschel-Olympia,-14.173155,3.8102806,PaCMAP
915,after_phees_2022-07-28_10-12-30_0000059_labelled_Olympia_pheeseq_0000013_labelled_mB2.wav,Olympia,Wuschel,after,partner,Wuschel-Olympia,-12.2713175,4.0608945,PaCMAP
916,after_phees_2022-07-28_10-12-30_0000059_labelled_Olympia_pheeseq_0000014_labelled_mB1.wav,Olympia,Wuschel,after,partner,Wuschel-Olympia,-13.335553,3.914743,PaCMAP
917,after_phees_2022-07-28_10-12-30_0000059_labelled_Olympia_pheeseq_0000014_labelled_mB2.wav,Olympia,Wuschel,after,partner,Wuschel-Olympia,-13.52289,3.6005175,PaCMAP
918,after_phees_2022-07-28_10-12-30_0000059_labelled_Olympia_pheeseq_0000015_labelled_mB1.wav,Olympia,Wuschel,after,partner,Wuschel-Olympia,-12.017806,3.663374,PaCMAP
919,after_phees_2022-07-28_10-12-30_0000059_labelled_Olympia_pheeseq_0000015_labelled_mB2.wav,Olympia,Wuschel,after,partner,Wuschel-Olympia,-14.021676,1.1600145,PaCMAP
920,after_phees_2022-07-28_10-12-30_0000059_labelled_Wuschel_pheeseq_0000002_labelled_mC1.wav,Wuschel,Olympia,after,partner,Wuschel-Olympia,-13.10364,1.2958115,PaCMAP
921,after_phees_2022-07-28_10-12-30_0000059_labelled_Wuschel_pheeseq_0000002_labelled_mC2.wav,Wuschel,Olympia,after,partner,Wuschel-Olympia,-13.360728,0.9513649,PaCMAP
922,after_phees_2022-07-28_10-12-30_0000059_labelled_Wuschel_pheeseq_0000002_labelled_mC3.wav,Wuschel,Olympia,after,partner,Wuschel-Olympia,-10.014782,1.4311489,PaCMAP
923,after_phees_2022-07-28_10-12-30_0000059_labelled_Wuschel_pheeseq_0000003_labelled_mC1.wav,Wuschel,Olympia,after,partner,Wuschel-Olympia,-15.735235,3.6521323,PaCMAP
924,after_phees_2022-07-28_10-12-30_0000059_labelled_Wuschel_pheeseq_0000003_labelled_mC2.wav,Wuschel,Olympia,after,partner,Wuschel-Olympia,-14.4016075,1.6956921,PaCMAP
925,after_phees_2022-07-28_10-12-30_0000059_labelled_Wuschel_pheeseq_0000003_labelled_mC3.wav,Wuschel,Olympia,after,partner,Wuschel-Olympia,-10.153971,0.42674276,PaCMAP
926,after_phees_2022-07-28_10-12-30_0000059_labelled_Wuschel_pheeseq_0000004_labelled_mB1.wav,Wuschel,Olympia,after,partner,Wuschel-Olympia,-13.894438,4.1336236,PaCMAP
927,after_phees_2022-07-28_10-12-30_0000059_labelled_Wuschel_pheeseq_0000004_labelled_mB2.wav,Wuschel,Olympia,after,partner,Wuschel-Olympia,-12.021959,3.465338,PaCMAP
928,after_phees_2022-07-28_10-12-30_0000059_labelled_Wuschel_pheeseq_0000005_labelled_mC1.wav,Wuschel,Olympia,after,partner,Wuschel-Olympia,-14.209476,2.8355784,PaCMAP
929,after_phees_2022-07-28_10-12-30_0000059_labelled_Wuschel_pheeseq_0000005_labelled_mC2.wav,Wuschel,Olympia,after,partner,Wuschel-Olympia,-13.785792,1.6099055,PaCMAP
930,after_phees_2022-07-28_10-12-30_0000059_labelled_Wuschel_pheeseq_0000005_labelled_mC3.wav,Wuschel,Olympia,after,partner,Wuschel-Olympia,-13.31397,0.98228854,PaCMAP
931,after_phees_2022-07-28_10-12-30_0000059_labelled_Wuschel_pheeseq_0000006_labelled_mB1.wav,Wuschel,Olympia,after,partner,Wuschel-Olympia,-14.611216,4.132695,PaCMAP
932,after_phees_2022-07-28_10-12-30_0000059_labelled_Wuschel_pheeseq_0000006_labelled_mB2.wav,Wuschel,Olympia,after,partner,Wuschel-Olympia,-12.963315,2.0573864,PaCMAP
933,after_phees_2022-07-28_10-46-38_0000060_labelled_Lola_pheeseq_0000002_labelled_mB1.wav,Lola,Odin,after,non-partner,Tabor-Lola,-1.4519324,5.7382236,PaCMAP
934,after_phees_2022-07-28_10-46-38_0000060_labelled_Lola_pheeseq_0000002_labelled_mB2.wav,Lola,Odin,after,non-partner,Tabor-Lola,-2.938006,5.9519567,PaCMAP
935,after_phees_2022-07-28_10-46-38_0000060_labelled_Lola_pheeseq_0000006_labelled_mC1.wav,Lola,Odin,after,non-partner,Tabor-Lola,-3.0958667,7.0948453,PaCMAP
936,after_phees_2022-07-28_10-46-38_0000060_labelled_Lola_pheeseq_0000006_labelled_mC2.wav,Lola,Odin,after,non-partner,Tabor-Lola,-2.203035,7.4042253,PaCMAP
937,after_phees_2022-07-28_10-46-38_0000060_labelled_Lola_pheeseq_0000006_labelled_mC3.wav,Lola,Odin,after,non-partner,Tabor-Lola,-3.0279796,7.573386,PaCMAP
938,after_phees_2022-07-28_10-46-38_0000060_labelled_Lola_pheeseq_0000009_labelled_mC1.wav,Lola,Odin,after,non-partner,Tabor-Lola,1.65443,3.156941,PaCMAP
939,after_phees_2022-07-28_10-46-38_0000060_labelled_Lola_pheeseq_0000009_labelled_mC2.wav,Lola,Odin,after,non-partner,Tabor-Lola,3.5598695,0.9313869,PaCMAP
940,after_phees_2022-07-28_10-46-38_0000060_labelled_Lola_pheeseq_0000009_labelled_mC3.wav,Lola,Odin,after,non-partner,Tabor-Lola,4.5297236,-0.63266,PaCMAP
941,after_phees_2022-07-28_10-46-38_0000060_labelled_Lola_pheeseq_0000011_labelled_mD1.wav,Lola,Odin,after,non-partner,Tabor-Lola,0.32918558,4.0969343,PaCMAP
942,after_phees_2022-07-28_10-46-38_0000060_labelled_Lola_pheeseq_0000011_labelled_mD2.wav,Lola,Odin,after,non-partner,Tabor-Lola,-1.1949863,8.4651575,PaCMAP
943,after_phees_2022-07-28_10-46-38_0000060_labelled_Lola_pheeseq_0000011_labelled_mD3.wav,Lola,Odin,after,non-partner,Tabor-Lola,-1.9724879,7.8218937,PaCMAP
944,after_phees_2022-07-28_10-46-38_0000060_labelled_Lola_pheeseq_0000011_labelled_mD4.wav,Lola,Odin,after,non-partner,Tabor-Lola,3.1149783,-0.23829415,PaCMAP
945,after_phees_2022-07-28_10-46-38_0000060_labelled_Lola_pheeseq_0000012_labelled_mC1.wav,Lola,Odin,after,non-partner,Tabor-Lola,-3.721522,7.7111063,PaCMAP
946,after_phees_2022-07-28_10-46-38_0000060_labelled_Lola_pheeseq_0000012_labelled_mC2.wav,Lola,Odin,after,non-partner,Tabor-Lola,-0.7036567,8.282977,PaCMAP
947,after_phees_2022-07-28_10-46-38_0000060_labelled_Lola_pheeseq_0000012_labelled_mC3.wav,Lola,Odin,after,non-partner,Tabor-Lola,-3.4329512,7.853184,PaCMAP
948,after_phees_2022-07-28_10-46-38_0000060_labelled_Lola_pheeseq_0000013_labelled_mD1.wav,Lola,Odin,after,non-partner,Tabor-Lola,-3.4965184,7.8742437,PaCMAP
949,after_phees_2022-07-28_10-46-38_0000060_labelled_Lola_pheeseq_0000013_labelled_mD2.wav,Lola,Odin,after,non-partner,Tabor-Lola,0.5766064,3.7638628,PaCMAP
950,after_phees_2022-07-28_10-46-38_0000060_labelled_Lola_pheeseq_0000013_labelled_mD3.wav,Lola,Odin,after,non-partner,Tabor-Lola,1.6024004,3.535354,PaCMAP
951,after_phees_2022-07-28_10-46-38_0000060_labelled_Lola_pheeseq_0000013_labelled_mD4.wav,Lola,Odin,after,non-partner,Tabor-Lola,-1.7144583,7.487925,PaCMAP
952,after_phees_2022-07-28_10-46-38_0000060_labelled_Lola_pheeseq_0000014_labelled_mC1.wav,Lola,Odin,after,non-partner,Tabor-Lola,-4.411859,6.575078,PaCMAP
953,after_phees_2022-07-28_10-46-38_0000060_labelled_Lola_pheeseq_0000014_labelled_mC2.wav,Lola,Odin,after,non-partner,Tabor-Lola,1.4461138,4.886426,PaCMAP
954,after_phees_2022-07-28_10-46-38_0000060_labelled_Lola_pheeseq_0000014_labelled_mC3.wav,Lola,Odin,after,non-partner,Tabor-Lola,0.68677473,2.9234872,PaCMAP
955,after_phees_2022-07-28_10-46-38_0000060_labelled_Lola_pheeseq_0000015_labelled_mC1.wav,Lola,Odin,after,non-partner,Tabor-Lola,-3.5333524,7.835909,PaCMAP
956,after_phees_2022-07-28_10-46-38_0000060_labelled_Lola_pheeseq_0000015_labelled_mC2.wav,Lola,Odin,after,non-partner,Tabor-Lola,2.1480067,5.456486,PaCMAP
957,after_phees_2022-07-28_10-46-38_0000060_labelled_Lola_pheeseq_0000019_labelled_mC1.wav,Lola,Odin,after,non-partner,Tabor-Lola,0.5910655,8.136873,PaCMAP
958,after_phees_2022-07-28_10-46-38_0000060_labelled_Lola_pheeseq_0000019_labelled_mC2.wav,Lola,Odin,after,non-partner,Tabor-Lola,2.6555853,5.2902513,PaCMAP
959,after_phees_2022-07-28_10-46-38_0000060_labelled_Lola_pheeseq_0000019_labelled_mC3.wav,Lola,Odin,after,non-partner,Tabor-Lola,0.78511477,7.790159,PaCMAP
960,after_phees_2022-07-28_10-46-38_0000060_labelled_Lola_pheeseq_0000022_labelled_mC1.wav,Lola,Odin,after,non-partner,Tabor-Lola,4.4462194,-0.5634055,PaCMAP
961,after_phees_2022-07-28_10-46-38_0000060_labelled_Lola_pheeseq_0000022_labelled_mC2.wav,Lola,Odin,after,non-partner,Tabor-Lola,4.0543137,-0.07848068,PaCMAP
962,after_phees_2022-07-28_10-46-38_0000060_labelled_Lola_pheeseq_0000022_labelled_mC3.wav,Lola,Odin,after,non-partner,Tabor-Lola,0.5216214,7.7217226,PaCMAP
963,after_phees_2022-07-28_10-46-38_0000060_labelled_Lola_pheeseq_0000024_labelled_mB1.wav,Lola,Odin,after,non-partner,Tabor-Lola,0.82056737,7.9083457,PaCMAP
964,after_phees_2022-07-28_10-46-38_0000060_labelled_Lola_pheeseq_0000024_labelled_mB2.wav,Lola,Odin,after,non-partner,Tabor-Lola,2.5641081,5.095273,PaCMAP
965,after_phees_2022-07-28_10-46-38_0000060_labelled_Lola_pheeseq_0000039_labelled_mB1.wav,Lola,Odin,after,non-partner,Tabor-Lola,-1.1210866,5.543549,PaCMAP
966,after_phees_2022-07-28_10-46-38_0000060_labelled_Lola_pheeseq_0000039_labelled_mB2.wav,Lola,Odin,after,non-partner,Tabor-Lola,-1.6827105,6.570838,PaCMAP
967,after_phees_2022-07-28_10-46-38_0000060_labelled_Lola_pheeseq_0000040_labelled_mB1.wav,Lola,Odin,after,non-partner,Tabor-Lola,-2.8435326,5.8719854,PaCMAP
968,after_phees_2022-07-28_10-46-38_0000060_labelled_Lola_pheeseq_0000040_labelled_mB2.wav,Lola,Odin,after,non-partner,Tabor-Lola,-3.7830787,6.7503176,PaCMAP
969,after_phees_2022-07-28_10-46-38_0000060_labelled_Lola_pheeseq_0000041_labelled_mB1.wav,Lola,Odin,after,non-partner,Tabor-Lola,-4.4511566,6.722627,PaCMAP
970,after_phees_2022-07-28_10-46-38_0000060_labelled_Lola_pheeseq_0000042_labelled_mB1.wav,Lola,Odin,after,non-partner,Tabor-Lola,-2.974985,7.876366,PaCMAP
971,after_phees_2022-07-28_10-46-38_0000060_labelled_Lola_pheeseq_0000042_labelled_mB2.wav,Lola,Odin,after,non-partner,Tabor-Lola,1.4987375,5.1000996,PaCMAP
972,after_phees_2022-07-28_10-46-38_0000060_labelled_Lola_pheeseq_0000043_labelled_mB1.wav,Lola,Odin,after,non-partner,Tabor-Lola,-1.3683335,8.519916,PaCMAP
973,after_phees_2022-07-28_10-46-38_0000060_labelled_Lola_pheeseq_0000043_labelled_mB2.wav,Lola,Odin,after,non-partner,Tabor-Lola,1.3139229,4.671066,PaCMAP
974,after_phees_2022-07-28_10-46-38_0000060_labelled_Lola_pheeseq_0000044_labelled_mB1.wav,Lola,Odin,after,non-partner,Tabor-Lola,-1.3233434,8.534821,PaCMAP
975,after_phees_2022-07-28_10-46-38_0000060_labelled_Lola_pheeseq_0000044_labelled_mB2.wav,Lola,Odin,after,non-partner,Tabor-Lola,2.565539,5.3370385,PaCMAP
976,after_phees_2022-07-28_10-46-38_0000060_labelled_Lola_pheeseq_0000045_labelled_mB1.wav,Lola,Odin,after,non-partner,Tabor-Lola,0.61508286,4.971897,PaCMAP
977,after_phees_2022-07-28_10-46-38_0000060_labelled_Lola_pheeseq_0000045_labelled_mB2.wav,Lola,Odin,after,non-partner,Tabor-Lola,0.6736137,6.8959403,PaCMAP
978,after_phees_2022-07-28_10-46-38_0000060_labelled_Odin_pheeseq_0000005_labelled_mB1.wav,Odin,Lola,after,non-partner,Odin-Nougatti,1.7962728,2.1408792,PaCMAP
979,after_phees_2022-07-28_10-46-38_0000060_labelled_Odin_pheeseq_0000005_labelled_mB2.wav,Odin,Lola,after,non-partner,Odin-Nougatti,9.499335,-8.758153,PaCMAP
980,after_phees_2022-07-28_10-46-38_0000060_labelled_Odin_pheeseq_0000008_labelled_mC1.wav,Odin,Lola,after,non-partner,Odin-Nougatti,2.5636115,-0.35369363,PaCMAP
981,after_phees_2022-07-28_10-46-38_0000060_labelled_Odin_pheeseq_0000008_labelled_mC2.wav,Odin,Lola,after,non-partner,Odin-Nougatti,8.401124,-5.1565895,PaCMAP
982,after_phees_2022-07-28_10-46-38_0000060_labelled_Odin_pheeseq_0000008_labelled_mC3.wav,Odin,Lola,after,non-partner,Odin-Nougatti,-10.448419,1.7156968,PaCMAP
983,after_phees_2022-07-28_10-46-38_0000060_labelled_Odin_pheeseq_0000010_labelled_mB1.wav,Odin,Lola,after,non-partner,Odin-Nougatti,1.6303651,-1.0546496,PaCMAP
984,after_phees_2022-07-28_10-46-38_0000060_labelled_Odin_pheeseq_0000010_labelled_mB2.wav,Odin,Lola,after,non-partner,Odin-Nougatti,10.736744,-6.3353043,PaCMAP
985,after_phees_2022-07-28_10-46-38_0000060_labelled_Odin_pheeseq_0000016_labelled_mB2.wav,Odin,Lola,after,non-partner,Odin-Nougatti,1.3478984,-0.8818047,PaCMAP
986,after_phees_2022-07-28_10-46-38_0000060_labelled_Odin_pheeseq_0000018_labelled_mB1.wav,Odin,Lola,after,non-partner,Odin-Nougatti,0.5195139,7.4274316,PaCMAP
987,after_phees_2022-07-28_10-46-38_0000060_labelled_Odin_pheeseq_0000018_labelled_mB2.wav,Odin,Lola,after,non-partner,Odin-Nougatti,0.6963073,7.94558,PaCMAP
988,after_phees_2022-07-28_10-46-38_0000060_labelled_Odin_pheeseq_0000020_labelled_mB2.wav,Odin,Lola,after,non-partner,Odin-Nougatti,0.67743075,-1.299741,PaCMAP
989,after_phees_2022-07-28_10-46-38_0000060_labelled_Odin_pheeseq_0000021_labelled_mB1.wav,Odin,Lola,after,non-partner,Odin-Nougatti,8.553206,-7.458786,PaCMAP
990,after_phees_2022-07-28_10-46-38_0000060_labelled_Odin_pheeseq_0000021_labelled_mB2.wav,Odin,Lola,after,non-partner,Odin-Nougatti,9.507995,-6.107556,PaCMAP
991,after_phees_2022-07-28_10-46-38_0000060_labelled_Odin_pheeseq_0000023_labelled_mC1.wav,Odin,Lola,after,non-partner,Odin-Nougatti,-3.5598485,0.09355808,PaCMAP
992,after_phees_2022-07-28_10-46-38_0000060_labelled_Odin_pheeseq_0000023_labelled_mC2.wav,Odin,Lola,after,non-partner,Odin-Nougatti,0.42317793,-0.21029848,PaCMAP
993,after_phees_2022-07-28_10-46-38_0000060_labelled_Odin_pheeseq_0000023_labelled_mC3.wav,Odin,Lola,after,non-partner,Odin-Nougatti,9.470709,-6.563543,PaCMAP
994,after_phees_2022-07-28_10-46-38_0000060_labelled_Odin_pheeseq_0000031_labelled_mB1.wav,Odin,Lola,after,non-partner,Odin-Nougatti,-4.155064,1.458171,PaCMAP
995,after_phees_2022-07-28_10-46-38_0000060_labelled_Odin_pheeseq_0000031_labelled_mB2.wav,Odin,Lola,after,non-partner,Odin-Nougatti,-4.8547015,0.3583769,PaCMAP
996,after_phees_2022-07-28_10-46-38_0000060_labelled_Odin_pheeseq_0000032_labelled_mC1.wav,Odin,Lola,after,non-partner,Odin-Nougatti,-4.8812337,0.86049896,PaCMAP
997,after_phees_2022-07-28_10-46-38_0000060_labelled_Odin_pheeseq_0000032_labelled_mC3.wav,Odin,Lola,after,non-partner,Odin-Nougatti,8.114993,-6.8463163,PaCMAP
998,after_phees_2022-07-28_10-46-38_0000060_labelled_Odin_pheeseq_0000032_labelled_mC4.wav,Odin,Lola,after,non-partner,Odin-Nougatti,0.20798163,-0.11982208,PaCMAP
999,after_phees_2022-07-28_10-46-38_0000060_labelled_Odin_pheeseq_0000033_labelled_mD1.wav,Odin,Lola,after,non-partner,Odin-Nougatti,-6.621844,-1.0604655,PaCMAP
1000,after_phees_2022-07-28_10-46-38_0000060_labelled_Odin_pheeseq_0000033_labelled_mD4.wav,Odin,Lola,after,non-partner,Odin-Nougatti,-3.6323526,-2.2214053,PaCMAP
1001,after_phees_2022-07-28_10-46-38_0000060_labelled_Odin_pheeseq_0000033_labelled_mD5.wav,Odin,Lola,after,non-partner,Odin-Nougatti,-3.379005,-2.3571746,PaCMAP
1002,after_phees_2022-07-28_10-46-38_0000060_labelled_Odin_pheeseq_0000033_labelled_mD6.wav,Odin,Lola,after,non-partner,Odin-Nougatti,-3.475513,-2.4449785,PaCMAP
1003,after_phees_2022-07-28_10-46-38_0000060_labelled_Odin_pheeseq_0000034_labelled_mD1.wav,Odin,Lola,after,non-partner,Odin-Nougatti,-6.5875254,-1.4955553,PaCMAP
1004,after_phees_2022-07-28_10-46-38_0000060_labelled_Odin_pheeseq_0000034_labelled_mD6.wav,Odin,Lola,after,non-partner,Odin-Nougatti,10.681135,-5.26505,PaCMAP
1005,after_phees_2022-07-28_10-46-38_0000060_labelled_Odin_pheeseq_0000034_labelled_mD7.wav,Odin,Lola,after,non-partner,Odin-Nougatti,10.7606535,-6.026379,PaCMAP
1006,after_phees_2022-07-28_10-46-38_0000060_labelled_Odin_pheeseq_0000034_labelled_mD8.wav,Odin,Lola,after,non-partner,Odin-Nougatti,11.270085,-5.680434,PaCMAP
1007,after_phees_2022-07-28_10-46-38_0000060_labelled_Odin_pheeseq_0000035_labelled_mD1.wav,Odin,Lola,after,non-partner,Odin-Nougatti,-7.3629727,5.0795517,PaCMAP
1008,after_phees_2022-07-28_10-46-38_0000060_labelled_Odin_pheeseq_0000035_labelled_mD5.wav,Odin,Lola,after,non-partner,Odin-Nougatti,-1.7177457,-2.1575823,PaCMAP
1009,after_phees_2022-07-28_10-46-38_0000060_labelled_Odin_pheeseq_0000035_labelled_mD6.wav,Odin,Lola,after,non-partner,Odin-Nougatti,10.25516,-4.9543753,PaCMAP
1010,after_phees_2022-07-28_10-46-38_0000060_labelled_Odin_pheeseq_0000035_labelled_mD7.wav,Odin,Lola,after,non-partner,Odin-Nougatti,-1.5941863,-1.9466941,PaCMAP
1011,after_phees_2022-07-28_10-46-38_0000060_labelled_Odin_pheeseq_0000037_labelled_mD1.wav,Odin,Lola,after,non-partner,Odin-Nougatti,-7.288918,5.032464,PaCMAP
1012,after_phees_2022-07-28_10-46-38_0000060_labelled_Odin_pheeseq_0000037_labelled_mD4.wav,Odin,Lola,after,non-partner,Odin-Nougatti,9.891969,-4.0867314,PaCMAP
1013,after_phees_2022-07-28_10-46-38_0000060_labelled_Odin_pheeseq_0000037_labelled_mD5.wav,Odin,Lola,after,non-partner,Odin-Nougatti,9.312189,-4.129339,PaCMAP
1014,after_phees_2022-07-28_10-46-38_0000060_labelled_Odin_pheeseq_0000037_labelled_mD7.wav,Odin,Lola,after,non-partner,Odin-Nougatti,11.255516,-4.3773556,PaCMAP
1015,after_phees_2022-07-28_10-46-38_0000060_labelled_Odin_pheeseq_0000038_labelled_mD6.wav,Odin,Lola,after,non-partner,Odin-Nougatti,10.236409,-5.4334416,PaCMAP
1016,after_phees_2022-07-28_10-46-38_0000060_labelled_Odin_pheeseq_0000038_labelled_mD7.wav,Odin,Lola,after,non-partner,Odin-Nougatti,11.031771,-5.4556723,PaCMAP
1017,after_phees_2022-07-28_10-46-38_0000060_labelled_Odin_pheeseq_0000046_labelled_mB1.wav,Odin,Lola,after,non-partner,Odin-Nougatti,-2.7619479,0.8581296,PaCMAP
1018,after_phees_2022-07-28_10-46-38_0000060_labelled_Odin_pheeseq_0000046_labelled_mB2.wav,Odin,Lola,after,non-partner,Odin-Nougatti,-1.5832587,0.42177293,PaCMAP
1019,after_phees_2022-08-02_13-43-08_0000064_labelled_Odin_pheeseq_0000003_labelled_mD1.wav,Odin,Olympia,after,non-partner,Odin-Nougatti,0.22329679,-0.580399,PaCMAP
1020,after_phees_2022-08-02_13-43-08_0000064_labelled_Odin_pheeseq_0000003_labelled_mD4.wav,Odin,Olympia,after,non-partner,Odin-Nougatti,10.0652685,-2.8363214,PaCMAP
1021,after_phees_2022-08-02_13-43-08_0000064_labelled_Odin_pheeseq_0000003_labelled_mD5.wav,Odin,Olympia,after,non-partner,Odin-Nougatti,11.98266,-3.5240145,PaCMAP
1022,after_phees_2022-08-02_13-43-08_0000064_labelled_Odin_pheeseq_0000003_labelled_mD6.wav,Odin,Olympia,after,non-partner,Odin-Nougatti,11.2664585,-2.984855,PaCMAP
1023,after_phees_2022-08-02_13-43-08_0000064_labelled_Odin_pheeseq_0000004_labelled_mG1.wav,Odin,Olympia,after,non-partner,Odin-Nougatti,11.778914,-5.3228383,PaCMAP
1024,after_phees_2022-08-02_13-43-08_0000064_labelled_Odin_pheeseq_0000004_labelled_mG2.wav,Odin,Olympia,after,non-partner,Odin-Nougatti,14.417416,-5.9816165,PaCMAP
1025,after_phees_2022-08-02_13-43-08_0000064_labelled_Odin_pheeseq_0000004_labelled_mG4.wav,Odin,Olympia,after,non-partner,Odin-Nougatti,14.744769,-4.721669,PaCMAP
1026,after_phees_2022-08-02_13-43-08_0000064_labelled_Odin_pheeseq_0000004_labelled_mG5.wav,Odin,Olympia,after,non-partner,Odin-Nougatti,13.955806,-3.4009166,PaCMAP
1027,after_phees_2022-08-02_13-43-08_0000064_labelled_Odin_pheeseq_0000004_labelled_mG6.wav,Odin,Olympia,after,non-partner,Odin-Nougatti,12.462751,-3.9380176,PaCMAP
1028,after_phees_2022-08-02_13-43-08_0000064_labelled_Odin_pheeseq_0000005_labelled_mE1.wav,Odin,Olympia,after,non-partner,Odin-Nougatti,14.261641,-5.8230505,PaCMAP
1029,after_phees_2022-08-02_13-43-08_0000064_labelled_Odin_pheeseq_0000005_labelled_mE6.wav,Odin,Olympia,after,non-partner,Odin-Nougatti,15.006841,-5.156583,PaCMAP
1030,after_phees_2022-08-02_13-43-08_0000064_labelled_Odin_pheeseq_0000005_labelled_mE7.wav,Odin,Olympia,after,non-partner,Odin-Nougatti,14.958551,-5.00638,PaCMAP
1031,after_phees_2022-08-02_13-43-08_0000064_labelled_Odin_pheeseq_0000005_labelled_mE8.wav,Odin,Olympia,after,non-partner,Odin-Nougatti,14.097093,-3.966686,PaCMAP
1032,after_phees_2022-08-02_13-43-08_0000064_labelled_Odin_pheeseq_0000009_labelled_mC1.wav,Odin,Olympia,after,non-partner,Odin-Nougatti,11.241968,-4.541646,PaCMAP
1033,after_phees_2022-08-02_13-43-08_0000064_labelled_Odin_pheeseq_0000009_labelled_mC2.wav,Odin,Olympia,after,non-partner,Odin-Nougatti,12.727651,-3.392861,PaCMAP
1034,after_phees_2022-08-02_13-43-08_0000064_labelled_Odin_pheeseq_0000009_labelled_mC3.wav,Odin,Olympia,after,non-partner,Odin-Nougatti,10.584145,-3.1362371,PaCMAP
1035,after_phees_2022-08-02_13-43-08_0000064_labelled_Odin_pheeseq_0000010_labelled_mD1.wav,Odin,Olympia,after,non-partner,Odin-Nougatti,14.704181,-5.5245824,PaCMAP
1036,after_phees_2022-08-02_13-43-08_0000064_labelled_Odin_pheeseq_0000010_labelled_mD2.wav,Odin,Olympia,after,non-partner,Odin-Nougatti,14.917529,-5.3079777,PaCMAP
1037,after_phees_2022-08-02_13-43-08_0000064_labelled_Odin_pheeseq_0000010_labelled_mD3.wav,Odin,Olympia,after,non-partner,Odin-Nougatti,13.040255,-3.049472,PaCMAP
1038,after_phees_2022-08-02_13-43-08_0000064_labelled_Odin_pheeseq_0000010_labelled_mD4.wav,Odin,Olympia,after,non-partner,Odin-Nougatti,12.553505,-3.003484,PaCMAP
1039,after_phees_2022-08-02_13-43-08_0000064_labelled_Odin_pheeseq_0000013_labelled_mC1.wav,Odin,Olympia,after,non-partner,Odin-Nougatti,13.990298,-3.8714907,PaCMAP
1040,after_phees_2022-08-02_13-43-08_0000064_labelled_Odin_pheeseq_0000013_labelled_mC3.wav,Odin,Olympia,after,non-partner,Odin-Nougatti,14.029176,-4.0302753,PaCMAP
1041,after_phees_2022-08-02_13-43-08_0000064_labelled_Odin_pheeseq_0000014_labelled_mD1.wav,Odin,Olympia,after,non-partner,Odin-Nougatti,14.650343,-5.791535,PaCMAP
1042,after_phees_2022-08-02_13-43-08_0000064_labelled_Odin_pheeseq_0000014_labelled_mD5.wav,Odin,Olympia,after,non-partner,Odin-Nougatti,14.996874,-5.0772176,PaCMAP
1043,after_phees_2022-08-02_13-43-08_0000064_labelled_Odin_pheeseq_0000014_labelled_mD6.wav,Odin,Olympia,after,non-partner,Odin-Nougatti,12.888636,-2.8806381,PaCMAP
1044,after_phees_2022-08-02_13-43-08_0000064_labelled_Odin_pheeseq_0000015_labelled_mE1.wav,Odin,Olympia,after,non-partner,Odin-Nougatti,14.613096,-5.7926717,PaCMAP
1045,after_phees_2022-08-02_13-43-08_0000064_labelled_Odin_pheeseq_0000015_labelled_mE3.wav,Odin,Olympia,after,non-partner,Odin-Nougatti,14.948022,-5.1949525,PaCMAP
1046,after_phees_2022-08-02_13-43-08_0000064_labelled_Odin_pheeseq_0000015_labelled_mE4.wav,Odin,Olympia,after,non-partner,Odin-Nougatti,14.902148,-4.929048,PaCMAP
1047,after_phees_2022-08-02_13-43-08_0000064_labelled_Odin_pheeseq_0000015_labelled_mE5.wav,Odin,Olympia,after,non-partner,Odin-Nougatti,13.914841,-3.023216,PaCMAP
1048,after_phees_2022-08-02_13-43-08_0000064_labelled_Odin_pheeseq_0000015_labelled_mE6.wav,Odin,Olympia,after,non-partner,Odin-Nougatti,12.191315,-3.528435,PaCMAP
1049,after_phees_2022-08-02_13-43-08_0000064_labelled_Odin_pheeseq_0000017_labelled_mC1.wav,Odin,Olympia,after,non-partner,Odin-Nougatti,1.072829,-1.3395269,PaCMAP
1050,after_phees_2022-08-02_13-43-08_0000064_labelled_Odin_pheeseq_0000017_labelled_mC3.wav,Odin,Olympia,after,non-partner,Odin-Nougatti,12.5174675,-2.7719688,PaCMAP
1051,after_phees_2022-08-02_13-43-08_0000064_labelled_Odin_pheeseq_0000017_labelled_mC4.wav,Odin,Olympia,after,non-partner,Odin-Nougatti,11.683525,-2.8231947,PaCMAP
1052,after_phees_2022-08-02_13-43-08_0000064_labelled_Odin_pheeseq_0000019_labelled_mD1.wav,Odin,Olympia,after,non-partner,Odin-Nougatti,-0.17066886,-1.6924462,PaCMAP
1053,after_phees_2022-08-02_13-43-08_0000064_labelled_Odin_pheeseq_0000019_labelled_mD4.wav,Odin,Olympia,after,non-partner,Odin-Nougatti,13.93225,-3.2780588,PaCMAP
1054,after_phees_2022-08-02_13-43-08_0000064_labelled_Odin_pheeseq_0000019_labelled_mD5.wav,Odin,Olympia,after,non-partner,Odin-Nougatti,13.808489,-2.9475238,PaCMAP
1055,after_phees_2022-08-02_13-43-08_0000064_labelled_Odin_pheeseq_0000021_labelled_mD1.wav,Odin,Olympia,after,non-partner,Odin-Nougatti,14.920864,-5.251713,PaCMAP
1056,after_phees_2022-08-02_13-43-08_0000064_labelled_Odin_pheeseq_0000021_labelled_mD3.wav,Odin,Olympia,after,non-partner,Odin-Nougatti,14.593138,-4.6760817,PaCMAP
1057,after_phees_2022-08-02_13-43-08_0000064_labelled_Odin_pheeseq_0000021_labelled_mD5.wav,Odin,Olympia,after,non-partner,Odin-Nougatti,13.548149,-3.0827556,PaCMAP
1058,after_phees_2022-08-02_13-43-08_0000064_labelled_Odin_pheeseq_0000021_labelled_mD6.wav,Odin,Olympia,after,non-partner,Odin-Nougatti,13.24935,-2.978278,PaCMAP
1059,after_phees_2022-08-02_13-43-08_0000064_labelled_Odin_pheeseq_0000022_labelled_mE1.wav,Odin,Olympia,after,non-partner,Odin-Nougatti,14.681438,-5.5769925,PaCMAP
1060,after_phees_2022-08-02_13-43-08_0000064_labelled_Odin_pheeseq_0000022_labelled_mE5.wav,Odin,Olympia,after,non-partner,Odin-Nougatti,14.9639225,-5.1184425,PaCMAP
1061,after_phees_2022-08-02_13-43-08_0000064_labelled_Odin_pheeseq_0000022_labelled_mE6.wav,Odin,Olympia,after,non-partner,Odin-Nougatti,14.992657,-5.146205,PaCMAP
1062,after_phees_2022-08-02_13-43-08_0000064_labelled_Odin_pheeseq_0000022_labelled_mE7.wav,Odin,Olympia,after,non-partner,Odin-Nougatti,14.569203,-4.320908,PaCMAP
1063,after_phees_2022-08-02_13-43-08_0000064_labelled_Odin_pheeseq_0000023_labelled_mC3.wav,Odin,Olympia,after,non-partner,Odin-Nougatti,13.685123,-2.8236952,PaCMAP
1064,after_phees_2022-08-02_13-43-08_0000064_labelled_Odin_pheeseq_0000044_labelled_mD1.wav,Odin,Olympia,after,non-partner,Odin-Nougatti,10.645034,-3.4166687,PaCMAP
1065,after_phees_2022-08-02_13-43-08_0000064_labelled_Odin_pheeseq_0000044_labelled_mD2.wav,Odin,Olympia,after,non-partner,Odin-Nougatti,10.628614,-3.0689735,PaCMAP
1066,after_phees_2022-08-02_13-43-08_0000064_labelled_Odin_pheeseq_0000044_labelled_mD3.wav,Odin,Olympia,after,non-partner,Odin-Nougatti,10.369016,-3.1502507,PaCMAP
1067,after_phees_2022-08-02_13-43-08_0000064_labelled_Odin_pheeseq_0000045_labelled_mC1.wav,Odin,Olympia,after,non-partner,Odin-Nougatti,13.641636,-5.293127,PaCMAP
1068,after_phees_2022-08-02_13-43-08_0000064_labelled_Odin_pheeseq_0000046_labelled_mD4.wav,Odin,Olympia,after,non-partner,Odin-Nougatti,14.234805,-3.8921878,PaCMAP
1069,after_phees_2022-08-02_13-43-08_0000064_labelled_Odin_pheeseq_0000046_labelled_mD5.wav,Odin,Olympia,after,non-partner,Odin-Nougatti,14.075496,-3.696389,PaCMAP
1070,after_phees_2022-08-02_13-43-08_0000064_labelled_Odin_pheeseq_0000048_labelled_mD1.wav,Odin,Olympia,after,non-partner,Odin-Nougatti,11.378182,-3.9137745,PaCMAP
1071,after_phees_2022-08-02_13-43-08_0000064_labelled_Odin_pheeseq_0000048_labelled_mD7.wav,Odin,Olympia,after,non-partner,Odin-Nougatti,10.936669,-2.9535916,PaCMAP
1072,after_phees_2022-08-02_13-43-08_0000064_labelled_Odin_pheeseq_0000052_labelled_mC1.wav,Odin,Olympia,after,non-partner,Odin-Nougatti,12.071002,-3.625042,PaCMAP
1073,after_phees_2022-08-02_13-43-08_0000064_labelled_Odin_pheeseq_0000052_labelled_mC2.wav,Odin,Olympia,after,non-partner,Odin-Nougatti,12.919493,-2.9789608,PaCMAP
1074,after_phees_2022-08-02_13-43-08_0000064_labelled_Odin_pheeseq_0000052_labelled_mC3.wav,Odin,Olympia,after,non-partner,Odin-Nougatti,9.558937,-2.7765625,PaCMAP
1075,after_phees_2022-08-02_13-43-08_0000064_labelled_Odin_pheeseq_0000053_labelled_mC1.wav,Odin,Olympia,after,non-partner,Odin-Nougatti,11.892759,-4.1453204,PaCMAP
1076,after_phees_2022-08-02_13-43-08_0000064_labelled_Odin_pheeseq_0000053_labelled_mC6.wav,Odin,Olympia,after,non-partner,Odin-Nougatti,13.471198,-2.8759882,PaCMAP
1077,after_phees_2022-08-02_13-43-08_0000064_labelled_Odin_pheeseq_0000054_labelled_mB1.wav,Odin,Olympia,after,non-partner,Odin-Nougatti,12.654592,-3.2610211,PaCMAP
1078,after_phees_2022-08-02_13-43-08_0000064_labelled_Odin_pheeseq_0000054_labelled_mB2.wav,Odin,Olympia,after,non-partner,Odin-Nougatti,13.064033,-2.835329,PaCMAP
1079,after_phees_2022-08-02_13-43-08_0000064_labelled_Odin_pheeseq_0000057_labelled_mC1.wav,Odin,Olympia,after,non-partner,Odin-Nougatti,7.920888,-4.287334,PaCMAP
1080,after_phees_2022-08-02_13-43-08_0000064_labelled_Odin_pheeseq_0000057_labelled_mC3.wav,Odin,Olympia,after,non-partner,Odin-Nougatti,9.080878,-2.868601,PaCMAP
1081,after_phees_2022-08-02_13-43-08_0000064_labelled_Odin_pheeseq_0000058_labelled_mD4.wav,Odin,Olympia,after,non-partner,Odin-Nougatti,9.082789,-2.610198,PaCMAP
1082,after_phees_2022-08-02_13-43-08_0000064_labelled_Odin_pheeseq_0000058_labelled_mD5.wav,Odin,Olympia,after,non-partner,Odin-Nougatti,9.025183,-2.6623948,PaCMAP
1083,after_phees_2022-08-02_13-43-08_0000064_labelled_Odin_pheeseq_0000059_labelled_mD1.wav,Odin,Olympia,after,non-partner,Odin-Nougatti,12.040389,-2.867273,PaCMAP
1084,after_phees_2022-08-02_13-43-08_0000064_labelled_Odin_pheeseq_0000059_labelled_mD2.wav,Odin,Olympia,after,non-partner,Odin-Nougatti,13.725177,-2.8575447,PaCMAP
1085,after_phees_2022-08-02_13-43-08_0000064_labelled_Odin_pheeseq_0000059_labelled_mD3.wav,Odin,Olympia,after,non-partner,Odin-Nougatti,13.691113,-3.1670287,PaCMAP
1086,after_phees_2022-08-02_13-43-08_0000064_labelled_Odin_pheeseq_0000059_labelled_mD4.wav,Odin,Olympia,after,non-partner,Odin-Nougatti,12.816213,-3.1451988,PaCMAP
1087,after_phees_2022-08-02_13-43-08_0000064_labelled_Odin_pheeseq_0000060_labelled_mD1.wav,Odin,Olympia,after,non-partner,Odin-Nougatti,14.899151,-5.4242907,PaCMAP
1088,after_phees_2022-08-02_13-43-08_0000064_labelled_Odin_pheeseq_0000060_labelled_mD4.wav,Odin,Olympia,after,non-partner,Odin-Nougatti,14.979657,-5.047434,PaCMAP
1089,after_phees_2022-08-02_13-43-08_0000064_labelled_Odin_pheeseq_0000060_labelled_mD5.wav,Odin,Olympia,after,non-partner,Odin-Nougatti,13.868793,-3.2048743,PaCMAP
1090,after_phees_2022-08-02_13-43-08_0000064_labelled_Odin_pheeseq_0000060_labelled_mD6.wav,Odin,Olympia,after,non-partner,Odin-Nougatti,13.629876,-2.8265834,PaCMAP
1091,after_phees_2022-08-02_13-43-08_0000064_labelled_Odin_pheeseq_0000061_labelled_mD1.wav,Odin,Olympia,after,non-partner,Odin-Nougatti,14.864469,-5.4598265,PaCMAP
1092,after_phees_2022-08-02_13-43-08_0000064_labelled_Odin_pheeseq_0000061_labelled_mD3.wav,Odin,Olympia,after,non-partner,Odin-Nougatti,14.998117,-5.1161666,PaCMAP
1093,after_phees_2022-08-02_13-43-08_0000064_labelled_Odin_pheeseq_0000061_labelled_mD4.wav,Odin,Olympia,after,non-partner,Odin-Nougatti,13.950625,-2.9860108,PaCMAP
1094,after_phees_2022-08-02_13-43-08_0000064_labelled_Odin_pheeseq_0000061_labelled_mD5.wav,Odin,Olympia,after,non-partner,Odin-Nougatti,12.779183,-3.248373,PaCMAP
1095,after_phees_2022-08-02_13-43-08_0000064_labelled_Odin_pheeseq_0000062_labelled_mD1.wav,Odin,Olympia,after,non-partner,Odin-Nougatti,14.6960535,-4.909456,PaCMAP
1096,after_phees_2022-08-02_13-43-08_0000064_labelled_Odin_pheeseq_0000062_labelled_mD4.wav,Odin,Olympia,after,non-partner,Odin-Nougatti,11.878406,-2.9163144,PaCMAP
1097,after_phees_2022-08-02_13-43-08_0000064_labelled_Odin_pheeseq_0000062_labelled_mD5.wav,Odin,Olympia,after,non-partner,Odin-Nougatti,10.504291,-2.8576038,PaCMAP
1098,after_phees_2022-08-02_13-43-08_0000064_labelled_Odin_pheeseq_0000068_labelled_mC1.wav,Odin,Olympia,after,non-partner,Odin-Nougatti,11.070607,-3.082787,PaCMAP
1099,after_phees_2022-08-02_13-43-08_0000064_labelled_Odin_pheeseq_0000068_labelled_mC2.wav,Odin,Olympia,after,non-partner,Odin-Nougatti,12.75735,-3.0836978,PaCMAP
1100,after_phees_2022-08-02_13-43-08_0000064_labelled_Odin_pheeseq_0000068_labelled_mC3.wav,Odin,Olympia,after,non-partner,Odin-Nougatti,8.941307,-2.7115285,PaCMAP
1101,after_phees_2022-08-02_13-43-08_0000064_labelled_Olympia_pheeseq_0000007_labelled_mB1.wav,Olympia,Odin,after,non-partner,Wuschel-Olympia,-12.142383,3.8397179,PaCMAP
1102,after_phees_2022-08-02_13-43-08_0000064_labelled_Olympia_pheeseq_0000007_labelled_mB2.wav,Olympia,Odin,after,non-partner,Wuschel-Olympia,-13.951354,2.0070794,PaCMAP
1103,after_phees_2022-08-02_13-43-08_0000064_labelled_Olympia_pheeseq_0000008_labelled_mB1.wav,Olympia,Odin,after,non-partner,Wuschel-Olympia,-6.389891,0.9424874,PaCMAP
1104,after_phees_2022-08-02_13-43-08_0000064_labelled_Olympia_pheeseq_0000008_labelled_mB2.wav,Olympia,Odin,after,non-partner,Wuschel-Olympia,-10.386082,4.24781,PaCMAP
1105,after_phees_2022-08-02_13-43-08_0000064_labelled_Olympia_pheeseq_0000016_labelled_mB1.wav,Olympia,Odin,after,non-partner,Wuschel-Olympia,-13.80081,1.869977,PaCMAP
1106,after_phees_2022-08-02_13-43-08_0000064_labelled_Olympia_pheeseq_0000016_labelled_mB2.wav,Olympia,Odin,after,non-partner,Wuschel-Olympia,-5.590855,-0.2392503,PaCMAP
1107,after_phees_2022-08-02_13-43-08_0000064_labelled_Olympia_pheeseq_0000051_labelled_mB1.wav,Olympia,Odin,after,non-partner,Wuschel-Olympia,-12.073964,3.9305246,PaCMAP
1108,after_phees_2022-08-02_13-43-08_0000064_labelled_Olympia_pheeseq_0000051_labelled_mB2.wav,Olympia,Odin,after,non-partner,Wuschel-Olympia,-11.612941,3.6963518,PaCMAP
1109,after_phees_2022-08-02_13-43-08_0000064_labelled_Olympia_pheeseq_0000056_labelled_mB2.wav,Olympia,Odin,after,non-partner,Wuschel-Olympia,-10.712986,3.3419735,PaCMAP
1110,after_phees_2022-08-02_13-43-08_0000064_labelled_Olympia_pheeseq_0000064_labelled_mB1.wav,Olympia,Odin,after,non-partner,Wuschel-Olympia,-12.5631695,4.0013423,PaCMAP
1111,after_phees_2022-08-02_13-43-08_0000064_labelled_Olympia_pheeseq_0000064_labelled_mB2.wav,Olympia,Odin,after,non-partner,Wuschel-Olympia,-11.5445385,2.2939544,PaCMAP
1112,after_phees_2022-08-02_13-43-08_0000064_labelled_Olympia_pheeseq_0000067_labelled_mB1.wav,Olympia,Odin,after,non-partner,Wuschel-Olympia,-12.059722,4.1077156,PaCMAP
1113,after_phees_2022-08-02_13-43-08_0000064_labelled_Olympia_pheeseq_0000067_labelled_mB2.wav,Olympia,Odin,after,non-partner,Wuschel-Olympia,-7.6038184,5.1086864,PaCMAP
1114,after_phees_2022-08-02_14-11-30_0000065_labelled_Olympia_pheeseq_0000039_labelled_mB1.wav,Olympia,Wuschel,after,partner,Wuschel-Olympia,-14.52233,3.8464844,PaCMAP
1115,after_phees_2022-08-02_14-11-30_0000065_labelled_Olympia_pheeseq_0000039_labelled_mB2.wav,Olympia,Wuschel,after,partner,Wuschel-Olympia,-10.933289,4.3798404,PaCMAP
1116,after_phees_2022-08-02_14-11-30_0000065_labelled_Wuschel_pheeseq_0000002_labelled_mC1.wav,Wuschel,Olympia,after,partner,Wuschel-Olympia,-15.221735,2.0804584,PaCMAP
1117,after_phees_2022-08-02_14-11-30_0000065_labelled_Wuschel_pheeseq_0000002_labelled_mC2.wav,Wuschel,Olympia,after,partner,Wuschel-Olympia,9.6162815,-9.619336,PaCMAP
1118,after_phees_2022-08-02_14-11-30_0000065_labelled_Wuschel_pheeseq_0000002_labelled_mC3.wav,Wuschel,Olympia,after,partner,Wuschel-Olympia,-9.354583,2.202881,PaCMAP
1119,after_phees_2022-08-02_14-11-30_0000065_labelled_Wuschel_pheeseq_0000004_labelled_mD1.wav,Wuschel,Olympia,after,partner,Wuschel-Olympia,-14.5400305,1.9465504,PaCMAP
1120,after_phees_2022-08-02_14-11-30_0000065_labelled_Wuschel_pheeseq_0000004_labelled_mD2.wav,Wuschel,Olympia,after,partner,Wuschel-Olympia,-15.155157,2.320039,PaCMAP
1121,after_phees_2022-08-02_14-11-30_0000065_labelled_Wuschel_pheeseq_0000004_labelled_mD3.wav,Wuschel,Olympia,after,partner,Wuschel-Olympia,-13.1350765,0.82641405,PaCMAP
1122,after_phees_2022-08-02_14-11-30_0000065_labelled_Wuschel_pheeseq_0000004_labelled_mD4.wav,Wuschel,Olympia,after,partner,Wuschel-Olympia,-9.8488865,0.24254143,PaCMAP
1123,after_phees_2022-08-02_14-11-30_0000065_labelled_Wuschel_pheeseq_0000005_labelled_mC1.wav,Wuschel,Olympia,after,partner,Wuschel-Olympia,-14.9313965,3.6234012,PaCMAP
1124,after_phees_2022-08-02_14-11-30_0000065_labelled_Wuschel_pheeseq_0000005_labelled_mC2.wav,Wuschel,Olympia,after,partner,Wuschel-Olympia,-13.939343,1.9355088,PaCMAP
1125,after_phees_2022-08-02_14-11-30_0000065_labelled_Wuschel_pheeseq_0000005_labelled_mC3.wav,Wuschel,Olympia,after,partner,Wuschel-Olympia,-12.758975,0.86899555,PaCMAP
1126,after_phees_2022-08-02_14-11-30_0000065_labelled_Wuschel_pheeseq_0000009_labelled_mC1.wav,Wuschel,Olympia,after,partner,Wuschel-Olympia,-14.317092,4.0073147,PaCMAP
1127,after_phees_2022-08-02_14-11-30_0000065_labelled_Wuschel_pheeseq_0000009_labelled_mC2.wav,Wuschel,Olympia,after,partner,Wuschel-Olympia,-13.419172,2.1826353,PaCMAP
1128,after_phees_2022-08-02_14-11-30_0000065_labelled_Wuschel_pheeseq_0000009_labelled_mC3.wav,Wuschel,Olympia,after,partner,Wuschel-Olympia,-13.504396,2.1837893,PaCMAP
1129,after_phees_2022-08-02_14-11-30_0000065_labelled_Wuschel_pheeseq_0000010_labelled_mB1.wav,Wuschel,Olympia,after,partner,Wuschel-Olympia,-15.084627,3.2131157,PaCMAP
1130,after_phees_2022-08-02_14-11-30_0000065_labelled_Wuschel_pheeseq_0000010_labelled_mB2.wav,Wuschel,Olympia,after,partner,Wuschel-Olympia,-15.052728,1.8631656,PaCMAP
1131,after_phees_2022-08-02_14-11-30_0000065_labelled_Wuschel_pheeseq_0000011_labelled_mB1.wav,Wuschel,Olympia,after,partner,Wuschel-Olympia,-13.674335,3.7919495,PaCMAP
1132,after_phees_2022-08-02_14-11-30_0000065_labelled_Wuschel_pheeseq_0000012_labelled_mB1.wav,Wuschel,Olympia,after,partner,Wuschel-Olympia,-15.130712,3.59598,PaCMAP
1133,after_phees_2022-08-02_14-11-30_0000065_labelled_Wuschel_pheeseq_0000012_labelled_mB2.wav,Wuschel,Olympia,after,partner,Wuschel-Olympia,-14.906618,1.7877383,PaCMAP
1134,after_phees_2022-08-02_14-11-30_0000065_labelled_Wuschel_pheeseq_0000013_labelled_mC1.wav,Wuschel,Olympia,after,partner,Wuschel-Olympia,-13.45668,2.300791,PaCMAP
1135,after_phees_2022-08-02_14-11-30_0000065_labelled_Wuschel_pheeseq_0000013_labelled_mC2.wav,Wuschel,Olympia,after,partner,Wuschel-Olympia,-13.66663,1.0765022,PaCMAP
1136,after_phees_2022-08-02_14-11-30_0000065_labelled_Wuschel_pheeseq_0000013_labelled_mC3.wav,Wuschel,Olympia,after,partner,Wuschel-Olympia,-13.405737,1.030821,PaCMAP
1137,after_phees_2022-08-02_14-11-30_0000065_labelled_Wuschel_pheeseq_0000014_labelled_mB1.wav,Wuschel,Olympia,after,partner,Wuschel-Olympia,-12.643583,4.1143546,PaCMAP
1138,after_phees_2022-08-02_14-11-30_0000065_labelled_Wuschel_pheeseq_0000014_labelled_mB2.wav,Wuschel,Olympia,after,partner,Wuschel-Olympia,-12.726982,1.0812467,PaCMAP
1139,after_phees_2022-08-02_14-11-30_0000065_labelled_Wuschel_pheeseq_0000015_labelled_mC1.wav,Wuschel,Olympia,after,partner,Wuschel-Olympia,-13.985871,4.1103854,PaCMAP
1140,after_phees_2022-08-02_14-11-30_0000065_labelled_Wuschel_pheeseq_0000015_labelled_mC2.wav,Wuschel,Olympia,after,partner,Wuschel-Olympia,-11.816369,4.124434,PaCMAP
1141,after_phees_2022-08-02_14-11-30_0000065_labelled_Wuschel_pheeseq_0000015_labelled_mC3.wav,Wuschel,Olympia,after,partner,Wuschel-Olympia,-13.478769,1.1153533,PaCMAP
1142,after_phees_2022-08-02_14-11-30_0000065_labelled_Wuschel_pheeseq_0000016_labelled_mC1.wav,Wuschel,Olympia,after,partner,Wuschel-Olympia,-13.211773,4.196634,PaCMAP
1143,after_phees_2022-08-02_14-11-30_0000065_labelled_Wuschel_pheeseq_0000016_labelled_mC2.wav,Wuschel,Olympia,after,partner,Wuschel-Olympia,-13.304451,0.8274656,PaCMAP
1144,after_phees_2022-08-02_14-11-30_0000065_labelled_Wuschel_pheeseq_0000016_labelled_mC3.wav,Wuschel,Olympia,after,partner,Wuschel-Olympia,-9.3859625,2.830659,PaCMAP
1145,after_phees_2022-08-02_14-11-30_0000065_labelled_Wuschel_pheeseq_0000017_labelled_mB1.wav,Wuschel,Olympia,after,partner,Wuschel-Olympia,-13.167569,1.5056443,PaCMAP
1146,after_phees_2022-08-02_14-11-30_0000065_labelled_Wuschel_pheeseq_0000017_labelled_mB2.wav,Wuschel,Olympia,after,partner,Wuschel-Olympia,-13.889188,1.1774927,PaCMAP
1147,after_phees_2022-08-02_14-11-30_0000065_labelled_Wuschel_pheeseq_0000018_labelled_mC2.wav,Wuschel,Olympia,after,partner,Wuschel-Olympia,-12.661769,1.3795496,PaCMAP
1148,after_phees_2022-08-02_14-11-30_0000065_labelled_Wuschel_pheeseq_0000018_labelled_mC3.wav,Wuschel,Olympia,after,partner,Wuschel-Olympia,-13.41763,1.0427395,PaCMAP
1149,after_phees_2022-08-02_14-11-30_0000065_labelled_Wuschel_pheeseq_0000019_labelled_mC1.wav,Wuschel,Olympia,after,partner,Wuschel-Olympia,-13.042563,2.1800406,PaCMAP
1150,after_phees_2022-08-02_14-11-30_0000065_labelled_Wuschel_pheeseq_0000019_labelled_mC2.wav,Wuschel,Olympia,after,partner,Wuschel-Olympia,-13.435753,1.0401112,PaCMAP
1151,after_phees_2022-08-02_14-11-30_0000065_labelled_Wuschel_pheeseq_0000019_labelled_mC3.wav,Wuschel,Olympia,after,partner,Wuschel-Olympia,-11.330851,3.19921,PaCMAP
1152,after_phees_2022-08-02_14-11-30_0000065_labelled_Wuschel_pheeseq_0000020_labelled_mC1.wav,Wuschel,Olympia,after,partner,Wuschel-Olympia,-13.63071,3.7209442,PaCMAP
1153,after_phees_2022-08-02_14-11-30_0000065_labelled_Wuschel_pheeseq_0000020_labelled_mC2.wav,Wuschel,Olympia,after,partner,Wuschel-Olympia,-14.1216955,1.3635663,PaCMAP
1154,after_phees_2022-08-02_14-11-30_0000065_labelled_Wuschel_pheeseq_0000020_labelled_mC3.wav,Wuschel,Olympia,after,partner,Wuschel-Olympia,10.31255,-9.2644825,PaCMAP
1155,after_phees_2022-08-02_14-11-30_0000065_labelled_Wuschel_pheeseq_0000021_labelled_mC1.wav,Wuschel,Olympia,after,partner,Wuschel-Olympia,-13.486562,2.064174,PaCMAP
1156,after_phees_2022-08-02_14-11-30_0000065_labelled_Wuschel_pheeseq_0000021_labelled_mC2.wav,Wuschel,Olympia,after,partner,Wuschel-Olympia,9.726915,-9.49884,PaCMAP
1157,after_phees_2022-08-02_14-11-30_0000065_labelled_Wuschel_pheeseq_0000021_labelled_mC3.wav,Wuschel,Olympia,after,partner,Wuschel-Olympia,10.09649,-9.378254,PaCMAP
1158,after_phees_2022-08-02_14-11-30_0000065_labelled_Wuschel_pheeseq_0000022_labelled_mB1.wav,Wuschel,Olympia,after,partner,Wuschel-Olympia,-12.830781,3.7059205,PaCMAP
1159,after_phees_2022-08-02_14-11-30_0000065_labelled_Wuschel_pheeseq_0000023_labelled_mC1.wav,Wuschel,Olympia,after,partner,Wuschel-Olympia,-13.961723,1.7493577,PaCMAP
1160,after_phees_2022-08-02_14-11-30_0000065_labelled_Wuschel_pheeseq_0000023_labelled_mC2.wav,Wuschel,Olympia,after,partner,Wuschel-Olympia,9.244947,-9.519847,PaCMAP
1161,after_phees_2022-08-02_14-11-30_0000065_labelled_Wuschel_pheeseq_0000023_labelled_mC3.wav,Wuschel,Olympia,after,partner,Wuschel-Olympia,-12.940417,1.4667909,PaCMAP
1162,after_phees_2022-08-02_14-11-30_0000065_labelled_Wuschel_pheeseq_0000024_labelled_mB2.wav,Wuschel,Olympia,after,partner,Wuschel-Olympia,-13.743688,1.0500253,PaCMAP
1163,after_phees_2022-08-02_14-11-30_0000065_labelled_Wuschel_pheeseq_0000025_labelled_mB1.wav,Wuschel,Olympia,after,partner,Wuschel-Olympia,-14.364715,1.8711647,PaCMAP
1164,after_phees_2022-08-02_14-11-30_0000065_labelled_Wuschel_pheeseq_0000025_labelled_mB2.wav,Wuschel,Olympia,after,partner,Wuschel-Olympia,9.64271,-9.467369,PaCMAP
1165,after_phees_2022-08-02_14-11-30_0000065_labelled_Wuschel_pheeseq_0000027_labelled_mB1.wav,Wuschel,Olympia,after,partner,Wuschel-Olympia,-14.546433,1.987757,PaCMAP
1166,after_phees_2022-08-02_14-11-30_0000065_labelled_Wuschel_pheeseq_0000027_labelled_mB2.wav,Wuschel,Olympia,after,partner,Wuschel-Olympia,9.467986,-9.320295,PaCMAP
1167,after_phees_2022-08-02_14-11-30_0000065_labelled_Wuschel_pheeseq_0000028_labelled_mB1.wav,Wuschel,Olympia,after,partner,Wuschel-Olympia,-14.324635,1.7284119,PaCMAP
1168,after_phees_2022-08-02_14-11-30_0000065_labelled_Wuschel_pheeseq_0000028_labelled_mB2.wav,Wuschel,Olympia,after,partner,Wuschel-Olympia,-10.203014,4.4942217,PaCMAP
1169,after_phees_2022-08-02_14-11-30_0000065_labelled_Wuschel_pheeseq_0000029_labelled_mB1.wav,Wuschel,Olympia,after,partner,Wuschel-Olympia,-13.200532,1.8455812,PaCMAP
1170,after_phees_2022-08-02_14-11-30_0000065_labelled_Wuschel_pheeseq_0000029_labelled_mB2.wav,Wuschel,Olympia,after,partner,Wuschel-Olympia,-13.2595625,0.9653823,PaCMAP
1171,after_phees_2022-08-02_14-11-30_0000065_labelled_Wuschel_pheeseq_0000030_labelled_mB1.wav,Wuschel,Olympia,after,partner,Wuschel-Olympia,-14.191281,1.6371812,PaCMAP
1172,after_phees_2022-08-02_14-11-30_0000065_labelled_Wuschel_pheeseq_0000030_labelled_mB2.wav,Wuschel,Olympia,after,partner,Wuschel-Olympia,-13.687926,0.81656927,PaCMAP
1173,after_phees_2022-08-02_14-36-43_0000066_labelled_Lola_pheeseq_0000002_labelled_mB1.wav,Lola,Wuschel,after,non-partner,Tabor-Lola,-0.42931953,6.699318,PaCMAP
1174,after_phees_2022-08-02_14-36-43_0000066_labelled_Lola_pheeseq_0000002_labelled_mB2.wav,Lola,Wuschel,after,non-partner,Tabor-Lola,2.3621836,2.0585346,PaCMAP
1175,after_phees_2022-08-02_14-36-43_0000066_labelled_Lola_pheeseq_0000003_labelled_mC2.wav,Lola,Wuschel,after,non-partner,Tabor-Lola,-0.22167549,8.223838,PaCMAP
1176,after_phees_2022-08-02_14-36-43_0000066_labelled_Lola_pheeseq_0000003_labelled_mC3.wav,Lola,Wuschel,after,non-partner,Tabor-Lola,2.7284966,0.4628711,PaCMAP
1177,after_phees_2022-08-02_14-36-43_0000066_labelled_Lola_pheeseq_0000004_labelled_mC1.wav,Lola,Wuschel,after,non-partner,Tabor-Lola,-3.552389,7.232559,PaCMAP
1178,after_phees_2022-08-02_14-36-43_0000066_labelled_Lola_pheeseq_0000004_labelled_mC2.wav,Lola,Wuschel,after,non-partner,Tabor-Lola,1.5515218,3.8548114,PaCMAP
1179,after_phees_2022-08-02_14-36-43_0000066_labelled_Lola_pheeseq_0000004_labelled_mC3.wav,Lola,Wuschel,after,non-partner,Tabor-Lola,1.1775964,1.9136362,PaCMAP
1180,after_phees_2022-08-02_14-36-43_0000066_labelled_Lola_pheeseq_0000006_labelled_mB1.wav,Lola,Wuschel,after,non-partner,Tabor-Lola,0.039067335,2.7844214,PaCMAP
1181,after_phees_2022-08-02_14-36-43_0000066_labelled_Lola_pheeseq_0000006_labelled_mB2.wav,Lola,Wuschel,after,non-partner,Tabor-Lola,0.03216123,8.075321,PaCMAP
1182,after_phees_2022-08-02_14-36-43_0000066_labelled_Lola_pheeseq_0000008_labelled_mB1.wav,Lola,Wuschel,after,non-partner,Tabor-Lola,0.198193,6.6820865,PaCMAP
1183,after_phees_2022-08-02_14-36-43_0000066_labelled_Lola_pheeseq_0000008_labelled_mB2.wav,Lola,Wuschel,after,non-partner,Tabor-Lola,0.4673648,8.0534525,PaCMAP
1184,after_phees_2022-08-02_14-36-43_0000066_labelled_Lola_pheeseq_0000009_labelled_mB1.wav,Lola,Wuschel,after,non-partner,Tabor-Lola,-1.2230452,8.472511,PaCMAP
1185,after_phees_2022-08-02_14-36-43_0000066_labelled_Lola_pheeseq_0000009_labelled_mB2.wav,Lola,Wuschel,after,non-partner,Tabor-Lola,1.8229969,3.9626787,PaCMAP
1186,after_phees_2022-08-02_14-36-43_0000066_labelled_Lola_pheeseq_0000010_labelled_mC2.wav,Lola,Wuschel,after,non-partner,Tabor-Lola,-0.4079595,7.9688153,PaCMAP
1187,after_phees_2022-08-02_14-36-43_0000066_labelled_Lola_pheeseq_0000010_labelled_mC3.wav,Lola,Wuschel,after,non-partner,Tabor-Lola,1.159269,1.4903318,PaCMAP
1188,after_phees_2022-08-02_14-36-43_0000066_labelled_Lola_pheeseq_0000017_labelled_mC1.wav,Lola,Wuschel,after,non-partner,Tabor-Lola,0.5720234,6.6800337,PaCMAP
1189,after_phees_2022-08-02_14-36-43_0000066_labelled_Lola_pheeseq_0000017_labelled_mC2.wav,Lola,Wuschel,after,non-partner,Tabor-Lola,0.728794,7.6409707,PaCMAP
1190,after_phees_2022-08-02_14-36-43_0000066_labelled_Lola_pheeseq_0000017_labelled_mC3.wav,Lola,Wuschel,after,non-partner,Tabor-Lola,4.567782,-0.6456983,PaCMAP
1191,after_phees_2022-08-02_14-36-43_0000066_labelled_Lola_pheeseq_0000018_labelled_mC1.wav,Lola,Wuschel,after,non-partner,Tabor-Lola,-3.4847028,7.897756,PaCMAP
1192,after_phees_2022-08-02_14-36-43_0000066_labelled_Lola_pheeseq_0000018_labelled_mC2.wav,Lola,Wuschel,after,non-partner,Tabor-Lola,-1.6390169,8.431163,PaCMAP
1193,after_phees_2022-08-02_14-36-43_0000066_labelled_Lola_pheeseq_0000018_labelled_mC3.wav,Lola,Wuschel,after,non-partner,Tabor-Lola,6.567227,-5.2727504,PaCMAP
1194,after_phees_2022-08-02_14-36-43_0000066_labelled_Lola_pheeseq_0000019_labelled_mC1.wav,Lola,Wuschel,after,non-partner,Tabor-Lola,-3.875282,7.6098394,PaCMAP
1195,after_phees_2022-08-02_14-36-43_0000066_labelled_Lola_pheeseq_0000019_labelled_mC2.wav,Lola,Wuschel,after,non-partner,Tabor-Lola,2.681798,3.987743,PaCMAP
1196,after_phees_2022-08-02_14-36-43_0000066_labelled_Lola_pheeseq_0000019_labelled_mC3.wav,Lola,Wuschel,after,non-partner,Tabor-Lola,3.1843934,-0.17007837,PaCMAP
1197,after_phees_2022-08-02_14-36-43_0000066_labelled_Lola_pheeseq_0000020_labelled_mC1.wav,Lola,Wuschel,after,non-partner,Tabor-Lola,-1.2225233,8.499614,PaCMAP
1198,after_phees_2022-08-02_14-36-43_0000066_labelled_Lola_pheeseq_0000020_labelled_mC2.wav,Lola,Wuschel,after,non-partner,Tabor-Lola,3.9893723,0.41292074,PaCMAP
1199,after_phees_2022-08-02_14-36-43_0000066_labelled_Lola_pheeseq_0000020_labelled_mC3.wav,Lola,Wuschel,after,non-partner,Tabor-Lola,4.2915306,-0.4620226,PaCMAP
1200,after_phees_2022-08-02_14-36-43_0000066_labelled_Lola_pheeseq_0000021_labelled_mC1.wav,Lola,Wuschel,after,non-partner,Tabor-Lola,0.68656135,8.0921135,PaCMAP
1201,after_phees_2022-08-02_14-36-43_0000066_labelled_Lola_pheeseq_0000021_labelled_mC2.wav,Lola,Wuschel,after,non-partner,Tabor-Lola,0.76756656,7.8686204,PaCMAP
1202,after_phees_2022-08-02_14-36-43_0000066_labelled_Lola_pheeseq_0000021_labelled_mC3.wav,Lola,Wuschel,after,non-partner,Tabor-Lola,1.7992104,4.4588623,PaCMAP
1203,after_phees_2022-08-02_14-36-43_0000066_labelled_Lola_pheeseq_0000022_labelled_mC1.wav,Lola,Wuschel,after,non-partner,Tabor-Lola,0.44760352,2.319361,PaCMAP
1204,after_phees_2022-08-02_14-36-43_0000066_labelled_Lola_pheeseq_0000022_labelled_mC2.wav,Lola,Wuschel,after,non-partner,Tabor-Lola,2.645851,5.197672,PaCMAP
1205,after_phees_2022-08-02_14-36-43_0000066_labelled_Lola_pheeseq_0000023_labelled_mC1.wav,Lola,Wuschel,after,non-partner,Tabor-Lola,-0.91268355,8.497544,PaCMAP
1206,after_phees_2022-08-02_14-36-43_0000066_labelled_Lola_pheeseq_0000023_labelled_mC3.wav,Lola,Wuschel,after,non-partner,Tabor-Lola,4.0560164,-0.5002375,PaCMAP
1207,after_phees_2022-08-02_14-36-43_0000066_labelled_Lola_pheeseq_0000025_labelled_mC1.wav,Lola,Wuschel,after,non-partner,Tabor-Lola,-1.2374058,8.561129,PaCMAP
1208,after_phees_2022-08-02_14-36-43_0000066_labelled_Lola_pheeseq_0000025_labelled_mC2.wav,Lola,Wuschel,after,non-partner,Tabor-Lola,2.2833047,5.24688,PaCMAP
1209,after_phees_2022-08-02_14-36-43_0000066_labelled_Lola_pheeseq_0000025_labelled_mC3.wav,Lola,Wuschel,after,non-partner,Tabor-Lola,-1.2731398,8.426109,PaCMAP
1210,after_phees_2022-08-02_14-36-43_0000066_labelled_Lola_pheeseq_0000026_labelled_mC1.wav,Lola,Wuschel,after,non-partner,Tabor-Lola,1.5296719,3.6922886,PaCMAP
1211,after_phees_2022-08-02_14-36-43_0000066_labelled_Lola_pheeseq_0000026_labelled_mC2.wav,Lola,Wuschel,after,non-partner,Tabor-Lola,1.1259352,7.460842,PaCMAP
1212,after_phees_2022-08-02_14-36-43_0000066_labelled_Lola_pheeseq_0000026_labelled_mC3.wav,Lola,Wuschel,after,non-partner,Tabor-Lola,3.8022797,0.14435062,PaCMAP
1213,after_phees_2022-08-02_14-36-43_0000066_labelled_Lola_pheeseq_0000027_labelled_mC1.wav,Lola,Wuschel,after,non-partner,Tabor-Lola,1.7494792,2.746522,PaCMAP
1214,after_phees_2022-08-02_14-36-43_0000066_labelled_Lola_pheeseq_0000027_labelled_mC2.wav,Lola,Wuschel,after,non-partner,Tabor-Lola,2.5283844,5.3544965,PaCMAP
1215,after_phees_2022-08-02_14-36-43_0000066_labelled_Lola_pheeseq_0000027_labelled_mC3.wav,Lola,Wuschel,after,non-partner,Tabor-Lola,0.5184706,7.9810586,PaCMAP
1216,after_phees_2022-08-02_14-36-43_0000066_labelled_Lola_pheeseq_0000047_labelled_mB1.wav,Lola,Wuschel,after,non-partner,Tabor-Lola,-1.286949,8.10824,PaCMAP
1217,after_phees_2022-08-02_14-36-43_0000066_labelled_Lola_pheeseq_0000047_labelled_mB2.wav,Lola,Wuschel,after,non-partner,Tabor-Lola,-0.5575139,8.259389,PaCMAP
1218,after_phees_2022-08-02_14-36-43_0000066_labelled_Lola_pheeseq_0000048_labelled_mB1.wav,Lola,Wuschel,after,non-partner,Tabor-Lola,-1.7438608,3.2934854,PaCMAP
1219,after_phees_2022-08-02_14-36-43_0000066_labelled_Lola_pheeseq_0000048_labelled_mB2.wav,Lola,Wuschel,after,non-partner,Tabor-Lola,0.8512763,2.6330664,PaCMAP
1220,after_phees_2022-08-02_14-36-43_0000066_labelled_Lola_pheeseq_0000050_labelled_mC1.wav,Lola,Wuschel,after,non-partner,Tabor-Lola,-3.5016973,7.7604914,PaCMAP
1221,after_phees_2022-08-02_14-36-43_0000066_labelled_Lola_pheeseq_0000050_labelled_mC2.wav,Lola,Wuschel,after,non-partner,Tabor-Lola,-0.5864618,8.104925,PaCMAP
1222,after_phees_2022-08-02_14-36-43_0000066_labelled_Lola_pheeseq_0000050_labelled_mC3.wav,Lola,Wuschel,after,non-partner,Tabor-Lola,1.0284343,2.7072303,PaCMAP
1223,after_phees_2022-08-02_14-36-43_0000066_labelled_Lola_pheeseq_0000051_labelled_mB1.wav,Lola,Wuschel,after,non-partner,Tabor-Lola,-1.1447752,2.783006,PaCMAP
1224,after_phees_2022-08-02_14-36-43_0000066_labelled_Lola_pheeseq_0000051_labelled_mB2.wav,Lola,Wuschel,after,non-partner,Tabor-Lola,2.0156326,4.0932035,PaCMAP
1225,after_phees_2022-08-02_14-36-43_0000066_labelled_Lola_pheeseq_0000052_labelled_mB1.wav,Lola,Wuschel,after,non-partner,Tabor-Lola,0.59531164,2.3215387,PaCMAP
1226,after_phees_2022-08-02_14-36-43_0000066_labelled_Lola_pheeseq_0000052_labelled_mB2.wav,Lola,Wuschel,after,non-partner,Tabor-Lola,2.5279539,4.858223,PaCMAP
1227,after_phees_2022-08-02_14-36-43_0000066_labelled_Lola_pheeseq_0000053_labelled_mB1.wav,Lola,Wuschel,after,non-partner,Tabor-Lola,1.5486013,4.5626426,PaCMAP
1228,after_phees_2022-08-02_14-36-43_0000066_labelled_Lola_pheeseq_0000053_labelled_mB2.wav,Lola,Wuschel,after,non-partner,Tabor-Lola,2.753001,5.106634,PaCMAP
1229,after_phees_2022-08-02_14-36-43_0000066_labelled_Lola_pheeseq_0000054_labelled_mC1.wav,Lola,Wuschel,after,non-partner,Tabor-Lola,-1.2776158,8.591433,PaCMAP
1230,after_phees_2022-08-02_14-36-43_0000066_labelled_Lola_pheeseq_0000054_labelled_mC2.wav,Lola,Wuschel,after,non-partner,Tabor-Lola,1.9637241,4.480605,PaCMAP
1231,after_phees_2022-08-02_14-36-43_0000066_labelled_Lola_pheeseq_0000054_labelled_mC3.wav,Lola,Wuschel,after,non-partner,Tabor-Lola,0.36446324,3.4176316,PaCMAP
1232,after_phees_2022-08-02_14-36-43_0000066_labelled_Lola_pheeseq_0000056_labelled_mB1.wav,Lola,Wuschel,after,non-partner,Tabor-Lola,0.47622156,7.928755,PaCMAP
1233,after_phees_2022-08-02_14-36-43_0000066_labelled_Lola_pheeseq_0000061_labelled_mB1.wav,Lola,Wuschel,after,non-partner,Tabor-Lola,0.5491204,7.1712976,PaCMAP
1234,after_phees_2022-08-02_14-36-43_0000066_labelled_Lola_pheeseq_0000061_labelled_mB2.wav,Lola,Wuschel,after,non-partner,Tabor-Lola,2.5619273,4.4040174,PaCMAP
1235,after_phees_2022-08-02_14-36-43_0000066_labelled_Lola_pheeseq_0000062_labelled_mB2.wav,Lola,Wuschel,after,non-partner,Tabor-Lola,-0.6462409,8.379753,PaCMAP
1236,after_phees_2022-08-02_14-36-43_0000066_labelled_Lola_pheeseq_0000066_labelled_mB1.wav,Lola,Wuschel,after,non-partner,Tabor-Lola,0.26334947,6.875155,PaCMAP
1237,after_phees_2022-08-02_14-36-43_0000066_labelled_Lola_pheeseq_0000067_labelled_mB1.wav,Lola,Wuschel,after,non-partner,Tabor-Lola,0.7365007,5.598062,PaCMAP
1238,after_phees_2022-08-02_14-36-43_0000066_labelled_Lola_pheeseq_0000067_labelled_mB2.wav,Lola,Wuschel,after,non-partner,Tabor-Lola,3.8220012,0.36123207,PaCMAP
1239,after_phees_2022-08-02_14-36-43_0000066_labelled_Lola_pheeseq_0000068_labelled_mC1.wav,Lola,Wuschel,after,non-partner,Tabor-Lola,-1.0595345,8.492926,PaCMAP
1240,after_phees_2022-08-02_14-36-43_0000066_labelled_Lola_pheeseq_0000068_labelled_mC2.wav,Lola,Wuschel,after,non-partner,Tabor-Lola,0.693578,7.9201574,PaCMAP
1241,after_phees_2022-08-02_14-36-43_0000066_labelled_Lola_pheeseq_0000068_labelled_mC3.wav,Lola,Wuschel,after,non-partner,Tabor-Lola,2.2711194,3.1009448,PaCMAP
1242,after_phees_2022-08-02_14-36-43_0000066_labelled_Lola_pheeseq_0000069_labelled_mC1.wav,Lola,Wuschel,after,non-partner,Tabor-Lola,1.7081044,4.3403716,PaCMAP
1243,after_phees_2022-08-02_14-36-43_0000066_labelled_Lola_pheeseq_0000069_labelled_mC2.wav,Lola,Wuschel,after,non-partner,Tabor-Lola,2.7659454,4.4765024,PaCMAP
1244,after_phees_2022-08-02_14-36-43_0000066_labelled_Wuschel_pheeseq_0000057_labelled_mB1.wav,Wuschel,Lola,after,non-partner,Wuschel-Olympia,-15.731389,3.7818425,PaCMAP
1245,after_phees_2022-08-02_14-36-43_0000066_labelled_Wuschel_pheeseq_0000057_labelled_mB2.wav,Wuschel,Lola,after,non-partner,Wuschel-Olympia,-13.764752,1.72842,PaCMAP
1246,after_phees_2022-08-02_14-36-43_0000066_labelled_Wuschel_pheeseq_0000059_labelled_mB1.wav,Wuschel,Lola,after,non-partner,Wuschel-Olympia,-15.262264,3.7215815,PaCMAP
1247,after_phees_2022-08-02_14-36-43_0000066_labelled_Wuschel_pheeseq_0000059_labelled_mB2.wav,Wuschel,Lola,after,non-partner,Wuschel-Olympia,-14.019635,1.4378349,PaCMAP
1248,after_phees_2022-08-02_14-36-43_0000066_labelled_Wuschel_pheeseq_0000060_labelled_mB1.wav,Wuschel,Lola,after,non-partner,Wuschel-Olympia,-14.703521,4.12995,PaCMAP
1249,after_phees_2022-08-02_14-36-43_0000066_labelled_Wuschel_pheeseq_0000060_labelled_mB2.wav,Wuschel,Lola,after,non-partner,Wuschel-Olympia,-12.7152195,4.058564,PaCMAP
1250,after_phees_2022-08-02_14-36-43_0000066_labelled_Wuschel_pheeseq_0000063_labelled_mB1.wav,Wuschel,Lola,after,non-partner,Wuschel-Olympia,-15.346365,3.364987,PaCMAP
1251,after_phees_2022-08-02_14-36-43_0000066_labelled_Wuschel_pheeseq_0000063_labelled_mB2.wav,Wuschel,Lola,after,non-partner,Wuschel-Olympia,-13.424902,1.6498206,PaCMAP
1252,after_phees_2022-08-02_14-36-43_0000066_labelled_Wuschel_pheeseq_0000064_labelled_mB1.wav,Wuschel,Lola,after,non-partner,Wuschel-Olympia,-15.418673,3.7244005,PaCMAP
1253,after_phees_2022-08-02_14-36-43_0000066_labelled_Wuschel_pheeseq_0000064_labelled_mB2.wav,Wuschel,Lola,after,non-partner,Wuschel-Olympia,-13.507947,1.060489,PaCMAP
1254,after_phees_2022-08-02_14-36-43_0000066_labelled_Wuschel_pheeseq_0000065_labelled_mB1.wav,Wuschel,Lola,after,non-partner,Wuschel-Olympia,-13.567348,2.4103904,PaCMAP
1255,after_phees_2022-08-02_14-36-43_0000066_labelled_Wuschel_pheeseq_0000065_labelled_mB2.wav,Wuschel,Lola,after,non-partner,Wuschel-Olympia,-13.55441,1.0695457,PaCMAP
1256,after_phees_2022-08-02_14-36-43_0000066_labelled_Wuschel_pheeseq_0000071_labelled_mB1.wav,Wuschel,Lola,after,non-partner,Wuschel-Olympia,-14.681349,4.109191,PaCMAP
1257,after_phees_2022-08-02_14-36-43_0000066_labelled_Wuschel_pheeseq_0000071_labelled_mB2.wav,Wuschel,Lola,after,non-partner,Wuschel-Olympia,-13.588335,1.1422879,PaCMAP
1258,after_phees_2022-08-02_14-36-43_0000066_labelled_Wuschel_pheeseq_0000072_labelled_mB1.wav,Wuschel,Lola,after,non-partner,Wuschel-Olympia,-15.192353,3.1129951,PaCMAP
1259,after_phees_2022-08-02_14-36-43_0000066_labelled_Wuschel_pheeseq_0000072_labelled_mB2.wav,Wuschel,Lola,after,non-partner,Wuschel-Olympia,-14.400111,1.2293546,PaCMAP
1260,after_phees_2022-08-02_14-36-43_0000066_labelled_Wuschel_pheeseq_0000073_labelled_mB1.wav,Wuschel,Lola,after,non-partner,Wuschel-Olympia,-14.750592,2.9537501,PaCMAP
1261,after_phees_2022-08-02_14-36-43_0000066_labelled_Wuschel_pheeseq_0000073_labelled_mB2.wav,Wuschel,Lola,after,non-partner,Wuschel-Olympia,-13.169228,0.9227064,PaCMAP
1262,after_phees_2022-08-02_14-36-43_0000066_labelled_Wuschel_pheeseq_0000075_labelled_mB1.wav,Wuschel,Lola,after,non-partner,Wuschel-Olympia,-13.286936,3.8824637,PaCMAP
1263,after_phees_2022-08-02_14-36-43_0000066_labelled_Wuschel_pheeseq_0000075_labelled_mB2.wav,Wuschel,Lola,after,non-partner,Wuschel-Olympia,-11.728573,4.0497594,PaCMAP
1264,after_phees_2022-08-02_14-36-43_0000066_labelled_Wuschel_pheeseq_0000076_labelled_mB1.wav,Wuschel,Lola,after,non-partner,Wuschel-Olympia,-15.008276,3.4128606,PaCMAP
1265,after_phees_2022-08-02_14-36-43_0000066_labelled_Wuschel_pheeseq_0000076_labelled_mB2.wav,Wuschel,Lola,after,non-partner,Wuschel-Olympia,-13.82925,1.1241232,PaCMAP
1266,after_phees_2022-08-02_14-36-43_0000066_labelled_Wuschel_pheeseq_0000077_labelled_mB1.wav,Wuschel,Lola,after,non-partner,Wuschel-Olympia,-14.53443,2.2086835,PaCMAP
1267,after_phees_2022-08-02_14-36-43_0000066_labelled_Wuschel_pheeseq_0000077_labelled_mB2.wav,Wuschel,Lola,after,non-partner,Wuschel-Olympia,-13.5434265,0.9294587,PaCMAP
1268,after_phees_2022-08-02_15-01-37_0000067_labelled_Lola_pheeseq_0000004_labelled_mB1.wav,Lola,Tabor,after,partner,Tabor-Lola,-1.3130707,3.230527,PaCMAP
1269,after_phees_2022-08-02_15-01-37_0000067_labelled_Lola_pheeseq_0000004_labelled_mB2.wav,Lola,Tabor,after,partner,Tabor-Lola,0.5048656,3.8670852,PaCMAP
1270,after_phees_2022-08-02_15-01-37_0000067_labelled_Lola_pheeseq_0000005_labelled_mB1.wav,Lola,Tabor,after,partner,Tabor-Lola,-4.5001426,6.6140356,PaCMAP
1271,after_phees_2022-08-02_15-01-37_0000067_labelled_Lola_pheeseq_0000005_labelled_mB2.wav,Lola,Tabor,after,partner,Tabor-Lola,-0.73928285,2.2550135,PaCMAP
1272,after_phees_2022-08-02_15-01-37_0000067_labelled_Lola_pheeseq_0000007_labelled_mB1.wav,Lola,Tabor,after,partner,Tabor-Lola,-1.2809352,3.4418805,PaCMAP
1273,after_phees_2022-08-02_15-01-37_0000067_labelled_Lola_pheeseq_0000007_labelled_mB2.wav,Lola,Tabor,after,partner,Tabor-Lola,0.8786073,4.308461,PaCMAP
1274,after_phees_2022-08-02_15-01-37_0000067_labelled_Lola_pheeseq_0000008_labelled_mB1.wav,Lola,Tabor,after,partner,Tabor-Lola,-3.3731441,7.751409,PaCMAP
1275,after_phees_2022-08-02_15-01-37_0000067_labelled_Lola_pheeseq_0000008_labelled_mB2.wav,Lola,Tabor,after,partner,Tabor-Lola,1.8584262,4.079626,PaCMAP
1276,after_phees_2022-08-02_15-01-37_0000067_labelled_Lola_pheeseq_0000031_labelled_mB1.wav,Lola,Tabor,after,partner,Tabor-Lola,-0.96146846,7.288793,PaCMAP
1277,after_phees_2022-08-02_15-01-37_0000067_labelled_Lola_pheeseq_0000031_labelled_mB2.wav,Lola,Tabor,after,partner,Tabor-Lola,1.0761887,2.6359112,PaCMAP
1278,after_phees_2022-08-02_15-01-37_0000067_labelled_Lola_pheeseq_0000035_labelled_mB1.wav,Lola,Tabor,after,partner,Tabor-Lola,-0.19824891,8.262412,PaCMAP
1279,after_phees_2022-08-02_15-01-37_0000067_labelled_Lola_pheeseq_0000052_labelled_mB1.wav,Lola,Tabor,after,partner,Tabor-Lola,-1.5235527,5.7321725,PaCMAP
1280,after_phees_2022-08-02_15-01-37_0000067_labelled_Lola_pheeseq_0000052_labelled_mB2.wav,Lola,Tabor,after,partner,Tabor-Lola,-3.9401326,6.156553,PaCMAP
1281,after_phees_2022-08-02_15-01-37_0000067_labelled_Lola_pheeseq_0000053_labelled_mB1.wav,Lola,Tabor,after,partner,Tabor-Lola,-1.3760989,4.2709365,PaCMAP
1282,after_phees_2022-08-02_15-01-37_0000067_labelled_Lola_pheeseq_0000053_labelled_mB2.wav,Lola,Tabor,after,partner,Tabor-Lola,-3.5634263,7.846503,PaCMAP
1283,after_phees_2022-08-02_15-01-37_0000067_labelled_Lola_pheeseq_0000054_labelled_mB1.wav,Lola,Tabor,after,partner,Tabor-Lola,-1.4182867,4.204475,PaCMAP
1284,after_phees_2022-08-02_15-01-37_0000067_labelled_Lola_pheeseq_0000054_labelled_mB2.wav,Lola,Tabor,after,partner,Tabor-Lola,-2.6150134,7.497038,PaCMAP
1285,after_phees_2022-08-02_15-01-37_0000067_labelled_Lola_pheeseq_0000055_labelled_mB1.wav,Lola,Tabor,after,partner,Tabor-Lola,-4.363468,6.5732393,PaCMAP
1286,after_phees_2022-08-02_15-01-37_0000067_labelled_Lola_pheeseq_0000055_labelled_mB2.wav,Lola,Tabor,after,partner,Tabor-Lola,-2.3587275,7.602065,PaCMAP
1287,after_phees_2022-08-02_15-01-37_0000067_labelled_Lola_pheeseq_0000056_labelled_mB2.wav,Lola,Tabor,after,partner,Tabor-Lola,0.11726474,7.7010064,PaCMAP
1288,after_phees_2022-08-02_15-01-37_0000067_labelled_Tabor_pheeseq_0000038_labelled_mC1.wav,Tabor,Lola,after,partner,Tabor-Lola,1.7703456,-1.1464746,PaCMAP
1289,after_phees_2022-08-02_15-01-37_0000067_labelled_Tabor_pheeseq_0000038_labelled_mC2.wav,Tabor,Lola,after,partner,Tabor-Lola,8.4442005,-5.0489407,PaCMAP
1290,after_phees_2022-08-02_15-01-37_0000067_labelled_Tabor_pheeseq_0000038_labelled_mC3.wav,Tabor,Lola,after,partner,Tabor-Lola,-2.861755,-2.443927,PaCMAP
1291,after_phees_2022-08-02_15-01-37_0000067_labelled_Tabor_pheeseq_0000043_labelled_mD1.wav,Tabor,Lola,after,partner,Tabor-Lola,2.0414784,-0.9307216,PaCMAP
1292,after_phees_2022-08-02_15-01-37_0000067_labelled_Tabor_pheeseq_0000043_labelled_mD2.wav,Tabor,Lola,after,partner,Tabor-Lola,9.927429,-6.1563416,PaCMAP
1293,after_phees_2022-08-02_15-01-37_0000067_labelled_Tabor_pheeseq_0000043_labelled_mD3.wav,Tabor,Lola,after,partner,Tabor-Lola,-4.5081186,-2.2952545,PaCMAP
1294,after_phees_2022-08-02_15-01-37_0000067_labelled_Tabor_pheeseq_0000043_labelled_mD4.wav,Tabor,Lola,after,partner,Tabor-Lola,-9.609218,0.6235098,PaCMAP
1295,after_phees_2022-08-03_14-32-28_0000070_labelled_Tabor_pheeseq_0000038_labelled_mC1.wav,Tabor,Olympia,after,non-partner,Tabor-Lola,-6.441361,5.442344,PaCMAP
1296,after_phees_2022-08-03_14-32-28_0000070_labelled_Tabor_pheeseq_0000038_labelled_mC3.wav,Tabor,Olympia,after,non-partner,Tabor-Lola,-9.8772545,1.9435967,PaCMAP
1297,after_phees_2022-08-03_14-32-28_0000070_labelled_Tabor_pheeseq_0000040_labelled_mC1.wav,Tabor,Olympia,after,non-partner,Tabor-Lola,-10.799831,4.215156,PaCMAP
1298,after_phees_2022-08-03_14-32-28_0000070_labelled_Tabor_pheeseq_0000040_labelled_mC2.wav,Tabor,Olympia,after,non-partner,Tabor-Lola,-10.522477,4.4805837,PaCMAP
1299,after_phees_2022-08-03_14-32-28_0000070_labelled_Tabor_pheeseq_0000040_labelled_mC3.wav,Tabor,Olympia,after,non-partner,Tabor-Lola,-11.1248,3.7254336,PaCMAP
1300,after_phees_2022-08-03_14-32-28_0000070_labelled_Tabor_pheeseq_0000041_labelled_mC1.wav,Tabor,Olympia,after,non-partner,Tabor-Lola,-12.683487,3.0854435,PaCMAP
1301,after_phees_2022-08-03_14-32-28_0000070_labelled_Tabor_pheeseq_0000041_labelled_mC2.wav,Tabor,Olympia,after,non-partner,Tabor-Lola,-5.9607677,0.7471177,PaCMAP
1302,after_phees_2022-08-03_14-32-28_0000070_labelled_Tabor_pheeseq_0000041_labelled_mC3.wav,Tabor,Olympia,after,non-partner,Tabor-Lola,-10.579146,3.9596627,PaCMAP
1303,after_phees_2022-08-03_14-32-28_0000070_labelled_Tabor_pheeseq_0000042_labelled_mC1.wav,Tabor,Olympia,after,non-partner,Tabor-Lola,-11.003807,3.7735853,PaCMAP
1304,after_phees_2022-08-03_14-32-28_0000070_labelled_Tabor_pheeseq_0000042_labelled_mC2.wav,Tabor,Olympia,after,non-partner,Tabor-Lola,-9.947245,4.4936194,PaCMAP
1305,after_phees_2022-08-03_14-32-28_0000070_labelled_Tabor_pheeseq_0000042_labelled_mC3.wav,Tabor,Olympia,after,non-partner,Tabor-Lola,-10.985451,1.9723057,PaCMAP
1306,after_phees_2022-08-03_14-32-28_0000070_labelled_Tabor_pheeseq_0000043_labelled_mD1.wav,Tabor,Olympia,after,non-partner,Tabor-Lola,-7.550715,5.0889373,PaCMAP
1307,after_phees_2022-08-03_14-32-28_0000070_labelled_Tabor_pheeseq_0000043_labelled_mD2.wav,Tabor,Olympia,after,non-partner,Tabor-Lola,-4.867611,-0.8516635,PaCMAP
1308,after_phees_2022-08-03_14-32-28_0000070_labelled_Tabor_pheeseq_0000043_labelled_mD3.wav,Tabor,Olympia,after,non-partner,Tabor-Lola,-9.867939,4.1662145,PaCMAP
1309,after_phees_2022-08-03_14-32-28_0000070_labelled_Tabor_pheeseq_0000043_labelled_mD4.wav,Tabor,Olympia,after,non-partner,Tabor-Lola,-9.7262745,1.042745,PaCMAP
1310,after_phees_2022-08-03_14-32-28_0000070_labelled_Tabor_pheeseq_0000044_labelled_mB1.wav,Tabor,Olympia,after,non-partner,Tabor-Lola,-9.697423,3.968418,PaCMAP
1311,after_phees_2022-08-03_14-32-28_0000070_labelled_Tabor_pheeseq_0000046_labelled_mC1.wav,Tabor,Olympia,after,non-partner,Tabor-Lola,-6.463957,5.3146424,PaCMAP
1312,after_phees_2022-08-03_14-32-28_0000070_labelled_Tabor_pheeseq_0000046_labelled_mC2.wav,Tabor,Olympia,after,non-partner,Tabor-Lola,-4.775018,0.7785257,PaCMAP
1313,after_phees_2022-08-03_14-32-28_0000070_labelled_Tabor_pheeseq_0000046_labelled_mC3.wav,Tabor,Olympia,after,non-partner,Tabor-Lola,-10.003705,4.610247,PaCMAP
1314,after_phees_2022-08-03_14-32-28_0000070_labelled_Tabor_pheeseq_0000047_labelled_mC1.wav,Tabor,Olympia,after,non-partner,Tabor-Lola,-4.8054576,1.0672383,PaCMAP
1315,after_phees_2022-08-03_14-32-28_0000070_labelled_Tabor_pheeseq_0000047_labelled_mC2.wav,Tabor,Olympia,after,non-partner,Tabor-Lola,-4.0661583,0.49008605,PaCMAP
1316,after_phees_2022-08-03_14-32-28_0000070_labelled_Tabor_pheeseq_0000047_labelled_mC3.wav,Tabor,Olympia,after,non-partner,Tabor-Lola,-10.380863,4.0700197,PaCMAP
1317,after_phees_2022-08-03_14-32-28_0000070_labelled_Tabor_pheeseq_0000048_labelled_mC1.wav,Tabor,Olympia,after,non-partner,Tabor-Lola,-4.5130854,1.6579181,PaCMAP
1318,after_phees_2022-08-03_14-32-28_0000070_labelled_Tabor_pheeseq_0000048_labelled_mC2.wav,Tabor,Olympia,after,non-partner,Tabor-Lola,-4.1904945,-0.29795802,PaCMAP
1319,after_phees_2022-08-03_14-32-28_0000070_labelled_Tabor_pheeseq_0000048_labelled_mC3.wav,Tabor,Olympia,after,non-partner,Tabor-Lola,-10.474774,4.2939925,PaCMAP
1320,after_phees_2022-08-03_14-32-28_0000070_labelled_Tabor_pheeseq_0000049_labelled_mC1.wav,Tabor,Olympia,after,non-partner,Tabor-Lola,-4.8597136,0.56636125,PaCMAP
1321,after_phees_2022-08-03_14-32-28_0000070_labelled_Tabor_pheeseq_0000049_labelled_mC2.wav,Tabor,Olympia,after,non-partner,Tabor-Lola,-4.760038,0.59103864,PaCMAP
1322,after_phees_2022-08-03_14-32-28_0000070_labelled_Tabor_pheeseq_0000049_labelled_mC3.wav,Tabor,Olympia,after,non-partner,Tabor-Lola,-6.6709857,-0.35390657,PaCMAP
1323,after_phees_2022-08-03_14-32-28_0000070_labelled_Tabor_pheeseq_0000050_labelled_mC1.wav,Tabor,Olympia,after,non-partner,Tabor-Lola,-4.8487763,0.5166261,PaCMAP
1324,after_phees_2022-08-03_14-32-28_0000070_labelled_Tabor_pheeseq_0000050_labelled_mC2.wav,Tabor,Olympia,after,non-partner,Tabor-Lola,-3.4892497,0.79614574,PaCMAP
1325,after_phees_2022-08-03_14-32-28_0000070_labelled_Tabor_pheeseq_0000050_labelled_mC3.wav,Tabor,Olympia,after,non-partner,Tabor-Lola,-6.59806,-0.17934686,PaCMAP
1326,after_phees_2022-08-03_14-32-28_0000070_labelled_Tabor_pheeseq_0000051_labelled_mC1.wav,Tabor,Olympia,after,non-partner,Tabor-Lola,-4.8452983,0.8142681,PaCMAP
1327,after_phees_2022-08-03_14-32-28_0000070_labelled_Tabor_pheeseq_0000051_labelled_mC2.wav,Tabor,Olympia,after,non-partner,Tabor-Lola,-4.2098827,-0.49096823,PaCMAP
1328,after_phees_2022-08-03_14-32-28_0000070_labelled_Tabor_pheeseq_0000051_labelled_mC3.wav,Tabor,Olympia,after,non-partner,Tabor-Lola,-7.976822,5.063241,PaCMAP
1329,after_phees_2022-08-03_14-57-10_0000071_labelled_Odin_pheeseq_0000003_labelled_mB1.wav,Odin,Olympia,after,non-partner,Odin-Nougatti,-1.953437,1.0495272,PaCMAP
1330,after_phees_2022-08-03_14-57-10_0000071_labelled_Odin_pheeseq_0000003_labelled_mB2.wav,Odin,Olympia,after,non-partner,Odin-Nougatti,8.118763,-7.7103324,PaCMAP
1331,after_phees_2022-08-03_14-57-10_0000071_labelled_Odin_pheeseq_0000004_labelled_mD1.wav,Odin,Olympia,after,non-partner,Odin-Nougatti,-3.9782608,-0.81943643,PaCMAP
1332,after_phees_2022-08-03_14-57-10_0000071_labelled_Odin_pheeseq_0000004_labelled_mD2.wav,Odin,Olympia,after,non-partner,Odin-Nougatti,-1.1956439,-0.90576935,PaCMAP
1333,after_phees_2022-08-03_14-57-10_0000071_labelled_Odin_pheeseq_0000004_labelled_mD3.wav,Odin,Olympia,after,non-partner,Odin-Nougatti,0.32538515,-0.47823757,PaCMAP
1334,after_phees_2022-08-03_14-57-10_0000071_labelled_Odin_pheeseq_0000004_labelled_mD4.wav,Odin,Olympia,after,non-partner,Odin-Nougatti,-10.2245455,1.5732118,PaCMAP
1335,after_phees_2022-08-03_14-57-10_0000071_labelled_Odin_pheeseq_0000005_labelled_mD1.wav,Odin,Olympia,after,non-partner,Odin-Nougatti,-4.052478,-2.3267658,PaCMAP
1336,after_phees_2022-08-03_14-57-10_0000071_labelled_Odin_pheeseq_0000005_labelled_mD2.wav,Odin,Olympia,after,non-partner,Odin-Nougatti,10.132437,-5.7340336,PaCMAP
1337,after_phees_2022-08-03_14-57-10_0000071_labelled_Odin_pheeseq_0000005_labelled_mD3.wav,Odin,Olympia,after,non-partner,Odin-Nougatti,10.681491,-3.732332,PaCMAP
1338,after_phees_2022-08-03_14-57-10_0000071_labelled_Odin_pheeseq_0000005_labelled_mD4.wav,Odin,Olympia,after,non-partner,Odin-Nougatti,11.089025,-4.906165,PaCMAP
1339,after_phees_2022-08-03_14-57-10_0000071_labelled_Odin_pheeseq_0000007_labelled_mC1.wav,Odin,Olympia,after,non-partner,Odin-Nougatti,-2.6856089,-0.39182195,PaCMAP
1340,after_phees_2022-08-03_14-57-10_0000071_labelled_Odin_pheeseq_0000007_labelled_mC2.wav,Odin,Olympia,after,non-partner,Odin-Nougatti,0.802596,-0.48830926,PaCMAP
1341,after_phees_2022-08-03_14-57-10_0000071_labelled_Odin_pheeseq_0000007_labelled_mC3.wav,Odin,Olympia,after,non-partner,Odin-Nougatti,0.47126198,-0.15679768,PaCMAP
1342,after_phees_2022-08-03_14-57-10_0000071_labelled_Odin_pheeseq_0000008_labelled_mD1.wav,Odin,Olympia,after,non-partner,Odin-Nougatti,-2.4629989,-0.3897178,PaCMAP
1343,after_phees_2022-08-03_14-57-10_0000071_labelled_Odin_pheeseq_0000008_labelled_mD4.wav,Odin,Olympia,after,non-partner,Odin-Nougatti,9.098713,-4.033359,PaCMAP
1344,after_phees_2022-08-03_14-57-10_0000071_labelled_Odin_pheeseq_0000008_labelled_mD5.wav,Odin,Olympia,after,non-partner,Odin-Nougatti,0.61791456,-0.3688095,PaCMAP
1345,after_phees_2022-08-03_14-57-10_0000071_labelled_Odin_pheeseq_0000008_labelled_mD6.wav,Odin,Olympia,after,non-partner,Odin-Nougatti,10.740729,-6.3643,PaCMAP
1346,after_phees_2022-08-03_14-57-10_0000071_labelled_Odin_pheeseq_0000009_labelled_mD1.wav,Odin,Olympia,after,non-partner,Odin-Nougatti,12.411206,-6.0809073,PaCMAP
1347,after_phees_2022-08-03_14-57-10_0000071_labelled_Odin_pheeseq_0000009_labelled_mD2.wav,Odin,Olympia,after,non-partner,Odin-Nougatti,12.56828,-4.4570274,PaCMAP
1348,after_phees_2022-08-03_14-57-10_0000071_labelled_Odin_pheeseq_0000009_labelled_mD3.wav,Odin,Olympia,after,non-partner,Odin-Nougatti,9.803496,-4.115228,PaCMAP
1349,after_phees_2022-08-03_14-57-10_0000071_labelled_Odin_pheeseq_0000009_labelled_mD4.wav,Odin,Olympia,after,non-partner,Odin-Nougatti,10.464776,-3.7849536,PaCMAP
1350,after_phees_2022-08-03_14-57-10_0000071_labelled_Odin_pheeseq_0000011_labelled_mE1.wav,Odin,Olympia,after,non-partner,Odin-Nougatti,9.6379385,-7.3068676,PaCMAP
1351,after_phees_2022-08-03_14-57-10_0000071_labelled_Odin_pheeseq_0000011_labelled_mE4.wav,Odin,Olympia,after,non-partner,Odin-Nougatti,9.860195,-4.442516,PaCMAP
1352,after_phees_2022-08-03_14-57-10_0000071_labelled_Odin_pheeseq_0000011_labelled_mE5.wav,Odin,Olympia,after,non-partner,Odin-Nougatti,9.852487,-4.179085,PaCMAP
1353,after_phees_2022-08-03_14-57-10_0000071_labelled_Odin_pheeseq_0000011_labelled_mE6.wav,Odin,Olympia,after,non-partner,Odin-Nougatti,10.215661,-4.3899913,PaCMAP
1354,after_phees_2022-08-03_14-57-10_0000071_labelled_Odin_pheeseq_0000011_labelled_mE8.wav,Odin,Olympia,after,non-partner,Odin-Nougatti,11.4563465,-8.032463,PaCMAP
1355,after_phees_2022-08-03_14-57-10_0000071_labelled_Odin_pheeseq_0000017_labelled_mC1.wav,Odin,Olympia,after,non-partner,Odin-Nougatti,6.879045,-4.8857303,PaCMAP
1356,after_phees_2022-08-03_14-57-10_0000071_labelled_Odin_pheeseq_0000017_labelled_mC2.wav,Odin,Olympia,after,non-partner,Odin-Nougatti,6.746007,-4.6760135,PaCMAP
1357,after_phees_2022-08-03_14-57-10_0000071_labelled_Odin_pheeseq_0000017_labelled_mC3.wav,Odin,Olympia,after,non-partner,Odin-Nougatti,-0.49056444,-1.4000505,PaCMAP
1358,after_phees_2022-08-03_14-57-10_0000071_labelled_Odin_pheeseq_0000021_labelled_mC1.wav,Odin,Olympia,after,non-partner,Odin-Nougatti,-1.8186026,0.5152602,PaCMAP
1359,after_phees_2022-08-03_14-57-10_0000071_labelled_Odin_pheeseq_0000021_labelled_mC2.wav,Odin,Olympia,after,non-partner,Odin-Nougatti,0.4832261,-0.084654026,PaCMAP
1360,after_phees_2022-08-03_14-57-10_0000071_labelled_Odin_pheeseq_0000032_labelled_mB1.wav,Odin,Olympia,after,non-partner,Odin-Nougatti,-2.143216,-0.09259795,PaCMAP
1361,after_phees_2022-08-03_14-57-10_0000071_labelled_Odin_pheeseq_0000032_labelled_mB2.wav,Odin,Olympia,after,non-partner,Odin-Nougatti,-1.5518665,0.7428045,PaCMAP
1362,after_phees_2022-08-03_14-57-10_0000071_labelled_Odin_pheeseq_0000035_labelled_mC1.wav,Odin,Olympia,after,non-partner,Odin-Nougatti,-2.3266048,-0.5675803,PaCMAP
1363,after_phees_2022-08-03_14-57-10_0000071_labelled_Odin_pheeseq_0000035_labelled_mC2.wav,Odin,Olympia,after,non-partner,Odin-Nougatti,-4.940411,6.5863476,PaCMAP
1364,after_phees_2022-08-03_14-57-10_0000071_labelled_Odin_pheeseq_0000035_labelled_mC3.wav,Odin,Olympia,after,non-partner,Odin-Nougatti,-0.14731263,-0.7431578,PaCMAP
1365,after_phees_2022-08-03_14-57-10_0000071_labelled_Odin_pheeseq_0000036_labelled_mC1.wav,Odin,Olympia,after,non-partner,Odin-Nougatti,-5.070847,-0.8978659,PaCMAP
1366,after_phees_2022-08-03_14-57-10_0000071_labelled_Odin_pheeseq_0000036_labelled_mC5.wav,Odin,Olympia,after,non-partner,Odin-Nougatti,10.345334,-4.039806,PaCMAP
1367,after_phees_2022-08-03_14-57-10_0000071_labelled_Odin_pheeseq_0000039_labelled_mC1.wav,Odin,Olympia,after,non-partner,Odin-Nougatti,-2.5614476,0.23520516,PaCMAP
1368,after_phees_2022-08-03_14-57-10_0000071_labelled_Odin_pheeseq_0000039_labelled_mC2.wav,Odin,Olympia,after,non-partner,Odin-Nougatti,7.270561,-6.695049,PaCMAP
1369,after_phees_2022-08-03_14-57-10_0000071_labelled_Odin_pheeseq_0000039_labelled_mC3.wav,Odin,Olympia,after,non-partner,Odin-Nougatti,0.32123718,0.0603356,PaCMAP
1370,after_phees_2022-08-03_14-57-10_0000071_labelled_Odin_pheeseq_0000040_labelled_mD1.wav,Odin,Olympia,after,non-partner,Odin-Nougatti,-2.4738882,-0.11576324,PaCMAP
1371,after_phees_2022-08-03_14-57-10_0000071_labelled_Odin_pheeseq_0000040_labelled_mD3.wav,Odin,Olympia,after,non-partner,Odin-Nougatti,8.920484,-6.61067,PaCMAP
1372,after_phees_2022-08-03_14-57-10_0000071_labelled_Odin_pheeseq_0000040_labelled_mD4.wav,Odin,Olympia,after,non-partner,Odin-Nougatti,7.7182546,-6.1890535,PaCMAP
1373,after_phees_2022-08-03_14-57-10_0000071_labelled_Odin_pheeseq_0000040_labelled_mD5.wav,Odin,Olympia,after,non-partner,Odin-Nougatti,10.279286,-4.334082,PaCMAP
1374,after_phees_2022-08-03_14-57-10_0000071_labelled_Odin_pheeseq_0000041_labelled_mD1.wav,Odin,Olympia,after,non-partner,Odin-Nougatti,11.95736,-5.559372,PaCMAP
1375,after_phees_2022-08-03_14-57-10_0000071_labelled_Odin_pheeseq_0000041_labelled_mD3.wav,Odin,Olympia,after,non-partner,Odin-Nougatti,12.468527,-4.1038995,PaCMAP
1376,after_phees_2022-08-03_14-57-10_0000071_labelled_Odin_pheeseq_0000041_labelled_mD4.wav,Odin,Olympia,after,non-partner,Odin-Nougatti,12.946884,-3.5429032,PaCMAP
1377,after_phees_2022-08-03_14-57-10_0000071_labelled_Odin_pheeseq_0000041_labelled_mD5.wav,Odin,Olympia,after,non-partner,Odin-Nougatti,10.239403,-3.7767012,PaCMAP
1378,after_phees_2022-08-03_15-37-29_0000072_labelled_Nougatti_pheeseq_0000002_labelled_mB1.wav,Nougatti,Wuschel,after,non-partner,Odin-Nougatti,-3.414692,5.4946914,PaCMAP
1379,after_phees_2022-08-03_15-37-29_0000072_labelled_Nougatti_pheeseq_0000002_labelled_mB2.wav,Nougatti,Wuschel,after,non-partner,Odin-Nougatti,-6.5667443,5.505852,PaCMAP
1380,after_phees_2022-08-03_15-37-29_0000072_labelled_Nougatti_pheeseq_0000003_labelled_mC1.wav,Nougatti,Wuschel,after,non-partner,Odin-Nougatti,-5.6470823,5.400019,PaCMAP
1381,after_phees_2022-08-03_15-37-29_0000072_labelled_Nougatti_pheeseq_0000003_labelled_mC2.wav,Nougatti,Wuschel,after,non-partner,Odin-Nougatti,-4.7219124,1.0302262,PaCMAP
1382,after_phees_2022-08-03_15-37-29_0000072_labelled_Nougatti_pheeseq_0000003_labelled_mC3.wav,Nougatti,Wuschel,after,non-partner,Odin-Nougatti,-7.5008626,5.2621384,PaCMAP
1383,after_phees_2022-08-03_15-37-29_0000072_labelled_Nougatti_pheeseq_0000004_labelled_mC2.wav,Nougatti,Wuschel,after,non-partner,Odin-Nougatti,-2.1238532,0.60366493,PaCMAP
1384,after_phees_2022-08-03_15-37-29_0000072_labelled_Nougatti_pheeseq_0000004_labelled_mC3.wav,Nougatti,Wuschel,after,non-partner,Odin-Nougatti,-4.0529323,-0.60620314,PaCMAP
1385,after_phees_2022-08-03_15-37-29_0000072_labelled_Nougatti_pheeseq_0000006_labelled_mB1.wav,Nougatti,Wuschel,after,non-partner,Odin-Nougatti,-5.8692536,6.0923176,PaCMAP
1386,after_phees_2022-08-03_15-37-29_0000072_labelled_Nougatti_pheeseq_0000006_labelled_mB2.wav,Nougatti,Wuschel,after,non-partner,Odin-Nougatti,0.6041324,-0.043853506,PaCMAP
1387,after_phees_2022-08-03_15-37-29_0000072_labelled_Nougatti_pheeseq_0000007_labelled_mC1.wav,Nougatti,Wuschel,after,non-partner,Odin-Nougatti,9.002977,-7.227428,PaCMAP
1388,after_phees_2022-08-03_15-37-29_0000072_labelled_Nougatti_pheeseq_0000007_labelled_mC2.wav,Nougatti,Wuschel,after,non-partner,Odin-Nougatti,9.575998,-6.4065976,PaCMAP
1389,after_phees_2022-08-03_15-37-29_0000072_labelled_Nougatti_pheeseq_0000007_labelled_mC3.wav,Nougatti,Wuschel,after,non-partner,Odin-Nougatti,11.26858,-8.369631,PaCMAP
1390,after_phees_2022-08-03_15-37-29_0000072_labelled_Nougatti_pheeseq_0000010_labelled_mC1.wav,Nougatti,Wuschel,after,non-partner,Odin-Nougatti,6.9236646,-6.985553,PaCMAP
1391,after_phees_2022-08-03_15-37-29_0000072_labelled_Nougatti_pheeseq_0000010_labelled_mC2.wav,Nougatti,Wuschel,after,non-partner,Odin-Nougatti,0.31382665,0.022367584,PaCMAP
1392,after_phees_2022-08-03_15-37-29_0000072_labelled_Nougatti_pheeseq_0000010_labelled_mC3.wav,Nougatti,Wuschel,after,non-partner,Odin-Nougatti,10.576147,-7.2695107,PaCMAP
1393,after_phees_2022-08-03_15-37-29_0000072_labelled_Nougatti_pheeseq_0000015_labelled_mB1.wav,Nougatti,Wuschel,after,non-partner,Odin-Nougatti,1.3053982,0.6801692,PaCMAP
1394,after_phees_2022-08-03_15-37-29_0000072_labelled_Nougatti_pheeseq_0000015_labelled_mB2.wav,Nougatti,Wuschel,after,non-partner,Odin-Nougatti,10.297286,-4.377732,PaCMAP
1395,after_phees_2022-08-03_15-37-29_0000072_labelled_Nougatti_pheeseq_0000016_labelled_mB1.wav,Nougatti,Wuschel,after,non-partner,Odin-Nougatti,-1.2084327,2.7999544,PaCMAP
1396,after_phees_2022-08-03_15-37-29_0000072_labelled_Nougatti_pheeseq_0000016_labelled_mB2.wav,Nougatti,Wuschel,after,non-partner,Odin-Nougatti,0.33658373,0.39971566,PaCMAP
1397,after_phees_2022-08-03_15-37-29_0000072_labelled_Nougatti_pheeseq_0000018_labelled_mC1.wav,Nougatti,Wuschel,after,non-partner,Odin-Nougatti,-0.81691474,1.7416648,PaCMAP
1398,after_phees_2022-08-03_15-37-29_0000072_labelled_Nougatti_pheeseq_0000018_labelled_mC2.wav,Nougatti,Wuschel,after,non-partner,Odin-Nougatti,7.518483,-5.932752,PaCMAP
1399,after_phees_2022-08-03_15-37-29_0000072_labelled_Nougatti_pheeseq_0000018_labelled_mC3.wav,Nougatti,Wuschel,after,non-partner,Odin-Nougatti,10.596695,-7.037509,PaCMAP
1400,after_phees_2022-08-03_15-37-29_0000072_labelled_Nougatti_pheeseq_0000019_labelled_mC1.wav,Nougatti,Wuschel,after,non-partner,Odin-Nougatti,8.395555,-5.644907,PaCMAP
1401,after_phees_2022-08-03_15-37-29_0000072_labelled_Nougatti_pheeseq_0000019_labelled_mC2.wav,Nougatti,Wuschel,after,non-partner,Odin-Nougatti,9.703516,-4.755423,PaCMAP
1402,after_phees_2022-08-03_15-37-29_0000072_labelled_Nougatti_pheeseq_0000019_labelled_mC3.wav,Nougatti,Wuschel,after,non-partner,Odin-Nougatti,11.001785,-7.051234,PaCMAP
1403,after_phees_2022-08-03_15-37-29_0000072_labelled_Nougatti_pheeseq_0000020_labelled_mD1.wav,Nougatti,Wuschel,after,non-partner,Odin-Nougatti,9.094807,-3.9588952,PaCMAP
1404,after_phees_2022-08-03_15-37-29_0000072_labelled_Nougatti_pheeseq_0000020_labelled_mD2.wav,Nougatti,Wuschel,after,non-partner,Odin-Nougatti,8.505993,-3.2970846,PaCMAP
1405,after_phees_2022-08-03_15-37-29_0000072_labelled_Nougatti_pheeseq_0000020_labelled_mD3.wav,Nougatti,Wuschel,after,non-partner,Odin-Nougatti,11.015648,-6.240164,PaCMAP
1406,after_phees_2022-08-03_15-37-29_0000072_labelled_Nougatti_pheeseq_0000020_labelled_mD4.wav,Nougatti,Wuschel,after,non-partner,Odin-Nougatti,-9.784905,1.559057,PaCMAP
1407,after_phees_2022-08-03_15-37-29_0000072_labelled_Nougatti_pheeseq_0000027_labelled_mB1.wav,Nougatti,Wuschel,after,non-partner,Odin-Nougatti,-3.7114508,5.5910945,PaCMAP
1408,after_phees_2022-08-03_15-37-29_0000072_labelled_Nougatti_pheeseq_0000028_labelled_mB1.wav,Nougatti,Wuschel,after,non-partner,Odin-Nougatti,-6.365434,5.6608644,PaCMAP
1409,after_phees_2022-08-03_15-37-29_0000072_labelled_Nougatti_pheeseq_0000028_labelled_mB2.wav,Nougatti,Wuschel,after,non-partner,Odin-Nougatti,-2.5446103,1.8615083,PaCMAP
1410,after_phees_2022-08-03_15-37-29_0000072_labelled_Nougatti_pheeseq_0000029_labelled_mB1.wav,Nougatti,Wuschel,after,non-partner,Odin-Nougatti,-6.560668,5.402274,PaCMAP
1411,after_phees_2022-08-03_15-37-29_0000072_labelled_Nougatti_pheeseq_0000029_labelled_mB2.wav,Nougatti,Wuschel,after,non-partner,Odin-Nougatti,-2.1898823,0.42786387,PaCMAP
1412,after_phees_2022-08-03_15-37-29_0000072_labelled_Nougatti_pheeseq_0000030_labelled_mB1.wav,Nougatti,Wuschel,after,non-partner,Odin-Nougatti,-3.240012,2.233224,PaCMAP
1413,after_phees_2022-08-03_15-37-29_0000072_labelled_Nougatti_pheeseq_0000030_labelled_mB2.wav,Nougatti,Wuschel,after,non-partner,Odin-Nougatti,7.86847,-7.708778,PaCMAP
1414,after_phees_2022-08-03_15-37-29_0000072_labelled_Nougatti_pheeseq_0000031_labelled_mC3.wav,Nougatti,Wuschel,after,non-partner,Odin-Nougatti,-1.2484069,1.2968394,PaCMAP
1415,after_phees_2022-08-03_15-37-29_0000072_labelled_Nougatti_pheeseq_0000031_labelled_mC4.wav,Nougatti,Wuschel,after,non-partner,Odin-Nougatti,-1.3111408,-0.6904085,PaCMAP
1416,after_phees_2022-08-03_15-37-29_0000072_labelled_Nougatti_pheeseq_0000038_labelled_mB1.wav,Nougatti,Wuschel,after,non-partner,Odin-Nougatti,-2.7257884,2.32903,PaCMAP
1417,after_phees_2022-08-03_15-37-29_0000072_labelled_Nougatti_pheeseq_0000038_labelled_mB2.wav,Nougatti,Wuschel,after,non-partner,Odin-Nougatti,-0.4468061,0.95042783,PaCMAP
1418,after_phees_2022-08-03_15-37-29_0000072_labelled_Nougatti_pheeseq_0000039_labelled_mB1.wav,Nougatti,Wuschel,after,non-partner,Odin-Nougatti,-1.2796464,2.3427818,PaCMAP
1419,after_phees_2022-08-03_15-37-29_0000072_labelled_Nougatti_pheeseq_0000039_labelled_mB3.wav,Nougatti,Wuschel,after,non-partner,Odin-Nougatti,6.513095,-6.4996915,PaCMAP
1420,after_phees_2022-08-03_15-37-29_0000072_labelled_Nougatti_pheeseq_0000040_labelled_mB1.wav,Nougatti,Wuschel,after,non-partner,Odin-Nougatti,-6.0096736,6.0358825,PaCMAP
1421,after_phees_2022-08-03_15-37-29_0000072_labelled_Nougatti_pheeseq_0000040_labelled_mB3.wav,Nougatti,Wuschel,after,non-partner,Odin-Nougatti,6.556222,-6.0992537,PaCMAP
1422,after_phees_2022-08-03_15-37-29_0000072_labelled_Nougatti_pheeseq_0000041_labelled_mB1.wav,Nougatti,Wuschel,after,non-partner,Odin-Nougatti,-6.2068343,5.758316,PaCMAP
1423,after_phees_2022-08-03_15-37-29_0000072_labelled_Nougatti_pheeseq_0000041_labelled_mB2.wav,Nougatti,Wuschel,after,non-partner,Odin-Nougatti,-0.3721045,0.8718826,PaCMAP
1424,after_phees_2022-08-03_15-37-29_0000072_labelled_Nougatti_pheeseq_0000042_labelled_mB1.wav,Nougatti,Wuschel,after,non-partner,Odin-Nougatti,-1.2083933,2.671614,PaCMAP
1425,after_phees_2022-08-03_15-37-29_0000072_labelled_Nougatti_pheeseq_0000042_labelled_mB2.wav,Nougatti,Wuschel,after,non-partner,Odin-Nougatti,6.811185,-6.1102605,PaCMAP
1426,after_phees_2022-08-03_15-37-29_0000072_labelled_Nougatti_pheeseq_0000043_labelled_mB1.wav,Nougatti,Wuschel,after,non-partner,Odin-Nougatti,0.84525317,3.046625,PaCMAP
1427,after_phees_2022-08-03_15-37-29_0000072_labelled_Nougatti_pheeseq_0000043_labelled_mB2.wav,Nougatti,Wuschel,after,non-partner,Odin-Nougatti,1.1553847,0.7107742,PaCMAP
1428,after_phees_2022-08-03_15-37-29_0000072_labelled_Nougatti_pheeseq_0000044_labelled_mB1.wav,Nougatti,Wuschel,after,non-partner,Odin-Nougatti,-2.6560383,1.7896944,PaCMAP
1429,after_phees_2022-08-03_15-37-29_0000072_labelled_Nougatti_pheeseq_0000044_labelled_mB2.wav,Nougatti,Wuschel,after,non-partner,Odin-Nougatti,6.8643427,-6.093101,PaCMAP
1430,after_phees_2022-08-03_15-37-29_0000072_labelled_Nougatti_pheeseq_0000045_labelled_mB1.wav,Nougatti,Wuschel,after,non-partner,Odin-Nougatti,-1.1707448,2.5929897,PaCMAP
1431,after_phees_2022-08-03_15-37-29_0000072_labelled_Nougatti_pheeseq_0000045_labelled_mB3.wav,Nougatti,Wuschel,after,non-partner,Odin-Nougatti,6.503063,-6.1529512,PaCMAP
1432,after_phees_2022-08-03_15-37-29_0000072_labelled_Nougatti_pheeseq_0000048_labelled_mB1.wav,Nougatti,Wuschel,after,non-partner,Odin-Nougatti,0.7311468,3.185417,PaCMAP
1433,after_phees_2022-08-03_15-37-29_0000072_labelled_Nougatti_pheeseq_0000048_labelled_mB2.wav,Nougatti,Wuschel,after,non-partner,Odin-Nougatti,-4.8787565,6.4833603,PaCMAP
1434,after_phees_2022-08-03_15-37-29_0000072_labelled_Nougatti_pheeseq_0000050_labelled_mB1.wav,Nougatti,Wuschel,after,non-partner,Odin-Nougatti,-5.9853053,6.114814,PaCMAP
1435,after_phees_2022-08-03_15-37-29_0000072_labelled_Nougatti_pheeseq_0000050_labelled_mB3.wav,Nougatti,Wuschel,after,non-partner,Odin-Nougatti,6.5798793,-5.9157915,PaCMAP
1436,after_phees_2022-08-03_15-37-29_0000072_labelled_Nougatti_pheeseq_0000053_labelled_mC1.wav,Nougatti,Wuschel,after,non-partner,Odin-Nougatti,7.3461423,-7.115903,PaCMAP
1437,after_phees_2022-08-03_15-37-29_0000072_labelled_Nougatti_pheeseq_0000053_labelled_mC2.wav,Nougatti,Wuschel,after,non-partner,Odin-Nougatti,6.691808,-5.7938976,PaCMAP
1438,after_phees_2022-08-03_15-37-29_0000072_labelled_Nougatti_pheeseq_0000053_labelled_mC3.wav,Nougatti,Wuschel,after,non-partner,Odin-Nougatti,9.762773,-6.367013,PaCMAP
1439,after_phees_2022-08-03_15-37-29_0000072_labelled_Wuschel_pheeseq_0000005_labelled_mB1.wav,Wuschel,Nougatti,after,non-partner,Wuschel-Olympia,-15.683459,3.5918915,PaCMAP
1440,after_phees_2022-08-03_15-37-29_0000072_labelled_Wuschel_pheeseq_0000005_labelled_mB2.wav,Wuschel,Nougatti,after,non-partner,Wuschel-Olympia,-10.909713,0.514417,PaCMAP
1441,after_phees_2022-08-03_15-37-29_0000072_labelled_Wuschel_pheeseq_0000012_labelled_mB1.wav,Wuschel,Nougatti,after,non-partner,Wuschel-Olympia,-13.598993,3.887437,PaCMAP
1442,after_phees_2022-08-03_15-37-29_0000072_labelled_Wuschel_pheeseq_0000012_labelled_mB2.wav,Wuschel,Nougatti,after,non-partner,Wuschel-Olympia,-15.166357,2.2056909,PaCMAP
1443,after_phees_2022-08-03_15-37-29_0000072_labelled_Wuschel_pheeseq_0000013_labelled_mB1.wav,Wuschel,Nougatti,after,non-partner,Wuschel-Olympia,-15.139064,3.4237576,PaCMAP
1444,after_phees_2022-08-03_15-37-29_0000072_labelled_Wuschel_pheeseq_0000013_labelled_mB2.wav,Wuschel,Nougatti,after,non-partner,Wuschel-Olympia,-14.006875,1.5053512,PaCMAP
1445,after_phees_2022-08-03_15-37-29_0000072_labelled_Wuschel_pheeseq_0000014_labelled_mC1.wav,Wuschel,Nougatti,after,non-partner,Wuschel-Olympia,-14.511869,3.9687264,PaCMAP
1446,after_phees_2022-08-03_15-37-29_0000072_labelled_Wuschel_pheeseq_0000014_labelled_mC2.wav,Wuschel,Nougatti,after,non-partner,Wuschel-Olympia,-11.972245,3.8602977,PaCMAP
1447,after_phees_2022-08-03_15-37-29_0000072_labelled_Wuschel_pheeseq_0000014_labelled_mC3.wav,Wuschel,Nougatti,after,non-partner,Wuschel-Olympia,-12.41607,1.2280521,PaCMAP
1448,after_phees_2022-08-04_09-19-19_0000073_labelled_Nougatti_pheeseq_0000023_labelled_mB1.wav,Nougatti,Tabor,after,non-partner,Odin-Nougatti,-3.6735616,5.7146654,PaCMAP
1449,after_phees_2022-08-04_09-19-19_0000073_labelled_Nougatti_pheeseq_0000023_labelled_mB3.wav,Nougatti,Tabor,after,non-partner,Odin-Nougatti,-2.704176,3.1198697,PaCMAP
1450,after_phees_2022-08-04_09-19-19_0000073_labelled_Nougatti_pheeseq_0000024_labelled_mB1.wav,Nougatti,Tabor,after,non-partner,Odin-Nougatti,-3.0061786,3.372906,PaCMAP
1451,after_phees_2022-08-04_09-19-19_0000073_labelled_Nougatti_pheeseq_0000024_labelled_mB3.wav,Nougatti,Tabor,after,non-partner,Odin-Nougatti,-1.1416761,2.7319481,PaCMAP
1452,after_phees_2022-08-04_09-19-19_0000073_labelled_Nougatti_pheeseq_0000025_labelled_mB1.wav,Nougatti,Tabor,after,non-partner,Odin-Nougatti,-5.347002,6.2422585,PaCMAP
1453,after_phees_2022-08-04_09-19-19_0000073_labelled_Nougatti_pheeseq_0000025_labelled_mB3.wav,Nougatti,Tabor,after,non-partner,Odin-Nougatti,-1.0518844,2.2882304,PaCMAP
1454,after_phees_2022-08-04_09-19-19_0000073_labelled_Tabor_pheeseq_0000003_labelled_mB1.wav,Tabor,Nougatti,after,non-partner,Tabor-Lola,-4.031121,-0.35945532,PaCMAP
1455,after_phees_2022-08-04_09-19-19_0000073_labelled_Tabor_pheeseq_0000003_labelled_mB2.wav,Tabor,Nougatti,after,non-partner,Tabor-Lola,-5.7095504,-2.1112018,PaCMAP
1456,after_phees_2022-08-04_09-19-19_0000073_labelled_Tabor_pheeseq_0000005_labelled_mD1.wav,Tabor,Nougatti,after,non-partner,Tabor-Lola,8.921581,-8.91221,PaCMAP
1457,after_phees_2022-08-04_09-19-19_0000073_labelled_Tabor_pheeseq_0000005_labelled_mD5.wav,Tabor,Nougatti,after,non-partner,Tabor-Lola,9.155187,-8.399411,PaCMAP
1458,after_phees_2022-08-04_09-19-19_0000073_labelled_Tabor_pheeseq_0000005_labelled_mD6.wav,Tabor,Nougatti,after,non-partner,Tabor-Lola,-6.766322,-1.7280543,PaCMAP
1459,after_phees_2022-08-04_09-19-19_0000073_labelled_Tabor_pheeseq_0000005_labelled_mD7.wav,Tabor,Nougatti,after,non-partner,Tabor-Lola,-9.795932,1.7271262,PaCMAP
1460,after_phees_2022-08-04_09-19-19_0000073_labelled_Tabor_pheeseq_0000006_labelled_mC1.wav,Tabor,Nougatti,after,non-partner,Tabor-Lola,7.797229,-7.8240223,PaCMAP
1461,after_phees_2022-08-04_09-19-19_0000073_labelled_Tabor_pheeseq_0000006_labelled_mC3.wav,Tabor,Nougatti,after,non-partner,Tabor-Lola,9.262817,-8.627982,PaCMAP
1462,after_phees_2022-08-04_09-19-19_0000073_labelled_Tabor_pheeseq_0000006_labelled_mC4.wav,Tabor,Nougatti,after,non-partner,Tabor-Lola,-8.950017,3.4858823,PaCMAP
1463,after_phees_2022-08-04_09-19-19_0000073_labelled_Tabor_pheeseq_0000007_labelled_mC1.wav,Tabor,Nougatti,after,non-partner,Tabor-Lola,-6.302686,5.89487,PaCMAP
1464,after_phees_2022-08-04_09-19-19_0000073_labelled_Tabor_pheeseq_0000007_labelled_mC2.wav,Tabor,Nougatti,after,non-partner,Tabor-Lola,8.263398,-7.663559,PaCMAP
1465,after_phees_2022-08-04_09-19-19_0000073_labelled_Tabor_pheeseq_0000007_labelled_mC3.wav,Tabor,Nougatti,after,non-partner,Tabor-Lola,-7.639074,4.7954035,PaCMAP
1466,after_phees_2022-08-04_09-19-19_0000073_labelled_Tabor_pheeseq_0000008_labelled_mC1.wav,Tabor,Nougatti,after,non-partner,Tabor-Lola,0.0024912816,0.0714809,PaCMAP
1467,after_phees_2022-08-04_09-19-19_0000073_labelled_Tabor_pheeseq_0000008_labelled_mC2.wav,Tabor,Nougatti,after,non-partner,Tabor-Lola,7.1280723,-7.178275,PaCMAP
1468,after_phees_2022-08-04_09-19-19_0000073_labelled_Tabor_pheeseq_0000008_labelled_mC3.wav,Tabor,Nougatti,after,non-partner,Tabor-Lola,-5.720003,-1.3692832,PaCMAP
1469,after_phees_2022-08-04_09-19-19_0000073_labelled_Tabor_pheeseq_0000009_labelled_mD1.wav,Tabor,Nougatti,after,non-partner,Tabor-Lola,3.5754328,-0.31592962,PaCMAP
1470,after_phees_2022-08-04_09-19-19_0000073_labelled_Tabor_pheeseq_0000009_labelled_mD2.wav,Tabor,Nougatti,after,non-partner,Tabor-Lola,8.030334,-7.690963,PaCMAP
1471,after_phees_2022-08-04_09-19-19_0000073_labelled_Tabor_pheeseq_0000009_labelled_mD3.wav,Tabor,Nougatti,after,non-partner,Tabor-Lola,-4.1806126,-0.62139237,PaCMAP
1472,after_phees_2022-08-04_09-19-19_0000073_labelled_Tabor_pheeseq_0000009_labelled_mD4.wav,Tabor,Nougatti,after,non-partner,Tabor-Lola,-9.034251,-0.23588094,PaCMAP
1473,after_phees_2022-08-04_09-19-19_0000073_labelled_Tabor_pheeseq_0000010_labelled_mC1.wav,Tabor,Nougatti,after,non-partner,Tabor-Lola,2.179065,-0.855283,PaCMAP
1474,after_phees_2022-08-04_09-19-19_0000073_labelled_Tabor_pheeseq_0000010_labelled_mC3.wav,Tabor,Nougatti,after,non-partner,Tabor-Lola,0.97934484,0.1878456,PaCMAP
1475,after_phees_2022-08-04_09-19-19_0000073_labelled_Tabor_pheeseq_0000010_labelled_mC4.wav,Tabor,Nougatti,after,non-partner,Tabor-Lola,-2.5106554,-1.7004361,PaCMAP
1476,after_phees_2022-08-04_09-19-19_0000073_labelled_Tabor_pheeseq_0000011_labelled_mC1.wav,Tabor,Nougatti,after,non-partner,Tabor-Lola,0.7103101,-1.4027253,PaCMAP
1477,after_phees_2022-08-04_09-19-19_0000073_labelled_Tabor_pheeseq_0000011_labelled_mC4.wav,Tabor,Nougatti,after,non-partner,Tabor-Lola,8.384176,-4.927556,PaCMAP
1478,after_phees_2022-08-04_09-19-19_0000073_labelled_Tabor_pheeseq_0000011_labelled_mC5.wav,Tabor,Nougatti,after,non-partner,Tabor-Lola,-7.6883707,4.780321,PaCMAP
1479,after_phees_2022-08-04_09-19-19_0000073_labelled_Tabor_pheeseq_0000012_labelled_mD1.wav,Tabor,Nougatti,after,non-partner,Tabor-Lola,-7.079028,5.1843104,PaCMAP
1480,after_phees_2022-08-04_09-19-19_0000073_labelled_Tabor_pheeseq_0000012_labelled_mD4.wav,Tabor,Nougatti,after,non-partner,Tabor-Lola,9.752054,-4.8856416,PaCMAP
1481,after_phees_2022-08-04_09-19-19_0000073_labelled_Tabor_pheeseq_0000012_labelled_mD5.wav,Tabor,Nougatti,after,non-partner,Tabor-Lola,-3.127032,-2.3030052,PaCMAP
1482,after_phees_2022-08-04_09-19-19_0000073_labelled_Tabor_pheeseq_0000026_labelled_mC1.wav,Tabor,Nougatti,after,non-partner,Tabor-Lola,-5.9454126,5.4066157,PaCMAP
1483,after_phees_2022-08-04_09-19-19_0000073_labelled_Tabor_pheeseq_0000026_labelled_mC2.wav,Tabor,Nougatti,after,non-partner,Tabor-Lola,-6.5333357,-0.18293883,PaCMAP
1484,after_phees_2022-08-04_09-19-19_0000073_labelled_Tabor_pheeseq_0000026_labelled_mC3.wav,Tabor,Nougatti,after,non-partner,Tabor-Lola,-9.428873,2.2956574,PaCMAP
1485,after_phees_2022-08-04_10-08-00_0000075_labelled_Lola_pheeseq_0000002_labelled_mB1.wav,Lola,Odin,after,non-partner,Tabor-Lola,-1.0052055,5.6828895,PaCMAP
1486,after_phees_2022-08-04_10-08-00_0000075_labelled_Lola_pheeseq_0000002_labelled_mB2.wav,Lola,Odin,after,non-partner,Tabor-Lola,-1.166629,2.9594696,PaCMAP
1487,after_phees_2022-08-04_10-08-00_0000075_labelled_Lola_pheeseq_0000044_labelled_mB1.wav,Lola,Odin,after,non-partner,Tabor-Lola,-1.0335467,5.759908,PaCMAP
1488,after_phees_2022-08-04_10-08-00_0000075_labelled_Lola_pheeseq_0000044_labelled_mB2.wav,Lola,Odin,after,non-partner,Tabor-Lola,-0.8310897,3.1938825,PaCMAP
1489,after_phees_2022-08-04_10-08-00_0000075_labelled_Lola_pheeseq_0000052_labelled_mB1.wav,Lola,Odin,after,non-partner,Tabor-Lola,-1.6544802,6.4199758,PaCMAP
1490,after_phees_2022-08-04_10-08-00_0000075_labelled_Lola_pheeseq_0000052_labelled_mB2.wav,Lola,Odin,after,non-partner,Tabor-Lola,-2.7347176,7.438933,PaCMAP
1491,after_phees_2022-08-04_10-08-00_0000075_labelled_Lola_pheeseq_0000053_labelled_mC1.wav,Lola,Odin,after,non-partner,Tabor-Lola,-4.4444957,6.735948,PaCMAP
1492,after_phees_2022-08-04_10-08-00_0000075_labelled_Lola_pheeseq_0000053_labelled_mC2.wav,Lola,Odin,after,non-partner,Tabor-Lola,-2.2872214,7.1729245,PaCMAP
1493,after_phees_2022-08-04_10-08-00_0000075_labelled_Lola_pheeseq_0000053_labelled_mC3.wav,Lola,Odin,after,non-partner,Tabor-Lola,-3.4592228,7.5647154,PaCMAP
1494,after_phees_2022-08-04_10-08-00_0000075_labelled_Lola_pheeseq_0000054_labelled_mC1.wav,Lola,Odin,after,non-partner,Tabor-Lola,-3.5773094,7.7928615,PaCMAP
1495,after_phees_2022-08-04_10-08-00_0000075_labelled_Lola_pheeseq_0000054_labelled_mC2.wav,Lola,Odin,after,non-partner,Tabor-Lola,-3.3200073,7.9255557,PaCMAP
1496,after_phees_2022-08-04_10-08-00_0000075_labelled_Lola_pheeseq_0000054_labelled_mC3.wav,Lola,Odin,after,non-partner,Tabor-Lola,0.5843769,3.878972,PaCMAP
1497,after_phees_2022-08-04_10-08-00_0000075_labelled_Lola_pheeseq_0000055_labelled_mC1.wav,Lola,Odin,after,non-partner,Tabor-Lola,-3.414707,7.672772,PaCMAP
1498,after_phees_2022-08-04_10-08-00_0000075_labelled_Lola_pheeseq_0000055_labelled_mC2.wav,Lola,Odin,after,non-partner,Tabor-Lola,0.5085378,3.9050255,PaCMAP
1499,after_phees_2022-08-04_10-08-00_0000075_labelled_Lola_pheeseq_0000055_labelled_mC3.wav,Lola,Odin,after,non-partner,Tabor-Lola,-3.4768693,7.8572326,PaCMAP
1500,after_phees_2022-08-04_10-08-00_0000075_labelled_Lola_pheeseq_0000056_labelled_mB1.wav,Lola,Odin,after,non-partner,Tabor-Lola,-3.5900824,7.8562307,PaCMAP
1501,after_phees_2022-08-04_10-08-00_0000075_labelled_Lola_pheeseq_0000056_labelled_mB2.wav,Lola,Odin,after,non-partner,Tabor-Lola,1.6770673,4.5322337,PaCMAP
1502,after_phees_2022-08-04_10-08-00_0000075_labelled_Odin_pheeseq_0000042_labelled_mB1.wav,Odin,Lola,after,non-partner,Odin-Nougatti,8.177809,-6.5450315,PaCMAP
1503,after_phees_2022-08-04_10-08-00_0000075_labelled_Odin_pheeseq_0000042_labelled_mB2.wav,Odin,Lola,after,non-partner,Odin-Nougatti,-9.4771805,4.5122356,PaCMAP
1504,after_phees_2022-08-04_10-08-00_0000075_labelled_Odin_pheeseq_0000043_labelled_mC2.wav,Odin,Lola,after,non-partner,Odin-Nougatti,-2.0966833,-1.1326563,PaCMAP
1505,after_phees_2022-08-04_10-08-00_0000075_labelled_Odin_pheeseq_0000043_labelled_mC3.wav,Odin,Lola,after,non-partner,Odin-Nougatti,-6.297852,5.7647586,PaCMAP
1506,after_phees_2022-08-04_10-08-00_0000075_labelled_Odin_pheeseq_0000045_labelled_mB1.wav,Odin,Lola,after,non-partner,Odin-Nougatti,0.9355339,-0.059626397,PaCMAP
1507,after_phees_2022-08-04_10-08-00_0000075_labelled_Odin_pheeseq_0000045_labelled_mB2.wav,Odin,Lola,after,non-partner,Odin-Nougatti,9.625879,-9.239109,PaCMAP
1508,after_phees_2022-08-04_10-08-00_0000075_labelled_Odin_pheeseq_0000046_labelled_mC2.wav,Odin,Lola,after,non-partner,Odin-Nougatti,7.6123385,-5.2297363,PaCMAP
1509,after_phees_2022-08-04_10-08-00_0000075_labelled_Odin_pheeseq_0000046_labelled_mC3.wav,Odin,Lola,after,non-partner,Odin-Nougatti,-9.854435,3.6762078,PaCMAP
1510,after_phees_2022-08-04_10-08-00_0000075_labelled_Odin_pheeseq_0000047_labelled_mB1.wav,Odin,Lola,after,non-partner,Odin-Nougatti,3.9898028,-0.48768502,PaCMAP
1511,after_phees_2022-08-04_10-08-00_0000075_labelled_Odin_pheeseq_0000047_labelled_mB2.wav,Odin,Lola,after,non-partner,Odin-Nougatti,6.7163324,-6.1408815,PaCMAP
1512,after_phees_2022-08-04_10-08-00_0000075_labelled_Odin_pheeseq_0000048_labelled_mC1.wav,Odin,Lola,after,non-partner,Odin-Nougatti,9.242316,-9.218414,PaCMAP
1513,after_phees_2022-08-04_10-08-00_0000075_labelled_Odin_pheeseq_0000048_labelled_mC2.wav,Odin,Lola,after,non-partner,Odin-Nougatti,7.599205,-5.9341073,PaCMAP
1514,after_phees_2022-08-04_10-08-00_0000075_labelled_Odin_pheeseq_0000048_labelled_mC3.wav,Odin,Lola,after,non-partner,Odin-Nougatti,10.514333,-9.110292,PaCMAP
1515,after_phees_2022-08-04_10-08-00_0000075_labelled_Odin_pheeseq_0000049_labelled_mB1.wav,Odin,Lola,after,non-partner,Odin-Nougatti,-4.8489084,6.025414,PaCMAP
1516,after_phees_2022-08-04_10-08-00_0000075_labelled_Odin_pheeseq_0000049_labelled_mB2.wav,Odin,Lola,after,non-partner,Odin-Nougatti,-2.7091382,1.3363143,PaCMAP
1517,after_phees_2022-08-04_10-08-00_0000075_labelled_Odin_pheeseq_0000050_labelled_mB1.wav,Odin,Lola,after,non-partner,Odin-Nougatti,7.0037603,-5.410394,PaCMAP
1518,after_phees_2022-08-04_10-08-00_0000075_labelled_Odin_pheeseq_0000050_labelled_mB2.wav,Odin,Lola,after,non-partner,Odin-Nougatti,-1.1670803,1.4233893,PaCMAP
1519,after_phees_2022-08-04_10-49-31_0000076_labelled_Lola_pheeseq_0000045_labelled_mB1.wav,Lola,Tabor,after,partner,Tabor-Lola,-1.0719429,6.0331206,PaCMAP
1520,after_phees_2022-08-04_10-49-31_0000076_labelled_Lola_pheeseq_0000045_labelled_mB2.wav,Lola,Tabor,after,partner,Tabor-Lola,-1.4827726,6.1612706,PaCMAP
1521,after_phees_2022-08-04_10-49-31_0000076_labelled_Lola_pheeseq_0000046_labelled_mB1.wav,Lola,Tabor,after,partner,Tabor-Lola,-1.4108568,5.402681,PaCMAP
1522,after_phees_2022-08-04_10-49-31_0000076_labelled_Lola_pheeseq_0000046_labelled_mB2.wav,Lola,Tabor,after,partner,Tabor-Lola,-1.7714399,7.518686,PaCMAP
1523,after_phees_2022-08-08_10-34-29_0000077_labelled_Olympia_pheeseq_0000002_labelled_mB2.wav,Olympia,Wuschel,after,partner,Wuschel-Olympia,-10.03428,3.888521,PaCMAP
1524,after_phees_2022-08-08_10-34-29_0000077_labelled_Olympia_pheeseq_0000009_labelled_mB2.wav,Olympia,Wuschel,after,partner,Wuschel-Olympia,-9.693663,3.9333704,PaCMAP
1525,after_phees_2022-08-08_10-34-29_0000077_labelled_Olympia_pheeseq_0000017_labelled_mB1.wav,Olympia,Wuschel,after,partner,Wuschel-Olympia,-10.184306,4.0850186,PaCMAP
1526,after_phees_2022-08-08_10-34-29_0000077_labelled_Olympia_pheeseq_0000017_labelled_mB2.wav,Olympia,Wuschel,after,partner,Wuschel-Olympia,-13.672689,1.1683499,PaCMAP
1527,after_phees_2022-08-08_11-01-43_0000078_labelled_Lola_pheeseq_0000002_labelled_mD1.wav,Lola,Wuschel,after,non-partner,Tabor-Lola,-1.422784,8.405054,PaCMAP
1528,after_phees_2022-08-08_11-01-43_0000078_labelled_Lola_pheeseq_0000002_labelled_mD2.wav,Lola,Wuschel,after,non-partner,Tabor-Lola,1.3235562,4.956738,PaCMAP
1529,after_phees_2022-08-08_11-01-43_0000078_labelled_Lola_pheeseq_0000003_labelled_mD2.wav,Lola,Wuschel,after,non-partner,Tabor-Lola,-1.2384937,8.536254,PaCMAP
1530,after_phees_2022-08-08_11-01-43_0000078_labelled_Lola_pheeseq_0000003_labelled_mD3.wav,Lola,Wuschel,after,non-partner,Tabor-Lola,1.3073466,3.7301874,PaCMAP
1531,after_phees_2022-08-08_11-01-43_0000078_labelled_Lola_pheeseq_0000004_labelled_mB1.wav,Lola,Wuschel,after,non-partner,Tabor-Lola,-3.556688,7.4172015,PaCMAP
1532,after_phees_2022-08-08_11-01-43_0000078_labelled_Lola_pheeseq_0000004_labelled_mB2.wav,Lola,Wuschel,after,non-partner,Tabor-Lola,2.5813615,4.1672807,PaCMAP
1533,after_phees_2022-08-08_11-01-43_0000078_labelled_Lola_pheeseq_0000005_labelled_mC1.wav,Lola,Wuschel,after,non-partner,Tabor-Lola,0.66842514,2.7849908,PaCMAP
1534,after_phees_2022-08-08_11-01-43_0000078_labelled_Lola_pheeseq_0000005_labelled_mC2.wav,Lola,Wuschel,after,non-partner,Tabor-Lola,1.7900133,4.8902283,PaCMAP
1535,after_phees_2022-08-08_11-01-43_0000078_labelled_Lola_pheeseq_0000005_labelled_mC3.wav,Lola,Wuschel,after,non-partner,Tabor-Lola,-3.0197906,7.700608,PaCMAP
1536,after_phees_2022-08-08_11-01-43_0000078_labelled_Lola_pheeseq_0000007_labelled_mB1.wav,Lola,Wuschel,after,non-partner,Tabor-Lola,0.14745629,6.565436,PaCMAP
1537,after_phees_2022-08-08_11-01-43_0000078_labelled_Lola_pheeseq_0000007_labelled_mB2.wav,Lola,Wuschel,after,non-partner,Tabor-Lola,1.0104123,5.669957,PaCMAP
1538,after_phees_2022-08-08_11-01-43_0000078_labelled_Lola_pheeseq_0000012_labelled_mB1.wav,Lola,Wuschel,after,non-partner,Tabor-Lola,0.48750514,7.3273053,PaCMAP
1539,after_phees_2022-08-08_11-01-43_0000078_labelled_Lola_pheeseq_0000012_labelled_mB2.wav,Lola,Wuschel,after,non-partner,Tabor-Lola,0.8517023,5.969202,PaCMAP
1540,after_phees_2022-08-08_11-01-43_0000078_labelled_Lola_pheeseq_0000013_labelled_mC1.wav,Lola,Wuschel,after,non-partner,Tabor-Lola,0.2794493,4.0173464,PaCMAP
1541,after_phees_2022-08-08_11-01-43_0000078_labelled_Lola_pheeseq_0000013_labelled_mC2.wav,Lola,Wuschel,after,non-partner,Tabor-Lola,1.6108159,4.970483,PaCMAP
1542,after_phees_2022-08-08_11-01-43_0000078_labelled_Lola_pheeseq_0000013_labelled_mC3.wav,Lola,Wuschel,after,non-partner,Tabor-Lola,-0.89322627,8.474114,PaCMAP
1543,after_phees_2022-08-08_11-01-43_0000078_labelled_Lola_pheeseq_0000014_labelled_mC1.wav,Lola,Wuschel,after,non-partner,Tabor-Lola,0.6476208,3.046238,PaCMAP
1544,after_phees_2022-08-08_11-01-43_0000078_labelled_Lola_pheeseq_0000014_labelled_mC2.wav,Lola,Wuschel,after,non-partner,Tabor-Lola,2.6493242,5.2135935,PaCMAP
1545,after_phees_2022-08-08_11-01-43_0000078_labelled_Lola_pheeseq_0000014_labelled_mC3.wav,Lola,Wuschel,after,non-partner,Tabor-Lola,3.9641354,-0.003543211,PaCMAP
1546,after_phees_2022-08-08_11-01-43_0000078_labelled_Lola_pheeseq_0000015_labelled_mC1.wav,Lola,Wuschel,after,non-partner,Tabor-Lola,-1.2203705,8.58375,PaCMAP
1547,after_phees_2022-08-08_11-01-43_0000078_labelled_Lola_pheeseq_0000015_labelled_mC3.wav,Lola,Wuschel,after,non-partner,Tabor-Lola,-0.6159087,8.296908,PaCMAP
1548,after_phees_2022-08-08_11-01-43_0000078_labelled_Lola_pheeseq_0000016_labelled_mC1.wav,Lola,Wuschel,after,non-partner,Tabor-Lola,-1.2347126,8.509602,PaCMAP
1549,after_phees_2022-08-08_11-01-43_0000078_labelled_Lola_pheeseq_0000016_labelled_mC2.wav,Lola,Wuschel,after,non-partner,Tabor-Lola,0.518586,7.759266,PaCMAP
1550,after_phees_2022-08-08_11-01-43_0000078_labelled_Lola_pheeseq_0000021_labelled_mC1.wav,Lola,Wuschel,after,non-partner,Tabor-Lola,0.9401719,7.6682243,PaCMAP
1551,after_phees_2022-08-08_11-01-43_0000078_labelled_Lola_pheeseq_0000021_labelled_mC2.wav,Lola,Wuschel,after,non-partner,Tabor-Lola,1.3036621,7.1643915,PaCMAP
1552,after_phees_2022-08-08_11-01-43_0000078_labelled_Lola_pheeseq_0000021_labelled_mC3.wav,Lola,Wuschel,after,non-partner,Tabor-Lola,2.441836,4.6444273,PaCMAP
1553,after_phees_2022-08-08_11-01-43_0000078_labelled_Lola_pheeseq_0000024_labelled_mC1.wav,Lola,Wuschel,after,non-partner,Tabor-Lola,0.6323908,6.9750743,PaCMAP
1554,after_phees_2022-08-08_11-01-43_0000078_labelled_Lola_pheeseq_0000024_labelled_mC2.wav,Lola,Wuschel,after,non-partner,Tabor-Lola,2.0414062,5.9331,PaCMAP
1555,after_phees_2022-08-08_11-01-43_0000078_labelled_Lola_pheeseq_0000024_labelled_mC3.wav,Lola,Wuschel,after,non-partner,Tabor-Lola,0.8557448,4.993814,PaCMAP
1556,after_phees_2022-08-08_11-01-43_0000078_labelled_Lola_pheeseq_0000029_labelled_mC1.wav,Lola,Wuschel,after,non-partner,Tabor-Lola,0.7855915,7.9187393,PaCMAP
1557,after_phees_2022-08-08_11-01-43_0000078_labelled_Lola_pheeseq_0000029_labelled_mC2.wav,Lola,Wuschel,after,non-partner,Tabor-Lola,1.0803443,7.5628715,PaCMAP
1558,after_phees_2022-08-08_11-01-43_0000078_labelled_Lola_pheeseq_0000029_labelled_mC3.wav,Lola,Wuschel,after,non-partner,Tabor-Lola,1.706233,4.40806,PaCMAP
1559,after_phees_2022-08-08_11-01-43_0000078_labelled_Lola_pheeseq_0000030_labelled_mC1.wav,Lola,Wuschel,after,non-partner,Tabor-Lola,0.7089337,8.028045,PaCMAP
1560,after_phees_2022-08-08_11-01-43_0000078_labelled_Lola_pheeseq_0000030_labelled_mC2.wav,Lola,Wuschel,after,non-partner,Tabor-Lola,2.5590591,5.3837447,PaCMAP
1561,after_phees_2022-08-08_11-01-43_0000078_labelled_Lola_pheeseq_0000030_labelled_mC3.wav,Lola,Wuschel,after,non-partner,Tabor-Lola,0.7932212,7.9013324,PaCMAP
1562,after_phees_2022-08-08_11-01-43_0000078_labelled_Lola_pheeseq_0000041_labelled_mB1.wav,Lola,Wuschel,after,non-partner,Tabor-Lola,-0.37360296,6.502601,PaCMAP
1563,after_phees_2022-08-08_11-01-43_0000078_labelled_Lola_pheeseq_0000041_labelled_mB2.wav,Lola,Wuschel,after,non-partner,Tabor-Lola,1.6455574,4.3837314,PaCMAP
1564,after_phees_2022-08-08_11-01-43_0000078_labelled_Lola_pheeseq_0000042_labelled_mB1.wav,Lola,Wuschel,after,non-partner,Tabor-Lola,-1.2198321,7.9963026,PaCMAP
1565,after_phees_2022-08-08_11-01-43_0000078_labelled_Lola_pheeseq_0000042_labelled_mB2.wav,Lola,Wuschel,after,non-partner,Tabor-Lola,1.8192896,3.7500656,PaCMAP
1566,after_phees_2022-08-08_11-01-43_0000078_labelled_Lola_pheeseq_0000043_labelled_mC1.wav,Lola,Wuschel,after,non-partner,Tabor-Lola,0.4801753,7.5095,PaCMAP
1567,after_phees_2022-08-08_11-01-43_0000078_labelled_Lola_pheeseq_0000043_labelled_mC2.wav,Lola,Wuschel,after,non-partner,Tabor-Lola,2.3789759,5.506278,PaCMAP
1568,after_phees_2022-08-08_11-01-43_0000078_labelled_Lola_pheeseq_0000043_labelled_mC3.wav,Lola,Wuschel,after,non-partner,Tabor-Lola,0.3106602,8.068301,PaCMAP
1569,after_phees_2022-08-08_11-01-43_0000078_labelled_Lola_pheeseq_0000046_labelled_mC1.wav,Lola,Wuschel,after,non-partner,Tabor-Lola,-2.150751,8.086198,PaCMAP
1570,after_phees_2022-08-08_11-01-43_0000078_labelled_Lola_pheeseq_0000046_labelled_mC2.wav,Lola,Wuschel,after,non-partner,Tabor-Lola,1.8487209,5.5890017,PaCMAP
1571,after_phees_2022-08-08_11-01-43_0000078_labelled_Lola_pheeseq_0000046_labelled_mC3.wav,Lola,Wuschel,after,non-partner,Tabor-Lola,0.5419848,7.9988427,PaCMAP
1572,after_phees_2022-08-08_11-01-43_0000078_labelled_Lola_pheeseq_0000047_labelled_mC1.wav,Lola,Wuschel,after,non-partner,Tabor-Lola,0.48647684,7.200246,PaCMAP
1573,after_phees_2022-08-08_11-01-43_0000078_labelled_Lola_pheeseq_0000047_labelled_mC2.wav,Lola,Wuschel,after,non-partner,Tabor-Lola,2.728205,4.823538,PaCMAP
1574,after_phees_2022-08-08_11-01-43_0000078_labelled_Lola_pheeseq_0000047_labelled_mC3.wav,Lola,Wuschel,after,non-partner,Tabor-Lola,1.8390527,4.3346066,PaCMAP
1575,after_phees_2022-08-08_11-01-43_0000078_labelled_Lola_pheeseq_0000052_labelled_mB1.wav,Lola,Wuschel,after,non-partner,Tabor-Lola,0.7628094,6.0858803,PaCMAP
1576,after_phees_2022-08-08_11-01-43_0000078_labelled_Lola_pheeseq_0000052_labelled_mB2.wav,Lola,Wuschel,after,non-partner,Tabor-Lola,2.5044105,5.3418093,PaCMAP
1577,after_phees_2022-08-08_11-01-43_0000078_labelled_Lola_pheeseq_0000053_labelled_mB1.wav,Lola,Wuschel,after,non-partner,Tabor-Lola,1.315886,5.890271,PaCMAP
1578,after_phees_2022-08-08_11-01-43_0000078_labelled_Lola_pheeseq_0000053_labelled_mB2.wav,Lola,Wuschel,after,non-partner,Tabor-Lola,1.5972247,6.7199583,PaCMAP
1579,after_phees_2022-08-08_11-01-43_0000078_labelled_Lola_pheeseq_0000054_labelled_mC1.wav,Lola,Wuschel,after,non-partner,Tabor-Lola,0.5949682,7.956924,PaCMAP
1580,after_phees_2022-08-08_11-01-43_0000078_labelled_Lola_pheeseq_0000054_labelled_mC2.wav,Lola,Wuschel,after,non-partner,Tabor-Lola,3.0243666,4.0504084,PaCMAP
1581,after_phees_2022-08-08_11-01-43_0000078_labelled_Lola_pheeseq_0000054_labelled_mC3.wav,Lola,Wuschel,after,non-partner,Tabor-Lola,3.9478002,-0.4426396,PaCMAP
1582,after_phees_2022-08-08_11-01-43_0000078_labelled_Lola_pheeseq_0000055_labelled_mC1.wav,Lola,Wuschel,after,non-partner,Tabor-Lola,0.43452567,7.118189,PaCMAP
1583,after_phees_2022-08-08_11-01-43_0000078_labelled_Lola_pheeseq_0000055_labelled_mC2.wav,Lola,Wuschel,after,non-partner,Tabor-Lola,2.631758,4.4785275,PaCMAP
1584,after_phees_2022-08-08_11-01-43_0000078_labelled_Lola_pheeseq_0000055_labelled_mC3.wav,Lola,Wuschel,after,non-partner,Tabor-Lola,4.328464,-0.5606828,PaCMAP
1585,after_phees_2022-08-08_11-01-43_0000078_labelled_Lola_pheeseq_0000056_labelled_mB1.wav,Lola,Wuschel,after,non-partner,Tabor-Lola,1.0094104,6.1151276,PaCMAP
1586,after_phees_2022-08-08_11-01-43_0000078_labelled_Lola_pheeseq_0000056_labelled_mB2.wav,Lola,Wuschel,after,non-partner,Tabor-Lola,2.678589,5.011836,PaCMAP
1587,after_phees_2022-08-08_11-01-43_0000078_labelled_Lola_pheeseq_0000057_labelled_mB1.wav,Lola,Wuschel,after,non-partner,Tabor-Lola,0.16654105,6.4158673,PaCMAP
1588,after_phees_2022-08-08_11-01-43_0000078_labelled_Lola_pheeseq_0000057_labelled_mB2.wav,Lola,Wuschel,after,non-partner,Tabor-Lola,0.68083894,7.1391873,PaCMAP
1589,after_phees_2022-08-08_11-01-43_0000078_labelled_Lola_pheeseq_0000058_labelled_mB1.wav,Lola,Wuschel,after,non-partner,Tabor-Lola,0.3921739,8.167536,PaCMAP
1590,after_phees_2022-08-08_11-01-43_0000078_labelled_Lola_pheeseq_0000058_labelled_mB2.wav,Lola,Wuschel,after,non-partner,Tabor-Lola,2.373453,4.954931,PaCMAP
1591,after_phees_2022-08-08_11-01-43_0000078_labelled_Lola_pheeseq_0000059_labelled_mB1.wav,Lola,Wuschel,after,non-partner,Tabor-Lola,0.55946016,7.434295,PaCMAP
1592,after_phees_2022-08-08_11-01-43_0000078_labelled_Lola_pheeseq_0000059_labelled_mB2.wav,Lola,Wuschel,after,non-partner,Tabor-Lola,1.9389102,5.446534,PaCMAP
1593,after_phees_2022-08-08_11-01-43_0000078_labelled_Wuschel_pheeseq_0000011_labelled_mB1.wav,Wuschel,Lola,after,non-partner,Wuschel-Olympia,-11.585184,2.6458926,PaCMAP
1594,after_phees_2022-08-08_11-01-43_0000078_labelled_Wuschel_pheeseq_0000011_labelled_mB2.wav,Wuschel,Lola,after,non-partner,Wuschel-Olympia,-12.262715,3.500881,PaCMAP
1595,after_phees_2022-08-08_11-01-43_0000078_labelled_Wuschel_pheeseq_0000019_labelled_mB1.wav,Wuschel,Lola,after,non-partner,Wuschel-Olympia,-13.862794,3.8915403,PaCMAP
1596,after_phees_2022-08-08_11-01-43_0000078_labelled_Wuschel_pheeseq_0000019_labelled_mB2.wav,Wuschel,Lola,after,non-partner,Wuschel-Olympia,-14.349837,4.0011654,PaCMAP
1597,after_phees_2022-08-08_11-01-43_0000078_labelled_Wuschel_pheeseq_0000020_labelled_mB1.wav,Wuschel,Lola,after,non-partner,Wuschel-Olympia,-14.600634,3.7802284,PaCMAP
1598,after_phees_2022-08-08_11-01-43_0000078_labelled_Wuschel_pheeseq_0000020_labelled_mB2.wav,Wuschel,Lola,after,non-partner,Wuschel-Olympia,-12.371996,3.289766,PaCMAP
1599,after_phees_2022-08-08_11-01-43_0000078_labelled_Wuschel_pheeseq_0000022_labelled_mB1.wav,Wuschel,Lola,after,non-partner,Wuschel-Olympia,-15.47178,4.0068526,PaCMAP
1600,after_phees_2022-08-08_11-01-43_0000078_labelled_Wuschel_pheeseq_0000022_labelled_mB2.wav,Wuschel,Lola,after,non-partner,Wuschel-Olympia,-13.912172,1.954061,PaCMAP
1601,after_phees_2022-08-08_11-01-43_0000078_labelled_Wuschel_pheeseq_0000023_labelled_mB1.wav,Wuschel,Lola,after,non-partner,Wuschel-Olympia,-14.638543,4.0405536,PaCMAP
1602,after_phees_2022-08-08_11-01-43_0000078_labelled_Wuschel_pheeseq_0000023_labelled_mB2.wav,Wuschel,Lola,after,non-partner,Wuschel-Olympia,-13.381383,2.225558,PaCMAP
1603,after_phees_2022-08-08_11-01-43_0000078_labelled_Wuschel_pheeseq_0000025_labelled_mB1.wav,Wuschel,Lola,after,non-partner,Wuschel-Olympia,-14.741528,4.041854,PaCMAP
1604,after_phees_2022-08-08_11-01-43_0000078_labelled_Wuschel_pheeseq_0000025_labelled_mB2.wav,Wuschel,Lola,after,non-partner,Wuschel-Olympia,-12.539031,4.0416055,PaCMAP
1605,after_phees_2022-08-08_11-01-43_0000078_labelled_Wuschel_pheeseq_0000026_labelled_mB2.wav,Wuschel,Lola,after,non-partner,Wuschel-Olympia,-14.15058,2.4473639,PaCMAP
1606,after_phees_2022-08-08_11-01-43_0000078_labelled_Wuschel_pheeseq_0000028_labelled_mB1.wav,Wuschel,Lola,after,non-partner,Wuschel-Olympia,-14.390629,2.4678764,PaCMAP
1607,after_phees_2022-08-08_11-01-43_0000078_labelled_Wuschel_pheeseq_0000028_labelled_mB2.wav,Wuschel,Lola,after,non-partner,Wuschel-Olympia,-13.499786,1.5113152,PaCMAP
1608,after_phees_2022-08-08_11-01-43_0000078_labelled_Wuschel_pheeseq_0000050_labelled_mB1.wav,Wuschel,Lola,after,non-partner,Wuschel-Olympia,-15.228671,4.0329757,PaCMAP
1609,after_phees_2022-08-08_11-01-43_0000078_labelled_Wuschel_pheeseq_0000050_labelled_mB2.wav,Wuschel,Lola,after,non-partner,Wuschel-Olympia,-11.688114,2.7658942,PaCMAP
1610,after_phees_2022-08-08_11-01-43_0000078_labelled_Wuschel_pheeseq_0000051_labelled_mB1.wav,Wuschel,Lola,after,non-partner,Wuschel-Olympia,-14.914554,4.0198073,PaCMAP
1611,after_phees_2022-08-08_11-01-43_0000078_labelled_Wuschel_pheeseq_0000051_labelled_mB2.wav,Wuschel,Lola,after,non-partner,Wuschel-Olympia,-13.533729,2.1829658,PaCMAP
1612,after_phees_2022-08-08_11-24-26_0000079_labelled_Lola_pheeseq_0000007_labelled_mC1.wav,Lola,Odin,after,non-partner,Tabor-Lola,6.63542,-3.914768,PaCMAP
1613,after_phees_2022-08-08_11-24-26_0000079_labelled_Lola_pheeseq_0000007_labelled_mC2.wav,Lola,Odin,after,non-partner,Tabor-Lola,4.9574494,-0.86771995,PaCMAP
1614,after_phees_2022-08-08_11-24-26_0000079_labelled_Lola_pheeseq_0000007_labelled_mC3.wav,Lola,Odin,after,non-partner,Tabor-Lola,3.6853955,-0.57006466,PaCMAP
1615,after_phees_2022-08-08_11-24-26_0000079_labelled_Lola_pheeseq_0000009_labelled_mB1.wav,Lola,Odin,after,non-partner,Tabor-Lola,-0.17397554,5.189252,PaCMAP
1616,after_phees_2022-08-08_11-24-26_0000079_labelled_Lola_pheeseq_0000009_labelled_mB2.wav,Lola,Odin,after,non-partner,Tabor-Lola,2.062289,3.3750205,PaCMAP
1617,after_phees_2022-08-08_11-24-26_0000079_labelled_Lola_pheeseq_0000010_labelled_mB1.wav,Lola,Odin,after,non-partner,Tabor-Lola,-1.6806741,6.427938,PaCMAP
1618,after_phees_2022-08-08_11-24-26_0000079_labelled_Lola_pheeseq_0000010_labelled_mB2.wav,Lola,Odin,after,non-partner,Tabor-Lola,2.1026077,3.3120074,PaCMAP
1619,after_phees_2022-08-08_11-24-26_0000079_labelled_Lola_pheeseq_0000011_labelled_mC1.wav,Lola,Odin,after,non-partner,Tabor-Lola,-0.04648903,4.7334614,PaCMAP
1620,after_phees_2022-08-08_11-24-26_0000079_labelled_Lola_pheeseq_0000011_labelled_mC2.wav,Lola,Odin,after,non-partner,Tabor-Lola,2.051998,3.6367133,PaCMAP
1621,after_phees_2022-08-08_11-24-26_0000079_labelled_Lola_pheeseq_0000011_labelled_mC3.wav,Lola,Odin,after,non-partner,Tabor-Lola,4.1263075,-0.7724363,PaCMAP
1622,after_phees_2022-08-08_11-24-26_0000079_labelled_Lola_pheeseq_0000012_labelled_mB2.wav,Lola,Odin,after,non-partner,Tabor-Lola,1.9637214,3.9129581,PaCMAP
1623,after_phees_2022-08-08_11-24-26_0000079_labelled_Lola_pheeseq_0000013_labelled_mB1.wav,Lola,Odin,after,non-partner,Tabor-Lola,-1.1758225,2.8546038,PaCMAP
1624,after_phees_2022-08-08_11-24-26_0000079_labelled_Lola_pheeseq_0000013_labelled_mB2.wav,Lola,Odin,after,non-partner,Tabor-Lola,1.3224283,2.0475397,PaCMAP
1625,after_phees_2022-08-08_11-24-26_0000079_labelled_Lola_pheeseq_0000014_labelled_mB1.wav,Lola,Odin,after,non-partner,Tabor-Lola,-3.664252,7.774221,PaCMAP
1626,after_phees_2022-08-08_11-24-26_0000079_labelled_Lola_pheeseq_0000014_labelled_mB2.wav,Lola,Odin,after,non-partner,Tabor-Lola,-0.5587639,8.321878,PaCMAP
1627,after_phees_2022-08-08_11-24-26_0000079_labelled_Lola_pheeseq_0000022_labelled_mB1.wav,Lola,Odin,after,non-partner,Tabor-Lola,1.2819554,5.8338494,PaCMAP
1628,after_phees_2022-08-08_11-24-26_0000079_labelled_Lola_pheeseq_0000022_labelled_mB2.wav,Lola,Odin,after,non-partner,Tabor-Lola,2.4093268,4.4392014,PaCMAP
1629,after_phees_2022-08-08_11-24-26_0000079_labelled_Lola_pheeseq_0000023_labelled_mC2.wav,Lola,Odin,after,non-partner,Tabor-Lola,2.7731318,5.147144,PaCMAP
1630,after_phees_2022-08-08_11-24-26_0000079_labelled_Lola_pheeseq_0000023_labelled_mC3.wav,Lola,Odin,after,non-partner,Tabor-Lola,3.6530116,0.5198737,PaCMAP
1631,after_phees_2022-08-08_11-24-26_0000079_labelled_Lola_pheeseq_0000024_labelled_mC1.wav,Lola,Odin,after,non-partner,Tabor-Lola,-1.1772809,8.510388,PaCMAP
1632,after_phees_2022-08-08_11-24-26_0000079_labelled_Lola_pheeseq_0000024_labelled_mC3.wav,Lola,Odin,after,non-partner,Tabor-Lola,4.431408,-0.5816447,PaCMAP
1633,after_phees_2022-08-08_11-24-26_0000079_labelled_Lola_pheeseq_0000049_labelled_mB1.wav,Lola,Odin,after,non-partner,Tabor-Lola,-0.51875067,5.5025306,PaCMAP
1634,after_phees_2022-08-08_11-24-26_0000079_labelled_Lola_pheeseq_0000049_labelled_mB2.wav,Lola,Odin,after,non-partner,Tabor-Lola,1.0131677,3.1331224,PaCMAP
1635,after_phees_2022-08-08_11-24-26_0000079_labelled_Lola_pheeseq_0000050_labelled_mB1.wav,Lola,Odin,after,non-partner,Tabor-Lola,-1.0153239,5.940935,PaCMAP
1636,after_phees_2022-08-08_11-24-26_0000079_labelled_Lola_pheeseq_0000050_labelled_mB2.wav,Lola,Odin,after,non-partner,Tabor-Lola,-0.15519832,4.9264746,PaCMAP
1637,after_phees_2022-08-08_11-24-26_0000079_labelled_Lola_pheeseq_0000057_labelled_mB1.wav,Lola,Odin,after,non-partner,Tabor-Lola,-0.3231473,5.229832,PaCMAP
1638,after_phees_2022-08-08_11-24-26_0000079_labelled_Lola_pheeseq_0000057_labelled_mB2.wav,Lola,Odin,after,non-partner,Tabor-Lola,0.6887696,2.7385983,PaCMAP
1639,after_phees_2022-08-08_11-24-26_0000079_labelled_Lola_pheeseq_0000058_labelled_mC1.wav,Lola,Odin,after,non-partner,Tabor-Lola,-3.4871943,7.661504,PaCMAP
1640,after_phees_2022-08-08_11-24-26_0000079_labelled_Lola_pheeseq_0000058_labelled_mC2.wav,Lola,Odin,after,non-partner,Tabor-Lola,0.44798064,3.6693478,PaCMAP
1641,after_phees_2022-08-08_11-24-26_0000079_labelled_Lola_pheeseq_0000058_labelled_mC3.wav,Lola,Odin,after,non-partner,Tabor-Lola,-1.2288126,2.941385,PaCMAP
1642,after_phees_2022-08-08_11-24-26_0000079_labelled_Lola_pheeseq_0000059_labelled_mB1.wav,Lola,Odin,after,non-partner,Tabor-Lola,-3.5401623,7.842276,PaCMAP
1643,after_phees_2022-08-08_11-24-26_0000079_labelled_Lola_pheeseq_0000059_labelled_mB2.wav,Lola,Odin,after,non-partner,Tabor-Lola,0.5229538,3.6893103,PaCMAP
1644,after_phees_2022-08-08_11-24-26_0000079_labelled_Lola_pheeseq_0000060_labelled_mC1.wav,Lola,Odin,after,non-partner,Tabor-Lola,-3.4478855,7.854994,PaCMAP
1645,after_phees_2022-08-08_11-24-26_0000079_labelled_Lola_pheeseq_0000060_labelled_mC2.wav,Lola,Odin,after,non-partner,Tabor-Lola,-0.12344758,7.984027,PaCMAP
1646,after_phees_2022-08-08_11-24-26_0000079_labelled_Lola_pheeseq_0000062_labelled_mB1.wav,Lola,Odin,after,non-partner,Tabor-Lola,0.46485996,5.5746636,PaCMAP
1647,after_phees_2022-08-08_11-24-26_0000079_labelled_Lola_pheeseq_0000062_labelled_mB2.wav,Lola,Odin,after,non-partner,Tabor-Lola,2.257845,2.2654529,PaCMAP
1648,after_phees_2022-08-08_11-24-26_0000079_labelled_Lola_pheeseq_0000063_labelled_mB1.wav,Lola,Odin,after,non-partner,Tabor-Lola,-0.44132584,6.984356,PaCMAP
1649,after_phees_2022-08-08_11-24-26_0000079_labelled_Lola_pheeseq_0000063_labelled_mB2.wav,Lola,Odin,after,non-partner,Tabor-Lola,1.881421,3.9300992,PaCMAP
1650,after_phees_2022-08-08_11-24-26_0000079_labelled_Lola_pheeseq_0000064_labelled_mB1.wav,Lola,Odin,after,non-partner,Tabor-Lola,0.39346755,5.667534,PaCMAP
1651,after_phees_2022-08-08_11-24-26_0000079_labelled_Lola_pheeseq_0000064_labelled_mB2.wav,Lola,Odin,after,non-partner,Tabor-Lola,0.7648909,7.8449225,PaCMAP
1652,after_phees_2022-08-08_11-24-26_0000079_labelled_Lola_pheeseq_0000067_labelled_mB1.wav,Lola,Odin,after,non-partner,Tabor-Lola,0.050697144,5.8436785,PaCMAP
1653,after_phees_2022-08-08_11-24-26_0000079_labelled_Lola_pheeseq_0000067_labelled_mB2.wav,Lola,Odin,after,non-partner,Tabor-Lola,0.57963735,4.2757735,PaCMAP
1654,after_phees_2022-08-08_11-24-26_0000079_labelled_Odin_pheeseq_0000003_labelled_mD2.wav,Odin,Lola,after,non-partner,Odin-Nougatti,14.886886,-4.943128,PaCMAP
1655,after_phees_2022-08-08_11-24-26_0000079_labelled_Odin_pheeseq_0000003_labelled_mD3.wav,Odin,Lola,after,non-partner,Odin-Nougatti,14.403222,-4.165086,PaCMAP
1656,after_phees_2022-08-08_11-24-26_0000079_labelled_Odin_pheeseq_0000003_labelled_mD4.wav,Odin,Lola,after,non-partner,Odin-Nougatti,12.838668,-4.4730325,PaCMAP
1657,after_phees_2022-08-08_11-24-26_0000079_labelled_Odin_pheeseq_0000016_labelled_mC1.wav,Odin,Lola,after,non-partner,Odin-Nougatti,7.220051,-6.164156,PaCMAP
1658,after_phees_2022-08-08_11-24-26_0000079_labelled_Odin_pheeseq_0000016_labelled_mC2.wav,Odin,Lola,after,non-partner,Odin-Nougatti,2.8550503,-0.39902303,PaCMAP
1659,after_phees_2022-08-08_11-24-26_0000079_labelled_Odin_pheeseq_0000016_labelled_mC3.wav,Odin,Lola,after,non-partner,Odin-Nougatti,7.6251717,-5.1091957,PaCMAP
1660,after_phees_2022-08-08_11-24-26_0000079_labelled_Odin_pheeseq_0000018_labelled_mD1.wav,Odin,Lola,after,non-partner,Odin-Nougatti,7.1491404,-6.6423044,PaCMAP
1661,after_phees_2022-08-08_11-24-26_0000079_labelled_Odin_pheeseq_0000018_labelled_mD3.wav,Odin,Lola,after,non-partner,Odin-Nougatti,9.126948,-3.8769372,PaCMAP
1662,after_phees_2022-08-08_11-24-26_0000079_labelled_Odin_pheeseq_0000018_labelled_mD4.wav,Odin,Lola,after,non-partner,Odin-Nougatti,9.230773,-3.3923657,PaCMAP
1663,after_phees_2022-08-08_11-24-26_0000079_labelled_Odin_pheeseq_0000018_labelled_mD5.wav,Odin,Lola,after,non-partner,Odin-Nougatti,11.228407,-4.7063613,PaCMAP
1664,after_phees_2022-08-08_11-24-26_0000079_labelled_Odin_pheeseq_0000025_labelled_mE1.wav,Odin,Lola,after,non-partner,Odin-Nougatti,-7.0709977,5.336723,PaCMAP
1665,after_phees_2022-08-08_11-24-26_0000079_labelled_Odin_pheeseq_0000025_labelled_mE3.wav,Odin,Lola,after,non-partner,Odin-Nougatti,13.007235,-3.4529753,PaCMAP
1666,after_phees_2022-08-08_11-24-26_0000079_labelled_Odin_pheeseq_0000025_labelled_mE4.wav,Odin,Lola,after,non-partner,Odin-Nougatti,10.64639,-3.1941013,PaCMAP
1667,after_phees_2022-08-08_11-24-26_0000079_labelled_Odin_pheeseq_0000025_labelled_mE5.wav,Odin,Lola,after,non-partner,Odin-Nougatti,9.735977,-3.3928916,PaCMAP
1668,after_phees_2022-08-08_11-24-26_0000079_labelled_Odin_pheeseq_0000025_labelled_mE6.wav,Odin,Lola,after,non-partner,Odin-Nougatti,12.053938,-6.233843,PaCMAP
1669,after_phees_2022-08-08_11-24-26_0000079_labelled_Odin_pheeseq_0000029_labelled_mC3.wav,Odin,Lola,after,non-partner,Odin-Nougatti,14.133948,-4.952077,PaCMAP
1670,after_phees_2022-08-08_11-24-26_0000079_labelled_Odin_pheeseq_0000031_labelled_mE1.wav,Odin,Lola,after,non-partner,Odin-Nougatti,14.491019,-4.792149,PaCMAP
1671,after_phees_2022-08-08_11-24-26_0000079_labelled_Odin_pheeseq_0000031_labelled_mE3.wav,Odin,Lola,after,non-partner,Odin-Nougatti,14.341753,-4.128498,PaCMAP
1672,after_phees_2022-08-08_11-24-26_0000079_labelled_Odin_pheeseq_0000031_labelled_mE5.wav,Odin,Lola,after,non-partner,Odin-Nougatti,13.316887,-3.684643,PaCMAP
1673,after_phees_2022-08-08_11-24-26_0000079_labelled_Odin_pheeseq_0000031_labelled_mE8.wav,Odin,Lola,after,non-partner,Odin-Nougatti,12.770074,-5.549387,PaCMAP
1674,after_phees_2022-08-08_11-24-26_0000079_labelled_Odin_pheeseq_0000033_labelled_mD1.wav,Odin,Lola,after,non-partner,Odin-Nougatti,14.269156,-4.2314105,PaCMAP
1675,after_phees_2022-08-08_11-24-26_0000079_labelled_Odin_pheeseq_0000033_labelled_mD2.wav,Odin,Lola,after,non-partner,Odin-Nougatti,14.82772,-4.747816,PaCMAP
1676,after_phees_2022-08-08_11-24-26_0000079_labelled_Odin_pheeseq_0000033_labelled_mD3.wav,Odin,Lola,after,non-partner,Odin-Nougatti,14.955097,-5.081761,PaCMAP
1677,after_phees_2022-08-08_11-24-26_0000079_labelled_Odin_pheeseq_0000033_labelled_mD4.wav,Odin,Lola,after,non-partner,Odin-Nougatti,13.56538,-4.2133746,PaCMAP
1678,after_phees_2022-08-08_11-24-26_0000079_labelled_Odin_pheeseq_0000034_labelled_mE1.wav,Odin,Lola,after,non-partner,Odin-Nougatti,14.8951,-5.461204,PaCMAP
1679,after_phees_2022-08-08_11-24-26_0000079_labelled_Odin_pheeseq_0000034_labelled_mE6.wav,Odin,Lola,after,non-partner,Odin-Nougatti,14.187403,-3.7133105,PaCMAP
1680,after_phees_2022-08-08_11-24-26_0000079_labelled_Odin_pheeseq_0000034_labelled_mE7.wav,Odin,Lola,after,non-partner,Odin-Nougatti,14.10897,-3.7417521,PaCMAP
1681,after_phees_2022-08-08_11-24-26_0000079_labelled_Odin_pheeseq_0000037_labelled_mD2.wav,Odin,Lola,after,non-partner,Odin-Nougatti,13.034261,-2.9506762,PaCMAP
1682,after_phees_2022-08-08_11-24-26_0000079_labelled_Odin_pheeseq_0000037_labelled_mD3.wav,Odin,Lola,after,non-partner,Odin-Nougatti,13.555345,-3.4553666,PaCMAP
1683,after_phees_2022-08-08_11-24-26_0000079_labelled_Odin_pheeseq_0000037_labelled_mD4.wav,Odin,Lola,after,non-partner,Odin-Nougatti,11.322568,-6.9945908,PaCMAP
1684,after_phees_2022-08-08_11-24-26_0000079_labelled_Odin_pheeseq_0000051_labelled_mC1.wav,Odin,Lola,after,non-partner,Odin-Nougatti,7.828912,-7.5359416,PaCMAP
1685,after_phees_2022-08-08_11-24-26_0000079_labelled_Odin_pheeseq_0000051_labelled_mC2.wav,Odin,Lola,after,non-partner,Odin-Nougatti,8.364187,-5.004873,PaCMAP
1686,after_phees_2022-08-08_11-24-26_0000079_labelled_Odin_pheeseq_0000051_labelled_mC3.wav,Odin,Lola,after,non-partner,Odin-Nougatti,8.897173,-6.399226,PaCMAP
1687,after_phees_2022-08-08_11-24-26_0000079_labelled_Odin_pheeseq_0000052_labelled_mD1.wav,Odin,Lola,after,non-partner,Odin-Nougatti,-0.8172823,-0.82379854,PaCMAP
1688,after_phees_2022-08-08_11-24-26_0000079_labelled_Odin_pheeseq_0000052_labelled_mD2.wav,Odin,Lola,after,non-partner,Odin-Nougatti,9.467446,-5.0302835,PaCMAP
1689,after_phees_2022-08-08_11-24-26_0000079_labelled_Odin_pheeseq_0000052_labelled_mD3.wav,Odin,Lola,after,non-partner,Odin-Nougatti,8.752261,-4.5443306,PaCMAP
1690,after_phees_2022-08-08_11-24-26_0000079_labelled_Odin_pheeseq_0000052_labelled_mD4.wav,Odin,Lola,after,non-partner,Odin-Nougatti,10.555375,-3.1648183,PaCMAP
1691,after_phees_2022-08-08_11-24-26_0000079_labelled_Odin_pheeseq_0000055_labelled_mD3.wav,Odin,Lola,after,non-partner,Odin-Nougatti,14.038866,-4.030824,PaCMAP
1692,after_phees_2022-08-08_11-24-26_0000079_labelled_Odin_pheeseq_0000055_labelled_mD4.wav,Odin,Lola,after,non-partner,Odin-Nougatti,12.258962,-5.130861,PaCMAP
1693,after_phees_2022-08-08_11-24-26_0000079_labelled_Odin_pheeseq_0000061_labelled_mC1.wav,Odin,Lola,after,non-partner,Odin-Nougatti,6.6461177,-5.4662127,PaCMAP
1694,after_phees_2022-08-08_11-24-26_0000079_labelled_Odin_pheeseq_0000061_labelled_mC2.wav,Odin,Lola,after,non-partner,Odin-Nougatti,8.266525,-2.9545665,PaCMAP
1695,after_phees_2022-08-08_11-24-26_0000079_labelled_Odin_pheeseq_0000061_labelled_mC3.wav,Odin,Lola,after,non-partner,Odin-Nougatti,8.384906,-3.8821597,PaCMAP
1696,after_phees_2022-08-08_11-24-26_0000079_labelled_Odin_pheeseq_0000065_labelled_mB2.wav,Odin,Lola,after,non-partner,Odin-Nougatti,8.091164,-2.6366973,PaCMAP
1697,after_phees_2022-08-08_13-21-22_0000080_labelled_Nougatti_phee_0000038_labelled_mB1.wav,Nougatti,Tabor,after,non-partner,Odin-Nougatti,-2.28323,5.8821955,PaCMAP
1698,after_phees_2022-08-08_13-21-22_0000080_labelled_Nougatti_phee_0000038_labelled_mB2.wav,Nougatti,Tabor,after,non-partner,Odin-Nougatti,-2.2800863,2.2616572,PaCMAP
1699,after_phees_2022-08-08_13-21-22_0000080_labelled_Nougatti_phee_0000039_labelled_mB1.wav,Nougatti,Tabor,after,non-partner,Odin-Nougatti,-1.1554976,3.0719423,PaCMAP
1700,after_phees_2022-08-08_13-21-22_0000080_labelled_Nougatti_phee_0000039_labelled_mB2.wav,Nougatti,Tabor,after,non-partner,Odin-Nougatti,-0.7152943,2.0129786,PaCMAP
1701,after_phees_2022-08-08_13-21-22_0000080_labelled_Nougatti_phee_0000040_labelled_mB1.wav,Nougatti,Tabor,after,non-partner,Odin-Nougatti,-5.3437314,6.198486,PaCMAP
1702,after_phees_2022-08-08_13-21-22_0000080_labelled_Nougatti_phee_0000040_labelled_mB2.wav,Nougatti,Tabor,after,non-partner,Odin-Nougatti,-0.6498359,1.1884062,PaCMAP
1703,after_phees_2022-08-08_13-21-22_0000080_labelled_Nougatti_phee_0000041_labelled_mB1.wav,Nougatti,Tabor,after,non-partner,Odin-Nougatti,-2.8588996,2.6110373,PaCMAP
1704,after_phees_2022-08-08_13-21-22_0000080_labelled_Nougatti_phee_0000041_labelled_mB2.wav,Nougatti,Tabor,after,non-partner,Odin-Nougatti,7.0636516,-7.4250665,PaCMAP
1705,after_phees_2022-08-08_13-21-22_0000080_labelled_Nougatti_phee_0000042_labelled_mB1.wav,Nougatti,Tabor,after,non-partner,Odin-Nougatti,-1.0465254,2.2927814,PaCMAP
1706,after_phees_2022-08-08_13-21-22_0000080_labelled_Nougatti_phee_0000042_labelled_mB3.wav,Nougatti,Tabor,after,non-partner,Odin-Nougatti,6.6080456,-6.5593333,PaCMAP
1707,after_phees_2022-08-08_13-21-22_0000080_labelled_Nougatti_phee_0000043_labelled_mB3.wav,Nougatti,Tabor,after,non-partner,Odin-Nougatti,-0.28376517,1.0447494,PaCMAP
1708,after_phees_2022-08-08_13-21-22_0000080_labelled_Nougatti_phee_0000044_labelled_mB1.wav,Nougatti,Tabor,after,non-partner,Odin-Nougatti,-1.0188916,2.3243465,PaCMAP
1709,after_phees_2022-08-08_13-21-22_0000080_labelled_Nougatti_phee_0000044_labelled_mB2.wav,Nougatti,Tabor,after,non-partner,Odin-Nougatti,6.492261,-6.645273,PaCMAP
1710,after_phees_2022-08-08_13-21-22_0000080_labelled_Nougatti_phee_0000045_labelled_mB1.wav,Nougatti,Tabor,after,non-partner,Odin-Nougatti,-4.2762976,6.491982,PaCMAP
1711,after_phees_2022-08-08_13-21-22_0000080_labelled_Nougatti_phee_0000045_labelled_mB2.wav,Nougatti,Tabor,after,non-partner,Odin-Nougatti,6.4904776,-6.613544,PaCMAP
1712,after_phees_2022-08-08_13-21-22_0000080_labelled_Nougatti_pheeseq_0000003_labelled_mB2.wav,Nougatti,Tabor,after,non-partner,Odin-Nougatti,6.8141356,-7.103412,PaCMAP
1713,after_phees_2022-08-08_13-21-22_0000080_labelled_Nougatti_pheeseq_0000005_labelled_mB1.wav,Nougatti,Tabor,after,non-partner,Odin-Nougatti,-6.0717597,6.015136,PaCMAP
1714,after_phees_2022-08-08_13-21-22_0000080_labelled_Nougatti_pheeseq_0000005_labelled_mB3.wav,Nougatti,Tabor,after,non-partner,Odin-Nougatti,6.788837,-6.1313787,PaCMAP
1715,after_phees_2022-08-08_13-21-22_0000080_labelled_Nougatti_pheeseq_0000009_labelled_mC1.wav,Nougatti,Tabor,after,non-partner,Odin-Nougatti,6.5548053,-6.7825613,PaCMAP
1716,after_phees_2022-08-08_13-21-22_0000080_labelled_Nougatti_pheeseq_0000009_labelled_mC2.wav,Nougatti,Tabor,after,non-partner,Odin-Nougatti,8.341281,-4.5466657,PaCMAP
1717,after_phees_2022-08-08_13-21-22_0000080_labelled_Nougatti_pheeseq_0000009_labelled_mC3.wav,Nougatti,Tabor,after,non-partner,Odin-Nougatti,8.614588,-7.4670467,PaCMAP
1718,after_phees_2022-08-08_13-21-22_0000080_labelled_Nougatti_pheeseq_0000010_labelled_mC1.wav,Nougatti,Tabor,after,non-partner,Odin-Nougatti,-1.6340727,2.323746,PaCMAP
1719,after_phees_2022-08-08_13-21-22_0000080_labelled_Nougatti_pheeseq_0000010_labelled_mC3.wav,Nougatti,Tabor,after,non-partner,Odin-Nougatti,7.0211496,-6.132771,PaCMAP
1720,after_phees_2022-08-08_13-21-22_0000080_labelled_Nougatti_pheeseq_0000010_labelled_mC4.wav,Nougatti,Tabor,after,non-partner,Odin-Nougatti,-1.5956551,0.79122347,PaCMAP
1721,after_phees_2022-08-08_13-21-22_0000080_labelled_Nougatti_pheeseq_0000019_labelled_mC1.wav,Nougatti,Tabor,after,non-partner,Odin-Nougatti,-3.863055,7.110738,PaCMAP
1722,after_phees_2022-08-08_13-21-22_0000080_labelled_Nougatti_pheeseq_0000019_labelled_mC2.wav,Nougatti,Tabor,after,non-partner,Odin-Nougatti,-0.2218303,0.5248379,PaCMAP
1723,after_phees_2022-08-08_13-21-22_0000080_labelled_Nougatti_pheeseq_0000019_labelled_mC3.wav,Nougatti,Tabor,after,non-partner,Odin-Nougatti,-9.179362,-0.2894416,PaCMAP
1724,after_phees_2022-08-08_13-21-22_0000080_labelled_Nougatti_pheeseq_0000020_labelled_mC1.wav,Nougatti,Tabor,after,non-partner,Odin-Nougatti,-3.856272,7.5104685,PaCMAP
1725,after_phees_2022-08-08_13-21-22_0000080_labelled_Nougatti_pheeseq_0000020_labelled_mC2.wav,Nougatti,Tabor,after,non-partner,Odin-Nougatti,6.50789,-6.0115175,PaCMAP
1726,after_phees_2022-08-08_13-21-22_0000080_labelled_Nougatti_pheeseq_0000020_labelled_mC3.wav,Nougatti,Tabor,after,non-partner,Odin-Nougatti,-5.462118,6.2248087,PaCMAP
1727,after_phees_2022-08-08_13-21-22_0000080_labelled_Nougatti_pheeseq_0000021_labelled_mC1.wav,Nougatti,Tabor,after,non-partner,Odin-Nougatti,-1.3890938,1.4882044,PaCMAP
1728,after_phees_2022-08-08_13-21-22_0000080_labelled_Nougatti_pheeseq_0000021_labelled_mC2.wav,Nougatti,Tabor,after,non-partner,Odin-Nougatti,7.518867,-5.5994773,PaCMAP
1729,after_phees_2022-08-08_13-21-22_0000080_labelled_Nougatti_pheeseq_0000021_labelled_mC3.wav,Nougatti,Tabor,after,non-partner,Odin-Nougatti,7.778485,-7.140897,PaCMAP
1730,after_phees_2022-08-08_13-21-22_0000080_labelled_Nougatti_pheeseq_0000022_labelled_mB1.wav,Nougatti,Tabor,after,non-partner,Odin-Nougatti,-1.3348992,2.326041,PaCMAP
1731,after_phees_2022-08-08_13-21-22_0000080_labelled_Nougatti_pheeseq_0000022_labelled_mB2.wav,Nougatti,Tabor,after,non-partner,Odin-Nougatti,0.9322915,0.41345394,PaCMAP
1732,after_phees_2022-08-08_13-21-22_0000080_labelled_Nougatti_pheeseq_0000023_labelled_mB1.wav,Nougatti,Tabor,after,non-partner,Odin-Nougatti,-5.9964724,6.067682,PaCMAP
1733,after_phees_2022-08-08_13-21-22_0000080_labelled_Nougatti_pheeseq_0000023_labelled_mB3.wav,Nougatti,Tabor,after,non-partner,Odin-Nougatti,6.9262123,-7.0238314,PaCMAP
1734,after_phees_2022-08-08_13-21-22_0000080_labelled_Nougatti_pheeseq_0000024_labelled_mB1.wav,Nougatti,Tabor,after,non-partner,Odin-Nougatti,0.6825377,1.6532085,PaCMAP
1735,after_phees_2022-08-08_13-21-22_0000080_labelled_Nougatti_pheeseq_0000024_labelled_mB2.wav,Nougatti,Tabor,after,non-partner,Odin-Nougatti,1.2408946,1.6746653,PaCMAP
1736,after_phees_2022-08-08_13-21-22_0000080_labelled_Nougatti_pheeseq_0000032_labelled_mB1.wav,Nougatti,Tabor,after,non-partner,Odin-Nougatti,-2.4286857,3.9622238,PaCMAP
1737,after_phees_2022-08-08_13-21-22_0000080_labelled_Nougatti_pheeseq_0000032_labelled_mB2.wav,Nougatti,Tabor,after,non-partner,Odin-Nougatti,-1.5628182,1.016126,PaCMAP
1738,after_phees_2022-08-08_13-21-22_0000080_labelled_Nougatti_pheeseq_0000033_labelled_mB1.wav,Nougatti,Tabor,after,non-partner,Odin-Nougatti,-5.636686,5.6597257,PaCMAP
1739,after_phees_2022-08-08_13-21-22_0000080_labelled_Nougatti_pheeseq_0000033_labelled_mB2.wav,Nougatti,Tabor,after,non-partner,Odin-Nougatti,7.087541,-7.4826365,PaCMAP
1740,after_phees_2022-08-08_13-21-22_0000080_labelled_Nougatti_pheeseq_0000048_labelled_mB1.wav,Nougatti,Tabor,after,non-partner,Odin-Nougatti,-3.4374354,7.777462,PaCMAP
1741,after_phees_2022-08-08_13-21-22_0000080_labelled_Nougatti_pheeseq_0000048_labelled_mB2.wav,Nougatti,Tabor,after,non-partner,Odin-Nougatti,6.650634,-6.8458104,PaCMAP
1742,after_phees_2022-08-08_13-21-22_0000080_labelled_Nougatti_pheeseq_0000049_labelled_mB1.wav,Nougatti,Tabor,after,non-partner,Odin-Nougatti,-5.7259703,6.1094003,PaCMAP
1743,after_phees_2022-08-08_13-21-22_0000080_labelled_Nougatti_pheeseq_0000049_labelled_mB2.wav,Nougatti,Tabor,after,non-partner,Odin-Nougatti,6.5094886,-6.608237,PaCMAP
1744,after_phees_2022-08-08_13-21-22_0000080_labelled_Nougatti_pheeseq_0000050_labelled_mC1.wav,Nougatti,Tabor,after,non-partner,Odin-Nougatti,-1.3128804,1.6623361,PaCMAP
1745,after_phees_2022-08-08_13-21-22_0000080_labelled_Nougatti_pheeseq_0000050_labelled_mC2.wav,Nougatti,Tabor,after,non-partner,Odin-Nougatti,6.6130996,-6.1435194,PaCMAP
1746,after_phees_2022-08-08_13-21-22_0000080_labelled_Nougatti_pheeseq_0000050_labelled_mC3.wav,Nougatti,Tabor,after,non-partner,Odin-Nougatti,9.361066,-6.476197,PaCMAP
1747,after_phees_2022-08-08_13-21-22_0000080_labelled_Tabor_pheeseq_0000002_labelled_mC1.wav,Tabor,Nougatti,after,non-partner,Tabor-Lola,3.510273,-0.044216618,PaCMAP
1748,after_phees_2022-08-08_13-21-22_0000080_labelled_Tabor_pheeseq_0000002_labelled_mC2.wav,Tabor,Nougatti,after,non-partner,Tabor-Lola,8.8036175,-4.6216493,PaCMAP
1749,after_phees_2022-08-08_13-21-22_0000080_labelled_Tabor_pheeseq_0000002_labelled_mC3.wav,Tabor,Nougatti,after,non-partner,Tabor-Lola,10.864712,-8.75842,PaCMAP
1750,after_phees_2022-08-08_13-21-22_0000080_labelled_Tabor_pheeseq_0000011_labelled_mD1.wav,Tabor,Nougatti,after,non-partner,Tabor-Lola,-1.6729954,-1.1569971,PaCMAP
1751,after_phees_2022-08-08_13-21-22_0000080_labelled_Tabor_pheeseq_0000011_labelled_mD4.wav,Tabor,Nougatti,after,non-partner,Tabor-Lola,-4.145823,-1.8381464,PaCMAP
1752,after_phees_2022-08-08_13-21-22_0000080_labelled_Tabor_pheeseq_0000011_labelled_mD6.wav,Tabor,Nougatti,after,non-partner,Tabor-Lola,-9.246412,2.1690638,PaCMAP
1753,after_phees_2022-08-08_13-21-22_0000080_labelled_Tabor_pheeseq_0000011_labelled_mD7.wav,Tabor,Nougatti,after,non-partner,Tabor-Lola,-10.357108,1.2196151,PaCMAP
1754,after_phees_2022-08-08_13-21-22_0000080_labelled_Tabor_pheeseq_0000013_labelled_mC1.wav,Tabor,Nougatti,after,non-partner,Tabor-Lola,-0.42341584,-1.2680277,PaCMAP
1755,after_phees_2022-08-08_13-21-22_0000080_labelled_Tabor_pheeseq_0000013_labelled_mC3.wav,Tabor,Nougatti,after,non-partner,Tabor-Lola,-2.947994,-2.1190662,PaCMAP
1756,after_phees_2022-08-08_13-21-22_0000080_labelled_Tabor_pheeseq_0000013_labelled_mC4.wav,Tabor,Nougatti,after,non-partner,Tabor-Lola,-5.068542,-1.9075445,PaCMAP
1757,after_phees_2022-08-08_13-21-22_0000080_labelled_Tabor_pheeseq_0000014_labelled_mD1.wav,Tabor,Nougatti,after,non-partner,Tabor-Lola,-1.2647705,-0.4786296,PaCMAP
1758,after_phees_2022-08-08_13-21-22_0000080_labelled_Tabor_pheeseq_0000014_labelled_mD4.wav,Tabor,Nougatti,after,non-partner,Tabor-Lola,-4.100763,-2.299562,PaCMAP
1759,after_phees_2022-08-08_13-21-22_0000080_labelled_Tabor_pheeseq_0000014_labelled_mD5.wav,Tabor,Nougatti,after,non-partner,Tabor-Lola,-9.2185545,2.2606738,PaCMAP
1760,after_phees_2022-08-08_13-21-22_0000080_labelled_Tabor_pheeseq_0000017_labelled_mD1.wav,Tabor,Nougatti,after,non-partner,Tabor-Lola,0.56507874,-1.423045,PaCMAP
1761,after_phees_2022-08-08_13-21-22_0000080_labelled_Tabor_pheeseq_0000017_labelled_mD3.wav,Tabor,Nougatti,after,non-partner,Tabor-Lola,0.96845305,-1.0749733,PaCMAP
1762,after_phees_2022-08-08_13-21-22_0000080_labelled_Tabor_pheeseq_0000017_labelled_mD4.wav,Tabor,Nougatti,after,non-partner,Tabor-Lola,10.106885,-8.132927,PaCMAP
1763,after_phees_2022-08-08_13-21-22_0000080_labelled_Tabor_pheeseq_0000017_labelled_mD5.wav,Tabor,Nougatti,after,non-partner,Tabor-Lola,-9.574459,1.4040754,PaCMAP
1764,after_phees_2022-08-08_13-21-22_0000080_labelled_Tabor_pheeseq_0000036_labelled_mC1.wav,Tabor,Nougatti,after,non-partner,Tabor-Lola,-10.421155,4.260997,PaCMAP
1765,after_phees_2022-08-08_13-21-22_0000080_labelled_Tabor_pheeseq_0000036_labelled_mC2.wav,Tabor,Nougatti,after,non-partner,Tabor-Lola,-9.202787,4.4485135,PaCMAP
1766,after_phees_2022-08-08_13-21-22_0000080_labelled_Tabor_pheeseq_0000036_labelled_mC3.wav,Tabor,Nougatti,after,non-partner,Tabor-Lola,-9.64257,3.5773299,PaCMAP
1767,after_phees_2022-08-08_13-21-22_0000080_labelled_Tabor_pheeseq_0000046_labelled_mD1.wav,Tabor,Nougatti,after,non-partner,Tabor-Lola,10.130403,-9.005249,PaCMAP
1768,after_phees_2022-08-08_13-21-22_0000080_labelled_Tabor_pheeseq_0000046_labelled_mD2.wav,Tabor,Nougatti,after,non-partner,Tabor-Lola,-2.7322428,-0.8033403,PaCMAP
1769,after_phees_2022-08-08_13-21-22_0000080_labelled_Tabor_pheeseq_0000046_labelled_mD3.wav,Tabor,Nougatti,after,non-partner,Tabor-Lola,-9.185942,3.332404,PaCMAP
1770,after_phees_2022-08-08_13-21-22_0000080_labelled_Tabor_pheeseq_0000046_labelled_mD4.wav,Tabor,Nougatti,after,non-partner,Tabor-Lola,-10.0898485,1.1047194,PaCMAP
1771,after_phees_2022-08-08_13-47-33_0000081_labelled_Olympia_pheeseq_0000011_labelled_mB1.wav,Olympia,Tabor,after,non-partner,Wuschel-Olympia,-12.595634,4.002878,PaCMAP
1772,after_phees_2022-08-08_13-47-33_0000081_labelled_Olympia_pheeseq_0000011_labelled_mB2.wav,Olympia,Tabor,after,non-partner,Wuschel-Olympia,-10.374052,4.3237095,PaCMAP
1773,after_phees_2022-08-08_13-47-33_0000081_labelled_Olympia_pheeseq_0000017_labelled_mB1.wav,Olympia,Tabor,after,non-partner,Wuschel-Olympia,-14.313673,2.8080509,PaCMAP
1774,after_phees_2022-08-08_13-47-33_0000081_labelled_Olympia_pheeseq_0000017_labelled_mB2.wav,Olympia,Tabor,after,non-partner,Wuschel-Olympia,-10.436306,4.2266626,PaCMAP
1775,after_phees_2022-08-08_13-47-33_0000081_labelled_Tabor_pheeseq_0000003_labelled_mD1.wav,Tabor,Olympia,after,non-partner,Tabor-Lola,9.207774,-9.080653,PaCMAP
1776,after_phees_2022-08-08_13-47-33_0000081_labelled_Tabor_pheeseq_0000003_labelled_mD2.wav,Tabor,Olympia,after,non-partner,Tabor-Lola,9.498634,-8.344892,PaCMAP
1777,after_phees_2022-08-08_13-47-33_0000081_labelled_Tabor_pheeseq_0000003_labelled_mD3.wav,Tabor,Olympia,after,non-partner,Tabor-Lola,-4.134386,-1.0303439,PaCMAP
1778,after_phees_2022-08-08_13-47-33_0000081_labelled_Tabor_pheeseq_0000003_labelled_mD4.wav,Tabor,Olympia,after,non-partner,Tabor-Lola,11.261909,-8.634432,PaCMAP
1779,after_phees_2022-08-08_13-47-33_0000081_labelled_Tabor_pheeseq_0000004_labelled_mE1.wav,Tabor,Olympia,after,non-partner,Tabor-Lola,9.271062,-8.436604,PaCMAP
1780,after_phees_2022-08-08_13-47-33_0000081_labelled_Tabor_pheeseq_0000004_labelled_mE2.wav,Tabor,Olympia,after,non-partner,Tabor-Lola,8.6139145,-7.6066303,PaCMAP
1781,after_phees_2022-08-08_13-47-33_0000081_labelled_Tabor_pheeseq_0000004_labelled_mE3.wav,Tabor,Olympia,after,non-partner,Tabor-Lola,-3.7111838,-1.5857656,PaCMAP
1782,after_phees_2022-08-08_13-47-33_0000081_labelled_Tabor_pheeseq_0000004_labelled_mE4.wav,Tabor,Olympia,after,non-partner,Tabor-Lola,-6.540312,-1.9971161,PaCMAP
1783,after_phees_2022-08-08_13-47-33_0000081_labelled_Tabor_pheeseq_0000004_labelled_mE5.wav,Tabor,Olympia,after,non-partner,Tabor-Lola,-9.567374,0.6190013,PaCMAP
1784,after_phees_2022-08-08_13-47-33_0000081_labelled_Tabor_pheeseq_0000005_labelled_mC1.wav,Tabor,Olympia,after,non-partner,Tabor-Lola,-6.879416,5.421132,PaCMAP
1785,after_phees_2022-08-08_13-47-33_0000081_labelled_Tabor_pheeseq_0000005_labelled_mC2.wav,Tabor,Olympia,after,non-partner,Tabor-Lola,8.822701,-7.8068733,PaCMAP
1786,after_phees_2022-08-08_13-47-33_0000081_labelled_Tabor_pheeseq_0000005_labelled_mC3.wav,Tabor,Olympia,after,non-partner,Tabor-Lola,10.712407,-7.672345,PaCMAP
1787,after_phees_2022-08-08_13-47-33_0000081_labelled_Tabor_pheeseq_0000009_labelled_mC1.wav,Tabor,Olympia,after,non-partner,Tabor-Lola,-4.266962,-0.06422666,PaCMAP
1788,after_phees_2022-08-08_13-47-33_0000081_labelled_Tabor_pheeseq_0000009_labelled_mC2.wav,Tabor,Olympia,after,non-partner,Tabor-Lola,-6.207059,-0.8233528,PaCMAP
1789,after_phees_2022-08-08_13-47-33_0000081_labelled_Tabor_pheeseq_0000009_labelled_mC3.wav,Tabor,Olympia,after,non-partner,Tabor-Lola,-6.7456617,-0.50410515,PaCMAP
1790,after_phees_2022-08-08_13-47-33_0000081_labelled_Tabor_pheeseq_0000010_labelled_mC1.wav,Tabor,Olympia,after,non-partner,Tabor-Lola,-10.058124,4.1735444,PaCMAP
1791,after_phees_2022-08-08_13-47-33_0000081_labelled_Tabor_pheeseq_0000010_labelled_mC2.wav,Tabor,Olympia,after,non-partner,Tabor-Lola,9.62552,-9.081178,PaCMAP
1792,after_phees_2022-08-08_13-47-33_0000081_labelled_Tabor_pheeseq_0000010_labelled_mC3.wav,Tabor,Olympia,after,non-partner,Tabor-Lola,-6.617643,-0.4987812,PaCMAP
1793,after_phees_2022-08-08_13-47-33_0000081_labelled_Tabor_pheeseq_0000018_labelled_mB1.wav,Tabor,Olympia,after,non-partner,Tabor-Lola,-12.3503685,1.5140524,PaCMAP
1794,after_phees_2022-08-08_13-47-33_0000081_labelled_Tabor_pheeseq_0000018_labelled_mB2.wav,Tabor,Olympia,after,non-partner,Tabor-Lola,-10.308231,4.329179,PaCMAP
1795,after_phees_2022-08-08_13-47-33_0000081_labelled_Tabor_pheeseq_0000019_labelled_mC1.wav,Tabor,Olympia,after,non-partner,Tabor-Lola,-12.035638,4.12016,PaCMAP
1796,after_phees_2022-08-08_13-47-33_0000081_labelled_Tabor_pheeseq_0000019_labelled_mC2.wav,Tabor,Olympia,after,non-partner,Tabor-Lola,-6.4552712,-0.05593524,PaCMAP
1797,after_phees_2022-08-08_13-47-33_0000081_labelled_Tabor_pheeseq_0000019_labelled_mC3.wav,Tabor,Olympia,after,non-partner,Tabor-Lola,-10.263353,3.816672,PaCMAP
1798,after_phees_2022-08-08_13-47-33_0000081_labelled_Tabor_pheeseq_0000020_labelled_mC1.wav,Tabor,Olympia,after,non-partner,Tabor-Lola,-12.377776,4.0219617,PaCMAP
1799,after_phees_2022-08-08_13-47-33_0000081_labelled_Tabor_pheeseq_0000020_labelled_mC3.wav,Tabor,Olympia,after,non-partner,Tabor-Lola,-7.5991015,5.2121835,PaCMAP
1800,after_phees_2022-08-08_13-47-33_0000081_labelled_Tabor_pheeseq_0000020_labelled_mC4.wav,Tabor,Olympia,after,non-partner,Tabor-Lola,-10.714431,4.1304398,PaCMAP
1801,after_phees_2022-08-08_13-47-33_0000081_labelled_Tabor_pheeseq_0000021_labelled_mC1.wav,Tabor,Olympia,after,non-partner,Tabor-Lola,-10.416235,4.28429,PaCMAP
1802,after_phees_2022-08-08_13-47-33_0000081_labelled_Tabor_pheeseq_0000021_labelled_mC2.wav,Tabor,Olympia,after,non-partner,Tabor-Lola,-9.660233,4.57897,PaCMAP
1803,after_phees_2022-08-08_13-47-33_0000081_labelled_Tabor_pheeseq_0000021_labelled_mC3.wav,Tabor,Olympia,after,non-partner,Tabor-Lola,-12.018217,1.3871455,PaCMAP
1804,after_phees_2022-08-08_13-47-33_0000081_labelled_Tabor_pheeseq_0000023_labelled_mC1.wav,Tabor,Olympia,after,non-partner,Tabor-Lola,-6.102075,0.7697712,PaCMAP
1805,after_phees_2022-08-08_13-47-33_0000081_labelled_Tabor_pheeseq_0000023_labelled_mC2.wav,Tabor,Olympia,after,non-partner,Tabor-Lola,-5.7091017,0.40088508,PaCMAP
1806,after_phees_2022-08-08_13-47-33_0000081_labelled_Tabor_pheeseq_0000023_labelled_mC3.wav,Tabor,Olympia,after,non-partner,Tabor-Lola,-12.483222,4.0290847,PaCMAP
1807,after_phees_2022-08-08_13-47-33_0000081_labelled_Tabor_pheeseq_0000024_labelled_mB1.wav,Tabor,Olympia,after,non-partner,Tabor-Lola,-4.998544,1.5261965,PaCMAP
1808,after_phees_2022-08-08_13-47-33_0000081_labelled_Tabor_pheeseq_0000024_labelled_mB2.wav,Tabor,Olympia,after,non-partner,Tabor-Lola,-7.8629913,5.1448455,PaCMAP
1809,after_phees_2022-08-08_13-47-33_0000081_labelled_Tabor_pheeseq_0000026_labelled_mD1.wav,Tabor,Olympia,after,non-partner,Tabor-Lola,9.323904,-9.247706,PaCMAP
1810,after_phees_2022-08-08_13-47-33_0000081_labelled_Tabor_pheeseq_0000026_labelled_mD2.wav,Tabor,Olympia,after,non-partner,Tabor-Lola,-4.1616716,-0.76548135,PaCMAP
1811,after_phees_2022-08-08_13-47-33_0000081_labelled_Tabor_pheeseq_0000026_labelled_mD3.wav,Tabor,Olympia,after,non-partner,Tabor-Lola,-6.8439083,-1.7133038,PaCMAP
1812,after_phees_2022-08-08_13-47-33_0000081_labelled_Tabor_pheeseq_0000026_labelled_mD4.wav,Tabor,Olympia,after,non-partner,Tabor-Lola,-9.894476,1.4687114,PaCMAP
1813,after_phees_2022-08-08_13-47-33_0000081_labelled_Tabor_pheeseq_0000027_labelled_mD1.wav,Tabor,Olympia,after,non-partner,Tabor-Lola,-4.630905,0.78433055,PaCMAP
1814,after_phees_2022-08-08_13-47-33_0000081_labelled_Tabor_pheeseq_0000027_labelled_mD2.wav,Tabor,Olympia,after,non-partner,Tabor-Lola,-3.6321337,-0.24552502,PaCMAP
1815,after_phees_2022-08-08_13-47-33_0000081_labelled_Tabor_pheeseq_0000027_labelled_mD3.wav,Tabor,Olympia,after,non-partner,Tabor-Lola,-7.945711,5.04113,PaCMAP
1816,after_phees_2022-08-08_13-47-33_0000081_labelled_Tabor_pheeseq_0000027_labelled_mD4.wav,Tabor,Olympia,after,non-partner,Tabor-Lola,-8.894667,-0.44219205,PaCMAP
1817,after_phees_2022-08-08_13-47-33_0000081_labelled_Tabor_pheeseq_0000030_labelled_mD1.wav,Tabor,Olympia,after,non-partner,Tabor-Lola,-6.6021113,-0.87718725,PaCMAP
1818,after_phees_2022-08-08_13-47-33_0000081_labelled_Tabor_pheeseq_0000030_labelled_mD2.wav,Tabor,Olympia,after,non-partner,Tabor-Lola,9.62505,-8.817306,PaCMAP
1819,after_phees_2022-08-08_13-47-33_0000081_labelled_Tabor_pheeseq_0000030_labelled_mD3.wav,Tabor,Olympia,after,non-partner,Tabor-Lola,-5.737833,-0.8165087,PaCMAP
1820,after_phees_2022-08-08_13-47-33_0000081_labelled_Tabor_pheeseq_0000030_labelled_mD4.wav,Tabor,Olympia,after,non-partner,Tabor-Lola,-6.684164,-1.8502944,PaCMAP
1821,after_phees_2022-08-08_14-12-29_0000082_labelled_Odin_pheeseq_0000004_labelled_mC1.wav,Odin,Olympia,after,non-partner,Odin-Nougatti,9.539647,-5.968324,PaCMAP
1822,after_phees_2022-08-08_14-12-29_0000082_labelled_Odin_pheeseq_0000004_labelled_mC2.wav,Odin,Olympia,after,non-partner,Odin-Nougatti,9.742141,-3.4522245,PaCMAP
1823,after_phees_2022-08-08_14-12-29_0000082_labelled_Odin_pheeseq_0000004_labelled_mC3.wav,Odin,Olympia,after,non-partner,Odin-Nougatti,10.08338,-3.2845287,PaCMAP
1824,after_phees_2022-08-08_14-12-29_0000082_labelled_Odin_pheeseq_0000006_labelled_mD1.wav,Odin,Olympia,after,non-partner,Odin-Nougatti,-3.5462587,-2.381284,PaCMAP
1825,after_phees_2022-08-08_14-12-29_0000082_labelled_Odin_pheeseq_0000006_labelled_mD3.wav,Odin,Olympia,after,non-partner,Odin-Nougatti,13.472525,-4.373775,PaCMAP
1826,after_phees_2022-08-08_14-12-29_0000082_labelled_Odin_pheeseq_0000006_labelled_mD4.wav,Odin,Olympia,after,non-partner,Odin-Nougatti,13.3253355,-3.4001946,PaCMAP
1827,after_phees_2022-08-08_14-12-29_0000082_labelled_Odin_pheeseq_0000006_labelled_mD5.wav,Odin,Olympia,after,non-partner,Odin-Nougatti,10.93067,-4.495119,PaCMAP
1828,after_phees_2022-08-08_14-12-29_0000082_labelled_Odin_pheeseq_0000007_labelled_mD1.wav,Odin,Olympia,after,non-partner,Odin-Nougatti,12.064185,-6.5436788,PaCMAP
1829,after_phees_2022-08-08_14-12-29_0000082_labelled_Odin_pheeseq_0000007_labelled_mD4.wav,Odin,Olympia,after,non-partner,Odin-Nougatti,13.021465,-3.859089,PaCMAP
1830,after_phees_2022-08-08_14-12-29_0000082_labelled_Odin_pheeseq_0000007_labelled_mD5.wav,Odin,Olympia,after,non-partner,Odin-Nougatti,13.040682,-3.0476458,PaCMAP
1831,after_phees_2022-08-08_14-12-29_0000082_labelled_Odin_pheeseq_0000007_labelled_mD6.wav,Odin,Olympia,after,non-partner,Odin-Nougatti,11.301844,-3.4179606,PaCMAP
1832,after_phees_2022-08-08_14-12-29_0000082_labelled_Odin_pheeseq_0000008_labelled_mD1.wav,Odin,Olympia,after,non-partner,Odin-Nougatti,12.509124,-6.239537,PaCMAP
1833,after_phees_2022-08-08_14-12-29_0000082_labelled_Odin_pheeseq_0000008_labelled_mD3.wav,Odin,Olympia,after,non-partner,Odin-Nougatti,14.854066,-5.409749,PaCMAP
1834,after_phees_2022-08-08_14-12-29_0000082_labelled_Odin_pheeseq_0000008_labelled_mD4.wav,Odin,Olympia,after,non-partner,Odin-Nougatti,14.033857,-3.851117,PaCMAP
1835,after_phees_2022-08-08_14-12-29_0000082_labelled_Odin_pheeseq_0000008_labelled_mD5.wav,Odin,Olympia,after,non-partner,Odin-Nougatti,13.935601,-3.6346037,PaCMAP
1836,after_phees_2022-08-08_14-12-29_0000082_labelled_Odin_pheeseq_0000017_labelled_mC1.wav,Odin,Olympia,after,non-partner,Odin-Nougatti,8.322613,-3.1378117,PaCMAP
1837,after_phees_2022-08-08_14-12-29_0000082_labelled_Odin_pheeseq_0000017_labelled_mC2.wav,Odin,Olympia,after,non-partner,Odin-Nougatti,7.732053,-2.6185699,PaCMAP
1838,after_phees_2022-08-08_14-12-29_0000082_labelled_Odin_pheeseq_0000017_labelled_mC3.wav,Odin,Olympia,after,non-partner,Odin-Nougatti,-6.866354,5.4110193,PaCMAP
1839,after_phees_2022-08-08_14-12-29_0000082_labelled_Odin_pheeseq_0000020_labelled_mE1.wav,Odin,Olympia,after,non-partner,Odin-Nougatti,-0.087323345,-1.6154906,PaCMAP
1840,after_phees_2022-08-08_14-12-29_0000082_labelled_Odin_pheeseq_0000020_labelled_mE2.wav,Odin,Olympia,after,non-partner,Odin-Nougatti,9.048676,-3.3323748,PaCMAP
1841,after_phees_2022-08-08_14-12-29_0000082_labelled_Odin_pheeseq_0000020_labelled_mE3.wav,Odin,Olympia,after,non-partner,Odin-Nougatti,9.853307,-2.9577806,PaCMAP
1842,after_phees_2022-08-08_14-12-29_0000082_labelled_Odin_pheeseq_0000020_labelled_mE4.wav,Odin,Olympia,after,non-partner,Odin-Nougatti,9.470802,-4.062223,PaCMAP
1843,after_phees_2022-08-08_14-12-29_0000082_labelled_Odin_pheeseq_0000020_labelled_mE5.wav,Odin,Olympia,after,non-partner,Odin-Nougatti,-9.763599,1.0760978,PaCMAP
1844,after_phees_2022-08-08_14-12-29_0000082_labelled_Odin_pheeseq_0000021_labelled_mE1.wav,Odin,Olympia,after,non-partner,Odin-Nougatti,-6.955741,5.24174,PaCMAP
1845,after_phees_2022-08-08_14-12-29_0000082_labelled_Odin_pheeseq_0000021_labelled_mE4.wav,Odin,Olympia,after,non-partner,Odin-Nougatti,10.68367,-3.2360883,PaCMAP
1846,after_phees_2022-08-08_14-12-29_0000082_labelled_Odin_pheeseq_0000021_labelled_mE5.wav,Odin,Olympia,after,non-partner,Odin-Nougatti,12.0507965,-4.258064,PaCMAP
1847,after_phees_2022-08-08_14-12-29_0000082_labelled_Odin_pheeseq_0000023_labelled_mE1.wav,Odin,Olympia,after,non-partner,Odin-Nougatti,12.29374,-4.158203,PaCMAP
1848,after_phees_2022-08-08_14-12-29_0000082_labelled_Odin_pheeseq_0000023_labelled_mE4.wav,Odin,Olympia,after,non-partner,Odin-Nougatti,13.339424,-3.0473108,PaCMAP
1849,after_phees_2022-08-08_14-12-29_0000082_labelled_Odin_pheeseq_0000023_labelled_mE5.wav,Odin,Olympia,after,non-partner,Odin-Nougatti,13.800675,-3.6805341,PaCMAP
1850,after_phees_2022-08-08_14-12-29_0000082_labelled_Odin_pheeseq_0000023_labelled_mE6.wav,Odin,Olympia,after,non-partner,Odin-Nougatti,12.780887,-4.930759,PaCMAP
1851,after_phees_2022-08-08_14-12-29_0000082_labelled_Odin_pheeseq_0000024_labelled_mD3.wav,Odin,Olympia,after,non-partner,Odin-Nougatti,13.296602,-3.1405616,PaCMAP
1852,after_phees_2022-08-08_14-12-29_0000082_labelled_Odin_pheeseq_0000024_labelled_mD4.wav,Odin,Olympia,after,non-partner,Odin-Nougatti,13.08234,-3.0751584,PaCMAP
1853,after_phees_2022-08-08_14-12-29_0000082_labelled_Odin_pheeseq_0000024_labelled_mD5.wav,Odin,Olympia,after,non-partner,Odin-Nougatti,12.765176,-3.627696,PaCMAP
1854,after_phees_2022-08-08_14-12-29_0000082_labelled_Odin_pheeseq_0000025_labelled_mD1.wav,Odin,Olympia,after,non-partner,Odin-Nougatti,12.452978,-6.1415067,PaCMAP
1855,after_phees_2022-08-08_14-12-29_0000082_labelled_Odin_pheeseq_0000025_labelled_mD3.wav,Odin,Olympia,after,non-partner,Odin-Nougatti,14.964105,-5.1783037,PaCMAP
1856,after_phees_2022-08-08_14-12-29_0000082_labelled_Odin_pheeseq_0000025_labelled_mD5.wav,Odin,Olympia,after,non-partner,Odin-Nougatti,14.006591,-3.4851038,PaCMAP
1857,after_phees_2022-08-08_14-12-29_0000082_labelled_Odin_pheeseq_0000025_labelled_mD6.wav,Odin,Olympia,after,non-partner,Odin-Nougatti,13.976103,-3.0477638,PaCMAP
1858,after_phees_2022-08-08_14-12-29_0000082_labelled_Odin_pheeseq_0000035_labelled_mC1.wav,Odin,Olympia,after,non-partner,Odin-Nougatti,7.260129,-5.9488797,PaCMAP
1859,after_phees_2022-08-08_14-12-29_0000082_labelled_Odin_pheeseq_0000035_labelled_mC2.wav,Odin,Olympia,after,non-partner,Odin-Nougatti,7.29286,-4.412147,PaCMAP
1860,after_phees_2022-08-08_14-12-29_0000082_labelled_Odin_pheeseq_0000035_labelled_mC3.wav,Odin,Olympia,after,non-partner,Odin-Nougatti,1.3817809,-0.25474435,PaCMAP
1861,after_phees_2022-08-08_14-12-29_0000082_labelled_Odin_pheeseq_0000037_labelled_mD1.wav,Odin,Olympia,after,non-partner,Odin-Nougatti,14.5928955,-5.717566,PaCMAP
1862,after_phees_2022-08-08_14-12-29_0000082_labelled_Odin_pheeseq_0000037_labelled_mD4.wav,Odin,Olympia,after,non-partner,Odin-Nougatti,12.954074,-4.1502485,PaCMAP
1863,after_phees_2022-08-08_14-12-29_0000082_labelled_Odin_pheeseq_0000037_labelled_mD5.wav,Odin,Olympia,after,non-partner,Odin-Nougatti,10.499552,-4.314038,PaCMAP
1864,after_phees_2022-08-08_14-12-29_0000082_labelled_Odin_pheeseq_0000038_labelled_mD1.wav,Odin,Olympia,after,non-partner,Odin-Nougatti,14.624218,-5.676121,PaCMAP
1865,after_phees_2022-08-08_14-12-29_0000082_labelled_Odin_pheeseq_0000038_labelled_mD3.wav,Odin,Olympia,after,non-partner,Odin-Nougatti,14.89712,-5.3300786,PaCMAP
1866,after_phees_2022-08-08_14-12-29_0000082_labelled_Odin_pheeseq_0000038_labelled_mD4.wav,Odin,Olympia,after,non-partner,Odin-Nougatti,13.424347,-3.9727561,PaCMAP
1867,after_phees_2022-08-08_14-12-29_0000082_labelled_Odin_pheeseq_0000038_labelled_mD5.wav,Odin,Olympia,after,non-partner,Odin-Nougatti,13.198607,-3.4808187,PaCMAP
1868,after_phees_2022-08-08_14-12-29_0000082_labelled_Odin_pheeseq_0000039_labelled_mD1.wav,Odin,Olympia,after,non-partner,Odin-Nougatti,-0.47928634,-1.8400754,PaCMAP
1869,after_phees_2022-08-08_14-12-29_0000082_labelled_Odin_pheeseq_0000039_labelled_mD6.wav,Odin,Olympia,after,non-partner,Odin-Nougatti,12.744948,-2.9890845,PaCMAP
1870,after_phees_2022-08-08_14-12-29_0000082_labelled_Odin_pheeseq_0000039_labelled_mD7.wav,Odin,Olympia,after,non-partner,Odin-Nougatti,10.337913,-3.2125309,PaCMAP
1871,after_phees_2022-08-08_14-12-29_0000082_labelled_Odin_pheeseq_0000041_labelled_mC2.wav,Odin,Olympia,after,non-partner,Odin-Nougatti,7.733435,-3.4675138,PaCMAP
1872,after_phees_2022-08-08_14-12-29_0000082_labelled_Odin_pheeseq_0000041_labelled_mC3.wav,Odin,Olympia,after,non-partner,Odin-Nougatti,9.370735,-2.7725601,PaCMAP
1873,after_phees_2022-08-08_14-12-29_0000082_labelled_Odin_pheeseq_0000043_labelled_mB1.wav,Odin,Olympia,after,non-partner,Odin-Nougatti,9.586865,-5.418228,PaCMAP
1874,after_phees_2022-08-08_14-12-29_0000082_labelled_Odin_pheeseq_0000043_labelled_mB3.wav,Odin,Olympia,after,non-partner,Odin-Nougatti,9.358597,-4.056318,PaCMAP
1875,after_phees_2022-08-08_14-12-29_0000082_labelled_Odin_pheeseq_0000044_labelled_mD1.wav,Odin,Olympia,after,non-partner,Odin-Nougatti,10.596497,-3.3206513,PaCMAP
1876,after_phees_2022-08-08_14-12-29_0000082_labelled_Odin_pheeseq_0000044_labelled_mD2.wav,Odin,Olympia,after,non-partner,Odin-Nougatti,9.014477,-3.5118861,PaCMAP
1877,after_phees_2022-08-08_14-12-29_0000082_labelled_Odin_pheeseq_0000044_labelled_mD3.wav,Odin,Olympia,after,non-partner,Odin-Nougatti,8.078704,-5.0319834,PaCMAP
1878,after_phees_2022-08-08_14-12-29_0000082_labelled_Odin_pheeseq_0000044_labelled_mD4.wav,Odin,Olympia,after,non-partner,Odin-Nougatti,9.710806,-4.8758965,PaCMAP
1879,after_phees_2022-08-08_14-12-29_0000082_labelled_Odin_pheeseq_0000045_labelled_mD1.wav,Odin,Olympia,after,non-partner,Odin-Nougatti,12.167081,-5.7009535,PaCMAP
1880,after_phees_2022-08-08_14-12-29_0000082_labelled_Odin_pheeseq_0000045_labelled_mD4.wav,Odin,Olympia,after,non-partner,Odin-Nougatti,10.402245,-4.4179926,PaCMAP
1881,after_phees_2022-08-08_14-12-29_0000082_labelled_Odin_pheeseq_0000045_labelled_mD5.wav,Odin,Olympia,after,non-partner,Odin-Nougatti,11.022992,-3.6576965,PaCMAP
1882,after_phees_2022-08-08_14-12-29_0000082_labelled_Odin_pheeseq_0000045_labelled_mD6.wav,Odin,Olympia,after,non-partner,Odin-Nougatti,10.785569,-3.7416584,PaCMAP
1883,after_phees_2022-08-08_14-12-29_0000082_labelled_Odin_pheeseq_0000046_labelled_mD1.wav,Odin,Olympia,after,non-partner,Odin-Nougatti,10.731475,-3.3051486,PaCMAP
1884,after_phees_2022-08-08_14-12-29_0000082_labelled_Odin_pheeseq_0000046_labelled_mD3.wav,Odin,Olympia,after,non-partner,Odin-Nougatti,12.767442,-3.0344932,PaCMAP
1885,after_phees_2022-08-08_14-12-29_0000082_labelled_Odin_pheeseq_0000046_labelled_mD4.wav,Odin,Olympia,after,non-partner,Odin-Nougatti,9.391885,-3.0591362,PaCMAP
1886,after_phees_2022-08-08_14-12-29_0000082_labelled_Odin_pheeseq_0000046_labelled_mD5.wav,Odin,Olympia,after,non-partner,Odin-Nougatti,1.8570948,-0.71491015,PaCMAP
1887,after_phees_2022-08-08_14-12-29_0000082_labelled_Odin_pheeseq_0000047_labelled_mD5.wav,Odin,Olympia,after,non-partner,Odin-Nougatti,13.191419,-3.304928,PaCMAP
1888,after_phees_2022-08-08_14-12-29_0000082_labelled_Odin_pheeseq_0000047_labelled_mD6.wav,Odin,Olympia,after,non-partner,Odin-Nougatti,12.95748,-3.2952216,PaCMAP
1889,after_phees_2022-08-08_14-12-29_0000082_labelled_Olympia_pheeseq_0000048_labelled_mB1.wav,Olympia,Odin,after,non-partner,Wuschel-Olympia,-14.569546,3.8844814,PaCMAP
1890,after_phees_2022-08-08_14-12-29_0000082_labelled_Olympia_pheeseq_0000048_labelled_mB2.wav,Olympia,Odin,after,non-partner,Wuschel-Olympia,-11.824197,1.9715763,PaCMAP
1891,after_phees_2022-08-08_14-38-44_0000083_labelled_Nougatti_pheeseq_0000002_labelled_mB1.wav,Nougatti,Odin,after,partner,Odin-Nougatti,7.955677,-5.529762,PaCMAP
1892,after_phees_2022-08-08_14-38-44_0000083_labelled_Nougatti_pheeseq_0000008_labelled_mB1.wav,Nougatti,Odin,after,partner,Odin-Nougatti,-2.4195046,1.318377,PaCMAP
1893,after_phees_2022-08-08_14-38-44_0000083_labelled_Nougatti_pheeseq_0000008_labelled_mB2.wav,Nougatti,Odin,after,partner,Odin-Nougatti,-2.1946945,-1.0237137,PaCMAP
1894,after_phees_2022-08-08_14-38-44_0000083_labelled_Nougatti_pheeseq_0000016_labelled_mB1.wav,Nougatti,Odin,after,partner,Odin-Nougatti,-3.4166307,3.639671,PaCMAP
1895,after_phees_2022-08-08_14-38-44_0000083_labelled_Nougatti_pheeseq_0000016_labelled_mB2.wav,Nougatti,Odin,after,partner,Odin-Nougatti,-2.5538845,2.003019,PaCMAP
1896,after_phees_2022-08-08_14-38-44_0000083_labelled_Nougatti_pheeseq_0000019_labelled_mB1.wav,Nougatti,Odin,after,partner,Odin-Nougatti,-5.997433,5.750794,PaCMAP
1897,after_phees_2022-08-08_14-38-44_0000083_labelled_Nougatti_pheeseq_0000019_labelled_mB3.wav,Nougatti,Odin,after,partner,Odin-Nougatti,-1.1694014,0.26166552,PaCMAP
1898,after_phees_2022-08-08_14-38-44_0000083_labelled_Nougatti_pheeseq_0000020_labelled_mB1.wav,Nougatti,Odin,after,partner,Odin-Nougatti,-4.4377027,6.608177,PaCMAP
1899,after_phees_2022-08-08_14-38-44_0000083_labelled_Nougatti_pheeseq_0000020_labelled_mB2.wav,Nougatti,Odin,after,partner,Odin-Nougatti,-0.6704951,1.2501279,PaCMAP
1900,after_phees_2022-08-08_14-38-44_0000083_labelled_Nougatti_pheeseq_0000022_labelled_mB1.wav,Nougatti,Odin,after,partner,Odin-Nougatti,-4.4681616,6.4926543,PaCMAP
1901,after_phees_2022-08-08_14-38-44_0000083_labelled_Nougatti_pheeseq_0000022_labelled_mB2.wav,Nougatti,Odin,after,partner,Odin-Nougatti,-0.64643764,1.5932214,PaCMAP
1902,after_phees_2022-08-08_14-38-44_0000083_labelled_Nougatti_pheeseq_0000023_labelled_mB1.wav,Nougatti,Odin,after,partner,Odin-Nougatti,-2.888282,2.6740494,PaCMAP
1903,after_phees_2022-08-08_14-38-44_0000083_labelled_Nougatti_pheeseq_0000023_labelled_mB3.wav,Nougatti,Odin,after,partner,Odin-Nougatti,-0.6963948,1.9965897,PaCMAP
1904,after_phees_2022-08-08_14-38-44_0000083_labelled_Nougatti_pheeseq_0000024_labelled_mB1.wav,Nougatti,Odin,after,partner,Odin-Nougatti,-5.989275,6.04441,PaCMAP
1905,after_phees_2022-08-08_14-38-44_0000083_labelled_Nougatti_pheeseq_0000024_labelled_mB2.wav,Nougatti,Odin,after,partner,Odin-Nougatti,6.6222115,-6.681628,PaCMAP
1906,after_phees_2022-08-08_14-38-44_0000083_labelled_Nougatti_pheeseq_0000025_labelled_mC1.wav,Nougatti,Odin,after,partner,Odin-Nougatti,-0.8649164,1.6875314,PaCMAP
1907,after_phees_2022-08-08_14-38-44_0000083_labelled_Nougatti_pheeseq_0000025_labelled_mC2.wav,Nougatti,Odin,after,partner,Odin-Nougatti,0.31854302,1.7594522,PaCMAP
1908,after_phees_2022-08-08_14-38-44_0000083_labelled_Nougatti_pheeseq_0000025_labelled_mC3.wav,Nougatti,Odin,after,partner,Odin-Nougatti,0.5230053,-0.02302468,PaCMAP
1909,after_phees_2022-08-08_14-38-44_0000083_labelled_Nougatti_pheeseq_0000036_labelled_mB1.wav,Nougatti,Odin,after,partner,Odin-Nougatti,-4.036467,5.294805,PaCMAP
1910,after_phees_2022-08-08_14-38-44_0000083_labelled_Nougatti_pheeseq_0000037_labelled_mB1.wav,Nougatti,Odin,after,partner,Odin-Nougatti,-3.2976296,3.9014814,PaCMAP
1911,after_phees_2022-08-08_14-38-44_0000083_labelled_Nougatti_pheeseq_0000037_labelled_mB3.wav,Nougatti,Odin,after,partner,Odin-Nougatti,7.582811,-7.0985837,PaCMAP
1912,after_phees_2022-08-08_14-38-44_0000083_labelled_Nougatti_pheeseq_0000038_labelled_mC1.wav,Nougatti,Odin,after,partner,Odin-Nougatti,-2.2448547,-0.3136923,PaCMAP
1913,after_phees_2022-08-08_14-38-44_0000083_labelled_Nougatti_pheeseq_0000038_labelled_mC2.wav,Nougatti,Odin,after,partner,Odin-Nougatti,8.154088,-6.6337233,PaCMAP
1914,after_phees_2022-08-08_14-38-44_0000083_labelled_Nougatti_pheeseq_0000038_labelled_mC3.wav,Nougatti,Odin,after,partner,Odin-Nougatti,-8.549968,3.251685,PaCMAP
1915,after_phees_2022-08-08_14-38-44_0000083_labelled_Nougatti_pheeseq_0000040_labelled_mB1.wav,Nougatti,Odin,after,partner,Odin-Nougatti,-4.5788894,5.533136,PaCMAP
1916,after_phees_2022-08-08_14-38-44_0000083_labelled_Nougatti_pheeseq_0000040_labelled_mB3.wav,Nougatti,Odin,after,partner,Odin-Nougatti,6.981146,-6.9889145,PaCMAP
1917,after_phees_2022-08-08_14-38-44_0000083_labelled_Nougatti_pheeseq_0000041_labelled_mB1.wav,Nougatti,Odin,after,partner,Odin-Nougatti,-2.5788286,1.9164472,PaCMAP
1918,after_phees_2022-08-08_14-38-44_0000083_labelled_Nougatti_pheeseq_0000041_labelled_mB3.wav,Nougatti,Odin,after,partner,Odin-Nougatti,-1.026633,0.73216605,PaCMAP
1919,after_phees_2022-08-08_14-38-44_0000083_labelled_Nougatti_pheeseq_0000043_labelled_mB1.wav,Nougatti,Odin,after,partner,Odin-Nougatti,-6.1044884,5.5717106,PaCMAP
1920,after_phees_2022-08-08_14-38-44_0000083_labelled_Nougatti_pheeseq_0000043_labelled_mB3.wav,Nougatti,Odin,after,partner,Odin-Nougatti,-1.5836698,0.6307027,PaCMAP
1921,after_phees_2022-08-08_14-38-44_0000083_labelled_Nougatti_pheeseq_0000044_labelled_mB1.wav,Nougatti,Odin,after,partner,Odin-Nougatti,-5.3688974,5.7251606,PaCMAP
1922,after_phees_2022-08-08_14-38-44_0000083_labelled_Nougatti_pheeseq_0000044_labelled_mB3.wav,Nougatti,Odin,after,partner,Odin-Nougatti,6.6910996,-6.417175,PaCMAP
1923,after_phees_2022-08-08_14-38-44_0000083_labelled_Nougatti_pheeseq_0000045_labelled_mB1.wav,Nougatti,Odin,after,partner,Odin-Nougatti,-5.081347,6.2839794,PaCMAP
1924,after_phees_2022-08-08_14-38-44_0000083_labelled_Nougatti_pheeseq_0000045_labelled_mB2.wav,Nougatti,Odin,after,partner,Odin-Nougatti,-0.7930887,1.0356132,PaCMAP
1925,after_phees_2022-08-08_14-38-44_0000083_labelled_Nougatti_pheeseq_0000046_labelled_mB1.wav,Nougatti,Odin,after,partner,Odin-Nougatti,-4.7403665,6.2538123,PaCMAP
1926,after_phees_2022-08-08_14-38-44_0000083_labelled_Nougatti_pheeseq_0000046_labelled_mB2.wav,Nougatti,Odin,after,partner,Odin-Nougatti,7.216362,-7.1912503,PaCMAP
1927,after_phees_2022-08-08_15-04-09_0000084_labelled_Nougatti_pheeseq_0000005_labelled_mB1.wav,Nougatti,Wuschel,after,non-partner,Odin-Nougatti,-4.429893,5.7440057,PaCMAP
1928,after_phees_2022-08-08_15-04-09_0000084_labelled_Nougatti_pheeseq_0000005_labelled_mB3.wav,Nougatti,Wuschel,after,non-partner,Odin-Nougatti,-6.54455,5.6950593,PaCMAP
1929,after_phees_2022-08-08_15-04-09_0000084_labelled_Nougatti_pheeseq_0000006_labelled_mB1.wav,Nougatti,Wuschel,after,non-partner,Odin-Nougatti,-4.2344985,6.360706,PaCMAP
1930,after_phees_2022-08-08_15-04-09_0000084_labelled_Nougatti_pheeseq_0000006_labelled_mB2.wav,Nougatti,Wuschel,after,non-partner,Odin-Nougatti,7.321677,-7.614461,PaCMAP
1931,after_phees_2022-08-08_15-04-09_0000084_labelled_Nougatti_pheeseq_0000007_labelled_mB1.wav,Nougatti,Wuschel,after,non-partner,Odin-Nougatti,-2.763958,2.764113,PaCMAP
1932,after_phees_2022-08-08_15-04-09_0000084_labelled_Nougatti_pheeseq_0000007_labelled_mB3.wav,Nougatti,Wuschel,after,non-partner,Odin-Nougatti,6.708143,-6.6938324,PaCMAP
1933,after_phees_2022-08-08_15-04-09_0000084_labelled_Nougatti_pheeseq_0000008_labelled_mC1.wav,Nougatti,Wuschel,after,non-partner,Odin-Nougatti,-1.5286206,2.4264786,PaCMAP
1934,after_phees_2022-08-08_15-04-09_0000084_labelled_Nougatti_pheeseq_0000008_labelled_mC3.wav,Nougatti,Wuschel,after,non-partner,Odin-Nougatti,6.5644155,-6.3460207,PaCMAP
1935,after_phees_2022-08-08_15-04-09_0000084_labelled_Nougatti_pheeseq_0000008_labelled_mC4.wav,Nougatti,Wuschel,after,non-partner,Odin-Nougatti,9.439443,-6.6948647,PaCMAP
1936,after_phees_2022-08-08_15-04-09_0000084_labelled_Nougatti_pheeseq_0000009_labelled_mB1.wav,Nougatti,Wuschel,after,non-partner,Odin-Nougatti,-2.567449,1.8294225,PaCMAP
1937,after_phees_2022-08-08_15-04-09_0000084_labelled_Nougatti_pheeseq_0000009_labelled_mB2.wav,Nougatti,Wuschel,after,non-partner,Odin-Nougatti,6.8425117,-5.867796,PaCMAP
1938,after_phees_2022-08-08_15-04-09_0000084_labelled_Nougatti_pheeseq_0000010_labelled_mB1.wav,Nougatti,Wuschel,after,non-partner,Odin-Nougatti,-1.1683918,2.5227494,PaCMAP
1939,after_phees_2022-08-08_15-04-09_0000084_labelled_Nougatti_pheeseq_0000010_labelled_mB2.wav,Nougatti,Wuschel,after,non-partner,Odin-Nougatti,-0.33246052,1.1186178,PaCMAP
1940,after_phees_2022-08-08_15-04-09_0000084_labelled_Nougatti_pheeseq_0000011_labelled_mB1.wav,Nougatti,Wuschel,after,non-partner,Odin-Nougatti,-1.1576135,2.3659434,PaCMAP
1941,after_phees_2022-08-08_15-04-09_0000084_labelled_Nougatti_pheeseq_0000011_labelled_mB2.wav,Nougatti,Wuschel,after,non-partner,Odin-Nougatti,6.840424,-6.0351458,PaCMAP
1942,after_phees_2022-08-08_15-04-09_0000084_labelled_Nougatti_pheeseq_0000026_labelled_mB1.wav,Nougatti,Wuschel,after,non-partner,Odin-Nougatti,-5.6241283,5.568697,PaCMAP
1943,after_phees_2022-08-08_15-04-09_0000084_labelled_Nougatti_pheeseq_0000026_labelled_mB2.wav,Nougatti,Wuschel,after,non-partner,Odin-Nougatti,-4.0968904,4.7915325,PaCMAP
1944,after_phees_2022-08-08_15-04-09_0000084_labelled_Nougatti_pheeseq_0000027_labelled_mB1.wav,Nougatti,Wuschel,after,non-partner,Odin-Nougatti,-6.236239,5.7199097,PaCMAP
1945,after_phees_2022-08-08_15-04-09_0000084_labelled_Nougatti_pheeseq_0000027_labelled_mB2.wav,Nougatti,Wuschel,after,non-partner,Odin-Nougatti,-1.681886,0.9089823,PaCMAP
1946,after_phees_2022-08-08_15-04-09_0000084_labelled_Nougatti_pheeseq_0000028_labelled_mB1.wav,Nougatti,Wuschel,after,non-partner,Odin-Nougatti,-4.2961035,1.8596798,PaCMAP
1947,after_phees_2022-08-08_15-04-09_0000084_labelled_Nougatti_pheeseq_0000028_labelled_mB2.wav,Nougatti,Wuschel,after,non-partner,Odin-Nougatti,-2.4448445,1.1458644,PaCMAP
1948,after_phees_2022-08-08_15-04-09_0000084_labelled_Nougatti_pheeseq_0000029_labelled_mB1.wav,Nougatti,Wuschel,after,non-partner,Odin-Nougatti,-6.0331783,5.7005687,PaCMAP
1949,after_phees_2022-08-08_15-04-09_0000084_labelled_Nougatti_pheeseq_0000029_labelled_mB2.wav,Nougatti,Wuschel,after,non-partner,Odin-Nougatti,7.268132,-7.5647326,PaCMAP
1950,after_phees_2022-08-08_15-04-09_0000084_labelled_Nougatti_pheeseq_0000030_labelled_mB1.wav,Nougatti,Wuschel,after,non-partner,Odin-Nougatti,-2.3593788,0.7451936,PaCMAP
1951,after_phees_2022-08-08_15-04-09_0000084_labelled_Nougatti_pheeseq_0000030_labelled_mB2.wav,Nougatti,Wuschel,after,non-partner,Odin-Nougatti,-0.67536926,1.4324366,PaCMAP
1952,after_phees_2022-08-08_15-04-09_0000084_labelled_Nougatti_pheeseq_0000031_labelled_mB1.wav,Nougatti,Wuschel,after,non-partner,Odin-Nougatti,-1.2123653,3.1826887,PaCMAP
1953,after_phees_2022-08-08_15-04-09_0000084_labelled_Nougatti_pheeseq_0000031_labelled_mB2.wav,Nougatti,Wuschel,after,non-partner,Odin-Nougatti,-0.8537254,1.2240969,PaCMAP
1954,after_phees_2022-08-08_15-04-09_0000084_labelled_Nougatti_pheeseq_0000032_labelled_mB1.wav,Nougatti,Wuschel,after,non-partner,Odin-Nougatti,-1.2636386,2.8533378,PaCMAP
1955,after_phees_2022-08-08_15-04-09_0000084_labelled_Nougatti_pheeseq_0000032_labelled_mB2.wav,Nougatti,Wuschel,after,non-partner,Odin-Nougatti,6.669195,-6.381882,PaCMAP
1956,after_phees_2022-08-08_15-04-09_0000084_labelled_Nougatti_pheeseq_0000033_labelled_mC1.wav,Nougatti,Wuschel,after,non-partner,Odin-Nougatti,7.8181095,-7.8114758,PaCMAP
1957,after_phees_2022-08-08_15-04-09_0000084_labelled_Nougatti_pheeseq_0000033_labelled_mC2.wav,Nougatti,Wuschel,after,non-partner,Odin-Nougatti,7.5963492,-5.787495,PaCMAP
1958,after_phees_2022-08-08_15-04-09_0000084_labelled_Nougatti_pheeseq_0000033_labelled_mC3.wav,Nougatti,Wuschel,after,non-partner,Odin-Nougatti,10.418399,-7.4775105,PaCMAP
1959,after_trills_2022-07-19_14-36-49_0000021_labelled_Wuschel_pheeseq_0000013_labelled_mB1.wav,Wuschel,Lola,after,non-partner,Wuschel-Olympia,6.0162997,-1.3998257,PaCMAP
1960,after_trills_2022-07-19_14-36-49_0000021_labelled_Wuschel_pheeseq_0000013_labelled_mB2.wav,Wuschel,Lola,after,non-partner,Wuschel-Olympia,5.5315785,-1.2244391,PaCMAP
1961,after_trills_2022-07-20_15-39-45_0000028_labelled_Tabor_pheeseq_0000011_labelled_mC1.wav,Tabor,Nougatti,after,non-partner,Tabor-Lola,9.431398,-6.9192343,PaCMAP
1962,after_trills_2022-07-20_15-39-45_0000028_labelled_Tabor_pheeseq_0000011_labelled_mC2.wav,Tabor,Nougatti,after,non-partner,Tabor-Lola,-5.70421,-2.404004,PaCMAP
1963,after_trills_2022-07-20_15-39-45_0000028_labelled_Tabor_pheeseq_0000011_labelled_mC3.wav,Tabor,Nougatti,after,non-partner,Tabor-Lola,-6.4990644,-2.0757065,PaCMAP
1964,after_trills_2022-07-20_15-39-45_0000028_labelled_Tabor_pheeseq_0000012_labelled_mB1.wav,Tabor,Nougatti,after,non-partner,Tabor-Lola,9.682294,-7.1879606,PaCMAP
1965,after_trills_2022-07-20_15-39-45_0000028_labelled_Tabor_pheeseq_0000012_labelled_mB2.wav,Tabor,Nougatti,after,non-partner,Tabor-Lola,10.782651,-4.010634,PaCMAP
1966,after_trills_2022-07-21_10-47-45_0000032_labelled_Odin_pheeseq_0000017_labelled_mB1.wav,Odin,Nougatti,after,partner,Odin-Nougatti,-15.742138,3.7863994,PaCMAP
1967,after_trills_2022-07-21_13-24-59_0000034_labelled_Olympia_pheeseq_0000033_labelled_mB2.wav,Olympia,Wuschel,after,partner,Wuschel-Olympia,-6.6568174,-1.7650361,PaCMAP
1968,after_trills_2022-07-21_13-48-52_0000035_labelled_Tabor_pheeseq_0000002_labelled_mD1.wav,Tabor,Olympia,after,non-partner,Tabor-Lola,-7.527609,4.8681912,PaCMAP
1969,after_trills_2022-07-21_13-48-52_0000035_labelled_Tabor_pheeseq_0000002_labelled_mD2.wav,Tabor,Olympia,after,non-partner,Tabor-Lola,-5.440725,-2.442285,PaCMAP
1970,after_trills_2022-07-21_13-48-52_0000035_labelled_Tabor_pheeseq_0000002_labelled_mD3.wav,Tabor,Olympia,after,non-partner,Tabor-Lola,-6.7845545,-1.7769936,PaCMAP
1971,after_trills_2022-07-21_13-48-52_0000035_labelled_Tabor_pheeseq_0000002_labelled_mD4.wav,Tabor,Olympia,after,non-partner,Tabor-Lola,-9.372407,2.28593,PaCMAP
1972,after_trills_2022-07-21_13-48-52_0000035_labelled_Tabor_pheeseq_0000009_labelled_mB1.wav,Tabor,Olympia,after,non-partner,Tabor-Lola,-4.81468,-0.15998968,PaCMAP
1973,after_trills_2022-07-21_13-48-52_0000035_labelled_Tabor_pheeseq_0000009_labelled_mB2.wav,Tabor,Olympia,after,non-partner,Tabor-Lola,-7.8234696,4.6273613,PaCMAP
1974,after_trills_2022-07-21_13-48-52_0000035_labelled_Tabor_pheeseq_0000011_labelled_mB2.wav,Tabor,Olympia,after,non-partner,Tabor-Lola,-5.0905843,4.21518,PaCMAP
1975,after_trills_2022-07-26_13-45-13_0000050_labelled_Tabor_pheeseq_0000002_labelled_mC1.wav,Tabor,Lola,after,partner,Tabor-Lola,-7.570729,4.6379666,PaCMAP
1976,after_trills_2022-07-26_13-45-13_0000050_labelled_Tabor_pheeseq_0000002_labelled_mC2.wav,Tabor,Lola,after,partner,Tabor-Lola,11.302647,-7.821156,PaCMAP
1977,after_trills_2022-07-26_13-45-13_0000050_labelled_Tabor_pheeseq_0000014_labelled_mD1.wav,Tabor,Lola,after,partner,Tabor-Lola,-2.4243405,-2.5195944,PaCMAP
1978,after_trills_2022-07-26_13-45-13_0000050_labelled_Tabor_pheeseq_0000014_labelled_mD2.wav,Tabor,Lola,after,partner,Tabor-Lola,10.054109,-6.8506165,PaCMAP
1979,after_trills_2022-07-26_13-45-13_0000050_labelled_Tabor_pheeseq_0000014_labelled_mD3.wav,Tabor,Lola,after,partner,Tabor-Lola,-4.3987193,-2.420483,PaCMAP
1980,after_trills_2022-07-26_13-45-13_0000050_labelled_Tabor_pheeseq_0000014_labelled_mD4.wav,Tabor,Lola,after,partner,Tabor-Lola,-9.656398,1.0259103,PaCMAP
1981,after_trills_2022-07-26_13-45-13_0000050_labelled_Tabor_pheeseq_0000015_labelled_mD1.wav,Tabor,Lola,after,partner,Tabor-Lola,-1.2706847,-2.1829622,PaCMAP
1982,after_trills_2022-07-26_13-45-13_0000050_labelled_Tabor_pheeseq_0000015_labelled_mD2.wav,Tabor,Lola,after,partner,Tabor-Lola,10.871085,-6.41584,PaCMAP
1983,after_trills_2022-07-26_13-45-13_0000050_labelled_Tabor_pheeseq_0000015_labelled_mD3.wav,Tabor,Lola,after,partner,Tabor-Lola,-4.422998,-2.4306252,PaCMAP
1984,after_trills_2022-07-26_13-45-13_0000050_labelled_Tabor_pheeseq_0000015_labelled_mD4.wav,Tabor,Lola,after,partner,Tabor-Lola,-9.198593,0.35331327,PaCMAP
1985,after_trills_2022-07-26_15-00-39_0000053_labelled_Nougatti_pheeseq_0000009_labelled_mC2.wav,Nougatti,Wuschel,after,non-partner,Odin-Nougatti,9.96238,-8.805144,PaCMAP
1986,after_trills_2022-07-26_15-00-39_0000053_labelled_Nougatti_pheeseq_0000009_labelled_mC3.wav,Nougatti,Wuschel,after,non-partner,Odin-Nougatti,-9.375575,-0.19683746,PaCMAP
1987,after_trills_2022-07-26_15-00-39_0000053_labelled_Nougatti_pheeseq_0000019_labelled_mB1.wav,Nougatti,Wuschel,after,non-partner,Odin-Nougatti,1.6598201,-0.6915283,PaCMAP
1988,after_trills_2022-07-26_15-00-39_0000053_labelled_Nougatti_pheeseq_0000019_labelled_mB2.wav,Nougatti,Wuschel,after,non-partner,Odin-Nougatti,-5.0970483,-1.0362664,PaCMAP
1989,after_trills_2022-07-26_15-00-39_0000053_labelled_Nougatti_pheeseq_0000021_labelled_mD2.wav,Nougatti,Wuschel,after,non-partner,Odin-Nougatti,8.247328,-5.372045,PaCMAP
1990,after_trills_2022-07-26_15-00-39_0000053_labelled_Nougatti_pheeseq_0000021_labelled_mD3.wav,Nougatti,Wuschel,after,non-partner,Odin-Nougatti,-6.267166,-1.7271675,PaCMAP
1991,after_trills_2022-07-26_15-00-39_0000053_labelled_Nougatti_pheeseq_0000021_labelled_mD4.wav,Nougatti,Wuschel,after,non-partner,Odin-Nougatti,-10.356999,1.3312896,PaCMAP
1992,after_trills_2022-07-27_10-24-07_0000055_labelled_Tabor_pheeseq_0000002_labelled_mC1.wav,Tabor,Nougatti,after,non-partner,Tabor-Lola,10.059957,-8.035288,PaCMAP
1993,after_trills_2022-07-27_10-24-07_0000055_labelled_Tabor_pheeseq_0000002_labelled_mC2.wav,Tabor,Nougatti,after,non-partner,Tabor-Lola,-3.4198592,-2.5272102,PaCMAP
1994,after_trills_2022-07-27_10-24-07_0000055_labelled_Tabor_pheeseq_0000002_labelled_mC3.wav,Tabor,Nougatti,after,non-partner,Tabor-Lola,-3.8462915,-2.4137862,PaCMAP
1995,after_trills_2022-07-27_10-54-22_0000056_labelled_Odin_pheeseq_0000006_labelled_mB2.wav,Odin,Nougatti,after,partner,Odin-Nougatti,-4.917553,-0.6027034,PaCMAP
1996,after_trills_2022-07-27_11-30-42_0000057_labelled_Lola_pheeseq_0000004_labelled_mB1.wav,Lola,Wuschel,after,non-partner,Tabor-Lola,4.517314,-0.49477476,PaCMAP
1997,after_trills_2022-07-27_11-30-42_0000057_labelled_Lola_pheeseq_0000004_labelled_mB2.wav,Lola,Wuschel,after,non-partner,Tabor-Lola,8.394699,-2.4287271,PaCMAP
1998,after_trills_2022-08-02_15-01-39_0000067_labelled_Tabor_pheeseq_0000006_labelled_mD1.wav,Tabor,Lola,after,partner,Tabor-Lola,-6.990278,5.2732434,PaCMAP
1999,after_trills_2022-08-02_15-01-39_0000067_labelled_Tabor_pheeseq_0000006_labelled_mD2.wav,Tabor,Lola,after,partner,Tabor-Lola,11.409164,-6.354637,PaCMAP
2000,after_trills_2022-08-02_15-01-39_0000067_labelled_Tabor_pheeseq_0000006_labelled_mD3.wav,Tabor,Lola,after,partner,Tabor-Lola,11.487447,-8.046556,PaCMAP
2001,after_trills_2022-08-02_15-01-39_0000067_labelled_Tabor_pheeseq_0000006_labelled_mD4.wav,Tabor,Lola,after,partner,Tabor-Lola,-9.009247,-0.3015506,PaCMAP
2002,after_trills_2022-08-02_15-01-39_0000067_labelled_Tabor_pheeseq_0000025_labelled_mB1.wav,Tabor,Lola,after,partner,Tabor-Lola,11.419904,-6.5192585,PaCMAP
2003,after_trills_2022-08-02_15-01-39_0000067_labelled_Tabor_pheeseq_0000025_labelled_mB2.wav,Tabor,Lola,after,partner,Tabor-Lola,11.958478,-6.932895,PaCMAP
2004,after_trills_2022-08-02_15-01-39_0000067_labelled_Tabor_pheeseq_0000027_labelled_mD1.wav,Tabor,Lola,after,partner,Tabor-Lola,9.76731,-7.146409,PaCMAP
2005,after_trills_2022-08-02_15-01-39_0000067_labelled_Tabor_pheeseq_0000027_labelled_mD2.wav,Tabor,Lola,after,partner,Tabor-Lola,9.8466425,-6.542297,PaCMAP
2006,after_trills_2022-08-02_15-01-39_0000067_labelled_Tabor_pheeseq_0000027_labelled_mD3.wav,Tabor,Lola,after,partner,Tabor-Lola,11.262454,-6.3843427,PaCMAP
2007,after_trills_2022-08-02_15-01-39_0000067_labelled_Tabor_pheeseq_0000027_labelled_mD4.wav,Tabor,Lola,after,partner,Tabor-Lola,11.639557,-8.067799,PaCMAP
2008,after_trills_2022-08-02_15-01-39_0000067_labelled_Tabor_pheeseq_0000028_labelled_mB1.wav,Tabor,Lola,after,partner,Tabor-Lola,11.473444,-6.536374,PaCMAP
2009,after_trills_2022-08-02_15-01-39_0000067_labelled_Tabor_pheeseq_0000028_labelled_mB2.wav,Tabor,Lola,after,partner,Tabor-Lola,11.897408,-7.149699,PaCMAP
2010,after_trills_2022-08-02_15-01-39_0000067_labelled_Tabor_pheeseq_0000029_labelled_mD1.wav,Tabor,Lola,after,partner,Tabor-Lola,-2.0298097,-2.1791654,PaCMAP
2011,after_trills_2022-08-02_15-01-39_0000067_labelled_Tabor_pheeseq_0000029_labelled_mD2.wav,Tabor,Lola,after,partner,Tabor-Lola,10.544192,-5.6170187,PaCMAP
2012,after_trills_2022-08-02_15-01-39_0000067_labelled_Tabor_pheeseq_0000029_labelled_mD3.wav,Tabor,Lola,after,partner,Tabor-Lola,10.553053,-7.500359,PaCMAP
2013,after_trills_2022-08-02_15-01-39_0000067_labelled_Tabor_pheeseq_0000029_labelled_mD4.wav,Tabor,Lola,after,partner,Tabor-Lola,-9.659967,0.3373192,PaCMAP
2014,after_trills_2022-08-02_15-01-39_0000067_labelled_Tabor_pheeseq_0000030_labelled_mD1.wav,Tabor,Lola,after,partner,Tabor-Lola,-8.215101,4.1023874,PaCMAP
2015,after_trills_2022-08-02_15-01-39_0000067_labelled_Tabor_pheeseq_0000030_labelled_mD2.wav,Tabor,Lola,after,partner,Tabor-Lola,10.988084,-6.719172,PaCMAP
2016,after_trills_2022-08-02_15-01-39_0000067_labelled_Tabor_pheeseq_0000030_labelled_mD3.wav,Tabor,Lola,after,partner,Tabor-Lola,-5.9522963,-2.2479389,PaCMAP
2017,after_trills_2022-08-02_15-01-39_0000067_labelled_Tabor_pheeseq_0000030_labelled_mD4.wav,Tabor,Lola,after,partner,Tabor-Lola,-9.150539,-0.15380129,PaCMAP
2018,after_trills_2022-08-02_15-01-39_0000067_labelled_Tabor_pheeseq_0000032_labelled_mD1.wav,Tabor,Lola,after,partner,Tabor-Lola,-1.2645102,-2.1408129,PaCMAP
2019,after_trills_2022-08-02_15-01-39_0000067_labelled_Tabor_pheeseq_0000032_labelled_mD2.wav,Tabor,Lola,after,partner,Tabor-Lola,10.609774,-6.8763604,PaCMAP
2020,after_trills_2022-08-02_15-01-39_0000067_labelled_Tabor_pheeseq_0000032_labelled_mD3.wav,Tabor,Lola,after,partner,Tabor-Lola,11.26361,-8.557766,PaCMAP
2021,after_trills_2022-08-02_15-01-39_0000067_labelled_Tabor_pheeseq_0000032_labelled_mD4.wav,Tabor,Lola,after,partner,Tabor-Lola,-9.383301,-0.04934667,PaCMAP
2022,after_trills_2022-08-03_14-57-11_0000071_labelled_Odin_pheeseq_0000017_labelled_mB1.wav,Odin,Olympia,after,non-partner,Odin-Nougatti,8.751566,-4.587906,PaCMAP
2023,after_trills_2022-08-03_14-57-11_0000071_labelled_Odin_pheeseq_0000017_labelled_mB2.wav,Odin,Olympia,after,non-partner,Odin-Nougatti,1.7505708,-0.8152695,PaCMAP
2024,after_trills_2022-08-03_15-37-31_0000072_labelled_Nougatti_pheeseq_0000004_labelled_mB1.wav,Nougatti,Wuschel,after,non-partner,Odin-Nougatti,6.7320576,-7.0833335,PaCMAP
2025,after_trills_2022-08-03_15-37-31_0000072_labelled_Nougatti_pheeseq_0000004_labelled_mB2.wav,Nougatti,Wuschel,after,non-partner,Odin-Nougatti,9.023033,-7.30795,PaCMAP
2026,after_trills_2022-08-04_09-19-20_0000073_labelled_Nougatti_pheeseq_0000002_labelled_mC2.wav,Nougatti,Tabor,after,non-partner,Odin-Nougatti,8.781871,-4.7889566,PaCMAP
2027,after_trills_2022-08-04_09-19-20_0000073_labelled_Nougatti_pheeseq_0000002_labelled_mC3.wav,Nougatti,Tabor,after,non-partner,Odin-Nougatti,-4.2930746,-1.1184187,PaCMAP
2028,after_trills_2022-08-04_09-45-02_0000074_labelled_Odin_pheeseq_0000028_labelled_mB2.wav,Odin,Nougatti,after,partner,Odin-Nougatti,-2.2437375,-2.4413292,PaCMAP
2029,after_trills_2022-08-04_09-45-02_0000074_labelled_Odin_pheeseq_0000036_labelled_mB2.wav,Odin,Nougatti,after,partner,Odin-Nougatti,8.2819,-7.6194363,PaCMAP
2030,after_trills_2022-08-04_10-08-02_0000075_labelled_Odin_pheeseq_0000036_labelled_mC2.wav,Odin,Lola,after,non-partner,Odin-Nougatti,0.88704985,0.61087507,PaCMAP
2031,after_trills_2022-08-04_10-08-02_0000075_labelled_Odin_pheeseq_0000036_labelled_mC3.wav,Odin,Lola,after,non-partner,Odin-Nougatti,-9.612364,1.0294394,PaCMAP
2032,after_trills_2022-08-04_10-49-33_0000076_labelled_Tabor_pheeseq_0000017_labelled_mB1.wav,Tabor,Lola,after,partner,Tabor-Lola,0.014144037,-1.4830915,PaCMAP
2033,after_trills_2022-08-04_10-49-33_0000076_labelled_Tabor_pheeseq_0000017_labelled_mB2.wav,Tabor,Lola,after,partner,Tabor-Lola,9.594345,-7.0849056,PaCMAP
2034,after_trills_2022-08-04_10-49-33_0000076_labelled_Tabor_pheeseq_0000039_labelled_mC1.wav,Tabor,Lola,after,partner,Tabor-Lola,10.997805,-6.2278695,PaCMAP
2035,after_trills_2022-08-04_10-49-33_0000076_labelled_Tabor_pheeseq_0000039_labelled_mC2.wav,Tabor,Lola,after,partner,Tabor-Lola,11.19669,-6.713583,PaCMAP
2036,after_trills_2022-08-04_10-49-33_0000076_labelled_Tabor_pheeseq_0000039_labelled_mC3.wav,Tabor,Lola,after,partner,Tabor-Lola,-9.036577,2.8098118,PaCMAP
2037,after_trills_2022-08-04_10-49-33_0000076_labelled_Tabor_pheeseq_0000043_labelled_mB1.wav,Tabor,Lola,after,partner,Tabor-Lola,10.78849,-6.1357203,PaCMAP
2038,after_trills_2022-08-04_10-49-33_0000076_labelled_Tabor_pheeseq_0000043_labelled_mB2.wav,Tabor,Lola,after,partner,Tabor-Lola,11.799439,-7.4722576,PaCMAP
2039,after_trills_2022-08-08_10-34-30_0000077_labelled_Wuschel_pheeseq_0000022_labelled_mB1.wav,Wuschel,Olympia,after,partner,Wuschel-Olympia,12.313588,-6.706904,PaCMAP
2040,after_trills_2022-08-08_10-34-30_0000077_labelled_Wuschel_pheeseq_0000022_labelled_mB2.wav,Wuschel,Olympia,after,partner,Wuschel-Olympia,-9.356787,2.2116418,PaCMAP
2041,after_trills_2022-08-08_14-38-46_0000083_labelled_Nougatti_pheeseq_0000005_labelled_mB1.wav,Nougatti,Odin,after,partner,Odin-Nougatti,3.5354059,-0.044115182,PaCMAP
2042,after_trills_2022-08-08_14-38-46_0000083_labelled_Nougatti_pheeseq_0000005_labelled_mB2.wav,Nougatti,Odin,after,partner,Odin-Nougatti,10.300121,-5.8331537,PaCMAP
2043,after_trills_2022-08-08_14-38-46_0000083_labelled_Nougatti_pheeseq_0000057_labelled_mB1.wav,Nougatti,Odin,after,partner,Odin-Nougatti,6.8568993,-5.6080856,PaCMAP
2044,after_trills_2022-08-08_14-38-46_0000083_labelled_Nougatti_pheeseq_0000057_labelled_mB2.wav,Nougatti,Odin,after,partner,Odin-Nougatti,10.252114,-7.5642066,PaCMAP
2045,after_trills_2022-08-08_14-38-46_0000083_labelled_Nougatti_pheeseq_0000077_labelled_mB1.wav,Nougatti,Odin,after,partner,Odin-Nougatti,7.29967,-6.437368,PaCMAP
2046,after_trills_2022-08-08_14-38-46_0000083_labelled_Nougatti_pheeseq_0000077_labelled_mB2.wav,Nougatti,Odin,after,partner,Odin-Nougatti,10.942104,-8.548407,PaCMAP
2047,after_trills_2022-08-08_15-04-10_0000084_labelled_Wuschel_pheeseq_0000003_labelled_mB1.wav,Wuschel,Nougatti,after,non-partner,Wuschel-Olympia,-11.845364,3.9827194,PaCMAP
2048,after_trills_2022-08-08_15-04-10_0000084_labelled_Wuschel_pheeseq_0000003_labelled_mB2.wav,Wuschel,Nougatti,after,non-partner,Wuschel-Olympia,-9.383704,1.7272824,PaCMAP
2049,before_phees_2022-02-17_09-53-35_0000039_labelled_Nougatti_pheeseq_02_labelled_mB2.wav,Nougatti,Tabor,before,non-partner,Odin-Nougatti,11.3604145,-6.578984,PaCMAP
2050,before_phees_2022-02-17_09-53-35_0000039_labelled_Tabor_pheeseq_01_labelled_mB1.wav,Tabor,Nougatti,before,non-partner,Tabor-Lola,-12.2937975,2.8279407,PaCMAP
2051,before_phees_2022-02-17_09-53-35_0000039_labelled_Tabor_pheeseq_01_labelled_mB2.wav,Tabor,Nougatti,before,non-partner,Tabor-Lola,-10.469903,3.4662294,PaCMAP
2052,before_phees_2022-02-22_09-14-37_0000041_labelled_Odin_phee_01_labelled_mG1.wav,Odin,Olympia,before,non-partner,Odin-Nougatti,8.5000925,-7.8765254,PaCMAP
2053,before_phees_2022-02-22_09-14-37_0000041_labelled_Odin_phee_01_labelled_mG2.wav,Odin,Olympia,before,non-partner,Odin-Nougatti,10.589658,-4.9363546,PaCMAP
2054,before_phees_2022-02-22_09-14-37_0000041_labelled_Odin_phee_01_labelled_mG3.wav,Odin,Olympia,before,non-partner,Odin-Nougatti,10.681013,-5.201016,PaCMAP
2055,before_phees_2022-02-22_09-14-37_0000041_labelled_Odin_phee_01_labelled_mG4.wav,Odin,Olympia,before,non-partner,Odin-Nougatti,11.041629,-4.875845,PaCMAP
2056,before_phees_2022-02-22_09-14-37_0000041_labelled_Odin_phee_01_labelled_mG5.wav,Odin,Olympia,before,non-partner,Odin-Nougatti,-3.9422526,-2.2691243,PaCMAP
2057,before_phees_2022-02-22_09-14-37_0000041_labelled_Odin_phee_01_labelled_mG6.wav,Odin,Olympia,before,non-partner,Odin-Nougatti,11.787668,-5.7682843,PaCMAP
2058,before_phees_2022-02-22_09-14-37_0000041_labelled_Odin_phee_01_labelled_mG7.wav,Odin,Olympia,before,non-partner,Odin-Nougatti,-9.0546255,0.2524397,PaCMAP
2059,before_phees_2022-02-22_09-14-37_0000041_labelled_Odin_pheeseq_03_labelled_mD1.wav,Odin,Olympia,before,non-partner,Odin-Nougatti,14.833915,-5.3939033,PaCMAP
2060,before_phees_2022-02-22_09-14-37_0000041_labelled_Odin_pheeseq_03_labelled_mD2.wav,Odin,Olympia,before,non-partner,Odin-Nougatti,13.880467,-4.3484135,PaCMAP
2061,before_phees_2022-02-22_09-14-37_0000041_labelled_Odin_pheeseq_03_labelled_mD3.wav,Odin,Olympia,before,non-partner,Odin-Nougatti,14.112499,-4.177087,PaCMAP
2062,before_phees_2022-02-22_09-14-37_0000041_labelled_Odin_pheeseq_03_labelled_mD4.wav,Odin,Olympia,before,non-partner,Odin-Nougatti,13.243156,-4.336502,PaCMAP
2063,before_phees_2022-02-22_09-14-37_0000041_labelled_Odin_pheeseq_07_labelled_mC1.wav,Odin,Olympia,before,non-partner,Odin-Nougatti,12.407804,-3.1478276,PaCMAP
2064,before_phees_2022-02-22_09-14-37_0000041_labelled_Odin_pheeseq_07_labelled_mC2.wav,Odin,Olympia,before,non-partner,Odin-Nougatti,13.849942,-2.9771624,PaCMAP
2065,before_phees_2022-02-22_09-14-37_0000041_labelled_Odin_pheeseq_07_labelled_mC3.wav,Odin,Olympia,before,non-partner,Odin-Nougatti,11.164035,-4.0541005,PaCMAP
2066,before_phees_2022-02-22_09-14-37_0000041_labelled_Odin_pheeseq_09_labelled_mD1.wav,Odin,Olympia,before,non-partner,Odin-Nougatti,14.927301,-5.1895347,PaCMAP
2067,before_phees_2022-02-22_09-14-37_0000041_labelled_Odin_pheeseq_09_labelled_mD2.wav,Odin,Olympia,before,non-partner,Odin-Nougatti,14.194881,-3.9567175,PaCMAP
2068,before_phees_2022-02-22_09-14-37_0000041_labelled_Odin_pheeseq_09_labelled_mD3.wav,Odin,Olympia,before,non-partner,Odin-Nougatti,14.076345,-3.546339,PaCMAP
2069,before_phees_2022-02-22_09-14-37_0000041_labelled_Odin_pheeseq_09_labelled_mD4.wav,Odin,Olympia,before,non-partner,Odin-Nougatti,13.500012,-3.8852623,PaCMAP
2070,before_phees_2022-02-22_09-14-37_0000041_labelled_Odin_pheeseq_12_labelled_mC1.wav,Odin,Olympia,before,non-partner,Odin-Nougatti,6.9730453,-4.767664,PaCMAP
2071,before_phees_2022-02-22_09-14-37_0000041_labelled_Odin_pheeseq_12_labelled_mC3.wav,Odin,Olympia,before,non-partner,Odin-Nougatti,9.486691,-3.0455465,PaCMAP
2072,before_phees_2022-02-22_09-14-37_0000041_labelled_Odin_pheeseq_12_labelled_mC4.wav,Odin,Olympia,before,non-partner,Odin-Nougatti,2.2679858,-0.6632192,PaCMAP
2073,before_phees_2022-02-22_09-14-37_0000041_labelled_Odin_pheeseq_14_labelled_mD1.wav,Odin,Olympia,before,non-partner,Odin-Nougatti,1.4373946,-0.79044056,PaCMAP
2074,before_phees_2022-02-22_09-14-37_0000041_labelled_Odin_pheeseq_14_labelled_mD3.wav,Odin,Olympia,before,non-partner,Odin-Nougatti,13.289049,-3.4371054,PaCMAP
2075,before_phees_2022-02-22_09-14-37_0000041_labelled_Odin_pheeseq_14_labelled_mD4.wav,Odin,Olympia,before,non-partner,Odin-Nougatti,10.55043,-3.183783,PaCMAP
2076,before_phees_2022-02-22_09-14-37_0000041_labelled_Odin_pheeseq_14_labelled_mD5.wav,Odin,Olympia,before,non-partner,Odin-Nougatti,10.499271,-3.0422454,PaCMAP
2077,before_phees_2022-02-22_09-14-37_0000041_labelled_Odin_pheeseq_16_labelled_mD1.wav,Odin,Olympia,before,non-partner,Odin-Nougatti,2.980914,-0.4927866,PaCMAP
2078,before_phees_2022-02-22_09-14-37_0000041_labelled_Odin_pheeseq_16_labelled_mD3.wav,Odin,Olympia,before,non-partner,Odin-Nougatti,12.288513,-2.831831,PaCMAP
2079,before_phees_2022-02-22_09-14-37_0000041_labelled_Odin_pheeseq_16_labelled_mD4.wav,Odin,Olympia,before,non-partner,Odin-Nougatti,10.916029,-2.885058,PaCMAP
2080,before_phees_2022-02-22_09-14-37_0000041_labelled_Odin_pheeseq_16_labelled_mD5.wav,Odin,Olympia,before,non-partner,Odin-Nougatti,10.605107,-3.1586082,PaCMAP
2081,before_phees_2022-02-22_09-14-37_0000041_labelled_Odin_pheeseq_19_labelled_mE1.wav,Odin,Olympia,before,non-partner,Odin-Nougatti,9.156099,-3.3918161,PaCMAP
2082,before_phees_2022-02-22_09-14-37_0000041_labelled_Odin_pheeseq_19_labelled_mE2.wav,Odin,Olympia,before,non-partner,Odin-Nougatti,10.442697,-3.0352466,PaCMAP
2083,before_phees_2022-02-22_09-14-37_0000041_labelled_Odin_pheeseq_19_labelled_mE3.wav,Odin,Olympia,before,non-partner,Odin-Nougatti,10.298833,-3.0998921,PaCMAP
2084,before_phees_2022-02-22_09-14-37_0000041_labelled_Odin_pheeseq_19_labelled_mE4.wav,Odin,Olympia,before,non-partner,Odin-Nougatti,10.4174185,-3.0527704,PaCMAP
2085,before_phees_2022-02-22_09-14-37_0000041_labelled_Odin_pheeseq_19_labelled_mE5.wav,Odin,Olympia,before,non-partner,Odin-Nougatti,12.205419,-3.3737912,PaCMAP
2086,before_phees_2022-02-22_09-14-37_0000041_labelled_Odin_pheeseq_21_labelled_mD1.wav,Odin,Olympia,before,non-partner,Odin-Nougatti,13.217036,-4.224591,PaCMAP
2087,before_phees_2022-02-22_09-14-37_0000041_labelled_Odin_pheeseq_21_labelled_mD2.wav,Odin,Olympia,before,non-partner,Odin-Nougatti,13.039216,-3.692485,PaCMAP
2088,before_phees_2022-02-22_09-14-37_0000041_labelled_Odin_pheeseq_21_labelled_mD3.wav,Odin,Olympia,before,non-partner,Odin-Nougatti,12.950452,-3.8234136,PaCMAP
2089,before_phees_2022-02-22_09-14-37_0000041_labelled_Odin_pheeseq_21_labelled_mD4.wav,Odin,Olympia,before,non-partner,Odin-Nougatti,11.053964,-4.026745,PaCMAP
2090,before_phees_2022-02-22_09-14-37_0000041_labelled_Odin_pheeseq_24_labelled_mC1.wav,Odin,Olympia,before,non-partner,Odin-Nougatti,13.824679,-2.8444583,PaCMAP
2091,before_phees_2022-02-22_09-14-37_0000041_labelled_Odin_pheeseq_24_labelled_mC2.wav,Odin,Olympia,before,non-partner,Odin-Nougatti,13.540303,-3.1205235,PaCMAP
2092,before_phees_2022-02-22_09-14-37_0000041_labelled_Odin_pheeseq_24_labelled_mC3.wav,Odin,Olympia,before,non-partner,Odin-Nougatti,8.941129,-2.9203753,PaCMAP
2093,before_phees_2022-02-22_09-14-37_0000041_labelled_Odin_pheeseq_25_labelled_mC1.wav,Odin,Olympia,before,non-partner,Odin-Nougatti,6.087367,-1.9441248,PaCMAP
2094,before_phees_2022-02-22_09-14-37_0000041_labelled_Odin_pheeseq_25_labelled_mC3.wav,Odin,Olympia,before,non-partner,Odin-Nougatti,7.4033775,-3.1342525,PaCMAP
2095,before_phees_2022-02-22_09-14-37_0000041_labelled_Odin_pheeseq_25_labelled_mC4.wav,Odin,Olympia,before,non-partner,Odin-Nougatti,3.0243802,-0.24197707,PaCMAP
2096,before_phees_2022-02-22_09-14-37_0000041_labelled_Odin_pheeseq_26_labelled_mC1.wav,Odin,Olympia,before,non-partner,Odin-Nougatti,6.882108,-4.6736646,PaCMAP
2097,before_phees_2022-02-22_09-14-37_0000041_labelled_Odin_pheeseq_26_labelled_mC2.wav,Odin,Olympia,before,non-partner,Odin-Nougatti,2.969967,-0.42347252,PaCMAP
2098,before_phees_2022-02-22_09-14-37_0000041_labelled_Odin_pheeseq_26_labelled_mC3.wav,Odin,Olympia,before,non-partner,Odin-Nougatti,0.9509434,0.20728979,PaCMAP
2099,before_phees_2022-02-22_09-14-37_0000041_labelled_Odin_pheeseq_27_labelled_mE1.wav,Odin,Olympia,before,non-partner,Odin-Nougatti,8.753598,-5.3629427,PaCMAP
2100,before_phees_2022-02-22_09-14-37_0000041_labelled_Odin_pheeseq_27_labelled_mE4.wav,Odin,Olympia,before,non-partner,Odin-Nougatti,11.863089,-3.4347696,PaCMAP
2101,before_phees_2022-02-22_09-14-37_0000041_labelled_Odin_pheeseq_27_labelled_mE5.wav,Odin,Olympia,before,non-partner,Odin-Nougatti,12.935343,-3.0614383,PaCMAP
2102,before_phees_2022-02-22_09-14-37_0000041_labelled_Odin_pheeseq_27_labelled_mE6.wav,Odin,Olympia,before,non-partner,Odin-Nougatti,10.6284,-3.1185029,PaCMAP
2103,before_phees_2022-02-22_09-14-37_0000041_labelled_Odin_pheeseq_27_labelled_mE7.wav,Odin,Olympia,before,non-partner,Odin-Nougatti,9.9630165,-3.5919502,PaCMAP
2104,before_phees_2022-02-22_09-14-37_0000041_labelled_Odin_pheeseq_47_labelled_mB1.wav,Odin,Olympia,before,non-partner,Odin-Nougatti,-4.537451,6.289395,PaCMAP
2105,before_phees_2022-02-22_09-14-37_0000041_labelled_Odin_pheeseq_47_labelled_mB2.wav,Odin,Olympia,before,non-partner,Odin-Nougatti,9.2355795,-8.391508,PaCMAP
2106,before_phees_2022-02-22_09-14-37_0000041_labelled_Odin_pheeseq_49_labelled_mB1.wav,Odin,Olympia,before,non-partner,Odin-Nougatti,7.420985,-6.8337693,PaCMAP
2107,before_phees_2022-02-22_09-14-37_0000041_labelled_Odin_pheeseq_51_labelled_mD1.wav,Odin,Olympia,before,non-partner,Odin-Nougatti,6.6900463,-5.1495657,PaCMAP
2108,before_phees_2022-02-22_09-14-37_0000041_labelled_Odin_pheeseq_51_labelled_mD2.wav,Odin,Olympia,before,non-partner,Odin-Nougatti,6.858042,-4.7166142,PaCMAP
2109,before_phees_2022-02-22_09-14-37_0000041_labelled_Odin_pheeseq_51_labelled_mD3.wav,Odin,Olympia,before,non-partner,Odin-Nougatti,1.6827238,-0.25884253,PaCMAP
2110,before_phees_2022-02-22_09-14-37_0000041_labelled_Odin_pheeseq_51_labelled_mD4.wav,Odin,Olympia,before,non-partner,Odin-Nougatti,1.5289451,-0.26673707,PaCMAP
2111,before_phees_2022-02-22_09-14-37_0000041_labelled_Odin_pheeseq_53_labelled_mC1.wav,Odin,Olympia,before,non-partner,Odin-Nougatti,12.84316,-3.6662128,PaCMAP
2112,before_phees_2022-02-22_09-14-37_0000041_labelled_Odin_pheeseq_53_labelled_mC2.wav,Odin,Olympia,before,non-partner,Odin-Nougatti,12.362101,-3.9869142,PaCMAP
2113,before_phees_2022-02-22_09-14-37_0000041_labelled_Odin_pheeseq_53_labelled_mC3.wav,Odin,Olympia,before,non-partner,Odin-Nougatti,11.220402,-3.6858518,PaCMAP
2114,before_phees_2022-02-22_09-14-37_0000041_labelled_Odin_pheeseq_54_labelled_mC1.wav,Odin,Olympia,before,non-partner,Odin-Nougatti,10.390611,-3.6821465,PaCMAP
2115,before_phees_2022-02-22_09-14-37_0000041_labelled_Odin_pheeseq_54_labelled_mC3.wav,Odin,Olympia,before,non-partner,Odin-Nougatti,10.736343,-3.04485,PaCMAP
2116,before_phees_2022-02-22_09-14-37_0000041_labelled_Odin_pheeseq_54_labelled_mC4.wav,Odin,Olympia,before,non-partner,Odin-Nougatti,10.417514,-3.0170336,PaCMAP
2117,before_phees_2022-02-22_09-14-37_0000041_labelled_Odin_pheeseq_56_labelled_mB2.wav,Odin,Olympia,before,non-partner,Odin-Nougatti,10.654865,-3.1884584,PaCMAP
2118,before_phees_2022-02-22_09-14-37_0000041_labelled_Odin_pheeseq_58_labelled_mC1.wav,Odin,Olympia,before,non-partner,Odin-Nougatti,9.822745,-2.9033194,PaCMAP
2119,before_phees_2022-02-22_09-14-37_0000041_labelled_Odin_pheeseq_58_labelled_mC2.wav,Odin,Olympia,before,non-partner,Odin-Nougatti,9.079074,-2.8241668,PaCMAP
2120,before_phees_2022-02-22_09-14-37_0000041_labelled_Odin_pheeseq_58_labelled_mC3.wav,Odin,Olympia,before,non-partner,Odin-Nougatti,8.501599,-3.6176994,PaCMAP
2121,before_phees_2022-02-22_09-14-37_0000041_labelled_Odin_pheeseq_60_labelled_mC1.wav,Odin,Olympia,before,non-partner,Odin-Nougatti,13.900588,-3.4079282,PaCMAP
2122,before_phees_2022-02-22_09-14-37_0000041_labelled_Odin_pheeseq_60_labelled_mC2.wav,Odin,Olympia,before,non-partner,Odin-Nougatti,9.550422,-3.260993,PaCMAP
2123,before_phees_2022-02-22_09-14-37_0000041_labelled_Odin_pheeseq_60_labelled_mC3.wav,Odin,Olympia,before,non-partner,Odin-Nougatti,9.310717,-3.2524862,PaCMAP
2124,before_phees_2022-02-22_09-14-37_0000041_labelled_Odin_pheeseq_66_labelled_mB1.wav,Odin,Olympia,before,non-partner,Odin-Nougatti,1.1452446,0.25606608,PaCMAP
2125,before_phees_2022-02-22_09-14-37_0000041_labelled_Odin_pheeseq_66_labelled_mB2.wav,Odin,Olympia,before,non-partner,Odin-Nougatti,7.2045755,-4.331061,PaCMAP
2126,before_phees_2022-02-22_09-14-37_0000041_labelled_Odin_pheeseq_67_labelled_mC1.wav,Odin,Olympia,before,non-partner,Odin-Nougatti,1.1832769,1.7932233,PaCMAP
2127,before_phees_2022-02-22_09-14-37_0000041_labelled_Odin_pheeseq_67_labelled_mC2.wav,Odin,Olympia,before,non-partner,Odin-Nougatti,7.521418,-4.048256,PaCMAP
2128,before_phees_2022-02-22_09-14-37_0000041_labelled_Odin_pheeseq_67_labelled_mC3.wav,Odin,Olympia,before,non-partner,Odin-Nougatti,2.651528,-0.2890503,PaCMAP
2129,before_phees_2022-02-22_09-14-37_0000041_labelled_Olympia_pheeseq_11_labelled_mB1.wav,Olympia,Odin,before,non-partner,Wuschel-Olympia,-3.420176,1.2668556,PaCMAP
2130,before_phees_2022-02-22_09-14-37_0000041_labelled_Olympia_pheeseq_11_labelled_mB2.wav,Olympia,Odin,before,non-partner,Wuschel-Olympia,8.996147,-9.286482,PaCMAP
2131,before_phees_2022-02-22_09-14-37_0000041_labelled_Olympia_pheeseq_50_labelled_mB1.wav,Olympia,Odin,before,non-partner,Wuschel-Olympia,-14.2824745,2.3128517,PaCMAP
2132,before_phees_2022-02-22_09-14-37_0000041_labelled_Olympia_pheeseq_50_labelled_mB2.wav,Olympia,Odin,before,non-partner,Wuschel-Olympia,-11.588794,2.0962517,PaCMAP
2133,before_phees_2022-02-22_09-14-37_0000041_labelled_Olympia_pheeseq_65_labelled_mB1.wav,Olympia,Odin,before,non-partner,Wuschel-Olympia,-14.532781,3.218032,PaCMAP
2134,before_phees_2022-02-22_09-14-37_0000041_labelled_Olympia_pheeseq_65_labelled_mB2.wav,Olympia,Odin,before,non-partner,Wuschel-Olympia,-12.825595,3.90111,PaCMAP
2135,before_phees_2022-02-23_09-24-00_0000042_labelled_Lola_pheeseq_05_labelled_mB1.wav,Lola,Tabor,before,partner,Tabor-Lola,0.23507388,6.810939,PaCMAP
2136,before_phees_2022-02-23_09-24-00_0000042_labelled_Lola_pheeseq_05_labelled_mB2.wav,Lola,Tabor,before,partner,Tabor-Lola,2.3896863,1.8217368,PaCMAP
2137,before_phees_2022-02-23_09-24-00_0000042_labelled_Lola_pheeseq_06_labelled_mB1.wav,Lola,Tabor,before,partner,Tabor-Lola,0.25871146,6.056961,PaCMAP
2138,before_phees_2022-02-23_09-24-00_0000042_labelled_Lola_pheeseq_06_labelled_mB2.wav,Lola,Tabor,before,partner,Tabor-Lola,2.2915843,4.908063,PaCMAP
2139,before_phees_2022-02-25_10-36-24_0000044_labelled_Lola_pheeseq_02_labelled_mB1.wav,Lola,Odin,before,non-partner,Tabor-Lola,-1.2769735,4.5633225,PaCMAP
2140,before_phees_2022-02-25_10-36-24_0000044_labelled_Lola_pheeseq_15_labelled_mB1.wav,Lola,Odin,before,non-partner,Tabor-Lola,-3.8618698,5.591188,PaCMAP
2141,before_phees_2022-02-25_10-36-24_0000044_labelled_Lola_pheeseq_16_labelled_mB2.wav,Lola,Odin,before,non-partner,Tabor-Lola,-4.3187137,6.771325,PaCMAP
2142,before_phees_2022-02-25_10-36-24_0000044_labelled_Lola_pheeseq_20_labelled_mB1.wav,Lola,Odin,before,non-partner,Tabor-Lola,-1.2337425,5.026605,PaCMAP
2143,before_phees_2022-02-25_10-36-24_0000044_labelled_Lola_pheeseq_47_labelled_mB1.wav,Lola,Odin,before,non-partner,Tabor-Lola,-0.9926206,3.1457362,PaCMAP
2144,before_phees_2022-02-25_10-36-24_0000044_labelled_Lola_pheeseq_47_labelled_mB2.wav,Lola,Odin,before,non-partner,Tabor-Lola,0.8121186,2.6620266,PaCMAP
2145,before_phees_2022-02-25_10-36-24_0000044_labelled_Lola_pheeseq_64_labelled_mB1.wav,Lola,Odin,before,non-partner,Tabor-Lola,2.5209453,4.7811027,PaCMAP
2146,before_phees_2022-02-25_10-36-24_0000044_labelled_Lola_pheeseq_64_labelled_mB2.wav,Lola,Odin,before,non-partner,Tabor-Lola,4.3109803,-0.5322711,PaCMAP
2147,before_phees_2022-02-25_10-36-24_0000044_labelled_Odin_pheeseq_07_labelled_mB2.wav,Odin,Lola,before,non-partner,Odin-Nougatti,-1.4302144,0.64707816,PaCMAP
2148,before_phees_2022-02-25_10-36-24_0000044_labelled_Odin_pheeseq_27_labelled_mB1.wav,Odin,Lola,before,non-partner,Odin-Nougatti,-3.9453294,1.1542975,PaCMAP
2149,before_phees_2022-02-25_10-36-24_0000044_labelled_Odin_pheeseq_30_labelled_mC2.wav,Odin,Lola,before,non-partner,Odin-Nougatti,-2.0618756,0.5453573,PaCMAP
2150,before_phees_2022-02-25_10-36-24_0000044_labelled_Odin_pheeseq_30_labelled_mC3.wav,Odin,Lola,before,non-partner,Odin-Nougatti,0.4378239,-0.2482143,PaCMAP
2151,before_phees_2022-02-25_10-36-24_0000044_labelled_Odin_pheeseq_45_labelled_mC1.wav,Odin,Lola,before,non-partner,Odin-Nougatti,-4.5663896,-0.29345596,PaCMAP
2152,before_phees_2022-02-25_10-36-24_0000044_labelled_Odin_pheeseq_45_labelled_mC2.wav,Odin,Lola,before,non-partner,Odin-Nougatti,8.61224,-7.410975,PaCMAP
2153,before_phees_2022-02-25_10-36-24_0000044_labelled_Odin_pheeseq_45_labelled_mC3.wav,Odin,Lola,before,non-partner,Odin-Nougatti,9.232844,-6.4018784,PaCMAP
2154,before_phees_2022-02-25_10-36-24_0000044_labelled_Odin_pheeseq_46_labelled_mB1.wav,Odin,Lola,before,non-partner,Odin-Nougatti,8.4461,-7.8476343,PaCMAP
2155,before_phees_2022-02-25_10-36-24_0000044_labelled_Odin_pheeseq_46_labelled_mB2.wav,Odin,Lola,before,non-partner,Odin-Nougatti,0.4681042,-0.07395536,PaCMAP
2156,before_phees_2022-02-25_10-36-24_0000044_labelled_Odin_pheeseq_48_labelled_mB1.wav,Odin,Lola,before,non-partner,Odin-Nougatti,7.3247743,-4.4538913,PaCMAP
2157,before_phees_2022-02-25_10-36-24_0000044_labelled_Odin_pheeseq_48_labelled_mB2.wav,Odin,Lola,before,non-partner,Odin-Nougatti,8.603945,-2.7895868,PaCMAP
2158,before_phees_2022-02-25_10-36-24_0000044_labelled_Odin_pheeseq_50_labelled_mB1.wav,Odin,Lola,before,non-partner,Odin-Nougatti,-0.4746384,-0.24838048,PaCMAP
2159,before_phees_2022-02-25_10-36-24_0000044_labelled_Odin_pheeseq_50_labelled_mB2.wav,Odin,Lola,before,non-partner,Odin-Nougatti,7.583535,-5.721902,PaCMAP
2160,before_phees_2022-02-25_10-36-24_0000044_labelled_Odin_pheeseq_54_labelled_mC1.wav,Odin,Lola,before,non-partner,Odin-Nougatti,9.896792,-7.826338,PaCMAP
2161,before_phees_2022-02-25_10-36-24_0000044_labelled_Odin_pheeseq_54_labelled_mC2.wav,Odin,Lola,before,non-partner,Odin-Nougatti,9.077676,-5.258558,PaCMAP
2162,before_phees_2022-02-25_10-36-24_0000044_labelled_Odin_pheeseq_54_labelled_mC3.wav,Odin,Lola,before,non-partner,Odin-Nougatti,9.12753,-5.9008226,PaCMAP
2163,before_phees_2022-02-25_10-36-24_0000044_labelled_Odin_pheeseq_59_labelled_mC2.wav,Odin,Lola,before,non-partner,Odin-Nougatti,9.256637,-6.452958,PaCMAP
2164,before_phees_2022-02-25_10-36-24_0000044_labelled_Odin_pheeseq_73_labelled_mB1.wav,Odin,Lola,before,non-partner,Odin-Nougatti,8.143993,-8.880817,PaCMAP
2165,before_phees_2022-02-25_10-36-24_0000044_labelled_Odin_pheeseq_73_labelled_mB2.wav,Odin,Lola,before,non-partner,Odin-Nougatti,-2.369102,0.22585934,PaCMAP
2166,before_phees_2022-02-25_10-36-24_0000044_labelled_Odin_pheeseq_79_labelled_mB1.wav,Odin,Lola,before,non-partner,Odin-Nougatti,8.111354,-7.9824367,PaCMAP
2167,before_phees_2022-02-25_10-36-24_0000044_labelled_Odin_pheeseq_79_labelled_mB2.wav,Odin,Lola,before,non-partner,Odin-Nougatti,0.018840918,0.7131289,PaCMAP
2168,before_phees_2022-02-25_10-36-24_0000044_labelled_Odin_pheeseq_83_labelled_mB1.wav,Odin,Lola,before,non-partner,Odin-Nougatti,-1.6098,0.7778569,PaCMAP
2169,before_phees_2022-02-25_10-36-24_0000044_labelled_Odin_pheeseq_83_labelled_mB2.wav,Odin,Lola,before,non-partner,Odin-Nougatti,6.8875036,-6.064228,PaCMAP
2170,before_phees_2022-02-25_10-36-24_0000044_labelled_Odin_pheeseq_84_labelled_mC1.wav,Odin,Lola,before,non-partner,Odin-Nougatti,9.1152935,-8.356355,PaCMAP
2171,before_phees_2022-02-25_10-36-24_0000044_labelled_Odin_pheeseq_84_labelled_mC2.wav,Odin,Lola,before,non-partner,Odin-Nougatti,8.787066,-5.3624606,PaCMAP
2172,before_phees_2022-02-25_10-36-24_0000044_labelled_Odin_pheeseq_84_labelled_mC3.wav,Odin,Lola,before,non-partner,Odin-Nougatti,9.132656,-4.191633,PaCMAP
2173,before_phees_2022-02-28_09-34-19_0000045_labelled_Wuschel_pheeseq_01_labelled_mB1.wav,Wuschel,Olympia,before,partner,Wuschel-Olympia,-15.107029,3.396207,PaCMAP
2174,before_phees_2022-02-28_09-34-19_0000045_labelled_Wuschel_pheeseq_01_labelled_mB2.wav,Wuschel,Olympia,before,partner,Wuschel-Olympia,-11.20502,4.1783185,PaCMAP
2175,before_phees_2022-02-28_09-34-19_0000045_labelled_Wuschel_pheeseq_02_labelled_mB1.wav,Wuschel,Olympia,before,partner,Wuschel-Olympia,-13.39955,3.9008398,PaCMAP
2176,before_phees_2022-02-28_09-34-19_0000045_labelled_Wuschel_pheeseq_02_labelled_mB2.wav,Wuschel,Olympia,before,partner,Wuschel-Olympia,-10.344513,3.6374598,PaCMAP
2177,before_phees_2022-02-28_09-34-19_0000045_labelled_Wuschel_pheeseq_04_labelled_mB1.wav,Wuschel,Olympia,before,partner,Wuschel-Olympia,-12.704037,3.9785144,PaCMAP
2178,before_phees_2022-02-28_09-34-19_0000045_labelled_Wuschel_pheeseq_04_labelled_mB2.wav,Wuschel,Olympia,before,partner,Wuschel-Olympia,-11.3095875,4.2789955,PaCMAP
2179,before_phees_2022-02-28_09-34-19_0000045_labelled_Wuschel_pheeseq_05_labelled_mB2.wav,Wuschel,Olympia,before,partner,Wuschel-Olympia,-13.985623,1.2357874,PaCMAP
2180,before_phees_2022-02-28_09-34-19_0000045_labelled_Wuschel_pheeseq_06_labelled_mB1.wav,Wuschel,Olympia,before,partner,Wuschel-Olympia,-15.247681,3.4569595,PaCMAP
2181,before_phees_2022-02-28_09-34-19_0000045_labelled_Wuschel_pheeseq_06_labelled_mB2.wav,Wuschel,Olympia,before,partner,Wuschel-Olympia,-11.920983,3.9609623,PaCMAP
2182,before_phees_2022-02-28_09-34-19_0000045_labelled_Wuschel_pheeseq_07_labelled_mB1.wav,Wuschel,Olympia,before,partner,Wuschel-Olympia,-14.911341,3.057245,PaCMAP
2183,before_phees_2022-02-28_09-34-19_0000045_labelled_Wuschel_pheeseq_07_labelled_mB2.wav,Wuschel,Olympia,before,partner,Wuschel-Olympia,-13.870628,1.3720227,PaCMAP
2184,before_phees_2022-02-28_09-34-19_0000045_labelled_Wuschel_pheeseq_08_labelled_mB1.wav,Wuschel,Olympia,before,partner,Wuschel-Olympia,-11.432859,3.711301,PaCMAP
2185,before_phees_2022-02-28_09-34-19_0000045_labelled_Wuschel_pheeseq_08_labelled_mB2.wav,Wuschel,Olympia,before,partner,Wuschel-Olympia,-13.526283,1.0491221,PaCMAP
2186,before_phees_2022-02-28_09-34-19_0000045_labelled_Wuschel_pheeseq_09_labelled_mC1.wav,Wuschel,Olympia,before,partner,Wuschel-Olympia,-14.928409,3.1806378,PaCMAP
2187,before_phees_2022-02-28_09-34-19_0000045_labelled_Wuschel_pheeseq_09_labelled_mC2.wav,Wuschel,Olympia,before,partner,Wuschel-Olympia,-11.339663,4.1492662,PaCMAP
2188,before_phees_2022-02-28_09-34-19_0000045_labelled_Wuschel_pheeseq_09_labelled_mC3.wav,Wuschel,Olympia,before,partner,Wuschel-Olympia,-12.28032,1.4879384,PaCMAP
2189,before_phees_2022-02-28_09-34-19_0000045_labelled_Wuschel_pheeseq_10_labelled_mC1.wav,Wuschel,Olympia,before,partner,Wuschel-Olympia,-13.005043,3.9428709,PaCMAP
2190,before_phees_2022-02-28_09-34-19_0000045_labelled_Wuschel_pheeseq_10_labelled_mC2.wav,Wuschel,Olympia,before,partner,Wuschel-Olympia,-12.378809,0.9855807,PaCMAP
2191,before_phees_2022-02-28_09-34-19_0000045_labelled_Wuschel_pheeseq_10_labelled_mC4.wav,Wuschel,Olympia,before,partner,Wuschel-Olympia,-11.129567,2.101632,PaCMAP
2192,before_phees_2022-02-28_09-34-19_0000045_labelled_Wuschel_pheeseq_11_labelled_mB1.wav,Wuschel,Olympia,before,partner,Wuschel-Olympia,-14.590791,2.792885,PaCMAP
2193,before_phees_2022-02-28_09-34-19_0000045_labelled_Wuschel_pheeseq_11_labelled_mB2.wav,Wuschel,Olympia,before,partner,Wuschel-Olympia,-5.120551,0.73580116,PaCMAP
2194,before_phees_2022-02-28_09-34-19_0000045_labelled_Wuschel_pheeseq_12_labelled_mB1.wav,Wuschel,Olympia,before,partner,Wuschel-Olympia,-14.852381,3.5411575,PaCMAP
2195,before_phees_2022-02-28_09-34-19_0000045_labelled_Wuschel_pheeseq_12_labelled_mB2.wav,Wuschel,Olympia,before,partner,Wuschel-Olympia,-12.735706,0.9184298,PaCMAP
2196,before_phees_2022-02-28_09-34-19_0000045_labelled_Wuschel_pheeseq_13_labelled_mC1.wav,Wuschel,Olympia,before,partner,Wuschel-Olympia,-12.945218,1.3491113,PaCMAP
2197,before_phees_2022-02-28_09-34-19_0000045_labelled_Wuschel_pheeseq_13_labelled_mC2.wav,Wuschel,Olympia,before,partner,Wuschel-Olympia,9.5543165,-9.499079,PaCMAP
2198,before_phees_2022-02-28_09-34-19_0000045_labelled_Wuschel_pheeseq_13_labelled_mC4.wav,Wuschel,Olympia,before,partner,Wuschel-Olympia,-5.859277,-1.7161684,PaCMAP
2199,before_phees_2022-02-28_09-34-19_0000045_labelled_Wuschel_pheeseq_14_labelled_mC1.wav,Wuschel,Olympia,before,partner,Wuschel-Olympia,-15.175553,2.8566597,PaCMAP
2200,before_phees_2022-02-28_09-34-19_0000045_labelled_Wuschel_pheeseq_14_labelled_mC2.wav,Wuschel,Olympia,before,partner,Wuschel-Olympia,-5.3378596,-0.08340547,PaCMAP
2201,before_phees_2022-02-28_09-34-19_0000045_labelled_Wuschel_pheeseq_14_labelled_mC4.wav,Wuschel,Olympia,before,partner,Wuschel-Olympia,-9.186206,0.10993326,PaCMAP
2202,before_phees_2022-02-28_09-34-19_0000045_labelled_Wuschel_pheeseq_16_labelled_mB1.wav,Wuschel,Olympia,before,partner,Wuschel-Olympia,-14.106693,3.3288298,PaCMAP
2203,before_phees_2022-02-28_09-34-19_0000045_labelled_Wuschel_pheeseq_16_labelled_mB2.wav,Wuschel,Olympia,before,partner,Wuschel-Olympia,-4.8614526,-0.58675945,PaCMAP
2204,before_phees_2022-02-28_09-34-19_0000045_labelled_Wuschel_pheeseq_45_labelled_mB1.wav,Wuschel,Olympia,before,partner,Wuschel-Olympia,-15.306064,2.7126348,PaCMAP
2205,before_phees_2022-02-28_09-34-19_0000045_labelled_Wuschel_pheeseq_45_labelled_mB2.wav,Wuschel,Olympia,before,partner,Wuschel-Olympia,10.027794,-9.387654,PaCMAP
2206,before_phees_2022-02-28_09-34-19_0000045_labelled_Wuschel_pheeseq_47_labelled_mB1.wav,Wuschel,Olympia,before,partner,Wuschel-Olympia,-15.297391,4.035518,PaCMAP
2207,before_phees_2022-02-28_09-34-19_0000045_labelled_Wuschel_pheeseq_47_labelled_mB2.wav,Wuschel,Olympia,before,partner,Wuschel-Olympia,-13.286465,0.96631044,PaCMAP
2208,before_phees_2022-02-28_09-34-19_0000045_labelled_Wuschel_pheeseq_50_labelled_mB1.wav,Wuschel,Olympia,before,partner,Wuschel-Olympia,-15.266676,3.346214,PaCMAP
2209,before_phees_2022-02-28_09-34-19_0000045_labelled_Wuschel_pheeseq_50_labelled_mB2.wav,Wuschel,Olympia,before,partner,Wuschel-Olympia,-13.428903,0.9398341,PaCMAP
2210,before_phees_2022-02-28_09-34-19_0000045_labelled_Wuschel_pheeseq_51_labelled_mB1.wav,Wuschel,Olympia,before,partner,Wuschel-Olympia,-13.362912,4.1794415,PaCMAP
2211,before_phees_2022-02-28_09-34-19_0000045_labelled_Wuschel_pheeseq_51_labelled_mB2.wav,Wuschel,Olympia,before,partner,Wuschel-Olympia,-12.148394,3.830845,PaCMAP
2212,before_phees_2022-02-28_09-34-19_0000045_labelled_Wuschel_pheeseq_52_labelled_mB1.wav,Wuschel,Olympia,before,partner,Wuschel-Olympia,-14.515397,4.096683,PaCMAP
2213,before_phees_2022-02-28_09-34-19_0000045_labelled_Wuschel_pheeseq_52_labelled_mB2.wav,Wuschel,Olympia,before,partner,Wuschel-Olympia,-11.417232,3.2648523,PaCMAP
2214,before_phees_2022-02-28_09-34-19_0000045_labelled_Wuschel_pheeseq_53_labelled_mB1.wav,Wuschel,Olympia,before,partner,Wuschel-Olympia,-14.931483,3.9744003,PaCMAP
2215,before_phees_2022-02-28_09-34-19_0000045_labelled_Wuschel_pheeseq_53_labelled_mB2.wav,Wuschel,Olympia,before,partner,Wuschel-Olympia,-12.880128,1.3177866,PaCMAP
2216,before_phees_2022-02-28_10-15-56_0000046_labelled_Odin_pheeseq_01_labelled_mC1.wav,Odin,Nougatti,before,partner,Odin-Nougatti,1.264999,0.65616703,PaCMAP
2217,before_phees_2022-02-28_10-15-56_0000046_labelled_Odin_pheeseq_01_labelled_mC2.wav,Odin,Nougatti,before,partner,Odin-Nougatti,7.835012,-3.9764392,PaCMAP
2218,before_phees_2022-02-28_10-15-56_0000046_labelled_Odin_pheeseq_01_labelled_mC3.wav,Odin,Nougatti,before,partner,Odin-Nougatti,2.065082,-0.32562935,PaCMAP
2219,before_phees_2022-02-28_10-15-56_0000046_labelled_Odin_pheeseq_02_labelled_mD1.wav,Odin,Nougatti,before,partner,Odin-Nougatti,1.1576213,0.115598656,PaCMAP
2220,before_phees_2022-02-28_10-15-56_0000046_labelled_Odin_pheeseq_02_labelled_mD2.wav,Odin,Nougatti,before,partner,Odin-Nougatti,8.6376705,-3.4964187,PaCMAP
2221,before_phees_2022-02-28_10-15-56_0000046_labelled_Odin_pheeseq_02_labelled_mD3.wav,Odin,Nougatti,before,partner,Odin-Nougatti,8.461342,-3.544516,PaCMAP
2222,before_phees_2022-02-28_10-15-56_0000046_labelled_Odin_pheeseq_02_labelled_mD6.wav,Odin,Nougatti,before,partner,Odin-Nougatti,10.104893,-3.8128183,PaCMAP
2223,before_phees_2022-02-28_10-15-56_0000046_labelled_Odin_pheeseq_04_labelled_mB1.wav,Odin,Nougatti,before,partner,Odin-Nougatti,-0.28989527,-0.017536893,PaCMAP
2224,before_phees_2022-02-28_10-15-56_0000046_labelled_Odin_pheeseq_04_labelled_mB3.wav,Odin,Nougatti,before,partner,Odin-Nougatti,9.312957,-5.249708,PaCMAP
2225,before_phees_2022-02-28_10-15-56_0000046_labelled_Odin_pheeseq_05_labelled_mD1.wav,Odin,Nougatti,before,partner,Odin-Nougatti,13.425831,-4.054835,PaCMAP
2226,before_phees_2022-02-28_10-15-56_0000046_labelled_Odin_pheeseq_05_labelled_mD2.wav,Odin,Nougatti,before,partner,Odin-Nougatti,13.565713,-3.7597535,PaCMAP
2227,before_phees_2022-02-28_10-15-56_0000046_labelled_Odin_pheeseq_05_labelled_mD3.wav,Odin,Nougatti,before,partner,Odin-Nougatti,12.154754,-4.462432,PaCMAP
2228,before_phees_2022-02-28_10-15-56_0000046_labelled_Odin_pheeseq_05_labelled_mD4.wav,Odin,Nougatti,before,partner,Odin-Nougatti,11.91148,-6.504598,PaCMAP
2229,before_phees_2022-02-28_10-15-56_0000046_labelled_Odin_pheeseq_08_labelled_mC1.wav,Odin,Nougatti,before,partner,Odin-Nougatti,9.13884,-4.189299,PaCMAP
2230,before_phees_2022-02-28_10-15-56_0000046_labelled_Odin_pheeseq_08_labelled_mC2.wav,Odin,Nougatti,before,partner,Odin-Nougatti,8.687607,-2.9747496,PaCMAP
2231,before_phees_2022-02-28_10-15-56_0000046_labelled_Odin_pheeseq_08_labelled_mC3.wav,Odin,Nougatti,before,partner,Odin-Nougatti,9.2172985,-3.0233269,PaCMAP
2232,before_phees_2022-02-28_10-15-56_0000046_labelled_Odin_pheeseq_11_labelled_mB1.wav,Odin,Nougatti,before,partner,Odin-Nougatti,7.8209696,-4.5335307,PaCMAP
2233,before_phees_2022-02-28_10-15-56_0000046_labelled_Odin_pheeseq_11_labelled_mB2.wav,Odin,Nougatti,before,partner,Odin-Nougatti,6.8844266,-4.4114685,PaCMAP
2234,before_phees_2022-02-28_10-15-56_0000046_labelled_Odin_pheeseq_15_labelled_mB1.wav,Odin,Nougatti,before,partner,Odin-Nougatti,0.035339374,0.7988458,PaCMAP
2235,before_phees_2022-02-28_10-15-56_0000046_labelled_Odin_pheeseq_15_labelled_mB2.wav,Odin,Nougatti,before,partner,Odin-Nougatti,7.200568,-4.81848,PaCMAP
2236,before_phees_2022-02-28_10-15-56_0000046_labelled_Odin_pheeseq_18_labelled_mB1.wav,Odin,Nougatti,before,partner,Odin-Nougatti,-0.18548557,0.5516294,PaCMAP
2237,before_phees_2022-02-28_10-15-56_0000046_labelled_Odin_pheeseq_20_labelled_mD1.wav,Odin,Nougatti,before,partner,Odin-Nougatti,10.202814,-6.933342,PaCMAP
2238,before_phees_2022-02-28_10-15-56_0000046_labelled_Odin_pheeseq_20_labelled_mD3.wav,Odin,Nougatti,before,partner,Odin-Nougatti,9.979031,-3.1640162,PaCMAP
2239,before_phees_2022-02-28_10-15-56_0000046_labelled_Odin_pheeseq_20_labelled_mD4.wav,Odin,Nougatti,before,partner,Odin-Nougatti,8.754309,-3.8933136,PaCMAP
2240,before_phees_2022-02-28_10-15-56_0000046_labelled_Odin_pheeseq_20_labelled_mD5.wav,Odin,Nougatti,before,partner,Odin-Nougatti,-2.5754418,-1.640324,PaCMAP
2241,before_phees_2022-03-01_09-22-30_0000047_labelled_Olympia_pheeseq_02_labelled_mB2.wav,Olympia,Tabor,before,non-partner,Wuschel-Olympia,-10.456614,1.4510982,PaCMAP
2242,before_phees_2022-03-01_09-22-30_0000047_labelled_Olympia_pheeseq_03_labelled_mB1.wav,Olympia,Tabor,before,non-partner,Wuschel-Olympia,9.729859,-9.592245,PaCMAP
2243,before_phees_2022-03-01_09-22-30_0000047_labelled_Olympia_pheeseq_03_labelled_mB2.wav,Olympia,Tabor,before,non-partner,Wuschel-Olympia,-10.4936,1.2986938,PaCMAP
2244,before_phees_2022-03-01_09-22-30_0000047_labelled_Olympia_pheeseq_04_labelled_mB1.wav,Olympia,Tabor,before,non-partner,Wuschel-Olympia,11.564186,-7.52655,PaCMAP
2245,before_phees_2022-03-01_09-22-30_0000047_labelled_Olympia_pheeseq_04_labelled_mB2.wav,Olympia,Tabor,before,non-partner,Wuschel-Olympia,-10.580468,0.926269,PaCMAP
2246,before_phees_2022-03-01_09-22-30_0000047_labelled_Olympia_pheeseq_05_labelled_mB1.wav,Olympia,Tabor,before,non-partner,Wuschel-Olympia,14.240622,-6.0390396,PaCMAP
2247,before_phees_2022-03-01_09-22-30_0000047_labelled_Olympia_pheeseq_07_labelled_mB1.wav,Olympia,Tabor,before,non-partner,Wuschel-Olympia,13.526096,-5.835215,PaCMAP
2248,before_phees_2022-03-01_09-22-30_0000047_labelled_Olympia_pheeseq_07_labelled_mB2.wav,Olympia,Tabor,before,non-partner,Wuschel-Olympia,10.01576,-9.347886,PaCMAP
2249,before_phees_2022-03-01_09-22-30_0000047_labelled_Tabor_pheeseq_01_labelled_mC1.wav,Tabor,Olympia,before,non-partner,Tabor-Lola,-4.481365,1.2201571,PaCMAP
2250,before_phees_2022-03-01_09-22-30_0000047_labelled_Tabor_pheeseq_01_labelled_mC2.wav,Tabor,Olympia,before,non-partner,Tabor-Lola,-4.1466346,-1.1713455,PaCMAP
2251,before_phees_2022-03-01_09-22-30_0000047_labelled_Tabor_pheeseq_01_labelled_mC3.wav,Tabor,Olympia,before,non-partner,Tabor-Lola,-4.9046903,-1.5864003,PaCMAP
2252,before_phees_2022-03-01_09-22-30_0000047_labelled_Tabor_pheeseq_14_labelled_mC1.wav,Tabor,Olympia,before,non-partner,Tabor-Lola,-4.813045,1.0321585,PaCMAP
2253,before_phees_2022-03-01_09-22-30_0000047_labelled_Tabor_pheeseq_14_labelled_mC2.wav,Tabor,Olympia,before,non-partner,Tabor-Lola,-4.1618757,0.35638785,PaCMAP
2254,before_phees_2022-03-01_09-22-30_0000047_labelled_Tabor_pheeseq_14_labelled_mC3.wav,Tabor,Olympia,before,non-partner,Tabor-Lola,-4.7104383,-1.042469,PaCMAP
2255,before_phees_2022-03-01_09-22-30_0000047_labelled_Tabor_pheeseq_15_labelled_mC1.wav,Tabor,Olympia,before,non-partner,Tabor-Lola,-3.1293423,4.039806,PaCMAP
2256,before_phees_2022-03-01_09-22-30_0000047_labelled_Tabor_pheeseq_15_labelled_mC2.wav,Tabor,Olympia,before,non-partner,Tabor-Lola,-4.6709957,0.8291763,PaCMAP
2257,before_phees_2022-03-01_09-22-30_0000047_labelled_Tabor_pheeseq_15_labelled_mC3.wav,Tabor,Olympia,before,non-partner,Tabor-Lola,-9.71327,4.037325,PaCMAP
2258,before_phees_2022-03-04_09-21-06_0000051_labelled_Odin_pheeseq_03_labelled_mC1.wav,Odin,Olympia,before,non-partner,Odin-Nougatti,-0.8804256,0.36696896,PaCMAP
2259,before_phees_2022-03-04_09-21-06_0000051_labelled_Odin_pheeseq_03_labelled_mC2.wav,Odin,Olympia,before,non-partner,Odin-Nougatti,8.065011,-3.4840798,PaCMAP
2260,before_phees_2022-03-04_09-21-06_0000051_labelled_Odin_pheeseq_03_labelled_mC3.wav,Odin,Olympia,before,non-partner,Odin-Nougatti,8.761298,-4.386029,PaCMAP
2261,before_phees_2022-03-04_09-21-06_0000051_labelled_Odin_pheeseq_05_labelled_mD1.wav,Odin,Olympia,before,non-partner,Odin-Nougatti,8.035812,-6.51431,PaCMAP
2262,before_phees_2022-03-04_09-21-06_0000051_labelled_Odin_pheeseq_05_labelled_mD2.wav,Odin,Olympia,before,non-partner,Odin-Nougatti,8.3425455,-3.909241,PaCMAP
2263,before_phees_2022-03-04_09-21-06_0000051_labelled_Odin_pheeseq_05_labelled_mD3.wav,Odin,Olympia,before,non-partner,Odin-Nougatti,7.6563525,-3.9193997,PaCMAP
2264,before_phees_2022-03-04_09-21-06_0000051_labelled_Odin_pheeseq_05_labelled_mD4.wav,Odin,Olympia,before,non-partner,Odin-Nougatti,8.332252,-5.8871946,PaCMAP
2265,before_phees_2022-03-04_09-21-06_0000051_labelled_Odin_pheeseq_07_labelled_mD1.wav,Odin,Olympia,before,non-partner,Odin-Nougatti,13.472811,-3.994275,PaCMAP
2266,before_phees_2022-03-04_09-21-06_0000051_labelled_Odin_pheeseq_07_labelled_mD2.wav,Odin,Olympia,before,non-partner,Odin-Nougatti,13.181332,-3.0589483,PaCMAP
2267,before_phees_2022-03-04_09-21-06_0000051_labelled_Odin_pheeseq_07_labelled_mD3.wav,Odin,Olympia,before,non-partner,Odin-Nougatti,9.78627,-3.4055436,PaCMAP
2268,before_phees_2022-03-04_09-21-06_0000051_labelled_Odin_pheeseq_07_labelled_mD4.wav,Odin,Olympia,before,non-partner,Odin-Nougatti,10.464793,-4.481194,PaCMAP
2269,before_phees_2022-03-04_09-21-06_0000051_labelled_Odin_pheeseq_09_labelled_mD1.wav,Odin,Olympia,before,non-partner,Odin-Nougatti,11.593048,-3.9960423,PaCMAP
2270,before_phees_2022-03-04_09-21-06_0000051_labelled_Odin_pheeseq_09_labelled_mD2.wav,Odin,Olympia,before,non-partner,Odin-Nougatti,12.957094,-3.257901,PaCMAP
2271,before_phees_2022-03-04_09-21-06_0000051_labelled_Odin_pheeseq_09_labelled_mD3.wav,Odin,Olympia,before,non-partner,Odin-Nougatti,12.404111,-3.3006773,PaCMAP
2272,before_phees_2022-03-04_09-21-06_0000051_labelled_Odin_pheeseq_09_labelled_mD4.wav,Odin,Olympia,before,non-partner,Odin-Nougatti,10.332864,-5.464532,PaCMAP
2273,before_phees_2022-03-04_09-21-06_0000051_labelled_Odin_pheeseq_11_labelled_mD1.wav,Odin,Olympia,before,non-partner,Odin-Nougatti,13.9141245,-4.2776113,PaCMAP
2274,before_phees_2022-03-04_09-21-06_0000051_labelled_Odin_pheeseq_11_labelled_mD2.wav,Odin,Olympia,before,non-partner,Odin-Nougatti,14.317434,-3.9246209,PaCMAP
2275,before_phees_2022-03-04_09-21-06_0000051_labelled_Odin_pheeseq_11_labelled_mD3.wav,Odin,Olympia,before,non-partner,Odin-Nougatti,14.375976,-4.178941,PaCMAP
2276,before_phees_2022-03-04_09-21-06_0000051_labelled_Odin_pheeseq_11_labelled_mD4.wav,Odin,Olympia,before,non-partner,Odin-Nougatti,13.898376,-3.5714571,PaCMAP
2277,before_phees_2022-03-04_09-21-06_0000051_labelled_Odin_pheeseq_13_labelled_mD1.wav,Odin,Olympia,before,non-partner,Odin-Nougatti,13.834855,-3.8575623,PaCMAP
2278,before_phees_2022-03-04_09-21-06_0000051_labelled_Odin_pheeseq_13_labelled_mD2.wav,Odin,Olympia,before,non-partner,Odin-Nougatti,14.044955,-3.399633,PaCMAP
2279,before_phees_2022-03-04_09-21-06_0000051_labelled_Odin_pheeseq_13_labelled_mD3.wav,Odin,Olympia,before,non-partner,Odin-Nougatti,13.918836,-3.0609667,PaCMAP
2280,before_phees_2022-03-04_09-21-06_0000051_labelled_Odin_pheeseq_13_labelled_mD4.wav,Odin,Olympia,before,non-partner,Odin-Nougatti,11.189595,-3.7572057,PaCMAP
2281,before_phees_2022-03-04_09-21-06_0000051_labelled_Odin_pheeseq_15_labelled_mD1.wav,Odin,Olympia,before,non-partner,Odin-Nougatti,13.779175,-2.9057345,PaCMAP
2282,before_phees_2022-03-04_09-21-06_0000051_labelled_Odin_pheeseq_15_labelled_mD2.wav,Odin,Olympia,before,non-partner,Odin-Nougatti,13.893758,-2.844444,PaCMAP
2283,before_phees_2022-03-04_09-21-06_0000051_labelled_Odin_pheeseq_15_labelled_mD3.wav,Odin,Olympia,before,non-partner,Odin-Nougatti,13.8498955,-2.9370763,PaCMAP
2284,before_phees_2022-03-04_09-21-06_0000051_labelled_Odin_pheeseq_15_labelled_mD4.wav,Odin,Olympia,before,non-partner,Odin-Nougatti,10.803417,-3.3055973,PaCMAP
2285,before_phees_2022-03-04_09-21-06_0000051_labelled_Odin_pheeseq_17_labelled_mC1.wav,Odin,Olympia,before,non-partner,Odin-Nougatti,13.666435,-2.827362,PaCMAP
2286,before_phees_2022-03-04_09-21-06_0000051_labelled_Odin_pheeseq_17_labelled_mC2.wav,Odin,Olympia,before,non-partner,Odin-Nougatti,13.649939,-2.8817468,PaCMAP
2287,before_phees_2022-03-04_09-21-06_0000051_labelled_Odin_pheeseq_17_labelled_mC3.wav,Odin,Olympia,before,non-partner,Odin-Nougatti,12.493982,-3.2967596,PaCMAP
2288,before_phees_2022-03-04_09-21-06_0000051_labelled_Odin_pheeseq_20_labelled_mD1.wav,Odin,Olympia,before,non-partner,Odin-Nougatti,13.922448,-4.2190137,PaCMAP
2289,before_phees_2022-03-04_09-21-06_0000051_labelled_Odin_pheeseq_20_labelled_mD2.wav,Odin,Olympia,before,non-partner,Odin-Nougatti,13.987386,-3.0753272,PaCMAP
2290,before_phees_2022-03-04_09-21-06_0000051_labelled_Odin_pheeseq_20_labelled_mD3.wav,Odin,Olympia,before,non-partner,Odin-Nougatti,13.882375,-2.993437,PaCMAP
2291,before_phees_2022-03-04_09-21-06_0000051_labelled_Odin_pheeseq_20_labelled_mD4.wav,Odin,Olympia,before,non-partner,Odin-Nougatti,13.356644,-3.8213713,PaCMAP
2292,before_phees_2022-03-04_09-21-06_0000051_labelled_Odin_pheeseq_22_labelled_mB1.wav,Odin,Olympia,before,non-partner,Odin-Nougatti,14.358994,-4.0422063,PaCMAP
2293,before_phees_2022-03-04_09-21-06_0000051_labelled_Odin_pheeseq_23_labelled_mB1.wav,Odin,Olympia,before,non-partner,Odin-Nougatti,2.2139487,0.001509578,PaCMAP
2294,before_phees_2022-03-04_09-21-06_0000051_labelled_Odin_pheeseq_23_labelled_mB2.wav,Odin,Olympia,before,non-partner,Odin-Nougatti,7.6764874,-3.597993,PaCMAP
2295,before_phees_2022-03-04_09-21-06_0000051_labelled_Odin_pheeseq_24_labelled_mD1.wav,Odin,Olympia,before,non-partner,Odin-Nougatti,10.349393,-3.7406344,PaCMAP
2296,before_phees_2022-03-04_09-21-06_0000051_labelled_Odin_pheeseq_24_labelled_mD2.wav,Odin,Olympia,before,non-partner,Odin-Nougatti,13.100963,-2.9327478,PaCMAP
2297,before_phees_2022-03-04_09-21-06_0000051_labelled_Odin_pheeseq_24_labelled_mD3.wav,Odin,Olympia,before,non-partner,Odin-Nougatti,13.083258,-2.843495,PaCMAP
2298,before_phees_2022-03-04_09-21-06_0000051_labelled_Odin_pheeseq_24_labelled_mD4.wav,Odin,Olympia,before,non-partner,Odin-Nougatti,9.996538,-2.8340065,PaCMAP
2299,before_phees_2022-03-04_09-21-06_0000051_labelled_Odin_pheeseq_25_labelled_mE1.wav,Odin,Olympia,before,non-partner,Odin-Nougatti,11.919757,-3.3968928,PaCMAP
2300,before_phees_2022-03-04_09-21-06_0000051_labelled_Odin_pheeseq_25_labelled_mE3.wav,Odin,Olympia,before,non-partner,Odin-Nougatti,13.6546955,-2.8676126,PaCMAP
2301,before_phees_2022-03-04_09-21-06_0000051_labelled_Odin_pheeseq_25_labelled_mE4.wav,Odin,Olympia,before,non-partner,Odin-Nougatti,13.2508955,-2.8441608,PaCMAP
2302,before_phees_2022-03-04_09-21-06_0000051_labelled_Odin_pheeseq_25_labelled_mE5.wav,Odin,Olympia,before,non-partner,Odin-Nougatti,12.944808,-2.9320133,PaCMAP
2303,before_phees_2022-03-04_09-21-06_0000051_labelled_Odin_pheeseq_25_labelled_mE6.wav,Odin,Olympia,before,non-partner,Odin-Nougatti,9.9055805,-2.8933315,PaCMAP
2304,before_phees_2022-03-04_09-21-06_0000051_labelled_Odin_pheeseq_27_labelled_mC1.wav,Odin,Olympia,before,non-partner,Odin-Nougatti,4.0032907,-0.65368325,PaCMAP
2305,before_phees_2022-03-04_09-21-06_0000051_labelled_Odin_pheeseq_27_labelled_mC2.wav,Odin,Olympia,before,non-partner,Odin-Nougatti,12.362868,-2.850577,PaCMAP
2306,before_phees_2022-03-04_09-21-06_0000051_labelled_Odin_pheeseq_27_labelled_mC3.wav,Odin,Olympia,before,non-partner,Odin-Nougatti,3.7743967,-0.49915743,PaCMAP
2307,before_phees_2022-03-04_09-21-06_0000051_labelled_Odin_pheeseq_52_labelled_mB1.wav,Odin,Olympia,before,non-partner,Odin-Nougatti,-0.65968287,-0.8967799,PaCMAP
2308,before_phees_2022-03-04_09-21-06_0000051_labelled_Odin_pheeseq_54_labelled_mB1.wav,Odin,Olympia,before,non-partner,Odin-Nougatti,-1.9770933,4.7424684,PaCMAP
2309,before_phees_2022-03-04_09-21-06_0000051_labelled_Odin_pheeseq_54_labelled_mB2.wav,Odin,Olympia,before,non-partner,Odin-Nougatti,-2.645873,2.325746,PaCMAP
2310,before_phees_2022-03-04_09-21-06_0000051_labelled_Odin_pheeseq_59_labelled_mB1.wav,Odin,Olympia,before,non-partner,Odin-Nougatti,-1.5094333,5.190667,PaCMAP
2311,before_phees_2022-03-04_09-21-06_0000051_labelled_Odin_pheeseq_59_labelled_mB2.wav,Odin,Olympia,before,non-partner,Odin-Nougatti,-6.477346,5.5789075,PaCMAP
2312,before_phees_2022-03-04_09-21-06_0000051_labelled_Olympia_pheeseq_02_labelled_mB1.wav,Olympia,Odin,before,non-partner,Wuschel-Olympia,-3.908135,-1.5439548,PaCMAP
2313,before_phees_2022-03-04_09-21-06_0000051_labelled_Olympia_pheeseq_02_labelled_mB2.wav,Olympia,Odin,before,non-partner,Wuschel-Olympia,8.609367,-9.0303,PaCMAP
2314,before_phees_2022-03-04_09-21-06_0000051_labelled_Olympia_pheeseq_04_labelled_mB1.wav,Olympia,Odin,before,non-partner,Wuschel-Olympia,9.179504,-7.229957,PaCMAP
2315,before_phees_2022-03-04_09-21-06_0000051_labelled_Olympia_pheeseq_49_labelled_mB1.wav,Olympia,Odin,before,non-partner,Wuschel-Olympia,-13.898182,3.709848,PaCMAP
2316,before_phees_2022-03-04_09-21-06_0000051_labelled_Olympia_pheeseq_49_labelled_mB2.wav,Olympia,Odin,before,non-partner,Wuschel-Olympia,-12.22318,4.002272,PaCMAP
2317,before_phees_2022-03-04_09-21-06_0000051_labelled_Olympia_pheeseq_51_labelled_mB1.wav,Olympia,Odin,before,non-partner,Wuschel-Olympia,-12.996228,3.8754344,PaCMAP
2318,before_phees_2022-03-04_09-51-13_0000052_labelled_Tabor_pheeseq_20_labelled_mC1.wav,Tabor,Lola,before,partner,Tabor-Lola,-4.692534,-0.21131529,PaCMAP
2319,before_phees_2022-03-04_09-51-13_0000052_labelled_Tabor_pheeseq_20_labelled_mC2.wav,Tabor,Lola,before,partner,Tabor-Lola,-5.019126,-0.99754775,PaCMAP
2320,before_phees_2022-03-04_09-51-13_0000052_labelled_Tabor_pheeseq_20_labelled_mC3.wav,Tabor,Lola,before,partner,Tabor-Lola,-9.301484,2.1833217,PaCMAP
2321,before_phees_2022-03-07_09-19-31_0000054_labelled_Wuschel_pheeseq_02_labelled_mB1.wav,Wuschel,Lola,before,non-partner,Wuschel-Olympia,-15.5377865,3.4790661,PaCMAP
2322,before_phees_2022-03-07_09-19-31_0000054_labelled_Wuschel_pheeseq_02_labelled_mB2.wav,Wuschel,Lola,before,non-partner,Wuschel-Olympia,-12.416362,1.8021332,PaCMAP
2323,before_phees_2022-03-07_09-19-31_0000054_labelled_Wuschel_pheeseq_03_labelled_mB1.wav,Wuschel,Lola,before,non-partner,Wuschel-Olympia,-14.743706,2.8722997,PaCMAP
2324,before_phees_2022-03-07_09-19-31_0000054_labelled_Wuschel_pheeseq_03_labelled_mB2.wav,Wuschel,Lola,before,non-partner,Wuschel-Olympia,-11.281022,4.07985,PaCMAP
2325,before_phees_2022-03-07_09-19-31_0000054_labelled_Wuschel_pheeseq_04_labelled_mB1.wav,Wuschel,Lola,before,non-partner,Wuschel-Olympia,-15.243181,3.0420034,PaCMAP
2326,before_phees_2022-03-07_09-19-31_0000054_labelled_Wuschel_pheeseq_04_labelled_mB2.wav,Wuschel,Lola,before,non-partner,Wuschel-Olympia,-13.175599,0.9451589,PaCMAP
2327,before_phees_2022-03-07_09-19-31_0000054_labelled_Wuschel_pheeseq_05_labelled_mB1.wav,Wuschel,Lola,before,non-partner,Wuschel-Olympia,-15.627054,3.6816542,PaCMAP
2328,before_phees_2022-03-07_09-19-31_0000054_labelled_Wuschel_pheeseq_05_labelled_mB2.wav,Wuschel,Lola,before,non-partner,Wuschel-Olympia,-13.258834,1.0308254,PaCMAP
2329,before_phees_2022-03-07_09-19-31_0000054_labelled_Wuschel_pheeseq_06_labelled_mC1.wav,Wuschel,Lola,before,non-partner,Wuschel-Olympia,-14.495719,3.5067258,PaCMAP
2330,before_phees_2022-03-07_09-19-31_0000054_labelled_Wuschel_pheeseq_06_labelled_mC2.wav,Wuschel,Lola,before,non-partner,Wuschel-Olympia,-13.919152,1.0757287,PaCMAP
2331,before_phees_2022-03-07_09-19-31_0000054_labelled_Wuschel_pheeseq_06_labelled_mC3.wav,Wuschel,Lola,before,non-partner,Wuschel-Olympia,10.902998,-8.734074,PaCMAP
2332,before_phees_2022-03-07_09-19-31_0000054_labelled_Wuschel_pheeseq_08_labelled_mB1.wav,Wuschel,Lola,before,non-partner,Wuschel-Olympia,-14.720123,2.644113,PaCMAP
2333,before_phees_2022-03-07_09-19-31_0000054_labelled_Wuschel_pheeseq_08_labelled_mB2.wav,Wuschel,Lola,before,non-partner,Wuschel-Olympia,-11.357162,3.9512205,PaCMAP
2334,before_phees_2022-03-07_09-19-31_0000054_labelled_Wuschel_pheeseq_09_labelled_mC1.wav,Wuschel,Lola,before,non-partner,Wuschel-Olympia,-14.536247,2.4553025,PaCMAP
2335,before_phees_2022-03-07_09-19-31_0000054_labelled_Wuschel_pheeseq_09_labelled_mC2.wav,Wuschel,Lola,before,non-partner,Wuschel-Olympia,-13.346531,0.9364544,PaCMAP
2336,before_phees_2022-03-07_09-19-31_0000054_labelled_Wuschel_pheeseq_09_labelled_mC3.wav,Wuschel,Lola,before,non-partner,Wuschel-Olympia,-10.598319,3.2799892,PaCMAP
2337,before_phees_2022-03-07_09-19-31_0000054_labelled_Wuschel_pheeseq_11_labelled_mB1.wav,Wuschel,Lola,before,non-partner,Wuschel-Olympia,-15.680883,3.4552636,PaCMAP
2338,before_phees_2022-03-07_09-19-31_0000054_labelled_Wuschel_pheeseq_11_labelled_mB2.wav,Wuschel,Lola,before,non-partner,Wuschel-Olympia,-10.097703,4.519904,PaCMAP
2339,before_phees_2022-03-07_09-19-31_0000054_labelled_Wuschel_pheeseq_12_labelled_mC1.wav,Wuschel,Lola,before,non-partner,Wuschel-Olympia,-14.707292,3.564393,PaCMAP
2340,before_phees_2022-03-07_09-19-31_0000054_labelled_Wuschel_pheeseq_12_labelled_mC2.wav,Wuschel,Lola,before,non-partner,Wuschel-Olympia,-14.536792,1.9906015,PaCMAP
2341,before_phees_2022-03-07_09-19-31_0000054_labelled_Wuschel_pheeseq_12_labelled_mC5.wav,Wuschel,Lola,before,non-partner,Wuschel-Olympia,-9.454839,-0.09847036,PaCMAP
2342,before_phees_2022-03-07_09-19-31_0000054_labelled_Wuschel_pheeseq_13_labelled_mB1.wav,Wuschel,Lola,before,non-partner,Wuschel-Olympia,-15.592888,3.301082,PaCMAP
2343,before_phees_2022-03-07_09-19-31_0000054_labelled_Wuschel_pheeseq_13_labelled_mB2.wav,Wuschel,Lola,before,non-partner,Wuschel-Olympia,-13.031352,0.868847,PaCMAP
2344,before_phees_2022-03-07_09-19-31_0000054_labelled_Wuschel_pheeseq_14_labelled_mC1.wav,Wuschel,Lola,before,non-partner,Wuschel-Olympia,-14.737077,2.84203,PaCMAP
2345,before_phees_2022-03-07_09-19-31_0000054_labelled_Wuschel_pheeseq_14_labelled_mC2.wav,Wuschel,Lola,before,non-partner,Wuschel-Olympia,9.115507,-9.229747,PaCMAP
2346,before_phees_2022-03-07_09-19-31_0000054_labelled_Wuschel_pheeseq_14_labelled_mC5.wav,Wuschel,Lola,before,non-partner,Wuschel-Olympia,-9.382748,2.002312,PaCMAP
2347,before_phees_2022-03-08_09-46-19_0000014_labelled_Nougatti_pheeseq_04_labelled_mB1.wav,Nougatti,Tabor,before,non-partner,Odin-Nougatti,3.5215309,-0.033860523,PaCMAP
2348,before_phees_2022-03-09_14-59-42_0000020_labelled_Odin_pheeseq_01_labelled_mB2.wav,Odin,Nougatti,before,partner,Odin-Nougatti,9.436685,-8.520806,PaCMAP
2349,before_phees_2022-03-09_14-59-42_0000020_labelled_Odin_pheeseq_02_labelled_mC1.wav,Odin,Nougatti,before,partner,Odin-Nougatti,9.385235,-6.1338983,PaCMAP
2350,before_phees_2022-03-09_14-59-42_0000020_labelled_Odin_pheeseq_02_labelled_mC2.wav,Odin,Nougatti,before,partner,Odin-Nougatti,7.5325074,-5.5360036,PaCMAP
2351,before_phees_2022-03-09_14-59-42_0000020_labelled_Odin_pheeseq_02_labelled_mC3.wav,Odin,Nougatti,before,partner,Odin-Nougatti,10.324894,-8.915919,PaCMAP
2352,before_phees_2022-03-09_14-59-42_0000020_labelled_Odin_pheeseq_03_labelled_mB1.wav,Odin,Nougatti,before,partner,Odin-Nougatti,-0.68178445,-0.6999065,PaCMAP
2353,before_phees_2022-03-09_14-59-42_0000020_labelled_Odin_pheeseq_03_labelled_mB2.wav,Odin,Nougatti,before,partner,Odin-Nougatti,10.8152485,-8.678123,PaCMAP
2354,before_phees_2022-03-09_14-59-42_0000020_labelled_Odin_pheeseq_05_labelled_mB1.wav,Odin,Nougatti,before,partner,Odin-Nougatti,8.423311,-4.5994315,PaCMAP
2355,before_phees_2022-03-09_14-59-42_0000020_labelled_Odin_pheeseq_05_labelled_mB2.wav,Odin,Nougatti,before,partner,Odin-Nougatti,6.9781013,-6.746228,PaCMAP
2356,before_phees_2022-03-09_14-59-42_0000020_labelled_Odin_pheeseq_07_labelled_mB1.wav,Odin,Nougatti,before,partner,Odin-Nougatti,6.6891985,-5.8363805,PaCMAP
2357,before_phees_2022-03-09_14-59-42_0000020_labelled_Odin_pheeseq_07_labelled_mB2.wav,Odin,Nougatti,before,partner,Odin-Nougatti,8.74941,-7.57528,PaCMAP
2358,before_phees_2022-03-09_14-59-42_0000020_labelled_Odin_pheeseq_08_labelled_mB1.wav,Odin,Nougatti,before,partner,Odin-Nougatti,10.1333685,-6.2267246,PaCMAP
2359,before_phees_2022-03-09_14-59-42_0000020_labelled_Odin_pheeseq_08_labelled_mB2.wav,Odin,Nougatti,before,partner,Odin-Nougatti,10.4917,-8.9199095,PaCMAP
2360,before_phees_2022-03-09_14-59-42_0000020_labelled_Odin_pheeseq_10_labelled_mB1.wav,Odin,Nougatti,before,partner,Odin-Nougatti,9.361013,-8.55945,PaCMAP
2361,before_phees_2022-03-09_14-59-42_0000020_labelled_Odin_pheeseq_10_labelled_mB2.wav,Odin,Nougatti,before,partner,Odin-Nougatti,9.981124,-9.1349945,PaCMAP
2362,before_phees_2022-03-09_14-59-42_0000020_labelled_Odin_pheeseq_11_labelled_mC1.wav,Odin,Nougatti,before,partner,Odin-Nougatti,1.2030916,0.09513106,PaCMAP
2363,before_phees_2022-03-09_14-59-42_0000020_labelled_Odin_pheeseq_11_labelled_mC2.wav,Odin,Nougatti,before,partner,Odin-Nougatti,7.148266,-4.477595,PaCMAP
2364,before_phees_2022-03-09_14-59-42_0000020_labelled_Odin_pheeseq_11_labelled_mC3.wav,Odin,Nougatti,before,partner,Odin-Nougatti,1.1064618,0.0017606845,PaCMAP
2365,before_phees_2022-03-09_14-59-42_0000020_labelled_Odin_pheeseq_12_labelled_mD3.wav,Odin,Nougatti,before,partner,Odin-Nougatti,7.721695,-5.986622,PaCMAP
2366,before_phees_2022-03-09_14-59-42_0000020_labelled_Odin_pheeseq_12_labelled_mD4.wav,Odin,Nougatti,before,partner,Odin-Nougatti,-9.142513,-0.3520949,PaCMAP
2367,before_phees_2022-03-09_14-59-42_0000020_labelled_Odin_pheeseq_14_labelled_mB1.wav,Odin,Nougatti,before,partner,Odin-Nougatti,3.6144633,-0.38137904,PaCMAP
2368,before_phees_2022-03-09_14-59-42_0000020_labelled_Odin_pheeseq_14_labelled_mB2.wav,Odin,Nougatti,before,partner,Odin-Nougatti,0.8939911,0.103075534,PaCMAP
2369,before_phees_2022-03-09_14-59-42_0000020_labelled_Odin_pheeseq_15_labelled_mC2.wav,Odin,Nougatti,before,partner,Odin-Nougatti,5.258219,-1.2260594,PaCMAP
2370,before_phees_2022-03-09_14-59-42_0000020_labelled_Odin_pheeseq_15_labelled_mC3.wav,Odin,Nougatti,before,partner,Odin-Nougatti,8.57788,-7.9985065,PaCMAP
2371,before_phees_2022-03-10_10-18-58_0000024_labelled_Odin_pheeseq_02_labelled_mB2.wav,Odin,Olympia,before,non-partner,Odin-Nougatti,-1.525911,1.0811608,PaCMAP
2372,before_phees_2022-03-10_10-18-58_0000024_labelled_Odin_pheeseq_04_labelled_mB1.wav,Odin,Olympia,before,non-partner,Odin-Nougatti,6.6557946,-6.7666593,PaCMAP
2373,before_phees_2022-03-10_10-18-58_0000024_labelled_Odin_pheeseq_04_labelled_mB2.wav,Odin,Olympia,before,non-partner,Odin-Nougatti,-2.9955227,-0.49945974,PaCMAP
2374,before_phees_2022-03-10_10-18-58_0000024_labelled_Odin_pheeseq_05_labelled_mB1.wav,Odin,Olympia,before,non-partner,Odin-Nougatti,7.7681246,-7.193106,PaCMAP
2375,before_phees_2022-03-10_10-18-58_0000024_labelled_Odin_pheeseq_05_labelled_mB2.wav,Odin,Olympia,before,non-partner,Odin-Nougatti,-2.9549818,0.93914175,PaCMAP
2376,before_phees_2022-03-10_10-18-58_0000024_labelled_Odin_pheeseq_16_labelled_mB1.wav,Odin,Olympia,before,non-partner,Odin-Nougatti,-3.5248811,1.1023644,PaCMAP
2377,before_phees_2022-03-10_10-18-58_0000024_labelled_Odin_pheeseq_16_labelled_mB2.wav,Odin,Olympia,before,non-partner,Odin-Nougatti,8.538375,-8.821062,PaCMAP
2378,before_phees_2022-03-10_10-18-58_0000024_labelled_Odin_pheeseq_17_labelled_mC1.wav,Odin,Olympia,before,non-partner,Odin-Nougatti,-2.6981828,1.316153,PaCMAP
2379,before_phees_2022-03-10_10-18-58_0000024_labelled_Odin_pheeseq_17_labelled_mC2.wav,Odin,Olympia,before,non-partner,Odin-Nougatti,8.297359,-5.8709517,PaCMAP
2380,before_phees_2022-03-10_10-18-58_0000024_labelled_Odin_pheeseq_17_labelled_mC3.wav,Odin,Olympia,before,non-partner,Odin-Nougatti,-6.4584103,-0.7272234,PaCMAP
2381,before_phees_2022-03-10_10-18-58_0000024_labelled_Odin_pheeseq_18_labelled_mC1.wav,Odin,Olympia,before,non-partner,Odin-Nougatti,-1.9769464,0.64824486,PaCMAP
2382,before_phees_2022-03-10_10-18-58_0000024_labelled_Odin_pheeseq_18_labelled_mC2.wav,Odin,Olympia,before,non-partner,Odin-Nougatti,8.813784,-5.156975,PaCMAP
2383,before_phees_2022-03-10_10-18-58_0000024_labelled_Odin_pheeseq_18_labelled_mC3.wav,Odin,Olympia,before,non-partner,Odin-Nougatti,6.870865,-6.691208,PaCMAP
2384,before_phees_2022-03-10_10-18-58_0000024_labelled_Odin_pheeseq_19_labelled_mD1.wav,Odin,Olympia,before,non-partner,Odin-Nougatti,-2.4271345,-0.32668447,PaCMAP
2385,before_phees_2022-03-10_10-18-58_0000024_labelled_Odin_pheeseq_19_labelled_mD5.wav,Odin,Olympia,before,non-partner,Odin-Nougatti,9.776164,-4.906633,PaCMAP
2386,before_phees_2022-03-10_10-18-58_0000024_labelled_Odin_pheeseq_19_labelled_mD6.wav,Odin,Olympia,before,non-partner,Odin-Nougatti,9.387839,-5.758416,PaCMAP
2387,before_phees_2022-03-10_10-18-58_0000024_labelled_Odin_pheeseq_19_labelled_mD8.wav,Odin,Olympia,before,non-partner,Odin-Nougatti,-10.142414,0.4690834,PaCMAP
2388,before_phees_2022-03-10_10-18-58_0000024_labelled_Olympia_pheeseq_20_labelled_mB1.wav,Olympia,Odin,before,non-partner,Wuschel-Olympia,-14.93841,4.018121,PaCMAP
2389,before_phees_2022-03-10_10-18-58_0000024_labelled_Olympia_pheeseq_20_labelled_mB2.wav,Olympia,Odin,before,non-partner,Wuschel-Olympia,-11.254142,3.9746885,PaCMAP
2390,before_phees_2022-03-10_10-18-58_0000024_labelled_Olympia_pheeseq_21_labelled_mB1.wav,Olympia,Odin,before,non-partner,Wuschel-Olympia,-12.961524,4.0206094,PaCMAP
2391,before_phees_2022-03-10_10-18-58_0000024_labelled_Olympia_pheeseq_21_labelled_mB2.wav,Olympia,Odin,before,non-partner,Wuschel-Olympia,-13.266976,4.006843,PaCMAP
2392,before_phees_2022-03-10_10-18-58_0000024_labelled_Olympia_pheeseq_23_labelled_mB1.wav,Olympia,Odin,before,non-partner,Wuschel-Olympia,-6.1656294,5.4979167,PaCMAP
2393,before_phees_2022-03-10_10-18-58_0000024_labelled_Olympia_pheeseq_23_labelled_mB2.wav,Olympia,Odin,before,non-partner,Wuschel-Olympia,-12.732656,4.0025964,PaCMAP
2394,before_phees_2022-03-10_10-18-58_0000024_labelled_Olympia_pheeseq_24_labelled_mB1.wav,Olympia,Odin,before,non-partner,Wuschel-Olympia,-14.461501,3.0693684,PaCMAP
2395,before_phees_2022-03-10_10-18-58_0000024_labelled_Olympia_pheeseq_24_labelled_mB2.wav,Olympia,Odin,before,non-partner,Wuschel-Olympia,-12.220896,4.1228976,PaCMAP
2396,before_phees_2022-03-10_10-18-58_0000024_labelled_Olympia_pheeseqX_22_labelled_mB1.wav,Olympia,Odin,before,non-partner,Wuschel-Olympia,-14.013808,1.7275212,PaCMAP
2397,before_phees_2022-03-10_10-18-58_0000024_labelled_Olympia_pheeseqX_22_labelled_mB2.wav,Olympia,Odin,before,non-partner,Wuschel-Olympia,-12.726179,4.097801,PaCMAP
2398,before_phees_2022-03-10_10-59-37_0000025_labelled_Nougatti_pheeseq_14_labelled_mB2.wav,Nougatti,Wuschel,before,non-partner,Odin-Nougatti,-0.3848991,-0.41927925,PaCMAP
2399,before_phees_2022-03-10_10-59-37_0000025_labelled_Nougatti_pheeseq_15_labelled_mB1.wav,Nougatti,Wuschel,before,non-partner,Odin-Nougatti,-4.402382,6.528105,PaCMAP
2400,before_phees_2022-03-10_10-59-37_0000025_labelled_Nougatti_pheeseq_15_labelled_mB2.wav,Nougatti,Wuschel,before,non-partner,Odin-Nougatti,6.6819005,-6.3342843,PaCMAP
2401,before_phees_2022-03-10_10-59-37_0000025_labelled_Nougatti_pheeseq_16_labelled_mB1.wav,Nougatti,Wuschel,before,non-partner,Odin-Nougatti,-1.3897965,2.83685,PaCMAP
2402,before_phees_2022-03-10_10-59-37_0000025_labelled_Nougatti_pheeseq_16_labelled_mB3.wav,Nougatti,Wuschel,before,non-partner,Odin-Nougatti,6.930525,-6.1627874,PaCMAP
2403,before_phees_2022-03-10_10-59-37_0000025_labelled_Nougatti_pheeseq_18_labelled_mB1.wav,Nougatti,Wuschel,before,non-partner,Odin-Nougatti,-3.8445454,7.267002,PaCMAP
2404,before_phees_2022-03-10_10-59-37_0000025_labelled_Nougatti_pheeseq_18_labelled_mB3.wav,Nougatti,Wuschel,before,non-partner,Odin-Nougatti,6.73498,-6.5031776,PaCMAP
2405,before_phees_2022-03-10_10-59-37_0000025_labelled_Nougatti_pheeseq_19_labelled_mB1.wav,Nougatti,Wuschel,before,non-partner,Odin-Nougatti,-0.78089327,2.3079941,PaCMAP
2406,before_phees_2022-03-10_10-59-37_0000025_labelled_Nougatti_pheeseq_19_labelled_mB3.wav,Nougatti,Wuschel,before,non-partner,Odin-Nougatti,6.8098717,-4.5931687,PaCMAP
2407,before_phees_2022-03-10_10-59-37_0000025_labelled_Nougatti_pheeseq_21_labelled_mB3.wav,Nougatti,Wuschel,before,non-partner,Odin-Nougatti,6.6049185,-6.772126,PaCMAP
2408,before_phees_2022-03-10_10-59-37_0000025_labelled_Nougatti_pheeseq_22_labelled_mB1.wav,Nougatti,Wuschel,before,non-partner,Odin-Nougatti,-1.2389247,2.6958508,PaCMAP
2409,before_phees_2022-03-10_10-59-37_0000025_labelled_Nougatti_pheeseq_23_labelled_mB1.wav,Nougatti,Wuschel,before,non-partner,Odin-Nougatti,-1.248918,3.756645,PaCMAP
2410,before_phees_2022-03-10_10-59-37_0000025_labelled_Nougatti_pheeseq_23_labelled_mB3.wav,Nougatti,Wuschel,before,non-partner,Odin-Nougatti,1.1529102,0.112750396,PaCMAP
2411,before_phees_2022-03-10_10-59-37_0000025_labelled_Nougatti_pheeseq_24_labelled_mB1.wav,Nougatti,Wuschel,before,non-partner,Odin-Nougatti,-3.634219,7.810538,PaCMAP
2412,before_phees_2022-03-10_10-59-37_0000025_labelled_Nougatti_pheeseq_24_labelled_mB2.wav,Nougatti,Wuschel,before,non-partner,Odin-Nougatti,6.797239,-4.799399,PaCMAP
2413,before_phees_2022-03-10_10-59-37_0000025_labelled_Wuschel_pheeseq_17_labelled_mB2.wav,Wuschel,Nougatti,before,non-partner,Wuschel-Olympia,-13.202574,0.8678285,PaCMAP
2414,before_phees_2022-03-11_09-34-34_0000027_labelled_Odin_pheeseq_01_labelled_mC1.wav,Odin,Lola,before,non-partner,Odin-Nougatti,8.343884,-6.5263634,PaCMAP
2415,before_phees_2022-03-11_09-34-34_0000027_labelled_Odin_pheeseq_01_labelled_mC2.wav,Odin,Lola,before,non-partner,Odin-Nougatti,10.018682,-8.27593,PaCMAP
2416,before_phees_2022-03-11_09-34-34_0000027_labelled_Odin_pheeseq_01_labelled_mC3.wav,Odin,Lola,before,non-partner,Odin-Nougatti,-10.4789715,1.3803829,PaCMAP
2417,before_phees_2022-03-11_09-34-34_0000027_labelled_Odin_pheeseq_03_labelled_mC1.wav,Odin,Lola,before,non-partner,Odin-Nougatti,8.697331,-7.5807962,PaCMAP
2418,before_phees_2022-03-11_09-34-34_0000027_labelled_Odin_pheeseq_03_labelled_mC2.wav,Odin,Lola,before,non-partner,Odin-Nougatti,6.9149714,-6.679421,PaCMAP
2419,before_phees_2022-03-11_09-34-34_0000027_labelled_Odin_pheeseq_03_labelled_mC3.wav,Odin,Lola,before,non-partner,Odin-Nougatti,-9.268731,3.7110105,PaCMAP
2420,before_phees_2022-03-11_09-34-34_0000027_labelled_Odin_pheeseq_04_labelled_mB1.wav,Odin,Lola,before,non-partner,Odin-Nougatti,7.7253113,-6.4247003,PaCMAP
2421,before_phees_2022-03-11_09-34-34_0000027_labelled_Odin_pheeseq_04_labelled_mB2.wav,Odin,Lola,before,non-partner,Odin-Nougatti,-0.9565235,0.41900185,PaCMAP
2422,before_phees_2022-03-11_10-24-31_0000033_labelled_Tabor_pheeseq_01_labelled_mD1.wav,Tabor,Olympia,before,non-partner,Tabor-Lola,-0.47016525,-1.5951624,PaCMAP
2423,before_phees_2022-03-11_10-24-31_0000033_labelled_Tabor_pheeseq_01_labelled_mD2.wav,Tabor,Olympia,before,non-partner,Tabor-Lola,9.913364,-7.6731577,PaCMAP
2424,before_phees_2022-03-11_10-24-31_0000033_labelled_Tabor_pheeseq_01_labelled_mD3.wav,Tabor,Olympia,before,non-partner,Tabor-Lola,10.812581,-8.680389,PaCMAP
2425,before_phees_2022-03-11_10-24-31_0000033_labelled_Tabor_pheeseq_01_labelled_mD4.wav,Tabor,Olympia,before,non-partner,Tabor-Lola,-9.460726,1.9322499,PaCMAP
2426,before_phees_2022-03-11_10-24-31_0000033_labelled_Tabor_pheeseq_02_labelled_mD1.wav,Tabor,Olympia,before,non-partner,Tabor-Lola,1.3511488,-1.3182238,PaCMAP
2427,before_phees_2022-03-11_10-24-31_0000033_labelled_Tabor_pheeseq_02_labelled_mD2.wav,Tabor,Olympia,before,non-partner,Tabor-Lola,-0.29901528,-1.0506433,PaCMAP
2428,before_phees_2022-03-11_10-24-31_0000033_labelled_Tabor_pheeseq_02_labelled_mD3.wav,Tabor,Olympia,before,non-partner,Tabor-Lola,-2.5943692,-1.3007553,PaCMAP
2429,before_phees_2022-03-11_10-24-31_0000033_labelled_Tabor_pheeseq_02_labelled_mD4.wav,Tabor,Olympia,before,non-partner,Tabor-Lola,-7.6693625,-1.2026974,PaCMAP
2430,before_phees_2022-03-11_14-57-48_0000041_labelled_Lola_pheeseq_02_labelled_mB1.wav,Lola,Wuschel,before,non-partner,Tabor-Lola,-1.8968194,5.749147,PaCMAP
2431,before_phees_2022-03-11_14-57-48_0000041_labelled_Lola_pheeseq_02_labelled_mB2.wav,Lola,Wuschel,before,non-partner,Tabor-Lola,-1.2664654,2.8219094,PaCMAP
2432,before_phees_2022-03-11_14-57-48_0000041_labelled_Wuschel_pheeseq_03_labelled_mC1.wav,Wuschel,Lola,before,non-partner,Wuschel-Olympia,-15.155141,2.3802571,PaCMAP
2433,before_phees_2022-03-11_14-57-48_0000041_labelled_Wuschel_pheeseq_03_labelled_mC2.wav,Wuschel,Lola,before,non-partner,Wuschel-Olympia,9.492132,-9.571804,PaCMAP
2434,before_phees_2022-03-11_14-57-48_0000041_labelled_Wuschel_pheeseq_03_labelled_mC3.wav,Wuschel,Lola,before,non-partner,Wuschel-Olympia,-10.232509,0.55011016,PaCMAP
2435,before_phees_2022-03-14_09-26-36_0000046_labelled_Olympia_pheeseq_01_labelled_mB1.wav,Olympia,Wuschel,before,partner,Wuschel-Olympia,9.542792,-8.648256,PaCMAP
2436,before_phees_2022-03-14_09-26-36_0000046_labelled_Olympia_pheeseq_01_labelled_mB2.wav,Olympia,Wuschel,before,partner,Wuschel-Olympia,-4.4678216,-1.155751,PaCMAP
2437,before_phees_2022-03-14_09-26-36_0000046_labelled_Olympia_pheeseq_02_labelled_mB1.wav,Olympia,Wuschel,before,partner,Wuschel-Olympia,-0.78750485,-0.82896173,PaCMAP
2438,before_phees_2022-03-14_09-26-36_0000046_labelled_Olympia_pheeseq_02_labelled_mB2.wav,Olympia,Wuschel,before,partner,Wuschel-Olympia,-2.4894052,1.3103995,PaCMAP
2439,before_phees_2022-03-14_09-26-36_0000046_labelled_Olympia_pheeseq_03_labelled_mB1.wav,Olympia,Wuschel,before,partner,Wuschel-Olympia,-1.1752366,-0.42944872,PaCMAP
2440,before_phees_2022-03-14_09-26-36_0000046_labelled_Olympia_pheeseq_03_labelled_mB2.wav,Olympia,Wuschel,before,partner,Wuschel-Olympia,-4.378817,-0.6305981,PaCMAP
2441,before_phees_2022-03-14_09-26-36_0000046_labelled_Olympia_pheeseq_19_labelled_mB1.wav,Olympia,Wuschel,before,partner,Wuschel-Olympia,-5.859492,0.9444674,PaCMAP
2442,before_phees_2022-03-14_09-26-36_0000046_labelled_Olympia_pheeseq_19_labelled_mB2.wav,Olympia,Wuschel,before,partner,Wuschel-Olympia,-5.920556,0.67116314,PaCMAP
2443,before_phees_2022-03-14_09-26-36_0000046_labelled_Olympia_pheeseq_20_labelled_mC1.wav,Olympia,Wuschel,before,partner,Wuschel-Olympia,-10.666351,1.3255953,PaCMAP
2444,before_phees_2022-03-14_09-26-36_0000046_labelled_Olympia_pheeseq_20_labelled_mC2.wav,Olympia,Wuschel,before,partner,Wuschel-Olympia,-13.276813,0.84381944,PaCMAP
2445,before_phees_2022-03-14_09-26-36_0000046_labelled_Olympia_pheeseq_20_labelled_mC3.wav,Olympia,Wuschel,before,partner,Wuschel-Olympia,-13.110619,0.84332937,PaCMAP
2446,before_phees_2022-03-14_09-26-36_0000046_labelled_Olympia_pheeseq_25_labelled_mB1.wav,Olympia,Wuschel,before,partner,Wuschel-Olympia,-12.210313,4.0880394,PaCMAP
2447,before_phees_2022-03-14_09-26-36_0000046_labelled_Olympia_pheeseq_25_labelled_mB2.wav,Olympia,Wuschel,before,partner,Wuschel-Olympia,9.599206,-9.483295,PaCMAP
2448,before_phees_2022-03-14_09-26-36_0000046_labelled_Olympia_pheeseq_26_labelled_mC1.wav,Olympia,Wuschel,before,partner,Wuschel-Olympia,-10.541993,2.215859,PaCMAP
2449,before_phees_2022-03-14_09-26-36_0000046_labelled_Olympia_pheeseq_26_labelled_mC4.wav,Olympia,Wuschel,before,partner,Wuschel-Olympia,-10.846677,2.439172,PaCMAP
2450,before_phees_2022-03-14_09-26-36_0000046_labelled_Olympia_pheeseq_26_labelled_mC5.wav,Olympia,Wuschel,before,partner,Wuschel-Olympia,-12.432546,0.8752057,PaCMAP
2451,before_phees_2022-03-14_09-26-36_0000046_labelled_Olympia_pheeseq_30_labelled_mB1.wav,Olympia,Wuschel,before,partner,Wuschel-Olympia,-10.899713,3.1405582,PaCMAP
2452,before_phees_2022-03-14_09-26-36_0000046_labelled_Olympia_pheeseq_30_labelled_mB2.wav,Olympia,Wuschel,before,partner,Wuschel-Olympia,-11.824697,1.6405212,PaCMAP
2453,before_phees_2022-03-14_09-26-36_0000046_labelled_Olympia_pheeseq_32_labelled_mB1.wav,Olympia,Wuschel,before,partner,Wuschel-Olympia,-10.866461,2.9497964,PaCMAP
2454,before_phees_2022-03-14_09-26-36_0000046_labelled_Olympia_pheeseq_32_labelled_mB2.wav,Olympia,Wuschel,before,partner,Wuschel-Olympia,-10.965469,1.18352,PaCMAP
2455,before_phees_2022-03-14_09-26-36_0000046_labelled_Wuschel_pheeseq_21_labelled_mB1.wav,Wuschel,Olympia,before,partner,Wuschel-Olympia,-15.601477,3.8417535,PaCMAP
2456,before_phees_2022-03-14_09-26-36_0000046_labelled_Wuschel_pheeseq_21_labelled_mB2.wav,Wuschel,Olympia,before,partner,Wuschel-Olympia,-13.432517,1.0580883,PaCMAP
2457,before_phees_2022-03-14_09-26-36_0000046_labelled_Wuschel_pheeseq_22_labelled_mB1.wav,Wuschel,Olympia,before,partner,Wuschel-Olympia,-15.557316,3.8219368,PaCMAP
2458,before_phees_2022-03-14_09-26-36_0000046_labelled_Wuschel_pheeseq_22_labelled_mB2.wav,Wuschel,Olympia,before,partner,Wuschel-Olympia,-13.289226,4.1160097,PaCMAP
2459,before_phees_2022-03-14_09-26-36_0000046_labelled_Wuschel_pheeseq_23_labelled_mB1.wav,Wuschel,Olympia,before,partner,Wuschel-Olympia,-14.267948,4.0489683,PaCMAP
2460,before_phees_2022-03-14_09-26-36_0000046_labelled_Wuschel_pheeseq_23_labelled_mB2.wav,Wuschel,Olympia,before,partner,Wuschel-Olympia,-13.423484,2.239002,PaCMAP
2461,before_phees_2022-03-14_09-26-36_0000046_labelled_Wuschel_pheeseq_24_labelled_mB1.wav,Wuschel,Olympia,before,partner,Wuschel-Olympia,-14.325467,3.9698236,PaCMAP
2462,before_phees_2022-03-14_09-26-36_0000046_labelled_Wuschel_pheeseq_24_labelled_mB2.wav,Wuschel,Olympia,before,partner,Wuschel-Olympia,-13.27094,2.1293902,PaCMAP
2463,before_phees_2022-03-14_09-26-36_0000046_labelled_Wuschel_pheeseq_27_labelled_mB1.wav,Wuschel,Olympia,before,partner,Wuschel-Olympia,-14.731853,2.5504174,PaCMAP
2464,before_phees_2022-03-14_09-26-36_0000046_labelled_Wuschel_pheeseq_27_labelled_mB2.wav,Wuschel,Olympia,before,partner,Wuschel-Olympia,-11.777282,1.6674383,PaCMAP
2465,before_phees_2022-03-14_09-26-36_0000046_labelled_Wuschel_pheeseq_28_labelled_mB1.wav,Wuschel,Olympia,before,partner,Wuschel-Olympia,-15.011853,3.2965682,PaCMAP
2466,before_phees_2022-03-14_09-26-36_0000046_labelled_Wuschel_pheeseq_28_labelled_mB2.wav,Wuschel,Olympia,before,partner,Wuschel-Olympia,-13.020799,1.5265069,PaCMAP
2467,before_phees_2022-03-14_10-35-12_0000049_labelled_Nougatti_pheeseq_04_labelled_mC1.wav,Nougatti,Odin,before,partner,Odin-Nougatti,7.74645,-2.9108977,PaCMAP
2468,before_phees_2022-03-14_10-35-12_0000049_labelled_Nougatti_pheeseq_04_labelled_mC2.wav,Nougatti,Odin,before,partner,Odin-Nougatti,7.1581316,-2.2044451,PaCMAP
2469,before_phees_2022-03-14_10-35-12_0000049_labelled_Nougatti_pheeseq_04_labelled_mC3.wav,Nougatti,Odin,before,partner,Odin-Nougatti,10.399786,-6.677498,PaCMAP
2470,before_phees_2022-03-14_10-35-12_0000049_labelled_Nougatti_pheeseq_05_labelled_mC1.wav,Nougatti,Odin,before,partner,Odin-Nougatti,6.6953573,-2.1360474,PaCMAP
2471,before_phees_2022-03-14_10-35-12_0000049_labelled_Nougatti_pheeseq_13_labelled_mB1.wav,Nougatti,Odin,before,partner,Odin-Nougatti,6.4589806,-2.0071023,PaCMAP
2472,before_phees_2022-03-14_10-35-12_0000049_labelled_Nougatti_pheeseq_13_labelled_mB2.wav,Nougatti,Odin,before,partner,Odin-Nougatti,-4.650631,-2.1797936,PaCMAP
2473,before_phees_2022-03-14_10-35-12_0000049_labelled_Nougatti_pheeseq_16_labelled_mC1.wav,Nougatti,Odin,before,partner,Odin-Nougatti,7.533517,-2.5857596,PaCMAP
2474,before_phees_2022-03-14_10-35-12_0000049_labelled_Nougatti_pheeseq_16_labelled_mC2.wav,Nougatti,Odin,before,partner,Odin-Nougatti,6.8984413,-2.2345133,PaCMAP
2475,before_phees_2022-03-14_10-35-12_0000049_labelled_Nougatti_pheeseq_16_labelled_mC3.wav,Nougatti,Odin,before,partner,Odin-Nougatti,-4.151219,-2.231554,PaCMAP
2476,before_phees_2022-03-14_10-35-12_0000049_labelled_Odin_pheeseq_01_labelled_mE1.wav,Odin,Nougatti,before,partner,Odin-Nougatti,10.905193,-6.50662,PaCMAP
2477,before_phees_2022-03-14_10-35-12_0000049_labelled_Odin_pheeseq_01_labelled_mE2.wav,Odin,Nougatti,before,partner,Odin-Nougatti,10.232602,-5.332955,PaCMAP
2478,before_phees_2022-03-14_10-35-12_0000049_labelled_Odin_pheeseq_01_labelled_mE3.wav,Odin,Nougatti,before,partner,Odin-Nougatti,10.661726,-5.32743,PaCMAP
2479,before_phees_2022-03-14_10-35-12_0000049_labelled_Odin_pheeseq_01_labelled_mE4.wav,Odin,Nougatti,before,partner,Odin-Nougatti,10.524692,-7.0767827,PaCMAP
2480,before_phees_2022-03-14_10-35-12_0000049_labelled_Odin_pheeseq_01_labelled_mE5.wav,Odin,Nougatti,before,partner,Odin-Nougatti,-5.5423937,-2.3769925,PaCMAP
2481,before_phees_2022-03-14_10-35-12_0000049_labelled_Odin_pheeseq_02_labelled_mD1.wav,Odin,Nougatti,before,partner,Odin-Nougatti,13.730609,-5.7982397,PaCMAP
2482,before_phees_2022-03-14_10-35-12_0000049_labelled_Odin_pheeseq_02_labelled_mD2.wav,Odin,Nougatti,before,partner,Odin-Nougatti,12.382568,-4.334099,PaCMAP
2483,before_phees_2022-03-14_10-35-12_0000049_labelled_Odin_pheeseq_02_labelled_mD3.wav,Odin,Nougatti,before,partner,Odin-Nougatti,11.681147,-3.9339643,PaCMAP
2484,before_phees_2022-03-14_10-35-12_0000049_labelled_Odin_pheeseq_02_labelled_mD4.wav,Odin,Nougatti,before,partner,Odin-Nougatti,-3.7884502,-2.2166135,PaCMAP
2485,before_phees_2022-03-14_10-35-12_0000049_labelled_Odin_pheeseq_07_labelled_mB1.wav,Odin,Nougatti,before,partner,Odin-Nougatti,-0.2943826,-1.1513718,PaCMAP
2486,before_phees_2022-03-14_10-35-12_0000049_labelled_Odin_pheeseq_07_labelled_mB2.wav,Odin,Nougatti,before,partner,Odin-Nougatti,-1.6245762,-1.5688993,PaCMAP
2487,before_phees_2022-03-14_10-35-12_0000049_labelled_Odin_pheeseq_11_labelled_mB1.wav,Odin,Nougatti,before,partner,Odin-Nougatti,7.550237,-5.770219,PaCMAP
2488,before_phees_2022-03-14_10-35-12_0000049_labelled_Odin_pheeseq_11_labelled_mB2.wav,Odin,Nougatti,before,partner,Odin-Nougatti,8.970288,-5.314747,PaCMAP
2489,before_phees_2022-03-14_10-35-12_0000049_labelled_Odin_pheeseq_14_labelled_mC2.wav,Odin,Nougatti,before,partner,Odin-Nougatti,9.753874,-7.8381367,PaCMAP
2490,before_phees_2022-03-14_10-35-12_0000049_labelled_Odin_pheeseq_14_labelled_mC3.wav,Odin,Nougatti,before,partner,Odin-Nougatti,-9.307607,3.481976,PaCMAP
2491,before_phees_2022-03-14_10-35-12_0000049_labelled_Odin_pheeseq_19_labelled_mC2.wav,Odin,Nougatti,before,partner,Odin-Nougatti,7.2979555,-6.426121,PaCMAP
2492,before_phees_2022-03-14_10-35-12_0000049_labelled_Odin_pheeseq_19_labelled_mC3.wav,Odin,Nougatti,before,partner,Odin-Nougatti,-10.413907,1.5701045,PaCMAP
2493,before_phees_2022-03-14_10-35-12_0000049_labelled_Odin_pheeseq_21_labelled_mB1.wav,Odin,Nougatti,before,partner,Odin-Nougatti,-0.23518914,1.1812806,PaCMAP
2494,before_phees_2022-03-14_10-35-12_0000049_labelled_Odin_pheeseq_21_labelled_mB2.wav,Odin,Nougatti,before,partner,Odin-Nougatti,-4.5037947,-0.8843286,PaCMAP
2495,before_phees_2022-03-14_10-35-12_0000049_labelled_Odin_pheeseq_25_labelled_mB2.wav,Odin,Nougatti,before,partner,Odin-Nougatti,-0.051056813,-0.63148284,PaCMAP
2496,before_phees_2022-03-14_10-35-12_0000049_labelled_Odin_pheeseq_26_labelled_mC2.wav,Odin,Nougatti,before,partner,Odin-Nougatti,7.6978383,-6.406584,PaCMAP
2497,before_phees_2022-03-14_10-35-12_0000049_labelled_Odin_pheeseq_26_labelled_mC3.wav,Odin,Nougatti,before,partner,Odin-Nougatti,-9.426115,2.1806726,PaCMAP
2498,before_phees_2022-03-14_10-35-12_0000049_labelled_Odin_pheeseq_30_labelled_mB1.wav,Odin,Nougatti,before,partner,Odin-Nougatti,8.641241,-4.144611,PaCMAP
2499,before_phees_2022-03-14_10-35-12_0000049_labelled_Odin_pheeseq_30_labelled_mB2.wav,Odin,Nougatti,before,partner,Odin-Nougatti,7.793297,-5.2556443,PaCMAP
2500,before_phees_2022-03-14_10-35-12_0000049_labelled_Odin_pheeseq_40_labelled_mB2.wav,Odin,Nougatti,before,partner,Odin-Nougatti,-4.5042067,0.6336142,PaCMAP
2501,before_phees_2022-03-14_10-35-12_0000049_labelled_Odin_pheeseq_41_labelled_mB2.wav,Odin,Nougatti,before,partner,Odin-Nougatti,8.159772,-7.441465,PaCMAP
2502,before_phees_2022-03-14_13-20-47_0000053_labelled_Odin_pheeseq_02_labelled_mE1.wav,Odin,Olympia,before,non-partner,Odin-Nougatti,14.508966,-5.8976965,PaCMAP
2503,before_phees_2022-03-14_13-20-47_0000053_labelled_Odin_pheeseq_02_labelled_mE3.wav,Odin,Olympia,before,non-partner,Odin-Nougatti,13.442344,-5.9322724,PaCMAP
2504,before_phees_2022-03-14_13-20-47_0000053_labelled_Odin_pheeseq_02_labelled_mE4.wav,Odin,Olympia,before,non-partner,Odin-Nougatti,13.238228,-4.9039125,PaCMAP
2505,before_phees_2022-03-14_13-20-47_0000053_labelled_Odin_pheeseq_02_labelled_mE5.wav,Odin,Olympia,before,non-partner,Odin-Nougatti,12.407959,-5.6021647,PaCMAP
2506,before_phees_2022-03-14_13-20-47_0000053_labelled_Odin_pheeseq_02_labelled_mE6.wav,Odin,Olympia,before,non-partner,Odin-Nougatti,12.184535,-6.5464416,PaCMAP
2507,before_phees_2022-03-14_13-20-47_0000053_labelled_Odin_pheeseq_04_labelled_mD1.wav,Odin,Olympia,before,non-partner,Odin-Nougatti,14.439402,-5.8026595,PaCMAP
2508,before_phees_2022-03-14_13-20-47_0000053_labelled_Odin_pheeseq_04_labelled_mD2.wav,Odin,Olympia,before,non-partner,Odin-Nougatti,13.270098,-4.9479456,PaCMAP
2509,before_phees_2022-03-14_13-20-47_0000053_labelled_Odin_pheeseq_04_labelled_mD3.wav,Odin,Olympia,before,non-partner,Odin-Nougatti,13.394782,-4.4892297,PaCMAP
2510,before_phees_2022-03-14_13-20-47_0000053_labelled_Odin_pheeseq_04_labelled_mD4.wav,Odin,Olympia,before,non-partner,Odin-Nougatti,12.413459,-4.6229596,PaCMAP
2511,before_phees_2022-03-14_13-20-47_0000053_labelled_Odin_pheeseq_05_labelled_mE1.wav,Odin,Olympia,before,non-partner,Odin-Nougatti,14.494468,-5.9772215,PaCMAP
2512,before_phees_2022-03-14_13-20-47_0000053_labelled_Odin_pheeseq_05_labelled_mE4.wav,Odin,Olympia,before,non-partner,Odin-Nougatti,14.462185,-5.8545613,PaCMAP
2513,before_phees_2022-03-14_13-20-47_0000053_labelled_Odin_pheeseq_05_labelled_mE6.wav,Odin,Olympia,before,non-partner,Odin-Nougatti,14.719905,-5.6562343,PaCMAP
2514,before_phees_2022-03-14_13-20-47_0000053_labelled_Odin_pheeseq_05_labelled_mE7.wav,Odin,Olympia,before,non-partner,Odin-Nougatti,13.548532,-4.2548018,PaCMAP
2515,before_phees_2022-03-14_13-20-47_0000053_labelled_Odin_pheeseq_05_labelled_mE8.wav,Odin,Olympia,before,non-partner,Odin-Nougatti,13.178955,-4.236677,PaCMAP
2516,before_phees_2022-03-14_13-20-47_0000053_labelled_Odin_pheeseq_10_labelled_mD1.wav,Odin,Olympia,before,non-partner,Odin-Nougatti,-1.9976614,-0.6530717,PaCMAP
2517,before_phees_2022-03-14_13-20-47_0000053_labelled_Odin_pheeseq_10_labelled_mD3.wav,Odin,Olympia,before,non-partner,Odin-Nougatti,8.976469,-4.026091,PaCMAP
2518,before_phees_2022-03-14_13-20-47_0000053_labelled_Odin_pheeseq_10_labelled_mD4.wav,Odin,Olympia,before,non-partner,Odin-Nougatti,9.748816,-4.385656,PaCMAP
2519,before_phees_2022-03-14_13-20-47_0000053_labelled_Odin_pheeseq_10_labelled_mD7.wav,Odin,Olympia,before,non-partner,Odin-Nougatti,10.044291,-7.857682,PaCMAP
2520,before_phees_2022-03-14_13-20-47_0000053_labelled_Odin_pheeseq_15_labelled_mC1.wav,Odin,Olympia,before,non-partner,Odin-Nougatti,10.177264,-5.688559,PaCMAP
2521,before_phees_2022-03-14_13-20-47_0000053_labelled_Odin_pheeseq_15_labelled_mC2.wav,Odin,Olympia,before,non-partner,Odin-Nougatti,9.35594,-4.521713,PaCMAP
2522,before_phees_2022-03-14_13-20-47_0000053_labelled_Odin_pheeseq_15_labelled_mC3.wav,Odin,Olympia,before,non-partner,Odin-Nougatti,10.119996,-3.7829359,PaCMAP
2523,before_phees_2022-03-14_13-20-47_0000053_labelled_Odin_pheeseq_18_labelled_mC1.wav,Odin,Olympia,before,non-partner,Odin-Nougatti,-2.3946438,-2.3842757,PaCMAP
2524,before_phees_2022-03-14_13-20-47_0000053_labelled_Odin_pheeseq_18_labelled_mC2.wav,Odin,Olympia,before,non-partner,Odin-Nougatti,10.516872,-4.604301,PaCMAP
2525,before_phees_2022-03-14_13-20-47_0000053_labelled_Odin_pheeseq_18_labelled_mC3.wav,Odin,Olympia,before,non-partner,Odin-Nougatti,10.181736,-3.7706938,PaCMAP
2526,before_phees_2022-03-14_13-20-47_0000053_labelled_Odin_pheeseq_34_labelled_mC1.wav,Odin,Olympia,before,non-partner,Odin-Nougatti,-1.4790516,-0.49339047,PaCMAP
2527,before_phees_2022-03-14_13-20-47_0000053_labelled_Odin_pheeseq_34_labelled_mC2.wav,Odin,Olympia,before,non-partner,Odin-Nougatti,-7.39762,5.169578,PaCMAP
2528,before_phees_2022-03-14_13-20-47_0000053_labelled_Odin_pheeseq_34_labelled_mC3.wav,Odin,Olympia,before,non-partner,Odin-Nougatti,-10.663619,1.5438241,PaCMAP
2529,before_phees_2022-03-14_13-20-47_0000053_labelled_Odin_pheeseq_35_labelled_mD1.wav,Odin,Olympia,before,non-partner,Odin-Nougatti,10.741592,-6.763332,PaCMAP
2530,before_phees_2022-03-14_13-20-47_0000053_labelled_Odin_pheeseq_35_labelled_mD2.wav,Odin,Olympia,before,non-partner,Odin-Nougatti,9.928708,-5.590914,PaCMAP
2531,before_phees_2022-03-14_13-20-47_0000053_labelled_Odin_pheeseq_35_labelled_mD3.wav,Odin,Olympia,before,non-partner,Odin-Nougatti,-6.5569873,-1.2743456,PaCMAP
2532,before_phees_2022-03-14_13-20-47_0000053_labelled_Odin_pheeseq_35_labelled_mD4.wav,Odin,Olympia,before,non-partner,Odin-Nougatti,-10.517017,1.5626493,PaCMAP
2533,before_phees_2022-03-14_13-20-47_0000053_labelled_Odin_pheeseq_44_labelled_mC1.wav,Odin,Olympia,before,non-partner,Odin-Nougatti,-6.4079604,-1.4300838,PaCMAP
2534,before_phees_2022-03-14_13-20-47_0000053_labelled_Odin_pheeseq_44_labelled_mC2.wav,Odin,Olympia,before,non-partner,Odin-Nougatti,9.791735,-8.291096,PaCMAP
2535,before_phees_2022-03-14_13-20-47_0000053_labelled_Odin_pheeseq_44_labelled_mC3.wav,Odin,Olympia,before,non-partner,Odin-Nougatti,9.631642,-4.5560923,PaCMAP
2536,before_phees_2022-03-14_13-20-47_0000053_labelled_Odin_pheeseq_45_labelled_mE1.wav,Odin,Olympia,before,non-partner,Odin-Nougatti,14.467175,-5.9359035,PaCMAP
2537,before_phees_2022-03-14_13-20-47_0000053_labelled_Odin_pheeseq_45_labelled_mE5.wav,Odin,Olympia,before,non-partner,Odin-Nougatti,14.686141,-5.7703714,PaCMAP
2538,before_phees_2022-03-14_13-20-47_0000053_labelled_Odin_pheeseq_45_labelled_mE6.wav,Odin,Olympia,before,non-partner,Odin-Nougatti,13.914276,-4.1949525,PaCMAP
2539,before_phees_2022-03-14_13-20-47_0000053_labelled_Odin_pheeseq_45_labelled_mE7.wav,Odin,Olympia,before,non-partner,Odin-Nougatti,13.680179,-4.166751,PaCMAP
2540,before_phees_2022-03-14_13-20-47_0000053_labelled_Odin_pheeseq_45_labelled_mE9.wav,Odin,Olympia,before,non-partner,Odin-Nougatti,12.044539,-6.0152726,PaCMAP
2541,before_phees_2022-03-14_13-20-47_0000053_labelled_Odin_pheeseq_46_labelled_mD1.wav,Odin,Olympia,before,non-partner,Odin-Nougatti,12.321107,-6.2922444,PaCMAP
2542,before_phees_2022-03-14_13-20-47_0000053_labelled_Odin_pheeseq_46_labelled_mD5.wav,Odin,Olympia,before,non-partner,Odin-Nougatti,14.856387,-5.4831967,PaCMAP
2543,before_phees_2022-03-14_13-20-47_0000053_labelled_Odin_pheeseq_46_labelled_mD7.wav,Odin,Olympia,before,non-partner,Odin-Nougatti,10.015586,-3.928026,PaCMAP
2544,before_phees_2022-03-14_13-20-47_0000053_labelled_Odin_pheeseq_46_labelled_mD8.wav,Odin,Olympia,before,non-partner,Odin-Nougatti,10.24797,-4.8614573,PaCMAP
2545,before_phees_2022-03-14_13-20-47_0000053_labelled_Odin_pheeseq_47_labelled_mD1.wav,Odin,Olympia,before,non-partner,Odin-Nougatti,11.666153,-5.8165064,PaCMAP
2546,before_phees_2022-03-14_13-20-47_0000053_labelled_Odin_pheeseq_47_labelled_mD4.wav,Odin,Olympia,before,non-partner,Odin-Nougatti,11.396115,-4.4975557,PaCMAP
2547,before_phees_2022-03-14_13-20-47_0000053_labelled_Odin_pheeseq_47_labelled_mD6.wav,Odin,Olympia,before,non-partner,Odin-Nougatti,12.344828,-3.7608976,PaCMAP
2548,before_phees_2022-03-14_13-20-47_0000053_labelled_Odin_pheeseq_47_labelled_mD7.wav,Odin,Olympia,before,non-partner,Odin-Nougatti,11.41853,-4.319021,PaCMAP
2549,before_phees_2022-03-14_13-20-47_0000053_labelled_Odin_pheeseq_49_labelled_mD1.wav,Odin,Olympia,before,non-partner,Odin-Nougatti,0.3940553,-0.41790342,PaCMAP
2550,before_phees_2022-03-14_13-20-47_0000053_labelled_Odin_pheeseq_49_labelled_mD2.wav,Odin,Olympia,before,non-partner,Odin-Nougatti,10.428431,-3.9610708,PaCMAP
2551,before_phees_2022-03-14_13-20-47_0000053_labelled_Odin_pheeseq_49_labelled_mD3.wav,Odin,Olympia,before,non-partner,Odin-Nougatti,0.86684805,-0.9634412,PaCMAP
2552,before_phees_2022-03-14_13-20-47_0000053_labelled_Odin_pheeseq_49_labelled_mD4.wav,Odin,Olympia,before,non-partner,Odin-Nougatti,0.6793721,-0.7940894,PaCMAP
2553,before_phees_2022-03-14_13-20-47_0000053_labelled_Olympia_pheeseq_11_labelled_mB1.wav,Olympia,Odin,before,non-partner,Wuschel-Olympia,9.182172,-8.8591175,PaCMAP
2554,before_phees_2022-03-14_13-20-47_0000053_labelled_Olympia_pheeseq_11_labelled_mB2.wav,Olympia,Odin,before,non-partner,Wuschel-Olympia,-10.930527,1.3153012,PaCMAP
2555,before_phees_2022-03-14_13-20-47_0000053_labelled_Olympia_pheeseq_48_labelled_mB1.wav,Olympia,Odin,before,non-partner,Wuschel-Olympia,-6.163575,0.47614765,PaCMAP
2556,before_phees_2022-03-14_13-20-47_0000053_labelled_Olympia_pheeseq_48_labelled_mB2.wav,Olympia,Odin,before,non-partner,Wuschel-Olympia,-9.6863785,4.539645,PaCMAP
2557,before_phees_2022-03-14_13-20-47_0000053_labelled_Olympia_pheeseq_50_labelled_mC1.wav,Olympia,Odin,before,non-partner,Wuschel-Olympia,-12.557608,4.0163727,PaCMAP
2558,before_phees_2022-03-14_13-20-47_0000053_labelled_Olympia_pheeseq_50_labelled_mC2.wav,Olympia,Odin,before,non-partner,Wuschel-Olympia,-13.420531,1.0253001,PaCMAP
2559,before_phees_2022-03-14_13-20-47_0000053_labelled_Olympia_pheeseq_50_labelled_mC3.wav,Olympia,Odin,before,non-partner,Wuschel-Olympia,-10.774178,1.7808431,PaCMAP
2560,before_phees_2022-03-14_13-55-14_0000054_labelled_Nougatti_pheeseq_03_labelled_mB1.wav,Nougatti,Wuschel,before,non-partner,Odin-Nougatti,7.264581,-6.5411797,PaCMAP
2561,before_phees_2022-03-14_13-55-14_0000054_labelled_Nougatti_pheeseq_03_labelled_mB2.wav,Nougatti,Wuschel,before,non-partner,Odin-Nougatti,10.1287775,-6.1975665,PaCMAP
2562,before_phees_2022-03-14_13-55-14_0000054_labelled_Nougatti_pheeseq_06_labelled_mB1.wav,Nougatti,Wuschel,before,non-partner,Odin-Nougatti,-2.5646346,3.5406933,PaCMAP
2563,before_phees_2022-03-14_13-55-14_0000054_labelled_Nougatti_pheeseq_06_labelled_mB2.wav,Nougatti,Wuschel,before,non-partner,Odin-Nougatti,-2.6394362,0.62449443,PaCMAP
2564,before_phees_2022-03-14_13-55-14_0000054_labelled_Nougatti_pheeseq_08_labelled_mB1.wav,Nougatti,Wuschel,before,non-partner,Odin-Nougatti,-2.6507797,2.3170912,PaCMAP
2565,before_phees_2022-03-14_13-55-14_0000054_labelled_Nougatti_pheeseq_13_labelled_mC1.wav,Nougatti,Wuschel,before,non-partner,Odin-Nougatti,2.0515208,3.1748738,PaCMAP
2566,before_phees_2022-03-14_13-55-14_0000054_labelled_Nougatti_pheeseq_13_labelled_mC2.wav,Nougatti,Wuschel,before,non-partner,Odin-Nougatti,1.5936167,0.080714695,PaCMAP
2567,before_phees_2022-03-14_13-55-14_0000054_labelled_Nougatti_pheeseq_13_labelled_mC3.wav,Nougatti,Wuschel,before,non-partner,Odin-Nougatti,9.19882,-5.1211433,PaCMAP
2568,before_phees_2022-03-14_13-55-14_0000054_labelled_Nougatti_pheeseq_15_labelled_mB1.wav,Nougatti,Wuschel,before,non-partner,Odin-Nougatti,1.0306268,-0.13084553,PaCMAP
2569,before_phees_2022-03-14_13-55-14_0000054_labelled_Nougatti_pheeseq_15_labelled_mB2.wav,Nougatti,Wuschel,before,non-partner,Odin-Nougatti,7.9889674,-4.7778244,PaCMAP
2570,before_phees_2022-03-14_13-55-14_0000054_labelled_Nougatti_pheeseq_21_labelled_mC2.wav,Nougatti,Wuschel,before,non-partner,Odin-Nougatti,8.416435,-3.2212045,PaCMAP
2571,before_phees_2022-03-14_13-55-14_0000054_labelled_Nougatti_pheeseq_21_labelled_mC3.wav,Nougatti,Wuschel,before,non-partner,Odin-Nougatti,11.135776,-7.4634485,PaCMAP
2572,before_phees_2022-03-14_13-55-14_0000054_labelled_Nougatti_pheeseq_22_labelled_mC1.wav,Nougatti,Wuschel,before,non-partner,Odin-Nougatti,0.84960526,2.665832,PaCMAP
2573,before_phees_2022-03-14_13-55-14_0000054_labelled_Nougatti_pheeseq_22_labelled_mC2.wav,Nougatti,Wuschel,before,non-partner,Odin-Nougatti,7.2056584,-5.74463,PaCMAP
2574,before_phees_2022-03-14_13-55-14_0000054_labelled_Nougatti_pheeseq_22_labelled_mC3.wav,Nougatti,Wuschel,before,non-partner,Odin-Nougatti,10.101601,-5.701815,PaCMAP
2575,before_phees_2022-03-14_13-55-14_0000054_labelled_Nougatti_pheeseq_23_labelled_mB1.wav,Nougatti,Wuschel,before,non-partner,Odin-Nougatti,-0.057080343,1.0842454,PaCMAP
2576,before_phees_2022-03-14_13-55-14_0000054_labelled_Nougatti_pheeseq_23_labelled_mB2.wav,Nougatti,Wuschel,before,non-partner,Odin-Nougatti,1.2966355,0.787725,PaCMAP
2577,before_phees_2022-03-14_13-55-14_0000054_labelled_Nougatti_pheeseq_24_labelled_mB1.wav,Nougatti,Wuschel,before,non-partner,Odin-Nougatti,-0.7544828,1.3486662,PaCMAP
2578,before_phees_2022-03-14_13-55-14_0000054_labelled_Nougatti_pheeseq_25_labelled_mB1.wav,Nougatti,Wuschel,before,non-partner,Odin-Nougatti,-1.1278772,2.890299,PaCMAP
2579,before_phees_2022-03-14_13-55-14_0000054_labelled_Nougatti_pheeseq_25_labelled_mB2.wav,Nougatti,Wuschel,before,non-partner,Odin-Nougatti,6.6498957,-4.9815993,PaCMAP
2580,before_phees_2022-03-14_13-55-14_0000054_labelled_Nougatti_pheeseq_26_labelled_mB1.wav,Nougatti,Wuschel,before,non-partner,Odin-Nougatti,-3.862057,7.4373684,PaCMAP
2581,before_phees_2022-03-14_13-55-14_0000054_labelled_Nougatti_pheeseq_26_labelled_mB2.wav,Nougatti,Wuschel,before,non-partner,Odin-Nougatti,6.8183484,-5.613069,PaCMAP
2582,before_phees_2022-03-14_13-55-14_0000054_labelled_Nougatti_pheeseq_29_labelled_mC1.wav,Nougatti,Wuschel,before,non-partner,Odin-Nougatti,6.6075325,-5.3683996,PaCMAP
2583,before_phees_2022-03-14_13-55-14_0000054_labelled_Nougatti_pheeseq_29_labelled_mC2.wav,Nougatti,Wuschel,before,non-partner,Odin-Nougatti,7.589538,-2.4494605,PaCMAP
2584,before_phees_2022-03-14_13-55-14_0000054_labelled_Nougatti_pheeseq_29_labelled_mC3.wav,Nougatti,Wuschel,before,non-partner,Odin-Nougatti,-3.0097103,-2.1012342,PaCMAP
2585,before_phees_2022-03-14_13-55-14_0000054_labelled_Nougatti_pheeseq_30_labelled_mB1.wav,Nougatti,Wuschel,before,non-partner,Odin-Nougatti,0.67535406,2.6940286,PaCMAP
2586,before_phees_2022-03-14_13-55-14_0000054_labelled_Nougatti_pheeseq_30_labelled_mB2.wav,Nougatti,Wuschel,before,non-partner,Odin-Nougatti,7.8506827,-7.205179,PaCMAP
2587,before_phees_2022-03-14_13-55-14_0000054_labelled_Nougatti_pheeseq_32_labelled_mB1.wav,Nougatti,Wuschel,before,non-partner,Odin-Nougatti,-3.1753426,7.692498,PaCMAP
2588,before_phees_2022-03-14_13-55-14_0000054_labelled_Nougatti_pheeseq_32_labelled_mB2.wav,Nougatti,Wuschel,before,non-partner,Odin-Nougatti,-0.65709096,1.7162818,PaCMAP
2589,before_phees_2022-03-14_13-55-14_0000054_labelled_Nougatti_pheeseq_33_labelled_mB1.wav,Nougatti,Wuschel,before,non-partner,Odin-Nougatti,-1.0408843,2.4309502,PaCMAP
2590,before_phees_2022-03-14_13-55-14_0000054_labelled_Nougatti_pheeseq_33_labelled_mB2.wav,Nougatti,Wuschel,before,non-partner,Odin-Nougatti,6.618261,-6.1555943,PaCMAP
2591,before_phees_2022-03-14_13-55-14_0000054_labelled_Nougatti_pheeseq_34_labelled_mB1.wav,Nougatti,Wuschel,before,non-partner,Odin-Nougatti,-4.597036,6.4449105,PaCMAP
2592,before_phees_2022-03-14_13-55-14_0000054_labelled_Nougatti_pheeseq_34_labelled_mB2.wav,Nougatti,Wuschel,before,non-partner,Odin-Nougatti,6.9169974,-6.8720713,PaCMAP
2593,before_phees_2022-03-14_13-55-14_0000054_labelled_Nougatti_pheeseq_35_labelled_mC1.wav,Nougatti,Wuschel,before,non-partner,Odin-Nougatti,-1.0013881,1.9346664,PaCMAP
2594,before_phees_2022-03-14_13-55-14_0000054_labelled_Nougatti_pheeseq_35_labelled_mC2.wav,Nougatti,Wuschel,before,non-partner,Odin-Nougatti,6.684434,-4.9350944,PaCMAP
2595,before_phees_2022-03-14_13-55-14_0000054_labelled_Nougatti_pheeseq_35_labelled_mC3.wav,Nougatti,Wuschel,before,non-partner,Odin-Nougatti,0.6210386,-0.31680304,PaCMAP
2596,before_phees_2022-03-14_13-55-14_0000054_labelled_Nougatti_pheeseq_36_labelled_mB1.wav,Nougatti,Wuschel,before,non-partner,Odin-Nougatti,-1.1461735,2.571747,PaCMAP
2597,before_phees_2022-03-14_13-55-14_0000054_labelled_Nougatti_pheeseq_36_labelled_mB2.wav,Nougatti,Wuschel,before,non-partner,Odin-Nougatti,6.570492,-5.3345976,PaCMAP
2598,before_phees_2022-03-14_13-55-14_0000054_labelled_Nougatti_pheeseq_37_labelled_mB1.wav,Nougatti,Wuschel,before,non-partner,Odin-Nougatti,0.7233575,2.2669146,PaCMAP
2599,before_phees_2022-03-14_13-55-14_0000054_labelled_Nougatti_pheeseq_37_labelled_mB3.wav,Nougatti,Wuschel,before,non-partner,Odin-Nougatti,6.5549736,-5.0325766,PaCMAP
2600,before_phees_2022-03-14_13-55-14_0000054_labelled_Nougatti_pheeseq_38_labelled_mC1.wav,Nougatti,Wuschel,before,non-partner,Odin-Nougatti,1.1785374,2.2400212,PaCMAP
2601,before_phees_2022-03-14_13-55-14_0000054_labelled_Nougatti_pheeseq_38_labelled_mC2.wav,Nougatti,Wuschel,before,non-partner,Odin-Nougatti,1.2174329,0.28627193,PaCMAP
2602,before_phees_2022-03-14_13-55-14_0000054_labelled_Nougatti_pheeseq_38_labelled_mC3.wav,Nougatti,Wuschel,before,non-partner,Odin-Nougatti,-9.098751,-0.29368356,PaCMAP
2603,before_phees_2022-03-14_13-55-14_0000054_labelled_Wuschel_pheeseq_02_labelled_mB1.wav,Wuschel,Nougatti,before,non-partner,Wuschel-Olympia,-15.738901,3.410771,PaCMAP
2604,before_phees_2022-03-14_13-55-14_0000054_labelled_Wuschel_pheeseq_02_labelled_mB2.wav,Wuschel,Nougatti,before,non-partner,Wuschel-Olympia,-13.381985,1.3448786,PaCMAP
2605,before_phees_2022-03-14_13-55-14_0000054_labelled_Wuschel_pheeseq_12_labelled_mB1.wav,Wuschel,Nougatti,before,non-partner,Wuschel-Olympia,-14.772484,2.4889781,PaCMAP
2606,before_phees_2022-03-14_13-55-14_0000054_labelled_Wuschel_pheeseq_12_labelled_mB2.wav,Wuschel,Nougatti,before,non-partner,Wuschel-Olympia,-11.293609,1.9125433,PaCMAP
2607,before_phees_2022-03-14_13-55-14_0000054_labelled_Wuschel_pheeseq_14_labelled_mC1.wav,Wuschel,Nougatti,before,non-partner,Wuschel-Olympia,-15.445295,2.1246002,PaCMAP
2608,before_phees_2022-03-14_13-55-14_0000054_labelled_Wuschel_pheeseq_14_labelled_mC2.wav,Wuschel,Nougatti,before,non-partner,Wuschel-Olympia,9.828023,-9.579958,PaCMAP
2609,before_phees_2022-03-14_13-55-14_0000054_labelled_Wuschel_pheeseq_14_labelled_mC3.wav,Wuschel,Nougatti,before,non-partner,Wuschel-Olympia,-9.278088,-0.26081988,PaCMAP
2610,before_phees_2022-03-15_09-35-25_0000056_labelled_Lola_pheeseq_01_labelled_mB1.wav,Lola,Wuschel,before,non-partner,Tabor-Lola,-0.81555736,5.6970015,PaCMAP
2611,before_phees_2022-03-15_09-35-25_0000056_labelled_Lola_pheeseq_01_labelled_mB2.wav,Lola,Wuschel,before,non-partner,Tabor-Lola,0.7219456,3.2034,PaCMAP
2612,before_phees_2022-03-15_09-35-25_0000056_labelled_Lola_pheeseq_02_labelled_mB1.wav,Lola,Wuschel,before,non-partner,Tabor-Lola,-1.050799,7.818627,PaCMAP
2613,before_phees_2022-03-15_09-35-25_0000056_labelled_Lola_pheeseq_02_labelled_mB2.wav,Lola,Wuschel,before,non-partner,Tabor-Lola,-0.6602501,8.343495,PaCMAP
2614,before_phees_2022-03-15_09-35-25_0000056_labelled_Lola_pheeseq_03_labelled_mB1.wav,Lola,Wuschel,before,non-partner,Tabor-Lola,-1.2883548,7.5274057,PaCMAP
2615,before_phees_2022-03-15_09-35-25_0000056_labelled_Lola_pheeseq_03_labelled_mB2.wav,Lola,Wuschel,before,non-partner,Tabor-Lola,-0.5254015,7.9886518,PaCMAP
2616,before_phees_2022-03-15_09-35-25_0000056_labelled_Lola_pheeseq_04_labelled_mB1.wav,Lola,Wuschel,before,non-partner,Tabor-Lola,0.5019087,7.56735,PaCMAP
2617,before_phees_2022-03-15_09-35-25_0000056_labelled_Lola_pheeseq_04_labelled_mB2.wav,Lola,Wuschel,before,non-partner,Tabor-Lola,0.6035742,8.052616,PaCMAP
2618,before_phees_2022-03-15_09-35-25_0000056_labelled_Lola_pheeseq_05_labelled_mB1.wav,Lola,Wuschel,before,non-partner,Tabor-Lola,-1.2929415,8.489304,PaCMAP
2619,before_phees_2022-03-15_09-35-25_0000056_labelled_Lola_pheeseq_05_labelled_mB2.wav,Lola,Wuschel,before,non-partner,Tabor-Lola,0.62709624,7.3351445,PaCMAP
2620,before_phees_2022-03-15_10-42-01_0000058_labelled_Nougatti_pheeseq_04_labelled_mB1.wav,Nougatti,Tabor,before,non-partner,Odin-Nougatti,-2.7245524,2.9104557,PaCMAP
2621,before_phees_2022-03-15_10-42-01_0000058_labelled_Nougatti_pheeseq_04_labelled_mB2.wav,Nougatti,Tabor,before,non-partner,Odin-Nougatti,-2.3557515,0.582927,PaCMAP
2622,before_phees_2022-03-15_10-42-01_0000058_labelled_Nougatti_pheeseq_08_labelled_mB1.wav,Nougatti,Tabor,before,non-partner,Odin-Nougatti,0.6950032,3.168161,PaCMAP
2623,before_phees_2022-03-15_10-42-01_0000058_labelled_Nougatti_pheeseq_08_labelled_mB2.wav,Nougatti,Tabor,before,non-partner,Odin-Nougatti,0.7850197,1.117404,PaCMAP
2624,before_phees_2022-03-15_10-42-01_0000058_labelled_Nougatti_pheeseq_11_labelled_mB1.wav,Nougatti,Tabor,before,non-partner,Odin-Nougatti,-2.6747558,2.958332,PaCMAP
2625,before_phees_2022-03-15_10-42-01_0000058_labelled_Nougatti_pheeseq_12_labelled_mB1.wav,Nougatti,Tabor,before,non-partner,Odin-Nougatti,-1.2300279,5.6555986,PaCMAP
2626,before_phees_2022-03-15_10-42-01_0000058_labelled_Nougatti_pheeseq_12_labelled_mB2.wav,Nougatti,Tabor,before,non-partner,Odin-Nougatti,-1.4360003,2.3609319,PaCMAP
2627,before_phees_2022-03-15_10-42-01_0000058_labelled_Tabor_pheeseq_02_labelled_mC1.wav,Tabor,Nougatti,before,non-partner,Tabor-Lola,-2.6604838,0.08457369,PaCMAP
2628,before_phees_2022-03-15_10-42-01_0000058_labelled_Tabor_pheeseq_02_labelled_mC2.wav,Tabor,Nougatti,before,non-partner,Tabor-Lola,-7.850248,4.98803,PaCMAP
2629,before_phees_2022-03-15_10-42-01_0000058_labelled_Tabor_pheeseq_02_labelled_mC3.wav,Tabor,Nougatti,before,non-partner,Tabor-Lola,-9.417369,1.2105353,PaCMAP
2630,before_phees_2022-03-15_13-18-10_0000060_labelled_Odin_pheeseq_03_labelled_mB2.wav,Odin,Nougatti,before,partner,Odin-Nougatti,9.3659935,-7.845543,PaCMAP
2631,before_phees_2022-03-15_13-18-10_0000060_labelled_Odin_pheeseq_08_labelled_mB1.wav,Odin,Nougatti,before,partner,Odin-Nougatti,7.6254573,-5.7264466,PaCMAP
2632,before_phees_2022-03-15_13-18-10_0000060_labelled_Odin_pheeseq_08_labelled_mB2.wav,Odin,Nougatti,before,partner,Odin-Nougatti,9.544649,-9.061258,PaCMAP
2633,before_phees_2022-03-15_13-18-10_0000060_labelled_Odin_pheeseq_09_labelled_mB1.wav,Odin,Nougatti,before,partner,Odin-Nougatti,8.413495,-7.683656,PaCMAP
2634,before_phees_2022-03-15_13-18-10_0000060_labelled_Odin_pheeseq_09_labelled_mB2.wav,Odin,Nougatti,before,partner,Odin-Nougatti,9.450379,-8.475964,PaCMAP
2635,before_phees_2022-03-15_13-18-10_0000060_labelled_Odin_pheeseq_11_labelled_mB1.wav,Odin,Nougatti,before,partner,Odin-Nougatti,10.629552,-8.653702,PaCMAP
2636,before_phees_2022-03-15_13-18-10_0000060_labelled_Odin_pheeseq_11_labelled_mB2.wav,Odin,Nougatti,before,partner,Odin-Nougatti,10.01502,-8.854676,PaCMAP
2637,before_phees_2022-03-15_13-18-10_0000060_labelled_Odin_pheeseq_12_labelled_mD1.wav,Odin,Nougatti,before,partner,Odin-Nougatti,9.729387,-8.653316,PaCMAP
2638,before_phees_2022-03-15_13-18-10_0000060_labelled_Odin_pheeseq_12_labelled_mD2.wav,Odin,Nougatti,before,partner,Odin-Nougatti,10.313886,-6.766686,PaCMAP
2639,before_phees_2022-03-15_13-18-10_0000060_labelled_Odin_pheeseq_12_labelled_mD3.wav,Odin,Nougatti,before,partner,Odin-Nougatti,10.247575,-5.8450656,PaCMAP
2640,before_phees_2022-03-15_13-18-10_0000060_labelled_Odin_pheeseq_12_labelled_mD4.wav,Odin,Nougatti,before,partner,Odin-Nougatti,11.079889,-8.576424,PaCMAP
2641,before_phees_2022-03-15_13-18-10_0000060_labelled_Odin_pheeseq_14_labelled_mB1.wav,Odin,Nougatti,before,partner,Odin-Nougatti,10.903162,-7.0088243,PaCMAP
2642,before_phees_2022-03-15_13-18-10_0000060_labelled_Odin_pheeseq_14_labelled_mB2.wav,Odin,Nougatti,before,partner,Odin-Nougatti,10.101586,-6.4690833,PaCMAP
2643,before_phees_2022-03-15_13-18-10_0000060_labelled_Odin_pheeseq_16_labelled_mC1.wav,Odin,Nougatti,before,partner,Odin-Nougatti,-10.207784,4.1474533,PaCMAP
2644,before_phees_2022-03-15_13-18-10_0000060_labelled_Odin_pheeseq_16_labelled_mC2.wav,Odin,Nougatti,before,partner,Odin-Nougatti,-10.624171,3.2096624,PaCMAP
2645,before_phees_2022-03-15_13-18-10_0000060_labelled_Odin_pheeseq_16_labelled_mC3.wav,Odin,Nougatti,before,partner,Odin-Nougatti,-10.484152,1.3830986,PaCMAP
2646,before_phees_2022-03-15_13-18-10_0000060_labelled_Odin_pheeseq_26_labelled_mB2.wav,Odin,Nougatti,before,partner,Odin-Nougatti,9.564041,-8.329891,PaCMAP
2647,before_phees_2022-03-15_14-09-36_0000061_labelled_Olympia_pheeseq_01_labelled_mB1.wav,Olympia,Tabor,before,non-partner,Wuschel-Olympia,-5.5541325,6.0153513,PaCMAP
2648,before_phees_2022-03-15_14-09-36_0000061_labelled_Olympia_pheeseq_01_labelled_mB2.wav,Olympia,Tabor,before,non-partner,Wuschel-Olympia,-6.736379,5.582418,PaCMAP
2649,before_phees_2022-03-15_14-09-36_0000061_labelled_Olympia_pheeseq_03_labelled_mB1.wav,Olympia,Tabor,before,non-partner,Wuschel-Olympia,-2.5593145,0.05575893,PaCMAP
2650,before_phees_2022-03-15_14-09-36_0000061_labelled_Olympia_pheeseq_03_labelled_mB2.wav,Olympia,Tabor,before,non-partner,Wuschel-Olympia,-4.4954348,0.48268136,PaCMAP
2651,before_phees_2022-03-16_09-27-47_0000063_labelled_Nougatti_pheeseq_01_labelled_mC1.wav,Nougatti,Wuschel,before,non-partner,Odin-Nougatti,0.8591129,4.0626583,PaCMAP
2652,before_phees_2022-03-16_09-27-47_0000063_labelled_Nougatti_pheeseq_01_labelled_mC2.wav,Nougatti,Wuschel,before,non-partner,Odin-Nougatti,-1.2918547,0.54252696,PaCMAP
2653,before_phees_2022-03-16_09-27-47_0000063_labelled_Nougatti_pheeseq_01_labelled_mC3.wav,Nougatti,Wuschel,before,non-partner,Odin-Nougatti,-5.497282,-2.2856753,PaCMAP
2654,before_phees_2022-03-16_09-27-47_0000063_labelled_Nougatti_pheeseq_02_labelled_mB1.wav,Nougatti,Wuschel,before,non-partner,Odin-Nougatti,-5.489252,6.216985,PaCMAP
2655,before_phees_2022-03-16_09-27-47_0000063_labelled_Nougatti_pheeseq_02_labelled_mB2.wav,Nougatti,Wuschel,before,non-partner,Odin-Nougatti,-1.3772311,0.41400462,PaCMAP
2656,before_phees_2022-03-16_09-27-47_0000063_labelled_Nougatti_pheeseq_03_labelled_mC1.wav,Nougatti,Wuschel,before,non-partner,Odin-Nougatti,1.2252854,0.8200107,PaCMAP
2657,before_phees_2022-03-16_09-27-47_0000063_labelled_Nougatti_pheeseq_03_labelled_mC2.wav,Nougatti,Wuschel,before,non-partner,Odin-Nougatti,0.58290845,-0.14607249,PaCMAP
2658,before_phees_2022-03-16_09-27-47_0000063_labelled_Nougatti_pheeseq_03_labelled_mC3.wav,Nougatti,Wuschel,before,non-partner,Odin-Nougatti,-6.2103577,-2.0203924,PaCMAP
2659,before_phees_2022-03-16_09-27-47_0000063_labelled_Nougatti_pheeseq_04_labelled_mD1.wav,Nougatti,Wuschel,before,non-partner,Odin-Nougatti,6.2545495,-1.8503065,PaCMAP
2660,before_phees_2022-03-16_09-27-47_0000063_labelled_Nougatti_pheeseq_04_labelled_mD2.wav,Nougatti,Wuschel,before,non-partner,Odin-Nougatti,6.2176175,-1.7919092,PaCMAP
2661,before_phees_2022-03-16_09-27-47_0000063_labelled_Nougatti_pheeseq_04_labelled_mD3.wav,Nougatti,Wuschel,before,non-partner,Odin-Nougatti,8.218534,-2.7795472,PaCMAP
2662,before_phees_2022-03-16_09-27-47_0000063_labelled_Nougatti_pheeseq_04_labelled_mD4.wav,Nougatti,Wuschel,before,non-partner,Odin-Nougatti,-10.371306,0.74194914,PaCMAP
2663,before_phees_2022-03-16_09-27-47_0000063_labelled_Nougatti_pheeseq_06_labelled_mB1.wav,Nougatti,Wuschel,before,non-partner,Odin-Nougatti,-3.1062882,2.9291744,PaCMAP
2664,before_phees_2022-03-16_09-27-47_0000063_labelled_Nougatti_pheeseq_06_labelled_mB2.wav,Nougatti,Wuschel,before,non-partner,Odin-Nougatti,7.096779,-7.555009,PaCMAP
2665,before_phees_2022-03-16_09-27-47_0000063_labelled_Nougatti_pheeseq_08_labelled_mB1.wav,Nougatti,Wuschel,before,non-partner,Odin-Nougatti,-6.1547666,6.0102477,PaCMAP
2666,before_phees_2022-03-16_09-27-47_0000063_labelled_Nougatti_pheeseq_08_labelled_mB2.wav,Nougatti,Wuschel,before,non-partner,Odin-Nougatti,6.5342245,-6.420605,PaCMAP
2667,before_phees_2022-03-16_09-27-47_0000063_labelled_Nougatti_pheeseq_09_labelled_mB1.wav,Nougatti,Wuschel,before,non-partner,Odin-Nougatti,-2.7088568,0.72968507,PaCMAP
2668,before_phees_2022-03-16_09-27-47_0000063_labelled_Nougatti_pheeseq_09_labelled_mB2.wav,Nougatti,Wuschel,before,non-partner,Odin-Nougatti,-0.7603761,2.0677314,PaCMAP
2669,before_phees_2022-03-16_09-27-47_0000063_labelled_Nougatti_pheeseq_10_labelled_mB1.wav,Nougatti,Wuschel,before,non-partner,Odin-Nougatti,-0.16422845,1.6080365,PaCMAP
2670,before_phees_2022-03-16_09-27-47_0000063_labelled_Nougatti_pheeseq_10_labelled_mB2.wav,Nougatti,Wuschel,before,non-partner,Odin-Nougatti,1.0590067,1.9121068,PaCMAP
2671,before_phees_2022-03-16_09-27-47_0000063_labelled_Nougatti_pheeseq_11_labelled_mB1.wav,Nougatti,Wuschel,before,non-partner,Odin-Nougatti,-0.96295786,8.333332,PaCMAP
2672,before_phees_2022-03-16_09-27-47_0000063_labelled_Nougatti_pheeseq_11_labelled_mB2.wav,Nougatti,Wuschel,before,non-partner,Odin-Nougatti,0.9989221,1.3488908,PaCMAP
2673,before_phees_2022-03-16_09-27-47_0000063_labelled_Nougatti_pheeseq_12_labelled_mB1.wav,Nougatti,Wuschel,before,non-partner,Odin-Nougatti,0.22346921,2.9176757,PaCMAP
2674,before_phees_2022-03-16_09-27-47_0000063_labelled_Nougatti_pheeseq_12_labelled_mB3.wav,Nougatti,Wuschel,before,non-partner,Odin-Nougatti,-0.6578259,1.8992071,PaCMAP
2675,before_phees_2022-03-16_10-12-17_0000065_labelled_Odin_pheeseq_01_labelled_mC1.wav,Odin,Lola,before,non-partner,Odin-Nougatti,-1.94879,0.056991626,PaCMAP
2676,before_phees_2022-03-16_10-12-17_0000065_labelled_Odin_pheeseq_01_labelled_mC2.wav,Odin,Lola,before,non-partner,Odin-Nougatti,8.9935665,-8.846036,PaCMAP
2677,before_phees_2022-03-16_10-12-17_0000065_labelled_Odin_pheeseq_01_labelled_mC3.wav,Odin,Lola,before,non-partner,Odin-Nougatti,-10.363044,2.7799602,PaCMAP
2678,before_phees_2022-03-16_10-12-17_0000065_labelled_Odin_pheeseq_02_labelled_mC1.wav,Odin,Lola,before,non-partner,Odin-Nougatti,-6.9433274,5.324057,PaCMAP
2679,before_phees_2022-03-16_10-12-17_0000065_labelled_Odin_pheeseq_02_labelled_mC2.wav,Odin,Lola,before,non-partner,Odin-Nougatti,-2.3815956,1.3812126,PaCMAP
2680,before_phees_2022-03-16_10-12-17_0000065_labelled_Odin_pheeseq_02_labelled_mC3.wav,Odin,Lola,before,non-partner,Odin-Nougatti,-12.608791,1.1712664,PaCMAP
2681,before_phees_2022-03-16_10-12-17_0000065_labelled_Odin_pheeseq_10_labelled_mB1.wav,Odin,Lola,before,non-partner,Odin-Nougatti,9.900429,-9.555252,PaCMAP
2682,before_phees_2022-03-16_10-12-17_0000065_labelled_Odin_pheeseq_10_labelled_mB2.wav,Odin,Lola,before,non-partner,Odin-Nougatti,-10.562487,1.5134584,PaCMAP
2683,before_phees_2022-03-16_14-28-55_0000068_labelled_Lola_pheeseq_13_labelled_mB1.wav,Lola,Tabor,before,partner,Tabor-Lola,-13.9270735,1.7553735,PaCMAP
2684,before_phees_2022-03-16_14-28-55_0000068_labelled_Lola_pheeseq_13_labelled_mB2.wav,Lola,Tabor,before,partner,Tabor-Lola,-12.094868,1.0009918,PaCMAP
2685,before_phees_2022-03-16_14-28-55_0000068_labelled_Lola_pheeseq_14_labelled_mC1.wav,Lola,Tabor,before,partner,Tabor-Lola,10.258342,-7.300552,PaCMAP
2686,before_phees_2022-03-16_14-28-55_0000068_labelled_Lola_pheeseq_14_labelled_mC2.wav,Lola,Tabor,before,partner,Tabor-Lola,8.984528,-8.762543,PaCMAP
2687,before_phees_2022-03-16_14-28-55_0000068_labelled_Lola_pheeseq_14_labelled_mC3.wav,Lola,Tabor,before,partner,Tabor-Lola,-10.599355,1.0643809,PaCMAP
2688,before_phees_2022-03-16_14-28-55_0000068_labelled_Lola_pheeseq_15_labelled_mB2.wav,Lola,Tabor,before,partner,Tabor-Lola,-11.814639,4.134254,PaCMAP
2689,before_phees_2022-03-16_14-28-55_0000068_labelled_Tabor_pheeseq_01_labelled_mB1.wav,Tabor,Lola,before,partner,Tabor-Lola,10.27509,-6.216554,PaCMAP
2690,before_phees_2022-03-16_14-28-55_0000068_labelled_Tabor_pheeseq_01_labelled_mB2.wav,Tabor,Lola,before,partner,Tabor-Lola,-0.0053038485,0.44268763,PaCMAP
2691,before_phees_2022-03-16_14-28-55_0000068_labelled_Tabor_pheeseq_06_labelled_mB1.wav,Tabor,Lola,before,partner,Tabor-Lola,-3.4316022,1.4105477,PaCMAP
2692,before_phees_2022-03-16_14-28-55_0000068_labelled_Tabor_pheeseq_06_labelled_mB2.wav,Tabor,Lola,before,partner,Tabor-Lola,-1.7794472,0.6693068,PaCMAP
2693,before_phees_2022-03-17_09-51-16_0000070_labelled_Olympia_pheeseq_02_labelled_mB1.wav,Olympia,Wuschel,before,partner,Wuschel-Olympia,-3.9746737,0.52888143,PaCMAP
2694,before_phees_2022-03-17_09-51-16_0000070_labelled_Olympia_pheeseq_02_labelled_mB2.wav,Olympia,Wuschel,before,partner,Wuschel-Olympia,-4.0734262,1.0970125,PaCMAP
2695,before_phees_2022-03-17_09-51-16_0000070_labelled_Olympia_pheeseq_15_labelled_mB1.wav,Olympia,Wuschel,before,partner,Wuschel-Olympia,10.148156,-9.225808,PaCMAP
2696,before_phees_2022-03-17_09-51-16_0000070_labelled_Olympia_pheeseq_15_labelled_mB2.wav,Olympia,Wuschel,before,partner,Wuschel-Olympia,-11.393956,3.5352852,PaCMAP
2697,before_phees_2022-03-17_09-51-16_0000070_labelled_Olympia_pheeseq_19_labelled_mB2.wav,Olympia,Wuschel,before,partner,Wuschel-Olympia,-13.620853,1.0437008,PaCMAP
2698,before_phees_2022-03-17_09-51-16_0000070_labelled_Wuschel_pheeseq_13_labelled_mB1.wav,Wuschel,Olympia,before,partner,Wuschel-Olympia,-15.730506,4.08318,PaCMAP
2699,before_phees_2022-03-17_09-51-16_0000070_labelled_Wuschel_pheeseq_13_labelled_mB2.wav,Wuschel,Olympia,before,partner,Wuschel-Olympia,-12.58428,3.1322072,PaCMAP
2700,before_phees_2022-03-17_09-51-16_0000070_labelled_Wuschel_pheeseq_20_labelled_mB1.wav,Wuschel,Olympia,before,partner,Wuschel-Olympia,-15.644377,3.9373624,PaCMAP
2701,before_phees_2022-03-17_09-51-16_0000070_labelled_Wuschel_pheeseq_20_labelled_mB2.wav,Wuschel,Olympia,before,partner,Wuschel-Olympia,-12.432825,3.2324681,PaCMAP
2702,before_phees_2022-03-17_09-51-16_0000070_labelled_Wuschel_pheeseq_23_labelled_mB1.wav,Wuschel,Olympia,before,partner,Wuschel-Olympia,-15.135625,4.0599427,PaCMAP
2703,before_phees_2022-03-17_09-51-16_0000070_labelled_Wuschel_pheeseq_23_labelled_mB2.wav,Wuschel,Olympia,before,partner,Wuschel-Olympia,-13.494379,2.7682443,PaCMAP
2704,before_phees_2022-03-17_13-35-29_0000074_labelled_Olympia_pheeseq_13_labelled_mB2.wav,Olympia,Tabor,before,non-partner,Wuschel-Olympia,-6.5898046,-0.44270298,PaCMAP
2705,before_phees_2022-03-17_13-35-29_0000074_labelled_Olympia_pheeseq_18_labelled_mB1.wav,Olympia,Tabor,before,non-partner,Wuschel-Olympia,9.961623,-9.062386,PaCMAP
2706,before_phees_2022-03-17_13-35-29_0000074_labelled_Olympia_pheeseq_18_labelled_mB2.wav,Olympia,Tabor,before,non-partner,Wuschel-Olympia,-10.092051,3.896182,PaCMAP
2707,before_phees_2022-03-17_13-35-29_0000074_labelled_Olympia_pheeseq_20_labelled_mB1.wav,Olympia,Tabor,before,non-partner,Wuschel-Olympia,9.409094,-9.285575,PaCMAP
2708,before_phees_2022-03-17_13-35-29_0000074_labelled_Olympia_pheeseq_20_labelled_mB2.wav,Olympia,Tabor,before,non-partner,Wuschel-Olympia,9.933217,-9.517619,PaCMAP
2709,before_phees_2022-03-17_13-35-29_0000074_labelled_Olympia_pheeseq_25_labelled_mB1.wav,Olympia,Tabor,before,non-partner,Wuschel-Olympia,9.921412,-9.068505,PaCMAP
2710,before_phees_2022-03-17_13-35-29_0000074_labelled_Olympia_pheeseq_25_labelled_mB2.wav,Olympia,Tabor,before,non-partner,Wuschel-Olympia,8.861598,-9.089446,PaCMAP
2711,before_phees_2022-03-17_13-35-29_0000074_labelled_Tabor_pheeseq_01_labelled_mD1.wav,Tabor,Olympia,before,non-partner,Tabor-Lola,-10.442153,4.3068404,PaCMAP
2712,before_phees_2022-03-17_13-35-29_0000074_labelled_Tabor_pheeseq_01_labelled_mD2.wav,Tabor,Olympia,before,non-partner,Tabor-Lola,-6.6955876,-0.41761264,PaCMAP
2713,before_phees_2022-03-17_13-35-29_0000074_labelled_Tabor_pheeseq_01_labelled_mD3.wav,Tabor,Olympia,before,non-partner,Tabor-Lola,-9.760006,3.8480272,PaCMAP
2714,before_phees_2022-03-17_13-35-29_0000074_labelled_Tabor_pheeseq_01_labelled_mD4.wav,Tabor,Olympia,before,non-partner,Tabor-Lola,-9.966025,1.422012,PaCMAP
2715,before_phees_2022-03-17_13-35-29_0000074_labelled_Tabor_pheeseq_02_labelled_mD1.wav,Tabor,Olympia,before,non-partner,Tabor-Lola,-14.19475,2.4894123,PaCMAP
2716,before_phees_2022-03-17_13-35-29_0000074_labelled_Tabor_pheeseq_02_labelled_mD2.wav,Tabor,Olympia,before,non-partner,Tabor-Lola,-8.120187,5.041063,PaCMAP
2717,before_phees_2022-03-17_13-35-29_0000074_labelled_Tabor_pheeseq_02_labelled_mD3.wav,Tabor,Olympia,before,non-partner,Tabor-Lola,-9.534781,3.8699052,PaCMAP
2718,before_phees_2022-03-17_13-35-29_0000074_labelled_Tabor_pheeseq_02_labelled_mD4.wav,Tabor,Olympia,before,non-partner,Tabor-Lola,-9.372715,2.2510884,PaCMAP
2719,before_phees_2022-03-17_13-35-29_0000074_labelled_Tabor_pheeseq_03_labelled_mD1.wav,Tabor,Olympia,before,non-partner,Tabor-Lola,-6.348575,-0.012216784,PaCMAP
2720,before_phees_2022-03-17_13-35-29_0000074_labelled_Tabor_pheeseq_03_labelled_mD2.wav,Tabor,Olympia,before,non-partner,Tabor-Lola,-4.7705016,0.261779,PaCMAP
2721,before_phees_2022-03-17_13-35-29_0000074_labelled_Tabor_pheeseq_03_labelled_mD3.wav,Tabor,Olympia,before,non-partner,Tabor-Lola,-6.6826525,-0.5711984,PaCMAP
2722,before_phees_2022-03-17_13-35-29_0000074_labelled_Tabor_pheeseq_03_labelled_mD4.wav,Tabor,Olympia,before,non-partner,Tabor-Lola,-9.50535,2.0291398,PaCMAP
2723,before_phees_2022-03-17_13-35-29_0000074_labelled_Tabor_pheeseq_04_labelled_mC1.wav,Tabor,Olympia,before,non-partner,Tabor-Lola,-4.940989,-0.764743,PaCMAP
2724,before_phees_2022-03-17_13-35-29_0000074_labelled_Tabor_pheeseq_04_labelled_mC2.wav,Tabor,Olympia,before,non-partner,Tabor-Lola,-4.254566,0.030766826,PaCMAP
2725,before_phees_2022-03-17_13-35-29_0000074_labelled_Tabor_pheeseq_04_labelled_mC3.wav,Tabor,Olympia,before,non-partner,Tabor-Lola,-6.7672276,-0.7162281,PaCMAP
2726,before_phees_2022-03-17_13-35-29_0000074_labelled_Tabor_pheeseq_05_labelled_mC1.wav,Tabor,Olympia,before,non-partner,Tabor-Lola,-3.8444805,-0.12570736,PaCMAP
2727,before_phees_2022-03-17_13-35-29_0000074_labelled_Tabor_pheeseq_05_labelled_mC2.wav,Tabor,Olympia,before,non-partner,Tabor-Lola,-3.8257709,-0.6578374,PaCMAP
2728,before_phees_2022-03-17_13-35-29_0000074_labelled_Tabor_pheeseq_05_labelled_mC3.wav,Tabor,Olympia,before,non-partner,Tabor-Lola,11.08987,-8.774299,PaCMAP
2729,before_phees_2022-03-17_13-35-29_0000074_labelled_Tabor_pheeseq_07_labelled_mC1.wav,Tabor,Olympia,before,non-partner,Tabor-Lola,-4.106043,0.21149789,PaCMAP
2730,before_phees_2022-03-17_13-35-29_0000074_labelled_Tabor_pheeseq_07_labelled_mC2.wav,Tabor,Olympia,before,non-partner,Tabor-Lola,-2.3428776,-0.313046,PaCMAP
2731,before_phees_2022-03-17_13-35-29_0000074_labelled_Tabor_pheeseq_07_labelled_mC3.wav,Tabor,Olympia,before,non-partner,Tabor-Lola,-4.7376866,-1.701067,PaCMAP
2732,before_phees_2022-03-17_13-35-29_0000074_labelled_Tabor_pheeseq_08_labelled_mD1.wav,Tabor,Olympia,before,non-partner,Tabor-Lola,-7.918243,5.1901402,PaCMAP
2733,before_phees_2022-03-17_13-35-29_0000074_labelled_Tabor_pheeseq_08_labelled_mD2.wav,Tabor,Olympia,before,non-partner,Tabor-Lola,-4.285293,-1.0990889,PaCMAP
2734,before_phees_2022-03-17_13-35-29_0000074_labelled_Tabor_pheeseq_08_labelled_mD3.wav,Tabor,Olympia,before,non-partner,Tabor-Lola,-4.5873446,-0.41626945,PaCMAP
2735,before_phees_2022-03-17_13-35-29_0000074_labelled_Tabor_pheeseq_08_labelled_mD4.wav,Tabor,Olympia,before,non-partner,Tabor-Lola,-8.811453,-0.5950657,PaCMAP
2736,before_phees_2022-03-17_13-35-29_0000074_labelled_Tabor_pheeseq_09_labelled_mD1.wav,Tabor,Olympia,before,non-partner,Tabor-Lola,-8.209713,4.8195577,PaCMAP
2737,before_phees_2022-03-17_13-35-29_0000074_labelled_Tabor_pheeseq_09_labelled_mD2.wav,Tabor,Olympia,before,non-partner,Tabor-Lola,-7.859921,5.0773015,PaCMAP
2738,before_phees_2022-03-17_13-35-29_0000074_labelled_Tabor_pheeseq_09_labelled_mD3.wav,Tabor,Olympia,before,non-partner,Tabor-Lola,-6.7051034,-1.0909567,PaCMAP
2739,before_phees_2022-03-17_13-35-29_0000074_labelled_Tabor_pheeseq_09_labelled_mD4.wav,Tabor,Olympia,before,non-partner,Tabor-Lola,-9.622794,0.7894634,PaCMAP
2740,before_phees_2022-03-17_13-35-29_0000074_labelled_Tabor_pheeseq_10_labelled_mC1.wav,Tabor,Olympia,before,non-partner,Tabor-Lola,-6.5095396,5.6834097,PaCMAP
2741,before_phees_2022-03-17_13-35-29_0000074_labelled_Tabor_pheeseq_10_labelled_mC2.wav,Tabor,Olympia,before,non-partner,Tabor-Lola,-2.4195058,0.40537468,PaCMAP
2742,before_phees_2022-03-17_13-35-29_0000074_labelled_Tabor_pheeseq_10_labelled_mC3.wav,Tabor,Olympia,before,non-partner,Tabor-Lola,-6.7242446,-0.7370614,PaCMAP
2743,before_phees_2022-03-17_13-35-29_0000074_labelled_Tabor_pheeseq_14_labelled_mD1.wav,Tabor,Olympia,before,non-partner,Tabor-Lola,0.82892996,-1.3758885,PaCMAP
2744,before_phees_2022-03-17_13-35-29_0000074_labelled_Tabor_pheeseq_14_labelled_mD2.wav,Tabor,Olympia,before,non-partner,Tabor-Lola,10.167049,-5.958948,PaCMAP
2745,before_phees_2022-03-17_13-35-29_0000074_labelled_Tabor_pheeseq_14_labelled_mD3.wav,Tabor,Olympia,before,non-partner,Tabor-Lola,-2.987908,-2.0205314,PaCMAP
2746,before_phees_2022-03-17_13-35-29_0000074_labelled_Tabor_pheeseq_14_labelled_mD4.wav,Tabor,Olympia,before,non-partner,Tabor-Lola,-9.329957,1.0400734,PaCMAP
2747,before_phees_2022-03-17_14-11-17_0000076_labelled_Lola_pheeseq_04_labelled_mB1.wav,Lola,Odin,before,non-partner,Tabor-Lola,-0.20906645,5.2752523,PaCMAP
2748,before_phees_2022-03-17_14-11-17_0000076_labelled_Lola_pheeseq_04_labelled_mB2.wav,Lola,Odin,before,non-partner,Tabor-Lola,1.0210788,-1.1318692,PaCMAP
2749,before_phees_2022-03-17_14-11-17_0000076_labelled_Lola_pheeseq_18_labelled_mB1.wav,Lola,Odin,before,non-partner,Tabor-Lola,-2.3699324,7.4811697,PaCMAP
2750,before_phees_2022-03-17_14-11-17_0000076_labelled_Lola_pheeseq_19_labelled_mB1.wav,Lola,Odin,before,non-partner,Tabor-Lola,-1.6289825,5.6765847,PaCMAP
2751,before_phees_2022-03-17_14-11-17_0000076_labelled_Lola_pheeseq_19_labelled_mB2.wav,Lola,Odin,before,non-partner,Tabor-Lola,-4.273102,6.757441,PaCMAP
2752,before_phees_2022-03-17_14-11-17_0000076_labelled_Odin_pheeseq_12_labelled_mB2.wav,Odin,Lola,before,non-partner,Odin-Nougatti,-4.083828,-1.0750364,PaCMAP
2753,before_phees_2022-03-17_14-11-17_0000076_labelled_Odin_pheeseq_14_labelled_mB2.wav,Odin,Lola,before,non-partner,Odin-Nougatti,-8.310708,4.623104,PaCMAP
2754,before_phees_2022-03-18_09-14-46_0000079_labelled_Olympia_pheeseq_04_labelled_mB1.wav,Olympia,Wuschel,before,partner,Wuschel-Olympia,7.131707,-7.3617587,PaCMAP
2755,before_phees_2022-03-18_09-14-46_0000079_labelled_Olympia_pheeseq_04_labelled_mB2.wav,Olympia,Wuschel,before,partner,Wuschel-Olympia,-4.695905,0.6608233,PaCMAP
2756,before_phees_2022-03-18_09-14-46_0000079_labelled_Olympia_pheeseq_06_labelled_mB1.wav,Olympia,Wuschel,before,partner,Wuschel-Olympia,-5.896501,-1.7993822,PaCMAP
2757,before_phees_2022-03-18_09-14-46_0000079_labelled_Olympia_pheeseq_06_labelled_mB2.wav,Olympia,Wuschel,before,partner,Wuschel-Olympia,-10.837536,3.524594,PaCMAP
2758,before_phees_2022-03-18_09-14-46_0000079_labelled_Olympia_pheeseq_09_labelled_mB1.wav,Olympia,Wuschel,before,partner,Wuschel-Olympia,10.330507,-8.7647505,PaCMAP
2759,before_phees_2022-03-18_09-14-46_0000079_labelled_Olympia_pheeseq_09_labelled_mB2.wav,Olympia,Wuschel,before,partner,Wuschel-Olympia,9.33241,-9.30297,PaCMAP
2760,before_phees_2022-03-18_09-14-46_0000079_labelled_Olympia_pheeseq_13_labelled_mB1.wav,Olympia,Wuschel,before,partner,Wuschel-Olympia,-5.965633,0.72739106,PaCMAP
2761,before_phees_2022-03-18_09-14-46_0000079_labelled_Olympia_pheeseq_14_labelled_mB1.wav,Olympia,Wuschel,before,partner,Wuschel-Olympia,-12.632481,4.028375,PaCMAP
2762,before_phees_2022-03-18_09-14-46_0000079_labelled_Olympia_pheeseq_14_labelled_mB2.wav,Olympia,Wuschel,before,partner,Wuschel-Olympia,-12.922045,1.016799,PaCMAP
2763,before_phees_2022-03-18_09-14-46_0000079_labelled_Olympia_pheeseq_16_labelled_mB1.wav,Olympia,Wuschel,before,partner,Wuschel-Olympia,-10.577714,0.82253045,PaCMAP
2764,before_phees_2022-03-18_09-14-46_0000079_labelled_Olympia_pheeseq_16_labelled_mB2.wav,Olympia,Wuschel,before,partner,Wuschel-Olympia,-13.805294,1.1847874,PaCMAP
2765,before_phees_2022-03-18_09-14-46_0000079_labelled_Olympia_pheeseq_18_labelled_mB1.wav,Olympia,Wuschel,before,partner,Wuschel-Olympia,-3.298141,4.152079,PaCMAP
2766,before_phees_2022-03-18_09-14-46_0000079_labelled_Olympia_pheeseq_18_labelled_mB2.wav,Olympia,Wuschel,before,partner,Wuschel-Olympia,-9.4581785,4.6812015,PaCMAP
2767,before_phees_2022-03-18_09-14-46_0000079_labelled_Olympia_pheeseq_19_labelled_mC1.wav,Olympia,Wuschel,before,partner,Wuschel-Olympia,-10.375984,2.580857,PaCMAP
2768,before_phees_2022-03-18_09-14-46_0000079_labelled_Olympia_pheeseq_19_labelled_mC2.wav,Olympia,Wuschel,before,partner,Wuschel-Olympia,9.892634,-9.221099,PaCMAP
2769,before_phees_2022-03-18_09-14-46_0000079_labelled_Olympia_pheeseq_19_labelled_mC3.wav,Olympia,Wuschel,before,partner,Wuschel-Olympia,-13.094937,1.1801381,PaCMAP
2770,before_phees_2022-03-18_09-14-46_0000079_labelled_Olympia_pheeseq_30_labelled_mB1.wav,Olympia,Wuschel,before,partner,Wuschel-Olympia,-2.41188,-2.1739798,PaCMAP
2771,before_phees_2022-03-18_09-14-46_0000079_labelled_Olympia_pheeseq_30_labelled_mB2.wav,Olympia,Wuschel,before,partner,Wuschel-Olympia,9.440037,-8.862198,PaCMAP
2772,before_phees_2022-03-18_09-14-46_0000079_labelled_Olympia_pheeseq_33_labelled_mB1.wav,Olympia,Wuschel,before,partner,Wuschel-Olympia,-10.286853,4.0265074,PaCMAP
2773,before_phees_2022-03-18_09-14-46_0000079_labelled_Olympia_pheeseq_33_labelled_mB2.wav,Olympia,Wuschel,before,partner,Wuschel-Olympia,-5.414683,-0.23776118,PaCMAP
2774,before_phees_2022-03-18_09-14-46_0000079_labelled_Wuschel_pheeseq_17_labelled_mB1.wav,Wuschel,Olympia,before,partner,Wuschel-Olympia,-15.160298,4.000406,PaCMAP
2775,before_phees_2022-03-18_09-14-46_0000079_labelled_Wuschel_pheeseq_17_labelled_mB2.wav,Wuschel,Olympia,before,partner,Wuschel-Olympia,-13.5449705,1.5555744,PaCMAP
2776,before_phees_2022-03-18_09-14-46_0000079_labelled_Wuschel_pheeseq_20_labelled_mB1.wav,Wuschel,Olympia,before,partner,Wuschel-Olympia,-15.815147,3.9620821,PaCMAP
2777,before_phees_2022-03-18_09-14-46_0000079_labelled_Wuschel_pheeseq_20_labelled_mB2.wav,Wuschel,Olympia,before,partner,Wuschel-Olympia,-13.2182255,1.6747532,PaCMAP
2778,before_phees_2022-03-18_09-14-46_0000079_labelled_Wuschel_pheeseq_21_labelled_mB1.wav,Wuschel,Olympia,before,partner,Wuschel-Olympia,-14.316769,3.6868541,PaCMAP
2779,before_phees_2022-03-18_09-14-46_0000079_labelled_Wuschel_pheeseq_21_labelled_mB2.wav,Wuschel,Olympia,before,partner,Wuschel-Olympia,-13.451076,4.211383,PaCMAP
2780,before_phees_2022-03-18_09-14-46_0000079_labelled_Wuschel_pheeseq_22_labelled_mB1.wav,Wuschel,Olympia,before,partner,Wuschel-Olympia,-14.855183,3.862992,PaCMAP
2781,before_phees_2022-03-18_09-14-46_0000079_labelled_Wuschel_pheeseq_22_labelled_mB2.wav,Wuschel,Olympia,before,partner,Wuschel-Olympia,-13.534154,2.290839,PaCMAP
2782,before_phees_2022-03-18_09-14-46_0000079_labelled_Wuschel_pheeseq_23_labelled_mB1.wav,Wuschel,Olympia,before,partner,Wuschel-Olympia,-14.612567,4.0963373,PaCMAP
2783,before_phees_2022-03-18_09-14-46_0000079_labelled_Wuschel_pheeseq_23_labelled_mB2.wav,Wuschel,Olympia,before,partner,Wuschel-Olympia,-12.598641,3.876707,PaCMAP
2784,before_phees_2022-03-18_09-14-46_0000079_labelled_Wuschel_pheeseq_25_labelled_mB1.wav,Wuschel,Olympia,before,partner,Wuschel-Olympia,-14.582172,4.020524,PaCMAP
2785,before_phees_2022-03-18_09-14-46_0000079_labelled_Wuschel_pheeseq_25_labelled_mB2.wav,Wuschel,Olympia,before,partner,Wuschel-Olympia,-14.158597,1.9095895,PaCMAP
2786,before_phees_2022-03-18_09-14-46_0000079_labelled_Wuschel_pheeseq_28_labelled_mB1.wav,Wuschel,Olympia,before,partner,Wuschel-Olympia,-14.736603,4.0618887,PaCMAP
2787,before_phees_2022-03-18_09-14-46_0000079_labelled_Wuschel_pheeseq_28_labelled_mB2.wav,Wuschel,Olympia,before,partner,Wuschel-Olympia,-13.291707,4.1419325,PaCMAP
2788,before_phees_2022-03-18_09-14-46_0000079_labelled_Wuschel_pheeseq_29_labelled_mB1.wav,Wuschel,Olympia,before,partner,Wuschel-Olympia,-13.839647,2.280949,PaCMAP
2789,before_phees_2022-03-18_09-14-46_0000079_labelled_Wuschel_pheeseq_29_labelled_mB2.wav,Wuschel,Olympia,before,partner,Wuschel-Olympia,-12.952937,4.0911074,PaCMAP
2790,before_phees_2022-03-18_10-23-09_0000086_labelled_Odin_pheeseq_06_labelled_mC1.wav,Odin,Nougatti,before,partner,Odin-Nougatti,9.262576,-9.3106,PaCMAP
2791,before_phees_2022-03-18_10-23-09_0000086_labelled_Odin_pheeseq_06_labelled_mC2.wav,Odin,Nougatti,before,partner,Odin-Nougatti,9.0326395,-8.591954,PaCMAP
2792,before_phees_2022-03-18_10-23-09_0000086_labelled_Odin_pheeseq_06_labelled_mC3.wav,Odin,Nougatti,before,partner,Odin-Nougatti,-11.101693,2.7089887,PaCMAP
2793,before_phees_2022-03-21_10-06-36_0000094_labelled_Lola_pheeseq_23_labelled_mB1.wav,Lola,Odin,before,non-partner,Tabor-Lola,-1.2051444,5.736216,PaCMAP
2794,before_phees_2022-03-21_10-06-36_0000094_labelled_Odin_pheeseq_05_labelled_mB1.wav,Odin,Lola,before,non-partner,Odin-Nougatti,-0.89731073,1.09271,PaCMAP
2795,before_phees_2022-03-21_10-06-36_0000094_labelled_Odin_pheeseq_05_labelled_mB2.wav,Odin,Lola,before,non-partner,Odin-Nougatti,-4.374744,-0.44357648,PaCMAP
2796,before_phees_2022-03-21_10-06-36_0000094_labelled_Odin_pheeseq_19_labelled_mB1.wav,Odin,Lola,before,non-partner,Odin-Nougatti,-4.8835096,6.426007,PaCMAP
2797,before_phees_2022-03-21_10-06-36_0000094_labelled_Odin_pheeseq_19_labelled_mB2.wav,Odin,Lola,before,non-partner,Odin-Nougatti,9.722392,-9.290937,PaCMAP
2798,before_phees_2022-03-21_10-06-36_0000094_labelled_Odin_pheeseq_20_labelled_mD1.wav,Odin,Lola,before,non-partner,Odin-Nougatti,9.656068,-6.205388,PaCMAP
2799,before_phees_2022-03-21_10-06-36_0000094_labelled_Odin_pheeseq_20_labelled_mD2.wav,Odin,Lola,before,non-partner,Odin-Nougatti,8.622743,-7.3753586,PaCMAP
2800,before_phees_2022-03-21_10-06-36_0000094_labelled_Odin_pheeseq_20_labelled_mD3.wav,Odin,Lola,before,non-partner,Odin-Nougatti,-5.1879,-2.0316174,PaCMAP
2801,before_phees_2022-03-21_10-06-36_0000094_labelled_Odin_pheeseq_20_labelled_mD4.wav,Odin,Lola,before,non-partner,Odin-Nougatti,-10.48652,1.2271309,PaCMAP
2802,before_phees_2022-03-21_13-15-58_0000096_labelled_Wuschel_pheeseq_04_labelled_mB1.wav,Wuschel,Nougatti,before,non-partner,Wuschel-Olympia,-15.5335,4.053143,PaCMAP
2803,before_phees_2022-03-21_13-15-58_0000096_labelled_Wuschel_pheeseq_04_labelled_mB2.wav,Wuschel,Nougatti,before,non-partner,Wuschel-Olympia,-10.879149,1.8127978,PaCMAP
2804,before_phees_2022-03-21_13-15-58_0000096_labelled_Wuschel_pheeseq_05_labelled_mB1.wav,Wuschel,Nougatti,before,non-partner,Wuschel-Olympia,-15.74939,3.9576507,PaCMAP
2805,before_phees_2022-03-21_13-15-58_0000096_labelled_Wuschel_pheeseq_05_labelled_mB2.wav,Wuschel,Nougatti,before,non-partner,Wuschel-Olympia,-13.193216,2.646597,PaCMAP
2806,before_phees_2022-03-21_13-47-05_0000098_labelled_Lola_pheeseq_02_labelled_mB1.wav,Lola,Tabor,before,partner,Tabor-Lola,-3.9643836,6.6309853,PaCMAP
2807,before_phees_2022-03-21_13-47-05_0000098_labelled_Lola_pheeseq_02_labelled_mB2.wav,Lola,Tabor,before,partner,Tabor-Lola,-6.0370994,6.0807734,PaCMAP
2808,before_phees_2022-03-21_13-47-05_0000098_labelled_Lola_pheeseq_03_labelled_mB1.wav,Lola,Tabor,before,partner,Tabor-Lola,-1.9591606,5.25759,PaCMAP
2809,before_phees_2022-03-21_13-47-05_0000098_labelled_Lola_pheeseq_04_labelled_mB1.wav,Lola,Tabor,before,partner,Tabor-Lola,-3.3990386,7.725376,PaCMAP
2810,before_phees_2022-03-21_13-47-05_0000098_labelled_Lola_pheeseq_07_labelled_mB2.wav,Lola,Tabor,before,partner,Tabor-Lola,-1.6406043,6.801716,PaCMAP
2811,before_phees_2022-03-21_13-47-05_0000098_labelled_Lola_pheeseq_08_labelled_mB1.wav,Lola,Tabor,before,partner,Tabor-Lola,-1.1203204,5.3615627,PaCMAP
2812,before_phees_2022-03-21_13-47-05_0000098_labelled_Lola_pheeseq_08_labelled_mB2.wav,Lola,Tabor,before,partner,Tabor-Lola,-3.4533472,7.5119214,PaCMAP
2813,before_phees_2022-03-21_13-47-05_0000098_labelled_Lola_pheeseq_09_labelled_mB1.wav,Lola,Tabor,before,partner,Tabor-Lola,-0.77804357,1.5303805,PaCMAP
2814,before_phees_2022-03-21_13-47-05_0000098_labelled_Lola_pheeseq_09_labelled_mB2.wav,Lola,Tabor,before,partner,Tabor-Lola,2.04271,-1.003401,PaCMAP
2815,before_phees_2022-03-21_13-47-05_0000098_labelled_Lola_pheeseq_17_labelled_mB1.wav,Lola,Tabor,before,partner,Tabor-Lola,0.47168562,4.010044,PaCMAP
2816,before_phees_2022-03-21_13-47-05_0000098_labelled_Lola_pheeseq_18_labelled_mB1.wav,Lola,Tabor,before,partner,Tabor-Lola,-3.657442,7.556579,PaCMAP
2817,before_phees_2022-03-21_13-47-05_0000098_labelled_Lola_pheeseq_18_labelled_mB3.wav,Lola,Tabor,before,partner,Tabor-Lola,0.6315996,3.7444053,PaCMAP
2818,before_phees_2022-03-21_13-47-05_0000098_labelled_Lola_pheeseq_19_labelled_mB1.wav,Lola,Tabor,before,partner,Tabor-Lola,-0.93786216,7.0220604,PaCMAP
2819,before_phees_2022-03-21_13-47-05_0000098_labelled_Lola_pheeseq_19_labelled_mB2.wav,Lola,Tabor,before,partner,Tabor-Lola,2.6942,5.2056427,PaCMAP
2820,before_phees_2022-03-21_13-47-05_0000098_labelled_Lola_pheeseq_20_labelled_mB1.wav,Lola,Tabor,before,partner,Tabor-Lola,0.56465507,3.8008356,PaCMAP
2821,before_phees_2022-03-21_13-47-05_0000098_labelled_Lola_pheeseq_20_labelled_mB2.wav,Lola,Tabor,before,partner,Tabor-Lola,-0.5735538,8.170262,PaCMAP
2822,before_phees_2022-03-21_13-47-05_0000098_labelled_Lola_pheeseq_22_labelled_mC1.wav,Lola,Tabor,before,partner,Tabor-Lola,0.59004885,3.2380633,PaCMAP
2823,before_phees_2022-03-21_13-47-05_0000098_labelled_Lola_pheeseq_22_labelled_mC3.wav,Lola,Tabor,before,partner,Tabor-Lola,1.6999604,4.7072983,PaCMAP
2824,before_phees_2022-03-21_13-47-05_0000098_labelled_Lola_pheeseq_22_labelled_mC4.wav,Lola,Tabor,before,partner,Tabor-Lola,-0.96357775,8.434691,PaCMAP
2825,before_phees_2022-03-21_13-47-05_0000098_labelled_Lola_pheeseq_23_labelled_mC1.wav,Lola,Tabor,before,partner,Tabor-Lola,-3.505974,7.7018375,PaCMAP
2826,before_phees_2022-03-21_13-47-05_0000098_labelled_Lola_pheeseq_23_labelled_mC3.wav,Lola,Tabor,before,partner,Tabor-Lola,1.9890792,5.2627583,PaCMAP
2827,before_phees_2022-03-21_13-47-05_0000098_labelled_Lola_pheeseq_23_labelled_mC4.wav,Lola,Tabor,before,partner,Tabor-Lola,0.8247145,7.860008,PaCMAP
2828,before_phees_2022-03-21_13-47-05_0000098_labelled_Lola_pheeseq_24_labelled_mC1.wav,Lola,Tabor,before,partner,Tabor-Lola,0.38656968,8.162839,PaCMAP
2829,before_phees_2022-03-21_13-47-05_0000098_labelled_Lola_pheeseq_24_labelled_mC2.wav,Lola,Tabor,before,partner,Tabor-Lola,0.51173544,7.6738634,PaCMAP
2830,before_phees_2022-03-21_13-47-05_0000098_labelled_Lola_pheeseq_24_labelled_mC3.wav,Lola,Tabor,before,partner,Tabor-Lola,-1.3047587,8.418142,PaCMAP
2831,before_phees_2022-03-21_13-47-05_0000098_labelled_Lola_pheeseq_25_labelled_mB1.wav,Lola,Tabor,before,partner,Tabor-Lola,0.43051362,7.611294,PaCMAP
2832,before_phees_2022-03-21_13-47-05_0000098_labelled_Lola_pheeseq_25_labelled_mB2.wav,Lola,Tabor,before,partner,Tabor-Lola,0.8352574,5.624657,PaCMAP
2833,before_phees_2022-03-21_13-47-05_0000098_labelled_Lola_pheeseq_26_labelled_mB1.wav,Lola,Tabor,before,partner,Tabor-Lola,0.34915435,7.292017,PaCMAP
2834,before_phees_2022-03-21_13-47-05_0000098_labelled_Lola_pheeseq_26_labelled_mB2.wav,Lola,Tabor,before,partner,Tabor-Lola,0.5852546,8.066155,PaCMAP
2835,before_phees_2022-03-21_13-47-05_0000098_labelled_Lola_pheeseq_27_labelled_mB1.wav,Lola,Tabor,before,partner,Tabor-Lola,0.9050783,4.2714887,PaCMAP
2836,before_phees_2022-03-21_13-47-05_0000098_labelled_Lola_pheeseq_27_labelled_mB2.wav,Lola,Tabor,before,partner,Tabor-Lola,0.6084671,7.9718986,PaCMAP
2837,before_phees_2022-03-21_13-47-05_0000098_labelled_Lola_pheeseq_29_labelled_mB1.wav,Lola,Tabor,before,partner,Tabor-Lola,0.6683335,5.459355,PaCMAP
2838,before_phees_2022-03-21_13-47-05_0000098_labelled_Lola_pheeseq_29_labelled_mB2.wav,Lola,Tabor,before,partner,Tabor-Lola,1.1961666,5.5390477,PaCMAP
2839,before_phees_2022-03-21_13-47-05_0000098_labelled_Tabor_pheeseq_28_labelled_mC1.wav,Tabor,Lola,before,partner,Tabor-Lola,-0.32155946,-1.3079654,PaCMAP
2840,before_phees_2022-03-21_13-47-05_0000098_labelled_Tabor_pheeseq_28_labelled_mC4.wav,Tabor,Lola,before,partner,Tabor-Lola,-5.8627133,-1.0068156,PaCMAP
2841,before_phees_2022-03-21_13-47-05_0000098_labelled_Tabor_pheeseq_28_labelled_mC5.wav,Tabor,Lola,before,partner,Tabor-Lola,-9.38472,2.338203,PaCMAP
2842,before_phees_2022-03-21_13-47-05_0000098_labelled_Tabor_pheeseq_30_labelled_mD1.wav,Tabor,Lola,before,partner,Tabor-Lola,0.96727335,-1.3880869,PaCMAP
2843,before_phees_2022-03-21_13-47-05_0000098_labelled_Tabor_pheeseq_30_labelled_mD2.wav,Tabor,Lola,before,partner,Tabor-Lola,8.652899,-6.419068,PaCMAP
2844,before_phees_2022-03-21_13-47-05_0000098_labelled_Tabor_pheeseq_30_labelled_mD3.wav,Tabor,Lola,before,partner,Tabor-Lola,-5.1641903,-1.4613658,PaCMAP
2845,before_phees_2022-03-21_13-47-05_0000098_labelled_Tabor_pheeseq_30_labelled_mD4.wav,Tabor,Lola,before,partner,Tabor-Lola,-9.318225,2.202048,PaCMAP
2846,before_phees_2022-03-22_09-27-04_0000104_labelled_Nougatti_pheeseq_06_labelled_mB1.wav,Nougatti,Odin,before,partner,Odin-Nougatti,3.4123905,-0.40790766,PaCMAP
2847,before_phees_2022-03-22_09-27-04_0000104_labelled_Nougatti_pheeseq_06_labelled_mB2.wav,Nougatti,Odin,before,partner,Odin-Nougatti,8.091532,-6.0381274,PaCMAP
2848,before_phees_2022-03-22_09-27-04_0000104_labelled_Odin_pheeseq_05_labelled_mB1.wav,Odin,Nougatti,before,partner,Odin-Nougatti,7.788179,-5.688792,PaCMAP
2849,before_phees_2022-03-22_09-27-04_0000104_labelled_Odin_pheeseq_05_labelled_mB2.wav,Odin,Nougatti,before,partner,Odin-Nougatti,-4.2849107,-0.9329604,PaCMAP
2850,before_phees_2022-03-22_10-06-16_0000106_labelled_Olympia_pheeseq_04_labelled_mB1.wav,Olympia,Tabor,before,non-partner,Wuschel-Olympia,-13.139724,3.9415324,PaCMAP
2851,before_phees_2022-03-22_10-06-16_0000106_labelled_Olympia_pheeseq_04_labelled_mB2.wav,Olympia,Tabor,before,non-partner,Wuschel-Olympia,-10.05037,4.0540304,PaCMAP
2852,before_phees_2022-03-22_10-06-16_0000106_labelled_Olympia_pheeseq_13_labelled_mB1.wav,Olympia,Tabor,before,non-partner,Wuschel-Olympia,-15.412235,2.7570994,PaCMAP
2853,before_phees_2022-03-22_10-06-16_0000106_labelled_Olympia_pheeseq_15_labelled_mC1.wav,Olympia,Tabor,before,non-partner,Wuschel-Olympia,-9.896186,3.162862,PaCMAP
2854,before_phees_2022-03-22_10-06-16_0000106_labelled_Olympia_pheeseq_15_labelled_mC2.wav,Olympia,Tabor,before,non-partner,Wuschel-Olympia,9.812039,-7.925292,PaCMAP
2855,before_phees_2022-03-22_10-06-16_0000106_labelled_Olympia_pheeseq_15_labelled_mC3.wav,Olympia,Tabor,before,non-partner,Wuschel-Olympia,-4.1633224,1.1014278,PaCMAP
2856,before_phees_2022-03-22_10-06-16_0000106_labelled_Olympia_pheeseq_21_labelled_mC1.wav,Olympia,Tabor,before,non-partner,Wuschel-Olympia,-6.1819553,0.56067675,PaCMAP
2857,before_phees_2022-03-22_10-06-16_0000106_labelled_Olympia_pheeseq_21_labelled_mC2.wav,Olympia,Tabor,before,non-partner,Wuschel-Olympia,-13.576239,0.9162905,PaCMAP
2858,before_phees_2022-03-22_10-06-16_0000106_labelled_Olympia_pheeseq_21_labelled_mC3.wav,Olympia,Tabor,before,non-partner,Wuschel-Olympia,-10.115898,2.4942958,PaCMAP
2859,before_phees_2022-03-22_10-06-16_0000106_labelled_Olympia_pheeseq_23_labelled_mC1.wav,Olympia,Tabor,before,non-partner,Wuschel-Olympia,-10.734183,3.2670112,PaCMAP
2860,before_phees_2022-03-22_10-06-16_0000106_labelled_Olympia_pheeseq_23_labelled_mC2.wav,Olympia,Tabor,before,non-partner,Wuschel-Olympia,-13.624542,1.2224803,PaCMAP
2861,before_phees_2022-03-22_10-06-16_0000106_labelled_Olympia_pheeseq_23_labelled_mC3.wav,Olympia,Tabor,before,non-partner,Wuschel-Olympia,-11.170797,3.0809836,PaCMAP
2862,before_phees_2022-03-22_10-06-16_0000106_labelled_Olympia_pheeseq_24_labelled_mB1.wav,Olympia,Tabor,before,non-partner,Wuschel-Olympia,-13.4388075,3.4181619,PaCMAP
2863,before_phees_2022-03-22_10-06-16_0000106_labelled_Olympia_pheeseq_24_labelled_mB2.wav,Olympia,Tabor,before,non-partner,Wuschel-Olympia,-5.73869,0.67148036,PaCMAP
2864,before_phees_2022-03-22_10-06-16_0000106_labelled_Olympia_pheeseq_26_labelled_mB1.wav,Olympia,Tabor,before,non-partner,Wuschel-Olympia,-11.569426,3.490675,PaCMAP
2865,before_phees_2022-03-22_10-06-16_0000106_labelled_Olympia_pheeseq_26_labelled_mB2.wav,Olympia,Tabor,before,non-partner,Wuschel-Olympia,-10.227916,4.0991187,PaCMAP
2866,before_phees_2022-03-22_10-06-16_0000106_labelled_Tabor_pheeseq_20_labelled_mC2.wav,Tabor,Olympia,before,non-partner,Tabor-Lola,-2.5685956,0.74726784,PaCMAP
2867,before_phees_2022-03-22_10-06-16_0000106_labelled_Tabor_pheeseq_20_labelled_mC3.wav,Tabor,Olympia,before,non-partner,Tabor-Lola,-10.682284,1.8803438,PaCMAP
2868,before_phees_2022-03-22_13-32-36_0000108_labelled_Olympia_pheeseq_01_labelled_mB1.wav,Olympia,Wuschel,before,partner,Wuschel-Olympia,-4.4145927,0.8546782,PaCMAP
2869,before_phees_2022-03-22_13-32-36_0000108_labelled_Olympia_pheeseq_01_labelled_mB2.wav,Olympia,Wuschel,before,partner,Wuschel-Olympia,-1.9649168,0.7747747,PaCMAP
2870,before_phees_2022-03-22_13-32-36_0000108_labelled_Olympia_pheeseq_02_labelled_mB1.wav,Olympia,Wuschel,before,partner,Wuschel-Olympia,-14.7841215,2.4874299,PaCMAP
2871,before_phees_2022-03-22_13-32-36_0000108_labelled_Olympia_pheeseq_02_labelled_mB2.wav,Olympia,Wuschel,before,partner,Wuschel-Olympia,8.964921,-9.257073,PaCMAP
2872,before_phees_2022-03-22_13-32-36_0000108_labelled_Olympia_pheeseq_03_labelled_mB1.wav,Olympia,Wuschel,before,partner,Wuschel-Olympia,-3.3013217,-1.9031305,PaCMAP
2873,before_phees_2022-03-22_13-32-36_0000108_labelled_Olympia_pheeseq_03_labelled_mB2.wav,Olympia,Wuschel,before,partner,Wuschel-Olympia,-10.242444,0.32613716,PaCMAP
2874,before_phees_2022-03-22_13-32-36_0000108_labelled_Olympia_pheeseq_23_labelled_mB1.wav,Olympia,Wuschel,before,partner,Wuschel-Olympia,-13.451845,3.6187444,PaCMAP
2875,before_phees_2022-03-22_13-32-36_0000108_labelled_Olympia_pheeseq_23_labelled_mB2.wav,Olympia,Wuschel,before,partner,Wuschel-Olympia,-13.0745945,0.8506482,PaCMAP
2876,before_phees_2022-03-22_13-32-36_0000108_labelled_Wuschel_pheeseq_11_labelled_mB1.wav,Wuschel,Olympia,before,partner,Wuschel-Olympia,-15.598603,4.045243,PaCMAP
2877,before_phees_2022-03-22_13-32-36_0000108_labelled_Wuschel_pheeseq_11_labelled_mB2.wav,Wuschel,Olympia,before,partner,Wuschel-Olympia,-12.956427,3.4178035,PaCMAP
2878,before_phees_2022-03-22_13-32-36_0000108_labelled_Wuschel_pheeseq_12_labelled_mB1.wav,Wuschel,Olympia,before,partner,Wuschel-Olympia,-14.773756,4.114348,PaCMAP
2879,before_phees_2022-03-22_13-32-36_0000108_labelled_Wuschel_pheeseq_12_labelled_mB2.wav,Wuschel,Olympia,before,partner,Wuschel-Olympia,-12.375863,3.1855564,PaCMAP
2880,before_phees_2022-03-22_13-32-36_0000108_labelled_Wuschel_pheeseq_15_labelled_mB1.wav,Wuschel,Olympia,before,partner,Wuschel-Olympia,-15.73508,3.9523425,PaCMAP
2881,before_phees_2022-03-22_13-32-36_0000108_labelled_Wuschel_pheeseq_15_labelled_mB2.wav,Wuschel,Olympia,before,partner,Wuschel-Olympia,-12.143396,3.8933892,PaCMAP
2882,before_phees_2022-03-22_13-32-36_0000108_labelled_Wuschel_pheeseq_16_labelled_mB1.wav,Wuschel,Olympia,before,partner,Wuschel-Olympia,-12.715028,3.7679472,PaCMAP
2883,before_phees_2022-03-22_13-32-36_0000108_labelled_Wuschel_pheeseq_16_labelled_mB2.wav,Wuschel,Olympia,before,partner,Wuschel-Olympia,-13.405475,4.277563,PaCMAP
2884,before_phees_2022-03-22_13-32-36_0000108_labelled_Wuschel_pheeseq_17_labelled_mB1.wav,Wuschel,Olympia,before,partner,Wuschel-Olympia,-12.924816,3.4845338,PaCMAP
2885,before_phees_2022-03-22_13-32-36_0000108_labelled_Wuschel_pheeseq_17_labelled_mB2.wav,Wuschel,Olympia,before,partner,Wuschel-Olympia,-13.38892,4.1834583,PaCMAP
2886,before_phees_2022-03-22_13-32-36_0000108_labelled_Wuschel_pheeseq_18_labelled_mB1.wav,Wuschel,Olympia,before,partner,Wuschel-Olympia,-14.681189,4.0860243,PaCMAP
2887,before_phees_2022-03-22_13-32-36_0000108_labelled_Wuschel_pheeseq_18_labelled_mB2.wav,Wuschel,Olympia,before,partner,Wuschel-Olympia,-13.8936825,1.6285809,PaCMAP
2888,before_phees_2022-03-22_13-32-36_0000108_labelled_Wuschel_pheeseq_19_labelled_mB1.wav,Wuschel,Olympia,before,partner,Wuschel-Olympia,-14.171909,3.9608335,PaCMAP
2889,before_phees_2022-03-22_13-32-36_0000108_labelled_Wuschel_pheeseq_19_labelled_mB2.wav,Wuschel,Olympia,before,partner,Wuschel-Olympia,-13.343286,1.8038265,PaCMAP
2890,before_phees_2022-03-22_13-32-36_0000108_labelled_Wuschel_pheeseq_20_labelled_mB1.wav,Wuschel,Olympia,before,partner,Wuschel-Olympia,-14.514343,4.02111,PaCMAP
2891,before_phees_2022-03-22_13-32-36_0000108_labelled_Wuschel_pheeseq_20_labelled_mB2.wav,Wuschel,Olympia,before,partner,Wuschel-Olympia,-13.506226,2.157069,PaCMAP
2892,before_phees_2022-03-22_13-32-36_0000108_labelled_Wuschel_pheeseq_21_labelled_mB1.wav,Wuschel,Olympia,before,partner,Wuschel-Olympia,-14.391408,3.6959896,PaCMAP
2893,before_phees_2022-03-22_13-32-36_0000108_labelled_Wuschel_pheeseq_21_labelled_mB2.wav,Wuschel,Olympia,before,partner,Wuschel-Olympia,-12.106493,3.7960632,PaCMAP
2894,before_phees_2022-03-22_13-32-36_0000108_labelled_Wuschel_pheeseq_22_labelled_mB2.wav,Wuschel,Olympia,before,partner,Wuschel-Olympia,-13.444447,1.8308511,PaCMAP
2895,before_phees_2022-03-23_09-42-11_0000113_labelled_Wuschel_pheeseq_02_labelled_mC1.wav,Wuschel,Nougatti,before,non-partner,Wuschel-Olympia,-15.598496,3.5776045,PaCMAP
2896,before_phees_2022-03-23_09-42-11_0000113_labelled_Wuschel_pheeseq_02_labelled_mC2.wav,Wuschel,Nougatti,before,non-partner,Wuschel-Olympia,-14.039234,1.4779224,PaCMAP
2897,before_phees_2022-03-23_09-42-11_0000113_labelled_Wuschel_pheeseq_02_labelled_mC3.wav,Wuschel,Nougatti,before,non-partner,Wuschel-Olympia,-10.42222,1.1994306,PaCMAP
2898,before_phees_2022-03-23_09-42-11_0000113_labelled_Wuschel_pheeseq_03_labelled_mC1.wav,Wuschel,Nougatti,before,non-partner,Wuschel-Olympia,-15.649138,3.4102142,PaCMAP
2899,before_phees_2022-03-23_09-42-11_0000113_labelled_Wuschel_pheeseq_03_labelled_mC2.wav,Wuschel,Nougatti,before,non-partner,Wuschel-Olympia,-15.386915,2.1188726,PaCMAP
2900,before_phees_2022-03-23_09-42-11_0000113_labelled_Wuschel_pheeseq_03_labelled_mC3.wav,Wuschel,Nougatti,before,non-partner,Wuschel-Olympia,-10.062409,0.53377247,PaCMAP
2901,before_phees_2022-03-23_09-42-11_0000113_labelled_Wuschel_pheeseq_04_labelled_mC1.wav,Wuschel,Nougatti,before,non-partner,Wuschel-Olympia,-15.782554,3.7682421,PaCMAP
2902,before_phees_2022-03-23_09-42-11_0000113_labelled_Wuschel_pheeseq_04_labelled_mC2.wav,Wuschel,Nougatti,before,non-partner,Wuschel-Olympia,-14.795032,1.7807074,PaCMAP
2903,before_phees_2022-03-23_09-42-11_0000113_labelled_Wuschel_pheeseq_04_labelled_mC3.wav,Wuschel,Nougatti,before,non-partner,Wuschel-Olympia,-10.20042,0.82995445,PaCMAP
2904,before_phees_2022-03-23_09-42-11_0000113_labelled_Wuschel_pheeseq_05_labelled_mB1.wav,Wuschel,Nougatti,before,non-partner,Wuschel-Olympia,-15.737906,3.8003292,PaCMAP
2905,before_phees_2022-03-23_09-42-11_0000113_labelled_Wuschel_pheeseq_05_labelled_mB2.wav,Wuschel,Nougatti,before,non-partner,Wuschel-Olympia,-11.274625,4.191276,PaCMAP
2906,before_phees_2022-03-23_09-42-11_0000113_labelled_Wuschel_pheeseq_06_labelled_mC1.wav,Wuschel,Nougatti,before,non-partner,Wuschel-Olympia,-15.567239,3.6027906,PaCMAP
2907,before_phees_2022-03-23_09-42-11_0000113_labelled_Wuschel_pheeseq_06_labelled_mC2.wav,Wuschel,Nougatti,before,non-partner,Wuschel-Olympia,-11.801061,4.203824,PaCMAP
2908,before_phees_2022-03-23_09-42-11_0000113_labelled_Wuschel_pheeseq_06_labelled_mC3.wav,Wuschel,Nougatti,before,non-partner,Wuschel-Olympia,-10.130761,0.7258279,PaCMAP
2909,before_phees_2022-03-23_09-42-11_0000113_labelled_Wuschel_pheeseq_07_labelled_mB1.wav,Wuschel,Nougatti,before,non-partner,Wuschel-Olympia,-15.607557,3.9137368,PaCMAP
2910,before_phees_2022-03-23_09-42-11_0000113_labelled_Wuschel_pheeseq_08_labelled_mB1.wav,Wuschel,Nougatti,before,non-partner,Wuschel-Olympia,-13.997153,4.157693,PaCMAP
2911,before_phees_2022-03-23_09-42-11_0000113_labelled_Wuschel_pheeseq_08_labelled_mB2.wav,Wuschel,Nougatti,before,non-partner,Wuschel-Olympia,-14.137739,1.6166726,PaCMAP
2912,before_phees_2022-03-23_10-25-29_0000114_labelled_Odin_pheeseq_04_labelled_mC1.wav,Odin,Olympia,before,non-partner,Odin-Nougatti,6.601543,-6.7466884,PaCMAP
2913,before_phees_2022-03-23_10-25-29_0000114_labelled_Odin_pheeseq_04_labelled_mC2.wav,Odin,Olympia,before,non-partner,Odin-Nougatti,8.817138,-8.892867,PaCMAP
2914,before_phees_2022-03-23_10-25-29_0000114_labelled_Odin_pheeseq_04_labelled_mC3.wav,Odin,Olympia,before,non-partner,Odin-Nougatti,-10.358896,1.2741387,PaCMAP
2915,before_phees_2022-03-23_10-25-29_0000114_labelled_Olympia_pheeseq_16_labelled_mB1.wav,Olympia,Odin,before,non-partner,Wuschel-Olympia,8.696386,-9.015059,PaCMAP
2916,before_phees_2022-03-23_10-25-29_0000114_labelled_Olympia_pheeseq_16_labelled_mB2.wav,Olympia,Odin,before,non-partner,Wuschel-Olympia,-10.5838375,4.3390074,PaCMAP
2917,before_phees_2022-03-23_10-25-29_0000114_labelled_Olympia_pheeseq_17_labelled_mB1.wav,Olympia,Odin,before,non-partner,Wuschel-Olympia,-14.25115,1.6481843,PaCMAP
2918,before_phees_2022-03-23_10-25-29_0000114_labelled_Olympia_pheeseq_17_labelled_mB2.wav,Olympia,Odin,before,non-partner,Wuschel-Olympia,-14.312473,2.6665397,PaCMAP
2919,before_trills_2022-02-17_09-53-37_0000039_labelled_Nougatti_pheeseq_02_labelled_mC1.wav,Nougatti,Tabor,before,non-partner,Odin-Nougatti,1.5689336,2.965711,PaCMAP
2920,before_trills_2022-02-17_09-53-37_0000039_labelled_Nougatti_pheeseq_02_labelled_mC2.wav,Nougatti,Tabor,before,non-partner,Odin-Nougatti,-2.1498303,-0.39406505,PaCMAP
2921,before_trills_2022-02-17_09-53-37_0000039_labelled_Nougatti_pheeseq_02_labelled_mC3.wav,Nougatti,Tabor,before,non-partner,Odin-Nougatti,-9.330545,2.6638067,PaCMAP
2922,before_trills_2022-02-17_09-53-37_0000039_labelled_Nougatti_pheeseq_03_labelled_mB2.wav,Nougatti,Tabor,before,non-partner,Odin-Nougatti,-1.8616439,-1.7052375,PaCMAP
2923,before_trills_2022-02-17_09-53-37_0000039_labelled_Nougatti_pheeseq_05_labelled_mB1.wav,Nougatti,Tabor,before,non-partner,Odin-Nougatti,6.7474895,-5.481901,PaCMAP
2924,before_trills_2022-02-17_09-53-37_0000039_labelled_Nougatti_pheeseq_05_labelled_mB2.wav,Nougatti,Tabor,before,non-partner,Odin-Nougatti,8.4567995,-6.1611714,PaCMAP
2925,before_trills_2022-02-17_09-53-37_0000039_labelled_Nougatti_pheeseq_08_labelled_mB1.wav,Nougatti,Tabor,before,non-partner,Odin-Nougatti,2.9869235,0.46681204,PaCMAP
2926,before_trills_2022-02-17_09-53-37_0000039_labelled_Nougatti_pheeseq_08_labelled_mB2.wav,Nougatti,Tabor,before,non-partner,Odin-Nougatti,-0.6247966,-1.8064015,PaCMAP
2927,before_trills_2022-02-23_09-24-02_0000042_labelled_Tabor_pheeseq_14_labelled_mC1.wav,Tabor,Lola,before,partner,Tabor-Lola,-4.527902,-0.524599,PaCMAP
2928,before_trills_2022-02-23_09-24-02_0000042_labelled_Tabor_pheeseq_14_labelled_mC3.wav,Tabor,Lola,before,partner,Tabor-Lola,-6.4782524,-1.3429475,PaCMAP
2929,before_trills_2022-02-23_09-24-02_0000042_labelled_Tabor_pheeseq_14_labelled_mC4.wav,Tabor,Lola,before,partner,Tabor-Lola,-9.139351,0.15042171,PaCMAP
2930,before_trills_2022-02-23_09-24-02_0000042_labelled_Tabor_pheeseq_15_labelled_mC1.wav,Tabor,Lola,before,partner,Tabor-Lola,-1.1573695,-0.568884,PaCMAP
2931,before_trills_2022-02-23_09-24-02_0000042_labelled_Tabor_pheeseq_15_labelled_mC3.wav,Tabor,Lola,before,partner,Tabor-Lola,-1.9446577,-0.62703854,PaCMAP
2932,before_trills_2022-02-23_09-24-02_0000042_labelled_Tabor_pheeseq_15_labelled_mC4.wav,Tabor,Lola,before,partner,Tabor-Lola,-7.9519844,4.5778947,PaCMAP
2933,before_trills_2022-02-28_10-15-58_0000046_labelled_Nougatti_pheeseq_04_labelled_mC1.wav,Nougatti,Odin,before,partner,Odin-Nougatti,4.416281,-0.49807122,PaCMAP
2934,before_trills_2022-02-28_10-15-58_0000046_labelled_Nougatti_pheeseq_04_labelled_mC2.wav,Nougatti,Odin,before,partner,Odin-Nougatti,8.025033,-2.689261,PaCMAP
2935,before_trills_2022-02-28_10-15-58_0000046_labelled_Nougatti_pheeseq_04_labelled_mC3.wav,Nougatti,Odin,before,partner,Odin-Nougatti,10.719509,-5.287058,PaCMAP
2936,before_trills_2022-02-28_10-15-58_0000046_labelled_Nougatti_pheeseq_08_labelled_mB1.wav,Nougatti,Odin,before,partner,Odin-Nougatti,4.8148355,-1.1397122,PaCMAP
2937,before_trills_2022-02-28_10-15-58_0000046_labelled_Nougatti_pheeseq_08_labelled_mB2.wav,Nougatti,Odin,before,partner,Odin-Nougatti,9.087188,-7.412432,PaCMAP
2938,before_trills_2022-02-28_10-15-58_0000046_labelled_Nougatti_pheeseq_14_labelled_mB1.wav,Nougatti,Odin,before,partner,Odin-Nougatti,5.83904,-1.4969946,PaCMAP
2939,before_trills_2022-02-28_10-15-58_0000046_labelled_Nougatti_pheeseq_14_labelled_mB2.wav,Nougatti,Odin,before,partner,Odin-Nougatti,9.22727,-6.7326164,PaCMAP
2940,before_trills_2022-02-28_10-15-58_0000046_labelled_Nougatti_pheeseq_21_labelled_mB2.wav,Nougatti,Odin,before,partner,Odin-Nougatti,9.543045,-7.4986978,PaCMAP
2941,before_trills_2022-02-28_10-15-58_0000046_labelled_Nougatti_pheeseq_25_labelled_mB1.wav,Nougatti,Odin,before,partner,Odin-Nougatti,5.095104,-0.9514482,PaCMAP
2942,before_trills_2022-02-28_10-15-58_0000046_labelled_Nougatti_pheeseq_25_labelled_mB2.wav,Nougatti,Odin,before,partner,Odin-Nougatti,9.396882,-4.1105924,PaCMAP
2943,before_trills_2022-02-28_10-15-58_0000046_labelled_Nougatti_pheeseq_60_labelled_mC1.wav,Nougatti,Odin,before,partner,Odin-Nougatti,3.9749649,-0.6655305,PaCMAP
2944,before_trills_2022-02-28_10-15-58_0000046_labelled_Nougatti_pheeseq_60_labelled_mC2.wav,Nougatti,Odin,before,partner,Odin-Nougatti,8.445869,-5.53061,PaCMAP
2945,before_trills_2022-02-28_10-15-58_0000046_labelled_Nougatti_pheeseq_66_labelled_mB2.wav,Nougatti,Odin,before,partner,Odin-Nougatti,0.0060108737,-0.56279784,PaCMAP
2946,before_trills_2022-02-28_10-15-58_0000046_labelled_Nougatti_pheeseq_74_labelled_mC2.wav,Nougatti,Odin,before,partner,Odin-Nougatti,-6.717648,-0.79555196,PaCMAP
2947,before_trills_2022-02-28_10-15-58_0000046_labelled_Nougatti_pheeseq_74_labelled_mC3.wav,Nougatti,Odin,before,partner,Odin-Nougatti,-9.472944,-0.018061219,PaCMAP
2948,before_trills_2022-02-28_10-15-58_0000046_labelled_Nougatti_pheeseq_80_labelled_mB2.wav,Nougatti,Odin,before,partner,Odin-Nougatti,8.450161,-6.02417,PaCMAP
2949,before_trills_2022-02-28_10-15-58_0000046_labelled_Nougatti_pheeseq_83_labelled_mB1.wav,Nougatti,Odin,before,partner,Odin-Nougatti,6.787133,-2.0908685,PaCMAP
2950,before_trills_2022-02-28_10-15-58_0000046_labelled_Nougatti_pheeseq_83_labelled_mB2.wav,Nougatti,Odin,before,partner,Odin-Nougatti,8.915315,-6.322336,PaCMAP
2951,before_trills_2022-02-28_10-15-58_0000046_labelled_Nougatti_pheeseq_96_labelled_mC1.wav,Nougatti,Odin,before,partner,Odin-Nougatti,0.5344308,-0.31969354,PaCMAP
2952,before_trills_2022-02-28_10-15-58_0000046_labelled_Nougatti_pheeseq_96_labelled_mC2.wav,Nougatti,Odin,before,partner,Odin-Nougatti,10.050117,-5.590201,PaCMAP
2953,before_trills_2022-02-28_10-15-58_0000046_labelled_Nougatti_pheeseq_96_labelled_mC3.wav,Nougatti,Odin,before,partner,Odin-Nougatti,-10.4803,1.390507,PaCMAP
2954,before_trills_2022-02-28_10-15-58_0000046_labelled_Odin_pheeseq_03_labelled_mB1.wav,Odin,Nougatti,before,partner,Odin-Nougatti,0.96836597,0.13536987,PaCMAP
2955,before_trills_2022-02-28_10-15-58_0000046_labelled_Odin_pheeseq_03_labelled_mB2.wav,Odin,Nougatti,before,partner,Odin-Nougatti,-2.5972736,-0.91293526,PaCMAP
2956,before_trills_2022-02-28_10-15-58_0000046_labelled_Odin_pheeseq_62_labelled_mB2.wav,Odin,Nougatti,before,partner,Odin-Nougatti,-1.0716596,1.6132486,PaCMAP
2957,before_trills_2022-02-28_10-15-58_0000046_labelled_Odin_pheeseq_65_labelled_mB2.wav,Odin,Nougatti,before,partner,Odin-Nougatti,-3.1058087,-0.0124731185,PaCMAP
2958,before_trills_2022-02-28_10-15-58_0000046_labelled_Odin_pheeseq_91_labelled_mB2.wav,Odin,Nougatti,before,partner,Odin-Nougatti,7.2236524,-4.7101345,PaCMAP
2959,before_trills_2022-03-03_09-27-19_0000048_labelled_Lola_pheeseqX_03_labelled_mB2.wav,Lola,Wuschel,before,non-partner,Tabor-Lola,9.295699,-3.0577495,PaCMAP
2960,before_trills_2022-03-03_10-14-47_0000050_labelled_Nougatti_pheeseq_24_labelled_mB1.wav,Nougatti,Tabor,before,non-partner,Odin-Nougatti,-0.4464045,-1.803611,PaCMAP
2961,before_trills_2022-03-03_10-14-47_0000050_labelled_Nougatti_pheeseq_24_labelled_mB2.wav,Nougatti,Tabor,before,non-partner,Odin-Nougatti,10.03126,-7.9098597,PaCMAP
2962,before_trills_2022-03-03_10-14-47_0000050_labelled_Tabor_pheeseq_02_labelled_mB1.wav,Tabor,Nougatti,before,non-partner,Tabor-Lola,8.202454,-6.2664013,PaCMAP
2963,before_trills_2022-03-03_10-14-47_0000050_labelled_Tabor_pheeseq_02_labelled_mB2.wav,Tabor,Nougatti,before,non-partner,Tabor-Lola,-4.1503205,-1.9841571,PaCMAP
2964,before_trills_2022-03-03_10-14-47_0000050_labelled_Tabor_pheeseq_04_labelled_mC1.wav,Tabor,Nougatti,before,non-partner,Tabor-Lola,-2.6874328,-1.3428687,PaCMAP
2965,before_trills_2022-03-03_10-14-47_0000050_labelled_Tabor_pheeseq_04_labelled_mC4.wav,Tabor,Nougatti,before,non-partner,Tabor-Lola,-8.041174,4.359968,PaCMAP
2966,before_trills_2022-03-03_10-14-47_0000050_labelled_Tabor_pheeseq_04_labelled_mC5.wav,Tabor,Nougatti,before,non-partner,Tabor-Lola,-9.191806,0.59873796,PaCMAP
2967,before_trills_2022-03-03_10-14-47_0000050_labelled_Tabor_pheeseq_05_labelled_mC1.wav,Tabor,Nougatti,before,non-partner,Tabor-Lola,-2.382854,-0.48858765,PaCMAP
2968,before_trills_2022-03-03_10-14-47_0000050_labelled_Tabor_pheeseq_05_labelled_mC3.wav,Tabor,Nougatti,before,non-partner,Tabor-Lola,-4.1339474,-1.3324229,PaCMAP
2969,before_trills_2022-03-03_10-14-47_0000050_labelled_Tabor_pheeseq_05_labelled_mC4.wav,Tabor,Nougatti,before,non-partner,Tabor-Lola,-8.064924,4.320765,PaCMAP
2970,before_trills_2022-03-03_10-14-47_0000050_labelled_Tabor_pheeseq_06_labelled_mC1.wav,Tabor,Nougatti,before,non-partner,Tabor-Lola,-2.1579146,-0.5872027,PaCMAP
2971,before_trills_2022-03-03_10-14-47_0000050_labelled_Tabor_pheeseq_06_labelled_mC3.wav,Tabor,Nougatti,before,non-partner,Tabor-Lola,-4.9058933,-0.51480323,PaCMAP
2972,before_trills_2022-03-03_10-14-47_0000050_labelled_Tabor_pheeseq_06_labelled_mC4.wav,Tabor,Nougatti,before,non-partner,Tabor-Lola,-7.1413794,-1.3025655,PaCMAP
2973,before_trills_2022-03-03_10-14-47_0000050_labelled_Tabor_pheeseq_30_labelled_mB2.wav,Tabor,Nougatti,before,non-partner,Tabor-Lola,-2.535136,-1.9492476,PaCMAP
2974,before_trills_2022-03-08_09-46-20_0000014_labelled_Nougatti_pheeseq_14_labelled_mB1.wav,Nougatti,Tabor,before,non-partner,Odin-Nougatti,3.9867945,-0.24779493,PaCMAP
2975,before_trills_2022-03-08_09-46-20_0000014_labelled_Nougatti_pheeseq_14_labelled_mB2.wav,Nougatti,Tabor,before,non-partner,Odin-Nougatti,-1.2028372,0.8757032,PaCMAP
2976,before_trills_2022-03-08_09-46-20_0000014_labelled_Nougatti_pheeseq_22_labelled_mB2.wav,Nougatti,Tabor,before,non-partner,Odin-Nougatti,-2.4881055,-2.0741992,PaCMAP
2977,before_trills_2022-03-08_09-46-20_0000014_labelled_Nougatti_pheeseq_23_labelled_mB2.wav,Nougatti,Tabor,before,non-partner,Odin-Nougatti,9.092771,-5.7279305,PaCMAP
2978,before_trills_2022-03-08_09-46-20_0000014_labelled_Nougatti_pheeseq_29_labelled_mC1.wav,Nougatti,Tabor,before,non-partner,Odin-Nougatti,6.3535905,-4.609271,PaCMAP
2979,before_trills_2022-03-08_09-46-20_0000014_labelled_Nougatti_pheeseq_29_labelled_mC2.wav,Nougatti,Tabor,before,non-partner,Odin-Nougatti,7.9137025,-2.8490453,PaCMAP
2980,before_trills_2022-03-08_09-46-20_0000014_labelled_Nougatti_pheeseq_29_labelled_mC3.wav,Nougatti,Tabor,before,non-partner,Odin-Nougatti,10.418912,-6.7902746,PaCMAP
2981,before_trills_2022-03-08_09-46-20_0000014_labelled_Nougatti_pheeseq_34_labelled_mB2.wav,Nougatti,Tabor,before,non-partner,Odin-Nougatti,1.189091,-0.4393055,PaCMAP
2982,before_trills_2022-03-08_09-46-20_0000014_labelled_Nougatti_pheeseq_48_labelled_mB1.wav,Nougatti,Tabor,before,non-partner,Odin-Nougatti,6.379746,-6.3231077,PaCMAP
2983,before_trills_2022-03-08_09-46-20_0000014_labelled_Nougatti_pheeseq_48_labelled_mB2.wav,Nougatti,Tabor,before,non-partner,Odin-Nougatti,-0.46797624,-1.1891761,PaCMAP
2984,before_trills_2022-03-08_09-46-20_0000014_labelled_Tabor_pheeseq_06_labelled_mB2.wav,Tabor,Nougatti,before,non-partner,Tabor-Lola,2.6202753,-0.20720932,PaCMAP
2985,before_trills_2022-03-08_09-46-20_0000014_labelled_Tabor_pheeseq_09_labelled_mB1.wav,Tabor,Nougatti,before,non-partner,Tabor-Lola,10.891003,-6.111547,PaCMAP
2986,before_trills_2022-03-08_09-46-20_0000014_labelled_Tabor_pheeseq_09_labelled_mB2.wav,Tabor,Nougatti,before,non-partner,Tabor-Lola,-3.6138723,-2.59356,PaCMAP
2987,before_trills_2022-03-08_09-46-20_0000014_labelled_Tabor_pheeseq_30_labelled_mC1.wav,Tabor,Nougatti,before,non-partner,Tabor-Lola,10.56475,-6.369349,PaCMAP
2988,before_trills_2022-03-08_09-46-20_0000014_labelled_Tabor_pheeseq_30_labelled_mC2.wav,Tabor,Nougatti,before,non-partner,Tabor-Lola,10.158744,-7.2886095,PaCMAP
2989,before_trills_2022-03-08_09-46-20_0000014_labelled_Tabor_pheeseq_30_labelled_mC3.wav,Tabor,Nougatti,before,non-partner,Tabor-Lola,-6.0348344,-2.282463,PaCMAP
2990,before_trills_2022-03-08_09-46-20_0000014_labelled_Tabor_pheeseq_47_labelled_mC1.wav,Tabor,Nougatti,before,non-partner,Tabor-Lola,-7.089316,5.234855,PaCMAP
2991,before_trills_2022-03-08_09-46-20_0000014_labelled_Tabor_pheeseq_47_labelled_mC2.wav,Tabor,Nougatti,before,non-partner,Tabor-Lola,-7.3165293,5.1519327,PaCMAP
2992,before_trills_2022-03-08_09-46-20_0000014_labelled_Tabor_pheeseq_47_labelled_mC3.wav,Tabor,Nougatti,before,non-partner,Tabor-Lola,-9.50958,1.8021026,PaCMAP
2993,before_trills_2022-03-09_13-56-45_0000018_labelled_Tabor_pheeseq_02_labelled_mC1.wav,Tabor,Olympia,before,non-partner,Tabor-Lola,-7.4427466,4.9305606,PaCMAP
2994,before_trills_2022-03-09_13-56-45_0000018_labelled_Tabor_pheeseq_02_labelled_mC2.wav,Tabor,Olympia,before,non-partner,Tabor-Lola,-4.7391305,-2.2478333,PaCMAP
2995,before_trills_2022-03-09_13-56-45_0000018_labelled_Tabor_pheeseq_02_labelled_mC4.wav,Tabor,Olympia,before,non-partner,Tabor-Lola,-6.6000605,-1.5913676,PaCMAP
2996,before_trills_2022-03-09_13-56-45_0000018_labelled_Tabor_pheeseq_05_labelled_mC1.wav,Tabor,Olympia,before,non-partner,Tabor-Lola,-1.6263456,-1.6120551,PaCMAP
2997,before_trills_2022-03-09_13-56-45_0000018_labelled_Tabor_pheeseq_05_labelled_mC2.wav,Tabor,Olympia,before,non-partner,Tabor-Lola,-6.066832,-2.1314566,PaCMAP
2998,before_trills_2022-03-09_13-56-45_0000018_labelled_Tabor_pheeseq_05_labelled_mC3.wav,Tabor,Olympia,before,non-partner,Tabor-Lola,11.150498,-8.747276,PaCMAP
2999,before_trills_2022-03-09_13-56-45_0000018_labelled_Tabor_pheeseq_18_labelled_mB1.wav,Tabor,Olympia,before,non-partner,Tabor-Lola,-5.0360765,-2.4170823,PaCMAP
3000,before_trills_2022-03-09_13-56-45_0000018_labelled_Tabor_pheeseq_18_labelled_mB2.wav,Tabor,Olympia,before,non-partner,Tabor-Lola,-6.892964,-1.6273602,PaCMAP
3001,before_trills_2022-03-09_14-59-43_0000020_labelled_Nougatti_pheeseq_09_labelled_mC1.wav,Nougatti,Odin,before,partner,Odin-Nougatti,7.1070247,-2.2273545,PaCMAP
3002,before_trills_2022-03-09_14-59-43_0000020_labelled_Nougatti_pheeseq_09_labelled_mC2.wav,Nougatti,Odin,before,partner,Odin-Nougatti,7.84453,-2.554496,PaCMAP
3003,before_trills_2022-03-09_14-59-43_0000020_labelled_Nougatti_pheeseq_09_labelled_mC3.wav,Nougatti,Odin,before,partner,Odin-Nougatti,8.113346,-5.8167925,PaCMAP
3004,before_trills_2022-03-09_14-59-43_0000020_labelled_Nougatti_pheeseq_17_labelled_mB1.wav,Nougatti,Odin,before,partner,Odin-Nougatti,7.4694653,-2.45123,PaCMAP
3005,before_trills_2022-03-09_14-59-43_0000020_labelled_Nougatti_pheeseq_21_labelled_mC1.wav,Nougatti,Odin,before,partner,Odin-Nougatti,7.4556465,-2.487949,PaCMAP
3006,before_trills_2022-03-09_14-59-43_0000020_labelled_Nougatti_pheeseq_21_labelled_mC2.wav,Nougatti,Odin,before,partner,Odin-Nougatti,7.6264653,-2.4453118,PaCMAP
3007,before_trills_2022-03-09_14-59-43_0000020_labelled_Nougatti_pheeseq_21_labelled_mC3.wav,Nougatti,Odin,before,partner,Odin-Nougatti,-4.239688,-2.0721588,PaCMAP
3008,before_trills_2022-03-09_14-59-43_0000020_labelled_Nougatti_pheeseq_22_labelled_mC1.wav,Nougatti,Odin,before,partner,Odin-Nougatti,5.2974753,-1.2793418,PaCMAP
3009,before_trills_2022-03-09_14-59-43_0000020_labelled_Nougatti_pheeseq_22_labelled_mC2.wav,Nougatti,Odin,before,partner,Odin-Nougatti,7.8502393,-2.478823,PaCMAP
3010,before_trills_2022-03-09_14-59-43_0000020_labelled_Nougatti_pheeseq_22_labelled_mC3.wav,Nougatti,Odin,before,partner,Odin-Nougatti,9.796937,-4.7222075,PaCMAP
3011,before_trills_2022-03-09_14-59-43_0000020_labelled_Nougatti_pheeseq_30_labelled_mC1.wav,Nougatti,Odin,before,partner,Odin-Nougatti,5.1708965,-0.96325487,PaCMAP
3012,before_trills_2022-03-09_14-59-43_0000020_labelled_Nougatti_pheeseq_30_labelled_mC2.wav,Nougatti,Odin,before,partner,Odin-Nougatti,8.08732,-2.564341,PaCMAP
3013,before_trills_2022-03-09_14-59-43_0000020_labelled_Nougatti_pheeseq_30_labelled_mC3.wav,Nougatti,Odin,before,partner,Odin-Nougatti,-9.789087,0.2746081,PaCMAP
3014,before_trills_2022-03-09_14-59-43_0000020_labelled_Nougatti_pheeseq_31_labelled_mD2.wav,Nougatti,Odin,before,partner,Odin-Nougatti,7.5834312,-2.3477712,PaCMAP
3015,before_trills_2022-03-09_14-59-43_0000020_labelled_Nougatti_pheeseq_31_labelled_mD3.wav,Nougatti,Odin,before,partner,Odin-Nougatti,8.514179,-3.5372393,PaCMAP
3016,before_trills_2022-03-09_14-59-43_0000020_labelled_Nougatti_pheeseq_31_labelled_mD4.wav,Nougatti,Odin,before,partner,Odin-Nougatti,-10.449751,1.3854457,PaCMAP
3017,before_trills_2022-03-09_14-59-43_0000020_labelled_Nougatti_pheeseq_41_labelled_mB1.wav,Nougatti,Odin,before,partner,Odin-Nougatti,5.7821217,-1.4030212,PaCMAP
3018,before_trills_2022-03-09_14-59-43_0000020_labelled_Nougatti_pheeseq_41_labelled_mB2.wav,Nougatti,Odin,before,partner,Odin-Nougatti,7.3792634,-4.3109193,PaCMAP
3019,before_trills_2022-03-09_14-59-43_0000020_labelled_Odin_pheeseq_15_labelled_mB2.wav,Odin,Nougatti,before,partner,Odin-Nougatti,-0.39150673,0.24310756,PaCMAP
3020,before_trills_2022-03-09_14-59-43_0000020_labelled_Odin_pheeseq_18_labelled_mB2.wav,Odin,Nougatti,before,partner,Odin-Nougatti,-6.7551956,5.533285,PaCMAP
3021,before_trills_2022-03-09_14-59-43_0000020_labelled_Odin_pheeseq_24_labelled_mB1.wav,Odin,Nougatti,before,partner,Odin-Nougatti,-6.07875,5.8719244,PaCMAP
3022,before_trills_2022-03-09_14-59-43_0000020_labelled_Odin_pheeseq_24_labelled_mB2.wav,Odin,Nougatti,before,partner,Odin-Nougatti,-2.006973,-1.0909085,PaCMAP
3023,before_trills_2022-03-09_14-59-43_0000020_labelled_Odin_pheeseq_37_labelled_mB2.wav,Odin,Nougatti,before,partner,Odin-Nougatti,7.3832564,-4.77918,PaCMAP
3024,before_trills_2022-03-09_14-59-43_0000020_labelled_Odin_pheeseq_38_labelled_mB1.wav,Odin,Nougatti,before,partner,Odin-Nougatti,6.3100953,-3.980251,PaCMAP
3025,before_trills_2022-03-09_14-59-43_0000020_labelled_Odin_pheeseq_45_labelled_mB1.wav,Odin,Nougatti,before,partner,Odin-Nougatti,2.3169873,-0.3245016,PaCMAP
3026,before_trills_2022-03-09_14-59-43_0000020_labelled_Odin_pheeseq_45_labelled_mB2.wav,Odin,Nougatti,before,partner,Odin-Nougatti,-6.5362644,-1.8454942,PaCMAP
3027,before_trills_2022-03-09_14-59-43_0000020_labelled_Odin_pheeseq_74_labelled_mB2.wav,Odin,Nougatti,before,partner,Odin-Nougatti,7.1318026,-5.4736276,PaCMAP
3028,before_trills_2022-03-10_09-28-14_0000022_labelled_Lola_pheeseq_14_labelled_mB2.wav,Lola,Tabor,before,partner,Tabor-Lola,6.1778216,-1.9006834,PaCMAP
3029,before_trills_2022-03-10_09-28-14_0000022_labelled_Tabor_pheeseq_02_labelled_mB1.wav,Tabor,Lola,before,partner,Tabor-Lola,-10.254067,4.449671,PaCMAP
3030,before_trills_2022-03-10_09-28-14_0000022_labelled_Tabor_pheeseq_02_labelled_mB4.wav,Tabor,Lola,before,partner,Tabor-Lola,-9.355587,2.1215394,PaCMAP
3031,before_trills_2022-03-10_09-28-14_0000022_labelled_Tabor_pheeseq_04_labelled_mB1.wav,Tabor,Lola,before,partner,Tabor-Lola,-4.653577,-1.3485897,PaCMAP
3032,before_trills_2022-03-10_09-28-14_0000022_labelled_Tabor_pheeseq_04_labelled_mB2.wav,Tabor,Lola,before,partner,Tabor-Lola,-8.134514,4.399781,PaCMAP
3033,before_trills_2022-03-10_09-28-14_0000022_labelled_Tabor_pheeseq_05_labelled_mC1.wav,Tabor,Lola,before,partner,Tabor-Lola,-6.526088,5.6009097,PaCMAP
3034,before_trills_2022-03-10_09-28-14_0000022_labelled_Tabor_pheeseq_05_labelled_mC2.wav,Tabor,Lola,before,partner,Tabor-Lola,10.84931,-8.565458,PaCMAP
3035,before_trills_2022-03-10_09-28-14_0000022_labelled_Tabor_pheeseq_05_labelled_mC3.wav,Tabor,Lola,before,partner,Tabor-Lola,-6.945347,-1.681978,PaCMAP
3036,before_trills_2022-03-10_09-28-14_0000022_labelled_Tabor_pheeseq_06_labelled_mB1.wav,Tabor,Lola,before,partner,Tabor-Lola,-3.2471242,3.1740656,PaCMAP
3037,before_trills_2022-03-10_09-28-14_0000022_labelled_Tabor_pheeseq_06_labelled_mB4.wav,Tabor,Lola,before,partner,Tabor-Lola,-7.888429,4.335616,PaCMAP
3038,before_trills_2022-03-10_09-28-14_0000022_labelled_Tabor_pheeseq_13_labelled_mB1.wav,Tabor,Lola,before,partner,Tabor-Lola,11.307992,-8.393744,PaCMAP
3039,before_trills_2022-03-10_09-28-14_0000022_labelled_Tabor_pheeseq_13_labelled_mB2.wav,Tabor,Lola,before,partner,Tabor-Lola,11.321468,-8.61442,PaCMAP
3040,before_trills_2022-03-10_09-28-14_0000022_labelled_Tabor_pheeseq_23_labelled_mB1.wav,Tabor,Lola,before,partner,Tabor-Lola,-4.1047697,-2.210702,PaCMAP
3041,before_trills_2022-03-10_09-28-14_0000022_labelled_Tabor_pheeseq_23_labelled_mB2.wav,Tabor,Lola,before,partner,Tabor-Lola,-9.801344,3.5804234,PaCMAP
3042,before_trills_2022-03-10_10-18-58_0000024_labelled_Odin_pheeseq_02_labelled_mB2.wav,Odin,Olympia,before,non-partner,Odin-Nougatti,-5.1073666,0.9859798,PaCMAP
3043,before_trills_2022-03-10_10-18-58_0000024_labelled_Odin_pheeseq_15_labelled_mB1.wav,Odin,Olympia,before,non-partner,Odin-Nougatti,-6.0725055,6.0686884,PaCMAP
3044,before_trills_2022-03-10_10-18-58_0000024_labelled_Odin_pheeseq_15_labelled_mB2.wav,Odin,Olympia,before,non-partner,Odin-Nougatti,-10.56195,1.0107305,PaCMAP
3045,before_trills_2022-03-10_10-59-36_0000025_labelled_Nougatti_pheeseq_02_labelled_mC2.wav,Nougatti,Wuschel,before,non-partner,Odin-Nougatti,-0.30681476,-0.67450273,PaCMAP
3046,before_trills_2022-03-10_10-59-36_0000025_labelled_Nougatti_pheeseq_02_labelled_mC3.wav,Nougatti,Wuschel,before,non-partner,Odin-Nougatti,-7.961806,4.513899,PaCMAP
3047,before_trills_2022-03-10_10-59-36_0000025_labelled_Nougatti_pheeseq_03_labelled_mC1.wav,Nougatti,Wuschel,before,non-partner,Odin-Nougatti,6.627956,-4.5637765,PaCMAP
3048,before_trills_2022-03-10_10-59-36_0000025_labelled_Nougatti_pheeseq_03_labelled_mC2.wav,Nougatti,Wuschel,before,non-partner,Odin-Nougatti,9.142583,-4.983988,PaCMAP
3049,before_trills_2022-03-10_10-59-36_0000025_labelled_Nougatti_pheeseq_03_labelled_mC3.wav,Nougatti,Wuschel,before,non-partner,Odin-Nougatti,-7.851079,4.4573593,PaCMAP
3050,before_trills_2022-03-10_10-59-36_0000025_labelled_Nougatti_pheeseq_04_labelled_mC1.wav,Nougatti,Wuschel,before,non-partner,Odin-Nougatti,7.2686667,-3.9889855,PaCMAP
3051,before_trills_2022-03-10_10-59-36_0000025_labelled_Nougatti_pheeseq_04_labelled_mC2.wav,Nougatti,Wuschel,before,non-partner,Odin-Nougatti,7.229777,-4.0891504,PaCMAP
3052,before_trills_2022-03-10_10-59-36_0000025_labelled_Nougatti_pheeseq_04_labelled_mC3.wav,Nougatti,Wuschel,before,non-partner,Odin-Nougatti,8.241462,-6.247191,PaCMAP
3053,before_trills_2022-03-10_10-59-36_0000025_labelled_Nougatti_pheeseq_05_labelled_mB1.wav,Nougatti,Wuschel,before,non-partner,Odin-Nougatti,2.752844,-0.52778924,PaCMAP
3054,before_trills_2022-03-10_10-59-36_0000025_labelled_Nougatti_pheeseq_06_labelled_mC1.wav,Nougatti,Wuschel,before,non-partner,Odin-Nougatti,4.5852013,-0.6158734,PaCMAP
3055,before_trills_2022-03-10_10-59-36_0000025_labelled_Nougatti_pheeseq_06_labelled_mC2.wav,Nougatti,Wuschel,before,non-partner,Odin-Nougatti,8.55613,-3.6805425,PaCMAP
3056,before_trills_2022-03-10_10-59-36_0000025_labelled_Nougatti_pheeseq_06_labelled_mC3.wav,Nougatti,Wuschel,before,non-partner,Odin-Nougatti,-5.7327213,-1.2334875,PaCMAP
3057,before_trills_2022-03-10_10-59-36_0000025_labelled_Nougatti_pheeseq_08_labelled_mC1.wav,Nougatti,Wuschel,before,non-partner,Odin-Nougatti,3.7431676,-0.25941524,PaCMAP
3058,before_trills_2022-03-10_10-59-36_0000025_labelled_Nougatti_pheeseq_08_labelled_mC2.wav,Nougatti,Wuschel,before,non-partner,Odin-Nougatti,1.9314889,-0.09030228,PaCMAP
3059,before_trills_2022-03-10_10-59-36_0000025_labelled_Nougatti_pheeseq_08_labelled_mC3.wav,Nougatti,Wuschel,before,non-partner,Odin-Nougatti,-8.004373,4.734662,PaCMAP
3060,before_trills_2022-03-10_10-59-36_0000025_labelled_Nougatti_pheeseq_09_labelled_mB1.wav,Nougatti,Wuschel,before,non-partner,Odin-Nougatti,8.683053,-4.4028497,PaCMAP
3061,before_trills_2022-03-10_10-59-36_0000025_labelled_Nougatti_pheeseq_09_labelled_mB2.wav,Nougatti,Wuschel,before,non-partner,Odin-Nougatti,7.527117,-4.901209,PaCMAP
3062,before_trills_2022-03-10_10-59-36_0000025_labelled_Nougatti_pheeseq_22_labelled_mB1.wav,Nougatti,Wuschel,before,non-partner,Odin-Nougatti,5.215611,-1.6502452,PaCMAP
3063,before_trills_2022-03-10_10-59-36_0000025_labelled_Nougatti_pheeseq_22_labelled_mB2.wav,Nougatti,Wuschel,before,non-partner,Odin-Nougatti,7.097485,-4.929794,PaCMAP
3064,before_trills_2022-03-10_10-59-36_0000025_labelled_Wuschel_pheeseq_07_labelled_mB1.wav,Wuschel,Nougatti,before,non-partner,Wuschel-Olympia,-13.3925,0.9082863,PaCMAP
3065,before_trills_2022-03-10_10-59-36_0000025_labelled_Wuschel_pheeseq_07_labelled_mB2.wav,Wuschel,Nougatti,before,non-partner,Wuschel-Olympia,-9.580704,3.309567,PaCMAP
3066,before_trills_2022-03-11_09-34-35_0000027_labelled_Odin_pheeseq_19_labelled_mB1.wav,Odin,Lola,before,non-partner,Odin-Nougatti,-0.70641255,0.25388023,PaCMAP
3067,before_trills_2022-03-11_09-34-35_0000027_labelled_Odin_pheeseq_19_labelled_mB2.wav,Odin,Lola,before,non-partner,Odin-Nougatti,-2.4140835,-0.22108445,PaCMAP
3068,before_trills_2022-03-11_09-34-35_0000027_labelled_Odin_pheeseq_28_labelled_mB2.wav,Odin,Lola,before,non-partner,Odin-Nougatti,-4.288613,0.54728526,PaCMAP
3069,before_trills_2022-03-11_09-34-35_0000027_labelled_Odin_pheeseq_31_labelled_mB2.wav,Odin,Lola,before,non-partner,Odin-Nougatti,-2.101162,-0.76944065,PaCMAP
3070,before_trills_2022-03-11_09-34-35_0000027_labelled_Odin_pheeseq_80_labelled_mB1.wav,Odin,Lola,before,non-partner,Odin-Nougatti,-5.517489,6.396407,PaCMAP
3071,before_trills_2022-03-11_09-34-35_0000027_labelled_Odin_pheeseq_80_labelled_mB2.wav,Odin,Lola,before,non-partner,Odin-Nougatti,-6.6560836,-0.65453726,PaCMAP
3072,before_trills_2022-03-11_09-34-35_0000027_labelled_Odin_pheeseq_84_labelled_mB1.wav,Odin,Lola,before,non-partner,Odin-Nougatti,-2.7157826,-1.429034,PaCMAP
3073,before_trills_2022-03-11_09-34-35_0000027_labelled_Odin_pheeseq_87_labelled_mB1.wav,Odin,Lola,before,non-partner,Odin-Nougatti,-5.31411,6.2684746,PaCMAP
3074,before_trills_2022-03-11_09-34-35_0000027_labelled_Odin_pheeseq_87_labelled_mB2.wav,Odin,Lola,before,non-partner,Odin-Nougatti,-7.4111514,5.065101,PaCMAP
3075,before_trills_2022-03-11_14-57-49_0000041_labelled_Wuschel_pheeseq_02_labelled_mB1.wav,Wuschel,Lola,before,non-partner,Wuschel-Olympia,-4.8681564,0.19088462,PaCMAP
3076,before_trills_2022-03-11_14-57-49_0000041_labelled_Wuschel_pheeseq_02_labelled_mB2.wav,Wuschel,Lola,before,non-partner,Wuschel-Olympia,-5.6845,-1.2284137,PaCMAP
3077,before_trills_2022-03-11_14-57-49_0000041_labelled_Wuschel_pheeseq_04_labelled_mC1.wav,Wuschel,Lola,before,non-partner,Wuschel-Olympia,-4.4500113,-0.24791221,PaCMAP
3078,before_trills_2022-03-11_14-57-49_0000041_labelled_Wuschel_pheeseq_04_labelled_mC2.wav,Wuschel,Lola,before,non-partner,Wuschel-Olympia,-6.258571,-0.7392619,PaCMAP
3079,before_trills_2022-03-11_14-57-49_0000041_labelled_Wuschel_pheeseq_04_labelled_mC3.wav,Wuschel,Lola,before,non-partner,Wuschel-Olympia,-10.413376,1.2169375,PaCMAP
3080,before_trills_2022-03-11_14-57-49_0000041_labelled_Wuschel_pheeseq_05_labelled_mC1.wav,Wuschel,Lola,before,non-partner,Wuschel-Olympia,-15.410296,2.350997,PaCMAP
3081,before_trills_2022-03-11_14-57-49_0000041_labelled_Wuschel_pheeseq_05_labelled_mC2.wav,Wuschel,Lola,before,non-partner,Wuschel-Olympia,-5.8533025,-0.94345105,PaCMAP
3082,before_trills_2022-03-11_14-57-49_0000041_labelled_Wuschel_pheeseq_05_labelled_mC3.wav,Wuschel,Lola,before,non-partner,Wuschel-Olympia,-10.227148,0.76257783,PaCMAP
3083,before_trills_2022-03-11_14-57-49_0000041_labelled_Wuschel_pheeseq_06_labelled_mC1.wav,Wuschel,Lola,before,non-partner,Wuschel-Olympia,-15.500559,2.4173534,PaCMAP
3084,before_trills_2022-03-11_14-57-49_0000041_labelled_Wuschel_pheeseq_06_labelled_mC2.wav,Wuschel,Lola,before,non-partner,Wuschel-Olympia,-6.0867443,-0.6834276,PaCMAP
3085,before_trills_2022-03-11_14-57-49_0000041_labelled_Wuschel_pheeseq_06_labelled_mC3.wav,Wuschel,Lola,before,non-partner,Wuschel-Olympia,-10.212427,0.7863738,PaCMAP
3086,before_trills_2022-03-11_14-57-49_0000041_labelled_Wuschel_pheeseq_09_labelled_mC1.wav,Wuschel,Lola,before,non-partner,Wuschel-Olympia,9.036888,-8.672237,PaCMAP
3087,before_trills_2022-03-11_14-57-49_0000041_labelled_Wuschel_pheeseq_09_labelled_mC2.wav,Wuschel,Lola,before,non-partner,Wuschel-Olympia,-4.7867317,-1.2001698,PaCMAP
3088,before_trills_2022-03-11_14-57-49_0000041_labelled_Wuschel_pheeseq_09_labelled_mC3.wav,Wuschel,Lola,before,non-partner,Wuschel-Olympia,-9.725157,2.8208325,PaCMAP
3089,before_trills_2022-03-11_14-57-49_0000041_labelled_Wuschel_pheeseq_11_labelled_mB1.wav,Wuschel,Lola,before,non-partner,Wuschel-Olympia,-8.094961,4.9405756,PaCMAP
3090,before_trills_2022-03-11_14-57-49_0000041_labelled_Wuschel_pheeseq_11_labelled_mB2.wav,Wuschel,Lola,before,non-partner,Wuschel-Olympia,-6.6410255,-1.7243123,PaCMAP
3091,before_trills_2022-03-14_09-26-37_0000046_labelled_Wuschel_pheeseq_02_labelled_mC1.wav,Wuschel,Olympia,before,partner,Wuschel-Olympia,9.125803,-9.436692,PaCMAP
3092,before_trills_2022-03-14_09-26-37_0000046_labelled_Wuschel_pheeseq_02_labelled_mC2.wav,Wuschel,Olympia,before,partner,Wuschel-Olympia,-6.3352156,-0.9490674,PaCMAP
3093,before_trills_2022-03-14_09-26-37_0000046_labelled_Wuschel_pheeseq_02_labelled_mC3.wav,Wuschel,Olympia,before,partner,Wuschel-Olympia,-9.596167,1.8953547,PaCMAP
3094,before_trills_2022-03-14_09-26-37_0000046_labelled_Wuschel_pheeseq_04_labelled_mC1.wav,Wuschel,Olympia,before,partner,Wuschel-Olympia,-5.206712,-1.3511478,PaCMAP
3095,before_trills_2022-03-14_09-26-37_0000046_labelled_Wuschel_pheeseq_04_labelled_mC2.wav,Wuschel,Olympia,before,partner,Wuschel-Olympia,-4.6212974,-1.5365263,PaCMAP
3096,before_trills_2022-03-14_09-26-37_0000046_labelled_Wuschel_pheeseq_04_labelled_mC3.wav,Wuschel,Olympia,before,partner,Wuschel-Olympia,-9.05665,-0.037928008,PaCMAP
3097,before_trills_2022-03-14_09-26-37_0000046_labelled_Wuschel_pheeseq_05_labelled_mC1.wav,Wuschel,Olympia,before,partner,Wuschel-Olympia,-6.59769,-1.171912,PaCMAP
3098,before_trills_2022-03-14_09-26-37_0000046_labelled_Wuschel_pheeseq_05_labelled_mC2.wav,Wuschel,Olympia,before,partner,Wuschel-Olympia,-6.2845974,-0.8971515,PaCMAP
3099,before_trills_2022-03-14_09-26-37_0000046_labelled_Wuschel_pheeseq_05_labelled_mC3.wav,Wuschel,Olympia,before,partner,Wuschel-Olympia,-9.514394,2.2669847,PaCMAP
3100,before_trills_2022-03-14_09-26-37_0000046_labelled_Wuschel_pheeseq_06_labelled_mC1.wav,Wuschel,Olympia,before,partner,Wuschel-Olympia,-4.3268576,0.18453334,PaCMAP
3101,before_trills_2022-03-14_09-26-37_0000046_labelled_Wuschel_pheeseq_06_labelled_mC2.wav,Wuschel,Olympia,before,partner,Wuschel-Olympia,-5.5810447,-0.9594978,PaCMAP
3102,before_trills_2022-03-14_09-26-37_0000046_labelled_Wuschel_pheeseq_06_labelled_mC3.wav,Wuschel,Olympia,before,partner,Wuschel-Olympia,-9.842931,0.56766665,PaCMAP
3103,before_trills_2022-03-14_10-35-13_0000049_labelled_Nougatti_pheeseq_06_labelled_mC1.wav,Nougatti,Odin,before,partner,Odin-Nougatti,5.643718,-1.3616338,PaCMAP
3104,before_trills_2022-03-14_10-35-13_0000049_labelled_Nougatti_pheeseq_06_labelled_mC2.wav,Nougatti,Odin,before,partner,Odin-Nougatti,8.236947,-2.8427193,PaCMAP
3105,before_trills_2022-03-14_10-35-13_0000049_labelled_Nougatti_pheeseq_06_labelled_mC3.wav,Nougatti,Odin,before,partner,Odin-Nougatti,9.051613,-3.626269,PaCMAP
3106,before_trills_2022-03-14_10-35-13_0000049_labelled_Nougatti_pheeseq_108_labelled_mB1.wav,Nougatti,Odin,before,partner,Odin-Nougatti,4.370177,-0.45195824,PaCMAP
3107,before_trills_2022-03-14_10-35-13_0000049_labelled_Nougatti_pheeseq_108_labelled_mB2.wav,Nougatti,Odin,before,partner,Odin-Nougatti,8.055167,-2.6539629,PaCMAP
3108,before_trills_2022-03-14_10-35-13_0000049_labelled_Nougatti_pheeseq_22_labelled_mB2.wav,Nougatti,Odin,before,partner,Odin-Nougatti,-6.2555265,5.905359,PaCMAP
3109,before_trills_2022-03-14_10-35-13_0000049_labelled_Nougatti_pheeseq_24_labelled_mB1.wav,Nougatti,Odin,before,partner,Odin-Nougatti,2.3461983,0.3994414,PaCMAP
3110,before_trills_2022-03-14_10-35-13_0000049_labelled_Nougatti_pheeseq_24_labelled_mB2.wav,Nougatti,Odin,before,partner,Odin-Nougatti,-1.7562262,-1.5538163,PaCMAP
3111,before_trills_2022-03-14_10-35-13_0000049_labelled_Nougatti_pheeseq_30_labelled_mC1.wav,Nougatti,Odin,before,partner,Odin-Nougatti,7.4396167,-2.5310133,PaCMAP
3112,before_trills_2022-03-14_10-35-13_0000049_labelled_Nougatti_pheeseq_30_labelled_mC2.wav,Nougatti,Odin,before,partner,Odin-Nougatti,8.196241,-2.919559,PaCMAP
3113,before_trills_2022-03-14_10-35-13_0000049_labelled_Nougatti_pheeseq_30_labelled_mC3.wav,Nougatti,Odin,before,partner,Odin-Nougatti,-9.676829,0.061319593,PaCMAP
3114,before_trills_2022-03-14_10-35-13_0000049_labelled_Nougatti_pheeseq_36_labelled_mC1.wav,Nougatti,Odin,before,partner,Odin-Nougatti,7.1266594,-2.2197263,PaCMAP
3115,before_trills_2022-03-14_10-35-13_0000049_labelled_Nougatti_pheeseq_36_labelled_mC2.wav,Nougatti,Odin,before,partner,Odin-Nougatti,7.915488,-2.5025065,PaCMAP
3116,before_trills_2022-03-14_10-35-13_0000049_labelled_Nougatti_pheeseq_36_labelled_mC3.wav,Nougatti,Odin,before,partner,Odin-Nougatti,10.294876,-7.7215276,PaCMAP
3117,before_trills_2022-03-14_10-35-13_0000049_labelled_Nougatti_pheeseq_83_labelled_mB1.wav,Nougatti,Odin,before,partner,Odin-Nougatti,3.4971337,-0.3567661,PaCMAP
3118,before_trills_2022-03-14_10-35-13_0000049_labelled_Nougatti_pheeseq_83_labelled_mB2.wav,Nougatti,Odin,before,partner,Odin-Nougatti,8.433829,-6.634222,PaCMAP
3119,before_trills_2022-03-14_10-35-13_0000049_labelled_Nougatti_pheeseq_87_labelled_mB1.wav,Nougatti,Odin,before,partner,Odin-Nougatti,3.0958157,-0.21115234,PaCMAP
3120,before_trills_2022-03-14_10-35-13_0000049_labelled_Nougatti_pheeseq_87_labelled_mB2.wav,Nougatti,Odin,before,partner,Odin-Nougatti,9.652609,-5.4352922,PaCMAP
3121,before_trills_2022-03-14_10-35-13_0000049_labelled_Nougatti_pheeseq_89_labelled_mB1.wav,Nougatti,Odin,before,partner,Odin-Nougatti,3.7691934,-0.3288197,PaCMAP
3122,before_trills_2022-03-14_10-35-13_0000049_labelled_Nougatti_pheeseq_89_labelled_mB2.wav,Nougatti,Odin,before,partner,Odin-Nougatti,-2.5138528,-1.5023524,PaCMAP
3123,before_trills_2022-03-14_10-35-13_0000049_labelled_Odin_pheeseq_05_labelled_mC2.wav,Odin,Nougatti,before,partner,Odin-Nougatti,9.021501,-7.8056726,PaCMAP
3124,before_trills_2022-03-14_10-35-13_0000049_labelled_Odin_pheeseq_05_labelled_mC3.wav,Odin,Nougatti,before,partner,Odin-Nougatti,-7.871562,4.42167,PaCMAP
3125,before_trills_2022-03-14_10-35-13_0000049_labelled_Odin_pheeseq_118_labelled_mB2.wav,Odin,Nougatti,before,partner,Odin-Nougatti,8.817394,-7.398429,PaCMAP
3126,before_trills_2022-03-14_10-35-13_0000049_labelled_Odin_pheeseq_17_labelled_mC2.wav,Odin,Nougatti,before,partner,Odin-Nougatti,6.743001,-4.7503643,PaCMAP
3127,before_trills_2022-03-14_10-35-13_0000049_labelled_Odin_pheeseq_17_labelled_mC3.wav,Odin,Nougatti,before,partner,Odin-Nougatti,-9.628808,1.9423792,PaCMAP
3128,before_trills_2022-03-14_10-35-13_0000049_labelled_Odin_pheeseq_28_labelled_mB2.wav,Odin,Nougatti,before,partner,Odin-Nougatti,-1.0504996,0.64158386,PaCMAP
3129,before_trills_2022-03-14_10-35-13_0000049_labelled_Odin_pheeseq_31_labelled_mB1.wav,Odin,Nougatti,before,partner,Odin-Nougatti,-1.2004842,-0.14397903,PaCMAP
3130,before_trills_2022-03-14_10-35-13_0000049_labelled_Odin_pheeseq_31_labelled_mB2.wav,Odin,Nougatti,before,partner,Odin-Nougatti,-10.0239,0.7011588,PaCMAP
3131,before_trills_2022-03-14_10-35-13_0000049_labelled_Odin_pheeseq_98_labelled_mB1.wav,Odin,Nougatti,before,partner,Odin-Nougatti,0.1496951,-1.7245364,PaCMAP
3132,before_trills_2022-03-14_10-35-13_0000049_labelled_Odin_pheeseq_98_labelled_mB2.wav,Odin,Nougatti,before,partner,Odin-Nougatti,0.75858223,-1.0646198,PaCMAP
3133,before_trills_2022-03-14_10-35-13_0000049_labelled_Odin_pheeseqX_41_labelled_mE1.wav,Odin,Nougatti,before,partner,Odin-Nougatti,4.41866,-0.44523922,PaCMAP
3134,before_trills_2022-03-14_10-35-13_0000049_labelled_Odin_pheeseqX_41_labelled_mE2.wav,Odin,Nougatti,before,partner,Odin-Nougatti,8.312998,-6.487684,PaCMAP
3135,before_trills_2022-03-14_10-35-13_0000049_labelled_Odin_pheeseqX_41_labelled_mE3.wav,Odin,Nougatti,before,partner,Odin-Nougatti,-7.727666,4.814109,PaCMAP
3136,before_trills_2022-03-14_10-35-13_0000049_labelled_Odin_pheeseqX_41_labelled_mE6.wav,Odin,Nougatti,before,partner,Odin-Nougatti,-1.7969846,0.16473977,PaCMAP
3137,before_trills_2022-03-14_13-55-15_0000054_labelled_Wuschel_pheeseq_05_labelled_mB1.wav,Wuschel,Nougatti,before,non-partner,Wuschel-Olympia,-13.747569,2.247621,PaCMAP
3138,before_trills_2022-03-14_13-55-15_0000054_labelled_Wuschel_pheeseq_05_labelled_mB2.wav,Wuschel,Nougatti,before,non-partner,Wuschel-Olympia,-10.588423,0.8751766,PaCMAP
3139,before_trills_2022-03-14_13-55-15_0000054_labelled_Wuschel_pheeseq_12_labelled_mB1.wav,Wuschel,Nougatti,before,non-partner,Wuschel-Olympia,-12.248727,4.051722,PaCMAP
3140,before_trills_2022-03-14_13-55-15_0000054_labelled_Wuschel_pheeseq_12_labelled_mB2.wav,Wuschel,Nougatti,before,non-partner,Wuschel-Olympia,-12.431651,0.88308173,PaCMAP
3141,before_trills_2022-03-14_13-55-15_0000054_labelled_Wuschel_pheeseq_13_labelled_mB2.wav,Wuschel,Nougatti,before,non-partner,Wuschel-Olympia,-13.1023445,1.6447712,PaCMAP
3142,before_trills_2022-03-14_13-55-15_0000054_labelled_Wuschel_pheeseq_15_labelled_mB1.wav,Wuschel,Nougatti,before,non-partner,Wuschel-Olympia,-5.5482106,-1.2052237,PaCMAP
3143,before_trills_2022-03-14_13-55-15_0000054_labelled_Wuschel_pheeseq_15_labelled_mB2.wav,Wuschel,Nougatti,before,non-partner,Wuschel-Olympia,-10.215421,0.45040387,PaCMAP
3144,before_trills_2022-03-14_13-55-15_0000054_labelled_Wuschel_pheeseq_52_labelled_mB1.wav,Wuschel,Nougatti,before,non-partner,Wuschel-Olympia,-12.548968,1.3717861,PaCMAP
3145,before_trills_2022-03-14_13-55-15_0000054_labelled_Wuschel_pheeseq_52_labelled_mB2.wav,Wuschel,Nougatti,before,non-partner,Wuschel-Olympia,-13.741071,1.2601882,PaCMAP
3146,before_trills_2022-03-14_13-55-15_0000054_labelled_Wuschel_pheeseq_55_labelled_mB1.wav,Wuschel,Nougatti,before,non-partner,Wuschel-Olympia,11.113422,-8.5045595,PaCMAP
3147,before_trills_2022-03-14_13-55-15_0000054_labelled_Wuschel_pheeseq_55_labelled_mB2.wav,Wuschel,Nougatti,before,non-partner,Wuschel-Olympia,-12.372585,4.028955,PaCMAP
3148,before_trills_2022-03-14_13-55-15_0000054_labelled_Wuschel_pheeseq_57_labelled_mB2.wav,Wuschel,Nougatti,before,non-partner,Wuschel-Olympia,-12.269602,3.9296904,PaCMAP
3149,before_trills_2022-03-15_09-35-25_0000056_labelled_Wuschel_pheeseq_02_labelled_mC1.wav,Wuschel,Lola,before,non-partner,Wuschel-Olympia,-2.5953448,-0.29649806,PaCMAP
3150,before_trills_2022-03-15_09-35-25_0000056_labelled_Wuschel_pheeseq_02_labelled_mC2.wav,Wuschel,Lola,before,non-partner,Wuschel-Olympia,-4.4291224,-0.86223024,PaCMAP
3151,before_trills_2022-03-15_09-35-25_0000056_labelled_Wuschel_pheeseq_02_labelled_mC3.wav,Wuschel,Lola,before,non-partner,Wuschel-Olympia,-9.294772,3.3819659,PaCMAP
3152,before_trills_2022-03-15_09-35-25_0000056_labelled_Wuschel_pheeseq_04_labelled_mC1.wav,Wuschel,Lola,before,non-partner,Wuschel-Olympia,-2.5432003,-0.38617888,PaCMAP
3153,before_trills_2022-03-15_09-35-25_0000056_labelled_Wuschel_pheeseq_04_labelled_mC2.wav,Wuschel,Lola,before,non-partner,Wuschel-Olympia,-4.5269947,-0.6817882,PaCMAP
3154,before_trills_2022-03-15_09-35-25_0000056_labelled_Wuschel_pheeseq_04_labelled_mC3.wav,Wuschel,Lola,before,non-partner,Wuschel-Olympia,-10.347564,1.0228857,PaCMAP
3155,before_trills_2022-03-15_09-35-25_0000056_labelled_Wuschel_pheeseq_05_labelled_mC2.wav,Wuschel,Lola,before,non-partner,Wuschel-Olympia,10.675755,-8.859778,PaCMAP
3156,before_trills_2022-03-15_09-35-25_0000056_labelled_Wuschel_pheeseq_05_labelled_mC3.wav,Wuschel,Lola,before,non-partner,Wuschel-Olympia,-9.034394,3.6125486,PaCMAP
3157,before_trills_2022-03-15_09-35-25_0000056_labelled_Wuschel_pheeseq_06_labelled_mB1.wav,Wuschel,Lola,before,non-partner,Wuschel-Olympia,-9.130855,3.4923766,PaCMAP
3158,before_trills_2022-03-15_09-35-25_0000056_labelled_Wuschel_pheeseq_06_labelled_mB2.wav,Wuschel,Lola,before,non-partner,Wuschel-Olympia,-9.409282,2.197203,PaCMAP
3159,before_trills_2022-03-15_09-35-25_0000056_labelled_Wuschel_pheeseq_13_labelled_mB1.wav,Wuschel,Lola,before,non-partner,Wuschel-Olympia,-9.9816065,1.9196757,PaCMAP
3160,before_trills_2022-03-15_09-35-25_0000056_labelled_Wuschel_pheeseq_13_labelled_mB2.wav,Wuschel,Lola,before,non-partner,Wuschel-Olympia,-10.1004715,1.1839589,PaCMAP
3161,before_trills_2022-03-15_10-42-02_0000058_labelled_Nougatti_pheeseq_02_labelled_mB2.wav,Nougatti,Tabor,before,non-partner,Odin-Nougatti,1.1823118,-0.02731352,PaCMAP
3162,before_trills_2022-03-15_10-42-02_0000058_labelled_Nougatti_pheeseq_03_labelled_mC1.wav,Nougatti,Tabor,before,non-partner,Odin-Nougatti,4.2229815,-0.12995797,PaCMAP
3163,before_trills_2022-03-15_10-42-02_0000058_labelled_Nougatti_pheeseq_03_labelled_mC2.wav,Nougatti,Tabor,before,non-partner,Odin-Nougatti,8.091353,-3.2594213,PaCMAP
3164,before_trills_2022-03-15_10-42-02_0000058_labelled_Nougatti_pheeseq_03_labelled_mC3.wav,Nougatti,Tabor,before,non-partner,Odin-Nougatti,-8.045345,4.66113,PaCMAP
3165,before_trills_2022-03-15_10-42-02_0000058_labelled_Nougatti_pheeseq_04_labelled_mB1.wav,Nougatti,Tabor,before,non-partner,Odin-Nougatti,6.5227633,-5.670323,PaCMAP
3166,before_trills_2022-03-15_10-42-02_0000058_labelled_Nougatti_pheeseq_06_labelled_mB1.wav,Nougatti,Tabor,before,non-partner,Odin-Nougatti,3.1410706,-0.41238382,PaCMAP
3167,before_trills_2022-03-15_10-42-02_0000058_labelled_Nougatti_pheeseq_07_labelled_mB1.wav,Nougatti,Tabor,before,non-partner,Odin-Nougatti,7.1164536,-4.625247,PaCMAP
3168,before_trills_2022-03-15_10-42-02_0000058_labelled_Nougatti_pheeseq_07_labelled_mB2.wav,Nougatti,Tabor,before,non-partner,Odin-Nougatti,8.869415,-4.792837,PaCMAP
3169,before_trills_2022-03-15_10-42-02_0000058_labelled_Nougatti_pheeseq_10_labelled_mC2.wav,Nougatti,Tabor,before,non-partner,Odin-Nougatti,8.647451,-7.6893992,PaCMAP
3170,before_trills_2022-03-15_10-42-02_0000058_labelled_Nougatti_pheeseq_10_labelled_mC3.wav,Nougatti,Tabor,before,non-partner,Odin-Nougatti,-5.1549315,-1.4502276,PaCMAP
3171,before_trills_2022-03-15_10-42-02_0000058_labelled_Nougatti_pheeseq_13_labelled_mC1.wav,Nougatti,Tabor,before,non-partner,Odin-Nougatti,5.0455627,-1.0760174,PaCMAP
3172,before_trills_2022-03-15_10-42-02_0000058_labelled_Nougatti_pheeseq_13_labelled_mC2.wav,Nougatti,Tabor,before,non-partner,Odin-Nougatti,7.596235,-6.4756746,PaCMAP
3173,before_trills_2022-03-15_10-42-02_0000058_labelled_Nougatti_pheeseq_13_labelled_mC3.wav,Nougatti,Tabor,before,non-partner,Odin-Nougatti,-5.729,-1.2277832,PaCMAP
3174,before_trills_2022-03-15_10-42-02_0000058_labelled_Nougatti_pheeseq_15_labelled_mB1.wav,Nougatti,Tabor,before,non-partner,Odin-Nougatti,3.2464378,-0.23908548,PaCMAP
3175,before_trills_2022-03-15_10-42-02_0000058_labelled_Nougatti_pheeseq_15_labelled_mB2.wav,Nougatti,Tabor,before,non-partner,Odin-Nougatti,7.9298368,-5.2223525,PaCMAP
3176,before_trills_2022-03-15_10-42-02_0000058_labelled_Nougatti_pheeseq_17_labelled_mB1.wav,Nougatti,Tabor,before,non-partner,Odin-Nougatti,0.98675716,-1.3301234,PaCMAP
3177,before_trills_2022-03-15_10-42-02_0000058_labelled_Nougatti_pheeseq_17_labelled_mB2.wav,Nougatti,Tabor,before,non-partner,Odin-Nougatti,1.4274169,-1.1214386,PaCMAP
3178,before_trills_2022-03-15_10-42-02_0000058_labelled_Nougatti_pheeseq_19_labelled_mC1.wav,Nougatti,Tabor,before,non-partner,Odin-Nougatti,1.4289734,0.8999946,PaCMAP
3179,before_trills_2022-03-15_10-42-02_0000058_labelled_Nougatti_pheeseq_19_labelled_mC2.wav,Nougatti,Tabor,before,non-partner,Odin-Nougatti,8.396468,-7.6626625,PaCMAP
3180,before_trills_2022-03-15_10-42-02_0000058_labelled_Nougatti_pheeseq_19_labelled_mC3.wav,Nougatti,Tabor,before,non-partner,Odin-Nougatti,-9.249776,2.3068814,PaCMAP
3181,before_trills_2022-03-15_10-42-02_0000058_labelled_Nougatti_pheeseq_22_labelled_mB2.wav,Nougatti,Tabor,before,non-partner,Odin-Nougatti,-0.0663548,-0.8792742,PaCMAP
3182,before_trills_2022-03-15_10-42-02_0000058_labelled_Nougatti_pheeseq_48_labelled_mB2.wav,Nougatti,Tabor,before,non-partner,Odin-Nougatti,8.902677,-5.6410823,PaCMAP
3183,before_trills_2022-03-15_10-42-02_0000058_labelled_Nougatti_pheeseq_53_labelled_mB2.wav,Nougatti,Tabor,before,non-partner,Odin-Nougatti,-0.48214397,0.394431,PaCMAP
3184,before_trills_2022-03-15_10-42-02_0000058_labelled_Tabor_pheeseq_18_labelled_mC1.wav,Tabor,Nougatti,before,non-partner,Tabor-Lola,-5.1580696,-1.0506593,PaCMAP
3185,before_trills_2022-03-15_10-42-02_0000058_labelled_Tabor_pheeseq_18_labelled_mC3.wav,Tabor,Nougatti,before,non-partner,Tabor-Lola,-7.8453493,4.9298525,PaCMAP
3186,before_trills_2022-03-15_10-42-02_0000058_labelled_Tabor_pheeseq_18_labelled_mC4.wav,Tabor,Nougatti,before,non-partner,Tabor-Lola,-9.497095,1.9367064,PaCMAP
3187,before_trills_2022-03-15_10-42-02_0000058_labelled_Tabor_pheeseq_20_labelled_mC1.wav,Tabor,Nougatti,before,non-partner,Tabor-Lola,-2.287194,-1.8876754,PaCMAP
3188,before_trills_2022-03-15_10-42-02_0000058_labelled_Tabor_pheeseq_20_labelled_mC2.wav,Tabor,Nougatti,before,non-partner,Tabor-Lola,-6.202975,-1.9617765,PaCMAP
3189,before_trills_2022-03-15_10-42-02_0000058_labelled_Tabor_pheeseq_20_labelled_mC3.wav,Tabor,Nougatti,before,non-partner,Tabor-Lola,-6.800749,-1.6990489,PaCMAP
3190,before_trills_2022-03-15_10-42-02_0000058_labelled_Tabor_pheeseq_21_labelled_mC1.wav,Tabor,Nougatti,before,non-partner,Tabor-Lola,-1.613453,-1.4014214,PaCMAP
3191,before_trills_2022-03-15_10-42-02_0000058_labelled_Tabor_pheeseq_21_labelled_mC4.wav,Tabor,Nougatti,before,non-partner,Tabor-Lola,-2.6864862,-2.1938846,PaCMAP
3192,before_trills_2022-03-15_10-42-02_0000058_labelled_Tabor_pheeseq_21_labelled_mC5.wav,Tabor,Nougatti,before,non-partner,Tabor-Lola,-7.0230246,-1.7663425,PaCMAP
3193,before_trills_2022-03-15_10-42-02_0000058_labelled_Tabor_pheeseq_23_labelled_mC1.wav,Tabor,Nougatti,before,non-partner,Tabor-Lola,-1.0033767,-0.816083,PaCMAP
3194,before_trills_2022-03-15_10-42-02_0000058_labelled_Tabor_pheeseq_23_labelled_mC3.wav,Tabor,Nougatti,before,non-partner,Tabor-Lola,10.460197,-8.529113,PaCMAP
3195,before_trills_2022-03-15_10-42-02_0000058_labelled_Tabor_pheeseq_23_labelled_mC4.wav,Tabor,Nougatti,before,non-partner,Tabor-Lola,-9.40731,0.6785747,PaCMAP
3196,before_trills_2022-03-15_13-18-10_0000060_labelled_Nougatti_pheeseq_03_labelled_mB2.wav,Nougatti,Odin,before,partner,Odin-Nougatti,10.506093,-8.04299,PaCMAP
3197,before_trills_2022-03-15_13-18-10_0000060_labelled_Nougatti_pheeseq_14_labelled_mC1.wav,Nougatti,Odin,before,partner,Odin-Nougatti,7.657757,-2.873057,PaCMAP
3198,before_trills_2022-03-15_13-18-10_0000060_labelled_Nougatti_pheeseq_14_labelled_mC2.wav,Nougatti,Odin,before,partner,Odin-Nougatti,8.125486,-3.5501893,PaCMAP
3199,before_trills_2022-03-15_13-18-10_0000060_labelled_Nougatti_pheeseq_14_labelled_mC3.wav,Nougatti,Odin,before,partner,Odin-Nougatti,-8.205097,4.500039,PaCMAP
3200,before_trills_2022-03-15_13-18-10_0000060_labelled_Nougatti_pheeseq_27_labelled_mB1.wav,Nougatti,Odin,before,partner,Odin-Nougatti,5.711381,-1.4570676,PaCMAP
3201,before_trills_2022-03-15_13-18-10_0000060_labelled_Nougatti_pheeseq_27_labelled_mB2.wav,Nougatti,Odin,before,partner,Odin-Nougatti,7.7611275,-6.320034,PaCMAP
3202,before_trills_2022-03-15_13-18-10_0000060_labelled_Nougatti_pheeseq_35_labelled_mB1.wav,Nougatti,Odin,before,partner,Odin-Nougatti,7.178963,-5.2247033,PaCMAP
3203,before_trills_2022-03-15_13-18-10_0000060_labelled_Nougatti_pheeseq_40_labelled_mB1.wav,Nougatti,Odin,before,partner,Odin-Nougatti,7.05233,-4.9717503,PaCMAP
3204,before_trills_2022-03-15_13-18-10_0000060_labelled_Nougatti_pheeseq_99_labelled_mB2.wav,Nougatti,Odin,before,partner,Odin-Nougatti,10.972983,-4.510607,PaCMAP
3205,before_trills_2022-03-15_13-18-10_0000060_labelled_Odin_pheeseq_100_labelled_mB2.wav,Odin,Nougatti,before,partner,Odin-Nougatti,10.018653,-9.178471,PaCMAP
3206,before_trills_2022-03-15_13-18-10_0000060_labelled_Odin_pheeseq_11_labelled_mB1.wav,Odin,Nougatti,before,partner,Odin-Nougatti,8.479572,-6.8583107,PaCMAP
3207,before_trills_2022-03-15_13-18-10_0000060_labelled_Odin_pheeseq_11_labelled_mB2.wav,Odin,Nougatti,before,partner,Odin-Nougatti,-1.1259167,-0.71464,PaCMAP
3208,before_trills_2022-03-15_13-18-10_0000060_labelled_Odin_pheeseq_123_labelled_mB1.wav,Odin,Nougatti,before,partner,Odin-Nougatti,-5.1664276,-1.1423752,PaCMAP
3209,before_trills_2022-03-15_13-18-10_0000060_labelled_Odin_pheeseq_123_labelled_mB2.wav,Odin,Nougatti,before,partner,Odin-Nougatti,-9.558134,0.98406667,PaCMAP
3210,before_trills_2022-03-15_13-18-10_0000060_labelled_Odin_pheeseq_134_labelled_mB1.wav,Odin,Nougatti,before,partner,Odin-Nougatti,-1.1937268,-0.75187564,PaCMAP
3211,before_trills_2022-03-15_13-18-10_0000060_labelled_Odin_pheeseq_134_labelled_mB2.wav,Odin,Nougatti,before,partner,Odin-Nougatti,-4.8329606,-2.126073,PaCMAP
3212,before_trills_2022-03-15_13-18-10_0000060_labelled_Odin_pheeseq_18_labelled_mB1.wav,Odin,Nougatti,before,partner,Odin-Nougatti,-1.14497,-0.6380276,PaCMAP
3213,before_trills_2022-03-15_13-18-10_0000060_labelled_Odin_pheeseq_18_labelled_mB2.wav,Odin,Nougatti,before,partner,Odin-Nougatti,-4.771611,0.8751533,PaCMAP
3214,before_trills_2022-03-15_13-18-10_0000060_labelled_Odin_pheeseq_22_labelled_mB2.wav,Odin,Nougatti,before,partner,Odin-Nougatti,-2.6723964,-1.0994366,PaCMAP
3215,before_trills_2022-03-15_13-18-10_0000060_labelled_Odin_pheeseq_31_labelled_mB2.wav,Odin,Nougatti,before,partner,Odin-Nougatti,7.1195507,-6.550179,PaCMAP
3216,before_trills_2022-03-15_13-18-10_0000060_labelled_Odin_pheeseq_39_labelled_mB1.wav,Odin,Nougatti,before,partner,Odin-Nougatti,-6.5853243,-1.960454,PaCMAP
3217,before_trills_2022-03-15_13-18-10_0000060_labelled_Odin_pheeseq_46_labelled_mB2.wav,Odin,Nougatti,before,partner,Odin-Nougatti,-6.5296116,-1.114346,PaCMAP
3218,before_trills_2022-03-15_14-09-36_0000061_labelled_Olympia_pheeseq_07_labelled_mB2.wav,Olympia,Tabor,before,non-partner,Wuschel-Olympia,9.670862,-8.402227,PaCMAP
3219,before_trills_2022-03-15_14-09-36_0000061_labelled_Tabor_pheeseq_15_labelled_mC1.wav,Tabor,Olympia,before,non-partner,Tabor-Lola,-2.8547568,-2.3542645,PaCMAP
3220,before_trills_2022-03-15_14-09-36_0000061_labelled_Tabor_pheeseq_15_labelled_mC2.wav,Tabor,Olympia,before,non-partner,Tabor-Lola,-4.450706,-2.270698,PaCMAP
3221,before_trills_2022-03-15_14-09-36_0000061_labelled_Tabor_pheeseq_15_labelled_mC3.wav,Tabor,Olympia,before,non-partner,Tabor-Lola,-6.81566,-1.8715018,PaCMAP
3222,before_trills_2022-03-15_14-09-36_0000061_labelled_Tabor_pheeseq_16_labelled_mC1.wav,Tabor,Olympia,before,non-partner,Tabor-Lola,-4.08228,-2.2759225,PaCMAP
3223,before_trills_2022-03-15_14-09-36_0000061_labelled_Tabor_pheeseq_16_labelled_mC2.wav,Tabor,Olympia,before,non-partner,Tabor-Lola,-4.1284776,-1.1844894,PaCMAP
3224,before_trills_2022-03-15_14-09-36_0000061_labelled_Tabor_pheeseq_16_labelled_mC3.wav,Tabor,Olympia,before,non-partner,Tabor-Lola,-9.154265,2.888612,PaCMAP
3225,before_trills_2022-03-16_09-27-47_0000063_labelled_Nougatti_pheeseq_02_labelled_mC1.wav,Nougatti,Wuschel,before,non-partner,Odin-Nougatti,2.5056772,4.2642736,PaCMAP
3226,before_trills_2022-03-16_09-27-47_0000063_labelled_Nougatti_pheeseq_02_labelled_mC2.wav,Nougatti,Wuschel,before,non-partner,Odin-Nougatti,7.1689425,-6.4390407,PaCMAP
3227,before_trills_2022-03-16_09-27-47_0000063_labelled_Nougatti_pheeseq_02_labelled_mC3.wav,Nougatti,Wuschel,before,non-partner,Odin-Nougatti,-9.43909,2.0986636,PaCMAP
3228,before_trills_2022-03-16_09-27-47_0000063_labelled_Nougatti_pheeseq_03_labelled_mC2.wav,Nougatti,Wuschel,before,non-partner,Odin-Nougatti,8.3985,-7.750287,PaCMAP
3229,before_trills_2022-03-16_09-27-47_0000063_labelled_Nougatti_pheeseq_03_labelled_mC3.wav,Nougatti,Wuschel,before,non-partner,Odin-Nougatti,-9.721003,1.8306441,PaCMAP
3230,before_trills_2022-03-16_09-27-47_0000063_labelled_Nougatti_pheeseq_04_labelled_mC1.wav,Nougatti,Wuschel,before,non-partner,Odin-Nougatti,3.2577906,1.0902106,PaCMAP
3231,before_trills_2022-03-16_09-27-47_0000063_labelled_Nougatti_pheeseq_04_labelled_mC3.wav,Nougatti,Wuschel,before,non-partner,Odin-Nougatti,7.4873166,-6.164943,PaCMAP
3232,before_trills_2022-03-16_09-27-47_0000063_labelled_Nougatti_pheeseq_04_labelled_mC4.wav,Nougatti,Wuschel,before,non-partner,Odin-Nougatti,-10.555354,1.6980734,PaCMAP
3233,before_trills_2022-03-16_09-27-47_0000063_labelled_Nougatti_pheeseq_05_labelled_mC1.wav,Nougatti,Wuschel,before,non-partner,Odin-Nougatti,4.4755845,-0.5862519,PaCMAP
3234,before_trills_2022-03-16_09-27-47_0000063_labelled_Nougatti_pheeseq_05_labelled_mC2.wav,Nougatti,Wuschel,before,non-partner,Odin-Nougatti,8.134119,-3.2152276,PaCMAP
3235,before_trills_2022-03-16_09-27-47_0000063_labelled_Nougatti_pheeseq_06_labelled_mB1.wav,Nougatti,Wuschel,before,non-partner,Odin-Nougatti,6.338859,-1.9218038,PaCMAP
3236,before_trills_2022-03-16_09-27-47_0000063_labelled_Nougatti_pheeseq_06_labelled_mB2.wav,Nougatti,Wuschel,before,non-partner,Odin-Nougatti,8.977385,-4.5857835,PaCMAP
3237,before_trills_2022-03-16_09-27-47_0000063_labelled_Nougatti_pheeseq_07_labelled_mB1.wav,Nougatti,Wuschel,before,non-partner,Odin-Nougatti,6.4048004,-6.24508,PaCMAP
3238,before_trills_2022-03-16_09-27-47_0000063_labelled_Nougatti_pheeseq_07_labelled_mB2.wav,Nougatti,Wuschel,before,non-partner,Odin-Nougatti,-4.1147823,-1.1831506,PaCMAP
3239,before_trills_2022-03-16_09-27-47_0000063_labelled_Nougatti_pheeseq_08_labelled_mC1.wav,Nougatti,Wuschel,before,non-partner,Odin-Nougatti,3.5817382,-0.4148421,PaCMAP
3240,before_trills_2022-03-16_09-27-47_0000063_labelled_Nougatti_pheeseq_08_labelled_mC2.wav,Nougatti,Wuschel,before,non-partner,Odin-Nougatti,8.861354,-4.727334,PaCMAP
3241,before_trills_2022-03-16_09-27-47_0000063_labelled_Nougatti_pheeseq_08_labelled_mC3.wav,Nougatti,Wuschel,before,non-partner,Odin-Nougatti,-8.133434,4.879737,PaCMAP
3242,before_trills_2022-03-16_09-27-47_0000063_labelled_Nougatti_pheeseq_09_labelled_mB1.wav,Nougatti,Wuschel,before,non-partner,Odin-Nougatti,1.0774502,1.3878139,PaCMAP
3243,before_trills_2022-03-16_09-27-47_0000063_labelled_Nougatti_pheeseq_09_labelled_mB2.wav,Nougatti,Wuschel,before,non-partner,Odin-Nougatti,8.249312,-7.937738,PaCMAP
3244,before_trills_2022-03-16_09-27-47_0000063_labelled_Nougatti_pheeseq_10_labelled_mC1.wav,Nougatti,Wuschel,before,non-partner,Odin-Nougatti,3.339687,-0.23660539,PaCMAP
3245,before_trills_2022-03-16_09-27-47_0000063_labelled_Nougatti_pheeseq_10_labelled_mC2.wav,Nougatti,Wuschel,before,non-partner,Odin-Nougatti,7.282246,-4.873702,PaCMAP
3246,before_trills_2022-03-16_09-27-47_0000063_labelled_Nougatti_pheeseq_10_labelled_mC3.wav,Nougatti,Wuschel,before,non-partner,Odin-Nougatti,-7.4455643,5.195837,PaCMAP
3247,before_trills_2022-03-16_09-27-47_0000063_labelled_Nougatti_pheeseq_11_labelled_mC1.wav,Nougatti,Wuschel,before,non-partner,Odin-Nougatti,6.6583347,-5.5359626,PaCMAP
3248,before_trills_2022-03-16_09-27-47_0000063_labelled_Nougatti_pheeseq_11_labelled_mC2.wav,Nougatti,Wuschel,before,non-partner,Odin-Nougatti,0.684834,-0.27556756,PaCMAP
3249,before_trills_2022-03-16_09-27-47_0000063_labelled_Nougatti_pheeseq_11_labelled_mC3.wav,Nougatti,Wuschel,before,non-partner,Odin-Nougatti,-7.9470954,4.6093645,PaCMAP
3250,before_trills_2022-03-16_09-27-47_0000063_labelled_Nougatti_pheeseq_32_labelled_mB2.wav,Nougatti,Wuschel,before,non-partner,Odin-Nougatti,8.308917,-6.4085064,PaCMAP
3251,before_trills_2022-03-16_09-27-47_0000063_labelled_Nougatti_pheeseq_35_labelled_mB1.wav,Nougatti,Wuschel,before,non-partner,Odin-Nougatti,1.5595716,0.52660656,PaCMAP
3252,before_trills_2022-03-16_09-27-47_0000063_labelled_Nougatti_pheeseq_35_labelled_mB2.wav,Nougatti,Wuschel,before,non-partner,Odin-Nougatti,9.21164,-6.9300256,PaCMAP
3253,before_trills_2022-03-16_09-27-47_0000063_labelled_Nougatti_pheeseq_39_labelled_mB1.wav,Nougatti,Wuschel,before,non-partner,Odin-Nougatti,3.1092863,3.6717372,PaCMAP
3254,before_trills_2022-03-16_09-27-47_0000063_labelled_Nougatti_pheeseq_39_labelled_mB2.wav,Nougatti,Wuschel,before,non-partner,Odin-Nougatti,8.149363,-2.7093172,PaCMAP
3255,before_trills_2022-03-16_13-53-06_0000067_labelled_Odin_pheeseq_03_labelled_mB1.wav,Odin,Olympia,before,non-partner,Odin-Nougatti,-6.484684,5.728972,PaCMAP
3256,before_trills_2022-03-16_13-53-06_0000067_labelled_Odin_pheeseq_03_labelled_mB4.wav,Odin,Olympia,before,non-partner,Odin-Nougatti,-7.3344283,4.980928,PaCMAP
3257,before_trills_2022-03-16_14-28-55_0000068_labelled_Lola_pheeseq_126_labelled_mB2.wav,Lola,Tabor,before,partner,Tabor-Lola,10.461549,-8.9081135,PaCMAP
3258,before_trills_2022-03-16_14-28-55_0000068_labelled_Lola_pheeseq_48_labelled_mB2.wav,Lola,Tabor,before,partner,Tabor-Lola,-5.5225177,-1.1892686,PaCMAP
3259,before_trills_2022-03-16_14-28-55_0000068_labelled_Lola_pheeseq_71_labelled_mB2.wav,Lola,Tabor,before,partner,Tabor-Lola,9.26531,-8.099802,PaCMAP
3260,before_trills_2022-03-16_14-28-55_0000068_labelled_Lola_pheeseq_89_labelled_mB2.wav,Lola,Tabor,before,partner,Tabor-Lola,-10.209809,1.158623,PaCMAP
3261,before_trills_2022-03-17_09-51-17_0000070_labelled_Olympia_pheeseq_07_labelled_mB2.wav,Olympia,Wuschel,before,partner,Wuschel-Olympia,-9.824983,0.27131,PaCMAP
3262,before_trills_2022-03-17_09-51-17_0000070_labelled_Olympia_pheeseq_19_labelled_mB2.wav,Olympia,Wuschel,before,partner,Wuschel-Olympia,-9.714411,0.098214716,PaCMAP
3263,before_trills_2022-03-17_09-51-17_0000070_labelled_Wuschel_pheeseq_03_labelled_mB1.wav,Wuschel,Olympia,before,partner,Wuschel-Olympia,-9.258463,3.7258918,PaCMAP
3264,before_trills_2022-03-17_09-51-17_0000070_labelled_Wuschel_pheeseq_03_labelled_mB2.wav,Wuschel,Olympia,before,partner,Wuschel-Olympia,-9.449805,2.5578458,PaCMAP
3265,before_trills_2022-03-17_09-57-25_0000071_labelled_Olympia_pheeseq_04_labelled_mB1.wav,Olympia,Wuschel,before,partner,Wuschel-Olympia,-8.269844,4.3850455,PaCMAP
3266,before_trills_2022-03-17_09-57-25_0000071_labelled_Olympia_pheeseq_04_labelled_mB2.wav,Olympia,Wuschel,before,partner,Wuschel-Olympia,-10.055452,4.303911,PaCMAP
3267,before_trills_2022-03-17_13-35-30_0000074_labelled_Tabor_pheeseq_04_labelled_mC1.wav,Tabor,Olympia,before,non-partner,Tabor-Lola,-0.4421953,-1.5312977,PaCMAP
3268,before_trills_2022-03-17_13-35-30_0000074_labelled_Tabor_pheeseq_04_labelled_mC2.wav,Tabor,Olympia,before,non-partner,Tabor-Lola,10.744118,-6.410033,PaCMAP
3269,before_trills_2022-03-17_13-35-30_0000074_labelled_Tabor_pheeseq_04_labelled_mC3.wav,Tabor,Olympia,before,non-partner,Tabor-Lola,-4.622787,-2.1990967,PaCMAP
3270,before_trills_2022-03-17_13-35-30_0000074_labelled_Tabor_pheeseq_05_labelled_mC1.wav,Tabor,Olympia,before,non-partner,Tabor-Lola,0.7862142,-1.3962859,PaCMAP
3271,before_trills_2022-03-17_13-35-30_0000074_labelled_Tabor_pheeseq_05_labelled_mC2.wav,Tabor,Olympia,before,non-partner,Tabor-Lola,9.775673,-6.76763,PaCMAP
3272,before_trills_2022-03-17_13-35-30_0000074_labelled_Tabor_pheeseq_05_labelled_mC3.wav,Tabor,Olympia,before,non-partner,Tabor-Lola,-4.3651147,-2.3549106,PaCMAP
3273,before_trills_2022-03-17_13-35-30_0000074_labelled_Tabor_pheeseq_06_labelled_mD1.wav,Tabor,Olympia,before,non-partner,Tabor-Lola,-7.221794,5.1167183,PaCMAP
3274,before_trills_2022-03-17_13-35-30_0000074_labelled_Tabor_pheeseq_06_labelled_mD2.wav,Tabor,Olympia,before,non-partner,Tabor-Lola,9.956899,-5.371527,PaCMAP
3275,before_trills_2022-03-17_13-35-30_0000074_labelled_Tabor_pheeseq_06_labelled_mD3.wav,Tabor,Olympia,before,non-partner,Tabor-Lola,-2.174596,-2.192436,PaCMAP
3276,before_trills_2022-03-17_13-35-30_0000074_labelled_Tabor_pheeseq_06_labelled_mD4.wav,Tabor,Olympia,before,non-partner,Tabor-Lola,-6.9704266,-1.8921779,PaCMAP
3277,before_trills_2022-03-17_14-11-20_0000076_labelled_Odin_pheeseq_105_labelled_mB2.wav,Odin,Lola,before,non-partner,Odin-Nougatti,-10.84795,2.7028103,PaCMAP
3278,before_trills_2022-03-17_14-11-20_0000076_labelled_Odin_pheeseq_22_labelled_mB2.wav,Odin,Lola,before,non-partner,Odin-Nougatti,8.062271,-7.6384444,PaCMAP
3279,before_trills_2022-03-17_14-11-20_0000076_labelled_Odin_pheeseq_93_labelled_mB2.wav,Odin,Lola,before,non-partner,Odin-Nougatti,-7.3893156,5.058461,PaCMAP
3280,before_trills_2022-03-18_09-14-46_0000079_labelled_Olympia_pheeseq_02_labelled_mB1.wav,Olympia,Wuschel,before,partner,Wuschel-Olympia,9.391754,-9.265426,PaCMAP
3281,before_trills_2022-03-18_09-14-46_0000079_labelled_Olympia_pheeseq_02_labelled_mB2.wav,Olympia,Wuschel,before,partner,Wuschel-Olympia,-6.5654984,-0.7395814,PaCMAP
3282,before_trills_2022-03-18_09-14-46_0000079_labelled_Olympia_pheeseq_04_labelled_mB2.wav,Olympia,Wuschel,before,partner,Wuschel-Olympia,-9.516776,2.052011,PaCMAP
3283,before_trills_2022-03-18_09-14-46_0000079_labelled_Wuschel_pheeseq_03_labelled_mB1.wav,Wuschel,Olympia,before,partner,Wuschel-Olympia,-15.554666,3.4150712,PaCMAP
3284,before_trills_2022-03-18_09-14-46_0000079_labelled_Wuschel_pheeseq_03_labelled_mB2.wav,Wuschel,Olympia,before,partner,Wuschel-Olympia,-11.931592,1.22489,PaCMAP
3285,before_trills_2022-03-18_09-47-49_0000083_labelled_Tabor_pheeseq_07_labelled_mC1.wav,Tabor,Lola,before,partner,Tabor-Lola,-7.1203513,5.309128,PaCMAP
3286,before_trills_2022-03-18_09-47-49_0000083_labelled_Tabor_pheeseq_07_labelled_mC2.wav,Tabor,Lola,before,partner,Tabor-Lola,-6.640803,-1.151418,PaCMAP
3287,before_trills_2022-03-18_09-47-49_0000083_labelled_Tabor_pheeseq_07_labelled_mC3.wav,Tabor,Lola,before,partner,Tabor-Lola,-9.341955,0.30110303,PaCMAP
3288,before_trills_2022-03-18_10-23-10_0000086_labelled_Nougatti_pheeseq_06_labelled_mC1.wav,Nougatti,Odin,before,partner,Odin-Nougatti,4.279117,-0.37703326,PaCMAP
3289,before_trills_2022-03-18_10-23-10_0000086_labelled_Nougatti_pheeseq_06_labelled_mC2.wav,Nougatti,Odin,before,partner,Odin-Nougatti,8.751758,-4.943785,PaCMAP
3290,before_trills_2022-03-18_10-23-10_0000086_labelled_Nougatti_pheeseq_111_labelled_mB1.wav,Nougatti,Odin,before,partner,Odin-Nougatti,2.3433595,-0.75565886,PaCMAP
3291,before_trills_2022-03-18_10-23-10_0000086_labelled_Nougatti_pheeseq_111_labelled_mB2.wav,Nougatti,Odin,before,partner,Odin-Nougatti,10.15727,-7.973066,PaCMAP
3292,before_trills_2022-03-18_10-23-10_0000086_labelled_Nougatti_pheeseq_119_labelled_mB2.wav,Nougatti,Odin,before,partner,Odin-Nougatti,8.31292,-6.7639856,PaCMAP
3293,before_trills_2022-03-18_10-23-10_0000086_labelled_Nougatti_pheeseq_128_labelled_mC1.wav,Nougatti,Odin,before,partner,Odin-Nougatti,5.313915,-1.0930556,PaCMAP
3294,before_trills_2022-03-18_10-23-10_0000086_labelled_Nougatti_pheeseq_128_labelled_mC2.wav,Nougatti,Odin,before,partner,Odin-Nougatti,7.7459526,-2.5088978,PaCMAP
3295,before_trills_2022-03-18_10-23-10_0000086_labelled_Nougatti_pheeseq_128_labelled_mC3.wav,Nougatti,Odin,before,partner,Odin-Nougatti,-2.580509,-1.0031937,PaCMAP
3296,before_trills_2022-03-18_10-23-10_0000086_labelled_Nougatti_pheeseq_131_labelled_mB2.wav,Nougatti,Odin,before,partner,Odin-Nougatti,7.6115212,-4.8371286,PaCMAP
3297,before_trills_2022-03-18_10-23-10_0000086_labelled_Nougatti_pheeseq_149_labelled_mB2.wav,Nougatti,Odin,before,partner,Odin-Nougatti,9.692689,-8.375653,PaCMAP
3298,before_trills_2022-03-18_10-23-10_0000086_labelled_Nougatti_pheeseq_16_labelled_mB1.wav,Nougatti,Odin,before,partner,Odin-Nougatti,2.1687584,0.62700224,PaCMAP
3299,before_trills_2022-03-18_10-23-10_0000086_labelled_Nougatti_pheeseq_16_labelled_mB2.wav,Nougatti,Odin,before,partner,Odin-Nougatti,-3.911984,-0.84364086,PaCMAP
3300,before_trills_2022-03-18_10-23-10_0000086_labelled_Nougatti_pheeseq_24_labelled_mB1.wav,Nougatti,Odin,before,partner,Odin-Nougatti,7.022131,-4.469687,PaCMAP
3301,before_trills_2022-03-18_10-23-10_0000086_labelled_Nougatti_pheeseq_24_labelled_mB2.wav,Nougatti,Odin,before,partner,Odin-Nougatti,10.230213,-5.980473,PaCMAP
3302,before_trills_2022-03-18_10-23-10_0000086_labelled_Nougatti_pheeseq_28_labelled_mC1.wav,Nougatti,Odin,before,partner,Odin-Nougatti,4.7193894,-0.6818387,PaCMAP
3303,before_trills_2022-03-18_10-23-10_0000086_labelled_Nougatti_pheeseq_28_labelled_mC2.wav,Nougatti,Odin,before,partner,Odin-Nougatti,8.655059,-4.3346477,PaCMAP
3304,before_trills_2022-03-18_10-23-10_0000086_labelled_Nougatti_pheeseq_28_labelled_mC3.wav,Nougatti,Odin,before,partner,Odin-Nougatti,-9.917053,0.5612467,PaCMAP
3305,before_trills_2022-03-18_10-23-10_0000086_labelled_Nougatti_pheeseq_33_labelled_mB1.wav,Nougatti,Odin,before,partner,Odin-Nougatti,4.3853507,-0.29445606,PaCMAP
3306,before_trills_2022-03-18_10-23-10_0000086_labelled_Nougatti_pheeseq_33_labelled_mB2.wav,Nougatti,Odin,before,partner,Odin-Nougatti,8.867594,-4.660974,PaCMAP
3307,before_trills_2022-03-18_10-23-10_0000086_labelled_Nougatti_pheeseq_34_labelled_mB2.wav,Nougatti,Odin,before,partner,Odin-Nougatti,-8.055945,4.3621635,PaCMAP
3308,before_trills_2022-03-18_10-23-10_0000086_labelled_Nougatti_pheeseq_40_labelled_mC1.wav,Nougatti,Odin,before,partner,Odin-Nougatti,5.438875,-1.4069797,PaCMAP
3309,before_trills_2022-03-18_10-23-10_0000086_labelled_Nougatti_pheeseq_40_labelled_mC2.wav,Nougatti,Odin,before,partner,Odin-Nougatti,8.323261,-3.525182,PaCMAP
3310,before_trills_2022-03-18_10-23-10_0000086_labelled_Nougatti_pheeseq_40_labelled_mC3.wav,Nougatti,Odin,before,partner,Odin-Nougatti,-10.410235,1.405317,PaCMAP
3311,before_trills_2022-03-18_10-23-10_0000086_labelled_Nougatti_pheeseq_43_labelled_mC1.wav,Nougatti,Odin,before,partner,Odin-Nougatti,4.5440736,-0.5477133,PaCMAP
3312,before_trills_2022-03-18_10-23-10_0000086_labelled_Nougatti_pheeseq_43_labelled_mC3.wav,Nougatti,Odin,before,partner,Odin-Nougatti,-10.285015,0.7815445,PaCMAP
3313,before_trills_2022-03-18_10-23-10_0000086_labelled_Nougatti_pheeseq_47_labelled_mB1.wav,Nougatti,Odin,before,partner,Odin-Nougatti,4.2043886,-0.52044797,PaCMAP
3314,before_trills_2022-03-18_10-23-10_0000086_labelled_Nougatti_pheeseq_56_labelled_mC1.wav,Nougatti,Odin,before,partner,Odin-Nougatti,4.1763997,-0.47426268,PaCMAP
3315,before_trills_2022-03-18_10-23-10_0000086_labelled_Nougatti_pheeseq_56_labelled_mC2.wav,Nougatti,Odin,before,partner,Odin-Nougatti,7.0983257,-4.170702,PaCMAP
3316,before_trills_2022-03-18_10-23-10_0000086_labelled_Nougatti_pheeseq_61_labelled_mC1.wav,Nougatti,Odin,before,partner,Odin-Nougatti,7.219013,-3.7171855,PaCMAP
3317,before_trills_2022-03-18_10-23-10_0000086_labelled_Nougatti_pheeseq_61_labelled_mC3.wav,Nougatti,Odin,before,partner,Odin-Nougatti,9.254836,-8.323497,PaCMAP
3318,before_trills_2022-03-18_10-23-10_0000086_labelled_Nougatti_pheeseq_64_labelled_mC1.wav,Nougatti,Odin,before,partner,Odin-Nougatti,3.6617584,-0.056731023,PaCMAP
3319,before_trills_2022-03-18_10-23-10_0000086_labelled_Nougatti_pheeseq_64_labelled_mC2.wav,Nougatti,Odin,before,partner,Odin-Nougatti,8.711336,-4.6293263,PaCMAP
3320,before_trills_2022-03-18_10-23-10_0000086_labelled_Nougatti_pheeseq_64_labelled_mC3.wav,Nougatti,Odin,before,partner,Odin-Nougatti,-5.700826,-1.2663959,PaCMAP
3321,before_trills_2022-03-18_10-23-10_0000086_labelled_Nougatti_pheeseq_68_labelled_mB1.wav,Nougatti,Odin,before,partner,Odin-Nougatti,4.8503904,-0.67882216,PaCMAP
3322,before_trills_2022-03-18_10-23-10_0000086_labelled_Nougatti_pheeseq_72_labelled_mC1.wav,Nougatti,Odin,before,partner,Odin-Nougatti,4.7700896,-0.6714204,PaCMAP
3323,before_trills_2022-03-18_10-23-10_0000086_labelled_Nougatti_pheeseq_72_labelled_mC2.wav,Nougatti,Odin,before,partner,Odin-Nougatti,8.206639,-6.473849,PaCMAP
3324,before_trills_2022-03-18_10-23-10_0000086_labelled_Nougatti_pheeseq_72_labelled_mC3.wav,Nougatti,Odin,before,partner,Odin-Nougatti,-10.12798,0.7911339,PaCMAP
3325,before_trills_2022-03-18_10-23-10_0000086_labelled_Nougatti_pheeseq_73_labelled_mC2.wav,Nougatti,Odin,before,partner,Odin-Nougatti,7.745443,-6.620595,PaCMAP
3326,before_trills_2022-03-18_10-23-10_0000086_labelled_Nougatti_pheeseq_73_labelled_mC3.wav,Nougatti,Odin,before,partner,Odin-Nougatti,-7.9177575,4.569615,PaCMAP
3327,before_trills_2022-03-18_10-23-10_0000086_labelled_Odin_pheeseq_109_labelled_mC1.wav,Odin,Nougatti,before,partner,Odin-Nougatti,-1.8728184,-1.2687615,PaCMAP
3328,before_trills_2022-03-18_10-23-10_0000086_labelled_Odin_pheeseq_109_labelled_mC2.wav,Odin,Nougatti,before,partner,Odin-Nougatti,-2.8659327,0.97694826,PaCMAP
3329,before_trills_2022-03-18_10-23-10_0000086_labelled_Odin_pheeseq_109_labelled_mC3.wav,Odin,Nougatti,before,partner,Odin-Nougatti,-10.3326645,1.501195,PaCMAP
3330,before_trills_2022-03-18_10-23-10_0000086_labelled_Odin_pheeseq_137_labelled_mB1.wav,Odin,Nougatti,before,partner,Odin-Nougatti,-2.183457,-0.104058504,PaCMAP
3331,before_trills_2022-03-18_10-23-10_0000086_labelled_Odin_pheeseq_137_labelled_mB2.wav,Odin,Nougatti,before,partner,Odin-Nougatti,-5.953175,-1.2225485,PaCMAP
3332,before_trills_2022-03-18_10-23-10_0000086_labelled_Odin_pheeseq_15_labelled_mB2.wav,Odin,Nougatti,before,partner,Odin-Nougatti,-2.461717,-0.41801438,PaCMAP
3333,before_trills_2022-03-18_10-23-10_0000086_labelled_Odin_pheeseq_31_labelled_mB1.wav,Odin,Nougatti,before,partner,Odin-Nougatti,-9.208299,2.4067707,PaCMAP
3334,before_trills_2022-03-18_10-23-10_0000086_labelled_Odin_pheeseq_39_labelled_mB2.wav,Odin,Nougatti,before,partner,Odin-Nougatti,-4.1233096,-0.9705048,PaCMAP
3335,before_trills_2022-03-18_10-23-10_0000086_labelled_Odin_pheeseq_42_labelled_mB1.wav,Odin,Nougatti,before,partner,Odin-Nougatti,-2.0638983,-1.0613505,PaCMAP
3336,before_trills_2022-03-18_10-23-10_0000086_labelled_Odin_pheeseq_42_labelled_mB2.wav,Odin,Nougatti,before,partner,Odin-Nougatti,-6.5850177,-1.831379,PaCMAP
3337,before_trills_2022-03-18_10-23-10_0000086_labelled_Odin_pheeseq_63_labelled_mB1.wav,Odin,Nougatti,before,partner,Odin-Nougatti,-6.912906,5.3501253,PaCMAP
3338,before_trills_2022-03-18_10-23-10_0000086_labelled_Odin_pheeseq_63_labelled_mB2.wav,Odin,Nougatti,before,partner,Odin-Nougatti,9.62623,-7.9642777,PaCMAP
3339,before_trills_2022-03-21_09-28-00_0000092_labelled_Nougatti_pheeseq_02_labelled_mC2.wav,Nougatti,Tabor,before,non-partner,Odin-Nougatti,-1.1788728,-0.3722434,PaCMAP
3340,before_trills_2022-03-21_09-28-00_0000092_labelled_Nougatti_pheeseq_02_labelled_mC3.wav,Nougatti,Tabor,before,non-partner,Odin-Nougatti,-2.5576415,-1.2991605,PaCMAP
3341,before_trills_2022-03-21_09-28-00_0000092_labelled_Nougatti_pheeseq_04_labelled_mB1.wav,Nougatti,Tabor,before,non-partner,Odin-Nougatti,6.777163,-4.3086753,PaCMAP
3342,before_trills_2022-03-21_09-28-00_0000092_labelled_Nougatti_pheeseq_04_labelled_mB2.wav,Nougatti,Tabor,before,non-partner,Odin-Nougatti,7.5593452,-5.852679,PaCMAP
3343,before_trills_2022-03-21_09-28-00_0000092_labelled_Nougatti_pheeseq_05_labelled_mC1.wav,Nougatti,Tabor,before,non-partner,Odin-Nougatti,0.5915566,-0.29577225,PaCMAP
3344,before_trills_2022-03-21_09-28-00_0000092_labelled_Nougatti_pheeseq_05_labelled_mC2.wav,Nougatti,Tabor,before,non-partner,Odin-Nougatti,8.9168415,-5.1452675,PaCMAP
3345,before_trills_2022-03-21_09-28-00_0000092_labelled_Nougatti_pheeseq_05_labelled_mC3.wav,Nougatti,Tabor,before,non-partner,Odin-Nougatti,-2.7423754,-0.8131364,PaCMAP
3346,before_trills_2022-03-21_09-28-00_0000092_labelled_Nougatti_pheeseq_07_labelled_mB1.wav,Nougatti,Tabor,before,non-partner,Odin-Nougatti,3.3678555,-0.45274046,PaCMAP
3347,before_trills_2022-03-21_09-28-00_0000092_labelled_Nougatti_pheeseq_07_labelled_mB2.wav,Nougatti,Tabor,before,non-partner,Odin-Nougatti,9.025972,-4.9483566,PaCMAP
3348,before_trills_2022-03-21_09-28-00_0000092_labelled_Nougatti_pheeseq_08_labelled_mB1.wav,Nougatti,Tabor,before,non-partner,Odin-Nougatti,4.482633,-0.514273,PaCMAP
3349,before_trills_2022-03-21_09-28-00_0000092_labelled_Nougatti_pheeseq_08_labelled_mB2.wav,Nougatti,Tabor,before,non-partner,Odin-Nougatti,7.2491255,-4.044172,PaCMAP
3350,before_trills_2022-03-21_09-28-00_0000092_labelled_Nougatti_pheeseq_10_labelled_mB1.wav,Nougatti,Tabor,before,non-partner,Odin-Nougatti,3.4092314,-0.3840245,PaCMAP
3351,before_trills_2022-03-21_09-28-00_0000092_labelled_Nougatti_pheeseq_11_labelled_mB1.wav,Nougatti,Tabor,before,non-partner,Odin-Nougatti,3.3623452,-0.37595287,PaCMAP
3352,before_trills_2022-03-21_09-28-00_0000092_labelled_Nougatti_pheeseq_12_labelled_mC1.wav,Nougatti,Tabor,before,non-partner,Odin-Nougatti,4.2784905,-0.49407378,PaCMAP
3353,before_trills_2022-03-21_09-28-00_0000092_labelled_Nougatti_pheeseq_12_labelled_mC2.wav,Nougatti,Tabor,before,non-partner,Odin-Nougatti,8.687641,-3.834409,PaCMAP
3354,before_trills_2022-03-21_09-28-00_0000092_labelled_Nougatti_pheeseq_12_labelled_mC3.wav,Nougatti,Tabor,before,non-partner,Odin-Nougatti,9.637115,-8.192556,PaCMAP
3355,before_trills_2022-03-21_09-28-00_0000092_labelled_Nougatti_pheeseq_13_labelled_mC2.wav,Nougatti,Tabor,before,non-partner,Odin-Nougatti,9.428663,-5.451101,PaCMAP
3356,before_trills_2022-03-21_09-28-00_0000092_labelled_Nougatti_pheeseq_13_labelled_mC3.wav,Nougatti,Tabor,before,non-partner,Odin-Nougatti,-4.723161,-0.66811794,PaCMAP
3357,before_trills_2022-03-21_09-28-00_0000092_labelled_Nougatti_pheeseq_15_labelled_mB1.wav,Nougatti,Tabor,before,non-partner,Odin-Nougatti,-0.30557004,-1.8655214,PaCMAP
3358,before_trills_2022-03-21_09-28-00_0000092_labelled_Nougatti_pheeseq_15_labelled_mB2.wav,Nougatti,Tabor,before,non-partner,Odin-Nougatti,9.199278,-4.3995795,PaCMAP
3359,before_trills_2022-03-21_09-28-00_0000092_labelled_Tabor_pheeseq_09_labelled_mB1.wav,Tabor,Nougatti,before,non-partner,Tabor-Lola,-9.754902,3.7172813,PaCMAP
3360,before_trills_2022-03-21_09-28-00_0000092_labelled_Tabor_pheeseq_20_labelled_mB1.wav,Tabor,Nougatti,before,non-partner,Tabor-Lola,-9.534759,3.7045617,PaCMAP
3361,before_trills_2022-03-21_09-28-00_0000092_labelled_Tabor_pheeseq_20_labelled_mB2.wav,Tabor,Nougatti,before,non-partner,Tabor-Lola,-8.434702,4.0180874,PaCMAP
3362,before_trills_2022-03-21_10-06-37_0000094_labelled_Odin_pheeseq_02_labelled_mB2.wav,Odin,Lola,before,non-partner,Odin-Nougatti,8.010803,-6.6457214,PaCMAP
3363,before_trills_2022-03-21_10-06-37_0000094_labelled_Odin_pheeseq_08_labelled_mB1.wav,Odin,Lola,before,non-partner,Odin-Nougatti,9.8331175,-5.444438,PaCMAP
3364,before_trills_2022-03-21_10-06-37_0000094_labelled_Odin_pheeseq_08_labelled_mB2.wav,Odin,Lola,before,non-partner,Odin-Nougatti,10.388476,-6.594658,PaCMAP
3365,before_trills_2022-03-21_10-06-37_0000094_labelled_Odin_pheeseq_16_labelled_mC2.wav,Odin,Lola,before,non-partner,Odin-Nougatti,8.154022,-6.152923,PaCMAP
3366,before_trills_2022-03-21_10-06-37_0000094_labelled_Odin_pheeseq_16_labelled_mC3.wav,Odin,Lola,before,non-partner,Odin-Nougatti,-9.955535,2.9176013,PaCMAP
3367,before_trills_2022-03-21_10-06-37_0000094_labelled_Odin_pheeseq_73_labelled_mC2.wav,Odin,Lola,before,non-partner,Odin-Nougatti,-1.1034665,-0.75778276,PaCMAP
3368,before_trills_2022-03-21_10-06-37_0000094_labelled_Odin_pheeseq_73_labelled_mC3.wav,Odin,Lola,before,non-partner,Odin-Nougatti,-9.913876,0.79733825,PaCMAP
3369,before_trills_2022-03-21_13-15-59_0000096_labelled_Nougatti_pheeseq_03_labelled_mC2.wav,Nougatti,Wuschel,before,non-partner,Odin-Nougatti,8.5707,-4.702517,PaCMAP
3370,before_trills_2022-03-21_13-15-59_0000096_labelled_Nougatti_pheeseq_03_labelled_mC3.wav,Nougatti,Wuschel,before,non-partner,Odin-Nougatti,-10.338883,0.73423415,PaCMAP
3371,before_trills_2022-03-21_13-15-59_0000096_labelled_Nougatti_pheeseq_06_labelled_mC1.wav,Nougatti,Wuschel,before,non-partner,Odin-Nougatti,4.295185,-0.2531388,PaCMAP
3372,before_trills_2022-03-21_13-15-59_0000096_labelled_Nougatti_pheeseq_06_labelled_mC2.wav,Nougatti,Wuschel,before,non-partner,Odin-Nougatti,8.078292,-3.1435711,PaCMAP
3373,before_trills_2022-03-21_13-15-59_0000096_labelled_Nougatti_pheeseq_06_labelled_mC3.wav,Nougatti,Wuschel,before,non-partner,Odin-Nougatti,10.556151,-8.901007,PaCMAP
3374,before_trills_2022-03-21_13-15-59_0000096_labelled_Nougatti_pheeseq_09_labelled_mC1.wav,Nougatti,Wuschel,before,non-partner,Odin-Nougatti,7.043112,-2.4096518,PaCMAP
3375,before_trills_2022-03-21_13-15-59_0000096_labelled_Nougatti_pheeseq_09_labelled_mC2.wav,Nougatti,Wuschel,before,non-partner,Odin-Nougatti,9.26054,-5.473061,PaCMAP
3376,before_trills_2022-03-21_13-15-59_0000096_labelled_Nougatti_pheeseq_09_labelled_mC3.wav,Nougatti,Wuschel,before,non-partner,Odin-Nougatti,-10.451746,1.2216904,PaCMAP
3377,before_trills_2022-03-21_13-15-59_0000096_labelled_Nougatti_pheeseq_13_labelled_mC1.wav,Nougatti,Wuschel,before,non-partner,Odin-Nougatti,7.252321,-2.395535,PaCMAP
3378,before_trills_2022-03-21_13-15-59_0000096_labelled_Nougatti_pheeseq_13_labelled_mC2.wav,Nougatti,Wuschel,before,non-partner,Odin-Nougatti,8.521612,-3.4005022,PaCMAP
3379,before_trills_2022-03-21_13-15-59_0000096_labelled_Nougatti_pheeseq_13_labelled_mC3.wav,Nougatti,Wuschel,before,non-partner,Odin-Nougatti,10.733934,-8.128424,PaCMAP
3380,before_trills_2022-03-21_13-15-59_0000096_labelled_Nougatti_pheeseq_18_labelled_mC1.wav,Nougatti,Wuschel,before,non-partner,Odin-Nougatti,7.3143783,-3.0001879,PaCMAP
3381,before_trills_2022-03-21_13-15-59_0000096_labelled_Nougatti_pheeseq_18_labelled_mC2.wav,Nougatti,Wuschel,before,non-partner,Odin-Nougatti,8.882852,-4.654777,PaCMAP
3382,before_trills_2022-03-21_13-15-59_0000096_labelled_Nougatti_pheeseq_18_labelled_mC3.wav,Nougatti,Wuschel,before,non-partner,Odin-Nougatti,-10.897168,1.5888482,PaCMAP
3383,before_trills_2022-03-21_13-15-59_0000096_labelled_Nougatti_pheeseq_20_labelled_mB1.wav,Nougatti,Wuschel,before,non-partner,Odin-Nougatti,6.5768404,-1.992976,PaCMAP
3384,before_trills_2022-03-21_13-15-59_0000096_labelled_Nougatti_pheeseq_20_labelled_mB2.wav,Nougatti,Wuschel,before,non-partner,Odin-Nougatti,8.554729,-3.588995,PaCMAP
3385,before_trills_2022-03-21_13-15-59_0000096_labelled_Nougatti_pheeseq_21_labelled_mB1.wav,Nougatti,Wuschel,before,non-partner,Odin-Nougatti,6.0720944,-1.5997493,PaCMAP
3386,before_trills_2022-03-21_13-15-59_0000096_labelled_Nougatti_pheeseq_21_labelled_mB2.wav,Nougatti,Wuschel,before,non-partner,Odin-Nougatti,8.529568,-5.969511,PaCMAP
3387,before_trills_2022-03-21_13-15-59_0000096_labelled_Nougatti_pheeseq_23_labelled_mC1.wav,Nougatti,Wuschel,before,non-partner,Odin-Nougatti,6.416488,-1.9006869,PaCMAP
3388,before_trills_2022-03-21_13-15-59_0000096_labelled_Nougatti_pheeseq_23_labelled_mC2.wav,Nougatti,Wuschel,before,non-partner,Odin-Nougatti,7.551553,-2.5530455,PaCMAP
3389,before_trills_2022-03-21_13-15-59_0000096_labelled_Nougatti_pheeseq_24_labelled_mC1.wav,Nougatti,Wuschel,before,non-partner,Odin-Nougatti,7.551774,-2.6193733,PaCMAP
3390,before_trills_2022-03-21_13-15-59_0000096_labelled_Nougatti_pheeseq_24_labelled_mC2.wav,Nougatti,Wuschel,before,non-partner,Odin-Nougatti,7.8477087,-2.775124,PaCMAP
3391,before_trills_2022-03-21_13-15-59_0000096_labelled_Nougatti_pheeseq_24_labelled_mC3.wav,Nougatti,Wuschel,before,non-partner,Odin-Nougatti,-4.4718823,-1.4083626,PaCMAP
3392,before_trills_2022-03-21_13-15-59_0000096_labelled_Nougatti_pheeseq_25_labelled_mC1.wav,Nougatti,Wuschel,before,non-partner,Odin-Nougatti,6.3174157,-1.8168862,PaCMAP
3393,before_trills_2022-03-21_13-15-59_0000096_labelled_Nougatti_pheeseq_25_labelled_mC3.wav,Nougatti,Wuschel,before,non-partner,Odin-Nougatti,-10.253452,1.5319446,PaCMAP
3394,before_trills_2022-03-21_13-15-59_0000096_labelled_Nougatti_pheeseq_26_labelled_mB1.wav,Nougatti,Wuschel,before,non-partner,Odin-Nougatti,7.4558477,-2.7432816,PaCMAP
3395,before_trills_2022-03-21_13-15-59_0000096_labelled_Nougatti_pheeseq_26_labelled_mB2.wav,Nougatti,Wuschel,before,non-partner,Odin-Nougatti,3.5770695,-0.82129663,PaCMAP
3396,before_trills_2022-03-21_13-15-59_0000096_labelled_Nougatti_pheeseq_28_labelled_mC4.wav,Nougatti,Wuschel,before,non-partner,Odin-Nougatti,-9.9417,0.4052763,PaCMAP
3397,before_trills_2022-03-21_13-15-59_0000096_labelled_Nougatti_pheeseq_33_labelled_mB1.wav,Nougatti,Wuschel,before,non-partner,Odin-Nougatti,3.3352098,-0.090250716,PaCMAP
3398,before_trills_2022-03-21_13-15-59_0000096_labelled_Nougatti_pheeseq_33_labelled_mB2.wav,Nougatti,Wuschel,before,non-partner,Odin-Nougatti,9.274621,-5.012693,PaCMAP
3399,before_trills_2022-03-21_13-15-59_0000096_labelled_Nougatti_pheeseq_61_labelled_mB1.wav,Nougatti,Wuschel,before,non-partner,Odin-Nougatti,3.2703986,-0.4737688,PaCMAP
3400,before_trills_2022-03-21_13-15-59_0000096_labelled_Nougatti_pheeseq_61_labelled_mB2.wav,Nougatti,Wuschel,before,non-partner,Odin-Nougatti,9.391726,-5.1474757,PaCMAP
3401,before_trills_2022-03-21_13-15-59_0000096_labelled_Nougatti_pheeseq_62_labelled_mC1.wav,Nougatti,Wuschel,before,non-partner,Odin-Nougatti,5.589539,-1.3047035,PaCMAP
3402,before_trills_2022-03-21_13-15-59_0000096_labelled_Nougatti_pheeseq_62_labelled_mC2.wav,Nougatti,Wuschel,before,non-partner,Odin-Nougatti,8.722632,-3.6404111,PaCMAP
3403,before_trills_2022-03-21_13-15-59_0000096_labelled_Nougatti_pheeseq_62_labelled_mC3.wav,Nougatti,Wuschel,before,non-partner,Odin-Nougatti,-7.9051733,4.518738,PaCMAP
3404,before_trills_2022-03-21_13-15-59_0000096_labelled_Nougatti_pheeseq_64_labelled_mB1.wav,Nougatti,Wuschel,before,non-partner,Odin-Nougatti,6.95479,-2.8195682,PaCMAP
3405,before_trills_2022-03-21_13-15-59_0000096_labelled_Nougatti_pheeseq_64_labelled_mB2.wav,Nougatti,Wuschel,before,non-partner,Odin-Nougatti,8.049354,-6.2269187,PaCMAP
3406,before_trills_2022-03-21_13-15-59_0000096_labelled_Nougatti_pheeseq_65_labelled_mC1.wav,Nougatti,Wuschel,before,non-partner,Odin-Nougatti,3.5568278,-0.17596032,PaCMAP
3407,before_trills_2022-03-21_13-15-59_0000096_labelled_Nougatti_pheeseq_65_labelled_mC2.wav,Nougatti,Wuschel,before,non-partner,Odin-Nougatti,8.234774,-3.5024571,PaCMAP
3408,before_trills_2022-03-21_13-15-59_0000096_labelled_Nougatti_pheeseq_65_labelled_mC3.wav,Nougatti,Wuschel,before,non-partner,Odin-Nougatti,7.448539,-5.7718816,PaCMAP
3409,before_trills_2022-03-21_13-15-59_0000096_labelled_Nougatti_pheeseq_70_labelled_mC1.wav,Nougatti,Wuschel,before,non-partner,Odin-Nougatti,3.6681633,-0.29672778,PaCMAP
3410,before_trills_2022-03-21_13-15-59_0000096_labelled_Nougatti_pheeseq_70_labelled_mC2.wav,Nougatti,Wuschel,before,non-partner,Odin-Nougatti,8.854944,-4.972696,PaCMAP
3411,before_trills_2022-03-21_13-15-59_0000096_labelled_Nougatti_pheeseq_70_labelled_mC3.wav,Nougatti,Wuschel,before,non-partner,Odin-Nougatti,-6.3617415,-1.2323316,PaCMAP
3412,before_trills_2022-03-21_13-15-59_0000096_labelled_Nougatti_pheeseq_71_labelled_mB2.wav,Nougatti,Wuschel,before,non-partner,Odin-Nougatti,9.575712,-5.463848,PaCMAP
3413,before_trills_2022-03-21_13-15-59_0000096_labelled_Nougatti_pheeseq_75_labelled_mB1.wav,Nougatti,Wuschel,before,non-partner,Odin-Nougatti,6.100705,-1.638407,PaCMAP
3414,before_trills_2022-03-21_13-15-59_0000096_labelled_Nougatti_pheeseq_75_labelled_mB2.wav,Nougatti,Wuschel,before,non-partner,Odin-Nougatti,8.275982,-3.9259682,PaCMAP
3415,before_trills_2022-03-21_13-15-59_0000096_labelled_Nougatti_pheeseq_76_labelled_mC1.wav,Nougatti,Wuschel,before,non-partner,Odin-Nougatti,3.4840372,-0.26708737,PaCMAP
3416,before_trills_2022-03-21_13-15-59_0000096_labelled_Nougatti_pheeseq_76_labelled_mC2.wav,Nougatti,Wuschel,before,non-partner,Odin-Nougatti,7.094336,-6.652206,PaCMAP
3417,before_trills_2022-03-21_13-15-59_0000096_labelled_Nougatti_pheeseq_78_labelled_mC1.wav,Nougatti,Wuschel,before,non-partner,Odin-Nougatti,4.3763933,-0.4044841,PaCMAP
3418,before_trills_2022-03-21_13-15-59_0000096_labelled_Nougatti_pheeseq_78_labelled_mC2.wav,Nougatti,Wuschel,before,non-partner,Odin-Nougatti,7.3676414,-4.7501965,PaCMAP
3419,before_trills_2022-03-21_13-15-59_0000096_labelled_Nougatti_pheeseq_78_labelled_mC3.wav,Nougatti,Wuschel,before,non-partner,Odin-Nougatti,-4.9147906,-0.5058484,PaCMAP
3420,before_trills_2022-03-21_13-15-59_0000096_labelled_Wuschel_pheeseq_05_labelled_mB1.wav,Wuschel,Nougatti,before,non-partner,Wuschel-Olympia,-15.054461,3.1598654,PaCMAP
3421,before_trills_2022-03-21_13-15-59_0000096_labelled_Wuschel_pheeseq_27_labelled_mC1.wav,Wuschel,Nougatti,before,non-partner,Wuschel-Olympia,-15.159256,2.2372534,PaCMAP
3422,before_trills_2022-03-21_13-15-59_0000096_labelled_Wuschel_pheeseq_27_labelled_mC2.wav,Wuschel,Nougatti,before,non-partner,Wuschel-Olympia,-12.760139,0.9593973,PaCMAP
3423,before_trills_2022-03-21_13-15-59_0000096_labelled_Wuschel_pheeseq_27_labelled_mC3.wav,Wuschel,Nougatti,before,non-partner,Wuschel-Olympia,-10.507161,1.187351,PaCMAP
3424,before_trills_2022-03-21_13-15-59_0000096_labelled_Wuschel_pheeseq_31_labelled_mC1.wav,Wuschel,Nougatti,before,non-partner,Wuschel-Olympia,-15.404587,2.5131457,PaCMAP
3425,before_trills_2022-03-21_13-15-59_0000096_labelled_Wuschel_pheeseq_31_labelled_mC2.wav,Wuschel,Nougatti,before,non-partner,Wuschel-Olympia,-13.639875,1.0490049,PaCMAP
3426,before_trills_2022-03-21_13-15-59_0000096_labelled_Wuschel_pheeseq_31_labelled_mC3.wav,Wuschel,Nougatti,before,non-partner,Wuschel-Olympia,-10.244292,0.7729144,PaCMAP
3427,before_trills_2022-03-21_13-15-59_0000096_labelled_Wuschel_pheeseq_34_labelled_mB1.wav,Wuschel,Nougatti,before,non-partner,Wuschel-Olympia,-3.9391975,1.0199724,PaCMAP
3428,before_trills_2022-03-21_13-15-59_0000096_labelled_Wuschel_pheeseq_34_labelled_mB2.wav,Wuschel,Nougatti,before,non-partner,Wuschel-Olympia,-6.4860206,-0.94711155,PaCMAP
3429,before_trills_2022-03-21_13-47-06_0000098_labelled_Tabor_pheeseq_02_labelled_mC1.wav,Tabor,Lola,before,partner,Tabor-Lola,10.08553,-8.656729,PaCMAP
3430,before_trills_2022-03-21_13-47-06_0000098_labelled_Tabor_pheeseq_02_labelled_mC2.wav,Tabor,Lola,before,partner,Tabor-Lola,-6.727973,-1.8810482,PaCMAP
3431,before_trills_2022-03-21_13-47-06_0000098_labelled_Tabor_pheeseq_05_labelled_mB1.wav,Tabor,Lola,before,partner,Tabor-Lola,11.228149,-8.273755,PaCMAP
3432,before_trills_2022-03-21_13-47-06_0000098_labelled_Tabor_pheeseq_05_labelled_mB2.wav,Tabor,Lola,before,partner,Tabor-Lola,-6.5080185,-2.017039,PaCMAP
3433,before_trills_2022-03-21_13-47-06_0000098_labelled_Tabor_pheeseq_09_labelled_mC1.wav,Tabor,Lola,before,partner,Tabor-Lola,11.495671,-8.174765,PaCMAP
3434,before_trills_2022-03-21_13-47-06_0000098_labelled_Tabor_pheeseq_09_labelled_mC2.wav,Tabor,Lola,before,partner,Tabor-Lola,11.389729,-8.15986,PaCMAP
3435,before_trills_2022-03-21_13-47-06_0000098_labelled_Tabor_pheeseq_12_labelled_mC1.wav,Tabor,Lola,before,partner,Tabor-Lola,11.269301,-8.468864,PaCMAP
3436,before_trills_2022-03-21_13-47-06_0000098_labelled_Tabor_pheeseq_12_labelled_mC2.wav,Tabor,Lola,before,partner,Tabor-Lola,11.2322235,-8.591545,PaCMAP
3437,before_trills_2022-03-21_13-47-06_0000098_labelled_Tabor_pheeseq_12_labelled_mC3.wav,Tabor,Lola,before,partner,Tabor-Lola,-9.364993,2.2846582,PaCMAP
3438,before_trills_2022-03-21_13-47-06_0000098_labelled_Tabor_pheeseq_46_labelled_mC1.wav,Tabor,Lola,before,partner,Tabor-Lola,-2.6924412,-2.523515,PaCMAP
3439,before_trills_2022-03-21_13-47-06_0000098_labelled_Tabor_pheeseq_46_labelled_mC2.wav,Tabor,Lola,before,partner,Tabor-Lola,-2.8501306,-2.4235048,PaCMAP
3440,before_trills_2022-03-21_13-47-06_0000098_labelled_Tabor_pheeseq_46_labelled_mC3.wav,Tabor,Lola,before,partner,Tabor-Lola,-9.634299,0.3027659,PaCMAP
3441,before_trills_2022-03-22_09-27-55_0000104_labelled_Nougatti_pheeseq_10_labelled_mB2.wav,Nougatti,Odin,before,partner,Odin-Nougatti,8.771439,-4.8035107,PaCMAP
3442,before_trills_2022-03-22_09-27-55_0000104_labelled_Nougatti_pheeseq_10_labelled_mC1.wav,Nougatti,Odin,before,partner,Odin-Nougatti,3.4631407,-0.10351754,PaCMAP
3443,before_trills_2022-03-22_09-27-55_0000104_labelled_Nougatti_pheeseq_10_labelled_mC3.wav,Nougatti,Odin,before,partner,Odin-Nougatti,-7.9987392,4.507466,PaCMAP
3444,before_trills_2022-03-22_09-27-55_0000104_labelled_Nougatti_pheeseq_113_labelled_mB1.wav,Nougatti,Odin,before,partner,Odin-Nougatti,2.9996803,0.0024481562,PaCMAP
3445,before_trills_2022-03-22_09-27-55_0000104_labelled_Nougatti_pheeseq_113_labelled_mB2.wav,Nougatti,Odin,before,partner,Odin-Nougatti,7.3972807,-4.866982,PaCMAP
3446,before_trills_2022-03-22_09-27-55_0000104_labelled_Nougatti_pheeseq_15_labelled_mC1.wav,Nougatti,Odin,before,partner,Odin-Nougatti,4.174741,-0.41494814,PaCMAP
3447,before_trills_2022-03-22_09-27-55_0000104_labelled_Nougatti_pheeseq_15_labelled_mC2.wav,Nougatti,Odin,before,partner,Odin-Nougatti,7.777179,-5.715744,PaCMAP
3448,before_trills_2022-03-22_09-27-55_0000104_labelled_Nougatti_pheeseq_15_labelled_mC3.wav,Nougatti,Odin,before,partner,Odin-Nougatti,9.8627615,-8.33922,PaCMAP
3449,before_trills_2022-03-22_09-27-55_0000104_labelled_Nougatti_pheeseq_19_labelled_mC1.wav,Nougatti,Odin,before,partner,Odin-Nougatti,3.5073733,-0.48376006,PaCMAP
3450,before_trills_2022-03-22_09-27-55_0000104_labelled_Nougatti_pheeseq_19_labelled_mC2.wav,Nougatti,Odin,before,partner,Odin-Nougatti,9.063264,-5.2049723,PaCMAP
3451,before_trills_2022-03-22_09-27-55_0000104_labelled_Nougatti_pheeseq_19_labelled_mC3.wav,Nougatti,Odin,before,partner,Odin-Nougatti,-7.629179,4.840038,PaCMAP
3452,before_trills_2022-03-22_09-27-55_0000104_labelled_Nougatti_pheeseq_38_labelled_mC1.wav,Nougatti,Odin,before,partner,Odin-Nougatti,4.139858,-0.50184417,PaCMAP
3453,before_trills_2022-03-22_09-27-55_0000104_labelled_Nougatti_pheeseq_38_labelled_mC2.wav,Nougatti,Odin,before,partner,Odin-Nougatti,8.55372,-3.4241154,PaCMAP
3454,before_trills_2022-03-22_09-27-55_0000104_labelled_Nougatti_pheeseq_38_labelled_mC3.wav,Nougatti,Odin,before,partner,Odin-Nougatti,-1.869694,-0.8302019,PaCMAP
3455,before_trills_2022-03-22_09-27-55_0000104_labelled_Nougatti_pheeseq_48_labelled_mC2.wav,Nougatti,Odin,before,partner,Odin-Nougatti,8.405565,-7.6575127,PaCMAP
3456,before_trills_2022-03-22_09-27-55_0000104_labelled_Nougatti_pheeseq_48_labelled_mC3.wav,Nougatti,Odin,before,partner,Odin-Nougatti,-9.950138,0.26909176,PaCMAP
3457,before_trills_2022-03-22_09-27-55_0000104_labelled_Nougatti_pheeseq_60_labelled_mB2.wav,Nougatti,Odin,before,partner,Odin-Nougatti,7.94946,-6.488714,PaCMAP
3458,before_trills_2022-03-22_09-27-55_0000104_labelled_Odin_pheeseq_03_labelled_mB1.wav,Odin,Nougatti,before,partner,Odin-Nougatti,-1.0382911,-0.42733744,PaCMAP
3459,before_trills_2022-03-22_09-27-55_0000104_labelled_Odin_pheeseq_03_labelled_mB3.wav,Odin,Nougatti,before,partner,Odin-Nougatti,4.313185,-0.5607332,PaCMAP
3460,before_trills_2022-03-22_09-27-55_0000104_labelled_Odin_pheeseq_110_labelled_mB2.wav,Odin,Nougatti,before,partner,Odin-Nougatti,9.996832,-9.155012,PaCMAP
3461,before_trills_2022-03-22_09-27-55_0000104_labelled_Odin_pheeseq_34_labelled_mB2.wav,Odin,Nougatti,before,partner,Odin-Nougatti,-1.982521,-0.7439843,PaCMAP
3462,before_trills_2022-03-22_09-27-55_0000104_labelled_Odin_pheeseq_45_labelled_mB1.wav,Odin,Nougatti,before,partner,Odin-Nougatti,-1.2197223,0.16251755,PaCMAP
3463,before_trills_2022-03-22_09-27-55_0000104_labelled_Odin_pheeseq_45_labelled_mB2.wav,Odin,Nougatti,before,partner,Odin-Nougatti,-5.932714,-0.862608,PaCMAP
3464,before_trills_2022-03-22_10-06-17_0000106_labelled_Olympia_pheeseq_14_labelled_mB1.wav,Olympia,Tabor,before,non-partner,Wuschel-Olympia,-9.093462,-0.3630563,PaCMAP
3465,before_trills_2022-03-22_10-06-17_0000106_labelled_Olympia_pheeseq_14_labelled_mB2.wav,Olympia,Tabor,before,non-partner,Wuschel-Olympia,-10.432117,1.0664462,PaCMAP
3466,before_trills_2022-03-22_14-08-31_0000109_labelled_Nougatti_pheeseq_02_labelled_mB1.wav,Nougatti,Tabor,before,non-partner,Odin-Nougatti,2.2912462,0.07785232,PaCMAP
3467,before_trills_2022-03-22_14-08-31_0000109_labelled_Nougatti_pheeseq_04_labelled_mB1.wav,Nougatti,Tabor,before,non-partner,Odin-Nougatti,0.94623786,-0.25979745,PaCMAP
3468,before_trills_2022-03-22_14-08-31_0000109_labelled_Nougatti_pheeseq_04_labelled_mB2.wav,Nougatti,Tabor,before,non-partner,Odin-Nougatti,9.028359,-7.3442593,PaCMAP
3469,before_trills_2022-03-22_14-08-31_0000109_labelled_Nougatti_pheeseq_08_labelled_mB1.wav,Nougatti,Tabor,before,non-partner,Odin-Nougatti,10.069347,-9.252965,PaCMAP
3470,before_trills_2022-03-22_14-08-31_0000109_labelled_Nougatti_pheeseq_08_labelled_mB3.wav,Nougatti,Tabor,before,non-partner,Odin-Nougatti,-8.166571,4.5810475,PaCMAP
3471,before_trills_2022-03-22_14-08-31_0000109_labelled_Nougatti_pheeseq_09_labelled_mC1.wav,Nougatti,Tabor,before,non-partner,Odin-Nougatti,2.8013165,-0.5558128,PaCMAP
3472,before_trills_2022-03-22_14-08-31_0000109_labelled_Nougatti_pheeseq_09_labelled_mC2.wav,Nougatti,Tabor,before,non-partner,Odin-Nougatti,9.031101,-4.6590548,PaCMAP
3473,before_trills_2022-03-22_14-08-31_0000109_labelled_Nougatti_pheeseq_09_labelled_mC3.wav,Nougatti,Tabor,before,non-partner,Odin-Nougatti,-4.104466,-2.3555427,PaCMAP
3474,before_trills_2022-03-22_14-08-31_0000109_labelled_Nougatti_pheeseq_12_labelled_mC1.wav,Nougatti,Tabor,before,non-partner,Odin-Nougatti,1.2895105,0.30622384,PaCMAP
3475,before_trills_2022-03-22_14-08-31_0000109_labelled_Nougatti_pheeseq_12_labelled_mC2.wav,Nougatti,Tabor,before,non-partner,Odin-Nougatti,-2.3075352,0.03914748,PaCMAP
3476,before_trills_2022-03-22_14-08-31_0000109_labelled_Nougatti_pheeseq_12_labelled_mC3.wav,Nougatti,Tabor,before,non-partner,Odin-Nougatti,-8.767071,4.095762,PaCMAP
3477,before_trills_2022-03-22_14-08-31_0000109_labelled_Nougatti_pheeseq_24_labelled_mB2.wav,Nougatti,Tabor,before,non-partner,Odin-Nougatti,9.205799,-7.337185,PaCMAP
3478,before_trills_2022-03-22_14-08-31_0000109_labelled_Nougatti_pheeseq_25_labelled_mB1.wav,Nougatti,Tabor,before,non-partner,Odin-Nougatti,2.0673668,1.899227,PaCMAP
3479,before_trills_2022-03-22_14-08-31_0000109_labelled_Nougatti_pheeseq_27_labelled_mB1.wav,Nougatti,Tabor,before,non-partner,Odin-Nougatti,-0.9230133,2.4586716,PaCMAP
3480,before_trills_2022-03-22_14-08-31_0000109_labelled_Nougatti_pheeseq_27_labelled_mB2.wav,Nougatti,Tabor,before,non-partner,Odin-Nougatti,8.326642,-6.55303,PaCMAP
3481,before_trills_2022-03-22_14-08-31_0000109_labelled_Tabor_pheeseq_06_labelled_mC3.wav,Tabor,Nougatti,before,non-partner,Tabor-Lola,10.611507,-8.573744,PaCMAP
3482,before_trills_2022-03-22_14-08-31_0000109_labelled_Tabor_pheeseq_10_labelled_mB1.wav,Tabor,Nougatti,before,non-partner,Tabor-Lola,-6.0361223,-2.1581619,PaCMAP
3483,before_trills_2022-03-22_14-08-31_0000109_labelled_Tabor_pheeseq_10_labelled_mB3.wav,Tabor,Nougatti,before,non-partner,Tabor-Lola,-9.068576,3.2610724,PaCMAP
3484,before_trills_2022-03-22_14-08-31_0000109_labelled_Tabor_pheeseq_11_labelled_mC1.wav,Tabor,Nougatti,before,non-partner,Tabor-Lola,-1.5371149,-1.6410844,PaCMAP
3485,before_trills_2022-03-22_14-08-31_0000109_labelled_Tabor_pheeseq_11_labelled_mC2.wav,Tabor,Nougatti,before,non-partner,Tabor-Lola,-4.62463,-1.7663265,PaCMAP
3486,before_trills_2022-03-22_14-08-31_0000109_labelled_Tabor_pheeseq_11_labelled_mC4.wav,Tabor,Nougatti,before,non-partner,Tabor-Lola,-9.018418,-0.2608011,PaCMAP
3487,before_trills_2022-03-22_14-08-31_0000109_labelled_Tabor_pheeseq_13_labelled_mD1.wav,Tabor,Nougatti,before,non-partner,Tabor-Lola,-2.5232449,-1.8878953,PaCMAP
3488,before_trills_2022-03-22_14-08-31_0000109_labelled_Tabor_pheeseq_13_labelled_mD2.wav,Tabor,Nougatti,before,non-partner,Tabor-Lola,11.065254,-8.300761,PaCMAP
3489,before_trills_2022-03-22_14-08-31_0000109_labelled_Tabor_pheeseq_13_labelled_mD3.wav,Tabor,Nougatti,before,non-partner,Tabor-Lola,11.22463,-8.794939,PaCMAP
3490,before_trills_2022-03-22_14-08-31_0000109_labelled_Tabor_pheeseq_13_labelled_mD4.wav,Tabor,Nougatti,before,non-partner,Tabor-Lola,-9.604587,1.8705418,PaCMAP
3491,before_trills_2022-03-22_14-08-31_0000109_labelled_Tabor_pheeseq_14_labelled_mC1.wav,Tabor,Nougatti,before,non-partner,Tabor-Lola,-2.3173792,-1.8908366,PaCMAP
3492,before_trills_2022-03-22_14-08-31_0000109_labelled_Tabor_pheeseq_14_labelled_mC2.wav,Tabor,Nougatti,before,non-partner,Tabor-Lola,11.01253,-8.3093195,PaCMAP
3493,before_trills_2022-03-22_14-08-31_0000109_labelled_Tabor_pheeseq_14_labelled_mC3.wav,Tabor,Nougatti,before,non-partner,Tabor-Lola,11.377132,-8.675597,PaCMAP
3494,before_trills_2022-03-22_14-08-31_0000109_labelled_Tabor_pheeseq_15_labelled_mD1.wav,Tabor,Nougatti,before,non-partner,Tabor-Lola,-0.626658,-1.561571,PaCMAP
3495,before_trills_2022-03-22_14-08-31_0000109_labelled_Tabor_pheeseq_15_labelled_mD2.wav,Tabor,Nougatti,before,non-partner,Tabor-Lola,10.858406,-6.598531,PaCMAP
3496,before_trills_2022-03-22_14-08-31_0000109_labelled_Tabor_pheeseq_15_labelled_mD3.wav,Tabor,Nougatti,before,non-partner,Tabor-Lola,11.128826,-8.534783,PaCMAP
3497,before_trills_2022-03-22_14-08-31_0000109_labelled_Tabor_pheeseq_15_labelled_mD4.wav,Tabor,Nougatti,before,non-partner,Tabor-Lola,-9.116746,-0.1073976,PaCMAP
3498,before_trills_2022-03-22_14-08-31_0000109_labelled_Tabor_pheeseq_16_labelled_mB1.wav,Tabor,Nougatti,before,non-partner,Tabor-Lola,11.364585,-7.2034097,PaCMAP
3499,before_trills_2022-03-22_14-08-31_0000109_labelled_Tabor_pheeseq_16_labelled_mB2.wav,Tabor,Nougatti,before,non-partner,Tabor-Lola,-6.719067,-1.7324162,PaCMAP
3500,before_trills_2022-03-23_09-42-19_0000113_labelled_Nougatti_pheeseq_05_labelled_mC2.wav,Nougatti,Wuschel,before,non-partner,Odin-Nougatti,7.357089,-4.8550076,PaCMAP
3501,before_trills_2022-03-23_09-42-19_0000113_labelled_Nougatti_pheeseq_05_labelled_mC3.wav,Nougatti,Wuschel,before,non-partner,Odin-Nougatti,-8.146826,4.493407,PaCMAP
3502,before_trills_2022-03-23_09-42-19_0000113_labelled_Nougatti_pheeseq_07_labelled_mC1.wav,Nougatti,Wuschel,before,non-partner,Odin-Nougatti,3.5761878,0.007354123,PaCMAP
3503,before_trills_2022-03-23_09-42-19_0000113_labelled_Nougatti_pheeseq_07_labelled_mC2.wav,Nougatti,Wuschel,before,non-partner,Odin-Nougatti,8.477304,-8.225826,PaCMAP
3504,before_trills_2022-03-23_09-42-19_0000113_labelled_Nougatti_pheeseq_07_labelled_mC3.wav,Nougatti,Wuschel,before,non-partner,Odin-Nougatti,-10.705016,0.79742575,PaCMAP
3505,before_trills_2022-03-23_09-42-19_0000113_labelled_Nougatti_pheeseq_08_labelled_mB1.wav,Nougatti,Wuschel,before,non-partner,Odin-Nougatti,7.590417,-4.2941084,PaCMAP
3506,before_trills_2022-03-23_09-42-19_0000113_labelled_Nougatti_pheeseq_08_labelled_mB2.wav,Nougatti,Wuschel,before,non-partner,Odin-Nougatti,-2.62348,0.9845082,PaCMAP
3507,before_trills_2022-03-23_09-42-19_0000113_labelled_Nougatti_pheeseq_09_labelled_mC1.wav,Nougatti,Wuschel,before,non-partner,Odin-Nougatti,3.5995717,-0.38804692,PaCMAP
3508,before_trills_2022-03-23_09-42-19_0000113_labelled_Nougatti_pheeseq_09_labelled_mC2.wav,Nougatti,Wuschel,before,non-partner,Odin-Nougatti,8.355945,-3.558582,PaCMAP
3509,before_trills_2022-03-23_09-42-19_0000113_labelled_Wuschel_pheeseq_02_labelled_mB1.wav,Wuschel,Nougatti,before,non-partner,Wuschel-Olympia,1.4040368,0.25618404,PaCMAP
3510,before_trills_2022-03-23_09-42-19_0000113_labelled_Wuschel_pheeseq_02_labelled_mB2.wav,Wuschel,Nougatti,before,non-partner,Wuschel-Olympia,8.155604,-6.421151,PaCMAP
3511,before_trills_2022-03-23_10-25-30_0000114_labelled_Odin_pheeseq_55_labelled_mB2.wav,Odin,Olympia,before,non-partner,Odin-Nougatti,9.095825,-5.8131027,PaCMAP
3512,before_trills_2022-03-23_10-25-30_0000114_labelled_Olympia_pheeseq_12_labelled_mB2.wav,Olympia,Odin,before,non-partner,Wuschel-Olympia,-4.5200977,-1.4064696,PaCMAP
3513,before_trills_2022-03-23_10-25-30_0000114_labelled_Olympia_pheeseq_66_labelled_mB1.wav,Olympia,Odin,before,non-partner,Wuschel-Olympia,9.885972,-8.260312,PaCMAP
3514,before_trills_2022-03-23_10-25-30_0000114_labelled_Olympia_pheeseq_66_labelled_mB2.wav,Olympia,Odin,before,non-partner,Wuschel-Olympia,-6.4172783,-1.570822,PaCMAP
3515,before_trills_2022-03-23_14-06-31_0000117_labelled_Wuschel_pheeseq_04_labelled_mC2.wav,Wuschel,Lola,before,non-partner,Wuschel-Olympia,-9.558589,3.1126814,PaCMAP
3516,before_trills_2022-03-23_14-06-31_0000117_labelled_Wuschel_pheeseq_04_labelled_mC3.wav,Wuschel,Lola,before,non-partner,Wuschel-Olympia,-10.284357,1.4354777,PaCMAP
3517,after_phees_2022-07-19_11-17-29_0000018_labelled_Odin_phee_0000004_labelled_mA1.wav,Odin,Olympia,after,non-partner,Odin-Nougatti,-7.7811418,4.7411165,PaCMAP
3518,after_phees_2022-07-19_11-17-29_0000018_labelled_Odin_phee_0000019_labelled_mA1.wav,Odin,Olympia,after,non-partner,Odin-Nougatti,14.562826,-5.856459,PaCMAP
3519,after_phees_2022-07-20_15-39-44_0000028_labelled_Nougatti_phee_0000012_labelled_mA1.wav,Nougatti,Tabor,after,non-partner,Odin-Nougatti,-4.423799,6.4094405,PaCMAP
3520,after_phees_2022-07-20_15-39-44_0000028_labelled_Nougatti_phee_0000038_labelled_mA1.wav,Nougatti,Tabor,after,non-partner,Odin-Nougatti,-2.4296396,2.2954738,PaCMAP
3521,after_phees_2022-07-21_09-36-56_0000029_labelled_Odin_pheeseq_0000008_labelled_mA1.wav,Odin,Lola,after,non-partner,Odin-Nougatti,-1.3764522,0.81653386,PaCMAP
3522,after_phees_2022-07-21_09-36-56_0000029_labelled_Odin_pheeseq_0000044_labelled_mA1.wav,Odin,Lola,after,non-partner,Odin-Nougatti,-2.2483563,3.9732292,PaCMAP
3523,after_phees_2022-07-21_13-48-50_0000035_labelled_Olympia_pheeseq_0000013_labelled_mA1.wav,Olympia,Tabor,after,non-partner,Wuschel-Olympia,-14.955486,3.1367009,PaCMAP
3524,after_phees_2022-07-26_14-33-05_0000052_labelled_Olympia_pheeseq_0000012_labelled_mA1.wav,Olympia,Wuschel,after,partner,Wuschel-Olympia,-11.753417,3.0843337,PaCMAP
3525,after_phees_2022-07-27_11-30-41_0000057_labelled_Lola_pheeseq_0000019_labelled_mA1.wav,Lola,Wuschel,after,non-partner,Tabor-Lola,-0.8447648,5.6845703,PaCMAP
3526,after_phees_2022-07-27_11-30-41_0000057_labelled_Lola_pheeseq_0000026_labelled_mA1.wav,Lola,Wuschel,after,non-partner,Tabor-Lola,-0.32783073,5.792797,PaCMAP
3527,after_phees_2022-07-28_10-46-38_0000060_labelled_Odin_pheeseq_0000017_labelled_mA1.wav,Odin,Lola,after,non-partner,Odin-Nougatti,6.2971177,-5.524412,PaCMAP
3528,after_phees_2022-08-02_13-43-08_0000064_labelled_Olympia_pheeseq_0000047_labelled_mA1.wav,Olympia,Odin,after,non-partner,Wuschel-Olympia,-13.592607,3.915808,PaCMAP
3529,after_phees_2022-08-03_14-32-28_0000070_labelled_Olympia_phee_0000039_labelled_mA1.wav,Olympia,Tabor,after,non-partner,Wuschel-Olympia,-14.34389,3.8126905,PaCMAP
3530,after_phees_2022-08-04_10-08-00_0000075_labelled_Odin_pheeseq_0000051_labelled_mA1.wav,Odin,Lola,after,non-partner,Odin-Nougatti,-1.407799,2.0977082,PaCMAP
3531,after_phees_2022-08-08_11-24-26_0000079_labelled_Odin_pheeseq_0000002_labelled_mA1.wav,Odin,Lola,after,non-partner,Odin-Nougatti,13.53488,-5.875324,PaCMAP
3532,after_phees_2022-08-08_11-24-26_0000079_labelled_Odin_pheeseq_0000004_labelled_mA1.wav,Odin,Lola,after,non-partner,Odin-Nougatti,14.397362,-5.91893,PaCMAP
3533,after_phees_2022-08-08_11-24-26_0000079_labelled_Odin_pheeseq_0000027_labelled_mA1.wav,Odin,Lola,after,non-partner,Odin-Nougatti,11.752595,-6.6603904,PaCMAP
3534,after_phees_2022-08-08_11-24-26_0000079_labelled_Odin_pheeseq_0000030_labelled_mA1.wav,Odin,Lola,after,non-partner,Odin-Nougatti,14.41609,-5.881316,PaCMAP
3535,after_trills_2022-07-19_14-36-49_0000021_labelled_Wuschel_phee_0000002_labelled_mA1.wav,Wuschel,Lola,after,non-partner,Wuschel-Olympia,-10.601543,3.0541446,PaCMAP
3536,after_trills_2022-07-21_10-47-45_0000032_labelled_Nougatti_pheeseq_0000002_labelled_mA1.wav,Nougatti,Wuschel,after,non-partner,Odin-Nougatti,9.763174,-6.4464474,PaCMAP
3537,after_trills_2022-07-21_10-47-45_0000032_labelled_Odin_phee_0000011_labelled_mA1.wav,Odin,Nougatti,after,partner,Odin-Nougatti,-15.225079,4.108995,PaCMAP
3538,after_trills_2022-07-21_13-24-59_0000034_labelled_Olympia_pheeseq_0000009_labelled_mA1.wav,Olympia,Wuschel,after,partner,Wuschel-Olympia,-2.5589015,-1.6751654,PaCMAP
3539,after_trills_2022-07-21_13-24-59_0000034_labelled_Wuschel_pheeseq_0000088_labelled_mA1.wav,Wuschel,Olympia,after,partner,Wuschel-Olympia,-11.540263,2.6570635,PaCMAP
3540,after_trills_2022-07-21_13-48-52_0000035_labelled_Tabor_pheeseq_0000008_labelled_mA1.wav,Tabor,Olympia,after,non-partner,Tabor-Lola,-5.0254083,-1.2799251,PaCMAP
3541,after_trills_2022-07-26_13-45-13_0000050_labelled_Tabor_pheeseq_0000011_labelled_mA1.wav,Tabor,Lola,after,partner,Tabor-Lola,11.204469,-7.955634,PaCMAP
3542,after_trills_2022-07-26_13-45-13_0000050_labelled_Tabor_pheeseq_0000012_labelled_mA1.wav,Tabor,Lola,after,partner,Tabor-Lola,10.703704,-6.8030844,PaCMAP
3543,after_trills_2022-07-26_14-33-06_0000052_labelled_Wuschel_pheeseq_0000002_labelled_mA1.wav,Wuschel,Olympia,after,partner,Wuschel-Olympia,-4.800588,0.9710638,PaCMAP
3544,after_trills_2022-07-26_15-00-39_0000053_labelled_Nougatti_pheeseq_0000031_labelled_mA1.wav,Nougatti,Wuschel,after,non-partner,Odin-Nougatti,8.398598,-8.110703,PaCMAP
3545,after_trills_2022-07-26_15-00-39_0000053_labelled_Wuschel_phee_0000020_labelled_mA1.wav,Wuschel,Nougatti,after,non-partner,Wuschel-Olympia,-13.911752,3.9949782,PaCMAP
3546,after_trills_2022-07-27_10-54-22_0000056_labelled_Nougatti_phee_0000041_labelled_mA1.wav,Nougatti,Odin,after,partner,Odin-Nougatti,8.33108,-8.943037,PaCMAP
3547,after_trills_2022-07-27_10-54-22_0000056_labelled_Odin_pheeseq_0000046_labelled_mA1.wav,Odin,Nougatti,after,partner,Odin-Nougatti,1.1739671,0.8940095,PaCMAP
3548,after_trills_2022-08-04_10-08-02_0000075_labelled_Odin_pheeseq_0000032_labelled_mA1.wav,Odin,Lola,after,non-partner,Odin-Nougatti,-6.6132474,5.684408,PaCMAP
3549,after_trills_2022-08-08_10-34-30_0000077_labelled_Wuschel_phee_0000002_labelled_mA1.wav,Wuschel,Olympia,after,partner,Wuschel-Olympia,-14.068597,1.7330831,PaCMAP
3550,after_trills_2022-08-08_11-01-44_0000078_labelled_Wuschel_phee_0000003_labelled_mA1.wav,Wuschel,Lola,after,non-partner,Wuschel-Olympia,-12.68728,3.6297197,PaCMAP
3551,after_trills_2022-08-08_14-38-46_0000083_labelled_Nougatti_pheeseq_0000073_labelled_mA1.wav,Nougatti,Odin,after,partner,Odin-Nougatti,-4.058726,7.057335,PaCMAP
3552,after_trills_2022-08-08_14-38-46_0000083_labelled_Odin_pheeseq_0000067_labelled_mA1.wav,Odin,Nougatti,after,partner,Odin-Nougatti,1.7266606,-1.0405647,PaCMAP
3553,after_trills_2022-08-08_14-38-46_0000083_labelled_Odin_pheeseq_0000069_labelled_mA1.wav,Odin,Nougatti,after,partner,Odin-Nougatti,-6.5256515,-1.6853033,PaCMAP
3554,after_trills_2022-08-08_15-04-10_0000084_labelled_Nougatti_phee_0000004_labelled_mA1.wav,Nougatti,Wuschel,after,non-partner,Odin-Nougatti,-4.143084,6.7925954,PaCMAP
3555,after_trills_2022-08-08_15-04-10_0000084_labelled_Nougatti_pheeseq_0000005_labelled_mA1.wav,Nougatti,Wuschel,after,non-partner,Odin-Nougatti,-0.54961264,5.0213275,PaCMAP
3556,before_phees_2022-02-22_09-14-37_0000041_labelled_Odin_phee_02_labelled_mA1.wav,Odin,Olympia,before,non-partner,Odin-Nougatti,14.444229,-5.890353,PaCMAP
3557,before_phees_2022-02-22_09-14-37_0000041_labelled_Odin_phee_59_labelled_mA1.wav,Odin,Olympia,before,non-partner,Odin-Nougatti,11.832782,-4.637825,PaCMAP
3558,before_phees_2022-02-22_09-14-37_0000041_labelled_Odin_pheeseq_04_labelled_mA1.wav,Odin,Olympia,before,non-partner,Odin-Nougatti,12.218434,-5.474735,PaCMAP
3559,before_phees_2022-02-22_09-14-37_0000041_labelled_Odin_pheeseq_08_labelled_mA1.wav,Odin,Olympia,before,non-partner,Odin-Nougatti,14.680309,-5.7467694,PaCMAP
3560,before_phees_2022-02-22_09-14-37_0000041_labelled_Odin_pheeseq_13_labelled_mA1.wav,Odin,Olympia,before,non-partner,Odin-Nougatti,8.21744,-4.919669,PaCMAP
3561,before_phees_2022-02-22_09-14-37_0000041_labelled_Odin_pheeseq_23_labelled_mA1.wav,Odin,Olympia,before,non-partner,Odin-Nougatti,11.947858,-4.6038423,PaCMAP
3562,before_phees_2022-02-22_09-14-37_0000041_labelled_Odin_pheeseq_52_labelled_mA1.wav,Odin,Olympia,before,non-partner,Odin-Nougatti,-0.35561007,-0.5889566,PaCMAP
3563,before_phees_2022-02-28_09-34-19_0000045_labelled_Wuschel_phee_15_labelled_mA1.wav,Wuschel,Olympia,before,partner,Wuschel-Olympia,-13.450929,1.3831335,PaCMAP
3564,before_phees_2022-03-01_09-22-30_0000047_labelled_Olympia_pheeseq_08_labelled_mA1.wav,Olympia,Tabor,before,non-partner,Wuschel-Olympia,9.678723,-8.108089,PaCMAP
3565,before_phees_2022-03-04_09-21-06_0000051_labelled_Odin_phee_48_labelled_mA1.wav,Odin,Olympia,before,non-partner,Odin-Nougatti,-3.5779977,5.445512,PaCMAP
3566,before_phees_2022-03-04_09-21-06_0000051_labelled_Odin_phee_55_labelled_mA1.wav,Odin,Olympia,before,non-partner,Odin-Nougatti,-1.8891276,4.174164,PaCMAP
3567,before_phees_2022-03-04_09-21-06_0000051_labelled_Odin_pheeseq_08_labelled_mA1.wav,Odin,Olympia,before,non-partner,Odin-Nougatti,12.015907,-6.2865224,PaCMAP
3568,before_phees_2022-03-04_09-21-06_0000051_labelled_Odin_pheeseq_10_labelled_mA1.wav,Odin,Olympia,before,non-partner,Odin-Nougatti,12.354222,-6.146445,PaCMAP
3569,before_phees_2022-03-04_09-21-06_0000051_labelled_Odin_pheeseq_14_labelled_mA1.wav,Odin,Olympia,before,non-partner,Odin-Nougatti,11.86373,-4.9004993,PaCMAP
3570,before_phees_2022-03-04_09-21-06_0000051_labelled_Odin_pheeseq_16_labelled_mA1.wav,Odin,Olympia,before,non-partner,Odin-Nougatti,14.852284,-5.231825,PaCMAP
3571,before_phees_2022-03-14_09-26-36_0000046_labelled_Wuschel_phee_18_labelled_mA1.wav,Wuschel,Olympia,before,partner,Wuschel-Olympia,-15.47258,4.0149283,PaCMAP
3572,before_phees_2022-03-14_13-20-47_0000053_labelled_Odin_pheeseq_01_labelled_mA1.wav,Odin,Olympia,before,non-partner,Odin-Nougatti,-6.488971,-1.688252,PaCMAP
3573,before_phees_2022-03-14_13-20-47_0000053_labelled_Odin_pheeseq_03_labelled_mA1.wav,Odin,Olympia,before,non-partner,Odin-Nougatti,14.46062,-5.870153,PaCMAP
3574,before_phees_2022-03-14_13-55-14_0000054_labelled_Nougatti_phee_11_labelled_mA1.wav,Nougatti,Wuschel,before,non-partner,Odin-Nougatti,-0.71111554,1.8999474,PaCMAP
3575,before_phees_2022-03-17_13-35-29_0000074_labelled_Olympia_pheeseq_22_labelled_mA1.wav,Olympia,Tabor,before,non-partner,Wuschel-Olympia,10.428133,-8.817703,PaCMAP
3576,before_trills_2022-02-28_10-15-58_0000046_labelled_Nougatti_pheeseq_89_labelled_mA1.wav,Nougatti,Odin,before,partner,Odin-Nougatti,9.71618,-5.050665,PaCMAP
3577,before_trills_2022-02-28_10-15-58_0000046_labelled_Odin_phee_23_labelled_mA1.wav,Odin,Nougatti,before,partner,Odin-Nougatti,6.608528,-4.070198,PaCMAP
3578,before_trills_2022-02-28_10-15-58_0000046_labelled_Odin_phee_68_labelled_mA1.wav,Odin,Nougatti,before,partner,Odin-Nougatti,7.9348507,-5.5391736,PaCMAP
3579,before_trills_2022-02-28_10-15-58_0000046_labelled_Odin_phee_98_labelled_mA1.wav,Odin,Nougatti,before,partner,Odin-Nougatti,2.901684,-0.0959855,PaCMAP
3580,before_trills_2022-03-09_13-56-45_0000018_labelled_Tabor_pheeseq_15_labelled_mA1.wav,Tabor,Olympia,before,non-partner,Tabor-Lola,11.310907,-8.192163,PaCMAP
3581,before_trills_2022-03-09_14-59-43_0000020_labelled_Nougatti_pheeseq_78_labelled_mA1.wav,Nougatti,Odin,before,partner,Odin-Nougatti,-1.0328922,1.8274494,PaCMAP
3582,before_trills_2022-03-09_14-59-43_0000020_labelled_Nougatti_pheeseq_92_labelled_mA1.wav,Nougatti,Odin,before,partner,Odin-Nougatti,-3.2871306,6.4266143,PaCMAP
3583,before_trills_2022-03-10_09-28-14_0000022_labelled_Tabor_pheeseq_15_labelled_mA1.wav,Tabor,Lola,before,partner,Tabor-Lola,-3.8420165,-2.4453807,PaCMAP
3584,before_trills_2022-03-10_10-59-36_0000025_labelled_Wuschel_pheeseq_31_labelled_mA1.wav,Wuschel,Nougatti,before,non-partner,Wuschel-Olympia,-9.835224,3.9371552,PaCMAP
3585,before_trills_2022-03-11_09-34-35_0000027_labelled_Odin_phee_11_labelled_mA1.wav,Odin,Lola,before,non-partner,Odin-Nougatti,0.12514326,0.32122582,PaCMAP
3586,before_trills_2022-03-11_14-57-49_0000041_labelled_Lola_pheeseq_08_labelled_mA1.wav,Lola,Wuschel,before,non-partner,Tabor-Lola,7.3175654,-2.0744944,PaCMAP
3587,before_trills_2022-03-11_14-57-49_0000041_labelled_Lola_pheeseq_28_labelled_mA1.wav,Lola,Wuschel,before,non-partner,Tabor-Lola,4.3661747,-0.51771533,PaCMAP
3588,before_trills_2022-03-14_10-35-13_0000049_labelled_Odin_pheeseq_102_labelled_mA1.wav,Odin,Nougatti,before,partner,Odin-Nougatti,0.45163986,-0.045113776,PaCMAP
3589,before_trills_2022-03-14_10-35-13_0000049_labelled_Odin_pheeseq_92_labelled_mA1.wav,Odin,Nougatti,before,partner,Odin-Nougatti,10.584123,-6.799239,PaCMAP
3590,before_trills_2022-03-15_10-42-02_0000058_labelled_Nougatti_pheeseq_42_labelled_mA1.wav,Nougatti,Tabor,before,non-partner,Odin-Nougatti,10.030687,-3.874541,PaCMAP
3591,before_trills_2022-03-15_14-09-36_0000061_labelled_Tabor_pheeseq_35_labelled_mA1.wav,Tabor,Olympia,before,non-partner,Tabor-Lola,-9.299461,0.32781455,PaCMAP
3592,before_trills_2022-03-16_10-12-18_0000065_labelled_Odin_pheeseq_56_labelled_mA1.wav,Odin,Lola,before,non-partner,Odin-Nougatti,-7.5713315,4.859512,PaCMAP
3593,before_trills_2022-03-17_14-11-20_0000076_labelled_Odin_pheeseq_100_labelled_mA1.wav,Odin,Lola,before,non-partner,Odin-Nougatti,-1.6976823,-1.459656,PaCMAP
3594,before_trills_2022-03-17_14-11-20_0000076_labelled_Odin_pheeseq_32_labelled_mA1.wav,Odin,Lola,before,non-partner,Odin-Nougatti,-1.232686,0.19480446,PaCMAP
3595,before_trills_2022-03-18_10-23-10_0000086_labelled_Nougatti_pheeseq_141_labelled_mA1.wav,Nougatti,Odin,before,partner,Odin-Nougatti,9.56126,-5.8183846,PaCMAP
3596,before_trills_2022-03-18_10-23-10_0000086_labelled_Odin_pheeseq_147_labelled_mA1.wav,Odin,Nougatti,before,partner,Odin-Nougatti,10.428082,-7.944405,PaCMAP
3597,before_trills_2022-03-18_10-23-10_0000086_labelled_Odin_pheeseq_31_labelled_mA1.wav,Odin,Nougatti,before,partner,Odin-Nougatti,-0.8637816,-0.95147103,PaCMAP
3598,before_trills_2022-03-18_10-23-10_0000086_labelled_Odin_pheeseq_59_labelled_mA1.wav,Odin,Nougatti,before,partner,Odin-Nougatti,10.228743,-6.1983485,PaCMAP
3599,before_trills_2022-03-21_09-28-00_0000092_labelled_Nougatti_pheeseq_21_labelled_mA1.wav,Nougatti,Tabor,before,non-partner,Odin-Nougatti,6.4957533,-5.235831,PaCMAP
3600,before_trills_2022-03-21_13-15-59_0000096_labelled_Nougatti_pheeseq_11_labelled_mA1.wav,Nougatti,Wuschel,before,non-partner,Odin-Nougatti,6.6335683,-2.1711712,PaCMAP
3601,before_trills_2022-03-22_09-27-55_0000104_labelled_Nougatti_pheeseq_04_labelled_mA1.wav,Nougatti,Odin,before,partner,Odin-Nougatti,8.727208,-6.7897215,PaCMAP
3602,before_trills_2022-03-22_09-27-55_0000104_labelled_Odin_pheeseq_14_labelled_mA1.wav,Odin,Nougatti,before,partner,Odin-Nougatti,0.32938737,-0.77322364,PaCMAP
3603,before_trills_2022-03-22_09-27-55_0000104_labelled_Odin_pheeseq_27_labelled_mA1.wav,Odin,Nougatti,before,partner,Odin-Nougatti,-2.04547,-1.193937,PaCMAP
3604,before_trills_2022-03-22_09-27-55_0000104_labelled_Odin_pheeseq_50_labelled_mA1.wav,Odin,Nougatti,before,partner,Odin-Nougatti,-5.1845202,-1.3366126,PaCMAP
3605,before_trills_2022-03-22_13-32-36_0000108_labelled_Olympia_pheeseq_02_labelled_mA1.wav,Olympia,Wuschel,before,partner,Wuschel-Olympia,11.115002,-8.719602,PaCMAP
3606,before_trills_2022-03-22_14-08-31_0000109_labelled_Nougatti_pheeseq_07_labelled_mA1.wav,Nougatti,Tabor,before,non-partner,Odin-Nougatti,1.59927,-0.60403323,PaCMAP
3607,before_trills_2022-03-22_14-08-31_0000109_labelled_Nougatti_pheeseq_34_labelled_mA1.wav,Nougatti,Tabor,before,non-partner,Odin-Nougatti,3.1854992,-0.4635372,PaCMAP
3608,before_trills_2022-03-22_14-08-31_0000109_labelled_Tabor_pheeseq_03_labelled_mA1.wav,Tabor,Nougatti,before,non-partner,Tabor-Lola,-11.911607,1.6393863,PaCMAP
3609,before_trills_2022-03-23_09-42-19_0000113_labelled_Nougatti_pheeseq_04_labelled_mA1.wav,Nougatti,Wuschel,before,non-partner,Odin-Nougatti,9.441703,-7.722695,PaCMAP
3610,before_trills_2022-03-23_14-06-31_0000117_labelled_Lola_pheeseq_03_labelled_mA1.wav,Lola,Wuschel,before,non-partner,Tabor-Lola,3.1924093,-0.7199913,PaCMAP
3611,before_trills_2022-03-23_14-06-31_0000117_labelled_Lola_pheeseq_06_labelled_mA1.wav,Lola,Wuschel,before,non-partner,Tabor-Lola,3.551077,-0.36845562,PaCMAP
