.draw,partner_after,nonpartner_after,nonpartner_minus_partner
1,0.7648217740739536,-0.6202805508615723,-1.3851023249355259
2,0.5889953396395802,-0.39980376499787623,-0.9887991046374565
3,0.6925896269742094,-0.6245118977916703,-1.3171015247658797
4,0.36695859605024433,-0.6110549375392359,-0.9780135335894802
5,0.5802734297953845,-0.5451693233364149,-1.1254427531317994
6,0.535560823266378,-0.37733906175771253,-0.9128998850240906
7,0.31266876689284356,-0.6144954488977765,-0.9271642157906201
8,-0.7281059931835258,-0.6008131976961479,0.12729279548737782
9,0.10666570425182505,-0.683902297737929,-0.7905680019897541
10,0.2256689939667157,-0.8022536638019178,-1.0279226577686336
11,-0.027660216049998725,-0.62068322651856,-0.5930230104685613
12,0.5905788206066722,-0.45957827617196395,-1.0501570967786362
13,0.7539544203033648,-0.44717974895410384,-1.2011341692574686
14,0.39331603118629016,-0.5525426094415797,-0.94585864062787
15,0.02759479368562211,-0.5758415621563272,-0.6034363558419493
16,0.4917261769861489,-0.5300058924401843,-1.0217320694263332
17,1.1441590210675878,-0.5821733029221632,-1.726332323989751
18,0.3718530630339017,-0.6413356406355554,-1.0131887036694571
19,0.06426739595322838,-0.6393283440994545,-0.7035957400526829
20,0.9299957400894187,-0.7075500726455366,-1.6375458127349551
21,0.08266578088415333,-0.2561606973584456,-0.3388264782425989
22,0.7801582083625804,-0.5445860135635351,-1.3247442219261156
23,0.2576124407337679,-0.7257731326311865,-0.9833855733649544
24,0.5962375239134033,-0.6785404834492365,-1.2747780073626398
25,0.5002314392168691,-0.7104149752294637,-1.210646414446333
26,0.5684892654738525,-0.4820003329655273,-1.0504895984393798
27,0.2241202005138648,-0.5647918937356942,-0.788912094249559
28,0.61804602671462,-0.5135039002367406,-1.1315499269513607
29,0.7853862915791728,-0.5332264046440918,-1.3186126962232647
30,0.4671354429489688,-0.40849759349518466,-0.8756330364441535
31,-0.13137542721371262,-0.2928866870858562,-0.16151125987214357
32,0.9803344253384912,-0.7193930685628077,-1.699727493901299
33,0.6047743472173461,-0.3889627995654902,-0.9937371467828363
34,0.6049708374571555,-0.38679503781083746,-0.991765875267993
35,0.26890382761761467,-0.3229731648607042,-0.5918769924783189
36,0.20776312449196999,-0.730375489392864,-0.938138613884834
37,0.5299094219603387,-0.5645532202165233,-1.094462642176862
38,0.04967337340415689,-0.7778985572858035,-0.8275719306899604
39,0.32524008091784107,-0.7824706859270796,-1.1077107668449206
40,0.3562769388223434,-0.7796053765223898,-1.1358823153447333
41,0.3678320837745282,-0.879039803821271,-1.2468718875957991
42,0.47195170625267047,-0.6468631025399098,-1.1188148087925802
43,0.35918219573042776,-0.529237102368704,-0.8884192980991318
44,0.8391854376705425,-0.5351522884989047,-1.3743377261694474
45,0.663851100724604,-0.6558068900677115,-1.3196579907923156
46,0.6301929240164229,-0.49312566499209354,-1.1233185890085164
47,0.4559848150654944,-0.44053918948655435,-0.8965240045520487
48,0.324259916514875,-0.5595995859551707,-0.8838595024700457
49,0.18890471909555434,-0.5806583905564422,-0.7695631096519966
50,0.8095893576218659,-0.49229316595807193,-1.3018825235799378
51,0.22892117922808367,-0.44992751143300613,-0.6788486906610898
52,0.6322629132845147,-0.4656166185344256,-1.0978795318189403
53,0.5429054031397217,-0.5535784295658904,-1.0964838327056121
54,0.06868384684466622,-0.6033022723657105,-0.6719861192103768
55,0.2796217048957474,-0.3591961901587966,-0.638817895054544
56,-0.2500360364283878,-0.5809461676954698,-0.330910131267082
57,0.9159720422640074,-0.5559543888470087,-1.471926431111016
58,0.7567954390582655,-0.6009075498585276,-1.357702988916793
59,-0.06070048811614044,-0.5351660457536843,-0.4744655576375439
60,0.4123596659815217,-0.35787939976955535,-0.770239065751077
61,0.3205817168310053,-0.41903694805145514,-0.7396186648824604
62,0.279576671163852,-0.31117981573259895,-0.590756486896451
63,0.4474258191496323,-0.35436370019889246,-0.8017895193485247
64,0.5333056248488149,-0.47724598569885374,-1.0105516105476686
65,0.3287193908192324,-0.594872102556096,-0.9235914933753284
66,1.174539538136305,-0.34455270076509703,-1.519092238901402
67,-0.5488696546504074,-0.6576461404227958,-0.10877648577238841
68,0.29826262734323655,-0.5152863237527018,-0.8135489510959384
69,0.5740496788982032,-0.4542083035835558,-1.028257982481759
70,0.20182821666022582,-0.3930682982756613,-0.5948965149358871
71,0.8931218394525587,-0.5871975997856934,-1.4803194392382522
72,-0.04196939048102442,-0.4034339916576599,-0.3614646011766355
73,1.048552557721929,-0.687928040300944,-1.736480598022873
74,1.7669500711149146,-0.6971417347035188,-2.4640918058184336
75,0.49997033948304664,-0.6609687435721016,-1.1609390830551483
76,-0.14296913018990218,-0.35203842051679163,-0.20906929032688945
77,0.7851046844084919,-0.40982929723985395,-1.194933981648346
78,0.08376143935010795,-0.6888288597836956,-0.7725902991338035
79,0.962084154632072,-0.5177646945244097,-1.4798488491564816
80,-0.023683036752019954,-0.7941824191315792,-0.7704993823795592
81,1.0767528045642027,-0.571789624692417,-1.6485424292566198
82,0.42097991662550593,-0.5427295288762511,-0.9637094455017571
83,0.8236971744659143,-0.7609484233940447,-1.584645597859959
84,0.3845088516664923,-0.4754507175427819,-0.8599595692092742
85,0.2324594916089799,-0.909065890826723,-1.1415253824357028
86,0.11524781946101068,-0.7420733976430007,-0.8573212171040114
87,0.21205889553635224,-0.3181715441229353,-0.5302304396592875
88,0.5665676314365875,-0.5289836913520067,-1.0955513227885942
89,0.5286225473813574,-0.5007279194181563,-1.0293504667995137
90,0.28068254715099444,-0.6266106550890406,-0.9072932022400351
91,0.7856493648426937,-0.6553534374678761,-1.4410028023105697
92,0.4425682328145171,-0.5258568171704785,-0.9684250499849956
93,0.19079771309836288,-0.5216324365284516,-0.7124301496268145
94,-0.05128226222834998,-0.6112001081742191,-0.5599178459458691
95,0.21658258636522357,-0.489626162929652,-0.7062087492948755
96,1.2173278539587133,-0.45391068181750055,-1.6712385357762138
97,0.25595367904755456,-0.5597810228094264,-0.8157347018569809
98,0.20326440276985833,-0.560370670449756,-0.7636350732196143
99,0.4491424524419955,-0.5458546066222775,-0.9949970590642729
100,0.03996359469883598,-0.5590732809868715,-0.5990368756857074
101,0.38750235111214737,-0.5236432746713333,-0.9111456257834807
102,0.4503856889445744,-0.554953148781093,-1.0053388377256676
103,0.5247515975801387,-0.41614508876442546,-0.9408966863445641
104,0.9510735865186829,-0.5717605362778027,-1.5228341227964854
105,-0.2958554572868223,-0.2334440085620355,0.06241144872478677
106,0.9921446404088047,-0.28219516087858504,-1.2743398012873897
107,0.3646593428667183,-0.36972829984245215,-0.7343876427091705
108,-0.1343545083726046,-0.361987402004798,-0.2276328936321934
109,-0.2088471470166574,-0.34999235553911323,-0.14114520852245582
110,0.7615843480283737,-0.6316613235698121,-1.3932456715981858
111,0.3787228969008218,-0.6116269065764441,-0.990349803477266
112,1.2728796136555853,-0.4547759310533888,-1.727655544708974
113,0.6697115411285228,-0.6285528841759634,-1.2982644253044864
114,0.6850362473797866,-0.5294633937632276,-1.2144996411430142
115,0.0641331847772285,-0.5967563227480622,-0.6608895075252907
116,1.2992989684028147,-0.6280960244412785,-1.9273949928440932
117,0.14307243123727162,-0.5214806015456918,-0.6645530327829634
118,0.6590859262526398,-0.5778982756097295,-1.2369842018623693
119,0.47788234227740545,-0.5590520899222476,-1.036934432199653
120,0.20631121711260333,-0.4101874965151835,-0.6164987136277869
121,0.4737729195732357,-0.5261737540184019,-0.9999466735916376
122,0.6090929066750153,-0.6382025942413437,-1.2472955009163589
123,0.6467098553627999,-0.41775335889918747,-1.0644632142619874
124,0.42306102313249816,-0.40758860370906047,-0.8306496268415586
125,0.9036208992762065,-0.6351944527940542,-1.5388153520702605
126,-0.306860422298762,-0.4093164821811447,-0.10245605988238271
127,0.7606789107202657,-0.5728197695660637,-1.3334986802863296
128,-0.21188307929940395,-0.4042540776854196,-0.19237099838601565
129,0.60259245814242,-0.64785314332189,-1.25044560146431
130,-0.022955031955244252,-0.6752450206847277,-0.6522899887294834
131,0.9358776494018539,-0.4987832159993003,-1.4346608654011543
132,0.01423691842900432,-0.4029725233757239,-0.41720944180472824
133,-0.12843362057554314,-0.42203108135647366,-0.2935974607809305
134,-0.2754069441352309,-0.4051269697301369,-0.12972002559490597
135,0.7251072974649684,-0.5234081570371601,-1.2485154545021286
136,0.5385866822134343,-0.4530163587893367,-0.991603041002771
137,0.3618651627433535,-0.3330567604793543,-0.6949219232227077
138,0.5878006848198875,-0.683619543076154,-1.2714202278960416
139,0.10753999909477963,-0.7443292948325032,-0.8518692939272828
140,0.3764807343512845,-0.46230392546341426,-0.8387846598146987
141,0.5073922149621507,-0.4258200917256915,-0.9332123066878422
142,0.3336548036653686,-0.5458069589108494,-0.879461762576218
143,-0.11676424793083798,-0.6125627451526621,-0.4957984972218241
144,0.5288426149483691,-0.4678935624609937,-0.9967361774093628
145,0.1494967911920577,-0.49401482441988637,-0.643511615611944
146,0.41979808756264014,-0.6141290682349687,-1.0339271557976089
147,0.7831159426607525,-0.6910728454867052,-1.4741887881474578
148,0.44178221625495656,-0.5137745018644829,-0.9555567181194395
149,0.33835116195164383,-0.7695150679771817,-1.1078662299288256
150,-0.38153675116698327,-0.4814481532495475,-0.09991140208256422
151,-0.5597549784038082,-0.5091732051358462,0.05058177326796198
152,0.2929953097634061,-0.36237969647527646,-0.6553750062386825
153,0.3153877159313057,-0.3622972511518107,-0.6776849670831164
154,0.4605169470322143,-0.5781170759789074,-1.0386340230111217
155,0.509138471492924,-0.6620525577390654,-1.1711910292319894
156,0.8137347653704919,-0.49035771532234057,-1.3040924806928325
157,0.7176486965605897,-0.33015647537612103,-1.0478051719367107
158,0.19024646310930832,-0.5234250080126903,-0.7136714711219987
159,0.7974356253539199,-0.773284006315319,-1.570719631669239
160,0.20111160678383855,-0.5390840112566939,-0.7401956180405325
161,0.8085250953347246,-0.4498587884259895,-1.2583838837607142
162,0.5072396716546536,-0.5635053567171825,-1.070745028371836
163,0.289351678593244,-0.43365909752966303,-0.723010776122907
164,1.0015741901394712,-0.7070376090891759,-1.7086117992286471
165,0.5045776387446024,-0.5268003731700013,-1.0313780119146037
166,0.633986611865391,-0.6776148358648214,-1.3116014477302125
167,0.5083194308911438,-0.39617152660984156,-0.9044909575009854
168,0.2553107716721053,-0.6378982829431747,-0.89320905461528
169,0.0981606873955793,-0.5889815126043837,-0.687142199999963
170,0.7221359921969797,-0.32403617550881864,-1.0461721677057982
171,0.18911966959715362,-0.4699013619981063,-0.6590210315952599
172,0.7943435893670538,-0.5762909522856949,-1.3706345416527488
173,0.8795684411695016,-0.5829997082923083,-1.46256814946181
174,0.12011257417315738,-0.4169160748697011,-0.5370286490428585
175,0.6291103583907217,-0.619935250730238,-1.2490456091209596
176,0.13239933653192018,-0.4523130348007735,-0.5847123713326937
177,0.46004940279257955,-0.6922811060620219,-1.1523305088546014
178,0.47730451085308767,-0.7005441860742314,-1.177848696927319
179,0.3787418786100182,-0.5548887091161537,-0.9336305877261719
180,0.06800385019957728,-0.4460846922180986,-0.5140885424176759
181,0.8445805624318939,-0.5402716811159325,-1.3848522435478263
182,0.6822290335356532,-0.6026440735348935,-1.2848731070705468
183,0.1629796441924057,-0.5234835179579732,-0.686463162150379
184,0.8360842662815545,-0.4981811832635294,-1.3342654495450839
185,0.16547793987861847,-0.618055869410947,-0.7835338092895655
186,0.5969448477847007,-0.6042988487528143,-1.201243696537515
187,0.02825807183622575,-0.5615699542389886,-0.5898280260752143
188,0.6834547999151471,-0.4620022258853202,-1.1454570258004673
189,0.4664509240416063,-0.43463865023474574,-0.9010895742763521
190,0.36878717590894305,-0.4810178071679584,-0.8498049830769014
191,0.695806151317538,-0.5725000734190387,-1.2683062247365768
192,0.9141180027041482,-0.5792363245858232,-1.4933543272899714
193,0.7367157777621673,-0.4613950624092886,-1.198110840171456
194,0.31553735846359754,-0.5692049307034952,-0.8847422891670927
195,0.03748263656968019,-0.48515736921325264,-0.5226400057829328
196,0.09319762476109325,-0.5517328200370926,-0.6449304447981858
197,0.5282603596315996,-0.5062528528849783,-1.034513212516578
198,0.055725819378631386,-0.5588609072602305,-0.6145867266388619
199,0.35168920931941927,-0.7036397207659909,-1.0553289300854103
200,0.031365449606052934,-0.6786206872757422,-0.7099861368817951
201,0.9285941611578771,-0.6526053177950457,-1.581199478952923
202,0.02170644695254998,-0.5991403762914929,-0.6208468232440428
203,0.8608802079820819,-0.5056376413298935,-1.3665178493119754
204,0.4604961211283732,-0.7183106409711233,-1.1788067620994964
205,0.4177206797018487,-0.702596095879208,-1.1203167755810566
206,0.6061650311119675,-0.4127505575264238,-1.0189155886383914
207,0.009958123873096573,-0.693543134217745,-0.7035012580908416
208,-0.14332633254961796,-0.6646542602178036,-0.5213279276681857
209,1.0480001377212458,-0.6269049304377001,-1.674905068158946
210,0.6103704327294269,-0.6071031971937288,-1.2174736299231559
211,0.40849038523213616,-0.710667162262134,-1.11915754749427
212,-0.12445892347487554,-0.5672067873808672,-0.44274786390599163
213,1.1085835862838291,-0.38787349672038496,-1.496457083004214
214,-0.32319927496153517,-0.6285601491516466,-0.30536087419011143
215,0.09261643618251116,-0.555546001024695,-0.6481624372072061
216,-0.2967467975099628,-0.6244889851041489,-0.32774218759418605
217,-0.19357212671139892,-0.46335753942731095,-0.26978541271591205
218,0.9230256658389185,-0.6670099062359297,-1.5900355720748482
219,0.6923272553859287,-0.3241412041116946,-1.0164684594976232
220,0.33252331667025775,-0.5300749272240014,-0.8625982438942592
221,0.3278739249936086,-0.42499811897576484,-0.7528720439693735
222,0.8017797241085822,-0.3312497727010635,-1.1330294968096457
223,0.14780717315652142,-0.3227003871716637,-0.47050756032818514
224,0.3442914652017767,-0.5497222802285704,-0.8940137454303472
225,0.44946881873667094,-0.42920267743315776,-0.8786714961698288
226,0.46918044539790177,-0.5788460098399884,-1.0480264552378902
227,0.3519248608450764,-0.5120138127859357,-0.8639386736310122
228,0.5590383755425454,-0.431163754274299,-0.9902021298168444
229,1.0657733080714558,-0.2848766625020011,-1.350649970573457
230,0.0647280196415219,-0.4782519173401566,-0.5429799369816785
231,0.5496614037458749,-0.5395654729880566,-1.0892268767339315
232,0.6579730310552635,-0.5410831099248662,-1.1990561409801297
233,-0.38427118966065466,-0.7649339422581231,-0.3806627525974684
234,0.09481379308142923,-0.495066249173765,-0.5898800422551942
235,0.4115228602025297,-0.5747333307574853,-0.986256190960015
236,-0.036168294823138714,-0.6352014509776971,-0.5990331561545583
237,0.10267322891059255,-0.7759108708190372,-0.8785840997296297
238,0.5096190329645159,-0.7228513238298643,-1.2324703567943802
239,0.04796523255990138,-0.6302297714950571,-0.6781950040549585
240,0.21153472235814558,-0.36211509183735024,-0.5736498141954958
241,0.3728409678129973,-0.6831113719818127,-1.05595233979481
242,0.309116276727179,-0.504928501528493,-0.814044778255672
243,0.47567174230029924,-0.5794027728141569,-1.055074515114456
244,0.4305812033604701,-0.4630479645758685,-0.8936291679363386
245,0.10597221726022628,-0.47652891483418813,-0.5825011320944145
246,0.20292400471802616,-0.39577627933916215,-0.5987002840571883
247,0.21790448925987227,-0.5760089215049654,-0.7939134107648377
248,0.10347321765014254,-0.4962245457046434,-0.599697763354786
249,0.6224332208902271,-0.4944781064422497,-1.1169113273324769
250,0.19485023143786168,-0.49867473968299175,-0.6935249711208534
251,0.5168389279521018,-0.5226577572081627,-1.0394966851602645
252,0.0011134396935302548,-0.5159808197541461,-0.5170942594476764
253,0.7513588820279403,-0.3237902934291882,-1.0751491754571285
254,-0.05048171824867044,-0.3785182628671525,-0.3280365446184821
255,0.03411882228675615,-0.4060720995403113,-0.4401909218270675
256,0.6889854065727881,-0.6034573112065017,-1.2924427177792897
257,0.020929777289252327,-0.47230506184029103,-0.49323483912954336
258,0.35790219672090495,-0.547001630280422,-0.904903827001327
259,0.2572407920046844,-0.4524663505471925,-0.7097071425518768
260,0.760417722411746,-0.7726559092404264,-1.5330736316521723
261,0.40397416609460035,-0.5139633947690821,-0.9179375608636825
262,-0.47982390631913063,-0.566150999169992,-0.08632709285086138
263,0.29008712334608455,-0.5596974522870097,-0.8497845756330943
264,0.7246972163125214,-0.525509154122831,-1.2502063704353523
265,0.6446362578699817,-0.7036729914937727,-1.3483092493637545
266,0.20159281920986286,-0.5661757143291163,-0.7677685335389791
267,0.26229572522404726,-0.4991469685345541,-0.7614426937586014
268,0.8476635300078388,-0.4546294415133187,-1.3022929715211575
269,0.8333486068583357,-0.58780379878322,-1.4211524056415556
270,0.844387661133007,-0.744581012253916,-1.588968673386923
271,0.30871512847449306,-0.507879660595229,-0.816594789069722
272,0.6818363387861467,-0.5318683368614869,-1.2137046756476337
273,0.5389472127317924,-0.4734220627914559,-1.0123692755232483
274,0.6381690106993138,-0.5114101415675114,-1.149579152266825
275,-0.11423671972621872,-0.6085463674983369,-0.49430964777211817
276,0.12097089752046081,-0.7172331690584313,-0.8382040665788921
277,0.6258138374828497,-0.6677412663960376,-1.2935551038788873
278,-0.39956499546210356,-0.4307995968685508,-0.031234601406447238
279,0.7731278386156845,-0.6741714856517002,-1.4472993242673846
280,0.47289018291065316,-0.6559297069306596,-1.1288198898413127
281,-0.20869464702631474,-0.6796225267845508,-0.4709278797582361
282,0.7617642491422949,-0.33905773695625796,-1.1008219860985529
283,-0.05561547114279553,-0.5461339423036576,-0.4905184711608621
284,0.41590212829983114,-0.6565863589156017,-1.0724884872154328
285,0.4830131247280517,-0.3270489052493334,-0.8100620299773851
286,0.0674549461504152,-0.4649991452809754,-0.5324540914313907
287,0.884006499594455,-0.49420420318155206,-1.378210702776007
288,0.3241077238955452,-0.5319399173758358,-0.856047641271381
289,0.1563568895895741,-0.5430732631094277,-0.6994301526990019
290,-0.11565665590754548,-0.5272413048656093,-0.4115846489580638
291,0.20295663679230805,-0.6182516591693042,-0.8212082959616123
292,0.3682966818708008,-0.5739354600206696,-0.9422321418914704
293,0.10587932720526998,-0.4475149881931854,-0.5533943153984554
294,0.7400324826568179,-0.5687782686515683,-1.3088107513083862
295,0.1842904066822067,-0.4536940502908962,-0.6379844569731029
296,0.028158055181134223,-0.505263962813193,-0.5334220179943272
297,0.9774705034665778,-0.5355870205806941,-1.513057524047272
298,0.6942904679679149,-0.6123593518641139,-1.3066498198320289
299,1.1086865524403715,-0.6355247462720663,-1.7442112987124379
300,-2.093876923367307,-0.48650365428586495,1.607373269081442
301,1.0332551159132701,-0.21723385091906605,-1.2504889668323362
302,0.13345277973404537,-0.6906958014496901,-0.8241485811837355
303,-0.06019063284140329,-0.7480937454645716,-0.6879031126231684
304,0.5426056741411537,-0.7227055162312702,-1.265311190372424
305,0.254805849027132,-0.7478238748667476,-1.0026297238938797
306,0.48824896267015555,-0.7660843775062165,-1.254333340176372
307,0.38828015163530366,-0.5041042495161988,-0.8923844011515025
308,0.26136449894312636,-0.3956515169970887,-0.6570160159402151
309,0.5655300076038191,-0.405269287411244,-0.9707992950150631
310,0.5824110462221369,-0.4964797996388134,-1.0788908458609503
311,0.7332333444685779,-0.5637809557362534,-1.2970143002048313
312,0.3368835600292258,-0.6309611724252172,-0.967844732454443
313,0.4034296791969588,-0.611807252561069,-1.0152369317580279
314,0.15869350141467492,-0.48416821797261717,-0.6428617193872921
315,0.2573497665691127,-0.7507796835146553,-1.0081294500837679
316,0.37712090437325563,-0.6815306948327455,-1.058651599206001
317,0.5280175382855432,-0.7062813618641381,-1.2342989001496814
318,0.38600398311141193,-0.514859971158718,-0.9008639542701299
319,0.9544540788211389,-0.6890832950393933,-1.6435373738605321
320,0.18203804500762333,-0.5059377712975015,-0.6879758163051248
321,0.8338878354995186,-0.4561303590545125,-1.290018194554031
322,0.6824485830766647,-0.8989507404504344,-1.581399323527099
323,0.6966190519994193,-0.8083804484358769,-1.504999500435296
324,0.06960410832766027,-0.7153032319246535,-0.7849073402523138
325,0.18735680702950788,-0.7235399481426672,-0.910896755172175
326,0.325607988436738,-0.667852425838293,-0.993460414275031
327,0.6946029246620599,-0.6815958481512508,-1.3761987728133107
328,0.06990121219805091,-0.5729973581913793,-0.6428985703894302
329,0.7342644609406588,-0.4512446675915353,-1.1855091285321941
330,0.5073509549927531,-0.2972079607156094,-0.8045589157083625
331,0.2471716824832626,-0.5669690911686448,-0.8141407736519074
332,0.4314336362986307,-0.5949280630505724,-1.026361699349203
333,0.38330811948038135,-0.569156601466474,-0.9524647209468553
334,0.3112782043197589,-0.5968554397763646,-0.9081336440961234
335,0.8188776512828708,-0.5858747687278769,-1.4047524200107477
336,1.4506196758072267,-0.4635893765370018,-1.9142090523442286
337,0.5565322240078602,-0.515601884488647,-1.072134108496507
338,0.3039384171168961,-0.5107558734149952,-0.8146942905318912
339,0.7979970295784741,-0.4665992834799265,-1.2645963130584006
340,0.6082992998345089,-0.5133254876823752,-1.121624787516884
341,0.16785191767274157,-0.5539004913321829,-0.7217524090049244
342,0.31085751748557816,-0.6041157228810593,-0.9149732403666375
343,0.7921855220218436,-0.7468480701034821,-1.5390335921253255
344,0.38173116857741296,-0.4762664331940094,-0.8579976017714224
345,1.0436551619552292,-0.6152246556676079,-1.6588798176228372
346,0.3758073609672248,-0.6456969175156043,-1.021504278482829
347,0.7291517906789793,-0.7597365472646427,-1.488888337943622
348,-0.34270240563512855,-0.651508555532392,-0.3088061498972634
349,1.0245326100212686,-0.6556857559368059,-1.6802183659580745
350,0.4696457052257826,-0.7481690097020357,-1.2178147149278182
351,0.5117137321707101,-0.7945292672329222,-1.3062429994036324
352,0.6286464948208377,-0.6938849848220858,-1.3225314796429235
353,0.33580871030949805,-0.7223935342427239,-1.058202244552222
354,0.5868705834938817,-0.4882133044032272,-1.075083887897109
355,0.37849637623305854,-0.6352653549673489,-1.0137617312004075
356,0.23134924696844483,-0.5295022555120047,-0.7608515024804495
357,1.2045202508992352,-0.5561307502887791,-1.7606510011880143
358,0.3120466118380691,-0.6098649077985214,-0.9219115196365906
359,0.49911385703513766,-0.4368242442859475,-0.9359381013210852
360,0.48330179300679577,-0.6137038195956948,-1.0970056126024905
361,0.5891153757901745,-0.558674817025182,-1.1477901928153564
362,0.15030705101493946,-0.5086265524318798,-0.6589336034468193
363,0.635248493595387,-0.38135812003226266,-1.0166066136276497
364,0.7410441289870813,-0.6206245865205002,-1.3616687155075815
365,1.666087701174613,-0.5558813332219895,-2.2219690343966025
366,0.30442464496098526,-0.5341707502844963,-0.8385953952454817
367,1.2695238058484548,-0.3503821902076145,-1.6199059960560693
368,-0.22356971143561005,-0.5065089129602551,-0.2829392015246451
369,0.5304881521980066,-0.5521903997940235,-1.0826785519920301
370,0.5502901136085646,-0.31507603301731657,-0.8653661466258812
371,-0.07776633490015927,-0.4510811676108375,-0.3733148327106782
372,0.3276979797925495,-0.7634371303534057,-1.0911351101459552
373,0.7421344772465235,-0.5037906314922889,-1.2459251087388123
374,0.4753050396171958,-0.5804264779491164,-1.0557315175663122
375,0.6237307399073653,-0.43271932489440834,-1.0564500648017736
376,0.28956322864558937,-0.5715405930287168,-0.8611038216743062
377,0.5487321848568469,-0.430697186986356,-0.979429371843203
378,-0.04317659349493185,-0.5409383165798975,-0.4977617230849657
379,0.41854361899551595,-0.3463867183185845,-0.7649303373141004
380,0.28985939305931824,-0.499753863171257,-0.7896132562305752
381,0.3788793217892213,-0.6166885564740593,-0.9955678782632806
382,0.47064889524033643,-0.520271547915196,-0.9909204431555325
383,0.8488868929212123,-0.41795592966909584,-1.2668428225903081
384,1.0119841599195656,-0.6189914890388174,-1.6309756489583829
385,0.38854826356476635,-0.4094773502723717,-0.798025613837138
386,0.005063011667571504,-0.5224549260644324,-0.527517937732004
387,1.0921444313180686,-0.5821775117414778,-1.6743219430595464
388,0.25676175312028093,-0.5074397465125553,-0.7642014996328362
389,0.442747145600609,-0.5910780121635876,-1.0338251577641966
390,1.1330619911972986,-0.8330417712550852,-1.9661037624523838
391,0.08297987997729236,-0.6287413253692272,-0.7117212053465196
392,-0.08560706365046183,-0.5193242692340273,-0.43371720558356547
393,-0.26252826154101844,-0.6669927161123484,-0.40446445457133
394,0.056969811269986556,-0.5511444701938494,-0.608114281463836
395,0.8956005611752476,-0.5383817828613456,-1.4339823440365933
396,0.8414886368469543,-0.5163164415311445,-1.3578050783780988
397,-0.432937367047774,-0.6065692258412404,-0.17363185879346638
398,0.6827491512612432,-0.39788956424132704,-1.0806387155025703
399,-0.815268319629923,-0.6603380908929782,0.15493022873694473
400,0.5561997804078785,-0.5856696166880556,-1.1418693970959342
401,-0.12991791472505235,-0.6270478238675465,-0.4971299091424942
402,0.6891873943228402,-0.5945518157794476,-1.2837392101022878
403,-1.0598726724364629,-0.7650781714912492,0.29479450094521364
404,0.49575747025147493,-0.4651932052641786,-0.9609506755156536
405,-0.006793887640396382,-0.5576085398874282,-0.5508146522470319
406,-0.03580244940848598,-0.5767121790707311,-0.5409097296622452
407,0.2954953635415217,-0.6220972999406662,-0.9175926634821879
408,0.7994837520362659,-0.44095858248293196,-1.240442334519198
409,0.5749496913808645,-0.42693144347614886,-1.0018811348570134
410,0.442298841923497,-0.4613526637433924,-0.9036515056668895
411,-0.19447841453500814,-0.5660684984689843,-0.3715900839339762
412,0.7894987113031462,-0.7512112865713921,-1.5407099978745382
413,0.6035004453977619,-0.42690820384012207,-1.0304086492378839
414,0.7491106257834029,-0.7114955171198474,-1.4606061429032504
415,-0.37772322719945367,-0.30654992364319794,0.07117330355625573
416,0.8171211492234257,-0.4095163289997416,-1.2266374782231673
417,0.05071721925358615,-0.36030053677993373,-0.41101775603351987
418,1.3045104439472284,-0.7068503059576039,-2.0113607499048323
419,0.6144564688904496,-0.5982150605267543,-1.212671529417204
420,0.3188590029911107,-0.47092224718591447,-0.7897812501770252
421,0.8772506596516143,-0.4965833426541047,-1.373834002305719
422,0.5526982318880282,-0.5338686430444375,-1.0865668749324657
423,0.4833874112030897,-0.7823899882977241,-1.2657773995008137
424,0.02454095958973105,-0.5926816114125923,-0.6172225710023234
425,0.34708068423048155,-0.6959002582827846,-1.0429809425132661
426,0.5296079570053993,-0.5323661308733616,-1.061974087878761
427,2.542692649620333,-0.4142041809983726,-2.9568968306187053
428,0.6824983772425782,-0.5143038298111525,-1.1968022070537307
429,0.35808520412236783,-0.4865759274990989,-0.8446611316214667
430,0.47926285635713645,-0.5314202804469081,-1.0106831368040445
431,0.6179176951337775,-0.5362648478184744,-1.1541825429522519
432,0.5668726531683261,-0.523007078618393,-1.089879731786719
433,0.4934490682914423,-0.6166653220262922,-1.1101143903177344
434,0.29190000944641037,-0.6630133683007498,-0.9549133777471601
435,0.874527201569101,-0.6216094542937498,-1.4961366558628508
436,1.5924038681160586,-0.6163187753210326,-2.208722643437091
437,1.1423594149847298,-0.5681762511666222,-1.710535666151352
438,1.0549707493908174,-0.6156580148051906,-1.670628764196008
439,-1.245514851433285,-0.5262164900651228,0.7192983613681622
440,1.2344162756520292,-0.49634497226578383,-1.730761247917813
441,0.5077629989408265,-0.6530303054346702,-1.1607933043754968
442,0.6110999033011423,-0.6743635230425756,-1.285463426343718
443,0.9689757935346615,-0.5638930739385246,-1.532868867473186
444,0.3084142593827858,-0.7081532512221129,-1.0165675106048988
445,0.3318811284328821,-0.6738012838004057,-1.0056824122332877
446,0.4510834692026229,-0.7129360481344331,-1.164019517337056
447,0.21873733203770757,-0.7210241341413487,-0.9397614661790563
448,0.5838735211769027,-0.3150891394381229,-0.8989626606150256
449,0.9817243946913686,-0.38270234062327957,-1.3644267353146482
450,0.06867107800799142,-0.35235809609153484,-0.4210291740995263
451,0.2770533344755218,-0.4969210171612443,-0.7739743516367661
452,0.6812208491990266,-0.6905946463533524,-1.371815495552379
453,-0.255481042637724,-0.41963796631651756,-0.1641569236787936
454,0.04223905706304145,-0.40593362839018077,-0.4481726854532222
455,-0.42702417075567223,-0.6061896463413173,-0.1791654755856451
456,0.03299361853719337,-0.5714128067465984,-0.6044064252837918
457,-1.9157826911823395,-0.7267186182973377,1.1890640728850017
458,0.7933870736240806,-0.6696852283018309,-1.4630723019259113
459,0.27339433921422157,-0.6922452137030772,-0.9656395529172987
460,0.13535865936407115,-0.5932000250357423,-0.7285586843998135
461,0.04716359110421903,-0.5552629030093951,-0.6024264941136142
462,0.9808007023104225,-0.4623123048407035,-1.443113007151126
463,0.5701526306695162,-0.5919148738792162,-1.1620675045487323
464,0.14332124413203143,-0.5975097304639396,-0.740830974595971
465,0.26206881270416565,-0.7717504445945362,-1.033819257298702
466,0.1998385610579753,-0.5641208898131327,-0.763959450871108
467,0.21908150634988793,-0.59132139728865,-0.8104029036385378
468,-0.26599005436916096,-0.5129017757263861,-0.2469117213572251
469,0.38743971534189964,-0.49693693616258827,-0.884376651504488
470,-0.7266812839270611,-0.5226981642681124,0.20398311965894866
471,0.4187796972560745,-0.7414012203353881,-1.1601809175914626
472,0.19869184839051107,-0.6578511190198393,-0.8565429674103504
473,0.9012114625579548,-0.5330703107561587,-1.4342817733141136
474,0.30754189756883765,-0.41298745876898396,-0.7205293563378217
475,-0.2634721934704786,-0.6206645081319948,-0.3571923146615162
476,0.19300487512751108,-0.6162991738604326,-0.8093040489879437
477,0.24227013736676808,-0.6419529608278743,-0.8842230981946424
478,0.5320324265621895,-0.4873090873004764,-1.019341513862666
479,0.45613121138908075,-0.49090543670455933,-0.9470366480936401
480,0.1727132457758315,-0.5862765401654619,-0.7589897859412934
481,0.3417288283190033,-0.5068588802118665,-0.8485877085308698
482,0.2692324307594363,-0.38950815438062464,-0.658740585140061
483,0.607464393562792,-0.5200728033200095,-1.1275371968828014
484,0.6565967776616312,-0.5089708294371169,-1.165567607098748
485,0.407665208864154,-0.5227643431011434,-0.9304295519652974
486,0.9533495777671436,-0.6819105470779716,-1.6352601248451153
487,0.3738248859140724,-0.7596805056532873,-1.1335053915673596
488,0.6612384755646867,-0.5792956424147764,-1.2405341179794631
489,1.4771058039608658,-0.5171206195105106,-1.9942264234713765
490,0.8236373481310799,-0.6288705773072418,-1.4525079254383217
491,-0.06716990798048092,-0.6791974018798188,-0.6120274938993379
492,0.07593266701599113,-0.5354187399555504,-0.6113514069715416
493,1.421590876992828,-0.6179000036560276,-2.039490880648856
494,0.1877521595204149,-0.4301253071515232,-0.6178774666719381
495,0.5417204464686245,-0.7860136739297965,-1.327734120398421
496,0.24275702479407635,-0.7370485334377851,-0.9798055582318614
497,1.0024504511759529,-0.5539653374366071,-1.55641578861256
498,1.1198553578562862,-0.6379309126944849,-1.757786270550771
499,0.21095640996182705,-0.7646250704313532,-0.9755814803931803
500,0.16012329734339717,-0.543119395952232,-0.7032426932956292
501,0.05135470261991826,-0.7817950700618816,-0.8331497726817999
502,0.9043589732809025,-0.46458278518751217,-1.3689417584684147
503,-0.09401799283337661,-0.5846277295969596,-0.490609736763583
504,0.05030641175815523,-0.591348537641996,-0.6416549494001512
505,-0.11658316499253056,-0.4069415434382782,-0.29035837844574763
506,0.413387782438826,-0.5279138668152135,-0.9413016492540395
507,0.335693122333288,-0.6060445763817153,-0.9417376987150032
508,0.42072184506176297,-0.6332881954039112,-1.0540100404656743
509,0.9966244869482472,-0.6205463000201303,-1.6171707869683776
510,0.4753950606231768,-0.5927115848046592,-1.068106645427836
511,0.225196509172448,-0.6447623121006165,-0.8699588212730645
512,0.7670102127904348,-0.5394887985968416,-1.3064990113872765
513,-0.16890367565504683,-0.661551973768293,-0.4926482981132462
514,0.9895064421982599,-0.6364251113410788,-1.6259315535393388
515,0.7443180317004319,-0.5502844332767541,-1.294602464977186
516,0.7448358016845522,-0.5698872371471108,-1.314723038831663
517,-0.05058094478152011,-0.5110307706641656,-0.4604498258826455
518,0.052890431489885516,-0.6158120683856201,-0.6687024998755056
519,1.1605979256323633,-0.4771063868462091,-1.6377043124785724
520,0.2753966959638461,-0.6260394541677499,-0.901436150131596
521,0.30448348946999393,-0.15892165317380832,-0.4634051426438023
522,0.14549599115300996,-0.48503419710018003,-0.63053018825319
523,0.24141475531426287,-0.4973529653770719,-0.7387677206913348
524,0.38111163435443157,-0.7163639584099135,-1.0974755927643451
525,0.3646828482264771,-0.5314291883795329,-0.89611203660601
526,0.594674576593687,-0.6064734283935856,-1.2011480049872727
527,0.2802895770653587,-0.5769169037695224,-0.8572064808348812
528,0.4381614701045653,-0.5383483223159817,-0.976509792420547
529,0.7151898536726483,-0.5716287767492666,-1.286818630421915
530,0.7184825160775281,-0.7347611472500721,-1.4532436633276002
531,0.5900171314837274,-0.6352976500342835,-1.2253147815180108
532,0.8733193880298545,-0.5518962790215357,-1.4252156670513902
533,0.5479444493187283,-0.5337242925038872,-1.0816687418226154
534,0.9776999762477356,-0.6360795728060821,-1.6137795490538176
535,0.20565765261668184,-0.7036740261351577,-0.9093316787518395
536,0.528322882141517,-0.6201997883918359,-1.1485226705333529
537,0.45162480650468106,-0.5729293576373917,-1.0245541641420728
538,0.5253685017949542,-0.5150600143512662,-1.0404285161462203
539,0.5029742784061174,-0.5714126852514392,-1.0743869636575565
540,0.7107655475144582,-0.5136227592359319,-1.2243883067503902
541,-0.034536035531127524,-0.679804420059283,-0.6452683845281555
542,0.4407731778851461,-0.5528570675583021,-0.9936302454434482
543,0.2609156266694936,-0.47737157154601456,-0.7382871982155081
544,0.15371396009479973,-0.48553663980480344,-0.6392505998996032
545,0.28825535648209266,-0.32664234997161967,-0.6148977064537123
546,0.503449022927885,-0.6048602549299791,-1.108309277857864
547,0.4404028659590615,-0.4167037716379397,-0.8571066375970011
548,0.5451525660816436,-0.4433698331851899,-0.9885223992668335
549,0.5448610559998693,-0.44290263410363856,-0.9877636901035078
550,-0.06701013496422963,-0.6477037565993374,-0.5806936216351078
551,0.3750163061297057,-0.3712261743506731,-0.7462424804803789
552,0.4135726129174707,-0.5290683556238546,-0.9426409685413253
553,0.3529127537096267,-0.4503032399629039,-0.8032159936725306
554,-0.5191174886132249,-0.4466724471999013,0.07244504141332364
555,0.3744526030170688,-0.5940746050653967,-0.9685272080824654
556,0.0540411431749689,-0.4366360875456756,-0.4906772307206445
557,0.5054170741950649,-0.6776796668313999,-1.1830967410264648
558,-0.06516460595106557,-0.5700697357326537,-0.5049051297815882
559,0.35422929873233433,-0.6277623477108623,-0.9819916464431966
560,0.4390188059409902,-0.40272379903607425,-0.8417426049770644
561,0.5919913722280589,-0.34856911970714277,-0.9405604919352016
562,0.5100692749547997,-0.367543127075583,-0.8776124020303827
563,1.2393183192148431,-0.41245599641974295,-1.651774315634586
564,0.3632735909527465,-0.622722843593508,-0.9859964345462545
565,0.3517356641072194,-0.6722584264324185,-1.0239940905396379
566,0.2027603280643928,-0.4228255662363573,-0.6255858943007501
567,0.39730265137428517,-0.462757439784342,-0.8600600911586271
568,0.6703257656082275,-0.5403847094958393,-1.210710475104067
569,0.35007207093783227,-0.5182284848546209,-0.8683005557924532
570,0.977472996928562,-0.6315866623136643,-1.6090596592422264
571,0.8733383132632597,-0.5869412420823723,-1.460279555345632
572,-0.12222563263663924,-0.44990219570291073,-0.32767656306627146
573,0.7011112779407678,-0.43148470281123086,-1.1325959807519985
574,0.2551505469356278,-0.618695220557024,-0.8738457674926517
575,0.6147611297337775,-0.32414532358929077,-0.9389064533230682
576,0.72261686956839,-0.4433333272535669,-1.165950196821957
577,1.171677653655249,-0.33047041771693153,-1.5021480713721804
578,1.1006894337863347,-0.42167834763092726,-1.522367781417262
579,-0.35833960008525256,-0.5237672894605868,-0.16542768937533425
580,1.0782394237592385,-0.4762926417939078,-1.5545320655531463
581,-0.37611517684755696,-0.756235759737073,-0.38012058288951606
582,0.7594965478303455,-0.40621512433437357,-1.165711672164719
583,-0.2405491788171615,-0.8866872110095579,-0.6461380321923964
584,0.3282723475789223,-0.6145523445277915,-0.9428246921067138
585,0.8158294846937001,-0.5521349733671341,-1.3679644580608343
586,0.28290835233088074,-0.6416578302313386,-0.9245661825622193
587,0.027748607715660345,-0.6702052254372696,-0.6979538331529299
588,-0.10483042675393295,-0.6099063489374622,-0.5050759221835293
589,0.3814803788886954,-0.5886761356316925,-0.9701565145203879
590,0.7721025973680344,-0.48516070602251743,-1.2572633033905518
591,0.7890051250255661,-0.626709666076211,-1.4157147911017771
592,0.6124771507673534,-0.5655761480548337,-1.1780532988221872
593,0.19012935226485353,-0.76000924072302,-0.9501385929878735
594,0.4508837536228571,-0.5156438150968965,-0.9665275687197536
595,0.49454833886281424,-0.5634018508651016,-1.057950189727916
596,0.3474844730924913,-0.5842690077342022,-0.9317534808266935
597,0.5172835417539727,-0.5242964244622041,-1.0415799662161769
598,0.28481818054845914,-0.6469536731090726,-0.9317718536575317
599,0.6611125896738735,-0.48536148148549085,-1.1464740711593644
600,0.39588402430542535,-0.5414396926889316,-0.9373237169943569
601,0.8179311224082649,-0.5060329499180247,-1.3239640723262895
602,-0.04389170954296641,-0.552276327574457,-0.5083846180314906
603,0.039788952977498425,-0.5821423542718164,-0.6219313072493148
604,0.013123753138529157,-0.6609667329509329,-0.6740904860894621
605,1.538032314934365,-0.4097444157951332,-1.9477767307294984
606,0.6220020668846276,-0.6296370241881453,-1.2516390910727728
607,0.6134203423019955,-0.22694982681275058,-0.840370169114746
608,0.10073944135436386,-0.6325843371581612,-0.7333237785125251
609,0.8709593232818948,-0.4570069512068662,-1.327966274488761
610,0.5294604294843174,-0.5106100826338857,-1.040070512118203
611,0.9174948975573092,-0.4196513321367095,-1.3371462296940186
612,0.20573333691133638,-0.5203665198717864,-0.7260998567831227
613,0.5093847824007944,-0.6338572902036613,-1.1432420726044557
614,0.2994977537070144,-0.798827139270474,-1.0983248929774885
615,0.4912712673996512,-0.7351661226058913,-1.2264373900055425
616,0.8908894207103628,-0.5377165169985483,-1.428605937708911
617,0.25141365390256465,-0.5036145344759121,-0.7550281883784767
618,0.025251336793239376,-0.5408652897776589,-0.5661166265708983
619,-0.051946845779115396,-0.619310166807776,-0.5673633210286606
620,0.5133120546102105,-0.5341111147723203,-1.0474231693825309
621,0.27569660277369756,-0.4852864557770955,-0.7609830585507931
622,0.41628251600823896,-0.830595768944007,-1.246878284952246
623,0.3443436050698119,-0.5455160236542159,-0.8898596287240278
624,0.465747552244148,-0.4730984195683575,-0.9388459718125055
625,0.42194821142721295,-0.563789613106675,-0.9857378245338879
626,0.7738763576668364,-0.7685194199838052,-1.5423957776506416
627,0.5613619950786757,-0.5506429956539426,-1.1120049907326184
628,0.30258253108459854,-0.48574331105573026,-0.7883258421403287
629,1.8306705169014534,-0.617788931784106,-2.4484594486855595
630,-0.38090175874277404,-0.5299802118193635,-0.14907845307658946
631,-0.41735412315112574,-0.6444442442396383,-0.22709012108851256
632,1.2236952854569625,-0.46494135362702915,-1.6886366390839918
633,-0.20030828588294713,-0.6133391427820809,-0.41303085689913377
634,1.096360964036763,-0.5423751708942888,-1.6387361349310519
635,0.12147964941962058,-0.5470417204090787,-0.6685213698286994
636,0.04597310312759393,-0.33075117759388306,-0.376724280721477
637,0.18806318943250905,-0.4748083626925044,-0.6628715521250135
638,0.7773826587393532,-0.502523448188801,-1.2799061069281543
639,0.6203288104793918,-0.563061281106005,-1.1833900915853968
640,-0.0322970754316924,-0.3068147288337728,-0.2745176534020804
641,0.9005926499709009,-0.3676826209841856,-1.2682752709550864
642,0.08358150842233676,-0.5765556995243766,-0.6601372079467134
643,0.567344520904678,-0.6326023526632192,-1.1999468735678973
644,0.1243617961949797,-0.5751793332525783,-0.699541129447558
645,0.8952937964931352,-0.5146265887439895,-1.4099203852371247
646,0.5430095500144724,-0.508984141174893,-1.0519936911893653
647,0.4770322480609601,-0.6435946074692391,-1.1206268555301993
648,0.7420105444425058,-0.5974295927394873,-1.339440137181993
649,0.6702919303118688,-0.3258878902486202,-0.996179820560489
650,0.34085505608949784,-0.7265533689192654,-1.0674084250087632
651,1.1347020652583113,-0.7437580877502037,-1.878460153008515
652,0.5221354871014393,-0.6928302820602736,-1.2149657691617128
653,0.1038439999416783,-0.4827775924369169,-0.5866215923785952
654,0.24502253108812289,-0.4683640531664434,-0.7133865842545664
655,0.22909516196388602,-0.5044539758179687,-0.7335491377818547
656,0.6895416584702015,-0.4936858749412715,-1.183227533411473
657,-0.1730439880274311,-0.6374721673557213,-0.4644281793282902
658,0.433375075414183,-0.6545011507963301,-1.087876226210513
659,0.3471487161951883,-0.5636621204286889,-0.9108108366238772
660,0.34919700913180135,-0.453440813556877,-0.8026378226886783
661,0.2827588243167585,-0.5299534348262154,-0.8127122591429738
662,0.7657917456743656,-0.5060624221273422,-1.271854167801708
663,0.3449841840412155,-0.5773699741225673,-0.9223541581637829
664,0.20034264986980815,-0.7081500621621865,-0.9084927120319946
665,0.869184337741947,-0.6416831999408392,-1.5108675376827863
666,0.34413681600768203,-0.7540894572638065,-1.0982262732714885
667,1.116510558175873,-0.4418618742325319,-1.558372432408405
668,0.28792126582077515,-0.35697867493294977,-0.6448999407537249
669,1.1847153299798294,-0.48362362223486527,-1.6683389522146947
670,0.534550199288581,-0.5590942027981893,-1.0936444020867704
671,0.13331479633409365,-0.5570878562878008,-0.6904026526218945
672,0.2906851718245994,-0.6185018190336421,-0.9091869908582415
673,0.11815286897733975,-0.8414615240349991,-0.9596143930123389
674,0.9645076787262811,-0.372526002696629,-1.33703368142291
675,-0.12987607411164853,-0.5905545270736667,-0.4606784529620182
676,0.016311664202189456,-0.5713669153668376,-0.587678579569027
677,0.12427231682410363,-0.4222943863036009,-0.5465667031277045
678,-0.4804120669943197,-0.5456666493408115,-0.06525458234649184
679,0.6363810105132683,-0.7910466940885843,-1.4274277046018526
680,0.42955695041658976,-0.6573081464753212,-1.086865096891911
681,0.1423588102811656,-0.6696768161333122,-0.8120356264144778
682,0.4394748102493837,-0.5081730203104127,-0.9476478305597964
683,0.28526184850834774,-0.5282533176926156,-0.8135151662009634
684,0.5224068596460166,-0.35914803217483493,-0.8815548918208516
685,0.5236307499877852,-0.7141927781563477,-1.237823528144133
686,0.5535768687480223,-0.6759760538956547,-1.229552922643677
687,0.9579240491526108,-0.6633366842276455,-1.6212607333802562
688,0.36313815957434625,-0.5006006124409138,-0.8637387720152601
689,0.46160463583065686,-0.3177499847894058,-0.7793546206200627
690,0.4583614070798509,-0.6137150562595647,-1.0720764633394155
691,0.35383664946199106,-0.46886066300612056,-0.8226973124681116
692,-0.10628844274669576,-0.5595816334654347,-0.4532931907187389
693,0.12492134505778091,-0.5521813743119067,-0.6771027193696877
694,0.6806672503605904,-0.43444654631510465,-1.115113796675695
695,0.7706759175074404,-0.3921241666056691,-1.1628000841131094
696,1.0867241080238557,-0.535125095237085,-1.6218492032609406
697,0.1992471164412785,-0.5601251652291468,-0.7593722816704253
698,0.6037046634287488,-0.4230155927694307,-1.0267202561981796
699,-0.7146555673007425,-0.42585176831329147,0.28880379898745107
700,0.7066906893722933,-0.5088212225552193,-1.2155119119275126
701,0.13327811431547582,-0.4846436403714232,-0.617921754686899
702,0.4677611456410053,-0.4533962622637904,-0.9211574079047957
703,-0.3219175099382609,-0.6198844634866917,-0.2979669535484308
704,0.31422683645459365,-0.6574305451129763,-0.97165738156757
705,-0.2005993116912596,-0.7022440564581465,-0.5016447447668868
706,0.3891884393428488,-0.587199578821807,-0.9763880181646558
707,0.15524150669085507,-0.7200614863610596,-0.8753029930519147
708,0.6649632690524281,-0.6339049889508623,-1.2988682580032904
709,0.09838744058577616,-0.6298818139884045,-0.7282692545741807
710,0.5876491811881024,-0.6012012436168787,-1.188850424804981
711,0.6540010409315289,-0.7146225983147659,-1.368623639246295
712,0.7041554515921842,-0.24691735774576806,-0.9510728093379522
713,0.6812539548396536,-0.2885760466668469,-0.9698300015065004
714,0.737325300284447,-0.4613183095671645,-1.1986436098516116
715,0.6440603682133889,-0.6378920728619963,-1.281952441075385
716,-0.7411152597849681,-0.4578558891953906,0.28325937058957745
717,0.6654453835542269,-0.5938581592772536,-1.2593035428314805
718,0.3286041983186409,-0.4473978235888829,-0.7760020219075239
719,0.4588525363907363,-0.5257175387321698,-0.9845700751229061
720,0.008863200273973026,-0.4069363798770634,-0.4157995801510364
721,0.43706725874688745,-0.5688998636714561,-1.0059671224183435
722,0.8960383169476841,-0.47953864747182434,-1.3755769644195084
723,0.20409800669817613,-0.4614764906855928,-0.665574497383769
724,0.6132666892556576,-0.5037232519329196,-1.116989941188577
725,-0.08262539926614491,-0.41109844424232395,-0.328473044976179
726,1.3056350271668113,-0.7094413271808071,-2.0150763543476184
727,0.33480516053445686,-0.5513009344168734,-0.8861060949513303
728,0.290369785376145,-0.4685838321740611,-0.7589536175502061
729,-0.19131339521418536,-0.4803643511201193,-0.289050955905934
730,0.8387205463884322,-0.4677076366725758,-1.306428183061008
731,0.5044789783616215,-0.49497061541316784,-0.9994495937747894
732,0.6414818647468015,-0.3723332081390318,-1.0138150728858333
733,-0.10461425540975854,-0.5597882096744368,-0.4551739542646782
734,-0.1712275071926321,-0.5658012874817349,-0.3945737802891027
735,0.2774534023060691,-0.4549208585550823,-0.7323742608611514
736,0.47203087330752824,-0.6894056364757425,-1.1614365097832708
737,0.13519312697045555,-0.6316600457044185,-0.766853172674874
738,0.24325449295989893,-0.6795935503466503,-0.9228480433065491
739,0.37621218646301935,-0.5321043149953265,-0.9083165014583459
740,0.6034600975104932,-0.6519693509370073,-1.2554294484475004
741,0.10928200244939344,-0.3570756045784108,-0.46635760702780427
742,1.0559544337432993,-0.45590767772015584,-1.5118621114634552
743,-1.124896127070619,-0.5878953379271182,0.5370007891435008
744,0.4220132216552488,-0.5431396508744929,-0.9651528725297417
745,0.49912492142861803,-0.5818990094246099,-1.081023930853228
746,0.2910829882473516,-0.5790592627269977,-0.8701422509743493
747,0.6510984400424552,-0.6253153684084816,-1.2764138084509367
748,0.15085762955872456,-0.6411999244261437,-0.7920575539848682
749,1.5831914841330519,-0.622501771717515,-2.2056932558505666
750,1.0885971430649792,-0.5900362473722444,-1.6786333904372235
751,0.12706015984278227,-0.6024981878318801,-0.7295583476746624
752,-0.029955049662786466,-0.5781119719933092,-0.5481569223305227
753,0.3312752414090167,-0.6314733014725481,-0.9627485428815648
754,0.1723376578296014,-0.343112424506838,-0.5154500823364394
755,0.5055600184491719,-0.4619173290683859,-0.9674773475175578
756,1.1891870220039327,-0.44759988471671464,-1.6367869067206473
757,0.6296501017181859,-0.42716113861560806,-1.056811240333794
758,0.3265338399238179,-0.4926490691024637,-0.8191829090262817
759,0.38188575413986375,-0.48195724692978154,-0.8638430010696453
760,0.26961396816092414,-0.6962967346747918,-0.9659107028357159
761,-0.09018011843420758,-0.4143611882177661,-0.3241810697835585
762,0.024466596330554077,-0.35602756154603477,-0.38049415787658886
763,0.35225467253607223,-0.4914376715325583,-0.8436923440686306
764,0.325045132702783,-0.6115300643545137,-0.9365751970572967
765,0.6255830389163455,-0.4665499840125974,-1.0921330229289428
766,-0.38712182822066293,-0.4851984860196351,-0.09807665779897218
767,0.16246689315025703,-0.5752061406627439,-0.7376730338130009
768,0.2892415699046734,-0.4125007312609621,-0.7017423011656355
769,0.3019664811265785,-0.7972221930448217,-1.0991886741714
770,0.21354588820340503,-0.8294690714653653,-1.0430149596687703
771,0.5551276020434952,-0.7895414035353456,-1.3446690055788408
772,0.326225810259828,-0.5772005504762677,-0.9034263607360957
773,0.8123392317696709,-0.621766266591641,-1.434105498361312
774,0.5106680798987888,-0.5901173947618491,-1.100785474660638
775,0.20112529952667604,-0.5176435092848446,-0.7187688088115206
776,0.552428796016111,-0.6423603152697109,-1.194789111285822
777,0.7262842826215603,-0.6816447733183149,-1.4079290559398752
778,0.7026408757924576,-0.5730620668159379,-1.2757029426083955
779,0.8097661536162355,-0.49824892740598764,-1.308015081022223
780,0.470446701726265,-0.6183612214803116,-1.0888079232065766
781,0.25756657178693315,-0.6113201901076191,-0.8688867618945522
782,0.3082923477392711,-0.6878925134102002,-0.9961848611494712
783,0.20992600208034148,-0.6341015854808523,-0.8440275875611938
784,0.10815613978293168,-0.35776201142946806,-0.46591815121239977
785,0.6746090240108777,-0.7080792460604032,-1.3826882700712808
786,0.18082615914334763,-0.5081364542606764,-0.6889626134040241
787,0.5268568726612385,-0.4958754040628641,-1.0227322767241027
788,0.7514977232263851,-0.5018557010460747,-1.2533534242724598
789,0.7017462218138542,-0.631555099411039,-1.3333013212248932
790,0.7635387957052869,-0.6125301511549451,-1.376068946860232
791,0.2745721990733206,-0.49129110542390003,-0.7658633044972206
792,0.6732418101280574,-0.4502784037999567,-1.123520213928014
793,0.2607998837763635,-0.44425448193655304,-0.7050543657129165
794,0.8901752251278732,-0.5349005958128005,-1.4250758209406738
795,0.6138284076601066,-0.6039897310104417,-1.2178181386705482
796,0.5509574634052199,-0.39324630339702277,-0.9442037668022427
797,0.6035582828513752,-0.5639328696428894,-1.1674911524942646
798,0.513361234164307,-0.6759497610803711,-1.189310995244678
799,0.6323847052366326,-0.6889991628172097,-1.3213838680538423
800,0.7014337078629073,-0.6168331744702754,-1.3182668823331827
801,0.04467013338774001,-0.4537193808927305,-0.4983895142804705
802,0.19474371254264122,-0.5982677620412122,-0.7930114745838535
803,1.0503860822308333,-0.5013660274019811,-1.5517521096328144
804,0.9578136105650451,-0.5577500831465477,-1.5155636937115928
805,0.2949558081230623,-0.4217329233664357,-0.7166887314894981
806,-0.04027941239951553,-0.6722638742985731,-0.6319844618990577
807,0.5057466495336461,-0.4756504541717642,-0.9813971037054103
808,0.7702809829872634,-0.587494938563349,-1.3577759215506124
809,0.5918149743232686,-0.5645131670951619,-1.1563281414184305
810,0.19862954825079515,-0.4321212857176762,-0.6307508339684713
811,0.26646985044186616,-0.3986650854186203,-0.6651349358604864
812,0.6282276972103654,-0.3537335655436542,-0.9819612627540196
813,-0.018239332990266737,-0.6090236023751563,-0.5907842693848896
814,-0.061979036669001224,-0.5618804032687502,-0.499901366599749
815,0.7864381128136341,-0.8202165626527647,-1.6066546754663986
816,0.4147260216532722,-0.5805509980751741,-0.9952770197284463
817,-1.2358715871669845,-0.6278352388836773,0.6080363482833072
818,-0.41331820005359693,-0.7286452445052504,-0.31532704445165344
819,0.6690015365573136,-0.8585148710267059,-1.5275164075840195
820,0.4713250404631573,-0.6088397513076076,-1.0801647917707649
821,-0.07129807707624568,-0.6646688882736513,-0.5933708111974056
822,1.3427844799588258,-0.4308004059229961,-1.773584885881822
823,0.9018106066329011,-0.6358867239912014,-1.5376973306241024
824,0.9054719019113686,-0.5244228870296743,-1.429894788941043
825,1.0253671142880523,-0.5646505797561684,-1.5900176940442208
826,0.507185361034418,-0.5826211087838395,-1.0898064698182575
827,0.21776941318993007,-0.5161485533087042,-0.7339179664986343
828,0.24792224574494467,-0.8012608927289387,-1.0491831384738834
829,0.37265591833617007,-0.6884147366305254,-1.0610706549666955
830,0.5828869472717882,-0.62153995400351425,-1.2044269012753026
831,0.6245633846706291,-0.3854228351289278,-1.0099862197995568
832,0.25561391045637616,-0.32187636629968186,-0.577490276756058
833,0.2838130943075326,-0.38721613205196176,-0.6710292263594944
834,0.9287568717263255,-0.46483890553509816,-1.3935957772614236
835,0.6527640477277478,-0.19747868318492057,-0.8502427309126683
836,0.09558083931395807,-0.5383439655555774,-0.6339248048695355
837,0.4327594674391251,-0.43430401011514547,-0.8670634775542705
838,-0.2429561903707064,-0.458993921454486,-0.21603773108377958
839,0.36963669227965945,-0.7633418958054023,-1.1329785880850618
840,0.8508577388201527,-0.4035549440206679,-1.2544126828408206
841,-0.1369213299669138,-0.5644852875262527,-0.4275639575593389
842,-1.219108793799721,-0.4378882081960981,0.7812205856036228
843,1.2774220487502306,-0.6505250292844003,-1.9279470780346308
844,0.37424494167843914,-0.5826345180472677,-0.9568794597257069
845,0.7103552859721917,-0.5430519028426359,-1.2534071888148275
846,0.07411122483630944,-0.5928875576608802,-0.6669987824971897
847,0.539999175722017,-0.4944581351297283,-1.0344573108517454
848,0.432253048076236,-0.4225515711004272,-0.8548046191766632
849,0.6668323073613477,-0.46866373581853077,-1.1354960431798784
850,0.7473391837502652,-0.5228128370832906,-1.2701520208335557
851,0.07322426178197891,-0.5085697752861871,-0.581794037068166
852,0.4252277221042893,-0.5213400790607696,-0.9465678011650589
853,1.4513722145558727,-0.6306859679958107,-2.0820581825516835
854,1.0384758455724021,-0.6035010497453465,-1.6419768953177485
855,1.2089192386754326,-0.7009274217632783,-1.9098466604387108
856,1.1790072108458354,-0.6071142829755757,-1.786121493821411
857,-0.0736958286675917,-0.6614054805536723,-0.5877096518860806
858,0.9738172716845429,-0.783766585724293,-1.7575838574088358
859,-0.17616091379870866,-0.38373315216274984,-0.20757223836404118
860,-0.5088119842882053,-0.35227234152093967,0.15653964276726562
861,0.8836369373010712,-0.6234652530940608,-1.5071021903951318
862,0.1532259562718904,-0.6201096526653744,-0.7733356089372648
863,0.07689272091047934,-0.5987476822572073,-0.6756404031676867
864,0.5932513928198239,-0.663196421477028,-1.2564478142968518
865,0.39004329319893366,-0.6649359838054871,-1.0549792770044208
866,1.028698601022764,-0.7052341345883183,-1.733932735611082
867,0.3924742033932898,-0.38225265082993,-0.7747268542232197
868,0.45984985567871023,-0.5684259949491725,-1.0282758506278826
869,0.5698395625608391,-0.5300584830941062,-1.0998980456549452
870,0.7360700631129492,-0.5050684107381568,-1.241138473851106
871,0.5389490302881502,-0.8659673210239062,-1.4049163513120564
872,0.3907981149702944,-0.5115033957149598,-0.9023015106852542
873,0.4686933128424031,-0.49780024221394525,-0.9664935550563484
874,0.7823960925142421,-0.5654384175458198,-1.347834510060062
875,0.575000405071568,-0.2834365922223252,-0.8584369972938932
876,1.321623982288833,-0.6841005134454979,-2.0057244957343308
877,1.1752714976323408,-0.5861617185545441,-1.761433216186885
878,0.6482351002634166,-0.5873203804950247,-1.2355554807584412
879,0.8524139067044847,-0.4799172783402496,-1.3323311850447344
880,0.42395971940644717,-0.3252211186239483,-0.7491808380303955
881,0.2973603626008747,-0.5878955549303007,-0.8852559175311754
882,0.46530068407015585,-0.6106409254070672,-1.075941609477223
883,0.2849391611059813,-0.6117755754430648,-0.8967147365490461
884,0.717249408593584,-0.436144014099747,-1.153393422693331
885,0.3044317855230743,-0.5989734188068447,-0.903405204329919
886,-0.22792796063156606,-0.7677732266534452,-0.5398452660218791
887,0.6843818732186211,-0.603195114513439,-1.2875769877320602
888,0.4984220092770652,-0.3177682506701832,-0.8161902599472484
889,0.8272078920757214,-0.47855692938744593,-1.3057648214631674
890,0.3950780666453776,-0.7958878464702948,-1.1909659131156722
891,-0.012833271991173506,-0.8270938062257028,-0.8142605342345294
892,1.5641510782109238,-0.7458664814572085,-2.3100175596681325
893,0.1627345517371093,-0.6751721404038187,-0.83790669214092794
894,0.621464462100365,-0.4809627388239389,-1.102427200924304
895,0.44514884559965606,-0.4705782430112575,-0.9157270886109136
896,0.6624289461814853,-0.4512621589977745,-1.1136911051792597
897,0.4881069380506434,-0.5547989760043275,-1.042905914054971
898,0.911561777841049,-0.5323102435004202,-1.4438720213414693
899,0.33994886183724515,-0.7068624878663189,-1.046811349703564
900,1.0406199144478832,-0.3955800339825322,-1.4361999484304153
901,-0.17947065939188073,-0.321681026868091,-0.1422103674762103
902,0.6121793406509267,-0.6892976859886576,-1.3014770266395843
903,0.9551675625449093,-0.660448842080443,-1.6156164046253523
904,0.29592629326456615,-0.5735585260431058,-0.8694848193076719
905,0.5436282774172996,-0.3234277095999471,-0.8670559870172467
906,3.381496429300765,-0.5928222209078263,-3.974318650208591
907,0.488880435053768,-0.6096848084224361,-1.098565243476204
908,0.5044309824850981,-0.609640670995003,-1.1140716534801012
909,0.6304983857102701,-0.4794110654036575,-1.1099094511139276
910,-0.11119570457389542,-0.76038518350215,-0.6491894789282546
911,0.4525623547640168,-0.719111679439604,-1.1716740342036207
912,0.14844767964469024,-0.6342477644477076,-0.7826954440923979
913,-0.04991210373672099,-0.5553017666339859,-0.505389662897265
914,0.3560021345880868,-0.6220785778458525,-0.9780807124339393
915,0.8081609159052461,-0.5202144527467799,-1.328375368652026
916,0.5375087945475933,-0.5385954979158009,-1.0761042924633941
917,0.14549859969834844,-0.4358415481728952,-0.5813401478712437
918,0.006902095223162652,-0.5851264890749315,-0.5920285842980941
919,0.7190919107622263,-0.5211364963161703,-1.2402284070783967
920,0.6267604082771695,-0.5753049554050258,-1.2020653636821952
921,0.4877097093122082,-0.7426269498469802,-1.2303366591591884
922,0.5029701152445564,-0.7014674632203213,-1.2044375784648778
923,1.1471968279782099,-0.6010637912358857,-1.7482606192140957
924,0.9859098274317032,-0.6369873722407406,-1.622897199672444
925,0.5512402823308649,-0.5270444137036432,-1.078284696034508
926,0.5555016175699324,-0.6713522418429629,-1.2268538594128953
927,0.3867779574130414,-0.6386433855797511,-1.0254213429927925
928,0.39501890004929247,-0.5957917578045737,-0.9908106578538662
929,0.462163781513771,-0.5792017034155599,-1.0413654849293308
930,0.41314806548217375,-0.5288983627063756,-0.9420464281885493
931,0.6982387088439094,-0.4521419675968126,-1.1503806764407218
932,0.22531332592043962,-0.39251141012516394,-0.6178247360456035
933,0.8609569760995656,-0.712065231848446,-1.5730222079480116
934,0.6448266661534117,-0.493001371422485,-1.1378280375758967
935,0.4716026055233296,-0.39144576025316546,-0.8630483657764951
936,0.16338247487703306,-0.17404468921947,-0.3374271640965031
937,0.4040324965412505,-0.186913781741731,-0.5909462782829815
938,1.0336869940893254,-0.5390559349968184,-1.5727429290861439
939,0.7779947497679357,-0.4951899879852685,-1.2731847377532042
940,0.40926754844041846,-0.4069540709457906,-0.8162216193862091
941,0.6111414328239454,-0.7012988134125124,-1.312440246236458
942,0.9519832681312148,-0.6274909669392306,-1.5794742350704454
943,0.20737695632193245,-0.5160581752230139,-0.7234351315449463
944,0.3655016488988607,-0.45248033505394775,-0.8179819839528084
945,0.3933865824091609,-0.5234015953526714,-0.9167881777618323
946,0.7285160410460791,-0.4835116837504171,-1.2120277247964961
947,0.8831283931820889,-0.444315830700539,-1.3274442238826278
948,0.27744908423081593,-0.6919684110685341,-0.9694174952993501
949,0.0698279443108211,-0.4935165718697393,-0.5633445161805604
950,1.0029194636169811,-0.539275625333423,-1.5421950889504041
951,0.777385927596216,-0.5751494982902843,-1.3525354258865003
952,0.44634955979305085,-0.4265844130977408,-0.8729339728907917
953,0.8939514958205855,-0.4630252952658012,-1.3569767910863868
954,0.5508425146699972,-0.3542964628891342,-0.9051389775591314
955,-0.3478361720124928,-0.543891972040957,-0.19605580002846418
956,1.131702244460799,-0.5093523056726407,-1.6410545501334397
957,0.5873052254021512,-0.4989778720132269,-1.086283097415378
958,0.7847116737209138,-0.44871247086471133,-1.233424144585625
959,0.6442772406249655,-0.43458551583113714,-1.0788627564561026
960,-0.07533450494768576,-0.5913228092082029,-0.5159883042605171
961,-0.13659817018514714,-0.5361668256045063,-0.3995686554193592
962,0.43283557403265305,-0.6139976879640844,-1.0468332619967375
963,0.4032729798639992,-0.6717676046900288,-1.075040584554028
964,-0.48047523083319044,-0.41337358796114865,0.06710164287204179
965,0.8729060786462646,-0.4940916103973198,-1.3669976890435844
966,0.41712523149117947,-0.522916563310342,-0.9400417948015214
967,0.7150741913866138,-0.5551085858994871,-1.270182777286101
968,0.75658804702614,-0.5441925195106896,-1.3007805665368295
969,0.016359441793830604,-0.5096026868937122,-0.5259621286875429
970,0.5823655490898405,-0.39156815010211365,-0.9739336991919542
971,0.28435764612529385,-0.552094029631351,-0.8364516757566449
972,0.28697051653386374,-0.49815655244565415,-0.7851270689795179
973,0.47820798553630434,-0.45801978264454857,-0.9362277681808528
974,0.8935095930997577,-0.390963774618619,-1.2844733677183768
975,0.021137741649802477,-0.5231873418440732,-0.5443250834938758
976,0.4349387768392783,-0.5051748131800397,-0.9401135900193179
977,-0.04847816645544309,-0.5114335005581818,-0.4629553341027387
978,-0.3675089992382263,-0.601699175536883,-0.23419017629865674
979,0.5793220662995535,-0.371768600815514,-0.9510906671150675
980,-0.1581432095877361,-0.3910666116533261,-0.23292340206559004
981,0.6695345244478468,-0.6101720564318686,-1.2797065808797154
982,0.2853379406151264,-0.42206442326001914,-0.7074023638751455
983,0.2735524740498134,-0.5637900109767563,-0.8373424850265697
984,0.1167464613040562,-0.41667402967885764,-0.5334204909829139
985,0.7213367092224303,-0.6304383171856306,-1.351775026408061
986,1.1359481896061983,-0.5052453948217909,-1.641193584427989
987,0.3138592210586754,-0.5793621963554693,-0.8932214174141446
988,-0.07222428011300867,-0.6392042546304654,-0.5669799745174567
989,0.5338079611910536,-0.599033256001477,-1.1328412171925306
990,0.5386507626710972,-0.4767560399627987,-1.0154068026338958
991,0.4274603382193847,-0.6040723161710927,-1.0315326543904773
992,-0.10098532512155489,-0.45201322776836017,-0.3510279026468053
993,-0.04345124247745773,-0.5417327077588621,-0.4982814652814043
994,0.45057902019627327,-0.5604229034772393,-1.0110019236735126
995,0.2944247735819127,-0.21307477671375766,-0.5074995502956704
996,0.3074565221618778,-0.6304265985646985,-0.9378831207265763
997,0.06609472441162398,-0.6828830383467557,-0.7489777627583797
998,0.6210281798890029,-0.45412035142898777,-1.0751485313179907
999,0.6186206662077904,-0.5630086395876757,-1.181629305795466
1000,0.6059245999826622,-0.6511579123566019,-1.2570825123392642
1001,0.6683821754285579,-0.7007042348389567,-1.3690864102675147
1002,0.5476681502215459,-0.6017890046788335,-1.1494571549003794
1003,0.18939784555887648,-0.5646019171599987,-0.7539997627188753
1004,0.2652253018885723,-0.5995008609865276,-0.8647261628750998
1005,0.3749082730887262,-0.47022390425685556,-0.8451321773455818
1006,0.510520065561972,-0.4853934694430994,-0.9959135350050714
1007,0.18893390491388165,-0.5736963920411429,-0.7626302969550245
1008,0.6421442461364034,-0.540127038847545,-1.1822712849839485
1009,0.2321726579388108,-0.46184835586635176,-0.6940210138051626
1010,0.4801611683775736,-0.4886802624753094,-0.968841430852883
1011,0.5048300821225784,-0.45144840599499764,-0.9562784881175761
1012,0.07634568655375108,-0.4734269870286076,-0.5497726735823587
1013,-0.027328173869933747,-0.6233991647995977,-0.596070990929664
1014,-0.17749566178467455,-0.6911394364463893,-0.5136437746617147
1015,0.08207163838502018,-0.8088372377863735,-0.8909088761713937
1016,0.43765488629638755,-0.659549556872563,-1.0972044431689505
1017,0.08957020744874217,-0.44722971886734664,-0.5367999263160887
1018,0.40946939596529053,-0.7678202697848456,-1.1772896657501362
1019,0.23131829493025668,-0.19359159451726543,-0.4249098894475221
1020,0.20853620029324027,-0.474766043848505,-0.6833022441417453
1021,0.4102275032706558,-0.4700386584081781,-0.8802661616788339
1022,0.025595508235155773,-0.5728234661447784,-0.5984189743799342
1023,0.439155490402181,-0.5032280723841632,-0.9423835627863442
1024,0.869329297881607,-0.6297963878494861,-1.499125685731093
1025,-0.49626489984029437,-0.5869693090673901,-0.09070440922709572
1026,-0.3027892936725082,-0.5526999490270049,-0.24991065535449675
1027,0.9269384186645877,-0.5702037967789242,-1.497142215443512
1028,0.8144218258258608,-0.5576231979064382,-1.372045023732299
1029,-0.2627158431939759,-0.9391223632333526,-0.6764065200393767
1030,0.09008898494320021,-0.4727405661581341,-0.5628295511013343
1031,0.30232793808964004,-0.44659108784018003,-0.7489190259298201
1032,0.43052240633993893,-0.413499577449041,-0.84402198378898
1033,0.22010822543067077,-0.39208338312891805,-0.6121916085595889
1034,0.10581647610428335,-0.41887260884493605,-0.5246890849492194
1035,0.12397042513395844,-0.8295815413832909,-0.9535519665172493
1036,0.4840812980363359,-0.6164843256145931,-1.1005656236509291
1037,-1.0931089021246105,-0.5416634708195449,0.5514454313050656
1038,0.2888562486638319,-0.5931311745372039,-0.8819874232010358
1039,0.39203003987259244,-0.6023292646588105,-0.994359304531403
1040,0.4320897329925631,-0.6299913333400514,-1.0620810663326146
1041,0.20527857479093922,-0.2592738144250022,-0.46455238921594144
1042,-0.11300925969590109,-0.36170597817328126,-0.24869671847738017
1043,0.1585166713065673,-0.5475440359037793,-0.7060607072103466
1044,0.31215347198018145,-0.4043475878920077,-0.71650105987218915
1045,0.7072739424123841,-0.43029799042580746,-1.1375719328381915
1046,0.4215806917796849,-0.7019634653979419,-1.1235441571776268
1047,0.016060822861905244,-0.6717179724494251,-0.6877787953113303
1048,1.1105043963696632,-0.38031977824915336,-1.4908241746188167
1049,0.24182813206397938,-0.4210408680349114,-0.6628690000988908
1050,0.3608384745952979,-0.6097616567020753,-0.9706001312973731
1051,0.6887448487275857,-0.7922397297965346,-1.4809845785241202
1052,0.2682567661717757,-0.5902728578633629,-0.85852962403513855
1053,0.8492757213159112,-0.47556079545370766,-1.324836516769619
1054,0.5761975668446604,-0.5075773735889413,-1.0837749404336017
1055,0.05726908673917216,-0.44548849554928405,-0.5027575822884562
1056,0.1408768400921653,-0.43968545661278313,-0.5805622967049484
1057,1.5946021135809765,-0.524682349111864,-2.1192844626928404
1058,-0.3132433260741937,-0.2288265614417175,0.08441676463247619
1059,-0.7803705363779219,-0.40645151937460944,0.3739190170033124
1060,0.13253322423244754,-0.4194984404550328,-0.5520316646874803
1061,0.6289278591007239,-0.2504824351077464,-0.8794102942084703
1062,0.13637859876885686,-0.5901637181258153,-0.7265423168946721
1063,-0.1152989733220019,-0.42421661421504064,-0.30891764089303875
1064,1.0494850320940163,-0.6559867887967857,-1.7054718208908022
1065,1.2516176095793907,-0.5666694422938433,-1.818287051873234
1066,-0.5088422034948359,-0.6911317328716775,-0.18228952937684162
1067,1.3092649251214281,-0.6726220303883664,-1.9818869555097947
1068,0.6990327516965696,-0.62242662454144,-1.3214593762380096
1069,0.6904647543075241,-0.4730275173164317,-1.1634922716239557
1070,0.09869938691084428,-0.5155212963986557,-0.6142206833095
1071,0.3069347378709934,-0.4775569881012421,-0.7844917259722355
1072,-0.2885713807076943,-0.5834925874698661,-0.2949212067621718
1073,0.8151864689189064,-0.48976996242611,-1.3049564313450164
1074,0.5526639703963738,-0.4042330779546397,-0.9568970483510135
1075,0.7807821512313607,-0.5060152590018085,-1.2867974102331692
1076,0.37545398886792014,-0.5014237023181948,-0.8768776911861149
1077,0.05013705685501254,-0.4686844301475696,-0.5188214870025821
1078,-0.3741560218971319,-0.5957468201333291,-0.22159079823619726
1079,0.23997491564641707,-0.5743345533273305,-0.8143094689737476
1080,-0.5832266114091612,-0.5655547741112511,0.01767183729791011
1081,1.3168593845386218,-0.6556784707376393,-1.9725378552762611
1082,-0.8692473028824471,-0.5588080996125762,0.31043920326987096
1083,0.3056488194974671,-0.4311649082453284,-0.7368137277427955
1084,-0.03818967814244972,-0.5248461164679648,-0.48665643832551503
1085,0.5018065009791355,-0.6172760349921559,-1.1190825359712915
1086,0.14050298192692956,-0.5578739667290287,-0.6983769486559582
1087,0.3109261050024066,-0.32731870280094116,-0.6382448078033478
1088,0.0754286459697002,-0.2712228398323086,-0.3466514858020088
1089,0.6258804646919742,-0.5733203848738886,-1.1992008495658628
1090,-0.01300192495376109,-0.41382114767525613,-0.40081922272149506
1091,0.40654047589276204,-0.8446270193507199,-1.251167495243482
1092,0.08988581809873936,-0.7581944572718718,-0.8480802753706111
1093,1.4720202808612697,-0.8571126018444802,-2.32913288270575
1094,-0.05397201158607061,-0.3583015192049638,-0.30432950761889316
1095,0.7324346211873326,-0.38375079701085335,-1.116185418198186
1096,1.0698130488086697,-0.45451021428211025,-1.52432326309078
1097,0.2617114593389758,-0.641217780167957,-0.9029292395069328
1098,0.4355094680554061,-0.6957113546772773,-1.1312208227326834
1099,0.9280463431966175,-0.35726487657003997,-1.2853112197666574
1100,0.8526003287445993,-0.37349422104918245,-1.2260945497937819
1101,0.632060582257933,-0.5359515252576902,-1.1680121075156231
1102,0.5323803736641594,-0.4891712124521834,-1.0215515861163427
1103,0.004526292680500643,-0.5336231883989484,-0.538149481079449
1104,0.5226430643341948,-0.5668794758681059,-1.0895225402023008
1105,0.9076190238375884,-0.557271311389365,-1.4648903352269533
1106,-0.36801674890122954,-0.5184003710467502,-0.15038362214552065
1107,0.6709114887153516,-0.5642152194641801,-1.2351267081795316
1108,0.20380100643241247,-0.618655767412808,-0.8224567738452205
1109,0.31593800574348324,-0.6256789180195143,-0.9416169237629974
1110,0.2060252786629934,-0.4636838585750253,-0.6697091372380187
1111,0.0562421369517032,-0.42603321746169737,-0.4822753544134006
1112,0.5495260223079773,-0.3389737810868262,-0.8884998033948035
1113,0.5538334167437635,-0.4027245540131873,-0.9565579707569508
1114,0.02306080837809537,-0.3944513127083027,-0.41751212108639807
1115,0.3788969645668001,-0.4540938815628329,-0.832990846129633
1116,0.5696397863394072,-0.5544846879171206,-1.1241244742565277
1117,0.07376134329704448,-0.7240529392633323,-0.7978142825603767
1118,0.4458074269854411,-0.7148208395818156,-1.1606282665672567
1119,0.8380323135040678,-0.44542655114269303,-1.2834588646467608
1120,0.23139450745957182,-0.6381698948515228,-0.8695644023110946
1121,0.6501723219170462,-0.550261073469728,-1.2004333953867743
1122,0.5121153776694488,-0.4112079261514621,-0.923323303820911
1123,0.636373619367911,-0.422810910298285,-1.059184529666196
1124,0.5701483474066347,-0.5384213993718986,-1.1085697467785334
1125,1.043765207420213,-0.3162086780836016,-1.3599738855038146
1126,0.8571240441665835,-0.6178132491816645,-1.474937293348248
1127,0.5713945455219243,-0.5291310304749449,-1.100525575996869
1128,0.3247750254392266,-0.5151507617223131,-0.8399257871615398
1129,1.1809564683013793,-0.5683545765998924,-1.7493110449012717
1130,0.508876427483057,-0.6297498320485795,-1.1386262595316365
1131,0.2180296096013345,-0.6969081883041307,-0.9149377979054651
1132,0.5137135455024561,-0.6842106754593631,-1.197924220961819
1133,1.0209973028032444,-0.5407684490769078,-1.5617657518801522
1134,0.23469599639471336,-0.6388601131051439,-0.8735561094998573
1135,0.34878995067972696,-0.5331021594310027,-0.8818921101107297
1136,0.7168081445107563,-0.4729128455709462,-1.1897209900817025
1137,0.8358948180217795,-0.5454610070312738,-1.381355825053053
1138,0.7376682761685835,-0.5338297130544907,-1.2714979892230742
1139,0.48624899946961486,-0.5820369225072921,-1.068285921976907
1140,0.15989594807879887,-0.3562736440166889,-0.5161695920954877
1141,0.7756587831608417,-0.4638885739915852,-1.239547357152427
1142,-0.02141862958012453,-0.45618815428644277,-0.43476952470631824
1143,0.32603391986663405,-0.5889810178444244,-0.9150149377110584
1144,0.3516180053762643,-0.6244516477005395,-0.9760696530768038
1145,0.7161310653653581,-0.5903610360782736,-1.3064921014436317
1146,0.5686949741729896,-0.8004557678515557,-1.3691507420245452
1147,0.4480828982633368,-0.5914979225091851,-1.039580820772522
1148,0.2503190783684407,-0.6880338713361809,-0.9383529497046216
1149,0.976013531213213,-0.40026654746696194,-1.376280078680175
1150,0.6522211921736971,-0.3628555731976441,-1.0150767653713413
1151,0.5685792020853058,-0.4736571155927878,-1.0422363176780935
1152,0.4583508837003774,-0.46541120172964806,-0.9237620854300255
1153,0.09022194030733888,-0.5778586875696864,-0.6680806278770253
1154,0.7140389881480457,-0.5676663954332256,-1.2817053835812713
1155,0.5358300802547816,-0.4828063505566841,-1.0186364308114657
1156,0.8039535515404077,-0.4334848982039577,-1.2374384497443653
1157,0.31143039475100787,-0.4330338841728483,-0.7444642789238562
1158,0.040054807038255626,-0.5662047063962947,-0.6062595134345503
1159,1.0852577040615257,-0.6941561142275217,-1.7794138182890473
1160,1.070243019510801,-0.5985597785739654,-1.6688027980847664
1161,0.16540400607514133,-0.5260880670568268,-0.691492073131968
1162,0.7173664795379617,-0.5935249629664896,-1.3108914425044513
1163,0.46750862103546453,-0.5257221671401021,-0.9932307881755666
1164,0.34643844876240204,-0.5358350769964023,-0.8822735257588044
1165,0.30013871542226433,-0.6063362606723312,-0.9064749760945955
1166,0.4822680845417892,-0.6030711467321422,-1.0853392312739314
1167,0.1912343520411919,-0.42332249724940696,-0.6145568492905988
1168,0.8157583990710525,-0.5538466938809279,-1.3696050929519803
1169,0.23555197062633498,-0.4584143392778517,-0.6939663099041866
1170,0.5100564847051696,-0.5298008267675144,-1.0398573114726841
1171,-0.02805600716453205,-0.6023799173924475,-0.5743239102279154
1172,1.341573744904427,-0.46801441281786704,-1.809588157722294
1173,0.10937986111265148,-0.483856705600749,-0.5932365667134005
1174,0.926141851641234,-0.5590989948586428,-1.4852408464998768
1175,0.04605452717271564,-0.5384667111344384,-0.5845212383071541
1176,0.3967877337421784,-0.607112172423699,-1.0038999061658773
1177,0.624543680778303,-0.6092129642037646,-1.2337566449820676
1178,0.16845739277690958,-0.46347588017268465,-0.6319332729495942
1179,0.61585797518193,-0.6284201947436315,-1.2442781699255616
1180,0.49392441353497096,-0.49905657162051215,-0.9929809851554832
1181,0.024827632742772006,-0.4807505222505274,-0.5055781549932994
1182,0.03295179847466473,-0.5594900555827503,-0.592441854057415
1183,-0.056402520925142585,-0.6388645316698517,-0.5824620107447092
1184,0.3327922796565382,-0.5848947179059288,-0.9176869975624671
1185,-0.13951136584568222,-0.7068786419179262,-0.5673672760722439
1186,1.1177488363482257,-0.699638115971988,-1.8173869523202137
1187,0.34867170649016765,-0.20204513657484782,-0.5507168430650154
1188,0.43011778348990004,-0.21260583493537308,-0.6427236184252731
1189,0.26172374805957344,-0.4346065355372033,-0.6963302835967767
1190,0.3130710651495589,-0.5128306905771716,-0.8259017557267305
1191,0.20153270651316466,-0.6344694099497412,-0.8360021164629059
1192,-0.7025171914687004,-0.4917272660361275,0.2107899254325729
1193,0.8443466447638942,-0.3884074992542428,-1.2327541440181369
1194,0.6866233136989315,-0.42483593885518,-1.1114592525541114
1195,0.6405156652665902,-0.38626345874284135,-1.0267791240094315
1196,-0.22135273916393203,-0.5681061752826494,-0.34675343611871734
1197,0.957628344162518,-0.5640860161354344,-1.5217143602979524
1198,0.31359011028802647,-0.5629684886753411,-0.8765585989633675
1199,0.475944229209935,-0.549308761765742,-1.025252990975677
1200,-2.352840372433671,-0.6994771480658812,1.6533632243677898
1201,0.2862489821668352,-0.5637234172336243,-0.8499723994004595
1202,0.7924722615782309,-0.644659215942636,-1.4371314775208668
1203,-0.10938625341272931,-0.45777731635198926,-0.3483910629392599
1204,0.1891369632423805,-0.31509488793012463,-0.5042318511725051
1205,0.5626981636695698,-0.785945265871941,-1.3486434295415108
1206,0.5481038023935292,-0.4209113828910888,-0.969015185284618
1207,0.5041019284180646,-0.5583384964569135,-1.062440424874978
1208,0.4657665023692266,-0.7412486742449206,-1.2070151766141473
1209,0.32076921427555527,-0.4434181642660815,-0.7641873785416368
1210,0.6683124005504923,-0.4321550416675603,-1.1004674422180527
1211,0.5138284937410255,-0.38085469533827815,-0.8946831890793037
1212,0.07107708632735926,-0.5144312145022006,-0.5855083008295598
1213,0.09222933306288725,-0.46814731752327926,-0.5603766505861665
1214,0.5335648986318638,-0.398071103964245,-0.9316360025961088
1215,0.01190792087283917,-0.42963861838054235,-0.4415465392533815
1216,0.74323630044882,-0.4948305544800874,-1.2380668549289076
1217,0.3133261012393207,-0.4340957392710497,-0.7474218405103704
1218,0.5873744091985408,-0.33584121781185583,-0.9232156270103966
1219,0.39994661530649595,-0.37470286733009994,-0.7746494826365959
1220,0.3226922977827283,-0.36385461447014794,-0.6865469122528762
1221,0.34140675641887336,-0.5321793053111994,-0.8735860617300728
1222,1.100865042086551,-0.4923820944078175,-1.5932471364943683
1223,0.35037579518403683,-0.5778961934424995,-0.9282719886265364
1224,0.3211565371973545,-0.5127871657794947,-0.8339437029768492
1225,0.5978467600045015,-0.674469972654521,-1.2723167326590226
1226,0.615194578063903,-0.6631352335371079,-1.278329811601011
1227,0.12998747415808443,-0.6415737680518423,-0.7715612422099267
1228,0.6157037725615848,-0.4539025412403965,-1.0696063138019813
1229,0.6649462763944799,-0.46009689829700706,-1.1250431746914868
1230,0.8609679197556963,-0.6783544972865492,-1.5393224170422455
1231,0.8778122662543892,-0.5078026224395509,-1.3856148886939401
1232,0.39105176213705034,-0.7724046238867942,-1.1634563860238445
1233,0.7098425127922318,-0.44068381030800424,-1.150526323100236
1234,0.6471209332816464,-0.6050250396946681,-1.2521459729763147
1235,0.11868540271517627,-0.5482919595197896,-0.6669773622349658
1236,0.6292972019318819,-0.5474177296312456,-1.1767149315631276
1237,0.4759591304464724,-0.6207291197825048,-1.0966882502289772
1238,0.5370248322558223,-0.36631912948133355,-0.9033439617371559
1239,0.3417653150045711,-0.6353906645026539,-0.977155979507225
1240,0.07075759844618781,-0.6659350601607059,-0.7366926586068937
1241,0.4820979935084093,-0.5758449584827859,-1.0579429519911954
1242,0.49676302523947535,-0.3133465136227631,-0.8101095388622385
1243,0.5058144467554064,-0.381539529390156,-0.8873539761455624
1244,0.6782597701390083,-0.5118529640845189,-1.1901127342235271
1245,0.4044583838231657,-0.4826233833465087,-0.8870817671696745
1246,0.6956597482640589,-0.44265684315812526,-1.1383165914221842
1247,0.486323304111549,-0.3153587420179452,-0.8016820461294942
1248,0.42921086037757195,-0.4490081340379958,-0.8782189944155677
1249,0.4699281425835474,-0.5260933596468603,-0.9960215022304078
1250,0.7186670353850676,-0.5755719282599823,-1.29423896364505
1251,0.801473811367872,-0.7058168208285083,-1.5072906321963804
1252,0.7301678151684396,-0.6896265617059467,-1.4197943768743864
1253,0.6414585156078488,-0.4544178445611852,-1.095876360169034
1254,0.3500618624690784,-0.5527889356997768,-0.9028507981688552
1255,0.3251684701133845,-0.24092475895128435,-0.5660932290646689
1256,0.13272679590604383,-0.5190552222691368,-0.6517820181751807
1257,0.22867001599485798,-0.37706102967756555,-0.6057310456724235
1258,0.6099186957220407,-0.4383130383911632,-1.048231734113204
1259,0.8609079320662097,-0.4962482280844727,-1.3571561601506825
1260,0.4146726848940944,-0.6382987093366902,-1.0529713942307846
1261,-0.07591320169466409,-0.5161076159165044,-0.44019441422184036
1262,0.009477114967416562,-0.5204212014867334,-0.52989831645415
1263,0.7617364009615181,-0.3922270117275547,-1.1539634126890728
1264,0.3779111771735627,-0.4778977425797205,-0.8558089197532832
1265,0.3395910755458795,-0.5078275789600449,-0.8474186545059244
1266,0.015885760086762072,-0.6587922123307839,-0.674677972417546
1267,0.0656278829469507,-0.5263747167214564,-0.5920025996684071
1268,0.2502212819411834,-0.55283716712090325,-0.8030584490620867
1269,0.2858238524588964,-0.5363701432352517,-0.8221939956941481
1270,0.6878828566050517,-0.35954226511872356,-1.047425121723775
1271,0.14270619217694855,-0.5689844102690624,-0.711690602446011
1272,0.5102477829444456,-0.5750030976597107,-1.0852508806041563
1273,0.45484444693151804,-0.7749199412272721,-1.2297643881587903
1274,0.28933710144066116,-0.646289106925471,-0.9356262083661322
1275,1.3679685391375038,-0.6583502675680397,-2.0263188067055435
1276,0.4841437173015606,-0.5364780408608646,-1.020621758162425
1277,0.42821544884568274,-0.6110465052290732,-1.0392619540747559
1278,0.5734165028627967,-0.5558376528740692,-1.1292541557368658
1279,0.4770198838779187,-0.4743051567490245,-0.9513250406269432
1280,0.811246677206539,-0.3430348195960351,-1.154281496802574
1281,0.33708030290532115,-0.35004085238815136,-0.6871211552934725
1282,0.43473896188293076,-0.5554431451053333,-0.9901821069882641
1283,-0.6143990684414636,-0.46692876569801606,0.14747030274344758
1284,0.785987185004615,-0.6190366513899552,-1.4050238363945702
1285,0.5131042694728646,-0.6135911609738303,-1.126695430446695
1286,0.5841718451748223,-0.6393776270346375,-1.2235494722094598
1287,0.3320046685194396,-0.531012769949551,-0.8630174384689906
1288,0.6034529147048201,-0.6487488901559021,-1.2522018048607222
1289,0.6571183040220445,-0.6567516068370054,-1.31386991085905
1290,0.19726416676246733,-0.5403123710915665,-0.7375765378540338
1291,0.19102577693932418,-0.6888788377812819,-0.8799046147206061
1292,0.8450185546052373,-0.5176101718501451,-1.3626287264553825
1293,0.7010856091974534,-0.3669752123059186,-1.068060821503372
1294,0.0013494954666771106,-0.2704381219804357,-0.27178761744711283
1295,0.19442166353607032,-0.3059819040702859,-0.5004035676063563
1296,0.10082729136953339,-0.42283787246628196,-0.5236651638358154
1297,0.6689044243050333,-0.5055239785479061,-1.1744284028529393
1298,0.6084013137854027,-0.46677004002708583,-1.0751713538124885
1299,0.26293045998317793,-0.5319950554348253,-0.7949255154180033
1300,0.6302762446439739,-0.5979424726403113,-1.2282187172842853
1301,0.3322786322954619,-0.7163593245584344,-1.0486379568538964
1302,0.5351392756081089,-0.3482492933957236,-0.8833885690038326
1303,0.8259329626715346,-0.42424366802814883,-1.2501766306996833
1304,-0.0014798200279905565,-0.6247233317472455,-0.623243511719255
1305,-0.22870999240409334,-0.541309711239258,-0.31259971883516463
1306,0.700989125975633,-0.5761378429425437,-1.2771269689181768
1307,-0.15346889997967822,-0.5964853570297965,-0.44301645705011833
1308,0.48497243812457125,-0.6409735717448971,-1.1259460098694682
1309,0.3325872428219308,-0.7394217418923065,-1.0720089847142373
1310,0.023131034968145375,-0.6460728025639334,-0.6692038375320788
1311,0.34123842753021044,-0.650752283063079,-0.9919907105932895
1312,0.6820691982331325,-0.5767796607834317,-1.258848859016564
1313,1.1897349617777808,-0.4603586234978731,-1.650093585275654
1314,0.591122790287851,-0.6529722060396709,-1.2440949963275219
1315,0.8449635917532422,-0.4262671976717377,-1.27123078942498
1316,0.8667359568503109,-0.6341943646222542,-1.500930321472565
1317,0.7774456094674336,-0.6147314808895588,-1.3921770903569923
1318,0.21729400160859313,-0.47321580999677054,-0.6905098116053636
1319,0.5918271934284007,-0.5806594321743661,-1.1724866256027668
1320,0.4634029103329029,-0.7629913881324424,-1.2263942984653453
1321,0.6481158305037563,-0.47501777328860834,-1.1231336037923647
1322,0.2970565238532529,-0.4580087502361911,-0.7550652740894439
1323,0.7060297759821225,-0.3703967978407721,-1.0764265738228946
1324,0.9501362235917509,-0.29903418071342375,-1.2491704043051746
1325,0.8538182624311507,-0.37389135976279125,-1.2277096221939419
1326,0.6156730712043226,-0.42109811156024246,-1.0367711827645651
1327,0.2756568913655476,-0.2947553506323247,-0.5704122419978723
1328,0.8377141556940964,-0.3924814098202169,-1.2301955655143133
1329,0.8697143772435573,-0.6317704895078178,-1.5014848667513752
1330,0.8302717710016057,-0.5251764544771611,-1.3554482254787668
1331,0.14665351050693495,-0.5647020958331818,-0.7113556063401167
1332,3.595723538998887e-4,-0.26977769519075545,-0.27013726754465534
1333,0.4262060532107735,-0.3476865028868328,-0.7738925560976062
1334,1.0259925097980684,-0.5029415641254232,-1.5289340739234918
1335,0.31592940961902266,-0.6452531945978386,-0.9611826042168612
1336,0.25930988994716564,-0.2922384381981975,-0.5515483281453631
1337,0.6630831589592799,-0.28729605048690443,-0.9503792094461844
1338,0.024218953903899,-0.5589587172677638,-0.5831776711716627
1339,0.05839498782322631,-0.5698101918727332,-0.6282051796959595
1340,0.6007427233047402,-0.4846892119013776,-1.0854319352061177
1341,0.6218742599107555,-0.43796467080296325,-1.0598389307137188
1342,0.09649666541423256,-0.7062734951253936,-0.8027701605396261
1343,0.18716811421185053,-0.4193044579105716,-0.6064725721224221
1344,0.6034947183306159,-0.44760220800170925,-1.051096926332325
1345,0.5780305379271269,-0.4491542668074432,-1.0271848047345702
1346,0.5051096151608452,-0.6557214024849649,-1.16083101764581
1347,0.06512175810734212,-0.5337607042425148,-0.5988824623498569
1348,0.31732765957440806,-0.6251427338976536,-0.9424703934720617
1349,0.2860242086776633,-0.5944112032924462,-0.8804354119701095
1350,0.5264897123125711,-0.4097774691390428,-0.9362671814516139
1351,0.383848773441451,-0.5870144155131738,-0.9708631889546249
1352,0.042331046021281606,-0.5118519219998314,-0.554182968021113
1353,0.6260905293440074,-0.5571210652707175,-1.183211594614725
1354,0.4715344106534455,-0.3997092655732597,-0.8712436762267052
1355,0.4728095187828552,-0.46331130006903887,-0.9361208188518941
1356,-0.28465823973555004,-0.4574386258391972,-0.17278038610364715
1357,0.23908845370328913,-0.3889012112116511,-0.6279896649149402
1358,0.3824705786942652,-0.5517364718423484,-0.9342070505366136
1359,0.71922092576597485,-0.5775924953281959,-1.2968134210941709
1360,-0.10550278606055562,-0.615470750838828,-0.5099679647782723
1361,0.4259501913405801,-0.4867734454439383,-0.9127236367845184
1362,0.6475911294522629,-0.384820593895858,-1.032411723348121
1363,-0.4000849824993001,-0.7524578714689935,-0.3523728889696934
1364,0.7579263864918631,-0.3221325375002984,-1.0800589239921614
1365,0.058007875566614284,-0.7258011809975752,-0.7838090565641894
1366,0.6071717911695449,-0.585681280362342,-1.192853071531887
1367,-0.2979784191983284,-0.674619503508862,-0.3766410843105336
1368,-0.10042081616812398,-0.5897131692903985,-0.48929235312227454
1369,1.6249198033728156,-0.5118026575854049,-2.1367224609582207
1370,0.6203187791071805,-0.5099502739726212,-1.1302690530798016
1371,0.861523058195834,-0.40567212367879435,-1.2671951818746283
1372,0.4797362308265068,-0.45815755227624966,-0.9378937831027565
1373,-0.12328532041725213,-0.6229281380934332,-0.499642817676181
1374,0.5359077517446817,-0.5189879230675207,-1.0548956748122025
1375,0.19937151985259832,-0.5987735360597396,-0.798145055912338
1376,0.6240621857782012,-0.54438719706780625,-1.1684493828460074
1377,0.38478525265473573,-0.5481588829436604,-0.9329441355983962
1378,0.5473163879116364,-0.5623845066800515,-1.109700894591688
1379,0.8807390031308272,-0.3717836619604687,-1.252522665091296
1380,0.8268146611790661,-0.4974440131149699,-1.324258674294036
1381,-0.16987427904802083,-0.6864060000208188,-0.516531720972798
1382,0.6792798828978214,-0.8710620636007027,-1.550341946498524
1383,-0.2638614772507577,-0.648491408429611,-0.38462993117885325
1384,-0.3133842540006791,-0.6517260966830398,-0.3383418426823607
1385,0.42409596188999016,-0.6560553553088359,-1.080151317198826
1386,0.2629009734531538,-0.3510198571549641,-0.6139208306081179
1387,0.7795764987182511,-0.47804339771849774,-1.2576198964367489
1388,0.7159744604377499,-0.3926267571045843,-1.108601217542334
1389,0.3735158887381206,-0.5422636444299411,-0.9157795331680617
1390,0.9619214537716968,-0.40284100563262093,-1.3647624594043177
1391,-0.15349745526903674,-0.501618656123504,-0.34812120085446724
1392,0.029025315157627324,-0.5610745022144139,-0.5900998173720412
1393,-0.09916861407808834,-0.5049020442822865,-0.4057334302041981
1394,0.21744266599612813,-0.5676229550487523,-0.7850656210448804
1395,0.2361337669871942,-0.6066744761106564,-0.8428082430978506
1396,-0.062161100825254535,-0.6902693748384331,-0.6281082740131786
1397,0.5913904846167595,-0.6957392536449447,-1.2871297382617042
1398,0.29446480303006844,-0.43499626269845365,-0.7294610657285221
1399,1.0464974638984874,-0.4993793140526243,-1.5458767779511118
1400,-0.11605426612546065,-0.5612307108265976,-0.44517644470113693
1401,0.10128160555381054,-0.6609099734143735,-0.762191578968184
1402,0.8990192876798747,-0.37804800430492513,-1.2770672919847998
1403,0.5785599923990313,-0.34605943853108373,-0.924619430930115
1404,0.12850786762674737,-0.24253157703883815,-0.3710394446655855
1405,0.8706330782819899,-0.40784727215502264,-1.2784803504370126
1406,0.24393532534464846,-0.37888033488403994,-0.6228156602286884
1407,1.0677656186274425,-0.6495019412540268,-1.7172675598814693
1408,0.6022133387831193,-0.4949500724121758,-1.0971634111952953
1409,0.22095027466980657,-0.5771448265957182,-0.7980951012655247
1410,0.8042509762892189,-0.6596888274277495,-1.4639398037169684
1411,0.6162326600814402,-0.6028002735982412,-1.2190329336796815
1412,-0.6087244540349966,-0.7147976150237938,-0.10607316098879715
1413,-0.21249127375492713,-0.452312404896093,-0.23982113114116585
1414,0.4055871635100761,-0.6859622859210621,-1.0915494494311382
1415,0.2408087878293119,-0.26846306187749924,-0.5092718497068112
1416,0.7937822858706359,-0.5320454510271546,-1.3258277368977907
1417,0.2560919716672461,-0.5949409659286512,-0.8510329375958974
1418,-0.11568705982926852,-0.6720271351326492,-0.5563400753033807
1419,0.5613154524288152,-0.6958178391475683,-1.2571332915763835
1420,0.763467561608372,-0.5421189887106769,-1.305586550319049
1421,0.4635867192341023,-0.4149614869022692,-0.8785482061363714
1422,-0.13900058899987222,-0.5082781963471577,-0.36927760734728543
1423,0.6005966503025211,-0.6465682854318034,-1.2471649357343244
1424,0.3558272066610874,-0.38722145975082783,-0.7430486664119152
1425,0.34302410641582354,-0.5808881634884501,-0.9239122699042737
1426,0.282602422197297,-0.507491613844008,-0.7900940360413049
1427,0.31887456646124857,-0.49001693099163224,-0.8088914974528808
1428,0.6126474203697612,-0.7112567712393318,-1.323904191609093
1429,0.19359638683066405,-0.5588312735378789,-0.7524276603685429
1430,0.14502482450099502,-0.5921387662084183,-0.7371635907094134
1431,0.5326988282569702,-0.4509014322044882,-0.9836002604614584
1432,-0.04500084258435498,-0.5129343257911653,-0.4679334832068103
1433,0.24649251635770475,-0.4160046845424456,-0.6624972009001504
1434,0.3714680835055669,-0.6700528342858174,-1.0415209177913844
1435,0.16113790163705183,-0.7106108395591794,-0.8717487411962312
1436,-0.19334252405401145,-0.6806586074690613,-0.48731608341504984
1437,0.4208876984272135,-0.6466506318387375,-1.067538330265951
1438,0.49508152914385223,-0.43685364172078645,-0.9319351708646386
1439,1.2577542030364013,-0.6457090975483644,-1.9034633005847656
1440,0.3441893583781957,-0.6474039445177149,-0.9915933028959105
1441,1.3138590320908088,-0.6103696365637866,-1.9242286686545955
1442,0.3662775474459863,-0.6015787577192189,-0.9678563051652052
1443,0.24557773961594867,-0.6534784274498414,-0.8990561670657901
1444,0.26938806413555716,-0.5817617819306949,-0.8511498460662521
1445,0.20424774401062396,-0.5537648125404294,-0.7580125565510534
1446,-0.37446436997854127,-0.7159513156127062,-0.34148694563416493
1447,0.05870941672479896,-0.5081334106509272,-0.5668428273757262
1448,0.8479200186090943,-0.564940880646849,-1.4128608992559433
1449,0.26790304467541654,-0.7287338527237613,-0.9966368973991779
1450,0.9851091265020848,-0.5098180811610264,-1.4949272076631113
1451,0.7064188398685548,-0.5001051644017592,-1.206524004270314
1452,0.567028493428822,-0.4309098997207008,-0.9979383931495228
1453,0.23045722269617994,-0.4653086998964414,-0.6957659225926214
1454,0.7388403633395683,-0.4334093856281138,-1.172249748967682
1455,-0.09165879282061024,-0.34758142855098983,-0.2559226357303796
1456,0.5731420662113113,-0.7155430038379823,-1.2886850700492936
1457,0.41954867381854444,-0.774189935682285,-1.1937386095008296
1458,0.5497909246280592,-0.6563311200373209,-1.20612204466538
1459,0.3427476877325804,-0.4910802317619205,-0.8338279194945009
1460,0.28858414649368275,-0.6838918375356281,-0.9724759840293109
1461,0.6774351436455963,-0.5627553067677531,-1.2401904504133494
1462,0.11061187514373083,-0.7139623756934562,-0.824574250837187
1463,0.4030816467055172,-0.8936556329275139,-1.2967372796330312
1464,0.7005197293543063,-0.5897220986465036,-1.2902418280008099
1465,0.8911397191025014,-0.4968532593210666,-1.387992978423568
1466,-0.04707948373057332,-0.5461880605051584,-0.49910857677458514
1467,0.41916512903541864,-0.6058566358117845,-1.025021764847203
1468,-0.48846541215140876,-0.7174638359409935,-0.22899842378958474
1469,0.39057498276810737,-0.5800687157363872,-0.9706436985044946
1470,0.29922759981765334,-0.6753857371695466,-0.9746133369872
1471,1.1030792102384828,-0.5706394211793533,-1.673718631417836
1472,0.5941048563153347,-0.7077693603936988,-1.3018742167090336
1473,0.3747943606536889,-1.0035493675902822,-1.378343728243971
1474,0.19256569602591697,-0.6696638357152532,-0.8622295317411702
1475,-0.2181211318698181,-0.3233428878863931,-0.10522175601657499
1476,0.7003840367170473,-0.6022394369022702,-1.3026234736193176
1477,-0.08815601171111256,-0.6338223733809799,-0.5456663616698674
1478,-0.5894083822140116,-0.7076183372484031,-0.11820995503439147
1479,0.010482224358178036,-0.6240959619171853,-0.6345781862753633
1480,0.4732885057193006,-0.47324588026961606,-0.9465343859889166
1481,0.6944201758407506,-0.5380755754888026,-1.2324957513295531
1482,0.831026522960019,-0.5095948901770028,-1.3406214131370218
1483,0.22861479465428539,-0.6511758583778842,-0.8797906530321695
1484,0.2913875668083052,-0.4828565178478837,-0.7742440846561889
1485,0.4302070290173055,-0.5261492422506454,-0.956356271267951
1486,0.40136678661524094,-0.4885922171402011,-0.8899590037554421
1487,0.6394507614026661,-0.6001929135405816,-1.2396436749432476
1488,0.005116266556324772,-0.5322087052114028,-0.5373249717677276
1489,0.710720417775507,-0.33238600712821786,-1.043106424903725
1490,0.49239135543641926,-0.7222309001436583,-1.2146222555800776
1491,0.5044982870326737,-0.45329692009097067,-0.9577952071236444
1492,-0.11926955498086257,-0.5321876151170798,-0.41291806013621724
1493,0.3693131870274616,-0.6041955530161642,-0.9735087400436258
1494,0.2962123433672181,-0.6348770854663714,-0.9310894288335896
1495,0.34030035814752935,-0.4933747713559681,-0.8336751295034974
1496,0.8190296012615339,-0.5823621528558477,-1.4013917541173817
1497,-0.36414575624188406,-0.42301923982153616,-0.05887348357965211
1498,0.18762119871466149,-0.5858354612243598,-0.7734566599390214
1499,0.7938385613320798,-0.6605163651789934,-1.4543549265110731
1500,0.9542568942897031,-0.673325263717138,-1.627582158006841
1501,-0.1846161445472368,-0.4439329009768982,-0.2593167564296614
1502,0.41233573873923884,-0.5838882052548919,-0.9962239439941307
1503,0.14441210106495111,-0.4259740061872308,-0.5703861072521819
1504,0.7407050094762502,-0.5826576302715326,-1.3233626397477827
1505,-0.47439950057091523,-0.6625775629745192,-0.18817806240360396
1506,0.6253527659243295,-0.5186842437595461,-1.1440370096838757
1507,0.5359664237605036,-0.6683754702619749,-1.2043418940224786
1508,0.7017489449181287,-0.5636231922627014,-1.26537213718083
1509,0.6223097955801269,-0.43872063999199046,-1.0610304355721174
1510,0.26509637407797965,-0.5605286317153798,-0.8256250057933594
1511,0.4890478674257185,-0.44966511710283064,-0.9387129845285491
1512,0.6249087185392154,-0.5408995926407141,-1.1658083111799296
1513,0.1709155499962529,-0.3819820488339524,-0.5528975988302054
1514,0.5192422682160929,-0.5622836857612956,-1.0815259539773885
1515,0.1778289643127825,-0.5716355895142597,-0.7494645538270422
1516,0.602180150535568,-0.6707117077583002,-1.2728918582938682
1517,0.08257134825091264,-0.610494500466089,-0.6930658487170016
1518,-0.14188557447565345,-0.4085527726850494,-0.266667198209396
1519,-0.18005963989684806,-0.36291278079994793,-0.18285314090309987
1520,0.7628834283215488,-0.4859561411008503,-1.248839569422399
1521,0.6985348026659824,-0.4448710206873763,-1.1434058233533588
1522,0.6146256377783664,-0.43943151354784515,-1.0540571513262116
1523,0.13482464844962022,-0.425552662888677,-0.5603773113382973
1524,-0.12323730156871016,-0.4112689441299875,-0.28803164256127733
1525,0.3098455634113422,-0.5415211701876523,-0.8513667335989945
1526,0.5661524173356619,-0.5332340822317654,-1.0993864995674274
1527,0.6636530652007328,-0.6381453097746286,-1.3017983749753612
1528,0.7252789862931878,-0.5159742415445452,-1.241253227837733
1529,0.7645034220893924,-0.42039192555915006,-1.1848953476485424
1530,0.942096386027296,-0.6020209583097516,-1.5441173443370475
1531,0.6001307266749623,-0.6838460571550926,-1.2839767838300549
1532,0.5021671964719877,-0.7172464674086279,-1.2194136638806157
1533,0.5735897458914866,-0.7535244005065913,-1.327114146398078
1534,0.8498231001455009,-0.47140876476357063,-1.3212318649090715
1535,-0.192459537481858,-0.5077406725187317,-0.31528113503687366
1536,0.7532258089404166,-0.6499228920938327,-1.4031487010342492
1537,-0.14659231340542253,-0.5713768155591368,-0.4247845021537142
1538,1.198489182947624,-0.527039227082551,-1.725528410030175
1539,-0.556975875379079,-0.5308293382855043,0.02614653709357473
1540,0.9161408575446837,-0.5742564430949065,-1.4903973006395903
1541,-0.08380432397146545,-0.6514073365187447,-0.5676030125472793
1542,-0.11641605569064091,-0.3242178370484417,-0.2078017813578008
1543,0.5808805961095602,-0.5553671778908785,-1.1362477740004389
1544,-0.9458111420379406,-0.5753713642748255,0.3704397777631151
1545,0.8598949940146978,-0.6172617684125742,-1.477156762427272
1546,-0.9657550996323551,-0.6755621662196309,0.2901929334127241
1547,0.3616126318651542,-0.6234595120454822,-0.9850721439106365
1548,-0.21448920416623055,-0.47918396000369834,-0.2646947558374678
1549,0.2031742779421543,-0.2981640114731973,-0.5013382894153516
1550,0.9531475118433372,-0.6132495346352144,-1.5663970464785515
1551,0.8163377016532887,-0.6569904537709694,-1.473328155424258
1552,0.4317728242307618,-0.5567195832290953,-0.9884924074598571
1553,0.6436598114370522,-0.5504465730397003,-1.1941063844767525
1554,0.3409934690248959,-0.5478634861754458,-0.8888569552003417
1555,1.0349964868026347,-0.7437926942109214,-1.778789181013556
1556,0.39517754047403997,-0.7028275111663489,-1.098005051640389
1557,0.4161546882151445,-0.4395020188242049,-0.8556567070393495
1558,0.25382386977396115,-0.495967479465779,-0.7497913492397401
1559,0.5383783450238585,-0.4979114570699661,-1.0362898020938247
1560,0.15792898293050414,-0.6498618763984811,-0.8077908593289853
1561,0.3240618076092364,-0.6179233441976835,-0.9419851518069199
1562,0.12249635607120847,-0.6118927199177083,-0.7343890759889168
1563,0.9986918023487471,-0.5976800509745543,-1.5963718533233013
1564,0.33820509460881953,-0.5933752328600664,-0.931580327468886
1565,0.43543485122895376,-0.6050678284438684,-1.040502679672822
1566,0.028910148093594476,-0.3865397576050654,-0.4154499056986599
1567,0.3201437502966258,-0.33997466429723644,-0.6601184145938622
1568,1.4540273829121002,-0.521985236031326,-1.9760126189434262
1569,-0.43319260401219223,-0.6275119780880543,-0.19431937407586203
1570,0.7182291277047044,-0.560940053611349,-1.2791691813160533
1571,0.41573133638177595,-0.7035091147762607,-1.1192404511580367
1572,0.6504883883664928,-0.6251548233978699,-1.2756432117643626
1573,0.6946195125765572,-0.5414865656586351,-1.2361060782351923
1574,0.6099562887275292,-0.568431775121042,-1.1783880638485713
1575,0.5440838442705849,-0.5333979991267164,-1.0774818433973012
1576,0.5784794862295591,-0.4893688890112283,-1.0678483752407875
1577,-0.27530174403191576,-0.47771863269686154,-0.20241688866494578
1578,0.9314194719089,-0.7818220864631195,-1.7132415583720193
1579,0.44678756971917905,-0.5017679224433244,-0.9485554921625035
1580,0.1604252517971562,-0.6872350163614803,-0.8476602681586365
1581,0.43594468911727813,-0.48873949519224974,-0.9246841843095279
1582,0.11621895718400711,-0.5013792081044067,-0.6175981652884138
1583,0.430858230405968,-0.6059231575043741,-1.036781387910342
1584,-0.16019858670673306,-0.44888572759850925,-0.28868714089177616
1585,0.5436538372214665,-0.48334448097196264,-1.0269983181934292
1586,-0.6002542929367705,-0.6114796373969262,-0.011225344460155773
1587,0.8302674826981545,-0.6539551732171048,-1.4842226559152594
1588,-0.17610619995090204,-0.7144126521618407,-0.5383064522109386
1589,-0.0032176758305169084,-0.6374553634557649,-0.634237687625248
1590,0.7059047477866768,-0.8320106379410483,-1.5379153857277252
1591,0.05517989849082279,-0.5976428327648757,-0.6528227312556986
1592,0.19299141860026942,-0.7096415897585533,-0.9026330083588228
1593,0.4652410485032883,-0.5001567290399642,-0.9653977775432525
1594,0.36519474769969185,-0.55355146801362,-0.9187462157133118
1595,1.0680620791359383,-0.5668982161811368,-1.6349602953170752
1596,0.6533531731714878,-0.6145246113161913,-1.2678777844876792
1597,0.07142522222859975,-0.6328336464298983,-0.704258868658498
1598,0.11116716491401286,-0.6465144792168349,-0.7576816441308478
1599,0.5825012159155223,-0.5804311408936125,-1.1629323568091348
1600,0.9462074449078574,-0.42700977283199293,-1.3732172177398503
1601,0.03225143487342273,-0.5886138182835498,-0.6208652531569725
1602,0.47584193344776243,-0.3485426760764623,-0.8243846095242247
1603,0.21835091382657904,-0.3829454339117198,-0.6012963477382989
1604,0.4711935258228896,-0.6273637277664639,-1.0985572535893535
1605,0.48803184297488067,-0.6578066636274813,-1.145838506602362
1606,0.0585807242489301,-0.5650616200149028,-0.6236423442638329
1607,0.8874692284507998,-0.3939190507639968,-1.2813882792147966
1608,0.3839507000506416,-0.4392082986598682,-0.8231589987105098
1609,0.4822680544428037,-0.42816899550891546,-0.9104370499517191
1610,0.36728398426860753,-0.5310926403303132,-0.8983766245989208
1611,0.5129623723214415,-0.46834447255734596,-0.9813068448787874
1612,-0.9004897401965762,-0.5523654077946071,0.34812433240196916
1613,0.8528132658280256,-0.6070850468131169,-1.4598983126411427
1614,-0.24043522746104856,-0.46790048034184195,-0.2274652528807934
1615,-0.07064605871571754,-0.5402639614556042,-0.46961790273988663
1616,0.7187740413040867,-0.4677497268143384,-1.186523768118425
1617,0.38671698882323785,-0.46777142957233336,-0.8544884183955712
1618,0.10067751475321608,-0.543359679391724,-0.6440371941449401
1619,0.43762506211445534,-0.5383801943200399,-0.9760052564344952
1620,0.4240833533266208,-0.6514110394164494,-1.0754943927430702
1621,0.6762680099648839,-0.4954582887893491,-1.171726298754233
1622,0.09109584000554916,-0.4897570311041525,-0.5808528711097016
1623,0.49187331375763327,-0.5233887368030669,-1.0152620505607002
1624,0.2168205224209789,-0.5249360622048148,-0.7417565846257937
1625,0.2521887198217823,-0.5593613894991913,-0.8115501093209736
1626,-0.14435475366199843,-0.5051342296983246,-0.3607794760363261
1627,-1.324011172608084,-0.557604590058908,0.7664065825491762
1628,0.06098807178121406,-0.6039990114013563,-0.6649870831825703
1629,-0.5099341862282496,-0.5556745710641668,-0.04574038483591725
1630,0.7439060936787043,-0.410268802918776,-1.1541748965974803
1631,0.511264268564646,-0.48451181017476924,-0.9957760787394152
1632,0.46458215770663397,-0.5291757842481588,-0.9937579419547928
1633,0.6811158568411039,-0.3698637502710457,-1.0509796071121495
1634,-0.1558877193970622,-0.6977151748020076,-0.5418274554049454
1635,-0.047950070859667744,-0.4088756278827863,-0.36092555702311857
1636,0.5264142378409127,-0.45079646017127173,-0.9772106980121844
1637,0.6015410440929687,-0.4175848822679996,-1.0191259263609682
1638,0.2543469731112062,-0.5843250115892075,-0.8386719847004136
1639,0.9825961769969295,-0.6014859782111065,-1.584082155208036
1640,0.27050051220317695,-0.5663489148148179,-0.8368494270179948
1641,0.7439722919654844,-0.5352337295743138,-1.2792060215397982
1642,0.5490576368950002,-0.4957223165774355,-1.0447799534724358
1643,0.7054819794616274,-0.5254333370009691,-1.2309153164625966
1644,0.3499677873461167,-0.3973622055501343,-0.747329992896251
1645,0.1460874962208664,-0.48989079265666097,-0.6359782888775274
1646,0.7011030307621318,-0.5302775964575546,-1.2313806272196863
1647,-0.032157754941186445,-0.5484253515413995,-0.516267596600213
1648,0.41817624092523886,-0.6608731260158888,-1.0790493669411276
1649,0.6896112962230105,-0.851994928077765,-1.5416062243007755
1650,0.011265848192367034,-0.5822843140969386,-0.5935501622893056
1651,0.7095961064383001,-0.5674263972359178,-1.277022503674218
1652,0.3913258903142792,-0.5789092019980052,-0.9702350923122844
1653,0.5240639390927452,-0.6076120087995308,-1.131675947892276
1654,0.7622794575742771,-0.48445834646770464,-1.2467378040419816
1655,0.8403321137338138,-0.5437036623288903,-1.3840357760627042
1656,0.4421088357673333,-0.6335823539908654,-1.0756911897581987
1657,0.21565890828846654,-0.7042176421969282,-0.9198765504853947
1658,-0.6811824694607171,-0.5755380058512162,0.10564446360950097
1659,0.4532603540511751,-0.35715246554559665,-0.8104128195967717
1660,0.5429890538965163,-0.54412810810316,-1.0871171619996765
1661,0.5649494399436198,-0.5085388287114174,-1.073488268655037
1662,-0.006560391460786463,-0.45783159727930145,-0.451271205818515
1663,0.5708942767384856,-0.771712172724995,-1.3426064494634806
1664,0.18285328345428767,-0.6460666667637933,-0.828919950218081
1665,0.060609751837852104,-0.5995393285155196,-0.6601490803533717
1666,0.09923800624293021,-0.60702926981515,-0.7062672760580803
1667,0.46510682587852925,-0.5732557182860745,-1.0383625441646038
1668,-1.0627591228808622,-0.6313616581274811,0.43139746475338103
1669,0.8440743002793116,-0.4067034314299795,-1.2507777317092912
1670,1.1963323533381387,-0.6105205623997138,-1.8068529157378523
1671,1.2181348303401203,-0.5995062886580113,-1.8176411189981314
1672,1.2510877452403277,-0.6288965871004552,-1.8799843323407828
1673,-0.5674999822703437,-0.535018522441064,0.032481459829279746
1674,1.3424013097957619,-0.5017375270924375,-1.8441388368881992
1675,0.8576739931511728,-0.3988417073919237,-1.2565157005430965
1676,0.9615746517493196,-0.6503839451610024,-1.611958596910322
1677,0.7995048370795722,-0.4743210569882997,-1.273825894067872
1678,0.34958703078958286,-0.5302826781271094,-0.8798697089166923
1679,0.7899128246932675,-0.5682347116730128,-1.3581475363662803
1680,-0.5197041985812629,-0.4009628540329884,0.11874134454827451
1681,-0.19116500211077153,-0.3951376796615399,-0.20397267755076837
1682,-0.09053724484961856,-0.3911709919739486,-0.30063374712433005
1683,-0.10018054338870455,-0.34950754823150115,-0.2493270048427966
1684,1.2248058109724014,-0.3856725757737327,-1.610478386746134
1685,0.31367669401511034,-0.477984822435213,-0.7916615164503233
1686,1.1488989251449264,-0.3204065623999279,-1.4693054875448543
1687,0.9040859840474085,-0.3455111032767995,-1.249597087324208
1688,0.09495014370174995,-0.46984568823262135,-0.5647958319343713
1689,0.4480547506165476,-0.6732887187390361,-1.1213434693555837
1690,0.2291362003227763,-0.6749673382754262,-0.9041035385982025
1691,0.37620167896408324,-0.5317598360016852,-0.9079615149657685
1692,0.07357058119819222,-0.49183488561671407,-0.5654054668149063
1693,0.6904911204494607,-0.3471925008479783,-1.037683621297439
1694,0.2303815598049006,-0.37742245471215663,-0.6078040145170572
1695,0.5148729869138102,-0.4305691751999489,-0.9454421621137592
1696,0.110510831316509,-0.3578141501918543,-0.4683249815083633
1697,0.5381626368732317,-0.40731643161332354,-0.9454790684865553
1698,-0.8294022359006391,-0.6290775120247143,0.20032472387592481
1699,0.4550319392351942,-0.41316388175367325,-0.8681958209888674
1700,0.5600079463173637,-0.5828635553030832,-1.142871501620447
1701,-0.24835795585725806,-0.5245655507337514,-0.2762075948764934
1702,0.8487074173229066,-0.5180872503080739,-1.3667946676309803
1703,-0.022171668325179333,-0.5775728149155126,-0.5554011465903332
1704,0.07347950501681133,-0.5202336986230892,-0.5937132036399005
1705,0.3700282687583359,-0.6209490920179315,-0.9909773607762673
1706,0.5379715382790026,-0.5825131649877969,-1.1204847032667995
1707,0.2674089859377172,-0.5854393545701285,-0.8528483405078457
1708,0.5160100234714287,-0.596688243993987,-1.1126982674654156
1709,0.9097340651027925,-0.6838497017669496,-1.5935837668697421
1710,0.4046107313940796,-0.6585717727750348,-1.0631825041691143
1711,0.5181813463190521,-0.4216466873242032,-0.9398280336432553
1712,-0.0074956082561919895,-0.7680130348615034,-0.7605174266053114
1713,0.14277055628325389,-0.403868293557845,-0.5466388498410989
1714,0.7551268841232937,-0.7563048369863561,-1.5114317211096497
1715,0.9525280970982387,-0.699998308283653,-1.6525264053818915
1716,0.8304410697360503,-0.44460160905268215,-1.2750426787887323
1717,0.5635215575598911,-0.5326028570583285,-1.0961244146182196
1718,0.9976273976503499,-0.4803601591621658,-1.4779875568125158
1719,0.12290399007712871,-0.42640389216322516,-0.5493078822403539
1720,0.530116535683468,-0.5748077010012725,-1.1049242366847405
1721,0.48794627633288207,-0.6298221139683449,-1.117768390301227
1722,0.7647205509172526,-0.5457662691377861,-1.3104868200550386
1723,0.1123648490596543,-0.48799715129497967,-0.6003620003546339
1724,-0.28559143425167954,-0.5755937671539468,-0.2900023329022673
1725,0.6475205853048553,-0.48364204349081524,-1.1311626287956706
1726,0.48980330617165807,-0.35317779010560835,-0.8429810962772664
1727,1.1760449513160376,-0.6135220221717952,-1.7895669734878328
1728,0.02060842834981469,-0.6264589620002858,-0.6470673903501005
1729,0.39074685307874796,-0.6181229463358114,-1.0088697994145595
1730,0.10262722057593257,-0.3704990919043781,-0.4731263124803107
1731,0.5126911802950057,-0.3663622367094777,-0.8790534170044835
1732,0.6333653813027961,-0.6461596253518419,-1.279525006654638
1733,0.30746139398481814,-0.5710876253468501,-0.8785490193316683
1734,-0.12594756433731033,-0.537455194089456,-0.4115076297521456
1735,0.5936507412623655,-0.7343363295652224,-1.327987070827588
1736,0.053998045876030236,-0.6934028993015767,-0.7474009451776069
1737,0.3830266329221991,-0.6393846995060424,-1.0224113324282413
1738,0.5063484841431073,-0.6237863092349939,-1.1301347933781012
1739,0.6322673293822371,-0.5061556251543436,-1.1384229545365807
1740,0.24207571864808938,-0.517737292750564,-0.7598130113986534
1741,0.21872716178520338,-0.6346330784619806,-0.8533602402471839
1742,1.685101631834659,-0.5626359221295639,-2.247737553964223
1743,2.1201522298814797,-0.5782082499875275,-2.6983604798690073
1744,-0.23873114749907964,-0.6137409174249935,-0.37500976992591384
1745,1.0552421707597721,-0.7161436186828751,-1.7713857894426472
1746,0.4106881573380614,-0.5427171388209888,-0.9534052961590502
1747,-0.46300703538470184,-0.64095244943928,-0.17794541405457814
1748,0.806258627151936,-0.5072309969160698,-1.3134896240680058
1749,0.3081043528586505,-0.6198951360534388,-0.9279994889120893
1750,0.5024703225790539,-0.4214067444966502,-0.9238770670757042
1751,0.4872441930459377,-0.4838664413126691,-0.9711106343586068
1752,0.6183967093273913,-0.3801451919935678,-0.9985419013209591
1753,0.6660477924915231,-0.43372011477052413,-1.0997679072620472
1754,0.7840308061795187,-0.36461518193894427,-1.148645988118463
1755,0.7012115208966577,-0.550867243006107,-1.2520787639027646
1756,0.5444189734235246,-0.5986864296938765,-1.143105403117401
1757,0.2888116159238669,-0.5601197827872832,-0.8489313987111502
1758,0.7873878459409258,-0.2327599472711967,-1.0201477932121226
1759,0.447309080171933,-0.6267638159021174,-1.0740728960740504
1760,0.4349660946602659,-0.45328269105223334,-0.8882487857124992
1761,0.7182176448341501,-0.5732121429967495,-1.2914297878308996
1762,-0.2642380283519721,-0.5180671667421906,-0.2538291383902185
1763,0.34612202082714993,-0.6372492835856989,-0.9833713044128488
1764,-0.0042135452134322016,-0.615055765963851,-0.6108422207504188
1765,0.581541413538732,-0.6655035458719935,-1.2470449594107254
1766,-0.27888692484107097,-0.3753782067357025,-0.09649128189463152
1767,0.8110272167121768,-0.6422919015984483,-1.453319118310625
1768,0.5555584337687234,-0.7163942066490284,-1.271952640417752
1769,0.5390143360467771,-0.7281770506290417,-1.2671913866758189
1770,1.1757140521805054,-0.435212674891057,-1.6109267270715624
1771,1.2517269567296299,-0.4975694897918579,-1.7492964465214877
1772,1.0298288602737655,-0.5894711810607414,-1.619300041334507
1773,-0.041569135348217885,-0.5433701327419203,-0.5018009973937023
1774,0.27951178096009,-0.48545945833761744,-0.7649712392977075
1775,-0.14334649363847402,-0.5835269173316991,-0.44018042369322513
1776,0.6853432964650847,-0.41422530040944117,-1.099568596874526
1777,-0.05349308463580027,-0.5905988264256435,-0.5371057417898433
1778,1.093035598448981,-0.382813349625928,-1.475848948074909
1779,-0.9453069054506084,-0.64468813964427,0.3006187658063384
1780,-0.07049608349405423,-0.6884109411564873,-0.617914857662433
1781,0.26302519965681836,-0.7622113847834401,-1.0252365844402584
1782,0.9031365635780709,-0.5350279623444735,-1.4381645259225444
1783,1.123317792444821,-0.5631309983361121,-1.6864487907809331
1784,0.8909688879003694,-0.6934596763849707,-1.5844285642853402
1785,0.4868601355626302,-0.4907871334219866,-0.9776472689846167
1786,0.42033369890731653,-0.3881198694140048,-0.8084535683213213
1787,0.8484392260731787,-0.6130620965097823,-1.461501322582961
1788,0.8502508680066972,-0.5561206651862248,-1.406371533192922
1789,0.43300707975134295,-0.719717813924861,-1.152724893676204
1790,0.45676181351034584,-0.6963901342828734,-1.1531519477932193
1791,0.4562646032573125,-0.66958570062948,-1.1258503038867924
1792,0.417396745432075,-0.4716947257861824,-0.8890914712182574
1793,0.25792281497199826,-0.6021066554049839,-0.8600294703769822
1794,0.3114653488502662,-0.4771691580813904,-0.7886345069316566
1795,0.5714278188449158,-0.6332730070261081,-1.204700825871024
1796,-0.24504420637762644,-0.7914078240306459,-0.5463636176530194
1797,0.9007929385901632,-0.5405636431081307,-1.4413565816982938
1798,-0.1748005872595337,-0.6444758726218439,-0.4696752853623102
1799,-0.26364550915037066,-0.5685424747805862,-0.3048969656302155
1800,0.7154977688678578,-0.6583281455838079,-1.3738259144516656
1801,1.2522744131690828,-0.7223654744239514,-1.9746398875930342
1802,0.29977128499577804,-0.6272929765373527,-0.9270642615331308
1803,0.4767663862252853,-0.7367281694710723,-1.2134945556963577
1804,-1.1025114211628517,-0.7770435791687933,0.3254678419940584
1805,0.6357476380627868,-0.5998904482941563,-1.2356380863569432
1806,-0.06983529319224102,-0.4868828596373785,-0.41704756644513746
1807,1.3994776675406038,-0.4491370138648422,-1.848614681405446
1808,0.1854642220766007,-0.4232676607528485,-0.6087318828294492
1809,0.9952193237953713,-0.652622024602312,-1.6478413483976833
1810,0.023951169431693724,-0.8128401744936489,-0.8367913439253426
1811,0.47728128058561536,-0.35579496888679585,-0.8330762494724112
1812,0.21483688277743082,-0.3170740878174895,-0.5319109705949203
1813,0.31042804136115487,-0.4490453315381461,-0.759473372899301
1814,0.2571873938146494,-0.43140109705251256,-0.688588490867162
1815,0.577656887313626,-0.5732154226242587,-1.1508723099378848
1816,0.07474576175130114,-0.7131064869251946,-0.7878522486764957
1817,0.1801413465385561,-0.3887405991498011,-0.5688819456883571
1818,1.1943729707857254,-0.5502373400168336,-1.744610310802559
1819,0.3683615146973281,-0.49481027335720823,-0.8631717880545363
1820,0.3978587346108013,-0.7173251515937045,-1.1151838862045058
1821,1.0158009537057207,-0.5739478997265531,-1.589748853432274
1822,0.3561543207800974,-0.5985239683094787,-0.9546782890895762
1823,-0.9424491078968397,-0.46659982810158007,0.4758492797952596
1824,0.8214667765257117,-0.43596795931573984,-1.2574347358414515
1825,0.7225141664657747,-0.7135813127921289,-1.4360954792579035
1826,0.4747393222370235,-0.427975106611825,-0.9027144288488484
1827,0.11422430033369718,-0.5645764318996798,-0.6788007322333769
1828,0.606096412308565,-0.5065147273561245,-1.1126111396646894
1829,-0.41254956807857496,-0.5754743842186374,-0.16292481614006243
1830,0.7685849895763454,-0.6062444242170837,-1.374829413793429
1831,0.5454289360893375,-0.6237792518693394,-1.1692081879586769
1832,0.25380700309107873,-0.6454981138260895,-0.8993051169171682
1833,0.4349126194990657,-0.4938481397816935,-0.9287607592807592
1834,1.2249833366669496,-0.6754606792826245,-1.9004440159495741
1835,-0.16814383641869843,-0.6293718798251947,-0.46122804340649626
1836,0.3988827624247551,-0.5202748030019277,-0.9191575654266828
1837,0.5792857001366866,-0.7071500394253445,-1.2864357395620312
1838,-0.1929813933962537,-0.6195092414076646,-0.4265278480114109
1839,0.48927578526743504,-0.46322980198921965,-0.9525055872566547
1840,0.5444120994296339,-0.4618767755678425,-1.0062888749974763
1841,0.2810309519299718,-0.45085025806652257,-0.7318812099964944
1842,0.4512916206617145,-0.39927537184465334,-0.8505669925063679
1843,0.7937570838546734,-0.6005968996160129,-1.3943539834706864
1844,0.6411241270673238,-0.5822169436884712,-1.223341070755795
1845,-0.044603481159323485,-0.6828687380658776,-0.6382652569065541
1846,1.090997224038623,-0.4175329234788327,-1.5085301475174557
1847,0.25152783762984604,-0.6026986650881896,-0.8542265027180356
1848,0.6372184540239921,-0.5843515340749819,-1.2215699880989739
1849,0.6554960231897984,-0.6868502706509314,-1.3423462938407298
1850,-0.1358211860192448,-0.7144786434483392,-0.5786574574290944
1851,0.5087232159526324,-0.465389640620591,-0.9741128565732233
1852,0.5802577279987211,-0.6713786228263401,-1.2516363508250612
1853,0.7102284061242599,-0.45445087235774895,-1.1646792784820088
1854,0.061890252033187376,-0.41731890111534553,-0.4792091531485329
1855,0.44241465828893944,-0.5580217727730477,-1.000436431061987
1856,0.9754474221673828,-0.5586902323547966,-1.5341376545221794
1857,1.0382134308003086,-0.489784896553631,-1.5279983273539397
1858,0.6889186240479226,-0.5732138592243408,-1.2621324832722634
1859,-0.29677341412551167,-0.5927848153810972,-0.2960114012555855
1860,-0.2507453662825515,-0.5649962192734965,-0.314250852990945
1861,0.6027550212767103,-0.6535127793054026,-1.2562678005821128
1862,0.430298523281532,-0.4351362673534926,-0.8654347906350246
1863,0.33042048229617066,-0.4626280093478883,-0.793048491644059
1864,0.7977698966870095,-0.23984347049291385,-1.0376133671799233
1865,0.37119775565053864,-0.4562698944925429,-0.8274676501430815
1866,0.7290531971782838,-0.43697001581512535,-1.1660232129934092
1867,-0.32888946012950093,-0.46319226572148947,-0.13430280559198854
1868,1.0356782042527608,-0.6576118646152184,-1.693290068867979
1869,0.3956891501229909,-0.3626624686961012,-0.7583516188190921
1870,0.7896013795933206,-0.39321472967438165,-1.1828161092677023
1871,0.7067320903930308,-0.5044404882295763,-1.211172578622607
1872,0.5048110041067302,-0.5752718421293115,-1.0800828462360417
1873,-0.22027733722430515,-0.34079259037488163,-0.12051525315057648
1874,-0.45210635567259877,-0.3984258945956684,0.053680461076930364
1875,0.8380901773920798,-0.7040075927244294,-1.5420977701165093
1876,-0.5981544842272039,-0.43704991154552186,0.161104572681682
1877,0.7747315862582559,-0.38876895779092363,-1.1635005440491795
1878,0.33726445644428704,-0.5094460183741764,-0.8467104748184634
1879,1.1741944958741182,-0.5062467865803468,-1.680441282454465
1880,0.9685427281266606,-0.5690852019422649,-1.5376279300689255
1881,1.5711095349008022,-0.5710064530120843,-2.1421159879128866
1882,0.3459063291608078,-0.5176832419782305,-0.8635895711390382
1883,0.7098581662392549,-0.40770095260245487,-1.1175591188417098
1884,0.2903325855682341,-0.7675498792591026,-1.0578824648273366
1885,0.6810394539386411,-0.4727470174188152,-1.1537864713574564
1886,0.6903342675939412,-0.5934309933084863,-1.2837652609024275
1887,0.8731172084773398,-0.46303997813577585,-1.3361571866131157
1888,0.5374867937849284,-0.44618298334144196,-0.9836697771263703
1889,0.17518444170914377,-0.7479143087850856,-0.9230987504942294
1890,-0.031553739220131265,-0.6609132487125872,-0.6293595094924559
1891,1.1994734566364431,-0.7036806549194256,-1.9031541115558688
1892,0.9001692785450072,-0.5980523185094571,-1.4982215970544641
1893,0.4678542420416849,-0.4676831054334851,-0.93553734747517
1894,0.34583753217448737,-0.6342910266029548,-0.9801285587774422
1895,0.3179796107775365,-0.667843094165709,-0.9858227049432455
1896,0.45294296800729317,-0.7116814049721033,-1.1646243729793966
1897,-0.10780967191439472,-0.46407269454591343,-0.3562630226315187
1898,0.3958377887792623,-0.6546963558428707,-1.050534144622133
1899,0.4693125597994343,-0.4682881994270549,-0.9376007592264892
1900,0.0917079118583023,-0.4270595085150132,-0.5187674203733155
1901,0.7829141774322623,-0.624659173119942,-1.4075733505522043
1902,0.5209252949743959,-0.7763353528944941,-1.29726064786889
1903,0.4353037785011715,-0.6615282075307454,-1.096831986031917
1904,0.6271569970872086,-0.6269358441196338,-1.2540928412068424
1905,0.47053371104105535,-0.5110640106702534,-0.9815977217113088
1906,0.5829624353031269,-0.5758516761072822,-1.158814111410409
1907,1.1041174073435482,-0.5042912889411055,-1.6084086962846538
1908,0.1961895734474783,-0.5382280243106006,-0.7344175977580789
1909,0.21876750103223433,-0.8150010783397995,-1.033768579372034
1910,0.3172657989197282,-0.6032729590068372,-0.9205387579265654
1911,0.4503962324301185,-0.4826106277597066,-0.9330068601898251
1912,0.8567680911784474,-0.5152524349843345,-1.3720205261627818
1913,0.993519291632804,-0.6766071596700495,-1.6701264513028535
1914,0.22488129481079805,-0.49510384765904547,-0.7199851424698436
1915,0.23613186860285237,-0.6188899918557219,-0.8550218604585743
1916,0.1921825942286012,-0.5267199799272336,-0.7189025741558348
1917,0.7140416955037769,-0.706221657320936,-1.4202633528247128
1918,0.8048689262634678,-0.36904470633895287,-1.1739136326024207
1919,0.6451933475449326,-0.5449495612619939,-1.1901429088069264
1920,0.2588232151583797,-0.48513166047746803,-0.7439548756358477
1921,0.8377568555373341,-0.6020253492088514,-1.4397822047461855
1922,0.46282428211535986,-0.5812865258576188,-1.0441108079729786
1923,-0.03184684131651082,-0.6327372941849801,-0.6008904528684693
1924,0.39378355625934486,-0.36320572524005196,-0.7569892814993968
1925,0.7878370998786454,-0.4840450559968393,-1.2718821558754847
1926,-0.017073812599746347,-0.527862879782661,-0.5107890671829146
1927,1.0191718822938984,-0.723574660541886,-1.7427465428357845
1928,0.4769148050797352,-0.5411744250481204,-1.0180892301278557
1929,1.3311331896314356,-0.5721414207021682,-1.9032746103336038
1930,0.11433261191203863,-0.5913493487295739,-0.7056819606416125
1931,-0.26246936114672603,-0.7063114346668086,-0.44384207352008254
1932,0.5953111397201044,-0.7311320009289558,-1.3264431406490602
1933,0.09940601313687426,-0.6522726599055106,-0.7516786730423849
1934,0.6469863380441301,-0.4269489616234514,-1.0739352996675815
1935,0.24377131455475415,-0.6696672545342852,-0.9134385690890394
1936,0.1031257919464494,-0.5669166879547037,-0.6700424799011532
1937,0.322966465425586,-0.38555456586816267,-0.7085210312937487
1938,1.0178056626586065,-0.2772005885193495,-1.295006251177956
1939,0.34648945539402976,-0.439074934883278,-0.7855643902773077
1940,0.6340550379198886,-0.5916960475499294,-1.2257510854698181
1941,0.7243700652192888,-0.49772926554051966,-1.2220993307598085
1942,0.12722826989296374,-0.614769790711398,-0.7419980606043618
1943,1.266616034897363,-0.5761517535102849,-1.8427677884076479
1944,0.9447022697687654,-0.527726964823479,-1.4724292345922443
1945,-0.1754570059802542,-0.6867779025857738,-0.5113208966055196
1946,0.9391975090997693,-0.6236068240923757,-1.5628043331921448
1947,0.7500397370225074,-0.6152412178535147,-1.365280954876022
1948,0.4829079215357192,-0.4878105054999635,-0.9707184270356828
1949,0.19657927052744442,-0.6230317092654432,-0.8196109797928876
1950,0.4522685574887352,-0.6342599373592701,-1.0865284948480052
1951,0.36472351173746687,-0.5215758285524099,-0.8862993402898768
1952,0.6031838695100746,-0.6087294599588944,-1.211913329468969
1953,0.5563333800074473,-0.6605958117791998,-1.216929191786647
1954,0.42959530525987616,-0.6445675283855162,-1.0741628336453923
1955,0.69436566632077,-0.6932569195457307,-1.3876225858665006
1956,0.07128009307812347,-0.203945739924676,-0.27522583300279946
1957,1.0077043668983412,-0.555550904348755,-1.5632552712470962
1958,-0.14725301806331229,-0.6702114424870982,-0.5229584244237859
1959,0.08665537211663332,-0.6228229767918023,-0.7094783489084356
1960,1.7500446858168797,-0.6669930790584674,-2.417037764875347
1961,-0.04576289802206653,-0.5551614229707882,-0.5093985249487216
1962,0.9394103188332367,-0.43806362989439196,-1.3774739487276286
1963,0.13623491058385337,-0.5122528790240756,-0.648487789607929
1964,0.3138970406557975,-0.5948528369030843,-0.9087498775588818
1965,-0.7059127345442966,-0.6005968121720453,0.10531592237225129
1966,0.7061147918372142,-0.8078864659838745,-1.5140012578210886
1967,0.011670852229335445,-0.4933057494556955,-0.5049766016850309
1968,0.696306670402885,-0.5895835864770784,-1.2858902568799633
1969,0.4239901043172129,-0.6749859501057087,-1.0989760544229217
1970,0.5257805944551155,-0.3652902566404933,-0.8910708510956088
1971,-0.008495150533959597,-0.4722281512268213,-0.4637330006928617
1972,1.2690144569269954,-0.6626573804160842,-1.9316718373430797
1973,0.4504270095244062,-0.5501473331974263,-1.0005743427218325
1974,0.6021771252718384,-0.5794888019569017,-1.1816659272287402
1975,0.6302039435002127,-0.5365277893569403,-1.1667317328571531
1976,2.587406594904091,-0.4452128785737313,-3.0326194734778222
1977,1.6263375759391885,-0.4162084643013741,-2.0425460402405626
1978,0.14852630331530475,-0.5015974894488426,-0.6501237927641474
1979,0.09686228238005572,-0.65606868238607,-0.7529309647661256
1980,0.22509085681634122,-0.5357953259296595,-0.7608861827460007
1981,0.8458755924441929,-0.42269138321471583,-1.2685669756589086
1982,0.6135930425150827,-0.2146017672144,-0.8281948097294827
1983,0.60197538476499,-0.32796423298550026,-0.9299396177504903
1984,0.9984724428520035,-0.5031648355122031,-1.5016372783642067
1985,0.832352628709367,-0.536125408936063,-1.36847803764543
1986,0.16012876136454307,-0.397769401182182,-0.5578981625467251
1987,0.34586110250239904,-0.4223043166326942,-0.7681654191350933
1988,0.47087171535639494,-0.6722292714280638,-1.1431009867844586
1989,1.0941578537304548,-0.6406292667034961,-1.734787120433951
1990,0.8262327087303052,-0.5878004398347241,-1.4140331485650293
1991,0.849714036523856,-0.5403044307258454,-1.3900184672497016
1992,0.3392509471088125,-0.41988516675710236,-0.7591361138659148
1993,0.9152006114421096,-0.6220717136449814,-1.537272325087091
1994,0.1192494079977709,-0.6826026925583308,-0.8018521005561017
1995,0.4579030921542993,-0.5064582880076837,-0.964361380161983
1996,1.0866154801949082,-0.3748214384542703,-1.4614369186491785
1997,0.513215494531753,-0.7167760254819691,-1.229991520013722
1998,0.33174489588624406,-0.838565581778917,-1.1703104776651612
1999,0.14313684001261853,-0.8028622971960788,-0.9459991372086973
2000,0.45856282525607317,-0.5575467337696718,-1.016109559025745
2001,0.5508017138263026,-0.5687370791284843,-1.1195387929547869
2002,0.572145261516989,-0.5680097186200043,-1.1401549801369932
2003,0.33225925646697063,-0.5369387656006746,-0.8691980220676452
2004,0.03896899150739703,-0.6582841375164835,-0.6972531290238806
2005,0.5090471990913988,-0.49614086596638235,-1.0051880650577811
2006,0.40395887638785627,-0.6764381569910246,-1.0803970333788808
2007,0.4570522476468071,-0.5007628096546494,-0.9578150573014564
2008,-0.23179341273079054,-0.5445609248928778,-0.3127675121620872
2009,-0.006799100318189644,-0.5456045865962089,-0.5388054862780193
2010,0.6125382282037879,-0.4495146981974007,-1.0620529264011886
2011,0.20672931353587348,-0.5394366113742561,-0.7461659249101296
2012,0.19574149067658128,-0.5047017508013836,-0.7004432414779649
2013,0.2231362353617703,-0.7160086287129261,-0.9391448640746964
2014,0.7410929744988242,-0.4783690925099789,-1.219462067008803
2015,0.8685247239562286,-0.3934011490508122,-1.2619258730070408
2016,0.7009696734084998,-0.41428217527776495,-1.1152518486862648
2017,0.2709300540964962,-0.7068570166592553,-0.9777870707557514
2018,1.0440439135953206,-0.3677248566024352,-1.4117687701977557
2019,0.43149651620879137,-0.4339328395819327,-0.865429355790724
2020,0.3470010873739872,-0.6812956413824927,-1.02829672875648
2021,-0.6851172777637078,-0.5999197853673746,0.08519749239633323
2022,-0.018299400526685543,-0.6348254848400432,-0.6165260843133576
2023,0.5802961499775183,-0.6147534507707336,-1.195049600748252
2024,0.516176073242789,-0.4411681358020498,-0.9573442090448387
2025,0.4819125561293497,-0.5070489422680995,-0.9889614983974492
2026,0.5300856469148302,-0.5703989603877486,-1.1004846073025787
2027,0.3720349027447053,-0.5029821446589375,-0.8750170474036428
2028,0.21386817254434975,-0.6168964537055207,-0.8307646262498705
2029,0.8698109653198184,-0.5926322345450377,-1.4624431998648562
2030,1.21596056668635,-0.482679433435604,-1.698640000121954
2031,0.3816325928704703,-0.5108533009280796,-0.8924858937985498
2032,0.24664814769094917,-0.6558760875568896,-0.9025242352478389
2033,0.09579786961597737,-0.5112557685321273,-0.6070536381481046
2034,0.5518286292925719,-0.6533712345911041,-1.205199863883676
2035,0.5357697865296994,-0.6502261902112104,-1.1859959767409098
2036,-0.40847857581365965,-0.6378679324603297,-0.22938935664667004
2037,0.716741131187763,-0.803380685830648,-1.520121817018411
2038,0.4425568207598292,-0.5464503360718835,-0.9890071568317127
2039,0.8010282312744981,-0.42672176384231697,-1.227749995116815
2040,0.27328729228380433,-0.6434445984330426,-0.9167318907168469
2041,0.6582206508605046,-0.7583368822621849,-1.4165575331226896
2042,0.7229850399071985,-0.7232587917360459,-1.4462438316432444
2043,0.7837428702728394,-0.6282833323806969,-1.4120262026535362
2044,0.9725243808390875,-0.6010804412783981,-1.5736048221174856
2045,0.45468435550939923,-0.6666227560159386,-1.1213071115253377
2046,0.4682531612331725,-0.5402645041515722,-1.0085176653847447
2047,0.5173418534915654,-0.448369548708636,-0.9657114022002014
2048,0.22084543697379727,-0.660293830774805,-0.8811392677486023
2049,0.2313374258151992,-0.7338849975460605,-0.9652224233612597
2050,0.4160514778490141,-0.5955743399355122,-1.0116258177845263
2051,0.5774472260641119,-0.5801610186413182,-1.1576082447054301
2052,0.13638063542867135,-0.34741808223173315,-0.4837987176604045
2053,1.0981774707618133,-0.5280082707751281,-1.6261857415369414
2054,0.5444383538601307,-0.4814814055437013,-1.025919759403832
2055,0.6857783956355038,-0.4967789261669048,-1.1825573218024086
2056,0.199899915446211,-0.5427696937788318,-0.7426696092250428
2057,0.6285115972360344,-0.5506145091373246,-1.1791261063733591
2058,0.7406109815417931,-0.45333751159194396,-1.193948493133737
2059,0.42734474807107514,-0.42201311776469685,-0.849357865835772
2060,0.13594319796189702,-0.3997780967440496,-0.5357212947059466
2061,0.2761487952034716,-0.3797748895959752,-0.6559236847994467
2062,-0.3238435340772849,-0.42315089751909163,-0.09930736344180674
2063,0.09488067159796901,-0.4160020628380601,-0.5108827344360292
2064,0.8736177545575392,-0.6596697637826466,-1.533287518340186
2065,0.3011833600464045,-0.483516461578636,-0.7846998216250405
2066,0.9117190827046053,-0.5618309014310571,-1.4735499841356625
2067,0.4848817432517837,-0.4791634731626415,-0.9640452164144252
2068,0.19856187013856183,-0.46973161671162006,-0.6682934868501819
2069,0.2591973035951125,-0.39474943125469597,-0.6539467348498085
2070,-0.45521910411231736,-0.48779148618045076,-0.0325723820681334
2071,-0.6116936097939837,-0.4378428886778877,0.173850721116096
2072,0.8080265235876953,-0.30139442915739023,-1.1094209527450856
2073,0.7526597934554218,-0.42193101185899884,-1.1745908053144207
2074,0.8436780688176064,-0.43947095755782284,-1.2831490263754293
2075,0.7499252549019197,-0.471815470616796,-1.2217407255187158
2076,1.20370679308621,-0.5146972874750717,-1.7184040805612817
2077,0.9416209595913048,-0.5023135997612656,-1.4439345593525703
2078,0.08429925290311645,-0.565547217470797,-0.6498464703739134
2079,0.19786465287424373,-0.5687160591060274,-0.7665807119802711
2080,0.3910060292839252,-0.4369855895091237,-0.827991618793049
2081,0.16483075164967156,-0.39552462116719084,-0.5603553728168624
2082,0.6616923546932163,-0.5349365739728155,-1.1966289286660317
2083,0.48254832134720527,-0.44285433451656026,-0.9254026558637656
2084,0.7987111375130828,-0.46115883272236247,-1.2598699702354452
2085,0.8147859042861121,-0.3453928769399203,-1.1601787812260325
2086,0.09193075889855734,-0.45211563967767,-0.5440463985762274
2087,0.19157046326797325,-0.44740153059178134,-0.6389719938597546
2088,0.553504557141024,-0.4309130581495058,-0.9844176152905297
2089,0.017130295827486708,-0.5979728302293773,-0.615103126056864
2090,0.862920003181719,-0.5639113595388429,-1.426831362720562
2091,0.5103260931782112,-0.4245324254567723,-0.9348585186349835
2092,0.7549589069221102,-0.4731307895645502,-1.2280896964866603
2093,0.47012684895384493,-0.5484281519251264,-1.0185550008789712
2094,0.613780365238124,-0.37206947637885496,-0.985849841616979
2095,0.3131902476972595,-0.46369954005494124,-0.7768897877522007
2096,0.45598964661309427,-0.5116799945565117,-0.967669641169606
2097,0.6501965007421979,-0.4949459137821569,-1.1451424145243547
2098,0.07205482038668228,-0.34774918788850806,-0.4198040082751903
2099,0.027234163211408695,-0.28633850094580804,-0.31357266415721674
2100,0.5690103224344178,-0.6298101783452477,-1.1988205007796655
2101,0.3117577494383588,-0.6189277376212187,-0.9306854870595775
2102,-0.5282726149380087,-0.5987104829376768,-0.07043786799966811
2103,0.14606640261452222,-0.31059689142579433,-0.4566632940403166
2104,0.3793533993985245,-0.3112329783038076,-0.6905863777023321
2105,0.36799804901047434,-0.49244709335443554,-0.8604451423649099
2106,0.43298314799878024,-0.525182297381584,-0.9581654453803642
2107,-0.01998390998702267,-0.544265883335614,-0.5242819733485913
2108,0.18786229069039365,-0.7209673131152586,-0.9088296038056523
2109,0.08495526722157909,-0.7870167093598532,-0.8719719765814323
2110,0.730042571576742,-0.5067961491030646,-1.2368387206798066
2111,0.2087851054413209,-0.3508745560401154,-0.5596596614814363
2112,0.42787897581736445,-0.42513233720774934,-0.8530113130251138
2113,0.35635410786961796,-0.3544611356219655,-0.7108152434915835
2114,0.007562331629395259,-0.37271933591280665,-0.3802816675422019
2115,-0.01089145699685208,-0.4380408620961697,-0.42714940509931765
2116,0.4903386277741235,-0.7488110633495504,-1.239149691123674
2117,0.7503158335590446,-0.6626657988174345,-1.412981632376479
2118,0.6767585217740647,-0.6280885967281392,-1.304847118502204
2119,0.4185881044174912,-0.6288805596012893,-1.0474686640187805
2120,0.25154169028647855,-0.6468446692270795,-0.898386359513558
2121,0.3516655668400493,-0.49899149014332134,-0.8506570569833707
2122,0.36485415851826075,-0.386578729501959,-0.7514328880202197
2123,1.1230967332985082,-0.3286162827296476,-1.451713016028156
2124,0.9164754988143266,-0.24448101788167512,-1.1609565166960016
2125,1.1789922250922595,-0.21848257529066006,-1.3974748003829196
2126,0.38782684220268804,-0.2913372246867829,-0.679164066889471
2127,0.8124103510323122,-0.792375660529984,-1.6047860115622963
2128,0.3945933323656915,-0.4090960441018502,-0.8036893764675417
2129,0.3992637832548532,-0.28293742561351487,-0.682201208868368
2130,0.2836272014179695,-0.2649452500590793,-0.5485724514770488
2131,0.6313541308946851,-0.37722070981602446,-1.0085748407107096
2132,0.5931527226433685,-0.3820124534578143,-0.9751651761011828
2133,0.6198931423292198,-0.46177520642869685,-1.0816683487579166
2134,0.7142624613924954,-0.5623862031372151,-1.2766486645297106
2135,-0.012825412304901251,-0.5168689973591649,-0.5040435850542637
2136,-0.19470719228824188,-0.6526420367632783,-0.4579348444750364
2137,-0.006289204684879275,-0.6135189858537374,-0.6072297811688582
2138,0.34197752434233714,-0.1386652002497023,-0.48064272459203944
2139,0.47560373066350126,-0.122247843017642,-0.5978515736811433
2140,0.8043324283375901,-0.39417950168658844,-1.1985119300241784
2141,0.15244157307365072,-0.5161589242084005,-0.6686004972820512
2142,0.21471375839774232,-0.5865195978268508,-0.8012333562245931
2143,0.7886373284088771,-0.5697281203471216,-1.3583654487559986
2144,0.626192316639685,-0.5275514869586354,-1.1537438035983203
2145,0.2942808515134504,-0.5974501908231359,-0.8917310423365863
2146,0.19490078434652414,-0.616288622531283,-0.8111894068778072
2147,0.3637576271324515,-0.5766066449682231,-0.9403642721006746
2148,-0.008579092252126863,-0.6002777492945851,-0.5916986570424583
2149,0.37127416830431964,-0.6566015716422574,-1.027875739946577
2150,0.3969255740686109,-0.5525045328057655,-0.9494301068743765
2151,0.2307962479970011,-0.4889762878266392,-0.7197725358236403
2152,0.8705248460003094,-0.5784404336882036,-1.448965279688513
2153,-0.491672333121063,-0.49640108236746194,-0.004728749246398933
2154,0.1878839405566024,-0.41336904349261366,-0.601252984049216
2155,0.7398908255761402,-0.7402433728183992,-1.4801341983945395
2156,0.974284889492963,-0.736081609741023,-1.710366499233986
2157,0.6978741060911354,-0.7707980016055858,-1.468672107696721
2158,0.21932776460639972,-0.7096918526121831,-0.9290196172185828
2159,0.5756646208782352,-0.8620623443622445,-1.4377269652404796
2160,0.35557396802791785,-0.6710444311498499,-1.0266183991777678
2161,0.891376628007895,-0.27771678785760834,-1.1690934158655033
2162,-0.1341861259639438,-0.5965117143128478,-0.46232558834890397
2163,0.09931610092442757,-0.5089438636245596,-0.6082599645489871
2164,0.10281619639019349,-0.6060095798283409,-0.7088257762185344
2165,1.5060624020868287,-0.6715571414481197,-2.1776195435349486
2166,0.3643662040137824,-0.5943580236625995,-0.9587242276763819
2167,0.3906662903213734,-0.6566798062785388,-1.0473460965999122
2168,0.7132618095777872,-0.6803844726127458,-1.393646282190533
2169,0.04392852146981487,-0.7142765817403328,-0.7582051032101477
2170,0.869227610581902,-0.5039827603612024,-1.3732103709431045
2171,0.18949930067859586,-0.5326948728945362,-0.7221941735731321
2172,-0.4163475305622588,-0.5155149535630766,-0.09916742300081782
2173,0.14056079080780923,-0.54407090157042,-0.6846316923782293
2174,-0.12948362689053,-0.5208643455431572,-0.3913807186526272
2175,0.619107303124971,-0.46409384859711567,-1.0832011517220868
2176,0.2914242314710438,-0.4154359778350993,-0.7068602093061431
2177,0.2519997665993932,-0.4320670102210591,-0.6840667768204522
2178,0.7882785306956552,-0.5697033067636742,-1.3579818374593295
2179,0.576242156044922,-0.7334421917951437,-1.3096843478400657
2180,0.412300531820229,-0.7181177832411386,-1.1304183150613676
2181,0.4677612978259102,-0.6610310302119483,-1.1287923280378585
2182,0.503170012779053,-0.604863107440593,-1.108033120219646
2183,0.6814326323076701,-0.5481861187733768,-1.229618751081047
2184,0.5180075444474246,-0.4206373956430932,-0.9386449400905178
2185,0.37970429472505907,-0.5009282021030674,-0.8806324968281265
2186,0.2656526879760266,-0.4468460093816222,-0.7124986973576488
2187,0.03670673989843422,-0.5811252213739568,-0.617831961272391
2188,0.8505898622357249,-0.620396011473621,-1.470985873709346
2189,1.005535681556921,-0.46551801771552326,-1.4710536992724443
2190,0.40514861388442336,-0.42877200987119896,-0.8339206237556223
2191,0.3578204884660916,-0.2386592812259824,-0.5964797696920741
2192,0.04523317093813124,-0.28196867694832783,-0.32720184788645906
2193,0.42229684552108676,-0.30772968440803794,-0.7300265299291246
2194,0.6014746058193922,-0.32069288848494454,-0.9221674943043368
2195,0.4596925404197071,-0.3728066408464779,-0.832499181266185
2196,0.23363703416380183,-0.3476279900909005,-0.5812650242547024
2197,0.9144614513471826,-0.4154483666366769,-1.3299098179838595
2198,0.8232921393672178,-0.31263423548148717,-1.135926374848705
2199,0.45983836511176324,-0.2624164216318571,-0.7222547867436203
2200,0.28669360047471215,-0.2543957438660401,-0.5410893443407523
2201,0.46680571715155034,-0.7345153551648512,-1.2013210723164016
2202,0.18154332181576996,-0.46326737422674696,-0.644810696042517
2203,0.3048990552943804,-0.5006736290012923,-0.8055726842956727
2204,0.2344494381886643,-0.4369286136177787,-0.6713780518064429
2205,0.10010655422453511,-0.3382553627099944,-0.4383619169345295
2206,0.20600810496452193,-0.5566949683862054,-0.7627030733507273
2207,0.027129222027178546,-0.5582124533780899,-0.5853416754052685
2208,0.16798086339032878,-0.7595505843771381,-0.9275314477674669
2209,0.7419578074605994,-0.7350142677640752,-1.4769720752246744
2210,-0.25776354831990306,-0.702800594926238,-0.445037046606335
2211,-0.10366872845110049,-0.6624775909207145,-0.5588088624696139
2212,0.9941091956997825,-0.7148405076448859,-1.7089497033446683
2213,0.7057534601377584,-0.6165563359465004,-1.3223097960842587
2214,0.7512066774604772,-0.6168709022373372,-1.3680775796978144
2215,0.7910867773573652,-0.47411159597712094,-1.2651983733344863
2216,0.043015780634417466,-0.4847311689289113,-0.5277469495633288
2217,0.5171586235527399,-0.566380237386054,-1.083538860938794
2218,0.07064709731152276,-0.5261257588096392,-0.5967728561211619
2219,0.35560166059477044,-0.6023903520268714,-0.9579920126216419
2220,0.581704220166346,-0.7417110336635389,-1.323415253829885
2221,0.6285382290430983,-0.7098714672626218,-1.3384096963057202
2222,1.8468366477901599,-0.49755625461674863,-2.3443929024069083
2223,-0.1158273229524444,-0.44901756738951065,-0.33319024443706624
2224,0.393951852980154,-0.49896223694780667,-0.8929140899279606
2225,0.041163369918213726,-0.7900054341944955,-0.8311688041127092
2226,-0.05168507727243665,-0.5824650594718843,-0.5307799821994477
2227,0.4915768131880649,-0.679709868176217,-1.171286681364282
2228,0.5936606739069537,-0.7337906250909896,-1.3274512989979432
2229,0.16058164294656654,-0.5817825518946195,-0.742364194841186
2230,0.2958074340263916,-0.4159970461466425,-0.7118044801730341
2231,0.11738732439713026,-0.33058487322071506,-0.44797219761784535
2232,0.608664911919709,-0.3773385651764607,-0.9860034770961696
2233,0.24069746627214117,-0.4701470238960361,-0.7108444901681772
2234,0.13159203455743246,-0.5088574188061609,-0.6404494533635934
2235,0.23898781063730026,-0.4936969099605564,-0.7326847205978566
2236,-0.13215843364163674,-0.5555225735995548,-0.4233641399579181
2237,0.007528050310838209,-0.4073518721723156,-0.4148799224831538
2238,0.9244784177431837,-0.4001920601227229,-1.3246704778659066
2239,0.36669821238834793,-0.5516949051185129,-0.9183931175068609
2240,0.8720175397608556,-0.25876625691241617,-1.130783796673272
2241,0.9778626069711628,-0.24843276235111192,-1.2262953693222747
2242,1.3152631032596653,-0.25139487351910633,-1.5666579767787716
2243,0.8083972125886469,-0.39370355215383046,-1.2021007647424775
2244,0.7732793803336182,-0.3811267206397288,-1.154406100973347
2245,0.44330023494591086,-0.45555286285734053,-0.8988530978032514
2246,0.6806128501185503,-0.5447327747275105,-1.2253456248460608
2247,0.19593805259858213,-0.6246852652407892,-0.8206233178393713
2248,0.25280041810506737,-0.47235560382424513,-0.7251560219293125
2249,0.529715768364024,-0.3069933789245951,-0.8367091472886191
2250,0.3246685978886698,-0.23477921719761538,-0.5594478150862852
2251,0.7116057298375728,-0.7562610163298717,-1.4678667461674446
2252,-0.6563956939974948,-0.3860584292995541,0.27033726469794067
2253,0.03562292722372746,-0.5870278875591854,-0.622650814782913
2254,0.016746673702883318,-0.5656627272887358,-0.5824094009916191
2255,0.47665951603744705,-0.6266186645848524,-1.1032781806222993
2256,1.0864657343400181,-0.3451669530182225,-1.4316326873582406
2257,1.1110952519987753,-0.4626708813418359,-1.5737661333406112
2258,0.4062472667941064,-0.4502544810702745,-0.8565017478643808
2259,0.7831383882125836,-0.4349354425847182,-1.2180738307973018
2260,1.120872884301339,-0.5703115640318646,-1.6911844483332035
2261,0.34796480552656156,-0.3726157128882804,-0.7205805184148419
2262,0.4004706050538979,-0.21381590306153453,-0.6142865081154325
2263,1.098594400986671,-0.27702374569363547,-1.3756181466803066
2264,0.6284967736148561,-0.8750059197930321,-1.5035026934078881
2265,0.5250685776938389,-0.840149662734691,-1.36521824042853
2266,0.40221589615602654,-0.6535819986901296,-1.0557978948461562
2267,0.9941489059884627,-0.6709813143590512,-1.665130220347514
2268,0.5198659903166499,-0.29468741849061264,-0.8145534088072626
2269,-0.531194670196943,-0.35284934670017876,0.17834532349676424
2270,0.1303023322227482,-0.5114272445926894,-0.6417295768154376
2271,0.6063742762422347,-0.5008007981729997,-1.1071750744152344
2272,0.22444253429714367,-0.47816052041005386,-0.7026030547071975
2273,0.2664920854060869,-0.45930049958139213,-0.725792584987479
2274,0.4052287325646163,-0.4888008227003455,-0.8940295552649618
2275,-0.4012886215154812,-0.45199421113266336,-0.050705589617182134
2276,-0.13934131636385627,-0.4114455160579175,-0.27210419969406124
2277,-0.051691895276502045,-0.7196802405753142,-0.6679883452988121
2278,0.2230209090677766,-0.6144353091055825,-0.8374562181733591
2279,0.3051273528867791,-0.43340375991618496,-0.7385311128029641
2280,0.5453021028309254,-0.4997644856905706,-1.045066588521496
2281,1.0153989227315339,-0.5483320818593403,-1.563731004590874
2282,0.5678779315758056,-0.5438625494068698,-1.1117404809826754
2283,0.7968705759031945,-0.33240196043827996,-1.1292725363414746
2284,0.7690611779773283,-0.487593507712055,-1.2566546856893832
2285,0.4596602322796917,-0.3727926132778683,-0.8324528455575599
2286,0.6188452725513963,-0.4915611042045961,-1.1104063767559924
2287,0.7685408479987714,-0.41922925067506533,-1.1877700986738366
2288,0.510686249457163,-0.6602341269122125,-1.1709203763693754
2289,0.6574458722477712,-0.6122005979423703,-1.2696464701901413
2290,0.15350597114811562,-0.5310985463572404,-0.684604517505356
2291,0.27909119811390753,-0.5762710200679695,-0.855362218181877
2292,0.7584384857675569,-0.6381966474843496,-1.3966351332519065
2293,0.7429895996225665,-0.6507423376892719,-1.3937319373118384
2294,0.009820345223113132,-0.6896119274628366,-0.6994322726859498
2295,0.3086708602946656,-0.732473401803111,-1.0411442620977767
2296,0.07642801499151303,-0.6361148140672689,-0.7125428290587819
2297,0.3174001496667829,-0.8318290220986959,-1.1492291717654788
2298,0.4197893553152442,-0.8589186298006072,-1.2787079851158514
2299,-0.8694377617108632,-0.7613986185349304,0.10803914317593277
2300,-0.15810114787540766,-0.7702901046478754,-0.6121889567724678
2301,-0.29899593803464103,-0.7695942203990015,-0.47059828236436047
2302,0.27672327792382057,-0.6711483549989681,-0.9478716329227886
2303,0.7878712510951248,-0.42146114802384727,-1.209332399118972
2304,0.7954364547614469,-0.33873102658584203,-1.1341674813472888
2305,1.1540414668233054,-0.4421796545346816,-1.596221121357987
2306,0.28421629956433253,-0.39135195283331575,-0.6755682523976483
2307,0.4112526218125712,-0.3213819014292962,-0.7326345232418674
2308,0.3785069914245792,-0.09747699474807103,-0.47598398617265025
2309,-0.14204595237027695,-0.28927398126759063,-0.14722802889731368
2310,-0.5255626689977368,-0.3493806995983493,0.17618196939938757
2311,0.3190002855745419,-0.35763086208952805,-0.67663114766407
2312,0.9738170073566665,-0.5529273478908496,-1.5267443552475162
2313,0.6617925303741395,-0.5059187022146615,-1.167711232588801
2314,0.5650542654696292,-0.41647032120204663,-0.9815245866716759
2315,0.48063785751190446,-0.4267571544860081,-0.9073950119979126
2316,0.5902803278487518,-0.64164581864299,-1.231926146491742
2317,0.6876857417518527,-0.8257856745046072,-1.51347141625646
2318,0.4775013299689289,-0.6851907565060538,-1.1626920864749826
2319,0.14301791006385098,-0.7301006109148374,-0.8731185209786884
2320,0.737622250048644,-0.43287062526510184,-1.1704928753137458
2321,0.8738852354502078,-0.334218915793713,-1.2081041512439208
2322,1.023572718582057,-0.3962065191434739,-1.4197792377255307
2323,1.0033434911380308,-0.6394241795398221,-1.642767670677853
2324,0.9414747505440807,-0.6540396605916777,-1.5955144111357584
2325,0.8059271567850059,-0.5659180878293129,-1.3718452446143188
2326,0.3736047544201203,-0.538308275101524,-0.9119130295216443
2327,1.5210412184520123,-0.6637001016183905,-2.184741320070403
2328,0.5820453419156187,-0.5113007092023037,-1.0933460511179225
2329,0.48159152621811296,-0.5353105824735868,-1.0169021086916996
2330,0.43400181460163356,-0.5337986397761054,-0.967800454377739
2331,0.5120984571257896,-0.5326641458835789,-1.0447626030093686
2332,-0.13145903173686427,-0.4665313769585821,-0.3350723452217178
2333,-0.07307475537047137,-0.3652162558955119,-0.2921415005250405
2334,-0.3034366583678981,-0.4882626884323872,-0.18482603006448906
2335,-0.3962280061212968,-0.37275355555932016,0.023474450561976667
2336,0.20804377673437494,-0.4326730215589747,-0.6407167982933496
2337,0.7596582696241658,-0.37749402900036,-1.137152298624526
2338,0.5557526138393756,-0.5832725494656249,-1.1390251633050004
2339,0.6943846021334948,-0.5751668898781725,-1.2695514920116673
2340,0.501061436741213,-0.5117484847210343,-1.0128099214622472
2341,0.3779785781140369,-0.5017314415018438,-0.8797100196158807
2342,0.6238056771320956,-0.4094468436086193,-1.0332525207407148
2343,0.24803199946476157,-0.5000231351467039,-0.7480551346114654
2344,-0.35134646457252744,-0.51349287548078,-0.1621464109082526
2345,0.34236029408565205,-0.5658944092970264,-0.9082547033826784
2346,0.35709985651317405,-0.5789973448782126,-0.9360972013913866
2347,0.5731486767627103,-0.5245157832234402,-1.0976644599861505
2348,0.5685599086942221,-0.5428664358142662,-1.1114263445084882
2349,0.39046588555806166,-0.31627474662188476,-0.7067406321799464
2350,1.011034570082445,-0.3363428626757642,-1.347377432758209
2351,0.9965126857855986,-0.501506651268061,-1.4980193370536596
2352,1.1524796002925008,-0.5132547701639849,-1.6657343704564858
2353,1.271594313632512,-0.7421339345202714,-2.0137282481527836
2354,0.41656331813267,-0.6886120102530814,-1.1051753283857515
2355,0.30350964688535276,-0.6893396102526361,-0.9928492571379889
2356,0.3395546878106801,-0.5803992881671113,-0.9199539759777914
2357,0.46599989507096384,-0.505026629706838,-0.9710265247778018
2358,0.3883461330833684,-0.6887108085469162,-1.0770569416302846
2359,0.9544246556864092,-0.5069193286516157,-1.461343984338025
2360,0.3510014167681807,-0.5987087985357712,-0.9497102153039518
2361,0.10320360814385621,-0.5919624533858826,-0.6951660615297388
2362,0.27818215263203255,-0.6587679524310548,-0.9369501050630873
2363,0.5682171905143791,-0.6101405896086141,-1.1783577801229932
2364,0.5432585701457666,-0.5595620801940616,-1.1028206503398281
2365,0.1278482392113041,-0.5425717967812348,-0.6704200359925389
2366,0.45976898783824244,-0.7678557553508308,-1.2276247431890732
2367,0.3064177945531692,-0.3311072536314717,-0.6375250481846408
2368,0.542096369126965,-0.4435655175761456,-0.9856618867031106
2369,1.0939555073211116,-0.4604700692427442,-1.5544255765638557
2370,0.8248811638089366,-0.4657471781329103,-1.290628341941847
2371,0.8306189116245608,-0.6364625509813842,-1.467081462605945
2372,0.6734910584961236,-0.372503709748424,-1.0459947682445476
2373,0.49687282469005006,-0.42466854192785597,-0.921541366617906
2374,0.3984619070403398,-0.55643041972133,-0.9548923267616698
2375,0.4580370845960186,-0.6066379583054471,-1.0646750429014658
2376,0.7890247338769907,-0.6079729762028325,-1.3969977100798232
2377,0.35113264136966893,-0.6380196336022537,-0.9891522749719226
2378,0.6390354148906859,-0.7714540169762814,-1.4104894318669672
2379,0.7321361372462487,-0.5842009405263074,-1.3163370777725563
2380,0.878305230752619,-0.4229439072699201,-1.301249138022539
2381,0.3980456228773566,-0.5949059610440856,-0.9929515839214422
2382,-0.01807406676962801,-0.594033724116427,-0.575959657346799
2383,-0.1381215960053477,-0.4435329589526458,-0.3054113629472981
2384,-0.2412621332131563,-0.3842585654215423,-0.142996432208386
2385,0.3638480294318313,-0.6713606293973591,-1.0352086588291904
2386,0.22682581063113674,-0.2922510797279663,-0.5190768903591031
2387,0.6272279574145054,-0.3906361089758946,-1.0178640663904002
2388,0.4254231534380899,-0.464826267312439,-0.8902494207505289
2389,0.9659283448875237,-0.3357250911394759,-1.3016534360269996
2390,0.667355970104403,-0.5711700004398235,-1.2385259705442264
2391,0.960409438562874,-0.4044041171352899,-1.3648135556981638
2392,0.7342994960227678,-0.6218223091572642,-1.356121805180032
2393,0.9710297775034717,-0.4888946574248238,-1.4599244349282956
2394,0.15081668547707822,-0.6862299237725156,-0.8370466092495938
2395,0.6848508019922658,-0.6259206216954618,-1.3107714236877275
2396,0.8221604169613106,-0.6477276728979436,-1.4698880898592543
2397,2.007992636374604,-0.6015564495323271,-2.609549085906931
2398,0.34823237136575286,-0.4295699011857685,-0.7778022725515213
2399,-0.055865218517288824,-0.2911496431788391,-0.2352844246615503
2400,0.6717111628435981,-0.3489255027857329,-1.020636665629331
2401,0.049373366890220136,-0.3416632684913572,-0.39103663538157735
2402,0.1320017364077131,-0.39651599224880574,-0.5285177286565188
2403,1.9448309479915156,-0.5915354751880912,-2.536366423179607
2404,0.7283934698101753,-0.39411346976439027,-1.1225069395745655
2405,0.3121048185587299,-0.48434956243031346,-0.7964543809890434
2406,0.6365149786579887,-0.4301824297321653,-1.066697408390154
2407,0.8225997231424629,-0.4187556536405797,-1.2413553767830425
2408,0.028733348893372958,-0.6727606354479048,-0.7014939843412777
2409,-0.02057803883984735,-0.6479592982687019,-0.6273812594288546
2410,1.0597031691793242,-0.49652604845678616,-1.5562292176361103
2411,1.0202933832107073,-0.5086348218534787,-1.5289282050641861
2412,0.4193719555136008,-0.5347478072291079,-0.9541197627427087
2413,0.2747423023222945,-0.5331000756391197,-0.8078423779614141
2414,0.03314594164298168,-0.4737061253326606,-0.5068520669756422
2415,0.019394143506742324,-0.42841156302979033,-0.4478057065365327
2416,0.7426856647050614,-0.6044103964639915,-1.347096061169053
2417,0.7217801424674647,-0.5143126333272348,-1.2360927757946993
2418,0.1778779736655665,-0.5437944809955405,-0.7216724546611071
2419,0.2017154149767487,-0.5382397805147249,-0.7399551954914736
2420,0.07636575552145691,-0.48208679254216424,-0.5584525480636211
2421,0.021512469348969443,-0.5011662843932261,-0.5226787537421955
2422,0.5847585227477639,-0.5474488934880175,-1.1322074162357814
2423,0.8645290894786793,-0.5653074752352276,-1.429836564713907
2424,0.7607448200045658,-0.44632939392080134,-1.2070742139253672
2425,0.5861805895308543,-0.611774706125628,-1.1979552956564823
2426,0.5321713965616572,-0.6001064227131154,-1.1322778192747727
2427,0.8306271159628924,-0.3086126897335071,-1.1392398056963995
2428,1.3543495522111928,-0.2696827403707765,-1.6240322925819692
2429,1.4185441316368508,-0.2795345386358009,-1.6980786702726518
2430,0.7666860888788233,-0.4264449064020445,-1.1931309952808677
2431,0.2484591753486878,-0.5299620226571604,-0.7784211980058482
2432,0.20731767847993868,-0.5900734761700822,-0.7973911546500209
2433,0.3259789301206608,-0.5155838914403409,-0.8415628215610017
2434,0.7439301673242129,-0.5256371457763209,-1.2695673131005338
2435,1.4835939505789697,-0.4811542605018443,-1.9647482110808139
2436,-0.03063559548104654,-0.5345473530173274,-0.5039117575362808
2437,-0.602912087018542,-0.4002220467985073,0.20269004022003473
2438,-0.37709257766342125,-0.3594478649876288,0.01764471267579243
2439,-0.5861745027610595,-0.7334726042317865,-0.14729810147072697
2440,0.39888427050638936,-0.5409793131095205,-0.9398635836159099
2441,0.6737214520526281,-0.5632258847890832,-1.2369473368417112
2442,0.952944573133343,-0.6086340030510029,-1.561578576184346
2443,0.23988964750661781,-0.40176918301670905,-0.6416588305233268
2444,0.3341213514834736,-0.4324563381887538,-0.7665776896722274
2445,0.4842357948066026,-0.47288364849201125,-0.9571194432986139
2446,0.73398319187533,-0.48641754495455397,-1.220400736829884
2447,0.5991672337820815,-0.44909601023689516,-1.0482632440189765
2448,0.7834066151683559,-0.5500948152651809,-1.3335014304335369
2449,0.2918747037711302,-0.7359541890765648,-1.027828892847695
2450,1.0680255776971672,-0.7737481269685298,-1.841773704665697
2451,-0.500436305138694,-0.632975249576485,-0.13253894443779102
2452,0.10938275763013974,-0.71680022968694,-0.8261829873170797
2453,1.1483311227487063,-0.6592422840726861,-1.8075734068213924
2454,0.6481467170845577,-0.7468223814862275,-1.3949690985707852
2455,0.7361392555196454,-0.6397922383262253,-1.3759314938458709
2456,0.08617222842329389,-0.5553954979465936,-0.6415677263698875
2457,0.2779748613668085,-0.5990520324876819,-0.8770268938544904
2458,0.2691982818497951,-0.7025061296117979,-0.971704411461593
2459,-0.14259631992421748,-0.581638203070179,-0.4390418831459615
2460,0.6048989976486887,-0.7109318819625475,-1.3158308796112363
2461,0.4807129133160841,-0.6332914097112317,-1.1140043230273158
2462,0.08878397052858664,-0.5163739558859461,-0.6051579264145328
2463,0.3242744547820181,-0.45156543099308294,-0.775839885775101
2464,-0.4433700362056873,-0.5223361545116987,-0.07896611830601136
2465,-0.13140543110919933,-0.4267211654882425,-0.2953157343790432
2466,-0.26073251031861877,-0.45384553318299625,-0.19311302286437748
2467,2.068336708533896,-0.5534634581395702,-2.621800166673466
2468,0.8594019756375926,-0.5063895730025394,-1.365791548640132
2469,0.6118929844022518,-0.5416853517245857,-1.1535783361268375
2470,1.1221611666481897,-0.41761005552538805,-1.5397712221735778
2471,0.9084205819174634,-0.5007101020811912,-1.4091306839986546
2472,0.5547210615736747,-0.5530866835435544,-1.107807745117229
2473,1.0432614815873862,-0.48691407924753183,-1.530175560834918
2474,0.7274145305170336,-0.4579547106451692,-1.1853692411622028
2475,0.4909472540000788,-0.3000790833687293,-0.7910263373688081
2476,0.33432370087283525,-0.5768123412391923,-0.9111360421120276
2477,0.6681266046171136,-0.35188953813057944,-1.020016142747693
2478,0.5143829069180635,-0.5848502829401604,-1.099233189858224
2479,0.825726630430116,-0.6432772938521111,-1.469003924282227
2480,0.21544275644416885,-0.7762862267020697,-0.9917289831462386
2481,-0.13558302470554506,-0.678055349944205,-0.54247232523866
2482,0.25767863658694967,-0.47123723682591107,-0.7289158734128607
2483,0.7832674442096095,-0.5674800202575621,-1.3507474644671715
2484,0.33558359927548664,-0.5095377493749218,-0.8451213486504084
2485,0.31771005621178444,-0.6465454636233049,-0.9642555198350893
2486,0.37645877670501365,-0.49615573721098577,-0.8726145139159994
2487,0.8841832842704324,-0.49466981234612106,-1.3788530966165533
2488,0.5868255137708797,-0.4069448928848627,-0.9937704066557423
2489,0.8557617142310889,-0.4426241432110073,-1.2983858574420961
2490,0.057646049974711455,-0.558642403121783,-0.6162884530964945
2491,0.9001100703041194,-0.6736354578276028,-1.573745528131722
2492,0.990800190865206,-0.631560965802615,-1.622361156667821
2493,0.5656223881456166,-0.46567023563546167,-1.0312926237810782
2494,0.0407233366445959,-0.675168678660741,-0.715892015305337
2495,0.8461374915906948,-0.689099109930001,-1.5352366015206957
2496,0.6086684269938448,-0.71309315234122606,-1.321761579335071
2497,0.30494775589548423,-0.5478742510020844,-0.8528220068975687
2498,0.7203924803334085,-0.6614223092904707,-1.3818147896238793
2499,0.4726937434677899,-0.6994611833814774,-1.1721549268492675
2500,0.6044350151450787,-0.6812782141799196,-1.2857132293249984
2501,0.6985463333585714,-0.5844650400393256,-1.2830113733978972
2502,0.4112654678368365,-0.6700078423904584,-1.081273310227295
2503,0.09067956967404088,-0.5822909392468749,-0.6729705089209158
2504,0.001502656273437782,-0.607255166441723,-0.6087578227151608
2505,0.5696538615463898,-0.6200641611578603,-1.18971802270425
2506,0.5783317674142813,-0.5672005394961068,-1.145532306910388
2507,0.19655382489758794,-0.49412078660985964,-0.6906746115074476
2508,0.39894178485032145,-0.3889402577467941,-0.7878820425971156
2509,0.5523430985695843,-0.317867850943747,-0.8702109495133312
2510,0.3203463920230128,-0.3987148094268471,-0.7190612014498599
2511,0.7001873427898103,-0.4861561149977013,-1.1863434577875116
2512,0.4962922910545332,-0.5766613104516467,-1.07295360150618
2513,0.8342136815126902,-0.5436815880061795,-1.3778952695188695
2514,0.7741124212197324,-0.5381850160422823,-1.3122974372620146
2515,0.3623324537589709,-0.5236505474280617,-0.8859830011870327
2516,0.1809630763087443,-0.5160489876416929,-0.6970120639504372
2517,0.6323604684882347,-0.47561261276642397,-1.1079730812546587
2518,1.208458085213761,-0.44524960614929354,-1.6537076913630546
2519,-0.09367459712503866,-0.604877860557035,-0.5112032634319963
2520,-0.1420676795969148,-0.5991996972933368,-0.457132017696422
2521,0.1518699485573809,-0.5971227713859893,-0.7489927199433702
2522,0.5305105332781794,-0.4509198608966633,-0.9814303941748428
2523,0.7335464464412426,-0.509825460198825,-1.2433719066400677
2524,0.42978947669390094,-0.49501323990083307,-0.924802716594734
2525,0.8597098676911246,-0.5539142445549998,-1.4136241122461244
2526,0.6992648924396043,-0.49708161511255033,-1.1963465075521547
2527,0.6303782139495308,-0.4060059608865905,-1.0363841748361213
2528,0.46940254026939293,-0.49330395899062257,-0.9627064992600155
2529,0.8098512989144863,-0.5691460718721936,-1.3789973707866798
2530,0.6529065556049473,-0.4945245455652263,-1.1474311011701737
2531,1.8078206090729059,-0.604435317769714,-2.41225592684262
2532,0.824423737411739,-0.45764594034850126,-1.2820696777602403
2533,0.7580215730641526,-0.4669586443027309,-1.2249802173668836
2534,0.5652916369528205,-0.4848993431894244,-1.0501909801422449
2535,0.7372903524199949,-0.4638671264234305,-1.2011574788434254
2536,0.8999712123565031,-0.6587325430640532,-1.5587037554205563
2537,0.7573619561831103,-0.6128728841871058,-1.370234840370216
2538,0.04078690852243712,-0.4685565280066751,-0.5093434365291122
2539,0.9774257116670771,-0.5434568435804615,-1.5208825552475387
2540,1.3458642541953656,-0.5276168127366638,-1.8734810669320294
2541,0.6876361966421832,-0.48928255412991695,-1.1769187507721002
2542,0.502518524197603,-0.5411070658212807,-1.0436255900188836
2543,1.1869807114335338,-0.4696158899838925,-1.6565966014174263
2544,0.6396492239951599,-0.31367267439641044,-0.9533218983915703
2545,0.602510570153938,-0.45356928656462947,-1.0560798567185676
2546,0.4283651260637016,-0.3057298387517727,-0.7340949648154742
2547,0.48052514363783216,-0.3597072092182593,-0.8402323528560915
2548,0.6272848073779149,-0.4455223545533432,-1.0728071619312582
2549,-0.5553413102458813,-0.5162839775163763,0.03905733272950496
2550,0.8302462671021528,-0.325290256810577,-1.1555365239127298
2551,0.6938778110497422,-0.382585452739596,-1.0764632637893383
2552,0.9722112831866908,-0.23931974052782182,-1.2115310237145127
2553,0.3631778705084223,-0.3229666750847151,-0.6861445455931374
2554,0.4745647732928159,-0.5591327536092029,-1.0336975269020188
2555,0.7896173283151762,-0.5533247785732334,-1.3429421068884095
2556,0.7874022837461676,-0.6436654546770648,-1.4310677384232324
2557,0.47578161355881854,-0.5545020470657218,-1.0302836606245402
2558,0.5959587061291651,-0.49676467028060695,-1.0927233764097721
2559,0.5416137345372891,-0.6756326248048002,-1.2172463593420892
2560,0.4578615742047318,-0.5920523439726656,-1.0499139181773973
2561,1.1671747229294458,-0.5626451940988688,-1.7298199170283146
2562,0.9697895334667564,-0.5107933880235106,-1.480582921490267
2563,0.5008162648408987,-0.38576949174969755,-0.8865857565905962
2564,0.5289370949388281,-0.6003872465978968,-1.129324341536725
2565,-0.028748169491284836,-0.7224769856725561,-0.6937288161812714
2566,0.6857700190059238,-0.6996441545954721,-1.3854141736013958
2567,0.7454916330797979,-0.5102907748795766,-1.2557824079593747
2568,0.33567584552063223,-0.5109362348835779,-0.8466120804042101
2569,0.8985380021094576,-0.7531491184287484,-1.651687120538206
2570,0.6522977431434702,-0.6304098252325888,-1.282707568376059
2571,0.5736741890569892,-0.5957754608597637,-1.169449649916753
2572,0.254567685573707,-0.777928949526741,-1.0324966351004479
2573,0.3995033916675896,-0.5373403251521478,-0.9368437168197374
2574,0.30773409664454904,-0.4323663622021789,-0.7401004588467279
2575,0.45889976002110355,-0.3068803890749237,-0.7657801490960272
2576,0.6908192117902965,-0.44191879256306926,-1.1327380043533657
2577,0.19911595582954042,-0.5281017099424086,-0.727217665771949
2578,0.03537790234868237,-0.5803166262375887,-0.615694528586271
2579,0.06463058809370802,-0.5548655027242151,-0.6194960908179231
2580,0.62381456637163,-0.44096984324936894,-1.0647844096209989
2581,0.6570350441695537,-0.4480122230003065,-1.1050472671698603
2582,0.5170456643319009,-0.5533080724776506,-1.0703537368095515
2583,0.6770353926255205,-0.5612050456221164,-1.2382404382476369
2584,0.16098200340015162,-0.6875041009848123,-0.8484861043849639
2585,0.9006456023291043,-0.537519487301725,-1.4381650896308293
2586,-0.5952037420746126,-0.48087510230506125,0.11432863976955132
2587,0.08168861694003453,-0.5226878701014273,-0.6043764870414617
2588,0.5449685169327251,-0.5242807008058545,-1.0692492177385797
2589,-0.18348449983190368,-0.5811476992997756,-0.39766319946787193
2590,0.1219021277268946,-0.46433736444579193,-0.5862394921726866
2591,0.6661729303369616,-0.5150126652342876,-1.1811855955712491
2592,0.5752955702727767,-0.6203091062808219,-1.1956046765535986
2593,-0.04824229233802453,-0.5838610606779753,-0.5356187683399507
2594,0.1645823590961032,-0.4903219147978538,-0.654904273893957
2595,0.18033411471886585,-0.5497463358938671,-0.730080450612733
2596,0.8636608389021212,-0.42877087748636794,-1.292431716388489
2597,0.8057800974341113,-0.6573383895668532,-1.4631184870009646
2598,0.3506975514775731,-0.5658320188341431,-0.9165295703117162
2599,-0.331044732643624,-0.39051074133384844,-0.05946600869022445
2600,0.7547943976201467,-0.27579593346776055,-1.0305903310879072
2601,0.8668720187844972,-0.4636908102743079,-1.3305628290588052
2602,0.8322071742492522,-0.4577191463639718,-1.2899263206132239
2603,0.5736417320354665,-0.4295783374009542,-1.0032200694364208
2604,0.27033793928999955,-0.24942964832463846,-0.519767587614638
2605,0.3422751777969092,-0.27959407652139123,-0.6218692543183004
2606,0.8276092000902151,-0.3742071509536238,-1.2018163510438389
2607,0.3260567526053796,-0.594519719702634,-0.9205764723080135
2608,0.15000920454440492,-0.6516382343886279,-0.8016474389330328
2609,1.1274803512836684,-0.7208931226517671,-1.8483734739354354
2610,0.4327028265006612,-0.6460223508080825,-1.0787251773087436
2611,0.08958105696060581,-0.6879186418092899,-0.7774996987698957
2612,0.11967283913671962,-0.634800876416788,-0.7544737155535076
2613,0.17673197951151656,-0.7297720201611575,-0.906503999672674
2614,0.058274758858494514,-0.4882902873861569,-0.5465650462446514
2615,-0.07985927300416894,-0.520202137166277,-0.440342864162108
2616,1.2882615027645887,-0.5276447680882046,-1.8159062708527933
2617,0.19609762443841744,-0.6359462768006108,-0.8320439012390282
2618,0.278375907615371,-0.7053660455477584,-0.9837419531631294
2619,0.49144136539825944,-0.44238059704089777,-0.9338219624391573
2620,0.6275558054509078,-0.47085148629561907,-1.0984072917465268
2621,0.23806676912312283,-0.18286360836314836,-0.42093037748627116
2622,0.6040107636807206,-0.2292923086930465,-0.8333030723737671
2623,0.5366077751654358,-0.23214142069510046,-0.7687491958605362
2624,0.07964224419509784,-0.2693151875559965,-0.34895743175109434
2625,0.5161366479621173,-0.4902276924201764,-1.0063643403822937
2626,0.5273351566940356,-0.5112220370113469,-1.0385571937053826
2627,0.11352188147322735,-0.578929666276224,-0.6924515477494514
2628,0.23931910717933544,-0.40373213800021585,-0.6430512451795513
2629,0.6271487523795192,-0.5079436863590683,-1.1350924387385875
2630,1.3972552582330569,-0.353615051212226,-1.7508703094452829
2631,1.1215311801757406,-0.39330410368586854,-1.514835283861609
2632,0.44866960517123694,-0.3604765351074705,-0.8091461402787075
2633,0.5803417184101343,-0.4415475665623241,-1.0218892849724583
2634,0.7086157187992181,-0.5708065847457588,-1.279422303544977
2635,0.7685138812249548,-0.6633326654109358,-1.4318465466358905
2636,0.023410520212699328,-0.6063801387771308,-0.6297906589898301
2637,0.7386157868315912,-0.6827504579061212,-1.4213662447377124
2638,1.0067018576435942,-0.6794473579104686,-1.686149215554063
2639,0.295287355303037,-0.5739794923940675,-0.8692668476971046
2640,0.44972253813894597,-0.6476070122626172,-1.0973295504015632
2641,0.3154194609840883,-0.5240496461303724,-0.8394691071144607
2642,0.17152914195883703,-0.48800883223322056,-0.6595379741920576
2643,0.6394903661804381,-0.7848771473968047,-1.4243675135772427
2644,0.027389463610061726,-0.6728343150301761,-0.7002237786402379
2645,-0.16791228894550725,-0.5281225325499667,-0.3602102436044594
2646,0.5507490402352458,-0.38754869206834636,-0.9382977323035921
2647,0.8643831592565988,-0.5732117039066422,-1.4375948631632411
2648,-0.045643050411833384,-0.5097323939047471,-0.46408934349291375
2649,0.17775943004656122,-0.5680645109218914,-0.7458239409684526
2650,0.2234950810505426,-0.41909053969624777,-0.6425856207467904
2651,0.35226242518874434,-0.5755117233242157,-0.92777414851296
2652,0.6723029112533191,-0.5681416323572317,-1.240444543610551
2653,0.08218517133033255,-0.4690144634387839,-0.5511996347691165
2654,0.2352571197693812,-0.3803467483950316,-0.6156038681644128
2655,0.5607753508061961,-0.46855385666356025,-1.0293292074697564
2656,1.0794182719715297,-0.23101318850797697,-1.3104314604795066
2657,0.20711358269725097,-0.3190357918468976,-0.5261493745441486
2658,1.1069747334824842,-0.2005024495868486,-1.3074771830693328
2659,1.1427342914827137,-0.24133008460018812,-1.3840643760829017
2660,-0.010204260734568538,-0.46384237814791685,-0.4536381174133483
2661,0.18114774116706656,-0.4405624694406263,-0.6217102106076928
2662,0.18340322699308237,-0.43415468338842217,-0.6175579103815045
2663,0.25831777671216793,-0.44635055380431393,-0.7046683305164818
2664,0.70317728232432275,-0.45669683129703753,-1.1598741136213602
2665,0.5121247001029273,-0.5176496489014225,-1.0297743490043498
2666,0.6062105541456465,-0.3505326393766088,-0.9567431935222552
2667,-0.12392345221306877,-0.5036802265881803,-0.37975677437511157
2668,-0.339087483606321,-0.4678503104787449,-0.1287628268724239
2669,0.2793728845095986,-0.4375880753134136,-0.7169609598230122
2670,0.5136840639054466,-0.5647244175430564,-1.0784084814485029
2671,0.40375624023361123,-0.4431040480438261,-0.8468602882774373
2672,1.0818753724638595,-0.4155435160440058,-1.4974188885078652
2673,0.42738330516089884,-0.3902920131718661,-0.817675318332765
2674,0.15411880652485882,-0.4821848735762987,-0.6363036801011575
2675,0.2739102174468225,-0.49793629157607233,-0.7718465090228948
2676,0.5421139969322895,-0.5327139993949291,-1.0748279963272185
2677,0.8779013511313274,-0.34273798302427916,-1.2206393341556065
2678,0.7218207384599419,-0.4690935112508484,-1.1909142497107903
2679,0.4711186119496053,-0.39016413567045133,-0.8612827476200566
2680,0.6086647654304006,-0.4203444392306945,-1.029009204661095
2681,1.0288485772543219,-0.538704055253278,-1.5675526325076
2682,-0.5400304890527986,-0.5212652789063711,0.018765210146427513
2683,0.44795512740144294,-0.469887542798007,-0.91784267019945
2684,-0.46923834499992084,-0.6522389061585008,-0.18300056115857993
2685,0.49207291617666976,-0.6706437622217432,-1.1627166783984129
2686,-0.011089428090181003,-0.533678278326045,-0.522588850235864
2687,0.5879738309759284,-0.22287125883468753,-0.8108450898106159
2688,0.5037775019552372,-0.38320624093998196,-0.8869837428952192
2689,0.42348795107802867,-0.4756132320179231,-0.8991011830959518
2690,0.6037442210209674,-0.4197286351850726,-1.02347285620604
2691,0.6713946291131999,-0.47443491905128216,-1.145829548164482
2692,0.41168812196581644,-0.39579562355215914,-0.8074837455179755
2693,0.4373391520636122,-0.5738492137992248,-1.0111883658628371
2694,0.8940152912577736,-0.3881416532381303,-1.2821569444959038
2695,0.44263347947088444,-0.4035779319377783,-0.8462114114086627
2696,0.37658286174583755,-0.6666392832015634,-1.0432221449474008
2697,1.1953231474507788,-0.7841086675208,-1.9794318149715788
2698,0.4292651629127684,-0.6025325686858573,-1.0317977315986258
2699,0.35127860758043583,-0.6148728158841277,-0.9661514234645635
2700,0.1667113739916532,-0.6613733445708958,-0.8280847185625491
2701,0.5389720678315126,-0.7115370352396165,-1.250509103071129
2702,1.5146586764494159,-0.4292559153484248,-1.9439145917978407
2703,0.39847860476157665,-0.49377518274541665,-0.8922537875069934
2704,0.3515888341741001,-0.5453826146556646,-0.8969714488297647
2705,0.6817529443343868,-0.5019702875752492,-1.183723231909636
2706,1.468134544450527,-0.5216530494902772,-1.9897875939408043
2707,0.2962385663640229,-0.6043999703632837,-0.9006385367273066
2708,0.02365013665830848,-0.512989637464982,-0.5366397741232906
2709,0.24502631101461314,-0.515411006393272,-0.7604373174078851
2710,0.545844113927973,-0.5702890187262717,-1.1161331326542447
2711,0.43492828652362886,-0.5434476662131081,-0.978375952736737
2712,0.96848510567082,-0.5790328530936032,-1.5475179587644232
2713,1.506433076187918,-0.5556742042900585,-2.0621072804779765
2714,0.28680489498255735,-0.7489858202049278,-1.0357907151874852
2715,0.12699703946983526,-0.7363504062107462,-0.8633474456805814
2716,0.723037133034814,-0.5090497912282637,-1.2320869242630776
2717,0.15880317427120513,-0.4624558747170221,-0.6212590489882273
2718,0.12773069482795876,-0.46336585979319916,-0.591096554621158
2719,0.42745843737960953,-0.4438144251115371,-0.8712728624911467
2720,0.36624020670648094,-0.33321553804436116,-0.699455744750842
2721,0.6618368433831425,-0.5694759407398107,-1.2313127841229532
2722,0.5513535360583447,-0.6468763299552263,-1.198229866013571
2723,0.5036588007905192,-0.6145022853709213,-1.1181610861614404
2724,0.20007668247772437,-0.6104657672660755,-0.8105424497437999
2725,-0.3624615010597795,-0.5413525183794414,-0.17889101731966195
2726,0.1871499748298451,-0.5348435101544815,-0.7219934849843266
2727,1.0157959008783402,-0.36506768770665804,-1.3808635885849982
2728,1.1827665266284666,-0.4539804724913682,-1.636746999119835
2729,0.6899018981465538,-0.5507167027556719,-1.2406186009022258
2730,0.3271039084728121,-0.5111522743962187,-0.8382561828690308
2731,0.10714006928234332,-0.521180880852121,-0.6283209501344643
2732,-0.2837259464483753,-0.5560942216006065,-0.2723682751522312
2733,-1.4489908929297124,-0.6770353269247154,0.771955566004997
2734,0.15162379674231832,-0.680029101474753,-0.8316528982170713
2735,0.6058072226181195,-0.47460371745992025,-1.0804109400780397
2736,0.07095166763345874,-0.6834126863006457,-0.7543643539341044
2737,0.538836006700119,-0.6184980032965075,-1.1573340099966265
2738,0.4447780833713895,-0.4381823452593497,-0.8829604286307392
2739,0.7968525409795776,-0.5688089233298081,-1.3656614643093858
2740,0.6711563642509685,-0.4859066321827355,-1.157062996433704
2741,0.952451563829318,-0.5510397860303884,-1.5034913498597064
2742,0.5645550420970132,-0.4879715231486502,-1.0525265652456635
2743,0.13449745899145274,-0.4990074678468794,-0.6335049268383321
2744,-0.3786108598502073,-0.6400759556868361,-0.26146509583662875
2745,0.7048000272684479,-0.6123165303839422,-1.31711655765239
2746,0.4282454142198831,-0.6122585726278228,-1.040503986847706
2747,0.27287750988653414,-0.5823131656073786,-0.8551906754939127
2748,0.5944613893873721,-0.5532981521665161,-1.1477595415538882
2749,0.6808044350716395,-0.48002303342667313,-1.1608274684983126
2750,0.5426284273690649,-0.45604418810661473,-0.9986726154756796
2751,0.43396497585847604,-0.25171404344950127,-0.6856790193079774
2752,0.29169685278463947,-0.37672733146059717,-0.6684241842452366
2753,0.525732498185673,-0.41837537653326945,-0.9441078747189424
2754,-0.12290336899293651,-0.39614458018580495,-0.2732412111928684
2755,0.42636084710193817,-0.5000817361344678,-0.926442583236406
2756,0.5918124542204042,-0.43829444360032016,-1.0301068978207244
2757,0.32999272774322247,-0.5486363930554168,-0.8786291207986392
2758,0.46857871452400374,-0.5690343243639613,-1.037613038887965
2759,0.5921991248505188,-0.6556613624561293,-1.2478604873066481
2760,1.0952379597706376,-0.7186571084134723,-1.81389506818411
2761,0.18935113009520602,-0.7777666511767866,-0.9671177812719925
2762,0.9861860152382305,-0.6300193592761844,-1.616205374514415
2763,1.5835069501287788,-0.5418552700657867,-2.1253622201945657
2764,0.3518663040577437,-0.5886333706163827,-0.9404996746741263
2765,0.4099592767884293,-0.5187348042680663,-0.9286940810564956
2766,0.17956425208557802,-0.47510384492909036,-0.6546680970146683
2767,0.5369332564192668,-0.432591078907571,-0.9695243353268378
2768,0.014407080975740763,-0.5774585687538352,-0.5918656497295759
2769,0.9328499075407058,-0.6256682984691297,-1.5585182060098357
2770,0.9230683446566361,-0.5312873219898058,-1.454355666646442
2771,0.17576069126710284,-0.48034267837662037,-0.6561033696437232
2772,0.0983716386111315,-0.5081298861554787,-0.6065015247666102
2773,0.056976803413717955,-0.34396719424845695,-0.4009439976621749
2774,0.6995852314528925,-0.6346931596787063,-1.334278391131599
2775,0.6697341638636438,-0.5787456320710447,-1.2484797959346885
2776,1.374418307524871,-0.7634796649895058,-2.1378979725143767
2777,0.7501292083795726,-0.6077171205863394,-1.3578463289659122
2778,0.7143281851613221,-0.6175115579306683,-1.3318397430919904
2779,1.012725553141134,-0.7366784237049119,-1.7494039768460459
2780,0.6947276590738661,-0.6615044347178279,-1.356232093791694
2781,0.9020308922684798,-0.5037555496018686,-1.4057864418703483
2782,1.104440581506782,-0.693625000107466,-1.798065581614248
2783,0.5676954315440159,-0.5693150445599778,-1.1370104761039936
2784,0.6022871896516135,-0.494574088189666,-1.0968612778412794
2785,0.1728431604479661,-0.5298154509503917,-0.7026586113983578
2786,-0.9111895293993426,-0.5231080156469047,0.38808151375243793
2787,0.003719007783456148,-0.5235274368981913,-0.5272464446816474
2788,0.6038028853895586,-0.651145542634949,-1.2549484280245076
2789,0.8372424251013018,-0.6264592009340044,-1.4637016260353062
2790,0.40457873741163997,-0.608186129190381,-1.012764866602021
2791,0.5120275413037082,-0.5398071029456482,-1.0518346442493565
2792,0.6187866367277554,-0.6474625232326527,-1.2662491599604082
2793,-0.12035377142333098,-0.48638942065919166,-0.3660356492358607
2794,1.140138440656524,-0.429867674542557,-1.570006115199081
2795,0.15175085053435286,-0.4242741202270985,-0.5760249707614513
2796,0.024565098641623245,-0.4178432857806029,-0.4424083844222262
2797,0.6590460960885484,-0.7386681431286295,-1.3977142392171777
2798,0.5185095934415205,-0.7129244040139796,-1.2314339974555
2799,0.8139155997597218,-0.7254689839594136,-1.5393845837191353
2800,0.5575744290626792,-0.7093917503390224,-1.2669661794017015
2801,0.39103932303776645,-0.6797373790927164,-1.0707767021304828
2802,0.14107558802274187,-0.7801009646784196,-0.9211765527011615
2803,-0.10165990866062724,-0.7751374759927896,-0.6734775673321624
2804,0.6275301070052108,-0.5965215801217036,-1.2240516871269145
2805,0.6832271915390982,-0.49818883959489396,-1.181416031133992
2806,0.3409519845955994,-0.6287580911328864,-0.9697100757284858
2807,0.8515928485734051,-0.4781643078069951,-1.3297571563804003
2808,0.8564907621340031,-0.5085324713203643,-1.3650232334543673
2809,0.3694835252841514,-0.5432902198275783,-0.9127737451117297
2810,0.2514436646428819,-0.5559615650812552,-0.8074052297241371
2811,0.0859685337162414,-0.6358599112856189,-0.7218284450018603
2812,0.2276155249459922,-0.6356225821250742,-0.8632381070710664
2813,0.4382015959720223,-0.6478041430660904,-1.0860057390381126
2814,0.018219649740932303,-0.6250589447417609,-0.6432785944826932
2815,0.9399241348785528,-0.5576335319178557,-1.4975576667964083
2816,0.9546077921004134,-0.5016766211343288,-1.4562844132347421
2817,1.2586611069798948,-0.3967144972897072,-1.655375604269602
2818,0.33059140868051673,-0.3631073101875339,-0.6936987188680506
2819,0.9190291382326156,-0.5440035874539865,-1.463032725686602
2820,-0.3765987158209096,-0.3913708914271348,-0.014772175606225235
2821,0.7960190537798559,-0.6845776614175235,-1.4805967151973793
2822,0.281909463931314,-0.2835349425215418,-0.5654444064528559
2823,0.3369424239513984,-0.4036323544626007,-0.7405747784139991
2824,0.4096251935935935,-0.3837806958738201,-0.7934058894674136
2825,0.4376987181788384,-0.5734947878980063,-1.0111935060768447
2826,0.6035197300707252,-0.29770289220465873,-0.901222622275384
2827,0.21257201019932925,-0.5439873827725974,-0.7565593929719266
2828,0.48018908102778723,-0.5529527459963786,-1.0331418270241657
2829,0.7538255888098055,-0.5864703382817336,-1.340295927091539
2830,0.4833791056538604,-0.6131247899445667,-1.096503895598427
2831,0.5118675209294462,-0.5982528082826164,-1.1101203292120627
2832,0.040201115379778773,-0.6421322688040936,-0.6823333841838723
2833,0.5997856548436182,-0.41438953891687397,-1.0141751937604921
2834,-0.35710289426801123,-0.4688255390146727,-0.11172264474666149
2835,2.0624496584793572,-0.41870537637319516,-2.481155034852552
2836,0.14547296383082248,-0.6070762867859432,-0.7525492506167657
2837,-0.5210518822239677,-0.6515601096854291,-0.1305082274614614
2838,-0.45077548636651027,-0.7011640120023945,-0.25038852563588426
2839,-0.07980360129391603,-0.5176965091717396,-0.43789290787782353
2840,0.6898869555584929,-0.6102662964934099,-1.3001532520519028
2841,0.9696615435453372,-0.4843828488429963,-1.4540443923883335
2842,0.6055410018615474,-0.5083642012737191,-1.1139052031352663
2843,0.5665244483316874,-0.442202880864615,-1.0087273291963024
2844,-0.6151225455783975,-0.665415059340906,-0.05029251376250843
2845,0.44567609725169216,-0.6171450191541428,-1.062821116405835
2846,0.5034102173688209,-0.44707217637847074,-0.9504823937472916
2847,0.15397892015168177,-0.5385134057168492,-0.692492325868531
2848,0.24869494574551815,-0.5436763708874444,-0.7923713166329625
2849,0.1972432996950986,-0.4326982866744199,-0.6299415863695185
2850,0.6795977786105762,-0.5010343389397801,-1.1806321175503562
2851,0.560763779130774,-0.5105744116333761,-1.0713381907641502
2852,0.10458203463284639,-0.43309849101011977,-0.5376805256429662
2853,0.28988612536700786,-0.5393463558284696,-0.8292324811954774
2854,0.16818029405333446,-0.3176992109390886,-0.48587950499242305
2855,0.5869196199781354,-0.18500110814440607,-0.7719207281225414
2856,0.16021864654412302,-0.20098300251797416,-0.3612016490620972
2857,0.3845741600373481,-0.3633468867984093,-0.7479210468357574
2858,0.4007199776313756,-0.3867827241619176,-0.7875027017932932
2859,0.4829364297792144,-0.38162534304176904,-0.8645617728209835
2860,0.38484070562314143,-0.4801160386857761,-0.8649567443089176
2861,1.0079476238820144,-0.3534461864310884,-1.361393810313103
2862,0.7930389952290032,-0.271076183114226,-1.0641151783432292
2863,0.5937185778665308,-0.36309647890935115,-0.956815056775882
2864,0.7315732030267785,-0.4259867036128365,-1.157559906639615
2865,0.5685689833982562,-0.5148926204139399,-1.083461603812196
2866,0.5437068088690454,-0.5072198653843742,-1.0509266742534198
2867,-1.4861204897680975,-0.559608703874574,0.9265117858935236
2868,0.543793079015638,-0.5572746750804778,-1.1010677540961158
2869,0.5954905027125398,-0.6598429632285024,-1.2553334659410422
2870,0.09821531487546788,-0.5208565507106946,-0.6190718655861625
2871,8.407620986041846e-5,-0.558221577532085,-0.5583056537419454
2872,0.27432968096535115,-0.77955723850342,-1.0538869194687712
2873,0.19895742775305575,-0.6695071592739805,-0.8684645870270362
2874,-0.30309250890035405,-0.41330721462976683,-0.11021470572941278
2875,-0.727168418662449,-0.5385071360665469,0.1886612825959021
2876,1.0887114188724134,-0.5499007551110479,-1.6386121739834612
2877,0.6468230496320906,-0.5337636738605303,-1.1805867234926208
2878,0.5846713032372909,-0.4992781367575919,-1.0839494399948828
2879,0.35351735665205136,-0.6180647115570591,-0.9715820682091105
2880,0.3055707459339755,-0.5149550911520563,-0.8205258370860318
2881,0.7302792144521538,-0.42745351646212304,-1.1577327309142769
2882,-0.02084504012266023,-0.4928550248773806,-0.47200998475472034
2883,0.1877675001397461,-0.48470318398288037,-0.6724706841226264
2884,0.6424799716079261,-0.7915081368231073,-1.4339881084310333
2885,0.9561536009837083,-0.5775225413487232,-1.5336761423324314
2886,0.8014754714498429,-0.5817562869369304,-1.3832317583867733
2887,0.4149706721298617,-0.5502044204444031,-0.9651750925742648
2888,0.847342021869268,-0.5497668060630677,-1.3971088279323358
2889,0.14448375860501356,-0.7037459356555794,-0.8482296942605929
2890,0.39663699398905655,-0.6345583826588362,-1.0311953766478927
2891,0.44525197301463576,-0.6638938052775516,-1.1091457782921874
2892,0.22192671726096633,-0.4775969281997263,-0.6995236454606927
2893,0.007168480947974334,-0.6461092298548848,-0.6532777108028591
2894,0.23707168226854478,-0.5918019867327949,-0.8288736690013397
2895,0.5178638373576455,-0.6209300287554798,-1.1387938661131254
2896,0.2618629046621582,-0.7663404324186485,-1.0282033370808068
2897,0.6825587708262055,-0.7549213151542085,-1.437480085980414
2898,0.30047107960049024,-0.6193655019671476,-0.9198365815676378
2899,0.15170479875526263,-0.32175984599831564,-0.4734646447535783
2900,-0.3669935298430949,-0.3039526584146888,0.06304087142840609
2901,0.30762027811564857,-0.39118533038040837,-0.698805608496057
2902,0.29447916270161256,-0.305856455020944,-0.6003356177225565
2903,0.30603070770815755,-0.3330981150474913,-0.6391288227556489
2904,-0.131642716366344,-0.586158277698139,-0.454515561331795
2905,0.36757645293809516,-0.5981193090892384,-0.9656957620273335
2906,0.7972946831561841,-0.6673307809605541,-1.4646254641167382
2907,0.10910025173414188,-0.670107240295003,-0.7792074920291449
2908,0.16723247967675958,-0.6355693830710503,-0.8028018627478098
2909,0.9301209932617193,-0.74537733344487,-1.6754983267065893
2910,0.8970816792865945,-0.636759592470131,-1.5338412717567256
2911,0.7608177884839212,-0.7028980437775891,-1.4637158322615105
2912,0.8108722026107587,-0.6367836018242725,-1.4476558044350312
2913,0.5580274143241448,-0.7401043872706762,-1.2981318015948209
2914,0.5087480471039604,-0.8544401230760886,-1.363188170180049
2915,0.5163180143090065,-0.4021344616889603,-0.9184524759979668
2916,-0.016890477506769627,-0.33749159591998984,-0.3206011184132202
2917,0.8223243147603158,-0.35187377367144534,-1.174198088431761
2918,0.5327704882429701,-0.4468764095849621,-0.9796468978279322
2919,1.4603796197975154,-0.6591285220360936,-2.119508141833609
2920,1.0981751312572792,-0.5572105425780244,-1.6553856738353034
2921,1.1591848519430596,-0.58198551426698375,-1.7411703662100435
2922,1.187390501015885,-0.4699444233447115,-1.6573349243605964
2923,0.4437497777748842,-0.5851972758813125,-1.0289470536561969
2924,-1.0018067725620796,-0.6198671644827138,0.3819396080793658
2925,0.18425836614094965,-0.5584490216396982,-0.7427073877806478
2926,0.9692126437438976,-0.5513125767422652,-1.5205252204861628
2927,0.5533915206619054,-0.4436669605977226,-0.997058481259628
2928,0.8875187275387584,-0.4621144063915952,-1.3496331339303536
2929,0.3509542795271582,-0.5307440673726103,-0.8816983468997684
2930,0.44098233243472923,-0.4638114015189635,-0.9047937339536927
2931,0.7209043760431658,-0.588719979906703,-1.3096243559498688
2932,0.5420178281054719,-0.6504607989808844,-1.1924786270863563
2933,0.7680547198760227,-0.6068114945278726,-1.3748662144038954
2934,0.21217765192003837,-0.5976703142324937,-0.8098479661525321
2935,0.4784295322272624,-0.5687080320690201,-1.0471375642962826
2936,0.44545951693454106,-0.4975180311396072,-0.9429775480741482
2937,0.6263127101809688,-0.422739684118826,-1.0490523942997947
2938,0.07667829523652361,-0.5862813458643531,-0.6629596411008767
2939,0.2160410194757957,-0.6287173426345045,-0.8447583621103002
2940,0.7639539604416659,-0.6755326613338756,-1.4394866217755413
2941,0.9884893922382858,-0.6562349251634795,-1.6447243174017654
2942,1.0909984595967057,-0.7288131428242874,-1.8198116024209932
2943,0.44884708651871896,-0.7611360864958177,-1.2099831730145367
2944,0.331221485615555,-0.41352538124037985,-0.7447468668559348
2945,0.25580084488152416,-0.6034885564201324,-0.8592894013016565
2946,0.5484316115046247,-0.3953813592962016,-0.9438129708008263
2947,0.6909447423044375,-0.6493300370835378,-1.3402747793879752
2948,0.9515333912013181,-0.5964829392365335,-1.5480163304378516
2949,-0.07951643676582043,-0.6731328723193046,-0.5936164355534842
2950,0.8299175683943778,-0.5560134573499583,-1.3859310257443362
2951,0.5420973449320675,-0.5879671640326729,-1.1300645089647405
2952,0.22157941171190548,-0.5918172808963161,-0.8133966926082217
2953,0.4481115284135318,-0.754917892371738,-1.2030294207852699
2954,0.5479259687119055,-0.7500220017209432,-1.2979479704328487
2955,0.45120842396145777,-0.7198592661890865,-1.1710676901505441
2956,-0.007341221993921116,-0.6607351275492463,-0.6533939055553253
2957,0.8205914078067613,-0.2758262787877483,-1.0964176865945097
2958,0.9047576074264608,-0.41547330249949227,-1.320230909925953
2959,0.6255265510334554,-0.40107488394225577,-1.0266014349757113
2960,0.560565142640522,-0.3673769878734693,-0.9279421305139913
2961,0.28732585212204637,-0.39793135979663885,-0.6852572119186853
2962,-0.124405982670222,-0.5056418889800378,-0.3812359063098158
2963,1.3038786289660624,-0.43176089034730125,-1.7356395193133638
2964,0.7796045127631784,-0.4727138680509537,-1.252318380814132
2965,0.2195978514197922,-0.44769104424741807,-0.6672888956672103
2966,0.20164375032839446,-0.4705601047470244,-0.6722038550754189
2967,0.0483548970500051,-0.6033961076551106,-0.6517510047051157
2968,0.4057369135459255,-0.4892668410040582,-0.8950037545499837
2969,0.6974648728574687,-0.6272668441635922,-1.324731717021061
2970,0.5899372282367482,-0.5727102313977033,-1.1626474596344516
2971,0.9420923386166459,-0.7377872984854446,-1.6798796371020903
2972,0.5878805658893239,-0.757141280805135,-1.345021846694459
2973,-0.03870833034815536,-0.6296753831771872,-0.5909670528290318
2974,-0.39696675973545015,-0.5532580839176549,-0.1562913241822047
2975,0.1323864940972474,-0.6756281827195175,-0.8080146768167649
2976,0.04051063683160829,-0.4810898757732867,-0.521600512604895
2977,0.5524101007559454,-0.6400604877367433,-1.1924705884926887
2978,0.5756770343454298,-0.6397781191621855,-1.2154551535076155
2979,0.5010776692905835,-0.4496484233565088,-0.9507260926470923
2980,0.2362724292464903,-0.6363185536998053,-0.8725909829462956
2981,0.1774179437285088,-0.600208984792846,-0.7776269285213548
2982,0.09734994011984469,-0.6436533506555561,-0.7410032907754007
2983,0.08364733606324411,-0.7389994347893525,-0.8226467708525966
2984,-0.30865209837220425,-0.5912208730440551,-0.2825687746718509
2985,0.2683623192516739,-0.5482176645464387,-0.8165799837981127
2986,-0.06806520332996438,-0.6906209674921084,-0.6225557641621441
2987,0.4205343829133601,-0.7744758004115246,-1.1950101833248847
2988,0.6673259778467572,-0.7373446165492519,-1.4046705943960092
2989,0.7989052322303464,-0.6862685389551965,-1.4851737711855428
2990,0.662598853478687,-0.5651851008514275,-1.2277839543301146
2991,0.5722370861349674,-0.303746552214985,-0.8759836383499524
2992,0.17581931754103125,-0.4568643110536822,-0.6326836285947135
2993,0.7710093767772584,-0.6058010927340685,-1.376810469511327
2994,0.6761123451074271,-0.5166389621535885,-1.1927513072610156
2995,0.6033465258824734,-0.4700021203910506,-1.073348646273524
2996,1.2242365637181816,-0.4139376928109142,-1.6381742565290958
2997,0.7395793377318076,-0.4220706333930221,-1.1616499711248296
2998,0.7451861045917207,-0.41479933752436154,-1.1599854421160822
2999,0.10598470414044635,-0.41706088707797556,-0.5230455912184219
3000,-0.1092480480603802,-0.4568239772599584,-0.3475759291995782
3001,0.7280467207807689,-0.4695391640566976,-1.1975858848374665
3002,0.04128718225215897,-0.7402307108742622,-0.7815178931264212
3003,0.08876779892929998,-0.7628865965152106,-0.8516543954445106
3004,0.579232541883037,-0.6815917580008971,-1.260824299883934
3005,0.1930663791290707,-0.545465839437036,-0.7385322185661067
3006,0.6381483674736756,-0.6931095788914732,-1.3312579463651488
3007,0.5994870893987332,-0.6715099098819873,-1.2709969992807206
3008,1.2775882741443116,-0.7046229148088448,-1.9822111889531564
3009,0.7541111338465349,-0.8223276368502924,-1.5764387706968273
3010,1.266029796760885,-0.6653957041898672,-1.931425500950752
3011,0.8267701651404759,-0.6531960333003054,-1.4799661984407813
3012,0.515348440109713,-0.7142274812591783,-1.2295759213688915
3013,0.4076184439717032,-0.6957167460814002,-1.1033351900531034
3014,0.5598419906674835,-0.7623628291943805,-1.322204819861864
3015,-0.002016426827554374,-0.7773126677379413,-0.775296240910387
3016,0.6076201549594661,-0.6506223189746737,-1.2582424739341398
3017,0.8835118777076182,-0.687920285690404,-1.5714321633980222
3018,0.6131444908269643,-0.5552038369552189,-1.1683483277821831
3019,0.6595082247825297,-0.42927840988414573,-1.0887866346666755
3020,0.45678232136078156,-0.43703652389065745,-0.8938188452514391
3021,0.16942959002839125,-0.5765711354686195,-0.7460007254970107
3022,0.25789153319904823,-0.3968410309512729,-0.6547325641503211
3023,0.07491423719574226,-0.5436016844012725,-0.6185159215970149
3024,0.303715634530678,-0.4987163429807655,-0.8024319775114435
3025,-0.6376516495146535,-0.5693045067563872,0.06834714275826625
3026,0.18053254676686675,-0.6065415499089919,-0.7870740966758587
3027,0.11693191710578996,-0.6212565097128133,-0.7381884268186033
3028,0.31962179152857784,-0.6097086063980249,-0.9293303979266028
3029,0.9868034155399826,-0.7117463343426216,-1.6985497498826043
3030,0.14354035745413538,-0.6209795482044922,-0.7645199056586276
3031,0.2574839551415922,-0.6237561942327869,-0.8812401493743791
3032,0.3393207394490691,-0.6121944275016866,-0.9515151669507558
3033,0.5375772577381491,-0.7201957976380959,-1.2577730553762452
3034,0.6412087995315973,-0.6108085026924921,-1.2520173022240892
3035,0.4946725979178843,-0.6963078537027727,-1.190980451620657
3036,0.2881361718139802,-0.7973985438111834,-1.0855347156251636
3037,0.6463529710473648,-0.669208351586492,-1.3155613226338567
3038,1.2667470034299964,-0.6545976162699713,-1.9213446196999677
3039,1.2031657341506719,-0.6185439343814656,-1.8217096685321374
3040,1.4191008253003425,-0.5985982001573495,-2.0176990254576923
3041,0.8774582301175193,-0.648123564239828,-1.5255817943573473
3042,0.18816031217896723,-0.5623935519506164,-0.7505538641295836
3043,0.2429055057430857,-0.638730591633851,-0.8816360973769367
3044,-0.01436423036863366,-0.4290067689494959,-0.41464253858086225
3045,0.06397227451827564,-0.46872648124775673,-0.5326987557660323
3046,0.2966372633038217,-0.4981874613592789,-0.7948247246631006
3047,1.4465614118610641,-0.557276306120025,-2.003837717981089
3048,1.1086741382369187,-0.515048837707978,-1.6237229759448968
3049,1.081475155852765,-0.5027204488256778,-1.584195604678443
3050,0.35809164634413976,-0.5879290502481294,-0.9460206965922691
3051,0.18794489586087632,-0.49461066798768744,-0.6825555638485638
3052,0.4245053324530969,-0.4631598438758079,-0.8876651763289047
3053,0.49023731496425715,-0.5755873458266263,-1.0658246607908834
3054,0.64569851868247,-0.6365700731029312,-1.2822685917854013
3055,0.8311463272481527,-0.49298681320980664,-1.3241331404579593
3056,0.3012119957906625,-0.4277038899857156,-0.7289158857763781
3057,0.6996649697903529,-0.4505271578819362,-1.150192127672289
3058,0.08764922107936718,-0.7282904145183894,-0.8159396355977566
3059,0.7802090736312943,-0.3587680914721555,-1.1389771651034497
3060,0.7161912326887099,-0.42143440851597164,-1.1376256412046815
3061,0.8767785037817516,-0.5144724710165489,-1.3912509747983006
3062,-0.25745402711493487,-0.5275215500068602,-0.2700675228919253
3063,0.6334277663281579,-0.6154066785339273,-1.2488344448620852
3064,0.7433926702984403,-0.6634690651436819,-1.406861735442122
3065,0.4235113589900116,-0.7759182609964952,-1.1994296199865069
3066,0.2009232280274271,-0.5498458451404965,-0.7507690731679236
3067,0.18619707263867377,-0.5794984657502589,-0.7656955383889327
3068,0.5743688850802391,-0.6516315547668136,-1.2260004398470525
3069,0.5567322093397541,-0.5983662997045022,-1.1550985090442563
3070,-0.13406725399053382,-0.413468971330488,-0.27940171733995417
3071,0.5059365706883321,-0.5124290299956422,-1.0183656006839743
3072,0.3484105621500729,-0.46465784034313495,-0.8130684024932078
3073,0.01912601840392027,-0.48549038625192553,-0.5046164046558458
3074,0.5869295649333659,-0.5604004057040266,-1.1473299706373925
3075,0.2006501331636563,-0.48622328176384544,-0.6868734149275018
3076,0.22468245583267166,-0.6438931366969307,-0.8685755925296024
3077,1.1635141767629076,-0.8189568351102255,-1.982471011873133
3078,0.9708867693820857,-0.6944001556559478,-1.6652869250380335
3079,1.2533967121298186,-0.6345489943942053,-1.887945706524024
3080,0.8582077279217677,-0.45411638344320854,-1.3123241113649762
3081,-0.3079921952169272,-0.38611926429372145,-0.07812706907679423
3082,1.5468933917768142,-0.5854795052066613,-2.132372896983475
3083,0.5092327339229126,-0.5678743566397967,-1.0771070905627091
3084,0.791222374933768,-0.6177227084309388,-1.4089450833647068
3085,0.09326056219850515,-0.3628773111816538,-0.45613787338015893
3086,0.8289059656775528,-0.4841086977592145,-1.3130146634367672
3087,0.4165518234751107,-0.5714462414923865,-0.9879980649674973
3088,0.8002191207792463,-0.6500092439550319,-1.4502283647342782
3089,0.509773245159167,-0.318029982489437,-0.827803227648604
3090,1.2246822508208344,-0.46289190764968763,-1.687574158470522
3091,0.5457697662527442,-0.4170799772672683,-0.9628497435200125
3092,-0.12238151913422178,-0.46968743381754186,-0.34730591468332006
3093,0.3318571744551929,-0.466771407780656,-0.798628582235849
3094,0.1803530494766785,-0.3813024908772663,-0.5616555403539448
3095,0.4088265488566114,-0.5028056936668944,-0.9116322425235058
3096,-0.27085511756739294,-0.3433776182033479,-0.07252250063595495
3097,0.8006202642933975,-0.7055548533792848,-1.5061751176726823
3098,-0.06275930628472418,-0.6967626320097297,-0.6340033257250055
3099,-0.7908142881114881,-0.6825981927448465,0.10821609536664167
3100,1.1721701697937772,-0.3659924004679414,-1.5381625702617185
3101,0.22189036016188315,-0.3476751502110202,-0.5695655103729034
3102,0.7998126587968452,-0.36278025874009723,-1.1625929175369425
3103,0.28527043116512335,-0.49324312926220587,-0.7785135604273292
3104,-0.29966032019909505,-0.3644645466216826,-0.06480422642258754
3105,-0.534317137027855,-0.40428624207018987,0.13003089495766512
3106,0.8909376383354548,-0.41826754167159624,-1.309205180007051
3107,0.9982725161937555,-0.4575201336332807,-1.4557926498270362
3108,0.3308257975142041,-0.25012145867649704,-0.5809472561907012
3109,0.350745076320488,-0.31939611473052226,-0.6701411910510102
3110,0.816206418570586,-0.4970468368703291,-1.313253255440915
3111,1.030553103867666,-0.49708317505844785,-1.527636278926114
3112,0.6774635784825778,-0.5736013745403074,-1.251064953022885
3113,0.5920873686214589,-0.6237399676972537,-1.2158273363187126
3114,0.40258532594792507,-0.7191789734359086,-1.1217642993838337
3115,0.7049551827831829,-0.6557262005519895,-1.3606813833351725
3116,-0.0800318222708932,-0.5691143497030847,-0.4890825274321915
3117,1.1243798850219884,-0.6726822131774755,-1.7970620981994638
3118,0.1962874801757193,-0.4408083155754269,-0.6370957957511462
3119,-0.08757256598917004,-0.42319343400301357,-0.3356208680138435
3120,0.674767583837099,-0.4009863060822139,-1.0757538899193129
3121,0.7178280048424034,-0.3646690068243973,-1.0824970116668007
3122,0.45212135015230676,-0.5439393190185481,-0.9960606691708549
3123,0.5702881167533106,-0.36125174477164396,-0.9315398615249546
3124,0.3242100252698941,-0.41422008946102357,-0.7384301147309177
3125,0.668598365505507,-0.4490810257341936,-1.1176793912397005
3126,0.24716025841711017,-0.4924420047070876,-0.7396022631241977
3127,0.8982509361227063,-0.5318828459159526,-1.4301337820386588
3128,0.9202768682117504,-0.49280251859393276,-1.4130793868056832
3129,0.24232098283202844,-0.4986699495043422,-0.7409909323363706
3130,0.5548701843254286,-0.47471638435205415,-1.0295865686774828
3131,0.5401404061244774,-0.4515773660161345,-0.991717772140612
3132,0.631514211579217,-0.40930258522015905,-1.0408167967993762
3133,0.2343890235097595,-0.5138122283866865,-0.748201251896446
3134,0.04216101533849545,-0.5347596577035642,-0.5769206730420596
3135,0.6098376033908449,-0.4902080785575732,-1.1000456819484181
3136,-0.1215898972721115,-0.6845487826937434,-0.5629588854216319
3137,0.8234789243672817,-0.60019732214216,-1.4236762465094417
3138,0.526959309554588,-0.5979540655687313,-1.1249133751233193
3139,0.3652757991258656,-0.5692734619553698,-0.9345492610812354
3140,0.5565599126847338,-0.4844766529851756,-1.0410365656699094
3141,0.6226929796051879,-0.5818250398868667,-1.2045180194920546
3142,-0.17709441218397062,-0.3996410193339098,-0.22254660714993915
3143,-1.3087952271550884,-0.29669252698257886,1.0121027001725096
3144,0.4158646179943278,-0.5852309403336434,-1.0010955583279713
3145,0.621799452188434,-0.5599232492252608,-1.1817227014136948
3146,0.11886796120497604,-0.5388761679588441,-0.6577441291638201
3147,0.20880549483082245,-0.5835475368848231,-0.7923530317156455
3148,-0.004900927000959835,-0.6299440322423344,-0.6250431052413746
3149,-0.3110439812916671,-0.6123807749745627,-0.30133679368289557
3150,0.7866594945402845,-0.6639638704794943,-1.4506233650197788
3151,0.3386618242845846,-0.504580622994677,-0.8432424472792616
3152,0.15569568698721653,-0.4514950734165872,-0.6071907604038037
3153,0.22506827796972975,-0.4067155067603306,-0.6317837847300604
3154,0.5055417658080266,-0.5118014386581284,-1.017343204466155
3155,0.8028812541397381,-0.3596227153717268,-1.162503969511465
3156,0.8758715349847478,-0.39077740740443645,-1.2666489423891842
3157,0.6355435320446582,-0.43592487613073916,-1.0714684081753973
3158,0.5494841790279468,-0.5238041148648226,-1.0732882938927695
3159,0.14490863070254012,-0.47312419385547866,-0.6180328245580188
3160,1.1454863279120684,-0.5792793833500214,-1.7247657112620898
3161,0.2835522979932454,-0.4049450106976538,-0.6884973086908992
3162,-0.22955344760539131,-0.5684797830489005,-0.33892633544350914
3163,0.3932298680745544,-0.4289950953928616,-0.822224963467416
3164,-2.233141030120948,-0.6765542925186517,1.556586737602296
3165,1.0744833141163845,-0.5722069994958074,-1.646690313612192
3166,0.3760971332432439,-0.441683369363076,-0.8177805026063198
3167,0.10180299065001518,-0.5893578841926737,-0.6911608748426888
3168,0.6473188320426708,-0.4302855134671263,-1.0776043455097972
3169,0.5149250844177067,-0.5793832445741092,-1.0943083289918158
3170,0.102316543064448,-0.6103717423475795,-0.7126882854120276
3171,0.499387775673192,-0.6576108125360018,-1.1569985882091938
3172,0.6337720785392199,-0.7050041496039893,-1.3387762281432092
3173,0.7227329190739707,-0.7048082703133354,-1.427541189387306
3174,0.6370901676323425,-0.7378041408658985,-1.374894308498241
3175,0.6075507356832757,-0.6155654261555543,-1.22311616183883
3176,0.23939204176395393,-0.5618451642823253,-0.8012372060462792
3177,0.6004075335568949,-0.44220933600148576,-1.0426168695583806
3178,0.844519581275592,-0.34402270407308955,-1.1885422853486816
3179,0.7231913319639367,-0.4600815244771982,-1.183272856441135
3180,0.6076037370669195,-0.4327102459451463,-1.0403139830120658
3181,0.7094140352973616,-0.40607931772620115,-1.1154933530235627
3182,0.41767871652652205,-0.30786963771077425,-0.7255483542372962
3183,0.9149331277431755,-0.33934235178848515,-1.2542754795316606
3184,0.919668198853854,-0.4624091770664492,-1.382077375920303
3185,0.7573758143301741,-0.5159964214940883,-1.2733722358242625
3186,0.556446983889673,-0.5449964864726341,-1.101443470362307
3187,0.8933114368394929,-0.7549689538670603,-1.648280390706553
3188,0.26448383640095424,-0.49377538385512854,-0.7582592202560827
3189,0.4659699622808042,-0.5503724301169218,-1.016342392397726
3190,0.09139338642386732,-0.602371508587254,-0.6937648950111213
3191,0.4784093183268309,-0.4175226003961087,-0.8959319187229396
3192,0.4758892445475751,-0.5411169615813457,-1.017006206128921
3193,0.538108958210474,-0.4993948738918025,-1.0375038321022765
3194,0.7104366802704858,-0.5246330781237352,-1.235069758394221
3195,0.6859280148136822,-0.6164754921744552,-1.3024035069881372
3196,0.7684872436237895,-0.5734712670840694,-1.3419585107078589
3197,0.5325616284193835,-0.4754380763394995,-1.0079997047588831
3198,0.5594108767461544,-0.43141725674808046,-0.9908281334942348
3199,-0.02725332672873304,-0.5673546092433098,-0.5401012825145768
3200,0.3052608443492524,-0.634698572090748,-0.9399594164400004
3201,0.3171760175005186,-0.7452592215506774,-1.062435239051196
3202,0.002058803483578749,-0.7135397571572585,-0.7155985606408373
3203,0.22268534066989995,-0.6286463177948407,-0.8513316584647407
3204,0.3692437830184902,-0.8024293119475534,-1.1716730949660437
3205,0.6867804384472926,-0.5643336522244792,-1.2511140906717717
3206,0.19673900594393556,-0.5235713658745834,-0.720310371818519
3207,0.7719916452761596,-0.4591408918161826,-1.2311325370923423
3208,0.26888057747287714,-0.47392378316138806,-0.7428043606342651
3209,0.2524934082974836,-0.6570506134298959,-0.9095440217273796
3210,0.47859555946222565,-0.5485314218655848,-1.0271269813278106
3211,1.1833849532934688,-0.5628808685806654,-1.7462658218741343
3212,1.5129230843972532,-0.6012700427371205,-2.1141931271343735
3213,0.9810508197831695,-0.5316351102734859,-1.5126859300566555
3214,0.44773138648527416,-0.5464491153350123,-0.9941805018202865
3215,0.4788638031305086,-0.602141800236538,-1.0810056033670465
3216,0.5582371311810269,-0.7331775893193218,-1.2914147205003488
3217,0.2912276348153111,-0.634430340035296,-0.9256579748506071
3218,0.3706500559884673,-0.5925191192475241,-0.9631691752359914
3219,-0.14024171229533416,-0.7085303255012377,-0.5682886132059035
3220,1.3320628174614115,-0.4536233476702236,-1.7856861651316351
3221,0.2092783731773444,-0.4585937506664497,-0.6678721238437941
3222,0.3043997162893629,-0.8525001490394948,-1.1568998653288576
3223,0.07531205611688851,-0.7387982146308392,-0.8141102707477277
3224,0.7462456734841925,-0.48448739421053405,-1.2307330676947266
3225,0.6098229617697837,-0.4704734353066888,-1.0802963970764725
3226,0.6750567903701388,-0.6290631807464768,-1.3041199711166156
3227,0.6614988079248816,-0.6182848060891322,-1.2797836140140137
3228,0.6949979396208241,-0.6885783618274613,-1.3835763014482856
3229,0.8387417302381337,-0.6690589557454697,-1.5078006859836033
3230,0.795336773292493,-0.5649410771564805,-1.3602778504489734
3231,0.8205725193777221,-0.46088945953859284,-1.2814619789163149
3232,1.0491779104478343,-0.57797554548354,-1.6271534559313743
3233,0.9166331092059354,-0.7512453592312864,-1.6678784684372219
3234,0.6059793812322918,-0.7293909420427234,-1.3353703232750151
3235,0.38879732961399516,-0.8247472557654892,-1.2135445853794844
3236,0.26368351822294744,-0.7253483359657789,-0.9890318541887263
3237,0.7180481206401685,-0.6718980416675766,-1.3899461623077451
3238,0.3344288778559735,-0.6449639925830094,-0.9793928704389829
3239,0.35466161882828895,-0.6084944795116336,-0.9631560983399226
3240,0.28673365359412134,-0.7481469840930441,-1.0348806376871655
3241,0.5706018626048797,-0.7189862864800045,-1.2895881490848842
3242,0.3431654083903076,-0.605259442361787,-0.9484248507520946
3243,0.9028637154982351,-0.48429433356994817,-1.3871580490681832
3244,0.47941952935168175,-0.6852649408284485,-1.1646844701801302
3245,0.4659436698716476,-0.653669261645387,-1.1196129315170347
3246,0.311636194744997,-0.6150072776161282,-0.9266434723611252
3247,0.24585297936325293,-0.5731232681833082,-0.8189762475465611
3248,0.5282181357090244,-0.5177553526227515,-1.045973488331776
3249,0.9699169863374794,-0.5220036329428446,-1.4919206192803238
3250,1.2031223562226956,-0.5751122591755359,-1.7782346153982314
3251,0.7996827912932706,-0.5142675082791053,-1.313950299572376
3252,0.2625902010983273,-0.3985081727775375,-0.6610983738758648
3253,0.657944967638041,-0.4309926786367221,-1.088937646274763
3254,0.8564155565792626,-0.44504361361121325,-1.3014591701904759
3255,0.7242410817008463,-0.2899693703763338,-1.0142104520771802
3256,1.0244570539496827,-0.5235181696369077,-1.5479752235865902
3257,0.5549542451483216,-0.5513150709404164,-1.106269316088738
3258,0.4122165158320719,-0.4424643564200373,-0.8546808722521092
3259,0.5246616546066772,-0.460200867514616,-0.9848625221212932
3260,0.5125121247099893,-0.3582207680736695,-0.8707328927836588
3261,0.18403827164525643,-0.2997479156235821,-0.48378618726883854
3262,0.7074797816594433,-0.6933583232653393,-1.4008381049247824
3263,-0.06733211722993161,-0.3914959991380917,-0.3241638819081601
3264,0.7580278688843977,-0.42134252956377427,-1.1793703984481718
3265,0.1385601362357647,-0.49934986783646496,-0.6379100040722296
3266,-0.05019400772138882,-0.5788462065721243,-0.5286521988507354
3267,0.8779706797075507,-0.6732724504784032,-1.551243130185954
3268,0.28503481048251783,-0.6477607806058207,-0.9327955910883385
3269,0.3626318078621301,-0.6588845608353008,-1.021516368697431
3270,0.2612705312971916,-0.7611694264464204,-1.0224399577436118
3271,0.32389189478720004,-0.8429858223952722,-1.1668777171824722
3272,1.1043035786133477,-0.25050562793684483,-1.3548092065501924
3273,1.684308762544506,-0.22388036805873546,-1.9081891306032412
3274,0.22852581731730226,-0.7174658041281604,-0.9459916214454627
3275,0.32933125433338095,-0.7753892375868838,-1.104720491920265
3276,1.0202316054001803,-0.7107889099367111,-1.7310205153368914
3277,0.5415869695160537,-0.7194326054711022,-1.2610195749871558
3278,-0.03477510325030379,-0.7397295282980508,-0.7049544250477471
3279,-0.34054996431913775,-0.7159071253786697,-0.375357161059532
3280,0.1323931148889811,-0.7753364412738465,-0.9077295561628276
3281,0.3377630447268926,-0.562567913251661,-0.9003309579785537
3282,0.002256232372485826,-0.5768973863527184,-0.5791536187252042
3283,0.6141378321352241,-0.559663678250818,-1.173801510386042
3284,-0.07664132573083204,-0.5553168389199742,-0.47867551318914214
3285,0.062362427382678845,-0.904241422127025,-0.9666038495097038
3286,0.12949779278676302,-0.7229979711080518,-0.8524957638948147
3287,-0.04904623580556738,-0.6219101412235862,-0.5728639054180189
3288,1.511492505127701,-0.5763644746360083,-2.087856979763709
3289,1.7854426277127708,-0.5363304761201065,-2.3217731038328773
3290,1.289309438058105,-0.5725304975124046,-1.8618399355705095
3291,0.917191077070439,-0.4639028553208922,-1.3810939323913312
3292,0.7935758194696992,-0.3485096683218762,-1.1420854877915754
3293,0.464609279847667,-0.4144651318302171,-0.8790744116778841
3294,0.5224142466881373,-0.5113516828699944,-1.0337659295581316
3295,0.44637957759650304,-0.4571160749897533,-0.9034956525862563
3296,0.2801756846470284,-0.5200278147592676,-0.8002034994062961
3297,0.7114977024988832,-0.5049372367482587,-1.2164349392471419
3298,0.3657966367253662,-0.3757520104757006,-0.7415486472010668
3299,0.34318894186160814,-0.4257237250954861,-0.7689126669570943
3300,-1.1299154856142,-0.7969749565653517,0.3329405290488483
3301,0.4635442374832786,-0.4688151282432434,-0.932359365726522
3302,0.8688808561740352,-0.42360171822719495,-1.2924825744012303
3303,-0.05311938180524753,-0.49335360679564066,-0.4402342249903931
3304,0.17918026307192855,-0.4816277807861221,-0.6608080438580507
3305,0.3408341729769623,-0.5258378629515502,-0.8666720359285125
3306,1.2105060452242775,-0.5235363423865756,-1.7340423876108533
3307,0.8456224025227314,-0.5414858728750468,-1.3871082753977781
3308,0.7251535421950533,-0.5839997267999611,-1.3091532689950145
3309,0.5098861081150561,-0.42407438639783124,-0.9339604945128873
3310,0.13908107180028964,-0.5223630546306,-0.6614441264308896
3311,0.6670128352519825,-0.5154013619734531,-1.1824141972254356
3312,0.6765546915205964,-0.5029199745279898,-1.1794746660485862
3313,1.0394424031641574,-0.6269393961571268,-1.6663817993212842
3314,1.4189245405361353,-0.5958805584341875,-2.0148050989703226
3315,1.0875707574070477,-0.5018473262788006,-1.5894180836858482
3316,0.7925155297805033,-0.5982439802099788,-1.3907595099904821
3317,0.6601370471331767,-0.4719725407681477,-1.1321095879013243
3318,0.4887696263336331,-0.5525912240462205,-1.0413608503798537
3319,-0.09630265354980308,-0.44702685275874293,-0.3507241992089398
3320,1.179127427335053,-0.6093752426851063,-1.7885026700201592
3321,0.5741021512953374,-0.6867418724534875,-1.2608440237488248
3322,0.5674065733925314,-0.7877363870164172,-1.3551429604089487
3323,0.351041031973252,-0.6814848147990165,-1.0325258467722684
3324,0.2680978216539984,-0.67040209784093,-0.9384999194949284
3325,0.6911633228399356,-0.5919419543850905,-1.283105277225026
3326,0.22938878464290144,-0.595050322979846,-0.8244391076227474
3327,0.3404401393658157,-0.5400140090746584,-0.880454148440474
3328,-0.43568880431092966,-0.690320784756348,-0.2546319804454183
3329,-0.6144996770754263,-0.7006591464121651,-0.08615946933673879
3330,-0.8607738384783665,-0.5907775001301131,0.26999633834825343
3331,2.1958473354934975,-0.6606101591658103,-2.856457494659308
3332,-0.030938994853911446,-0.5524286200620323,-0.5214896252081208
3333,-0.07331017381336215,-0.6620069173007668,-0.5886967434874046
3334,0.5884303698179982,-0.4640120661789823,-1.0524424359969804
3335,0.8729842295895645,-0.5846039553546611,-1.4575881849442256
3336,0.721275406231647,-0.6213930395028495,-1.3426684457344966
3337,0.5147333807543042,-0.36598888405009067,-0.8807222648043949
3338,0.1982751997871213,-0.4071726106413916,-0.6054478104285129
3339,0.17488130418118009,-0.5329253419423805,-0.7078066461235606
3340,0.4763898562104956,-0.5348928950034153,-1.0112827512139109
3341,0.34160660485503014,-0.4792153377261856,-0.8208219425812158
3342,0.9222726510748019,-0.6724552414008171,-1.594727892475619
3343,-0.6170073718156363,-0.6128880037139552,0.004119368101681009
3344,-0.2581528727517859,-0.6216349132136632,-0.36348204046187726
3345,0.19811084821987673,-0.6552825473149083,-0.853393395534785
3346,0.4770194480371569,-0.6475051524774791,-1.1245246005146359
3347,0.5694094848003337,-0.6794552412921606,-1.2488647260924943
3348,0.3031116020676737,-0.6012509904961448,-0.9043625925638186
3349,0.6481043195820791,-0.6120995829849475,-1.2602039025670266
3350,1.1509992349671587,-0.5364116647139487,-1.6874108996811075
3351,0.49792724047295034,-0.5266472072287943,-1.0245744477017447
3352,0.47812021963765644,-0.5367299587145239,-1.0148501783521804
3353,0.4822112868393194,-0.3900098807188316,-0.872221167558151
3354,0.5063381173428838,-0.45193832352116414,-0.958276440864048
3355,1.0337454774068036,-0.43553205596954553,-1.469277533376349
3356,1.797123092310868,-0.5081168032473462,-2.3052398955582145
3357,0.5125499420055006,-0.5535465655347057,-1.0660965075402062
3358,-0.26720662523876226,-0.5249776360318723,-0.25777101079311004
3359,0.11521662210605965,-0.5479862994624077,-0.6632029215684674
3360,-1.0115293707131747,-0.49858046628946895,0.5129489044237058
3361,-1.82887711210216,-0.46565123420510013,1.3632258778970598
3362,0.8494818766802262,-0.6156023993446136,-1.46508427602484
3363,0.9465123403134208,-0.7387590702995219,-1.6852714106129427
3364,0.12202868183912174,-0.7812246297304773,-0.9032533115695991
3365,0.2023186583389837,-0.7769735629194149,-0.9792922212583985
3366,0.4703881266071591,-0.714775852230228,-1.1851639788373871
3367,0.3212167904962215,-0.5698775886474605,-0.8910943791436821
3368,0.538077310735714,-0.5829518911668369,-1.1210292019025507
3369,0.15575236267902626,-0.5604593525089989,-0.7162117151880252
3370,-0.3026142219188167,-0.5267682635684692,-0.22415404164965247
3371,0.2432608352471605,-0.5450621985032635,-0.788323033750424
3372,0.5700079692548718,-0.4725722485938309,-1.0425802178487027
3373,0.45808980547185446,-0.5593647210006666,-1.017454526472521
3374,1.1367452099429758,-0.5317457094484908,-1.6684909193914665
3375,0.08739705009674484,-0.5999280920818032,-0.687325142178548
3376,-0.9979337326684664,-0.5539670342754515,0.44396669839301495
3377,0.5956228589510935,-0.4974832474960949,-1.0931061064471883
3378,-0.09301353921874154,-0.4061194300642657,-0.31310589084552415
3379,0.8437791216099039,-0.37877606082520626,-1.2225551824351102
3380,-0.35254171188887673,-0.6459315886095688,-0.29338987672069206
3381,0.5506197999108807,-0.5191640238985076,-1.0697838238093884
3382,0.12041481872446441,-0.6188404796281923,-0.7392552983526568
3383,-0.09717494664114823,-0.6291526503484477,-0.5319777037072995
3384,0.06562207786942612,-0.6911486310584551,-0.7567707089278812
3385,0.18931659341564647,-0.6655478913190009,-0.8548644847346474
3386,0.20756394619566382,-0.42655019904493696,-0.6341141452406007
3387,0.0022146296380357497,-0.49420258523206106,-0.4964172148700968
3388,-0.0444230056387233,-0.3762545059973116,-0.33183150035858827
3389,0.8790840830634808,-0.8365377304635997,-1.7156218135270804
3390,0.6062574111363513,-0.7514734579467193,-1.3577308690830705
3391,0.3159052417259589,-0.7487142968317686,-1.0646195385577275
3392,0.5135402446021362,-0.5615499259179242,-1.0750901705200604
3393,0.4788788931957142,-0.5603167581764624,-1.0391956513721765
3394,0.279692346453002,-0.5087128036316179,-0.7884051500846199
3395,0.2595289332445786,-0.6931673098488724,-0.952696243093451
3396,1.0335736062732213,-0.5291927342627377,-1.5627663405359589
3397,1.0179588271876046,-0.6151567564945226,-1.6331155836821272
3398,0.45354770965949076,-0.6284052615889333,-1.0819529712484242
3399,0.322499312747886,-0.6228092405488972,-0.9453085532967832
3400,-0.33375884794660715,-0.6948908407889063,-0.36113199284229913
3401,0.02921224560977085,-0.6906749082396114,-0.7198871538493823
3402,0.005164833045545568,-0.6949528473559962,-0.7001176804015418
3403,-0.45326177192901984,-0.6386122480525309,-0.18535047612351108
3404,0.6031856097981647,-0.6158076160386897,-1.2189932258368543
3405,0.32535437194458466,-0.5262779058335127,-0.8516322777780974
3406,0.2158624693243997,-0.43776244667920705,-0.6536249160036067
3407,-0.7072375789065197,-0.5493516811148744,0.1578858977916453
3408,0.6436715462980266,-0.6793759296933796,-1.3230474759914062
3409,0.624738647110233,-0.7126495568932039,-1.3373882040034368
3410,0.599978375092961,-0.5500972853482193,-1.1500756604411804
3411,0.5313145462022555,-0.5680009220208003,-1.0993154682230557
3412,0.2670653880174396,-0.4693542388377832,-0.7364196268552228
3413,0.8940189141893504,-0.529013067795713,-1.4230319819850634
3414,0.1484508237735587,-0.6360837587579189,-0.7845345825314776
3415,0.4498679279625188,-0.6150883128803235,-1.0649562408428423
3416,-0.20906816534330122,-0.6968016372785539,-0.48773347193525274
3417,0.021806024549451075,-0.5835634761965571,-0.6053695007460083
3418,-0.07135372184309899,-0.4963837484402787,-0.4250300265971797
3419,0.001577310081229031,-0.4755411081843115,-0.4771184182655405
3420,-7.0376650648681e-4,-0.3980388780993461,-0.39733511159285934
3421,-0.2672376497365502,-0.4298287601123358,-0.1625911103757856
3422,0.016797105342406703,-0.34443789782630446,-0.36123500316871116
3423,-0.08439747908200118,-0.3958496236633333,-0.31145214458133214
3424,-0.18834938640977658,-0.4243492385253591,-0.23599985211558253
3425,0.2463835209964747,-0.505634677100703,-0.7520181980971776
3426,0.4835429878575267,-0.4295857255663133,-0.9131287134238399
3427,0.9901860177238847,-0.41043071418101484,-1.4006167319048997
3428,0.2666100142985754,-0.5749612035579088,-0.8415712178564843
3429,0.23355771779319945,-0.5598141367557219,-0.7933718545489213
3430,0.3509264956281339,-0.5902697286797254,-0.9411962243078593
3431,0.980952433601979,-0.4744101532448135,-1.4553625868467925
3432,0.07631548559289722,-0.6051521312203195,-0.6814676168132168
3433,-0.5124975839130783,-0.6911407747627815,-0.17864319084970315
3434,0.2509538409389499,-0.6982825241229004,-0.9492363650618503
3435,-0.3650031654125929,-0.617736214938946,-0.2527330495263531
3436,-0.03577149498062339,-0.559543271941692,-0.5237717769610686
3437,0.6927106758676143,-0.6182429331151534,-1.3109536089827678
3438,-0.4830929054563954,-0.5135425752351288,-0.030449669778733424
3439,0.3438195255475589,-0.3467570302930366,-0.6905765558405955
3440,0.38920377008061957,-0.5860240148065222,-0.9752277848871418
3441,0.7466631101375426,-0.5799695827104042,-1.3266326928479468
3442,0.4429412621962422,-0.4342268646761753,-0.8771681268724174
3443,0.6038283174950849,-0.5101188872631031,-1.113947204758188
3444,0.8072929098638617,-0.5349794683611453,-1.342272378225007
3445,1.6599436551172206,-0.605125530312364,-2.2650691854295846
3446,0.9480765234501269,-0.697865872010581,-1.645942395460708
3447,0.34704731502643815,-0.43373760531402683,-0.780784920340465
3448,0.7602578329743415,-0.5175569455548764,-1.2778147785292178
3449,0.9567192414866308,-0.4212189501967369,-1.3779381916833677
3450,0.7194043104143084,-0.5073018723781967,-1.2267061827925052
3451,-0.5350957552379172,-0.7323975284830968,-0.1973017732451796
3452,-0.43946444980560634,-0.6570263124812579,-0.21756186267565153
3453,0.07203615913272311,-0.7438325644864258,-0.8158687236191489
3454,-1.0443791742332158,-0.7574141517365562,0.28696502249665956
3455,0.23575426249363687,-0.6948961455455044,-0.9306504080391412
3456,-0.01626340232457588,-0.6560227288793592,-0.6397593265547833
3457,0.7898849277014128,-0.6858030960425953,-1.475688023744008
3458,0.7087816736268109,-0.2694538467733779,-0.9782355204001888
3459,0.5833909419152766,-0.13956550957458483,-0.7229564514898614
3460,0.9262009371779168,-0.3504518611321618,-1.2766527983100786
3461,0.09964117835182418,-0.6509934467054618,-0.750634625057286
3462,-0.048563958713650685,-0.3133172531040588,-0.26475329439040807
3463,0.8547653013626823,-0.4268855157873706,-1.281650817150053
3464,1.1295129820939107,-0.5362513248141937,-1.6657643069081045
3465,1.5594561043812827,-0.5414296307927617,-2.100885735174044
3466,1.2865897246943674,-0.632809511108471,-1.9193992358028384
3467,0.25451573860034965,-0.6813187163800726,-0.9358344549804223
3468,0.5960988995407798,-0.5892532920681578,-1.1853521916089376
3469,0.11806912026864964,-0.5919835710420548,-0.7100526913107045
3470,0.2329302932951805,-0.6035652632039885,-0.836495556499169
3471,0.45684512655422177,-0.5526281478275623,-1.009473274381784
3472,0.9355311377488048,-0.7225104475729887,-1.6580415853217936
3473,0.3579301013668369,-0.3353423625744989,-0.6932724639413358
3474,0.1408581775912097,-0.38232273238349834,-0.523180909974708
3475,1.3101358134012018,-0.36296494509728594,-1.6731007584984878
3476,0.32125628014043733,-0.43230226517041304,-0.7535585453108504
3477,0.44708340216224673,-0.5273104769296936,-0.9743938790919403
3478,0.14535199278343108,-0.4009996155029668,-0.546351608286398
3479,0.04124129297259016,-0.32311078179471764,-0.3643520747673078
3480,0.10564353865994143,-0.7050269278180256,-0.810670466477967
3481,0.4760225271014899,-0.6089179802267147,-1.0849405073282046
3482,0.5294667763028014,-0.5016488455901845,-1.0311156218929858
3483,0.5793502663049398,-0.5405692134446003,-1.11991947974954
3484,0.4248103503523712,-0.05053288650006597,-0.4753432368524372
3485,0.574928785907021,-0.6071242081909779,-1.182052994097999
3486,0.6051069871178076,-0.6426918617961394,-1.247798848913947
3487,0.0814737302277752,-0.6262604167357986,-0.7077341469635737
3488,0.47262763709156874,-0.45746036621566993,-0.9300880033072387
3489,0.47856989265878025,-0.6768830722318135,-1.1554529648905938
3490,-0.27013608382601234,-0.7330303837295503,-0.462894299903538
3491,-0.1915434894738545,-0.4348450733111709,-0.2433015838373164
3492,0.41671148076460474,-0.6741701856366007,-1.0908816664012053
3493,0.3220770930463518,-0.4282743744491729,-0.7503514674955247
3494,1.0049853550113754,-0.3264697047710164,-1.3314550597823918
3495,0.3675191194301142,-0.5656425618682868,-0.9331616812984009
3496,1.1513309664504934,-0.5670026254390705,-1.718333591889564
3497,0.12505403018494357,-0.3763119887783381,-0.5013660189632817
3498,0.14309968075159463,-0.353877684832043,-0.49697736558363764
3499,0.5941209122218745,-0.48813418224745464,-1.0822550944693292
3500,0.16065800146011103,-0.4570348189738598,-0.6176928204339708
3501,0.9467602438172128,-0.6626177283358968,-1.6093779721531096
3502,0.3088410427553849,-0.7074755490453507,-1.0163165918007355
3503,0.737913439707355,-0.43278567224724135,-1.1706991119545964
3504,0.6637179105793239,-0.5382068437924997,-1.2019247543718237
3505,0.7507020076628689,-0.5451584366443828,-1.2958604443072517
3506,0.4487464192661737,-0.628256216161875,-1.0770026354280486
3507,0.3553997596832526,-0.627626273665129,-0.9830260333483816
3508,0.10874757326872425,-0.4896605474443824,-0.5984081207131067
3509,0.9191116859479836,-0.6249736218922582,-1.544085307840242
3510,0.843816622147311,-0.6059587755812104,-1.4497753977285215
3511,0.2150827229365366,-0.38406906566572624,-0.5991517886022628
3512,0.1260177715012486,-0.39719428686283587,-0.5232120583640845
3513,0.15573495188636455,-0.379859714978386,-0.5355946668647505
3514,-0.22964069200244422,-0.5581408090244423,-0.3285001170219981
3515,1.0602434854223,-0.5014115643190553,-1.5616550497413553
3516,1.3363269031121567,-0.40779940080306,-1.7441263039152166
3517,0.2009369627280012,-0.4036764750856598,-0.604613437813661
3518,0.23176134557690867,-0.5439880123984612,-0.7757493579753698
3519,0.6411952899447256,-0.4177031592349297,-1.0588984491796554
3520,0.3144314569237707,-0.39712122377788606,-0.7115526807016568
3521,0.6776816770227281,-0.46902746023663233,-1.1467091372593603
3522,1.1649669745966886,-0.5452201823566842,-1.7101871569533729
3523,0.033620309532980196,-0.5223797932955135,-0.5560001028284938
3524,-0.1856960961139127,-0.5505109795138476,-0.36481488339993495
3525,0.9501476241392268,-0.6290976374513788,-1.5792452615906056
3526,-0.18793570474553997,-0.4266149188529667,-0.23867921410742673
3527,0.6437618570172704,-0.7627018197665595,-1.4064636767838299
3528,0.7367440286774037,-0.6688568024842068,-1.4056008311616104
3529,0.3578549209899035,-0.5638108378036131,-0.9216657587935166
3530,0.6713318323284757,-0.6258672902736123,-1.297199122602088
3531,0.6312632650075435,-0.6983734234318468,-1.3296366884393902
3532,0.9708240027533444,-0.631499059554345,-1.6023230623076894
3533,0.4712475181430578,-0.7300084611325246,-1.2012559792755824
3534,0.28475688323093995,-0.571816824276542,-0.856573707507482
3535,0.3053293864371209,-0.6567936110457004,-0.9621229974828214
3536,0.21429372454490397,-0.5431573680410536,-0.7574510925859577
3537,0.29091601851519516,-0.596868249419029,-0.8877842679342243
3538,0.38501799107351775,-0.7162974193302024,-1.1013154104037202
3539,0.22826659601506663,-0.7657672256113575,-0.9940338216264241
3540,0.2648117584434708,-0.7962618742544605,-1.0610736326979313
3541,0.5882260045203939,-0.7191234694396869,-1.3073494739600808
3542,0.7160584758992005,-0.6748598064746214,-1.3909182823738218
3543,1.2535376732174477,-0.7317712575464432,-1.985308930763891
3544,0.19616306343207418,-0.4183787068076322,-0.6145417702397064
3545,-0.2971351308163462,-0.5434943828542218,-0.24635925203787562
3546,-0.6275042274186641,-0.5351134599506443,0.09239076746801977
3547,0.42345443955437123,-0.5294777605338107,-0.9529322000881819
3548,0.3139741890445903,-0.4870006841138389,-0.8009748731584292
3549,0.1845549564829046,-0.5113306152811438,-0.6958855717640484
3550,0.08155385707694758,-0.6878586532293585,-0.7694125103063061
3551,0.33073167520194346,-0.6771230632404263,-1.0078547384423697
3552,0.4015614295839851,-0.8096604817898132,-1.2112219113737983
3553,0.48937956846618746,-0.7813855759736359,-1.2707651444398234
3554,0.25309542076074626,-0.5717258688119211,-0.8248212895726674
3555,0.1528015160498046,-0.6539254496170145,-0.8067269656668191
3556,1.1062766114162912,-0.856437855649224,-1.9627144670655152
3557,1.3160605105431469,-0.8859767051416506,-2.2020372156847974
3558,-0.03796205104262603,-0.8645889178594459,-0.8266268668168198
3559,-0.06437559535670116,-0.7494141742379923,-0.6850385788812912
3560,0.7977624704503112,-0.6850643418140406,-1.482826812264352
3561,0.622133963777465,-0.6705622684968146,-1.2926962322742797
3562,0.2979939959580318,-0.6700068918198749,-0.9680008877779067
3563,0.9202774127114194,-0.4776409398131496,-1.3979183525245689
3564,0.2514266758643272,-0.4361595139800287,-0.6875861898443559
3565,0.6046410342666613,-0.5602327322438051,-1.1648737665104663
3566,0.5581626674604917,-0.46139483495938144,-1.019557502419873
3567,0.19665070393908893,-0.4895005911898419,-0.6861512951289308
3568,0.5451377649048665,-0.4347107699065308,-0.9798485348113973
3569,0.7591920058405103,-0.47880172811655347,-1.2379937339570637
3570,0.7060676212342178,-0.4573578964165848,-1.1634255176508026
3571,0.750620335689518,-0.48809040385097135,-1.2387107395404895
3572,0.9669440407513287,-0.5347931379817079,-1.5017371787330367
3573,0.8042214178047348,-0.4805369976540303,-1.284758415458765
3574,0.6926703811670445,-0.43326541362544874,-1.1259357947924933
3575,0.24832551253462545,-0.4074880082623917,-0.6558135207970172
3576,-0.10195168203301995,-0.4170381325808435,-0.3150864505478235
3577,0.6877431101457654,-0.4431798799374379,-1.1309229900832034
3578,0.5058933537568989,-0.4053282904256851,-0.911221644182584
3579,0.2951031644656568,-0.5201370085184884,-0.8152401729841452
3580,0.2584244585950165,-0.591413225842707,-0.8498376844377235
3581,0.31155184892739035,-0.44508522784303556,-0.7566370767704259
3582,0.42857957754508663,-0.4629082016893206,-0.8914877792344073
3583,0.5031741698262544,-0.6056183472501145,-1.108792517076369
3584,0.9269316636455407,-0.48569767837786926,-1.41262934202341
3585,0.9513108986458584,-0.5316485878131536,-1.4829594864590119
3586,0.8304868216428788,-0.6227331001041411,-1.4532199217470199
3587,-0.19813775997730154,-0.66031475311337,-0.4621769931360684
3588,0.8985915331400451,-0.5460364823173139,-1.4446280154573592
3589,0.7677656730835242,-0.6452488895482423,-1.4130145626317665
3590,0.6600782515880529,-0.7435949291698318,-1.4036731807578846
3591,0.8764566796444009,-0.5872053571998815,-1.4636620368442825
3592,0.029198976035592548,-0.613020638213506,-0.6422196142490986
3593,0.8764178849332074,-0.5912978356584598,-1.4677157205916673
3594,-0.18467077952670324,-0.5124424634858041,-0.3277716839591009
3595,0.1165807102719138,-0.48109957857373753,-0.5976802888456514
3596,0.3390557828605086,-0.32591981852067936,-0.6649756013811879
3597,0.2725983056595263,-0.508849553813304,-0.7814478594728302
3598,-0.1718568006414662,-0.6440311643318773,-0.47217436369041116
3599,0.04726759235185455,-0.6152998915934133,-0.6625674839452678
3600,0.49927492867417683,-0.5995470895780997,-1.0988220182522765
3601,-0.29782100264550404,-0.584000647415491,-0.2861796447699869
3602,0.22132626278475923,-0.6306171670036202,-0.8519434297883794
3603,0.586387114829614,-0.675601386944104,-1.261988501773718
3604,0.20901503021236165,-0.4297340533667602,-0.6387490835791219
3605,1.6823501216150079,-0.4169950643956495,-2.099345186010657
3606,0.6729585040247857,-0.6151896881025584,-1.288148192127344
3607,0.38948329626905137,-0.5186445891685952,-0.9081278854376467
3608,0.08120588612417443,-0.5712236546035818,-0.6524295407277563
3609,0.13656116005523514,-0.6133746112169087,-0.7499357712721438
3610,1.017300471707929,-0.5692711582220651,-1.5865716299299941
3611,1.02487512968449,-0.6073620323604503,-1.6322371620449403
3612,0.4106456049589797,-0.7495587384722034,-1.1602043434311833
3613,0.40225838970825023,-0.6838028336902079,-1.0860612233984581
3614,0.6480154047165537,-0.6454430139494234,-1.2934584186659772
3615,0.35674142789380836,-0.6856011849684474,-1.0423426128622557
3616,0.05802419059436306,-0.6978345329142552,-0.7558587235086183
3617,0.33892408576167243,-0.5742473231349711,-0.9131714088966435
3618,0.19831127821538344,-0.5021401100836556,-0.700451388299039
3619,0.6135359289617809,-0.355173137197201,-0.9687090661589819
3620,-0.0021302324062686395,-0.30005333024707453,-0.2979230978408059
3621,0.9283999950962416,-0.31645753587208547,-1.2448575309683272
3622,0.5355418455323696,-0.3987585349043874,-0.934300380436757
3623,0.5648334007926963,-0.4082891746469082,-0.9731225754396045
3624,-0.03945723432282994,-0.2378720986940543,-0.19841486437122435
3625,-0.40818284334097543,-0.2621417891164386,0.14604105422453684
3626,-0.1552126424374611,-0.5348714144562146,-0.3796587720187534
3627,-0.3473729260940511,-0.5014963899198893,-0.1541234638258382
3628,1.7764327159023416,-0.33379353843780063,-2.110226254340142
3629,0.5364244922602952,-0.48191527980964316,-1.0183397720699383
3630,0.6848436042711288,-0.48615032504417904,-1.1709939293153078
3631,0.6489825027430978,-0.43519214416720803,-1.0841746469103057
3632,0.47601073899448665,-0.5226933809857927,-0.9987041199802793
3633,0.5457641777212996,-0.546280985554754,-1.0920451632760537
3634,0.5277597990689336,-0.41464149600337935,-0.9424012950723129
3635,0.3121215547510498,-0.5632734824375993,-0.8753950371886492
3636,0.922644948288847,-0.570396369687886,-1.493041317976733
3637,0.9625606607009285,-0.781003932125508,-1.7435645928264365
3638,0.21583447144404103,-0.7402694503621003,-0.9561039218061413
3639,0.917971178716437,-0.5936052255613009,-1.5115764042777378
3640,0.6871744088897195,-0.48138641052278036,-1.1685608194125
3641,-0.335345974540153,-0.4932176817042096,-0.15787170716405657
3642,0.1861252540053642,-0.5311824435382839,-0.7173076975436481
3643,0.5499668224745232,-0.42755836350789456,-0.9775251859824178
3644,0.4425732608807345,-0.45195097101746684,-0.8945242318982014
3645,0.3651488711871042,-0.4796459851252109,-0.8447948563123151
3646,0.5762347822092385,-0.4136887160555755,-0.989923498264814
3647,0.38333457788651176,-0.5971505814592771,-0.9804851593457888
3648,0.6667981822986615,-0.4915743690916854,-1.158372551390347
3649,-0.37602452679522635,-0.4593267944003756,-0.08330226760514925
3650,0.3025321695960347,-0.47762357720508114,-0.7801557468011158
3651,0.22774836661970388,-0.5135774102904115,-0.7413257769101154
3652,0.17056011384106082,-0.594824932720451,-0.7653850465615119
3653,0.22614199816862837,-0.43675470507078745,-0.6628967032394159
3654,0.564964942316484,-0.524148029938645,-1.089112972255129
3655,0.5571144213143611,-0.39681708481108763,-0.9539315061254487
3656,0.25301892367537265,-0.3711837277974722,-0.6242026514728449
3657,0.5488692539371849,-0.4719399326747581,-1.020809186611943
3658,-0.27602194973622907,-0.42183053790160363,-0.14580858816537456
3659,0.8140502055655965,-0.34105091993359826,-1.1551011254991947
3660,0.574731987896104,-0.5685244979580788,-1.1432564858541827
3661,0.633175786046178,-0.41297533009652704,-1.046151116142705
3662,0.15153953917862759,-0.4795907148301965,-0.631130254008824
3663,0.24784464175526547,-0.5265344712340246,-0.7743791129892901
3664,-0.26169457670177654,-0.6050954210689378,-0.34340084436716123
3665,0.1823653963350495,-0.5288757787664103,-0.7112411751014598
3666,0.03993008236334023,-0.5686324943675051,-0.6085625767308454
3667,0.2432311395961511,-0.719312494874928,-0.9625436344710792
3668,0.03696221026007144,-0.5987897606957602,-0.6357519709558316
3669,0.8242023690271719,-0.5320823767386713,-1.3562847457658433
3670,0.6898946700414441,-0.3178764153697383,-1.0077710854111825
3671,0.2435368714272788,-0.37952100767682034,-0.6230578791040992
3672,0.7883481941078866,-0.45490755571765606,-1.2432557498255425
3673,1.0111900338523847,-0.41165750822328934,-1.422847542075674
3674,0.8631461336186151,-0.42381993776894694,-1.2869660713875621
3675,0.7487231282150839,-0.5217127122175097,-1.2704358404325937
3676,1.0133907381576717,-0.5242389165952049,-1.5376296547528767
3677,0.6958233382584171,-0.5861045298022584,-1.2819278680606754
3678,0.5545966243220879,-0.6675819128765434,-1.2221785371986313
3679,-0.03268977627289833,-0.6156426899518792,-0.5829529136789808
3680,0.12715541423154372,-0.5769586256779763,-0.70411403990952
3681,0.43331677597751084,-0.5952760192454127,-1.0285927952229237
3682,0.07967870973443962,-0.5785727613188452,-0.6582514710532847
3683,1.1438340003373113,-0.41964540704240394,-1.5634794073797154
3684,1.2858461051094265,-0.39913758297662355,-1.68498368808605
3685,0.9118445959655725,-0.5477528905458746,-1.4595974865114472
3686,0.8826931350384408,-0.4642065441017115,-1.3468996791401524
3687,0.938157821625408,-0.40220875939101247,-1.3403665810164205
3688,0.934525314363428,-0.6195868254921051,-1.554112139855533
3689,0.44254905150449464,-0.27449932478623623,-0.7170483762907309
3690,0.36865762136458047,-0.3600557318803862,-0.7287133532449667
3691,0.6774554999100115,-0.3267780371634138,-1.0042335370734254
3692,1.179760951394412,-0.4597433434248145,-1.6395042948192264
3693,2.6912361909351654,-0.526983098249888,-3.218219289185053
3694,0.7927313542410881,-0.5905174689227335,-1.3832488231638216
3695,0.45647954651167794,-0.444851670505157,-0.9013312170168349
3696,0.647230876891651,-0.4209556970901333,-1.0681865739817844
3697,0.31508322510661463,-0.41285332540355796,-0.7279365505101726
3698,1.3845524062001284,-0.46174075143064447,-1.8462931576307728
3699,0.27228099717972193,-0.5536926463009932,-0.8259736434807152
3700,0.2022320159372129,-0.5608466707323835,-0.7630786866695964
3701,0.21646350605228823,-0.621637944797559,-0.8381014508498472
3702,-0.01866451191789023,-0.4075480893688581,-0.3888835774509679
3703,0.0931098901054788,-0.3849974720766519,-0.4781073621821307
3704,-0.16065879343811548,-0.42331119601438566,-0.2626524025762702
3705,-0.009052803431512898,-0.379122299443004,-0.37006949601149114
3706,0.050614469064841745,-0.4600518441464542,-0.510666313211296
3707,0.724530264152212,-0.47507449177423555,-1.1996047559264476
3708,0.3287077623505243,-0.5609623016650613,-0.8896700640155857
3709,0.8119077437976521,-0.5660002743776479,-1.3779080181753
3710,0.4697970086095282,-0.5397959135533371,-1.0095929221628652
3711,0.0014586904361961564,-0.6512811764447177,-0.6527398668809139
3712,0.25808446169807714,-0.579297238342293,-0.83738170004037
3713,-0.0010880814837702182,-0.761477733135672,-0.7603896516519018
3714,0.1964586182725131,-0.631458410535996,-0.8279170288085091
3715,0.3403504842253225,-0.8490412032393229,-1.1893916874646453
3716,0.46335924429000425,-0.7910604726069863,-1.2544197168969906
3717,0.3438969684043413,-0.884075502485236,-1.2279724708895774
3718,0.3903623970990325,-0.7931190228778946,-1.183481419976927
3719,0.12970829672439801,-0.48135147648244986,-0.6110597732068479
3720,-0.3099687160680224,-0.5165589548615133,-0.20659023879349087
3721,-0.2714021458559537,-0.3356014797045311,-0.0641993338485774
3722,0.5735066981412816,-0.6086914638958743,-1.1821981620371558
3723,0.8531256170467628,-0.5472583722427246,-1.4003839892894874
3724,0.8511019533254814,-0.5953287040185282,-1.4464306573440098
3725,0.4760446006648075,-0.7422587034968133,-1.218303304161621
3726,0.44434435837277086,-0.7069405204087743,-1.1512848787815453
3727,-0.5004912825178243,-0.6191275064629619,-0.11863622394513762
3728,0.4415370223762863,-0.6099319526955236,-1.0514689750718098
3729,0.25670435028999855,-0.5447463102463713,-0.8014506605363698
3730,0.5951024567392431,-0.6197976812575929,-1.214900137996836
3731,0.9907630676824665,-0.5412641076388454,-1.532027175321312
3732,0.8543936359418187,-0.6018312887705664,-1.456224924712385
3733,0.7708525111954039,-0.6717284661451773,-1.4425809773405813
3734,0.16483841552583425,-0.5494336449088535,-0.7142720604346877
3735,0.3593939234816058,-0.6532513142210198,-1.0126452377026256
3736,0.49353935015847267,-0.6728502635650633,-1.166389613723536
3737,0.36079899396590764,-0.6189354113945328,-0.9797344053604404
3738,0.48569169231983034,-0.6077817118232549,-1.0934734041430851
3739,0.4715870752333323,-0.624839581817635,-1.0964266570509673
3740,0.348136468870461,-0.564533254547849,-0.91266972341831
3741,0.4772821434255456,-0.6883877867964674,-1.165669930222013
3742,0.3258881099307475,-0.3777831965360874,-0.703671306466835
3743,0.45614146410268497,-0.4708835952767844,-0.9270250593794693
3744,1.5613127289981819,-0.626523748583209,-2.1878364775813908
3745,0.21425591040989356,-0.5919343720431709,-0.8061902824530645
3746,0.27571068935633825,-0.5799294100761889,-0.8556400994325272
3747,0.27830728729982357,-0.5144689898238585,-0.792776277123682
3748,0.6071680970612403,-0.5868463828736571,-1.1940144799348973
3749,0.3514792569848712,-0.6439239340812201,-0.9954031910660912
3750,0.7690980048961998,-0.6156337263013956,-1.3847317311975953
3751,0.02313372849350927,-0.5819262433175119,-0.6050599718110211
3752,0.25984693651464524,-0.58030722651181,-0.8401541630264553
3753,0.16934419740098228,-0.7095873817504574,-0.8789315791514397
3754,0.4448018061846123,-0.5080424979528846,-0.9528443041374969
3755,0.025654258793670004,-0.37907626967813374,-0.40473052847180374
3756,1.067613426345986,-0.5705284220861346,-1.6381418484321206
3757,0.9300974868317461,-0.4983433085083488,-1.4284407953400948
3758,1.1844797921559262,-0.39587967785129474,-1.580359470007221
3759,0.9424960511389631,-0.45421479086082706,-1.39671084199979
3760,0.9458824967153037,-0.4771949334104934,-1.4230774301257971
3761,0.4376538347505252,-0.51749011504578,-0.9551439497963052
3762,0.4821614461977178,-0.4902182022417211,-0.9723796484394389
3763,0.7999916134421335,-0.49824776691434125,-1.298239380356475
3764,0.8816471861832518,-0.4783732238621868,-1.3600204100454385
3765,1.8283728126841063,-0.5369391673794144,-2.3653119800635207
3766,1.8414642277719095,-0.564457500873864,-2.4059217286457737
3767,2.462699464062975,-0.6486198801553665,-3.1113193442183413
3768,1.12716438930059,-0.5752240453566282,-1.7023884346572182
3769,0.18614860464617516,-0.5657838832605026,-0.7519324879066778
3770,0.27143693742673697,-0.6053877179163969,-0.8768246553431338
3771,0.19778093466300523,-0.5363091417448986,-0.7340900764079039
3772,0.909161092185421,-0.47836426381781355,-1.3875253560032346
3773,1.2449242524535031,-0.5827425973037619,-1.827666849757265
3774,0.8530835831607522,-0.5487712145024671,-1.4018547976632192
3775,0.43627179569242536,-0.566671716705226,-1.0029435123976513
3776,0.6390459440727921,-0.46787050183059836,-1.1069164459033904
3777,1.035788920190572,-0.4451359604138504,-1.4809248806044222
3778,0.24133002152934188,-0.5319312473799649,-0.7732612689093068
3779,0.5506501433159472,-0.42358400387244227,-0.9742341471883895
3780,0.2747143081246454,-0.43094443035862423,-0.7056587384832697
3781,0.15546828395492604,-0.5333749975743656,-0.6888432815292916
3782,0.3193934326192933,-0.4969420358083939,-0.8163354684276872
3783,-0.039721005157271574,-0.4239071739505788,-0.38418616879330725
3784,1.1169792955134044,-0.41888009533460635,-1.5358593908480107
3785,0.7018497605412397,-0.46064034930035436,-1.162490109841594
3786,0.13544689240344016,-0.4679094086244153,-0.6033563010278555
3787,-0.15870025934325804,-0.40752853296177005,-0.248828273618512
3788,-0.2850584821405926,-0.2743386643575051,0.010719817783087504
3789,0.3174510973175852,-0.43309352911459964,-0.7505446264321849
3790,0.540859215247149,-0.4237421390069392,-0.9646013542540881
3791,0.11331612235956336,-0.5289013784482447,-0.642217500807808
3792,-0.29823199902408415,-0.5273638104203964,-0.22913181139631222
3793,0.43270720952775477,-0.5661408900060757,-0.9988480995338305
3794,0.0968432412706615,-0.4771982665694082,-0.5740415078400697
3795,-0.08017527578476986,-0.6016839848866439,-0.521508709101874
3796,-0.0010518728953246709,-0.6047302870027687,-0.6036784141074439
3797,1.073369022150007,-0.6454683769891587,-1.7188373991391657
3798,1.313550762335967,-0.6617452974390066,-1.9752960597749736
3799,1.378389465847422,-0.5527670185955105,-1.9311564844429325
3800,1.1832716018883815,-0.5442396252620667,-1.7275112271504482
3801,0.16682790362711722,-0.45825190900475177,-0.625079812631869
3802,1.0088364129226,-0.407016370724697,-1.415852783647297
3803,1.0018697118045576,-0.4276148900844129,-1.4294846018889706
3804,0.554390701191561,-0.5252004299673174,-1.0795911311588784
3805,0.08823026018343844,-0.6215000695474603,-0.7097303297308988
3806,0.5049535081790852,-0.524704417164147,-1.029657925343232
3807,0.5529137876145754,-0.498823583024307,-1.0517373706388824
3808,0.718242611076439,-0.6464868717142417,-1.3647294827906808
3809,0.29178991252986924,-0.6855519736987439,-0.9773418862286132
3810,0.41911983361020666,-0.7117910293163977,-1.1309108629266045
3811,0.6102731925619767,-0.6418778205528468,-1.2521510131148235
3812,0.7748419961629982,-0.5423774960997318,-1.31721949226273
3813,-0.2702440451474963,-0.7050977604100469,-0.4348537152625506
3814,0.6826540834804598,-0.5215558012073479,-1.2042098846878075
3815,0.7645127796854123,-0.6378772565995245,-1.4023900362849369
3816,0.36476833753021476,-0.491214496424221,-0.8559828339544358
3817,0.7192891162513689,-0.5105335411944802,-1.2298226574458493
3818,0.1587238080338123,-0.5176809839565705,-0.6764047919903828
3819,-0.016529882538509587,-0.6052363439766562,-0.5887064614381465
3820,0.418482997440447,-0.4074883733378894,-0.8259713707783364
3821,0.6816457175192498,-0.5261811776304463,-1.207826895149696
3822,0.5908497441794427,-0.6258864936629451,-1.2167362378423878
3823,-0.047234920585376275,-0.5055508494307713,-0.45831592884539507
3824,0.3152534238305628,-0.46432191190190214,-0.779575335732465
3825,0.3648733165854766,-0.640720126948388,-1.0055934435338645
3826,0.3018859002696383,-0.5269776523789697,-0.8288635526486079
3827,0.3582607422306799,-0.7009012524255066,-1.0591619946561865
3828,0.36917769905914455,-0.4002689549137143,-0.7694466539728588
3829,0.5083549172813535,-0.48139615487379445,-0.9897510721551479
3830,0.18964122288645308,-0.338729394851583,-0.5283706177380361
3831,0.9779985498585066,-0.40520086150797674,-1.3831994113664834
3832,0.9755733049589369,-0.5109881681399072,-1.4865614730988441
3833,0.22046815181958415,-0.45137949646197306,-0.6718476482815572
3834,0.6312367552182097,-0.6858304823228255,-1.317067237541035
3835,0.48435969794972583,-0.6096589122614586,-1.0940186102111844
3836,-0.02816967238463704,-0.4627820490807086,-0.43461237669607156
3837,0.7182965284610318,-0.8736592267746378,-1.5919557552356696
3838,0.5098032184582535,-0.6360911800051318,-1.1458943984633851
3839,0.14972367755165333,-0.4702588419732301,-0.6199825195248834
3840,0.416796166697199,-0.4859486028924148,-0.9027447695896138
3841,0.20573555752568884,-0.30129327273959805,-0.5070288302652869
3842,0.07703428588721745,-0.6047625715672235,-0.6817968574544409
3843,-0.23383830896251437,-0.46356246858690253,-0.22972415962438816
3844,0.20558198682421824,-0.6686193922017815,-0.8742013790259997
3845,0.36879252103780147,-0.49341911981251513,-0.8622116408503167
3846,0.05213715522233027,-0.2997990935977739,-0.35193624882010416
3847,0.2868798526988256,-0.3782801202374646,-0.6651599729362903
3848,0.4215373311392945,-0.37999965142015285,-0.8015369825594474
3849,-0.007482180192024734,-0.4252363674240014,-0.41775418723197666
3850,1.1402308591869403,-0.659924283488297,-1.8001551426752374
3851,1.4542943473891043,-0.6800434198685418,-2.1343377672576462
3852,0.26932135681186,-0.7441339638283829,-1.0134553206402428
3853,0.7569522229410192,-0.7433611642709714,-1.5003133872119907
3854,0.6151885680169598,-0.6343291665183881,-1.2495177345353479
3855,0.975945020258629,-0.4909721921689926,-1.4669172124276215
3856,1.008720010613762,-0.5467417220563545,-1.5554617326701163
3857,0.5275910402310421,-0.508024386841296,-1.0356154270723381
3858,0.34160237670258453,-0.5745201875957939,-0.9161225642983785
3859,0.09301744169013791,-0.4007262072010428,-0.4937436488911807
3860,-0.3192110162289593,-0.4738740851921535,-0.1546630689631942
3861,0.014978465917285794,-0.33513574969596344,-0.35011421561324924
3862,0.5439707741737494,-0.35503565167067297,-0.8990064258444224
3863,0.4060245983685039,-0.5224500485792094,-0.9284746469477133
3864,0.38964359878719385,-0.5065261236652908,-0.8961697224524847
3865,0.5725680798121486,-0.47916454721590535,-1.051732627028054
3866,-0.21608888924222222,-0.5313506571794046,-0.3152617679371823
3867,0.021127226465335297,-0.4929583721508688,-0.5140855986162041
3868,0.2532071350984763,-0.4326078981655382,-0.6858150332640145
3869,0.25869833335694187,-0.4373254654042191,-0.696023798761161
3870,0.7893381640233814,-0.4709592095073828,-1.260297373530764
3871,1.5573688105750338,-0.4196316608747263,-1.9770004714497602
3872,0.222478731469334,-0.5460907758603294,-0.7685695073296634
3873,0.5308900827737789,-0.5604695437957811,-1.09135962656956
3874,0.6489769301448817,-0.6868625718602649,-1.3358395020051466
3875,0.24626807532468822,-0.7167717854878989,-0.9630398608125871
3876,0.5420822802089128,-0.6895727612210332,-1.231655041429946
3877,0.6096627531181181,-0.691604121058555,-1.301266874176673
3878,0.5113239946170047,-0.6286989968166157,-1.1400229914336204
3879,-0.2796991583876617,-0.42341383127744664,-0.14371467288978496
3880,0.533231992727824,-0.5384278775820873,-1.0716598703099112
3881,0.34626723349631555,-0.6240623447400253,-0.9703295782363408
3882,0.9372301209602691,-0.49757811891393383,-1.434808239874203
3883,1.1821497397610745,-0.5357075624979948,-1.7178573022590693
3884,-0.013547186915774204,-0.3932157961117495,-0.3796686091959753
3885,0.18891759058638782,-0.3830360064967203,-0.5719535970831081
3886,0.19419694614566954,-0.41105796482181556,-0.6052549109674851
3887,0.9663822862720632,-0.41505107713468914,-1.3814333634067524
3888,0.9872316902793907,-0.4695334613825623,-1.456765151661953
3889,0.5774244540541947,-0.4298537599593788,-1.0072782140135734
3890,0.6782083678882429,-0.49224605451266934,-1.1704544224009124
3891,0.6751052672005472,-0.5111517240908812,-1.1862569912914283
3892,0.7593297157987576,-0.4172844803836213,-1.176614196182379
3893,0.06476183014110891,-0.4894572957166275,-0.5542191258577364
3894,0.5848388100056211,-0.35126405956633316,-0.9361028695719542
3895,0.5591749868538014,-0.38679041085987653,-0.9459653977136779
3896,0.5301123414529435,-0.37759121923627925,-0.9077035606892228
3897,0.6330855525898069,-0.5270101850776617,-1.1600957376674685
3898,0.25848933449381134,-0.49624975694826334,-0.7547390914420746
3899,0.1040073805779246,-0.46115852344880287,-0.5651659040267275
3900,1.0329608537260462,-0.3521301310494883,-1.3850909847755344
3901,0.9120753585849755,-0.29208035422093587,-1.2041557128059113
3902,0.2427956464821871,-0.5014167110378615,-0.7442123575200486
3903,0.030043111985530176,-0.6161918430594168,-0.646234955044947
3904,0.4957705003292806,-0.6358115617342807,-1.1315820620635613
3905,0.24976861465658676,-0.5422038070744303,-0.791972421731017
3906,0.3785359742195208,-0.5359080193023961,-0.9144439935219169
3907,0.11106795947290563,-0.5262690512018972,-0.6373370106748028
3908,0.3183111219820827,-0.5204348456357571,-0.8387459676178399
3909,0.18198999805213353,-0.44210154280624775,-0.6240915408583813
3910,0.19178170879038206,-0.39280554353696256,-0.5845872523273447
3911,0.6189814677433226,-0.6340308669520849,-1.2530123346954074
3912,0.4850350181373669,-0.47901898160068523,-0.9640539997380522
3913,0.9503515274729354,-0.4142591790538881,-1.3646107065268236
3914,0.25755982707559466,-0.48652094812881186,-0.7440807752044065
3915,0.5732355160487541,-0.5209143591789063,-1.0941498752276604
3916,0.3646315094771231,-0.667232215798437,-1.03186372527556
3917,0.22036170430205212,-0.6639137761173393,-0.8842754804193914
3918,1.2467365460502107,-0.3738572738380604,-1.620593819888271
3919,-0.017280022864270626,-0.5016861232789432,-0.48440610041467264
3920,0.18990989004360623,-0.5422716081835609,-0.7321814982271672
3921,0.44439608472211195,-0.5696416171446371,-1.014037701866749
3922,1.6657279625755967,-0.5429370835466006,-2.2086650461221975
3923,0.14609392125780493,-0.54531763315582,-0.691411554413625
3924,0.9475359709683354,-0.7157805930966809,-1.6633165640650163
3925,0.773881523643404,-0.7445321456726404,-1.5184136693160444
3926,0.8980332448408117,-0.7289888483382037,-1.6270220931790154
3927,0.27283730982227344,-0.6616978742789603,-0.9345351841012337
3928,0.11617678817075715,-0.7187777581145657,-0.8349545462853228
3929,0.9706366622874676,-0.6494292733198749,-1.6200659356073426
3930,0.471721134293612,-0.854381474699,-1.326102608992612
3931,0.25292981469933856,-0.7141485886282197,-0.9670784033275583
3932,0.753766042480881,-0.5493677110146643,-1.3031337534955454
3933,-0.2116761012057104,-0.6036283438986065,-0.39195224269289614
3934,1.5667815078864942,-0.5043308975626085,-2.0711124054491026
3935,-0.35561370103250217,-0.6571102432362591,-0.30149654220375693
3936,-0.30328354933408186,-0.5928102309387624,-0.28952668160468054
3937,0.08298129467383256,-0.5348867359858811,-0.6178680306597136
3938,0.40638615464968936,-0.5127736331344268,-0.9191597877841162
3939,0.5863394362414878,-0.5127198980441932,-1.099059334285681
3940,-0.34113119245922485,-0.42704411012175864,-0.08591291766253378
3941,-0.030949838456437322,-0.5200672956675186,-0.4891174572110813
3942,0.4702960383783671,-0.6184651926191883,-1.0887612309975554
3943,-0.4258808298650266,-0.5482770401313198,-0.12239621026629321
3944,-0.10766470547774921,-0.5034618203874666,-0.39579711490971736
3945,0.6544477041334924,-0.5887442579515395,-1.243191962085032
3946,0.6957786061931943,-0.7579636530454503,-1.4537422592386446
3947,0.5886640729815231,-0.5128764873727107,-1.1015405603542339
3948,1.065717010375117,-0.4646162158155566,-1.5303332261906737
3949,0.6149946618479049,-0.563210690197729,-1.1782053520456337
3950,0.5879103948064075,-0.5806524836227429,-1.1685628784291504
3951,0.24816360053814424,-0.36127409603925775,-0.609437696577402
3952,0.3060075924252458,-0.5548776775559796,-0.8608852699812254
3953,0.28144863857538877,-0.548960695215585,-0.8304093337909737
3954,0.1815247900894629,-0.5002923734739527,-0.6818171635634156
3955,0.8219815097965112,-0.5834769830926274,-1.4054584928891387
3956,0.3808888899543679,-0.713852804899398,-1.0947416948537658
3957,-0.2604459287727846,-0.5127278366595569,-0.2522819078867723
3958,0.7586506162815287,-0.5222382486967599,-1.2808888649782886
3959,0.22415865016955638,-0.5815867960151717,-0.8057454461847281
3960,0.5497519345509767,-0.5626636415403684,-1.1124155760913452
3961,-0.10373351051731403,-0.39140467476221136,-0.28767116424489736
3962,0.7342064301069688,-0.23257562178329597,-0.9667820518902648
3963,0.31625895616534744,-0.5628762300111896,-0.8791351861765371
3964,0.4576734786900226,-0.606764684292681,-1.0644381629827038
3965,0.6110591544977576,-0.4635510384960341,-1.0746101929937917
3966,0.6562446625325442,-0.3926978663882636,-1.0489425289208079
3967,0.4335302038861491,-0.6602920817233294,-1.0938222856094786
3968,1.0355241691498405,-0.597502905710677,-1.6330270748605176
3969,1.3104056901827426,-0.7226811878069355,-2.0330868779896782
3970,1.1304378069532437,-0.655398065203209,-1.7858358721564527
3971,0.396291860055677,-0.6856076192096356,-1.0818994792653127
3972,0.42948331664139233,-0.8050359853052867,-1.2345193019466791
3973,0.781104501250424,-0.6899955912710877,-1.4711000925215116
3974,0.5093941457364874,-0.7838625330885961,-1.2932566788250837
3975,1.0011491775950687,-0.692786053637244,-1.6939352312323126
3976,0.07662278177918577,-0.6793440048524761,-0.755966786631662
3977,0.7010422348988109,-0.723885322960046,-1.424927557858857
3978,0.8246478645179206,-0.7293131371125975,-1.553961001630518
3979,0.5068079406454281,-0.7740426218145062,-1.2808505624599342
3980,0.532546047034056,-0.6008608471921728,-1.1334068942262288
3981,0.6717973882118218,-0.6524142011240731,-1.3242115893358948
3982,0.6767175937591133,-0.7003602629882487,-1.377077856747362
3983,0.5931884374125979,-0.7464984223945127,-1.3396868598071106
3984,0.985134235665295,-0.6457011729137571,-1.6308354085790522
3985,1.0091009997997622,-0.6142328859623307,-1.623333885762093
3986,0.2523210625714744,-0.5625827881444198,-0.8149038507158941
3987,0.4193968728779085,-0.4645584937889737,-0.8839553666668822
3988,0.3995474736196699,-0.39452181201003367,-0.7940692856297036
3989,0.4184735079666181,-0.4239445972559806,-0.8424181052225987
3990,1.0499144954120956,-0.529228017911885,-1.5791425133239807
3991,0.4294234645064111,-0.466086323853951,-0.8955097883603621
3992,-0.10246164583943061,-0.5360166016058799,-0.4335549557664493
3993,0.36434274173889086,-0.596127107821705,-0.9604698495605959
3994,0.4938095303287841,-0.7300990069199575,-1.2239085372487417
3995,0.44752737443296026,-0.5701004919958245,-1.0176278664287848
3996,-0.13966432713418758,-0.5354483381448109,-0.39578401101062327
3997,-0.028014141118282737,-0.3977111598717083,-0.36969701875342553
3998,0.5344843602393358,-0.49390708457557797,-1.0283914448149138
3999,0.5377036258616287,-0.49094437007086833,-1.028647995932497
4000,0.09556656863384445,-0.4949062772299945,-0.590472845863839
4001,0.03679165270133271,-0.43696106693671316,-0.4737527196380459
4002,0.7075979629272706,-0.6667272910809865,-1.3743252540082571
4003,0.20561372312979778,-0.5283339274443466,-0.7339476505741444
4004,0.6534467079124305,-0.48873086043248987,-1.1421775683449205
4005,0.32687120130026903,-0.49090577752499176,-0.8177769788252608
4006,0.3371906586449994,-0.5733009885849832,-0.9104916472299827
4007,-0.15603895315884536,-0.5301146635203803,-0.3740757103615349
4008,0.3147218820566796,-0.6039652020187081,-0.9186870840753877
4009,0.888446205507459,-0.4072003657098362,-1.2956465712172953
4010,0.4154558286605362,-0.42871389705437773,-0.8441697257149139
4011,0.22834698509515064,-0.44579171461941774,-0.6741386997145684
4012,1.2155241829745782,-0.34430845826939277,-1.559832641243971
4013,0.5070660106051083,-0.6268715138522721,-1.1339375244573804
4014,0.9833172610410809,-0.34241290092079607,-1.3257301619618769
4015,0.45607601568870626,-0.3919563660476136,-0.8480323817363198
4016,0.7231553922133666,-0.656247372543041,-1.3794027647564076
4017,0.8482889161036201,-0.5623467069276397,-1.4106356230312598
4018,0.6590368540549023,-0.4202859079038059,-1.0793227619587082
4019,0.28012635660622653,-0.4155587510111203,-0.6956851076173468
4020,0.7228827829821701,-0.5473638621752095,-1.2702466451573797
4021,0.908838766800904,-0.5109279668162339,-1.4197667336171378
4022,0.4032659654633646,-0.3493195973819557,-0.7525855628453203
4023,0.9362887382642433,-0.4987196992915458,-1.4350084375557892
4024,0.36445836078005495,-0.5338853097296187,-0.8983436705096737
4025,0.3356420116509121,-0.5050129905067564,-0.8406550021576685
4026,0.4146384014388662,-0.4889659581945582,-0.9036043596334244
4027,0.562654161074812,-0.6121638848306505,-1.1748180459054627
4028,0.40875795758366484,-0.5570737537524667,-0.9658317113361315
4029,0.6929420840488814,-0.44357594975257086,-1.1365180338014522
4030,0.9170311740546658,-0.4933387828393142,-1.41036995689398
4031,0.08580777333801594,-0.5676485019833396,-0.6534562753213555
4032,0.6174201166094183,-0.2754317264100682,-0.8928518430194865
4033,0.6395830773107539,-0.8272231398864214,-1.4668062171971754
4034,0.6392758073013313,-0.5899439663928334,-1.2292197736941648
4035,0.8853171301612922,-0.6788454839380916,-1.5641626140993838
4036,0.8995417721529781,-0.6677191925686141,-1.5672609647215923
4037,0.5733770471764015,-0.4367492843097571,-1.0101263314861586
4038,0.32443033422368034,-0.4389124775681248,-0.7633428117918051
4039,0.34579402780668417,-0.46961798683741335,-0.8154120146440975
4040,1.1722940843294094,-0.5065932343312113,-1.6788873186606206
4041,0.18951883990720583,-0.3362891222384669,-0.5258079621456727
4042,0.3947547083784757,-0.4635326565422616,-0.8582873649207373
4043,-0.05246828895723662,-0.4551312621977766,-0.40266297324054
4044,0.901627557798834,-0.2783510272034618,-1.1799785850022957
4045,1.7843587952510238,-0.43175797014167544,-2.2161167653926994
4046,0.26869472077462897,-0.5291591700255833,-0.7978538908002123
4047,0.6638854291249282,-0.5012127049462924,-1.1650981340712208
4048,0.6562518816583464,-0.5513919099212742,-1.2076437915796205
4049,1.2550836941972097,-0.3917652300650206,-1.6468489242622302
4050,0.7587349061419721,-0.4519081693875959,-1.210643075529568
4051,-0.155847796908425,-0.6293765474642377,-0.47352875055581267
4052,0.020278104823582856,-0.47881247379477426,-0.4990905786183571
4053,0.08791632884525652,-0.40503598697534815,-0.49295231582060467
4054,0.971172927350127,-0.44363196594783605,-1.4148048932979629
4055,-0.200914494925739,-0.552632262721973,-0.351717767796234
4056,0.6545201777856859,-0.26552342627149156,-0.9200436040571776
4057,1.4204198115588036,-0.4239956582086553,-1.8444154697674588
4058,0.3125538929067854,-0.4175132716997068,-0.7300671646064922
4059,0.398462704085356,-0.412912511000059,-0.811375215085415
4060,0.7290516936536329,-0.37429667662580646,-1.1033483702794393
4061,0.24617501561042596,-0.3647544547579977,-0.6109294703684237
4062,0.5975790187872893,-0.5281674614904065,-1.1257464802776957
4063,0.027191175187113586,-0.5640454404065698,-0.5912366155936833
4064,-0.12541868774041015,-0.4223141473792303,-0.29689545963882014
4065,0.2949464095056822,-0.44039643792556465,-0.7353428474312469
4066,-0.010973564145828674,-0.5307008799787467,-0.5197273158329181
4067,0.8142972553149064,-0.6185349811515044,-1.4328322364664108
4068,0.9207425028314621,-0.44662906435679073,-1.3673715671882527
4069,0.7967995434096631,-0.50386122986572,-1.300660773275383
4070,0.300562919254738,-0.27938976894308737,-0.5799526881978254
4071,0.5664260975250924,-0.26476489394130265,-0.8311909914663951
4072,0.36647308906668824,-0.3785533293392112,-0.7450264184058994
4073,0.5208349382424347,-0.39848167725643424,-0.9193166154988689
4074,0.20991231122205695,-0.5271182629515917,-0.7370305741736487
4075,-0.18603216720993548,-0.34738489034605524,-0.16135272313611976
4076,1.3259164115410027,-0.4538125202902579,-1.7797289318312606
4077,0.10021332227104938,-0.45746454083308324,-0.5576778631041326
4078,0.05794328330914372,-0.3018236760492336,-0.3597669593583773
4079,0.70805187854027,-0.4342405755295166,-1.1422924540697865
4080,0.2904130147988055,-0.4679122443574015,-0.758325259156207
4081,0.5229466944798379,-0.5167684260622855,-1.0397151205421233
4082,0.7449612715863795,-0.5472427457614476,-1.292204017347827
4083,0.8189768631530269,-0.3871977594319273,-1.2061746225849541
4084,0.38845666137091284,-0.4870256578002004,-0.8754823191711132
4085,0.7054395751854667,-0.5545197079788612,-1.2599592831643278
4086,0.5406483070276905,-0.5401522852220391,-1.0808005922497297
4087,0.3524960183174967,-0.4877538826225458,-0.8402499009400426
4088,0.5248761417291277,-0.5039278377306309,-1.0288039794597585
4089,0.7616660932003086,-0.46995969728734843,-1.231625790487657
4090,-0.01215552160849547,-0.5076714176608697,-0.49551589605237417
4091,1.073480893829998,-0.42710022263975406,-1.500581116469752
4092,-0.06600164201535876,-0.6211539076560637,-0.555152265640705
4093,0.416029452480726,-0.549495543510053,-0.965524995990779
4094,1.2240159093493979,-0.5675078978841184,-1.7915238072335162
4095,0.00958296935557811,-0.7894222089925516,-0.7990051783481297
4096,1.334973132815654,-0.3709557007896878,-1.7059288336053418
4097,0.11306063271108355,-0.41733160893856086,-0.5303922416496444
4098,-0.09155166425676814,-0.43242763644480525,-0.3408759721880371
4099,-0.04121902464433435,-0.5506033327176924,-0.509384308073358
4100,0.45314251325095506,-0.6829190410197987,-1.1360615542707537
4101,0.6288333557883676,-0.7087611183552948,-1.3375944741436623
4102,0.14007399009254223,-0.5698585848192228,-0.7099325749117651
4103,1.032272374612768,-0.5203992314122813,-1.5526716060250494
4104,0.22887278070474965,-0.44799174932129093,-0.6768645300260405
4105,0.10145876982505768,-0.584758655653886,-0.6862174254789436
4106,0.550816290588565,-0.6838370166849121,-1.234653307273477
4107,-0.05982065862785147,-0.6975063119640122,-0.6376856533361608
4108,0.5363403133828666,-0.7198994661859528,-1.2562397795688194
4109,0.26850557408480985,-0.38140714258201913,-0.649912716666829
4110,-0.4042412539445269,-0.4032194665499261,0.0010217873946008482
4111,0.8516567283153301,-0.6838437503007013,-1.5355004786160316
4112,0.7582871712700943,-0.5879466709846533,-1.3462338422547475
4113,0.17949967626277843,-0.5836433987102212,-0.7631430749729996
4114,-0.193735274708923,-0.5130781437229718,-0.3193428690140488
4115,0.03477425973262262,-0.4878787379472776,-0.5226529976799003
4116,0.7249804584972693,-0.4416558968318081,-1.1666363553290775
4117,0.44804130771806305,-0.36919099641066394,-0.817232304128727
4118,0.3538438126755664,-0.4366606878803871,-0.7905045005559534
4119,0.7135153924710017,-0.50773102463306,-1.2212464171040618
4120,0.8994085903440623,-0.5004777343359207,-1.3998863246799829
4121,0.9985391805589099,-0.7453970932340573,-1.7439362737929671
4122,0.04521614614697556,-0.5960164380955792,-0.6412325842425548
4123,0.5075237039604579,-0.6216555559788209,-1.1291792599392787
4124,1.3215530777689912,-0.5418089506009938,-1.863362028369985
4125,0.36409163427617897,-0.6021902017704304,-0.9662818360466093
4126,0.48506095101974084,-0.37250238311486084,-0.8575633341346016
4127,0.7588308866463155,-0.3914407321767074,-1.1502716188230229
4128,-0.28342830313627987,-0.5003782911306323,-0.2169499879943524
4129,0.09113088750970307,-0.45999114578542877,-0.5511220332951319
4130,1.3182989428600755,-0.6395019210967149,-1.9578008639567903
4131,0.5676171388338336,-0.7980988687862649,-1.3657160076200985
4132,0.10410915355168288,-0.6547188161987094,-0.7588279697503924
4133,0.06284515669922079,-0.6475637796538097,-0.7104089363530305
4134,0.7427286755915529,-0.4828785871303551,-1.225607262721908
4135,0.1935415781475744,-0.5972650841583398,-0.7908066623059142
4136,0.3185257493922269,-0.6466027933430467,-0.9651285427352736
4137,-0.9752846637549766,-0.5879421140631278,0.3873425496918488
4138,0.022522447757409227,-0.5631075851568685,-0.5856300329142777
4139,0.9400757717074807,-0.544289848892131,-1.4843656205996116
4140,0.6947634487441868,-0.4268255646363196,-1.1215890133805064
4141,0.7537857076970801,-0.5663632459262118,-1.320148953623292
4142,-0.1418242496690511,-0.6846758272855685,-0.5428515776165175
4143,0.13152293132568582,-0.583067322152312,-0.7145902534779979
4144,0.2421336468322125,-0.6824689075643314,-0.9246025543965439
4145,0.426827347388497,-0.6450225791632451,-1.071849926551742
4146,0.25248022620510446,-0.5323866338334489,-0.7848668600385533
4147,0.4825375579046183,-0.5995784793824138,-1.0821160372870322
4148,0.5566212642213686,-0.7717058837922737,-1.3283271480136423
4149,0.16519534974907044,-0.7349477207942787,-0.9001430705433492
4150,-0.37779998509288054,-0.5875687634568155,-0.20976877836393498
4151,0.34687762141201356,-0.5264247556263335,-0.873302377038347
4152,0.30252178559910997,-0.548890147016116,-0.8514119326152261
4153,0.5053994510006075,-0.5039651715065562,-1.0093646225071637
4154,0.5068845746540613,-0.5131343855822098,-1.0200189602362713
4155,0.0926608148435112,-0.5909717481014672,-0.6836325629449784
4156,0.2919448063743903,-0.4954669411624807,-0.7874117475368709
4157,0.14592041390007604,-0.5112216188995826,-0.6571420327996587
4158,0.4691240982843813,-0.687189543205408,-1.1563136414897892
4159,-0.2682542839429204,-0.5706365256456605,-0.3023822417027401
4160,0.6400447931116094,-0.6411808114429731,-1.2812256045545825
4161,0.34462211110020435,-0.6052512144725274,-0.9498733255727317
4162,0.1539309923847236,-0.5646371696758087,-0.7185681620605323
4163,0.6051116302660727,-0.4269143140550278,-1.0320259443211004
4164,0.6134035618717768,-0.5398270895349123,-1.1532306514066892
4165,-0.04587751840923819,-0.47158820291907083,-0.4257106845098326
4166,1.0687710209814907,-0.4094838015944795,-1.4782548225759702
4167,1.2547462144543302,-0.3462294718900374,-1.6009756863443676
4168,0.682333946322678,-0.4674838433338886,-1.1498177896565664
4169,0.7024589193289716,-0.65281929864366,-1.3552782179726317
4170,0.6673064539938698,-0.3742411293507415,-1.0415475833446113
4171,1.2745532612941253,-0.557761929235152,-1.8323151905292772
4172,1.0103826324183904,-0.5155715025032988,-1.5259541349216892
4173,0.756206177463268,-0.5289449638980417,-1.2851511413613097
4174,0.5352513741036502,-0.5705827982869767,-1.1058341723906269
4175,0.5670849194227643,-0.46371791965979337,-1.0308028390825577
4176,0.26307835982473815,-0.5625651393614296,-0.8256434991861678
4177,0.5109084597744201,-0.46357649678206647,-0.9744849565564866
4178,0.4324261371874941,-0.35315623645757793,-0.785582373645072
4179,1.3985676441875452,-0.5830284086694464,-1.9815960528569916
4180,0.895435880037046,-0.4626113848235788,-1.3580472648606248
4181,0.17602368346348013,-0.7582741275979559,-0.934297811061436
4182,0.897519799569554,-0.5063284348981285,-1.4038482344676826
4183,0.42396434140626094,-0.7084761924215349,-1.1324405338277959
4184,0.30512486008021855,-0.7745852538531136,-1.079710113933332
4185,0.21175496401797622,-0.8050616965122711,-1.0168166605302473
4186,0.053991331645820075,-0.7761899484788087,-0.8301812801246288
4187,0.31112258619152255,-0.624536747726262,-0.9356593339177846
4188,0.52009948457744,-0.5578605729182217,-1.0779600574956616
4189,-0.24848925597823013,-0.5114144072319263,-0.2629251512536962
4190,0.6801157186560612,-0.5209812221163845,-1.2010969407724459
4191,0.9638182700895649,-0.39122449937896775,-1.3550427694685325
4192,0.3504001537037901,-0.44362956648672147,-0.7940297201905115
4193,0.546315086361284,-0.4893049975473813,-1.0356200839086653
4194,0.8311064766736755,-0.40348149242877646,-1.234587969102452
4195,0.18885091011928634,-0.29906944377485584,-0.4879203538941422
4196,0.5568007263977779,-0.4877601541901142,-1.044560880587892
4197,0.46904662056161134,-0.4080710898051317,-0.877117710366743
4198,0.6370953309145159,-0.7072456728595423,-1.3443410037740582
4199,0.7349367333917088,-0.5403552144942636,-1.2752919478859726
4200,1.2686913924587333,-0.5733901857910999,-1.8420815782498332
4201,-0.350950322421935,-0.4756349971023528,-0.12468467468041777
4202,1.8232363289525475,-0.3888245094797642,-2.2120608384323117
4203,-0.3047166270135218,-0.362554809157944,-0.05783818214442221
4204,2.2075868521629847,-0.5258142004235492,-2.733401052586534
4205,0.006791340620878938,-0.6247684122218912,-0.6315597528427701
4206,0.6477475005199427,-0.4259024294876,-1.0736499300075426
4207,0.6576056414124177,-0.6778547033031537,-1.3354603447155715
4208,-0.24232269663112144,-0.42303835121795064,-0.1807156545868292
4209,-0.4541936307319086,-0.3748931351698362,0.07930049556207242
4210,0.7924856371252055,-0.656386484091199,-1.4488721212164046
4211,-1.2176967545307842,-0.30090409450870653,0.9167926600220777
4212,0.7229954859770202,-0.5080402972636096,-1.2310357832406298
4213,-0.3920530329440573,-0.7009304466436967,-0.30887741369963945
4214,0.7023219065152135,-0.5249461830839209,-1.2272680895991344
4215,0.8707828260184389,-0.41225940968873787,-1.283042235707177
4216,0.6540243960972729,-0.3418468310896069,-0.9958712271868798
4217,0.4521227281225551,-0.24837616295301107,-0.7004988910755662
4218,0.91128746979083175,-0.493385757387748,-1.4046732271785798
4219,-0.10706572633653187,-0.5125000127183881,-0.4054342863818562
4220,0.10957290460697733,-0.3458015732742949,-0.4553744778812722
4221,0.4627160113229567,-0.356837749443442,-0.8195537607663987
4222,0.24738680729659265,-0.6359547574239828,-0.8833415647205755
4223,0.6444519805927164,-0.5039943595201065,-1.1484463401128229
4224,0.16242821320967854,-0.3482184968249987,-0.5106467100346772
4225,0.5385747058724929,-0.5867926154194881,-1.125367321291981
4226,0.14138169532728376,-0.6308116564033348,-0.7721933517306185
4227,0.44541928992020424,-0.6399102293275903,-1.0853295192477945
4228,-0.035627812156219296,-0.6038102207844689,-0.5681824086282496
4229,0.5856302027717254,-0.8234723330874018,-1.4091025358591271
4230,0.9065764344976079,-0.7507116365827671,-1.657288071080375
4231,0.8849640845176618,-0.6021529981866398,-1.4871170827043017
4232,0.3459238547712551,-0.5581628192408684,-0.9040866740121235
4233,0.9749215756790076,-0.8548112956983398,-1.8297328713773475
4234,0.4725727488995479,-0.7235245581703342,-1.1960973070698822
4235,0.19324551747043528,-0.7813144937524693,-0.9745600112229046
4236,0.490205673077626,-0.8198234289831495,-1.3100291020607755
4237,-0.10620626128210418,-0.738230411940225,-0.6320241506581208
4238,0.24889807347498463,-0.820288217717947,-1.0691862911929317
4239,0.5824086432516791,-0.811382431268216,-1.393791074519895
4240,1.425204088983346,-0.5027494379908956,-1.9279535269742416
4241,-0.22459748278081948,-0.6215947717922086,-0.3969972890113891
4242,0.090494062093073993,-0.5935170078332963,-0.6840110699263703
4243,0.08069651543140245,-0.577311993635006,-0.6580085090664084
4244,0.11928055019092376,-0.6581313262464326,-0.7774118764373563
4245,0.3537745867869856,-0.40169890898888944,-0.7554734957758751
4246,0.09994888166024447,-0.5157986393298181,-0.6157475209900626
4247,0.9349891909745607,-0.5346932630287532,-1.4696824540033138
4248,0.4885659631067106,-0.505550932743912,-0.9941168958506226
4249,0.8075517149007618,-0.5097897043050478,-1.3173414192058095
4250,0.8488581199463731,-0.4587440999858951,-1.307602219932268
4251,0.7629422657983228,-0.4275530986031289,-1.1904953644014518
4252,1.169931012096135,-0.5309576375054045,-1.7008886496015396
4253,-0.4974928331779556,-0.5195132046578148,-0.02202037147985919
4254,1.3015900620764886,-0.4170844525571473,-1.718674514633636
4255,-0.1753540516343356,-0.4407833720550869,-0.2654293204207513
4256,0.8526877218979216,-0.5734612316980507,-1.4261489535959724
4257,0.49548507018267857,-0.4906381624087659,-0.9861232325914444
4258,0.5063031997886202,-0.6512853114239475,-1.1575885112125677
4259,0.5854703481590872,-0.5212348152155131,-1.1067051633746003
4260,0.8518288116104737,-0.5674865124608615,-1.4193153240713352
4261,0.5789316555981215,-0.5606583960899626,-1.1395900516880841
4262,0.30631167716453034,-0.8470464562959208,-1.153358133460451
4263,0.7044569817977604,-0.3606558038564992,-1.0651127856542595
4264,0.5469869949030791,-0.7659907725434878,-1.3129777674465668
4265,0.5166967680776511,-0.43290710127002513,-0.9496038693476763
4266,0.46024362959635573,-0.3410839340320864,-0.8013275636284422
4267,0.25377730268815984,-0.4489643544412532,-0.70274165712941306
4268,0.6368839406435596,-0.3998316285844343,-1.036715569227994
4269,-0.07108766555613934,-0.6112519914253847,-0.5401643258692453
4270,0.6388793386591924,-0.6394666070375962,-1.2783459456967887
4271,0.7694511916687681,-0.6433823726819953,-1.4128335643507635
4272,0.5424987095236399,-0.2755994566184906,-0.8180981661421305
4273,-0.5702222201909514,-0.34941492013996506,0.2208073000509863
4274,0.41927216045331744,-0.5883784091791615,-1.007650569632479
4275,-0.09670453839960642,-0.5858716684140668,-0.4891671300144604
4276,0.3243705586676025,-0.5983547429885447,-0.9227253016561472
4277,1.025320034690637,-0.49685276275706136,-1.5221727974476984
4278,0.12363277928745313,-0.43791553374459236,-0.5615483130320454
4279,1.1694252753464185,-0.2598150490274208,-1.4292403243738394
4280,0.131030138512062,-0.2983465237505124,-0.4293766622625744
4281,-0.2124914272837349,-0.32709938411742,-0.1146079568336851
4282,0.4539185018130853,-0.3020311970904579,-0.7559496989035432
4283,0.22702081573281244,-0.4694737725055368,-0.6964945882383492
4284,0.02234324288924283,-0.749139791063723,-0.7714830339529658
4285,0.8848116676757811,-0.4458306913385428,-1.330642359014324
4286,-0.16638960360960928,-0.5346255277524812,-0.3682359241428719
4287,0.8572822592223275,-0.544843629303024,-1.4021258885253514
4288,0.9223543762153567,-0.5183452605823309,-1.4406996367976874
4289,1.293752368551199,-0.3909256197950476,-1.6846779883462464
4290,0.22061591419593454,-0.559354780621491,-0.7799706948174255
4291,0.5320967745612826,-0.4581444448712422,-0.9902412194325247
4292,0.5829850952649491,-0.3089747861824588,-0.8919598814474079
4293,1.374059009832482,-0.34614917921974253,-1.7202081890522245
4294,0.5263341113473531,-0.3501706299569451,-0.8765047413042981
4295,0.20978171017633507,-0.852402279168514,-1.062183989344849
4296,1.3248520178224206,-0.3288707892727384,-1.6537228070951588
4297,1.0758220131229845,-0.5030108770254711,-1.5788328901484556
4298,-0.09047483043637439,-0.5466475756465916,-0.4561727452102172
4299,-0.016567802981973957,-0.5936322720071363,-0.5770644690251624
4300,0.9206910740944162,-0.604338593396881,-1.5250296674912973
4301,0.5257832943268087,-0.5551347042856691,-1.080917998612478
4302,0.3492431373910499,-0.3434907394145509,-0.6927338768056008
4303,0.5716677305929269,-0.5479415266676013,-1.119609257260528
4304,0.5451259632407286,-0.5301721987750102,-1.0752981620157387
4305,1.0127206828447446,-0.3422489987044868,-1.3549696815492314
4306,2.0158500720219,-0.3963754636235365,-2.4122255356454363
4307,0.5936607907819167,-0.5058691806154888,-1.0995299713974056
4308,0.3233887839508765,-0.5289593522638085,-0.852348136214685
4309,0.9126981461142006,-0.5333110804024156,-1.4460092265166162
4310,0.4365656302464616,-0.4475271204863157,-0.8840927507327774
4311,0.43671516237867014,-0.315252717254122,-0.7519678796327922
4312,0.5530677030904848,-0.48417740612481547,-1.0372451092153003
4313,0.5414538341533028,-0.45829035774939914,-0.9997441919027019
4314,-0.5706279856820675,-0.5076935473507608,0.06293443833130674
4315,0.5750763296917606,-0.6170097413940293,-1.19208607108579
4316,0.7288614475834023,-0.6083130917987255,-1.337174539382128
4317,0.5790384248817517,-0.7627480229477386,-1.3417864478294903
4318,-0.06715185987664363,-0.760226701615136,-0.6930748417384923
4319,0.7625943992241108,-0.7533697434089953,-1.515964142633106
4320,0.8405686068757892,-0.469549071412228,-1.3101176782880173
4321,0.4747159523523531,-0.6223196901649226,-1.0970356425172758
4322,0.09518341659545256,-0.41113036157645483,-0.5063137781719074
4323,-0.13413461890247463,-0.40832169944733604,-0.2741870805448614
4324,0.7312961271716734,-0.42688430544516953,-1.158180432616843
4325,0.12009209298192695,-0.4118598142608503,-0.5319519072427772
4326,0.3090546187291192,-0.5809843883769851,-0.8900390071061043
4327,0.4317453031219601,-0.5058338581891384,-0.9375791613110984
4328,0.8426129529893241,-0.501420698284704,-1.344033651274028
4329,0.3739414701189092,-0.5777629561661115,-0.9517044262850207
4330,-0.24617796794881747,-0.6402658142392976,-0.39408784629048016
4331,0.2917502520390235,-0.708038821679416,-0.9997890737184395
4332,-0.25355593378292707,-0.646308919640023,-0.39275298585709595
4333,-1.641589061076187,-0.5988856625301353,1.0427033985460517
4334,-0.08839494738730456,-0.6781679587802436,-0.589773011392939
4335,0.4906070042585761,-0.6918279283731956,-1.1824349326317718
4336,1.072672873233894,-0.6508233358185705,-1.7234962090524646
4337,0.373564390795773,-0.7920965548137724,-1.1656609456095455
4338,0.2692129951348528,-0.45143011424209617,-0.720643109376949
4339,0.46788700677815864,-0.4250216794504551,-0.8929086862286137
4340,0.5879806124188254,-0.5265965670048846,-1.1145771794237098
4341,1.4452034779748104,-0.4936556751502551,-1.9388591531250654
4342,0.6601436421875044,-0.42608359786774835,-1.0862272400552528
4343,0.16939840309058418,-0.4179323501489632,-0.5873307532395473
4344,0.034303988188225956,-0.4092210085932536,-0.44352499678147955
4345,0.3025504239958946,-0.5718618791316162,-0.8744123031275108
4346,1.9718387858117814,-0.5558333226148415,-2.527672108426623
4347,0.717107906199981,-0.6404470134599244,-1.3575549196599055
4348,0.09218146777192396,-0.29480252348590485,-0.3869839912578288
4349,0.2933514282989168,-0.29255396021727476,-0.5859053885161916
4350,-0.06369983830812166,-0.23462283893685734,-0.17092300062873567
4351,-0.5575578114276243,-0.35630599483848935,0.20125181658913494
4352,0.5677430022504185,-0.6152479740721815,-1.1829909763225999
4353,-0.16274132554057374,-0.4202572534864073,-0.25751592794583356
4354,0.7255728992607672,-0.6701766713140856,-1.3957495705748528
4355,0.04624743570366811,-0.49336929535755025,-0.5396167310612183
4356,0.5366240942998343,-0.5923907759913037,-1.129014870291138
4357,0.5079448008323626,-0.4471995704996666,-0.9551443713320291
4358,0.844243533815515,-0.5625524909200186,-1.4067960247355336
4359,0.6849206580785775,-0.7452525498504852,-1.4301732079290628
4360,1.1626847094376673,-0.5956431285819248,-1.7583278380195921
4361,-1.6692184278304256,-0.5262020410151349,1.1430163868152907
4362,0.9147222507871356,-0.660115024349168,-1.5748372751363036
4363,0.3171172944401376,-0.6475850763327807,-0.9647023707729183
4364,-0.2146548574979277,-0.5852075932200569,-0.3705527357221292
4365,-0.099474792847975,-0.6768099482199594,-0.5773351553719844
4366,0.7635447119366452,-0.5661056410712496,-1.329650353007895
4367,0.8216867695107757,-0.5790014990570714,-1.4006882685678472
4368,1.1118481024163576,-0.6363198301469015,-1.748167932563259
4369,0.7857919687036019,-0.3806897987392408,-1.1664817674428427
4370,-0.14617184848719245,-0.4485595405390313,-0.30238769205183885
4371,0.8879098011231104,-0.5445844007504115,-1.4324942018735218
4372,0.23649214765810592,-0.4719099708490504,-0.7084021185071563
4373,2.2182754052567772,-0.4333333130440373,-2.651608718300815
4374,0.57607960198736885,-0.7244810037874324,-1.3005606057748014
4375,0.44599652240178483,-0.6827726956710385,-1.1287692180728233
4376,-0.4790936717343664,-0.4759614955894384,0.0031321761449280006
4377,0.2715971278339157,-0.5855859255232104,-0.8571830533571261
4378,0.04744064121513587,-0.6474481410031987,-0.6948887822183346
4379,0.4399173062905435,-0.6982365802515496,-1.138153886542093
4380,0.7594458671296334,-0.7349592301130947,-1.494405097242728
4381,0.5011767836650982,-0.7577565721263241,-1.2589333557914224
4382,0.5607279038379717,-0.805208176258079,-1.3659360800960507
4383,0.5505034226804932,-0.4601275101928557,-1.010630932873349
4384,0.8315040012674254,-0.8909853225622866,-1.7224893238297119
4385,0.1983433170125891,-0.943579295795103,-1.141922612807692
4386,-0.13404714507261412,-0.7856203607024778,-0.6515732156298637
4387,0.9924850948629503,-0.4798904287080321,-1.4723755235709826
4388,-0.34145867240654404,-0.41335296799706867,-0.07189429559052463
4389,-0.32205549017687546,-0.47537304182273266,-0.1533175516458572
4390,1.1268023669789906,-0.6032177712064607,-1.7300201381854512
4391,1.0928958761350405,-0.5697117641529228,-1.6626076402879633
4392,1.2491732544180276,-0.6106929906520733,-1.859866245070101
4393,0.032671421334126094,-0.6382034346484191,-0.6708748559825453
4394,0.4119139084367714,-0.5628364219416394,-0.9747503303784109
4395,0.684035082659412,-0.6686702741882703,-1.3527053568476823
4396,0.18138452447580466,-0.3947767738086073,-0.576161298284412
4397,0.5473109730048503,-0.5161589704490489,-1.0634699434538992
4398,0.6317319052806865,-0.34099208615593307,-0.9727239914366195
4399,0.0860269132855392,-0.3528261565304102,-0.4388530698159494
4400,0.38505882822848464,-0.6475956638283014,-1.032654492056786
4401,0.7506883046099426,-0.6054957202540048,-1.3561840248639474
4402,0.8584365119978665,-0.5180800582336429,-1.3765165702315094
4403,0.6942807730092868,-0.4164756093887729,-1.1107563823980597
4404,0.4473795690934372,-0.4328222651731377,-0.880201834266575
4405,0.27989526137305,-0.3463878762064953,-0.6262831375795452
4406,0.5536793155575346,-0.42712429725371076,-0.9808036128112454
4407,0.34652839813336256,-0.4552903688890623,-0.8018187670224248
4408,0.5788441613418613,-0.4753809639600412,-1.0542251253019026
4409,0.03691049054150022,-0.43743362298002336,-0.47434411352152356
4410,0.6209572300175153,-0.44545639506919754,-1.066413625086713
4411,-0.22567472953303705,-0.5050530262098306,-0.2793782966767936
4412,0.31077283651455023,-0.6003095020359579,-0.9110823385505081
4413,0.4403145767148893,-0.5732228006524609,-1.0135373773673502
4414,0.8782533528022567,-0.3812789689394537,-1.2595323217417103
4415,0.869634376998082,-0.5282067791784201,-1.397841156176502
4416,0.8224284580884554,-0.4891849378298628,-1.3116133959183183
4417,0.6144564554342049,-0.5527868996168419,-1.1672433550510468
4418,-0.01633797506267684,-0.4804975992262323,-0.4641596241635555
4419,0.22332094669220837,-0.5244347127497138,-0.7477556594419221
4420,0.5959311391329927,-0.3051649359209189,-0.9010960750539116
4421,0.6658570973867701,-0.5816981952149695,-1.2475552926017395
4422,0.512331376533354,-0.6270772041637886,-1.1394085806971428
4423,-0.3534470415492518,-0.5059884440286085,-0.15254140247935677
4424,-0.04482086711897751,-0.45453252644059094,-0.40971165932161346
4425,0.6236088918336505,-0.5218351754946349,-1.1454440673282855
4426,0.8966517238334372,-0.11804401508689649,-1.0146957389203337
4427,0.007645514780004359,-0.7366902545189449,-0.7443357692989492
4428,-0.15617532440327161,-0.7126364744484806,-0.5564611500452089
4429,0.5771322186409203,-0.6543968254814889,-1.2315290441224094
4430,0.5595989098012681,-0.6897860070073251,-1.249384916808593
4431,0.658623188245913,-0.5766279746873575,-1.2352511629332705
4432,0.44461741836134966,-0.5459182278986626,-0.9905356462600123
4433,1.03316997850874,-0.6166379511855646,-1.6498079296943047
4434,1.6145447136653723,-0.6192015284896268,-2.233746242154999
4435,0.1623655152418216,-0.48616891755566355,-0.6485344327974851
4436,0.9590015015843145,-0.6904840506030485,-1.649485552187363
4437,0.1082654989591593,-0.5122582979241391,-0.6205237968832984
4438,0.4322193250274086,-0.6761213467519789,-1.1083406717793876
4439,0.582444424098822,-0.729193840567033,-1.3116382646658549
4440,0.39649105127279194,-0.49304828554496843,-0.8895393368177604
4441,-0.43558490139374595,-0.5172380868258366,-0.08165318543209066
4442,-1.6393891893147172,-0.6901505409943168,0.9492386483204004
4443,0.9072778798525699,-0.5333674908402938,-1.4406453706928637
4444,-0.1237325728238355,-0.5935052774152172,-0.4697727045913817
4445,0.4352593046214053,-0.6432674178683033,-1.0785267224897086
4446,0.8125613586008372,-0.6369956805743024,-1.4495570391751396
4447,0.5232617775469515,-0.6527934392087613,-1.1760552167557128
4448,0.3631205118625425,-0.6528138236324316,-1.0159343354949741
4449,0.8854817031338528,-0.7027914071234533,-1.588273110257306
4450,0.805809739149701,-0.5737712922572544,-1.3795810314069554
4451,0.5528196945342061,-0.4000186881158484,-0.9528383826500545
4452,0.5801625362898076,-0.5213271274358182,-1.101489663725626
4453,0.47485606337243874,-0.7884199671458225,-1.2632760305182613
4454,-0.021764012749137605,-0.4573363899932643,-0.43557237724412673
4455,0.25559319848410833,-0.5560267544341573,-0.8116199529182656
4456,0.26330212509213735,-0.5697840787692399,-0.8330862038613772
4457,0.11887308029479719,-0.4559639384464768,-0.574837018741274
4458,0.25297052454974434,-0.37143704520640763,-0.624407569756152
4459,0.5725693912955432,-0.6249580107058232,-1.1975274020013664
4460,0.49691867602748757,-0.6508705227443283,-1.1477891987718158
4461,0.08655787666687283,-0.5289748074527526,-0.6155326841196255
4462,0.6808708792700471,-0.3707172788884349,-1.051588158158482
4463,0.7337600683834836,-0.3512634499903244,-1.085023518373808
4464,0.4539137716835993,-0.2917965591265291,-0.7457103308101284
4465,0.11955051065800332,-0.28430159791595894,-0.40385210857396225
4466,-0.04956597045387559,-0.344334489209504,-0.2947685187556284
4467,0.5445388876966276,-0.6977586039512134,-1.2422974916478409
4468,-0.06852837072485318,-0.6317270192763281,-0.563198648551475
4469,0.10744632850051772,-0.48329769727832994,-0.5907440257788477
4470,0.3340945223418002,-0.601676708879094,-0.9357712312208941
4471,0.21061916392730665,-0.6028277064168821,-0.8134468703441887
4472,0.4717621546049143,-0.49933310562237887,-0.9710952602272931
4473,0.40237798692606697,-0.5034022330430992,-0.9057802199691661
4474,-0.15646542818441384,-0.6156925146304937,-0.45922708644607985
4475,0.48498312160891544,-0.6488921627365649,-1.1338752843454802
4476,1.101623763069985,-0.523026468937016,-1.624650232007001
4477,0.19255534679587874,-0.6895512914805814,-0.8821066382764601
4478,0.30421342138345786,-0.7273706898965253,-1.031584111279983
4479,0.6156869862393077,-0.7436639596620351,-1.3593509459013429
4480,0.7001158286297879,-0.7428987766150011,-1.4430146052447892
4481,-0.1638920478294199,-0.6899897641510467,-0.5260977163216268
4482,0.5611583924560989,-0.7256696941521947,-1.2868280866082937
4483,-0.18989880297667458,-0.5710562428821406,-0.381157439905466
4484,0.23970122904064678,-0.43794053274864175,-0.6776417617892885
4485,0.5019795737425965,-0.4255429533275948,-0.9275225270701912
4486,0.27809749560504154,-0.3343388662270846,-0.6124363618321261
4487,0.7890571781996772,-0.27321439222588245,-1.0622715704255596
4488,-0.06110808658127568,-0.5554010660658367,-0.494292979484561
4489,-0.7559633494741631,-0.4544774953639781,0.301485854110185
4490,-0.12659923955839916,-0.41538994971093807,-0.2887907101525389
4491,1.3148370758809378,-0.658635048783535,-1.9734721246644726
4492,0.3732325603542957,-0.51238170482250045,-0.8856142651767962
4493,0.5254922168717372,-0.5839058503243472,-1.1093980671960844
4494,0.9778883784873115,-0.6187265912398899,-1.5966149697272014
4495,0.6522329861867996,-0.460734474891998,-1.1129674610787976
4496,0.16970341881689152,-0.563215235088296,-0.7329186539051875
4497,0.40322614094891973,-0.39456528753076153,-0.7977914284796812
4498,0.1633612924756584,-0.5836436133731518,-0.7470049058488102
4499,0.29883423425895933,-0.48274610602231915,-0.7815803402812784
4500,0.21727642088893462,-0.5663182842867902,-0.7835947051757248
4501,1.052236255142013,-0.48466443474408044,-1.5369006898860935
4502,0.42938734070293766,-0.48838440378556164,-0.9177717444884993
4503,-0.2152661769163687,-0.6700782500373625,-0.4548120731209938
4504,-8.085524013960639e-4,-0.5022347240772216,-0.5014261716758255
4505,0.03919378489494065,-0.5564713375360827,-0.5956651224310233
4506,0.5211111227060343,-0.47655556007764266,-0.997666682783677
4507,-1.1204360123217074,-0.4766275611326244,0.643808451189083
4508,0.4349657892973823,-0.4371117342266596,-0.8720775235240419
4509,1.3868819510085906,-0.45575375377604804,-1.8426357047846387
4510,0.22228860497711078,-0.6426777646665489,-0.8649663696436597
4511,0.8948725150405472,-0.5299605234961668,-1.424833038536714
4512,0.27396198445789943,-0.3189696492327588,-0.5929316336906583
4513,0.23019846451069922,-0.5348360126170116,-0.7650344771277109
4514,0.9485951172601919,-0.5619193217130822,-1.510514438973274
4515,0.7984074391104181,-0.5331409816143918,-1.3315484207248098
4516,0.539031202979201,-0.5106685903554589,-1.04969979333466
4517,0.2597101689766405,-0.58221888271036,-0.8419290516870006
4518,0.5556819119917406,-0.523392244277737,-1.0790741562694777
4519,-0.00964861499481462,-0.5778784072961111,-0.5682297923012964
4520,0.7308597615247189,-0.5555926960853197,-1.2864524576100385
4521,0.617125124649129,-0.5805611118704966,-1.1976862365196257
4522,0.3981007056389357,-0.6137191360438102,-1.011819841682746
4523,0.24275632484765802,-0.5992943152876102,-0.8420506401352683
4524,0.4568948926477395,-0.42550995335409425,-0.8824048460018338
4525,1.1884321711315435,-0.4197790959263637,-1.6082112670579072
4526,0.5181228536990801,-0.4405512829755176,-0.9586741366745977
4527,0.8028726447042971,-0.6834388709938122,-1.4863115156981093
4528,0.07112220493744202,-0.7443337220929338,-0.8154559270303758
4529,0.47776949576592187,-0.7299424644976571,-1.207711960263579
4530,0.5200554716743101,-0.6411800199527578,-1.161235491627068
4531,0.6532009324760907,-0.5801240136686275,-1.2333249461447182
4532,0.8010748645837966,-0.8172951283905803,-1.618369992974377
4533,1.0541768268767608,-0.6101770033387374,-1.6643538302154983
4534,0.1271604516119392,-0.556537857401946,-0.6836983090138852
4535,0.5070045340701894,-0.4898654460139683,-0.9968699800841577
4536,0.5272207284588137,-0.5879100587968616,-1.1151307872556755
4537,1.251069007829567,-0.4893471025166653,-1.7404161103462323
4538,0.024524000013253944,-0.3344242725899637,-0.35894827260321766
4539,0.3520745006506312,-0.42342152179944853,-0.7754960224500798
4540,0.6843112105850441,-0.5993149998609919,-1.283626210446036
4541,0.43708539122944046,-0.8306705824590229,-1.2677559736884634
4542,0.5781635418358608,-0.5322254167447634,-1.1103889585806241
4543,0.733120838764861,-0.5653755962352917,-1.2984964350001527
4544,0.1689157927619081,-0.5491215274743001,-0.7180373202362083
4545,1.3438692703597377,-0.3748598470599618,-1.7187291174196995
4546,0.1967202363790883,-0.4995899411769077,-0.696310177555996
4547,0.39828582665940765,-0.7772350651750994,-1.175520891834507
4548,0.3087367192795002,-0.47209490955705263,-0.7808316288365529
4549,0.4856411452142458,-0.7362923097441629,-1.2219334549584087
4550,0.5018121707562863,-0.4927556629626403,-0.9945678337189265
4551,0.6552363249841981,-0.5569044975620667,-1.2121408225462649
4552,0.32674770646531076,-0.5919701931877969,-0.9187178996531076
4553,-1.0311941744300124,-0.49438619881904516,0.5368079756109672
4554,0.4840441060644663,-0.6184922742050817,-1.102536380269548
4555,0.783689738398086,-0.6275141323394057,-1.4112038707374917
4556,0.10799923333213884,-0.6843351395045963,-0.7923343728367351
4557,0.58690353723586,-0.6160772778129673,-1.2029808150488273
4558,0.39414464572258084,-0.42583317103395735,-0.8199778167565381
4559,0.301150111522554,-0.431081785747999,-0.732231897270553
4560,0.24824894276446546,-0.663568112199962,-0.9118170549644276
4561,0.06830500150349902,-0.8438250654324411,-0.9121300669359401
4562,0.37668108635821107,-0.7741715732649925,-1.1508526596232036
4563,0.0750054658341499,-0.7292349869368546,-0.8042404527710045
4564,1.3005457414275532,-0.5330568655585602,-1.8336026069861133
4565,0.5867989677834716,-0.44557093680238963,-1.0323699045858612
4566,-0.4619336632896934,-0.5886739971812658,-0.1267403338915724
4567,0.23027690443105236,-0.4093303997781212,-0.6396073042091736
4568,0.03234895140554448,-0.4642741148237314,-0.4966230662292759
4569,-0.07995276696292763,-0.36211340183303975,-0.2821606348701121
4570,0.11363930694287226,-0.44042237759040054,-0.5540616845332728
4571,0.6596792526159425,-0.4663037213905528,-1.1259829740064953
4572,0.6069281018962974,-0.6847626849999764,-1.291690786896274
4573,0.6665162454581429,-0.43596084613848735,-1.1024770915966302
4574,-0.3369795199649288,-0.46889963464922213,-0.13192011468429332
4575,-0.5180919622366748,-0.653085368243945,-0.13499340600727028
4576,0.5293577735859694,-0.6970789111776192,-1.2264366847635886
4577,0.2918577289983436,-0.6456815378842102,-0.9375392668825538
4578,0.4555894427351018,-0.6028208126543528,-1.0584102553894548
4579,0.4880782336568324,-0.5609285433922631,-1.0490067770490954
4580,0.6390940161042343,-0.3579236080766482,-0.9970176241808826
4581,-0.10231818020966696,-0.3674668541432903,-0.2651486739336233
4582,0.6584104606246902,-0.6295428800365681,-1.2879533406612582
4583,0.4041839588403444,-0.5684393200946528,-0.9726232789349972
4584,0.08957242554947385,-0.5564345792901392,-0.646007004839613
4585,0.7389095124875609,-0.4993210705947952,-1.2382305830823561
4586,0.899277067775502,-0.4147220368091963,-1.3139991045846982
4587,0.6899959654484514,-0.29394825182850537,-0.9839442172769568
4588,1.2553229939667487,-0.44360631802726846,-1.6989293119940172
4589,0.3756017242229551,-0.6358927226425228,-1.0114944468654778
4590,0.9461990181889105,-0.45013872086731166,-1.3963377390562222
4591,0.19772751282364603,-0.7305903710332164,-0.9283178838568624
4592,1.0434665667969236,-0.3753623055372221,-1.4188288723341458
4593,0.1155746706236572,-0.33393603457059873,-0.44951070519425596
4594,0.9974403744394634,-0.5373449158389213,-1.5347852902783847
4595,1.3587318061087388,-0.6073305695806178,-1.9660623756893565
4596,0.16193391108280977,-0.6005526919759578,-0.7624866030587676
4597,0.1032634484562421,-0.512710965662607,-0.6159744141188491
4598,0.5958350136829581,-0.4933571257918483,-1.0891921394748065
4599,0.8136182186124032,-0.4375885386320364,-1.2512067572444396
4600,0.6014091885341207,-0.4639178075650617,-1.0653269960991825
4601,0.20768441341089633,-0.5944783673237446,-0.802162780734641
4602,0.7543395212362589,-0.7546197663920111,-1.50895928762827
4603,0.22152700314780463,-0.6473712759598516,-0.8688982791076562
4604,-0.11229566367024987,-0.5770825223801758,-0.46478685870992587
4605,0.15680778394412181,-0.6038721151561156,-0.7606798991002375
4606,0.8571626336849086,-0.5988471535765649,-1.4560097872614737
4607,0.6552396023602531,-0.4830984119541918,-1.1383380143144448
4608,0.5490127695739432,-0.48920868379091215,-1.0382214533648553
4609,0.6950542048697261,-0.6238961031614357,-1.318950308031162
4610,0.22699951328584067,-0.5342909420133322,-0.7612904552991728
4611,0.516999255639485,-0.6760531481731713,-1.1930524038126564
4612,0.2353315277269853,-0.6362978158065078,-0.8716293435334931
4613,0.11815306679746655,-0.6018344628652921,-0.7199875296627586
4614,0.9181219587392356,-0.591421642900972,-1.5095436016402077
4615,-0.0795601492214085,-0.6181699315422476,-0.5386097823208391
4616,0.007110073427590631,-0.3176734888500886,-0.32478356227767924
4617,0.33975648121295476,-0.41284960625007094,-0.7526060874630257
4618,0.010520056749364355,-0.33678556493639866,-0.347305621685763
4619,0.19613649628643876,-0.5824266126087578,-0.7785631088951965
4620,0.1592912437747377,-0.628247501567885,-0.7875387453426227
4621,0.5100182192846607,-0.5705317484461666,-1.0805499677308275
4622,0.22335715919693166,-0.4669842841658745,-0.6903414433628061
4623,0.5145240910144377,-0.6911530256567314,-1.2056771166711693
4624,0.0883269319311893,-0.357693330287626,-0.4460202622188153
4625,0.2693748445782833,-0.3904616778384469,-0.6598365224167302
4626,0.2831965493108906,-0.3572415590800577,-0.6404381083909483
4627,0.25344470929408847,-0.2993324021818951,-0.5527771114759836
4628,0.4254730786315066,-0.2852307295948273,-0.7107038082263339
4629,1.0540812141057037,-0.4373991446832309,-1.4914803587889345
4630,-0.14461129556688462,-0.3981953250479566,-0.253584029481072
4631,0.17751948338962312,-0.5967517094000935,-0.7742711927897166
4632,0.7363860354049451,-0.4481261944739682,-1.1845122298789132
4633,0.2875932335070176,-0.464285132632148,-0.7518783661391656
4634,0.4727473564403678,-0.5152235511517207,-0.9879709075920885
4635,0.46563945163331294,-0.5496221883187984,-1.0152616399521113
4636,0.20431177928841215,-0.5748761984970819,-0.7791879777854941
4637,0.5852822518654403,-0.5761010172144262,-1.1613832690798664
4638,0.380689152686936,-0.7052163358201882,-1.0859054885071242
4639,0.8714282707802222,-0.7351138241479894,-1.6065420949282117
4640,0.6337385814400655,-0.6453252773588443,-1.2790638587989096
4641,0.6788322257587701,-0.7376909150493256,-1.4165231408080956
4642,0.571196614407587,-0.6465111022579353,-1.2177077166655224
4643,0.2372786069249363,-0.4498101347889927,-0.687088741713929
4644,0.21180121259217974,-0.5259363602194139,-0.7377375728115937
4645,0.10490085731740474,-0.5065137273146554,-0.6114145846320601
4646,0.24948066992814702,-0.46544659719261305,-0.71492726712076
4647,-0.15034809043242517,-0.4257493865451316,-0.2754012961127065
4648,0.6694410713017238,-0.36979537887639696,-1.0392364501781208
4649,0.5604784436033452,-0.4280029796908455,-0.9884814232941908
4650,1.0941280719349447,-0.5541578124643046,-1.6482858843992494
4651,0.6571483219931185,-0.5828192903936549,-1.2399676123867733
4652,0.276574849804453,-0.6573814344192194,-0.9339562842236724
4653,0.7901322087493456,-0.8217146503613251,-1.6118468591106707
4654,0.1913038532944336,-0.6872692539310977,-0.8785731072255314
4655,0.609192847708588,-0.5875376473435396,-1.1967304950521276
4656,0.3731958906223698,-0.6557619585947405,-1.0289578492171103
4657,0.4601368146967975,-0.7992333649197014,-1.2593701796164989
4658,0.529171214131167,-0.8220445234540794,-1.3512157375852465
4659,0.33924236201703567,-0.7174006225196569,-1.0566429845366925
4660,-0.7137371578125863,-0.7000709870637483,0.013666170748838025
4661,0.9371316030569562,-0.6186237222039845,-1.5557553252609408
4662,0.9787526650421174,-0.5733005822743894,-1.5520532473165067
4663,1.2750998081532916,-0.5067969787794048,-1.7818967869326965
4664,0.6174164498989987,-0.5082259432945478,-1.1256423931935466
4665,0.22666492672626595,-0.6250625250335724,-0.8517274517598383
4666,-0.21231700221335686,-0.5824202828510238,-0.3701032806376669
4667,1.9243520692215716,-0.7383833747992208,-2.662735444020792
4668,0.30562549892957264,-0.6923276873020126,-0.9979531862315851
4669,0.34914246914578856,-0.7327572353903979,-1.0818997045361864
4670,0.35719227263446673,-0.6418559299207715,-0.9990482025552382
4671,0.7074730109518114,-0.49592753210712454,-1.2034005430589358
4672,0.7148617759237064,-0.3015651028920678,-1.0164268788157742
4673,0.6495682974043007,-0.6640612341301987,-1.3136295315344992
4674,0.3924530066497722,-0.6344772590807481,-1.0269302657305204
4675,0.015364505762673971,-0.5927256324262364,-0.6080901381889104
4676,0.3176107112808506,-0.6310678498587938,-0.9486785611396444
4677,1.37189097233635,-0.3929977850467833,-1.7648887573831331
4678,0.592773516426099,-0.19810834032095173,-0.7908818567470507
4679,0.437437416375999,-0.5396635214616415,-0.9771009378376405
4680,0.1875665998889671,-0.3490182456816393,-0.5365848455706064
4681,0.5687889861243582,-0.3703510122784338,-0.939139998402792
4682,0.28173854029009887,-0.4251407028112447,-0.7068792431013435
4683,0.6738559156452156,-0.6412393427118165,-1.3150952583570321
4684,0.9004683746715029,-0.6774687801740782,-1.5779371548455812
4685,0.7056053186724205,-0.5072680705283232,-1.2128733892007437
4686,0.017986146920400653,-0.6666170134526672,-0.6846031603730679
4687,-1.5380524984630557,-0.7652705943933722,0.7727819040696835
4688,0.29792294194876323,-0.5809746771669341,-0.8788976191156973
4689,0.41945026315544115,-0.5079043260556105,-0.9273545892110517
4690,0.29610335943288946,-0.4590266914350929,-0.7551300508679823
4691,0.06044134614516622,-0.47934644750417776,-0.539787793649344
4692,-0.25895340337701084,-0.41424786416564163,-0.1552944607886308
4693,0.38400155250268253,-0.4648078569191928,-0.8488094094218753
4694,0.036120818013668905,-0.615310465988578,-0.6514312840022469
4695,0.36353708370218246,-0.6171331129571829,-0.9806701966593654
4696,0.38455803774986547,-0.5270484195065595,-0.9116064572564249
4697,0.8484667753611126,-0.5042995666595381,-1.3527663420206508
4698,0.7691640505787266,-0.4268557006844636,-1.1960197512631903
4699,0.5462176747450807,-0.47523802664964293,-1.0214557013947236
4700,0.21070050015492064,-0.3991034784745553,-0.609803978629476
4701,-0.05165882866625719,-0.4660731279817474,-0.4144142993154902
4702,0.004523706006614188,-0.42992168774943706,-0.43444539375605123
4703,0.6923056066624668,-0.4838369602227384,-1.1761425668852052
4704,0.07261626130012044,-0.6423027002048297,-0.7149189615049502
4705,0.35552946572703104,-0.6026898120581159,-0.9582192777851469
4706,-0.2042598451595835,-0.498633474181786,-0.2943736290222025
4707,0.09734332358281066,-0.44977458709492557,-0.5471179106777362
4708,0.33341413097809497,-0.4447614185783048,-0.7781755495563998
4709,0.3164284099353183,-0.4235655324180165,-0.7399939423533348
4710,0.4973933825233389,-0.31855354080785564,-0.8159469233311946
4711,0.16438576600782337,-0.6114746648498847,-0.7758604308577081
4712,0.5941898416446331,-0.49563312961828376,-1.0898229712629168
4713,0.3127603209590476,-0.5444562637706692,-0.8572165847297168
4714,0.7296451071671856,-0.6049749860607387,-1.3346200932279242
4715,0.4156225932332073,-0.3785137344665718,-0.7941363276997792
4716,0.7196771321167293,-0.17636132032546883,-0.8960384524421982
4717,0.6796949344525406,-0.3348432766220804,-1.014538211074621
4718,0.07240225735718478,-0.48127802593997204,-0.5536802832971568
4719,0.4564290314390844,-0.5670947945166043,-1.0235238259556887
4720,0.6827494853477369,-0.4602968421788485,-1.1430463275265854
4721,0.408096083429698,-0.32933725454425883,-0.7374333379739568
4722,0.542708900342578,-0.3428429081802098,-0.8855518085227878
4723,0.2679322555560569,-0.5102028699834553,-0.7781351255395121
4724,0.3642018241732118,-0.42128062003268996,-0.7854824442059017
4725,1.172583136368954,-0.4680401531450297,-1.6406232895139838
4726,0.6673176665415559,-0.6251895481716754,-1.2925072147132313
4727,0.45093037037312844,-0.5819070073508824,-1.032837377724011
4728,0.20158993666037503,-0.6899486887676543,-0.8915386254280293
4729,0.49011225312000406,-0.7433753423014385,-1.2334875954214426
4730,0.9356402859553261,-0.2558244942302479,-1.191464780185574
4731,0.8691498151096386,-0.7095692559710773,-1.578719071080716
4732,0.6231190150867605,-0.660488043020701,-1.2836070581074615
4733,0.6164290063595101,-0.7478190030870616,-1.3642480094465719
4734,0.7197721748104722,-0.5452919214809655,-1.2650640962914377
4735,0.3703747897438024,-0.5344736871921878,-0.9048484769359901
4736,0.3453294179192152,-0.6194700382777596,-0.9647994561969748
4737,0.5264081464744619,-0.611958135846076,-1.1383662823205378
4738,-0.10086027148639966,-0.41358587734572116,-0.3127256058593215
4739,-0.13584453190482168,-0.27104058255107844,-0.13519605064625675
4740,0.5697757740952029,-0.5443568250459362,-1.114132599141139
4741,0.6871346539361813,-0.5347279825496821,-1.2218626364858634
4742,0.9448406448788264,-0.4451784028666296,-1.390019047745456
4743,-0.15863329551204436,-0.31983904303912297,-0.1612057475270786
4744,0.047217540040587876,-0.28934945130825307,-0.33656699134884094
4745,0.28957300025942073,-0.42513455547459295,-0.7147075557340137
4746,0.5521299222780733,-0.4722849951398866,-1.02441491741796
4747,0.16809429785270122,-0.5260840994146644,-0.6941783972673656
4748,0.7702095983083808,-0.6615997067628544,-1.4318093050712353
4749,0.023455791557765608,-0.4387339488097045,-0.4621897403674701
4750,0.75895806586455306,-0.5591587202704537,-1.3181167861350067
4751,0.928985128621268,-0.4613607433212792,-1.3903458719425472
4752,0.34568919933623526,-0.6096407516789043,-0.9553299510151396
4753,0.9372022480214179,-0.5060059173248895,-1.4432081653463076
4754,-0.12471472477566715,-0.6057432857173571,-0.48102856094169
4755,1.1251915539714117,-0.6369516228490044,-1.762143176820416
4756,0.22995044030751682,-0.6915451179007752,-0.921495558208292
4757,0.11322589562786678,-0.5873025653652741,-0.7005284609931409
4758,0.4193504246541871,-0.4981527113119678,-0.917503135966155
4759,0.8243630525468435,-0.6283345553518401,-1.4526976078986835
4760,0.3413881270878997,-0.4220864507157407,-0.7634745778036404
4761,0.4990832567862371,-0.39627833519609706,-0.8953615919823341
4762,0.549566381928849,-0.44735595169472925,-0.9969223336235782
4763,0.6989504775047258,-0.26437390832434976,-0.9633243858290756
4764,0.8487159928576026,-0.250862946108584,-1.0995789389661865
4765,0.88199396948642,-0.2594483028975191,-1.141442272383939
4766,0.4876076731231957,-0.5828711807746859,-1.0704788538978816
4767,0.6264533718062324,-0.5635050169778466,-1.189958388784079
4768,0.4757439987983248,-0.7340048191561522,-1.209748817954477
4769,0.42141295787139804,-0.5983612205397598,-1.0197741784111578
4770,0.4075419293461806,-0.59449340661423,-1.0020353359604106
4771,0.2826477019513339,-0.5633242686923566,-0.8459719706436906
4772,0.5890886202334625,-0.4993236289761541,-1.0884122492096167
4773,0.7238932052523241,-0.5495626107743852,-1.2734558160267093
4774,0.2720573486966224,-0.6314628295871768,-0.9035201782837992
4775,0.3678938373889612,-0.6524593057062023,-1.0203531430951633
4776,0.34835822840864067,-0.4942047684643828,-0.8425629968730235
4777,0.41982431880700866,-0.38901770803745933,-0.808842026844468
4778,0.4497178600426561,-0.49268078712481234,-0.9423986471674685
4779,0.39234170194367884,-0.5656928757636532,-0.958034577707332
4780,0.7746430746279146,-0.5914875207260362,-1.3661305953539506
4781,0.3852430006388351,-0.5782234231466408,-0.9634664237854759
4782,0.6667455270272672,-0.7269683075941457,-1.3937138346214129
4783,0.6204627663902317,-0.6759038490909134,-1.296366615481145
4784,0.9463897955664404,-0.6212059272075351,-1.5675957227739756
4785,0.9250363793716241,-0.5933936174426943,-1.5184299968143185
4786,0.5333450728479658,-0.494234616875419,-1.0275796897233849
4787,0.6050882983195119,-0.4683296803874831,-1.073417978706995
4788,0.6435124236540163,-0.6109265034871962,-1.2544389271412126
4789,0.643388266862724,-0.5594836421510547,-1.2028719090137787
4790,-0.2277218415693186,-0.4200737087359474,-0.1923518671666288
4791,0.5539810537067665,-0.4118449694018654,-0.965826023108632
4792,-0.44366479599584036,-0.43495072703153465,0.00871406896430571
4793,0.0402372642319162,-0.704413461479099,-0.7446507257110152
4794,0.33250703921218644,-0.4867652346509408,-0.8192722738631273
4795,0.3998188230925251,-0.6517886826604996,-1.0516075057530248
4796,0.3386150793779286,-0.6199450694243598,-0.9585601488022883
4797,0.8984706424098726,-0.552588071508008,-1.4510587139178805
4798,0.36764901967326946,-0.642740879742376,-1.0103898994156455
4799,0.6005683185382349,-0.5468711572000524,-1.1474394757382873
4800,0.5331509377996975,-0.6323846733152894,-1.1655356111149868
4801,0.6533658099041735,-0.5430083861663045,-1.1963741960704781
4802,0.6688380846711126,-0.7132491984642151,-1.3820872831353277
4803,0.21083200037275876,-0.5081465090866086,-0.7189785094593674
4804,0.3731163235409819,-0.6965994392858081,-1.0697157628267902
4805,0.44677623093164276,-0.8227190345797857,-1.2694952655114284
4806,0.44730361918606454,-0.7968605630975988,-1.2441641822836633
4807,-0.10125244236106543,-0.7645605566494919,-0.6633081142884264
4808,0.3742690274600835,-0.64528601087053294,-1.0195550383306164
4809,0.013279671003305923,-0.6557201332465881,-0.668999804249894
4810,0.9198833726785364,-0.6527667022055988,-1.5726500748841352
4811,0.8403970972343934,-0.6019518457896416,-1.4423489430240348
4812,0.5194360071875689,-0.4600002069081426,-0.9794362140957115
4813,0.4999414372115398,-0.5418905322787565,-1.0418319694902962
4814,0.17187079913029152,-0.5886660570346836,-0.760536856164975
4815,0.013247315842475385,-0.41083802785132817,-0.4240853436938036
4816,0.3750349093487555,-0.3848431657992803,-0.7598780751480358
4817,0.21809681239733847,-0.33744823194821405,-0.5555450443455525
4818,0.6700852775413695,-0.46884556097820723,-1.1389308385195767
4819,0.4947161928029781,-0.34102093753647955,-0.8357371303394576
4820,0.4008336947578593,-0.5669821420576829,-0.9678158368155423
4821,0.5190377668351717,-0.5200575187165604,-1.0390952855517321
4822,0.37112426127934356,-0.5426810784513387,-0.9138053397306822
4823,0.39181888759360867,-0.5500515203827255,-0.9418704079763343
4824,0.7233156330132263,-0.6510762416263975,-1.374391874639624
4825,0.23093965599408345,-0.6170631148738341,-0.8480027708679176
4826,0.22286852170147278,-0.6955284073341284,-0.9183969290356011
4827,0.3246743576174512,-0.619788939250053,-0.9444632968675042
4828,0.5504447870799491,-0.5294438970301167,-1.0798886841100659
4829,0.28920421656438017,-0.5666768861721454,-0.8558811027365256
4830,0.7035832483777571,-0.5107686523589792,-1.2143519007367363
4831,0.9108752355308751,-0.479823453422636,-1.3906986889535111
4832,0.5014230203499929,-0.533740572822733,-1.0351635931727259
4833,0.4018947208876804,-0.5619163871494526,-0.963811108037133
4834,0.3629119111949934,-0.4388643016776954,-0.8017762128726889
4835,0.959561204369182,-0.6018973367099735,-1.5614585410791555
4836,0.2972862602913104,-0.5565686916042514,-0.8538549518955618
4837,0.12781486979299958,-0.2524593663863956,-0.38027423617939515
4838,0.44785248955474366,-0.25412527627249337,-0.701977765827237
4839,0.8475411829083616,-0.3801012584728745,-1.2276424413812361
4840,0.2642647909010064,-0.3793016408740329,-0.6435664317750394
4841,0.10417357982420372,-0.5004044264799757,-0.6045780063041795
4842,0.9653008253876191,-0.5805266482411646,-1.5458274736287838
4843,0.3068278755713033,-0.5049481519644149,-0.8117760275357182
4844,0.7594224786386796,-0.29516262576063734,-1.054585104399317
4845,0.15164410674357753,-0.483935794706494,-0.6355799014500716
4846,0.2909762418747704,-0.521181661299639,-0.8121579031744095
4847,0.4884640065087393,-0.6301680859063975,-1.1186320924151367
4848,-0.16294705703142986,-0.5067840762115159,-0.343837019180086
4849,0.35454009035699996,-0.547827469822727,-0.902367560179727
4850,0.06444524956283143,-0.4629483373898345,-0.5273935869526659
4851,0.08177566936768804,-0.45368150564957666,-0.5354571750172648
4852,0.6526611766102975,-0.40703056216074074,-1.0596917387710383
4853,0.5064180954453831,-0.46961177793502085,-0.9760298733804039
4854,-0.2008075605960336,-0.5693152726472858,-0.36850771205125216
4855,0.6584159185834368,-0.6563102635225114,-1.3147261821059484
4856,0.5446957085788219,-0.5644870260216185,-1.1091827346004404
4857,0.4734095363461654,-0.47822248314778687,-0.9516320194939523
4858,0.5321716556277546,-0.6436550427999949,-1.1758266984277495
4859,0.38104317392426706,-0.5092356303122603,-0.8902788042365273
4860,1.017443650829969,-0.5788857956666476,-1.5963294464966165
4861,1.349677808580761,-0.6686753775279128,-2.0183531861086736
4862,0.5121715222715112,-0.4573282730582696,-0.9694997953297808
4863,0.09825183984482483,-0.6578336832029934,-0.7560855230478183
4864,0.9875873341272705,-0.3900498530941892,-1.3776371872214597
4865,0.19611588460836876,-0.48318302443381167,-0.6792989090421804
4866,0.0143027923029008,-0.4691328282579368,-0.4834356205608376
4867,0.5003965300349471,-0.549779169520503,-1.05017569955545
4868,0.7872402391403326,-0.6379409135855006,-1.4251811527258331
4869,0.04302378970454761,-0.5028966958063285,-0.545920485510876
4870,0.5625897983365394,-0.3885335234150395,-0.9511233217515789
4871,0.36154178560082056,-0.46541569330552923,-0.8269574789063499
4872,0.6829062316825523,-0.5596239343989604,-1.2425301660815127
4873,0.5559996998046877,-0.39958236886582604,-0.9555820686705137
4874,0.5456483365020961,-0.5448238267567471,-1.0904721632588432
4875,0.04713670294145521,-0.5776896068360032,-0.6248263097774585
4876,0.3303636930057674,-0.5529934208912446,-0.883357113897012
4877,0.610644146247206,-0.482970191241102,-1.093614337488308
4878,0.6808191405647518,-0.3922121218083612,-1.0730312623731129
4879,0.841707104984057,-0.5152346860474828,-1.3569417910315398
4880,0.5062097919972528,-0.6485441205349836,-1.1547539125322364
4881,0.8017314401355357,-0.521846182497224,-1.3235776226327598
4882,0.4476314042648616,-0.551789699051088,-0.9994211033159496
4883,0.010199855504980294,-0.6026760576342847,-0.6128759131392649
4884,0.08737604822240912,-0.6876391745416811,-0.7750152227640902
4885,0.33811293725205055,-0.49954994618681947,-0.83766288343887
4886,0.6542572963453144,-0.5245538798097527,-1.178811176155067
4887,-0.506249353907069,-0.4852069796101151,0.021042374296953936
4888,-0.17930534564365438,-0.43331910159996556,-0.25401375595631115
4889,-0.06957296452128031,-0.4491586338594913,-0.379585669338211
4890,0.34128190853298646,-0.5609795621534548,-0.9022614706864412
4891,0.03849846066462984,-0.47720642664041557,-0.5157048873050454
4892,0.3252840013977985,-0.49312369023355357,-0.8184076916313521
4893,0.4857089464709665,-0.5727320330463009,-1.0584409795172673
4894,0.4037351316706085,-0.4543495876899483,-0.8580847193605567
4895,0.642849333421698,-0.43353415816382884,-1.0763834915855268
4896,1.0392537683157503,-0.5385060209765659,-1.5777597892923163
4897,0.29371386370525804,-0.4970393883232793,-0.7907532520285374
4898,-0.44290518980580895,-0.5629286033288248,-0.12002341352301582
4899,0.4985621158232758,-0.52422495858101,-1.022787074404286
4900,0.5200674144628876,-0.604475016536836,-1.1245424309997236
4901,0.2388503639340946,-0.47054284423536463,-0.7093932081694592
4902,0.4886828900543407,-0.47105830008474425,-0.9597411901390849
4903,0.8418967722126631,-0.5745744074433802,-1.4164711796560434
4904,0.7371139824480739,-0.7151940110888527,-1.4523079935369267
4905,0.1467230702933368,-0.5054957045160051,-0.652218774809342
4906,-0.3979949285620671,-0.6119084914946165,-0.21391356293254937
4907,0.6488693219015387,-0.5146530064398047,-1.1635223283413434
4908,0.7687286961579547,-0.6159501471143631,-1.3846788432723178
4909,0.18970184785146987,-0.5047359640289264,-0.6944378118803962
4910,1.0913348465890889,-0.5907276816509079,-1.6820625282399968
4911,0.6194137531457296,-0.6318703690529509,-1.2512841221986806
4912,-0.0771582533568918,-0.5182970810179544,-0.44113882766106255
4913,0.8817270642715165,-0.5762254913559155,-1.457952555627432
4914,-0.2444976336157963,-0.44967205462979093,-0.20517442101399463
4915,0.6411521832971548,-0.6550233825542456,-1.2961755658514005
4916,0.22123424566388178,-0.49266070685466096,-0.7138949525185427
4917,0.6151344993224892,-0.38570022917790336,-1.0008347285003927
4918,0.2786530521014241,-0.40769510623864624,-0.6863481583400703
4919,0.9044904500442834,-0.649604787208284,-1.5540952372525674
4920,0.6999621524677044,-0.7384577110914494,-1.4384198635591539
4921,0.3151422830206222,-0.21815247945414512,-0.5332947624747673
4922,0.07877128947839421,-0.22643816237740857,-0.3052094518558028
4923,0.7548269776387178,-0.5112994039754042,-1.266126381614122
4924,0.06695836376310185,-0.5618159178691077,-0.6287742816322095
4925,0.7637513210529832,-0.5895856228584619,-1.353336943911445
4926,-0.32105493628571724,-0.6019381893231694,-0.2808832530374522
4927,0.8025092046835399,-0.43756057820614547,-1.2400697828896854
4928,1.2308839213550735,-0.5196833415832586,-1.7505672629383322
4929,0.5259556242848789,-0.35518901626430455,-0.8811446405491834
4930,0.59483280927729,-0.2412985723048417,-0.8361313815821316
4931,0.006822345978231818,-0.37224740601762746,-0.3790697519958593
4932,-0.7075296151486102,-0.3068202455976079,0.40070936955100234
4933,1.3968612712705308,-0.657031496218033,-2.0538927674885636
4934,-0.13278252924485384,-0.48927183955239056,-0.3564893103075367
4935,-0.5008171300146217,-0.3801355544024244,0.12068157561219728
4936,-0.04327350148937659,-0.4487477443175867,-0.4054742428282101
4937,0.731842176507665,-0.5396976369889998,-1.271539813496665
4938,0.336055022292176,-0.3502407971442001,-0.6862958194363761
4939,0.7800200374590064,-0.4788549212285187,-1.258874958687525
4940,0.5062940355400863,-0.4728142150611891,-0.9791082506012754
4941,0.601355524405343,-0.64691798921237,-1.248273513617713
4942,0.25550573091795264,-0.4567203154995312,-0.7122260464174839
4943,0.5044490534250997,-0.5795900506500254,-1.0840391040751252
4944,0.41439281076274137,-0.6746243779161517,-1.089017188678893
4945,0.21939656572039035,-0.623214678040906,-0.8426112437612964
4946,0.6178310970048779,-0.616907304194551,-1.234738401199429
4947,0.5734627136652314,-0.5888895405119102,-1.1623522541771416
4948,1.1725085419227348,-0.21323907921499188,-1.3857476211377266
4949,0.40564527561311237,-0.5197651204818985,-0.9254103960950109
4950,-0.36610903810348394,-0.4751086972682829,-0.10899965916479898
4951,1.468516294356082,-0.5767689862573141,-2.0452852806133963
4952,1.0427268880813003,-0.5767601474059798,-1.6194870354872801
4953,0.6046781824295041,-0.4375703535005928,-1.042248535930097
4954,-0.05115698800584642,-0.6185519183935152,-0.56739493038766875
4955,-1.061331194184335,-0.5604781247185082,0.5008530694658269
4956,0.8182505190408567,-0.44536505628531897,-1.2636155753261757
4957,0.6921865860962892,-0.5733173213214385,-1.265503907417728
4958,0.22676132693828338,-0.38144125747303,-0.6082025844113134
4959,0.9953709278321108,-0.4538673384353176,-1.4492382662674284
4960,0.709687623074254,-0.49612208838557154,-1.2058097114598256
4961,0.36035398701211246,-0.3762785475208386,-0.7366325345329511
4962,0.45331144769833737,-0.49740730421205864,-0.950718751910396
4963,0.3992615018716944,-0.507511823156181,-0.9067733250278754
4964,0.49911353787593826,-0.6093108269488138,-1.108424364824752
4965,-0.10766063642166368,-0.6021108024236324,-0.49445016600196867
4966,0.07421914257124294,-0.5725545368932584,-0.6467736794645014
4967,-0.2008398414691618,-0.4889235048020021,-0.2880836633328403
4968,1.023346725818122,-0.6674333462659784,-1.6907800720841002
4969,0.24835135171284486,-0.5824532417979489,-0.8308045935107937
4970,0.4986918166676292,-0.8148564052306193,-1.3135482218982486
4971,0.5545033010789162,-0.26505520270860805,-0.8195585037875243
4972,0.375303217862319,-0.35564830870793945,-0.7309515265702584
4973,0.3398337360541684,-0.3473519244230131,-0.6871856604771815
4974,0.4146298466369234,-0.47368321337683345,-0.8883130600137569
4975,-0.1637986414728297,-0.5255217729398485,-0.3617231314670188
4976,0.2470610162043778,-0.5297928119508682,-0.7768538281552461
4977,0.49377489447774425,-0.5522800693427531,-1.0460549638204975
4978,0.3761624703089269,-0.7491619992656421,-1.125324469574569
4979,0.00249538762735473,-0.5790796108589347,-0.5815749984862894
4980,0.6699906643038209,-0.5737059050529949,-1.2436965693568158
4981,0.31494520407864607,-0.4895681432747544,-0.8045133473534005
4982,0.49035906361599424,-0.5395119664350855,-1.0298710300510798
4983,0.4580604557029642,-0.6891879640645473,-1.1472484197675115
4984,0.618441042028226,-0.7067368498435396,-1.3251778918717656
4985,0.6136726710711224,-0.5055516919054425,-1.1192243629765648
4986,0.5568102805330647,-0.6049276413696262,-1.1617379219026909
4987,0.5011856442415458,-0.6661668693184339,-1.1673525135599796
4988,0.44682880200214636,-0.8290702587677219,-1.2758990607698681
4989,0.5141970002796254,-0.7332820628820225,-1.247479063161648
4990,0.7920194689126867,-0.727318433271996,-1.5193379021846827
4991,0.7729071822420278,-0.8009746089741258,-1.5738817912161536
4992,0.8227402401764653,-0.7342832371976717,-1.5570234773741372
4993,0.8108610907889757,-0.679044813300489,-1.4899059040894649
4994,0.03657130282805836,-0.5953022963352133,-0.6318735991632716
4995,0.6354012324448111,-0.4128913666534289,-1.04829259909824
4996,0.6308188946296716,-0.5804748306600118,-1.2112937252896834
4997,0.5543691293430172,-0.5364338842700639,-1.090803013613081
4998,-0.03955179489718947,-0.5050029498715145,-0.46545115497432504
4999,0.454606056139057,-0.6486370827033527,-1.1032431388424098
5000,0.761164178530926,-0.5377568220105867,-1.2989210005415126
5001,0.9006887281641062,-0.49046610717336037,-1.3911548353374665
5002,1.0699335248581663,-0.5536347213084323,-1.6235682461665986
5003,0.28297302567075433,-0.6864381678249853,-0.9694111934957397
5004,0.6178761533733543,-0.6933620441089222,-1.3112381974822767
5005,0.6016290842606773,-0.5476767912268206,-1.1493058754874979
5006,0.6269031902495307,-0.34365314174876926,-0.9705563319982999
5007,0.6029873882239553,-0.3988437764555561,-1.0018311646795113
5008,0.5447772062537255,-0.29235137137673556,-0.8371285776304611
5009,0.7731552534432817,-0.5353926528099158,-1.3085479062531975
5010,0.3372625006862301,-0.669901456668905,-1.007163957355135
5011,0.898790679367039,-0.5319876030213828,-1.4307782823884219
5012,0.6817770159160641,-0.5307818809167341,-1.2125588968327983
5013,0.5245697638698636,-0.6314040823413345,-1.1559738462111981
5014,0.6657785327027631,-0.4581939285312428,-1.1239724612340058
5015,0.7889370582719939,-0.41653339373493053,-1.2054704520069244
5016,0.5517958329698207,-0.501764087468467,-1.0535599204382877
5017,1.168967847937069,-0.4010976569292377,-1.5700655048663068
5018,0.7159622277262804,-0.5348614962159594,-1.2508237239422397
5019,0.12302210589182405,-0.3160975250352266,-0.43911963092705064
5020,-0.49206877366755913,-0.36693183859674555,0.12513693507081358
5021,-0.24130112148387975,-0.39483597674450144,-0.1535348552606217
5022,0.2750909653478034,-0.6250565606303656,-0.900147525978169
5023,0.5090281097772453,-0.4617709605893378,-0.9707990703665832
5024,0.10655318324269877,-0.7584338830178419,-0.8649870662605407
5025,0.5238583793758874,-0.6145332898771221,-1.1383916692530094
5026,0.5482627754866293,-0.6454317641257269,-1.1936945396123562
5027,0.8558164691462868,-0.6172531189864472,-1.473069588132734
5028,0.24012693483321781,-0.5011678065424663,-0.7412947413756841
5029,0.05704206506336513,-0.6630776054938432,-0.7201196705572084
5030,0.3500830938565023,-0.5089824976505489,-0.8590655915070513
5031,0.3200564727374646,-0.6974376510559631,-1.0174941237934276
5032,0.38415477278233146,-0.6452344751153741,-1.0293892478977056
5033,0.10996944061844498,-0.40857612977308727,-0.5185455703915323
5034,0.48560884699383566,-0.47344836991374156,-0.9590572169075773
5035,0.28932423740033736,-0.5212158063249792,-0.8105400437253165
5036,-0.30279803468420197,-0.5179650096680473,-0.2151669749838453
5037,1.0017810457066305,-0.49278250714584715,-1.4945635528524777
5038,0.914319621159927,-0.5288572200309049,-1.443176841190832
5039,0.061810073112059084,-0.5010303623346744,-0.5628404354467335
5040,0.8036754124582531,-0.5990802219518234,-1.4027556344100764
5041,0.30604492636009034,-0.6316775238305536,-0.937722450190644
5042,0.19642141444340788,-0.5249945251812028,-0.7214159396246107
5043,0.425089021382216,-0.7081773960567241,-1.1332664174389402
5044,0.8288873220740657,-0.5066715303211599,-1.3355588523952255
5045,0.6238343127619885,-0.5289157438277241,-1.1527500565897126
5046,0.19042501553666494,-0.44953701081408587,-0.6399620263507508
5047,0.0928512864406487,-0.47367266802393343,-0.5665239544645821
5048,0.9386496050898198,-0.44048129555157844,-1.3791309006413983
5049,1.3426337822099308,-0.5188687879942857,-1.8615025702042165
5050,0.32669313012907425,-0.5000587183489473,-0.8267518484780216
5051,0.6573254997185717,-0.5296456898783268,-1.1869711895968984
5052,0.5550517585993056,-0.5000857259331183,-1.0551374845324237
5053,0.05510059427116053,-0.7590154247689831,-0.8141160190401436
5054,0.7547537793090591,-0.537339991266487,-1.292093770575546
5055,-0.10674977333724926,-0.46173986961494173,-0.35499009627769246
5056,1.1996074284420253,-0.6122082946805071,-1.8118157231225323
5057,1.5311505135658583,-0.5920596591016778,-2.123210172667536
5058,0.27398236642827856,-0.5539849696635991,-0.8279673360918777
5059,1.096141065568939,-0.5672519051068319,-1.6633929706757709
5060,1.162315874473126,-0.5265331032065398,-1.6888489776796658
5061,0.3948677379371202,-0.3640063750720826,-0.7588741130092028
5062,-0.3004800826685307,-0.35291562898456813,-0.05243554631603742
5063,0.8952616122084065,-0.43476042114882985,-1.3300220333572363
5064,0.38224498108284827,-0.3552840211592505,-0.7375290022420988
5065,0.3385173771358153,-0.4166494445462903,-0.7551668216821057
5066,0.645609146402071,-0.48160950801118085,-1.1272186544132519
5067,0.3354799359655003,-0.5225911005855535,-0.8580710365510538
5068,0.4930687533430436,-0.5331077639179321,-1.0261765172609758
5069,0.45540937805093035,-0.4339235650270346,-0.889332943077965
5070,0.4406788035242593,-0.671501193182669,-1.1121799967069284
5071,0.41134557634136776,-0.6178071728490689,-1.0291527491904366
5072,0.6633687939050189,-0.5890038244048311,-1.25237261830985
5073,0.13252153115653528,-0.5916903795110956,-0.7242119106676309
5074,0.4043623113520091,-0.5646886093608293,-0.9690509207128384
5075,0.3270857575036837,-0.7194389279433592,-1.046524685447043
5076,0.7310068890350008,-0.4669678840056327,-1.1979747730406336
5077,0.882841309658821,-0.3864405115167218,-1.2692818211755428
5078,0.2581627817959359,-0.37356677931075355,-0.6317295611066894
5079,0.2961567497466756,-0.3573614790073284,-0.653518228754004
5080,0.13238860452895973,-0.3808570641800397,-0.5132456687089995
5081,-0.4022445850674569,-0.42924661683490734,-0.02700203176745042
5082,0.39908334132693285,-0.42990631624318226,-0.8289896575701151
5083,-0.013582059422276527,-0.40237296191033184,-0.3887909024880553
5084,0.7739883759745196,-0.32694981844716237,-1.100938194421682
5085,0.7877983832074537,-0.4901748596085464,-1.277973242816
5086,0.6168113251042702,-0.5031525967572604,-1.1199639218615305
5087,0.5474288294691189,-0.37904406058865175,-0.9264728900577706
5088,0.47632975751779205,-0.31391554071857597,-0.790245298236368
5089,0.31418256590498644,-0.3080959633177317,-0.6222785292227182
5090,0.5688463931179768,-0.5083306179756734,-1.0771770110936503
5091,0.5627584676266084,-0.4246781230637763,-0.9874365906903847
5092,0.32125487991086876,-0.5513075648056166,-0.8725624447164854
5093,-0.05186245890815062,-0.5254768418281722,-0.4736143829200216
5094,0.9168079272479791,-0.43384133360613125,-1.3506492608541103
5095,-0.05250997271975729,-0.44004746949851753,-0.38753749677876026
5096,0.20547116503214874,-0.5116744265436662,-0.7171455915758149
5097,-0.31821693570059384,-0.6062645279380593,-0.28804759223746546
5098,-0.4948196604075664,-0.7058030240581902,-0.21098336365062376
5099,0.41160058420649315,-0.3449199629077776,-0.7565205471142707
5100,0.4077916305852126,-0.30045562537169623,-0.70824725595690885
5101,0.08522091024970188,-0.4898592106402882,-0.57508012088999
5102,-0.5527000094764899,-0.5339867927177613,0.018713216758728612
5103,0.9590063177612886,-0.5478726953465634,-1.506879013107852
5104,1.0506010010835376,-0.3655203163527039,-1.4161213174362415
5105,0.464799783009863,-0.5869166567049753,-1.0517164397148382
5106,0.2630854361196213,-0.5711951598251852,-0.8342805959448065
5107,0.29674055415186207,-0.7208047790656238,-1.0175453332174857
5108,-0.019051438586407832,-0.542460209312558,-0.5234087707261502
5109,0.2201003588352198,-0.4816072830483626,-0.7017076418835824
5110,1.0163404063171575,-0.6370432283693237,-1.6533836346864812
5111,-0.3035355307000774,-0.8360987716428453,-0.5325632409427679
5112,0.2826514543363479,-0.733395721781758,-1.016047176118106
5113,0.4043370385062228,-0.6181505831647405,-1.0224876216709633
5114,0.026867622601988144,-0.8244298210463035,-0.8512974436482916
5115,0.06262604186145622,-0.493756902323642,-0.5563829441850983
5116,0.4141219001646758,-0.5103330968567071,-0.9244549970213829
5117,0.78349258334409,-0.7174884231394651,-1.5009810064835551
5118,-0.3608790279694225,-0.6894172141774244,-0.3285381862080019
5119,0.5523530501023776,-0.5231408632651762,-1.0754939133675538
5120,0.08889877060883229,-0.4512309523056272,-0.5401297229144595
5121,0.48568455235437524,-0.33859985148659144,-0.8242844038409667
5122,0.49709266463134355,-0.5998500172895885,-1.096942681920932
5123,0.19089752076506175,-0.6415711933197071,-0.8324687140847689
5124,1.0985300020593314,-0.3318858138588474,-1.4304158159181788
5125,1.034230495016946,-0.3983303868728165,-1.4325608818897626
5126,0.794094676091322,-0.5497470018657628,-1.3438416779570848
5127,1.929971948527182,-0.3366507479233073,-2.266622696450489
5128,0.27567023416024716,-0.7200675608393209,-0.995737794999568
5129,0.28713499725755653,-0.4721153732502499,-0.7592503705078064
5130,0.794869023392739,-0.4298210386755803,-1.2246900620683192
5131,0.15608461262553538,-0.3451322160836116,-0.501216828709147
5132,0.363877017543924,-0.497648722434085,-0.861525739978009
5133,-0.16796494722243643,-0.5797989007326422,-0.41183395351020574
5134,1.3620724555879313,-0.6129283366792291,-1.9750007922671604
5135,0.3346191282152315,-0.4182296769030414,-0.7528488051182729
5136,0.46530635724015684,-0.6152042592354705,-1.0805106164756273
5137,-0.02406838981739794,-0.41302265638141283,-0.3889542665640149
5138,0.7667622826008694,-0.5983680891573739,-1.3651303717582435
5139,0.5982755179878811,-0.4551002131103442,-1.0533757310982255
5140,0.3696617458073844,-0.4906924902535115,-0.860354236060896
5141,-0.24076334528304288,-0.5135781723026113,-0.2728148270195684
5142,0.19214620983221367,-0.47147659171802464,-0.6636228015502383
5143,0.07468574606924133,-0.5454698810277987,-0.6201556270970401
5144,0.34263162186372564,-0.4516338823460097,-0.7942655042097353
5145,0.11922718668006929,-0.5766544031014262,-0.6958815897814955
5146,-0.8694984529386943,-0.7131920068338998,0.1563064461047945
5147,-0.0495707741191604,-0.6127092823069542,-0.5631385081877938
5148,0.3641286363239834,-0.6573061664201575,-1.021434802744141
5149,0.28475768637365684,-0.41737079488344503,-0.7021284812571018
5150,0.13448704589790209,-0.44421169128804433,-0.5786987371859464
5151,-0.655193486087811,-0.4776473067869618,0.1775461793008492
5152,0.25418435838704434,-0.48481799677907605,-0.7390023551661205
5153,0.28089851897126883,-0.7088667083423311,-0.9897652273136
5154,-0.14885851678598427,-0.5122660940479506,-0.3634075772619664
5155,0.8332490334631837,-0.43159990832408324,-1.264848941787267
5156,0.3179321679041686,-0.4903648143398455,-0.8082969822440141
5157,0.5249527021175483,-0.45171482668324503,-0.9766675288007933
5158,0.13136230091401782,-0.5975859438267032,-0.728948244740721
5159,1.2304083985546745,-0.5468718620269775,-1.777280260581652
5160,0.17795099161997371,-0.5864540074078584,-0.7644049990278321
5161,0.08850946224428599,-0.6279966522687639,-0.7165061145130499
5162,-0.4000293504296812,-0.7923266498327728,-0.3922972994030916
5163,0.4997676804930244,-0.7012747252175087,-1.2010424057105331
5164,0.1465970559495697,-0.7089343167063742,-0.8555313726559439
5165,0.17605185996478612,-0.677887205183662,-0.8539390651484481
5166,-0.09676117434332379,-0.5709396233901793,-0.4741784490468556
5167,0.23278809640573658,-0.3810005627006073,-0.6137886591063438
5168,-0.12489620564152079,-0.5394093633240545,-0.4145131576825337
5169,-0.1358062789834095,-0.4541770306909465,-0.31837075170753704
5170,0.06692107664839246,-0.5694483228288554,-0.6363693994772478
5171,0.45600017633355144,-0.4822400742482607,-0.9382402505818122
5172,0.6250739309384447,-0.3537761822181864,-0.9788501131566311
5173,0.7937714389468448,-0.38515885893801677,-1.1789302978848615
5174,-0.04203799407486884,-0.4712893237952124,-0.4292513297203435
5175,0.6757454900189093,-0.3804968599459398,-1.056242349964849
5176,0.14222147214468422,-0.5003912729268196,-0.6426127450715038
5177,0.09134078433124473,-0.4859482260219422,-0.5772890103531869
5178,0.6666636273918043,-0.6515200355295465,-1.3181836629213508
5179,0.04645850858385271,-0.7306643451076739,-0.7771228536915266
5180,0.0985258927606007,-0.6356073163155425,-0.7341332090761432
5181,0.7017501057886796,-0.6098455248429328,-1.3115956306316123
5182,0.7024958904563213,-0.637646203518356,-1.3401420939746773
5183,-0.48589346136006434,-0.4685978593729736,0.017295601987090736
5184,0.8902038084448416,-0.4623477970917473,-1.352551605536589
5185,0.7828341723394487,-0.4879964131121761,-1.2708305854516249
5186,0.7524181186541016,-0.5045918794518542,-1.2570099981059557
5187,0.3030387385261896,-0.46240620416404743,-0.765444942690237
5188,0.41800279957946584,-0.4222445679599856,-0.8402473675394515
5189,0.2422599512463111,-0.2239454649076285,-0.4662054161539396
5190,0.8164183015103265,-0.29777418679311757,-1.114192488303444
5191,0.1894237269117599,-0.5545758969452828,-0.7439996238570427
5192,0.4736649045212153,-0.4641822314755474,-0.9378471359967626
5193,0.3591049137548034,-0.41133113216873396,-0.7704360459235373
5194,0.5766771403199684,-0.4898569439282815,-1.06653408424825
5195,0.14963816884818731,-0.43481742448246463,-0.5844555933306519
5196,0.3848564539656436,-0.2803481722239612,-0.6652046261896047
5197,0.3029776682414382,-0.3866582121418578,-0.689635880383296
5198,-0.13061401730194144,-0.5587194384191513,-0.42810542111720984
5199,-0.25593686870040655,-0.5252255689774226,-0.269288700277016
5200,-0.18743183908319241,-0.5774081511968889,-0.38997631211369654
5201,0.09604850308105652,-0.5117637933735668,-0.6078122964546233
5202,0.37976371204376874,-0.40051959568310436,-0.7802833077268732
5203,0.26666571239446846,-0.28464879002874344,-0.5513145024232119
5204,-0.039675084589938014,-0.2177644452296103,-0.1780893606396723
5205,0.9072822715738326,-0.7707612344156503,-1.678043505989483
5206,1.0608421788329137,-0.7967502939126684,-1.8575924727455821
5207,0.6578763309617812,-0.47570650820188587,-1.133582839163667
5208,0.9414584509948305,-0.5895144104215257,-1.5309728614163562
5209,-0.028219184130285513,-0.5488039123019063,-0.5205847281716207
5210,-0.4956794291933913,-0.5360777305816786,-0.04039830138828732
5211,1.0952932332869398,-0.3326570365711848,-1.4279502698581246
5212,0.6328341842717131,-0.3232991407393361,-0.9561333250110492
5213,0.4339338361816679,-0.38787643315607634,-0.8218102693377443
5214,1.0928195770082918,-0.5654316049516943,-1.658251181959986
5215,0.09771044232622836,-0.46021861032512446,-0.5579290526513528
5216,0.9536636636896269,-0.5896285603819166,-1.5432922240715434
5217,0.13847456496036328,-0.32075957470399413,-0.45923413966435744
5218,0.9017532165188958,-0.7909903813292758,-1.6927435978481715
5219,0.611426058616971,-0.8299753797638583,-1.4414014383808293
5220,0.45536629760743375,-0.5820390413761702,-1.037405338983604
5221,0.09627244095326132,-0.6727363855332629,-0.7690088264865242
5222,-0.05198122284064736,-0.7078723126151629,-0.6558910897745156
5223,0.2943538225175298,-0.4622935240494219,-0.7566473465669517
5224,0.7501507080856457,-0.41463995875311466,-1.1647906668387602
5225,0.1314895776572312,-0.6081297091113875,-0.7396192867686188
5226,0.45728701661766824,-0.5005691641888051,-0.9578561808064734
5227,0.22049748251771986,-0.3864818020190649,-0.6069792845367847
5228,0.3433200527667907,-0.15890165702747067,-0.5022217097942614
5229,0.06173985005842203,-0.3666041039609139,-0.42834395401933595
5230,0.700550581777079,-0.3540867433801339,-1.0546373251572128
5231,-0.2573236791277373,-0.6466700532712931,-0.38934637414355583
5232,-0.0979568163764426,-0.4684678811154662,-0.3705110647390236
5233,-0.03065130262860131,-0.4622499586704189,-0.4315986560418176
5234,0.8226590129152266,-0.38189615439595487,-1.2045551673111814
5235,0.3168345451306347,-0.40501336177149894,-0.7218479069021336
5236,0.34375987946552417,-0.7588187459266502,-1.1025786253921743
5237,0.3122492546562391,-0.7404606857818818,-1.0527099404381208
5238,0.7369156342646831,-0.6071337656289555,-1.3440493998936387
5239,-0.06724634631862075,-0.5289506540141139,-0.46170430769549314
5240,0.01782745530695155,-0.5640532296275119,-0.5818806849344634
5241,0.21735553197854682,-0.5915091488546761,-0.8088646808332229
5242,0.32654847112324126,-0.5381956308344655,-0.8647441019577068
5243,0.19517908492745276,-0.4421246830119367,-0.6373037679393895
5244,0.8990071478410271,-0.4395589172268477,-1.3385660650678748
5245,0.3053514860586557,-0.5183055297766306,-0.8236570158352863
5246,0.7135954373682785,-0.4323585622077609,-1.1459539995760393
5247,0.4464165772935452,-0.3941346259053221,-0.8405512031988673
5248,0.9466962841829256,-0.5253389025779587,-1.4720351867608843
5249,0.6127458265114487,-0.6455807879269927,-1.2583266144384413
5250,0.6545545920745471,-0.5952514037241702,-1.2498059957987173
5251,1.2051550366132362,-0.46853658196932974,-1.6736916185825659
5252,0.6464718925774888,-0.2561603579841023,-0.9026322505615911
5253,-0.22497589987786995,-0.330375270993998,-0.10539937111612804
5254,0.5899477087378332,-0.46650018733237747,-1.0564478960702106
5255,0.8561652135395985,-0.48795666893681616,-1.3441218824764147
5256,0.3525619731294186,-0.5050577913609765,-0.8576197644903951
5257,1.0474895357070027,-0.48189799468454964,-1.5293875303915523
5258,0.2364398649649672,-0.4620572220790447,-0.6984970870440119
5259,0.3207079749863603,-0.5987317227682651,-0.9194396977546254
5260,0.06363203593431528,-0.46095511531425337,-0.5245871512485687
5261,0.774219045065837,-0.3602539951097944,-1.1344730401756316
5262,0.545792374547837,-0.3994968596108667,-0.9452892341587037
5263,0.7256495754960707,-0.39177600715382804,-1.1174255826498987
5264,1.226212789780181,-0.3563419033566517,-1.5825546931368326
5265,0.9999484035964947,-0.36094572501591227,-1.360894128612407
5266,-0.41935890211846966,-0.6278722878260008,-0.20851338570753114
5267,0.7293324621660138,-0.666079410019621,-1.3954118721856348
5268,0.5060042380395201,-0.8373430268002463,-1.3433472648397664
5269,-0.018774547592731596,-0.7460325516199883,-0.7272580040272567
5270,0.2624005233924556,-0.644504501938718,-0.9069050253311737
5271,0.6971148303237468,-0.7039558570891246,-1.4010706874128713
5272,0.2494880448521952,-0.7138869734346304,-0.9633750182868256
5273,0.4444424069801925,-0.4974554233083555,-0.941897830288548
5274,0.05183171569730914,-0.33186295826347617,-0.3836946739607853
5275,0.9646721136712815,-0.5164641494930434,-1.4811362631643248
5276,0.6793266017405518,-0.3450422247641895,-1.0243688265047413
5277,0.2762686802937994,-0.3718242677411997,-0.6480929480349991
5278,0.3513416113029529,-0.31001628424922845,-0.6613578955521813
5279,-0.058884978895265054,-0.46884097231998356,-0.4099559934247185
5280,0.37459423318914253,-0.6185075743984413,-0.9931018075875838
5281,0.31831573434159394,-0.5447447575401975,-0.8630604918817915
5282,0.04800238438220622,-0.5496360282316611,-0.5976384126138674
5283,0.586538524332227,-0.5074702258509419,-1.094008750183169
5284,0.8290230866644193,-0.6535966731456576,-1.4826197598100768
5285,-0.27198446301374074,-0.4783583231283201,-0.20637386011457937
5286,-0.011402599457967871,-0.4695870518952898,-0.458184452437322
5287,0.022368361862541264,-0.5598565222732843,-0.5822248841358255
5288,0.0871912790304995,-0.5839139638978508,-0.6711052429283503
5289,0.2393472951837842,-0.6518840412780929,-0.891231336461877
5290,0.6492143352987217,-0.48892393945274004,-1.1381382747514617
5291,0.4754592449422516,-0.6446447660924834,-1.1201040110347351
5292,1.3398925988085815,-0.3370059005057704,-1.6768984993143519
5293,0.7289145970385532,-0.19157537379627254,-0.9204899708348258
5294,0.06181291173145346,-0.2953667328103217,-0.3571796445417752
5295,0.7413092257973872,-0.31828103495440024,-1.0595902607517875
5296,-0.30084600124768474,-0.2812445260362433,0.019601475211441455
5297,0.38142030674339533,-0.6387509243358961,-1.0201712310792914
5298,0.10630763157092347,-0.6522102686323756,-0.7585179002032991
5299,0.5114661141547092,-0.6618714187140138,-1.173337532868723
5300,0.607636196594766,-0.6631987385952651,-1.270834935190031
5301,0.3146647795190176,-0.6700097253723534,-0.984674504891371
5302,0.4856384645518719,-0.624433838230035,-1.1100723027819068
5303,0.47767740459263003,-0.6320794996312953,-1.1097569042239253
5304,1.0636297745210739,-0.29884762383160096,-1.3624773983526748
5305,0.01231805479299013,-0.12463395005338883,-0.13695200484637896
5306,1.6292068295799829,-0.44007444900047155,-2.0692812785804544
5307,1.2031279053400112,-0.5133815200152797,-1.7165094253552908
5308,0.6214773047041231,-0.4513598540155412,-1.0728371587196643
5309,-0.26199730132628235,-0.5516475617004906,-0.2896502603742082
5310,0.6157956670731329,-0.7885117089900503,-1.4043073760631832
5311,0.6197120545932909,-0.6674984875603037,-1.2872105421535947
5312,0.36863759139960156,-0.6028102548393848,-0.9714478462389864
5313,0.5927462678392046,-0.6326887166825351,-1.2254349845217396
5314,-0.0821045320679766,-0.5875917527448705,-0.5054872206768939
5315,-0.08101535058305315,-0.5370897951584993,-0.45607444457544616
5316,0.4549220673137717,-0.5300666269209582,-0.9849886942347299
5317,0.5849621139264761,-0.6365984223109928,-1.2215605362374689
5318,1.147204116493175,-0.5467061907228298,-1.6939103072160049
5319,0.5161982005800864,-0.5762196247363457,-1.092417825316432
5320,-0.11575199546696785,-0.8273175975254904,-0.7115656020585226
5321,0.6433835896798722,-0.6928634068935863,-1.3362469965734585
5322,0.34216314771816614,-0.5063209802491233,-0.8484841279672894
5323,0.4582911770455818,-0.5442762537864964,-1.0025674308320782
5324,0.4456688314783045,-0.6055714273803204,-1.051240258858625
5325,0.5836791466292083,-0.5500935248442267,-1.133772671473435
5326,0.7921069575421259,-0.4781479414470122,-1.2702548989891382
5327,1.143570983118975,-0.35471240930874226,-1.4982833924277172
5328,0.5916606261624683,-0.6368118113384396,-1.228472437500908
5329,0.6900051255491824,-0.3344240560320947,-1.0244291815812772
5330,-0.23515590181630067,-0.38651164702526736,-0.1513557452089667
5331,1.1555494927909309,-0.42329576272480574,-1.5788452555157366
5332,0.5083862104108708,-0.4961976247305172,-1.004583835141388
5333,-0.4437843065698595,-0.7398872139108423,-0.2961029073409828
5334,0.342387664065769,-0.6979333218444432,-1.0403209859102123
5335,0.2770717907962015,-0.5740192342217048,-0.8510910250179062
5336,0.4689435520953301,-0.5488701448621995,-1.0178136969575298
5337,-0.6338981614591678,-0.32931404293755095,0.3045841185216168
5338,-0.11509533688348575,-0.546427255220948,-0.4313319183374623
5339,0.41044787366099206,-0.48273151093012673,-0.8931793845911188
5340,0.2933342031807676,-0.34075405528789504,-0.6340882584686627
5341,0.3526069790670377,-0.49736276573582106,-0.8499697448028587
5342,0.19612402894745315,-0.6504343635501714,-0.8465583924976245
5343,0.4521628373508946,-0.6876853637728548,-1.1398482011237494
5344,0.6121091767798682,-0.5905239643989828,-1.202633141178851
5345,0.4374935230972763,-0.44992524160526165,-0.887418764702538
5346,1.0293641392281834,-0.5399440826895857,-1.569308221917769
5347,0.25259870635872606,-0.7035551195910467,-0.9561538259497727
5348,0.5474084206952118,-0.6981564343656219,-1.2455648550608336
5349,0.5926773113045454,-0.7194650863299815,-1.3121423976345268
5350,0.18962554296079998,-0.7067143313268115,-0.8963398742876114
5351,0.7873923868306957,-0.5509319659742092,-1.338324352804905
5352,0.2885832809568499,-0.39522996760041307,-0.683813248557263
5353,0.8457643080455286,-0.3836346740464195,-1.229398982091948
5354,0.5895184663250044,-0.48601827762491123,-1.0755367439499155
5355,1.255558014667908,-0.41259388977818345,-1.6681519044460913
5356,0.18037978289337248,-0.6287401888109138,-0.8091199717042863
5357,0.5445943622790571,-0.5281432964749315,-1.0727376587539887
5358,0.6695087259728577,-0.3717519765265361,-1.0412607024993938
5359,0.6871344273883491,-0.37905525571982285,-1.0661896831081719
5360,0.3315546967035697,-0.482012481420805,-0.8135671781243747
5361,-0.12511472228392428,-0.5616821782462109,-0.43656745596228663
5362,-0.7173995462253748,-0.4130203595886866,0.3043791866366882
5363,0.16775633384611585,-0.5193934660969058,-0.6871497999430217
5364,-0.018798584709906956,-0.6381978851472764,-0.6193993004373695
5365,0.9311187267447607,-0.6854516510101657,-1.6165703777549263
5366,0.7181581139608817,-0.4262283650022339,-1.1443864789631155
5367,0.6674551151754359,-0.5046245024990557,-1.1720796176744916
5368,0.7517368314637132,-0.5054105555374125,-1.2571473870011256
5369,0.4209120162583936,-0.31524478305502185,-0.7361567993134155
5370,-0.15326165358399924,-0.47298418596445285,-0.3197225323804536
5371,-0.013144431659817862,-0.4631904795074278,-0.45004604784760993
5372,0.9834889877668095,-0.5090390864639988,-1.4925280742308082
5373,0.3879751850086043,-0.7176903382372906,-1.1056655232458947
5374,0.22572670466390957,-0.6329499080975228,-0.8586766127614324
5375,0.8565480911671941,-0.8373247949790956,-1.6938728861462897
5376,0.6424053888482151,-0.48832743461444494,-1.13073282346266
5377,0.17899982240279474,-0.5246867551431851,-0.7036865775459799
5378,0.3346983234451554,-0.518622162630999,-0.8533204860761544
5379,0.11879412994358361,-0.5607570399683516,-0.6795511699119352
5380,-0.09669297592134407,-0.38826497921344083,-0.29157200329209676
5381,0.8231813721078336,-0.5743552701520375,-1.3975366422598712
5382,1.4260873719879186,-0.6685402766082446,-2.094627648596163
5383,1.0853980382799233,-0.5315324569408537,-1.616930495220777
5384,1.2380978948762442,-0.5581270009748498,-1.796224895851094
5385,-0.008491163211989783,-0.4767660574756917,-0.4682748942637019
5386,0.3809925624030216,-0.4323918209413085,-0.8133843833443302
5387,0.33227587638951767,-0.40804578530493424,-0.7403216616944519
5388,0.4256889926498114,-0.4184735678688107,-0.844162560518622
5389,0.6155192664118847,-0.4785395892454787,-1.0940588556573634
5390,0.2716835390982105,-0.5456501866407424,-0.8173337257389529
5391,0.5653107982362969,-0.33365142482614596,-0.8989622230624429
5392,-0.026879923335647073,-0.4121477653097759,-0.38526784197412883
5393,0.2779204451887532,-0.5311488809977194,-0.8090693261864725
5394,0.011504336328990335,-0.4282113484687694,-0.43971568479775974
5395,0.38662918097143534,-0.5335433783101782,-0.9201725592816135
5396,0.7272679204609215,-0.28633249067301253,-1.013600411133934
5397,-0.1898010018516221,-0.5981079088514462,-0.4083069069998241
5398,0.027969672358596754,-0.6622314575627897,-0.6902011299213864
5399,0.6431708001010442,-0.546660317924421,-1.1898311180254653
5400,0.21386750091908702,-0.6278844687949069,-0.8417519697139939
5401,0.1783489397629251,-0.4343648751325302,-0.6127138148954553
5402,0.281528680235464,-0.48986050698936506,-0.7713891872248291
5403,0.06489527810514678,-0.35089755650710275,-0.41579283461224953
5404,0.23824688710977365,-0.42797369497803517,-0.6662205820878089
5405,-0.24415270951180337,-0.46554822509859134,-0.22139551558678797
5406,0.12768467755212393,-0.547817609882644,-0.675502287434768
5407,0.7133726779483255,-0.41829186521720324,-1.1316645431655288
5408,0.6851956007420382,-0.39898037821501503,-1.0841759789570533
5409,0.4973240324756696,-0.4818322849851158,-0.9791563174607854
5410,-0.5297550499531005,-0.579796932373408,-0.05004188242030749
5411,0.9072033676307545,-0.6133253772520479,-1.5205287448828024
5412,0.48107287664990167,-0.7917073718926217,-1.2727802485425235
5413,0.24659794638567833,-0.8018347458798775,-1.0484326922655558
5414,0.5312221408954493,-0.8293734460023116,-1.3605955868977608
5415,-0.5111611483195824,-0.36565024300904964,0.14551090531053273
5416,-0.19635172621961075,-0.3698727389974794,-0.17352101277786866
5417,0.7898423143389939,-0.44266711066970177,-1.2325094250086956
5418,1.2251723367809708,-0.5224838447493501,-1.7476561815303209
5419,0.525825453630031,-0.3840411290312208,-0.9098665826612518
5420,-0.0705719871372615,-0.47215409380955975,-0.40158210667229827
5421,0.7147756017765091,-0.44189193496887463,-1.1566675367453838
5422,0.5745483085614695,-0.3677551148098007,-0.9423034233712703
5423,0.08753910973214406,-0.42237702659106036,-0.5099161363232044
5424,-0.007654976755420087,-0.37853612220571975,-0.37088114545029965
5425,0.23943398005375072,-0.27620068806264664,-0.5156346681163974
5426,0.6333067533057465,-0.49613862125763464,-1.1294453745633812
5427,0.48671844266959724,-0.44748667231662687,-0.934205114986224
5428,1.0925056722942093,-0.6049482973635951,-1.6974539696578044
5429,0.47542021067700274,-0.7706527516182653,-1.246072962295268
5430,-0.029007738054792273,-0.6065739582720668,-0.5775662202172746
5431,0.09321298657864643,-0.4370486838986017,-0.5302616704772481
5432,0.21937960506560103,-0.6470579211619378,-0.8664375262275389
5433,0.3639687335952808,-0.5857175197690159,-0.9496862533642967
5434,0.3767101029578218,-0.6546583492287018,-1.0313684521865236
5435,0.3191299908125504,-0.7759724948631805,-1.095102485675731
5436,0.23500731913403555,-0.7217961686480574,-0.956803487782093
5437,0.2588032538866396,-0.6609505303375776,-0.9197537842242172
5438,0.5251058603114909,-0.6915321738966823,-1.2166380342081733
5439,0.5337741015789885,-0.2944014888423494,-0.8281755904213379
5440,0.5828179423513477,-0.31169086173047295,-0.8945088040818205
5441,0.4619797765041574,-0.30023168051025734,-0.7622114570144147
5442,-0.1767769684096246,-0.5102020763739957,-0.33342510796437114
5443,0.15308331639060851,-0.6022959064433527,-0.7553792228339613
5444,0.28250591418366305,-0.7004345621082043,-0.9829404762918674
5445,0.18936501713234746,-0.571335459840441,-0.7607004769727884
5446,0.6155188155728296,-0.45749650750083054,-1.07301532307366
5447,0.6398797056278384,-0.4531529283001397,-1.0930326339279781
5448,-0.09798639358262834,-0.42916752211092823,-0.3311811285282999
5449,0.37082754665677714,-0.5484061952010756,-0.9192337418578527
5450,0.07556890725562215,-0.37205316073295397,-0.4476220679885761
5451,0.6146774139765123,-0.3761335820009469,-0.9908109959774591
5452,0.49274017287967553,-0.5972158387877866,-1.089956011667462
5453,0.7856916105985633,-0.6380598769807371,-1.4237514875793003
5454,0.757745286923123,-0.5960060969093858,-1.3537513838325088
5455,0.4567979387709981,-0.6254680895095819,-1.08226602828058
5456,0.7959818662144305,-0.5145573634147442,-1.3105392296291747
5457,0.5087702543977003,-0.5066666918318152,-1.0154369462295154
5458,1.0124192070163374,-0.4473539499712892,-1.4597731569876267
5459,0.48977290904041637,-0.49552869316394405,-0.9853016022043604
5460,0.6531420839688149,-0.5233675307822125,-1.1765096147510274
5461,0.5080347814705347,-0.4697981608049179,-0.9778329422754526
5462,-0.09382395096782407,-0.5416204339857064,-0.4477964830178823
5463,0.04659090329500391,-0.5854181562072714,-0.6320090595022754
5464,0.45841092636244896,-0.486743850602446,-0.9451547769648949
5465,0.3050952192206935,-0.6136984835091187,-0.9187937027298122
5466,0.6938336810145496,-0.677521672443405,-1.3713553534579546
5467,0.2847816254173105,-0.47036162528587283,-0.7551432507031833
5468,0.5837139726295695,-0.40029562094309273,-0.9840095935726623
5469,0.7790007032588486,-0.5062220871710994,-1.285222790429948
5470,0.31735264018727083,-0.6980390596720158,-1.0153916998592867
5471,0.9864820394359703,-0.6294096438474184,-1.6158916832833887
5472,0.30202224238744924,-0.5096940674456149,-0.8117163098330641
5473,-0.10917967186579572,-0.41205330293005193,-0.30287363106425624
5474,0.3715640339299736,-0.3525961173811356,-0.7241601513111092
5475,0.7348873995818734,-0.5264603522798954,-1.2613477518617688
5476,0.7306204396235414,-0.5693822700281161,-1.3000027096516575
5477,0.5388325830552663,-0.49318861299671685,-1.0320211960519832
5478,0.983061671021858,-0.5375000763504991,-1.5205617473723572
5479,0.3647805309498259,-0.6680628504849703,-1.0328433814347961
5480,0.18258851800605475,-0.5550687701446205,-0.7376572881506753
5481,-0.21815194081317454,-0.4881508054563967,-0.2699988646432222
5482,0.18501276918030282,-0.45303264894861317,-0.638045418128916
5483,0.2254442780470895,-0.5434454808847073,-0.7688897589317969
5484,-0.09387326949577653,-0.5559974328585932,-0.46212416336281664
5485,0.02169656126591537,-0.5624788184775773,-0.5841753797434927
5486,1.0339019520339523,-0.43949060949709745,-1.4733925615310497
5487,0.5700338974532568,-0.2211876945216451,-0.7912215919749019
5488,0.6132470421426882,-0.32658506647894475,-0.939832108621633
5489,0.5565027131126312,-0.46952583458054487,-1.026028547693176
5490,0.8310517552052026,-0.4801646970237989,-1.3112164522290015
5491,-0.6072706696344067,-0.6243814376302119,-0.017110767995805243
5492,0.7645021972551249,-0.4508511025923644,-1.2153532998474894
5493,-0.27040057212103963,-0.3772437117612486,-0.10684313964020897
5494,0.8934662084463871,-0.38706174788287534,-1.2805279563292624
5495,0.02350064687542806,-0.2008751509055747,-0.22437579778100275
5496,-0.0151334012155283,-0.4209220299672601,-0.4057886287517318
5497,1.0413679503688433,-0.5638196015032737,-1.605187551872117
5498,0.09141468265924939,-0.7645280589787042,-0.8559427416379536
5499,-0.3657810124991744,-0.7535399179299588,-0.3877589054307844
5500,-0.20634746089379236,-0.6984010395474095,-0.49205357865361715
5501,0.5846579946563079,-0.6792628506228656,-1.2639208452791735
5502,-0.9896949944182891,-0.6472138568307908,0.3424811375874983
5503,0.5942533015549203,-0.36212253558791563,-0.9563758371428359
5504,0.24593144797109662,-0.5306738194502619,-0.7766052674213586
5505,-0.011844445354848021,-0.29606044056670916,-0.28421599521186114
5506,1.4002787417529192,-0.5641459963254812,-1.9644247380784003
5507,0.6283985069812248,-0.5940602922272238,-1.2224587992084486
5508,1.026416687463406,-0.44465625616575416,-1.47107294362916
5509,0.23151981567264973,-0.5362283740530968,-0.7677481897257465
5510,0.34628389071713284,-0.38356392020379304,-0.7298478109209259
5511,0.5832981087023976,-0.47567181423716465,-1.0589699229395624
5512,0.28683324143554967,-0.432887979966998,-0.7197212214025477
5513,0.9782695296192828,-0.5340466163765665,-1.5123161459958494
5514,0.2500730308167761,-0.4064734582585148,-0.6565464890752909
5515,0.615454293820955,-0.41831206100747875,-1.0337663548284337
5516,0.6519976370993421,-0.4468790574073167,-1.0988766945066588
5517,0.6207093053686412,-0.5338507148961458,-1.154560020264787
5518,0.5492496887453283,-0.5510697953553845,-1.1003194841007127
5519,1.0365074931717233,-0.534432722831761,-1.5709402160034842
5520,0.29140184028476046,-0.7158953633782138,-1.0072972036629744
5521,0.13401671639583584,-0.7510865344401627,-0.8851032508359986
5522,1.091033031852864,-0.5257306504560443,-1.6167636823089082
5523,0.41717506441139385,-0.4245333057627999,-0.8417083701741938
5524,0.5780472605347828,-0.34790861837902726,-0.92595587891381
5525,0.876188701328639,-0.3068823751465298,-1.1830710764751688
5526,-0.15182689137203437,-0.3405360267568707,-0.18870913538483636
5527,0.6170301137247007,-0.3405488204645243,-0.957578934189225
5528,0.18377015021498888,-0.4430150786301379,-0.6267852288451268
5529,0.1371346219979898,-0.4800662213761393,-0.6172008433741291
5530,0.4758293311624599,-0.4430647738505672,-0.918894105013027
5531,0.450945876052622,-0.4867997605048058,-0.9377456365574277
5532,1.0406266754867073,-0.601878806411198,-1.6425054818979052
5533,0.46002306191221065,-0.5912173097794791,-1.0512403716916898
5534,0.00237989852793515,-0.7674802975291062,-0.7698601960570414
5535,0.9122358475318335,-0.5326352895036861,-1.4448711370355196
5536,0.04836884050526261,-0.7294499914897523,-0.7778188319950149
5537,0.7581558128680653,-0.5937636444882359,-1.3519194573563014
5538,-0.2976302393073164,-0.5539049794081681,-0.25627474010085166
5539,0.5017759389807616,-0.681636252579672,-1.1834121915604334
5540,0.48493467148847763,-0.46676211408248136,-0.951696785570959
5541,0.5062845703344229,-0.4372042199485998,-0.9434887902830227
5542,0.3897143235100735,-0.5557893021213184,-0.9455036256313919
5543,-0.050887004112875486,-0.5106802944612853,-0.45979329034840977
5544,0.9679056129032553,-0.40622278089594965,-1.374128393799205
5545,0.25286738974919526,-0.791568724899895,-1.0444361146490904
5546,0.2570643853210704,-0.4685321720851834,-0.7255965574062537
5547,0.39912690287888164,-0.603055561311862,-1.0021824641907435
5548,0.5631731219669933,-0.7318325482563512,-1.2950056702233446
5549,0.5906392848726914,-0.46417707208781833,-1.0548163569605098
5550,0.4578566664951082,-0.45639960649241357,-0.9142562729875218
5551,0.8562188928929345,-0.4536583093882169,-1.3098772022811513
5552,-0.2571028264553,-0.5962683102627788,-0.3391654838074788
5553,0.9642974735690519,-0.5726896283218526,-1.5369871018909045
5554,1.1247658584369509,-0.5619558163911312,-1.6867216748280822
5555,0.13998107733833626,-0.45886512035820987,-0.5988461976965461
5556,0.018672141269917186,-0.4983617858418573,-0.5170339271117745
5557,0.7877499948737288,-0.5285853978199048,-1.3163353926936336
5558,0.2754654079036599,-0.5846036885956432,-0.8600690964993031
5559,0.7046063813937329,-0.41140585551961406,-1.116012236913347
5560,0.3592581254440331,-0.6263556475333236,-0.9856137729773568
5561,0.8394103421591614,-0.4675602381712406,-1.3069705803304021
5562,0.36675851179721985,-0.33957321357729703,-0.7063317253745169
5563,0.28067822518380614,-0.43360313763913805,-0.7142813628229442
5564,0.8410119073212513,-0.5920977213025556,-1.4331096286238068
5565,0.9085578736183777,-0.6238492547399749,-1.5324071283583525
5566,-0.11430066489148358,-0.547303989394998,-0.4330033245035144
5567,0.696533134315768,-0.4120287514810776,-1.1085618857968456
5568,-0.21140052387155325,-0.5467765018267722,-0.3353759779552189
5569,0.8698708997720602,-0.488744085480301,-1.3586149852523612
5570,0.47385488233262363,-0.5584435270731477,-1.0322984094057714
5571,0.3816028920981158,-0.43203926477759746,-0.8136421568757133
5572,0.9467157541980155,-0.4343495599442696,-1.381065314142285
5573,0.11804094978171518,-0.2594956865132348,-0.37753663629495
5574,0.29476832559172295,-0.6142176636253354,-0.9089859892170583
5575,0.459906164032297,-0.487148975378327,-0.947055139410624
5576,0.4573626732674313,-0.4806200523152862,-0.9379827255827176
5577,0.7183880377379078,-0.5855418483861966,-1.3039298861241044
5578,0.8282101580471363,-0.40657311944121016,-1.2347832774883465
5579,0.7891249698593343,-0.537892781911574,-1.3270177517709083
5580,0.5839091792918317,-0.4582657564060599,-1.0421749356978915
5581,0.9448013953653697,-0.6569605443387839,-1.6017619397041536
5582,0.4997052094345459,-0.5860095986346394,-1.0857148080691852
5583,0.46633653912482537,-0.7550580661015545,-1.2213946052263798
5584,0.8332966571163493,-0.6251705673413722,-1.4584672244577215
5585,0.7132735367958631,-0.7538759308501528,-1.467149467646016
5586,1.2243602729683953,-0.6304129505760392,-1.8547732235444345
5587,0.2356213963039824,-0.6268117771994371,-0.8624331735034195
5588,0.6802358293572361,-0.4536070241113635,-1.1338428534685996
5589,0.8663748698580708,-0.4705927401925655,-1.3369676100506362
5590,0.5506957203945877,-0.5013456736814516,-1.0520413940760394
5591,0.3771039553514253,-0.5924146438121756,-0.9695185991636008
5592,0.21328526851971544,-0.6487881361644011,-0.8620734046841165
5593,0.9130587674934172,-0.45743848358663897,-1.3704972510800562
5594,0.2726486656187375,-0.6273238574052096,-0.899972523023947
5595,0.7936753012382645,-0.5337621158189513,-1.3274374170572156
5596,0.2382535358817634,-0.44637750601660053,-0.6846310418983639
5597,0.4490357225644048,-0.3431181924291817,-0.7921539149935866
5598,0.46434259500419145,-0.5597821531918696,-1.0241247481960611
5599,-0.1766266565326431,-0.8174064608292391,-0.640779804296596
5600,1.101643580082194,-0.7482246593247658,-1.8498682394069599
5601,0.5656596666454328,-0.6421770364365113,-1.2078367030819441
5602,0.9561667088210157,-0.5793045513340673,-1.535471260155083
5603,0.9805394634991105,-0.6778676446018691,-1.6584071081009797
5604,0.8799311953268267,-0.6862305720768648,-1.5661617674036914
5605,0.23380858674759494,-0.6839585270747737,-0.9177671138223686
5606,0.4817672905922955,-0.578985408024421,-1.0607526986167164
5607,-0.00568510574690823,-0.5288825661438491,-0.5231974603969408
5608,0.1592734586545041,-0.4614896488781119,-0.620763107532616
5609,0.7793643716031003,-0.6464607810682839,-1.425825152671384
5610,0.7516812184671113,-0.7560895400782605,-1.5077707585453717
5611,0.8708120567675902,-0.7606649737558745,-1.6314770305234647
5612,0.7448663849024556,-0.7816522355865533,-1.5265186204890089
5613,0.2135901144776892,-0.5870684067449855,-0.8006585212226747
5614,0.2921863361411021,-0.5716295014862908,-0.8638158376273929
5615,1.370363556883567,-0.6706027257060992,-2.0409662825896664
5616,0.7336828702713406,-0.6479087321117973,-1.3815916023831378
5617,1.1185693266307895,-0.5567655290088788,-1.6753348556396683
5618,0.3390524506367861,-0.7407309016041627,-1.0797833522409488
5619,0.7214043840230197,-0.4749504985154551,-1.1963548825384747
5620,0.25757582616566327,-0.4144241330618523,-0.6719999592275155
5621,0.9129271535676997,-0.5331130681477598,-1.4460402217154595
5622,0.9639559885929588,-0.5918428984870209,-1.5557988870799797
5623,0.7019197343981791,-0.6393093642795478,-1.3412290986777269
5624,0.580662669698202,-0.5749618348975447,-1.1556245045957467
5625,2.0647419209740776,-0.43766390240501457,-2.502405823379092
5626,0.15404593434131172,-0.5310534463937926,-0.6850993807351043
5627,0.5616657079374557,-0.47096918470771276,-1.0326348926451685
5628,0.8477901939668777,-0.36603616100939507,-1.213826354976273
5629,0.7015168115264422,-0.43864455016025333,-1.1401613616866955
5630,0.6710473222637778,-0.480522278182692,-1.1515696004464697
5631,0.002573823047380408,-0.6248904674780411,-0.6274642905254215
5632,0.5371179191464476,-0.6341586811118104,-1.171276600258258
5633,1.6598941172051858,-0.6742179143236144,-2.3341120315288
5634,1.2282555582672527,-0.7535867472771443,-1.981842305544397
5635,0.31501664334352775,-0.5077550950662189,-0.8227717384097466
5636,0.005870500428606077,-0.46465531319976155,-0.47052581362836765
5637,0.19362108233031036,-0.6345193523719256,-0.828140434702236
5638,0.16199769303990935,-0.566031489507936,-0.7280291825478453
5639,0.4240371979651512,-0.6862357748774401,-1.1102729728425913
5640,0.5727616103332773,-0.7555557644183322,-1.3283173747516095
5641,0.7917887547060362,-0.4768472743582112,-1.2686360290642473
5642,0.8694771250646756,-0.848915011260473,-1.7183921363251486
5643,0.18245450177030706,-0.7119917982593043,-0.8944463000296113
5644,0.2771043724346037,-0.3328792126967025,-0.6099835851313062
5645,0.4784291071736959,-0.45014211825996964,-0.9285712254336655
5646,0.4667735631832901,-0.6616389952164596,-1.1284125583997497
5647,0.46245886759121446,-0.612238469193179,-1.0746973367843935
5648,0.18880830159735273,-0.5663453140770884,-0.7551536156744412
5649,-0.42254021430660055,-0.6697577460512123,-0.24721753174461175
5650,0.5925233959140268,-0.3348896096513344,-0.9274130055653612
5651,0.04395613898915007,-0.6410909891020672,-0.6850471280912173
5652,0.5776891723955068,-0.502165982905142,-1.0798551553006488
5653,0.4983326406383955,-0.49751012099920083,-0.9958427616375963
5654,0.9983456771466157,-0.3910370791327335,-1.3893827562793493
5655,0.65702504718306,-0.43960935311220123,-1.0966344002952613
5656,0.5896465785559695,-0.7163449462671636,-1.305991524823133
5657,0.33180638691279885,-0.41386949427701164,-0.7456758811898105
5658,0.5039691944815534,-0.34389027126171495,-0.8478594657432683
5659,0.3991356708872301,-0.7164030335319957,-1.115538704419226
5660,-0.11018248472049003,-0.534979025490588,-0.42479654077009793
5661,0.8972303916648549,-0.6085365775583925,-1.5057669692232474
5662,1.008689117704863,-0.5841505463758225,-1.5928396640806854
5663,-0.6609613179721503,-0.5667413397356229,0.09421997823652739
5664,-0.435235955450458,-0.7783965818343046,-0.3431606263838466
5665,0.7936402122038615,-0.5736803678786273,-1.3673205800824888
5666,0.3873596423428794,-0.6299260184997053,-1.0172856608425846
5667,0.5237124568330443,-0.5233580918498572,-1.0470705486829015
5668,0.8132741368304228,-0.4602888952152867,-1.2735630320457094
5669,0.10997051283247591,-0.3202989706646872,-0.4302694834971631
5670,0.7887635484470594,-0.6202939930520082,-1.4090575414990676
5671,0.3178634835894774,-0.5240477776807319,-0.8419112612702093
5672,0.670640572078836,-0.6562027005200834,-1.3268432725989194
5673,0.7270935705115577,-0.5514494158194416,-1.2785429863309994
5674,0.9246581604373137,-0.5623346542807147,-1.4869928147180285
5675,0.49804158466721715,-0.641147544382419,-1.1391891290496363
5676,-0.3930551640461994,-0.4644018928218125,-0.0713467287756131
5677,1.0686997678547612,-0.5869867373289729,-1.6556865051837342
5678,-0.0021238180554495473,-0.5318212209394424,-0.5296974028839928
5679,-0.3596742628758994,-0.456253340830342,-0.09657907795444265
5680,0.5717949357015621,-0.4410995174655124,-1.0128944531670745
5681,0.332738515924645,-0.6526027378573088,-0.9853412537819538
5682,-0.2668694447070331,-0.6432722734544722,-0.37640282874743913
5683,0.2753708691609916,-0.5682392630612787,-0.8436101322222703
5684,0.8296152751406729,-0.7625410469062796,-1.5921563220469523
5685,-0.11387477631638372,-0.5755851106769845,-0.46171033436060077
5686,-0.1678243711988729,-0.4869733203097137,-0.3191489491108408
5687,0.8806949490026847,-0.5436636860618087,-1.4243586350644935
5688,0.3388544209946299,-0.403036663690542,-0.7418910846851718
5689,0.4431443997396637,-0.35191947277079194,-0.7950638725104556
5690,0.25657368066158465,-0.4936582303576199,-0.7502319110192046
5691,1.2193241136960524,-0.6051147001289637,-1.824438813825016
5692,0.9926456908311057,-0.5555679753368765,-1.5482136661679822
5693,0.5660579059683933,-0.55477727592150206,-1.1208351818898954
5694,-0.20923677852830988,-0.4960572110381632,-0.28682043250985334
5695,-0.11579568232324092,-0.7768216994775914,-0.6610260171543505
5696,0.617286814000942,-0.5559738695109756,-1.1732606835119177
5697,0.8034149915453785,-0.5262412163666877,-1.3296562079120662
5698,5.579450094986097e-4,-0.5160292389761215,-0.5165871839856201
5699,0.17335636505637955,-0.4321833592610533,-0.6055397243174329
5700,0.647398117590448,-0.35124452879957163,-0.9986426463900195
5701,0.2905606236335201,-0.4239352918359798,-0.7144959154694999
5702,0.39521320111329117,-0.481601813496938,-0.8768150146102291
5703,-2.3221728495185623,-0.29065514644018553,2.031517703078377
5704,0.18828536029758572,-0.7321450668738235,-0.9204304271714092
5705,0.021080165285913346,-0.581708531862835,-0.6027886971487484
5706,1.2907233715076964,-0.7005606605310593,-1.9912840320387557
5707,1.06596061797477,-0.7317045524036204,-1.7976651703783904
5708,0.14063091314471945,-0.4620977005413547,-0.6027286136860741
5709,0.7268879908819481,-0.4197092615328048,-1.146597252414753
5710,0.20847450500269804,-0.6410787657228966,-0.8495532707255946
5711,-0.20980050373219858,-0.597661267317394,-0.3878607635851954
5712,0.5526768965210396,-0.5024284094407151,-1.0551053059617548
5713,0.5283445643378875,-0.519311786443869,-1.0476563507817565
5714,0.4985757138249124,-0.3969851617544805,-0.8955608755793929
5715,1.0867148683620873,-0.6454695285706349,-1.7321843969327222
5716,0.7111206224263336,-0.6712114674620627,-1.3823320898883962
5717,0.34748367129021196,-0.5783757265823332,-0.9258593978725451
5718,0.3652993882899354,-0.5451036094502986,-0.9104029977402339
5719,0.48802981326692024,-0.6169702483936063,-1.1050000616605264
5720,0.1137064180804987,-0.5974316201254644,-0.7111380382059631
5721,0.4993727868828021,-0.6117932597557857,-1.1111660466385878
5722,0.29693605484778673,-0.5011290375594312,-0.7980650924072179
5723,-0.16188495491278604,-0.4633748219260949,-0.3014898670133089
5724,0.21573991576446444,-0.5835791031911051,-0.7993190189555694
5725,0.49683110633806904,-0.5926648127170835,-1.0894959190551525
5726,0.41562209597986527,-0.5186020694706202,-0.9342241654504855
5727,-0.15668697628819123,-0.622150057189967,-0.46546308090177574
5728,0.10057978533248647,-0.6564128188167476,-0.7569926041492341
5729,1.106224755538054,-0.5886586837111865,-1.6948834392492405
5730,0.9515151238827366,-0.7188768905499813,-1.6703920144327178
5731,0.8443896938086414,-0.6427476787216213,-1.4871373725302628
5732,0.6562632481467755,-0.3622385190788887,-1.0185017672256642
5733,0.20406598688930194,-0.3845384427273473,-0.5886044296166493
5734,1.01817489856788,-0.47343666674436735,-1.4916115653122475
5735,0.5810877613320554,-0.5007827425663415,-1.081870503898397
5736,0.10516434217710578,-0.4529597905133429,-0.5581241326904487
5737,0.35917981255240417,-0.5187321731268519,-0.8779119856792561
5738,0.12288685289980047,-0.43087086301443667,-0.5537577159142372
5739,0.3030557410813617,-0.3996766586989746,-0.7027323997803363
5740,0.007821508998170643,-0.43579433548655244,-0.4436158444847231
5741,-0.01039955795031296,-0.7230090930296835,-0.7126095350793705
5742,0.6412908063086573,-0.6490777908847972,-1.2903685971934546
5743,-0.4066064360127215,-0.5948301147498901,-0.1882236787371686
5744,0.7335358193954363,-0.7384875797096506,-1.4720233991050868
5745,0.4593444991564332,-0.4785546875589411,-0.9378991867153743
5746,-0.04304083829454497,-0.45081127154078926,-0.4077704332462443
5747,0.5179796151841465,-0.5654812021284621,-1.0834608173126086
5748,1.1041164397174366,-0.5728528078741473,-1.6769692475915838
5749,0.35391248281290355,-0.5284784589344718,-0.8823909417473753
5750,0.5632261456621029,-0.4424272472860668,-1.0056533929481697
5751,0.4792919843106988,-0.5458225157802259,-1.0251145000909248
5752,-0.1889549717778292,-0.4806237238764505,-0.2916687520986213
5753,0.5710105078154176,-0.37115382270964814,-0.9421643305250658
5754,0.2231625821674279,-0.5499786564269505,-0.7731412385943784
5755,0.29864037283566547,-0.47345773720300366,-0.7720981100386691
5756,0.14937030954743638,-0.6269259573218472,-0.7762962668692835
5757,0.33345925682755706,-0.6789626958467554,-1.0124219526743126
5758,0.0945371520789371,-0.8193032004897903,-0.9138403525687274
5759,0.7283851303803679,-0.4959165127604608,-1.2243016431408287
5760,0.37650287857401465,-0.48336546458820573,-0.8598683431622204
5761,0.7130767367210181,-0.539311504326658,-1.252388241047676
5762,0.6417298873751063,-0.44811371622630103,-1.0898436036014072
5763,0.5642680763878699,-0.47380190221958124,-1.0380699786074512
5764,0.5199803244666565,-0.4785731170325567,-0.9985534414992132
5765,0.6071818510019059,-0.49507295391037665,-1.1022548049122824
5766,0.4515041498496827,-0.4470932151190075,-0.8985973649686902
5767,0.6067280807665748,-0.4614028122551363,-1.068130893021711
5768,0.3284918526133143,-0.5481971302954481,-0.8766889829087625
5769,0.4100388175942787,-0.3832082032053463,-0.793247020799625
5770,0.7465290556216662,-0.3883235077106342,-1.1348525633323003
5771,0.23852635909685244,-0.5186204337760655,-0.7571467928729179
5772,0.5562051211152337,-0.5216243743907446,-1.0778294955059784
5773,0.5828720518626711,-0.6224056404483497,-1.2052776923110207
5774,0.5946036095957813,-0.5955135437156405,-1.1901171533114216
5775,0.6710728355530772,-0.6451933690248879,-1.316266204577965
5776,0.4024864356125288,-0.6130667228076491,-1.0155531584201778
5777,0.8478565821634071,-0.6412881092378189,-1.489144691401226
5778,0.7801855358039191,-0.6744342982179083,-1.4546198340218275
5779,0.32780211150610056,-0.6417783836011564,-0.9695804951072569
5780,0.7515289970042288,-0.6175954758665896,-1.3691244728708183
5781,-0.1671671610205116,-0.7618710895753179,-0.5947039285548064
5782,0.5460743101815076,-0.562218667388005,-1.1082929775695125
5783,-0.23696916215488978,-0.6218889924575416,-0.3849198303026518
5784,0.5127798804390947,-0.24942485977188059,-0.7622047402109753
5785,0.6290773090944141,-0.4903044238578688,-1.1193817329522828
5786,1.4655397338160874,-0.4987541708012092,-1.9642939046172967
5787,-0.03771332953965017,-0.5047496570089101,-0.4670363274692599
5788,1.317347749157596,-0.27043223843449826,-1.5877799875920942
5789,0.3726700998138969,-0.5658455546128144,-0.9385156544267113
5790,-0.1291253360866137,-0.480416908450399,-0.35129157236378533
5791,0.7603068377367838,-0.6832383037043934,-1.4435451414411773
5792,0.1335420949112653,-0.6779453571394292,-0.8114874520506945
5793,1.1664272327459064,-0.5149490709157171,-1.6813763036616236
5794,-0.5783002215296064,-0.7021784876713933,-0.12387826614178699
5795,0.18552716906241146,-0.513030151963973,-0.6985573210263845
5796,0.7169308400304565,-0.6148182461366215,-1.331749086167078
5797,0.4542608475120463,-0.4749794324919667,-0.929240280004013
5798,0.660568960056532,-0.5816282797633866,-1.2421972398199186
5799,0.4499169446915042,-0.821756823488821,-1.2716737681803252
5800,0.43728870003879855,-0.6663144227401643,-1.1036031227789629
5801,0.08953543087860992,-0.5559026455458129,-0.6454380764244229
5802,0.5146748172867645,-0.5092691805719693,-1.023943997858734
5803,-0.6998016588448271,-0.5012682595710529,0.19853339927377422
5804,-0.6298202629272092,-0.43676753279062425,0.19305273013658492
5805,-0.4508589616017953,-0.43333133883409436,0.017527622767700923
5806,0.5093212278251266,-0.42440389694127856,-0.9337251247664051
5807,-0.3422918344482194,-0.5499872833704851,-0.20769544892226566
5808,-0.048463262477715284,-0.4115635242494931,-0.36310026177177784
5809,0.5716704781673955,-0.4326092872639263,-1.0042797654313218
5810,0.6145738313435986,-0.5313795348122166,-1.145953366155815
5811,0.787784192058246,-0.5209282625082798,-1.3087124545665259
5812,0.4428534693259447,-0.5710846387636248,-1.0139381080895695
5813,0.8944986327458485,-0.557230550676517,-1.4517291834223656
5814,0.5912204569640933,-0.41418208715276256,-1.005402544116856
5815,1.0716123700890505,-0.4351947846253186,-1.506807154714369
5816,0.4401501935276734,-0.5748158198199043,-1.0149660133475775
5817,0.7000815847893435,-0.603315752011017,-1.3033973368003604
5818,-0.1894566345412576,-0.5573492607905064,-0.3678926262492488
5819,1.3262356648508682,-0.6924252946576899,-2.018660959508558
5820,0.37635080692765355,-0.6457631073437965,-1.0221139142714502
5821,0.7107793034947716,-0.5755067129229324,-1.2862860164177041
5822,0.7248099760522354,-0.4968623656557157,-1.2216723417079511
5823,-0.05764555602309579,-0.5223534040241864,-0.4647078480010906
5824,1.160587473091496,-0.39507064640429934,-1.5556581194957952
5825,-0.12485716482661834,-0.4121102099981002,-0.28725304517148187
5826,0.1614228988985502,-0.4233375657060608,-0.584760464604611
5827,0.08833641322689577,-0.41314266350249373,-0.5014790767293895
5828,0.5194773484721652,-0.4720141603528426,-0.9914915088250078
5829,0.233555951015086,-0.49936549560445453,-0.7329214466195405
5830,0.1636134077174481,-0.48994648322879675,-0.6535598909462448
5831,-1.3385442263799296,-0.6172088135715785,0.7213354128083511
5832,0.2922536379091726,-0.49573642772127385,-0.7879900656304464
5833,-0.07920190905021834,-0.5157354437861374,-0.4365335347359191
5834,-0.933887790724149,-0.4723523836951972,0.46153540702895174
5835,0.9356969341021587,-0.5960958158481364,-1.531792749950295
5836,0.13187014907680678,-0.6055577704443666,-0.7374279195211735
5837,0.6011283374151299,-0.5047196614271282,-1.105847998842258
5838,0.5913550044973866,-0.47794122456775934,-1.069296229065146
5839,0.10141177789289631,-0.5393868682941185,-0.6407986461870149
5840,0.24774823549182776,-0.4417443804107615,-0.6894926159025893
5841,0.5222438133991059,-0.40763498394196546,-0.9298787973410714
5842,-0.24844001699256052,-0.39880726299714786,-0.15036724600458734
5843,0.2521211028379078,-0.44749455066732674,-0.6996156535052345
5844,0.4820357142154839,-0.24321656233791697,-0.7252522765534009
5845,0.5175521571940236,-0.5328001521836219,-1.0503523093776455
5846,0.6799615675990988,-0.610061842701371,-1.2900234103004697
5847,-0.1412349124676914,-0.42705797925505495,-0.2858230667873636
5848,0.03270100574459095,-0.5232298655097453,-0.5559308712543363
5849,0.8243005885844651,-0.4037500529758041,-1.2280506415602692
5850,-0.44558514168526486,-0.3320239544827899,0.11356118720247499
5851,0.11454488905884537,-0.43547883295335393,-0.5500237220121993
5852,-0.13848396632588242,-0.30584678300984003,-0.1673628166839576
5853,0.09444363493170463,-0.43808124692869815,-0.5325248818604028
5854,0.6571356762758693,-0.5374955912581895,-1.1946312675340587
5855,-0.020986309413462946,-0.6845790733940502,-0.6635927639805873
5856,0.50231398478811,-0.5728038297424719,-1.0751178145305818
5857,0.4913617318791934,-0.45163765199121675,-0.9429993838704102
5858,0.19198095884636526,-0.5615207238140955,-0.7535016826604607
5859,0.5515145080915123,-0.3516071798111384,-0.9031216879026507
5860,0.28534902975478615,-0.49822362395360714,-0.7835726537083934
5861,0.30043028043992387,-0.5859740377845666,-0.8864043182244905
5862,-0.15448430695112342,-0.5818045852563256,-0.4273202783052022
5863,1.2977048401377067,-0.5529801245133071,-1.850684964651014
5864,0.6128475228756038,-0.6420580682409271,-1.254905591116531
5865,0.5757696340301167,-0.6338091434956974,-1.209578777525814
5866,0.38054264554035305,-0.7677690026879602,-1.1483116482283133
5867,-0.12166083418886542,-0.6075538552416786,-0.4858930210528132
5868,0.8157770114373942,-0.5276908396311967,-1.343467851068591
5869,0.44359149951781796,-0.55946526556095,-1.0030567650787678
5870,0.31174685678191183,-0.6021143056569191,-0.913861162438831
5871,0.41613952266262866,-0.7004893610545938,-1.1166288837172225
5872,0.20485537106564147,-0.5017632301884308,-0.7066186012540723
5873,0.1251881177960546,-0.6655412377892874,-0.7907293555853421
5874,1.039837763248888,-0.5966622835640502,-1.6365000468129383
5875,0.19182877670633652,-0.4329068797241103,-0.6247356564304468
5876,0.8502840363985473,-0.5944563293641569,-1.4447403657627043
5877,0.4653717935507735,-0.4688282595405979,-0.9342000530913714
5878,-0.14807805590328835,-0.48204627320774274,-0.33396821730445436
5879,0.7966262876458766,-0.45146475898480487,-1.2480910466306816
5880,1.0978496429773144,-0.38033343151850174,-1.4781830744958162
5881,0.723272288895866,-0.48142437755591827,-1.2046966664517842
5882,0.7394299203634533,-0.3718164864338316,-1.111246406797285
5883,0.42035658772243883,-0.4205301215697974,-0.8408867092922363
5884,0.6435815285130574,-0.49281731728912054,-1.1363988458021779
5885,0.2211557167606509,-0.34746135805149575,-0.5686170748121466
5886,0.00610069037282461,-0.38652205112865345,-0.3926227415014781
5887,-0.5961227120991809,-0.26043790020067126,0.3356848118985096
5888,0.4954178405503002,-0.4207721214179069,-0.916189961968207
5889,0.8673502869883247,-0.5865854479068278,-1.4539357348951525
5890,0.3924463290659936,-0.6317698119124381,-1.0242161409784316
5891,0.5367056644446598,-0.5551790746178551,-1.091884739062515
5892,0.248643986831192,-0.46910379141437497,-0.717747778245567
5893,1.0837318120318353,-0.42608394472508615,-1.5098157567569215
5894,0.4886689811450601,-0.6926254039493761,-1.1812943850944362
5895,0.22003088770735005,-0.6962306396580807,-0.9162615273654308
5896,0.08864598507323768,-0.5421250070222333,-0.6307709920954709
5897,1.0285253707795636,-0.6996183207063066,-1.72814369148587
5898,0.4019962764367733,-0.6210142896291119,-1.0230105660658853
5899,0.26785540536210506,-0.5855768900372494,-0.8534322953993545
5900,0.5891806299803923,-0.42731102131766857,-1.0164916512980608
5901,0.6139654992006389,-0.7300564770036445,-1.3440219762042833
5902,0.38628622597539064,-0.6518777559680854,-1.038163981943476
5903,-0.047047302880550285,-0.6214002220058752,-0.5743529191253249
5904,0.2653090821105687,-0.4565487795862261,-0.7218578616967948
5905,0.5734923819838338,-0.33704420731519624,-0.91053658929903
5906,-0.5576329911719571,-0.47192035633475693,0.08571263483720015
5907,0.7148038532752006,-0.46781860350003074,-1.1826224567752313
5908,-0.029364242351376968,-0.4653077300734837,-0.4359434877221067
5909,-0.15636024589374076,-0.5316577184609691,-0.37529747256722834
5910,0.34733714984079195,-0.559490803192936,-0.906827953033728
5911,0.20751483322444966,-0.46578723211926853,-0.6733020653437182
5912,0.4489178932072234,-0.4429940056238796,-0.891911898831103
5913,0.02171363458480981,-0.40417805984984234,-0.42589169443465213
5914,0.27372426420699725,-0.5683046681815979,-0.8420289323885951
5915,-0.3070347409717754,-0.686783589484197,-0.37974884851242163
5916,0.4270671113778579,-0.6327327763967896,-1.0597998877746475
5917,0.6908790357599515,-0.4701125537641935,-1.160991589524145
5918,0.7722924044755031,-0.3335817603137297,-1.1058741647892327
5919,0.13286192378780576,-0.6136055867482945,-0.7464675105361003
5920,0.9551762470865365,-0.4350551920207922,-1.3902314391073287
5921,0.05996516310162168,-0.6779309933771863,-0.737896156478808
5922,0.6539279323462753,-0.4009039776334859,-1.0548319099797612
5923,1.0020192326070199,-0.4771913127049619,-1.4792105453119817
5924,0.2314606875228651,-0.6692684286361532,-0.9007291161590183
5925,0.8577447723131326,-0.6783555418664167,-1.5361003141795493
5926,0.47298264597345135,-0.49229034010737643,-0.9652729860808278
5927,0.48871891384768956,-0.44898734456974027,-0.9377062584174298
5928,0.13182158537365196,-0.33287254621316925,-0.4646941315868212
5929,0.39611229147590643,-0.41344140641612426,-0.8095536978920307
5930,0.8919801500181314,-0.36325582205243123,-1.2552359720705626
5931,0.763261001226588,-0.33566072648652134,-1.0989217277131094
5932,0.7219921076421776,-0.385882140328554,-1.1078742479707315
5933,0.4350628920552688,-0.6169933205414416,-1.0520562125967103
5934,1.1204115997028443,-0.40964463249204097,-1.5300562321948852
5935,1.041872881362441,-0.32306751010345075,-1.3649403914658917
5936,0.4288538543107479,-0.43669344145279826,-0.8655472957635462
5937,0.5649409964132959,-0.5154010084060923,-1.0803420048193881
5938,0.46111631149069043,-0.40517864834469763,-0.8662949598353881
5939,2.182224572117186,-0.5337202006856996,-2.715944772802885
5940,0.5551975749760156,-0.5601753859490617,-1.1153729609250773
5941,0.640293921688386,-0.5995341818601191,-1.239828103548505
5942,0.537915293980219,-0.4246833263698379,-0.9625986203500569
5943,-0.1497840374679097,-0.5771124240687693,-0.4273283866008596
5944,0.9071931931214384,-0.5149494378021601,-1.4221426309235985
5945,0.49622693982043614,-0.6122519061590178,-1.108478845979454
5946,0.49295030057026057,-0.5056303386680447,-0.9985806392383053
5947,0.24325521527260868,-0.5742997602122508,-0.8175549754848594
5948,0.8333967259171109,-0.44515555693643727,-1.278552282853548
5949,0.6815883038283176,-0.501341014646801,-1.1829293184751186
5950,0.879627716445065,-0.5321699122955568,-1.4117976287406218
5951,0.6591784384497347,-0.22654996267732952,-0.8857284011270642
5952,0.03465553995963094,-0.24148106280916665,-0.2761366027687976
5953,1.1021000239334904,-0.5548825768940763,-1.6569826008275665
5954,-0.11800016519660798,-0.5350819006175243,-0.41708173542091626
5955,0.6091462763812797,-0.4706976362808949,-1.0798439126621746
5956,0.7152688055480283,-0.5660397661663688,-1.281308571714397
5957,0.2853998243123844,-0.47058366513832495,-0.7559834894507094
5958,0.2989887202147047,-0.46270815090228956,-0.7616968711169942
5959,0.44857480205507155,-0.6117314672257003,-1.0603062692807719
5960,0.4347188780473059,-0.5178437725694602,-0.9525626506167661
5961,0.5823018238880995,-0.34240440045952697,-0.9247062243476265
5962,-0.22146159979766172,-0.580961371401034,-0.35949977160337226
5963,0.13427419323076978,-0.550931808549738,-0.6852060017805077
5964,-0.4134181126342978,-0.6324157088428078,-0.21899759620851006
5965,0.5702805023298954,-0.4552402301634073,-1.0255207324933027
5966,0.04804870997003547,-0.4728285235657647,-0.5208772335358002
5967,0.6696391614659465,-0.5927471519735437,-1.2623863134394901
5968,0.4969533391044183,-0.30693121370489707,-0.8038845528093154
5969,0.6582710074096384,-0.3625243195561605,-1.020795326965799
5970,0.8986094895146205,-0.5044692414382022,-1.4030787309528225
5971,-0.23689793245948498,-0.6671224932348016,-0.43022456077531657
5972,0.2952644496794426,-0.5995173200372987,-0.8947817697167413
5973,0.5880737157680591,-0.5923237990248884,-1.1803975147929475
5974,0.2739032639012606,-0.6746542418051276,-0.9485575057063882
5975,0.5098492755209378,-0.49496623199304557,-1.0048155075139835
5976,-0.2739291745533158,-0.5509316891233372,-0.27700251457002145
5977,0.2625201987967589,-0.377315031070409,-0.6398352298671679
5978,-0.03214534151298398,-0.367268386820466,-0.335123045307482
5979,2.051588226615801,-0.5074023695731689,-2.55899059618897
5980,0.09589671860666324,-0.2958530725552916,-0.39174979116195485
5981,-0.3011288180544647,-0.19860958761608702,0.10251923043837766
5982,0.5320314159179869,-0.41138767175463364,-0.9434190876726205
5983,0.4941613386173725,-0.4139597363947956,-0.9081210750121681
5984,-0.03898011895132251,-0.42370315480354975,-0.3847230358522272
5985,0.03252309222902547,-0.505755953747003,-0.5382790459760285
5986,0.6095241896587892,-0.439283160807074,-1.0488073504658633
5987,1.0982602257868859,-0.4399049066565017,-1.5381651324433876
5988,0.3744156504142163,-0.6971167100407432,-1.0715323604549596
5989,0.005442109768047307,-0.6581532718846023,-0.6635953816526495
5990,-1.8859601265739685,-0.3779143831862583,1.5080457433877101
5991,-0.45524529060799346,-0.6351532515383415,-0.179907960930348
5992,-0.03076033288298441,-0.6204314137700864,-0.589671080887102
5993,-0.042068416372859574,-0.46475332375621725,-0.4226849073833577
5994,-0.11995362113690344,-0.5314157259675201,-0.4114621048306166
5995,0.9263471325394291,-0.7709419610439605,-1.6972890935833895
5996,0.9075934667400232,-0.6638425329376995,-1.5714359996777225
5997,-0.18478417062363575,-0.7731128735950976,-0.5883287029714619
5998,0.7458919004435403,-0.6719355958757294,-1.4178274963192696
5999,0.3803318333295451,-0.6301032650654288,-1.010435098394974
6000,1.165719504855846,-0.5847304841075517,-1.7504499889633975
6001,1.196356914183015,-0.47332811567060934,-1.6696850298536243
6002,0.6274290510283039,-0.46144539621619174,-1.0888744472444958
6003,0.5272273979635825,-0.4496400810459604,-0.976867479009543
6004,1.1617227859694974,-0.7298200133059545,-1.8915427992754519
6005,0.45845787207968736,-0.5904906363486688,-1.048948508428356
6006,0.4291000912198744,-0.6475473753275892,-1.0766474665474637
6007,0.5389279504217748,-0.31177792129561266,-0.8507058717173874
6008,0.33581269748885506,-0.26399365976886235,-0.5998063572577175
6009,-0.1743930645359386,-0.6743740577767363,-0.4999809932407977
6010,0.69989798342477,-0.7243886366949358,-1.4242866201197057
6011,0.7337450865319434,-0.5650950915960566,-1.2988401781280001
6012,0.5042805031835434,-0.4640422340622695,-0.968322737245813
6013,0.7919480199434422,-0.6554580999142725,-1.4474061198577148
6014,0.4758169422894118,-0.40396200404435567,-0.8797789463337675
6015,0.2202188831151447,-0.4610345064595585,-0.6812533895747033
6016,1.2532835749410685,-0.551666114908866,-1.8049496898499344
6017,0.38512000487110487,-0.5743671971602455,-0.9594872020313504
6018,0.70866969264342,-0.38185219218061955,-1.0905218848240394
6019,0.8395475668343353,-0.6890715373248895,-1.5286191041592248
6020,1.2215886763232304,-0.6576722209959633,-1.8792608973191938
6021,0.5382427348795251,-0.5037239392178906,-1.0419666740974156
6022,0.2709374467617148,-0.5078715402768318,-0.7788089870385466
6023,0.9492942002075068,-0.5666316180850661,-1.515925818292573
6024,0.9248496717114918,-0.493457366489929,-1.4183070382014207
6025,1.132293530636133,-0.49914863249334984,-1.6314421631294829
6026,0.10468402373438826,-0.5011340903955844,-0.6058181141299727
6027,-2.237524062942652,-0.372927179868079,1.8645968830745732
6028,0.23804230388927974,-0.5552497353161205,-0.7932920392054003
6029,0.4803282815795754,-0.626301397111672,-1.1066296786912475
6030,0.579937716547032,-0.4295539112336448,-1.0094916277806767
6031,0.8126389059221133,-0.3386793309732101,-1.1513182368953234
6032,0.6461815851160773,-0.4575366569684142,-1.1037182420844915
6033,0.10302944386356698,-0.5308875640230781,-0.6339170078866451
6034,0.29223475774583774,-0.5074992488541956,-0.7997340066000334
6035,-0.02612043031776054,-0.7916862072249193,-0.7655657769071588
6036,0.5990349554656045,-0.7988215692457566,-1.397856524711361
6037,0.386238260427982,-0.772881660416539,-1.159119920844521
6038,0.6788718549376115,-0.5957576053441445,-1.2746294602817558
6039,0.3572924106417742,-0.6091620313804703,-0.9664544420222445
6040,0.6923330128442807,-0.5840868359116597,-1.2764198487559404
6041,-0.023098172828622244,-0.5770215989897713,-0.5539234261611491
6042,0.3984757363338023,-0.5427780294642197,-0.941253765798022
6043,0.34705590075743026,-0.47678621893602485,-0.8238421196934551
6044,0.4283051111266229,-0.46446942770542166,-0.8927745388320445
6045,0.8379431802646002,-0.5471214062356828,-1.385064586500283
6046,0.9598095106099237,-0.6021988967054821,-1.562008407315406
6047,0.6431983416304942,-0.7362740324982924,-1.3794723741287864
6048,0.656878932520801,-0.6583836273671606,-1.3152625598879615
6049,0.9969435319954224,-0.6379678062937056,-1.634911338289128
6050,0.17140639840698133,-0.5778211704787102,-0.7492275688856915
6051,1.340091474879021,-0.48903106915887845,-1.8291225440378993
6052,0.05209485760736142,-0.3215065703999546,-0.37360142800731605
6053,0.39611752590861493,-0.3368747535583457,-0.7329922794669606
6054,0.2535169948044344,-0.5516442802707366,-0.8051612750751711
6055,0.524718590141829,-0.4195171478179299,-0.9442357379597589
6056,-0.0773731441772663,-0.5905827872759746,-0.5132096430987083
6057,0.5548652273480607,-0.4886256973677559,-1.0434909247158166
6058,-2.6623615435048914e-4,-0.48125624151485485,-0.48099000536050435
6059,0.26366141827898615,-0.5761593930882254,-0.8398208113672115
6060,0.2573537092181296,-0.3821985848271238,-0.6395522940452534
6061,0.0684815411621193,-0.6238848046579345,-0.6923663458200537
6062,0.01848554611708299,-0.6156220193316846,-0.6341075654487676
6063,0.846003955006641,-0.49395807473876935,-1.3399620297454105
6064,1.0107609984271992,-0.47430026036247513,-1.4850612587896743
6065,0.4688130848056601,-0.4509633596604178,-0.9197764444660779
6066,0.6130847484059906,-0.4417031700989007,-1.0547879185048914
6067,0.3746510062980859,-0.35565549081167147,-0.7303064971097574
6068,0.04505278854516828,-0.4246555729043522,-0.46970836144952044
6069,0.18469564307937697,-0.5871011391124236,-0.7717967821918006
6070,0.7505602290090406,-0.42102335372315147,-1.171583582732192
6071,0.9789682070539707,-0.5240475520315885,-1.5030157590855593
6072,1.2009498256295783,-0.4042905626670011,-1.6052403882965793
6073,0.7061600818164248,-0.41161089396319306,-1.1177709757796177
6074,-0.14195540921825303,-0.5501190474841504,-0.4081636382658974
6075,1.5926416870665172,-0.5627849893210833,-2.1554266763876004
6076,-0.001555350609986387,-0.7190346690592192,-0.7174793184492329
6077,0.21893224046161233,-0.40664899170818125,-0.6255812321697936
6078,1.2953777982767203,-0.457422259195099,-1.7528000574718192
6079,0.0632456604404618,-0.5555066925978487,-0.6187523530383104
6080,0.21804372552436957,-0.6273887842483289,-0.8454325097726985
6081,0.6658448309888654,-0.5414591193961287,-1.207303950384994
6082,0.652850776561836,-0.6550337520199829,-1.3078845285818188
6083,0.46064928671134203,-0.6978899242029938,-1.1585392109143358
6084,0.5460803217269653,-0.7109823502665669,-1.2570626719935323
6085,0.7069021493490563,-0.6011495940810343,-1.3080517434300907
6086,0.7074597343807059,-0.59794501887081,-1.3054047532515158
6087,0.523395286506854,-0.5302577059318012,-1.0536529924386553
6088,-0.5978642600359695,-0.6946896712696087,-0.09682541123363919
6089,0.4262863767412229,-0.45090320055109157,-0.8771895772923144
6090,0.8868696491961072,-0.59944565994974,-1.4863153091458472
6091,0.24253580863144886,-0.5626359566390237,-0.8051717652704725
6092,0.48965480561158725,-0.40213453059311577,-0.891789336204703
6093,0.4244182768033816,-0.6125862249436625,-1.0370045017470442
6094,0.5422441341988135,-0.4884264989333025,-1.0306706331321158
6095,0.5138159424174322,-0.35844512435392023,-0.8722610667713524
6096,0.12957653244955078,-0.5647137450154419,-0.6942902774649927
6097,0.47444546417151784,-0.5263428274698753,-1.000788291641393
6098,0.7911900842068385,-0.524414603492391,-1.3156046876992296
6099,0.930935242189822,-0.5222420850517567,-1.4531773272415789
6100,-0.25687089865735724,-0.3605808463387506,-0.10370994768139336
6101,-0.028549500656837076,-0.34585073738149713,-0.31730123672466004
6102,0.8535105801603129,-0.4746955589376705,-1.3282061390979834
6103,0.29189594387383605,-0.37953762942370695,-0.6714335732975429
6104,0.7589844446607595,-0.6785448191404707,-1.4375292638012303
6105,-0.07957852673334861,-0.550565777534337,-0.47098725080098836
6106,-0.026946190355700988,-0.4959500034197319,-0.4690038130640309
6107,-0.31361895110053717,-0.5077338643646965,-0.1941149132641593
6108,0.9102301979595757,-0.5378308911206229,-1.4480610890801986
6109,0.4116578335204502,-0.5254602758078709,-0.9371181093283212
6110,0.7941837149682293,-0.40720354457977576,-1.201387259548005
6111,1.1002867891685997,-0.5009075448606385,-1.601194334029238
6112,0.47080469695812216,-0.3793295766995562,-0.8501342736576784
6113,0.29615004347197504,-0.5828948439506861,-0.8790448874226612
6114,0.8376956574256851,-0.5399072828489021,-1.377602940274587
6115,0.47016078729874833,-0.8037185982956102,-1.2738793855943586
6116,0.8478788800677916,-0.4830268852481198,-1.3309057653159113
6117,0.008389427445564202,-0.5289966098264132,-0.5373860372719774
6118,1.5559022732942616,-0.626045827305111,-2.1819481005993726
6119,-0.8355245120544758,-0.5196609781597452,0.31586353389473054
6120,0.6449844871703242,-0.4914513350774946,-1.1364358222478188
6121,0.004084549356083711,-0.3352489982170768,-0.33933354757316053
6122,0.17609259677996128,-0.4432134355658611,-0.6193060323458224
6123,0.7572402309580314,-0.6511848837611042,-1.4084251147191356
6124,0.325244684554279,-0.3207331181053613,-0.6459778026596403
6125,0.7524330529527379,-0.21261397421767453,-0.9650470271704124
6126,0.3351899374112177,-0.34595680767940146,-0.6811467450906192
6127,1.286226726969101,-0.42973997497162025,-1.7159667019407212
6128,-0.2922953853632776,-0.3856862036917131,-0.09339081832843549
6129,-0.4853904699133576,-0.5136802237295242,-0.028289753816166552
6130,0.24215217139401995,-0.5054465748359088,-0.7475987462299287
6131,0.6234744216129624,-0.7219940917031751,-1.3454685133161375
6132,-0.04033440866469622,-0.8129279273484709,-0.7725935186837747
6133,0.19594463439698034,-0.6926839898071318,-0.8886286242041121
6134,0.1503917401947781,-0.4756060642377007,-0.6259978044324788
6135,0.7836728360455243,-0.5859715839895331,-1.3696444200350575
6136,0.8757191838650166,-0.5938802804897156,-1.469599464354732
6137,0.10162698570862988,-0.466527815634392,-0.5681548013430219
6138,0.5763520418099781,-0.6825136937961831,-1.2588657356061612
6139,0.020609129136204274,-0.46612556741026795,-0.4867346965464722
6140,0.6934119204662438,-0.4841997364185057,-1.1776116568847494
6141,0.8603901377588565,-0.40734555060504885,-1.2677356883639055
6142,0.1633132950239055,-0.6261678236599453,-0.7894811186838508
6143,1.0994465359389514,-0.4780456903404147,-1.577492226279366
6144,0.8595597227308299,-0.3004881397576819,-1.1600478624885118
6145,1.136986928416892,-0.3264441759467549,-1.463431104363647
6146,0.04480838714663763,-0.6655196812728563,-0.7103280684194939
6147,0.5253420142829308,-0.6207907380164563,-1.1461327522993872
6148,0.6699261483713839,-0.47723500740636043,-1.1471611557777444
6149,0.43159265219538273,-0.5802440202110779,-1.0118366724064607
6150,-0.18488897437703294,-0.4910890316234063,-0.30620005724637334
6151,-0.07369455536567097,-0.44389079254140196,-0.37019623717573097
6152,1.0656995734338235,-0.7047525227748741,-1.7704520962086976
6153,0.7515641289174197,-0.5412652778229226,-1.2928294067403423
6154,0.06697545264088073,-0.37842645459282215,-0.4454019072337029
6155,0.23388373449834887,-0.5990886695354317,-0.8329724040337806
6156,0.9103244723576827,-0.5424818770952229,-1.4528063494529055
6157,0.44325326272756466,-0.4862010795450418,-0.9294543422726065
6158,0.4337767438005453,-0.6799245551090941,-1.1137012989096395
6159,0.5114583722101995,-0.8088942611375619,-1.3203526333477615
6160,0.5219857111842502,-0.7178639251808652,-1.2398496363651152
6161,0.5660572464674896,-0.6333219685387991,-1.1993792150062887
6162,0.48875872429159084,-0.4983262836365868,-0.9870850079281777
6163,0.40640035112858636,-0.7310228156610399,-1.1374231667896262
6164,-0.34746738037568903,-0.5210355825190274,-0.17356820214333835
6165,0.10080876468306613,-0.4400896851411356,-0.5408984498242018
6166,-0.24095581681019104,-0.3819426631157983,-0.14098684630560723
6167,0.5050022382482124,-0.5832531701034267,-1.0882554083516391
6168,0.44658545995099896,-0.38315874330648675,-0.8297442032574858
6169,0.5605507564419085,-0.44192181958294774,-1.0024725760248563
6170,0.31369001287356635,-0.5749043652701634,-0.8885943781437298
6171,0.38715781831638646,-0.7041738980268005,-1.091331716343187
6172,0.4950505947530645,-0.4605309392923136,-0.9555815340453782
6173,0.9836885466007518,-0.47555267673466256,-1.4592412233354144
6174,0.023342429015810035,-0.47539797001440814,-0.49874039903021816
6175,0.6603365924880096,-0.527072033735976,-1.1874086262239856
6176,0.34297119558091993,-0.7300230370569355,-1.0729942326378554
6177,0.3575259541926014,-0.7446986447896001,-1.1022245989822015
6178,0.9920107391147843,-0.23893612065746844,-1.2309468597722528
6179,0.18696864379426786,-0.47685340388757075,-0.6638220476818386
6180,0.21341407315689503,-0.5480975092463017,-0.7615115824031968
6181,1.0106561605687374,-0.5168875624698215,-1.527543723038559
6182,0.5781178146107715,-0.4593449525709526,-1.037462767181724
6183,0.4415159779230124,-0.6915349228161648,-1.1330509007391771
6184,0.1980540349938637,-0.6123891951754388,-0.8104432301693025
6185,0.4198533987254273,-0.34133829757996337,-0.7611916963053906
6186,0.3032729337654865,-0.5935323627451805,-0.896805296510667
6187,0.6163450382884805,-0.6272525607217366,-1.2435975990102173
6188,0.4337467486605216,-0.39035459047971743,-0.824101339140239
6189,-0.08227645067917796,-0.4476478668306193,-0.3653714161514413
6190,0.5227027706263039,-0.616240454842771,-1.1389432254690748
6191,0.26404437840885914,-0.68744527903213,-0.9514896574409892
6192,0.7430337944488162,-0.46660249373205437,-1.2096362881808707
6193,0.4898339718585038,-0.49763207296880324,-0.987466044827307
6194,-0.4105972288673815,-0.544677780826693,-0.13408055195931157
6195,0.4303824978334177,-0.640494427761416,-1.0708769255948336
6196,0.6492162388169851,-0.5044534177158471,-1.1536696565328322
6197,0.5036004964345561,-0.679648621906213,-1.1832491183407692
6198,0.21351170540553235,-0.4350552919309527,-0.648566997336485
6199,0.6601826749963979,-0.5226230523318055,-1.1828057273282035
6200,0.8081931164064495,-0.40621311630995766,-1.2144062327164071
6201,0.4898502120178626,-0.41813152492321565,-0.9079817369410783
6202,0.3785691310777281,-0.6242143529462593,-1.0027834840239873
6203,0.6618376017314874,-0.5345538716772482,-1.1963914734087355
6204,0.04945054707198428,-0.7255265278118136,-0.7749770748837979
6205,0.7674132306427864,-0.39631796849920903,-1.1637311991419954
6206,0.9812235684263442,-0.3352313168108297,-1.3164548852371738
6207,-0.19408687127673718,-0.6032368150942096,-0.4091499438174724
6208,0.8900675818296542,-0.543084546878041,-1.4331521287076951
6209,0.711714255624663,-0.5063308038069642,-1.2180450594316272
6210,0.44547354839893,-0.6217448691543195,-1.0672184175532495
6211,0.5965387038548279,-0.6618136516127643,-1.2583523554675922
6212,0.46615537498292275,-0.49066273661733495,-0.9568181116002576
6213,0.6209847500522205,-0.734403514365042,-1.3553882644172626
6214,0.04850796506697725,-0.8337898715713016,-0.8822978366382789
6215,0.9573468689924134,-0.4564615790960205,-1.4138084480884339
6216,0.38225401875920806,-0.48717528803576243,-0.8694293067949705
6217,0.5056733253549165,-0.5735376213725147,-1.0792109467274313
6218,0.19751129733940287,-0.41527160912560146,-0.6127829064650043
6219,0.6659666636458126,-0.26681365073873187,-0.9327803143845445
6220,0.5177562313372203,-0.6690023213820836,-1.1867585527193039
6221,0.32550114809475084,-0.6491109584158614,-0.9746121065106123
6222,0.6123888413889031,-0.33037179314240206,-0.9427606345313052
6223,0.6324579878221809,-0.3859462969869387,-1.0184042848091197
6224,0.03279048481063958,-0.5787971611755476,-0.6115876459861872
6225,0.3319871322258365,-0.684190019987386,-1.0161771522132226
6226,0.35097609294050625,-0.3620994319052968,-0.713075524845803
6227,0.28510284266050073,-0.4050304969718978,-0.6901333396323985
6228,0.9014267030549259,-0.591273252368437,-1.4926999554233629
6229,0.4897060268840253,-0.5200567144880232,-1.0097627413720485
6230,-0.14748709550731467,-0.5107774412795739,-0.36329034577225927
6231,-0.4197361738810115,-0.5062570304340669,-0.08652085655305541
6232,1.025515987463384,-0.7052716550012865,-1.7307876424646704
6233,0.47732193703202525,-0.729891654446077,-1.2072135914781021
6234,0.2930934030593451,-0.7248383500328097,-1.0179317530921548
6235,0.4025319404747712,-0.6785166656773287,-1.0810486061520999
6236,0.08857281497125088,-0.590085606426911,-0.6786584213981619
6237,0.37293892971858444,-0.7559111427035213,-1.1288500724221058
6238,0.7168504878942044,-0.5156318280181997,-1.232482315912404
6239,1.0351597259471743,-0.5570127299848998,-1.592172455932074
6240,0.41124130991285984,-0.5709016514001551,-0.982142961313015
6241,0.4853545040708276,-0.6218637351953771,-1.1072182392662047
6242,0.42633123037189485,-0.8318598620583303,-1.258191092430225
6243,0.7710191070661154,-0.6906119230811089,-1.4616310301472244
6244,0.6636496588280357,-0.22588630713967942,-0.8895359659677151
6245,0.4727703443464347,-0.3087991174701765,-0.7815694618166112
6246,-0.1214294364297562,-0.6365778716286512,-0.515148435198895
6247,0.7700776314872508,-0.6118533947763972,-1.381931026263648
6248,0.31675374636429887,-0.7496443253425856,-1.0663980717068844
6249,0.8954172087181097,-0.6020548857535111,-1.4974720944716209
6250,0.2634042035671276,-0.7783566787038282,-1.0417608822709559
6251,0.5565145453562027,-0.5167628381574767,-1.0732773835136795
6252,0.9900879233729424,-0.6039635418518721,-1.5940514652248146
6253,-0.35610461476686645,-0.5549967614160102,-0.19889214664914373
6254,0.594414555768541,-0.7106270498345301,-1.305041605603071
6255,0.28711640540451755,-0.40114266855957187,-0.6882590739640895
6256,0.399032955724276,-0.5057244082176163,-0.9047573639418923
6257,0.19092690265105985,-0.5319145459974797,-0.7228414486485395
6258,0.1215746579747764,-0.5577373163336101,-0.6793119743083865
6259,0.8496147576694189,-0.6405729317124713,-1.4901876893818902
6260,0.029116265463786154,-0.47872191905690414,-0.5078381845206903
6261,0.8756698919164848,-0.6115658853738565,-1.4872357772903413
6262,1.0991940852254793,-0.5942487493849947,-1.6934428346104742
6263,0.8012884631414404,-0.6166927729051694,-1.41798123604661
6264,-0.31337856607112424,-0.6296316724793102,-0.31625310640818594
6265,0.7853483364836931,-0.5367406463638176,-1.3220889828475106
6266,0.5701019135954527,-0.3906903243023936,-0.9607922378978463
6267,0.2914012825030707,-0.45663340459356583,-0.7480346870966366
6268,0.5056953977382507,-0.5791964931198041,-1.0848918908580547
6269,0.2680050063288293,-0.2996738649944518,-0.5676788713232811
6270,-0.12193533784586358,-0.802422679770052,-0.6804873419241884
6271,0.49888798354409386,-0.2645434926048402,-0.763431476148934
6272,0.009934475548868745,-0.7028135607742573,-0.712748036323126
6273,0.3765652905050727,-0.42873371378611924,-0.8052990042911919
6274,0.846540994005255,-0.6252719480561473,-1.4718129420614021
6275,1.1482524371535079,-0.6146536128927564,-1.7629060500462643
6276,0.5056573921568701,-0.6276457998239149,-1.133303191980785
6277,0.34630018650363964,-0.4621415099425222,-0.8084416964461618
6278,0.38122756963891,-0.4808927815829004,-0.8621203512218104
6279,0.6594849076430191,-0.6615850221097359,-1.321069929752755
6280,1.0749029390232916,-0.4029642276770038,-1.4778671667002954
6281,0.09875111915532722,-0.6836935673696318,-0.782444686524959
6282,0.9913981516124808,-0.38746239721403064,-1.3788605488265113
6283,-0.18993837649734321,-0.5026686681274207,-0.3127302916300775
6284,0.1390682226978278,-0.396871226013034,-0.5359394487108617
6285,0.27266535818231463,-0.22837295465743473,-0.5010383128397493
6286,0.30524044033742787,-0.48319162880366506,-0.7884320691410929
6287,0.8633716871021168,-0.5343162533759176,-1.3976879404780345
6288,-8.371957463539543e-4,-0.5218531189759794,-0.5210159232296254
6289,0.08844143489353984,-0.6247529183321879,-0.7131943532257278
6290,0.3341841486748893,-0.5928909120868551,-0.9270750607617444
6291,0.7802219987760475,-0.3961134743860202,-1.1763354731620677
6292,0.937633974507181,-0.4415137162827131,-1.379147690789894
6293,0.255613470099649,-0.6116061715272602,-0.8672196416269091
6294,1.0734878189557868,-0.4894511692895571,-1.562938988245344
6295,0.637697301978468,-0.5711517713189784,-1.2088490732974464
6296,1.5541492669713333,-0.5351058474780309,-2.0892551144493643
6297,0.1766086729316698,-0.5972370283237276,-0.7738457012553974
6298,0.4630865238857428,-0.6378633700517218,-1.1009498939374645
6299,0.20384815702859505,-0.5715175909058247,-0.7753657479344197
6300,0.17712569279020574,-0.5637316793118261,-0.7408573721020318
6301,0.44303841171631375,-0.5963252389478365,-1.0393636506641504
6302,0.2636518007840451,-0.5429307515194803,-0.8065825523035255
6303,0.4968345980263611,-0.5252130816018087,-1.02204767962817
6304,0.7783729520803807,-0.4823737265702167,-1.2607466786505974
6305,0.37280834621120335,-0.4043318281295892,-0.7771401743407925
6306,0.3905242472155474,-0.49189242119149795,-0.8824166684070454
6307,0.5231918065087183,-0.5824236068401507,-1.1056154133488691
6308,0.4031134268465518,-0.5045823268693505,-0.9076957537159023
6309,0.30931628274538087,-0.5197624381720508,-0.8290787209174317
6310,-0.20407236456128794,-0.5597313400853248,-0.3556589755240368
6311,0.6666318432219887,-0.5421161906812635,-1.2087480339032521
6312,0.6002533001984789,-0.6123428133808475,-1.2125961135793264
6313,0.3546105862747173,-0.6007346416053387,-0.955345227880056
6314,0.5786063805130897,-0.5105509941602283,-1.0891573746733179
6315,0.34767941135077135,-0.6683523696744348,-1.0160317810252062
6316,0.8301065569233737,-0.45954902220201077,-1.2896555791253843
6317,0.4593411839886814,-0.3474645229347939,-0.8068057069234753
6318,1.2613540874767983,-0.45613547957428574,-1.7174895670510841
6319,0.6446162980835688,-0.4237055002159628,-1.0683217982995317
6320,0.5884033374874849,-0.5772760895763746,-1.1656794270638593
6321,1.1354993331611432,-0.4046624591702417,-1.5401617923313848
6322,1.0440338999816856,-0.6519652074762178,-1.6959991074579035
6323,0.43046466409079487,-0.679340274617388,-1.1098049387081828
6324,0.4437603248465997,-0.6930965968308612,-1.1368569216774609
6325,1.4172039722913898,-0.6183957053607968,-2.0355996776521867
6326,-0.054925599595968544,-0.700109173586949,-0.6451835739909805
6327,0.8312475368506976,-0.5508254354581494,-1.3820729723088472
6328,-0.23431200794515064,-0.5782312294530914,-0.34391922150794074
6329,0.6061403253489436,-0.5546910358082155,-1.1608313611571592
6330,1.5827187348072065,-0.37374376222516953,-1.956462497032376
6331,0.7869111284035404,-0.32461019688102827,-1.1115213252845686
6332,0.2187067499049161,-0.39203993928131226,-0.6107466891862283
6333,0.10384077550283476,-0.5665132431583355,-0.6703540186611703
6334,0.6028201424152089,-0.4577953224481993,-1.060615464863408
6335,0.2208143012578149,-0.4702548819571179,-0.6910691832149328
6336,-0.6503214973678164,-0.5423855689454626,0.10793592842235378
6337,0.4601110485369291,-0.639918921655377,-1.1000299701923062
6338,-0.4343425835742496,-0.7257322614927872,-0.29138967791853765
6339,0.32028879088426343,-0.5314092531266978,-0.8516980440109613
6340,0.4642458114937987,-0.5292682472855977,-0.9935140587793965
6341,0.9826096115369125,-0.4197452812258142,-1.4023548927627267
6342,1.15050925684239,-0.449142892695796,-1.5996521495381861
6343,1.418849998056735,-0.31035970487627,-1.7292097029330051
6344,-0.21153983202712276,-0.5098251340816821,-0.2982853020545593
6345,1.0208782154397147,-0.41331640569051975,-1.4341946211302345
6346,0.6159100737165166,-0.4511096634749491,-1.0670197371914658
6347,0.8223321139388462,-0.5095760570847007,-1.3319081710235467
6348,0.9845204640002757,-0.4951764351909607,-1.4796968991912365
6349,-0.020678891415954137,-0.6819172880758088,-0.6612383966598546
6350,0.8097769965325311,-0.37543641204590394,-1.1852134085784352
6351,0.29626140686944574,-0.7084463634792586,-1.0047077703487044
6352,0.5622802460801908,-0.8057637223255184,-1.368043968405709
6353,0.41842301193574205,-0.7686208545841591,-1.1870438665199012
6354,0.13368000965939436,-0.646259102470816,-0.7799391121302104
6355,0.25734397794235647,-0.5192608225664849,-0.7766048005088413
6356,-1.209580653346928,-0.3942073006115385,0.8153733527353895
6357,0.6789230884324872,-0.4268463928474427,-1.10576948127993
6358,0.37601140638914476,-0.45174752473390467,-0.8277589311230494
6359,-0.2442727004164599,-0.49704556329076655,-0.25277286287430667
6360,0.11970617870433682,-0.5679102047786164,-0.6876163834829533
6361,0.14373465218091241,-0.5350086929671594,-0.6787433451480718
6362,-0.1111711324374949,-0.5650586563391712,-0.4538875239016763
6363,0.8007236047403404,-0.5738414926726774,-1.3745650974130177
6364,0.16713781356550633,-0.4911166434097092,-0.6582544569752156
6365,-0.9289707653979741,-0.74037418947295,0.1885965759250241
6366,0.4350817027776458,-0.6108339000071942,-1.04591560278484
6367,0.16383015922444372,-0.22900036221173714,-0.39283052143618086
6368,0.5966793147940588,-0.5656469887718993,-1.1623263035659581
6369,0.8049937985057701,-0.463192423103809,-1.2681862216095792
6370,1.2867888130231826,-0.4229600994776867,-1.7097489125008694
6371,1.2472314811743321,-0.42833093548056406,-1.6755624166548961
6372,0.314749500679301,-0.8169061490222391,-1.1316556497015402
6373,0.7563673992363064,-0.6501581689947401,-1.4065255682310465
6374,-0.15395476021389914,-0.5045595337784172,-0.3506047735645181
6375,0.2363360053493305,-0.5259500604996751,-0.7622860658490056
6376,0.45517437103220726,-0.4318903395264852,-0.8870647105586924
6377,-0.3618705475772305,-0.6779454911323846,-0.3160749435551541
6378,-0.016046963453351184,-0.5157111592724585,-0.4996641958191073
6379,0.1749616225955203,-0.7788568520000105,-0.9538184745955308
6380,0.030345422159841456,-0.6571255754636661,-0.6874709976235076
6381,0.6732084072938598,-0.24897303138339347,-0.9221814386772532
6382,0.3046702989469118,-0.5349174750430025,-0.8395877739899142
6383,0.5407029351993353,-0.51234072820518906,-1.0530436634045244
6384,0.19958972083586266,-0.7863017474852432,-0.9858914683211059
6385,0.5199828139492323,-0.5488077245994218,-1.068790538548654
6386,1.0357565442933496,-0.4986193760285651,-1.5343759203219147
6387,-0.11534215258308148,-0.5283973865859618,-0.41305523400288036
6388,1.0080948398906093,-0.3204164729685117,-1.328511312859121
6389,0.3256788406363588,-0.47647328293372965,-0.8021521235700885
6390,0.28944546696217377,-0.49522179487089657,-0.7846672618330703
6391,0.21288252614970252,-0.5718099561368105,-0.784692482286513
6392,0.37198560134676933,-0.5986046556519496,-0.970590256998719
6393,0.7475325497802044,-0.5581713143799716,-1.3057038641601761
6394,0.718731683335265,-0.5662340894096842,-1.2849657727449493
6395,-0.06253010533863378,-0.4645843550710887,-0.4020542497324549
6396,0.6998336337170143,-0.45262937893412114,-1.1524630126511355
6397,0.963972299788548,-0.6155876986720038,-1.5795599984605517
6398,1.0845696980430355,-0.6133310623959121,-1.6979007604389476
6399,1.0220194996249357,-0.5357182509638119,-1.5577377505887475
6400,1.2312619434513388,-0.366980447257092,-1.5982423907084309
6401,-0.3796878970888602,-0.6193816751196358,-0.23969377803077563
6402,0.6846976019717305,-0.6025335750724597,-1.2872311770441902
6403,0.6303724372146376,-0.5842823999027945,-1.2146548371174322
6404,0.4987997619815796,-0.6667340444659973,-1.1655338064475769
6405,0.58146028735649,-0.5796957577925088,-1.1611560451489988
6406,0.44670934176786464,-0.41611427430230635,-0.862823616070171
6407,0.1400749808964138,-0.4777494996203549,-0.6178244805167687
6408,0.9562360665262888,-0.6368215090739625,-1.5930575756002514
6409,0.06244990109485592,-0.7218863717587948,-0.7843362728536507
6410,-0.1168736763061814,-0.4012775927539206,-0.2844039164477392
6411,1.1563524254148405,-0.33423405593025185,-1.4905864813450924
6412,0.016825024642829537,-0.48463786814183746,-0.501462892784667
6413,0.3763288591695205,-0.45298377131943224,-0.8293126304889528
6414,0.6757265816236743,-0.5646570118740187,-1.240383593497693
6415,0.7054767358397592,-0.5390236389080377,-1.244500374747797
6416,-0.28854404426590635,-0.5311510048718999,-0.24260696060599357
6417,1.2428831662499522,-0.7342371295796283,-1.9771202958295806
6418,0.7167257112135135,-0.49667750095853064,-1.2134032121720442
6419,0.5065027438221179,-0.5124900626849783,-1.0189928065070961
6420,-0.1085584521293899,-0.33946502937694756,-0.23090657724755764
6421,0.2166050900707478,-0.42988401295564216,-0.64648910302639
6422,0.7791377030362718,-0.5909740742135965,-1.3701117772498683
6423,0.6773749002170841,-0.38171340225269385,-1.059088302469778
6424,0.6306264275307726,-0.5672017000334371,-1.1978281275642098
6425,0.22566199367864273,-0.4867335643005687,-0.7123955579792114
6426,0.5195526238405902,-0.6257478880319842,-1.1453005118725743
6427,0.64918920988892,-0.5174873663546228,-1.166676576243543
6428,0.2992806010462988,-0.3914096068298754,-0.6906902078761742
6429,0.40417420055231235,-0.535061498757562,-0.9392356993098744
6430,0.3981336771777697,-0.4855166445055574,-0.8836503216833271
6431,0.12594444284780995,-0.6401734575186275,-0.7661179003664375
6432,0.5591793684845098,-0.4826199211052675,-1.0417992895897772
6433,0.6294807932743065,-0.6597019441537781,-1.2891827374280846
6434,0.6327253213146772,-0.33770909597814225,-0.9704344172928194
6435,0.390501082735449,-0.38700618812644905,-0.777507270861898
6436,0.7508469321251623,-0.6967829148412712,-1.4476298469664335
6437,-0.13077678260998468,-0.6293613765989309,-0.49858459398894617
6438,0.40360947014875403,-0.4718853572399338,-0.8754948273886878
6439,0.84605226654902,-0.6742627271401395,-1.5203149936891593
6440,0.34860904550977956,-0.6344286873827956,-0.9830377328925751
6441,0.47205415812184337,-0.41317839655734334,-0.8852325546791867
6442,0.5988644832942207,-0.44644296850703863,-1.0453074518012593
6443,0.7099994192501988,-0.5448453550277756,-1.2548447742779745
6444,0.014558475382999148,-0.5036630880708848,-0.5182215634538839
6445,0.4354653279475909,-0.4184600279177994,-0.8539253558653903
6446,0.2645944710309865,-0.6462658348919624,-0.910860305922949
6447,0.9077665409491888,-0.6497027746634498,-1.5574693156126387
6448,0.10424798197912709,-0.6117201377257541,-0.7159681197048812
6449,0.3475286799270883,-0.4100060678408728,-0.757534747767961
6450,-0.0037800063752189508,-0.35076099306784864,-0.34698098669262967
6451,0.3459043182151238,-0.40050107149826303,-0.7464053897133869
6452,0.7359786213609765,-0.3273023788239769,-1.0632810001849533
6453,0.14271614731873758,-0.5012182292196204,-0.64393437653835806
6454,0.6204918030939671,-0.673526305134856,-1.2940181082288231
6455,0.8451126168851831,-0.40256094237575407,-1.2476735592609371
6456,0.22056903896876473,-0.4486976401440315,-0.6692666791127962
6457,0.4430790813150683,-0.39874104858100673,-0.841820129896075
6458,0.10824552795614514,-0.5606303288135034,-0.6688758567696486
6459,0.9641780584665343,-0.4736055739371124,-1.4377836324036466
6460,0.5700880142213072,-0.48493548704761463,-1.0550235012689217
6461,0.2934230024799923,-0.7363778390390177,-1.0298008415190099
6462,0.5620966818840704,-0.36470970734262254,-0.9268063892266929
6463,-0.052429560457611914,-0.41780532582038293,-0.365375765362771
6464,0.1048351027036903,-0.4156414055608241,-0.5204765082645144
6465,0.06203937946950316,-0.302422223448328,-0.36446160291783114
6466,0.6730509076941199,-0.3094498374248296,-0.9825007451189496
6467,0.8099682403932941,-0.4095673444585163,-1.2195355848518104
6468,0.9207117444866958,-0.6583256517047518,-1.5790373961914477
6469,0.5140419886645032,-0.34483047652877696,-0.8588724651932802
6470,0.9509280609044437,-0.5049784406175297,-1.4559065015219734
6471,0.18985274495867996,-0.7362916123506056,-0.9261443573092856
6472,1.0437352607035395,-0.487185483944088,-1.5309207446476276
6473,-0.0639663008009524,-0.6813211597345836,-0.6173548589336312
6474,-0.060686608533731555,-0.6803794449163629,-0.6196928363826314
6475,0.028255765065380217,-0.7292190846726254,-0.7574748497380056
6476,1.0819212765055972,-0.49522448097292726,-1.5771457574785246
6477,0.5902082519996774,-0.47330542688152155,-1.063513678881199
6478,0.6544709034265129,-0.5497503199218079,-1.2042212233483207
6479,0.068766046472234,-0.48660322624725094,-0.555369272719485
6480,0.7337177409908487,-0.6902045366949185,-1.4239222776857674
6481,0.1129137942117788,-0.5924147639629591,-0.7053285581747379
6482,0.20531544698538678,-0.7258826253940416,-0.9311980723794284
6483,0.3155584863986782,-0.6645238016368478,-0.980082288035526
6484,0.3051741620856323,-0.6623616791707784,-0.9675358412564107
6485,0.6251540452075262,-0.7018079777339506,-1.3269620229414767
6486,-0.28157876673604243,-0.4204748487304751,-0.13889608199443265
6487,0.7315630188968709,-0.502532866621572,-1.234095885518443
6488,-0.31047859079482404,-0.38553277058780167,-0.07505417979297763
6489,0.15728727736037168,-0.6041834239292491,-0.7614707012896207
6490,0.43751707226928815,-0.5126113337599252,-0.9501284060292133
6491,0.8769093584771794,-0.42335669219435046,-1.3002660506715298
6492,-0.2508195519637002,-0.7001542491638624,-0.44933469720016217
6493,0.5749279376054556,-0.5738712650411463,-1.1487992026466018
6494,0.020508159883282372,-0.5461679700655541,-0.5666761299488364
6495,1.0564654453349513,-0.7028441622471009,-1.7593096075820522
6496,-0.2374539764842889,-0.5641784314674229,-0.32672445498313396
6497,0.6274423086730085,-0.4431308639346127,-1.0705731726076213
6498,-0.15632298972950195,-0.6960087691712202,-0.5396857794417182
6499,0.10730882353304465,-0.5163988734414565,-0.6237076969745011
6500,0.6498130717754416,-0.3902350039018615,-1.0400480756773032
6501,-0.2173409927770335,-0.5371451181409947,-0.31980412536396124
6502,0.2246928546479411,-0.5799539050214964,-0.8046467596694374
6503,0.3597906846842444,-0.4723174540970242,-0.8321081387812685
6504,0.1797000604737343,-0.3655980906765905,-0.5452981511503248
6505,0.3215575945453493,-0.752470460894415,-1.0740280554397643
6506,0.1191765068807184,-0.45147746650156173,-0.5706539733822802
6507,0.5287210981692315,-0.3793179244244077,-0.9080390225936392
6508,0.4121436428530551,-0.45607038577258907,-0.8682140286256441
6509,0.8024577619414699,-0.6899015975863716,-1.4923593595278415
6510,0.018192039075940764,-0.4702860672556449,-0.48847810633158567
6511,0.33823258560127234,-0.4781466309812209,-0.8163792165824932
6512,0.24008550268172404,-0.6442798602044904,-0.8843653628862144
6513,0.6107779326953551,-0.6182630996012698,-1.229041032296625
6514,0.6134364547661955,-0.5624898727960029,-1.1759263275621983
6515,0.16699257683552884,-0.546860229473876,-0.7138528063094048
6516,0.10806206853829776,-0.5267881013092885,-0.6348501698475864
6517,-2.4408396363601037e-4,-0.5291688046765884,-0.5289247207129524
6518,0.06506393988523855,-0.49791840315669417,-0.5629823430419327
6519,0.558130237987142,-0.30702870190217385,-0.8651589398893158
6520,-0.11492370738680284,-0.5482279181245241,-0.43330421073772124
6521,0.36897823858501244,-0.6060085803174856,-0.974986818902498
6522,-0.03444423343540479,-0.44270752347714515,-0.40826329004174033
6523,0.6054807879118986,-0.42175385653768743,-1.0272346444495861
6524,0.4837534583373936,-0.5677226269228424,-1.0514760852602358
6525,0.7573147562216008,-0.4354112945408174,-1.1927260507624182
6526,-0.6504067109057541,-0.5305480322662153,0.11985867863953881
6527,-0.6949410669349774,-0.4424800568951755,0.25246101003980187
6528,0.45431364134960905,-0.42614894277306115,-0.8804625841226702
6529,0.19550641517188472,-0.5896434065409535,-0.7851498217128382
6530,0.4541644309874966,-0.5122507932247791,-0.9664152242122757
6531,0.7962868042681279,-0.6628975555262504,-1.4591843597943783
6532,0.8474796670699908,-0.6072129898426848,-1.4546926569126755
6533,0.9794071664557674,-0.4415606073120113,-1.4209677737677788
6534,0.1631179416120348,-0.5950492793981079,-0.7581672210101427
6535,1.035382524692309,-0.3710744728675256,-1.4064569975598347
6536,-0.05468628429910016,-0.25938959031273606,-0.2047033060136359
6537,0.7048548537981864,-0.6889698512718617,-1.393824705070048
6538,0.5820605204710704,-0.5278731464569114,-1.1099336669279818
6539,0.1596419273198587,-0.5789220659086574,-0.7385639932285161
6540,0.17406034926321273,-0.6494386539453689,-0.8234990032085816
6541,-0.02037745893744798,-0.48512389991872323,-0.46474644098127527
6542,-1.4704516378037473,-0.5491976234277727,0.9212540143759747
6543,-0.13388048999838023,-0.5700383416899334,-0.4361578516915532
6544,0.7381408062426582,-0.5603099440580692,-1.2984507503007274
6545,0.4126133705253021,-0.6762136374652672,-1.0888270079905693
6546,1.071664629628741,-0.43270169815736403,-1.504366327786105
6547,-0.11142651293601886,-0.7019507949322499,-0.590524281996231
6548,0.17207945404321187,-0.25940434260130235,-0.4314837966445142
6549,0.15556741560112738,-0.2926261248637254,-0.4481935404648528
6550,0.3937434001480488,-0.36666132362197545,-0.7604047237700242
6551,0.8790623902599259,-0.6138613489234143,-1.49292373918334
6552,0.18540520072552216,-0.5785116703183089,-0.763916871043831
6553,0.16788343636507913,-0.563424185081805,-0.7313076214468841
6554,0.4729408325207068,-0.6372613863406401,-1.110202218861347
6555,0.35474653317973665,-0.48691764114470487,-0.8416641743244415
6556,0.47684570860576986,-0.40004228640851447,-0.8768879950142843
6557,0.12478637132116689,-0.49596390080035435,-0.6207502721215212
6558,0.2146707445938379,-0.4108644893830223,-0.6255352339768602
6559,-0.009917248948778943,-0.5728754868735292,-0.5629582379247502
6560,0.19991971291453225,-0.5963256491971155,-0.7962453621116478
6561,1.0472186152101526,-0.3998248929738045,-1.447043508183957
6562,0.4468366160440808,-0.577715158488922,-1.0245517745330028
6563,0.2970483907438723,-0.5702521107330848,-0.867300501476957
6564,0.5562732050963064,-0.558652743971031,-1.1149259490673376
6565,0.508060883689017,-0.44011576845975764,-0.9481766521487747
6566,0.5543432685606215,-0.3835151223306698,-0.9378583908912914
6567,0.7355592015203318,-0.6254637172942157,-1.3610229188145475
6568,0.4626907009818264,-0.21824533409082303,-0.6809360350726494
6569,0.5843646447146931,-0.5329182986748929,-1.117282943389586
6570,0.26105544765987454,-0.5168878554657463,-0.7779433031256209
6571,0.3322433434306728,-0.7271095699641458,-1.0593529133948185
6572,-0.04077918117959091,-0.5101471103910901,-0.46936792921149917
6573,0.34024631592599386,-0.42240360339880423,-0.7626499193247981
6574,0.5719962480504871,-0.7302877818381743,-1.3022840298886615
6575,0.042002465316666994,-0.793485139916619,-0.8354876052332859
6576,-0.10176205381507364,-0.7433569449852377,-0.6415948911701641
6577,0.8298612478389193,-0.437842863201235,-1.2677041110401543
6578,-0.15723466007805736,-0.7249861852613251,-0.5677515251832677
6579,0.9363205608785075,-0.4392497939975233,-1.3755703548760307
6580,1.0244362046959499,-0.4441311603161913,-1.4685673650121411
6581,0.5270563421587606,-0.4156217794571148,-0.9426781216158755
6582,0.014348436736824437,-0.5923879426456746,-0.606736379382499
6583,0.5773779192662614,-0.21835131968271648,-0.7957292389489778
6584,0.770167636158365,-0.05459455836613557,-0.8247621945245006
6585,1.2071533231250502,-0.7568711265063403,-1.9640244496313906
6586,0.8615429263739565,-0.3979050669408902,-1.2594479933148466
6587,0.8351968915855117,-0.5098513150310943,-1.3450482066166058
6588,0.7486681997756346,-0.550964957469737,-1.2996331572453714
6589,-0.20037526506616576,-0.477898354037327,-0.27752308897116124
6590,0.1836477470197115,-0.4448441827473559,-0.6284919297670674
6591,1.024301420422644,-0.5299570566199844,-1.5542584770426284
6592,0.22927865256867255,-0.4838091726253254,-0.7130878251939979
6593,0.5818005717246599,-0.6003143800603167,-1.1821149517849765
6594,-0.20280388731010623,-0.6458252953455952,-0.44302140803548895
6595,0.5401895828630069,-0.5752726892344062,-1.115462272097413
6596,0.6247244867672821,-0.4953937972778065,-1.1201182840450885
6597,0.4855560125878333,-0.6566638017009677,-1.1422198142888011
6598,0.139402923845315,-0.6623522434984479,-0.8017551673437628
6599,0.2909109254278192,-0.633576218179723,-0.9244871436075421
6600,0.22028996723936448,-0.47026137668934176,-0.6905513439287062
6601,0.2949966296142186,-0.5570425051444704,-0.852039134758689
6602,0.3886488290603945,-0.6533383890188769,-1.0419872180792713
6603,-0.14712934659712507,-0.6785209883914617,-0.5313916417943366
6604,0.8418812570483873,-0.3630334872436901,-1.2049147442920773
6605,0.2693771695681211,-0.3106320294330986,-0.5800091990012197
6606,0.27286856482323063,-0.34775358686431085,-0.6206221516875414
6607,0.1956717271459422,-0.4409365684220973,-0.6366082955680394
6608,-0.11426445366742587,-0.3508813553654603,-0.2366169016980344
6609,0.3042133884344638,-0.4427955714389641,-0.747008959873428
6610,0.516116834586225,-0.4236789830367478,-0.9397958176229728
6611,0.5656461203608338,-0.5816957826920373,-1.147341903052871
6612,0.5986591833435443,-0.5706248398344284,-1.1692840231779726
6613,0.8643812031805191,-0.4386798758895837,-1.303061079070103
6614,0.6844268589552912,-0.586561758896441,-1.2709886178517322
6615,0.48134149423823624,-0.5848484201404558,-1.066189914378692
6616,0.07881175016148156,-0.686732848626351,-0.7655445987878325
6617,0.23779844443917447,-0.609868322999891,-0.8476667674390654
6618,0.4316370048202983,-0.4685874641348851,-0.9002244689551835
6619,0.31740103827126914,-0.4605283957634493,-0.7779294340347185
6620,0.7988823368964645,-0.46029468522867156,-1.2591770221251362
6621,0.2325780030149833,-0.5678176972403887,-0.800395700255372
6622,0.2648103193594113,-0.7258735408710684,-0.9906838602304797
6623,0.08925326715117078,-0.5772946480313004,-0.6665479151824711
6624,0.7417276505667826,-0.3585819232885391,-1.1003095738553217
6625,0.8507898387203101,-0.4439495730662944,-1.2947394117866045
6626,0.44103424865970325,-0.5019543312745591,-0.9429885799342623
6627,0.035805353880092844,-0.48630711968084195,-0.5221124735609348
6628,0.23165212520268638,-0.49021496246424995,-0.7218670876669363
6629,0.961691415251917,-0.6752707936502592,-1.6369622089021763
6630,0.9789485108632165,-0.5275929085255089,-1.5065414193887254
6631,0.4984656124152379,-0.6782383701973815,-1.1767039826126195
6632,0.5629741052941986,-0.5365271126645168,-1.0995012179587154
6633,-0.10358949564717483,-0.6193428436136128,-0.515753347966438
6634,-0.34579572670356473,-0.6964717661276694,-0.35067603942410464
6635,0.7935041833611901,-0.6150483878842028,-1.408552571245393
6636,0.4085228663260369,-0.5667066015944834,-0.9752294679205202
6637,0.5996754443902508,-0.6648563655242694,-1.2645318099145202
6638,0.39327446651114434,-0.5665471177696398,-0.9598215842807842
6639,0.7799637864668161,-0.5602384990279761,-1.3402022854947921
6640,-0.0333731683285835,-0.6936252387263205,-0.660252070397737
6641,0.5900536219640917,-0.6006461922799816,-1.1906998142440735
6642,0.5744264759380945,-0.5610575185732534,-1.1354839945113477
6643,0.01748348076785955,-0.5927829090089343,-0.6102663897767938
6644,0.6965713303834128,-0.49646544491700273,-1.1930367753004156
6645,0.7825360654449666,-0.4297875875063233,-1.21232365295129
6646,-0.17711862580410573,-0.5375222687298252,-0.36040364292571947
6647,0.06867128306168503,-0.5362399509909271,-0.6049112340526122
6648,0.7140611750849243,-0.5683795205876022,-1.2824406956725265
6649,0.5697326175841017,-0.6203341645722827,-1.1900667821563844
6650,0.5564245624140776,-0.5404491871796759,-1.0968737495937535
6651,0.04397840508992078,-0.6788021890835553,-0.7227805941734761
6652,0.8333195055985043,-0.3752185623593798,-1.208538067957884
6653,0.12975309221593254,-0.5498866474450725,-0.6796397396610051
6654,0.19384340221810467,-0.48323300247089357,-0.6770764046889982
6655,0.7337606190859135,-0.6284161444539079,-1.3621767635398214
6656,0.4204075990520925,-0.3039137344704893,-0.7243213335225818
6657,0.68212691674456,-0.36881067779840687,-1.0509375945429669
6658,0.3942859244740316,-0.6091817686106519,-1.0034676930846835
6659,0.4187184756447366,-0.3996140691714843,-0.8183325448162209
6660,0.5508116324762329,-0.4966156171000641,-1.0474272495762968
6661,1.0362641095567406,-0.5623338548033026,-1.5985979643600432
6662,1.416213824444109,-0.517480430192342,-1.933694254636451
6663,-0.011112473993160815,-0.5353575508273106,-0.5242450768341498
6664,0.6391876795837699,-0.5630274586446734,-1.2022151382284432
6665,0.15298778385324727,-0.5137690312168018,-0.6667568150700491
6666,0.2640000959201944,-0.5513587152231729,-0.8153588111433674
6667,0.373305850912821,-0.6424992202059422,-1.0158050711187632
6668,1.030152944264747,-0.5592603892031849,-1.589413333467932
6669,0.16120133328242564,-0.5765432970426562,-0.7377446303250819
6670,0.7501516705209801,-0.6067637908810748,-1.3569154614020549
6671,0.822829049945468,-0.6083721974320463,-1.4312012473775142
6672,0.3711340065955496,-0.5636240212066193,-0.9347580278021689
6673,0.7564668154662216,-0.5452485039712136,-1.3017153194374353
6674,0.13769570733150874,-0.6296546901542704,-0.7673503974857792
6675,0.4284915128365687,-0.5644608109543436,-0.9929523237909124
6676,-0.09620802573845214,-0.3219146659042642,-0.22570664016581207
6677,0.003986390345256585,-0.4528170277784379,-0.4568034181236945
6678,0.5064699112395226,-0.41783325946869576,-0.9243031707082183
6679,0.12905269115837453,-0.5119360975015652,-0.6409887886599397
6680,0.07670412944702351,-0.6464749552154585,-0.723179084662482
6681,0.6089597468343653,-0.47707804625185773,-1.086037793086223
6682,-0.050431444424945335,-0.4719264443444674,-0.42149499991952205
6683,0.42895249853757156,-0.6070758141616254,-1.036028312699197
6684,1.7879045985030941,-0.42428059033086196,-2.2121851888339563
6685,0.7968056231894052,-0.6386388765880184,-1.4354444997774236
6686,0.6435412340818258,-0.6857484925805892,-1.329289726662415
6687,0.4111721396792598,-0.29677830040221703,-0.7079504400814769
6688,0.5639426140153923,-0.5587689464007015,-1.1227115604160938
6689,-0.003094507684732628,-0.5969107386072425,-0.5938162309225099
6690,0.5650064854855611,-0.46913592870576815,-1.0341424141913294
6691,0.5899759855527406,-0.4896214674212581,-1.0795974529739987
6692,0.7756735606175822,-0.6812969074434525,-1.4569704680610347
6693,0.6593938327774118,-0.5499026567111033,-1.2092964894885152
6694,0.24760452240757796,-0.30159996272651696,-0.5492044851340949
6695,0.4151122227269443,-0.5976972185447332,-1.0128094412716775
6696,0.39146036408239787,-0.7325162399040926,-1.1239766039864905
6697,0.22347216821811627,-0.6421704985305213,-0.8656426667486377
6698,0.17628180677401087,-0.6486003429378514,-0.8248821497118622
6699,0.6393514497446384,-0.44027647637497275,-1.0796279261196111
6700,0.7061220125337425,-0.6751296572710375,-1.3812516698047799
6701,0.3689913332974195,-0.3981592499526122,-0.7671505832500317
6702,0.10156005554218242,-0.45295871457667686,-0.5545187701188593
6703,-0.26735682186661064,-0.5104286465770619,-0.24307182471045125
6704,0.2663414821776431,-0.5733851422494691,-0.8397266244271122
6705,0.028256413075109434,-0.596485453111663,-0.6247418661867724
6706,0.6971064032408443,-0.3812986109897096,-1.078405014230554
6707,-0.08821096908625839,-0.28910519368276244,-0.20089422459650405
6708,0.564734973275783,-0.3998373788046013,-0.9645723520803844
6709,0.7693771751497974,-0.3937508731560527,-1.1631280483058501
6710,0.16862615982495593,-0.5505958596196473,-0.7192220194446033
6711,0.33518402357329063,-0.48741452680458724,-0.8225985503778779
6712,0.24352099218391038,-0.6250408183641044,-0.8685618105480148
6713,0.597845009917974,-0.6199607671178498,-1.2178057770358237
6714,0.4555924124710966,-0.19996984071697127,-0.6555622531880678
6715,-0.062104148406976936,-0.6689945434403374,-0.6068903950333604
6716,0.20752799681346737,-0.3197445904859229,-0.5272725872993903
6717,0.3268249107709005,-0.4038079116990077,-0.7306328224699081
6718,0.5615778076256845,-0.5126733991650301,-1.0742512067907146
6719,0.3442713103954353,-0.5036483309431783,-0.8479196413386136
6720,0.18451406053191205,-0.7872031472556799,-0.971717207787592
6721,0.9014841487412639,-0.6905654237475175,-1.5920495724887815
6722,0.16787728395147436,-0.37580537726019514,-0.5436826612116695
6723,0.3285521736786644,-0.21506187536577298,-0.5436140490444374
6724,0.9289577708686614,-0.5148388180328655,-1.443796588901527
6725,0.15986156365877244,-0.5219300369897427,-0.6817916006485152
6726,0.9989774423138119,-0.6208462149477694,-1.6198236572615814
6727,0.4037549510752236,-0.5838173261086067,-0.9875722771838302
6728,0.6697984020525767,-0.4844829913073296,-1.1542813933599063
6729,0.6371150121316487,-0.5466049403070607,-1.1837199524387094
6730,0.14336252073523417,-0.5671159689522228,-0.710478489687457
6731,1.0005964466872626,-0.5554915740511156,-1.556088020738378
6732,1.0007892329188472,-0.5608114953682934,-1.5616007282871407
6733,-0.35319205807093645,-0.6413010273167001,-0.2881089692457637
6734,1.3049197705835083,-0.3676361033827496,-1.6725558739662578
6735,0.45598626754538335,-0.3276583620433018,-0.7836446295886852
6736,0.9259453431835508,-0.31067489387461195,-1.2366202370581627
6737,0.11647733312800794,-0.6305529162423552,-0.7470302493703631
6738,-0.39392009384550475,-0.7464568426018425,-0.3525367487563378
6739,1.3598720135152012,-0.542244530497652,-1.9021165440128531
6740,-0.20050390742617863,-0.5299437209592889,-0.32943981353311025
6741,1.9154393185207992,-0.3270441340513955,-2.242483452572195
6742,0.09058739322510005,-0.7363687928745544,-0.8269561860996544
6743,0.9239684891193642,-0.45130767527805654,-1.3752761643974207
6744,0.7494297437605616,-0.4225160579781095,-1.171945801738671
6745,0.5213995837588351,-0.3489254518643151,-0.8703250356231502
6746,0.6514672932372879,-0.3910751271952478,-1.0425424204325358
6747,1.257544353329116,-0.501736750103491,-1.759281103432607
6748,0.36726014571679605,-0.44111946300513083,-0.8083796087219268
6749,0.5154465332849656,-0.4869359384566209,-1.0023824717415866
6750,0.52072134002164,-0.46222097962395364,-0.9829423196455935
6751,0.22184439511126994,-0.5368985311724551,-0.7587429262837251
6752,0.25761415974144675,-0.3451417671164468,-0.6027559268578935
6753,0.057877048670593616,-0.7807562979825575,-0.8386333466531511
6754,-0.07666958640986397,-0.8332265946779727,-0.7565570082681087
6755,0.6664543549986924,-0.5541103533300781,-1.2205647083287705
6756,0.3424751663965291,-0.5724428463042862,-0.9149180127008153
6757,0.8761553777047458,-0.7013442308073344,-1.5774996085120803
6758,1.2424609879754112,-0.5400780269423927,-1.7825390149178038
6759,0.22929774657769492,-0.7365957341784996,-0.9658934807561945
6760,0.4314137249489032,-0.5552996886626059,-0.9867134136115091
6761,0.5278488458947725,-0.509904700995029,-1.0377535468898016
6762,0.688762176738787,-0.6081114104098406,-1.2968735871486277
6763,0.18186441236926032,-0.5353494367848031,-0.7172138491540634
6764,0.027767783834534644,-0.5245933270919688,-0.5523611109265034
6765,0.3585244597320045,-0.4353792862435971,-0.7939037459756015
6766,0.39652088942935726,-0.5845954483208109,-0.9811163377501682
6767,0.10811796827794656,-0.4882474693869007,-0.5963654376648473
6768,0.5813489559670248,-0.36476382172647487,-0.9461127776934997
6769,0.19423016763012083,-0.5652485896676965,-0.7594787572978173
6770,0.733987428199707,-0.44185249347957894,-1.1758399216792859
6771,0.5323240825674773,-0.585371598520566,-1.1176956810880432
6772,1.2055401967058765,-0.2682897005700307,-1.4738298972759072
6773,0.19135220953107115,-0.5603975423440766,-0.7517497518751477
6774,1.1089422144748564,-0.5391639503622423,-1.6481061648370987
6775,0.3821253218426934,-0.4612437667352512,-0.8433690885779446
6776,0.8345396195022772,-0.6812604947793024,-1.5158001142815796
6777,0.4306891888768688,-0.6386954955265138,-1.0693846844033827
6778,0.2711007069368069,-0.5628575361676816,-0.8339582431044885
6779,1.326586515567697,-0.4843639346724361,-1.8109504502401332
6780,-0.07250066268676673,-0.5513527250305007,-0.47885206234373395
6781,-0.11321446916832772,-0.4938399716775144,-0.3806255025091867
6782,0.016978076257563035,-0.49863811338962033,-0.5156161896471834
6783,0.8032929535974761,-0.45508301418469876,-1.2583759677821749
6784,0.66256818250045,-0.4989255470578557,-1.1614937295583057
6785,0.32426575347732456,-0.52321689165259,-0.8474826451299146
6786,0.10814101004781213,-0.49836691462585503,-0.6065079246736671
6787,0.7035608979012444,-0.49424272131061003,-1.1978036192118544
6788,0.33115896099697706,-0.564971812542729,-0.896130773539706
6789,0.28985334530215767,-0.5255654265435447,-0.8154187718457023
6790,0.5346612971693202,-0.8072174577625029,-1.3418787549318232
6791,0.32394857796591425,-0.5610927786270745,-0.8850413565929888
6792,0.3178760043095549,-0.5565871669937617,-0.8744631713033166
6793,0.5449487554943355,-0.6587788908916062,-1.2037276463859419
6794,0.5605633467050728,-0.4878042521461689,-1.0483675988512418
6795,0.1480868801090652,-0.7743087488814757,-0.922395628990541
6796,0.0395636525651362,-0.5483654914914899,-0.5879291440566261
6797,0.36760628631797954,-0.7497084350745346,-1.117314721392514
6798,0.2723243821046763,-0.2980224686163854,-0.5703468507210617
6799,0.15149361308209908,-0.6139864559395215,-0.7654800690216206
6800,0.04354243230877004,-0.5202133007044706,-0.5637557330132407
6801,0.7336587568166186,-0.6002927393647584,-1.333951496181377
6802,0.6339124998746916,-0.5403968593802224,-1.1743093592549139
6803,0.9004779288823588,-0.41503645172026016,-1.315514380602619
6804,0.24471788273684053,-0.44685356172865287,-0.6915714444654935
6805,0.20399029032766533,-0.29131288921657694,-0.4953031795442423
6806,0.7929907415998911,-0.5513764552957757,-1.344367196895667
6807,0.4189012189852787,-0.5089763592983635,-0.9278775782836421
6808,0.41396439288889403,-0.6621240869704504,-1.0760884798593444
6809,0.2659350746831845,-0.4004321213221708,-0.6663671960053553
6810,0.7032335324884813,-0.6318638235968207,-1.335097356085302
6811,0.39765781100344416,-0.5597296471867137,-0.9573874581901578
6812,-0.07012755488273419,-0.4805912444848341,-0.4104636896020999
6813,1.8855446968584737,-0.5300741270227305,-2.4156188238812044
6814,0.15749030305788797,-0.45726212788345977,-0.6147524309413477
6815,0.7598529361498862,-0.3827300273825236,-1.1425829635324098
6816,-0.0031889629311407652,-0.3632391373738348,-0.36005017444269405
6817,0.29890312895638116,-0.7482389205099901,-1.0471420494663712
6818,-0.1734176879681761,-0.8815041738958463,-0.7080864859276702
6819,0.4351491168327469,-0.24761298420584063,-0.6827621010385875
6820,0.678549781063164,-0.47251726841060143,-1.1510670494737654
6821,0.42479079129511577,-0.4989548715195343,-0.9237456628146501
6822,0.5414104504238472,-0.5397517373743834,-1.0811621877982307
6823,0.33815950677358664,-0.6969186547787787,-1.0350781615523652
6824,0.10949314251807557,-0.8263510624862523,-0.9358442050043279
6825,0.07422135636663066,-0.4928944505923691,-0.5671158069589998
6826,0.08614851386259079,-0.4817636973643239,-0.5679122112269147
6827,0.694793649071848,-0.5051627806229979,-1.199956429694846
6828,0.317940047227248,-0.6197351256573311,-0.9376751728845791
6829,0.9274789391709723,-0.5271385527424027,-1.4546174919133752
6830,0.02331802837121016,-0.6106888450213174,-0.6340068733925275
6831,0.27543459421369415,-0.45552468849033184,-0.730959282704026
6832,-0.20816792482600038,-0.4737328205942456,-0.2655648957682452
6833,-0.07586135456008683,-0.45277928209072904,-0.37691792753064224
6834,0.03222124011101015,-0.3806690025731382,-0.4128902426841483
6835,0.9993319907794153,-0.7538965453749893,-1.7532285361544044
6836,0.7581157554696497,-0.746572168400212,-1.5046879238698616
6837,-0.09971223956013858,-0.587405546050136,-0.48769330648999737
6838,0.1434669593863858,-0.591162678362962,-0.7346296377493478
6839,1.497966898322475,-0.6220898224639452,-2.1200567207864203
6840,0.7856920092521414,-0.750742729988158,-1.5364347392402995
6841,0.1222129630980547,-0.8473733851927314,-0.9695863482907862
6842,-0.13452274439535994,-0.7239938207722993,-0.5894710763769394
6843,0.8422515825894583,-0.5438226434625464,-1.3860742260520047
6844,0.18777335067614584,-0.6650202624881242,-0.85279361316427
6845,0.4023602557785375,-0.40023877323665336,-0.8025990290151909
6846,-0.25710138883010275,-0.6578561056207376,-0.40075471679063485
6847,0.011695385364775749,-0.5489357183747346,-0.5606311037395104
6848,-0.1349952528613861,-0.5711123496799057,-0.4361170968185195
6849,0.3343198531806817,-0.7082397790379241,-1.0425596322186057
6850,0.4545177603931552,-0.6885225761676035,-1.1430403365607587
6851,-0.21684501302873854,-0.5111070941003543,-0.2942620810716157
6852,1.0800897713908257,-0.4592665316936552,-1.539356303084481
6853,-0.1515089426077768,-0.7408228262105889,-0.5893138836028121
6854,0.5453795813585094,-0.5275725310655436,-1.072952112424053
6855,0.45324254279511683,-0.6775535867295948,-1.1307961295247115
6856,0.8595767729295458,-0.6804189278722204,-1.5399957008017662
6857,-0.16241123112424222,-0.45366717887713565,-0.29125594775289343
6858,1.1980025740307432,-0.5830148290983356,-1.7810174031290789
6859,0.9058060530068417,-0.6302525223132966,-1.5360585753201383
6860,0.9304083640004163,-0.6298215063245494,-1.5602298703249655
6861,0.01667553554719603,-0.5706166956811228,-0.5872922312283189
6862,-0.08191908281864607,-0.6146207068370712,-0.532701624018425
6863,1.10431593091905,-0.49853360623696685,-1.602849537156017
6864,1.1825901246350208,-0.6359919507185015,-1.8185820753535222
6865,0.04888734030434466,-0.6298029924044868,-0.6786903327088314
6866,1.066315323518201,-0.5565968473670093,-1.6229121708852103
6867,0.8095164901146761,-0.701499421448614,-1.5110159115632902
6868,0.5210163751302246,-0.6158912478222245,-1.136907622952449
6869,-0.027640935950838684,-0.531152123711129,-0.5035111877602902
6870,0.11222992085441531,-0.6108380050986797,-0.723067925953095
6871,0.11423587528065524,-0.639156399938336,-0.7533922752189912
6872,0.06625273673539546,-0.5381783328097612,-0.6044310695451567
6873,0.7231255721241555,-0.4460116344910769,-1.1691372066152323
6874,0.5672384966146861,-0.4789329136500463,-1.0461714102647324
6875,0.21870492287938795,-0.8847576955737698,-1.1034626184531577
6876,-1.0124681110537583,-0.8216652165900864,0.19080289446367193
6877,-0.26146324027918666,-0.7645834066305672,-0.5031201663513806
6878,-0.14876934655693722,-0.625348111722038,-0.4765787651651008
6879,0.032592600198397007,-0.7701108478831243,-0.8027034480815214
6880,0.2008025428871166,-0.6288731865260666,-0.8296757294131832
6881,0.251038330278816,-0.7248280554616118,-0.9758663857404277
6882,-0.0328567223225837,-0.6439700320559207,-0.611113309733337
6883,1.559313857316497,-0.794653541527101,-2.353967398843598
6884,0.7009434692742919,-0.44847056100797894,-1.1494140302822708
6885,-0.01852466469782645,-0.5964170986541,-0.5778924339562735
6886,0.9863203633460136,-0.7028490887648036,-1.6891694521108171
6887,0.01457758481950526,-0.5666641038143871,-0.5812416886338924
6888,0.6103011599368541,-0.5955055795882522,-1.2058067395251064
6889,-0.16176549813015964,-0.3600050152454369,-0.19823951711527724
6890,0.5056763520018458,-0.598083651851932,-1.1037600038537778
6891,0.4010232440582128,-0.5493156119655944,-0.9503388560238073
6892,0.8780552042754222,-0.4398996699559598,-1.317954874231382
6893,0.23162271543834886,-0.5867518754118384,-0.8183745908501873
6894,-0.007265430047803371,-0.41696364275946174,-0.40969821271165835
6895,0.3336959535911148,-0.6751051142609118,-1.0088010678520267
6896,0.22951130165657782,-0.639949091694197,-0.8694603933507749
6897,0.3922243313918433,-0.49792676195681573,-0.890151093348659
6898,0.18436112532797624,-0.4696902298616232,-0.6540513551895994
6899,0.3489719976665055,-0.45717471126282266,-0.8061467089293282
6900,0.274378271822204,-0.4972200642728502,-0.7715983360950542
6901,0.23040723636270202,-0.623209345859544,-0.853616582222246
6902,0.32991186810817236,-0.5393398592075036,-0.8692517273156759
6903,0.39098914205529417,-0.5471922385182799,-0.9381813805735741
6904,0.6018963261139669,-0.6431761718345995,-1.2450724979485663
6905,0.4076508800641311,-0.5372438820191555,-0.9448947620832866
6906,0.08370866557007432,-0.4561120699424353,-0.5398207355125096
6907,0.8828723410942465,-0.657533522299478,-1.5404058633937245
6908,0.6627494791705095,-0.6159689192168891,-1.2787183983873986
6909,0.6407070848222077,-0.6156828943031482,-1.2563899791253559
6910,0.4550237730974587,-0.34457184153661274,-0.7995956146340715
6911,0.5270180960380293,-0.38854529721972064,-0.9155633932577499
6912,-0.23224577283183487,-0.4579475897861318,-0.22570181695429695
6913,0.7030297441832659,-0.6161792998845969,-1.3192090440678628
6914,0.8389862427453649,-0.4362393223271753,-1.2752255650725401
6915,0.5007256174525638,-0.521534149585558,-1.022259767038122
6916,0.5331350066184982,-0.5422034338949399,-1.075338440513438
6917,0.33357948929500586,-0.42915313463523036,-0.7627326239302362
6918,0.45116723515731616,-0.2677800597894927,-0.7189472949468089
6919,-0.11836875792891981,-0.4519358474999175,-0.3335670895709977
6920,-0.08134556782999462,-0.4017721584262402,-0.32042659059624556
6921,0.18934301643963758,-0.6743891717561398,-0.8637321881957774
6922,0.5314387182740536,-0.4302471099406702,-0.9616858282147238
6923,0.49568381811235246,-0.5078595497565849,-1.0035433678689374
6924,0.720283083764643,-0.8247649351980046,-1.5450480189626477
6925,0.2873748039075549,-0.6481164558077279,-0.9354912597152828
6926,0.8323820064447472,-0.3268575666191043,-1.1592395730638516
6927,0.9113905626027035,-0.4555570763497931,-1.3669476389524966
6928,0.9366167515963949,-0.5416133486667285,-1.4782301002631235
6929,0.04075409331274498,-0.6052709112559014,-0.6460250045686463
6930,1.1410665237615731,-0.25993049833624715,-1.4009970220978203
6931,0.1433686318703185,-0.4522834939403179,-0.5956521258106364
6932,0.45923447351290725,-0.5357835422486823,-0.9950180157615895
6933,0.7047374364814454,-0.3684979779827889,-1.0732354144642342
6934,0.6739968623217625,-0.3946159501280516,-1.068612812449814
6935,0.2886294574368625,-0.7034208713708526,-0.9920503288077152
6936,0.21333093238994968,-0.44397637827179925,-0.657307310661749
6937,-0.1859014834245663,-0.45927330217930207,-0.27337181875473576
6938,-0.03339706647079748,-0.5366912828736959,-0.5032942164028985
6939,0.9799761982543594,-0.659393413362703,-1.6393696116170624
6940,0.5835831783113159,-0.7410047097355443,-1.3245878880468602
6941,0.3961127262070182,-0.32088003499202217,-0.7169927611990403
6942,0.6526888983524344,-0.8464509154876518,-1.4991398138400862
6943,0.3773624502185059,-0.34419032638230485,-0.7215527766008107
6944,0.5213807578415246,-0.6275868714858555,-1.14896762932738
6945,0.7333518697833146,-0.5301875725946349,-1.2635394423779496
6946,0.9052116824062763,-0.515103489396753,-1.4203151718030291
6947,0.687650650804976,-0.4021919178332508,-1.0898425686382267
6948,0.7663278473611812,-0.5617631416040537,-1.328090988965235
6949,1.9047167992676013,-0.6851659517343074,-2.589882751001909
6950,0.6135929919348175,-0.6871233078022859,-1.3007162997371036
6951,0.8028533200341275,-0.47681373005819655,-1.279667050092324
6952,0.03786631713926782,-0.5322277957714171,-0.5700941129106849
6953,0.8182999365036736,-0.4481341597316465,-1.26643409623532
6954,-0.28721102843074836,-0.6651510097148625,-0.37793998128411416
6955,1.362345028754849,-0.7084586565894052,-2.0708036853442544
6956,1.4221396828429227,-0.63680104441618,-2.0589407272591025
6957,-0.36619066694867297,-0.7603598018063424,-0.39416913485766947
6958,-0.4373321019435681,-0.6720451407074652,-0.23471303876389715
6959,0.33837508288563434,-0.5218531547747434,-0.8602282376603777
6960,0.24580236258893365,-0.6247642107205329,-0.8705665733094665
6961,0.7131300987102536,-0.6992766161133068,-1.4124067148235604
6962,-1.5713447716933961,-0.5397878163879702,1.031556955305426
6963,0.5456372172227115,-0.5315896600745476,-1.077226877297259
6964,0.06947464486080598,-0.5509782905714079,-0.6204529354322139
6965,0.6441562393282194,-0.46197856900946077,-1.1061348083376803
6966,0.7032527784395134,-0.5916132216739898,-1.2948660001135033
6967,0.46342498001224497,-0.5955085178877323,-1.0589334978999774
6968,0.21237543710409987,-0.3903043973892036,-0.6026798344933034
6969,0.6042480542553053,-0.38376988785517224,-0.9880179421104776
6970,0.47363369628735646,-0.6300822994502795,-1.103715995737636
6971,0.6024234794950959,-0.47371274819521025,-1.0761362276903061
6972,0.9259125723690348,-0.5323255888155367,-1.4582381611845716
6973,-0.16539999870297903,-0.6322180628230861,-0.46681806412010707
6974,0.4703217566330018,-0.5968496803698351,-1.067171437002837
6975,0.9404684688689174,-0.5024022057892248,-1.4428706746581423
6976,0.2287509478578245,-0.561485689566444,-0.7902366374242684
6977,-0.493157294154737,-0.4958160477692096,-0.0026587536144725976
6978,0.8824623413996989,-0.6720539330409242,-1.5545162744406231
6979,-0.3170675903089001,-0.6628550246031351,-0.345787434294235
6980,0.4398347946981241,-0.4046538280860547,-0.8444886227841788
6981,0.8714881218844651,-0.705142002990259,-1.576630124874724
6982,0.7935591933543981,-0.7780679679823855,-1.5716271613367836
6983,-0.18312682179609688,-0.5418191732312458,-0.358692351435149
6984,0.23199288667593135,-0.606967821335218,-0.8389607080111493
6985,-0.022332353000756283,-0.6682276310873917,-0.6458952780866354
6986,0.23592698536274748,-0.5657179210023928,-0.8016449063651403
6987,0.1731557485557241,-0.6550088008396151,-0.8281645493953392
6988,0.28623012177351403,-0.47552024692789124,-0.7617503687014053
6989,0.6952389113870306,-0.468602716584957,-1.1638416279719876
6990,-0.7226099086537283,-0.6672638419666135,0.05534606668711484
6991,0.9948606700542595,-0.5703640973437065,-1.565224767397966
6992,0.23974952621788131,-0.5167869375307479,-0.7565364637486292
6993,0.6557600217527634,-0.581153242663057,-1.2369132644158203
6994,1.0099149378069734,-0.48410010175876816,-1.4940150395657414
6995,0.7198160348201595,-0.5361091571068828,-1.2559251919270422
6996,-1.0061210725304668,-0.6668299274151842,0.3392911451152826
6997,0.11474508873431555,-0.5356825792072311,-0.6504276679415466
6998,0.6123214169996428,-0.5435706349039366,-1.1558920519035794
6999,0.4032056268763138,-0.646398157424847,-1.0496037843011607
7000,0.40000688589512917,-0.504445200318347,-0.9044520862134762
7001,0.332415610534047,-0.560052129707015,-0.892467740241062
7002,0.6133790272932772,-0.6171489961478909,-1.2305280234411682
7003,0.6557954897473364,-0.7471177746839852,-1.4029132644313216
7004,0.5232563216372244,-0.6742516602720714,-1.1975079819092957
7005,0.8080880140132434,-0.4915669068008257,-1.299654920814069
7006,0.5680923000674374,-0.41367838923403627,-0.9817706893014737
7007,-0.28758377651493644,-0.705773635760935,-0.41818985924599855
7008,0.5040297135747628,-0.28051916679027505,-0.7845488803650378
7009,0.09831633310724466,-0.8538172148478749,-0.9521335479551195
7010,0.2525556873903462,-0.5962089023466909,-0.8487645897370371
7011,0.73628585698250415,-0.7081227282242778,-1.4444085852067818
7012,0.06942237688747659,-0.6995509575588269,-0.7689733344463034
7013,0.5789902790400454,-0.7264101651334297,-1.305400444173475
7014,0.4480134996176847,-0.7165444805285706,-1.1645579801462553
7015,0.2957722544574076,-0.7149243795781178,-1.0106966340355255
7016,0.872793205254133,-0.7056535036759947,-1.5784467089301275
7017,0.29587093503017736,-0.6600918009098268,-0.9559627359400041
7018,0.482169040805368,-0.6225708660456725,-1.1047399068510404
7019,0.055795512231392806,-0.8433304457894476,-0.8991259580208404
7020,-0.09212145752854566,-0.48421228702356106,-0.3920908294950154
7021,0.17460499027214327,-0.527876018966758,-0.7024810092389012
7022,0.06176480553105774,-0.5503807423740898,-0.6121455479051476
7023,0.4760456577690615,-0.7788183665556258,-1.2548640243246871
7024,0.7905737866645899,-0.8149936120833745,-1.6055673987479644
7025,0.2782362466007881,-0.5591859546133824,-0.8374222012141705
7026,0.6646967128034373,-0.6926724564579827,-1.35736916926142
7027,-0.2536280820567461,-0.38591266703001825,-0.13228458497327217
7028,0.6400610644246976,-0.28830226614079035,-0.9283633305654879
7029,0.2063116808982777,-0.3159053985682315,-0.5222170794665092
7030,-0.29823969040248,-0.3998157739744217,-0.1015760835719417
7031,0.40594394802594735,-0.5144242999590121,-0.9203682479849594
7032,0.4394074635085735,-0.4596822773381862,-0.8990897408467597
7033,0.7396338538814012,-0.41428377495257585,-1.1539176288339772
7034,0.5861930331360379,-0.494201967295593,-1.080395000431631
7035,0.6012194611288585,-0.4601173196735545,-1.061336780802413
7036,0.6689152991312806,-0.5842771591735514,-1.253192458304832
7037,0.7596149032549105,-0.4151920440444779,-1.1748069472993885
7038,-0.19333662197926246,-0.5807445819313676,-0.3874079599521051
7039,0.6141370193747423,-0.5652005194858418,-1.179337538860584
7040,0.43335791924158884,-0.4798015403983689,-0.9131594596399577
7041,1.151509266976441,-0.5283945706354534,-1.6799038376118944
7042,0.5077837791422288,-0.33493313432774774,-0.8427169134699766
7043,0.18802168623676563,-0.5296199248698874,-0.717641611106653
7044,0.9872436855387312,-0.5042006394109978,-1.491444324949729
7045,0.209580002652399,-0.5741533197315735,-0.7837333223839724
7046,1.0013158241799867,-0.45157176833112805,-1.4528875925111147
7047,-0.057235984570985006,-0.8196578651648351,-0.7624218805938501
7048,0.3405926014261679,-0.39949423965170616,-0.740086841077874
7049,0.14838380581672309,-0.3851062151292936,-0.5334900209460167
7050,2.4394797695645476,-0.4368407523571328,-2.8763205219216803
7051,0.8215336634066926,-0.3695051608471635,-1.191038824253856
7052,0.8037380172594899,-0.5442257683228988,-1.3479637855823887
7053,-0.05875816046594154,-0.7682255976518441,-0.7094674371859025
7054,0.6951376831525642,-0.6189109837784945,-1.3140486669310587
7055,0.1491795160107748,-0.5668671958099798,-0.7160467118207546
7056,0.02984903732314963,-0.6916326144322794,-0.721481651755429
7057,0.2621783397440988,-0.38875528966697004,-0.6509336294110688
7058,0.13620805626205365,-0.456940196241765,-0.5931482525038186
7059,0.48378809430783215,-0.50572301940072,-0.9895111137085522
7060,0.7521269877222091,-0.46853031468205775,-1.2206573024042668
7061,0.3755745729169542,-0.4949445584741197,-0.8705191313910738
7062,0.1383340025935374,-0.4019471513988314,-0.5402811539923689
7063,0.5857910901636798,-0.37289812158678143,-0.9586892117504613
7064,0.05544652863390312,-0.39616161764431324,-0.4516081462782163
7065,0.56932463942389,-0.5524360334178652,-1.1217606728417553
7066,0.07903095960147656,-0.6713036398441098,-0.7503345994455863
7067,1.0987421816876644,-0.4497806032777412,-1.5485227849654055
7068,0.8223823826144193,-0.4361511246392769,-1.2585335072536963
7069,1.0880744527425097,-0.2846204375423743,-1.3726948902848841
7070,0.01855122232570431,-0.61294425354205,-0.6314954758677542
7071,1.1213032227084725,-0.5469358949746652,-1.6682391176831377
7072,-0.07894952023327656,-0.4525085286575149,-0.37355900842423834
7073,0.5123378576533038,-0.4767048377128205,-0.9890426953661242
7074,1.1356570597401194,-0.5411776309890537,-1.6768346907291731
7075,-0.048934068628756607,-0.625095132090391,-0.5761610634616344
7076,0.9108085327243259,-0.576170821413573,-1.4869793541378988
7077,1.126340193342468,-0.5634061639346055,-1.6897463572770735
7078,0.07353669742224411,-0.6963900027273098,-0.7699267001495539
7079,0.42815720283605807,-0.49026148132617164,-0.9184186841622297
7080,-0.516000477240937,-0.4599973365785616,0.056003140662375384
7081,0.7393677948142562,-0.40882944337220223,-1.1481972381864585
7082,0.05463286770007681,-0.6897041165371136,-0.7443369842371904
7083,0.3751618974615052,-0.7728165556508343,-1.1479784531123394
7084,0.4874572577177006,-0.44585089953174434,-0.9333081572494449
7085,-0.22620942422814877,-0.6941733905404804,-0.46796396631233167
7086,0.3607526523794898,-0.46041130419094395,-0.8211639565704337
7087,0.2559824429763267,-0.4464076906872287,-0.7023901336635554
7088,1.2243292601331142,-0.40777894604522236,-1.6321082061783365
7089,0.60377616312248406,-0.4541929681224751,-1.0579691312449593
7090,0.8371172571772569,-0.5479904641601498,-1.3851077213374068
7091,0.35553946434264816,-0.5208745725264028,-0.876414036869051
7092,0.0171110156714586,-0.3367913284740518,-0.3539023441455104
7093,0.9500298085456621,-0.6623192033474306,-1.6123490118930928
7094,0.7648695412566232,-0.7244953050933505,-1.4893648463499738
7095,-0.020815410476868672,-0.44798229036592774,-0.42716687988905905
7096,-0.1668549147448003,-0.2928299563229859,-0.12597504157818562
7097,-0.3658505026101579,-0.32393237475234526,0.041918127857812626
7098,0.07855368063286197,-0.5228059891192411,-0.6013596697521031
7099,0.7837755741852634,-0.42914338376182404,-1.2129189579470876
7100,0.2769187869019775,-0.500872866599892,-0.7777916535018696
7101,0.6704659570643219,-0.4286526736345216,-1.0991186306988434
7102,0.29426335396478365,-0.5103251815279959,-0.8045885354927795
7103,0.2841538591467237,-0.5100828098372842,-0.7942366689840079
7104,0.21452448488154977,-0.6682546404222756,-0.8827791253038253
7105,0.31170356939781957,-0.36459966142756883,-0.6763032308253885
7106,0.7973766154234327,-0.38066032933227,-1.1780369447557026
7107,-0.41737116752790765,-0.6060579675694526,-0.18868680004154498
7108,1.2115291910681938,-0.3690982835087843,-1.5806274745769782
7109,1.0527455910047707,-0.3331830393437456,-1.3859286303485163
7110,-0.14700930013194363,-0.7799674628571848,-0.6329581627252412
7111,-0.2880683094750545,-0.6871484047688808,-0.3990800952938263
7112,-0.31431178046528163,-0.6319657818055744,-0.31765400134029276
7113,0.37508861450020453,-0.45747899046255797,-0.8325676049627625
7114,0.8176445724055612,-0.617653860447084,-1.4352984328526452
7115,0.04651504204514708,-0.6496788780485503,-0.6961939200936974
7116,0.6968783992197033,-0.5121588598317381,-1.2090372590514415
7117,-0.13146152246082835,-0.34300760194248314,-0.2115460794816548
7118,0.6297039732612209,-0.7673539963094475,-1.3970579695706684
7119,1.1236691781904622,-0.7033714272022331,-1.8270406053926953
7120,-0.354859807274834,-0.5077843951403855,-0.15292458786555152
7121,0.25669495306280576,-0.3694961795382107,-0.6261911326010164
7122,0.6705774234091874,-0.48929661521147605,-1.1598740386206634
7123,0.21932629426404462,-0.3670156631606116,-0.5863419574246562
7124,0.261779253108194,-0.35483450090492374,-0.6166137540131178
7125,0.2543704689513314,-0.6608665178091842,-0.9152369867605156
7126,0.233876640676065,-0.5963949842683772,-0.8302716249444422
7127,0.04651421552280986,-0.5781629016093424,-0.6246771171321522
7128,0.5326727378291052,-0.6099760812241988,-1.142648819053304
7129,0.12556062662950923,-0.5843969053484133,-0.7099575319779226
7130,0.9192335955501834,-0.5600543529449501,-1.4792879484951333
7131,0.5485378051384691,-0.5942053334139364,-1.1427431385524054
7132,0.019788926176529293,-0.645987654112292,-0.6657765802888213
7133,1.5784527989012422,-0.47093385038419505,-2.049386649285437
7134,0.5510896494062599,-0.6400599049488336,-1.1911495543550936
7135,0.14677746673400285,-0.559058416411328,-0.7058358831453309
7136,0.7540812621720526,-0.5325809973880649,-1.2866622595601176
7137,0.23490232078560178,-0.5549269879073907,-0.7898293086929925
7138,0.4627860932821339,-0.5787091703116957,-1.0414952635938295
7139,0.3423212219326403,-0.5052510977834053,-0.8475723197160456
7140,0.9315640140225717,-0.4699578369811005,-1.4015218510036722
7141,0.35507994443900065,-0.38732692433740873,-0.7424068687764094
7142,-0.11345609615125413,-0.4700541953076939,-0.35659809915643975
7143,0.3248759348170934,-0.21726711447319888,-0.5421430492902923
7144,0.5970854014838569,-0.6926555551916809,-1.2897409566755378
7145,-0.12798849340823845,-0.6002560074216214,-0.47226751401338296
7146,0.4503487832180295,-0.5672785039824124,-1.017627287200442
7147,0.5447257923631718,-0.6519189357240596,-1.1966447280872314
7148,0.43875395791818655,-0.3591339342226926,-0.7978878921408792
7149,0.4228374957447219,-0.2796619401400782,-0.7024994358848001
7150,-0.04518646880238738,-0.16173858754135917,-0.11655211873897178
7151,0.22242484745063043,-0.6948730094511674,-0.9172978569017978
7152,-0.4134859134479603,-0.3752723712085376,0.03821354223942269
7153,0.2265652566373447,-0.30394898793003217,-0.5305142445673768
7154,0.49817775435982253,-0.34279974526048745,-0.84097749962031
7155,0.2922039288973623,-0.559875339107957,-0.8520792680053193
7156,0.5418021789173854,-0.4359132408148973,-0.9777154197322826
7157,0.6334119463072696,-0.6495354209038564,-1.282947367211126
7158,0.3149861962668638,-0.44755740690911383,-0.7625436031759776
7159,1.0165325510060839,-0.6987523480707865,-1.7152848990768703
7160,0.10935802256997841,-0.6510549995536807,-0.7604130221236591
7161,-0.10960095150440649,-0.7180277690302759,-0.6084268175258694
7162,-0.15557371102081802,-0.5239461868679061,-0.36837247584708804
7163,0.6883674944386532,-0.5835833224962074,-1.2719508169348606
7164,0.7280796973569837,-0.660312702152952,-1.3883923995099359
7165,0.6038267592383454,-0.5140112885092097,-1.1178380477475551
7166,0.5337521920701435,-0.6160452564478552,-1.1497974485179987
7167,0.12411022738988584,-0.5512650296084728,-0.6753752569983587
7168,-0.2543954887661892,-0.5571665463935309,-0.3027710576273417
7169,0.6908479443109831,-0.6842661467438204,-1.3751140910548034
7170,0.501118992822473,-0.5976358607741348,-1.0987548535966076
7171,0.41049193358902564,-0.4560491211804621,-0.8665410547694877
7172,0.6986441288206957,-0.49532533531142764,-1.1939694641321235
7173,0.4531448304337309,-0.5818698014853668,-1.0350146319190978
7174,0.149034626023806,-0.5483191493984094,-0.6973537754222154
7175,0.2905327746678648,-0.5533537270191118,-0.8438865016869765
7176,1.3497498631039586,-0.5849581678294604,-1.934708030933419
7177,0.541282465984373,-0.5372957278539512,-1.0785781938383243
7178,-0.6571236670099673,-0.5748883555319768,0.08223531147799046
7179,0.15482242773975197,-0.6141119759865752,-0.7689344037263272
7180,0.3546451688251804,-0.38380917992654157,-0.7384543487517219
7181,0.3628939685386737,-0.46282923849846563,-0.8257232070371393
7182,0.5990942137583224,-0.6427511255155024,-1.2418453392738247
7183,0.4999612298585312,-0.6250320136272237,-1.124993243485755
7184,0.4872022366923931,-0.6266579034663311,-1.1138601401587243
7185,0.002841679951761748,-0.6923240141610612,-0.6951656941128229
7186,0.5609283339897242,-0.3525473683926942,-0.9134757023824184
7187,0.2196720086775798,-0.4800938827900831,-0.6997658914676629
7188,1.4626263594128224,-0.5375005857104151,-2.0001269451232373
7189,1.5391965817907807,-0.5442099629528512,-2.0834065447436316
7190,0.33342660001283536,-0.5503085352651843,-0.8837351352780196
7191,0.4163758471761346,-0.6463940877060981,-1.0627699348822326
7192,0.12104827540211734,-0.6044036000581213,-0.7254518754602387
7193,0.3429571959714831,-0.5503326829247972,-0.8932898788962803
7194,0.49488915273211564,-0.6306122099005611,-1.1255013626326766
7195,0.5185931065863438,-0.48363408403237995,-1.002227190618724
7196,0.4063920286907034,-0.4365125641238451,-0.8429045928145484
7197,0.2956111424817602,-0.5671034199095312,-0.8627145623912913
7198,0.5055214524684023,-0.5368968256114773,-1.0424182780798796
7199,0.23546082643294924,-0.4199934315867902,-0.6554542580197394
7200,0.8046776438945142,-0.4311206764366905,-1.2357983203312046
7201,0.63410597957197,-0.581437200171405,-1.2155431797433751
7202,-0.008369607787277225,-0.4642886239027128,-0.45591901611543556
7203,0.6405762256919363,-0.530670091126446,-1.1712463168183822
7204,0.5683284067371734,-0.43690139428558594,-1.0052298010227594
7205,0.8507507027345675,-0.6139284504047027,-1.4646791531392702
7206,0.2542460664472958,-0.4662101558265676,-0.7204562222738634
7207,0.009432873640693493,-0.6618338417846048,-0.6712667154252983
7208,0.13561447361839257,-0.5437010936582577,-0.6793155672766502
7209,0.6933399501799349,-0.5241483886438869,-1.2174883388238218
7210,0.7325164923850976,-0.41738210646434387,-1.1498985988494415
7211,-0.13462724414557792,-0.724679735527473,-0.5900524913818951
7212,0.029103999160906852,-0.6525405902360286,-0.6816445893969355
7213,0.2553003548708918,-0.4116179852616329,-0.6669183401325247
7214,0.21053087986197797,-0.26814303359139846,-0.4786739134533764
7215,-0.14841908707480872,-0.7368609438943959,-0.5884418568195873
7216,0.7409629124759473,-0.6634166647065819,-1.4043795771825291
7217,0.5632061506965113,-0.6173831688481263,-1.1805893195446375
7218,1.1929114753052688,-0.720360136852861,-1.91327161215813
7219,-0.32492169021081524,-0.42190354302882804,-0.0969818528180128
7220,0.3365955033759724,-0.41754978939484505,-0.7541452927708174
7221,0.46340452680184685,-0.25149649279382386,-0.7149010195956707
7222,1.1994393215896426,-0.6637470003465266,-1.863186321936169
7223,0.2174715428048991,-0.4979065183819307,-0.7153780611868298
7224,1.0463410632794239,-0.7639040586902381,-1.810245121969662
7225,0.6319403860923901,-0.2192339517053464,-0.8511743377977365
7226,-0.06773255209351492,-0.228471919347136,-0.1607393672536211
7227,1.0086050355123497,-0.3777729479245889,-1.3863779834369385
7228,0.35818338992835624,-0.5310735105243719,-0.8892569004527282
7229,0.31044662085146546,-0.44097701004840884,-0.7514236308998743
7230,0.2984922053070203,-0.6534951569503861,-0.9519873622574064
7231,0.3052208397169055,-0.5358906626384546,-0.8411115023553601
7232,0.8522537398531573,-0.8355497045449236,-1.687803444398081
7233,0.346708205460391,-0.36322539704467866,-0.7099336025050696
7234,0.6860317677312137,-0.6427475124856183,-1.328779280216832
7235,0.44968537403314285,-0.4538445510219098,-0.9035299250550526
7236,0.36401321635795225,-0.42184220720206317,-0.7858554235600155
7237,0.7534232650627155,-0.7677365493830224,-1.521159814445738
7238,0.20335293571996355,-0.5697243452683527,-0.7730772809883162
7239,0.8098564222989839,-0.5356111510494477,-1.3454675733484316
7240,0.9881093266073548,-0.44956403198573336,-1.4376733585930883
7241,0.5533668768467683,-0.38553562830090665,-0.9389025051476749
7242,-0.3538214984331726,-0.5199871986937262,-0.1661657002605536
7243,-0.040997544611701006,-0.5447753129413948,-0.5037777683296938
7244,-0.9260148107824152,-0.6351186714208206,0.29089613936159464
7245,0.927241445815799,-0.5464879920780533,-1.4737294378938524
7246,0.09332146546214344,-0.6297137413690154,-0.7230352068311588
7247,0.6160096300340987,-0.6041392477159433,-1.220148877750042
7248,0.5590594050456604,-0.605384486499082,-1.1644438915447424
7249,0.7623250209302962,-0.5081103065182152,-1.2704353274485114
7250,0.4735880753220774,-0.4905414705648938,-0.9641295458869712
7251,0.8135573341458614,-0.5193382902426126,-1.332895624388474
7252,0.31144582651925923,-0.4979659463575622,-0.8094117728768214
7253,0.2867309021607837,-0.5320558421605953,-0.818786744321379
7254,0.26980741671445335,-0.5998226127952527,-0.8696300295097061
7255,0.5463280340835576,-0.5198735731034968,-1.0662016071870544
7256,0.2118574259982217,-0.636568276722054,-0.8484257027202756
7257,0.008100054968950793,-0.622587182685869,-0.6306872376548198
7258,1.3657949405906042,-0.5132900286780399,-1.8790849692686442
7259,0.8276198244232691,-0.414124422276178,-1.241744246699447
7260,0.6818812351316085,-0.567429602270066,-1.2493108374016746
7261,0.6430881349235964,-0.5332825039896664,-1.1763706389132627
7262,0.3308346441027541,-0.42133047402915463,-0.7521651181319087
7263,0.39798947876378554,-0.5805633186401624,-0.978552797403948
7264,0.6960482206840327,-0.3987879422755375,-1.0948361629595702
7265,0.7493783308272096,-0.5159138079137111,-1.2652921387409206
7266,0.2999649475284228,-0.5427919906182728,-0.8427569381466955
7267,0.6412389899816533,-0.4566658459973309,-1.0979048359789843
7268,0.7887905473025263,-0.3924053147492886,-1.1811958620518148
7269,0.11136647907872285,-0.6716327057289683,-0.7829991848076912
7270,-0.21909467559296394,-0.6350729961567552,-0.41597832056379125
7271,0.7975026318826455,-0.7164470934988746,-1.51394972538152
7272,0.7290269553553577,-0.7542975657564052,-1.4833245211117627
7273,0.6002851732848912,-0.6899629747233215,-1.2902481480082126
7274,0.4716945175400264,-0.5949395825555406,-1.066634100095567
7275,0.5773912891167441,-0.5825905445340752,-1.1599818336508192
7276,1.4953503652441529,-0.4919742908404895,-1.9873246560846423
7277,0.5847941485266208,-0.6277291184239802,-1.212523266950601
7278,0.573420879485757,-0.3354315684615021,-0.9088524479472592
7279,0.5588669344195406,-0.4177944049037968,-0.9766613393233374
7280,1.0289585919259436,-0.48046765403291036,-1.509426245958854
7281,-0.2250618714469026,-0.6233164033663484,-0.3982545319194458
7282,0.7283645034621755,-0.5261862333292094,-1.2545507367913848
7283,0.3695053273715524,-0.5699772491455365,-0.9394825765170889
7284,0.31575460842846004,-0.6628636883583533,-0.9786182967868133
7285,0.5509071931182741,-0.7758815525204766,-1.3267887456387508
7286,0.42134822630836016,-0.598164049092673,-1.019512275401033
7287,0.9215241675109825,-0.6011401450968862,-1.5226643126078687
7288,0.0915079632126103,-0.6220178975687483,-0.7135258607813586
7289,-0.24168234044649622,-0.4449629503540593,-0.20328060990756308
7290,0.7280675767060504,-0.49170687734052465,-1.2197744540465751
7291,0.12144211058774473,-0.6644198683438287,-0.7858619789315735
7292,1.1435777539294985,-0.5391483752809223,-1.6827261292104208
7293,0.017936695256588957,-0.5939627787482824,-0.6118994740048713
7294,0.8804709389064972,-0.6930606481503886,-1.5735315870568858
7295,0.6750798604641739,-0.5646958765677699,-1.2397757370319438
7296,0.4834654378716398,-0.486717909490706,-0.9701833473623458
7297,0.9472476441538186,-0.5621932791279467,-1.5094409232817654
7298,0.8263779013955058,-0.30571393836858485,-1.1320918397640907
7299,0.7089651215198552,-0.2972341158315207,-1.006199237351376
7300,0.24089530701219708,-0.4876190319061677,-0.7285143389183648
7301,-0.2551032706284052,-0.578576434130863,-0.3234731635024578
7302,0.9054595165061909,-0.5743597606935165,-1.4798192771997074
7303,0.19323736206664005,-0.6196311470088333,-0.8128685090754733
7304,-0.4611935068807458,-0.4639033892010834,-0.002709882320337642
7305,0.15291551316195282,-0.58681175947364,-0.7397272726355928
7306,0.9439532448204655,-0.6985964107379731,-1.6425496555584385
7307,0.31870959513842073,-0.42160711835765385,-0.7403167134960746
7308,0.14818263254219724,-0.6933424570498121,-0.8415250895920093
7309,0.8913909553102701,-0.6452332987212177,-1.5366242540314878
7310,-0.003932413766824849,-0.5538095310371125,-0.5498771172702877
7311,1.416774772805075,-0.5997296142960618,-2.0165043871011368
7312,-0.33058579798322063,-0.5612813859482618,-0.2306955879650412
7313,1.0463396349228389,-0.49189416925480195,-1.5382338041776409
7314,0.24800562504647355,-0.537274919419559,-0.7852805444660325
7315,2.371676996676697,-0.6801045121765954,-3.0517815088532925
7316,1.2245035322738391,-0.8413494848888241,-2.065853017162663
7317,1.2406666781133142,-0.7053121069243968,-1.945978785037711
7318,-0.4678062280539585,-0.5351665342374313,-0.06736030618347283
7319,-0.2632717164710762,-0.5643876434509898,-0.3011159269799136
7320,0.19889073529712417,-0.48852311092398437,-0.6874138462211086
7321,1.0844352021654236,-0.47910047253692783,-1.5635356747023514
7322,0.19141834116473813,-0.5343486437361828,-0.725766984900921
7323,0.7849045639844376,-0.631553534965895,-1.4164580989503326
7324,1.331952611869439,-0.30624627857568965,-1.6381988904451286
7325,0.2729899779731562,-0.3609817540429887,-0.6339717320161449
7326,1.1794401760400721,-0.597108976889289,-1.776549152929361
7327,-0.19141583768369666,-0.3285435259507758,-0.13712768826707913
7328,0.10274708113655696,-0.5432997628289769,-0.6460468439655338
7329,1.144461881127837,-0.4983105249604213,-1.6427724060882585
7330,-0.1119165033929045,-0.4973977601945817,-0.3854812568016772
7331,-0.05199039192372029,-0.5374505419990269,-0.4854601500753066
7332,0.5666019716514162,-0.5689337008518769,-1.135535672503293
7333,0.48316789921778275,-0.5354956970556415,-1.0186635962734243
7334,0.4586858080496665,-0.4906789558062009,-0.9493647638558674
7335,-0.0827061090506023,-0.568615961197257,-0.4859098521466547
7336,0.4122216525926747,-0.5351014787749998,-0.9473231313676744
7337,-0.2835942610307305,-0.5317090749605303,-0.24811481392979984
7338,1.1911118849954365,-0.4906237661681074,-1.681735651163544
7339,-0.373134488729558,-0.4642726057268362,-0.0911381169972782
7340,-0.5117805360867181,-0.3975077285501932,0.11427280753652497
7341,0.05363273610152576,-0.3964898915741561,-0.45012262767568184
7342,-0.08286443679956315,-0.2938613424585577,-0.21099690565899457
7343,0.7007303630113864,-0.8678346550169505,-1.5685650180283368
7344,0.7153613964556291,-0.7170589986669027,-1.4324203951225318
7345,0.7721549284691606,-0.4724381933210807,-1.2445931217902413
7346,0.18126950859041116,-0.5989471937183591,-0.7802167023087703
7347,1.0037938195431948,-0.49511432101714903,-1.498908140560344
7348,0.8580623671603794,-0.41883748898925793,-1.2768998561496374
7349,0.25082027938028045,-0.34406863440334123,-0.5948889137836217
7350,0.6067725410359124,-0.35125637423460626,-0.9580289152705186
7351,-0.12400131603854732,-0.8092069523381027,-0.6852056362995553
7352,0.9068747350873245,-0.7454114061589968,-1.6522861412463214
7353,0.4812495358695686,-0.6726389459061406,-1.1538884817757091
7354,-0.6572171911209292,-0.5910169935436439,0.06620019757728535
7355,0.3697488218644335,-0.6703614357824945,-1.040110257646928
7356,-0.8810871286027473,-0.49571315568815816,0.38537397291458914
7357,0.5727459723877641,-0.7421108026191099,-1.314856775006874
7358,0.6371188285981261,-0.371664940929197,-1.008783769527323
7359,0.4035051833701814,-0.319829134147288,-0.7233343175174693
7360,1.359858812601558,-0.4278687869049679,-1.787727599506526
7361,0.3358613278066529,-0.6261879978967052,-0.9620493257033581
7362,0.9709963017254295,-0.4312175919265177,-1.4022138936519473
7363,0.09312826473264267,-0.6367159503671784,-0.7298442150998211
7364,0.019064444111012768,-0.6201689876935347,-0.6392334318045474
7365,0.4716401192801477,-0.5302605368291818,-1.0019006561093295
7366,0.27021221230426873,-0.6877177847042252,-0.9579299970084939
7367,0.5270508224250807,-0.559837881461904,-1.0868887038869848
7368,0.4674895260465341,-0.5567752072157507,-1.0242647332622847
7369,-0.11706646673114958,-0.48745685915498366,-0.3703903924238341
7370,0.3866554924313093,-0.5328345645908528,-0.919490057022162
7371,0.5878848988587848,-0.29492180244301835,-0.8828067013018032
7372,0.6927964344779989,-0.4676786246442298,-1.1604750591222288
7373,0.9118280055452986,-0.3569877997031038,-1.2688158052484024
7374,0.052393448707140355,-0.5150586736751553,-0.5674521223822957
7375,0.6890181821780621,-0.5343591080784501,-1.2233772902565123
7376,0.7975618828292548,-0.6468104551300546,-1.4443723379593094
7377,0.14688335957656257,-0.39291737403885413,-0.5398007336154167
7378,0.3061720944370154,-0.5877146074838495,-0.893886701920865
7379,-0.03066109802902268,-0.3506829912679782,-0.3200218932389555
7380,0.2785914223595618,-0.26638924407060277,-0.5449806664301646
7381,0.6309873557485373,-0.7100825802013632,-1.3410699359499003
7382,0.3820574273879146,-0.5859837349742433,-0.9680411623621579
7383,0.2845120852591943,-0.5090445435169624,-0.7935566287761566
7384,0.7899555536629005,-0.43009305223735694,-1.2200486059002573
7385,0.3248656848815044,-0.463955697571403,-0.7888213824529073
7386,0.5359655522175288,-0.531799734523757,-1.067765286741286
7387,0.3705394389050747,-0.5419092533480094,-0.9124486922530841
7388,1.1012645003844368,-0.5802420710522177,-1.6815065714366546
7389,0.6310706484736336,-0.6085053027546752,-1.2395759512283089
7390,0.42956934051751444,-0.4671565620622727,-0.8967259025797871
7391,0.2898449927147095,-0.7249539956816746,-1.0147989883963842
7392,1.0716568857137283,-0.27688926158354343,-1.3485461472972717
7393,0.728612110706573,-0.35296466238903523,-1.081576773095608
7394,0.7858560764761091,-0.4178674134489339,-1.203723489925043
7395,-0.008924392463334716,-0.6732128844224267,-0.6642884919590919
7396,0.3827781183048136,-0.499227039920645,-0.8820051582254587
7397,-0.17329886420135138,-0.4849146413156358,-0.3116157771142844
7398,0.13908946127671232,-0.5332242194676077,-0.67231368074432
7399,0.8300620931256255,-0.550122150719019,-1.3801842438446446
7400,0.13336608519920765,-0.5391450187140602,-0.6725111039132678
7401,1.0592463525480866,-0.516132266628674,-1.5753786191767607
7402,0.723972650165983,-0.5891514668680905,-1.3131241170340735
7403,0.5179239284467091,-0.503777311744743,-1.0217012401914523
7404,0.35599497635998917,-0.8012263148124105,-1.1572212911723996
7405,0.4085318542496694,-0.5051363388124803,-0.9136681930621497
7406,0.5825292134447031,-0.707817051702029,-1.2903462651467321
7407,0.18304580531728157,-0.586386764368157,-0.7694325696854385
7408,0.5980365632490672,-0.3438984640868953,-0.9419350273359625
7409,0.3979823937472152,-0.2061259882408754,-0.6041083819880906
7410,0.3113167969955674,-0.4327371354624548,-0.7440539324580222
7411,-0.22249394952277818,-0.3320665981701579,-0.1095726486473797
7412,0.4904835863692057,-0.3887563911368655,-0.8792399775060712
7413,0.509032494540662,-0.4480073830048053,-0.9570398775454674
7414,0.05730472297859559,-0.4778633525386875,-0.5351680755172831
7415,0.4365752226485673,-0.5105019001245588,-0.9470771227731261
7416,0.16992431062807756,-0.556835905558702,-0.7267602161867796
7417,0.4617399982914221,-0.5716143026481266,-1.0333543009395487
7418,0.6932648787969337,-0.5152531671430314,-1.208518045939965
7419,0.21966276488111713,-0.5684031282267688,-0.7880658931078859
7420,0.680838730806555,-0.5192781074196825,-1.2001168382262375
7421,0.1341986130738586,-0.6011868403467346,-0.7353854534205932
7422,-0.047726575936082316,-0.5230237351981704,-0.47529715926208804
7423,0.7652422169867712,-0.8550266798212587,-1.6202688968080299
7424,0.8134137971380115,-0.6462592162325479,-1.4596730133705593
7425,0.8204079377728339,-0.7058262987745515,-1.5262342365473853
7426,0.9314921057398003,-0.6357275562502197,-1.56721966199002
7427,0.6574436447502024,-0.5138286852154825,-1.171272329965685
7428,0.2969674379416918,-0.49217666108938246,-0.7891440990310743
7429,0.6994505239345139,-0.5955297445095437,-1.2949802684440574
7430,0.9896585397939928,-0.5580034398462509,-1.5476619796402438
7431,0.18097266348209118,-0.6524601199738513,-0.8334327834559425
7432,0.05849311495177327,-0.6103285084980786,-0.6688216234498519
7433,0.567042808004839,-0.8981297058252823,-1.4651725138301213
7434,1.0160729015993735,-1.0047803457059148,-2.020853247305288
7435,0.03551663464100936,-0.9039549646249528,-0.9394715992659622
7436,-0.007568242244216021,-0.8334881000801024,-0.8259198578358864
7437,-0.5221775539279562,-0.6635482439754461,-0.14137069004748992
7438,1.2718274103277531,-0.5524656451360423,-1.8242930554637955
7439,-0.4555316561920423,-0.4439322439071571,0.011599412284885202
7440,0.8510332955733179,-0.4624451970992835,-1.3134784926726013
7441,-0.5318714679965225,-0.5085301793234173,0.023341288673105254
7442,0.8069055056369577,-0.49528801315390575,-1.3021935187908635
7443,0.09774860770398058,-0.39115815614299393,-0.4889067638469745
7444,0.7454789915128971,-0.6979707587392527,-1.44344975025215
7445,0.4209354982705348,-0.5089290427531341,-0.9298645410236689
7446,0.5158329821134832,-0.6718617884775512,-1.1876947705910343
7447,0.34160369542491076,-0.702605083870468,-1.0442087792953787
7448,0.32773372815456486,-0.6104574345838606,-0.9381911627384254
7449,0.9891448683918863,-0.4391948049312733,-1.4283396733231597
7450,-0.16903829453828653,-0.6605209966112098,-0.4914827020729232
7451,2.045185147052403,-0.4592946462353854,-2.5044797932877887
7452,0.3051496744461216,-0.3729494708133084,-0.67809914525943
7453,0.6499259408999403,-0.2629180274288303,-0.9128439683287706
7454,-0.08420120776201678,-0.4461557843824878,-0.36195457662047104
7455,0.652355734292454,-0.6346894804002035,-1.2870452146926574
7456,0.09047740960825229,-0.5086822282299541,-0.5991596378382065
7457,1.0620211590140969,-0.8213914456087074,-1.8834126046228041
7458,-0.12914181502035643,-0.5368795846543323,-0.40773776963397584
7459,0.28851736852862736,-0.6369863912338444,-0.9255037597624718
7460,0.9207027797317034,-0.5495137738164108,-1.4702165535481142
7461,0.6400134702769342,-0.4932581419309098,-1.1332716122078441
7462,-0.16779287725828382,-0.7094945263814516,-0.5417016491231678
7463,0.3584771692413342,-0.7158611028652411,-1.0743382721065753
7464,0.9143222371425613,-0.5010277755021286,-1.4153500126446898
7465,0.21288348246480107,-0.647425771616157,-0.860309254080958
7466,0.41769981350178004,-0.49048631141154875,-0.9081861249133287
7467,0.12528236838721707,-0.542630228472288,-0.6679125968595051
7468,0.7479319285905682,-0.6265632884748495,-1.3744952170654177
7469,0.8306661335676159,-0.3897903942186578,-1.2204565277862738
7470,-0.5247632113217877,-0.4406504003863559,0.08411281093543183
7471,1.2104688262986387,-0.46553681872287567,-1.6760056450215144
7472,0.5675648047323275,-0.494996033175357,-1.0625608379076845
7473,0.582381336564296,-0.5891555432977148,-1.171536879862011
7474,-0.5525700575719752,-0.6990366231310623,-0.1464665655590871
7475,-0.009914227941915271,-0.6781383193442951,-0.6682240914023798
7476,0.4447278148919693,-0.6793086407944846,-1.124036455686454
7477,0.7582357359038467,-0.7667981333029668,-1.5250338692068135
7478,-0.761322890689299,-0.5472576264912283,0.2140652641980707
7479,0.30999890387046414,-0.48729236658718517,-0.7972912704576494
7480,0.25627390200230654,-0.5147624431770647,-0.7710363451793711
7481,0.454800618116853,-0.7574725984753624,-1.2122732165922154
7482,-0.7170899055876974,-0.5444264796949692,0.1726634258927282
7483,-0.10396132018925795,-0.5767384820418958,-0.47277716185263785
7484,0.060954716953574885,-0.7022948749641698,-0.7632495919177447
7485,0.411298611099039,-0.6004932904631155,-1.0117919015621544
7486,0.5869664206973059,-0.4248926912130195,-1.0118591119103253
7487,0.42403888154808833,-0.49513890024208873,-0.9191777817901771
7488,0.5941897771859813,-0.29863637399877524,-0.8928261511847566
7489,0.32417048643816504,-0.4658078868798311,-0.7899783733179961
7490,0.6187877896725282,-0.4228624215808943,-1.0416502112534225
7491,0.7237043841883926,-0.40494186633144996,-1.1286462505198425
7492,0.690157930739456,-0.4746439043537731,-1.164801835093229
7493,0.0825005943991305,-0.30705992593288123,-0.3895605203320117
7494,0.6617984302683583,-0.5257913517934547,-1.187589782061813
7495,0.580194911889565,-0.6220180828110562,-1.2022129947006213
7496,0.5656685508099327,-0.6289453062060736,-1.1946138570160063
7497,0.5969395872800042,-0.42210678780190336,-1.0190463750819077
7498,0.5499818492589394,-0.4193248274018375,-0.969306676660777
7499,-0.7514188333592738,-0.6219822249501348,0.12943660840913906
7500,-0.2648924743127073,-0.6746536596846312,-0.4097611853719239
7501,0.6042755648076872,-0.6150280689404399,-1.2193036337481271
7502,0.9457739740693759,-0.7066026260061096,-1.6523766000754856
7503,-0.23086687198501765,-0.5540402636287081,-0.3231733916436904
7504,0.41236795928163406,-0.7599631805378467,-1.1723311398194807
7505,0.28525761454069765,-0.7231250454233675,-1.0083826599640653
7506,0.10209886631008971,-0.5278385772653633,-0.629937443575453
7507,-0.030177287515869827,-0.504760349165267,-0.4745830616493972
7508,-0.5821638733525901,-0.8767574211910687,-0.2945935478384786
7509,0.20658344082529098,-0.6693935852402377,-0.8759770260655287
7510,0.9018656777910827,-0.5539303826801584,-1.4557960604712412
7511,0.42187875292320487,-0.42832642481690947,-0.8502051777401143
7512,1.0852813046751744,-0.5303766599596905,-1.615657964634865
7513,0.47320111690697536,-0.7360139204558395,-1.2092150373628148
7514,0.037960369216553026,-0.889999073195913,-0.927959442412466
7515,0.6706458894567857,-0.7015312040201642,-1.37217709347695
7516,0.4046209951757172,-0.5704574338254683,-0.9750784290011856
7517,-0.15000123781555152,-0.5125865233698467,-0.36258528555429514
7518,0.21330724969058334,-0.6724838081886861,-0.8857910578792695
7519,-0.020851227292761298,-0.6667590904115286,-0.6459078631187672
7520,0.6451133585530834,-0.7421386211276151,-1.3872519796806984
7521,0.9024734713897674,-0.5930920021198164,-1.4955654735095838
7522,0.7173958466263816,-0.5603684782059164,-1.2777643248322978
7523,0.6838811355984669,-0.5583081200575272,-1.242189255655994
7524,0.8550079342611752,-0.3964265911499254,-1.2514345254111006
7525,0.19811673884659717,-0.5386573165884098,-0.736774055435007
7526,0.7941645808225969,-0.5063641403005255,-1.3005287211231225
7527,0.38257173326328836,-0.5263135887852034,-0.9088853220484918
7528,0.35851734311393185,-0.47964183251653025,-0.838159175630462
7529,0.5997218294146788,-0.3592402623119408,-0.9589620917266195
7530,0.5230868062397513,-0.36543495672670534,-0.8885217629664567
7531,0.3018825239147923,-0.7907083592929841,-1.0925908832077764
7532,-0.1406198668914768,-0.6078348675486736,-0.4672150006571968
7533,0.19509929654526686,-0.6310339995797595,-0.8261332961250263
7534,0.18394178677016565,-0.4557986790391211,-0.6397404658092867
7535,0.28674789651714794,-0.7096252323992235,-0.9963731289163714
7536,0.3835293421097744,-0.6708416820943698,-1.0543710242041442
7537,-0.05097846951385701,-0.6047667855873119,-0.5537883160734549
7538,0.36844966216434216,-0.37875891776525594,-0.7472085799295981
7539,0.6972891580986755,-0.42051422010296846,-1.117803378201644
7540,0.602637387885026,-0.6706262773317719,-1.273263665216798
7541,0.857720911119033,-0.6665173460015186,-1.5242382571205515
7542,0.5198056363718736,-0.6789371710045451,-1.1987428073764188
7543,-0.5427211428782577,-0.46984735672020017,0.07287378615805751
7544,0.2736840427111143,-0.5026461939839191,-0.7763302366950333
7545,0.8184509949391727,-0.4550290528289681,-1.2734800477681407
7546,0.95275277455114,-0.3944315459797773,-1.3471843205309173
7547,1.0553383632160713,-0.4452836060868953,-1.5006219693029665
7548,0.2664435528300575,-0.691913494396325,-0.9583570472263825
7549,0.5484335873490167,-0.46364397397419116,-1.0120775613232078
7550,0.14584359247309717,-0.4918361112112619,-0.6376797036843591
7551,0.3868463271329506,-0.48653305430317384,-0.8733793814361244
7552,0.6350068290646014,-0.4664830346721306,-1.1014898637367319
7553,-0.039236300057534555,-0.6529091560694683,-0.6136728560119338
7554,0.3777058814529383,-0.628579603877361,-1.0062854853302994
7555,0.38258960122699903,-0.5241366894901565,-0.9067262907171555
7556,-0.3778687323422218,-0.5207452811832328,-0.14287654884101103
7557,0.12589992370641337,-0.48681883356203326,-0.6127187572684466
7558,0.5281236411770867,-0.39308164247470573,-0.9212052836517923
7559,0.2914756516866332,-0.4109680625366364,-0.7024437142232696
7560,0.1461652366501361,-0.4146084772720507,-0.5607737139221868
7561,0.45845485813183884,-0.7069378451074583,-1.1653927032392972
7562,-0.30573980372248466,-0.6981851191325503,-0.39244531541006566
7563,0.3459096210049496,-0.5571940476315814,-0.903103668636531
7564,0.6695522773589718,-0.4020824746881989,-1.0716347520471707
7565,0.0043114486005680535,-0.5225260515378674,-0.5268375001384354
7566,1.7311561936923459,-0.6107073474286355,-2.3418635411209814
7567,0.05827289298655121,-0.6753714579908273,-0.7336443509773786
7568,0.22413615412541177,-0.6517195980698667,-0.8758557521952784
7569,0.391739006087556,-0.5442948430897843,-0.9360338491773403
7570,0.11173067063540075,-0.5187492291082714,-0.6304798997436721
7571,0.005271964572124736,-0.6597975042475048,-0.6650694688196296
7572,0.5077024075391653,-0.44957183506624987,-0.9572742426054152
7573,1.2990113138444717,-0.6975888874744249,-1.9966002013188966
7574,0.389210703456476,-0.4010568448972371,-0.7902675483537132
7575,0.5792550271758623,-0.42379948218063784,-1.0030545093565002
7576,0.18513721000236333,-0.7997635755603254,-0.9849007855626888
7577,0.47287487060785544,-0.6265125104068174,-1.0993873810146728
7578,0.2695805701970066,-0.5977156439464306,-0.8672962141434373
7579,1.3888753788535346,-0.5254828073490272,-1.9143581862025618
7580,0.014707660537997973,-0.39062572042996563,-0.4053333809679636
7581,0.3152383389405132,-0.5291980998809134,-0.8444364388214265
7582,0.8398994524994049,-0.6068011948323266,-1.4467006473317316
7583,-0.12217302660490761,-0.3545884048437449,-0.23241537823883726
7584,0.8767481441226924,-0.5744639033977234,-1.4512120475204158
7585,0.1497021656835999,-0.339633308467046,-0.4893354741506459
7586,0.2700920404208609,-0.31649018709826704,-0.5865822275191279
7587,-0.4392213967333567,-0.4679695150321408,-0.028748118298784098
7588,0.08889236365831696,-0.4700733999232332,-0.5589657635815501
7589,0.36440376243164346,-0.6455721137587407,-1.009975876190384
7590,1.0988027063276875,-0.5314047760289018,-1.6302074823565893
7591,0.28752969126922717,-0.4392384237257788,-0.726768114995006
7592,0.8021961441080249,-0.5040784714098917,-1.3062746155179166
7593,0.46456282939782834,-0.5565365681532319,-1.0210993975510603
7594,0.4038684811717277,-0.46249462276976616,-0.8663631039414939
7595,-0.014828041223350779,-0.6714378437707245,-0.6566098025473737
7596,0.6322627054685486,-0.36771916004808014,-0.9999818655166287
7597,-0.13116081473592434,-0.3898914204528083,-0.25873060571688394
7598,0.040503085806624095,-0.4260962028294349,-0.466599288636059
7599,0.10480573902481309,-0.4055235506803094,-0.5103292897051225
7600,1.1266451145395793,-0.4807733334396534,-1.6074184479792326
7601,0.6477256069643249,-0.5606905322981006,-1.2084161392624255
7602,0.5799347036518263,-0.4560706200225325,-1.0360053236743587
7603,1.1164820086980725,-0.7529258658252086,-1.8694078745232812
7604,0.0281024671180641,-0.38560903566836435,-0.41371150278642843
7605,0.5567887179884757,-0.5964593873144485,-1.1532481053029242
7606,-0.012117427328670754,-0.5456818404972186,-0.5335644131685479
7607,0.6282414579165437,-0.4254898977861529,-1.0537313557026966
7608,0.7548810689179036,-0.6563847333424332,-1.4112658022603368
7609,0.366352635098552,-0.47846278694414296,-0.8448154220426949
7610,0.5874458712699404,-0.45312145648455426,-1.0405673277544947
7611,0.299109702213737,-0.7508565669468297,-1.0499662691605667
7612,0.25832015976190065,-0.6555140094352667,-0.9138341691971674
7613,0.4154523734274737,-0.7567652439752244,-1.1722176174026981
7614,0.2910553887645039,-0.4251756044741452,-0.716230993238649
7615,-1.2269516807879655,-0.6413358710877162,0.5856158097002493
7616,-0.47170540354795654,-0.5529212835541357,-0.08121588000617919
7617,0.34515286068237827,-0.5801936871367777,-0.9253465478191559
7618,0.4331085385926866,-0.600318342833754,-1.0334268814264407
7619,0.19390045085288796,-0.5658705745431765,-0.7597710253960644
7620,0.06366164966419403,-0.5544129328457703,-0.6180745825099644
7621,0.4594474998650816,-0.5098122936317246,-0.9692597934968062
7622,0.5258939263824867,-0.45912524896284956,-0.9850191753453362
7623,0.6222986156721302,-0.609030896653545,-1.2313295123256753
7624,0.4164822504537606,-0.5931354672795787,-1.0096177177333392
7625,0.6415713990943529,-0.3131370085056421,-0.954708407599995
7626,0.043127207362227804,-0.5329729629431016,-0.5761001703053295
7627,0.37265157680566835,-0.5402985149055771,-0.9129500917112454
7628,0.4830578877499033,-0.5743220861338258,-1.0573799738837293
7629,0.8036088797442664,-0.5168559094052368,-1.3204647891495034
7630,-0.015704725496533845,-0.38793707874975597,-0.3722323532532221
7631,0.12123401306023032,-0.45218146979182516,-0.5734154828520555
7632,1.1873505955939885,-0.6316934143959799,-1.8190440099899683
7633,-0.13536813821778873,-0.4785326697570022,-0.34316453153921345
7634,0.999090924503799,-0.6277484084130875,-1.6268393329168864
7635,0.6255555850301373,-0.5743370950814448,-1.1998926801115821
7636,1.0803692045420623,-0.3885918488888448,-1.468961053430907
7637,1.1686562164182728,-0.5587066945697803,-1.727362910988053
7638,-0.3115646751497627,-0.32938281956732424,-0.01781814441756152
7639,-0.1515175847679053,-0.3916306830416548,-0.24011309827374952
7640,0.7028155866026214,-0.4602561593350791,-1.1630717459377005
7641,0.3439586853969213,-0.5130301464964866,-0.8569888318934079
7642,0.18531462158648532,-0.5314812133709338,-0.716795834957419
7643,0.6686690281399961,-0.5191683349775468,-1.1878373631175427
7644,-0.002904847351904022,-0.6403852425824245,-0.6374803952305205
7645,0.5261069686715866,-0.4817755858220609,-1.0078825544936474
7646,0.7873618900152756,-0.5195801994786857,-1.3069420894939614
7647,0.3150682762111008,-0.5260495703565686,-0.8411178465676694
7648,1.4879119862814307,-0.2458610104088073,-1.733772996690238
7649,0.6290512935048994,-0.4314605126722333,-1.0605118061771326
7650,0.31065452810055444,-0.3614057121524526,-0.672060240253007
7651,0.9005863240811581,-0.657713132864647,-1.558299456945805
7652,1.0786917224203598,-0.8075427588753078,-1.8862344812956677
7653,0.7840004498334082,-0.5267726061128034,-1.3107730559462116
7654,0.46899591320817696,-0.4342013815438556,-0.9031972947520326
7655,0.4461893405092433,-0.4172038729098321,-0.8633932134190754
7656,0.6778836838933656,-0.4497216859399046,-1.1276053698332702
7657,0.6684768827296984,-0.523814716040046,-1.1922915987697444
7658,-0.6066000088406269,-0.559173687532768,0.047426321307858954
7659,0.03766500098345855,-0.46428774250821275,-0.5019527434916713
7660,0.7704313086911658,-0.47847484839718657,-1.2489061570883524
7661,0.07422559206685515,-0.5486821328236505,-0.6229077248905057
7662,0.9938054453496156,-0.5534677416582608,-1.5472731870078764
7663,-0.18898959547213376,-0.5530580909306326,-0.36406849545849884
7664,0.4393553531853257,-0.4820197948459054,-0.9213751480312311
7665,0.5380673371086399,-0.2999728955790727,-0.8380402326877125
7666,0.6281032950343256,-0.48456041887160245,-1.112663713905928
7667,1.2563656284711928,-0.4866035018991437,-1.7429691303703365
7668,0.4121288363864382,-0.4864086734962313,-0.8985375098826696
7669,-0.7655389148221627,-0.6153152738758515,0.15022364094631124
7670,0.5206333976660111,-0.6289816990958651,-1.1496150967618761
7671,-0.06266510373504537,-0.49972103858065414,-0.4370559348456088
7672,-0.025375740873296825,-0.3307014760302657,-0.30532573515696887
7673,1.1292769459404586,-0.38654752563473094,-1.5158244715751894
7674,0.5804423551917057,-0.6225377912553103,-1.202980146447016
7675,0.6567238345305062,-0.49223870240101625,-1.1489625369315224
7676,0.6359094554998979,-0.4058243429024553,-1.0417337984023531
7677,0.6909900967756416,-0.3486632290514672,-1.0396533258271088
7678,-0.38742129737252184,-0.6313719275039975,-0.24395063013147567
7679,0.8964123135229289,-0.49697763963036556,-1.3933899531532945
7680,0.2613570925609647,-0.42769431038144134,-0.689051402942406
7681,0.5484244888871938,-0.7012645644648203,-1.249689053352014
7682,0.6297695783023761,-0.6876224407248982,-1.3173920190272743
7683,0.5958496534473996,-0.7572791919716413,-1.3531288454190409
7684,0.23834168506130174,-0.728054718588138,-0.9663964036494397
7685,0.5080130224021494,-0.5755144139927725,-1.0835274363949219
7686,-0.09227999127848673,-0.5295290591415123,-0.43724906786302553
7687,0.6224115669394087,-0.6479507143846887,-1.2703622813240973
7688,-0.20810388805003247,-0.4882545547017708,-0.2801506666517384
7689,0.2986736711924442,-0.359468179925257,-0.6581418511177012
7690,0.6415771661884584,-0.7659836472902158,-1.4075608134786743
7691,0.008518544212762593,-0.5128135679096826,-0.5213321121224451
7692,0.36746914316453244,-0.5091776025902436,-0.876646745754776
7693,0.5184274341853977,-0.4950977074712439,-1.0135251416566415
7694,0.13236563154116182,-0.35721773146123614,-0.48958336300239796
7695,0.9629282667399889,-0.591844387455869,-1.5547726541958578
7696,0.3715269496400958,-0.5546103444357633,-0.9261372940758591
7697,-0.07802077177531196,-0.5593861418014002,-0.48136537002608826
7698,0.2142956701635079,-0.6777674773108119,-0.8920631474743198
7699,0.3131924034899477,-0.27503724539061547,-0.5882296488805632
7700,0.6191045546756742,-0.4618042565992683,-1.0809088112749425
7701,0.4635103355760741,-0.5440257334264675,-1.0075360690025417
7702,0.6651950674425668,-0.4231653140695706,-1.0883603815121374
7703,0.333210827891069,-0.4046883552172991,-0.7378991831083681
7704,0.5256527776732762,-0.39943019257975027,-0.9250829702530265
7705,0.7846295065687798,-0.593723888678688,-1.3783533952474678
7706,0.44962812355537585,-0.5838729074213762,-1.033501030976752
7707,0.6185323827818671,-0.5139545716285786,-1.1324869544104457
7708,0.2635241777092186,-0.47336644351722157,-0.7368906212264401
7709,0.7386533923364141,-0.8133879737030194,-1.5520413660394334
7710,0.35626659840210984,-0.5871491036857364,-0.9434157020878462
7711,1.5082827545017468,-0.46107956266990585,-1.9693623171716526
7712,0.2860359894117093,-0.4959442455508711,-0.7819802349625804
7713,0.9221367133510519,-0.4853649172496778,-1.4075016306007297
7714,0.39937363856969615,-0.48788910821272136,-0.8872627467824175
7715,0.6038877319801336,-0.6760238465581838,-1.2799115785383175
7716,0.6327650554584182,-0.6629979946929171,-1.2957630501513353
7717,0.6820308301135058,-0.5895133753188456,-1.2715442054323516
7718,0.5778944577886428,-0.6153357682053684,-1.1932302259940113
7719,0.6143875908645311,-0.7166294834112813,-1.3310170742758123
7720,-0.06189324428318649,-0.6547874011792442,-0.5928941568960577
7721,0.8775027473742173,-0.5544458441598222,-1.4319485915340395
7722,0.5448230218908581,-0.5513433476681664,-1.0961663695590245
7723,-0.6217012219519064,-0.5049430129418595,0.11675820901004685
7724,0.5256007428897684,-0.5521676539170637,-1.0777683968068321
7725,0.5802754300150622,-0.45562785870219147,-1.0359032887172537
7726,0.7374346739774668,-0.5198532284104682,-1.2572879023879349
7727,0.3384128798244551,-0.43241939822953884,-0.770832278053994
7728,0.638011901946343,-0.6323132952486746,-1.2703251971950178
7729,0.08822587923548045,-0.3562516041816732,-0.44447748341715365
7730,0.40037843882434504,-0.2327955493291019,-0.6331739881534469
7731,0.6210668847176182,-0.7517743061869533,-1.3728411909045715
7732,-0.33613785548843045,-0.8221496926627572,-0.4860118371743267
7733,0.047965516041108824,-0.7817093752268386,-0.8296748912679475
7734,0.29628551199887054,-0.7303571910474709,-1.0266427030463414
7735,-0.5576271274521205,-0.8680077667205744,-0.31038063926845394
7736,1.3588872971827382,-0.54139028021397,-1.9002775773967082
7737,-0.3602253123132634,-0.5712334092774933,-0.21100809696422995
7738,0.38862084253902573,-0.3984810951808128,-0.7871019377198385
7739,0.5893860543701832,-0.5047377700758124,-1.0941238244459957
7740,-0.18832773646746423,-0.5248434464124165,-0.3365157099449523
7741,0.38930203732994856,-0.5108568373322486,-0.9001588746621971
7742,0.30525248016829104,-0.4782135969194232,-0.7834660770877142
7743,0.7572586545155737,-0.5017916093948267,-1.2590502639104004
7744,0.6135275070816937,-0.4706097180291098,-1.0841372251108035
7745,0.3380304158136999,-0.4574557112144511,-0.795486127028151
7746,1.1529808295967372,-0.46220290300957806,-1.6151837326063152
7747,0.06715088217047348,-0.4369329242513319,-0.5040838064218054
7748,1.0916758500408512,-0.7239717110000552,-1.8156475610409064
7749,0.27077484996421375,-0.6876717853319777,-0.9584466352961915
7750,0.6593889838696946,-0.7362392121641115,-1.395628196033806
7751,0.3427031561334524,-0.519213197786913,-0.8619163539203654
7752,0.19033936543037955,-0.5037783062650633,-0.6941176716954428
7753,0.37813926986728885,-0.46437978246471834,-0.8425190523320072
7754,0.25039311353330473,-0.49610359168056706,-0.7464967052138718
7755,0.41657051038604975,-0.4554625842217956,-0.8720330946078454
7756,-0.3411389111800914,-0.49108452979272965,-0.14994561861263828
7757,0.008859488799072626,-0.6831346988467022,-0.6919941876457748
7758,0.37982720154804644,-0.32835499488271175,-0.7081821964307582
7759,0.15096331930914209,-0.6969952410752001,-0.8479585603843421
7760,0.4709888309529391,-0.3786139762852657,-0.8496028072382048
7761,0.16565047798765015,-0.5372115776778564,-0.7028620556655065
7762,0.36002608384697804,-0.635204000214491,-0.995230084061469
7763,0.18604726103607527,-0.5144245450199385,-0.7004718060560138
7764,1.1261138856250947,-0.4878002717734341,-1.6139141573985287
7765,0.18657151860869856,-0.44680819234596714,-0.6333797109546657
7766,0.6225130197139341,-0.4753264749334136,-1.0978394946473478
7767,0.3257879250520202,-0.587213395533306,-0.9130013205853262
7768,-0.05936594347092685,-0.5280738352546943,-0.4687078917837675
7769,0.6242955227741761,-0.5776822132532949,-1.201977736027471
7770,0.8138707251687834,-0.716446264117794,-1.5303169892865776
7771,0.689918109005403,-0.587467110104174,-1.277385219109577
7772,0.7812339262683433,-0.7304548614942887,-1.511688787762632
7773,0.39154807856562013,-0.6090334343027477,-1.0005815128683677
7774,0.23407755017051687,-0.4646813237429081,-0.698758873913425
7775,-0.030304552993122236,-0.4455203081276742,-0.41521575513455194
7776,0.560760291581899,-0.6001162301443812,-1.1608765217262802
7777,1.285745151051676,-0.6958652287135132,-1.9816103797651892
7778,1.0692909579144112,-0.44976911827533106,-1.5190600761897421
7779,0.7487796537300814,-0.5203288393890958,-1.2691084931191772
7780,0.36610124483738615,-0.6915273587678387,-1.0576286036052247
7781,0.7168060872585186,-0.46340358907899115,-1.1802096763375096
7782,-0.396825196361622,-0.685200691756867,-0.28837549539524504
7783,0.3378736777991307,-0.41339723668843414,-0.7512709144875649
7784,0.36459905730318626,-0.7573858956307323,-1.1219849529339185
7785,0.6637932923158985,-0.6639971980128679,-1.3277904903287663
7786,0.4134205229952359,-0.5467399405060395,-0.9601604635012754
7787,0.7156790558275374,-0.6582882142908232,-1.3739672701183605
7788,0.3816064987305985,-0.2766108453016147,-0.6582173440322132
7789,0.3859334463357167,-0.4124591804268243,-0.798392626762541
7790,-0.08737144353143057,-0.6906550248773364,-0.6032835813459059
7791,0.5375549174409138,-0.6361078407180001,-1.1736627581589139
7792,0.7079643158637952,-0.576401797765555,-1.2843661136293503
7793,0.5684844778073159,-0.6068971475706884,-1.1753816253780043
7794,1.0298561081560138,-0.5575942887868395,-1.5874503969428533
7795,0.6867475210158998,-0.6637083407551159,-1.3504558617710156
7796,0.8056068693238398,-0.6455672689109561,-1.451174138234796
7797,0.15903102178759015,-0.7810281941825963,-0.9400592159701864
7798,-0.29330114143973757,-0.7906180315147704,-0.4973168900750328
7799,1.2512356015492914,-0.44958347875571036,-1.7008190803050018
7800,0.7710915123104243,-0.6458678160354108,-1.416959328345835
7801,0.8921575438270749,-0.5204990931381438,-1.4126566369652187
7802,0.15035324138758605,-0.5527859863958907,-0.7031392277834767
7803,0.2569957918885308,-0.48765101509725106,-0.7446468069857819
7804,0.7165605994108937,-0.5764043485247591,-1.2929649479356526
7805,0.6833477904261096,-0.6291031560613891,-1.3124509464874987
7806,0.6186960774889745,-0.6268831945139935,-1.245579272002968
7807,0.4378643791696016,-0.49893908709549445,-0.936803466265096
7808,1.2744989058567797,-0.6564535191030408,-1.9309524249598207
7809,0.6621503247495961,-0.6263085189213036,-1.2884588436708997
7810,0.7307497690670836,-0.5299638198175578,-1.2607135888846415
7811,0.25280433974828476,-0.7043574343579991,-0.9571617741062839
7812,0.2729461623444252,-0.6221715859605181,-0.8951177483049433
7813,0.18296639470276255,-0.3175536414979327,-0.5005200362006952
7814,0.3464581432044746,-0.530706539677845,-0.8771646828823196
7815,0.3386239732471459,-0.5708540513648749,-0.9094780246120208
7816,0.27163718670828124,-0.6123885286114861,-0.8840257153197673
7817,0.7106856530944008,-0.48616488173141015,-1.196850534825811
7818,-0.4300512126037456,-0.7454162629783927,-0.31536505037464707
7819,-0.0030399115462658426,-0.69653965465827306,-0.6934997431120072
7820,0.6310227591153301,-0.41799032146035975,-1.0490130805756899
7821,0.46667283112876295,-0.403776220642878,-0.870449051771641
7822,0.4252328591494716,-0.45597327362873674,-0.8812061327782084
7823,0.5764697878732458,-0.45925554190071327,-1.035725329773959
7824,0.6865980328965128,-0.6675487704681512,-1.354146803364664
7825,0.7877542920603897,-0.7239469172310863,-1.5117012092914761
7826,0.534867314813646,-0.7589550154462975,-1.2938223302599434
7827,0.36156494802499495,-0.6569873598072348,-1.0185523078322296
7828,0.7792536682373402,-0.5315907028627427,-1.310844371100083
7829,0.9718501029881161,-0.6002873345312191,-1.572137437519335
7830,-0.17331715688191893,-0.7301393606469773,-0.5568222037650583
7831,1.0081056834058002,-0.7218161455145887,-1.7299218289203888
7832,0.18735265773038595,-0.6000846786931445,-0.7874373364235305
7833,0.19784761948531368,-0.605453487916694,-0.8033011074020077
7834,0.5897305071010455,-0.6294523946362063,-1.2191829017372517
7835,0.6346048782439139,-0.5877754669559293,-1.2223803451998432
7836,0.4721829042786454,-0.2647521534686039,-0.7369350577472493
7837,0.20456906401367234,-0.7217161076746504,-0.9262851716883228
7838,0.4366420478625749,-0.6823918287781225,-1.1190338766406973
7839,0.3456473836052648,-0.612612530762995,-0.9582599143682599
7840,0.438343667469368,-0.6612649821282874,-1.0996086495976554
7841,0.36109944990015586,-0.6586725949575464,-1.0197720448577021
7842,0.26166999160996485,-0.6243726456888434,-0.8860426372988083
7843,0.5015644006085676,-0.5268784044509068,-1.0284428050594743
7844,0.06422542611549607,-0.4999144562690004,-0.5641398823844964
7845,-0.003580877393103671,-0.6211550693988641,-0.6175741920057605
7846,0.4588081757716948,-0.5944489374588343,-1.053257113230529
7847,0.00889709101577144,-0.3706544184324317,-0.37955150944820315
7848,0.9484406932529892,-0.408367440921736,-1.3568081341747251
7849,0.1539427930235175,-0.40889910836147214,-0.5628419013849897
7850,0.861560881972378,-0.5679040752574721,-1.4294649572298501
7851,0.8917771483114144,-0.6722458711523845,-1.564023019463799
7852,0.6395259175986302,-0.677647443155362,-1.3171733607539922
7853,0.7721364288944231,-0.6565860761964618,-1.428722505090885
7854,0.649873503680966,-0.5606794287162798,-1.210552932397246
7855,0.14053478544271472,-0.6174156533549024,-0.7579504387976171
7856,1.036065030732237,-0.5125139825704067,-1.5485790133026436
7857,0.9854283177708776,-0.6806917141315032,-1.6661200319023808
7858,0.10941868869171416,-0.6945321511372281,-0.8039508398289422
7859,0.64546655662326,-0.32604064302807323,-0.9715071996513333
7860,0.4250217993487225,-0.4965657751347683,-0.9215875744834907
7861,-0.4740950750374171,-0.45599789170979393,0.018097183327623168
7862,0.43020119599618273,-0.4607349059130428,-0.8909361019092255
7863,0.7450815979067734,-0.4755552509043871,-1.2206368488111605
7864,0.10460940347634891,-0.5822584972764119,-0.6868679007527608
7865,0.21426780078875188,-0.41736888340897454,-0.6316366841977265
7866,0.611495993360367,-0.5050921813482504,-1.1165881747086175
7867,0.3809509575009045,-0.5937961841978865,-0.974747141698791
7868,2.4554282830417136,-0.38658500090030307,-2.8420132839420167
7869,-0.5396222766643086,-0.4003018520643046,0.13932042460000404
7870,0.19964602014669697,-0.6056808763670901,-0.8053268965137871
7871,-0.0019388654774162573,-0.6385114860641639,-0.6365726205867476
7872,-0.42217729369591633,-0.614976897611627,-0.19279960391571066
7873,0.5097425702443019,-0.6770710777996188,-1.1868136480439206
7874,0.4081370830629213,-0.5507757122678499,-0.9589127953307712
7875,0.3426577485493575,-0.8775022106247241,-1.2201599591740817
7876,0.8046865148968007,-0.6005969773808459,-1.4052834922776465
7877,0.6498696799412481,-0.5729387579983403,-1.2228084379395883
7878,0.18190062863188616,-0.4264860118329024,-0.6083866404647886
7879,0.8893235271267774,-0.5617049803848234,-1.4510285075116007
7880,0.9824107798842945,-0.6314463104634083,-1.6138570903477027
7881,0.5157965372458587,-0.5566103294957307,-1.0724068667415896
7882,0.4348858828614498,-0.3649189493410014,-0.7998048322024511
7883,0.3835112256052893,-0.4821513827301426,-0.8656626083354318
7884,0.25618093288504606,-0.18947758401388418,-0.4456585168989302
7885,0.7047699644983315,-0.7953424927018082,-1.5001124572001396
7886,0.30669601456667406,-0.35830013727907006,-0.6649961518457441
7887,0.33930959884706713,-0.43699210126906823,-0.7763017001161354
7888,0.302322204573632,-0.39995846655713646,-0.7022806711307685
7889,0.2618159676530426,-0.43534549672822626,-0.6971614643812689
7890,0.8092326854654863,-0.5931798039202181,-1.4024124893857044
7891,0.7635523136877111,-0.4353673812522025,-1.1989196949399137
7892,0.37009777919355413,-0.46164130979495693,-0.831739088988511
7893,0.43539294421957286,-0.6026519037608287,-1.0380448479804016
7894,0.5213548408378134,-0.3895578654869254,-0.9109127063247388
7895,0.1044220265168664,-0.6905492467144507,-0.7949712732313171
7896,0.25931167151576523,-0.44954585450387213,-0.7088575260196374
7897,0.577116453274774,-0.5471374009768492,-1.1242538542516232
7898,1.1175859061189706,-0.7000289054918036,-1.8176148116107742
7899,-0.17713786508448498,-0.4079167608539047,-0.23077889576941973
7900,0.6820325850824421,-0.576015289579473,-1.2580478746619153
7901,0.8070858720107065,-0.6063621513212847,-1.4134480233319913
7902,-0.12966544014535192,-0.6494161724073914,-0.5197507322620394
7903,1.0178850985948675,-0.4001005705346246,-1.417985669129492
7904,1.3276432488217373,-0.3238910378647566,-1.651534286686494
7905,0.6056898559355955,-0.5919899436742682,-1.1976797996098636
7906,0.1973201231683348,-0.5406757333942688,-0.7379958565626036
7907,-0.3197349385035473,-0.7097856949495194,-0.3900507564459721
7908,0.5317520333372522,-0.841706857484209,-1.3734588908214613
7909,0.5614278255549856,-0.2822126862694413,-0.8436405118244269
7910,0.09225500820140212,-0.38015654703178187,-0.472411555233184
7911,0.38358457326459017,-0.6839669520426345,-1.0675515253072247
7912,0.6472558459746505,-0.5856357718740819,-1.2328916178487324
7913,0.3000210038900965,-0.5553940119692313,-0.8554150158593279
7914,-0.042775715745525064,-0.6444479256402375,-0.6016722098947124
7915,0.5552200429511026,-0.48441575260042646,-1.0396357955515292
7916,0.32861595069574845,-0.39545679474159184,-0.7240727454373403
7917,0.17196835892505533,-0.2823398236745243,-0.4543081825995796
7918,0.9487786320618219,-0.5623067348156419,-1.5110853668774638
7919,0.6241080623867841,-0.5493394099664431,-1.173447472353227
7920,0.10561353282698299,-0.5553577380666178,-0.6609712708936009
7921,0.4783832836023601,-0.4789132665864739,-0.957296550188834
7922,0.4518718399463636,-0.5459061673329895,-0.9977780072793531
7923,0.46811521344879997,-0.46520241868781687,-0.9333176321366168
7924,0.3219452756499858,-0.45835946557915147,-0.7803047412291373
7925,0.7114840135769829,-0.5473362260023964,-1.2588202395793793
7926,0.8378352967636088,-0.42418340741120614,-1.262018704174815
7927,0.3795666792333467,-0.5155266074030755,-0.8950932866364223
7928,0.361688011112406,-0.5216518229728949,-0.8833398340853009
7929,0.2878616636467338,-0.3458200221935941,-0.6336816858403279
7930,0.1654354234155971,-0.5066118483467262,-0.6720472717623234
7931,0.7753324103502806,-0.4904108279789416,-1.2657432383292222
7932,0.6895534612203484,-0.5728968595908674,-1.2624503208112159
7933,0.7762825936733211,-0.5200643022743436,-1.2963468959476647
7934,0.4025982756832981,-0.6041226774123054,-1.0067209530956034
7935,0.47486519836603647,-0.4793366605953436,-0.9542018589613801
7936,0.7976587005394624,-0.4790119131429967,-1.276670613682459
7937,0.7423160302516613,-0.5040724282564495,-1.2463884585081106
7938,0.11560814592967979,-0.5842800746248845,-0.6998882205545643
7939,0.5519882186696404,-0.6078766389005021,-1.1598648575701427
7940,-0.025671873910155553,-0.5704877121727016,-0.544815838262546
7941,0.9723636708011743,-0.5328525612616143,-1.5052162320627884
7942,0.005373434775769624,-0.6741904912774076,-0.6795639260531772
7943,1.246144079875366,-0.36447291039858865,-1.6106169902739547
7944,0.8071730647117613,-0.5502891801433728,-1.3574622448551341
7945,0.14596933828146985,-0.5674036764012909,-0.7133730146827607
7946,0.3872925879581449,-0.6687013227895414,-1.0559939107476863
7947,0.3446127483660326,-0.5571990611837603,-0.9018118095497929
7948,0.4911314014929071,-0.5513775491160537,-1.0425089506089609
7949,0.578354143872991,-0.7079529040473209,-1.286307047920312
7950,0.593843126685815,-0.6804100271581388,-1.2742531538439539
7951,0.36945343388600377,-0.7339210265819351,-1.103374460467939
7952,5.020555131941135e-4,-0.6506253835166554,-0.6511274390298496
7953,-0.1624202904700345,-0.7443087786154712,-0.5818884881454367
7954,0.27416794946404727,-0.5029758078192942,-0.7771437572833415
7955,0.26778838102208635,-0.6006388508491202,-0.8684272318712065
7956,0.8543355818819529,-0.6363629771963069,-1.4906985590782598
7957,1.0317299817485086,-0.5744390280517293,-1.606169009800238
7958,1.1475865306918656,-0.500240091154436,-1.6478266218463016
7959,0.9236288350521762,-0.5597737577586859,-1.483402592810862
7960,0.22935648982780998,-0.5952124160791349,-0.8245689059069449
7961,0.9068560802157869,-0.5615550852999882,-1.468411165515775
7962,0.11596974098101474,-0.5048505869626895,-0.6208203279437042
7963,-0.44083289067964543,-0.6029173104787128,-0.16208441979906735
7964,0.8146919836155638,-0.5337569344211793,-1.3484489180367432
7965,-0.10574229606624565,-0.7272198393053042,-0.6214775432390586
7966,0.13105896257126406,-0.6815985889986809,-0.8126575515699449
7967,0.6199693259924911,-0.5556781925380059,-1.1756475185304969
7968,0.5853215522357237,-0.5439363330729239,-1.1292578853086477
7969,0.741269271156374,-0.6710959167208411,-1.412365187877215
7970,0.600088282908053,-0.6326840358115191,-1.2327723187195723
7971,0.31889665364531855,-0.5193613459668516,-0.8382579996121702
7972,0.7596505338949244,-0.6175201216519466,-1.377170655546871
7973,0.6710147551251592,-0.7001082622701694,-1.3711230173953286
7974,0.04889517735931638,-0.5192882080015919,-0.5681833853609083
7975,-9.113840192404947e-5,-0.4951783320588427,-0.49508719365691867
7976,-1.3441219743459656,-0.59744370139926,0.7466782729467056
7977,-0.3793556920046232,-0.6188916264152396,-0.23953593441061644
7978,-0.6554162766209899,-0.6470541774789607,0.008362099142029233
7979,1.1206135337926935,-0.44809004460995083,-1.5687035784026442
7980,0.8433961151635484,-0.38651960979640504,-1.2299157249599535
7981,0.2523260924190134,-0.7159640456773714,-0.9682901380963848
7982,0.4971871554013665,-0.3174127728440445,-0.814599928245411
7983,0.6879631596805589,-0.38050545170804,-1.0684686113885988
7984,0.4128385396612173,-0.41847275275370116,-0.8313112924149184
7985,0.357187751706724,-0.5461926551310391,-0.9033804068377631
7986,0.7040877883469673,-0.532401140644658,-1.2364889289916254
7987,0.23169724801106628,-0.7557087606600736,-0.9874060086711399
7988,0.8586082258957592,-0.39476904920747924,-1.2533772751032384
7989,0.8460005931520952,-0.3858655639283937,-1.231866157080489
7990,1.3881988224054427,-0.4445410675863678,-1.8327398899918106
7991,0.4302379067864806,-0.387539749718935,-0.8177776565054156
7992,0.04365112096295448,-0.5140632109433908,-0.5577143319063453
7993,0.35544071863264654,-0.5820544419257938,-0.9374951605584403
7994,0.656395181959429,-0.5195482403044859,-1.175943422263915
7995,0.26617727427109045,-0.7828132575756624,-1.048990531846753
7996,0.11581779204965074,-0.5214274249283457,-0.6372452169779964
7997,0.4992769946600961,-0.31481856641367856,-0.8140955610737747
7998,0.2088933299004616,-0.6027157228939205,-0.8116090527943821
7999,0.3718097668414784,-0.682146502397717,-1.0539562692391953
8000,1.073564165805494,-0.48423455515704955,-1.5577987209625435
