sequence_id,source_row,0,1,2,3,4,5,6,7,8,9,10,11,12,13,14,15,16,17,18,stage,type,date_x,time_x,focal ID,Date_Time,experimenter,session_number,conspecific_ID,seq_num,sequence,true_sequence,phase,paired_status,true_sequence_source,sequence_length
0,1,before_trills_2022-02-17_09-53-37_0000039_labelled_Nougatti_pheeseq_05.txt,x,A,A,P,P,,,,,,,,,,,,,,before,trills,2022-02-17,09-53-37,Nougatti,2022-02-17 09:53:37,AT/MM,1.0,Tabor,4.0,xAAPPnannannannannannannannannannannannannan,AAPP,1,non-partner,AAPPnannannannannannannannannannannannannan,4
1,3,before_trills_2022-02-17_09-53-37_0000039_labelled_Nougatti_pheeseq_02.txt,x,A,A,A,P,,,,,,,,,,,,,,before,trills,2022-02-17,09-53-37,Nougatti,2022-02-17 09:53:37,AT/MM,1.0,Tabor,8.0,xAAAPnannannannannannannannannannannannannan,AAAP,1,non-partner,AAAPnannannannannannannannannannannannannan,4
2,4,before_trills_2022-02-17_09-53-37_0000039_labelled_Nougatti_pheeseq_03.txt,x,A,P,P,,,,,,,,,,,,,,,before,trills,2022-02-17,09-53-37,Nougatti,2022-02-17 09:53:37,AT/MM,1.0,Tabor,9.0,xAPPnannannannannannannannannannannannannannan,APP,1,non-partner,APPnannannannannannannannannannannannannannan,3
3,5,before_phees_2022-02-17_09-53-35_0000039_labelled_Tabor_pheeseq_01.txt,x,A,A,y,,,,,,,,,,,,,,,before,phees,2022-02-17,09-53-35,Tabor,2022-02-17 09:53:35,AT/MM,1.0,Nougatti,1.0,xAAynannannannannannannannannannannannannannan,AA,1,non-partner,AAnannannannannannannannannannannannannannan,2
4,6,before_phees_2022-02-22_09-14-37_0000041_labelled_Odin_phee_01.txt,x,A,A,A,A,A,A,A,y,,,,,,,,,,before,phees,2022-02-22,09-14-37,Odin,2022-02-22 09:14:37,AT/MM,1.0,Olympia,2.0,xAAAAAAAynannannannannannannannannan,AAAAAAA,1,non-partner,AAAAAAAnannannannannannannannannan,7
5,7,before_phees_2022-02-22_09-14-37_0000041_labelled_Odin_pheeseq_04.txt,x,A,P,,,,,,,,,,,,,,,,before,phees,2022-02-22,09-14-37,Odin,2022-02-22 09:14:37,AT/MM,1.0,Olympia,4.0,xAPnannannannannannannannannannannannannannannan,AP,1,non-partner,APnannannannannannannannannannannannannannannan,2
6,8,before_phees_2022-02-22_09-14-37_0000041_labelled_Odin_pheeseq_12.txt,x,A,P,A,A,y,,,,,,,,,,,,,before,phees,2022-02-22,09-14-37,Odin,2022-02-22 09:14:37,AT/MM,1.0,Olympia,5.0,xAPAAynannannannannannannannannannannannan,APAA,1,non-partner,APAAnannannannannannannannannannannannan,4
7,10,before_phees_2022-02-22_09-14-37_0000041_labelled_Odin_pheeseq_13.txt,x,A,P,,,,,,,,,,,,,,,,before,phees,2022-02-22,09-14-37,Odin,2022-02-22 09:14:37,AT/MM,1.0,Olympia,7.0,xAPnannannannannannannannannannannannannannannan,AP,1,non-partner,APnannannannannannannannannannannannannannannan,2
8,11,before_phees_2022-02-22_09-14-37_0000041_labelled_Odin_pheeseq_07.txt,x,A,A,A,y,,,,,,,,,,,,,,before,phees,2022-02-22,09-14-37,Odin,2022-02-22 09:14:37,AT/MM,1.0,Olympia,8.0,xAAAynannannannannannannannannannannannannan,AAA,1,non-partner,AAAnannannannannannannannannannannannannan,3
9,12,before_phees_2022-02-22_09-14-37_0000041_labelled_Odin_pheeseq_03.txt,x,A,A,A,A,K,K,,,,,,,,,,,,before,phees,2022-02-22,09-14-37,Odin,2022-02-22 09:14:37,AT/MM,1.0,Olympia,9.0,xAAAAKKnannannannannannannannannannannan,AAAAKK,1,non-partner,AAAAKKnannannannannannannannannannannan,6
10,13,before_phees_2022-02-22_09-14-37_0000041_labelled_Odin_pheeseq_16.txt,x,A,P,A,A,A,P,K,,,,,,,,,,,before,phees,2022-02-22,09-14-37,Odin,2022-02-22 09:14:37,AT/MM,1.0,Olympia,10.0,xAPAAAPKnannannannannannannannannannan,APAAAPK,1,non-partner,APAAAPKnannannannannannannannannannan,7
11,15,before_phees_2022-02-22_09-14-37_0000041_labelled_Odin_pheeseq_14.txt,x,A,P,A,A,A,y,,,,,,,,,,,,before,phees,2022-02-22,09-14-37,Odin,2022-02-22 09:14:37,AT/MM,1.0,Olympia,13.0,xAPAAAynannannannannannannannannannannan,APAAA,1,non-partner,APAAAnannannannannannannannannannannan,5
12,17,before_phees_2022-02-22_09-14-37_0000041_labelled_Odin_pheeseq_66.txt,x,A,A,y,,,,,,,,,,,,,,,before,phees,2022-02-22,09-14-37,Odin,2022-02-22 09:14:37,AT/MM,1.0,Olympia,15.0,xAAynannannannannannannannannannannannannannan,AA,3,non-partner,AAnannannannannannannannannannannannannannan,2
13,18,before_phees_2022-02-22_09-14-37_0000041_labelled_Odin_pheeseq_67.txt,x,A,A,A,y,,,,,,,,,,,,,,before,phees,2022-02-22,09-14-37,Odin,2022-02-22 09:14:37,AT/MM,1.0,Olympia,16.0,xAAAynannannannannannannannannannannannannan,AAA,3,non-partner,AAAnannannannannannannannannannannannannan,3
14,19,before_phees_2022-02-22_09-14-37_0000041_labelled_Odin_pheeseq_58.txt,x,A,A,A,y,,,,,,,,,,,,,,before,phees,2022-02-22,09-14-37,Odin,2022-02-22 09:14:37,AT/MM,1.0,Olympia,17.0,xAAAynannannannannannannannannannannannannan,AAA,3,non-partner,AAAnannannannannannannannannannannannannan,3
15,20,before_phees_2022-02-22_09-14-37_0000041_labelled_Odin_pheeseq_60.txt,x,A,A,A,y,,,,,,,,,,,,,,before,phees,2022-02-22,09-14-37,Odin,2022-02-22 09:14:37,AT/MM,1.0,Olympia,18.0,xAAAynannannannannannannannannannannannannan,AAA,3,non-partner,AAAnannannannannannannannannannannannannan,3
16,21,before_phees_2022-02-22_09-14-37_0000041_labelled_Odin_phee_59.txt,x,A,P,P,,,,,,,,,,,,,,,before,phees,2022-02-22,09-14-37,Odin,2022-02-22 09:14:37,AT/MM,1.0,Olympia,19.0,xAPPnannannannannannannannannannannannannannan,APP,3,non-partner,APPnannannannannannannannannannannannannannan,3
17,23,before_phees_2022-02-22_09-14-37_0000041_labelled_Odin_pheeseq_53.txt,x,A,A,A,y,,,,,,,,,,,,,,before,phees,2022-02-22,09-14-37,Odin,2022-02-22 09:14:37,AT/MM,1.0,Olympia,21.0,xAAAynannannannannannannannannannannannannan,AAA,3,non-partner,AAAnannannannannannannannannannannannannan,3
18,24,before_phees_2022-02-22_09-14-37_0000041_labelled_Odin_pheeseq_47.txt,x,A,A,y,,,,,,,,,,,,,,,before,phees,2022-02-22,09-14-37,Odin,2022-02-22 09:14:37,AT/MM,1.0,Olympia,22.0,xAAynannannannannannannannannannannannannannan,AA,3,non-partner,AAnannannannannannannannannannannannannannan,2
19,26,before_phees_2022-02-22_09-14-37_0000041_labelled_Odin_pheeseq_52.txt,x,A,P,,,,,,,,,,,,,,,,before,phees,2022-02-22,09-14-37,Odin,2022-02-22 09:14:37,AT/MM,1.0,Olympia,24.0,xAPnannannannannannannannannannannannannannannan,AP,3,non-partner,APnannannannannannannannannannannannannannannan,2
20,28,before_phees_2022-02-22_09-14-37_0000041_labelled_Odin_pheeseq_51.txt,x,A,A,A,A,y,,,,,,,,,,,,,before,phees,2022-02-22,09-14-37,Odin,2022-02-22 09:14:37,AT/MM,1.0,Olympia,26.0,xAAAAynannannannannannannannannannannannan,AAAA,3,non-partner,AAAAnannannannannannannannannannannannan,4
21,29,before_phees_2022-02-22_09-14-37_0000041_labelled_Odin_pheeseq_54.txt,x,A,P,A,A,P,P,K,,,,,,,,,,,before,phees,2022-02-22,09-14-37,Odin,2022-02-22 09:14:37,AT/MM,1.0,Olympia,28.0,xAPAAPPKnannannannannannannannannannan,APAAPPK,3,non-partner,APAAPPKnannannannannannannannannannan,7
22,31,before_phees_2022-02-22_09-14-37_0000041_labelled_Odin_pheeseq_24.txt,x,A,A,A,y,,,,,,,,,,,,,,before,phees,2022-02-22,09-14-37,Odin,2022-02-22 09:14:37,AT/MM,1.0,Olympia,32.0,xAAAynannannannannannannannannannannannannan,AAA,1,non-partner,AAAnannannannannannannannannannannannannan,3
23,33,before_phees_2022-02-22_09-14-37_0000041_labelled_Odin_pheeseq_19.txt,x,A,A,A,A,A,K,K,T,K,K,K,,,,,,,before,phees,2022-02-22,09-14-37,Odin,2022-02-22 09:14:37,AT/MM,1.0,Olympia,34.0,xAAAAAKKTKKKnannannannannannan,AAAAAKKTKKK,1,non-partner,AAAAAKKTKKKnannannannannannan,11
24,34,before_phees_2022-02-22_09-14-37_0000041_labelled_Odin_pheeseq_25.txt,x,A,P,A,A,y,,,,,,,,,,,,,before,phees,2022-02-22,09-14-37,Odin,2022-02-22 09:14:37,AT/MM,1.0,Olympia,36.0,xAPAAynannannannannannannannannannannannan,APAA,1,non-partner,APAAnannannannannannannannannannannannan,4
25,35,before_phees_2022-02-22_09-14-37_0000041_labelled_Odin_pheeseq_27.txt,x,A,P,P,A,A,A,A,K,K,,,,,,,,,before,phees,2022-02-22,09-14-37,Odin,2022-02-22 09:14:37,AT/MM,1.0,Olympia,38.0,xAPPAAAAKKnannannannannannannannan,APPAAAAKK,1,non-partner,APPAAAAKKnannannannannannannannan,9
26,36,before_phees_2022-02-22_09-14-37_0000041_labelled_Odin_pheeseq_26.txt,x,A,A,A,P,,,,,,,,,,,,,,before,phees,2022-02-22,09-14-37,Odin,2022-02-22 09:14:37,AT/MM,1.0,Olympia,41.0,xAAAPnannannannannannannannannannannannannan,AAAP,1,non-partner,AAAPnannannannannannannannannannannannannan,4
27,37,before_phees_2022-02-22_09-14-37_0000041_labelled_Odin_pheeseq_23.txt,x,A,P,,,,,,,,,,,,,,,,before,phees,2022-02-22,09-14-37,Odin,2022-02-22 09:14:37,AT/MM,1.0,Olympia,44.0,xAPnannannannannannannannannannannannannannannan,AP,1,non-partner,APnannannannannannannannannannannannannannannan,2
28,38,before_phees_2022-02-22_09-14-37_0000041_labelled_Odin_pheeseq_09.txt,x,A,A,A,A,y,,,,,,,,,,,,,before,phees,2022-02-22,09-14-37,Odin,2022-02-22 09:14:37,AT/MM,1.0,Olympia,45.0,xAAAAynannannannannannannannannannannannan,AAAA,1,non-partner,AAAAnannannannannannannannannannannannan,4
29,39,before_phees_2022-02-22_09-14-37_0000041_labelled_Odin_pheeseq_21.txt,x,A,A,A,A,y,,,,,,,,,,,,,before,phees,2022-02-22,09-14-37,Odin,2022-02-22 09:14:37,AT/MM,1.0,Olympia,46.0,xAAAAynannannannannannannannannannannannan,AAAA,1,non-partner,AAAAnannannannannannannannannannannannan,4
30,40,before_phees_2022-02-22_09-14-37_0000041_labelled_Odin_pheeseq_08.txt,x,A,P,,,,,,,,,,,,,,,,before,phees,2022-02-22,09-14-37,Odin,2022-02-22 09:14:37,AT/MM,1.0,Olympia,47.0,xAPnannannannannannannannannannannannannannannan,AP,1,non-partner,APnannannannannannannannannannannannannannannan,2
31,41,before_phees_2022-02-22_09-14-37_0000041_labelled_Olympia_pheeseq_50.txt,x,A,A,y,,,,,,,,,,,,,,,before,phees,2022-02-22,09-14-37,Olympia,2022-02-22 09:14:37,AT/MM,1.0,Odin,1.0,xAAynannannannannannannannannannannannannannan,AA,3,non-partner,AAnannannannannannannannannannannannannannan,2
32,43,before_phees_2022-02-22_09-14-37_0000041_labelled_Olympia_pheeseq_11.txt,x,A,A,y,,,,,,,,,,,,,,,before,phees,2022-02-22,09-14-37,Olympia,2022-02-22 09:14:37,AT/MM,1.0,Odin,5.0,xAAynannannannannannannannannannannannannannan,AA,1,non-partner,AAnannannannannannannannannannannannannannan,2
33,44,before_phees_2022-02-22_09-14-37_0000041_labelled_Olympia_pheeseq_65.txt,x,A,A,y,,,,,,,,,,,,,,,before,phees,2022-02-22,09-14-37,Olympia,2022-02-22 09:14:37,AT/MM,1.0,Odin,6.0,xAAynannannannannannannannannannannannannannan,AA,3,non-partner,AAnannannannannannannannannannannannannannan,2
34,45,before_phees_2022-02-23_09-24-00_0000042_labelled_Lola_pheeseq_05.txt,x,A,A,y,,,,,,,,,,,,,,,before,phees,2022-02-23,09-24-00,Lola,2022-02-23 09:24:00,AT/MM,1.0,Tabor,1.0,xAAynannannannannannannannannannannannannannan,AA,1,partner,AAnannannannannannannannannannannannannannan,2
35,46,before_phees_2022-02-23_09-24-00_0000042_labelled_Lola_pheeseq_06.txt,x,A,A,y,,,,,,,,,,,,,,,before,phees,2022-02-23,09-24-00,Lola,2022-02-23 09:24:00,AT/MM,1.0,Tabor,2.0,xAAynannannannannannannannannannannannannannan,AA,1,partner,AAnannannannannannannannannannannannannannan,2
36,47,before_trills_2022-02-23_09-24-02_0000042_labelled_Tabor_pheeseq_14.txt,P,A,P,A,A,P,,,,,,,,,,,,,before,trills,2022-02-23,09-24-02,Tabor,2022-02-23 09:24:02,AT/MM,1.0,Lola,1.0,PAPAAPnannannannannannannannannannannannan,PAPAAP,3,partner,PAPAAPnannannannannannannannannannannannan,6
37,48,before_trills_2022-02-23_09-24-02_0000042_labelled_Tabor_pheeseq_15.txt,x,A,P,A,A,P,,,,,,,,,,,,,before,trills,2022-02-23,09-24-02,Tabor,2022-02-23 09:24:02,AT/MM,1.0,Lola,2.0,xAPAAPnannannannannannannannannannannannan,APAAP,3,partner,APAAPnannannannannannannannannannannannan,5
38,50,before_phees_2022-02-25_10-36-24_0000044_labelled_Lola_pheeseq_47.txt,x,A,A,y,,,,,,,,,,,,,,,before,phees,2022-02-25,10-36-24,Lola,2022-02-25 10:36:24,AT/MM,1.0,Odin,2.0,xAAynannannannannannannannannannannannannannan,AA,1,non-partner,AAnannannannannannannannannannannannannannan,2
39,51,before_phees_2022-02-25_10-36-24_0000044_labelled_Lola_pheeseq_64.txt,x,A,A,y,,,,,,,,,,,,,,,before,phees,2022-02-25,10-36-24,Lola,2022-02-25 10:36:24,AT/MM,1.0,Odin,3.0,xAAynannannannannannannannannannannannannannan,AA,1,non-partner,AAnannannannannannannannannannannannannannan,2
40,55,before_phees_2022-02-25_10-36-24_0000044_labelled_Odin_pheeseq_48.txt,x,A,A,P,P,P,P,K,,,,,,,,,,,before,phees,2022-02-25,10-36-24,Odin,2022-02-25 10:36:24,AT/MM,1.0,Lola,1.0,xAAPPPPKnannannannannannannannannannan,AAPPPPK,1,non-partner,AAPPPPKnannannannannannannannannannan,7
41,57,before_phees_2022-02-25_10-36-24_0000044_labelled_Odin_pheeseq_59.txt,x,R,A,y,,,,,,,,,,,,,,,before,phees,2022-02-25,10-36-24,Odin,2022-02-25 10:36:24,AT/MM,1.0,Lola,3.0,xRAynannannannannannannannannannannannannannan,RA,1,non-partner,RAnannannannannannannannannannannannannannan,2
42,58,before_phees_2022-02-25_10-36-24_0000044_labelled_Odin_pheeseq_73.txt,x,A,A,y,,,,,,,,,,,,,,,before,phees,2022-02-25,10-36-24,Odin,2022-02-25 10:36:24,AT/MM,1.0,Lola,5.0,xAAynannannannannannannannannannannannannannan,AA,3,non-partner,AAnannannannannannannannannannannannannannan,2
43,60,before_phees_2022-02-25_10-36-24_0000044_labelled_Odin_pheeseq_07.txt,x,R,A,y,,,,,,,,,,,,,,,before,phees,2022-02-25,10-36-24,Odin,2022-02-25 10:36:24,AT/MM,1.0,Lola,7.0,xRAynannannannannannannannannannannannannannan,RA,1,non-partner,RAnannannannannannannannannannannannannannan,2
44,63,before_phees_2022-02-25_10-36-24_0000044_labelled_Odin_pheeseq_30.txt,x,R,A,A,T,K,K,K,,,,,,,,,,,before,phees,2022-02-25,10-36-24,Odin,2022-02-25 10:36:24,AT/MM,1.0,Lola,10.0,xRAATKKKnannannannannannannannannannan,RAATKKK,1,non-partner,RAATKKKnannannannannannannannannannan,7
45,64,before_phees_2022-02-25_10-36-24_0000044_labelled_Odin_pheeseq_54.txt,T,K,K,A,A,A,T,K,K,T,K,T,K,K,T,,,,before,phees,2022-02-25,10-36-24,Odin,2022-02-25 10:36:24,AT/MM,1.0,Lola,11.0,TKKAAATKKTKTKKTnannannan,TKKAAATKKTKTKKT,1,non-partner,TKKAAATKKTKTKKTnannannan,15
46,65,before_phees_2022-02-25_10-36-24_0000044_labelled_Odin_pheeseq_83.txt,x,A,A,y,,,,,,,,,,,,,,,before,phees,2022-02-25,10-36-24,Odin,2022-02-25 10:36:24,AT/MM,1.0,Lola,12.0,xAAynannannannannannannannannannannannannannan,AA,3,non-partner,AAnannannannannannannannannannannannannannan,2
47,67,before_phees_2022-02-25_10-36-24_0000044_labelled_Odin_pheeseq_45.txt,x,A,A,A,y,,,,,,,,,,,,,,before,phees,2022-02-25,10-36-24,Odin,2022-02-25 10:36:24,AT/MM,1.0,Lola,15.0,xAAAynannannannannannannannannannannannannan,AAA,1,non-partner,AAAnannannannannannannannannannannannannan,3
48,68,before_phees_2022-02-25_10-36-24_0000044_labelled_Odin_pheeseq_79.txt,x,A,A,y,,,,,,,,,,,,,,,before,phees,2022-02-25,10-36-24,Odin,2022-02-25 10:36:24,AT/MM,1.0,Lola,16.0,xAAynannannannannannannannannannannannannannan,AA,3,non-partner,AAnannannannannannannannannannannannannannan,2
49,70,before_phees_2022-02-25_10-36-24_0000044_labelled_Odin_pheeseq_44.txt,x,R,T,K,K,T,K,K,,,,,,,,,,,before,phees,2022-02-25,10-36-24,Odin,2022-02-25 10:36:24,AT/MM,1.0,Lola,18.0,xRTKKTKKnannannannannannannannannannan,RTKKTKK,1,non-partner,RTKKTKKnannannannannannannannannannan,7
50,71,before_phees_2022-02-25_10-36-24_0000044_labelled_Odin_pheeseq_50.txt,x,A,A,y,,,,,,,,,,,,,,,before,phees,2022-02-25,10-36-24,Odin,2022-02-25 10:36:24,AT/MM,1.0,Lola,19.0,xAAynannannannannannannannannannannannannannan,AA,1,non-partner,AAnannannannannannannannannannannannannannan,2
51,72,before_phees_2022-02-25_10-36-24_0000044_labelled_Odin_pheeseq_46.txt,x,A,A,y,,,,,,,,,,,,,,,before,phees,2022-02-25,10-36-24,Odin,2022-02-25 10:36:24,AT/MM,1.0,Lola,20.0,xAAynannannannannannannannannannannannannannan,AA,1,non-partner,AAnannannannannannannannannannannannannannan,2
52,73,before_phees_2022-02-25_10-36-24_0000044_labelled_Odin_pheeseq_84.txt,x,A,A,A,y,,,,,,,,,,,,,,before,phees,2022-02-25,10-36-24,Odin,2022-02-25 10:36:24,AT/MM,1.0,Lola,21.0,xAAAynannannannannannannannannannannannannan,AAA,3,non-partner,AAAnannannannannannannannannannannannannan,3
53,74,before_trills_2022-02-28_10-15-58_0000046_labelled_Nougatti_pheeseq_08.txt,x,A,A,P,P,,,,,,,,,,,,,,before,trills,2022-02-28,10-15-58,Nougatti,2022-02-28 10:15:58,AT/MM,1.0,Odin,1.0,xAAPPnannannannannannannannannannannannannan,AAPP,1,partner,AAPPnannannannannannannannannannannannannan,4
54,75,before_trills_2022-02-28_10-15-58_0000046_labelled_Nougatti_pheeseq_21.txt,x,R,A,P,P,,,,,,,,,,,,,,before,trills,2022-02-28,10-15-58,Nougatti,2022-02-28 10:15:58,AT/MM,1.0,Odin,2.0,xRAPPnannannannannannannannannannannannannan,RAPP,1,partner,RAPPnannannannannannannannannannannannannan,4
55,76,before_trills_2022-02-28_10-15-58_0000046_labelled_Nougatti_pheeseq_80.txt,x,R,A,P,,,,,,,,,,,,,,,before,trills,2022-02-28,10-15-58,Nougatti,2022-02-28 10:15:58,AT/MM,1.0,Odin,4.0,xRAPnannannannannannannannannannannannannannan,RAP,3,partner,RAPnannannannannannannannannannannannannannan,3
56,77,before_trills_2022-02-28_10-15-58_0000046_labelled_Nougatti_pheeseq_96.txt,x,A,A,A,y,,,,,,,,,,,,,,before,trills,2022-02-28,10-15-58,Nougatti,2022-02-28 10:15:58,AT/MM,1.0,Odin,6.0,xAAAynannannannannannannannannannannannannan,AAA,3,partner,AAAnannannannannannannannannannannannannan,3
57,78,before_trills_2022-02-28_10-15-58_0000046_labelled_Nougatti_pheeseq_89.txt,x,A,P,,,,,,,,,,,,,,,,before,trills,2022-02-28,10-15-58,Nougatti,2022-02-28 10:15:58,AT/MM,1.0,Odin,7.0,xAPnannannannannannannannannannannannannannannan,AP,3,partner,APnannannannannannannannannannannannannannannan,2
58,79,before_trills_2022-02-28_10-15-58_0000046_labelled_Nougatti_pheeseq_74.txt,x,R,A,A,P,,,,,,,,,,,,,,before,trills,2022-02-28,10-15-58,Nougatti,2022-02-28 10:15:58,AT/MM,1.0,Odin,9.0,xRAAPnannannannannannannannannannannannannan,RAAP,3,partner,RAAPnannannannannannannannannannannannannan,4
59,80,before_trills_2022-02-28_10-15-58_0000046_labelled_Nougatti_pheeseq_66.txt,x,R,A,P,P,,,,,,,,,,,,,,before,trills,2022-02-28,10-15-58,Nougatti,2022-02-28 10:15:58,AT/MM,1.0,Odin,10.0,xRAPPnannannannannannannannannannannannannan,RAPP,3,partner,RAPPnannannannannannannannannannannannannan,4
60,81,before_trills_2022-02-28_10-15-58_0000046_labelled_Nougatti_pheeseq_14.txt,x,A,A,P,P,,,,,,,,,,,,,,before,trills,2022-02-28,10-15-58,Nougatti,2022-02-28 10:15:58,AT/MM,1.0,Odin,11.0,xAAPPnannannannannannannannannannannannannan,AAPP,1,partner,AAPPnannannannannannannannannannannannannan,4
61,82,before_trills_2022-02-28_10-15-58_0000046_labelled_Nougatti_pheeseq_04.txt,x,A,A,A,P,P,,,,,,,,,,,,,before,trills,2022-02-28,10-15-58,Nougatti,2022-02-28 10:15:58,AT/MM,1.0,Odin,12.0,xAAAPPnannannannannannannannannannannannan,AAAPP,1,partner,AAAPPnannannannannannannannannannannannan,5
62,87,before_trills_2022-02-28_10-15-58_0000046_labelled_Odin_pheeseq_91.txt,x,R,A,y,,,,,,,,,,,,,,,before,trills,2022-02-28,10-15-58,Odin,2022-02-28 10:15:58,AT/MM,1.0,Nougatti,6.0,xRAynannannannannannannannannannannannannannan,RA,3,partner,RAnannannannannannannannannannannannannannan,2
63,89,before_phees_2022-02-28_10-15-56_0000046_labelled_Odin_pheeseq_20.txt,x,A,P,A,A,A,K,,,,,,,,,,,,before,phees,2022-02-28,10-15-56,Odin,2022-02-28 10:15:56,AT/MM,1.0,Nougatti,8.0,xAPAAAKnannannannannannannannannannannan,APAAAK,1,partner,APAAAKnannannannannannannannannannannan,6
64,90,before_phees_2022-02-28_10-15-56_0000046_labelled_Odin_pheeseq_08.txt,x,A,A,A,P,,,,,,,,,,,,,,before,phees,2022-02-28,10-15-56,Odin,2022-02-28 10:15:56,AT/MM,1.0,Nougatti,9.0,xAAAPnannannannannannannannannannannannannan,AAAP,1,partner,AAAPnannannannannannannannannannannannannan,4
65,91,before_trills_2022-02-28_10-15-58_0000046_labelled_Odin_pheeseq_65.txt,x,R,A,y,,,,,,,,,,,,,,,before,trills,2022-02-28,10-15-58,Odin,2022-02-28 10:15:58,AT/MM,1.0,Nougatti,11.0,xRAynannannannannannannannannannannannannannan,RA,3,partner,RAnannannannannannannannannannannannannannan,2
66,92,before_phees_2022-02-28_10-15-56_0000046_labelled_Odin_pheeseq_05.txt,x,A,A,A,A,K,,,,,,,,,,,,,before,phees,2022-02-28,10-15-56,Odin,2022-02-28 10:15:56,AT/MM,1.0,Nougatti,12.0,xAAAAKnannannannannannannannannannannannan,AAAAK,1,partner,AAAAKnannannannannannannannannannannannan,5
67,93,before_phees_2022-02-28_10-15-56_0000046_labelled_Odin_pheeseq_11.txt,x,A,A,y,,,,,,,,,,,,,,,before,phees,2022-02-28,10-15-56,Odin,2022-02-28 10:15:56,AT/MM,1.0,Nougatti,13.0,xAAynannannannannannannannannannannannannannan,AA,1,partner,AAnannannannannannannannannannannannannannan,2
68,94,before_phees_2022-02-28_10-15-56_0000046_labelled_Odin_pheeseq_04.txt,x,A,K,A,y,,,,,,,,,,,,,,before,phees,2022-02-28,10-15-56,Odin,2022-02-28 10:15:56,AT/MM,1.0,Nougatti,14.0,xAKAynannannannannannannannannannannannannan,AKA,1,partner,AKAnannannannannannannannannannannannannan,3
69,96,before_phees_2022-02-28_10-15-56_0000046_labelled_Odin_pheeseq_02.txt,x,A,A,A,P,P,A,y,,,,,,,,,,,before,phees,2022-02-28,10-15-56,Odin,2022-02-28 10:15:56,AT/MM,1.0,Nougatti,16.0,xAAAPPAynannannannannannannannannannan,AAAPPA,1,partner,AAAPPAnannannannannannannannannannan,6
70,98,before_phees_2022-02-28_10-15-56_0000046_labelled_Odin_pheeseq_15.txt,x,A,A,y,,,,,,,,,,,,,,,before,phees,2022-02-28,10-15-56,Odin,2022-02-28 10:15:56,AT/MM,1.0,Nougatti,18.0,xAAynannannannannannannannannannannannannannan,AA,1,partner,AAnannannannannannannannannannannannannannan,2
71,99,before_phees_2022-02-28_10-15-56_0000046_labelled_Odin_pheeseq_01.txt,x,A,A,A,y,,,,,,,,,,,,,,before,phees,2022-02-28,10-15-56,Odin,2022-02-28 10:15:56,AT/MM,1.0,Nougatti,19.0,xAAAynannannannannannannannannannannannannan,AAA,1,partner,AAAnannannannannannannannannannannannannan,3
72,101,before_trills_2022-02-28_10-15-58_0000046_labelled_Odin_pheeseq_03.txt,x,A,A,P,P,,,,,,,,,,,,,,before,trills,2022-02-28,10-15-58,Odin,2022-02-28 10:15:58,AT/MM,1.0,Nougatti,21.0,xAAPPnannannannannannannannannannannannannan,AAPP,1,partner,AAPPnannannannannannannannannannannannannan,4
73,103,before_phees_2022-02-28_09-34-19_0000045_labelled_Wuschel_pheeseq_02.txt,x,A,A,y,,,,,,,,,,,,,,,before,phees,2022-02-28,09-34-19,Wuschel,2022-02-28 09:34:19,AT/MM,1.0,Olympia,1.0,xAAynannannannannannannannannannannannannannan,AA,1,partner,AAnannannannannannannannannannannannannannan,2
74,104,before_phees_2022-02-28_09-34-19_0000045_labelled_Wuschel_pheeseq_16.txt,x,A,A,y,,,,,,,,,,,,,,,before,phees,2022-02-28,09-34-19,Wuschel,2022-02-28 09:34:19,AT/MM,1.0,Olympia,2.0,xAAynannannannannannannannannannannannannannan,AA,1,partner,AAnannannannannannannannannannannannannannan,2
75,105,before_phees_2022-02-28_09-34-19_0000045_labelled_Wuschel_pheeseq_01.txt,x,A,A,y,,,,,,,,,,,,,,,before,phees,2022-02-28,09-34-19,Wuschel,2022-02-28 09:34:19,AT/MM,1.0,Olympia,3.0,xAAynannannannannannannannannannannannannannan,AA,1,partner,AAnannannannannannannannannannannannannannan,2
76,106,before_phees_2022-02-28_09-34-19_0000045_labelled_Wuschel_pheeseq_14.txt,x,A,A,P,A,P,,,,,,,,,,,,,before,phees,2022-02-28,09-34-19,Wuschel,2022-02-28 09:34:19,AT/MM,1.0,Olympia,4.0,xAAPAPnannannannannannannannannannannannan,AAPAP,1,partner,AAPAPnannannannannannannannannannannannan,5
77,107,before_phees_2022-02-28_09-34-19_0000045_labelled_Wuschel_pheeseq_10.txt,x,A,A,P,A,y,,,,,,,,,,,,,before,phees,2022-02-28,09-34-19,Wuschel,2022-02-28 09:34:19,AT/MM,1.0,Olympia,5.0,xAAPAynannannannannannannannannannannannan,AAPA,1,partner,AAPAnannannannannannannannannannannannan,4
78,108,before_phees_2022-02-28_09-34-19_0000045_labelled_Wuschel_pheeseq_04.txt,x,A,A,K,K,K,,,,,,,,,,,,,before,phees,2022-02-28,09-34-19,Wuschel,2022-02-28 09:34:19,AT/MM,1.0,Olympia,6.0,xAAKKKnannannannannannannannannannannannan,AAKKK,1,partner,AAKKKnannannannannannannannannannannannan,5
79,110,before_phees_2022-02-28_09-34-19_0000045_labelled_Wuschel_pheeseq_11.txt,x,A,A,y,,,,,,,,,,,,,,,before,phees,2022-02-28,09-34-19,Wuschel,2022-02-28 09:34:19,AT/MM,1.0,Olympia,8.0,xAAynannannannannannannannannannannannannannan,AA,1,partner,AAnannannannannannannannannannannannannannan,2
80,111,before_phees_2022-02-28_09-34-19_0000045_labelled_Wuschel_pheeseq_07.txt,x,A,A,y,,,,,,,,,,,,,,,before,phees,2022-02-28,09-34-19,Wuschel,2022-02-28 09:34:19,AT/MM,1.0,Olympia,9.0,xAAynannannannannannannannannannannannannannan,AA,1,partner,AAnannannannannannannannannannannannannannan,2
81,112,before_phees_2022-02-28_09-34-19_0000045_labelled_Wuschel_pheeseq_13.txt,x,A,A,P,A,P,P,P,K,K,,,,,,,,,before,phees,2022-02-28,09-34-19,Wuschel,2022-02-28 09:34:19,AT/MM,1.0,Olympia,10.0,xAAPAPPPKKnannannannannannannannan,AAPAPPPKK,1,partner,AAPAPPPKKnannannannannannannannan,9
82,113,before_phees_2022-02-28_09-34-19_0000045_labelled_Wuschel_pheeseq_12.txt,x,A,A,P,P,P,,,,,,,,,,,,,before,phees,2022-02-28,09-34-19,Wuschel,2022-02-28 09:34:19,AT/MM,1.0,Olympia,11.0,xAAPPPnannannannannannannannannannannannan,AAPPP,1,partner,AAPPPnannannannannannannannannannannannan,5
83,114,before_phees_2022-02-28_09-34-19_0000045_labelled_Wuschel_pheeseq_06.txt,x,A,A,K,K,,,,,,,,,,,,,,before,phees,2022-02-28,09-34-19,Wuschel,2022-02-28 09:34:19,AT/MM,1.0,Olympia,12.0,xAAKKnannannannannannannannannannannannannan,AAKK,1,partner,AAKKnannannannannannannannannannannannannan,4
84,115,before_phees_2022-02-28_09-34-19_0000045_labelled_Wuschel_pheeseq_52.txt,x,A,A,P,,,,,,,,,,,,,,,before,phees,2022-02-28,09-34-19,Wuschel,2022-02-28 09:34:19,AT/MM,1.0,Olympia,14.0,xAAPnannannannannannannannannannannannannannan,AAP,3,partner,AAPnannannannannannannannannannannannannannan,3
85,116,before_phees_2022-02-28_09-34-19_0000045_labelled_Wuschel_pheeseq_47.txt,x,A,A,y,,,,,,,,,,,,,,,before,phees,2022-02-28,09-34-19,Wuschel,2022-02-28 09:34:19,AT/MM,1.0,Olympia,15.0,xAAynannannannannannannannannannannannannannan,AA,3,partner,AAnannannannannannannannannannannannannannan,2
86,117,before_phees_2022-02-28_09-34-19_0000045_labelled_Wuschel_pheeseq_53.txt,x,A,A,P,,,,,,,,,,,,,,,before,phees,2022-02-28,09-34-19,Wuschel,2022-02-28 09:34:19,AT/MM,1.0,Olympia,16.0,xAAPnannannannannannannannannannannannannannan,AAP,3,partner,AAPnannannannannannannannannannannannannannan,3
87,118,before_phees_2022-02-28_09-34-19_0000045_labelled_Wuschel_pheeseq_45.txt,x,A,A,P,,,,,,,,,,,,,,,before,phees,2022-02-28,09-34-19,Wuschel,2022-02-28 09:34:19,AT/MM,1.0,Olympia,17.0,xAAPnannannannannannannannannannannannannannan,AAP,3,partner,AAPnannannannannannannannannannannannannannan,3
88,119,before_phees_2022-02-28_09-34-19_0000045_labelled_Wuschel_pheeseq_51.txt,x,A,A,K,,,,,,,,,,,,,,,before,phees,2022-02-28,09-34-19,Wuschel,2022-02-28 09:34:19,AT/MM,1.0,Olympia,18.0,xAAKnannannannannannannannannannannannannannan,AAK,3,partner,AAKnannannannannannannannannannannannannannan,3
89,120,before_phees_2022-02-28_09-34-19_0000045_labelled_Wuschel_pheeseq_50.txt,x,A,A,P,,,,,,,,,,,,,,,before,phees,2022-02-28,09-34-19,Wuschel,2022-02-28 09:34:19,AT/MM,1.0,Olympia,19.0,xAAPnannannannannannannannannannannannannannan,AAP,3,partner,AAPnannannannannannannannannannannannannannan,3
90,122,before_phees_2022-02-28_09-34-19_0000045_labelled_Wuschel_pheeseq_08.txt,x,A,A,K,,,,,,,,,,,,,,,before,phees,2022-02-28,09-34-19,Wuschel,2022-02-28 09:34:19,AT/MM,1.0,Olympia,21.0,xAAKnannannannannannannannannannannannannannan,AAK,1,partner,AAKnannannannannannannannannannannannannannan,3
91,123,before_phees_2022-02-28_09-34-19_0000045_labelled_Wuschel_pheeseq_09.txt,x,A,A,A,y,,,,,,,,,,,,,,before,phees,2022-02-28,09-34-19,Wuschel,2022-02-28 09:34:19,AT/MM,1.0,Olympia,22.0,xAAAynannannannannannannannannannannannannan,AAA,1,partner,AAAnannannannannannannannannannannannannan,3
92,125,before_phees_2022-03-01_09-22-30_0000047_labelled_Olympia_pheeseq_08.txt,x,A,P,,,,,,,,,,,,,,,,before,phees,2022-03-01,09-22-30,Olympia,2022-03-01 09:22:30,AT/MM,1.0,Tabor,2.0,xAPnannannannannannannannannannannannannannannan,AP,1,non-partner,APnannannannannannannannannannannannannannannan,2
93,127,before_phees_2022-03-01_09-22-30_0000047_labelled_Olympia_pheeseq_04.txt,x,A,A,y,,,,,,,,,,,,,,,before,phees,2022-03-01,09-22-30,Olympia,2022-03-01 09:22:30,AT/MM,1.0,Tabor,4.0,xAAynannannannannannannannannannannannannannan,AA,1,non-partner,AAnannannannannannannannannannannannannannan,2
94,128,before_phees_2022-03-01_09-22-30_0000047_labelled_Olympia_pheeseq_07.txt,x,A,A,K,K,,,,,,,,,,,,,,before,phees,2022-03-01,09-22-30,Olympia,2022-03-01 09:22:30,AT/MM,1.0,Tabor,5.0,xAAKKnannannannannannannannannannannannannan,AAKK,1,non-partner,AAKKnannannannannannannannannannannannannan,4
95,129,before_phees_2022-03-01_09-22-30_0000047_labelled_Olympia_pheeseq_03.txt,x,A,A,y,,,,,,,,,,,,,,,before,phees,2022-03-01,09-22-30,Olympia,2022-03-01 09:22:30,AT/MM,1.0,Tabor,6.0,xAAynannannannannannannannannannannannannannan,AA,1,non-partner,AAnannannannannannannannannannannannannannan,2
96,131,before_phees_2022-03-01_09-22-30_0000047_labelled_Tabor_pheeseq_01.txt,x,A,A,A,P,,,,,,,,,,,,,,before,phees,2022-03-01,09-22-30,Tabor,2022-03-01 09:22:30,AT/MM,1.0,Olympia,1.0,xAAAPnannannannannannannannannannannannannan,AAAP,1,non-partner,AAAPnannannannannannannannannannannannannan,4
97,132,before_phees_2022-03-01_09-22-30_0000047_labelled_Tabor_pheeseq_15.txt,x,A,A,A,P,,,,,,,,,,,,,,before,phees,2022-03-01,09-22-30,Tabor,2022-03-01 09:22:30,AT/MM,1.0,Olympia,2.0,xAAAPnannannannannannannannannannannannannan,AAAP,3,non-partner,AAAPnannannannannannannannannannannannannan,4
98,133,before_phees_2022-03-01_09-22-30_0000047_labelled_Tabor_pheeseq_14.txt,x,A,A,A,P,,,,,,,,,,,,,,before,phees,2022-03-01,09-22-30,Tabor,2022-03-01 09:22:30,AT/MM,1.0,Olympia,3.0,xAAAPnannannannannannannannannannannannannan,AAAP,3,non-partner,AAAPnannannannannannannannannannannannannan,4
99,134,before_trills_2022-03-03_09-27-19_0000048_labelled_Lola_pheeseqX_03.txt,x,A,P,,,,,,,,,,,,,,,,before,trills,2022-03-03,09-27-19,Lola,2022-03-03 09:27:19,AT/MM,1.0,Wuschel,1.0,xAPnannannannannannannannannannannannannannannan,AP,1,non-partner,APnannannannannannannannannannannannannannannan,2
100,135,before_trills_2022-03-03_10-14-47_0000050_labelled_Nougatti_pheeseq_24.txt,P,A,A,P,P,P,,,,,,,,,,,,,before,trills,2022-03-03,10-14-47,Nougatti,2022-03-03 10:14:47,AT/MM,2.0,Tabor,1.0,PAAPPPnannannannannannannannannannannannan,PAAPPP,3,non-partner,PAAPPPnannannannannannannannannannannannan,6
101,136,before_trills_2022-03-03_10-14-47_0000050_labelled_Tabor_pheeseq_02.txt,x,A,A,P,P,,,,,,,,,,,,,,before,trills,2022-03-03,10-14-47,Tabor,2022-03-03 10:14:47,AT/MM,2.0,Nougatti,1.0,xAAPPnannannannannannannannannannannannannan,AAPP,1,non-partner,AAPPnannannannannannannannannannannannannan,4
102,137,before_trills_2022-03-03_10-14-47_0000050_labelled_Tabor_pheeseq_06.txt,x,A,P,A,A,P,,,,,,,,,,,,,before,trills,2022-03-03,10-14-47,Tabor,2022-03-03 10:14:47,AT/MM,2.0,Nougatti,2.0,xAPAAPnannannannannannannannannannannannan,APAAP,1,non-partner,APAAPnannannannannannannannannannannannan,5
103,138,before_trills_2022-03-03_10-14-47_0000050_labelled_Tabor_pheeseq_05.txt,x,A,P,A,A,P,y,,,,,,,,,,,,before,trills,2022-03-03,10-14-47,Tabor,2022-03-03 10:14:47,AT/MM,2.0,Nougatti,3.0,xAPAAPynannannannannannannannannannannan,APAAP,1,non-partner,APAAPnannannannannannannannannannannan,5
104,139,before_trills_2022-03-03_10-14-47_0000050_labelled_Tabor_pheeseq_04.txt,x,A,P,P,A,A,y,,,,,,,,,,,,before,trills,2022-03-03,10-14-47,Tabor,2022-03-03 10:14:47,AT/MM,2.0,Nougatti,4.0,xAPPAAynannannannannannannannannannannan,APPAA,1,non-partner,APPAAnannannannannannannannannannannan,5
105,140,before_phees_2022-03-04_09-21-06_0000051_labelled_Odin_pheeseq_59.txt,x,A,A,y,,,,,,,,,,,,,,,before,phees,2022-03-04,09-21-06,Odin,2022-03-04 09:21:06,AT/MM,2.0,Olympia,1.0,xAAynannannannannannannannannannannannannannan,AA,3,non-partner,AAnannannannannannannannannannannannannannan,2
106,143,before_phees_2022-03-04_09-21-06_0000051_labelled_Odin_pheeseq_10.txt,x,A,P,,,,,,,,,,,,,,,,before,phees,2022-03-04,09-21-06,Odin,2022-03-04 09:21:06,AT/MM,2.0,Olympia,4.0,xAPnannannannannannannannannannannannannannannan,AP,1,non-partner,APnannannannannannannannannannannannannannannan,2
107,144,before_phees_2022-03-04_09-21-06_0000051_labelled_Odin_phee_48.txt,P,A,y,,,,,,,,,,,,,,,,before,phees,2022-03-04,09-21-06,Odin,2022-03-04 09:21:06,AT/MM,2.0,Olympia,5.0,PAynannannannannannannannannannannannannannannan,PA,3,non-partner,PAnannannannannannannannannannannannannannannan,2
108,145,before_phees_2022-03-04_09-21-06_0000051_labelled_Odin_pheeseq_11.txt,x,A,A,A,A,K,K,,,,,,,,,,,,before,phees,2022-03-04,09-21-06,Odin,2022-03-04 09:21:06,AT/MM,2.0,Olympia,6.0,xAAAAKKnannannannannannannannannannannan,AAAAKK,1,non-partner,AAAAKKnannannannannannannannannannannan,6
109,146,before_phees_2022-03-04_09-21-06_0000051_labelled_Odin_pheeseq_05.txt,x,A,A,A,A,P,P,,,,,,,,,,,,before,phees,2022-03-04,09-21-06,Odin,2022-03-04 09:21:06,AT/MM,2.0,Olympia,7.0,xAAAAPPnannannannannannannannannannannan,AAAAPP,1,non-partner,AAAAPPnannannannannannannannannannannan,6
110,147,before_phees_2022-03-04_09-21-06_0000051_labelled_Odin_pheeseq_13.txt,x,A,A,A,A,K,,,,,,,,,,,,,before,phees,2022-03-04,09-21-06,Odin,2022-03-04 09:21:06,AT/MM,2.0,Olympia,9.0,xAAAAKnannannannannannannannannannannannan,AAAAK,1,non-partner,AAAAKnannannannannannannannannannannannan,5
111,148,before_phees_2022-03-04_09-21-06_0000051_labelled_Odin_pheeseq_07.txt,x,A,A,A,A,y,,,,,,,,,,,,,before,phees,2022-03-04,09-21-06,Odin,2022-03-04 09:21:06,AT/MM,2.0,Olympia,10.0,xAAAAynannannannannannannannannannannannan,AAAA,1,non-partner,AAAAnannannannannannannannannannannannan,4
112,149,before_phees_2022-03-04_09-21-06_0000051_labelled_Odin_pheeseq_16.txt,x,A,P,,,,,,,,,,,,,,,,before,phees,2022-03-04,09-21-06,Odin,2022-03-04 09:21:06,AT/MM,2.0,Olympia,11.0,xAPnannannannannannannannannannannannannannannan,AP,1,non-partner,APnannannannannannannannannannannannannannannan,2
113,150,before_phees_2022-03-04_09-21-06_0000051_labelled_Odin_pheeseq_03.txt,x,A,A,A,y,,,,,,,,,,,,,,before,phees,2022-03-04,09-21-06,Odin,2022-03-04 09:21:06,AT/MM,2.0,Olympia,12.0,xAAAynannannannannannannannannannannannannan,AAA,1,non-partner,AAAnannannannannannannannannannannannannan,3
114,151,before_phees_2022-03-04_09-21-06_0000051_labelled_Odin_pheeseq_17.txt,x,A,A,A,y,,,,,,,,,,,,,,before,phees,2022-03-04,09-21-06,Odin,2022-03-04 09:21:06,AT/MM,2.0,Olympia,13.0,xAAAynannannannannannannannannannannannannan,AAA,1,non-partner,AAAnannannannannannannannannannannannannan,3
115,152,before_phees_2022-03-04_09-21-06_0000051_labelled_Odin_pheeseq_15.txt,x,A,A,A,A,y,,,,,,,,,,,,,before,phees,2022-03-04,09-21-06,Odin,2022-03-04 09:21:06,AT/MM,2.0,Olympia,14.0,xAAAAynannannannannannannannannannannannan,AAAA,1,non-partner,AAAAnannannannannannannannannannannannan,4
116,153,before_phees_2022-03-04_09-21-06_0000051_labelled_Odin_pheeseq_14.txt,x,A,P,,,,,,,,,,,,,,,,before,phees,2022-03-04,09-21-06,Odin,2022-03-04 09:21:06,AT/MM,2.0,Olympia,15.0,xAPnannannannannannannannannannannannannannannan,AP,1,non-partner,APnannannannannannannannannannannannannannannan,2
117,154,before_phees_2022-03-04_09-21-06_0000051_labelled_Odin_pheeseq_25.txt,x,A,P,A,A,A,A,y,,,,,,,,,,,before,phees,2022-03-04,09-21-06,Odin,2022-03-04 09:21:06,AT/MM,2.0,Olympia,16.0,xAPAAAAynannannannannannannannannannan,APAAAA,1,non-partner,APAAAAnannannannannannannannannannan,6
118,156,before_phees_2022-03-04_09-21-06_0000051_labelled_Odin_pheeseq_24.txt,x,A,A,A,A,y,,,,,,,,,,,,,before,phees,2022-03-04,09-21-06,Odin,2022-03-04 09:21:06,AT/MM,2.0,Olympia,20.0,xAAAAynannannannannannannannannannannannan,AAAA,1,non-partner,AAAAnannannannannannannannannannannannan,4
119,157,before_phees_2022-03-04_09-21-06_0000051_labelled_Odin_pheeseq_27.txt,x,A,A,A,y,,,,,,,,,,,,,,before,phees,2022-03-04,09-21-06,Odin,2022-03-04 09:21:06,AT/MM,2.0,Olympia,22.0,xAAAynannannannannannannannannannannannannan,AAA,1,non-partner,AAAnannannannannannannannannannannannannan,3
120,158,before_phees_2022-03-04_09-21-06_0000051_labelled_Odin_pheeseq_23.txt,x,A,A,y,,,,,,,,,,,,,,,before,phees,2022-03-04,09-21-06,Odin,2022-03-04 09:21:06,AT/MM,2.0,Olympia,25.0,xAAynannannannannannannannannannannannannannan,AA,1,non-partner,AAnannannannannannannannannannannannannannan,2
121,161,before_phees_2022-03-04_09-21-06_0000051_labelled_Odin_pheeseq_20.txt,x,A,A,A,A,K,,,,,,,,,,,,,before,phees,2022-03-04,09-21-06,Odin,2022-03-04 09:21:06,AT/MM,2.0,Olympia,29.0,xAAAAKnannannannannannannannannannannannan,AAAAK,1,non-partner,AAAAKnannannannannannannannannannannannan,5
122,162,before_phees_2022-03-04_09-21-06_0000051_labelled_Odin_pheeseq_08.txt,x,A,P,,,,,,,,,,,,,,,,before,phees,2022-03-04,09-21-06,Odin,2022-03-04 09:21:06,AT/MM,2.0,Olympia,31.0,xAPnannannannannannannannannannannannannannannan,AP,1,non-partner,APnannannannannannannannannannannannannannannan,2
123,163,before_phees_2022-03-04_09-21-06_0000051_labelled_Odin_pheeseq_09.txt,x,A,A,A,A,y,,,,,,,,,,,,,before,phees,2022-03-04,09-21-06,Odin,2022-03-04 09:21:06,AT/MM,2.0,Olympia,33.0,xAAAAynannannannannannannannannannannannan,AAAA,1,non-partner,AAAAnannannannannannannannannannannannan,4
124,164,before_phees_2022-03-04_09-21-06_0000051_labelled_Odin_pheeseq_52.txt,P,A,y,,,,,,,,,,,,,,,,before,phees,2022-03-04,09-21-06,Odin,2022-03-04 09:21:06,AT/MM,2.0,Olympia,35.0,PAynannannannannannannannannannannannannannannan,PA,3,non-partner,PAnannannannannannannannannannannannannannannan,2
125,166,before_phees_2022-03-04_09-21-06_0000051_labelled_Odin_pheeseq_54.txt,x,A,A,y,,,,,,,,,,,,,,,before,phees,2022-03-04,09-21-06,Odin,2022-03-04 09:21:06,AT/MM,2.0,Olympia,37.0,xAAynannannannannannannannannannannannannannan,AA,3,non-partner,AAnannannannannannannannannannannannannannan,2
126,170,before_phees_2022-03-04_09-21-06_0000051_labelled_Olympia_pheeseq_02.txt,x,A,A,P,,,,,,,,,,,,,,,before,phees,2022-03-04,09-21-06,Olympia,2022-03-04 09:21:06,AT/MM,2.0,Odin,4.0,xAAPnannannannannannannannannannannannannannan,AAP,1,non-partner,AAPnannannannannannannannannannannannannannan,3
127,172,before_phees_2022-03-04_09-21-06_0000051_labelled_Olympia_pheeseq_49.txt,x,A,A,y,,,,,,,,,,,,,,,before,phees,2022-03-04,09-21-06,Olympia,2022-03-04 09:21:06,AT/MM,2.0,Odin,6.0,xAAynannannannannannannannannannannannannannan,AA,3,non-partner,AAnannannannannannannannannannannannannannan,2
128,173,before_phees_2022-03-04_09-51-13_0000052_labelled_Tabor_pheeseq_20.txt,x,A,A,A,P,,,,,,,,,,,,,,before,phees,2022-03-04,09-51-13,Tabor,2022-03-04 09:51:13,AT/MM,2.0,Lola,1.0,xAAAPnannannannannannannannannannannannannan,AAAP,1,partner,AAAPnannannannannannannannannannannannannan,4
129,174,before_phees_2022-03-07_09-19-31_0000054_labelled_Wuschel_pheeseq_08.txt,x,A,A,y,,,,,,,,,,,,,,,before,phees,2022-03-07,09-19-31,Wuschel,2022-03-07 09:19:31,AT/MM,2.0,Lola,1.0,xAAynannannannannannannannannannannannannannan,AA,1,non-partner,AAnannannannannannannannannannannannannannan,2
130,175,before_phees_2022-03-07_09-19-31_0000054_labelled_Wuschel_pheeseq_09.txt,x,A,A,A,y,,,,,,,,,,,,,,before,phees,2022-03-07,09-19-31,Wuschel,2022-03-07 09:19:31,AT/MM,2.0,Lola,2.0,xAAAynannannannannannannannannannannannannan,AAA,1,non-partner,AAAnannannannannannannannannannannannannan,3
131,176,before_phees_2022-03-07_09-19-31_0000054_labelled_Wuschel_pheeseq_02.txt,x,A,A,y,,,,,,,,,,,,,,,before,phees,2022-03-07,09-19-31,Wuschel,2022-03-07 09:19:31,AT/MM,2.0,Lola,3.0,xAAynannannannannannannannannannannannannannan,AA,1,non-partner,AAnannannannannannannannannannannannannannan,2
132,178,before_phees_2022-03-07_09-19-31_0000054_labelled_Wuschel_pheeseq_03.txt,x,A,A,P,S,,,,,,,,,,,,,,before,phees,2022-03-07,09-19-31,Wuschel,2022-03-07 09:19:31,AT/MM,2.0,Lola,5.0,xAAPSnannannannannannannannannannannannannan,AAPS,1,non-partner,AAPSnannannannannannannannannannannannannan,4
133,179,before_phees_2022-03-07_09-19-31_0000054_labelled_Wuschel_pheeseq_14.txt,x,A,A,P,P,A,y,,,,,,,,,,,,before,phees,2022-03-07,09-19-31,Wuschel,2022-03-07 09:19:31,AT/MM,2.0,Lola,6.0,xAAPPAynannannannannannannannannannannan,AAPPA,1,non-partner,AAPPAnannannannannannannannannannannan,5
134,180,before_phees_2022-03-07_09-19-31_0000054_labelled_Wuschel_pheeseq_04.txt,x,A,A,P,S,,,,,,,,,,,,,,before,phees,2022-03-07,09-19-31,Wuschel,2022-03-07 09:19:31,AT/MM,2.0,Lola,7.0,xAAPSnannannannannannannannannannannannannan,AAPS,1,non-partner,AAPSnannannannannannannannannannannannannan,4
135,181,before_phees_2022-03-07_09-19-31_0000054_labelled_Wuschel_pheeseq_05.txt,x,A,A,P,P,S,,,,,,,,,,,,,before,phees,2022-03-07,09-19-31,Wuschel,2022-03-07 09:19:31,AT/MM,2.0,Lola,8.0,xAAPPSnannannannannannannannannannannannan,AAPPS,1,non-partner,AAPPSnannannannannannannannannannannannan,5
136,182,before_phees_2022-03-07_09-19-31_0000054_labelled_Wuschel_pheeseq_11.txt,x,A,A,y,,,,,,,,,,,,,,,before,phees,2022-03-07,09-19-31,Wuschel,2022-03-07 09:19:31,AT/MM,2.0,Lola,9.0,xAAynannannannannannannannannannannannannannan,AA,1,non-partner,AAnannannannannannannannannannannannannannan,2
137,183,before_phees_2022-03-07_09-19-31_0000054_labelled_Wuschel_pheeseq_13.txt,x,A,A,y,,,,,,,,,,,,,,,before,phees,2022-03-07,09-19-31,Wuschel,2022-03-07 09:19:31,AT/MM,2.0,Lola,10.0,xAAynannannannannannannannannannannannannannan,AA,1,non-partner,AAnannannannannannannannannannannannannannan,2
138,184,before_phees_2022-03-07_09-19-31_0000054_labelled_Wuschel_pheeseq_12.txt,x,A,A,P,P,A,y,,,,,,,,,,,,before,phees,2022-03-07,09-19-31,Wuschel,2022-03-07 09:19:31,AT/MM,2.0,Lola,11.0,xAAPPAynannannannannannannannannannannan,AAPPA,1,non-partner,AAPPAnannannannannannannannannannannan,5
139,185,before_phees_2022-03-07_09-19-31_0000054_labelled_Wuschel_pheeseq_06.txt,x,A,A,A,P,P,P,,,,,,,,,,,,before,phees,2022-03-07,09-19-31,Wuschel,2022-03-07 09:19:31,AT/MM,2.0,Lola,12.0,xAAAPPPnannannannannannannannannannannan,AAAPPP,1,non-partner,AAAPPPnannannannannannannannannannannan,6
140,186,before_trills_2022-03-08_09-46-20_0000014_labelled_Nougatti_pheeseq_48.txt,x,A,A,P,P,,,,,,,,,,,,,,before,trills,2022-03-08,09-46-20,Nougatti,2022-03-08 09:46:20,AT/MM,3.0,Tabor,1.0,xAAPPnannannannannannannannannannannannannan,AAPP,3,non-partner,AAPPnannannannannannannannannannannannannan,4
141,187,before_trills_2022-03-08_09-46-20_0000014_labelled_Nougatti_pheeseq_29.txt,x,A,A,A,y,,,,,,,,,,,,,,before,trills,2022-03-08,09-46-20,Nougatti,2022-03-08 09:46:20,AT/MM,3.0,Tabor,3.0,xAAAynannannannannannannannannannannannannan,AAA,1,non-partner,AAAnannannannannannannannannannannannannan,3
142,188,before_trills_2022-03-08_09-46-20_0000014_labelled_Nougatti_pheeseq_22.txt,x,A,P,,,,,,,,,,,,,,,,before,trills,2022-03-08,09-46-20,Nougatti,2022-03-08 09:46:20,AT/MM,3.0,Tabor,4.0,xAPnannannannannannannannannannannannannannannan,AP,1,non-partner,APnannannannannannannannannannannannannannannan,2
143,189,before_trills_2022-03-08_09-46-20_0000014_labelled_Nougatti_pheeseq_23.txt,x,R,A,y,,,,,,,,,,,,,,,before,trills,2022-03-08,09-46-20,Nougatti,2022-03-08 09:46:20,AT/MM,3.0,Tabor,5.0,xRAynannannannannannannannannannannannannannan,RA,1,non-partner,RAnannannannannannannannannannannannannannan,2
144,190,before_phees_2022-03-08_09-46-19_0000014_labelled_Nougatti_pheeseq_04.txt,T,K,K,K,A,P,,,,,,,,,,,,,before,phees,2022-03-08,09-46-19,Nougatti,2022-03-08 09:46:19,AT/MM,3.0,Tabor,7.0,TKKKAPnannannannannannannannannannannannan,TKKKAP,1,non-partner,TKKKAPnannannannannannannannannannannannan,6
145,191,before_trills_2022-03-08_09-46-20_0000014_labelled_Tabor_pheeseq_06.txt,x,R,A,P,,,,,,,,,,,,,,,before,trills,2022-03-08,09-46-20,Tabor,2022-03-08 09:46:20,AT/MM,3.0,Nougatti,1.0,xRAPnannannannannannannannannannannannannannan,RAP,1,non-partner,RAPnannannannannannannannannannannannannannan,3
146,192,before_trills_2022-03-08_09-46-20_0000014_labelled_Tabor_pheeseq_47.txt,x,A,A,A,y,,,,,,,,,,,,,,before,trills,2022-03-08,09-46-20,Tabor,2022-03-08 09:46:20,AT/MM,3.0,Nougatti,2.0,xAAAynannannannannannannannannannannannannan,AAA,3,non-partner,AAAnannannannannannannannannannannannannan,3
147,193,before_trills_2022-03-08_09-46-20_0000014_labelled_Tabor_pheeseq_09.txt,x,A,A,P,,,,,,,,,,,,,,,before,trills,2022-03-08,09-46-20,Tabor,2022-03-08 09:46:20,AT/MM,3.0,Nougatti,3.0,xAAPnannannannannannannannannannannannannannan,AAP,1,non-partner,AAPnannannannannannannannannannannannannannan,3
148,194,before_trills_2022-03-08_09-46-20_0000014_labelled_Tabor_pheeseq_30.txt,x,A,A,A,P,,,,,,,,,,,,,,before,trills,2022-03-08,09-46-20,Tabor,2022-03-08 09:46:20,AT/MM,3.0,Nougatti,4.0,xAAAPnannannannannannannannannannannannannan,AAAP,1,non-partner,AAAPnannannannannannannannannannannannannan,4
149,195,before_trills_2022-03-09_14-59-43_0000020_labelled_Nougatti_pheeseq_41.txt,x,A,A,P,P,,,,,,,,,,,,,,before,trills,2022-03-09,14-59-43,Nougatti,2022-03-09 14:59:43,EO/MM,2.0,Odin,1.0,xAAPPnannannannannannannannannannannannannan,AAPP,1,partner,AAPPnannannannannannannannannannannannannan,4
150,196,before_trills_2022-03-09_14-59-43_0000020_labelled_Nougatti_pheeseq_92.txt,x,A,P,,,,,,,,,,,,,,,,before,trills,2022-03-09,14-59-43,Nougatti,2022-03-09 14:59:43,EO/MM,2.0,Odin,2.0,xAPnannannannannannannannannannannannannannannan,AP,3,partner,APnannannannannannannannannannannannannannannan,2
151,197,before_trills_2022-03-09_14-59-43_0000020_labelled_Nougatti_pheeseq_78.txt,x,A,P,,,,,,,,,,,,,,,,before,trills,2022-03-09,14-59-43,Nougatti,2022-03-09 14:59:43,EO/MM,2.0,Odin,3.0,xAPnannannannannannannannannannannannannannannan,AP,3,partner,APnannannannannannannannannannannannannannannan,2
152,198,before_trills_2022-03-09_14-59-43_0000020_labelled_Nougatti_pheeseq_22.txt,x,A,A,A,P,,,,,,,,,,,,,,before,trills,2022-03-09,14-59-43,Nougatti,2022-03-09 14:59:43,EO/MM,2.0,Odin,4.0,xAAAPnannannannannannannannannannannannannan,AAAP,1,partner,AAAPnannannannannannannannannannannannannan,4
153,199,before_trills_2022-03-09_14-59-43_0000020_labelled_Nougatti_pheeseq_21.txt,x,A,A,A,y,,,,,,,,,,,,,,before,trills,2022-03-09,14-59-43,Nougatti,2022-03-09 14:59:43,EO/MM,2.0,Odin,6.0,xAAAynannannannannannannannannannannannannan,AAA,1,partner,AAAnannannannannannannannannannannannannan,3
154,200,before_trills_2022-03-09_14-59-43_0000020_labelled_Nougatti_pheeseq_31.txt,x,R,A,A,A,y,,,,,,,,,,,,,before,trills,2022-03-09,14-59-43,Nougatti,2022-03-09 14:59:43,EO/MM,2.0,Odin,7.0,xRAAAynannannannannannannannannannannannan,RAAA,1,partner,RAAAnannannannannannannannannannannannan,4
155,201,before_trills_2022-03-09_14-59-43_0000020_labelled_Nougatti_pheeseq_30.txt,x,A,A,A,y,,,,,,,,,,,,,,before,trills,2022-03-09,14-59-43,Nougatti,2022-03-09 14:59:43,EO/MM,2.0,Odin,8.0,xAAAynannannannannannannannannannannannannan,AAA,1,partner,AAAnannannannannannannannannannannannannan,3
156,205,before_trills_2022-03-09_14-59-43_0000020_labelled_Odin_pheeseq_45.txt,x,A,A,y,,,,,,,,,,,,,,,before,trills,2022-03-09,14-59-43,Odin,2022-03-09 14:59:43,EO/MM,2.0,Nougatti,4.0,xAAynannannannannannannannannannannannannannan,AA,1,partner,AAnannannannannannannannannannannannannannan,2
157,207,before_phees_2022-03-09_14-59-42_0000020_labelled_Odin_pheeseq_02.txt,x,A,A,A,y,,,,,,,,,,,,,,before,phees,2022-03-09,14-59-42,Odin,2022-03-09 14:59:42,EO/MM,2.0,Nougatti,6.0,xAAAynannannannannannannannannannannannannan,AAA,1,partner,AAAnannannannannannannannannannannannannan,3
158,208,before_phees_2022-03-09_14-59-42_0000020_labelled_Odin_pheeseq_03.txt,x,A,A,y,,,,,,,,,,,,,,,before,phees,2022-03-09,14-59-42,Odin,2022-03-09 14:59:42,EO/MM,2.0,Nougatti,7.0,xAAynannannannannannannannannannannannannannan,AA,1,partner,AAnannannannannannannannannannannannannannan,2
159,209,before_phees_2022-03-09_14-59-42_0000020_labelled_Odin_pheeseq_01.txt,x,R,A,y,,,,,,,,,,,,,,,before,phees,2022-03-09,14-59-42,Odin,2022-03-09 14:59:42,EO/MM,2.0,Nougatti,8.0,xRAynannannannannannannannannannannannannannan,RA,1,partner,RAnannannannannannannannannannannannannannan,2
160,210,before_phees_2022-03-09_14-59-42_0000020_labelled_Odin_pheeseq_15.txt,x,A,A,y,,,,,,,,,,,,,,,before,phees,2022-03-09,14-59-42,Odin,2022-03-09 14:59:42,EO/MM,2.0,Nougatti,9.0,xAAynannannannannannannannannannannannannannan,AA,1,partner,AAnannannannannannannannannannannannannannan,2
161,211,before_phees_2022-03-09_14-59-42_0000020_labelled_Odin_pheeseq_14.txt,x,A,A,y,,,,,,,,,,,,,,,before,phees,2022-03-09,14-59-42,Odin,2022-03-09 14:59:42,EO/MM,2.0,Nougatti,10.0,xAAynannannannannannannannannannannannannannan,AA,1,partner,AAnannannannannannannannannannannannannannan,2
162,212,before_phees_2022-03-09_14-59-42_0000020_labelled_Odin_pheeseq_10.txt,x,A,A,y,,,,,,,,,,,,,,,before,phees,2022-03-09,14-59-42,Odin,2022-03-09 14:59:42,EO/MM,2.0,Nougatti,11.0,xAAynannannannannannannannannannannannannannan,AA,1,partner,AAnannannannannannannannannannannannannannan,2
163,213,before_phees_2022-03-09_14-59-42_0000020_labelled_Odin_pheeseq_11.txt,x,A,A,A,y,,,,,,,,,,,,,,before,phees,2022-03-09,14-59-42,Odin,2022-03-09 14:59:42,EO/MM,2.0,Nougatti,12.0,xAAAynannannannannannannannannannannannannan,AAA,1,partner,AAAnannannannannannannannannannannannannan,3
164,214,before_phees_2022-03-09_14-59-42_0000020_labelled_Odin_pheeseq_05.txt,x,A,A,P,,,,,,,,,,,,,,,before,phees,2022-03-09,14-59-42,Odin,2022-03-09 14:59:42,EO/MM,2.0,Nougatti,13.0,xAAPnannannannannannannannannannannannannannan,AAP,1,partner,AAPnannannannannannannannannannannannannannan,3
165,215,before_trills_2022-03-09_14-59-43_0000020_labelled_Odin_pheeseq_18.txt,x,R,A,y,,,,,,,,,,,,,,,before,trills,2022-03-09,14-59-43,Odin,2022-03-09 14:59:43,EO/MM,2.0,Nougatti,14.0,xRAynannannannannannannannannannannannannannan,RA,1,partner,RAnannannannannannannannannannannannannannan,2
166,216,before_trills_2022-03-09_14-59-43_0000020_labelled_Odin_pheeseq_24.txt,x,A,A,y,,,,,,,,,,,,,,,before,trills,2022-03-09,14-59-43,Odin,2022-03-09 14:59:43,EO/MM,2.0,Nougatti,15.0,xAAynannannannannannannannannannannannannannan,AA,1,partner,AAnannannannannannannannannannannannannannan,2
167,217,before_phees_2022-03-09_14-59-42_0000020_labelled_Odin_pheeseq_07.txt,P,A,A,y,,,,,,,,,,,,,,,before,phees,2022-03-09,14-59-42,Odin,2022-03-09 14:59:42,EO/MM,2.0,Nougatti,16.0,PAAynannannannannannannannannannannannannannan,PAA,1,partner,PAAnannannannannannannannannannannannannannan,3
168,218,before_phees_2022-03-09_14-59-42_0000020_labelled_Odin_pheeseq_12.txt,x,A,A,y,,,,,,,,,,,,,,,before,phees,2022-03-09,14-59-42,Odin,2022-03-09 14:59:42,EO/MM,2.0,Nougatti,17.0,xAAynannannannannannannannannannannannannannan,AA,1,partner,AAnannannannannannannannannannannannannannan,2
169,219,before_trills_2022-03-09_14-59-43_0000020_labelled_Odin_pheeseq_15.txt,x,R,A,y,,,,,,,,,,,,,,,before,trills,2022-03-09,14-59-43,Odin,2022-03-09 14:59:43,EO/MM,2.0,Nougatti,18.0,xRAynannannannannannannannannannannannannannan,RA,1,partner,RAnannannannannannannannannannannannannannan,2
170,220,before_phees_2022-03-09_14-59-42_0000020_labelled_Odin_pheeseq_08.txt,x,A,A,y,,,,,,,,,,,,,,,before,phees,2022-03-09,14-59-42,Odin,2022-03-09 14:59:42,EO/MM,2.0,Nougatti,19.0,xAAynannannannannannannannannannannannannannan,AA,1,partner,AAnannannannannannannannannannannannannannan,2
171,224,before_trills_2022-03-09_14-59-43_0000020_labelled_Odin_pheeseq_74.txt,x,R,A,y,,,,,,,,,,,,,,,before,trills,2022-03-09,14-59-43,Odin,2022-03-09 14:59:43,EO/MM,2.0,Nougatti,24.0,xRAynannannannannannannannannannannannannannan,RA,3,partner,RAnannannannannannannannannannannannannannan,2
172,225,before_trills_2022-03-09_13-56-45_0000018_labelled_Tabor_pheeseq_18.txt,P,A,A,P,,,,,,,,,,,,,,,before,trills,2022-03-09,13-56-45,Tabor,2022-03-09 13:56:45,EO/MM,2.0,Olympia,1.0,PAAPnannannannannannannannannannannannannannan,PAAP,3,non-partner,PAAPnannannannannannannannannannannannannannan,4
173,226,before_trills_2022-03-09_13-56-45_0000018_labelled_Tabor_pheeseq_05.txt,x,A,A,A,P,,,,,,,,,,,,,,before,trills,2022-03-09,13-56-45,Tabor,2022-03-09 13:56:45,EO/MM,2.0,Olympia,2.0,xAAAPnannannannannannannannannannannannannan,AAAP,1,non-partner,AAAPnannannannannannannannannannannannannan,4
174,227,before_trills_2022-03-09_13-56-45_0000018_labelled_Tabor_pheeseq_15.txt,P,A,P,,,,,,,,,,,,,,,,before,trills,2022-03-09,13-56-45,Tabor,2022-03-09 13:56:45,EO/MM,2.0,Olympia,3.0,PAPnannannannannannannannannannannannannannannan,PAP,3,non-partner,PAPnannannannannannannannannannannannannannannan,3
175,228,before_trills_2022-03-09_13-56-45_0000018_labelled_Tabor_pheeseq_02.txt,x,A,A,P,A,P,,,,,,,,,,,,,before,trills,2022-03-09,13-56-45,Tabor,2022-03-09 13:56:45,EO/MM,2.0,Olympia,4.0,xAAPAPnannannannannannannannannannannannan,AAPAP,1,non-partner,AAPAPnannannannannannannannannannannannan,5
176,229,before_trills_2022-03-10_09-28-14_0000022_labelled_Lola_pheeseq_14.txt,x,R,A,P,,,,,,,,,,,,,,,before,trills,2022-03-10,09-28-14,Lola,2022-03-10 09:28:14,EO/MM,3.0,Tabor,1.0,xRAPnannannannannannannannannannannannannannan,RAP,1,partner,RAPnannannannannannannannannannannannannannan,3
177,230,before_trills_2022-03-10_09-28-14_0000022_labelled_Lola_pheeseq_14.txt,x,R,A,P,,,,,,,,,,,,,,,before,trills,2022-03-10,09-28-14,Lola,2022-03-10 09:28:14,EO/MM,3.0,Tabor,2.0,xRAPnannannannannannannannannannannannannannan,RAP,1,partner,RAPnannannannannannannannannannannannannannan,3
178,231,before_phees_2022-03-10_10-59-37_0000025_labelled_Nougatti_pheeseq_16.txt,x,A,P,A,y,,,,,,,,,,,,,,before,phees,2022-03-10,10-59-37,Nougatti,2022-03-10 10:59:37,EO/MM,1.0,Wuschel,4.0,xAPAynannannannannannannannannannannannannan,APA,3,non-partner,APAnannannannannannannannannannannannannan,3
179,232,before_phees_2022-03-10_10-59-37_0000025_labelled_Nougatti_pheeseq_15.txt,x,A,A,y,,,,,,,,,,,,,,,before,phees,2022-03-10,10-59-37,Nougatti,2022-03-10 10:59:37,EO/MM,1.0,Wuschel,6.0,xAAynannannannannannannannannannannannannannan,AA,3,non-partner,AAnannannannannannannannannannannannannannan,2
180,234,before_trills_2022-03-10_10-59-36_0000025_labelled_Nougatti_pheeseq_02.txt,x,A,A,P,,,,,,,,,,,,,,,before,trills,2022-03-10,10-59-36,Nougatti,2022-03-10 10:59:36,EO/MM,1.0,Wuschel,8.0,xAAPnannannannannannannannannannannannannannan,AAP,1,non-partner,AAPnannannannannannannannannannannannannannan,3
181,235,before_trills_2022-03-10_10-59-36_0000025_labelled_Nougatti_pheeseq_03.txt,x,A,A,A,y,,,,,,,,,,,,,,before,trills,2022-03-10,10-59-36,Nougatti,2022-03-10 10:59:36,EO/MM,1.0,Wuschel,9.0,xAAAynannannannannannannannannannannannannan,AAA,1,non-partner,AAAnannannannannannannannannannannannannan,3
182,236,before_trills_2022-03-10_10-59-36_0000025_labelled_Nougatti_pheeseq_06.txt,x,A,A,A,P,,,,,,,,,,,,,,before,trills,2022-03-10,10-59-36,Nougatti,2022-03-10 10:59:36,EO/MM,1.0,Wuschel,10.0,xAAAPnannannannannannannannannannannannannan,AAAP,1,non-partner,AAAPnannannannannannannannannannannannannan,4
183,237,before_trills_2022-03-10_10-59-36_0000025_labelled_Nougatti_pheeseq_04.txt,x,A,A,A,P,,,,,,,,,,,,,,before,trills,2022-03-10,10-59-36,Nougatti,2022-03-10 10:59:36,EO/MM,1.0,Wuschel,11.0,xAAAPnannannannannannannannannannannannannan,AAAP,1,non-partner,AAAPnannannannannannannannannannannannannan,4
184,238,before_trills_2022-03-10_10-59-36_0000025_labelled_Nougatti_pheeseq_05.txt,x,A,P,,,,,,,,,,,,,,,,before,trills,2022-03-10,10-59-36,Nougatti,2022-03-10 10:59:36,EO/MM,1.0,Wuschel,12.0,xAPnannannannannannannannannannannannannannannan,AP,1,non-partner,APnannannannannannannannannannannannannannannan,2
185,239,before_trills_2022-03-10_10-59-36_0000025_labelled_Nougatti_pheeseq_08.txt,x,A,A,A,P,,,,,,,,,,,,,,before,trills,2022-03-10,10-59-36,Nougatti,2022-03-10 10:59:36,EO/MM,1.0,Wuschel,13.0,xAAAPnannannannannannannannannannannannannan,AAAP,1,non-partner,AAAPnannannannannannannannannannannannannan,4
186,240,before_trills_2022-03-10_10-59-36_0000025_labelled_Nougatti_pheeseq_22.txt,x,A,A,P,P,P,,,,,,,,,,,,,before,trills,2022-03-10,10-59-36,Nougatti,2022-03-10 10:59:36,EO/MM,1.0,Wuschel,16.0,xAAPPPnannannannannannannannannannannannan,AAPPP,3,non-partner,AAPPPnannannannannannannannannannannannan,5
187,241,before_phees_2022-03-10_10-59-37_0000025_labelled_Nougatti_pheeseq_19.txt,x,A,P,A,y,,,,,,,,,,,,,,before,phees,2022-03-10,10-59-37,Nougatti,2022-03-10 10:59:37,EO/MM,1.0,Wuschel,17.0,xAPAynannannannannannannannannannannannannan,APA,3,non-partner,APAnannannannannannannannannannannannannan,3
188,242,before_phees_2022-03-10_10-59-37_0000025_labelled_Nougatti_pheeseq_24.txt,x,A,A,y,,,,,,,,,,,,,,,before,phees,2022-03-10,10-59-37,Nougatti,2022-03-10 10:59:37,EO/MM,1.0,Wuschel,18.0,xAAynannannannannannannannannannannannannannan,AA,3,non-partner,AAnannannannannannannannannannannannannannan,2
189,243,before_phees_2022-03-10_10-59-37_0000025_labelled_Nougatti_pheeseq_18.txt,x,A,P,A,y,,,,,,,,,,,,,,before,phees,2022-03-10,10-59-37,Nougatti,2022-03-10 10:59:37,EO/MM,1.0,Wuschel,19.0,xAPAynannannannannannannannannannannannannan,APA,3,non-partner,APAnannannannannannannannannannannannannan,3
190,244,before_phees_2022-03-10_10-59-37_0000025_labelled_Nougatti_pheeseq_23.txt,x,A,P,A,y,,,,,,,,,,,,,,before,phees,2022-03-10,10-59-37,Nougatti,2022-03-10 10:59:37,EO/MM,1.0,Wuschel,20.0,xAPAynannannannannannannannannannannannannan,APA,3,non-partner,APAnannannannannannannannannannannannannan,3
191,246,before_phees_2022-03-10_10-59-37_0000025_labelled_Nougatti_pheeseq_21.txt,x,A,P,A,y,,,,,,,,,,,,,,before,phees,2022-03-10,10-59-37,Nougatti,2022-03-10 10:59:37,EO/MM,1.0,Wuschel,22.0,xAPAynannannannannannannannannannannannannan,APA,3,non-partner,APAnannannannannannannannannannannannannan,3
192,247,before_phees_2022-03-10_10-18-58_0000024_labelled_Odin_pheeseq_17.txt,x,A,A,A,y,,,,,,,,,,,,,,before,phees,2022-03-10,10-18-58,Odin,2022-03-10 10:18:58,EO/MM,3.0,Olympia,1.0,xAAAynannannannannannannannannannannannannan,AAA,3,non-partner,AAAnannannannannannannannannannannannannan,3
193,248,before_phees_2022-03-10_10-18-58_0000024_labelled_Odin_pheeseq_17.txt,x,A,A,A,y,,,,,,,,,,,,,,before,phees,2022-03-10,10-18-58,Odin,2022-03-10 10:18:58,EO/MM,3.0,Olympia,2.0,xAAAynannannannannannannannannannannannannan,AAA,3,non-partner,AAAnannannannannannannannannannannannannan,3
194,249,before_phees_2022-03-10_10-18-58_0000024_labelled_Odin_pheeseq_02.txt,x,R,A,y,,,,,,,,,,,,,,,before,phees,2022-03-10,10-18-58,Odin,2022-03-10 10:18:58,EO/MM,3.0,Olympia,3.0,xRAynannannannannannannannannannannannannannan,RA,1,non-partner,RAnannannannannannannannannannannannannannan,2
195,250,before_phees_2022-03-10_10-18-58_0000024_labelled_Odin_pheeseq_02.txt,x,R,A,y,,,,,,,,,,,,,,,before,phees,2022-03-10,10-18-58,Odin,2022-03-10 10:18:58,EO/MM,3.0,Olympia,4.0,xRAynannannannannannannannannannannannannannan,RA,1,non-partner,RAnannannannannannannannannannannannannannan,2
196,251,before_phees_2022-03-10_10-18-58_0000024_labelled_Odin_pheeseq_16.txt,x,A,A,P,,,,,,,,,,,,,,,before,phees,2022-03-10,10-18-58,Odin,2022-03-10 10:18:58,EO/MM,3.0,Olympia,5.0,xAAPnannannannannannannannannannannannannannan,AAP,3,non-partner,AAPnannannannannannannannannannannannannannan,3
197,252,before_phees_2022-03-10_10-18-58_0000024_labelled_Odin_pheeseq_16.txt,x,A,A,P,,,,,,,,,,,,,,,before,phees,2022-03-10,10-18-58,Odin,2022-03-10 10:18:58,EO/MM,3.0,Olympia,6.0,xAAPnannannannannannannannannannannannannannan,AAP,3,non-partner,AAPnannannannannannannannannannannannannannan,3
198,253,before_phees_2022-03-10_10-18-58_0000024_labelled_Odin_pheeseq_05.txt,x,A,A,y,,,,,,,,,,,,,,,before,phees,2022-03-10,10-18-58,Odin,2022-03-10 10:18:58,EO/MM,3.0,Olympia,9.0,xAAynannannannannannannannannannannannannannan,AA,1,non-partner,AAnannannannannannannannannannannannannannan,2
199,254,before_phees_2022-03-10_10-18-58_0000024_labelled_Odin_pheeseq_05.txt,x,A,A,y,,,,,,,,,,,,,,,before,phees,2022-03-10,10-18-58,Odin,2022-03-10 10:18:58,EO/MM,3.0,Olympia,10.0,xAAynannannannannannannannannannannannannannan,AA,1,non-partner,AAnannannannannannannannannannannannannannan,2
200,255,before_phees_2022-03-10_10-18-58_0000024_labelled_Odin_pheeseq_04.txt,x,A,A,y,,,,,,,,,,,,,,,before,phees,2022-03-10,10-18-58,Odin,2022-03-10 10:18:58,EO/MM,3.0,Olympia,11.0,xAAynannannannannannannannannannannannannannan,AA,1,non-partner,AAnannannannannannannannannannannannannannan,2
201,256,before_phees_2022-03-10_10-18-58_0000024_labelled_Odin_pheeseq_04.txt,x,A,A,y,,,,,,,,,,,,,,,before,phees,2022-03-10,10-18-58,Odin,2022-03-10 10:18:58,EO/MM,3.0,Olympia,12.0,xAAynannannannannannannannannannannannannannan,AA,1,non-partner,AAnannannannannannannannannannannannannannan,2
202,259,before_trills_2022-03-10_10-18-58_0000024_labelled_Odin_pheeseq_02.txt,x,R,A,y,,,,,,,,,,,,,,,before,trills,2022-03-10,10-18-58,Odin,2022-03-10 10:18:58,EO/MM,3.0,Olympia,15.0,xRAynannannannannannannannannannannannannannan,RA,1,non-partner,RAnannannannannannannannannannannannannannan,2
203,260,before_trills_2022-03-10_10-18-58_0000024_labelled_Odin_pheeseq_02.txt,x,R,A,y,,,,,,,,,,,,,,,before,trills,2022-03-10,10-18-58,Odin,2022-03-10 10:18:58,EO/MM,3.0,Olympia,16.0,xRAynannannannannannannannannannannannannannan,RA,1,non-partner,RAnannannannannannannannannannannannannannan,2
204,261,before_phees_2022-03-10_10-18-58_0000024_labelled_Odin_pheeseq_18.txt,x,A,A,A,y,,,,,,,,,,,,,,before,phees,2022-03-10,10-18-58,Odin,2022-03-10 10:18:58,EO/MM,3.0,Olympia,17.0,xAAAynannannannannannannannannannannannannan,AAA,3,non-partner,AAAnannannannannannannannannannannannannan,3
205,262,before_phees_2022-03-10_10-18-58_0000024_labelled_Odin_pheeseq_18.txt,x,A,A,A,y,,,,,,,,,,,,,,before,phees,2022-03-10,10-18-58,Odin,2022-03-10 10:18:58,EO/MM,3.0,Olympia,18.0,xAAAynannannannannannannannannannannannannan,AAA,3,non-partner,AAAnannannannannannannannannannannannannan,3
206,263,before_phees_2022-03-10_10-18-58_0000024_labelled_Odin_pheeseq_19.txt,x,A,P,P,P,A,A,P,A,y,,,,,,,,,before,phees,2022-03-10,10-18-58,Odin,2022-03-10 10:18:58,EO/MM,3.0,Olympia,19.0,xAPPPAAPAynannannannannannannannan,APPPAAPA,3,non-partner,APPPAAPAnannannannannannannannan,8
207,264,before_phees_2022-03-10_10-18-58_0000024_labelled_Odin_pheeseq_19.txt,x,A,P,P,P,A,A,P,A,y,,,,,,,,,before,phees,2022-03-10,10-18-58,Odin,2022-03-10 10:18:58,EO/MM,3.0,Olympia,20.0,xAPPPAAPAynannannannannannannannan,APPPAAPA,3,non-partner,APPPAAPAnannannannannannannannan,8
208,265,before_trills_2022-03-10_10-18-58_0000024_labelled_Odin_pheeseq_15.txt,x,A,A,y,,,,,,,,,,,,,,,before,trills,2022-03-10,10-18-58,Odin,2022-03-10 10:18:58,EO/MM,3.0,Olympia,21.0,xAAynannannannannannannannannannannannannannan,AA,1,non-partner,AAnannannannannannannannannannannannannannan,2
209,266,before_trills_2022-03-10_10-18-58_0000024_labelled_Odin_pheeseq_15.txt,x,A,A,y,,,,,,,,,,,,,,,before,trills,2022-03-10,10-18-58,Odin,2022-03-10 10:18:58,EO/MM,3.0,Olympia,22.0,xAAynannannannannannannannannannannannannannan,AA,1,non-partner,AAnannannannannannannannannannannannannannan,2
210,269,before_phees_2022-03-10_10-18-58_0000024_labelled_Olympia_pheeseqX_22.txt,x,A,A,y,,,,,,,,,,,,,,,before,phees,2022-03-10,10-18-58,Olympia,2022-03-10 10:18:58,EO/MM,3.0,Odin,11.0,xAAynannannannannannannannannannannannannannan,AA,3,non-partner,AAnannannannannannannannannannannannannannan,2
211,270,before_phees_2022-03-10_10-18-58_0000024_labelled_Olympia_pheeseqX_22.txt,x,A,A,y,,,,,,,,,,,,,,,before,phees,2022-03-10,10-18-58,Olympia,2022-03-10 10:18:58,EO/MM,3.0,Odin,12.0,xAAynannannannannannannannannannannannannannan,AA,3,non-partner,AAnannannannannannannannannannannannannannan,2
212,271,before_phees_2022-03-10_10-18-58_0000024_labelled_Olympia_pheeseq_20.txt,x,A,A,y,,,,,,,,,,,,,,,before,phees,2022-03-10,10-18-58,Olympia,2022-03-10 10:18:58,EO/MM,3.0,Odin,13.0,xAAynannannannannannannannannannannannannannan,AA,3,non-partner,AAnannannannannannannannannannannannannannan,2
213,272,before_phees_2022-03-10_10-18-58_0000024_labelled_Olympia_pheeseq_20.txt,x,A,A,y,,,,,,,,,,,,,,,before,phees,2022-03-10,10-18-58,Olympia,2022-03-10 10:18:58,EO/MM,3.0,Odin,14.0,xAAynannannannannannannannannannannannannannan,AA,3,non-partner,AAnannannannannannannannannannannannannannan,2
214,273,before_phees_2022-03-10_10-18-58_0000024_labelled_Olympia_pheeseq_21.txt,x,A,A,y,,,,,,,,,,,,,,,before,phees,2022-03-10,10-18-58,Olympia,2022-03-10 10:18:58,EO/MM,3.0,Odin,15.0,xAAynannannannannannannannannannannannannannan,AA,3,non-partner,AAnannannannannannannannannannannannannannan,2
215,274,before_phees_2022-03-10_10-18-58_0000024_labelled_Olympia_pheeseq_21.txt,x,A,A,y,,,,,,,,,,,,,,,before,phees,2022-03-10,10-18-58,Olympia,2022-03-10 10:18:58,EO/MM,3.0,Odin,16.0,xAAynannannannannannannannannannannannannannan,AA,3,non-partner,AAnannannannannannannannannannannannannannan,2
216,275,before_phees_2022-03-10_10-18-58_0000024_labelled_Olympia_pheeseq_23.txt,x,A,A,y,,,,,,,,,,,,,,,before,phees,2022-03-10,10-18-58,Olympia,2022-03-10 10:18:58,EO/MM,3.0,Odin,17.0,xAAynannannannannannannannannannannannannannan,AA,3,non-partner,AAnannannannannannannannannannannannannannan,2
217,276,before_phees_2022-03-10_10-18-58_0000024_labelled_Olympia_pheeseq_23.txt,x,A,A,y,,,,,,,,,,,,,,,before,phees,2022-03-10,10-18-58,Olympia,2022-03-10 10:18:58,EO/MM,3.0,Odin,18.0,xAAynannannannannannannannannannannannannannan,AA,3,non-partner,AAnannannannannannannannannannannannannannan,2
218,277,before_phees_2022-03-10_10-18-58_0000024_labelled_Olympia_pheeseq_24.txt,x,A,A,y,,,,,,,,,,,,,,,before,phees,2022-03-10,10-18-58,Olympia,2022-03-10 10:18:58,EO/MM,3.0,Odin,19.0,xAAynannannannannannannannannannannannannannan,AA,3,non-partner,AAnannannannannannannannannannannannannannan,2
219,278,before_phees_2022-03-10_10-18-58_0000024_labelled_Olympia_pheeseq_24.txt,x,A,A,y,,,,,,,,,,,,,,,before,phees,2022-03-10,10-18-58,Olympia,2022-03-10 10:18:58,EO/MM,3.0,Odin,20.0,xAAynannannannannannannannannannannannannannan,AA,3,non-partner,AAnannannannannannannannannannannannannannan,2
220,279,before_trills_2022-03-10_09-28-14_0000022_labelled_Tabor_pheeseq_05.txt,x,A,A,A,P,,,,,,,,,,,,,,before,trills,2022-03-10,09-28-14,Tabor,2022-03-10 09:28:14,EO/MM,3.0,Lola,1.0,xAAAPnannannannannannannannannannannannannan,AAAP,1,partner,AAAPnannannannannannannannannannannannannan,4
221,280,before_trills_2022-03-10_09-28-14_0000022_labelled_Tabor_pheeseq_05.txt,x,A,A,A,P,,,,,,,,,,,,,,before,trills,2022-03-10,09-28-14,Tabor,2022-03-10 09:28:14,EO/MM,3.0,Lola,2.0,xAAAPnannannannannannannannannannannannannan,AAAP,1,partner,AAAPnannannannannannannannannannannannannan,4
222,281,before_trills_2022-03-10_09-28-14_0000022_labelled_Tabor_pheeseq_04.txt,x,A,A,P,,,,,,,,,,,,,,,before,trills,2022-03-10,09-28-14,Tabor,2022-03-10 09:28:14,EO/MM,3.0,Lola,3.0,xAAPnannannannannannannannannannannannannannan,AAP,1,partner,AAPnannannannannannannannannannannannannannan,3
223,282,before_trills_2022-03-10_09-28-14_0000022_labelled_Tabor_pheeseq_04.txt,x,A,A,P,,,,,,,,,,,,,,,before,trills,2022-03-10,09-28-14,Tabor,2022-03-10 09:28:14,EO/MM,3.0,Lola,4.0,xAAPnannannannannannannannannannannannannannan,AAP,1,partner,AAPnannannannannannannannannannannannannannan,3
224,283,before_trills_2022-03-10_09-28-14_0000022_labelled_Tabor_pheeseq_06.txt,x,A,P,P,A,P,P,,,,,,,,,,,,before,trills,2022-03-10,09-28-14,Tabor,2022-03-10 09:28:14,EO/MM,3.0,Lola,5.0,xAPPAPPnannannannannannannannannannannan,APPAPP,1,partner,APPAPPnannannannannannannannannannannan,6
225,284,before_trills_2022-03-10_09-28-14_0000022_labelled_Tabor_pheeseq_06.txt,x,A,P,P,A,P,P,,,,,,,,,,,,before,trills,2022-03-10,09-28-14,Tabor,2022-03-10 09:28:14,EO/MM,3.0,Lola,6.0,xAPPAPPnannannannannannannannannannannan,APPAPP,1,partner,APPAPPnannannannannannannannannannannan,6
226,285,before_trills_2022-03-10_09-28-14_0000022_labelled_Tabor_pheeseq_13.txt,P,A,A,P,P,,,,,,,,,,,,,,before,trills,2022-03-10,09-28-14,Tabor,2022-03-10 09:28:14,EO/MM,3.0,Lola,7.0,PAAPPnannannannannannannannannannannannannan,PAAPP,1,partner,PAAPPnannannannannannannannannannannannannan,5
227,286,before_trills_2022-03-10_09-28-14_0000022_labelled_Tabor_pheeseq_13.txt,P,A,A,P,P,,,,,,,,,,,,,,before,trills,2022-03-10,09-28-14,Tabor,2022-03-10 09:28:14,EO/MM,3.0,Lola,8.0,PAAPPnannannannannannannannannannannannannan,PAAPP,1,partner,PAAPPnannannannannannannannannannannannannan,5
228,287,before_trills_2022-03-10_09-28-14_0000022_labelled_Tabor_pheeseq_03.txt,x,R,P,P,,,,,,,,,,,,,,,before,trills,2022-03-10,09-28-14,Tabor,2022-03-10 09:28:14,EO/MM,3.0,Lola,9.0,xRPPnannannannannannannannannannannannannannan,RPP,1,partner,RPPnannannannannannannannannannannannannannan,3
229,288,before_trills_2022-03-10_09-28-14_0000022_labelled_Tabor_pheeseq_03.txt,x,R,P,P,,,,,,,,,,,,,,,before,trills,2022-03-10,09-28-14,Tabor,2022-03-10 09:28:14,EO/MM,3.0,Lola,10.0,xRPPnannannannannannannannannannannannannannan,RPP,1,partner,RPPnannannannannannannannannannannannannannan,3
230,289,before_trills_2022-03-10_09-28-14_0000022_labelled_Tabor_pheeseq_02.txt,x,A,P,P,A,P,,,,,,,,,,,,,before,trills,2022-03-10,09-28-14,Tabor,2022-03-10 09:28:14,EO/MM,3.0,Lola,11.0,xAPPAPnannannannannannannannannannannannan,APPAP,1,partner,APPAPnannannannannannannannannannannannan,5
231,290,before_trills_2022-03-10_09-28-14_0000022_labelled_Tabor_pheeseq_02.txt,x,A,P,P,A,P,,,,,,,,,,,,,before,trills,2022-03-10,09-28-14,Tabor,2022-03-10 09:28:14,EO/MM,3.0,Lola,12.0,xAPPAPnannannannannannannannannannannannan,APPAP,1,partner,APPAPnannannannannannannannannannannannan,5
232,291,before_trills_2022-03-10_09-28-14_0000022_labelled_Tabor_pheeseq_15.txt,P,A,P,P,,,,,,,,,,,,,,,before,trills,2022-03-10,09-28-14,Tabor,2022-03-10 09:28:14,EO/MM,3.0,Lola,13.0,PAPPnannannannannannannannannannannannannannan,PAPP,1,partner,PAPPnannannannannannannannannannannannannannan,4
233,292,before_trills_2022-03-10_09-28-14_0000022_labelled_Tabor_pheeseq_15.txt,P,A,P,P,,,,,,,,,,,,,,,before,trills,2022-03-10,09-28-14,Tabor,2022-03-10 09:28:14,EO/MM,3.0,Lola,14.0,PAPPnannannannannannannannannannannannannannan,PAPP,1,partner,PAPPnannannannannannannannannannannannannannan,4
234,293,before_trills_2022-03-10_09-28-14_0000022_labelled_Tabor_pheeseq_23.txt,x,A,P,P,A,y,,,,,,,,,,,,,before,trills,2022-03-10,09-28-14,Tabor,2022-03-10 09:28:14,EO/MM,3.0,Lola,15.0,xAPPAynannannannannannannannannannannannan,APPA,3,partner,APPAnannannannannannannannannannannannan,4
235,294,before_trills_2022-03-10_09-28-14_0000022_labelled_Tabor_pheeseq_23.txt,x,A,P,P,A,y,,,,,,,,,,,,,before,trills,2022-03-10,09-28-14,Tabor,2022-03-10 09:28:14,EO/MM,3.0,Lola,16.0,xAPPAynannannannannannannannannannannannan,APPA,3,partner,APPAnannannannannannannannannannannannan,4
236,295,before_trills_2022-03-10_10-59-36_0000025_labelled_Wuschel_pheeseq_07.txt,x,A,A,P,,,,,,,,,,,,,,,before,trills,2022-03-10,10-59-36,Wuschel,2022-03-10 10:59:36,EO/MM,1.0,Nougatti,1.0,xAAPnannannannannannannannannannannannannannan,AAP,1,non-partner,AAPnannannannannannannannannannannannannannan,3
237,296,before_phees_2022-03-10_10-59-37_0000025_labelled_Wuschel_pheeseq_17.txt,x,R,A,P,P,,,,,,,,,,,,,,before,phees,2022-03-10,10-59-37,Wuschel,2022-03-10 10:59:37,EO/MM,1.0,Nougatti,2.0,xRAPPnannannannannannannannannannannannannan,RAPP,3,non-partner,RAPPnannannannannannannannannannannannannan,4
238,297,before_trills_2022-03-10_10-59-36_0000025_labelled_Wuschel_pheeseq_31.txt,P,A,y,,,,,,,,,,,,,,,,before,trills,2022-03-10,10-59-36,Wuschel,2022-03-10 10:59:36,EO/MM,1.0,Nougatti,3.0,PAynannannannannannannannannannannannannannannan,PA,3,non-partner,PAnannannannannannannannannannannannannannannan,2
239,298,before_phees_2022-03-11_14-57-48_0000041_labelled_Lola_pheeseq_02.txt,x,A,A,y,,,,,,,,,,,,,,,before,phees,2022-03-11,14-57-48,Lola,2022-03-11 14:57:48,RB/MM,3.0,Wuschel,1.0,xAAynannannannannannannannannannannannannannan,AA,1,non-partner,AAnannannannannannannannannannannannannannan,2
240,299,before_trills_2022-03-11_14-57-49_0000041_labelled_Lola_pheeseq_08.txt,x,A,P,P,,,,,,,,,,,,,,,before,trills,2022-03-11,14-57-49,Lola,2022-03-11 14:57:49,RB/MM,3.0,Wuschel,4.0,xAPPnannannannannannannannannannannannannannan,APP,1,non-partner,APPnannannannannannannannannannannannannannan,3
241,301,before_trills_2022-03-11_14-57-49_0000041_labelled_Lola_pheeseq_03.txt,x,R,P,P,,,,,,,,,,,,,,,before,trills,2022-03-11,14-57-49,Lola,2022-03-11 14:57:49,RB/MM,3.0,Wuschel,6.0,xRPPnannannannannannannannannannannannannannan,RPP,1,non-partner,RPPnannannannannannannannannannannannannannan,3
242,302,before_trills_2022-03-11_14-57-49_0000041_labelled_Lola_pheeseq_28.txt,x,A,P,P,,,,,,,,,,,,,,,before,trills,2022-03-11,14-57-49,Lola,2022-03-11 14:57:49,RB/MM,3.0,Wuschel,7.0,xAPPnannannannannannannannannannannannannannan,APP,3,non-partner,APPnannannannannannannannannannannannannannan,3
243,303,before_trills_2022-03-11_14-57-49_0000041_labelled_Lola_pheeseq_10.txt,x,R,P,,,,,,,,,,,,,,,,before,trills,2022-03-11,14-57-49,Lola,2022-03-11 14:57:49,RB/MM,3.0,Wuschel,8.0,xRPnannannannannannannannannannannannannannannan,RP,1,non-partner,RPnannannannannannannannannannannannannannannan,2
244,304,before_trills_2022-03-11_09-34-35_0000027_labelled_Odin_pheeseq_80.txt,x,A,A,y,,,,,,,,,,,,,,,before,trills,2022-03-11,09-34-35,Odin,2022-03-11 09:34:35,RB/MM,3.0,Lola,1.0,xAAynannannannannannannannannannannannannannan,AA,3,non-partner,AAnannannannannannannannannannannannannannan,2
245,306,before_trills_2022-03-11_09-34-35_0000027_labelled_Odin_pheeseq_87.txt,x,A,A,P,,,,,,,,,,,,,,,before,trills,2022-03-11,09-34-35,Odin,2022-03-11 09:34:35,RB/MM,3.0,Lola,3.0,xAAPnannannannannannannannannannannannannannan,AAP,3,non-partner,AAPnannannannannannannannannannannannannannan,3
246,307,before_phees_2022-03-11_09-34-34_0000027_labelled_Odin_pheeseq_03.txt,x,A,A,A,y,,,,,,,,,,,,,,before,phees,2022-03-11,09-34-34,Odin,2022-03-11 09:34:34,RB/MM,3.0,Lola,4.0,xAAAynannannannannannannannannannannannannan,AAA,1,non-partner,AAAnannannannannannannannannannannannannan,3
247,308,before_phees_2022-03-11_09-34-34_0000027_labelled_Odin_pheeseq_01.txt,x,A,A,A,y,,,,,,,,,,,,,,before,phees,2022-03-11,09-34-34,Odin,2022-03-11 09:34:34,RB/MM,3.0,Lola,5.0,xAAAynannannannannannannannannannannannannan,AAA,1,non-partner,AAAnannannannannannannannannannannannannan,3
248,310,before_trills_2022-03-11_09-34-35_0000027_labelled_Odin_pheeseq_31.txt,x,R,A,y,,,,,,,,,,,,,,,before,trills,2022-03-11,09-34-35,Odin,2022-03-11 09:34:35,RB/MM,3.0,Lola,7.0,xRAynannannannannannannannannannannannannannan,RA,1,non-partner,RAnannannannannannannannannannannannannannan,2
249,311,before_trills_2022-03-11_09-34-35_0000027_labelled_Odin_pheeseq_19.txt,x,A,A,y,,,,,,,,,,,,,,,before,trills,2022-03-11,09-34-35,Odin,2022-03-11 09:34:35,RB/MM,3.0,Lola,8.0,xAAynannannannannannannannannannannannannannan,AA,1,non-partner,AAnannannannannannannannannannannannannannan,2
250,312,before_phees_2022-03-11_09-34-34_0000027_labelled_Odin_pheeseq_04.txt,x,A,A,y,,,,,,,,,,,,,,,before,phees,2022-03-11,09-34-34,Odin,2022-03-11 09:34:34,RB/MM,3.0,Lola,9.0,xAAynannannannannannannannannannannannannannan,AA,1,non-partner,AAnannannannannannannannannannannannannannan,2
251,314,before_trills_2022-03-11_09-34-35_0000027_labelled_Odin_pheeseq_28.txt,x,R,A,y,,,,,,,,,,,,,,,before,trills,2022-03-11,09-34-35,Odin,2022-03-11 09:34:35,RB/MM,3.0,Lola,11.0,xRAynannannannannannannannannannannannannannan,RA,1,non-partner,RAnannannannannannannannannannannannannannan,2
252,317,before_phees_2022-03-11_10-24-31_0000033_labelled_Tabor_pheeseq_01.txt,x,A,A,A,A,y,,,,,,,,,,,,,before,phees,2022-03-11,10-24-31,Tabor,2022-03-11 10:24:31,RB/MM,3.0,Olympia,1.0,xAAAAynannannannannannannannannannannannan,AAAA,1,non-partner,AAAAnannannannannannannannannannannannan,4
253,318,before_phees_2022-03-11_10-24-31_0000033_labelled_Tabor_pheeseq_02.txt,x,A,A,A,A,P,,,,,,,,,,,,,before,phees,2022-03-11,10-24-31,Tabor,2022-03-11 10:24:31,RB/MM,3.0,Olympia,2.0,xAAAAPnannannannannannannannannannannannan,AAAAP,1,non-partner,AAAAPnannannannannannannannannannannannan,5
254,319,before_trills_2022-03-11_14-57-49_0000041_labelled_Wuschel_pheeseq_09.txt,x,A,A,A,P,,,,,,,,,,,,,,before,trills,2022-03-11,14-57-49,Wuschel,2022-03-11 14:57:49,RB/MM,3.0,Lola,2.0,xAAAPnannannannannannannannannannannannannan,AAAP,1,non-partner,AAAPnannannannannannannannannannannannannan,4
255,320,before_trills_2022-03-11_14-57-49_0000041_labelled_Wuschel_pheeseq_05.txt,x,A,A,A,P,,,,,,,,,,,,,,before,trills,2022-03-11,14-57-49,Wuschel,2022-03-11 14:57:49,RB/MM,3.0,Lola,3.0,xAAAPnannannannannannannannannannannannannan,AAAP,1,non-partner,AAAPnannannannannannannannannannannannannan,4
256,321,before_trills_2022-03-11_14-57-49_0000041_labelled_Wuschel_pheeseq_11.txt,x,A,A,P,,,,,,,,,,,,,,,before,trills,2022-03-11,14-57-49,Wuschel,2022-03-11 14:57:49,RB/MM,3.0,Lola,4.0,xAAPnannannannannannannannannannannannannannan,AAP,1,non-partner,AAPnannannannannannannannannannannannannannan,3
257,322,before_trills_2022-03-11_14-57-49_0000041_labelled_Wuschel_pheeseq_04.txt,x,A,A,A,P,,,,,,,,,,,,,,before,trills,2022-03-11,14-57-49,Wuschel,2022-03-11 14:57:49,RB/MM,3.0,Lola,5.0,xAAAPnannannannannannannannannannannannannan,AAAP,1,non-partner,AAAPnannannannannannannannannannannannannan,4
258,323,before_trills_2022-03-11_14-57-49_0000041_labelled_Wuschel_pheeseq_06.txt,x,A,A,A,P,,,,,,,,,,,,,,before,trills,2022-03-11,14-57-49,Wuschel,2022-03-11 14:57:49,RB/MM,3.0,Lola,6.0,xAAAPnannannannannannannannannannannannannan,AAAP,1,non-partner,AAAPnannannannannannannannannannannannannan,4
259,324,before_phees_2022-03-11_14-57-48_0000041_labelled_Wuschel_pheeseq_03.txt,x,A,A,A,y,,,,,,,,,,,,,,before,phees,2022-03-11,14-57-48,Wuschel,2022-03-11 14:57:48,RB/MM,3.0,Lola,8.0,xAAAynannannannannannannannannannannannannan,AAA,1,non-partner,AAAnannannannannannannannannannannannannan,3
260,325,before_trills_2022-03-14_10-35-13_0000049_labelled_Nougatti_pheeseq_83.txt,x,A,A,P,,,,,,,,,,,,,,,before,trills,2022-03-14,10-35-13,Nougatti,2022-03-14 10:35:13,EO/MM,3.0,Odin,1.0,xAAPnannannannannannannannannannannannannannan,AAP,3,partner,AAPnannannannannannannannannannannannannannan,3
261,326,before_trills_2022-03-14_10-35-13_0000049_labelled_Nougatti_pheeseq_87.txt,x,A,A,P,P,P,,,,,,,,,,,,,before,trills,2022-03-14,10-35-13,Nougatti,2022-03-14 10:35:13,EO/MM,3.0,Odin,2.0,xAAPPPnannannannannannannannannannannannan,AAPPP,3,partner,AAPPPnannannannannannannannannannannannan,5
262,327,before_trills_2022-03-14_10-35-13_0000049_labelled_Nougatti_pheeseq_108.txt,x,A,A,P,,,,,,,,,,,,,,,before,trills,2022-03-14,10-35-13,Nougatti,2022-03-14 10:35:13,EO/MM,3.0,Odin,3.0,xAAPnannannannannannannannannannannannannannan,AAP,3,partner,AAPnannannannannannannannannannannannannannan,3
263,328,before_trills_2022-03-14_10-35-13_0000049_labelled_Nougatti_pheeseq_22.txt,x,A,P,P,,,,,,,,,,,,,,,before,trills,2022-03-14,10-35-13,Nougatti,2022-03-14 10:35:13,EO/MM,3.0,Odin,4.0,xAPPnannannannannannannannannannannannannannan,APP,1,partner,APPnannannannannannannannannannannannannannan,3
264,329,before_trills_2022-03-14_10-35-13_0000049_labelled_Nougatti_pheeseq_36.txt,S,A,A,A,P,,,,,,,,,,,,,,before,trills,2022-03-14,10-35-13,Nougatti,2022-03-14 10:35:13,EO/MM,3.0,Odin,5.0,SAAAPnannannannannannannannannannannannannan,SAAAP,1,partner,SAAAPnannannannannannannannannannannannannan,5
265,330,before_trills_2022-03-14_10-35-13_0000049_labelled_Nougatti_pheeseq_30.txt,S,A,A,A,P,,,,,,,,,,,,,,before,trills,2022-03-14,10-35-13,Nougatti,2022-03-14 10:35:13,EO/MM,3.0,Odin,6.0,SAAAPnannannannannannannannannannannannannan,SAAAP,1,partner,SAAAPnannannannannannannannannannannannannan,5
266,331,before_trills_2022-03-14_10-35-13_0000049_labelled_Nougatti_pheeseq_24.txt,x,A,A,P,P,,,,,,,,,,,,,,before,trills,2022-03-14,10-35-13,Nougatti,2022-03-14 10:35:13,EO/MM,3.0,Odin,7.0,xAAPPnannannannannannannannannannannannannan,AAPP,1,partner,AAPPnannannannannannannannannannannannannan,4
267,332,before_trills_2022-03-14_10-35-13_0000049_labelled_Nougatti_pheeseq_06.txt,x,A,A,A,P,,,,,,,,,,,,,,before,trills,2022-03-14,10-35-13,Nougatti,2022-03-14 10:35:13,EO/MM,3.0,Odin,8.0,xAAAPnannannannannannannannannannannannannan,AAAP,1,partner,AAAPnannannannannannannannannannannannannan,4
268,333,before_phees_2022-03-14_10-35-12_0000049_labelled_Nougatti_pheeseq_04.txt,x,A,A,A,P,,,,,,,,,,,,,,before,phees,2022-03-14,10-35-12,Nougatti,2022-03-14 10:35:12,EO/MM,3.0,Odin,9.0,xAAAPnannannannannannannannannannannannannan,AAAP,1,partner,AAAPnannannannannannannannannannannannannan,4
269,334,before_trills_2022-03-14_10-35-13_0000049_labelled_Nougatti_pheeseq_89.txt,x,A,A,P,,,,,,,,,,,,,,,before,trills,2022-03-14,10-35-13,Nougatti,2022-03-14 10:35:13,EO/MM,3.0,Odin,10.0,xAAPnannannannannannannannannannannannannannan,AAP,3,partner,AAPnannannannannannannannannannannannannannan,3
270,335,before_phees_2022-03-14_10-35-12_0000049_labelled_Nougatti_pheeseq_13.txt,x,A,A,y,,,,,,,,,,,,,,,before,phees,2022-03-14,10-35-12,Nougatti,2022-03-14 10:35:12,EO/MM,3.0,Odin,13.0,xAAynannannannannannannannannannannannannannan,AA,1,partner,AAnannannannannannannannannannannannannannan,2
271,336,before_phees_2022-03-14_10-35-12_0000049_labelled_Nougatti_pheeseq_16.txt,x,A,A,A,y,,,,,,,,,,,,,,before,phees,2022-03-14,10-35-12,Nougatti,2022-03-14 10:35:12,EO/MM,3.0,Odin,15.0,xAAAynannannannannannannannannannannannannan,AAA,1,partner,AAAnannannannannannannannannannannannannan,3
272,337,before_phees_2022-03-14_13-55-14_0000054_labelled_Nougatti_pheeseq_35.txt,x,A,A,A,y,,,,,,,,,,,,,,before,phees,2022-03-14,13-55-14,Nougatti,2022-03-14 13:55:14,RB/MM,2.0,Wuschel,1.0,xAAAynannannannannannannannannannannannannan,AAA,3,non-partner,AAAnannannannannannannannannannannannannan,3
273,338,before_phees_2022-03-14_13-55-14_0000054_labelled_Nougatti_pheeseq_21.txt,x,A,A,y,,,,,,,,,,,,,,,before,phees,2022-03-14,13-55-14,Nougatti,2022-03-14 13:55:14,RB/MM,2.0,Wuschel,2.0,xAAynannannannannannannannannannannannannannan,AA,1,non-partner,AAnannannannannannannannannannannannannannan,2
274,340,before_phees_2022-03-14_13-55-14_0000054_labelled_Nougatti_pheeseq_34.txt,x,A,A,y,,,,,,,,,,,,,,,before,phees,2022-03-14,13-55-14,Nougatti,2022-03-14 13:55:14,RB/MM,2.0,Wuschel,4.0,xAAynannannannannannannannannannannannannannan,AA,3,non-partner,AAnannannannannannannannannannannannannannan,2
275,341,before_phees_2022-03-14_13-55-14_0000054_labelled_Nougatti_pheeseq_22.txt,x,A,A,A,P,,,,,,,,,,,,,,before,phees,2022-03-14,13-55-14,Nougatti,2022-03-14 13:55:14,RB/MM,2.0,Wuschel,5.0,xAAAPnannannannannannannannannannannannannan,AAAP,1,non-partner,AAAPnannannannannannannannannannannannannan,4
276,342,before_phees_2022-03-14_13-55-14_0000054_labelled_Nougatti_pheeseq_36.txt,x,A,A,y,,,,,,,,,,,,,,,before,phees,2022-03-14,13-55-14,Nougatti,2022-03-14 13:55:14,RB/MM,2.0,Wuschel,6.0,xAAynannannannannannannannannannannannannannan,AA,3,non-partner,AAnannannannannannannannannannannannannannan,2
277,343,before_phees_2022-03-14_13-55-14_0000054_labelled_Nougatti_pheeseq_37.txt,x,A,P,A,y,,,,,,,,,,,,,,before,phees,2022-03-14,13-55-14,Nougatti,2022-03-14 13:55:14,RB/MM,2.0,Wuschel,7.0,xAPAynannannannannannannannannannannannannan,APA,3,non-partner,APAnannannannannannannannannannannannannan,3
278,344,before_phees_2022-03-14_13-55-14_0000054_labelled_Nougatti_pheeseq_23.txt,x,A,A,y,,,,,,,,,,,,,,,before,phees,2022-03-14,13-55-14,Nougatti,2022-03-14 13:55:14,RB/MM,2.0,Wuschel,8.0,xAAynannannannannannannannannannannannannannan,AA,1,non-partner,AAnannannannannannannannannannannannannannan,2
279,345,before_phees_2022-03-14_13-55-14_0000054_labelled_Nougatti_pheeseq_33.txt,x,A,A,y,,,,,,,,,,,,,,,before,phees,2022-03-14,13-55-14,Nougatti,2022-03-14 13:55:14,RB/MM,2.0,Wuschel,9.0,xAAynannannannannannannannannannannannannannan,AA,3,non-partner,AAnannannannannannannannannannannannannannan,2
280,346,before_phees_2022-03-14_13-55-14_0000054_labelled_Nougatti_pheeseq_32.txt,x,A,A,y,,,,,,,,,,,,,,,before,phees,2022-03-14,13-55-14,Nougatti,2022-03-14 13:55:14,RB/MM,2.0,Wuschel,10.0,xAAynannannannannannannannannannannannannannan,AA,3,non-partner,AAnannannannannannannannannannannannannannan,2
281,347,before_phees_2022-03-14_13-55-14_0000054_labelled_Nougatti_pheeseq_26.txt,P,A,A,y,,,,,,,,,,,,,,,before,phees,2022-03-14,13-55-14,Nougatti,2022-03-14 13:55:14,RB/MM,2.0,Wuschel,11.0,PAAynannannannannannannannannannannannannannan,PAA,1,non-partner,PAAnannannannannannannannannannannannannannan,3
282,348,before_phees_2022-03-14_13-55-14_0000054_labelled_Nougatti_pheeseq_30.txt,x,A,A,P,,,,,,,,,,,,,,,before,phees,2022-03-14,13-55-14,Nougatti,2022-03-14 13:55:14,RB/MM,2.0,Wuschel,12.0,xAAPnannannannannannannannannannannannannannan,AAP,1,non-partner,AAPnannannannannannannannannannannannannannan,3
283,349,before_phees_2022-03-14_13-55-14_0000054_labelled_Nougatti_pheeseq_24.txt,x,A,A,y,,,,,,,,,,,,,,,before,phees,2022-03-14,13-55-14,Nougatti,2022-03-14 13:55:14,RB/MM,2.0,Wuschel,13.0,xAAynannannannannannannannannannannannannannan,AA,1,non-partner,AAnannannannannannannannannannannannannannan,2
284,350,before_phees_2022-03-14_13-55-14_0000054_labelled_Nougatti_pheeseq_25.txt,x,A,A,P,P,S,,,,,,,,,,,,,before,phees,2022-03-14,13-55-14,Nougatti,2022-03-14 13:55:14,RB/MM,2.0,Wuschel,14.0,xAAPPSnannannannannannannannannannannannan,AAPPS,1,non-partner,AAPPSnannannannannannannannannannannannan,5
285,351,before_phees_2022-03-14_13-55-14_0000054_labelled_Nougatti_pheeseq_29.txt,x,A,A,A,P,,,,,,,,,,,,,,before,phees,2022-03-14,13-55-14,Nougatti,2022-03-14 13:55:14,RB/MM,2.0,Wuschel,16.0,xAAAPnannannannannannannannannannannannannan,AAAP,1,non-partner,AAAPnannannannannannannannannannannannannan,4
286,352,before_phees_2022-03-14_13-55-14_0000054_labelled_Nougatti_pheeseq_15.txt,x,A,A,P,,,,,,,,,,,,,,,before,phees,2022-03-14,13-55-14,Nougatti,2022-03-14 13:55:14,RB/MM,2.0,Wuschel,17.0,xAAPnannannannannannannannannannannannannannan,AAP,1,non-partner,AAPnannannannannannannannannannannannannannan,3
287,353,before_phees_2022-03-14_13-55-14_0000054_labelled_Nougatti_pheeseq_03.txt,x,A,A,P,,,,,,,,,,,,,,,before,phees,2022-03-14,13-55-14,Nougatti,2022-03-14 13:55:14,RB/MM,2.0,Wuschel,18.0,xAAPnannannannannannannannannannannannannannan,AAP,1,non-partner,AAPnannannannannannannannannannannannannannan,3
288,354,before_phees_2022-03-14_13-55-14_0000054_labelled_Nougatti_pheeseq_06.txt,x,A,A,P,,,,,,,,,,,,,,,before,phees,2022-03-14,13-55-14,Nougatti,2022-03-14 13:55:14,RB/MM,2.0,Wuschel,19.0,xAAPnannannannannannannannannannannannannannan,AAP,1,non-partner,AAPnannannannannannannannannannannannannannan,3
289,355,before_phees_2022-03-14_13-55-14_0000054_labelled_Nougatti_pheeseq_13.txt,x,A,A,A,P,P,,,,,,,,,,,,,before,phees,2022-03-14,13-55-14,Nougatti,2022-03-14 13:55:14,RB/MM,2.0,Wuschel,20.0,xAAAPPnannannannannannannannannannannannan,AAAPP,1,non-partner,AAAPPnannannannannannannannannannannannan,5
290,357,before_phees_2022-03-14_13-55-14_0000054_labelled_Nougatti_pheeseq_38.txt,x,A,A,A,P,,,,,,,,,,,,,,before,phees,2022-03-14,13-55-14,Nougatti,2022-03-14 13:55:14,RB/MM,2.0,Wuschel,22.0,xAAAPnannannannannannannannannannannannannan,AAAP,3,non-partner,AAAPnannannannannannannannannannannannannan,4
291,358,before_trills_2022-03-14_10-35-13_0000049_labelled_Odin_pheeseqX_41.txt,x,A,A,A,P,A,y,,,,,,,,,,,,before,trills,2022-03-14,10-35-13,Odin,2022-03-14 10:35:13,EO/MM,3.0,Nougatti,2.0,xAAAPAynannannannannannannannannannannan,AAAPA,1,partner,AAAPAnannannannannannannannannannannan,5
292,360,before_trills_2022-03-14_10-35-13_0000049_labelled_Odin_pheeseq_92.txt,P,A,y,,,,,,,,,,,,,,,,before,trills,2022-03-14,10-35-13,Odin,2022-03-14 10:35:13,EO/MM,3.0,Nougatti,5.0,PAynannannannannannannannannannannannannannannan,PA,3,partner,PAnannannannannannannannannannannannannannannan,2
293,361,before_phees_2022-03-14_10-35-12_0000049_labelled_Odin_pheeseq_02.txt,x,A,A,A,A,y,,,,,,,,,,,,,before,phees,2022-03-14,10-35-12,Odin,2022-03-14 10:35:12,EO/MM,3.0,Nougatti,6.0,xAAAAynannannannannannannannannannannannan,AAAA,1,partner,AAAAnannannannannannannannannannannannan,4
294,362,before_phees_2022-03-14_10-35-12_0000049_labelled_Odin_pheeseq_01.txt,x,A,A,A,A,A,y,,,,,,,,,,,,before,phees,2022-03-14,10-35-12,Odin,2022-03-14 10:35:12,EO/MM,3.0,Nougatti,7.0,xAAAAAynannannannannannannannannannannan,AAAAA,1,partner,AAAAAnannannannannannannannannannannan,5
295,364,before_phees_2022-03-14_10-35-12_0000049_labelled_Odin_pheeseq_14.txt,S,S,R,A,A,y,,,,,,,,,,,,,before,phees,2022-03-14,10-35-12,Odin,2022-03-14 10:35:12,EO/MM,3.0,Nougatti,9.0,SSRAAynannannannannannannannannannannannan,SSRAA,1,partner,SSRAAnannannannannannannannannannannannan,5
296,365,before_trills_2022-03-14_10-35-13_0000049_labelled_Odin_pheeseq_31.txt,x,A,A,y,,,,,,,,,,,,,,,before,trills,2022-03-14,10-35-13,Odin,2022-03-14 10:35:13,EO/MM,3.0,Nougatti,10.0,xAAynannannannannannannannannannannannannannan,AA,1,partner,AAnannannannannannannannannannannannannannan,2
297,367,before_phees_2022-03-14_10-35-12_0000049_labelled_Odin_pheeseq_11.txt,x,A,A,y,,,,,,,,,,,,,,,before,phees,2022-03-14,10-35-12,Odin,2022-03-14 10:35:12,EO/MM,3.0,Nougatti,14.0,xAAynannannannannannannannannannannannannannan,AA,1,partner,AAnannannannannannannannannannannannannannan,2
298,368,before_phees_2022-03-14_10-35-12_0000049_labelled_Odin_pheeseq_07.txt,x,A,A,y,,,,,,,,,,,,,,,before,phees,2022-03-14,10-35-12,Odin,2022-03-14 10:35:12,EO/MM,3.0,Nougatti,15.0,xAAynannannannannannannannannannannannannannan,AA,1,partner,AAnannannannannannannannannannannannannannan,2
299,369,before_trills_2022-03-14_10-35-13_0000049_labelled_Odin_pheeseq_17.txt,S,R,A,A,y,,,,,,,,,,,,,,before,trills,2022-03-14,10-35-13,Odin,2022-03-14 10:35:13,EO/MM,3.0,Nougatti,18.0,SRAAynannannannannannannannannannannannannan,SRAA,1,partner,SRAAnannannannannannannannannannannannannan,4
300,370,before_phees_2022-03-14_10-35-12_0000049_labelled_Odin_pheeseq_21.txt,S,S,A,A,y,,,,,,,,,,,,,,before,phees,2022-03-14,10-35-12,Odin,2022-03-14 10:35:12,EO/MM,3.0,Nougatti,20.0,SSAAynannannannannannannannannannannannannan,SSAA,1,partner,SSAAnannannannannannannannannannannannannan,4
301,371,before_trills_2022-03-14_10-35-13_0000049_labelled_Odin_pheeseq_28.txt,x,R,A,y,,,,,,,,,,,,,,,before,trills,2022-03-14,10-35-13,Odin,2022-03-14 10:35:13,EO/MM,3.0,Nougatti,22.0,xRAynannannannannannannannannannannannannannan,RA,1,partner,RAnannannannannannannannannannannannannannan,2
302,372,before_phees_2022-03-14_10-35-12_0000049_labelled_Odin_pheeseq_25.txt,x,R,A,y,,,,,,,,,,,,,,,before,phees,2022-03-14,10-35-12,Odin,2022-03-14 10:35:12,EO/MM,3.0,Nougatti,23.0,xRAynannannannannannannannannannannannannannan,RA,1,partner,RAnannannannannannannannannannannannannannan,2
303,373,before_phees_2022-03-14_10-35-12_0000049_labelled_Odin_pheeseq_19.txt,x,R,A,A,y,,,,,,,,,,,,,,before,phees,2022-03-14,10-35-12,Odin,2022-03-14 10:35:12,EO/MM,3.0,Nougatti,24.0,xRAAynannannannannannannannannannannannannan,RAA,1,partner,RAAnannannannannannannannannannannannannan,3
304,375,before_phees_2022-03-14_10-35-12_0000049_labelled_Odin_pheeseq_30.txt,x,A,A,y,,,,,,,,,,,,,,,before,phees,2022-03-14,10-35-12,Odin,2022-03-14 10:35:12,EO/MM,3.0,Nougatti,26.0,xAAynannannannannannannannannannannannannannan,AA,1,partner,AAnannannannannannannannannannannannannannan,2
305,376,before_trills_2022-03-14_10-35-13_0000049_labelled_Odin_pheeseq_05.txt,x,R,A,A,y,,,,,,,,,,,,,,before,trills,2022-03-14,10-35-13,Odin,2022-03-14 10:35:13,EO/MM,3.0,Nougatti,27.0,xRAAynannannannannannannannannannannannannan,RAA,1,partner,RAAnannannannannannannannannannannannannan,3
306,377,before_phees_2022-03-14_10-35-12_0000049_labelled_Odin_pheeseq_26.txt,x,R,A,A,y,,,,,,,,,,,,,,before,phees,2022-03-14,10-35-12,Odin,2022-03-14 10:35:12,EO/MM,3.0,Nougatti,28.0,xRAAynannannannannannannannannannannannannan,RAA,1,partner,RAAnannannannannannannannannannannannannan,3
307,379,before_phees_2022-03-14_10-35-12_0000049_labelled_Odin_pheeseq_40.txt,x,R,A,y,,,,,,,,,,,,,,,before,phees,2022-03-14,10-35-12,Odin,2022-03-14 10:35:12,EO/MM,3.0,Nougatti,31.0,xRAynannannannannannannannannannannannannannan,RA,3,partner,RAnannannannannannannannannannannannannannan,2
308,380,before_phees_2022-03-14_10-35-12_0000049_labelled_Odin_pheeseq_41.txt,x,R,A,y,,,,,,,,,,,,,,,before,phees,2022-03-14,10-35-12,Odin,2022-03-14 10:35:12,EO/MM,3.0,Nougatti,32.0,xRAynannannannannannannannannannannannannannan,RA,3,partner,RAnannannannannannannannannannannannannannan,2
309,381,before_trills_2022-03-14_10-35-13_0000049_labelled_Odin_pheeseq_98.txt,x,A,A,y,,,,,,,,,,,,,,,before,trills,2022-03-14,10-35-13,Odin,2022-03-14 10:35:13,EO/MM,3.0,Nougatti,33.0,xAAynannannannannannannannannannannannannannan,AA,3,partner,AAnannannannannannannannannannannannannannan,2
310,384,before_trills_2022-03-14_10-35-13_0000049_labelled_Odin_pheeseq_102.txt,x,A,P,,,,,,,,,,,,,,,,before,trills,2022-03-14,10-35-13,Odin,2022-03-14 10:35:13,EO/MM,3.0,Nougatti,36.0,xAPnannannannannannannannannannannannannannannan,AP,3,partner,APnannannannannannannannannannannannannannannan,2
311,387,before_phees_2022-03-14_13-20-47_0000053_labelled_Odin_pheeseq_18.txt,x,A,A,A,P,P,P,P,P,T,,,,,,,,,before,phees,2022-03-14,13-20-47,Odin,2022-03-14 13:20:47,RB/MM,4.0,Olympia,4.0,xAAAPPPPPTnannannannannannannannan,AAAPPPPPT,1,non-partner,AAAPPPPPTnannannannannannannannan,9
312,388,before_phees_2022-03-14_13-20-47_0000053_labelled_Odin_pheeseq_35.txt,S,P,A,A,A,A,T,T,,,,,,,,,,,before,phees,2022-03-14,13-20-47,Odin,2022-03-14 13:20:47,RB/MM,4.0,Olympia,5.0,SPAAAATTnannannannannannannannannannan,SPAAAATT,1,non-partner,SPAAAATTnannannannannannannannannannan,8
313,390,before_phees_2022-03-14_13-20-47_0000053_labelled_Odin_pheeseq_34.txt,x,A,A,A,y,,,,,,,,,,,,,,before,phees,2022-03-14,13-20-47,Odin,2022-03-14 13:20:47,RB/MM,4.0,Olympia,7.0,xAAAynannannannannannannannannannannannannan,AAA,1,non-partner,AAAnannannannannannannannannannannannannan,3
314,391,before_phees_2022-03-14_13-20-47_0000053_labelled_Odin_pheeseq_44.txt,x,A,A,A,K,,,,,,,,,,,,,,before,phees,2022-03-14,13-20-47,Odin,2022-03-14 13:20:47,RB/MM,4.0,Olympia,9.0,xAAAKnannannannannannannannannannannannannan,AAAK,3,non-partner,AAAKnannannannannannannannannannannannannan,4
315,392,before_phees_2022-03-14_13-20-47_0000053_labelled_Odin_pheeseq_45.txt,x,A,P,P,A,A,A,P,A,y,,,,,,,,,before,phees,2022-03-14,13-20-47,Odin,2022-03-14 13:20:47,RB/MM,4.0,Olympia,10.0,xAPPAAAPAynannannannannannannannan,APPAAAPA,3,non-partner,APPAAAPAnannannannannannannannan,8
316,393,before_phees_2022-03-14_13-20-47_0000053_labelled_Odin_pheeseq_47.txt,x,A,P,P,A,P,A,A,y,,,,,,,,,,before,phees,2022-03-14,13-20-47,Odin,2022-03-14 13:20:47,RB/MM,4.0,Olympia,11.0,xAPPAPAAynannannannannannannannannan,APPAPAA,3,non-partner,APPAPAAnannannannannannannannannan,7
317,394,before_phees_2022-03-14_13-20-47_0000053_labelled_Odin_pheeseq_46.txt,x,A,P,P,P,A,P,A,A,y,,,,,,,,,before,phees,2022-03-14,13-20-47,Odin,2022-03-14 13:20:47,RB/MM,4.0,Olympia,13.0,xAPPPAPAAynannannannannannannannan,APPPAPAA,3,non-partner,APPPAPAAnannannannannannannannan,8
318,395,before_phees_2022-03-14_13-20-47_0000053_labelled_Odin_pheeseq_49.txt,x,A,A,A,A,y,,,,,,,,,,,,,before,phees,2022-03-14,13-20-47,Odin,2022-03-14 13:20:47,RB/MM,4.0,Olympia,15.0,xAAAAynannannannannannannannannannannannan,AAAA,3,non-partner,AAAAnannannannannannannannannannannannan,4
319,397,before_phees_2022-03-14_13-20-47_0000053_labelled_Odin_pheeseq_05.txt,x,A,P,P,A,P,A,A,A,K,,,,,,,,,before,phees,2022-03-14,13-20-47,Odin,2022-03-14 13:20:47,RB/MM,4.0,Olympia,17.0,xAPPAPAAAKnannannannannannannan,APPAPAAAK,1,non-partner,APPAPAAAKnannannannannannannan,9
320,399,before_phees_2022-03-14_13-20-47_0000053_labelled_Odin_pheeseq_10.txt,x,A,P,A,A,P,P,A,y,,,,,,,,,,before,phees,2022-03-14,13-20-47,Odin,2022-03-14 13:20:47,RB/MM,4.0,Olympia,19.0,xAPAAPPAynannannannannannannannannan,APAAPPA,1,non-partner,APAAPPAnannannannannannannannannan,7
321,400,before_phees_2022-03-14_13-20-47_0000053_labelled_Odin_pheeseq_04.txt,x,A,P,A,A,A,y,,,,,,,,,,,,before,phees,2022-03-14,13-20-47,Odin,2022-03-14 13:20:47,RB/MM,4.0,Olympia,20.0,xAPAAAynannannannannannannannannannannan,APAAA,1,non-partner,APAAAnannannannannannannannannannannan,5
322,401,before_phees_2022-03-14_13-20-47_0000053_labelled_Odin_pheeseq_15.txt,x,A,A,A,y,,,,,,,,,,,,,,before,phees,2022-03-14,13-20-47,Odin,2022-03-14 13:20:47,RB/MM,4.0,Olympia,21.0,xAAAynannannannannannannannannannannannannan,AAA,1,non-partner,AAAnannannannannannannannannannannannannan,3
323,402,before_phees_2022-03-14_13-20-47_0000053_labelled_Odin_pheeseq_01.txt,x,A,P,P,,,,,,,,,,,,,,,before,phees,2022-03-14,13-20-47,Odin,2022-03-14 13:20:47,RB/MM,4.0,Olympia,22.0,xAPPnannannannannannannannannannannannannannan,APP,1,non-partner,APPnannannannannannannannannannannannannannan,3
324,404,before_phees_2022-03-14_13-20-47_0000053_labelled_Olympia_pheeseq_48.txt,x,A,A,y,,,,,,,,,,,,,,,before,phees,2022-03-14,13-20-47,Olympia,2022-03-14 13:20:47,RB/MM,4.0,Odin,1.0,xAAynannannannannannannannannannannannannannan,AA,3,non-partner,AAnannannannannannannannannannannannannannan,2
325,405,before_phees_2022-03-14_13-20-47_0000053_labelled_Olympia_pheeseq_11.txt,x,A,A,y,,,,,,,,,,,,,,,before,phees,2022-03-14,13-20-47,Olympia,2022-03-14 13:20:47,RB/MM,4.0,Odin,3.0,xAAynannannannannannannannannannannannannannan,AA,1,non-partner,AAnannannannannannannannannannannannannannan,2
326,406,before_phees_2022-03-14_13-20-47_0000053_labelled_Olympia_pheeseq_50.txt,x,A,A,A,y,,,,,,,,,,,,,,before,phees,2022-03-14,13-20-47,Olympia,2022-03-14 13:20:47,RB/MM,4.0,Odin,4.0,xAAAynannannannannannannannannannannannannan,AAA,3,non-partner,AAAnannannannannannannannannannannannannan,3
327,408,before_phees_2022-03-14_09-26-36_0000046_labelled_Olympia_pheeseq_01.txt,x,A,A,y,,,,,,,,,,,,,,,before,phees,2022-03-14,09-26-36,Olympia,2022-03-14 09:26:36,EO/MM,3.0,Wuschel,3.0,xAAynannannannannannannannannannannannannannan,AA,1,partner,AAnannannannannannannannannannannannannannan,2
328,409,before_phees_2022-03-14_09-26-36_0000046_labelled_Olympia_pheeseq_02.txt,x,A,A,P,,,,,,,,,,,,,,,before,phees,2022-03-14,09-26-36,Olympia,2022-03-14 09:26:36,EO/MM,3.0,Wuschel,4.0,xAAPnannannannannannannannannannannannannannan,AAP,1,partner,AAPnannannannannannannannannannannannannannan,3
329,410,before_phees_2022-03-14_09-26-36_0000046_labelled_Olympia_pheeseq_03.txt,x,A,A,y,,,,,,,,,,,,,,,before,phees,2022-03-14,09-26-36,Olympia,2022-03-14 09:26:36,EO/MM,3.0,Wuschel,5.0,xAAynannannannannannannannannannannannannannan,AA,1,partner,AAnannannannannannannannannannannannannannan,2
330,411,before_phees_2022-03-14_09-26-36_0000046_labelled_Olympia_pheeseq_20.txt,x,A,A,A,y,,,,,,,,,,,,,,before,phees,2022-03-14,09-26-36,Olympia,2022-03-14 09:26:36,EO/MM,3.0,Wuschel,6.0,xAAAynannannannannannannannannannannannannan,AAA,3,partner,AAAnannannannannannannannannannannannannan,3
331,412,before_phees_2022-03-14_09-26-36_0000046_labelled_Olympia_pheeseq_26.txt,x,A,P,P,A,A,y,,,,,,,,,,,,before,phees,2022-03-14,09-26-36,Olympia,2022-03-14 09:26:36,EO/MM,3.0,Wuschel,7.0,xAPPAAynannannannannannannannannannannan,APPAA,3,partner,APPAAnannannannannannannannannannannan,5
332,413,before_phees_2022-03-14_09-26-36_0000046_labelled_Olympia_pheeseq_32.txt,x,A,A,y,,,,,,,,,,,,,,,before,phees,2022-03-14,09-26-36,Olympia,2022-03-14 09:26:36,EO/MM,3.0,Wuschel,8.0,xAAynannannannannannannannannannannannannannan,AA,3,partner,AAnannannannannannannannannannannannannannan,2
333,414,before_phees_2022-03-14_09-26-36_0000046_labelled_Olympia_pheeseq_25.txt,x,A,A,y,,,,,,,,,,,,,,,before,phees,2022-03-14,09-26-36,Olympia,2022-03-14 09:26:36,EO/MM,3.0,Wuschel,9.0,xAAynannannannannannannannannannannannannannan,AA,3,partner,AAnannannannannannannannannannannannannannan,2
334,415,before_phees_2022-03-14_09-26-36_0000046_labelled_Olympia_pheeseq_19.txt,x,A,A,y,,,,,,,,,,,,,,,before,phees,2022-03-14,09-26-36,Olympia,2022-03-14 09:26:36,EO/MM,3.0,Wuschel,10.0,xAAynannannannannannannannannannannannannannan,AA,3,partner,AAnannannannannannannannannannannannannannan,2
335,416,before_phees_2022-03-14_09-26-36_0000046_labelled_Olympia_pheeseq_30.txt,x,A,A,y,,,,,,,,,,,,,,,before,phees,2022-03-14,09-26-36,Olympia,2022-03-14 09:26:36,EO/MM,3.0,Wuschel,11.0,xAAynannannannannannannannannannannannannannan,AA,3,partner,AAnannannannannannannannannannannannannannan,2
336,420,before_trills_2022-03-14_13-55-15_0000054_labelled_Wuschel_pheeseq_52.txt,x,A,A,y,,,,,,,,,,,,,,,before,trills,2022-03-14,13-55-15,Wuschel,2022-03-14 13:55:15,RB/MM,2.0,Nougatti,4.0,xAAynannannannannannannannannannannannannannan,AA,3,non-partner,AAnannannannannannannannannannannannannannan,2
337,421,before_trills_2022-03-14_13-55-15_0000054_labelled_Wuschel_pheeseq_57.txt,x,R,A,y,,,,,,,,,,,,,,,before,trills,2022-03-14,13-55-15,Wuschel,2022-03-14 13:55:15,RB/MM,2.0,Nougatti,5.0,xRAynannannannannannannannannannannannannannan,RA,3,non-partner,RAnannannannannannannannannannannannannannan,2
338,422,before_trills_2022-03-14_13-55-15_0000054_labelled_Wuschel_pheeseq_55.txt,x,A,A,y,,,,,,,,,,,,,,,before,trills,2022-03-14,13-55-15,Wuschel,2022-03-14 13:55:15,RB/MM,2.0,Nougatti,6.0,xAAynannannannannannannannannannannannannannan,AA,3,non-partner,AAnannannannannannannannannannannannannannan,2
339,423,before_phees_2022-03-14_13-55-14_0000054_labelled_Wuschel_pheeseq_12.txt,x,A,A,y,,,,,,,,,,,,,,,before,phees,2022-03-14,13-55-14,Wuschel,2022-03-14 13:55:14,RB/MM,2.0,Nougatti,7.0,xAAynannannannannannannannannannannannannannan,AA,1,non-partner,AAnannannannannannannannannannannannannannan,2
340,424,before_phees_2022-03-14_13-55-14_0000054_labelled_Wuschel_pheeseq_14.txt,x,A,A,A,P,,,,,,,,,,,,,,before,phees,2022-03-14,13-55-14,Wuschel,2022-03-14 13:55:14,RB/MM,2.0,Nougatti,8.0,xAAAPnannannannannannannannannannannannannan,AAAP,1,non-partner,AAAPnannannannannannannannannannannannannan,4
341,425,before_phees_2022-03-14_13-55-14_0000054_labelled_Wuschel_pheeseq_02.txt,x,A,A,y,,,,,,,,,,,,,,,before,phees,2022-03-14,13-55-14,Wuschel,2022-03-14 13:55:14,RB/MM,2.0,Nougatti,9.0,xAAynannannannannannannannannannannannannannan,AA,1,non-partner,AAnannannannannannannannannannannannannannan,2
342,426,before_trills_2022-03-14_13-55-15_0000054_labelled_Wuschel_pheeseq_13.txt,x,R,A,y,,,,,,,,,,,,,,,before,trills,2022-03-14,13-55-15,Wuschel,2022-03-14 13:55:15,RB/MM,2.0,Nougatti,10.0,xRAynannannannannannannannannannannannannannan,RA,1,non-partner,RAnannannannannannannannannannannannannannan,2
343,427,before_trills_2022-03-14_13-55-15_0000054_labelled_Wuschel_pheeseq_12.txt,x,A,A,y,,,,,,,,,,,,,,,before,trills,2022-03-14,13-55-15,Wuschel,2022-03-14 13:55:15,RB/MM,2.0,Nougatti,11.0,xAAynannannannannannannannannannannannannannan,AA,1,non-partner,AAnannannannannannannannannannannannannannan,2
344,428,before_trills_2022-03-14_13-55-15_0000054_labelled_Wuschel_pheeseq_05.txt,x,A,A,P,P,,,,,,,,,,,,,,before,trills,2022-03-14,13-55-15,Wuschel,2022-03-14 13:55:15,RB/MM,2.0,Nougatti,12.0,xAAPPnannannannannannannannannannannannannan,AAPP,1,non-partner,AAPPnannannannannannannannannannannannannan,4
345,431,before_trills_2022-03-14_13-55-15_0000054_labelled_Wuschel_pheeseq_15.txt,x,A,A,y,,,,,,,,,,,,,,,before,trills,2022-03-14,13-55-15,Wuschel,2022-03-14 13:55:15,RB/MM,2.0,Nougatti,15.0,xAAynannannannannannannannannannannannannannan,AA,1,non-partner,AAnannannannannannannannannannannannannannan,2
346,432,before_phees_2022-03-14_09-26-36_0000046_labelled_Wuschel_pheeseq_21.txt,x,A,A,K,,,,,,,,,,,,,,,before,phees,2022-03-14,09-26-36,Wuschel,2022-03-14 09:26:36,EO/MM,3.0,Olympia,1.0,xAAKnannannannannannannannannannannannannannan,AAK,3,partner,AAKnannannannannannannannannannannannannannan,3
347,433,before_phees_2022-03-14_09-26-36_0000046_labelled_Wuschel_pheeseq_23.txt,x,A,A,y,,,,,,,,,,,,,,,before,phees,2022-03-14,09-26-36,Wuschel,2022-03-14 09:26:36,EO/MM,3.0,Olympia,2.0,xAAynannannannannannannannannannannannannannan,AA,3,partner,AAnannannannannannannannannannannannannannan,2
348,434,before_phees_2022-03-14_09-26-36_0000046_labelled_Wuschel_pheeseq_22.txt,x,A,A,K,,,,,,,,,,,,,,,before,phees,2022-03-14,09-26-36,Wuschel,2022-03-14 09:26:36,EO/MM,3.0,Olympia,3.0,xAAKnannannannannannannannannannannannannannan,AAK,3,partner,AAKnannannannannannannannannannannannannannan,3
349,435,before_phees_2022-03-14_09-26-36_0000046_labelled_Wuschel_pheeseq_27.txt,x,A,A,P,S,,,,,,,,,,,,,,before,phees,2022-03-14,09-26-36,Wuschel,2022-03-14 09:26:36,EO/MM,3.0,Olympia,4.0,xAAPSnannannannannannannannannannannannannan,AAPS,3,partner,AAPSnannannannannannannannannannannannannan,4
350,436,before_phees_2022-03-14_09-26-36_0000046_labelled_Wuschel_pheeseq_24.txt,x,A,A,P,K,,,,,,,,,,,,,,before,phees,2022-03-14,09-26-36,Wuschel,2022-03-14 09:26:36,EO/MM,3.0,Olympia,5.0,xAAPKnannannannannannannannannannannannannan,AAPK,3,partner,AAPKnannannannannannannannannannannannannan,4
351,437,before_phees_2022-03-14_09-26-36_0000046_labelled_Wuschel_phee_18.txt,x,A,K,,,,,,,,,,,,,,,,before,phees,2022-03-14,09-26-36,Wuschel,2022-03-14 09:26:36,EO/MM,3.0,Olympia,6.0,xAKnannannannannannannannannannannannannannannan,AK,3,partner,AKnannannannannannannannannannannannannannannan,2
352,438,before_trills_2022-03-14_09-26-37_0000046_labelled_Wuschel_pheeseq_02.txt,x,A,A,A,P,,,,,,,,,,,,,,before,trills,2022-03-14,09-26-37,Wuschel,2022-03-14 09:26:37,EO/MM,3.0,Olympia,8.0,xAAAPnannannannannannannannannannannannannan,AAAP,1,partner,AAAPnannannannannannannannannannannannannan,4
353,439,before_trills_2022-03-14_09-26-37_0000046_labelled_Wuschel_pheeseq_06.txt,x,A,A,A,P,,,,,,,,,,,,,,before,trills,2022-03-14,09-26-37,Wuschel,2022-03-14 09:26:37,EO/MM,3.0,Olympia,9.0,xAAAPnannannannannannannannannannannannannan,AAAP,1,partner,AAAPnannannannannannannannannannannannannan,4
354,440,before_trills_2022-03-14_09-26-37_0000046_labelled_Wuschel_pheeseq_04.txt,x,A,A,A,P,,,,,,,,,,,,,,before,trills,2022-03-14,09-26-37,Wuschel,2022-03-14 09:26:37,EO/MM,3.0,Olympia,10.0,xAAAPnannannannannannannannannannannannannan,AAAP,1,partner,AAAPnannannannannannannannannannannannannan,4
355,441,before_trills_2022-03-14_09-26-37_0000046_labelled_Wuschel_pheeseq_05.txt,x,A,A,A,P,,,,,,,,,,,,,,before,trills,2022-03-14,09-26-37,Wuschel,2022-03-14 09:26:37,EO/MM,3.0,Olympia,11.0,xAAAPnannannannannannannannannannannannannan,AAAP,1,partner,AAAPnannannannannannannannannannannannannan,4
356,442,before_phees_2022-03-14_09-26-36_0000046_labelled_Wuschel_pheeseq_28.txt,x,A,A,y,,,,,,,,,,,,,,,before,phees,2022-03-14,09-26-36,Wuschel,2022-03-14 09:26:36,EO/MM,3.0,Olympia,12.0,xAAynannannannannannannannannannannannannannan,AA,3,partner,AAnannannannannannannannannannannannannannan,2
357,443,before_trills_2022-03-15_09-35-25_0000056_labelled_Lola_pheeseq_14.txt,x,R,P,P,,,,,,,,,,,,,,,before,trills,2022-03-15,09-35-25,Lola,2022-03-15 09:35:25,EO/MM,4.0,Wuschel,1.0,xRPPnannannannannannannannannannannannannannan,RPP,3,non-partner,RPPnannannannannannannannannannannannannannan,3
358,444,before_trills_2022-03-15_09-35-25_0000056_labelled_Lola_pheeseq_14.txt,x,R,P,P,,,,,,,,,,,,,,,before,trills,2022-03-15,09-35-25,Lola,2022-03-15 09:35:25,EO/MM,4.0,Wuschel,2.0,xRPPnannannannannannannannannannannannannannan,RPP,3,non-partner,RPPnannannannannannannannannannannannannannan,3
359,445,before_phees_2022-03-15_09-35-25_0000056_labelled_Lola_pheeseq_05.txt,x,A,A,P,,,,,,,,,,,,,,,before,phees,2022-03-15,09-35-25,Lola,2022-03-15 09:35:25,EO/MM,4.0,Wuschel,3.0,xAAPnannannannannannannannannannannannannannan,AAP,1,non-partner,AAPnannannannannannannannannannannannannannan,3
360,446,before_phees_2022-03-15_09-35-25_0000056_labelled_Lola_pheeseq_05.txt,x,A,A,P,,,,,,,,,,,,,,,before,phees,2022-03-15,09-35-25,Lola,2022-03-15 09:35:25,EO/MM,4.0,Wuschel,4.0,xAAPnannannannannannannannannannannannannannan,AAP,1,non-partner,AAPnannannannannannannannannannannannannannan,3
361,447,before_phees_2022-03-15_09-35-25_0000056_labelled_Lola_pheeseq_04.txt,x,A,A,y,,,,,,,,,,,,,,,before,phees,2022-03-15,09-35-25,Lola,2022-03-15 09:35:25,EO/MM,4.0,Wuschel,5.0,xAAynannannannannannannannannannannannannannan,AA,1,non-partner,AAnannannannannannannannannannannannannannan,2
362,448,before_phees_2022-03-15_09-35-25_0000056_labelled_Lola_pheeseq_04.txt,x,A,A,y,,,,,,,,,,,,,,,before,phees,2022-03-15,09-35-25,Lola,2022-03-15 09:35:25,EO/MM,4.0,Wuschel,6.0,xAAynannannannannannannannannannannannannannan,AA,1,non-partner,AAnannannannannannannannannannannannannannan,2
363,451,before_phees_2022-03-15_09-35-25_0000056_labelled_Lola_pheeseq_01.txt,x,A,A,y,,,,,,,,,,,,,,,before,phees,2022-03-15,09-35-25,Lola,2022-03-15 09:35:25,EO/MM,4.0,Wuschel,9.0,xAAynannannannannannannannannannannannannannan,AA,1,non-partner,AAnannannannannannannannannannannannannannan,2
364,452,before_phees_2022-03-15_09-35-25_0000056_labelled_Lola_pheeseq_01.txt,x,A,A,y,,,,,,,,,,,,,,,before,phees,2022-03-15,09-35-25,Lola,2022-03-15 09:35:25,EO/MM,4.0,Wuschel,10.0,xAAynannannannannannannannannannannannannannan,AA,1,non-partner,AAnannannannannannannannannannannannannannan,2
365,453,before_phees_2022-03-15_09-35-25_0000056_labelled_Lola_pheeseq_03.txt,x,A,A,y,,,,,,,,,,,,,,,before,phees,2022-03-15,09-35-25,Lola,2022-03-15 09:35:25,EO/MM,4.0,Wuschel,11.0,xAAynannannannannannannannannannannannannannan,AA,1,non-partner,AAnannannannannannannannannannannannannannan,2
366,454,before_phees_2022-03-15_09-35-25_0000056_labelled_Lola_pheeseq_03.txt,x,A,A,y,,,,,,,,,,,,,,,before,phees,2022-03-15,09-35-25,Lola,2022-03-15 09:35:25,EO/MM,4.0,Wuschel,12.0,xAAynannannannannannannannannannannannannannan,AA,1,non-partner,AAnannannannannannannannannannannannannannan,2
367,455,before_phees_2022-03-15_09-35-25_0000056_labelled_Lola_pheeseq_02.txt,x,A,A,y,,,,,,,,,,,,,,,before,phees,2022-03-15,09-35-25,Lola,2022-03-15 09:35:25,EO/MM,4.0,Wuschel,13.0,xAAynannannannannannannannannannannannannannan,AA,1,non-partner,AAnannannannannannannannannannannannannannan,2
368,456,before_phees_2022-03-15_09-35-25_0000056_labelled_Lola_pheeseq_02.txt,x,A,A,y,,,,,,,,,,,,,,,before,phees,2022-03-15,09-35-25,Lola,2022-03-15 09:35:25,EO/MM,4.0,Wuschel,14.0,xAAynannannannannannannannannannannannannannan,AA,1,non-partner,AAnannannannannannannannannannannannannannan,2
369,457,before_trills_2022-03-15_13-18-10_0000060_labelled_Nougatti_pheeseq_48.txt,x,R,P,,,,,,,,,,,,,,,,before,trills,2022-03-15,13-18-10,Nougatti,2022-03-15 13:18:10,EO/MM,4.0,Odin,1.0,xRPnannannannannannannannannannannannannannannan,RP,1,partner,RPnannannannannannannannannannannannannannannan,2
370,458,before_trills_2022-03-15_13-18-10_0000060_labelled_Nougatti_pheeseq_48.txt,x,R,P,,,,,,,,,,,,,,,,before,trills,2022-03-15,13-18-10,Nougatti,2022-03-15 13:18:10,EO/MM,4.0,Odin,2.0,xRPnannannannannannannannannannannannannannannan,RP,1,partner,RPnannannannannannannannannannannannannannannan,2
371,459,before_trills_2022-03-15_13-18-10_0000060_labelled_Nougatti_pheeseq_99.txt,x,A,P,P,,,,,,,,,,,,,,,before,trills,2022-03-15,13-18-10,Nougatti,2022-03-15 13:18:10,EO/MM,4.0,Odin,3.0,xAPPnannannannannannannannannannannannannannan,APP,3,partner,APPnannannannannannannannannannannannannannan,3
372,460,before_trills_2022-03-15_13-18-10_0000060_labelled_Nougatti_pheeseq_99.txt,x,A,P,P,,,,,,,,,,,,,,,before,trills,2022-03-15,13-18-10,Nougatti,2022-03-15 13:18:10,EO/MM,4.0,Odin,4.0,xAPPnannannannannannannannannannannannannannan,APP,3,partner,APPnannannannannannannannannannannannannannan,3
373,463,before_trills_2022-03-15_13-18-10_0000060_labelled_Nougatti_pheeseq_03.txt,x,A,P,,,,,,,,,,,,,,,,before,trills,2022-03-15,13-18-10,Nougatti,2022-03-15 13:18:10,EO/MM,4.0,Odin,7.0,xAPnannannannannannannannannannannannannannannan,AP,1,partner,APnannannannannannannannannannannannannannannan,2
374,464,before_trills_2022-03-15_13-18-10_0000060_labelled_Nougatti_pheeseq_03.txt,x,A,P,,,,,,,,,,,,,,,,before,trills,2022-03-15,13-18-10,Nougatti,2022-03-15 13:18:10,EO/MM,4.0,Odin,8.0,xAPnannannannannannannannannannannannannannannan,AP,1,partner,APnannannannannannannannannannannannannannannan,2
375,465,before_trills_2022-03-15_13-18-10_0000060_labelled_Nougatti_pheeseq_14.txt,x,A,A,A,P,,,,,,,,,,,,,,before,trills,2022-03-15,13-18-10,Nougatti,2022-03-15 13:18:10,EO/MM,4.0,Odin,9.0,xAAAPnannannannannannannannannannannannannan,AAAP,1,partner,AAAPnannannannannannannannannannannannannan,4
376,466,before_trills_2022-03-15_13-18-10_0000060_labelled_Nougatti_pheeseq_14.txt,x,A,A,A,P,,,,,,,,,,,,,,before,trills,2022-03-15,13-18-10,Nougatti,2022-03-15 13:18:10,EO/MM,4.0,Odin,10.0,xAAAPnannannannannannannannannannannannannan,AAAP,1,partner,AAAPnannannannannannannannannannannannannan,4
377,469,before_trills_2022-03-15_13-18-10_0000060_labelled_Nougatti_pheeseq_35.txt,x,A,P,P,,,,,,,,,,,,,,,before,trills,2022-03-15,13-18-10,Nougatti,2022-03-15 13:18:10,EO/MM,4.0,Odin,13.0,xAPPnannannannannannannannannannannannannannan,APP,1,partner,APPnannannannannannannannannannannannannannan,3
378,470,before_trills_2022-03-15_13-18-10_0000060_labelled_Nougatti_pheeseq_35.txt,x,A,P,P,,,,,,,,,,,,,,,before,trills,2022-03-15,13-18-10,Nougatti,2022-03-15 13:18:10,EO/MM,4.0,Odin,14.0,xAPPnannannannannannannannannannannannannannan,APP,1,partner,APPnannannannannannannannannannannannannannan,3
379,471,before_trills_2022-03-15_13-18-10_0000060_labelled_Nougatti_pheeseq_105.txt,x,P,P,,,,,,,,,,,,,,,,before,trills,2022-03-15,13-18-10,Nougatti,2022-03-15 13:18:10,EO/MM,4.0,Odin,15.0,xPPnannannannannannannannannannannannannannannan,PP,3,partner,PPnannannannannannannannannannannannannannannan,2
380,472,before_trills_2022-03-15_13-18-10_0000060_labelled_Nougatti_pheeseq_105.txt,x,P,P,,,,,,,,,,,,,,,,before,trills,2022-03-15,13-18-10,Nougatti,2022-03-15 13:18:10,EO/MM,4.0,Odin,16.0,xPPnannannannannannannannannannannannannannannan,PP,3,partner,PPnannannannannannannannannannannannannannannan,2
381,473,before_trills_2022-03-15_13-18-10_0000060_labelled_Nougatti_pheeseq_27.txt,x,A,A,P,,,,,,,,,,,,,,,before,trills,2022-03-15,13-18-10,Nougatti,2022-03-15 13:18:10,EO/MM,4.0,Odin,17.0,xAAPnannannannannannannannannannannannannannan,AAP,1,partner,AAPnannannannannannannannannannannannannannan,3
382,474,before_trills_2022-03-15_13-18-10_0000060_labelled_Nougatti_pheeseq_27.txt,x,A,A,P,,,,,,,,,,,,,,,before,trills,2022-03-15,13-18-10,Nougatti,2022-03-15 13:18:10,EO/MM,4.0,Odin,18.0,xAAPnannannannannannannannannannannannannannan,AAP,1,partner,AAPnannannannannannannannannannannannannannan,3
383,477,before_trills_2022-03-15_13-18-10_0000060_labelled_Nougatti_pheeseq_40.txt,x,R,A,y,,,,,,,,,,,,,,,before,trills,2022-03-15,13-18-10,Nougatti,2022-03-15 13:18:10,EO/MM,4.0,Odin,21.0,xRAynannannannannannannannannannannannannannan,RA,1,partner,RAnannannannannannannannannannannannannannan,2
384,478,before_trills_2022-03-15_13-18-10_0000060_labelled_Nougatti_pheeseq_40.txt,x,R,A,y,,,,,,,,,,,,,,,before,trills,2022-03-15,13-18-10,Nougatti,2022-03-15 13:18:10,EO/MM,4.0,Odin,22.0,xRAynannannannannannannannannannannannannannan,RA,1,partner,RAnannannannannannannannannannannannannannan,2
385,481,before_trills_2022-03-15_10-42-02_0000058_labelled_Nougatti_pheeseq_48.txt,x,R,A,P,,,,,,,,,,,,,,,before,trills,2022-03-15,10-42-02,Nougatti,2022-03-15 10:42:02,EO/MM,4.0,Tabor,1.0,xRAPnannannannannannannannannannannannannannan,RAP,3,non-partner,RAPnannannannannannannannannannannannannannan,3
386,483,before_phees_2022-03-15_10-42-01_0000058_labelled_Nougatti_pheeseq_08.txt,x,A,A,y,,,,,,,,,,,,,,,before,phees,2022-03-15,10-42-01,Nougatti,2022-03-15 10:42:01,EO/MM,4.0,Tabor,3.0,xAAynannannannannannannannannannannannannannan,AA,3,non-partner,AAnannannannannannannannannannannannannannan,2
387,484,before_trills_2022-03-15_10-42-02_0000058_labelled_Nougatti_pheeseq_15.txt,x,A,A,P,,,,,,,,,,,,,,,before,trills,2022-03-15,10-42-02,Nougatti,2022-03-15 10:42:02,EO/MM,4.0,Tabor,4.0,xAAPnannannannannannannannannannannannannannan,AAP,1,non-partner,AAPnannannannannannannannannannannannannannan,3
388,485,before_trills_2022-03-15_10-42-02_0000058_labelled_Nougatti_pheeseq_17.txt,x,A,A,P,P,,,,,,,,,,,,,,before,trills,2022-03-15,10-42-02,Nougatti,2022-03-15 10:42:02,EO/MM,4.0,Tabor,5.0,xAAPPnannannannannannannannannannannannannan,AAPP,1,non-partner,AAPPnannannannannannannannannannannannannan,4
389,486,before_trills_2022-03-15_10-42-02_0000058_labelled_Nougatti_pheeseq_03.txt,x,A,A,A,P,,,,,,,,,,,,,,before,trills,2022-03-15,10-42-02,Nougatti,2022-03-15 10:42:02,EO/MM,4.0,Tabor,6.0,xAAAPnannannannannannannannannannannannannan,AAAP,1,non-partner,AAAPnannannannannannannannannannannannannan,4
390,487,before_trills_2022-03-15_10-42-02_0000058_labelled_Nougatti_pheeseq_02.txt,x,A,P,P,,,,,,,,,,,,,,,before,trills,2022-03-15,10-42-02,Nougatti,2022-03-15 10:42:02,EO/MM,4.0,Tabor,7.0,xAPPnannannannannannannannannannannannannannan,APP,1,non-partner,APPnannannannannannannannannannannannannannan,3
391,488,before_trills_2022-03-15_10-42-02_0000058_labelled_Nougatti_pheeseq_07.txt,x,A,A,P,,,,,,,,,,,,,,,before,trills,2022-03-15,10-42-02,Nougatti,2022-03-15 10:42:02,EO/MM,4.0,Tabor,9.0,xAAPnannannannannannannannannannannannannannan,AAP,1,non-partner,AAPnannannannannannannannannannannannannannan,3
392,489,before_trills_2022-03-15_10-42-02_0000058_labelled_Nougatti_pheeseq_13.txt,x,A,A,A,P,,,,,,,,,,,,,,before,trills,2022-03-15,10-42-02,Nougatti,2022-03-15 10:42:02,EO/MM,4.0,Tabor,10.0,xAAAPnannannannannannannannannannannannannan,AAAP,1,non-partner,AAAPnannannannannannannannannannannannannan,4
393,490,before_trills_2022-03-15_10-42-02_0000058_labelled_Nougatti_pheeseq_10.txt,x,A,A,y,,,,,,,,,,,,,,,before,trills,2022-03-15,10-42-02,Nougatti,2022-03-15 10:42:02,EO/MM,4.0,Tabor,11.0,xAAynannannannannannannannannannannannannannan,AA,1,non-partner,AAnannannannannannannannannannannannannannan,2
394,491,before_trills_2022-03-15_10-42-02_0000058_labelled_Nougatti_pheeseq_22.txt,x,A,P,P,,,,,,,,,,,,,,,before,trills,2022-03-15,10-42-02,Nougatti,2022-03-15 10:42:02,EO/MM,4.0,Tabor,13.0,xAPPnannannannannannannannannannannannannannan,APP,1,non-partner,APPnannannannannannannannannannannannannannan,3
395,492,before_trills_2022-03-15_10-42-02_0000058_labelled_Nougatti_pheeseq_19.txt,x,A,A,A,y,,,,,,,,,,,,,,before,trills,2022-03-15,10-42-02,Nougatti,2022-03-15 10:42:02,EO/MM,4.0,Tabor,17.0,xAAAynannannannannannannannannannannannannan,AAA,1,non-partner,AAAnannannannannannannannannannannannannan,3
396,493,before_phees_2022-03-15_10-42-01_0000058_labelled_Nougatti_pheeseq_12.txt,x,A,A,y,,,,,,,,,,,,,,,before,phees,2022-03-15,10-42-01,Nougatti,2022-03-15 10:42:01,EO/MM,4.0,Tabor,19.0,xAAynannannannannannannannannannannannannannan,AA,3,non-partner,AAnannannannannannannannannannannannannannan,2
397,494,before_trills_2022-03-15_10-42-02_0000058_labelled_Nougatti_pheeseq_42.txt,x,A,P,,,,,,,,,,,,,,,,before,trills,2022-03-15,10-42-02,Nougatti,2022-03-15 10:42:02,EO/MM,4.0,Tabor,20.0,xAPnannannannannannannannannannannannannannannan,AP,3,non-partner,APnannannannannannannannannannannannannannannan,2
398,496,before_phees_2022-03-15_10-42-01_0000058_labelled_Nougatti_pheeseq_04.txt,x,A,A,y,,,,,,,,,,,,,,,before,phees,2022-03-15,10-42-01,Nougatti,2022-03-15 10:42:01,EO/MM,4.0,Tabor,22.0,xAAynannannannannannannannannannannannannannan,AA,1,non-partner,AAnannannannannannannannannannannannannannan,2
399,498,before_phees_2022-03-15_13-18-10_0000060_labelled_Odin_pheeseq_12.txt,x,A,A,A,A,y,,,,,,,,,,,,,before,phees,2022-03-15,13-18-10,Odin,2022-03-15 13:18:10,EO/MM,4.0,Nougatti,1.0,xAAAAynannannannannannannannannannannannan,AAAA,1,partner,AAAAnannannannannannannannannannannannan,4
400,499,before_phees_2022-03-15_13-18-10_0000060_labelled_Odin_pheeseq_12.txt,x,A,A,A,A,y,,,,,,,,,,,,,before,phees,2022-03-15,13-18-10,Odin,2022-03-15 13:18:10,EO/MM,4.0,Nougatti,2.0,xAAAAynannannannannannannannannannannannan,AAAA,1,partner,AAAAnannannannannannannannannannannannan,4
401,500,before_phees_2022-03-15_13-18-10_0000060_labelled_Odin_pheeseq_11.txt,x,A,A,y,,,,,,,,,,,,,,,before,phees,2022-03-15,13-18-10,Odin,2022-03-15 13:18:10,EO/MM,4.0,Nougatti,3.0,xAAynannannannannannannannannannannannannannan,AA,1,partner,AAnannannannannannannannannannannannannannan,2
402,501,before_phees_2022-03-15_13-18-10_0000060_labelled_Odin_pheeseq_11.txt,x,A,A,y,,,,,,,,,,,,,,,before,phees,2022-03-15,13-18-10,Odin,2022-03-15 13:18:10,EO/MM,4.0,Nougatti,4.0,xAAynannannannannannannannannannannannannannan,AA,1,partner,AAnannannannannannannannannannannannannannan,2
403,502,before_trills_2022-03-15_13-18-10_0000060_labelled_Odin_pheeseq_22.txt,x,R,A,y,,,,,,,,,,,,,,,before,trills,2022-03-15,13-18-10,Odin,2022-03-15 13:18:10,EO/MM,4.0,Nougatti,5.0,xRAynannannannannannannannannannannannannannan,RA,1,partner,RAnannannannannannannannannannannannannannan,2
404,503,before_trills_2022-03-15_13-18-10_0000060_labelled_Odin_pheeseq_22.txt,x,R,A,y,,,,,,,,,,,,,,,before,trills,2022-03-15,13-18-10,Odin,2022-03-15 13:18:10,EO/MM,4.0,Nougatti,6.0,xRAynannannannannannannannannannannannannannan,RA,1,partner,RAnannannannannannannannannannannannannannan,2
405,504,before_phees_2022-03-15_13-18-10_0000060_labelled_Odin_pheeseq_14.txt,x,A,A,y,,,,,,,,,,,,,,,before,phees,2022-03-15,13-18-10,Odin,2022-03-15 13:18:10,EO/MM,4.0,Nougatti,7.0,xAAynannannannannannannannannannannannannannan,AA,1,partner,AAnannannannannannannannannannannannannannan,2
406,505,before_phees_2022-03-15_13-18-10_0000060_labelled_Odin_pheeseq_14.txt,x,A,A,y,,,,,,,,,,,,,,,before,phees,2022-03-15,13-18-10,Odin,2022-03-15 13:18:10,EO/MM,4.0,Nougatti,8.0,xAAynannannannannannannannannannannannannannan,AA,1,partner,AAnannannannannannannannannannannannannannan,2
407,506,before_phees_2022-03-15_13-18-10_0000060_labelled_Odin_pheeseq_03.txt,x,R,A,y,,,,,,,,,,,,,,,before,phees,2022-03-15,13-18-10,Odin,2022-03-15 13:18:10,EO/MM,4.0,Nougatti,9.0,xRAynannannannannannannannannannannannannannan,RA,1,partner,RAnannannannannannannannannannannannannannan,2
408,507,before_phees_2022-03-15_13-18-10_0000060_labelled_Odin_pheeseq_03.txt,x,R,A,y,,,,,,,,,,,,,,,before,phees,2022-03-15,13-18-10,Odin,2022-03-15 13:18:10,EO/MM,4.0,Nougatti,10.0,xRAynannannannannannannannannannannannannannan,RA,1,partner,RAnannannannannannannannannannannannannannan,2
409,508,before_trills_2022-03-15_13-18-10_0000060_labelled_Odin_pheeseq_31.txt,x,R,A,y,,,,,,,,,,,,,,,before,trills,2022-03-15,13-18-10,Odin,2022-03-15 13:18:10,EO/MM,4.0,Nougatti,11.0,xRAynannannannannannannannannannannannannannan,RA,1,partner,RAnannannannannannannannannannannannannannan,2
410,509,before_trills_2022-03-15_13-18-10_0000060_labelled_Odin_pheeseq_31.txt,x,R,A,y,,,,,,,,,,,,,,,before,trills,2022-03-15,13-18-10,Odin,2022-03-15 13:18:10,EO/MM,4.0,Nougatti,12.0,xRAynannannannannannannannannannannannannannan,RA,1,partner,RAnannannannannannannannannannannannannannan,2
411,510,before_trills_2022-03-15_13-18-10_0000060_labelled_Odin_pheeseq_18.txt,x,A,A,y,,,,,,,,,,,,,,,before,trills,2022-03-15,13-18-10,Odin,2022-03-15 13:18:10,EO/MM,4.0,Nougatti,13.0,xAAynannannannannannannannannannannannannannan,AA,1,partner,AAnannannannannannannannannannannannannannan,2
412,511,before_trills_2022-03-15_13-18-10_0000060_labelled_Odin_pheeseq_18.txt,x,A,A,y,,,,,,,,,,,,,,,before,trills,2022-03-15,13-18-10,Odin,2022-03-15 13:18:10,EO/MM,4.0,Nougatti,14.0,xAAynannannannannannannannannannannannannannan,AA,1,partner,AAnannannannannannannannannannannannannannan,2
413,512,before_phees_2022-03-15_13-18-10_0000060_labelled_Odin_pheeseq_16.txt,x,A,A,A,y,,,,,,,,,,,,,,before,phees,2022-03-15,13-18-10,Odin,2022-03-15 13:18:10,EO/MM,4.0,Nougatti,15.0,xAAAynannannannannannannannannannannannannan,AAA,1,partner,AAAnannannannannannannannannannannannannan,3
414,513,before_phees_2022-03-15_13-18-10_0000060_labelled_Odin_pheeseq_16.txt,x,A,A,A,y,,,,,,,,,,,,,,before,phees,2022-03-15,13-18-10,Odin,2022-03-15 13:18:10,EO/MM,4.0,Nougatti,16.0,xAAAynannannannannannannannannannannannannan,AAA,1,partner,AAAnannannannannannannannannannannannannan,3
415,516,before_trills_2022-03-15_13-18-10_0000060_labelled_Odin_pheeseq_123.txt,x,A,A,y,,,,,,,,,,,,,,,before,trills,2022-03-15,13-18-10,Odin,2022-03-15 13:18:10,EO/MM,4.0,Nougatti,19.0,xAAynannannannannannannannannannannannannannan,AA,3,partner,AAnannannannannannannannannannannannannannan,2
416,517,before_trills_2022-03-15_13-18-10_0000060_labelled_Odin_pheeseq_123.txt,x,A,A,y,,,,,,,,,,,,,,,before,trills,2022-03-15,13-18-10,Odin,2022-03-15 13:18:10,EO/MM,4.0,Nougatti,20.0,xAAynannannannannannannannannannannannannannan,AA,3,partner,AAnannannannannannannannannannannannannannan,2
417,520,before_trills_2022-03-15_13-18-10_0000060_labelled_Odin_pheeseq_134.txt,x,A,A,y,,,,,,,,,,,,,,,before,trills,2022-03-15,13-18-10,Odin,2022-03-15 13:18:10,EO/MM,4.0,Nougatti,27.0,xAAynannannannannannannannannannannannannannan,AA,3,partner,AAnannannannannannannannannannannannannannan,2
418,521,before_trills_2022-03-15_13-18-10_0000060_labelled_Odin_pheeseq_134.txt,x,A,A,y,,,,,,,,,,,,,,,before,trills,2022-03-15,13-18-10,Odin,2022-03-15 13:18:10,EO/MM,4.0,Nougatti,28.0,xAAynannannannannannannannannannannannannannan,AA,3,partner,AAnannannannannannannannannannannannannannan,2
419,524,before_trills_2022-03-15_13-18-10_0000060_labelled_Odin_pheeseq_46.txt,x,R,A,y,,,,,,,,,,,,,,,before,trills,2022-03-15,13-18-10,Odin,2022-03-15 13:18:10,EO/MM,4.0,Nougatti,31.0,xRAynannannannannannannannannannannannannannan,RA,1,partner,RAnannannannannannannannannannannannannannan,2
420,525,before_trills_2022-03-15_13-18-10_0000060_labelled_Odin_pheeseq_46.txt,x,R,A,y,,,,,,,,,,,,,,,before,trills,2022-03-15,13-18-10,Odin,2022-03-15 13:18:10,EO/MM,4.0,Nougatti,32.0,xRAynannannannannannannannannannannannannannan,RA,1,partner,RAnannannannannannannannannannannannannannan,2
421,528,before_trills_2022-03-15_13-18-10_0000060_labelled_Odin_pheeseq_100.txt,x,R,A,y,,,,,,,,,,,,,,,before,trills,2022-03-15,13-18-10,Odin,2022-03-15 13:18:10,EO/MM,4.0,Nougatti,37.0,xRAynannannannannannannannannannannannannannan,RA,3,partner,RAnannannannannannannannannannannannannannan,2
422,529,before_trills_2022-03-15_13-18-10_0000060_labelled_Odin_pheeseq_100.txt,x,R,A,y,,,,,,,,,,,,,,,before,trills,2022-03-15,13-18-10,Odin,2022-03-15 13:18:10,EO/MM,4.0,Nougatti,38.0,xRAynannannannannannannannannannannannannannan,RA,3,partner,RAnannannannannannannannannannannannannannan,2
423,530,before_phees_2022-03-15_13-18-10_0000060_labelled_Odin_pheeseq_26.txt,x,R,A,y,,,,,,,,,,,,,,,before,phees,2022-03-15,13-18-10,Odin,2022-03-15 13:18:10,EO/MM,4.0,Nougatti,41.0,xRAynannannannannannannannannannannannannannan,RA,3,partner,RAnannannannannannannannannannannannannannan,2
424,531,before_phees_2022-03-15_13-18-10_0000060_labelled_Odin_pheeseq_26.txt,x,R,A,y,,,,,,,,,,,,,,,before,phees,2022-03-15,13-18-10,Odin,2022-03-15 13:18:10,EO/MM,4.0,Nougatti,42.0,xRAynannannannannannannannannannannannannannan,RA,3,partner,RAnannannannannannannannannannannannannannan,2
425,532,before_phees_2022-03-15_13-18-10_0000060_labelled_Odin_pheeseq_09.txt,S,S,S,A,A,P,,,,,,,,,,,,,before,phees,2022-03-15,13-18-10,Odin,2022-03-15 13:18:10,EO/MM,4.0,Nougatti,43.0,SSSAAPnannannannannannannannannannannannan,SSSAAP,1,partner,SSSAAPnannannannannannannannannannannannan,6
426,533,before_phees_2022-03-15_13-18-10_0000060_labelled_Odin_pheeseq_09.txt,S,S,S,A,A,P,,,,,,,,,,,,,before,phees,2022-03-15,13-18-10,Odin,2022-03-15 13:18:10,EO/MM,4.0,Nougatti,44.0,SSSAAPnannannannannannannannannannannannan,SSSAAP,1,partner,SSSAAPnannannannannannannannannannannannan,6
427,536,before_phees_2022-03-15_13-18-10_0000060_labelled_Odin_pheeseq_08.txt,x,A,A,y,,,,,,,,,,,,,,,before,phees,2022-03-15,13-18-10,Odin,2022-03-15 13:18:10,EO/MM,4.0,Nougatti,47.0,xAAynannannannannannannannannannannannannannan,AA,1,partner,AAnannannannannannannannannannannannannannan,2
428,537,before_phees_2022-03-15_13-18-10_0000060_labelled_Odin_pheeseq_08.txt,x,A,A,y,,,,,,,,,,,,,,,before,phees,2022-03-15,13-18-10,Odin,2022-03-15 13:18:10,EO/MM,4.0,Nougatti,48.0,xAAynannannannannannannannannannannannannannan,AA,1,partner,AAnannannannannannannannannannannannannannan,2
429,540,before_trills_2022-03-15_13-18-10_0000060_labelled_Odin_pheeseq_11.txt,x,A,A,y,,,,,,,,,,,,,,,before,trills,2022-03-15,13-18-10,Odin,2022-03-15 13:18:10,EO/MM,4.0,Nougatti,51.0,xAAynannannannannannannannannannannannannannan,AA,1,partner,AAnannannannannannannannannannannannannannan,2
430,541,before_trills_2022-03-15_13-18-10_0000060_labelled_Odin_pheeseq_11.txt,x,A,A,y,,,,,,,,,,,,,,,before,trills,2022-03-15,13-18-10,Odin,2022-03-15 13:18:10,EO/MM,4.0,Nougatti,52.0,xAAynannannannannannannannannannannannannannan,AA,1,partner,AAnannannannannannannannannannannannannannan,2
431,542,before_phees_2022-03-15_14-09-36_0000061_labelled_Olympia_pheeseq_01.txt,x,A,A,P,,,,,,,,,,,,,,,before,phees,2022-03-15,14-09-36,Olympia,2022-03-15 14:09:36,EO/MM,4.0,Tabor,1.0,xAAPnannannannannannannannannannannannannannan,AAP,1,non-partner,AAPnannannannannannannannannannannannannannan,3
432,543,before_phees_2022-03-15_14-09-36_0000061_labelled_Olympia_pheeseq_01.txt,x,A,A,P,,,,,,,,,,,,,,,before,phees,2022-03-15,14-09-36,Olympia,2022-03-15 14:09:36,EO/MM,4.0,Tabor,2.0,xAAPnannannannannannannannannannannannannannan,AAP,1,non-partner,AAPnannannannannannannannannannannannannannan,3
433,544,before_phees_2022-03-15_14-09-36_0000061_labelled_Olympia_pheeseq_03.txt,x,A,A,y,,,,,,,,,,,,,,,before,phees,2022-03-15,14-09-36,Olympia,2022-03-15 14:09:36,EO/MM,4.0,Tabor,3.0,xAAynannannannannannannannannannannannannannan,AA,1,non-partner,AAnannannannannannannannannannannannannannan,2
434,545,before_phees_2022-03-15_14-09-36_0000061_labelled_Olympia_pheeseq_03.txt,x,A,A,y,,,,,,,,,,,,,,,before,phees,2022-03-15,14-09-36,Olympia,2022-03-15 14:09:36,EO/MM,4.0,Tabor,4.0,xAAynannannannannannannannannannannannannannan,AA,1,non-partner,AAnannannannannannannannannannannannannannan,2
435,548,before_trills_2022-03-15_14-09-36_0000061_labelled_Olympia_pheeseq_07.txt,x,R,A,y,,,,,,,,,,,,,,,before,trills,2022-03-15,14-09-36,Olympia,2022-03-15 14:09:36,EO/MM,4.0,Tabor,7.0,xRAynannannannannannannannannannannannannannan,RA,1,non-partner,RAnannannannannannannannannannannannannannan,2
436,549,before_trills_2022-03-15_14-09-36_0000061_labelled_Olympia_pheeseq_07.txt,x,R,A,y,,,,,,,,,,,,,,,before,trills,2022-03-15,14-09-36,Olympia,2022-03-15 14:09:36,EO/MM,4.0,Tabor,8.0,xRAynannannannannannannannannannannannannannan,RA,1,non-partner,RAnannannannannannannannannannannannannannan,2
437,552,before_phees_2022-03-15_10-42-01_0000058_labelled_Tabor_pheeseq_02.txt,x,A,A,A,y,,,,,,,,,,,,,,before,phees,2022-03-15,10-42-01,Tabor,2022-03-15 10:42:01,EO/MM,4.0,Nougatti,1.0,xAAAynannannannannannannannannannannannannan,AAA,1,non-partner,AAAnannannannannannannannannannannannannan,3
438,554,before_trills_2022-03-15_10-42-02_0000058_labelled_Tabor_pheeseq_23.txt,x,A,P,A,A,y,,,,,,,,,,,,,before,trills,2022-03-15,10-42-02,Tabor,2022-03-15 10:42:02,EO/MM,4.0,Nougatti,3.0,xAPAAynannannannannannannannannannannannan,APAA,1,non-partner,APAAnannannannannannannannannannannannan,4
439,555,before_trills_2022-03-15_10-42-02_0000058_labelled_Tabor_pheeseq_20.txt,x,A,A,A,P,,,,,,,,,,,,,,before,trills,2022-03-15,10-42-02,Tabor,2022-03-15 10:42:02,EO/MM,4.0,Nougatti,4.0,xAAAPnannannannannannannannannannannannannan,AAAP,1,non-partner,AAAPnannannannannannannannannannannannannan,4
440,556,before_trills_2022-03-15_10-42-02_0000058_labelled_Tabor_pheeseq_21.txt,x,A,P,P,A,A,P,,,,,,,,,,,,before,trills,2022-03-15,10-42-02,Tabor,2022-03-15 10:42:02,EO/MM,4.0,Nougatti,5.0,xAPPAAPnannannannannannannannannannannan,APPAAP,1,non-partner,APPAAPnannannannannannannannannannannan,6
441,557,before_trills_2022-03-15_10-42-02_0000058_labelled_Tabor_pheeseq_18.txt,x,A,P,A,A,y,,,,,,,,,,,,,before,trills,2022-03-15,10-42-02,Tabor,2022-03-15 10:42:02,EO/MM,4.0,Nougatti,6.0,xAPAAynannannannannannannannannannannannan,APAA,1,non-partner,APAAnannannannannannannannannannannannan,4
442,558,before_trills_2022-03-15_14-09-36_0000061_labelled_Tabor_pheeseq_35.txt,x,A,P,,,,,,,,,,,,,,,,before,trills,2022-03-15,14-09-36,Tabor,2022-03-15 14:09:36,EO/MM,4.0,Olympia,1.0,xAPnannannannannannannannannannannannannannannan,AP,3,non-partner,APnannannannannannannannannannannannannannannan,2
443,559,before_trills_2022-03-15_14-09-36_0000061_labelled_Tabor_pheeseq_35.txt,x,A,P,,,,,,,,,,,,,,,,before,trills,2022-03-15,14-09-36,Tabor,2022-03-15 14:09:36,EO/MM,4.0,Olympia,2.0,xAPnannannannannannannannannannannannannannannan,AP,3,non-partner,APnannannannannannannannannannannannannannannan,2
444,560,before_trills_2022-03-15_14-09-36_0000061_labelled_Tabor_pheeseq_15.txt,P,A,A,A,P,,,,,,,,,,,,,,before,trills,2022-03-15,14-09-36,Tabor,2022-03-15 14:09:36,EO/MM,4.0,Olympia,3.0,PAAAPnannannannannannannannannannannannannan,PAAAP,1,non-partner,PAAAPnannannannannannannannannannannannannan,5
445,561,before_trills_2022-03-15_14-09-36_0000061_labelled_Tabor_pheeseq_15.txt,P,A,A,A,P,,,,,,,,,,,,,,before,trills,2022-03-15,14-09-36,Tabor,2022-03-15 14:09:36,EO/MM,4.0,Olympia,4.0,PAAAPnannannannannannannannannannannannannan,PAAAP,1,non-partner,PAAAPnannannannannannannannannannannannannan,5
446,562,before_trills_2022-03-15_14-09-36_0000061_labelled_Tabor_pheeseq_16.txt,x,A,A,A,P,,,,,,,,,,,,,,before,trills,2022-03-15,14-09-36,Tabor,2022-03-15 14:09:36,EO/MM,4.0,Olympia,5.0,xAAAPnannannannannannannannannannannannannan,AAAP,1,non-partner,AAAPnannannannannannannannannannannannannan,4
447,563,before_trills_2022-03-15_14-09-36_0000061_labelled_Tabor_pheeseq_16.txt,x,A,A,A,P,,,,,,,,,,,,,,before,trills,2022-03-15,14-09-36,Tabor,2022-03-15 14:09:36,EO/MM,4.0,Olympia,6.0,xAAAPnannannannannannannannannannannannannan,AAAP,1,non-partner,AAAPnannannannannannannannannannannannannan,4
448,564,before_trills_2022-03-15_09-35-25_0000056_labelled_Wuschel_pheeseq_04.txt,x,A,A,A,y,,,,,,,,,,,,,,before,trills,2022-03-15,09-35-25,Wuschel,2022-03-15 09:35:25,EO/MM,4.0,Lola,1.0,xAAAynannannannannannannannannannannannannan,AAA,1,non-partner,AAAnannannannannannannannannannannannannan,3
449,565,before_trills_2022-03-15_09-35-25_0000056_labelled_Wuschel_pheeseq_04.txt,x,A,A,A,y,,,,,,,,,,,,,,before,trills,2022-03-15,09-35-25,Wuschel,2022-03-15 09:35:25,EO/MM,4.0,Lola,2.0,xAAAynannannannannannannannannannannannannan,AAA,1,non-partner,AAAnannannannannannannannannannannannannan,3
450,566,before_trills_2022-03-15_09-35-25_0000056_labelled_Wuschel_pheeseq_05.txt,x,R,A,A,P,,,,,,,,,,,,,,before,trills,2022-03-15,09-35-25,Wuschel,2022-03-15 09:35:25,EO/MM,4.0,Lola,3.0,xRAAPnannannannannannannannannannannannannan,RAAP,1,non-partner,RAAPnannannannannannannannannannannannannan,4
451,567,before_trills_2022-03-15_09-35-25_0000056_labelled_Wuschel_pheeseq_05.txt,x,R,A,A,P,,,,,,,,,,,,,,before,trills,2022-03-15,09-35-25,Wuschel,2022-03-15 09:35:25,EO/MM,4.0,Lola,4.0,xRAAPnannannannannannannannannannannannannan,RAAP,1,non-partner,RAAPnannannannannannannannannannannannannan,4
452,568,before_trills_2022-03-15_09-35-25_0000056_labelled_Wuschel_pheeseq_13.txt,S,P,P,A,A,y,,,,,,,,,,,,,before,trills,2022-03-15,09-35-25,Wuschel,2022-03-15 09:35:25,EO/MM,4.0,Lola,5.0,SPPAAynannannannannannannannannannannannan,SPPAA,3,non-partner,SPPAAnannannannannannannannannannannannan,5
453,569,before_trills_2022-03-15_09-35-25_0000056_labelled_Wuschel_pheeseq_13.txt,S,P,P,A,A,y,,,,,,,,,,,,,before,trills,2022-03-15,09-35-25,Wuschel,2022-03-15 09:35:25,EO/MM,4.0,Lola,6.0,SPPAAynannannannannannannannannannannannan,SPPAA,3,non-partner,SPPAAnannannannannannannannannannannannan,5
454,570,before_trills_2022-03-15_09-35-25_0000056_labelled_Wuschel_pheeseq_06.txt,P,P,A,A,y,,,,,,,,,,,,,,before,trills,2022-03-15,09-35-25,Wuschel,2022-03-15 09:35:25,EO/MM,4.0,Lola,7.0,PPAAynannannannannannannannannannannannannan,PPAA,1,non-partner,PPAAnannannannannannannannannannannannannan,4
455,571,before_trills_2022-03-15_09-35-25_0000056_labelled_Wuschel_pheeseq_06.txt,P,P,A,A,y,,,,,,,,,,,,,,before,trills,2022-03-15,09-35-25,Wuschel,2022-03-15 09:35:25,EO/MM,4.0,Lola,8.0,PPAAynannannannannannannannannannannannannan,PPAA,1,non-partner,PPAAnannannannannannannannannannannannannan,4
456,572,before_trills_2022-03-15_09-35-25_0000056_labelled_Wuschel_pheeseq_02.txt,x,A,A,A,P,,,,,,,,,,,,,,before,trills,2022-03-15,09-35-25,Wuschel,2022-03-15 09:35:25,EO/MM,4.0,Lola,9.0,xAAAPnannannannannannannannannannannannannan,AAAP,1,non-partner,AAAPnannannannannannannannannannannannannan,4
457,573,before_trills_2022-03-15_09-35-25_0000056_labelled_Wuschel_pheeseq_02.txt,x,A,A,A,P,,,,,,,,,,,,,,before,trills,2022-03-15,09-35-25,Wuschel,2022-03-15 09:35:25,EO/MM,4.0,Lola,10.0,xAAAPnannannannannannannannannannannannannan,AAAP,1,non-partner,AAAPnannannannannannannannannannannannannan,4
458,574,before_trills_2022-03-16_14-28-55_0000068_labelled_Lola_pheeseq_71.txt,x,R,A,y,,,,,,,,,,,,,,,before,trills,2022-03-16,14-28-55,Lola,2022-03-16 14:28:55,EO/MM,4.0,Tabor,1.0,xRAynannannannannannannannannannannannannannan,RA,1,partner,RAnannannannannannannannannannannannannannan,2
459,575,before_trills_2022-03-16_14-28-55_0000068_labelled_Lola_pheeseq_71.txt,x,R,A,y,,,,,,,,,,,,,,,before,trills,2022-03-16,14-28-55,Lola,2022-03-16 14:28:55,EO/MM,4.0,Tabor,2.0,xRAynannannannannannannannannannannannannannan,RA,1,partner,RAnannannannannannannannannannannannannannan,2
460,576,before_trills_2022-03-16_14-28-55_0000068_labelled_Lola_pheeseq_89.txt,x,R,A,y,,,,,,,,,,,,,,,before,trills,2022-03-16,14-28-55,Lola,2022-03-16 14:28:55,EO/MM,4.0,Tabor,3.0,xRAynannannannannannannannannannannannannannan,RA,3,partner,RAnannannannannannannannannannannannannannan,2
461,577,before_trills_2022-03-16_14-28-55_0000068_labelled_Lola_pheeseq_89.txt,x,R,A,y,,,,,,,,,,,,,,,before,trills,2022-03-16,14-28-55,Lola,2022-03-16 14:28:55,EO/MM,4.0,Tabor,4.0,xRAynannannannannannannannannannannannannannan,RA,3,partner,RAnannannannannannannannannannannannannannan,2
462,578,before_trills_2022-03-16_14-28-55_0000068_labelled_Lola_pheeseq_48.txt,x,R,A,y,,,,,,,,,,,,,,,before,trills,2022-03-16,14-28-55,Lola,2022-03-16 14:28:55,EO/MM,4.0,Tabor,5.0,xRAynannannannannannannannannannannannannannan,RA,1,partner,RAnannannannannannannannannannannannannannan,2
463,579,before_trills_2022-03-16_14-28-55_0000068_labelled_Lola_pheeseq_48.txt,x,R,A,y,,,,,,,,,,,,,,,before,trills,2022-03-16,14-28-55,Lola,2022-03-16 14:28:55,EO/MM,4.0,Tabor,6.0,xRAynannannannannannannannannannannannannannan,RA,1,partner,RAnannannannannannannannannannannannannannan,2
464,580,before_phees_2022-03-16_14-28-55_0000068_labelled_Lola_pheeseq_14.txt,x,A,A,A,y,,,,,,,,,,,,,,before,phees,2022-03-16,14-28-55,Lola,2022-03-16 14:28:55,EO/MM,4.0,Tabor,7.0,xAAAynannannannannannannannannannannannannan,AAA,1,partner,AAAnannannannannannannannannannannannannan,3
465,581,before_phees_2022-03-16_14-28-55_0000068_labelled_Lola_pheeseq_14.txt,x,A,A,A,y,,,,,,,,,,,,,,before,phees,2022-03-16,14-28-55,Lola,2022-03-16 14:28:55,EO/MM,4.0,Tabor,8.0,xAAAynannannannannannannannannannannannannan,AAA,1,partner,AAAnannannannannannannannannannannannannan,3
466,584,before_phees_2022-03-16_14-28-55_0000068_labelled_Lola_pheeseq_13.txt,x,A,A,y,,,,,,,,,,,,,,,before,phees,2022-03-16,14-28-55,Lola,2022-03-16 14:28:55,EO/MM,4.0,Tabor,11.0,xAAynannannannannannannannannannannannannannan,AA,1,partner,AAnannannannannannannannannannannannannannan,2
467,585,before_phees_2022-03-16_14-28-55_0000068_labelled_Lola_pheeseq_13.txt,x,A,A,y,,,,,,,,,,,,,,,before,phees,2022-03-16,14-28-55,Lola,2022-03-16 14:28:55,EO/MM,4.0,Tabor,12.0,xAAynannannannannannannannannannannannannannan,AA,1,partner,AAnannannannannannannannannannannannannannan,2
468,586,before_trills_2022-03-16_14-28-55_0000068_labelled_Lola_pheeseq_126.txt,x,R,A,y,,,,,,,,,,,,,,,before,trills,2022-03-16,14-28-55,Lola,2022-03-16 14:28:55,EO/MM,4.0,Tabor,13.0,xRAynannannannannannannannannannannannannannan,RA,3,partner,RAnannannannannannannannannannannannannannan,2
469,587,before_trills_2022-03-16_14-28-55_0000068_labelled_Lola_pheeseq_126.txt,x,R,A,y,,,,,,,,,,,,,,,before,trills,2022-03-16,14-28-55,Lola,2022-03-16 14:28:55,EO/MM,4.0,Tabor,14.0,xRAynannannannannannannannannannannannannannan,RA,3,partner,RAnannannannannannannannannannannannannannan,2
470,588,before_phees_2022-03-16_09-27-47_0000063_labelled_Nougatti_pheeseq_09.txt,x,A,A,y,,,,,,,,,,,,,,,before,phees,2022-03-16,09-27-47,Nougatti,2022-03-16 09:27:47,EO/MM,3.0,Wuschel,1.0,xAAynannannannannannannannannannannannannannan,AA,3,non-partner,AAnannannannannannannannannannannannannannan,2
471,589,before_phees_2022-03-16_09-27-47_0000063_labelled_Nougatti_pheeseq_09.txt,x,A,A,y,,,,,,,,,,,,,,,before,phees,2022-03-16,09-27-47,Nougatti,2022-03-16 09:27:47,EO/MM,3.0,Wuschel,2.0,xAAynannannannannannannannannannannannannannan,AA,3,non-partner,AAnannannannannannannannannannannannannannan,2
472,590,before_phees_2022-03-16_09-27-47_0000063_labelled_Nougatti_pheeseq_08.txt,x,A,A,y,,,,,,,,,,,,,,,before,phees,2022-03-16,09-27-47,Nougatti,2022-03-16 09:27:47,EO/MM,3.0,Wuschel,3.0,xAAynannannannannannannannannannannannannannan,AA,3,non-partner,AAnannannannannannannannannannannannannannan,2
473,591,before_phees_2022-03-16_09-27-47_0000063_labelled_Nougatti_pheeseq_08.txt,x,A,A,y,,,,,,,,,,,,,,,before,phees,2022-03-16,09-27-47,Nougatti,2022-03-16 09:27:47,EO/MM,3.0,Wuschel,4.0,xAAynannannannannannannannannannannannannannan,AA,3,non-partner,AAnannannannannannannannannannannannannannan,2
474,592,before_trills_2022-03-16_09-27-47_0000063_labelled_Nougatti_pheeseq_03.txt,x,A,A,y,,,,,,,,,,,,,,,before,trills,2022-03-16,09-27-47,Nougatti,2022-03-16 09:27:47,EO/MM,3.0,Wuschel,7.0,xAAynannannannannannannannannannannannannannan,AA,1,non-partner,AAnannannannannannannannannannannannannannan,2
475,593,before_trills_2022-03-16_09-27-47_0000063_labelled_Nougatti_pheeseq_03.txt,x,A,A,y,,,,,,,,,,,,,,,before,trills,2022-03-16,09-27-47,Nougatti,2022-03-16 09:27:47,EO/MM,3.0,Wuschel,8.0,xAAynannannannannannannannannannannannannannan,AA,1,non-partner,AAnannannannannannannannannannannannannannan,2
476,594,before_trills_2022-03-16_09-27-47_0000063_labelled_Nougatti_pheeseq_02.txt,x,A,A,A,y,,,,,,,,,,,,,,before,trills,2022-03-16,09-27-47,Nougatti,2022-03-16 09:27:47,EO/MM,3.0,Wuschel,9.0,xAAAynannannannannannannannannannannannannan,AAA,1,non-partner,AAAnannannannannannannannannannannannannan,3
477,595,before_trills_2022-03-16_09-27-47_0000063_labelled_Nougatti_pheeseq_02.txt,x,A,A,A,y,,,,,,,,,,,,,,before,trills,2022-03-16,09-27-47,Nougatti,2022-03-16 09:27:47,EO/MM,3.0,Wuschel,10.0,xAAAynannannannannannannannannannannannannan,AAA,1,non-partner,AAAnannannannannannannannannannannannannan,3
478,596,before_trills_2022-03-16_09-27-47_0000063_labelled_Nougatti_pheeseq_06.txt,x,A,A,P,P,,,,,,,,,,,,,,before,trills,2022-03-16,09-27-47,Nougatti,2022-03-16 09:27:47,EO/MM,3.0,Wuschel,11.0,xAAPPnannannannannannannannannannannannannan,AAPP,1,non-partner,AAPPnannannannannannannannannannannannannan,4
479,597,before_trills_2022-03-16_09-27-47_0000063_labelled_Nougatti_pheeseq_06.txt,x,A,A,P,P,,,,,,,,,,,,,,before,trills,2022-03-16,09-27-47,Nougatti,2022-03-16 09:27:47,EO/MM,3.0,Wuschel,12.0,xAAPPnannannannannannannannannannannannannan,AAPP,1,non-partner,AAPPnannannannannannannannannannannannannan,4
480,598,before_trills_2022-03-16_09-27-47_0000063_labelled_Nougatti_pheeseq_07.txt,x,A,A,P,,,,,,,,,,,,,,,before,trills,2022-03-16,09-27-47,Nougatti,2022-03-16 09:27:47,EO/MM,3.0,Wuschel,13.0,xAAPnannannannannannannannannannannannannannan,AAP,1,non-partner,AAPnannannannannannannannannannannannannannan,3
481,599,before_trills_2022-03-16_09-27-47_0000063_labelled_Nougatti_pheeseq_07.txt,x,A,A,P,,,,,,,,,,,,,,,before,trills,2022-03-16,09-27-47,Nougatti,2022-03-16 09:27:47,EO/MM,3.0,Wuschel,14.0,xAAPnannannannannannannannannannannannannannan,AAP,1,non-partner,AAPnannannannannannannannannannannannannannan,3
482,600,before_trills_2022-03-16_09-27-47_0000063_labelled_Nougatti_pheeseq_11.txt,x,A,A,A,P,,,,,,,,,,,,,,before,trills,2022-03-16,09-27-47,Nougatti,2022-03-16 09:27:47,EO/MM,3.0,Wuschel,15.0,xAAAPnannannannannannannannannannannannannan,AAAP,1,non-partner,AAAPnannannannannannannannannannannannannan,4
483,601,before_trills_2022-03-16_09-27-47_0000063_labelled_Nougatti_pheeseq_11.txt,x,A,A,A,P,,,,,,,,,,,,,,before,trills,2022-03-16,09-27-47,Nougatti,2022-03-16 09:27:47,EO/MM,3.0,Wuschel,16.0,xAAAPnannannannannannannannannannannannannan,AAAP,1,non-partner,AAAPnannannannannannannannannannannannannan,4
484,602,before_trills_2022-03-16_09-27-47_0000063_labelled_Nougatti_pheeseq_05.txt,x,A,A,y,,,,,,,,,,,,,,,before,trills,2022-03-16,09-27-47,Nougatti,2022-03-16 09:27:47,EO/MM,3.0,Wuschel,17.0,xAAynannannannannannannannannannannannannannan,AA,1,non-partner,AAnannannannannannannannannannannannannannan,2
485,603,before_trills_2022-03-16_09-27-47_0000063_labelled_Nougatti_pheeseq_05.txt,x,A,A,y,,,,,,,,,,,,,,,before,trills,2022-03-16,09-27-47,Nougatti,2022-03-16 09:27:47,EO/MM,3.0,Wuschel,18.0,xAAynannannannannannannannannannannannannannan,AA,1,non-partner,AAnannannannannannannannannannannannannannan,2
486,604,before_trills_2022-03-16_09-27-47_0000063_labelled_Nougatti_pheeseq_39.txt,x,A,A,P,,,,,,,,,,,,,,,before,trills,2022-03-16,09-27-47,Nougatti,2022-03-16 09:27:47,EO/MM,3.0,Wuschel,19.0,xAAPnannannannannannannannannannannannannannan,AAP,3,non-partner,AAPnannannannannannannannannannannannannannan,3
487,605,before_trills_2022-03-16_09-27-47_0000063_labelled_Nougatti_pheeseq_39.txt,x,A,A,P,,,,,,,,,,,,,,,before,trills,2022-03-16,09-27-47,Nougatti,2022-03-16 09:27:47,EO/MM,3.0,Wuschel,20.0,xAAPnannannannannannannannannannannannannannan,AAP,3,non-partner,AAPnannannannannannannannannannannannannannan,3
488,606,before_trills_2022-03-16_09-27-47_0000063_labelled_Nougatti_pheeseq_04.txt,x,A,P,A,A,y,,,,,,,,,,,,,before,trills,2022-03-16,09-27-47,Nougatti,2022-03-16 09:27:47,EO/MM,3.0,Wuschel,21.0,xAPAAynannannannannannannannannannannannan,APAA,1,non-partner,APAAnannannannannannannannannannannannan,4
489,607,before_trills_2022-03-16_09-27-47_0000063_labelled_Nougatti_pheeseq_04.txt,x,A,P,A,A,y,,,,,,,,,,,,,before,trills,2022-03-16,09-27-47,Nougatti,2022-03-16 09:27:47,EO/MM,3.0,Wuschel,22.0,xAPAAynannannannannannannannannannannannan,APAA,1,non-partner,APAAnannannannannannannannannannannannan,4
490,608,before_trills_2022-03-16_09-27-47_0000063_labelled_Nougatti_pheeseq_10.txt,x,A,A,A,P,,,,,,,,,,,,,,before,trills,2022-03-16,09-27-47,Nougatti,2022-03-16 09:27:47,EO/MM,3.0,Wuschel,23.0,xAAAPnannannannannannannannannannannannannan,AAAP,1,non-partner,AAAPnannannannannannannannannannannannannan,4
491,609,before_trills_2022-03-16_09-27-47_0000063_labelled_Nougatti_pheeseq_10.txt,x,A,A,A,P,,,,,,,,,,,,,,before,trills,2022-03-16,09-27-47,Nougatti,2022-03-16 09:27:47,EO/MM,3.0,Wuschel,24.0,xAAAPnannannannannannannannannannannannannan,AAAP,1,non-partner,AAAPnannannannannannannannannannannannannan,4
492,612,before_trills_2022-03-16_09-27-47_0000063_labelled_Nougatti_pheeseq_09.txt,x,A,A,P,P,,,,,,,,,,,,,,before,trills,2022-03-16,09-27-47,Nougatti,2022-03-16 09:27:47,EO/MM,3.0,Wuschel,27.0,xAAPPnannannannannannannannannannannannannan,AAPP,1,non-partner,AAPPnannannannannannannannannannannannannan,4
493,613,before_trills_2022-03-16_09-27-47_0000063_labelled_Nougatti_pheeseq_09.txt,x,A,A,P,P,,,,,,,,,,,,,,before,trills,2022-03-16,09-27-47,Nougatti,2022-03-16 09:27:47,EO/MM,3.0,Wuschel,28.0,xAAPPnannannannannannannannannannannannannan,AAPP,1,non-partner,AAPPnannannannannannannannannannannannannan,4
494,614,before_trills_2022-03-16_09-27-47_0000063_labelled_Nougatti_pheeseq_35.txt,x,A,A,P,P,,,,,,,,,,,,,,before,trills,2022-03-16,09-27-47,Nougatti,2022-03-16 09:27:47,EO/MM,3.0,Wuschel,29.0,xAAPPnannannannannannannannannannannannannan,AAPP,3,non-partner,AAPPnannannannannannannannannannannannannan,4
495,615,before_trills_2022-03-16_09-27-47_0000063_labelled_Nougatti_pheeseq_35.txt,x,A,A,P,P,,,,,,,,,,,,,,before,trills,2022-03-16,09-27-47,Nougatti,2022-03-16 09:27:47,EO/MM,3.0,Wuschel,30.0,xAAPPnannannannannannannannannannannannannan,AAPP,3,non-partner,AAPPnannannannannannannannannannannannannan,4
496,616,before_phees_2022-03-16_09-27-47_0000063_labelled_Nougatti_pheeseq_01.txt,x,A,A,A,y,,,,,,,,,,,,,,before,phees,2022-03-16,09-27-47,Nougatti,2022-03-16 09:27:47,EO/MM,3.0,Wuschel,31.0,xAAAynannannannannannannannannannannannannan,AAA,1,non-partner,AAAnannannannannannannannannannannannannan,3
497,617,before_phees_2022-03-16_09-27-47_0000063_labelled_Nougatti_pheeseq_01.txt,x,A,A,A,y,,,,,,,,,,,,,,before,phees,2022-03-16,09-27-47,Nougatti,2022-03-16 09:27:47,EO/MM,3.0,Wuschel,32.0,xAAAynannannannannannannannannannannannannan,AAA,1,non-partner,AAAnannannannannannannannannannannannannan,3
498,618,before_trills_2022-03-16_09-27-47_0000063_labelled_Nougatti_pheeseq_08.txt,x,A,A,A,P,,,,,,,,,,,,,,before,trills,2022-03-16,09-27-47,Nougatti,2022-03-16 09:27:47,EO/MM,3.0,Wuschel,33.0,xAAAPnannannannannannannannannannannannannan,AAAP,1,non-partner,AAAPnannannannannannannannannannannannannan,4
499,619,before_trills_2022-03-16_09-27-47_0000063_labelled_Nougatti_pheeseq_08.txt,x,A,A,A,P,,,,,,,,,,,,,,before,trills,2022-03-16,09-27-47,Nougatti,2022-03-16 09:27:47,EO/MM,3.0,Wuschel,34.0,xAAAPnannannannannannannannannannannannannan,AAAP,1,non-partner,AAAPnannannannannannannannannannannannannan,4
500,620,before_phees_2022-03-16_09-27-47_0000063_labelled_Nougatti_pheeseq_03.txt,x,A,A,A,P,,,,,,,,,,,,,,before,phees,2022-03-16,09-27-47,Nougatti,2022-03-16 09:27:47,EO/MM,3.0,Wuschel,35.0,xAAAPnannannannannannannannannannannannannan,AAAP,1,non-partner,AAAPnannannannannannannannannannannannannan,4
501,621,before_phees_2022-03-16_09-27-47_0000063_labelled_Nougatti_pheeseq_03.txt,x,A,A,A,P,,,,,,,,,,,,,,before,phees,2022-03-16,09-27-47,Nougatti,2022-03-16 09:27:47,EO/MM,3.0,Wuschel,36.0,xAAAPnannannannannannannannannannannannannan,AAAP,1,non-partner,AAAPnannannannannannannannannannannannannan,4
502,622,before_phees_2022-03-16_09-27-47_0000063_labelled_Nougatti_pheeseq_02.txt,x,A,A,P,,,,,,,,,,,,,,,before,phees,2022-03-16,09-27-47,Nougatti,2022-03-16 09:27:47,EO/MM,3.0,Wuschel,37.0,xAAPnannannannannannannannannannannannannannan,AAP,1,non-partner,AAPnannannannannannannannannannannannannannan,3
503,623,before_phees_2022-03-16_09-27-47_0000063_labelled_Nougatti_pheeseq_02.txt,x,A,A,P,,,,,,,,,,,,,,,before,phees,2022-03-16,09-27-47,Nougatti,2022-03-16 09:27:47,EO/MM,3.0,Wuschel,38.0,xAAPnannannannannannannannannannannannannannan,AAP,1,non-partner,AAPnannannannannannannannannannannannannannan,3
504,624,before_phees_2022-03-16_09-27-47_0000063_labelled_Nougatti_pheeseq_06.txt,x,A,A,y,,,,,,,,,,,,,,,before,phees,2022-03-16,09-27-47,Nougatti,2022-03-16 09:27:47,EO/MM,3.0,Wuschel,39.0,xAAynannannannannannannannannannannannannannan,AA,1,non-partner,AAnannannannannannannannannannannannannannan,2
505,625,before_phees_2022-03-16_09-27-47_0000063_labelled_Nougatti_pheeseq_06.txt,x,A,A,y,,,,,,,,,,,,,,,before,phees,2022-03-16,09-27-47,Nougatti,2022-03-16 09:27:47,EO/MM,3.0,Wuschel,40.0,xAAynannannannannannannannannannannannannannan,AA,1,non-partner,AAnannannannannannannannannannannannannannan,2
506,626,before_phees_2022-03-16_09-27-47_0000063_labelled_Nougatti_pheeseq_12.txt,x,A,P,A,y,,,,,,,,,,,,,,before,phees,2022-03-16,09-27-47,Nougatti,2022-03-16 09:27:47,EO/MM,3.0,Wuschel,41.0,xAPAynannannannannannannannannannannannannan,APA,3,non-partner,APAnannannannannannannannannannannannannan,3
507,627,before_phees_2022-03-16_09-27-47_0000063_labelled_Nougatti_pheeseq_12.txt,x,A,P,A,y,,,,,,,,,,,,,,before,phees,2022-03-16,09-27-47,Nougatti,2022-03-16 09:27:47,EO/MM,3.0,Wuschel,42.0,xAPAynannannannannannannannannannannannannan,APA,3,non-partner,APAnannannannannannannannannannannannannan,3
508,628,before_phees_2022-03-16_09-27-47_0000063_labelled_Nougatti_pheeseq_11.txt,x,A,A,y,,,,,,,,,,,,,,,before,phees,2022-03-16,09-27-47,Nougatti,2022-03-16 09:27:47,EO/MM,3.0,Wuschel,47.0,xAAynannannannannannannannannannannannannannan,AA,3,non-partner,AAnannannannannannannannannannannannannannan,2
509,629,before_phees_2022-03-16_09-27-47_0000063_labelled_Nougatti_pheeseq_11.txt,x,A,A,y,,,,,,,,,,,,,,,before,phees,2022-03-16,09-27-47,Nougatti,2022-03-16 09:27:47,EO/MM,3.0,Wuschel,48.0,xAAynannannannannannannannannannannannannannan,AA,3,non-partner,AAnannannannannannannannannannannannannannan,2
510,630,before_phees_2022-03-16_09-27-47_0000063_labelled_Nougatti_pheeseq_10.txt,x,A,A,y,,,,,,,,,,,,,,,before,phees,2022-03-16,09-27-47,Nougatti,2022-03-16 09:27:47,EO/MM,3.0,Wuschel,51.0,xAAynannannannannannannannannannannannannannan,AA,3,non-partner,AAnannannannannannannannannannannannannannan,2
511,631,before_phees_2022-03-16_09-27-47_0000063_labelled_Nougatti_pheeseq_10.txt,x,A,A,y,,,,,,,,,,,,,,,before,phees,2022-03-16,09-27-47,Nougatti,2022-03-16 09:27:47,EO/MM,3.0,Wuschel,52.0,xAAynannannannannannannannannannannannannannan,AA,3,non-partner,AAnannannannannannannannannannannannannannan,2
512,632,before_phees_2022-03-16_10-12-17_0000065_labelled_Odin_pheeseq_02.txt,x,A,A,A,y,,,,,,,,,,,,,,before,phees,2022-03-16,10-12-17,Odin,2022-03-16 10:12:17,EO/MM,4.0,Lola,1.0,xAAAynannannannannannannannannannannannannan,AAA,1,non-partner,AAAnannannannannannannannannannannannannan,3
513,633,before_phees_2022-03-16_10-12-17_0000065_labelled_Odin_pheeseq_01.txt,x,A,A,A,y,,,,,,,,,,,,,,before,phees,2022-03-16,10-12-17,Odin,2022-03-16 10:12:17,EO/MM,4.0,Lola,2.0,xAAAynannannannannannannannannannannannannan,AAA,1,non-partner,AAAnannannannannannannannannannannannannan,3
514,634,before_phees_2022-03-16_10-12-17_0000065_labelled_Odin_pheeseq_10.txt,x,A,A,y,,,,,,,,,,,,,,,before,phees,2022-03-16,10-12-17,Odin,2022-03-16 10:12:17,EO/MM,4.0,Lola,3.0,xAAynannannannannannannannannannannannannannan,AA,1,non-partner,AAnannannannannannannannannannannannannannan,2
515,635,before_trills_2022-03-16_10-12-18_0000065_labelled_Odin_pheeseq_56.txt,P,A,P,,,,,,,,,,,,,,,,before,trills,2022-03-16,10-12-18,Odin,2022-03-16 10:12:18,EO/MM,4.0,Lola,5.0,PAPnannannannannannannannannannannannannannannan,PAP,3,non-partner,PAPnannannannannannannannannannannannannannannan,3
516,636,before_trills_2022-03-16_13-53-06_0000067_labelled_Odin_pheeseq_03.txt,x,A,P,P,A,P,,,,,,,,,,,,,before,trills,2022-03-16,13-53-06,Odin,2022-03-16 13:53:06,EO/MM,5.0,Olympia,1.0,xAPPAPnannannannannannannannannannannannan,APPAP,1,non-partner,APPAPnannannannannannannannannannannannan,5
517,643,before_phees_2022-03-16_14-28-55_0000068_labelled_Tabor_pheeseq_06.txt,x,A,A,y,,,,,,,,,,,,,,,before,phees,2022-03-16,14-28-55,Tabor,2022-03-16 14:28:55,EO/MM,4.0,Lola,7.0,xAAynannannannannannannannannannannannannannan,AA,1,partner,AAnannannannannannannannannannannannannannan,2
518,644,before_phees_2022-03-16_14-28-55_0000068_labelled_Tabor_pheeseq_06.txt,x,A,A,y,,,,,,,,,,,,,,,before,phees,2022-03-16,14-28-55,Tabor,2022-03-16 14:28:55,EO/MM,4.0,Lola,8.0,xAAynannannannannannannannannannannannannannan,AA,1,partner,AAnannannannannannannannannannannannannannan,2
519,645,before_phees_2022-03-16_14-28-55_0000068_labelled_Tabor_pheeseq_01.txt,x,A,A,y,,,,,,,,,,,,,,,before,phees,2022-03-16,14-28-55,Tabor,2022-03-16 14:28:55,EO/MM,4.0,Lola,9.0,xAAynannannannannannannannannannannannannannan,AA,1,partner,AAnannannannannannannannannannannannannannan,2
520,646,before_phees_2022-03-16_14-28-55_0000068_labelled_Tabor_pheeseq_01.txt,x,A,A,y,,,,,,,,,,,,,,,before,phees,2022-03-16,14-28-55,Tabor,2022-03-16 14:28:55,EO/MM,4.0,Lola,10.0,xAAynannannannannannannannannannannannannannan,AA,1,partner,AAnannannannannannannannannannannannannannan,2
521,649,before_phees_2022-03-17_14-11-17_0000076_labelled_Lola_pheeseq_04.txt,x,A,A,y,,,,,,,,,,,,,,,before,phees,2022-03-17,14-11-17,Lola,2022-03-17 14:11:17,RB/MM,5.0,Odin,1.0,xAAynannannannannannannannannannannannannannan,AA,1,non-partner,AAnannannannannannannannannannannannannannan,2
522,652,before_phees_2022-03-17_14-11-17_0000076_labelled_Lola_pheeseq_19.txt,x,A,A,y,,,,,,,,,,,,,,,before,phees,2022-03-17,14-11-17,Lola,2022-03-17 14:11:17,RB/MM,5.0,Odin,4.0,xAAynannannannannannannannannannannannannannan,AA,1,non-partner,AAnannannannannannannannannannannannannannan,2
523,654,before_phees_2022-03-17_14-11-17_0000076_labelled_Odin_pheeseq_12.txt,x,R,A,y,,,,,,,,,,,,,,,before,phees,2022-03-17,14-11-17,Odin,2022-03-17 14:11:17,RB/MM,5.0,Lola,2.0,xRAynannannannannannannannannannannannannannan,RA,1,non-partner,RAnannannannannannannannannannannannannannan,2
524,655,before_trills_2022-03-17_14-11-20_0000076_labelled_Odin_pheeseq_100.txt,x,A,P,,,,,,,,,,,,,,,,before,trills,2022-03-17,14-11-20,Odin,2022-03-17 14:11:20,RB/MM,5.0,Lola,3.0,xAPnannannannannannannannannannannannannannannan,AP,3,non-partner,APnannannannannannannannannannannannannannannan,2
525,656,before_trills_2022-03-17_14-11-20_0000076_labelled_Odin_pheeseq_22.txt,x,R,A,P,,,,,,,,,,,,,,,before,trills,2022-03-17,14-11-20,Odin,2022-03-17 14:11:20,RB/MM,5.0,Lola,4.0,xRAPnannannannannannannannannannannannannannan,RAP,1,non-partner,RAPnannannannannannannannannannannannannannan,3
526,657,before_trills_2022-03-17_14-11-20_0000076_labelled_Odin_pheeseq_105.txt,x,R,A,y,,,,,,,,,,,,,,,before,trills,2022-03-17,14-11-20,Odin,2022-03-17 14:11:20,RB/MM,5.0,Lola,5.0,xRAynannannannannannannannannannannannannannan,RA,3,non-partner,RAnannannannannannannannannannannannannannan,2
527,659,before_trills_2022-03-17_14-11-20_0000076_labelled_Odin_pheeseq_32.txt,x,A,P,,,,,,,,,,,,,,,,before,trills,2022-03-17,14-11-20,Odin,2022-03-17 14:11:20,RB/MM,5.0,Lola,7.0,xAPnannannannannannannannannannannannannannannan,AP,1,non-partner,APnannannannannannannannannannannannannannannan,2
528,660,before_phees_2022-03-17_14-11-17_0000076_labelled_Odin_pheeseq_14.txt,x,R,A,y,,,,,,,,,,,,,,,before,phees,2022-03-17,14-11-17,Odin,2022-03-17 14:11:17,RB/MM,5.0,Lola,8.0,xRAynannannannannannannannannannannannannannan,RA,1,non-partner,RAnannannannannannannannannannannannannannan,2
529,661,before_trills_2022-03-17_14-11-20_0000076_labelled_Odin_pheeseq_93.txt,x,R,A,P,,,,,,,,,,,,,,,before,trills,2022-03-17,14-11-20,Odin,2022-03-17 14:11:20,RB/MM,5.0,Lola,10.0,xRAPnannannannannannannannannannannannannannan,RAP,3,non-partner,RAPnannannannannannannannannannannannannannan,3
530,664,before_phees_2022-03-17_13-35-29_0000074_labelled_Olympia_pheeseq_22.txt,x,A,P,,,,,,,,,,,,,,,,before,phees,2022-03-17,13-35-29,Olympia,2022-03-17 13:35:29,RB/MM,5.0,Tabor,3.0,xAPnannannannannannannannannannannannannannannan,AP,3,non-partner,APnannannannannannannannannannannannannannannan,2
531,666,before_phees_2022-03-17_13-35-29_0000074_labelled_Olympia_pheeseq_20.txt,x,A,A,y,,,,,,,,,,,,,,,before,phees,2022-03-17,13-35-29,Olympia,2022-03-17 13:35:29,RB/MM,5.0,Tabor,5.0,xAAynannannannannannannannannannannannannannan,AA,3,non-partner,AAnannannannannannannannannannannannannannan,2
532,667,before_phees_2022-03-17_13-35-29_0000074_labelled_Olympia_pheeseq_25.txt,x,A,A,y,,,,,,,,,,,,,,,before,phees,2022-03-17,13-35-29,Olympia,2022-03-17 13:35:29,RB/MM,5.0,Tabor,6.0,xAAynannannannannannannannannannannannannannan,AA,3,non-partner,AAnannannannannannannannannannannannannannan,2
533,668,before_phees_2022-03-17_13-35-29_0000074_labelled_Olympia_pheeseq_18.txt,x,A,A,y,,,,,,,,,,,,,,,before,phees,2022-03-17,13-35-29,Olympia,2022-03-17 13:35:29,RB/MM,5.0,Tabor,7.0,xAAynannannannannannannannannannannannannannan,AA,3,non-partner,AAnannannannannannannannannannannannannannan,2
534,671,before_trills_2022-03-17_09-51-17_0000070_labelled_Olympia_pheeseq_07.txt,x,R,A,y,,,,,,,,,,,,,,,before,trills,2022-03-17,09-51-17,Olympia,2022-03-17 09:51:17,RB/MM,4.0,Wuschel,2.0,xRAynannannannannannannannannannannannannannan,RA,1,partner,RAnannannannannannannannannannannannannannan,2
535,672,before_trills_2022-03-17_09-57-25_0000071_labelled_Olympia_pheeseq_04.txt,x,A,A,P,,,,,,,,,,,,,,,before,trills,2022-03-17,09-57-25,Olympia,2022-03-17 09:57:25,RB/MM,4.0,Wuschel,4.0,xAAPnannannannannannannannannannannannannannan,AAP,1,partner,AAPnannannannannannannannannannannannannannan,3
536,673,before_phees_2022-03-17_09-51-16_0000070_labelled_Olympia_pheeseq_02.txt,x,A,A,y,,,,,,,,,,,,,,,before,phees,2022-03-17,09-51-16,Olympia,2022-03-17 09:51:16,RB/MM,4.0,Wuschel,5.0,xAAynannannannannannannannannannannannannannan,AA,1,partner,AAnannannannannannannannannannannannannannan,2
537,674,before_phees_2022-03-17_09-51-16_0000070_labelled_Olympia_pheeseq_15.txt,x,A,A,y,,,,,,,,,,,,,,,before,phees,2022-03-17,09-51-16,Olympia,2022-03-17 09:51:16,RB/MM,4.0,Wuschel,6.0,xAAynannannannannannannannannannannannannannan,AA,3,partner,AAnannannannannannannannannannannannannannan,2
538,676,before_trills_2022-03-17_09-51-17_0000070_labelled_Olympia_pheeseq_19.txt,x,R,A,y,,,,,,,,,,,,,,,before,trills,2022-03-17,09-51-17,Olympia,2022-03-17 09:51:17,RB/MM,4.0,Wuschel,8.0,xRAynannannannannannannannannannannannannannan,RA,1,partner,RAnannannannannannannannannannannannannannan,2
539,678,before_trills_2022-03-17_13-35-30_0000074_labelled_Tabor_pheeseq_04.txt,x,A,A,A,P,,,,,,,,,,,,,,before,trills,2022-03-17,13-35-30,Tabor,2022-03-17 13:35:30,RB/MM,5.0,Olympia,1.0,xAAAPnannannannannannannannannannannannannan,AAAP,1,non-partner,AAAPnannannannannannannannannannannannannan,4
540,679,before_trills_2022-03-17_13-35-30_0000074_labelled_Tabor_pheeseq_05.txt,x,A,A,A,P,P,,,,,,,,,,,,,before,trills,2022-03-17,13-35-30,Tabor,2022-03-17 13:35:30,RB/MM,5.0,Olympia,2.0,xAAAPPnannannannannannannannannannannannan,AAAPP,1,non-partner,AAAPPnannannannannannannannannannannannan,5
541,680,before_trills_2022-03-17_13-35-30_0000074_labelled_Tabor_pheeseq_06.txt,x,A,A,A,A,P,,,,,,,,,,,,,before,trills,2022-03-17,13-35-30,Tabor,2022-03-17 13:35:30,RB/MM,5.0,Olympia,3.0,xAAAAPnannannannannannannannannannannannan,AAAAP,1,non-partner,AAAAPnannannannannannannannannannannannan,5
542,681,before_phees_2022-03-17_13-35-29_0000074_labelled_Tabor_pheeseq_08.txt,x,A,A,A,A,P,P,P,,,,,,,,,,,before,phees,2022-03-17,13-35-29,Tabor,2022-03-17 13:35:29,RB/MM,5.0,Olympia,4.0,xAAAAPPPnannannannannannannannannannan,AAAAPPP,1,non-partner,AAAAPPPnannannannannannannannannannan,7
543,682,before_phees_2022-03-17_13-35-29_0000074_labelled_Tabor_pheeseq_09.txt,x,A,A,A,A,P,P,P,,,,,,,,,,,before,phees,2022-03-17,13-35-29,Tabor,2022-03-17 13:35:29,RB/MM,5.0,Olympia,5.0,xAAAAPPPnannannannannannannannannannan,AAAAPPP,1,non-partner,AAAAPPPnannannannannannannannannannan,7
544,683,before_phees_2022-03-17_13-35-29_0000074_labelled_Tabor_pheeseq_10.txt,x,A,A,A,y,,,,,,,,,,,,,,before,phees,2022-03-17,13-35-29,Tabor,2022-03-17 13:35:29,RB/MM,5.0,Olympia,6.0,xAAAynannannannannannannannannannannannannan,AAA,1,non-partner,AAAnannannannannannannannannannannannannan,3
545,684,before_phees_2022-03-17_13-35-29_0000074_labelled_Tabor_pheeseq_04.txt,x,A,A,A,P,,,,,,,,,,,,,,before,phees,2022-03-17,13-35-29,Tabor,2022-03-17 13:35:29,RB/MM,5.0,Olympia,7.0,xAAAPnannannannannannannannannannannannannan,AAAP,1,non-partner,AAAPnannannannannannannannannannannannannan,4
546,685,before_phees_2022-03-17_13-35-29_0000074_labelled_Tabor_pheeseq_05.txt,x,A,A,A,P,,,,,,,,,,,,,,before,phees,2022-03-17,13-35-29,Tabor,2022-03-17 13:35:29,RB/MM,5.0,Olympia,8.0,xAAAPnannannannannannannannannannannannannan,AAAP,1,non-partner,AAAPnannannannannannannannannannannannannan,4
547,686,before_phees_2022-03-17_13-35-29_0000074_labelled_Tabor_pheeseq_07.txt,x,A,A,A,P,P,P,,,,,,,,,,,,before,phees,2022-03-17,13-35-29,Tabor,2022-03-17 13:35:29,RB/MM,5.0,Olympia,9.0,xAAAPPPnannannannannannannannannannannan,AAAPPP,1,non-partner,AAAPPPnannannannannannannannannannannan,6
548,687,before_phees_2022-03-17_13-35-29_0000074_labelled_Tabor_pheeseq_02.txt,x,A,A,A,A,y,,,,,,,,,,,,,before,phees,2022-03-17,13-35-29,Tabor,2022-03-17 13:35:29,RB/MM,5.0,Olympia,10.0,xAAAAynannannannannannannannannannannannan,AAAA,1,non-partner,AAAAnannannannannannannannannannannannan,4
549,688,before_phees_2022-03-17_13-35-29_0000074_labelled_Tabor_pheeseq_03.txt,x,A,A,A,A,y,,,,,,,,,,,,,before,phees,2022-03-17,13-35-29,Tabor,2022-03-17 13:35:29,RB/MM,5.0,Olympia,11.0,xAAAAynannannannannannannannannannannannan,AAAA,1,non-partner,AAAAnannannannannannannannannannannannan,4
550,689,before_phees_2022-03-17_13-35-29_0000074_labelled_Tabor_pheeseq_01.txt,x,A,A,A,A,y,,,,,,,,,,,,,before,phees,2022-03-17,13-35-29,Tabor,2022-03-17 13:35:29,RB/MM,5.0,Olympia,12.0,xAAAAynannannannannannannannannannannannan,AAAA,1,non-partner,AAAAnannannannannannannannannannannannan,4
551,690,before_phees_2022-03-17_13-35-29_0000074_labelled_Tabor_pheeseq_14.txt,x,A,A,A,A,P,,,,,,,,,,,,,before,phees,2022-03-17,13-35-29,Tabor,2022-03-17 13:35:29,RB/MM,5.0,Olympia,13.0,xAAAAPnannannannannannannannannannannannan,AAAAP,1,non-partner,AAAAPnannannannannannannannannannannannan,5
552,691,before_phees_2022-03-17_09-51-16_0000070_labelled_Wuschel_pheeseq_23.txt,x,A,A,y,,,,,,,,,,,,,,,before,phees,2022-03-17,09-51-16,Wuschel,2022-03-17 09:51:16,RB/MM,4.0,Olympia,1.0,xAAynannannannannannannannannannannannannannan,AA,3,partner,AAnannannannannannannannannannannannannannan,2
553,692,before_phees_2022-03-17_09-51-16_0000070_labelled_Wuschel_pheeseq_20.txt,P,P,A,A,y,,,,,,,,,,,,,,before,phees,2022-03-17,09-51-16,Wuschel,2022-03-17 09:51:16,RB/MM,4.0,Olympia,2.0,PPAAynannannannannannannannannannannannannan,PPAA,3,partner,PPAAnannannannannannannannannannannannannan,4
554,693,before_trills_2022-03-17_09-51-17_0000070_labelled_Wuschel_pheeseq_03.txt,x,A,A,y,,,,,,,,,,,,,,,before,trills,2022-03-17,09-51-17,Wuschel,2022-03-17 09:51:17,RB/MM,4.0,Olympia,3.0,xAAynannannannannannannannannannannannannannan,AA,1,partner,AAnannannannannannannannannannannannannannan,2
555,694,before_phees_2022-03-17_09-51-16_0000070_labelled_Wuschel_pheeseq_13.txt,x,A,A,y,,,,,,,,,,,,,,,before,phees,2022-03-17,09-51-16,Wuschel,2022-03-17 09:51:16,RB/MM,4.0,Olympia,4.0,xAAynannannannannannannannannannannannannannan,AA,3,partner,AAnannannannannannannannannannannannannannan,2
556,695,before_trills_2022-03-18_10-23-10_0000086_labelled_Nougatti_pheeseq_16.txt,x,A,A,P,,,,,,,,,,,,,,,before,trills,2022-03-18,10-23-10,Nougatti,2022-03-18 10:23:10,RB/MM,5.0,Odin,1.0,xAAPnannannannannannannannannannannannannannan,AAP,1,partner,AAPnannannannannannannannannannannannannannan,3
557,696,before_trills_2022-03-18_10-23-10_0000086_labelled_Nougatti_pheeseq_28.txt,x,A,A,A,y,,,,,,,,,,,,,,before,trills,2022-03-18,10-23-10,Nougatti,2022-03-18 10:23:10,RB/MM,5.0,Odin,2.0,xAAAynannannannannannannannannannannannannan,AAA,1,partner,AAAnannannannannannannannannannannannannan,3
558,697,before_trills_2022-03-18_10-23-10_0000086_labelled_Nougatti_pheeseq_06.txt,S,A,A,P,,,,,,,,,,,,,,,before,trills,2022-03-18,10-23-10,Nougatti,2022-03-18 10:23:10,RB/MM,5.0,Odin,3.0,SAAPnannannannannannannannannannannannannannan,SAAP,1,partner,SAAPnannannannannannannannannannannannannannan,4
559,698,before_trills_2022-03-18_10-23-10_0000086_labelled_Nougatti_pheeseq_149.txt,x,R,A,P,,,,,,,,,,,,,,,before,trills,2022-03-18,10-23-10,Nougatti,2022-03-18 10:23:10,RB/MM,5.0,Odin,4.0,xRAPnannannannannannannannannannannannannannan,RAP,3,partner,RAPnannannannannannannannannannannannannannan,3
560,699,before_trills_2022-03-18_10-23-10_0000086_labelled_Nougatti_pheeseq_61.txt,x,A,A,P,,,,,,,,,,,,,,,before,trills,2022-03-18,10-23-10,Nougatti,2022-03-18 10:23:10,RB/MM,5.0,Odin,5.0,xAAPnannannannannannannannannannannannannannan,AAP,1,partner,AAPnannannannannannannannannannannannannannan,3
561,700,before_trills_2022-03-18_10-23-10_0000086_labelled_Nougatti_pheeseq_111.txt,x,A,A,P,P,,,,,,,,,,,,,,before,trills,2022-03-18,10-23-10,Nougatti,2022-03-18 10:23:10,RB/MM,5.0,Odin,6.0,xAAPPnannannannannannannannannannannannannan,AAPP,3,partner,AAPPnannannannannannannannannannannannannan,4
562,701,before_trills_2022-03-18_10-23-10_0000086_labelled_Nougatti_pheeseq_72.txt,x,A,A,A,y,,,,,,,,,,,,,,before,trills,2022-03-18,10-23-10,Nougatti,2022-03-18 10:23:10,RB/MM,5.0,Odin,7.0,xAAAynannannannannannannannannannannannannan,AAA,1,partner,AAAnannannannannannannannannannannannannan,3
563,702,before_trills_2022-03-18_10-23-10_0000086_labelled_Nougatti_pheeseq_128.txt,x,A,A,A,P,,,,,,,,,,,,,,before,trills,2022-03-18,10-23-10,Nougatti,2022-03-18 10:23:10,RB/MM,5.0,Odin,8.0,xAAAPnannannannannannannannannannannannannan,AAAP,3,partner,AAAPnannannannannannannannannannannannannan,4
564,703,before_trills_2022-03-18_10-23-10_0000086_labelled_Nougatti_pheeseq_73.txt,x,A,A,P,,,,,,,,,,,,,,,before,trills,2022-03-18,10-23-10,Nougatti,2022-03-18 10:23:10,RB/MM,5.0,Odin,9.0,xAAPnannannannannannannannannannannannannannan,AAP,1,partner,AAPnannannannannannannannannannannannannannan,3
565,704,before_trills_2022-03-18_10-23-10_0000086_labelled_Nougatti_pheeseq_64.txt,x,A,A,A,P,,,,,,,,,,,,,,before,trills,2022-03-18,10-23-10,Nougatti,2022-03-18 10:23:10,RB/MM,5.0,Odin,10.0,xAAAPnannannannannannannannannannannannannan,AAAP,1,partner,AAAPnannannannannannannannannannannannannan,4
566,705,before_trills_2022-03-18_10-23-10_0000086_labelled_Nougatti_pheeseq_40.txt,x,A,A,A,y,,,,,,,,,,,,,,before,trills,2022-03-18,10-23-10,Nougatti,2022-03-18 10:23:10,RB/MM,5.0,Odin,11.0,xAAAynannannannannannannannannannannannannan,AAA,1,partner,AAAnannannannannannannannannannannannannan,3
567,706,before_trills_2022-03-18_10-23-10_0000086_labelled_Nougatti_pheeseq_68.txt,x,A,P,,,,,,,,,,,,,,,,before,trills,2022-03-18,10-23-10,Nougatti,2022-03-18 10:23:10,RB/MM,5.0,Odin,12.0,xAPnannannannannannannannannannannannannannannan,AP,1,partner,APnannannannannannannannannannannannannannannan,2
568,707,before_trills_2022-03-18_10-23-10_0000086_labelled_Nougatti_pheeseq_56.txt,x,A,A,P,,,,,,,,,,,,,,,before,trills,2022-03-18,10-23-10,Nougatti,2022-03-18 10:23:10,RB/MM,5.0,Odin,13.0,xAAPnannannannannannannannannannannannannannan,AAP,1,partner,AAPnannannannannannannannannannannannannannan,3
569,708,before_trills_2022-03-18_10-23-10_0000086_labelled_Nougatti_pheeseq_119.txt,x,A,P,,,,,,,,,,,,,,,,before,trills,2022-03-18,10-23-10,Nougatti,2022-03-18 10:23:10,RB/MM,5.0,Odin,14.0,xAPnannannannannannannannannannannannannannannan,AP,3,partner,APnannannannannannannannannannannannannannannan,2
570,709,before_trills_2022-03-18_10-23-10_0000086_labelled_Nougatti_pheeseq_131.txt,x,R,A,P,P,,,,,,,,,,,,,,before,trills,2022-03-18,10-23-10,Nougatti,2022-03-18 10:23:10,RB/MM,5.0,Odin,15.0,xRAPPnannannannannannannannannannannannannan,RAPP,3,partner,RAPPnannannannannannannannannannannannannan,4
571,710,before_trills_2022-03-18_10-23-10_0000086_labelled_Nougatti_pheeseq_43.txt,S,A,A,y,,,,,,,,,,,,,,,before,trills,2022-03-18,10-23-10,Nougatti,2022-03-18 10:23:10,RB/MM,5.0,Odin,16.0,SAAynannannannannannannannannannannannannannan,SAA,1,partner,SAAnannannannannannannannannannannannannannan,3
572,711,before_trills_2022-03-18_10-23-10_0000086_labelled_Nougatti_pheeseq_47.txt,T,K,K,A,P,,,,,,,,,,,,,,before,trills,2022-03-18,10-23-10,Nougatti,2022-03-18 10:23:10,RB/MM,5.0,Odin,17.0,TKKAPnannannannannannannannannannannannannan,TKKAP,1,partner,TKKAPnannannannannannannannannannannannannan,5
573,712,before_trills_2022-03-18_10-23-10_0000086_labelled_Nougatti_pheeseq_34.txt,x,R,A,P,,,,,,,,,,,,,,,before,trills,2022-03-18,10-23-10,Nougatti,2022-03-18 10:23:10,RB/MM,5.0,Odin,18.0,xRAPnannannannannannannannannannannannannannan,RAP,1,partner,RAPnannannannannannannannannannannannannannan,3
574,713,before_trills_2022-03-18_10-23-10_0000086_labelled_Nougatti_pheeseq_24.txt,T,K,K,S,A,A,P,,,,,,,,,,,,before,trills,2022-03-18,10-23-10,Nougatti,2022-03-18 10:23:10,RB/MM,5.0,Odin,19.0,TKKSAAPnannannannannannannannannannannan,TKKSAAP,1,partner,TKKSAAPnannannannannannannannannannannan,7
575,714,before_trills_2022-03-18_10-23-10_0000086_labelled_Nougatti_pheeseq_33.txt,x,A,A,P,,,,,,,,,,,,,,,before,trills,2022-03-18,10-23-10,Nougatti,2022-03-18 10:23:10,RB/MM,5.0,Odin,20.0,xAAPnannannannannannannannannannannannannannan,AAP,1,partner,AAPnannannannannannannannannannannannannannan,3
576,715,before_trills_2022-03-18_10-23-10_0000086_labelled_Nougatti_pheeseq_141.txt,x,A,P,P,,,,,,,,,,,,,,,before,trills,2022-03-18,10-23-10,Nougatti,2022-03-18 10:23:10,RB/MM,5.0,Odin,21.0,xAPPnannannannannannannannannannannannannannan,APP,3,partner,APPnannannannannannannannannannannannannannan,3
577,716,before_trills_2022-03-18_10-23-10_0000086_labelled_Odin_pheeseq_109.txt,x,A,A,A,y,,,,,,,,,,,,,,before,trills,2022-03-18,10-23-10,Odin,2022-03-18 10:23:10,RB/MM,5.0,Nougatti,1.0,xAAAynannannannannannannannannannannannannan,AAA,3,partner,AAAnannannannannannannannannannannannannan,3
578,718,before_trills_2022-03-18_10-23-10_0000086_labelled_Odin_pheeseq_137.txt,x,A,A,y,,,,,,,,,,,,,,,before,trills,2022-03-18,10-23-10,Odin,2022-03-18 10:23:10,RB/MM,5.0,Nougatti,3.0,xAAynannannannannannannannannannannannannannan,AA,3,partner,AAnannannannannannannannannannannannannannan,2
579,719,before_trills_2022-03-18_10-23-10_0000086_labelled_Odin_pheeseq_42.txt,x,A,A,y,,,,,,,,,,,,,,,before,trills,2022-03-18,10-23-10,Odin,2022-03-18 10:23:10,RB/MM,5.0,Nougatti,4.0,xAAynannannannannannannannannannannannannannan,AA,1,partner,AAnannannannannannannannannannannannannannan,2
580,722,before_trills_2022-03-18_10-23-10_0000086_labelled_Odin_pheeseq_31.txt,x,A,A,y,,,,,,,,,,,,,,,before,trills,2022-03-18,10-23-10,Odin,2022-03-18 10:23:10,RB/MM,5.0,Nougatti,7.0,xAAynannannannannannannannannannannannannannan,AA,1,partner,AAnannannannannannannannannannannannannannan,2
581,723,before_trills_2022-03-18_10-23-10_0000086_labelled_Odin_pheeseq_147.txt,x,A,P,,,,,,,,,,,,,,,,before,trills,2022-03-18,10-23-10,Odin,2022-03-18 10:23:10,RB/MM,5.0,Nougatti,8.0,xAPnannannannannannannannannannannannannannannan,AP,3,partner,APnannannannannannannannannannannannannannannan,2
582,725,before_trills_2022-03-18_10-23-10_0000086_labelled_Odin_pheeseq_39.txt,x,R,A,y,,,,,,,,,,,,,,,before,trills,2022-03-18,10-23-10,Odin,2022-03-18 10:23:10,RB/MM,5.0,Nougatti,10.0,xRAynannannannannannannannannannannannannannan,RA,1,partner,RAnannannannannannannannannannannannannannan,2
583,727,before_trills_2022-03-18_10-23-10_0000086_labelled_Odin_pheeseq_15.txt,x,R,A,y,,,,,,,,,,,,,,,before,trills,2022-03-18,10-23-10,Odin,2022-03-18 10:23:10,RB/MM,5.0,Nougatti,12.0,xRAynannannannannannannannannannannannannannan,RA,1,partner,RAnannannannannannannannannannannannannannan,2
584,728,before_phees_2022-03-18_10-23-09_0000086_labelled_Odin_pheeseq_06.txt,x,A,A,A,y,,,,,,,,,,,,,,before,phees,2022-03-18,10-23-09,Odin,2022-03-18 10:23:09,RB/MM,5.0,Nougatti,13.0,xAAAynannannannannannannannannannannannannan,AAA,1,partner,AAAnannannannannannannannannannannannannan,3
585,729,before_trills_2022-03-18_10-23-10_0000086_labelled_Odin_pheeseq_59.txt,x,A,P,,,,,,,,,,,,,,,,before,trills,2022-03-18,10-23-10,Odin,2022-03-18 10:23:10,RB/MM,5.0,Nougatti,14.0,xAPnannannannannannannannannannannannannannannan,AP,1,partner,APnannannannannannannannannannannannannannannan,2
586,730,before_trills_2022-03-18_10-23-10_0000086_labelled_Odin_pheeseq_63.txt,x,A,A,P,,,,,,,,,,,,,,,before,trills,2022-03-18,10-23-10,Odin,2022-03-18 10:23:10,RB/MM,5.0,Nougatti,15.0,xAAPnannannannannannannannannannannannannannan,AAP,1,partner,AAPnannannannannannannannannannannannannannan,3
587,732,before_trills_2022-03-18_09-14-46_0000079_labelled_Olympia_pheeseq_02.txt,x,A,A,y,,,,,,,,,,,,,,,before,trills,2022-03-18,09-14-46,Olympia,2022-03-18 09:14:46,RB/MM,5.0,Wuschel,1.0,xAAynannannannannannannannannannannannannannan,AA,1,partner,AAnannannannannannannannannannannannannannan,2
588,733,before_trills_2022-03-18_09-14-46_0000079_labelled_Olympia_pheeseq_02.txt,x,A,A,y,,,,,,,,,,,,,,,before,trills,2022-03-18,09-14-46,Olympia,2022-03-18 09:14:46,RB/MM,5.0,Wuschel,2.0,xAAynannannannannannannannannannannannannannan,AA,1,partner,AAnannannannannannannannannannannannannannan,2
589,734,before_trills_2022-03-18_09-14-46_0000079_labelled_Olympia_pheeseq_04.txt,x,R,A,y,,,,,,,,,,,,,,,before,trills,2022-03-18,09-14-46,Olympia,2022-03-18 09:14:46,RB/MM,5.0,Wuschel,3.0,xRAynannannannannannannannannannannannannannan,RA,1,partner,RAnannannannannannannannannannannannannannan,2
590,735,before_trills_2022-03-18_09-14-46_0000079_labelled_Olympia_pheeseq_04.txt,x,R,A,y,,,,,,,,,,,,,,,before,trills,2022-03-18,09-14-46,Olympia,2022-03-18 09:14:46,RB/MM,5.0,Wuschel,4.0,xRAynannannannannannannannannannannannannannan,RA,1,partner,RAnannannannannannannannannannannannannannan,2
591,736,before_phees_2022-03-18_09-14-46_0000079_labelled_Olympia_pheeseq_14.txt,x,A,A,y,,,,,,,,,,,,,,,before,phees,2022-03-18,09-14-46,Olympia,2022-03-18 09:14:46,RB/MM,5.0,Wuschel,5.0,xAAynannannannannannannannannannannannannannan,AA,3,partner,AAnannannannannannannannannannannannannannan,2
592,737,before_phees_2022-03-18_09-14-46_0000079_labelled_Olympia_pheeseq_14.txt,x,A,A,y,,,,,,,,,,,,,,,before,phees,2022-03-18,09-14-46,Olympia,2022-03-18 09:14:46,RB/MM,5.0,Wuschel,6.0,xAAynannannannannannannannannannannannannannan,AA,3,partner,AAnannannannannannannannannannannannannannan,2
593,738,before_phees_2022-03-18_09-14-46_0000079_labelled_Olympia_pheeseq_16.txt,x,A,A,y,,,,,,,,,,,,,,,before,phees,2022-03-18,09-14-46,Olympia,2022-03-18 09:14:46,RB/MM,5.0,Wuschel,7.0,xAAynannannannannannannannannannannannannannan,AA,3,partner,AAnannannannannannannannannannannannannannan,2
594,739,before_phees_2022-03-18_09-14-46_0000079_labelled_Olympia_pheeseq_16.txt,x,A,A,y,,,,,,,,,,,,,,,before,phees,2022-03-18,09-14-46,Olympia,2022-03-18 09:14:46,RB/MM,5.0,Wuschel,8.0,xAAynannannannannannannannannannannannannannan,AA,3,partner,AAnannannannannannannannannannannannannannan,2
595,744,before_phees_2022-03-18_09-14-46_0000079_labelled_Olympia_pheeseq_06.txt,x,A,A,y,,,,,,,,,,,,,,,before,phees,2022-03-18,09-14-46,Olympia,2022-03-18 09:14:46,RB/MM,5.0,Wuschel,13.0,xAAynannannannannannannannannannannannannannan,AA,1,partner,AAnannannannannannannannannannannannannannan,2
596,745,before_phees_2022-03-18_09-14-46_0000079_labelled_Olympia_pheeseq_06.txt,x,A,A,y,,,,,,,,,,,,,,,before,phees,2022-03-18,09-14-46,Olympia,2022-03-18 09:14:46,RB/MM,5.0,Wuschel,14.0,xAAynannannannannannannannannannannannannannan,AA,1,partner,AAnannannannannannannannannannannannannannan,2
597,746,before_phees_2022-03-18_09-14-46_0000079_labelled_Olympia_pheeseq_04.txt,x,A,A,y,,,,,,,,,,,,,,,before,phees,2022-03-18,09-14-46,Olympia,2022-03-18 09:14:46,RB/MM,5.0,Wuschel,15.0,xAAynannannannannannannannannannannannannannan,AA,1,partner,AAnannannannannannannannannannannannannannan,2
598,747,before_phees_2022-03-18_09-14-46_0000079_labelled_Olympia_pheeseq_04.txt,x,A,A,y,,,,,,,,,,,,,,,before,phees,2022-03-18,09-14-46,Olympia,2022-03-18 09:14:46,RB/MM,5.0,Wuschel,16.0,xAAynannannannannannannannannannannannannannan,AA,1,partner,AAnannannannannannannannannannannannannannan,2
599,748,before_phees_2022-03-18_09-14-46_0000079_labelled_Olympia_pheeseq_09.txt,x,A,A,y,,,,,,,,,,,,,,,before,phees,2022-03-18,09-14-46,Olympia,2022-03-18 09:14:46,RB/MM,5.0,Wuschel,17.0,xAAynannannannannannannannannannannannannannan,AA,1,partner,AAnannannannannannannannannannannannannannan,2
600,749,before_phees_2022-03-18_09-14-46_0000079_labelled_Olympia_pheeseq_09.txt,x,A,A,y,,,,,,,,,,,,,,,before,phees,2022-03-18,09-14-46,Olympia,2022-03-18 09:14:46,RB/MM,5.0,Wuschel,18.0,xAAynannannannannannannannannannannannannannan,AA,1,partner,AAnannannannannannannannannannannannannannan,2
601,750,before_phees_2022-03-18_09-14-46_0000079_labelled_Olympia_pheeseq_33.txt,x,A,A,y,,,,,,,,,,,,,,,before,phees,2022-03-18,09-14-46,Olympia,2022-03-18 09:14:46,RB/MM,5.0,Wuschel,19.0,xAAynannannannannannannannannannannannannannan,AA,3,partner,AAnannannannannannannannannannannannannannan,2
602,751,before_phees_2022-03-18_09-14-46_0000079_labelled_Olympia_pheeseq_33.txt,x,A,A,y,,,,,,,,,,,,,,,before,phees,2022-03-18,09-14-46,Olympia,2022-03-18 09:14:46,RB/MM,5.0,Wuschel,20.0,xAAynannannannannannannannannannannannannannan,AA,3,partner,AAnannannannannannannannannannannannannannan,2
603,752,before_phees_2022-03-18_09-14-46_0000079_labelled_Olympia_pheeseq_19.txt,x,A,A,A,y,,,,,,,,,,,,,,before,phees,2022-03-18,09-14-46,Olympia,2022-03-18 09:14:46,RB/MM,5.0,Wuschel,21.0,xAAAynannannannannannannannannannannannannan,AAA,3,partner,AAAnannannannannannannannannannannannannan,3
604,753,before_phees_2022-03-18_09-14-46_0000079_labelled_Olympia_pheeseq_19.txt,x,A,A,A,y,,,,,,,,,,,,,,before,phees,2022-03-18,09-14-46,Olympia,2022-03-18 09:14:46,RB/MM,5.0,Wuschel,22.0,xAAAynannannannannannannannannannannannannan,AAA,3,partner,AAAnannannannannannannannannannannannannan,3
605,754,before_phees_2022-03-18_09-14-46_0000079_labelled_Olympia_pheeseq_18.txt,x,A,A,y,,,,,,,,,,,,,,,before,phees,2022-03-18,09-14-46,Olympia,2022-03-18 09:14:46,RB/MM,5.0,Wuschel,23.0,xAAynannannannannannannannannannannannannannan,AA,3,partner,AAnannannannannannannannannannannannannannan,2
606,755,before_phees_2022-03-18_09-14-46_0000079_labelled_Olympia_pheeseq_18.txt,x,A,A,y,,,,,,,,,,,,,,,before,phees,2022-03-18,09-14-46,Olympia,2022-03-18 09:14:46,RB/MM,5.0,Wuschel,24.0,xAAynannannannannannannannannannannannannannan,AA,3,partner,AAnannannannannannannannannannannannannannan,2
607,756,before_phees_2022-03-18_09-14-46_0000079_labelled_Olympia_pheeseq_30.txt,x,A,A,y,,,,,,,,,,,,,,,before,phees,2022-03-18,09-14-46,Olympia,2022-03-18 09:14:46,RB/MM,5.0,Wuschel,25.0,xAAynannannannannannannannannannannannannannan,AA,3,partner,AAnannannannannannannannannannannannannannan,2
608,757,before_phees_2022-03-18_09-14-46_0000079_labelled_Olympia_pheeseq_30.txt,x,A,A,y,,,,,,,,,,,,,,,before,phees,2022-03-18,09-14-46,Olympia,2022-03-18 09:14:46,RB/MM,5.0,Wuschel,26.0,xAAynannannannannannannannannannannannannannan,AA,3,partner,AAnannannannannannannannannannannannannannan,2
609,758,before_trills_2022-03-18_09-47-49_0000083_labelled_Tabor_pheeseq_07.txt,x,A,A,A,P,,,,,,,,,,,,,,before,trills,2022-03-18,09-47-49,Tabor,2022-03-18 09:47:49,RB/MM,5.0,Lola,1.0,xAAAPnannannannannannannannannannannannannan,AAAP,1,partner,AAAPnannannannannannannannannannannannannan,4
610,759,before_phees_2022-03-18_09-14-46_0000079_labelled_Wuschel_pheeseq_20.txt,x,A,A,y,,,,,,,,,,,,,,,before,phees,2022-03-18,09-14-46,Wuschel,2022-03-18 09:14:46,RB/MM,5.0,Olympia,1.0,xAAynannannannannannannannannannannannannannan,AA,3,partner,AAnannannannannannannannannannannannannannan,2
611,760,before_phees_2022-03-18_09-14-46_0000079_labelled_Wuschel_pheeseq_20.txt,x,A,A,y,,,,,,,,,,,,,,,before,phees,2022-03-18,09-14-46,Wuschel,2022-03-18 09:14:46,RB/MM,5.0,Olympia,2.0,xAAynannannannannannannannannannannannannannan,AA,3,partner,AAnannannannannannannannannannannannannannan,2
612,761,before_phees_2022-03-18_09-14-46_0000079_labelled_Wuschel_pheeseq_21.txt,x,A,A,y,,,,,,,,,,,,,,,before,phees,2022-03-18,09-14-46,Wuschel,2022-03-18 09:14:46,RB/MM,5.0,Olympia,3.0,xAAynannannannannannannannannannannannannannan,AA,3,partner,AAnannannannannannannannannannannannannannan,2
613,762,before_phees_2022-03-18_09-14-46_0000079_labelled_Wuschel_pheeseq_21.txt,x,A,A,y,,,,,,,,,,,,,,,before,phees,2022-03-18,09-14-46,Wuschel,2022-03-18 09:14:46,RB/MM,5.0,Olympia,4.0,xAAynannannannannannannannannannannannannannan,AA,3,partner,AAnannannannannannannannannannannannannannan,2
614,763,before_phees_2022-03-18_09-14-46_0000079_labelled_Wuschel_pheeseq_23.txt,x,A,A,y,,,,,,,,,,,,,,,before,phees,2022-03-18,09-14-46,Wuschel,2022-03-18 09:14:46,RB/MM,5.0,Olympia,5.0,xAAynannannannannannannannannannannannannannan,AA,3,partner,AAnannannannannannannannannannannannannannan,2
615,764,before_phees_2022-03-18_09-14-46_0000079_labelled_Wuschel_pheeseq_23.txt,x,A,A,y,,,,,,,,,,,,,,,before,phees,2022-03-18,09-14-46,Wuschel,2022-03-18 09:14:46,RB/MM,5.0,Olympia,6.0,xAAynannannannannannannannannannannannannannan,AA,3,partner,AAnannannannannannannannannannannannannannan,2
616,765,before_phees_2022-03-18_09-14-46_0000079_labelled_Wuschel_pheeseq_22.txt,x,A,A,y,,,,,,,,,,,,,,,before,phees,2022-03-18,09-14-46,Wuschel,2022-03-18 09:14:46,RB/MM,5.0,Olympia,7.0,xAAynannannannannannannannannannannannannannan,AA,3,partner,AAnannannannannannannannannannannannannannan,2
617,766,before_phees_2022-03-18_09-14-46_0000079_labelled_Wuschel_pheeseq_22.txt,x,A,A,y,,,,,,,,,,,,,,,before,phees,2022-03-18,09-14-46,Wuschel,2022-03-18 09:14:46,RB/MM,5.0,Olympia,8.0,xAAynannannannannannannannannannannannannannan,AA,3,partner,AAnannannannannannannannannannannannannannan,2
618,767,before_phees_2022-03-18_09-14-46_0000079_labelled_Wuschel_pheeseq_25.txt,x,A,A,y,,,,,,,,,,,,,,,before,phees,2022-03-18,09-14-46,Wuschel,2022-03-18 09:14:46,RB/MM,5.0,Olympia,9.0,xAAynannannannannannannannannannannannannannan,AA,3,partner,AAnannannannannannannannannannannannannannan,2
619,768,before_phees_2022-03-18_09-14-46_0000079_labelled_Wuschel_pheeseq_25.txt,x,A,A,y,,,,,,,,,,,,,,,before,phees,2022-03-18,09-14-46,Wuschel,2022-03-18 09:14:46,RB/MM,5.0,Olympia,10.0,xAAynannannannannannannannannannannannannannan,AA,3,partner,AAnannannannannannannannannannannannannannan,2
620,771,before_trills_2022-03-18_09-14-46_0000079_labelled_Wuschel_pheeseq_03.txt,x,A,A,P,,,,,,,,,,,,,,,before,trills,2022-03-18,09-14-46,Wuschel,2022-03-18 09:14:46,RB/MM,5.0,Olympia,13.0,xAAPnannannannannannannannannannannannannannan,AAP,1,partner,AAPnannannannannannannannannannannannannannan,3
621,772,before_trills_2022-03-18_09-14-46_0000079_labelled_Wuschel_pheeseq_03.txt,x,A,A,P,,,,,,,,,,,,,,,before,trills,2022-03-18,09-14-46,Wuschel,2022-03-18 09:14:46,RB/MM,5.0,Olympia,14.0,xAAPnannannannannannannannannannannannannannan,AAP,1,partner,AAPnannannannannannannannannannannannannannan,3
622,773,before_phees_2022-03-18_09-14-46_0000079_labelled_Wuschel_pheeseq_29.txt,x,A,A,y,,,,,,,,,,,,,,,before,phees,2022-03-18,09-14-46,Wuschel,2022-03-18 09:14:46,RB/MM,5.0,Olympia,15.0,xAAynannannannannannannannannannannannannannan,AA,3,partner,AAnannannannannannannannannannannannannannan,2
623,774,before_phees_2022-03-18_09-14-46_0000079_labelled_Wuschel_pheeseq_29.txt,x,A,A,y,,,,,,,,,,,,,,,before,phees,2022-03-18,09-14-46,Wuschel,2022-03-18 09:14:46,RB/MM,5.0,Olympia,16.0,xAAynannannannannannannannannannannannannannan,AA,3,partner,AAnannannannannannannannannannannannannannan,2
624,775,before_phees_2022-03-18_09-14-46_0000079_labelled_Wuschel_pheeseq_28.txt,x,A,A,y,,,,,,,,,,,,,,,before,phees,2022-03-18,09-14-46,Wuschel,2022-03-18 09:14:46,RB/MM,5.0,Olympia,17.0,xAAynannannannannannannannannannannannannannan,AA,3,partner,AAnannannannannannannannannannannannannannan,2
625,776,before_phees_2022-03-18_09-14-46_0000079_labelled_Wuschel_pheeseq_28.txt,x,A,A,y,,,,,,,,,,,,,,,before,phees,2022-03-18,09-14-46,Wuschel,2022-03-18 09:14:46,RB/MM,5.0,Olympia,18.0,xAAynannannannannannannannannannannannannannan,AA,3,partner,AAnannannannannannannannannannannannannannan,2
626,777,before_phees_2022-03-18_09-14-46_0000079_labelled_Wuschel_pheeseq_17.txt,x,A,A,y,,,,,,,,,,,,,,,before,phees,2022-03-18,09-14-46,Wuschel,2022-03-18 09:14:46,RB/MM,5.0,Olympia,19.0,xAAynannannannannannannannannannannannannannan,AA,3,partner,AAnannannannannannannannannannannannannannan,2
627,778,before_phees_2022-03-18_09-14-46_0000079_labelled_Wuschel_pheeseq_17.txt,x,A,A,y,,,,,,,,,,,,,,,before,phees,2022-03-18,09-14-46,Wuschel,2022-03-18 09:14:46,RB/MM,5.0,Olympia,20.0,xAAynannannannannannannannannannannannannannan,AA,3,partner,AAnannannannannannannannannannannannannannan,2
628,780,before_phees_2022-03-21_13-47-05_0000098_labelled_Lola_pheeseq_08.txt,x,A,A,y,,,,,,,,,,,,,,,before,phees,2022-03-21,13-47-05,Lola,2022-03-21 13:47:05,AT/MM,6.0,Tabor,1.0,xAAynannannannannannannannannannannannannannan,AA,1,partner,AAnannannannannannannannannannannannannannan,2
629,781,before_phees_2022-03-21_13-47-05_0000098_labelled_Lola_pheeseq_20.txt,x,A,A,y,,,,,,,,,,,,,,,before,phees,2022-03-21,13-47-05,Lola,2022-03-21 13:47:05,AT/MM,6.0,Tabor,2.0,xAAynannannannannannannannannannannannannannan,AA,3,partner,AAnannannannannannannannannannannannannannan,2
630,782,before_phees_2022-03-21_13-47-05_0000098_labelled_Lola_pheeseq_09.txt,P,A,A,y,,,,,,,,,,,,,,,before,phees,2022-03-21,13-47-05,Lola,2022-03-21 13:47:05,AT/MM,6.0,Tabor,3.0,PAAynannannannannannannannannannannannannannan,PAA,1,partner,PAAnannannannannannannannannannannannannannan,3
631,783,before_phees_2022-03-21_13-47-05_0000098_labelled_Lola_pheeseq_23.txt,x,A,P,A,A,y,,,,,,,,,,,,,before,phees,2022-03-21,13-47-05,Lola,2022-03-21 13:47:05,AT/MM,6.0,Tabor,4.0,xAPAAynannannannannannannannannannannannan,APAA,3,partner,APAAnannannannannannannannannannannannan,4
632,784,before_phees_2022-03-21_13-47-05_0000098_labelled_Lola_pheeseq_22.txt,x,A,P,A,A,y,,,,,,,,,,,,,before,phees,2022-03-21,13-47-05,Lola,2022-03-21 13:47:05,AT/MM,6.0,Tabor,5.0,xAPAAynannannannannannannannannannannannan,APAA,3,partner,APAAnannannannannannannannannannannannan,4
633,785,before_phees_2022-03-21_13-47-05_0000098_labelled_Lola_pheeseq_26.txt,x,A,A,y,,,,,,,,,,,,,,,before,phees,2022-03-21,13-47-05,Lola,2022-03-21 13:47:05,AT/MM,6.0,Tabor,6.0,xAAynannannannannannannannannannannannannannan,AA,3,partner,AAnannannannannannannannannannannannannannan,2
634,786,before_phees_2022-03-21_13-47-05_0000098_labelled_Lola_pheeseq_27.txt,x,A,A,y,,,,,,,,,,,,,,,before,phees,2022-03-21,13-47-05,Lola,2022-03-21 13:47:05,AT/MM,6.0,Tabor,7.0,xAAynannannannannannannannannannannannannannan,AA,3,partner,AAnannannannannannannannannannannannannannan,2
635,787,before_phees_2022-03-21_13-47-05_0000098_labelled_Lola_pheeseq_25.txt,x,A,A,y,,,,,,,,,,,,,,,before,phees,2022-03-21,13-47-05,Lola,2022-03-21 13:47:05,AT/MM,6.0,Tabor,8.0,xAAynannannannannannannannannannannannannannan,AA,3,partner,AAnannannannannannannannannannannannannannan,2
636,788,before_phees_2022-03-21_13-47-05_0000098_labelled_Lola_pheeseq_19.txt,x,A,A,y,,,,,,,,,,,,,,,before,phees,2022-03-21,13-47-05,Lola,2022-03-21 13:47:05,AT/MM,6.0,Tabor,9.0,xAAynannannannannannannannannannannannannannan,AA,3,partner,AAnannannannannannannannannannannannannannan,2
637,789,before_phees_2022-03-21_13-47-05_0000098_labelled_Lola_pheeseq_18.txt,x,A,P,A,P,,,,,,,,,,,,,,before,phees,2022-03-21,13-47-05,Lola,2022-03-21 13:47:05,AT/MM,6.0,Tabor,10.0,xAPAPnannannannannannannannannannannannannan,APAP,3,partner,APAPnannannannannannannannannannannannannan,4
638,790,before_phees_2022-03-21_13-47-05_0000098_labelled_Lola_pheeseq_24.txt,x,A,A,A,y,,,,,,,,,,,,,,before,phees,2022-03-21,13-47-05,Lola,2022-03-21 13:47:05,AT/MM,6.0,Tabor,11.0,xAAAynannannannannannannannannannannannannan,AAA,3,partner,AAAnannannannannannannannannannannannannan,3
639,791,before_phees_2022-03-21_13-47-05_0000098_labelled_Lola_pheeseq_29.txt,x,A,A,y,,,,,,,,,,,,,,,before,phees,2022-03-21,13-47-05,Lola,2022-03-21 13:47:05,AT/MM,6.0,Tabor,12.0,xAAynannannannannannannannannannannannannannan,AA,3,partner,AAnannannannannannannannannannannannannannan,2
640,792,before_phees_2022-03-21_13-47-05_0000098_labelled_Lola_pheeseq_02.txt,x,A,A,y,,,,,,,,,,,,,,,before,phees,2022-03-21,13-47-05,Lola,2022-03-21 13:47:05,AT/MM,6.0,Tabor,14.0,xAAynannannannannannannannannannannannannannan,AA,1,partner,AAnannannannannannannannannannannannannannan,2
641,797,before_trills_2022-03-21_09-28-00_0000092_labelled_Nougatti_pheeseq_21.txt,x,A,P,,,,,,,,,,,,,,,,before,trills,2022-03-21,09-28-00,Nougatti,2022-03-21 09:28:00,EO/MM,5.0,Tabor,2.0,xAPnannannannannannannannannannannannannannannan,AP,3,non-partner,APnannannannannannannannannannannannannannannan,2
642,798,before_trills_2022-03-21_09-28-00_0000092_labelled_Nougatti_pheeseq_13.txt,x,A,A,P,P,,,,,,,,,,,,,,before,trills,2022-03-21,09-28-00,Nougatti,2022-03-21 09:28:00,EO/MM,5.0,Tabor,4.0,xAAPPnannannannannannannannannannannannannan,AAPP,1,non-partner,AAPPnannannannannannannannannannannannannan,4
643,799,before_trills_2022-03-21_09-28-00_0000092_labelled_Nougatti_pheeseq_12.txt,x,A,A,A,P,,,,,,,,,,,,,,before,trills,2022-03-21,09-28-00,Nougatti,2022-03-21 09:28:00,EO/MM,5.0,Tabor,5.0,xAAAPnannannannannannannannannannannannannan,AAAP,1,non-partner,AAAPnannannannannannannannannannannannannan,4
644,800,before_trills_2022-03-21_09-28-00_0000092_labelled_Nougatti_pheeseq_10.txt,x,A,P,,,,,,,,,,,,,,,,before,trills,2022-03-21,09-28-00,Nougatti,2022-03-21 09:28:00,EO/MM,5.0,Tabor,6.0,xAPnannannannannannannannannannannannannannannan,AP,1,non-partner,APnannannannannannannannannannannannannannannan,2
645,801,before_trills_2022-03-21_09-28-00_0000092_labelled_Nougatti_pheeseq_04.txt,P,A,A,P,P,P,,,,,,,,,,,,,before,trills,2022-03-21,09-28-00,Nougatti,2022-03-21 09:28:00,EO/MM,5.0,Tabor,7.0,PAAPPPnannannannannannannannannannannannan,PAAPPP,1,non-partner,PAAPPPnannannannannannannannannannannannan,6
646,802,before_trills_2022-03-21_09-28-00_0000092_labelled_Nougatti_pheeseq_05.txt,x,A,A,A,P,P,,,,,,,,,,,,,before,trills,2022-03-21,09-28-00,Nougatti,2022-03-21 09:28:00,EO/MM,5.0,Tabor,8.0,xAAAPPnannannannannannannannannannannannan,AAAPP,1,non-partner,AAAPPnannannannannannannannannannannannan,5
647,804,before_trills_2022-03-21_09-28-00_0000092_labelled_Nougatti_pheeseq_15.txt,x,A,A,P,P,P,,,,,,,,,,,,,before,trills,2022-03-21,09-28-00,Nougatti,2022-03-21 09:28:00,EO/MM,5.0,Tabor,10.0,xAAPPPnannannannannannannannannannannannan,AAPPP,1,non-partner,AAPPPnannannannannannannannannannannannan,5
648,805,before_trills_2022-03-21_09-28-00_0000092_labelled_Nougatti_pheeseq_02.txt,x,A,A,P,P,,,,,,,,,,,,,,before,trills,2022-03-21,09-28-00,Nougatti,2022-03-21 09:28:00,EO/MM,5.0,Tabor,11.0,xAAPPnannannannannannannannannannannannannan,AAPP,1,non-partner,AAPPnannannannannannannannannannannannannan,4
649,806,before_trills_2022-03-21_13-15-59_0000096_labelled_Nougatti_pheeseq_78.txt,S,A,A,A,P,,,,,,,,,,,,,,before,trills,2022-03-21,13-15-59,Nougatti,2022-03-21 13:15:59,AT/MM,4.0,Wuschel,1.0,SAAAPnannannannannannannannannannannannannan,SAAAP,3,non-partner,SAAAPnannannannannannannannannannannannannan,5
650,807,before_trills_2022-03-21_13-15-59_0000096_labelled_Nougatti_pheeseq_21.txt,x,A,A,P,,,,,,,,,,,,,,,before,trills,2022-03-21,13-15-59,Nougatti,2022-03-21 13:15:59,AT/MM,4.0,Wuschel,2.0,xAAPnannannannannannannannannannannannannannan,AAP,1,non-partner,AAPnannannannannannannannannannannannannannan,3
651,808,before_trills_2022-03-21_13-15-59_0000096_labelled_Nougatti_pheeseq_09.txt,x,A,A,A,y,,,,,,,,,,,,,,before,trills,2022-03-21,13-15-59,Nougatti,2022-03-21 13:15:59,AT/MM,4.0,Wuschel,3.0,xAAAynannannannannannannannannannannannannan,AAA,1,non-partner,AAAnannannannannannannannannannannannannan,3
652,809,before_trills_2022-03-21_13-15-59_0000096_labelled_Nougatti_pheeseq_20.txt,x,A,A,P,,,,,,,,,,,,,,,before,trills,2022-03-21,13-15-59,Nougatti,2022-03-21 13:15:59,AT/MM,4.0,Wuschel,4.0,xAAPnannannannannannannannannannannannannannan,AAP,1,non-partner,AAPnannannannannannannannannannannannannannan,3
653,810,before_trills_2022-03-21_13-15-59_0000096_labelled_Nougatti_pheeseq_23.txt,x,A,A,y,,,,,,,,,,,,,,,before,trills,2022-03-21,13-15-59,Nougatti,2022-03-21 13:15:59,AT/MM,4.0,Wuschel,5.0,xAAynannannannannannannannannannannannannannan,AA,1,non-partner,AAnannannannannannannannannannannannannannan,2
654,811,before_trills_2022-03-21_13-15-59_0000096_labelled_Nougatti_pheeseq_33.txt,x,A,A,P,P,,,,,,,,,,,,,,before,trills,2022-03-21,13-15-59,Nougatti,2022-03-21 13:15:59,AT/MM,4.0,Wuschel,6.0,xAAPPnannannannannannannannannannannannannan,AAPP,1,non-partner,AAPPnannannannannannannannannannannannannan,4
655,812,before_trills_2022-03-21_13-15-59_0000096_labelled_Nougatti_pheeseq_26.txt,x,A,A,P,P,,,,,,,,,,,,,,before,trills,2022-03-21,13-15-59,Nougatti,2022-03-21 13:15:59,AT/MM,4.0,Wuschel,7.0,xAAPPnannannannannannannannannannannannannan,AAPP,1,non-partner,AAPPnannannannannannannannannannannannannan,4
656,813,before_trills_2022-03-21_13-15-59_0000096_labelled_Nougatti_pheeseq_18.txt,S,A,A,A,y,,,,,,,,,,,,,,before,trills,2022-03-21,13-15-59,Nougatti,2022-03-21 13:15:59,AT/MM,4.0,Wuschel,8.0,SAAAynannannannannannannannannannannannannan,SAAA,1,non-partner,SAAAnannannannannannannannannannannannannan,4
657,814,before_trills_2022-03-21_13-15-59_0000096_labelled_Nougatti_pheeseq_24.txt,x,A,A,A,K,,,,,,,,,,,,,,before,trills,2022-03-21,13-15-59,Nougatti,2022-03-21 13:15:59,AT/MM,4.0,Wuschel,9.0,xAAAKnannannannannannannannannannannannannan,AAAK,1,non-partner,AAAKnannannannannannannannannannannannannan,4
658,815,before_trills_2022-03-21_13-15-59_0000096_labelled_Nougatti_pheeseq_25.txt,S,K,A,A,y,,,,,,,,,,,,,,before,trills,2022-03-21,13-15-59,Nougatti,2022-03-21 13:15:59,AT/MM,4.0,Wuschel,10.0,SKAAynannannannannannannannannannannannannan,SKAA,1,non-partner,SKAAnannannannannannannannannannannannannan,4
659,816,before_trills_2022-03-21_13-15-59_0000096_labelled_Nougatti_pheeseq_28.txt,x,P,A,y,,,,,,,,,,,,,,,before,trills,2022-03-21,13-15-59,Nougatti,2022-03-21 13:15:59,AT/MM,4.0,Wuschel,11.0,xPAynannannannannannannannannannannannannannan,PA,1,non-partner,PAnannannannannannannannannannannannannannan,2
660,817,before_trills_2022-03-21_13-15-59_0000096_labelled_Nougatti_pheeseq_03.txt,x,A,A,y,,,,,,,,,,,,,,,before,trills,2022-03-21,13-15-59,Nougatti,2022-03-21 13:15:59,AT/MM,4.0,Wuschel,12.0,xAAynannannannannannannannannannannannannannan,AA,1,non-partner,AAnannannannannannannannannannannannannannan,2
661,818,before_trills_2022-03-21_13-15-59_0000096_labelled_Nougatti_pheeseq_06.txt,x,A,A,A,P,,,,,,,,,,,,,,before,trills,2022-03-21,13-15-59,Nougatti,2022-03-21 13:15:59,AT/MM,4.0,Wuschel,13.0,xAAAPnannannannannannannannannannannannannan,AAAP,1,non-partner,AAAPnannannannannannannannannannannannannan,4
662,819,before_trills_2022-03-21_13-15-59_0000096_labelled_Nougatti_pheeseq_13.txt,S,S,K,A,A,A,P,,,,,,,,,,,,before,trills,2022-03-21,13-15-59,Nougatti,2022-03-21 13:15:59,AT/MM,4.0,Wuschel,14.0,SSKAAAPnannannannannannannannannannannan,SSKAAAP,1,non-partner,SSKAAAPnannannannannannannannannannannan,7
663,820,before_trills_2022-03-21_13-15-59_0000096_labelled_Nougatti_pheeseq_11.txt,S,A,P,P,,,,,,,,,,,,,,,before,trills,2022-03-21,13-15-59,Nougatti,2022-03-21 13:15:59,AT/MM,4.0,Wuschel,15.0,SAPPnannannannannannannannannannannannannannan,SAPP,1,non-partner,SAPPnannannannannannannannannannannannannannan,4
664,821,before_trills_2022-03-21_13-15-59_0000096_labelled_Nougatti_pheeseq_63.txt,x,R,P,,,,,,,,,,,,,,,,before,trills,2022-03-21,13-15-59,Nougatti,2022-03-21 13:15:59,AT/MM,4.0,Wuschel,16.0,xRPnannannannannannannannannannannannannannannan,RP,3,non-partner,RPnannannannannannannannannannannannannannannan,2
665,822,before_trills_2022-03-21_13-15-59_0000096_labelled_Nougatti_pheeseq_62.txt,x,A,A,A,P,,,,,,,,,,,,,,before,trills,2022-03-21,13-15-59,Nougatti,2022-03-21 13:15:59,AT/MM,4.0,Wuschel,18.0,xAAAPnannannannannannannannannannannannannan,AAAP,3,non-partner,AAAPnannannannannannannannannannannannannan,4
666,823,before_trills_2022-03-21_13-15-59_0000096_labelled_Nougatti_pheeseq_61.txt,x,A,A,P,P,,,,,,,,,,,,,,before,trills,2022-03-21,13-15-59,Nougatti,2022-03-21 13:15:59,AT/MM,4.0,Wuschel,19.0,xAAPPnannannannannannannannannannannannannan,AAPP,3,non-partner,AAPPnannannannannannannannannannannannannan,4
667,824,before_trills_2022-03-21_13-15-59_0000096_labelled_Nougatti_pheeseq_75.txt,x,A,A,P,P,,,,,,,,,,,,,,before,trills,2022-03-21,13-15-59,Nougatti,2022-03-21 13:15:59,AT/MM,4.0,Wuschel,20.0,xAAPPnannannannannannannannannannannannannan,AAPP,3,non-partner,AAPPnannannannannannannannannannannannannan,4
668,825,before_trills_2022-03-21_13-15-59_0000096_labelled_Nougatti_pheeseq_71.txt,S,K,A,P,,,,,,,,,,,,,,,before,trills,2022-03-21,13-15-59,Nougatti,2022-03-21 13:15:59,AT/MM,4.0,Wuschel,21.0,SKAPnannannannannannannannannannannannannannan,SKAP,3,non-partner,SKAPnannannannannannannannannannannannannannan,4
669,826,before_trills_2022-03-21_13-15-59_0000096_labelled_Nougatti_pheeseq_65.txt,x,A,A,A,P,,,,,,,,,,,,,,before,trills,2022-03-21,13-15-59,Nougatti,2022-03-21 13:15:59,AT/MM,4.0,Wuschel,22.0,xAAAPnannannannannannannannannannannannannan,AAAP,3,non-partner,AAAPnannannannannannannannannannannannannan,4
670,827,before_trills_2022-03-21_13-15-59_0000096_labelled_Nougatti_pheeseq_64.txt,x,A,A,P,,,,,,,,,,,,,,,before,trills,2022-03-21,13-15-59,Nougatti,2022-03-21 13:15:59,AT/MM,4.0,Wuschel,23.0,xAAPnannannannannannannannannannannannannannan,AAP,3,non-partner,AAPnannannannannannannannannannannannannannan,3
671,828,before_trills_2022-03-21_13-15-59_0000096_labelled_Nougatti_pheeseq_70.txt,S,A,A,A,P,,,,,,,,,,,,,,before,trills,2022-03-21,13-15-59,Nougatti,2022-03-21 13:15:59,AT/MM,4.0,Wuschel,24.0,SAAAPnannannannannannannannannannannannannan,SAAAP,3,non-partner,SAAAPnannannannannannannannannannannannannan,5
672,829,before_phees_2022-03-21_10-06-36_0000094_labelled_Odin_pheeseq_05.txt,x,A,A,y,,,,,,,,,,,,,,,before,phees,2022-03-21,10-06-36,Odin,2022-03-21 10:06:36,EO/MM,6.0,Lola,1.0,xAAynannannannannannannannannannannannannannan,AA,1,non-partner,AAnannannannannannannannannannannannannannan,2
673,830,before_trills_2022-03-21_10-06-37_0000094_labelled_Odin_pheeseq_08.txt,x,A,A,y,,,,,,,,,,,,,,,before,trills,2022-03-21,10-06-37,Odin,2022-03-21 10:06:37,EO/MM,6.0,Lola,2.0,xAAynannannannannannannannannannannannannannan,AA,1,non-partner,AAnannannannannannannannannannannannannannan,2
674,831,before_phees_2022-03-21_10-06-36_0000094_labelled_Odin_pheeseq_19.txt,x,A,A,y,,,,,,,,,,,,,,,before,phees,2022-03-21,10-06-36,Odin,2022-03-21 10:06:36,EO/MM,6.0,Lola,3.0,xAAynannannannannannannannannannannannannannan,AA,1,non-partner,AAnannannannannannannannannannannannannannan,2
675,832,before_trills_2022-03-21_10-06-37_0000094_labelled_Odin_pheeseq_02.txt,x,R,A,y,,,,,,,,,,,,,,,before,trills,2022-03-21,10-06-37,Odin,2022-03-21 10:06:37,EO/MM,6.0,Lola,4.0,xRAynannannannannannannannannannannannannannan,RA,1,non-partner,RAnannannannannannannannannannannannannannan,2
676,833,before_trills_2022-03-21_10-06-37_0000094_labelled_Odin_pheeseq_16.txt,x,R,A,A,y,,,,,,,,,,,,,,before,trills,2022-03-21,10-06-37,Odin,2022-03-21 10:06:37,EO/MM,6.0,Lola,5.0,xRAAynannannannannannannannannannannannannan,RAA,1,non-partner,RAAnannannannannannannannannannannannannan,3
677,835,before_phees_2022-03-21_10-06-36_0000094_labelled_Odin_pheeseq_20.txt,x,A,A,A,A,y,,,,,,,,,,,,,before,phees,2022-03-21,10-06-36,Odin,2022-03-21 10:06:36,EO/MM,6.0,Lola,7.0,xAAAAynannannannannannannannannannannannan,AAAA,1,non-partner,AAAAnannannannannannannannannannannannan,4
678,836,before_trills_2022-03-21_10-06-37_0000094_labelled_Odin_pheeseq_73.txt,x,R,A,A,y,,,,,,,,,,,,,,before,trills,2022-03-21,10-06-37,Odin,2022-03-21 10:06:37,EO/MM,6.0,Lola,8.0,xRAAynannannannannannannannannannannannannan,RAA,3,non-partner,RAAnannannannannannannannannannannannannan,3
679,837,before_phees_2022-03-21_13-47-05_0000098_labelled_Tabor_pheeseq_30.txt,x,A,A,A,A,P,,,,,,,,,,,,,before,phees,2022-03-21,13-47-05,Tabor,2022-03-21 13:47:05,AT/MM,6.0,Lola,1.0,xAAAAPnannannannannannannannannannannannan,AAAAP,3,partner,AAAAPnannannannannannannannannannannannan,5
680,838,before_trills_2022-03-21_13-47-06_0000098_labelled_Tabor_pheeseq_12.txt,P,A,A,A,P,,,,,,,,,,,,,,before,trills,2022-03-21,13-47-06,Tabor,2022-03-21 13:47:06,AT/MM,6.0,Lola,2.0,PAAAPnannannannannannannannannannannannannan,PAAAP,1,partner,PAAAPnannannannannannannannannannannannannan,5
681,839,before_trills_2022-03-21_13-47-06_0000098_labelled_Tabor_pheeseq_05.txt,P,A,A,P,P,,,,,,,,,,,,,,before,trills,2022-03-21,13-47-06,Tabor,2022-03-21 13:47:06,AT/MM,6.0,Lola,3.0,PAAPPnannannannannannannannannannannannannan,PAAPP,1,partner,PAAPPnannannannannannannannannannannannannan,5
682,840,before_trills_2022-03-21_13-47-06_0000098_labelled_Tabor_pheeseq_02.txt,x,A,A,y,,,,,,,,,,,,,,,before,trills,2022-03-21,13-47-06,Tabor,2022-03-21 13:47:06,AT/MM,6.0,Lola,4.0,xAAynannannannannannannannannannannannannannan,AA,1,partner,AAnannannannannannannannannannannannannannan,2
683,841,before_trills_2022-03-21_13-47-06_0000098_labelled_Tabor_pheeseq_09.txt,P,A,A,P,P,,,,,,,,,,,,,,before,trills,2022-03-21,13-47-06,Tabor,2022-03-21 13:47:06,AT/MM,6.0,Lola,6.0,PAAPPnannannannannannannannannannannannannan,PAAPP,1,partner,PAAPPnannannannannannannannannannannannannan,5
684,842,before_phees_2022-03-21_13-47-05_0000098_labelled_Tabor_pheeseq_28.txt,x,A,P,P,A,A,P,,,,,,,,,,,,before,phees,2022-03-21,13-47-05,Tabor,2022-03-21 13:47:05,AT/MM,6.0,Lola,9.0,xAPPAAPnannannannannannannannannannannan,APPAAP,3,partner,APPAAPnannannannannannannannannannannan,6
685,843,before_trills_2022-03-21_13-47-06_0000098_labelled_Tabor_pheeseq_46.txt,S,P,A,A,A,P,,,,,,,,,,,,,before,trills,2022-03-21,13-47-06,Tabor,2022-03-21 13:47:06,AT/MM,6.0,Lola,11.0,SPAAAPnannannannannannannannannannannannan,SPAAAP,3,partner,SPAAAPnannannannannannannannannannannannan,6
686,844,before_trills_2022-03-21_09-28-00_0000092_labelled_Tabor_pheeseq_20.txt,x,A,A,y,,,,,,,,,,,,,,,before,trills,2022-03-21,09-28-00,Tabor,2022-03-21 09:28:00,EO/MM,5.0,Nougatti,1.0,xAAynannannannannannannannannannannannannannan,AA,3,non-partner,AAnannannannannannannannannannannannannannan,2
687,846,before_phees_2022-03-21_13-15-58_0000096_labelled_Wuschel_pheeseq_05.txt,x,A,A,y,,,,,,,,,,,,,,,before,phees,2022-03-21,13-15-58,Wuschel,2022-03-21 13:15:58,AT/MM,4.0,Nougatti,1.0,xAAynannannannannannannannannannannannannannan,AA,1,non-partner,AAnannannannannannannannannannannannannannan,2
688,847,before_phees_2022-03-21_13-15-58_0000096_labelled_Wuschel_pheeseq_04.txt,x,A,A,y,,,,,,,,,,,,,,,before,phees,2022-03-21,13-15-58,Wuschel,2022-03-21 13:15:58,AT/MM,4.0,Nougatti,2.0,xAAynannannannannannannannannannannannannannan,AA,1,non-partner,AAnannannannannannannannannannannannannannan,2
689,849,before_trills_2022-03-21_13-15-59_0000096_labelled_Wuschel_pheeseq_31.txt,x,A,A,A,y,,,,,,,,,,,,,,before,trills,2022-03-21,13-15-59,Wuschel,2022-03-21 13:15:59,AT/MM,4.0,Nougatti,5.0,xAAAynannannannannannannannannannannannannan,AAA,1,non-partner,AAAnannannannannannannannannannannannannan,3
690,850,before_trills_2022-03-21_13-15-59_0000096_labelled_Wuschel_pheeseq_27.txt,x,A,A,A,y,,,,,,,,,,,,,,before,trills,2022-03-21,13-15-59,Wuschel,2022-03-21 13:15:59,AT/MM,4.0,Nougatti,6.0,xAAAynannannannannannannannannannannannannan,AAA,1,non-partner,AAAnannannannannannannannannannannannannan,3
691,853,before_trills_2022-03-21_13-15-59_0000096_labelled_Wuschel_pheeseq_34.txt,x,A,A,P,,,,,,,,,,,,,,,before,trills,2022-03-21,13-15-59,Wuschel,2022-03-21 13:15:59,AT/MM,4.0,Nougatti,9.0,xAAPnannannannannannannannannannannannannannan,AAP,1,non-partner,AAPnannannannannannannannannannannannannannan,3
692,854,before_phees_2022-03-22_09-27-04_0000104_labelled_Nougatti_pheeseq_06.txt,x,A,A,P,P,,,,,,,,,,,,,,before,phees,2022-03-22,09-27-04,Nougatti,2022-03-22 09:27:04,AT/MM,6.0,Odin,1.0,xAAPPnannannannannannannannannannannannannan,AAPP,1,partner,AAPPnannannannannannannannannannannannannan,4
693,855,before_trills_2022-03-22_09-27-55_0000104_labelled_Nougatti_pheeseq_19.txt,x,A,A,A,y,,,,,,,,,,,,,,before,trills,2022-03-22,09-27-55,Nougatti,2022-03-22 09:27:55,AT/MM,6.0,Odin,2.0,xAAAynannannannannannannannannannannannannan,AAA,1,partner,AAAnannannannannannannannannannannannannan,3
694,856,before_trills_2022-03-22_09-27-55_0000104_labelled_Nougatti_pheeseq_113.txt,x,A,A,P,P,,,,,,,,,,,,,,before,trills,2022-03-22,09-27-55,Nougatti,2022-03-22 09:27:55,AT/MM,6.0,Odin,3.0,xAAPPnannannannannannannannannannannannannan,AAPP,3,partner,AAPPnannannannannannannannannannannannannan,4
695,857,before_trills_2022-03-22_09-27-55_0000104_labelled_Nougatti_pheeseq_48.txt,x,A,A,y,,,,,,,,,,,,,,,before,trills,2022-03-22,09-27-55,Nougatti,2022-03-22 09:27:55,AT/MM,6.0,Odin,4.0,xAAynannannannannannannannannannannannannannan,AA,1,partner,AAnannannannannannannannannannannannannannan,2
696,858,before_trills_2022-03-22_09-27-55_0000104_labelled_Nougatti_pheeseq_60.txt,x,A,P,P,,,,,,,,,,,,,,,before,trills,2022-03-22,09-27-55,Nougatti,2022-03-22 09:27:55,AT/MM,6.0,Odin,5.0,xAPPnannannannannannannannannannannannannannan,APP,1,partner,APPnannannannannannannannannannannannannannan,3
697,859,before_trills_2022-03-22_09-27-55_0000104_labelled_Nougatti_pheeseq_38.txt,P,A,A,A,P,P,,,,,,,,,,,,,before,trills,2022-03-22,09-27-55,Nougatti,2022-03-22 09:27:55,AT/MM,6.0,Odin,6.0,PAAAPPnannannannannannannannannannannannan,PAAAPP,1,partner,PAAAPPnannannannannannannannannannannannan,6
698,860,before_trills_2022-03-22_09-27-55_0000104_labelled_Nougatti_pheeseq_10.txt,x,A,A,A,P,P,,,,,,,,,,,,,before,trills,2022-03-22,09-27-55,Nougatti,2022-03-22 09:27:55,AT/MM,6.0,Odin,7.0,xAAAPPnannannannannannannannannannannannan,AAAPP,1,partner,AAAPPnannannannannannannannannannannannan,5
699,861,before_trills_2022-03-22_09-27-55_0000104_labelled_Nougatti_pheeseq_04.txt,x,A,P,P,P,,,,,,,,,,,,,,before,trills,2022-03-22,09-27-55,Nougatti,2022-03-22 09:27:55,AT/MM,6.0,Odin,8.0,xAPPPnannannannannannannannannannannannannan,APPP,1,partner,APPPnannannannannannannannannannannannannan,4
700,862,before_trills_2022-03-22_09-27-55_0000104_labelled_Nougatti_pheeseq_15.txt,x,A,A,A,P,P,,,,,,,,,,,,,before,trills,2022-03-22,09-27-55,Nougatti,2022-03-22 09:27:55,AT/MM,6.0,Odin,9.0,xAAAPPnannannannannannannannannannannannan,AAAPP,1,partner,AAAPPnannannannannannannannannannannannan,5
701,863,before_trills_2022-03-22_14-08-31_0000109_labelled_Nougatti_pheeseq_12.txt,x,A,A,A,P,P,,,,,,,,,,,,,before,trills,2022-03-22,14-08-31,Nougatti,2022-03-22 14:08:31,AT/MM,6.0,Tabor,3.0,xAAAPPnannannannannannannannannannannannan,AAAPP,1,non-partner,AAAPPnannannannannannannannannannannannan,5
702,864,before_trills_2022-03-22_14-08-31_0000109_labelled_Nougatti_pheeseq_12.txt,x,A,A,A,P,P,,,,,,,,,,,,,before,trills,2022-03-22,14-08-31,Nougatti,2022-03-22 14:08:31,AT/MM,6.0,Tabor,4.0,xAAAPPnannannannannannannannannannannannan,AAAPP,1,non-partner,AAAPPnannannannannannannannannannannannan,5
703,865,before_trills_2022-03-22_14-08-31_0000109_labelled_Nougatti_pheeseq_04.txt,x,A,A,P,P,,,,,,,,,,,,,,before,trills,2022-03-22,14-08-31,Nougatti,2022-03-22 14:08:31,AT/MM,6.0,Tabor,5.0,xAAPPnannannannannannannannannannannannannan,AAPP,1,non-partner,AAPPnannannannannannannannannannannannannan,4
704,866,before_trills_2022-03-22_14-08-31_0000109_labelled_Nougatti_pheeseq_04.txt,x,A,A,P,P,,,,,,,,,,,,,,before,trills,2022-03-22,14-08-31,Nougatti,2022-03-22 14:08:31,AT/MM,6.0,Tabor,6.0,xAAPPnannannannannannannannannannannannannan,AAPP,1,non-partner,AAPPnannannannannannannannannannannannannan,4
705,867,before_trills_2022-03-22_14-08-31_0000109_labelled_Nougatti_pheeseq_27.txt,x,A,A,P,,,,,,,,,,,,,,,before,trills,2022-03-22,14-08-31,Nougatti,2022-03-22 14:08:31,AT/MM,6.0,Tabor,9.0,xAAPnannannannannannannannannannannannannannan,AAP,3,non-partner,AAPnannannannannannannannannannannannannannan,3
706,868,before_trills_2022-03-22_14-08-31_0000109_labelled_Nougatti_pheeseq_27.txt,x,A,A,P,,,,,,,,,,,,,,,before,trills,2022-03-22,14-08-31,Nougatti,2022-03-22 14:08:31,AT/MM,6.0,Tabor,10.0,xAAPnannannannannannannannannannannannannannan,AAP,3,non-partner,AAPnannannannannannannannannannannannannannan,3
707,869,before_trills_2022-03-22_14-08-31_0000109_labelled_Nougatti_pheeseq_25.txt,x,A,P,P,,,,,,,,,,,,,,,before,trills,2022-03-22,14-08-31,Nougatti,2022-03-22 14:08:31,AT/MM,6.0,Tabor,11.0,xAPPnannannannannannannannannannannannannannan,APP,3,non-partner,APPnannannannannannannannannannannannannannan,3
708,870,before_trills_2022-03-22_14-08-31_0000109_labelled_Nougatti_pheeseq_25.txt,x,A,P,P,,,,,,,,,,,,,,,before,trills,2022-03-22,14-08-31,Nougatti,2022-03-22 14:08:31,AT/MM,6.0,Tabor,12.0,xAPPnannannannannannannannannannannannannannan,APP,3,non-partner,APPnannannannannannannannannannannannannannan,3
709,871,before_trills_2022-03-22_14-08-31_0000109_labelled_Nougatti_pheeseq_24.txt,x,A,P,P,,,,,,,,,,,,,,,before,trills,2022-03-22,14-08-31,Nougatti,2022-03-22 14:08:31,AT/MM,6.0,Tabor,13.0,xAPPnannannannannannannannannannannannannannan,APP,3,non-partner,APPnannannannannannannannannannannannannannan,3
710,872,before_trills_2022-03-22_14-08-31_0000109_labelled_Nougatti_pheeseq_24.txt,x,A,P,P,,,,,,,,,,,,,,,before,trills,2022-03-22,14-08-31,Nougatti,2022-03-22 14:08:31,AT/MM,6.0,Tabor,14.0,xAPPnannannannannannannannannannannannannannan,APP,3,non-partner,APPnannannannannannannannannannannannannannan,3
711,873,before_trills_2022-03-22_14-08-31_0000109_labelled_Nougatti_pheeseq_08.txt,x,A,P,A,P,,,,,,,,,,,,,,before,trills,2022-03-22,14-08-31,Nougatti,2022-03-22 14:08:31,AT/MM,6.0,Tabor,15.0,xAPAPnannannannannannannannannannannannannan,APAP,1,non-partner,APAPnannannannannannannannannannannannannan,4
712,874,before_trills_2022-03-22_14-08-31_0000109_labelled_Nougatti_pheeseq_08.txt,x,A,P,A,P,,,,,,,,,,,,,,before,trills,2022-03-22,14-08-31,Nougatti,2022-03-22 14:08:31,AT/MM,6.0,Tabor,16.0,xAPAPnannannannannannannannannannannannannan,APAP,1,non-partner,APAPnannannannannannannannannannannannannan,4
713,875,before_trills_2022-03-22_14-08-31_0000109_labelled_Nougatti_pheeseq_34.txt,x,A,P,,,,,,,,,,,,,,,,before,trills,2022-03-22,14-08-31,Nougatti,2022-03-22 14:08:31,AT/MM,6.0,Tabor,17.0,xAPnannannannannannannannannannannannannannannan,AP,3,non-partner,APnannannannannannannannannannannannannannannan,2
714,876,before_trills_2022-03-22_14-08-31_0000109_labelled_Nougatti_pheeseq_34.txt,x,A,P,,,,,,,,,,,,,,,,before,trills,2022-03-22,14-08-31,Nougatti,2022-03-22 14:08:31,AT/MM,6.0,Tabor,18.0,xAPnannannannannannannannannannannannannannannan,AP,3,non-partner,APnannannannannannannannannannannannannannannan,2
715,877,before_trills_2022-03-22_09-27-55_0000104_labelled_Odin_pheeseq_03.txt,x,A,P,A,y,,,,,,,,,,,,,,before,trills,2022-03-22,09-27-55,Odin,2022-03-22 09:27:55,AT/MM,6.0,Nougatti,1.0,xAPAynannannannannannannannannannannannannan,APA,1,partner,APAnannannannannannannannannannannannannan,3
716,878,before_trills_2022-03-22_09-27-55_0000104_labelled_Odin_pheeseq_14.txt,x,A,P,,,,,,,,,,,,,,,,before,trills,2022-03-22,09-27-55,Odin,2022-03-22 09:27:55,AT/MM,6.0,Nougatti,2.0,xAPnannannannannannannannannannannannannannannan,AP,1,partner,APnannannannannannannannannannannannannannannan,2
717,879,before_trills_2022-03-22_09-27-55_0000104_labelled_Odin_pheeseq_110.txt,x,R,A,P,,,,,,,,,,,,,,,before,trills,2022-03-22,09-27-55,Odin,2022-03-22 09:27:55,AT/MM,6.0,Nougatti,3.0,xRAPnannannannannannannannannannannannannannan,RAP,3,partner,RAPnannannannannannannannannannannannannannan,3
718,880,before_trills_2022-03-22_09-27-55_0000104_labelled_Odin_pheeseq_45.txt,x,A,A,y,,,,,,,,,,,,,,,before,trills,2022-03-22,09-27-55,Odin,2022-03-22 09:27:55,AT/MM,6.0,Nougatti,4.0,xAAynannannannannannannannannannannannannannan,AA,1,partner,AAnannannannannannannannannannannannannannan,2
719,881,before_trills_2022-03-22_09-27-55_0000104_labelled_Odin_pheeseq_50.txt,x,A,P,,,,,,,,,,,,,,,,before,trills,2022-03-22,09-27-55,Odin,2022-03-22 09:27:55,AT/MM,6.0,Nougatti,5.0,xAPnannannannannannannannannannannannannannannan,AP,1,partner,APnannannannannannannannannannannannannannannan,2
720,882,before_phees_2022-03-22_09-27-04_0000104_labelled_Odin_pheeseq_05.txt,x,A,A,y,,,,,,,,,,,,,,,before,phees,2022-03-22,09-27-04,Odin,2022-03-22 09:27:04,AT/MM,6.0,Nougatti,6.0,xAAynannannannannannannannannannannannannannan,AA,1,partner,AAnannannannannannannannannannannannannannan,2
721,883,before_trills_2022-03-22_09-27-55_0000104_labelled_Odin_pheeseq_27.txt,x,A,P,,,,,,,,,,,,,,,,before,trills,2022-03-22,09-27-55,Odin,2022-03-22 09:27:55,AT/MM,6.0,Nougatti,7.0,xAPnannannannannannannannannannannannannannannan,AP,1,partner,APnannannannannannannannannannannannannannannan,2
722,884,before_trills_2022-03-22_09-27-55_0000104_labelled_Odin_pheeseq_34.txt,x,R,A,y,,,,,,,,,,,,,,,before,trills,2022-03-22,09-27-55,Odin,2022-03-22 09:27:55,AT/MM,6.0,Nougatti,8.0,xRAynannannannannannannannannannannannannannan,RA,1,partner,RAnannannannannannannannannannannannannannan,2
723,885,before_trills_2022-03-22_10-06-17_0000106_labelled_Olympia_pheeseq_14.txt,x,A,A,y,,,,,,,,,,,,,,,before,trills,2022-03-22,10-06-17,Olympia,2022-03-22 10:06:17,AT/MM,6.0,Tabor,1.0,xAAynannannannannannannannannannannannannannan,AA,1,non-partner,AAnannannannannannannannannannannannannannan,2
724,886,before_phees_2022-03-22_10-06-16_0000106_labelled_Olympia_pheeseq_15.txt,x,A,A,A,y,,,,,,,,,,,,,,before,phees,2022-03-22,10-06-16,Olympia,2022-03-22 10:06:16,AT/MM,6.0,Tabor,2.0,xAAAynannannannannannannannannannannannannan,AAA,1,non-partner,AAAnannannannannannannannannannannannannan,3
725,887,before_phees_2022-03-22_10-06-16_0000106_labelled_Olympia_pheeseq_04.txt,x,A,A,y,,,,,,,,,,,,,,,before,phees,2022-03-22,10-06-16,Olympia,2022-03-22 10:06:16,AT/MM,6.0,Tabor,3.0,xAAynannannannannannannannannannannannannannan,AA,1,non-partner,AAnannannannannannannannannannannannannannan,2
726,889,before_phees_2022-03-22_10-06-16_0000106_labelled_Olympia_pheeseq_23.txt,x,A,A,A,y,,,,,,,,,,,,,,before,phees,2022-03-22,10-06-16,Olympia,2022-03-22 10:06:16,AT/MM,6.0,Tabor,5.0,xAAAynannannannannannannannannannannannannan,AAA,3,non-partner,AAAnannannannannannannannannannannannannan,3
727,890,before_phees_2022-03-22_10-06-16_0000106_labelled_Olympia_pheeseq_21.txt,x,A,A,A,y,,,,,,,,,,,,,,before,phees,2022-03-22,10-06-16,Olympia,2022-03-22 10:06:16,AT/MM,6.0,Tabor,6.0,xAAAynannannannannannannannannannannannannan,AAA,3,non-partner,AAAnannannannannannannannannannannannannan,3
728,891,before_phees_2022-03-22_10-06-16_0000106_labelled_Olympia_pheeseq_24.txt,x,A,A,y,,,,,,,,,,,,,,,before,phees,2022-03-22,10-06-16,Olympia,2022-03-22 10:06:16,AT/MM,6.0,Tabor,7.0,xAAynannannannannannannannannannannannannannan,AA,3,non-partner,AAnannannannannannannannannannannannannannan,2
729,892,before_phees_2022-03-22_10-06-16_0000106_labelled_Olympia_pheeseq_26.txt,x,A,A,y,,,,,,,,,,,,,,,before,phees,2022-03-22,10-06-16,Olympia,2022-03-22 10:06:16,AT/MM,6.0,Tabor,8.0,xAAynannannannannannannannannannannannannannan,AA,3,non-partner,AAnannannannannannannannannannannannannannan,2
730,893,before_phees_2022-03-22_13-32-36_0000108_labelled_Olympia_pheeseq_01.txt,x,A,A,y,,,,,,,,,,,,,,,before,phees,2022-03-22,13-32-36,Olympia,2022-03-22 13:32:36,AT/MM,6.0,Wuschel,1.0,xAAynannannannannannannannannannannannannannan,AA,1,partner,AAnannannannannannannannannannannannannannan,2
731,894,before_phees_2022-03-22_13-32-36_0000108_labelled_Olympia_pheeseq_01.txt,x,A,A,y,,,,,,,,,,,,,,,before,phees,2022-03-22,13-32-36,Olympia,2022-03-22 13:32:36,AT/MM,6.0,Wuschel,2.0,xAAynannannannannannannannannannannannannannan,AA,1,partner,AAnannannannannannannannannannannannannannan,2
732,895,before_phees_2022-03-22_13-32-36_0000108_labelled_Olympia_pheeseq_03.txt,x,A,A,y,,,,,,,,,,,,,,,before,phees,2022-03-22,13-32-36,Olympia,2022-03-22 13:32:36,AT/MM,6.0,Wuschel,3.0,xAAynannannannannannannannannannannannannannan,AA,1,partner,AAnannannannannannannannannannannannannannan,2
733,896,before_phees_2022-03-22_13-32-36_0000108_labelled_Olympia_pheeseq_03.txt,x,A,A,y,,,,,,,,,,,,,,,before,phees,2022-03-22,13-32-36,Olympia,2022-03-22 13:32:36,AT/MM,6.0,Wuschel,4.0,xAAynannannannannannannannannannannannannannan,AA,1,partner,AAnannannannannannannannannannannannannannan,2
734,897,before_phees_2022-03-22_13-32-36_0000108_labelled_Olympia_pheeseq_02.txt,x,A,A,y,,,,,,,,,,,,,,,before,phees,2022-03-22,13-32-36,Olympia,2022-03-22 13:32:36,AT/MM,6.0,Wuschel,5.0,xAAynannannannannannannannannannannannannannan,AA,1,partner,AAnannannannannannannannannannannannannannan,2
735,898,before_phees_2022-03-22_13-32-36_0000108_labelled_Olympia_pheeseq_02.txt,x,A,A,y,,,,,,,,,,,,,,,before,phees,2022-03-22,13-32-36,Olympia,2022-03-22 13:32:36,AT/MM,6.0,Wuschel,6.0,xAAynannannannannannannannannannannannannannan,AA,1,partner,AAnannannannannannannannannannannannannannan,2
736,899,before_trills_2022-03-22_13-32-36_0000108_labelled_Olympia_pheeseq_02.txt,x,A,P,,,,,,,,,,,,,,,,before,trills,2022-03-22,13-32-36,Olympia,2022-03-22 13:32:36,AT/MM,6.0,Wuschel,9.0,xAPnannannannannannannannannannannannannannannan,AP,1,partner,APnannannannannannannannannannannannannannannan,2
737,900,before_trills_2022-03-22_13-32-36_0000108_labelled_Olympia_pheeseq_02.txt,x,A,P,,,,,,,,,,,,,,,,before,trills,2022-03-22,13-32-36,Olympia,2022-03-22 13:32:36,AT/MM,6.0,Wuschel,10.0,xAPnannannannannannannannannannannannannannannan,AP,1,partner,APnannannannannannannannannannannannannannannan,2
738,903,before_phees_2022-03-22_13-32-36_0000108_labelled_Olympia_pheeseq_23.txt,x,A,A,y,,,,,,,,,,,,,,,before,phees,2022-03-22,13-32-36,Olympia,2022-03-22 13:32:36,AT/MM,6.0,Wuschel,15.0,xAAynannannannannannannannannannannannannannan,AA,3,partner,AAnannannannannannannannannannannannannannan,2
739,904,before_phees_2022-03-22_13-32-36_0000108_labelled_Olympia_pheeseq_23.txt,x,A,A,y,,,,,,,,,,,,,,,before,phees,2022-03-22,13-32-36,Olympia,2022-03-22 13:32:36,AT/MM,6.0,Wuschel,16.0,xAAynannannannannannannannannannannannannannan,AA,3,partner,AAnannannannannannannannannannannannannannan,2
740,905,before_trills_2022-03-22_14-08-31_0000109_labelled_Tabor_pheeseq_42.txt,x,R,P,,,,,,,,,,,,,,,,before,trills,2022-03-22,14-08-31,Tabor,2022-03-22 14:08:31,AT/MM,6.0,Nougatti,1.0,xRPnannannannannannannannannannannannannannannan,RP,3,non-partner,RPnannannannannannannannannannannannannannannan,2
741,906,before_trills_2022-03-22_14-08-31_0000109_labelled_Tabor_pheeseq_42.txt,x,R,P,,,,,,,,,,,,,,,,before,trills,2022-03-22,14-08-31,Tabor,2022-03-22 14:08:31,AT/MM,6.0,Nougatti,2.0,xRPnannannannannannannannannannannannannannannan,RP,3,non-partner,RPnannannannannannannannannannannannannannannan,2
742,907,before_trills_2022-03-22_14-08-31_0000109_labelled_Tabor_pheeseq_16.txt,P,A,A,P,P,,,,,,,,,,,,,,before,trills,2022-03-22,14-08-31,Tabor,2022-03-22 14:08:31,AT/MM,6.0,Nougatti,3.0,PAAPPnannannannannannannannannannannannannan,PAAPP,1,non-partner,PAAPPnannannannannannannannannannannannannan,5
743,908,before_trills_2022-03-22_14-08-31_0000109_labelled_Tabor_pheeseq_16.txt,P,A,A,P,P,,,,,,,,,,,,,,before,trills,2022-03-22,14-08-31,Tabor,2022-03-22 14:08:31,AT/MM,6.0,Nougatti,4.0,PAAPPnannannannannannannannannannannannannan,PAAPP,1,non-partner,PAAPPnannannannannannannannannannannannannan,5
744,909,before_trills_2022-03-22_14-08-31_0000109_labelled_Tabor_pheeseq_03.txt,x,A,P,,,,,,,,,,,,,,,,before,trills,2022-03-22,14-08-31,Tabor,2022-03-22 14:08:31,AT/MM,6.0,Nougatti,5.0,xAPnannannannannannannannannannannannannannannan,AP,1,non-partner,APnannannannannannannannannannannannannannannan,2
745,910,before_trills_2022-03-22_14-08-31_0000109_labelled_Tabor_pheeseq_03.txt,x,A,P,,,,,,,,,,,,,,,,before,trills,2022-03-22,14-08-31,Tabor,2022-03-22 14:08:31,AT/MM,6.0,Nougatti,6.0,xAPnannannannannannannannannannannannannannannan,AP,1,non-partner,APnannannannannannannannannannannannannannannan,2
746,911,before_trills_2022-03-22_14-08-31_0000109_labelled_Tabor_pheeseq_15.txt,x,A,A,A,A,P,,,,,,,,,,,,,before,trills,2022-03-22,14-08-31,Tabor,2022-03-22 14:08:31,AT/MM,6.0,Nougatti,7.0,xAAAAPnannannannannannannannannannannannan,AAAAP,1,non-partner,AAAAPnannannannannannannannannannannannan,5
747,912,before_trills_2022-03-22_14-08-31_0000109_labelled_Tabor_pheeseq_15.txt,x,A,A,A,A,P,,,,,,,,,,,,,before,trills,2022-03-22,14-08-31,Tabor,2022-03-22 14:08:31,AT/MM,6.0,Nougatti,8.0,xAAAAPnannannannannannannannannannannannan,AAAAP,1,non-partner,AAAAPnannannannannannannannannannannannan,5
748,913,before_trills_2022-03-22_14-08-31_0000109_labelled_Tabor_pheeseq_14.txt,x,A,A,A,P,,,,,,,,,,,,,,before,trills,2022-03-22,14-08-31,Tabor,2022-03-22 14:08:31,AT/MM,6.0,Nougatti,9.0,xAAAPnannannannannannannannannannannannannan,AAAP,1,non-partner,AAAPnannannannannannannannannannannannannan,4
749,914,before_trills_2022-03-22_14-08-31_0000109_labelled_Tabor_pheeseq_14.txt,x,A,A,A,P,,,,,,,,,,,,,,before,trills,2022-03-22,14-08-31,Tabor,2022-03-22 14:08:31,AT/MM,6.0,Nougatti,10.0,xAAAPnannannannannannannannannannannannannan,AAAP,1,non-partner,AAAPnannannannannannannannannannannannannan,4
750,915,before_trills_2022-03-22_14-08-31_0000109_labelled_Tabor_pheeseq_10.txt,P,A,P,A,P,,,,,,,,,,,,,,before,trills,2022-03-22,14-08-31,Tabor,2022-03-22 14:08:31,AT/MM,6.0,Nougatti,11.0,PAPAPnannannannannannannannannannannannannan,PAPAP,1,non-partner,PAPAPnannannannannannannannannannannannannan,5
751,916,before_trills_2022-03-22_14-08-31_0000109_labelled_Tabor_pheeseq_10.txt,P,A,P,A,P,,,,,,,,,,,,,,before,trills,2022-03-22,14-08-31,Tabor,2022-03-22 14:08:31,AT/MM,6.0,Nougatti,12.0,PAPAPnannannannannannannannannannannannannan,PAPAP,1,non-partner,PAPAPnannannannannannannannannannannannannan,5
752,917,before_trills_2022-03-22_14-08-31_0000109_labelled_Tabor_pheeseq_11.txt,x,A,A,P,A,P,,,,,,,,,,,,,before,trills,2022-03-22,14-08-31,Tabor,2022-03-22 14:08:31,AT/MM,6.0,Nougatti,13.0,xAAPAPnannannannannannannannannannannannan,AAPAP,1,non-partner,AAPAPnannannannannannannannannannannannan,5
753,918,before_trills_2022-03-22_14-08-31_0000109_labelled_Tabor_pheeseq_11.txt,x,A,A,P,A,P,,,,,,,,,,,,,before,trills,2022-03-22,14-08-31,Tabor,2022-03-22 14:08:31,AT/MM,6.0,Nougatti,14.0,xAAPAPnannannannannannannannannannannannan,AAPAP,1,non-partner,AAPAPnannannannannannannannannannannannan,5
754,919,before_trills_2022-03-22_14-08-31_0000109_labelled_Tabor_pheeseq_13.txt,x,A,A,A,A,y,,,,,,,,,,,,,before,trills,2022-03-22,14-08-31,Tabor,2022-03-22 14:08:31,AT/MM,6.0,Nougatti,15.0,xAAAAynannannannannannannannannannannannan,AAAA,1,non-partner,AAAAnannannannannannannannannannannannan,4
755,920,before_trills_2022-03-22_14-08-31_0000109_labelled_Tabor_pheeseq_13.txt,x,A,A,A,A,y,,,,,,,,,,,,,before,trills,2022-03-22,14-08-31,Tabor,2022-03-22 14:08:31,AT/MM,6.0,Nougatti,16.0,xAAAAynannannannannannannannannannannannan,AAAA,1,non-partner,AAAAnannannannannannannannannannannannan,4
756,921,before_trills_2022-03-22_14-08-31_0000109_labelled_Tabor_pheeseq_06.txt,x,A,P,,,,,,,,,,,,,,,,before,trills,2022-03-22,14-08-31,Tabor,2022-03-22 14:08:31,AT/MM,6.0,Nougatti,17.0,xAPnannannannannannannannannannannannannannannan,AP,1,non-partner,APnannannannannannannannannannannannannannannan,2
757,922,before_trills_2022-03-22_14-08-31_0000109_labelled_Tabor_pheeseq_06.txt,x,A,P,,,,,,,,,,,,,,,,before,trills,2022-03-22,14-08-31,Tabor,2022-03-22 14:08:31,AT/MM,6.0,Nougatti,18.0,xAPnannannannannannannannannannannannannannannan,AP,1,non-partner,APnannannannannannannannannannannannannannannan,2
758,923,before_phees_2022-03-22_10-06-16_0000106_labelled_Tabor_pheeseq_20.txt,x,A,A,y,,,,,,,,,,,,,,,before,phees,2022-03-22,10-06-16,Tabor,2022-03-22 10:06:16,AT/MM,6.0,Olympia,1.0,xAAynannannannannannannannannannannannannannan,AA,3,non-partner,AAnannannannannannannannannannannannannannan,2
759,924,before_phees_2022-03-22_13-32-36_0000108_labelled_Wuschel_pheeseq_21.txt,x,A,A,K,,,,,,,,,,,,,,,before,phees,2022-03-22,13-32-36,Wuschel,2022-03-22 13:32:36,AT/MM,6.0,Olympia,1.0,xAAKnannannannannannannannannannannannannannan,AAK,3,partner,AAKnannannannannannannannannannannannannannan,3
760,925,before_phees_2022-03-22_13-32-36_0000108_labelled_Wuschel_pheeseq_21.txt,x,A,A,K,,,,,,,,,,,,,,,before,phees,2022-03-22,13-32-36,Wuschel,2022-03-22 13:32:36,AT/MM,6.0,Olympia,2.0,xAAKnannannannannannannannannannannannannannan,AAK,3,partner,AAKnannannannannannannannannannannannannannan,3
761,926,before_phees_2022-03-22_13-32-36_0000108_labelled_Wuschel_pheeseq_20.txt,x,A,A,P,P,P,K,,,,,,,,,,,,before,phees,2022-03-22,13-32-36,Wuschel,2022-03-22 13:32:36,AT/MM,6.0,Olympia,3.0,xAAPPPKnannannannannannannannannannannan,AAPPPK,3,partner,AAPPPKnannannannannannannannannannannan,6
762,927,before_phees_2022-03-22_13-32-36_0000108_labelled_Wuschel_pheeseq_20.txt,x,A,A,P,P,P,K,,,,,,,,,,,,before,phees,2022-03-22,13-32-36,Wuschel,2022-03-22 13:32:36,AT/MM,6.0,Olympia,4.0,xAAPPPKnannannannannannannannannannannan,AAPPPK,3,partner,AAPPPKnannannannannannannannannannannan,6
763,930,before_phees_2022-03-22_13-32-36_0000108_labelled_Wuschel_pheeseq_18.txt,x,A,A,y,,,,,,,,,,,,,,,before,phees,2022-03-22,13-32-36,Wuschel,2022-03-22 13:32:36,AT/MM,6.0,Olympia,7.0,xAAynannannannannannannannannannannannannannan,AA,3,partner,AAnannannannannannannannannannannannannannan,2
764,931,before_phees_2022-03-22_13-32-36_0000108_labelled_Wuschel_pheeseq_18.txt,x,A,A,y,,,,,,,,,,,,,,,before,phees,2022-03-22,13-32-36,Wuschel,2022-03-22 13:32:36,AT/MM,6.0,Olympia,8.0,xAAynannannannannannannannannannannannannannan,AA,3,partner,AAnannannannannannannannannannannannannannan,2
765,932,before_phees_2022-03-22_13-32-36_0000108_labelled_Wuschel_pheeseq_19.txt,x,A,A,y,,,,,,,,,,,,,,,before,phees,2022-03-22,13-32-36,Wuschel,2022-03-22 13:32:36,AT/MM,6.0,Olympia,9.0,xAAynannannannannannannannannannannannannannan,AA,3,partner,AAnannannannannannannannannannannannannannan,2
766,933,before_phees_2022-03-22_13-32-36_0000108_labelled_Wuschel_pheeseq_19.txt,x,A,A,y,,,,,,,,,,,,,,,before,phees,2022-03-22,13-32-36,Wuschel,2022-03-22 13:32:36,AT/MM,6.0,Olympia,10.0,xAAynannannannannannannannannannannannannannan,AA,3,partner,AAnannannannannannannannannannannannannannan,2
767,934,before_phees_2022-03-22_13-32-36_0000108_labelled_Wuschel_pheeseq_15.txt,x,A,A,y,,,,,,,,,,,,,,,before,phees,2022-03-22,13-32-36,Wuschel,2022-03-22 13:32:36,AT/MM,6.0,Olympia,11.0,xAAynannannannannannannannannannannannannannan,AA,3,partner,AAnannannannannannannannannannannannannannan,2
768,935,before_phees_2022-03-22_13-32-36_0000108_labelled_Wuschel_pheeseq_15.txt,x,A,A,y,,,,,,,,,,,,,,,before,phees,2022-03-22,13-32-36,Wuschel,2022-03-22 13:32:36,AT/MM,6.0,Olympia,12.0,xAAynannannannannannannannannannannannannannan,AA,3,partner,AAnannannannannannannannannannannannannannan,2
769,936,before_phees_2022-03-22_13-32-36_0000108_labelled_Wuschel_pheeseq_17.txt,x,A,A,y,,,,,,,,,,,,,,,before,phees,2022-03-22,13-32-36,Wuschel,2022-03-22 13:32:36,AT/MM,6.0,Olympia,13.0,xAAynannannannannannannannannannannannannannan,AA,3,partner,AAnannannannannannannannannannannannannannan,2
770,937,before_phees_2022-03-22_13-32-36_0000108_labelled_Wuschel_pheeseq_17.txt,x,A,A,y,,,,,,,,,,,,,,,before,phees,2022-03-22,13-32-36,Wuschel,2022-03-22 13:32:36,AT/MM,6.0,Olympia,14.0,xAAynannannannannannannannannannannannannannan,AA,3,partner,AAnannannannannannannannannannannannannannan,2
771,938,before_phees_2022-03-22_13-32-36_0000108_labelled_Wuschel_pheeseq_16.txt,x,A,A,y,,,,,,,,,,,,,,,before,phees,2022-03-22,13-32-36,Wuschel,2022-03-22 13:32:36,AT/MM,6.0,Olympia,15.0,xAAynannannannannannannannannannannannannannan,AA,3,partner,AAnannannannannannannannannannannannannannan,2
772,939,before_phees_2022-03-22_13-32-36_0000108_labelled_Wuschel_pheeseq_16.txt,x,A,A,y,,,,,,,,,,,,,,,before,phees,2022-03-22,13-32-36,Wuschel,2022-03-22 13:32:36,AT/MM,6.0,Olympia,16.0,xAAynannannannannannannannannannannannannannan,AA,3,partner,AAnannannannannannannannannannannannannannan,2
773,940,before_phees_2022-03-22_13-32-36_0000108_labelled_Wuschel_pheeseq_12.txt,x,A,A,y,,,,,,,,,,,,,,,before,phees,2022-03-22,13-32-36,Wuschel,2022-03-22 13:32:36,AT/MM,6.0,Olympia,17.0,xAAynannannannannannannannannannannannannannan,AA,3,partner,AAnannannannannannannannannannannannannannan,2
774,941,before_phees_2022-03-22_13-32-36_0000108_labelled_Wuschel_pheeseq_12.txt,x,A,A,y,,,,,,,,,,,,,,,before,phees,2022-03-22,13-32-36,Wuschel,2022-03-22 13:32:36,AT/MM,6.0,Olympia,18.0,xAAynannannannannannannannannannannannannannan,AA,3,partner,AAnannannannannannannannannannannannannannan,2
775,942,before_phees_2022-03-22_13-32-36_0000108_labelled_Wuschel_pheeseq_11.txt,x,A,A,y,,,,,,,,,,,,,,,before,phees,2022-03-22,13-32-36,Wuschel,2022-03-22 13:32:36,AT/MM,6.0,Olympia,19.0,xAAynannannannannannannannannannannannannannan,AA,3,partner,AAnannannannannannannannannannannannannannan,2
776,943,before_phees_2022-03-22_13-32-36_0000108_labelled_Wuschel_pheeseq_11.txt,x,A,A,y,,,,,,,,,,,,,,,before,phees,2022-03-22,13-32-36,Wuschel,2022-03-22 13:32:36,AT/MM,6.0,Olympia,20.0,xAAynannannannannannannannannannannannannannan,AA,3,partner,AAnannannannannannannannannannannannannannan,2
777,944,before_trills_2022-03-23_14-06-31_0000117_labelled_Lola_pheeseq_03.txt,x,A,P,,,,,,,,,,,,,,,,before,trills,2022-03-23,14-06-31,Lola,2022-03-23 14:06:31,AT/MM,6.0,Wuschel,1.0,xAPnannannannannannannannannannannannannannannan,AP,1,non-partner,APnannannannannannannannannannannannannannannan,2
778,945,before_trills_2022-03-23_14-06-31_0000117_labelled_Lola_pheeseq_06.txt,x,A,P,,,,,,,,,,,,,,,,before,trills,2022-03-23,14-06-31,Lola,2022-03-23 14:06:31,AT/MM,6.0,Wuschel,2.0,xAPnannannannannannannannannannannannannannannan,AP,1,non-partner,APnannannannannannannannannannannannannannannan,2
779,946,before_trills_2022-03-23_09-42-19_0000113_labelled_Nougatti_pheeseq_08.txt,x,A,A,P,P,,,,,,,,,,,,,,before,trills,2022-03-23,09-42-19,Nougatti,2022-03-23 09:42:19,AT/MM,5.0,Wuschel,1.0,xAAPPnannannannannannannannannannannannannan,AAPP,1,non-partner,AAPPnannannannannannannannannannannannannan,4
780,947,before_trills_2022-03-23_09-42-19_0000113_labelled_Nougatti_pheeseq_09.txt,x,A,A,y,,,,,,,,,,,,,,,before,trills,2022-03-23,09-42-19,Nougatti,2022-03-23 09:42:19,AT/MM,5.0,Wuschel,2.0,xAAynannannannannannannannannannannannannannan,AA,1,non-partner,AAnannannannannannannannannannannannannannan,2
781,948,before_trills_2022-03-23_09-42-19_0000113_labelled_Nougatti_pheeseq_04.txt,P,A,P,P,,,,,,,,,,,,,,,before,trills,2022-03-23,09-42-19,Nougatti,2022-03-23 09:42:19,AT/MM,5.0,Wuschel,3.0,PAPPnannannannannannannannannannannannannannan,PAPP,1,non-partner,PAPPnannannannannannannannannannannannannannan,4
782,949,before_trills_2022-03-23_09-42-19_0000113_labelled_Nougatti_pheeseq_05.txt,x,A,A,P,,,,,,,,,,,,,,,before,trills,2022-03-23,09-42-19,Nougatti,2022-03-23 09:42:19,AT/MM,5.0,Wuschel,4.0,xAAPnannannannannannannannannannannannannannan,AAP,1,non-partner,AAPnannannannannannannannannannannannannannan,3
783,950,before_trills_2022-03-23_09-42-19_0000113_labelled_Nougatti_pheeseq_07.txt,x,A,A,A,P,,,,,,,,,,,,,,before,trills,2022-03-23,09-42-19,Nougatti,2022-03-23 09:42:19,AT/MM,5.0,Wuschel,5.0,xAAAPnannannannannannannannannannannannannan,AAAP,1,non-partner,AAAPnannannannannannannannannannannannannan,4
784,951,before_phees_2022-03-23_10-25-29_0000114_labelled_Odin_pheeseq_04.txt,x,A,A,A,y,,,,,,,,,,,,,,before,phees,2022-03-23,10-25-29,Odin,2022-03-23 10:25:29,AT/MM,6.0,Olympia,1.0,xAAAynannannannannannannannannannannannannan,AAA,1,non-partner,AAAnannannannannannannannannannannannannan,3
785,953,before_trills_2022-03-23_10-25-30_0000114_labelled_Odin_pheeseq_55.txt,x,R,A,y,,,,,,,,,,,,,,,before,trills,2022-03-23,10-25-30,Odin,2022-03-23 10:25:30,AT/MM,6.0,Olympia,3.0,xRAynannannannannannannannannannannannannannan,RA,1,non-partner,RAnannannannannannannannannannannannannannan,2
786,954,before_phees_2022-03-23_10-25-29_0000114_labelled_Olympia_pheeseq_16.txt,x,A,A,y,,,,,,,,,,,,,,,before,phees,2022-03-23,10-25-29,Olympia,2022-03-23 10:25:29,AT/MM,6.0,Odin,1.0,xAAynannannannannannannannannannannannannannan,AA,3,non-partner,AAnannannannannannannannannannannannannannan,2
787,955,before_phees_2022-03-23_10-25-29_0000114_labelled_Olympia_pheeseq_17.txt,x,A,A,y,,,,,,,,,,,,,,,before,phees,2022-03-23,10-25-29,Olympia,2022-03-23 10:25:29,AT/MM,6.0,Odin,2.0,xAAynannannannannannannannannannannannannannan,AA,3,non-partner,AAnannannannannannannannannannannannannannan,2
788,958,before_trills_2022-03-23_10-25-30_0000114_labelled_Olympia_pheeseq_12.txt,x,R,A,y,,,,,,,,,,,,,,,before,trills,2022-03-23,10-25-30,Olympia,2022-03-23 10:25:30,AT/MM,6.0,Odin,6.0,xRAynannannannannannannannannannannannannannan,RA,1,non-partner,RAnannannannannannannannannannannannannannan,2
789,959,before_trills_2022-03-23_10-25-30_0000114_labelled_Olympia_pheeseq_66.txt,x,A,A,y,,,,,,,,,,,,,,,before,trills,2022-03-23,10-25-30,Olympia,2022-03-23 10:25:30,AT/MM,6.0,Odin,7.0,xAAynannannannannannannannannannannannannannan,AA,1,non-partner,AAnannannannannannannannannannannannannannan,2
790,960,before_trills_2022-03-23_14-06-31_0000117_labelled_Wuschel_pheeseq_04.txt,x,A,A,P,,,,,,,,,,,,,,,before,trills,2022-03-23,14-06-31,Wuschel,2022-03-23 14:06:31,AT/MM,6.0,Lola,1.0,xAAPnannannannannannannannannannannannannannan,AAP,1,non-partner,AAPnannannannannannannannannannannannannannan,3
791,961,before_phees_2022-03-23_09-42-11_0000113_labelled_Wuschel_pheeseq_08.txt,x,A,A,P,P,P,P,,,,,,,,,,,,before,phees,2022-03-23,09-42-11,Wuschel,2022-03-23 09:42:11,AT/MM,5.0,Nougatti,1.0,xAAPPPPnannannannannannannannannannannan,AAPPPP,1,non-partner,AAPPPPnannannannannannannannannannannan,6
792,962,before_trills_2022-03-23_09-42-19_0000113_labelled_Wuschel_pheeseq_02.txt,x,A,A,P,,,,,,,,,,,,,,,before,trills,2022-03-23,09-42-19,Wuschel,2022-03-23 09:42:19,AT/MM,5.0,Nougatti,2.0,xAAPnannannannannannannannannannannannannannan,AAP,1,non-partner,AAPnannannannannannannannannannannannannannan,3
793,963,before_phees_2022-03-23_09-42-11_0000113_labelled_Wuschel_pheeseq_03.txt,x,A,A,A,P,,,,,,,,,,,,,,before,phees,2022-03-23,09-42-11,Wuschel,2022-03-23 09:42:11,AT/MM,5.0,Nougatti,3.0,xAAAPnannannannannannannannannannannannannan,AAAP,1,non-partner,AAAPnannannannannannannannannannannannannan,4
794,964,before_phees_2022-03-23_09-42-11_0000113_labelled_Wuschel_pheeseq_02.txt,x,A,A,A,P,,,,,,,,,,,,,,before,phees,2022-03-23,09-42-11,Wuschel,2022-03-23 09:42:11,AT/MM,5.0,Nougatti,4.0,xAAAPnannannannannannannannannannannannannan,AAAP,1,non-partner,AAAPnannannannannannannannannannannannannan,4
795,965,before_phees_2022-03-23_09-42-11_0000113_labelled_Wuschel_pheeseq_06.txt,x,A,A,A,P,P,,,,,,,,,,,,,before,phees,2022-03-23,09-42-11,Wuschel,2022-03-23 09:42:11,AT/MM,5.0,Nougatti,5.0,xAAAPPnannannannannannannannannannannannan,AAAPP,1,non-partner,AAAPPnannannannannannannannannannannannan,5
796,966,before_phees_2022-03-23_09-42-11_0000113_labelled_Wuschel_pheeseq_07.txt,x,A,P,,,,,,,,,,,,,,,,before,phees,2022-03-23,09-42-11,Wuschel,2022-03-23 09:42:11,AT/MM,5.0,Nougatti,6.0,xAPnannannannannannannannannannannannannannannan,AP,1,non-partner,APnannannannannannannannannannannannannannannan,2
797,967,before_phees_2022-03-23_09-42-11_0000113_labelled_Wuschel_pheeseq_05.txt,x,A,A,P,P,K,,,,,,,,,,,,,before,phees,2022-03-23,09-42-11,Wuschel,2022-03-23 09:42:11,AT/MM,5.0,Nougatti,7.0,xAAPPKnannannannannannannannannannannannan,AAPPK,1,non-partner,AAPPKnannannannannannannannannannannannan,5
798,968,before_phees_2022-03-23_09-42-11_0000113_labelled_Wuschel_pheeseq_04.txt,x,A,A,A,P,,,,,,,,,,,,,,before,phees,2022-03-23,09-42-11,Wuschel,2022-03-23 09:42:11,AT/MM,5.0,Nougatti,8.0,xAAAPnannannannannannannannannannannannannan,AAAP,1,non-partner,AAAPnannannannannannannannannannannannannan,4
799,969,after_phees_2022-07-19_14-36-48_0000021_labelled_Lola_pheeseq_0000017.txt,x,A,A,A,P,S,,,,,,,,,,,,,after,phees,2022-07-19,14-36-48,Lola,2022-07-19 14:36:48,14:30,2.0,Wuschel,1.0,xAAAPSnannannannannannannannannannannannan,AAAPS,1,non-partner,AAAPSnannannannannannannannannannannannan,5
800,970,after_phees_2022-07-19_14-36-48_0000021_labelled_Lola_pheeseq_0000003.txt,x,A,A,y,,,,,,,,,,,,,,,after,phees,2022-07-19,14-36-48,Lola,2022-07-19 14:36:48,14:30,2.0,Wuschel,2.0,xAAynannannannannannannannannannannannannannan,AA,1,non-partner,AAnannannannannannannannannannannannannannan,2
801,971,after_phees_2022-07-19_14-36-48_0000021_labelled_Lola_pheeseq_0000029.txt,x,A,A,y,,,,,,,,,,,,,,,after,phees,2022-07-19,14-36-48,Lola,2022-07-19 14:36:48,14:30,2.0,Wuschel,3.0,xAAynannannannannannannannannannannannannannan,AA,3,non-partner,AAnannannannannannannannannannannannannannan,2
802,972,after_phees_2022-07-19_14-36-48_0000021_labelled_Lola_pheeseq_0000028.txt,x,A,A,y,,,,,,,,,,,,,,,after,phees,2022-07-19,14-36-48,Lola,2022-07-19 14:36:48,14:30,2.0,Wuschel,4.0,xAAynannannannannannannannannannannannannannan,AA,3,non-partner,AAnannannannannannannannannannannannannannan,2
803,973,after_phees_2022-07-19_14-36-48_0000021_labelled_Lola_pheeseq_0000014.txt,x,A,A,y,,,,,,,,,,,,,,,after,phees,2022-07-19,14-36-48,Lola,2022-07-19 14:36:48,14:30,2.0,Wuschel,5.0,xAAynannannannannannannannannannannannannannan,AA,1,non-partner,AAnannannannannannannannannannannannannannan,2
804,974,after_phees_2022-07-19_14-36-48_0000021_labelled_Lola_pheeseq_0000010.txt,x,A,A,A,y,,,,,,,,,,,,,,after,phees,2022-07-19,14-36-48,Lola,2022-07-19 14:36:48,14:30,2.0,Wuschel,6.0,xAAAynannannannannannannannannannannannannan,AAA,1,non-partner,AAAnannannannannannannannannannannannannan,3
805,975,after_phees_2022-07-19_14-36-48_0000021_labelled_Lola_pheeseq_0000004.txt,x,A,A,A,A,y,,,,,,,,,,,,,after,phees,2022-07-19,14-36-48,Lola,2022-07-19 14:36:48,14:30,2.0,Wuschel,7.0,xAAAAynannannannannannannannannannannannan,AAAA,1,non-partner,AAAAnannannannannannannannannannannannan,4
806,976,after_phees_2022-07-19_14-36-48_0000021_labelled_Lola_pheeseq_0000005.txt,x,A,A,A,y,,,,,,,,,,,,,,after,phees,2022-07-19,14-36-48,Lola,2022-07-19 14:36:48,14:30,2.0,Wuschel,8.0,xAAAynannannannannannannannannannannannannan,AAA,1,non-partner,AAAnannannannannannannannannannannannannan,3
807,977,after_phees_2022-07-19_14-36-48_0000021_labelled_Lola_pheeseq_0000011.txt,x,A,A,A,y,,,,,,,,,,,,,,after,phees,2022-07-19,14-36-48,Lola,2022-07-19 14:36:48,14:30,2.0,Wuschel,9.0,xAAAynannannannannannannannannannannannannan,AAA,1,non-partner,AAAnannannannannannannannannannannannannan,3
808,978,after_phees_2022-07-19_14-36-48_0000021_labelled_Lola_pheeseq_0000039.txt,x,A,A,P,,,,,,,,,,,,,,,after,phees,2022-07-19,14-36-48,Lola,2022-07-19 14:36:48,14:30,2.0,Wuschel,10.0,xAAPnannannannannannannannannannannannannannan,AAP,3,non-partner,AAPnannannannannannannannannannannannannannan,3
809,979,after_phees_2022-07-19_14-36-48_0000021_labelled_Lola_pheeseq_0000007.txt,x,A,A,A,y,,,,,,,,,,,,,,after,phees,2022-07-19,14-36-48,Lola,2022-07-19 14:36:48,14:30,2.0,Wuschel,11.0,xAAAynannannannannannannannannannannannannan,AAA,1,non-partner,AAAnannannannannannannannannannannannannan,3
810,980,after_phees_2022-07-19_14-36-48_0000021_labelled_Lola_pheeseq_0000013.txt,x,A,A,A,y,,,,,,,,,,,,,,after,phees,2022-07-19,14-36-48,Lola,2022-07-19 14:36:48,14:30,2.0,Wuschel,12.0,xAAAynannannannannannannannannannannannannan,AAA,1,non-partner,AAAnannannannannannannannannannannannannan,3
811,981,after_phees_2022-07-19_14-36-48_0000021_labelled_Lola_pheeseq_0000012.txt,x,A,A,A,P,P,,,,,,,,,,,,,after,phees,2022-07-19,14-36-48,Lola,2022-07-19 14:36:48,14:30,2.0,Wuschel,13.0,xAAAPPnannannannannannannannannannannannan,AAAPP,1,non-partner,AAAPPnannannannannannannannannannannannan,5
812,983,after_phees_2022-07-19_14-36-48_0000021_labelled_Lola_pheeseq_0000023.txt,x,A,A,y,,,,,,,,,,,,,,,after,phees,2022-07-19,14-36-48,Lola,2022-07-19 14:36:48,14:30,2.0,Wuschel,15.0,xAAynannannannannannannannannannannannannannan,AA,3,non-partner,AAnannannannannannannannannannannannannannan,2
813,984,after_phees_2022-07-19_14-36-48_0000021_labelled_Lola_pheeseq_0000037.txt,x,A,A,P,P,,,,,,,,,,,,,,after,phees,2022-07-19,14-36-48,Lola,2022-07-19 14:36:48,14:30,2.0,Wuschel,16.0,xAAPPnannannannannannannannannannannannannan,AAPP,3,non-partner,AAPPnannannannannannannannannannannannannan,4
814,986,after_phees_2022-07-19_14-36-48_0000021_labelled_Lola_pheeseq_0000034.txt,x,A,A,S,,,,,,,,,,,,,,,after,phees,2022-07-19,14-36-48,Lola,2022-07-19 14:36:48,14:30,2.0,Wuschel,18.0,xAASnannannannannannannannannannannannannannan,AAS,3,non-partner,AASnannannannannannannannannannannannannannan,3
815,987,after_phees_2022-07-19_14-36-48_0000021_labelled_Lola_pheeseq_0000008.txt,x,A,A,A,y,,,,,,,,,,,,,,after,phees,2022-07-19,14-36-48,Lola,2022-07-19 14:36:48,14:30,2.0,Wuschel,19.0,xAAAynannannannannannannannannannannannannan,AAA,1,non-partner,AAAnannannannannannannannannannannannannan,3
816,988,after_phees_2022-07-19_14-36-48_0000021_labelled_Lola_pheeseq_0000009.txt,x,A,A,y,,,,,,,,,,,,,,,after,phees,2022-07-19,14-36-48,Lola,2022-07-19 14:36:48,14:30,2.0,Wuschel,20.0,xAAynannannannannannannannannannannannannannan,AA,1,non-partner,AAnannannannannannannannannannannannannannan,2
817,989,after_phees_2022-07-19_14-36-48_0000021_labelled_Lola_pheeseq_0000035.txt,x,A,A,y,,,,,,,,,,,,,,,after,phees,2022-07-19,14-36-48,Lola,2022-07-19 14:36:48,14:30,2.0,Wuschel,21.0,xAAynannannannannannannannannannannannannannan,AA,3,non-partner,AAnannannannannannannannannannannannannannan,2
818,991,after_phees_2022-07-19_14-36-48_0000021_labelled_Lola_pheeseq_0000025.txt,x,A,A,P,,,,,,,,,,,,,,,after,phees,2022-07-19,14-36-48,Lola,2022-07-19 14:36:48,14:30,2.0,Wuschel,23.0,xAAPnannannannannannannannannannannannannannan,AAP,3,non-partner,AAPnannannannannannannannannannannannannannan,3
819,992,after_phees_2022-07-19_14-36-48_0000021_labelled_Lola_pheeseq_0000024.txt,P,A,A,y,,,,,,,,,,,,,,,after,phees,2022-07-19,14-36-48,Lola,2022-07-19 14:36:48,14:30,2.0,Wuschel,25.0,PAAynannannannannannannannannannannannannannan,PAA,3,non-partner,PAAnannannannannannannannannannannannannannan,3
820,994,after_phees_2022-07-19_14-36-48_0000021_labelled_Lola_pheeseq_0000018.txt,x,A,A,A,P,,,,,,,,,,,,,,after,phees,2022-07-19,14-36-48,Lola,2022-07-19 14:36:48,14:30,2.0,Wuschel,27.0,xAAAPnannannannannannannannannannannannannan,AAAP,1,non-partner,AAAPnannannannannannannannannannannannannan,4
821,995,after_phees_2022-07-19_14-36-48_0000021_labelled_Lola_pheeseq_0000026.txt,x,A,A,y,,,,,,,,,,,,,,,after,phees,2022-07-19,14-36-48,Lola,2022-07-19 14:36:48,14:30,2.0,Wuschel,28.0,xAAynannannannannannannannannannannannannannan,AA,3,non-partner,AAnannannannannannannannannannannannannannan,2
822,996,after_phees_2022-07-19_14-36-48_0000021_labelled_Lola_pheeseq_0000032.txt,x,A,K,,,,,,,,,,,,,,,,after,phees,2022-07-19,14-36-48,Lola,2022-07-19 14:36:48,14:30,2.0,Wuschel,29.0,xAKnannannannannannannannannannannannannannannan,AK,3,non-partner,AKnannannannannannannannannannannannannannannan,2
823,999,after_phees_2022-07-19_14-36-48_0000021_labelled_Lola_pheeseq_0000040.txt,x,A,A,y,,,,,,,,,,,,,,,after,phees,2022-07-19,14-36-48,Lola,2022-07-19 14:36:48,14:30,2.0,Wuschel,32.0,xAAynannannannannannannannannannannannannannan,AA,3,non-partner,AAnannannannannannannannannannannannannannan,2
824,1000,after_phees_2022-07-19_14-36-48_0000021_labelled_Lola_pheeseq_0000041.txt,x,A,A,P,P,,,,,,,,,,,,,,after,phees,2022-07-19,14-36-48,Lola,2022-07-19 14:36:48,14:30,2.0,Wuschel,33.0,xAAPPnannannannannannannannannannannannannan,AAPP,3,non-partner,AAPPnannannannannannannannannannannannannan,4
825,1001,after_phees_2022-07-19_11-17-29_0000018_labelled_Odin_pheeseq_0000020.txt,x,P,A,A,A,P,,,,,,,,,,,,,after,phees,2022-07-19,11-17-29,Odin,2022-07-19 11:17:29,11:15,1.0,Olympia,1.0,xPAAAPnannannannannannannannannannannannan,PAAAP,1,non-partner,PAAAPnannannannannannannannannannannannan,5
826,1002,after_phees_2022-07-19_11-17-29_0000018_labelled_Odin_pheeseq_0000027.txt,x,A,P,A,A,A,P,,,,,,,,,,,,after,phees,2022-07-19,11-17-29,Odin,2022-07-19 11:17:29,11:15,1.0,Olympia,2.0,xAPAAAPnannannannannannannannannannannan,APAAAP,1,non-partner,APAAAPnannannannannannannannannannannan,6
827,1004,after_phees_2022-07-19_11-17-29_0000018_labelled_Odin_pheeseq_0000018.txt,x,A,P,A,P,A,A,y,,,,,,,,,,,after,phees,2022-07-19,11-17-29,Odin,2022-07-19 11:17:29,11:15,1.0,Olympia,4.0,xAPAPAAynannannannannannannannannannan,APAPAA,1,non-partner,APAPAAnannannannannannannannannannan,6
828,1005,after_phees_2022-07-19_11-17-29_0000018_labelled_Odin_pheeseq_0000031.txt,x,A,A,y,,,,,,,,,,,,,,,after,phees,2022-07-19,11-17-29,Odin,2022-07-19 11:17:29,11:15,1.0,Olympia,5.0,xAAynannannannannannannannannannannannannannan,AA,1,non-partner,AAnannannannannannannannannannannannannannan,2
829,1006,after_phees_2022-07-19_11-17-29_0000018_labelled_Odin_pheeseq_0000025.txt,x,A,P,A,A,y,,,,,,,,,,,,,after,phees,2022-07-19,11-17-29,Odin,2022-07-19 11:17:29,11:15,1.0,Olympia,6.0,xAPAAynannannannannannannannannannannannan,APAA,1,non-partner,APAAnannannannannannannannannannannannan,4
830,1007,after_phees_2022-07-19_11-17-29_0000018_labelled_Odin_phee_0000019.txt,x,A,P,,,,,,,,,,,,,,,,after,phees,2022-07-19,11-17-29,Odin,2022-07-19 11:17:29,11:15,1.0,Olympia,7.0,xAPnannannannannannannannannannannannannannannan,AP,1,non-partner,APnannannannannannannannannannannannannannannan,2
831,1008,after_phees_2022-07-19_11-17-29_0000018_labelled_Odin_pheeseq_0000081.txt,x,A,A,y,,,,,,,,,,,,,,,after,phees,2022-07-19,11-17-29,Odin,2022-07-19 11:17:29,11:15,1.0,Olympia,9.0,xAAynannannannannannannannannannannannannannan,AA,3,non-partner,AAnannannannannannannannannannannannannannan,2
832,1009,after_phees_2022-07-19_11-17-29_0000018_labelled_Odin_pheeseq_0000080.txt,x,A,A,A,y,,,,,,,,,,,,,,after,phees,2022-07-19,11-17-29,Odin,2022-07-19 11:17:29,11:15,1.0,Olympia,10.0,xAAAynannannannannannannannannannannannannan,AAA,3,non-partner,AAAnannannannannannannannannannannannannan,3
833,1010,after_phees_2022-07-19_11-17-29_0000018_labelled_Odin_pheeseq_0000068.txt,x,A,P,A,A,A,y,,,,,,,,,,,,after,phees,2022-07-19,11-17-29,Odin,2022-07-19 11:17:29,11:15,1.0,Olympia,13.0,xAPAAAynannannannannannannannannannannan,APAAA,3,non-partner,APAAAnannannannannannannannannannannan,5
834,1011,after_phees_2022-07-19_11-17-29_0000018_labelled_Odin_pheeseq_0000078.txt,x,A,A,A,y,,,,,,,,,,,,,,after,phees,2022-07-19,11-17-29,Odin,2022-07-19 11:17:29,11:15,1.0,Olympia,15.0,xAAAynannannannannannannannannannannannannan,AAA,3,non-partner,AAAnannannannannannannannannannannannannan,3
835,1012,after_phees_2022-07-19_11-17-29_0000018_labelled_Odin_pheeseq_0000079.txt,x,A,P,A,A,y,,,,,,,,,,,,,after,phees,2022-07-19,11-17-29,Odin,2022-07-19 11:17:29,11:15,1.0,Olympia,16.0,xAPAAynannannannannannannannannannannannan,APAA,3,non-partner,APAAnannannannannannannannannannannannan,4
836,1013,after_phees_2022-07-19_11-17-29_0000018_labelled_Odin_pheeseq_0000063.txt,x,A,A,A,y,,,,,,,,,,,,,,after,phees,2022-07-19,11-17-29,Odin,2022-07-19 11:17:29,11:15,1.0,Olympia,22.0,xAAAynannannannannannannannannannannannannan,AAA,3,non-partner,AAAnannannannannannannannannannannannannan,3
837,1014,after_phees_2022-07-19_11-17-29_0000018_labelled_Odin_pheeseq_0000076.txt,x,A,P,A,y,,,,,,,,,,,,,,after,phees,2022-07-19,11-17-29,Odin,2022-07-19 11:17:29,11:15,1.0,Olympia,23.0,xAPAynannannannannannannannannannannannannan,APA,3,non-partner,APAnannannannannannannannannannannannannan,3
838,1015,after_phees_2022-07-19_11-17-29_0000018_labelled_Odin_pheeseq_0000075.txt,x,A,A,A,y,,,,,,,,,,,,,,after,phees,2022-07-19,11-17-29,Odin,2022-07-19 11:17:29,11:15,1.0,Olympia,25.0,xAAAynannannannannannannannannannannannannan,AAA,3,non-partner,AAAnannannannannannannannannannannannannan,3
839,1016,after_phees_2022-07-19_11-17-29_0000018_labelled_Odin_pheeseq_0000065.txt,x,A,A,A,y,,,,,,,,,,,,,,after,phees,2022-07-19,11-17-29,Odin,2022-07-19 11:17:29,11:15,1.0,Olympia,27.0,xAAAynannannannannannannannannannannannannan,AAA,3,non-partner,AAAnannannannannannannannannannannannannan,3
840,1017,after_phees_2022-07-19_11-17-29_0000018_labelled_Odin_pheeseq_0000064.txt,x,A,A,y,,,,,,,,,,,,,,,after,phees,2022-07-19,11-17-29,Odin,2022-07-19 11:17:29,11:15,1.0,Olympia,28.0,xAAynannannannannannannannannannannannannannan,AA,3,non-partner,AAnannannannannannannannannannannannannannan,2
841,1018,after_phees_2022-07-19_11-17-29_0000018_labelled_Odin_pheeseq_0000070.txt,x,A,P,A,A,y,,,,,,,,,,,,,after,phees,2022-07-19,11-17-29,Odin,2022-07-19 11:17:29,11:15,1.0,Olympia,29.0,xAPAAynannannannannannannannannannannannan,APAA,3,non-partner,APAAnannannannannannannannannannannannan,4
842,1019,after_phees_2022-07-19_11-17-29_0000018_labelled_Odin_pheeseq_0000066.txt,x,A,A,A,y,,,,,,,,,,,,,,after,phees,2022-07-19,11-17-29,Odin,2022-07-19 11:17:29,11:15,1.0,Olympia,30.0,xAAAynannannannannannannannannannannannannan,AAA,3,non-partner,AAAnannannannannannannannannannannannannan,3
843,1020,after_phees_2022-07-19_11-17-29_0000018_labelled_Odin_pheeseq_0000067.txt,x,A,A,A,y,,,,,,,,,,,,,,after,phees,2022-07-19,11-17-29,Odin,2022-07-19 11:17:29,11:15,1.0,Olympia,31.0,xAAAynannannannannannannannannannannannannan,AAA,3,non-partner,AAAnannannannannannannannannannannannannan,3
844,1021,after_phees_2022-07-19_11-17-29_0000018_labelled_Odin_pheeseq_0000028.txt,x,A,P,A,A,A,y,,,,,,,,,,,,after,phees,2022-07-19,11-17-29,Odin,2022-07-19 11:17:29,11:15,1.0,Olympia,32.0,xAPAAAynannannannannannannannannannannan,APAAA,1,non-partner,APAAAnannannannannannannannannannannan,5
845,1022,after_phees_2022-07-19_11-17-29_0000018_labelled_Odin_pheeseq_0000016.txt,x,A,P,A,A,A,y,,,,,,,,,,,,after,phees,2022-07-19,11-17-29,Odin,2022-07-19 11:17:29,11:15,1.0,Olympia,33.0,xAPAAAynannannannannannannannannannannan,APAAA,1,non-partner,APAAAnannannannannannannannannannannan,5
846,1025,after_phees_2022-07-19_11-17-29_0000018_labelled_Odin_pheeseq_0000013.txt,x,A,P,A,A,S,,,,,,,,,,,,,after,phees,2022-07-19,11-17-29,Odin,2022-07-19 11:17:29,11:15,1.0,Olympia,36.0,xAPAASnannannannannannannannannannannannan,APAAS,1,non-partner,APAASnannannannannannannannannannannannan,5
847,1026,after_phees_2022-07-19_11-17-29_0000018_labelled_Odin_pheeseq_0000005.txt,x,A,A,K,,,,,,,,,,,,,,,after,phees,2022-07-19,11-17-29,Odin,2022-07-19 11:17:29,11:15,1.0,Olympia,37.0,xAAKnannannannannannannannannannannannannannan,AAK,1,non-partner,AAKnannannannannannannannannannannannannannan,3
848,1027,after_phees_2022-07-19_11-17-29_0000018_labelled_Odin_pheeseq_0000011.txt,x,A,A,P,P,A,A,A,y,,,,,,,,,,after,phees,2022-07-19,11-17-29,Odin,2022-07-19 11:17:29,11:15,1.0,Olympia,38.0,xAAPPAAAynannannannannannannannannan,AAPPAAA,1,non-partner,AAPPAAAnannannannannannannannannan,7
849,1028,after_phees_2022-07-19_11-17-29_0000018_labelled_Odin_pheeseq_0000010.txt,x,R,A,y,,,,,,,,,,,,,,,after,phees,2022-07-19,11-17-29,Odin,2022-07-19 11:17:29,11:15,1.0,Olympia,39.0,xRAynannannannannannannannannannannannannannan,RA,1,non-partner,RAnannannannannannannannannannannannannannan,2
850,1029,after_phees_2022-07-19_11-17-29_0000018_labelled_Odin_phee_0000004.txt,x,A,P,,,,,,,,,,,,,,,,after,phees,2022-07-19,11-17-29,Odin,2022-07-19 11:17:29,11:15,1.0,Olympia,40.0,xAPnannannannannannannannannannannannannannannan,AP,1,non-partner,APnannannannannannannannannannannannannannannan,2
851,1031,after_phees_2022-07-19_11-17-29_0000018_labelled_Olympia_pheeseq_0000062.txt,x,A,A,A,y,,,,,,,,,,,,,,after,phees,2022-07-19,11-17-29,Olympia,2022-07-19 11:17:29,11:15,1.0,Odin,2.0,xAAAynannannannannannannannannannannannannan,AAA,3,non-partner,AAAnannannannannannannannannannannannannan,3
852,1032,after_phees_2022-07-19_11-17-29_0000018_labelled_Olympia_pheeseq_0000077.txt,x,A,A,y,,,,,,,,,,,,,,,after,phees,2022-07-19,11-17-29,Olympia,2022-07-19 11:17:29,11:15,1.0,Odin,3.0,xAAynannannannannannannannannannannannannannan,AA,3,non-partner,AAnannannannannannannannannannannannannannan,2
853,1033,after_phees_2022-07-19_11-17-29_0000018_labelled_Olympia_pheeseq_0000061.txt,x,A,A,y,,,,,,,,,,,,,,,after,phees,2022-07-19,11-17-29,Olympia,2022-07-19 11:17:29,11:15,1.0,Odin,4.0,xAAynannannannannannannannannannannannannannan,AA,3,non-partner,AAnannannannannannannannannannannannannannan,2
854,1034,after_phees_2022-07-19_11-17-29_0000018_labelled_Olympia_pheeseq_0000060.txt,x,A,A,y,,,,,,,,,,,,,,,after,phees,2022-07-19,11-17-29,Olympia,2022-07-19 11:17:29,11:15,1.0,Odin,5.0,xAAynannannannannannannannannannannannannannan,AA,3,non-partner,AAnannannannannannannannannannannannannannan,2
855,1035,after_phees_2022-07-19_11-17-29_0000018_labelled_Olympia_pheeseq_0000071.txt,x,A,A,y,,,,,,,,,,,,,,,after,phees,2022-07-19,11-17-29,Olympia,2022-07-19 11:17:29,11:15,1.0,Odin,6.0,xAAynannannannannannannannannannannannannannan,AA,3,non-partner,AAnannannannannannannannannannannannannannan,2
856,1036,after_phees_2022-07-19_11-17-29_0000018_labelled_Olympia_pheeseq_0000072.txt,x,A,A,y,,,,,,,,,,,,,,,after,phees,2022-07-19,11-17-29,Olympia,2022-07-19 11:17:29,11:15,1.0,Odin,7.0,xAAynannannannannannannannannannannannannannan,AA,3,non-partner,AAnannannannannannannannannannannannannannan,2
857,1037,after_phees_2022-07-19_11-17-29_0000018_labelled_Olympia_pheeseq_0000015.txt,x,A,A,y,,,,,,,,,,,,,,,after,phees,2022-07-19,11-17-29,Olympia,2022-07-19 11:17:29,11:15,1.0,Odin,8.0,xAAynannannannannannannannannannannannannannan,AA,1,non-partner,AAnannannannannannannannannannannannannannan,2
858,1038,after_phees_2022-07-19_11-17-29_0000018_labelled_Olympia_pheeseq_0000017.txt,x,A,A,y,,,,,,,,,,,,,,,after,phees,2022-07-19,11-17-29,Olympia,2022-07-19 11:17:29,11:15,1.0,Odin,9.0,xAAynannannannannannannannannannannannannannan,AA,1,non-partner,AAnannannannannannannannannannannannannannan,2
859,1041,after_phees_2022-07-19_11-17-29_0000018_labelled_Olympia_pheeseq_0000082.txt,x,A,A,y,,,,,,,,,,,,,,,after,phees,2022-07-19,11-17-29,Olympia,2022-07-19 11:17:29,11:15,1.0,Odin,14.0,xAAynannannannannannannannannannannannannannan,AA,3,non-partner,AAnannannannannannannannannannannannannannan,2
860,1043,after_trills_2022-07-19_14-36-49_0000021_labelled_Wuschel_pheeseq_0000013.txt,P,A,A,P,,,,,,,,,,,,,,,after,trills,2022-07-19,14-36-49,Wuschel,2022-07-19 14:36:49,14:30,2.0,Lola,1.0,PAAPnannannannannannannannannannannannannannan,PAAP,1,non-partner,PAAPnannannannannannannannannannannannannannan,4
861,1049,after_phees_2022-07-19_14-36-48_0000021_labelled_Wuschel_pheeseq_0000002.txt,x,A,A,P,P,,,,,,,,,,,,,,after,phees,2022-07-19,14-36-48,Wuschel,2022-07-19 14:36:48,14:30,2.0,Lola,7.0,xAAPPnannannannannannannannannannannannannan,AAPP,1,non-partner,AAPPnannannannannannannannannannannannannan,4
862,1058,after_phees_2022-07-20_15-39-44_0000028_labelled_Nougatti_pheeseq_0000046.txt,x,A,A,y,,,,,,,,,,,,,,,after,phees,2022-07-20,15-39-44,Nougatti,2022-07-20 15:39:44,15:40,2.0,Tabor,6.0,xAAynannannannannannannannannannannannannannan,AA,3,non-partner,AAnannannannannannannannannannannannannannan,2
863,1059,after_phees_2022-07-20_15-39-44_0000028_labelled_Nougatti_pheeseq_0000052.txt,x,A,A,A,y,,,,,,,,,,,,,,after,phees,2022-07-20,15-39-44,Nougatti,2022-07-20 15:39:44,15:40,2.0,Tabor,7.0,xAAAynannannannannannannannannannannannannan,AAA,3,non-partner,AAAnannannannannannannannannannannannannan,3
864,1061,after_phees_2022-07-20_15-39-44_0000028_labelled_Nougatti_pheeseq_0000047.txt,x,A,P,y,,,,,,,,,,,,,,,after,phees,2022-07-20,15-39-44,Nougatti,2022-07-20 15:39:44,15:40,2.0,Tabor,9.0,xAPynannannannannannannannannannannannannannan,AP,3,non-partner,APnannannannannannannannannannannannannannan,2
865,1062,after_phees_2022-07-20_15-39-44_0000028_labelled_Nougatti_pheeseq_0000051.txt,x,A,P,A,y,,,,,,,,,,,,,,after,phees,2022-07-20,15-39-44,Nougatti,2022-07-20 15:39:44,15:40,2.0,Tabor,10.0,xAPAynannannannannannannannannannannannannan,APA,3,non-partner,APAnannannannannannannannannannannannannan,3
866,1063,after_phees_2022-07-20_15-39-44_0000028_labelled_Nougatti_pheeseq_0000045.txt,x,A,A,y,,,,,,,,,,,,,,,after,phees,2022-07-20,15-39-44,Nougatti,2022-07-20 15:39:44,15:40,2.0,Tabor,11.0,xAAynannannannannannannannannannannannannannan,AA,3,non-partner,AAnannannannannannannannannannannannannannan,2
867,1065,after_phees_2022-07-20_15-39-44_0000028_labelled_Nougatti_pheeseq_0000050.txt,x,A,A,y,,,,,,,,,,,,,,,after,phees,2022-07-20,15-39-44,Nougatti,2022-07-20 15:39:44,15:40,2.0,Tabor,13.0,xAAynannannannannannannannannannannannannannan,AA,3,non-partner,AAnannannannannannannannannannannannannannan,2
868,1066,after_phees_2022-07-20_15-39-44_0000028_labelled_Nougatti_pheeseq_0000023.txt,x,A,P,y,,,,,,,,,,,,,,,after,phees,2022-07-20,15-39-44,Nougatti,2022-07-20 15:39:44,15:40,2.0,Tabor,14.0,xAPynannannannannannannannannannannannannannan,AP,1,non-partner,APnannannannannannannannannannannannannannan,2
869,1067,after_phees_2022-07-20_15-39-44_0000028_labelled_Nougatti_pheeseq_0000020.txt,x,A,A,y,,,,,,,,,,,,,,,after,phees,2022-07-20,15-39-44,Nougatti,2022-07-20 15:39:44,15:40,2.0,Tabor,15.0,xAAynannannannannannannannannannannannannannan,AA,1,non-partner,AAnannannannannannannannannannannannannannan,2
870,1070,after_phees_2022-07-20_15-39-44_0000028_labelled_Nougatti_pheeseq_0000018.txt,x,A,A,y,,,,,,,,,,,,,,,after,phees,2022-07-20,15-39-44,Nougatti,2022-07-20 15:39:44,15:40,2.0,Tabor,19.0,xAAynannannannannannannannannannannannannannan,AA,1,non-partner,AAnannannannannannannannannannannannannannan,2
871,1071,after_phees_2022-07-20_15-39-44_0000028_labelled_Nougatti_pheeseq_0000026.txt,x,A,A,y,,,,,,,,,,,,,,,after,phees,2022-07-20,15-39-44,Nougatti,2022-07-20 15:39:44,15:40,2.0,Tabor,20.0,xAAynannannannannannannannannannannannannannan,AA,1,non-partner,AAnannannannannannannannannannannannannannan,2
872,1072,after_phees_2022-07-20_15-39-44_0000028_labelled_Nougatti_pheeseq_0000027.txt,x,A,A,y,,,,,,,,,,,,,,,after,phees,2022-07-20,15-39-44,Nougatti,2022-07-20 15:39:44,15:40,2.0,Tabor,21.0,xAAynannannannannannannannannannannannannannan,AA,1,non-partner,AAnannannannannannannannannannannannannannan,2
873,1073,after_phees_2022-07-20_15-39-44_0000028_labelled_Tabor_pheeseq_0000030.txt,x,A,P,A,A,A,P,P,,,,,,,,,,,after,phees,2022-07-20,15-39-44,Tabor,2022-07-20 15:39:44,15:40,2.0,Nougatti,1.0,xAPAAAPPnannannannannannannannannannan,APAAAPP,1,non-partner,APAAAPPnannannannannannannannannannan,7
874,1074,after_phees_2022-07-20_15-39-44_0000028_labelled_Tabor_pheeseq_0000024.txt,x,A,A,A,P,P,P,,,,,,,,,,,,after,phees,2022-07-20,15-39-44,Tabor,2022-07-20 15:39:44,15:40,2.0,Nougatti,2.0,xAAAPPPnannannannannannannannannannannan,AAAPPP,1,non-partner,AAAPPPnannannannannannannannannannannan,6
875,1075,after_phees_2022-07-20_15-39-44_0000028_labelled_Tabor_pheeseq_0000008.txt,x,A,A,A,P,P,,,,,,,,,,,,,after,phees,2022-07-20,15-39-44,Tabor,2022-07-20 15:39:44,15:40,2.0,Nougatti,3.0,xAAAPPnannannannannannannannannannannannan,AAAPP,1,non-partner,AAAPPnannannannannannannannannannannannan,5
876,1076,after_phees_2022-07-20_15-39-44_0000028_labelled_Tabor_pheeseq_0000035.txt,x,A,P,P,A,A,y,,,,,,,,,,,,after,phees,2022-07-20,15-39-44,Tabor,2022-07-20 15:39:44,15:40,2.0,Nougatti,4.0,xAPPAAynannannannannannannannannannannan,APPAA,3,non-partner,APPAAnannannannannannannannannannannan,5
877,1077,after_phees_2022-07-20_15-39-44_0000028_labelled_Tabor_pheeseq_0000037.txt,x,A,A,A,A,P,,,,,,,,,,,,,after,phees,2022-07-20,15-39-44,Tabor,2022-07-20 15:39:44,15:40,2.0,Nougatti,5.0,xAAAAPnannannannannannannannannannannannan,AAAAP,3,non-partner,AAAAPnannannannannannannannannannannannan,5
878,1078,after_phees_2022-07-20_15-39-44_0000028_labelled_Tabor_pheeseq_0000022.txt,x,A,P,A,A,P,P,,,,,,,,,,,,after,phees,2022-07-20,15-39-44,Tabor,2022-07-20 15:39:44,15:40,2.0,Nougatti,6.0,xAPAAPPnannannannannannannannannannannan,APAAPP,1,non-partner,APAAPPnannannannannannannannannannannan,6
879,1079,after_phees_2022-07-20_15-39-44_0000028_labelled_Tabor_pheeseq_0000036.txt,x,A,A,A,y,,,,,,,,,,,,,,after,phees,2022-07-20,15-39-44,Tabor,2022-07-20 15:39:44,15:40,2.0,Nougatti,7.0,xAAAynannannannannannannannannannannannannan,AAA,3,non-partner,AAAnannannannannannannannannannannannannan,3
880,1080,after_phees_2022-07-20_15-39-44_0000028_labelled_Tabor_pheeseq_0000043.txt,x,A,P,A,A,P,P,P,,,,,,,,,,,after,phees,2022-07-20,15-39-44,Tabor,2022-07-20 15:39:44,15:40,2.0,Nougatti,8.0,xAPAAPPPnannannannannannannannannannan,APAAPPP,3,non-partner,APAAPPPnannannannannannannannannannan,7
881,1081,after_phees_2022-07-20_15-39-44_0000028_labelled_Tabor_pheeseq_0000042.txt,x,A,A,A,A,P,P,,,,,,,,,,,,after,phees,2022-07-20,15-39-44,Tabor,2022-07-20 15:39:44,15:40,2.0,Nougatti,9.0,xAAAAPPnannannannannannannannannannannan,AAAAPP,3,non-partner,AAAAPPnannannannannannannannannannannan,6
882,1082,after_trills_2022-07-20_15-39-45_0000028_labelled_Tabor_pheeseq_0000012.txt,x,A,A,P,P,P,,,,,,,,,,,,,after,trills,2022-07-20,15-39-45,Tabor,2022-07-20 15:39:45,15:40,2.0,Nougatti,10.0,xAAPPPnannannannannannannannannannannannan,AAPPP,3,non-partner,AAPPPnannannannannannannannannannannannan,5
883,1083,after_phees_2022-07-20_15-39-44_0000028_labelled_Tabor_pheeseq_0000049.txt,x,A,P,A,A,A,y,,,,,,,,,,,,after,phees,2022-07-20,15-39-44,Tabor,2022-07-20 15:39:44,15:40,2.0,Nougatti,11.0,xAPAAAynannannannannannannannannannannan,APAAA,3,non-partner,APAAAnannannannannannannannannannannan,5
884,1084,after_phees_2022-07-20_15-39-44_0000028_labelled_Tabor_pheeseq_0000048.txt,x,A,A,A,P,P,P,,,,,,,,,,,,after,phees,2022-07-20,15-39-44,Tabor,2022-07-20 15:39:44,15:40,2.0,Nougatti,12.0,xAAAPPPnannannannannannannannannannannan,AAAPPP,3,non-partner,AAAPPPnannannannannannannannannannannan,6
885,1085,after_trills_2022-07-20_15-39-45_0000028_labelled_Tabor_pheeseq_0000011.txt,x,A,A,A,P,,,,,,,,,,,,,,after,trills,2022-07-20,15-39-45,Tabor,2022-07-20 15:39:45,15:40,2.0,Nougatti,13.0,xAAAPnannannannannannannannannannannannannan,AAAP,3,non-partner,AAAPnannannannannannannannannannannannannan,4
886,1086,after_phees_2022-07-20_15-39-44_0000028_labelled_Tabor_pheeseq_0000004.txt,x,A,A,A,A,y,,,,,,,,,,,,,after,phees,2022-07-20,15-39-44,Tabor,2022-07-20 15:39:44,15:40,2.0,Nougatti,14.0,xAAAAynannannannannannannannannannannannan,AAAA,1,non-partner,AAAAnannannannannannannannannannannannan,4
887,1087,after_phees_2022-07-20_15-39-44_0000028_labelled_Tabor_pheeseq_0000011.txt,x,A,P,A,y,,,,,,,,,,,,,,after,phees,2022-07-20,15-39-44,Tabor,2022-07-20 15:39:44,15:40,2.0,Nougatti,15.0,xAPAynannannannannannannannannannannannannan,APA,1,non-partner,APAnannannannannannannannannannannannannan,3
888,1088,after_phees_2022-07-20_15-39-44_0000028_labelled_Tabor_pheeseq_0000039.txt,x,A,A,A,A,P,,,,,,,,,,,,,after,phees,2022-07-20,15-39-44,Tabor,2022-07-20 15:39:44,15:40,2.0,Nougatti,16.0,xAAAAPnannannannannannannannannannannannan,AAAAP,3,non-partner,AAAAPnannannannannannannannannannannannan,5
889,1089,after_phees_2022-07-20_15-39-44_0000028_labelled_Tabor_pheeseq_0000015.txt,x,A,A,A,A,y,,,,,,,,,,,,,after,phees,2022-07-20,15-39-44,Tabor,2022-07-20 15:39:44,15:40,2.0,Nougatti,17.0,xAAAAynannannannannannannannannannannannan,AAAA,1,non-partner,AAAAnannannannannannannannannannannannan,4
890,1090,after_phees_2022-07-20_15-39-44_0000028_labelled_Tabor_pheeseq_0000029.txt,x,A,A,A,A,P,P,,,,,,,,,,,,after,phees,2022-07-20,15-39-44,Tabor,2022-07-20 15:39:44,15:40,2.0,Nougatti,18.0,xAAAAPPnannannannannannannannannannannan,AAAAPP,1,non-partner,AAAAPPnannannannannannannannannannannan,6
891,1091,after_phees_2022-07-20_15-39-44_0000028_labelled_Tabor_pheeseq_0000002.txt,x,A,P,P,A,A,A,y,,,,,,,,,,,after,phees,2022-07-20,15-39-44,Tabor,2022-07-20 15:39:44,15:40,2.0,Nougatti,19.0,xAPPAAAynannannannannannannannannannan,APPAAA,1,non-partner,APPAAAnannannannannannannannannannan,6
892,1092,after_phees_2022-07-20_15-39-44_0000028_labelled_Tabor_pheeseq_0000017.txt,x,A,A,A,A,P,,,,,,,,,,,,,after,phees,2022-07-20,15-39-44,Tabor,2022-07-20 15:39:44,15:40,2.0,Nougatti,20.0,xAAAAPnannannannannannannannannannannannan,AAAAP,1,non-partner,AAAAPnannannannannannannannannannannannan,5
893,1093,after_phees_2022-07-21_09-36-56_0000029_labelled_Lola_pheeseq_0000040.txt,x,A,A,y,,,,,,,,,,,,,,,after,phees,2022-07-21,09-36-56,Lola,2022-07-21 09:36:56,09:35,2.0,Odin,2.0,xAAynannannannannannannannannannannannannannan,AA,3,non-partner,AAnannannannannannannannannannannannannannan,2
894,1094,after_phees_2022-07-21_09-36-56_0000029_labelled_Lola_pheeseq_0000041.txt,x,A,A,y,,,,,,,,,,,,,,,after,phees,2022-07-21,09-36-56,Lola,2022-07-21 09:36:56,09:35,2.0,Odin,3.0,xAAynannannannannannannannannannannannannannan,AA,3,non-partner,AAnannannannannannannannannannannannannannan,2
895,1095,after_phees_2022-07-21_09-36-56_0000029_labelled_Lola_pheeseq_0000038.txt,x,A,A,y,,,,,,,,,,,,,,,after,phees,2022-07-21,09-36-56,Lola,2022-07-21 09:36:56,09:35,2.0,Odin,4.0,xAAynannannannannannannannannannannannannannan,AA,3,non-partner,AAnannannannannannannannannannannannannannan,2
896,1096,after_phees_2022-07-21_09-36-56_0000029_labelled_Lola_pheeseq_0000004.txt,x,A,P,,,,,,,,,,,,,,,,after,phees,2022-07-21,09-36-56,Lola,2022-07-21 09:36:56,09:35,2.0,Odin,5.0,xAPnannannannannannannannannannannannannannannan,AP,1,non-partner,APnannannannannannannannannannannannannannannan,2
897,1097,after_phees_2022-07-21_09-36-56_0000029_labelled_Lola_pheeseq_0000005.txt,x,A,A,P,,,,,,,,,,,,,,,after,phees,2022-07-21,09-36-56,Lola,2022-07-21 09:36:56,09:35,2.0,Odin,6.0,xAAPnannannannannannannannannannannannannannan,AAP,1,non-partner,AAPnannannannannannannannannannannannannannan,3
898,1098,after_phees_2022-07-21_09-36-56_0000029_labelled_Lola_pheeseq_0000039.txt,x,A,A,A,P,,,,,,,,,,,,,,after,phees,2022-07-21,09-36-56,Lola,2022-07-21 09:36:56,09:35,2.0,Odin,7.0,xAAAPnannannannannannannannannannannannannan,AAAP,3,non-partner,AAAPnannannannannannannannannannannannannan,4
899,1102,after_phees_2022-07-21_09-36-56_0000029_labelled_Odin_pheeseq_0000011.txt,x,A,A,y,,,,,,,,,,,,,,,after,phees,2022-07-21,09-36-56,Odin,2022-07-21 09:36:56,09:35,2.0,Lola,1.0,xAAynannannannannannannannannannannannannannan,AA,1,non-partner,AAnannannannannannannannannannannannannannan,2
900,1106,after_phees_2022-07-21_09-36-56_0000029_labelled_Odin_pheeseq_0000007.txt,x,A,A,y,,,,,,,,,,,,,,,after,phees,2022-07-21,09-36-56,Odin,2022-07-21 09:36:56,09:35,2.0,Lola,5.0,xAAynannannannannannannannannannannannannannan,AA,1,non-partner,AAnannannannannannannannannannannannannannan,2
901,1107,after_phees_2022-07-21_09-36-56_0000029_labelled_Odin_pheeseq_0000017.txt,x,A,A,y,,,,,,,,,,,,,,,after,phees,2022-07-21,09-36-56,Odin,2022-07-21 09:36:56,09:35,2.0,Lola,6.0,xAAynannannannannannannannannannannannannannan,AA,1,non-partner,AAnannannannannannannannannannannannannannan,2
902,1108,after_phees_2022-07-21_09-36-56_0000029_labelled_Odin_pheeseq_0000015.txt,x,A,A,y,,,,,,,,,,,,,,,after,phees,2022-07-21,09-36-56,Odin,2022-07-21 09:36:56,09:35,2.0,Lola,9.0,xAAynannannannannannannannannannannannannannan,AA,1,non-partner,AAnannannannannannannannannannannannannannan,2
903,1110,after_phees_2022-07-21_09-36-56_0000029_labelled_Odin_pheeseq_0000053.txt,x,A,P,A,A,y,,,,,,,,,,,,,after,phees,2022-07-21,09-36-56,Odin,2022-07-21 09:36:56,09:35,2.0,Lola,12.0,xAPAAynannannannannannannannannannannannan,APAA,3,non-partner,APAAnannannannannannannannannannannannan,4
904,1113,after_phees_2022-07-21_09-36-56_0000029_labelled_Odin_pheeseq_0000052.txt,x,A,A,y,,,,,,,,,,,,,,,after,phees,2022-07-21,09-36-56,Odin,2022-07-21 09:36:56,09:35,2.0,Lola,15.0,xAAynannannannannannannannannannannannannannan,AA,3,non-partner,AAnannannannannannannannannannannannannannan,2
905,1114,after_phees_2022-07-21_09-36-56_0000029_labelled_Odin_pheeseq_0000050.txt,x,A,A,y,,,,,,,,,,,,,,,after,phees,2022-07-21,09-36-56,Odin,2022-07-21 09:36:56,09:35,2.0,Lola,16.0,xAAynannannannannannannannannannannannannannan,AA,3,non-partner,AAnannannannannannannannannannannannannannan,2
906,1115,after_phees_2022-07-21_09-36-56_0000029_labelled_Odin_pheeseq_0000044.txt,K,K,K,A,y,,,,,,,,,,,,,,after,phees,2022-07-21,09-36-56,Odin,2022-07-21 09:36:56,09:35,2.0,Lola,17.0,KKKAynannannannannannannannannannannannannan,KKKA,3,non-partner,KKKAnannannannannannannannannannannannannan,4
907,1116,after_phees_2022-07-21_09-36-56_0000029_labelled_Odin_pheeseq_0000051.txt,x,A,A,A,y,,,,,,,,,,,,,,after,phees,2022-07-21,09-36-56,Odin,2022-07-21 09:36:56,09:35,2.0,Lola,18.0,xAAAynannannannannannannannannannannannannan,AAA,3,non-partner,AAAnannannannannannannannannannannannannan,3
908,1117,after_phees_2022-07-21_09-36-56_0000029_labelled_Odin_pheeseq_0000018.txt,x,A,A,y,,,,,,,,,,,,,,,after,phees,2022-07-21,09-36-56,Odin,2022-07-21 09:36:56,09:35,2.0,Lola,19.0,xAAynannannannannannannannannannannannannannan,AA,1,non-partner,AAnannannannannannannannannannannannannannan,2
909,1119,after_phees_2022-07-21_09-36-56_0000029_labelled_Odin_pheeseq_0000019.txt,x,A,A,y,,,,,,,,,,,,,,,after,phees,2022-07-21,09-36-56,Odin,2022-07-21 09:36:56,09:35,2.0,Lola,21.0,xAAynannannannannannannannannannannannannannan,AA,1,non-partner,AAnannannannannannannannannannannannannannan,2
910,1120,after_phees_2022-07-21_09-36-56_0000029_labelled_Odin_pheeseq_0000022.txt,x,A,P,A,A,y,,,,,,,,,,,,,after,phees,2022-07-21,09-36-56,Odin,2022-07-21 09:36:56,09:35,2.0,Lola,22.0,xAPAAynannannannannannannannannannannannan,APAA,1,non-partner,APAAnannannannannannannannannannannannan,4
911,1122,after_phees_2022-07-21_09-36-56_0000029_labelled_Odin_pheeseq_0000023.txt,x,A,P,A,A,P,P,,,,,,,,,,,,after,phees,2022-07-21,09-36-56,Odin,2022-07-21 09:36:56,09:35,2.0,Lola,24.0,xAPAAPPnannannannannannannannannannannan,APAAPP,1,non-partner,APAAPPnannannannannannannannannannannan,6
912,1123,after_phees_2022-07-21_09-36-56_0000029_labelled_Odin_pheeseq_0000009.txt,x,A,A,y,,,,,,,,,,,,,,,after,phees,2022-07-21,09-36-56,Odin,2022-07-21 09:36:56,09:35,2.0,Lola,25.0,xAAynannannannannannannannannannannannannannan,AA,1,non-partner,AAnannannannannannannannannannannannannannan,2
913,1124,after_phees_2022-07-21_09-36-56_0000029_labelled_Odin_pheeseq_0000021.txt,x,A,A,y,,,,,,,,,,,,,,,after,phees,2022-07-21,09-36-56,Odin,2022-07-21 09:36:56,09:35,2.0,Lola,26.0,xAAynannannannannannannannannannannannannannan,AA,1,non-partner,AAnannannannannannannannannannannannannannan,2
914,1127,after_phees_2022-07-21_09-36-56_0000029_labelled_Odin_pheeseq_0000020.txt,x,A,A,y,,,,,,,,,,,,,,,after,phees,2022-07-21,09-36-56,Odin,2022-07-21 09:36:56,09:35,2.0,Lola,29.0,xAAynannannannannannannannannannannannannannan,AA,1,non-partner,AAnannannannannannannannannannannannannannan,2
915,1128,after_phees_2022-07-21_09-36-56_0000029_labelled_Odin_pheeseq_0000008.txt,x,A,P,,,,,,,,,,,,,,,,after,phees,2022-07-21,09-36-56,Odin,2022-07-21 09:36:56,09:35,2.0,Lola,30.0,xAPnannannannannannannannannannannannannannannan,AP,1,non-partner,APnannannannannannannannannannannannannannannan,2
916,1132,after_phees_2022-07-21_13-48-50_0000035_labelled_Olympia_pheeseq_0000013.txt,x,A,P,,,,,,,,,,,,,,,,after,phees,2022-07-21,13-48-50,Olympia,2022-07-21 13:48:50,13:50,2.0,Tabor,1.0,xAPnannannannannannannannannannannannannannannan,AP,3,non-partner,APnannannannannannannannannannannannannannannan,2
917,1133,after_trills_2022-07-21_13-24-59_0000034_labelled_Olympia_pheeseq_0000033.txt,x,A,P,,,,,,,,,,,,,,,,after,trills,2022-07-21,13-24-59,Olympia,2022-07-21 13:24:59,13:25,1.0,Wuschel,2.0,xAPnannannannannannannannannannannannannannannan,AP,1,partner,APnannannannannannannannannannannannannannannan,2
918,1134,after_trills_2022-07-21_13-24-59_0000034_labelled_Olympia_pheeseq_0000009.txt,x,A,P,,,,,,,,,,,,,,,,after,trills,2022-07-21,13-24-59,Olympia,2022-07-21 13:24:59,13:25,1.0,Wuschel,3.0,xAPnannannannannannannannannannannannannannannan,AP,1,partner,APnannannannannannannannannannannannannannannan,2
919,1135,after_phees_2022-07-21_13-24-57_0000034_labelled_Olympia_pheeseq_0000014.txt,x,A,A,y,,,,,,,,,,,,,,,after,phees,2022-07-21,13-24-57,Olympia,2022-07-21 13:24:57,13:25,1.0,Wuschel,4.0,xAAynannannannannannannannannannannannannannan,AA,3,partner,AAnannannannannannannannannannannannannannan,2
920,1136,after_phees_2022-07-21_13-24-57_0000034_labelled_Olympia_pheeseq_0000004.txt,x,R,A,A,y,,,,,,,,,,,,,,after,phees,2022-07-21,13-24-57,Olympia,2022-07-21 13:24:57,13:25,1.0,Wuschel,6.0,xRAAynannannannannannannannannannannannannan,RAA,1,partner,RAAnannannannannannannannannannannannannan,3
921,1137,after_phees_2022-07-21_13-48-50_0000035_labelled_Tabor_pheeseq_0000005.txt,T,A,P,P,A,A,y,,,,,,,,,,,,after,phees,2022-07-21,13-48-50,Tabor,2022-07-21 13:48:50,13:50,2.0,Olympia,1.0,TAPPAAynannannannannannannannannannannan,TAPPAA,1,non-partner,TAPPAAnannannannannannannannannannannan,6
922,1138,after_phees_2022-07-21_13-48-50_0000035_labelled_Tabor_pheeseq_0000007.txt,x,A,A,A,A,P,,,,,,,,,,,,,after,phees,2022-07-21,13-48-50,Tabor,2022-07-21 13:48:50,13:50,2.0,Olympia,2.0,xAAAAPnannannannannannannannannannannannan,AAAAP,1,non-partner,AAAAPnannannannannannannannannannannannan,5
923,1139,after_phees_2022-07-21_13-48-50_0000035_labelled_Tabor_pheeseq_0000006.txt,x,A,P,A,A,P,,,,,,,,,,,,,after,phees,2022-07-21,13-48-50,Tabor,2022-07-21 13:48:50,13:50,2.0,Olympia,3.0,xAPAAPnannannannannannannannannannannannan,APAAP,1,non-partner,APAAPnannannannannannannannannannannannan,5
924,1140,after_trills_2022-07-21_13-48-52_0000035_labelled_Tabor_pheeseq_0000011.txt,x,R,A,y,,,,,,,,,,,,,,,after,trills,2022-07-21,13-48-52,Tabor,2022-07-21 13:48:52,13:50,2.0,Olympia,4.0,xRAynannannannannannannannannannannannannannan,RA,3,non-partner,RAnannannannannannannannannannannannannannan,2
925,1141,after_phees_2022-07-21_13-48-50_0000035_labelled_Tabor_pheeseq_0000016.txt,x,A,P,A,y,,,,,,,,,,,,,,after,phees,2022-07-21,13-48-50,Tabor,2022-07-21 13:48:50,13:50,2.0,Olympia,5.0,xAPAynannannannannannannannannannannannannan,APA,3,non-partner,APAnannannannannannannannannannannannannan,3
926,1142,after_trills_2022-07-21_13-48-52_0000035_labelled_Tabor_pheeseq_0000002.txt,x,A,A,A,A,P,,,,,,,,,,,,,after,trills,2022-07-21,13-48-52,Tabor,2022-07-21 13:48:52,13:50,2.0,Olympia,6.0,xAAAAPnannannannannannannannannannannannan,AAAAP,1,non-partner,AAAAPnannannannannannannannannannannannan,5
927,1143,after_phees_2022-07-21_13-48-50_0000035_labelled_Tabor_pheeseq_0000015.txt,x,A,P,A,A,y,,,,,,,,,,,,,after,phees,2022-07-21,13-48-50,Tabor,2022-07-21 13:48:50,13:50,2.0,Olympia,7.0,xAPAAynannannannannannannannannannannannan,APAA,3,non-partner,APAAnannannannannannannannannannannannan,4
928,1144,after_phees_2022-07-21_13-48-50_0000035_labelled_Tabor_pheeseq_0000019.txt,x,A,P,A,P,,,,,,,,,,,,,,after,phees,2022-07-21,13-48-50,Tabor,2022-07-21 13:48:50,13:50,2.0,Olympia,8.0,xAPAPnannannannannannannannannannannannannan,APAP,3,non-partner,APAPnannannannannannannannannannannannannan,4
929,1145,after_trills_2022-07-21_13-48-52_0000035_labelled_Tabor_pheeseq_0000008.txt,x,A,P,P,,,,,,,,,,,,,,,after,trills,2022-07-21,13-48-52,Tabor,2022-07-21 13:48:52,13:50,2.0,Olympia,9.0,xAPPnannannannannannannannannannannannannannan,APP,3,non-partner,APPnannannannannannannannannannannannannannan,3
930,1146,after_trills_2022-07-21_13-48-52_0000035_labelled_Tabor_pheeseq_0000009.txt,x,A,A,P,,,,,,,,,,,,,,,after,trills,2022-07-21,13-48-52,Tabor,2022-07-21 13:48:52,13:50,2.0,Olympia,10.0,xAAPnannannannannannannannannannannannannannan,AAP,3,non-partner,AAPnannannannannannannannannannannannannannan,3
931,1147,after_phees_2022-07-21_13-48-50_0000035_labelled_Tabor_pheeseq_0000008.txt,x,A,P,A,P,P,P,,,,,,,,,,,,after,phees,2022-07-21,13-48-50,Tabor,2022-07-21 13:48:50,13:50,2.0,Olympia,11.0,xAPAPPPnannannannannannannannannannannan,APAPPP,1,non-partner,APAPPPnannannannannannannannannannannan,6
932,1155,after_phees_2022-07-21_13-24-57_0000034_labelled_Wuschel_pheeseq_0000002.txt,x,A,A,y,,,,,,,,,,,,,,,after,phees,2022-07-21,13-24-57,Wuschel,2022-07-21 13:24:57,13:25,1.0,Olympia,8.0,xAAynannannannannannannannannannannannannannan,AA,1,partner,AAnannannannannannannannannannannannannannan,2
933,1157,after_trills_2022-07-21_13-24-59_0000034_labelled_Wuschel_pheeseq_0000088.txt,P,A,y,,,,,,,,,,,,,,,,after,trills,2022-07-21,13-24-59,Wuschel,2022-07-21 13:24:59,13:25,1.0,Olympia,10.0,PAynannannannannannannannannannannannannannannan,PA,3,partner,PAnannannannannannannannannannannannannannannan,2
934,1159,after_phees_2022-07-25_13-47-10_0000038_labelled_Lola_pheeseq_0000014.txt,x,A,A,A,P,P,P,A,P,P,,,,,,,,,after,phees,2022-07-25,13-47-10,Lola,2022-07-25 13:47:10,13:45,3.0,Wuschel,1.0,xAAAPPPAPPnannannannannannannannan,AAAPPPAPP,1,non-partner,AAAPPPAPPnannannannannannannannan,9
935,1160,after_phees_2022-07-25_13-47-10_0000038_labelled_Lola_pheeseq_0000002.txt,x,A,A,A,A,y,,,,,,,,,,,,,after,phees,2022-07-25,13-47-10,Lola,2022-07-25 13:47:10,13:45,3.0,Wuschel,2.0,xAAAAynannannannannannannannannannannannan,AAAA,1,non-partner,AAAAnannannannannannannannannannannannan,4
936,1161,after_phees_2022-07-25_13-47-10_0000038_labelled_Lola_pheeseq_0000016.txt,x,A,A,A,y,,,,,,,,,,,,,,after,phees,2022-07-25,13-47-10,Lola,2022-07-25 13:47:10,13:45,3.0,Wuschel,3.0,xAAAynannannannannannannannannannannannannan,AAA,1,non-partner,AAAnannannannannannannannannannannannannan,3
937,1162,after_phees_2022-07-25_13-47-10_0000038_labelled_Lola_pheeseq_0000003.txt,x,A,A,A,y,,,,,,,,,,,,,,after,phees,2022-07-25,13-47-10,Lola,2022-07-25 13:47:10,13:45,3.0,Wuschel,4.0,xAAAynannannannannannannannannannannannannan,AAA,1,non-partner,AAAnannannannannannannannannannannannannan,3
938,1163,after_phees_2022-07-25_13-47-10_0000038_labelled_Lola_pheeseq_0000013.txt,x,A,A,A,y,,,,,,,,,,,,,,after,phees,2022-07-25,13-47-10,Lola,2022-07-25 13:47:10,13:45,3.0,Wuschel,5.0,xAAAynannannannannannannannannannannannannan,AAA,1,non-partner,AAAnannannannannannannannannannannannannan,3
939,1164,after_phees_2022-07-25_13-47-10_0000038_labelled_Lola_pheeseq_0000006.txt,x,A,A,A,y,,,,,,,,,,,,,,after,phees,2022-07-25,13-47-10,Lola,2022-07-25 13:47:10,13:45,3.0,Wuschel,6.0,xAAAynannannannannannannannannannannannannan,AAA,1,non-partner,AAAnannannannannannannannannannannannannan,3
940,1165,after_phees_2022-07-25_13-47-10_0000038_labelled_Lola_pheeseq_0000038.txt,x,A,A,y,,,,,,,,,,,,,,,after,phees,2022-07-25,13-47-10,Lola,2022-07-25 13:47:10,13:45,3.0,Wuschel,7.0,xAAynannannannannannannannannannannannannannan,AA,3,non-partner,AAnannannannannannannannannannannannannannan,2
941,1166,after_phees_2022-07-25_13-47-10_0000038_labelled_Lola_pheeseq_0000004.txt,x,A,A,A,y,,,,,,,,,,,,,,after,phees,2022-07-25,13-47-10,Lola,2022-07-25 13:47:10,13:45,3.0,Wuschel,8.0,xAAAynannannannannannannannannannannannannan,AAA,1,non-partner,AAAnannannannannannannannannannannannannan,3
942,1167,after_phees_2022-07-25_13-47-10_0000038_labelled_Lola_pheeseq_0000005.txt,x,A,A,y,,,,,,,,,,,,,,,after,phees,2022-07-25,13-47-10,Lola,2022-07-25 13:47:10,13:45,3.0,Wuschel,9.0,xAAynannannannannannannannannannannannannannan,AA,1,non-partner,AAnannannannannannannannannannannannannannan,2
943,1168,after_phees_2022-07-25_13-47-10_0000038_labelled_Lola_pheeseq_0000039.txt,x,A,A,y,,,,,,,,,,,,,,,after,phees,2022-07-25,13-47-10,Lola,2022-07-25 13:47:10,13:45,3.0,Wuschel,10.0,xAAynannannannannannannannannannannannannannan,AA,3,non-partner,AAnannannannannannannannannannannannannannan,2
944,1169,after_phees_2022-07-25_13-47-10_0000038_labelled_Lola_pheeseq_0000049.txt,x,A,P,A,P,P,P,P,,,,,,,,,,,after,phees,2022-07-25,13-47-10,Lola,2022-07-25 13:47:10,13:45,3.0,Wuschel,11.0,xAPAPPPPnannannannannannannannannannan,APAPPPP,3,non-partner,APAPPPPnannannannannannannannannannan,7
945,1170,after_phees_2022-07-25_13-47-10_0000038_labelled_Lola_pheeseq_0000048.txt,x,A,A,y,,,,,,,,,,,,,,,after,phees,2022-07-25,13-47-10,Lola,2022-07-25 13:47:10,13:45,3.0,Wuschel,12.0,xAAynannannannannannannannannannannannannannan,AA,3,non-partner,AAnannannannannannannannannannannannannannan,2
946,1171,after_phees_2022-07-25_13-47-10_0000038_labelled_Lola_pheeseq_0000058.txt,x,A,A,y,,,,,,,,,,,,,,,after,phees,2022-07-25,13-47-10,Lola,2022-07-25 13:47:10,13:45,3.0,Wuschel,13.0,xAAynannannannannannannannannannannannannannan,AA,3,non-partner,AAnannannannannannannannannannannannannannan,2
947,1173,after_phees_2022-07-25_13-47-10_0000038_labelled_Lola_pheeseq_0000042.txt,x,A,P,P,S,,,,,,,,,,,,,,after,phees,2022-07-25,13-47-10,Lola,2022-07-25 13:47:10,13:45,3.0,Wuschel,15.0,xAPPSnannannannannannannannannannannannannan,APPS,3,non-partner,APPSnannannannannannannannannannannannannan,4
948,1174,after_phees_2022-07-25_13-47-10_0000038_labelled_Lola_pheeseq_0000040.txt,x,A,A,A,P,,,,,,,,,,,,,,after,phees,2022-07-25,13-47-10,Lola,2022-07-25 13:47:10,13:45,3.0,Wuschel,16.0,xAAAPnannannannannannannannannannannannannan,AAAP,3,non-partner,AAAPnannannannannannannannannannannannannan,4
949,1175,after_phees_2022-07-25_13-47-10_0000038_labelled_Lola_pheeseq_0000055.txt,x,A,A,y,,,,,,,,,,,,,,,after,phees,2022-07-25,13-47-10,Lola,2022-07-25 13:47:10,13:45,3.0,Wuschel,17.0,xAAynannannannannannannannannannannannannannan,AA,3,non-partner,AAnannannannannannannannannannannannannannan,2
950,1176,after_phees_2022-07-25_13-47-10_0000038_labelled_Lola_pheeseq_0000041.txt,x,A,A,A,y,,,,,,,,,,,,,,after,phees,2022-07-25,13-47-10,Lola,2022-07-25 13:47:10,13:45,3.0,Wuschel,18.0,xAAAynannannannannannannannannannannannannan,AAA,3,non-partner,AAAnannannannannannannannannannannannannan,3
951,1177,after_phees_2022-07-25_13-47-10_0000038_labelled_Lola_pheeseq_0000045.txt,x,A,A,y,,,,,,,,,,,,,,,after,phees,2022-07-25,13-47-10,Lola,2022-07-25 13:47:10,13:45,3.0,Wuschel,19.0,xAAynannannannannannannannannannannannannannan,AA,3,non-partner,AAnannannannannannannannannannannannannannan,2
952,1179,after_phees_2022-07-25_13-47-10_0000038_labelled_Lola_pheeseq_0000050.txt,x,A,P,P,P,,,,,,,,,,,,,,after,phees,2022-07-25,13-47-10,Lola,2022-07-25 13:47:10,13:45,3.0,Wuschel,21.0,xAPPPnannannannannannannannannannannannannan,APPP,3,non-partner,APPPnannannannannannannannannannannannannan,4
953,1180,after_phees_2022-07-25_13-47-10_0000038_labelled_Lola_pheeseq_0000044.txt,x,A,A,y,,,,,,,,,,,,,,,after,phees,2022-07-25,13-47-10,Lola,2022-07-25 13:47:10,13:45,3.0,Wuschel,22.0,xAAynannannannannannannannannannannannannannan,AA,3,non-partner,AAnannannannannannannannannannannannannannan,2
954,1181,after_phees_2022-07-25_13-47-10_0000038_labelled_Lola_pheeseq_0000046.txt,x,A,A,y,,,,,,,,,,,,,,,after,phees,2022-07-25,13-47-10,Lola,2022-07-25 13:47:10,13:45,3.0,Wuschel,23.0,xAAynannannannannannannannannannannannannannan,AA,3,non-partner,AAnannannannannannannannannannannannannannan,2
955,1182,after_phees_2022-07-25_13-47-10_0000038_labelled_Lola_pheeseq_0000047.txt,x,A,A,P,,,,,,,,,,,,,,,after,phees,2022-07-25,13-47-10,Lola,2022-07-25 13:47:10,13:45,3.0,Wuschel,24.0,xAAPnannannannannannannannannannannannannannan,AAP,3,non-partner,AAPnannannannannannannannannannannannannannan,3
956,1183,after_phees_2022-07-25_13-47-10_0000038_labelled_Lola_pheeseq_0000020.txt,P,A,A,P,P,A,y,,,,,,,,,,,,after,phees,2022-07-25,13-47-10,Lola,2022-07-25 13:47:10,13:45,3.0,Wuschel,25.0,PAAPPAynannannannannannannannannannannan,PAAPPA,1,non-partner,PAAPPAnannannannannannannannannannannan,6
957,1184,after_phees_2022-07-25_13-47-10_0000038_labelled_Lola_pheeseq_0000008.txt,x,A,A,A,y,,,,,,,,,,,,,,after,phees,2022-07-25,13-47-10,Lola,2022-07-25 13:47:10,13:45,3.0,Wuschel,26.0,xAAAynannannannannannannannannannannannannan,AAA,1,non-partner,AAAnannannannannannannannannannannannannan,3
958,1185,after_phees_2022-07-25_13-47-10_0000038_labelled_Lola_pheeseq_0000021.txt,x,A,A,y,,,,,,,,,,,,,,,after,phees,2022-07-25,13-47-10,Lola,2022-07-25 13:47:10,13:45,3.0,Wuschel,27.0,xAAynannannannannannannannannannannannannannan,AA,1,non-partner,AAnannannannannannannannannannannannannannan,2
959,1186,after_phees_2022-07-25_13-47-10_0000038_labelled_Lola_pheeseq_0000037.txt,x,A,A,y,,,,,,,,,,,,,,,after,phees,2022-07-25,13-47-10,Lola,2022-07-25 13:47:10,13:45,3.0,Wuschel,28.0,xAAynannannannannannannannannannannannannannan,AA,3,non-partner,AAnannannannannannannannannannannannannannan,2
960,1187,after_phees_2022-07-25_13-47-10_0000038_labelled_Lola_pheeseq_0000036.txt,x,A,A,y,,,,,,,,,,,,,,,after,phees,2022-07-25,13-47-10,Lola,2022-07-25 13:47:10,13:45,3.0,Wuschel,29.0,xAAynannannannannannannannannannannannannannan,AA,3,non-partner,AAnannannannannannannannannannannannannannan,2
961,1188,after_phees_2022-07-25_13-47-10_0000038_labelled_Lola_pheeseq_0000022.txt,x,A,A,P,P,P,,,,,,,,,,,,,after,phees,2022-07-25,13-47-10,Lola,2022-07-25 13:47:10,13:45,3.0,Wuschel,30.0,xAAPPPnannannannannannannannannannannannan,AAPPP,1,non-partner,AAPPPnannannannannannannannannannannannan,5
962,1189,after_phees_2022-07-25_13-47-10_0000038_labelled_Lola_pheeseq_0000025.txt,x,A,A,P,P,P,,,,,,,,,,,,,after,phees,2022-07-25,13-47-10,Lola,2022-07-25 13:47:10,13:45,3.0,Wuschel,32.0,xAAPPPnannannannannannannannannannannannan,AAPPP,1,non-partner,AAPPPnannannannannannannannannannannannan,5
963,1190,after_phees_2022-07-25_14-28-46_0000039_labelled_Nougatti_pheeseq_0000035.txt,x,A,P,A,y,,,,,,,,,,,,,,after,phees,2022-07-25,14-28-46,Nougatti,2022-07-25 14:28:46,14:30,3.0,Tabor,2.0,xAPAynannannannannannannannannannannannannan,APA,3,non-partner,APAnannannannannannannannannannannannannan,3
964,1191,after_phees_2022-07-25_14-28-46_0000039_labelled_Nougatti_pheeseq_0000034.txt,x,A,P,A,y,,,,,,,,,,,,,,after,phees,2022-07-25,14-28-46,Nougatti,2022-07-25 14:28:46,14:30,3.0,Tabor,3.0,xAPAynannannannannannannannannannannannannan,APA,3,non-partner,APAnannannannannannannannannannannannannan,3
965,1192,after_phees_2022-07-25_14-28-46_0000039_labelled_Nougatti_pheeseq_0000033.txt,x,A,A,A,y,,,,,,,,,,,,,,after,phees,2022-07-25,14-28-46,Nougatti,2022-07-25 14:28:46,14:30,3.0,Tabor,4.0,xAAAynannannannannannannannannannannannannan,AAA,3,non-partner,AAAnannannannannannannannannannannannannan,3
966,1193,after_phees_2022-07-25_14-28-46_0000039_labelled_Nougatti_pheeseq_0000027.txt,x,A,P,A,A,y,,,,,,,,,,,,,after,phees,2022-07-25,14-28-46,Nougatti,2022-07-25 14:28:46,14:30,3.0,Tabor,5.0,xAPAAynannannannannannannannannannannannan,APAA,3,non-partner,APAAnannannannannannannannannannannannan,4
967,1194,after_phees_2022-07-25_14-28-46_0000039_labelled_Nougatti_pheeseq_0000026.txt,x,A,A,y,,,,,,,,,,,,,,,after,phees,2022-07-25,14-28-46,Nougatti,2022-07-25 14:28:46,14:30,3.0,Tabor,6.0,xAAynannannannannannannannannannannannannannan,AA,3,non-partner,AAnannannannannannannannannannannannannannan,2
968,1195,after_phees_2022-07-25_14-28-46_0000039_labelled_Nougatti_pheeseq_0000032.txt,x,A,A,y,,,,,,,,,,,,,,,after,phees,2022-07-25,14-28-46,Nougatti,2022-07-25 14:28:46,14:30,3.0,Tabor,7.0,xAAynannannannannannannannannannannannannannan,AA,3,non-partner,AAnannannannannannannannannannannannannannan,2
969,1197,after_phees_2022-07-25_14-28-46_0000039_labelled_Nougatti_pheeseq_0000030.txt,x,A,A,y,,,,,,,,,,,,,,,after,phees,2022-07-25,14-28-46,Nougatti,2022-07-25 14:28:46,14:30,3.0,Tabor,9.0,xAAynannannannannannannannannannannannannannan,AA,3,non-partner,AAnannannannannannannannannannannannannannan,2
970,1198,after_phees_2022-07-25_14-28-46_0000039_labelled_Nougatti_pheeseq_0000031.txt,x,A,P,A,y,,,,,,,,,,,,,,after,phees,2022-07-25,14-28-46,Nougatti,2022-07-25 14:28:46,14:30,3.0,Tabor,10.0,xAPAynannannannannannannannannannannannannan,APA,3,non-partner,APAnannannannannannannannannannannannannan,3
971,1199,after_phees_2022-07-25_14-28-46_0000039_labelled_Nougatti_pheeseq_0000025.txt,x,A,A,y,,,,,,,,,,,,,,,after,phees,2022-07-25,14-28-46,Nougatti,2022-07-25 14:28:46,14:30,3.0,Tabor,11.0,xAAynannannannannannannannannannannannannannan,AA,3,non-partner,AAnannannannannannannannannannannannannannan,2
972,1200,after_phees_2022-07-25_14-43-13_0000041_labelled_Nougatti_pheeseq_0000008.txt,x,A,A,y,,,,,,,,,,,,,,,after,phees,2022-07-25,14-43-13,Nougatti,2022-07-25 14:43:13,14:30,3.0,Tabor,12.0,xAAynannannannannannannannannannannannannannan,AA,1,non-partner,AAnannannannannannannannannannannannannannan,2
973,1201,after_phees_2022-07-25_14-43-13_0000041_labelled_Nougatti_pheeseq_0000003.txt,x,A,A,y,,,,,,,,,,,,,,,after,phees,2022-07-25,14-43-13,Nougatti,2022-07-25 14:43:13,14:30,3.0,Tabor,14.0,xAAynannannannannannannannannannannannannannan,AA,1,non-partner,AAnannannannannannannannannannannannannannan,2
974,1202,after_phees_2022-07-25_14-43-13_0000041_labelled_Nougatti_pheeseq_0000004.txt,x,A,A,K,,,,,,,,,,,,,,,after,phees,2022-07-25,14-43-13,Nougatti,2022-07-25 14:43:13,14:30,3.0,Tabor,15.0,xAAKnannannannannannannannannannannannannannan,AAK,1,non-partner,AAKnannannannannannannannannannannannannannan,3
975,1203,after_phees_2022-07-25_14-43-13_0000041_labelled_Nougatti_pheeseq_0000005.txt,x,A,A,y,,,,,,,,,,,,,,,after,phees,2022-07-25,14-43-13,Nougatti,2022-07-25 14:43:13,14:30,3.0,Tabor,16.0,xAAynannannannannannannannannannannannannannan,AA,1,non-partner,AAnannannannannannannannannannannannannannan,2
976,1204,after_phees_2022-07-25_14-43-13_0000041_labelled_Nougatti_pheeseq_0000007.txt,x,A,A,y,,,,,,,,,,,,,,,after,phees,2022-07-25,14-43-13,Nougatti,2022-07-25 14:43:13,14:30,3.0,Tabor,17.0,xAAynannannannannannannannannannannannannannan,AA,1,non-partner,AAnannannannannannannannannannannannannannan,2
977,1205,after_phees_2022-07-25_14-28-46_0000039_labelled_Nougatti_pheeseq_0000014.txt,x,A,A,P,P,,,,,,,,,,,,,,after,phees,2022-07-25,14-28-46,Nougatti,2022-07-25 14:28:46,14:30,3.0,Tabor,18.0,xAAPPnannannannannannannannannannannannannan,AAPP,1,non-partner,AAPPnannannannannannannannannannannannannan,4
978,1206,after_phees_2022-07-25_14-28-46_0000039_labelled_Nougatti_pheeseq_0000028.txt,x,A,P,A,A,y,,,,,,,,,,,,,after,phees,2022-07-25,14-28-46,Nougatti,2022-07-25 14:28:46,14:30,3.0,Tabor,19.0,xAPAAynannannannannannannannannannannannan,APAA,3,non-partner,APAAnannannannannannannannannannannannan,4
979,1207,after_phees_2022-07-25_14-28-46_0000039_labelled_Nougatti_pheeseq_0000029.txt,x,A,A,y,,,,,,,,,,,,,,,after,phees,2022-07-25,14-28-46,Nougatti,2022-07-25 14:28:46,14:30,3.0,Tabor,20.0,xAAynannannannannannannannannannannannannannan,AA,3,non-partner,AAnannannannannannannannannannannannannannan,2
980,1208,after_phees_2022-07-25_14-28-46_0000039_labelled_Nougatti_pheeseq_0000015.txt,x,A,A,y,,,,,,,,,,,,,,,after,phees,2022-07-25,14-28-46,Nougatti,2022-07-25 14:28:46,14:30,3.0,Tabor,21.0,xAAynannannannannannannannannannannannannannan,AA,1,non-partner,AAnannannannannannannannannannannannannannan,2
981,1210,after_phees_2022-07-25_14-28-46_0000039_labelled_Nougatti_pheeseq_0000016.txt,x,A,A,P,,,,,,,,,,,,,,,after,phees,2022-07-25,14-28-46,Nougatti,2022-07-25 14:28:46,14:30,3.0,Tabor,23.0,xAAPnannannannannannannannannannannannannannan,AAP,1,non-partner,AAPnannannannannannannannannannannannannannan,3
982,1211,after_phees_2022-07-25_15-26-45_0000046_labelled_Nougatti_pheeseq_0000038.txt,x,A,A,y,,,,,,,,,,,,,,,after,phees,2022-07-25,15-26-45,Nougatti,2022-07-25 15:26:45,15:25,3.0,Wuschel,1.0,xAAynannannannannannannannannannannannannannan,AA,3,non-partner,AAnannannannannannannannannannannannannannan,2
983,1212,after_phees_2022-07-25_15-26-45_0000046_labelled_Nougatti_pheeseq_0000029.txt,x,A,P,A,y,,,,,,,,,,,,,,after,phees,2022-07-25,15-26-45,Nougatti,2022-07-25 15:26:45,15:25,3.0,Wuschel,2.0,xAPAynannannannannannannannannannannannannan,APA,3,non-partner,APAnannannannannannannannannannannannannan,3
984,1213,after_phees_2022-07-25_15-26-45_0000046_labelled_Nougatti_pheeseq_0000028.txt,x,A,A,y,,,,,,,,,,,,,,,after,phees,2022-07-25,15-26-45,Nougatti,2022-07-25 15:26:45,15:25,3.0,Wuschel,3.0,xAAynannannannannannannannannannannannannannan,AA,3,non-partner,AAnannannannannannannannannannannannannannan,2
985,1215,after_phees_2022-07-25_15-26-45_0000046_labelled_Nougatti_pheeseq_0000032.txt,x,A,A,y,,,,,,,,,,,,,,,after,phees,2022-07-25,15-26-45,Nougatti,2022-07-25 15:26:45,15:25,3.0,Wuschel,5.0,xAAynannannannannannannannannannannannannannan,AA,3,non-partner,AAnannannannannannannannannannannannannannan,2
986,1216,after_phees_2022-07-25_15-26-45_0000046_labelled_Nougatti_pheeseq_0000026.txt,x,A,A,y,,,,,,,,,,,,,,,after,phees,2022-07-25,15-26-45,Nougatti,2022-07-25 15:26:45,15:25,3.0,Wuschel,6.0,xAAynannannannannannannannannannannannannannan,AA,3,non-partner,AAnannannannannannannannannannannannannannan,2
987,1217,after_phees_2022-07-25_15-26-45_0000046_labelled_Nougatti_pheeseq_0000027.txt,x,A,P,A,y,,,,,,,,,,,,,,after,phees,2022-07-25,15-26-45,Nougatti,2022-07-25 15:26:45,15:25,3.0,Wuschel,7.0,xAPAynannannannannannannannannannannannannan,APA,3,non-partner,APAnannannannannannannannannannannannannan,3
988,1218,after_phees_2022-07-25_15-26-45_0000046_labelled_Nougatti_pheeseq_0000033.txt,x,A,A,y,,,,,,,,,,,,,,,after,phees,2022-07-25,15-26-45,Nougatti,2022-07-25 15:26:45,15:25,3.0,Wuschel,8.0,xAAynannannannannannannannannannannannannannan,AA,3,non-partner,AAnannannannannannannannannannannannannannan,2
989,1219,after_phees_2022-07-25_15-26-45_0000046_labelled_Nougatti_pheeseq_0000025.txt,x,A,A,y,,,,,,,,,,,,,,,after,phees,2022-07-25,15-26-45,Nougatti,2022-07-25 15:26:45,15:25,3.0,Wuschel,9.0,xAAynannannannannannannannannannannannannannan,AA,3,non-partner,AAnannannannannannannannannannannannannannan,2
990,1220,after_phees_2022-07-25_15-26-45_0000046_labelled_Nougatti_pheeseq_0000031.txt,x,A,P,A,y,,,,,,,,,,,,,,after,phees,2022-07-25,15-26-45,Nougatti,2022-07-25 15:26:45,15:25,3.0,Wuschel,10.0,xAPAynannannannannannannannannannannannannan,APA,3,non-partner,APAnannannannannannannannannannannannannan,3
991,1221,after_phees_2022-07-25_15-26-45_0000046_labelled_Nougatti_pheeseq_0000030.txt,x,A,A,y,,,,,,,,,,,,,,,after,phees,2022-07-25,15-26-45,Nougatti,2022-07-25 15:26:45,15:25,3.0,Wuschel,11.0,xAAynannannannannannannannannannannannannannan,AA,3,non-partner,AAnannannannannannannannannannannannannannan,2
992,1222,after_phees_2022-07-25_15-26-45_0000046_labelled_Nougatti_pheeseq_0000034.txt,x,A,A,y,,,,,,,,,,,,,,,after,phees,2022-07-25,15-26-45,Nougatti,2022-07-25 15:26:45,15:25,3.0,Wuschel,12.0,xAAynannannannannannannannannannannannannannan,AA,3,non-partner,AAnannannannannannannannannannannannannannan,2
993,1224,after_phees_2022-07-25_15-26-45_0000046_labelled_Nougatti_pheeseq_0000037.txt,x,A,P,A,y,,,,,,,,,,,,,,after,phees,2022-07-25,15-26-45,Nougatti,2022-07-25 15:26:45,15:25,3.0,Wuschel,14.0,xAPAynannannannannannannannannannannannannan,APA,3,non-partner,APAnannannannannannannannannannannannannan,3
994,1225,after_phees_2022-07-25_15-26-45_0000046_labelled_Nougatti_pheeseq_0000023.txt,x,A,A,y,,,,,,,,,,,,,,,after,phees,2022-07-25,15-26-45,Nougatti,2022-07-25 15:26:45,15:25,3.0,Wuschel,15.0,xAAynannannannannannannannannannannannannannan,AA,3,non-partner,AAnannannannannannannannannannannannannannan,2
995,1226,after_phees_2022-07-25_15-26-45_0000046_labelled_Nougatti_pheeseq_0000036.txt,x,A,A,y,,,,,,,,,,,,,,,after,phees,2022-07-25,15-26-45,Nougatti,2022-07-25 15:26:45,15:25,3.0,Wuschel,16.0,xAAynannannannannannannannannannannannannannan,AA,3,non-partner,AAnannannannannannannannannannannannannannan,2
996,1228,after_phees_2022-07-25_14-28-46_0000039_labelled_Tabor_pheeseq_0000036.txt,x,A,A,y,,,,,,,,,,,,,,,after,phees,2022-07-25,14-28-46,Tabor,2022-07-25 14:28:46,14:30,3.0,Nougatti,1.0,xAAynannannannannannannannannannannannannannan,AA,3,non-partner,AAnannannannannannannannannannannannannannan,2
997,1229,after_phees_2022-07-25_14-43-13_0000041_labelled_Tabor_pheeseq_0000001.txt,x,A,A,A,y,,,,,,,,,,,,,,after,phees,2022-07-25,14-43-13,Tabor,2022-07-25 14:43:13,14:30,3.0,Nougatti,2.0,xAAAynannannannannannannannannannannannannan,AAA,1,non-partner,AAAnannannannannannannannannannannannannan,3
998,1230,after_phees_2022-07-25_14-28-46_0000039_labelled_Tabor_pheeseq_0000024.txt,x,A,A,P,,,,,,,,,,,,,,,after,phees,2022-07-25,14-28-46,Tabor,2022-07-25 14:28:46,14:30,3.0,Nougatti,3.0,xAAPnannannannannannannannannannannannannannan,AAP,3,non-partner,AAPnannannannannannannannannannannannannannan,3
999,1231,after_phees_2022-07-25_14-43-13_0000041_labelled_Tabor_pheeseq_0000006.txt,x,A,A,A,P,,,,,,,,,,,,,,after,phees,2022-07-25,14-43-13,Tabor,2022-07-25 14:43:13,14:30,3.0,Nougatti,4.0,xAAAPnannannannannannannannannannannannannan,AAAP,1,non-partner,AAAPnannannannannannannannannannannannannan,4
1000,1232,after_phees_2022-07-25_14-28-46_0000039_labelled_Tabor_pheeseq_0000011.txt,x,A,A,A,P,P,P,,,,,,,,,,,,after,phees,2022-07-25,14-28-46,Tabor,2022-07-25 14:28:46,14:30,3.0,Nougatti,5.0,xAAAPPPnannannannannannannannannannannan,AAAPPP,1,non-partner,AAAPPPnannannannannannannannannannannan,6
1001,1233,after_phees_2022-07-25_14-28-46_0000039_labelled_Tabor_pheeseq_0000010.txt,x,A,A,A,A,y,,,,,,,,,,,,,after,phees,2022-07-25,14-28-46,Tabor,2022-07-25 14:28:46,14:30,3.0,Nougatti,6.0,xAAAAynannannannannannannannannannannannan,AAAA,1,non-partner,AAAAnannannannannannannannannannannannan,4
1002,1234,after_phees_2022-07-25_14-28-46_0000039_labelled_Tabor_pheeseq_0000012.txt,x,A,A,P,P,,,,,,,,,,,,,,after,phees,2022-07-25,14-28-46,Tabor,2022-07-25 14:28:46,14:30,3.0,Nougatti,7.0,xAAPPnannannannannannannannannannannannannan,AAPP,1,non-partner,AAPPnannannannannannannannannannannannannan,4
1003,1235,after_phees_2022-07-25_14-28-46_0000039_labelled_Tabor_pheeseq_0000013.txt,x,A,A,A,A,P,P,,,,,,,,,,,,after,phees,2022-07-25,14-28-46,Tabor,2022-07-25 14:28:46,14:30,3.0,Nougatti,8.0,xAAAAPPnannannannannannannannannannannan,AAAAPP,1,non-partner,AAAAPPnannannannannannannannannannannan,6
1004,1236,after_phees_2022-07-25_14-55-51_0000042_labelled_Tabor_pheeseq_0000013.txt,x,A,A,A,P,S,,,,,,,,,,,,,after,phees,2022-07-25,14-55-51,Tabor,2022-07-25 14:55:51,14:55,3.0,Olympia,2.0,xAAAPSnannannannannannannannannannannannan,AAAPS,1,non-partner,AAAPSnannannannannannannannannannannannan,5
1005,1237,after_phees_2022-07-25_14-55-51_0000042_labelled_Tabor_pheeseq_0000007.txt,T,K,A,P,A,A,P,P,P,P,,,,,,,,,after,phees,2022-07-25,14-55-51,Tabor,2022-07-25 14:55:51,14:55,3.0,Olympia,3.0,TKAPAAPPPPnannannannannannannannan,TKAPAAPPPP,1,non-partner,TKAPAAPPPPnannannannannannannannan,10
1006,1238,after_phees_2022-07-25_14-55-51_0000042_labelled_Tabor_pheeseq_0000006.txt,x,A,A,A,P,P,P,P,,,,,,,,,,,after,phees,2022-07-25,14-55-51,Tabor,2022-07-25 14:55:51,14:55,3.0,Olympia,4.0,xAAAPPPPnannannannannannannannannannan,AAAPPPP,1,non-partner,AAAPPPPnannannannannannannannannannan,7
1007,1239,after_phees_2022-07-25_14-55-51_0000042_labelled_Tabor_pheeseq_0000012.txt,x,A,A,A,A,P,S,,,,,,,,,,,,after,phees,2022-07-25,14-55-51,Tabor,2022-07-25 14:55:51,14:55,3.0,Olympia,5.0,xAAAAPSnannannannannannannannannannannan,AAAAPS,1,non-partner,AAAAPSnannannannannannannannannannannan,6
1008,1240,after_phees_2022-07-25_14-55-51_0000042_labelled_Tabor_pheeseq_0000004.txt,x,A,A,A,P,P,P,,,,,,,,,,,,after,phees,2022-07-25,14-55-51,Tabor,2022-07-25 14:55:51,14:55,3.0,Olympia,6.0,xAAAPPPnannannannannannannannannannannan,AAAPPP,1,non-partner,AAAPPPnannannannannannannannannannannan,6
1009,1241,after_phees_2022-07-25_14-55-51_0000042_labelled_Tabor_pheeseq_0000010.txt,x,A,A,A,P,P,P,S,,,,,,,,,,,after,phees,2022-07-25,14-55-51,Tabor,2022-07-25 14:55:51,14:55,3.0,Olympia,7.0,xAAAPPPSnannannannannannannannannannan,AAAPPPS,1,non-partner,AAAPPPSnannannannannannannannannannan,7
1010,1242,after_phees_2022-07-25_14-55-51_0000042_labelled_Tabor_pheeseq_0000011.txt,x,A,A,A,P,P,P,S,,,,,,,,,,,after,phees,2022-07-25,14-55-51,Tabor,2022-07-25 14:55:51,14:55,3.0,Olympia,8.0,xAAAPPPSnannannannannannannannannannan,AAAPPPS,1,non-partner,AAAPPPSnannannannannannannannannannan,7
1011,1243,after_phees_2022-07-25_14-55-51_0000042_labelled_Tabor_pheeseq_0000005.txt,x,A,A,A,P,P,P,,,,,,,,,,,,after,phees,2022-07-25,14-55-51,Tabor,2022-07-25 14:55:51,14:55,3.0,Olympia,9.0,xAAAPPPnannannannannannannannannannannan,AAAPPP,1,non-partner,AAAPPPnannannannannannannannannannannan,6
1012,1244,after_phees_2022-07-25_14-55-51_0000042_labelled_Tabor_pheeseq_0000015.txt,x,A,A,A,P,P,P,,,,,,,,,,,,after,phees,2022-07-25,14-55-51,Tabor,2022-07-25 14:55:51,14:55,3.0,Olympia,10.0,xAAAPPPnannannannannannannannannannannan,AAAPPP,1,non-partner,AAAPPPnannannannannannannannannannannan,6
1013,1245,after_phees_2022-07-25_14-55-51_0000042_labelled_Tabor_pheeseq_0000002.txt,x,A,A,A,y,,,,,,,,,,,,,,after,phees,2022-07-25,14-55-51,Tabor,2022-07-25 14:55:51,14:55,3.0,Olympia,11.0,xAAAynannannannannannannannannannannannannan,AAA,1,non-partner,AAAnannannannannannannannannannannannannan,3
1014,1246,after_phees_2022-07-25_14-55-51_0000042_labelled_Tabor_pheeseq_0000026.txt,x,A,A,P,P,,,,,,,,,,,,,,after,phees,2022-07-25,14-55-51,Tabor,2022-07-25 14:55:51,14:55,3.0,Olympia,12.0,xAAPPnannannannannannannannannannannannannan,AAPP,3,non-partner,AAPPnannannannannannannannannannannannannan,4
1015,1247,after_phees_2022-07-25_14-55-51_0000042_labelled_Tabor_pheeseq_0000019.txt,x,A,A,P,P,P,,,,,,,,,,,,,after,phees,2022-07-25,14-55-51,Tabor,2022-07-25 14:55:51,14:55,3.0,Olympia,13.0,xAAPPPnannannannannannannannannannannannan,AAPPP,1,non-partner,AAPPPnannannannannannannannannannannannan,5
1016,1248,after_phees_2022-07-25_14-55-51_0000042_labelled_Tabor_pheeseq_0000018.txt,x,A,A,A,P,S,,,,,,,,,,,,,after,phees,2022-07-25,14-55-51,Tabor,2022-07-25 14:55:51,14:55,3.0,Olympia,14.0,xAAAPSnannannannannannannannannannannannan,AAAPS,1,non-partner,AAAPSnannannannannannannannannannannannan,5
1017,1249,after_phees_2022-07-25_14-55-51_0000042_labelled_Tabor_pheeseq_0000008.txt,T,K,A,P,A,A,A,P,P,P,,,,,,,,,after,phees,2022-07-25,14-55-51,Tabor,2022-07-25 14:55:51,14:55,3.0,Olympia,15.0,TKAPAAAPPPnannannannannannannannan,TKAPAAAPPP,1,non-partner,TKAPAAAPPPnannannannannannannannan,10
1018,1250,after_phees_2022-07-25_13-47-10_0000038_labelled_Wuschel_pheeseq_0000028.txt,x,A,A,K,,,,,,,,,,,,,,,after,phees,2022-07-25,13-47-10,Wuschel,2022-07-25 13:47:10,13:45,3.0,Lola,1.0,xAAKnannannannannannannannannannannannannannan,AAK,1,non-partner,AAKnannannannannannannannannannannannannannan,3
1019,1251,after_phees_2022-07-25_13-47-10_0000038_labelled_Wuschel_pheeseq_0000015.txt,x,A,A,y,,,,,,,,,,,,,,,after,phees,2022-07-25,13-47-10,Wuschel,2022-07-25 13:47:10,13:45,3.0,Lola,2.0,xAAynannannannannannannannannannannannannannan,AA,1,non-partner,AAnannannannannannannannannannannannannannan,2
1020,1252,after_phees_2022-07-25_13-47-10_0000038_labelled_Wuschel_pheeseq_0000029.txt,x,A,A,y,,,,,,,,,,,,,,,after,phees,2022-07-25,13-47-10,Wuschel,2022-07-25 13:47:10,13:45,3.0,Lola,3.0,xAAynannannannannannannannannannannannannannan,AA,1,non-partner,AAnannannannannannannannannannannannannannan,2
1021,1253,after_phees_2022-07-25_13-47-10_0000038_labelled_Wuschel_pheeseq_0000017.txt,x,A,A,y,,,,,,,,,,,,,,,after,phees,2022-07-25,13-47-10,Wuschel,2022-07-25 13:47:10,13:45,3.0,Lola,4.0,xAAynannannannannannannannannannannannannannan,AA,1,non-partner,AAnannannannannannannannannannannannannannan,2
1022,1254,after_phees_2022-07-25_13-47-10_0000038_labelled_Wuschel_pheeseq_0000012.txt,x,A,A,y,,,,,,,,,,,,,,,after,phees,2022-07-25,13-47-10,Wuschel,2022-07-25 13:47:10,13:45,3.0,Lola,5.0,xAAynannannannannannannannannannannannannannan,AA,1,non-partner,AAnannannannannannannannannannannannannannan,2
1023,1255,after_phees_2022-07-25_13-47-10_0000038_labelled_Wuschel_pheeseq_0000011.txt,x,A,A,y,,,,,,,,,,,,,,,after,phees,2022-07-25,13-47-10,Wuschel,2022-07-25 13:47:10,13:45,3.0,Lola,6.0,xAAynannannannannannannannannannannannannannan,AA,1,non-partner,AAnannannannannannannannannannannannannannan,2
1024,1257,after_phees_2022-07-25_13-47-10_0000038_labelled_Wuschel_pheeseq_0000010.txt,x,A,A,y,,,,,,,,,,,,,,,after,phees,2022-07-25,13-47-10,Wuschel,2022-07-25 13:47:10,13:45,3.0,Lola,8.0,xAAynannannannannannannannannannannannannannan,AA,1,non-partner,AAnannannannannannannannannannannannannannan,2
1025,1258,after_phees_2022-07-25_13-47-10_0000038_labelled_Wuschel_pheeseq_0000056.txt,x,A,A,y,,,,,,,,,,,,,,,after,phees,2022-07-25,13-47-10,Wuschel,2022-07-25 13:47:10,13:45,3.0,Lola,10.0,xAAynannannannannannannannannannannannannannan,AA,3,non-partner,AAnannannannannannannannannannannannannannan,2
1026,1259,after_phees_2022-07-25_13-47-10_0000038_labelled_Wuschel_pheeseq_0000054.txt,x,A,A,y,,,,,,,,,,,,,,,after,phees,2022-07-25,13-47-10,Wuschel,2022-07-25 13:47:10,13:45,3.0,Lola,11.0,xAAynannannannannannannannannannannannannannan,AA,3,non-partner,AAnannannannannannannannannannannannannannan,2
1027,1261,after_phees_2022-07-25_13-47-10_0000038_labelled_Wuschel_pheeseq_0000023.txt,x,A,A,y,,,,,,,,,,,,,,,after,phees,2022-07-25,13-47-10,Wuschel,2022-07-25 13:47:10,13:45,3.0,Lola,13.0,xAAynannannannannannannannannannannannannannan,AA,1,non-partner,AAnannannannannannannannannannannannannannan,2
1028,1262,after_phees_2022-07-25_13-47-10_0000038_labelled_Wuschel_pheeseq_0000027.txt,x,A,A,y,,,,,,,,,,,,,,,after,phees,2022-07-25,13-47-10,Wuschel,2022-07-25 13:47:10,13:45,3.0,Lola,15.0,xAAynannannannannannannannannannannannannannan,AA,1,non-partner,AAnannannannannannannannannannannannannannan,2
1029,1263,after_phees_2022-07-25_13-47-10_0000038_labelled_Wuschel_pheeseq_0000026.txt,x,A,A,y,,,,,,,,,,,,,,,after,phees,2022-07-25,13-47-10,Wuschel,2022-07-25 13:47:10,13:45,3.0,Lola,16.0,xAAynannannannannannannannannannannannannannan,AA,1,non-partner,AAnannannannannannannannannannannannannannan,2
1030,1264,after_phees_2022-07-25_13-47-10_0000038_labelled_Wuschel_pheeseq_0000024.txt,x,A,A,y,,,,,,,,,,,,,,,after,phees,2022-07-25,13-47-10,Wuschel,2022-07-25 13:47:10,13:45,3.0,Lola,17.0,xAAynannannannannannannannannannannannannannan,AA,1,non-partner,AAnannannannannannannannannannannannannannan,2
1031,1265,after_phees_2022-07-25_13-47-10_0000038_labelled_Wuschel_pheeseq_0000030.txt,x,A,A,A,y,,,,,,,,,,,,,,after,phees,2022-07-25,13-47-10,Wuschel,2022-07-25 13:47:10,13:45,3.0,Lola,18.0,xAAAynannannannannannannannannannannannannan,AAA,1,non-partner,AAAnannannannannannannannannannannannannan,3
1032,1266,after_phees_2022-07-25_13-47-10_0000038_labelled_Wuschel_pheeseq_0000018.txt,x,A,A,y,,,,,,,,,,,,,,,after,phees,2022-07-25,13-47-10,Wuschel,2022-07-25 13:47:10,13:45,3.0,Lola,19.0,xAAynannannannannannannannannannannannannannan,AA,1,non-partner,AAnannannannannannannannannannannannannannan,2
1033,1273,after_phees_2022-07-26_13-19-22_0000049_labelled_Lola_pheeseq_0000037.txt,x,A,A,y,,,,,,,,,,,,,,,after,phees,2022-07-26,13-19-22,Lola,2022-07-26 13:19:22,13:20,3.0,Odin,1.0,xAAynannannannannannannannannannannannannannan,AA,3,non-partner,AAnannannannannannannannannannannannannannan,2
1034,1275,after_phees_2022-07-26_13-19-22_0000049_labelled_Lola_pheeseq_0000022.txt,x,A,A,A,P,P,P,,,,,,,,,,,,after,phees,2022-07-26,13-19-22,Lola,2022-07-26 13:19:22,13:20,3.0,Odin,3.0,xAAAPPPnannannannannannannannannannannan,AAAPPP,1,non-partner,AAAPPPnannannannannannannannannannannan,6
1035,1276,after_phees_2022-07-26_13-19-22_0000049_labelled_Lola_pheeseq_0000008.txt,x,A,A,y,,,,,,,,,,,,,,,after,phees,2022-07-26,13-19-22,Lola,2022-07-26 13:19:22,13:20,3.0,Odin,4.0,xAAynannannannannannannannannannannannannannan,AA,1,non-partner,AAnannannannannannannannannannannannannannan,2
1036,1277,after_phees_2022-07-26_13-19-22_0000049_labelled_Lola_pheeseq_0000020.txt,x,A,A,y,,,,,,,,,,,,,,,after,phees,2022-07-26,13-19-22,Lola,2022-07-26 13:19:22,13:20,3.0,Odin,5.0,xAAynannannannannannannannannannannannannannan,AA,1,non-partner,AAnannannannannannannannannannannannannannan,2
1037,1278,after_phees_2022-07-26_13-19-22_0000049_labelled_Lola_pheeseq_0000021.txt,x,A,A,A,y,,,,,,,,,,,,,,after,phees,2022-07-26,13-19-22,Lola,2022-07-26 13:19:22,13:20,3.0,Odin,6.0,xAAAynannannannannannannannannannannannannan,AAA,1,non-partner,AAAnannannannannannannannannannannannannan,3
1038,1279,after_phees_2022-07-26_13-19-22_0000049_labelled_Lola_pheeseq_0000009.txt,x,A,A,A,P,P,,,,,,,,,,,,,after,phees,2022-07-26,13-19-22,Lola,2022-07-26 13:19:22,13:20,3.0,Odin,7.0,xAAAPPnannannannannannannannannannannannan,AAAPP,1,non-partner,AAAPPnannannannannannannannannannannannan,5
1039,1280,after_phees_2022-07-26_13-19-22_0000049_labelled_Lola_pheeseq_0000040.txt,x,A,A,P,,,,,,,,,,,,,,,after,phees,2022-07-26,13-19-22,Lola,2022-07-26 13:19:22,13:20,3.0,Odin,11.0,xAAPnannannannannannannannannannannannannannan,AAP,3,non-partner,AAPnannannannannannannannannannannannannannan,3
1040,1281,after_phees_2022-07-26_13-19-22_0000049_labelled_Lola_pheeseq_0000041.txt,x,A,A,A,S,,,,,,,,,,,,,,after,phees,2022-07-26,13-19-22,Lola,2022-07-26 13:19:22,13:20,3.0,Odin,12.0,xAAASnannannannannannannannannannannannannan,AAAS,3,non-partner,AAASnannannannannannannannannannannannannan,4
1041,1282,after_phees_2022-07-26_13-19-22_0000049_labelled_Lola_pheeseq_0000043.txt,x,A,A,P,P,S,,,,,,,,,,,,,after,phees,2022-07-26,13-19-22,Lola,2022-07-26 13:19:22,13:20,3.0,Odin,13.0,xAAPPSnannannannannannannannannannannannan,AAPPS,3,non-partner,AAPPSnannannannannannannannannannannannan,5
1042,1283,after_phees_2022-07-26_13-19-22_0000049_labelled_Lola_pheeseq_0000042.txt,x,A,A,P,,,,,,,,,,,,,,,after,phees,2022-07-26,13-19-22,Lola,2022-07-26 13:19:22,13:20,3.0,Odin,14.0,xAAPnannannannannannannannannannannannannannan,AAP,3,non-partner,AAPnannannannannannannannannannannannannannan,3
1043,1284,after_phees_2022-07-26_13-19-22_0000049_labelled_Lola_pheeseq_0000052.txt,x,A,A,y,,,,,,,,,,,,,,,after,phees,2022-07-26,13-19-22,Lola,2022-07-26 13:19:22,13:20,3.0,Odin,15.0,xAAynannannannannannannannannannannannannannan,AA,3,non-partner,AAnannannannannannannannannannannannannannan,2
1044,1285,after_phees_2022-07-26_13-19-22_0000049_labelled_Lola_pheeseq_0000047.txt,x,A,A,y,,,,,,,,,,,,,,,after,phees,2022-07-26,13-19-22,Lola,2022-07-26 13:19:22,13:20,3.0,Odin,16.0,xAAynannannannannannannannannannannannannannan,AA,3,non-partner,AAnannannannannannannannannannannannannannan,2
1045,1286,after_phees_2022-07-26_13-19-22_0000049_labelled_Lola_pheeseq_0000045.txt,x,A,A,y,,,,,,,,,,,,,,,after,phees,2022-07-26,13-19-22,Lola,2022-07-26 13:19:22,13:20,3.0,Odin,17.0,xAAynannannannannannannannannannannannannannan,AA,3,non-partner,AAnannannannannannannannannannannannannannan,2
1046,1287,after_phees_2022-07-26_13-19-22_0000049_labelled_Lola_pheeseq_0000051.txt,x,A,A,y,,,,,,,,,,,,,,,after,phees,2022-07-26,13-19-22,Lola,2022-07-26 13:19:22,13:20,3.0,Odin,18.0,xAAynannannannannannannannannannannannannannan,AA,3,non-partner,AAnannannannannannannannannannannannannannan,2
1047,1288,after_phees_2022-07-26_13-19-22_0000049_labelled_Lola_pheeseq_0000050.txt,x,A,A,y,,,,,,,,,,,,,,,after,phees,2022-07-26,13-19-22,Lola,2022-07-26 13:19:22,13:20,3.0,Odin,19.0,xAAynannannannannannannannannannannannannannan,AA,3,non-partner,AAnannannannannannannannannannannannannannan,2
1048,1289,after_phees_2022-07-26_13-19-22_0000049_labelled_Lola_pheeseq_0000044.txt,x,A,A,y,,,,,,,,,,,,,,,after,phees,2022-07-26,13-19-22,Lola,2022-07-26 13:19:22,13:20,3.0,Odin,20.0,xAAynannannannannannannannannannannannannannan,AA,3,non-partner,AAnannannannannannannannannannannannannannan,2
1049,1290,after_phees_2022-07-26_13-19-22_0000049_labelled_Lola_pheeseq_0000049.txt,x,A,A,y,,,,,,,,,,,,,,,after,phees,2022-07-26,13-19-22,Lola,2022-07-26 13:19:22,13:20,3.0,Odin,21.0,xAAynannannannannannannannannannannannannannan,AA,3,non-partner,AAnannannannannannannannannannannannannannan,2
1050,1291,after_phees_2022-07-26_13-19-22_0000049_labelled_Lola_pheeseq_0000048.txt,x,A,A,y,,,,,,,,,,,,,,,after,phees,2022-07-26,13-19-22,Lola,2022-07-26 13:19:22,13:20,3.0,Odin,22.0,xAAynannannannannannannannannannannannannannan,AA,3,non-partner,AAnannannannannannannannannannannannannannan,2
1051,1292,after_phees_2022-07-26_13-19-22_0000049_labelled_Lola_pheeseq_0000002.txt,x,A,A,A,y,,,,,,,,,,,,,,after,phees,2022-07-26,13-19-22,Lola,2022-07-26 13:19:22,13:20,3.0,Odin,23.0,xAAAynannannannannannannannannannannannannan,AAA,1,non-partner,AAAnannannannannannannannannannannannannan,3
1052,1293,after_phees_2022-07-26_13-19-22_0000049_labelled_Lola_pheeseq_0000016.txt,x,A,A,A,y,,,,,,,,,,,,,,after,phees,2022-07-26,13-19-22,Lola,2022-07-26 13:19:22,13:20,3.0,Odin,24.0,xAAAynannannannannannannannannannannannannan,AAA,1,non-partner,AAAnannannannannannannannannannannannannan,3
1053,1294,after_phees_2022-07-26_13-19-22_0000049_labelled_Lola_pheeseq_0000003.txt,x,A,A,A,A,A,A,A,y,,,,,,,,,,after,phees,2022-07-26,13-19-22,Lola,2022-07-26 13:19:22,13:20,3.0,Odin,25.0,xAAAAAAAynannannannannannannannannan,AAAAAAA,1,non-partner,AAAAAAAnannannannannannannannannan,7
1054,1295,after_phees_2022-07-26_13-19-22_0000049_labelled_Lola_pheeseq_0000015.txt,x,A,A,y,,,,,,,,,,,,,,,after,phees,2022-07-26,13-19-22,Lola,2022-07-26 13:19:22,13:20,3.0,Odin,27.0,xAAynannannannannannannannannannannannannannan,AA,1,non-partner,AAnannannannannannannannannannannannannannan,2
1055,1296,after_phees_2022-07-26_13-19-22_0000049_labelled_Lola_pheeseq_0000014.txt,x,A,A,y,,,,,,,,,,,,,,,after,phees,2022-07-26,13-19-22,Lola,2022-07-26 13:19:22,13:20,3.0,Odin,28.0,xAAynannannannannannannannannannannannannannan,AA,1,non-partner,AAnannannannannannannannannannannannannannan,2
1056,1297,after_phees_2022-07-26_13-19-22_0000049_labelled_Lola_pheeseq_0000010.txt,x,A,A,A,y,,,,,,,,,,,,,,after,phees,2022-07-26,13-19-22,Lola,2022-07-26 13:19:22,13:20,3.0,Odin,30.0,xAAAynannannannannannannannannannannannannan,AAA,1,non-partner,AAAnannannannannannannannannannannannannan,3
1057,1298,after_phees_2022-07-26_13-19-22_0000049_labelled_Lola_pheeseq_0000004.txt,x,A,A,P,S,,,,,,,,,,,,,,after,phees,2022-07-26,13-19-22,Lola,2022-07-26 13:19:22,13:20,3.0,Odin,31.0,xAAPSnannannannannannannannannannannannannan,AAPS,1,non-partner,AAPSnannannannannannannannannannannannannan,4
1058,1299,after_phees_2022-07-26_13-19-22_0000049_labelled_Lola_pheeseq_0000038.txt,x,A,A,S,,,,,,,,,,,,,,,after,phees,2022-07-26,13-19-22,Lola,2022-07-26 13:19:22,13:20,3.0,Odin,32.0,xAASnannannannannannannannannannannannannannan,AAS,3,non-partner,AASnannannannannannannannannannannannannannan,3
1059,1300,after_phees_2022-07-26_13-19-22_0000049_labelled_Lola_pheeseq_0000039.txt,x,A,A,A,y,,,,,,,,,,,,,,after,phees,2022-07-26,13-19-22,Lola,2022-07-26 13:19:22,13:20,3.0,Odin,33.0,xAAAynannannannannannannannannannannannannan,AAA,3,non-partner,AAAnannannannannannannannannannannannannan,3
1060,1301,after_phees_2022-07-26_13-19-22_0000049_labelled_Lola_pheeseq_0000011.txt,x,A,A,A,y,,,,,,,,,,,,,,after,phees,2022-07-26,13-19-22,Lola,2022-07-26 13:19:22,13:20,3.0,Odin,34.0,xAAAynannannannannannannannannannannannannan,AAA,1,non-partner,AAAnannannannannannannannannannannannannan,3
1061,1302,after_phees_2022-07-26_13-19-22_0000049_labelled_Lola_pheeseq_0000013.txt,x,A,A,A,y,,,,,,,,,,,,,,after,phees,2022-07-26,13-19-22,Lola,2022-07-26 13:19:22,13:20,3.0,Odin,35.0,xAAAynannannannannannannannannannannannannan,AAA,1,non-partner,AAAnannannannannannannannannannannannannan,3
1062,1303,after_phees_2022-07-26_13-19-22_0000049_labelled_Lola_pheeseq_0000012.txt,x,A,A,y,,,,,,,,,,,,,,,after,phees,2022-07-26,13-19-22,Lola,2022-07-26 13:19:22,13:20,3.0,Odin,36.0,xAAynannannannannannannannannannannannannannan,AA,1,non-partner,AAnannannannannannannannannannannannannannan,2
1063,1304,after_phees_2022-07-26_13-45-12_0000050_labelled_Lola_pheeseq_0000013.txt,x,A,A,A,y,,,,,,,,,,,,,,after,phees,2022-07-26,13-45-12,Lola,2022-07-26 13:45:12,13:45,3.0,Tabor,1.0,xAAAynannannannannannannannannannannannannan,AAA,1,partner,AAAnannannannannannannannannannannannannan,3
1064,1305,after_phees_2022-07-26_13-45-12_0000050_labelled_Lola_pheeseq_0000007.txt,x,A,A,y,,,,,,,,,,,,,,,after,phees,2022-07-26,13-45-12,Lola,2022-07-26 13:45:12,13:45,3.0,Tabor,2.0,xAAynannannannannannannannannannannannannannan,AA,1,partner,AAnannannannannannannannannannannannannannan,2
1065,1306,after_phees_2022-07-26_13-45-12_0000050_labelled_Lola_pheeseq_0000006.txt,x,A,A,y,,,,,,,,,,,,,,,after,phees,2022-07-26,13-45-12,Lola,2022-07-26 13:45:12,13:45,3.0,Tabor,3.0,xAAynannannannannannannannannannannannannannan,AA,1,partner,AAnannannannannannannannannannannannannannan,2
1066,1307,after_phees_2022-07-26_13-45-12_0000050_labelled_Lola_pheeseq_0000012.txt,x,A,A,A,y,,,,,,,,,,,,,,after,phees,2022-07-26,13-45-12,Lola,2022-07-26 13:45:12,13:45,3.0,Tabor,4.0,xAAAynannannannannannannannannannannannannan,AAA,1,partner,AAAnannannannannannannannannannannannannan,3
1067,1309,after_phees_2022-07-26_13-45-12_0000050_labelled_Lola_pheeseq_0000010.txt,x,A,A,y,,,,,,,,,,,,,,,after,phees,2022-07-26,13-45-12,Lola,2022-07-26 13:45:12,13:45,3.0,Tabor,6.0,xAAynannannannannannannannannannannannannannan,AA,1,partner,AAnannannannannannannannannannannannannannan,2
1068,1310,after_phees_2022-07-26_13-45-12_0000050_labelled_Lola_pheeseq_0000011.txt,x,A,A,P,,,,,,,,,,,,,,,after,phees,2022-07-26,13-45-12,Lola,2022-07-26 13:45:12,13:45,3.0,Tabor,7.0,xAAPnannannannannannannannannannannannannannan,AAP,1,partner,AAPnannannannannannannannannannannannannannan,3
1069,1312,after_phees_2022-07-26_13-45-12_0000050_labelled_Lola_pheeseq_0000028.txt,x,A,A,y,,,,,,,,,,,,,,,after,phees,2022-07-26,13-45-12,Lola,2022-07-26 13:45:12,13:45,3.0,Tabor,9.0,xAAynannannannannannannannannannannannannannan,AA,3,partner,AAnannannannannannannannannannannannannannan,2
1070,1314,after_phees_2022-07-26_13-45-12_0000050_labelled_Lola_pheeseq_0000026.txt,x,A,A,y,,,,,,,,,,,,,,,after,phees,2022-07-26,13-45-12,Lola,2022-07-26 13:45:12,13:45,3.0,Tabor,11.0,xAAynannannannannannannannannannannannannannan,AA,3,partner,AAnannannannannannannannannannannannannannan,2
1071,1315,after_phees_2022-07-26_13-45-12_0000050_labelled_Lola_pheeseq_0000027.txt,x,A,A,y,,,,,,,,,,,,,,,after,phees,2022-07-26,13-45-12,Lola,2022-07-26 13:45:12,13:45,3.0,Tabor,12.0,xAAynannannannannannannannannannannannannannan,AA,3,partner,AAnannannannannannannannannannannannannannan,2
1072,1316,after_phees_2022-07-26_13-45-12_0000050_labelled_Lola_pheeseq_0000033.txt,x,A,A,y,,,,,,,,,,,,,,,after,phees,2022-07-26,13-45-12,Lola,2022-07-26 13:45:12,13:45,3.0,Tabor,13.0,xAAynannannannannannannannannannannannannannan,AA,3,partner,AAnannannannannannannannannannannannannannan,2
1073,1317,after_phees_2022-07-26_13-45-12_0000050_labelled_Lola_pheeseq_0000025.txt,x,A,A,y,,,,,,,,,,,,,,,after,phees,2022-07-26,13-45-12,Lola,2022-07-26 13:45:12,13:45,3.0,Tabor,14.0,xAAynannannannannannannannannannannannannannan,AA,3,partner,AAnannannannannannannannannannannannannannan,2
1074,1318,after_phees_2022-07-26_13-45-12_0000050_labelled_Lola_pheeseq_0000031.txt,x,A,A,y,,,,,,,,,,,,,,,after,phees,2022-07-26,13-45-12,Lola,2022-07-26 13:45:12,13:45,3.0,Tabor,15.0,xAAynannannannannannannannannannannannannannan,AA,3,partner,AAnannannannannannannannannannannannannannan,2
1075,1319,after_phees_2022-07-26_13-45-12_0000050_labelled_Lola_pheeseq_0000030.txt,x,A,A,y,,,,,,,,,,,,,,,after,phees,2022-07-26,13-45-12,Lola,2022-07-26 13:45:12,13:45,3.0,Tabor,16.0,xAAynannannannannannannannannannannannannannan,AA,3,partner,AAnannannannannannannannannannannannannannan,2
1076,1320,after_phees_2022-07-26_13-45-12_0000050_labelled_Lola_pheeseq_0000024.txt,x,A,A,y,,,,,,,,,,,,,,,after,phees,2022-07-26,13-45-12,Lola,2022-07-26 13:45:12,13:45,3.0,Tabor,17.0,xAAynannannannannannannannannannannannannannan,AA,3,partner,AAnannannannannannannannannannannannannannan,2
1077,1322,after_phees_2022-07-26_13-45-12_0000050_labelled_Lola_pheeseq_0000034.txt,x,A,A,y,,,,,,,,,,,,,,,after,phees,2022-07-26,13-45-12,Lola,2022-07-26 13:45:12,13:45,3.0,Tabor,19.0,xAAynannannannannannannannannannannannannannan,AA,3,partner,AAnannannannannannannannannannannannannannan,2
1078,1323,after_phees_2022-07-26_13-45-12_0000050_labelled_Lola_pheeseq_0000009.txt,x,A,A,y,,,,,,,,,,,,,,,after,phees,2022-07-26,13-45-12,Lola,2022-07-26 13:45:12,13:45,3.0,Tabor,20.0,xAAynannannannannannannannannannannannannannan,AA,1,partner,AAnannannannannannannannannannannannannannan,2
1079,1324,after_phees_2022-07-26_13-45-12_0000050_labelled_Lola_pheeseq_0000035.txt,x,A,A,y,,,,,,,,,,,,,,,after,phees,2022-07-26,13-45-12,Lola,2022-07-26 13:45:12,13:45,3.0,Tabor,21.0,xAAynannannannannannannannannannannannannannan,AA,3,partner,AAnannannannannannannannannannannannannannan,2
1080,1326,after_phees_2022-07-26_13-45-12_0000050_labelled_Lola_pheeseq_0000037.txt,x,A,A,y,,,,,,,,,,,,,,,after,phees,2022-07-26,13-45-12,Lola,2022-07-26 13:45:12,13:45,3.0,Tabor,23.0,xAAynannannannannannannannannannannannannannan,AA,3,partner,AAnannannannannannannannannannannannannannan,2
1081,1327,after_phees_2022-07-26_13-45-12_0000050_labelled_Lola_pheeseq_0000023.txt,x,A,A,y,,,,,,,,,,,,,,,after,phees,2022-07-26,13-45-12,Lola,2022-07-26 13:45:12,13:45,3.0,Tabor,24.0,xAAynannannannannannannannannannannannannannan,AA,3,partner,AAnannannannannannannannannannannannannannan,2
1082,1328,after_phees_2022-07-26_13-45-12_0000050_labelled_Lola_pheeseq_0000036.txt,x,A,A,y,,,,,,,,,,,,,,,after,phees,2022-07-26,13-45-12,Lola,2022-07-26 13:45:12,13:45,3.0,Tabor,25.0,xAAynannannannannannannannannannannannannannan,AA,3,partner,AAnannannannannannannannannannannannannannan,2
1083,1333,after_phees_2022-07-26_15-22-33_0000054_labelled_Nougatti_pheeseq_0000009.txt,x,A,A,y,,,,,,,,,,,,,,,after,phees,2022-07-26,15-22-33,Nougatti,2022-07-26 15:22:33,15:20,3.0,Odin,5.0,xAAynannannannannannannannannannannannannannan,AA,1,partner,AAnannannannannannannannannannannannannannan,2
1084,1334,after_phees_2022-07-26_15-22-33_0000054_labelled_Nougatti_pheeseq_0000006.txt,x,A,A,y,,,,,,,,,,,,,,,after,phees,2022-07-26,15-22-33,Nougatti,2022-07-26 15:22:33,15:20,3.0,Odin,6.0,xAAynannannannannannannannannannannannannannan,AA,1,partner,AAnannannannannannannannannannannannannannan,2
1085,1335,after_phees_2022-07-26_15-22-33_0000054_labelled_Nougatti_pheeseq_0000004.txt,x,A,A,y,,,,,,,,,,,,,,,after,phees,2022-07-26,15-22-33,Nougatti,2022-07-26 15:22:33,15:20,3.0,Odin,7.0,xAAynannannannannannannannannannannannannannan,AA,1,partner,AAnannannannannannannannannannannannannannan,2
1086,1336,after_phees_2022-07-26_15-22-33_0000054_labelled_Nougatti_pheeseq_0000011.txt,x,A,A,y,,,,,,,,,,,,,,,after,phees,2022-07-26,15-22-33,Nougatti,2022-07-26 15:22:33,15:20,3.0,Odin,8.0,xAAynannannannannannannannannannannannannannan,AA,1,partner,AAnannannannannannannannannannannannannannan,2
1087,1337,after_phees_2022-07-26_15-22-33_0000054_labelled_Nougatti_pheeseq_0000005.txt,x,A,A,y,,,,,,,,,,,,,,,after,phees,2022-07-26,15-22-33,Nougatti,2022-07-26 15:22:33,15:20,3.0,Odin,9.0,xAAynannannannannannannannannannannannannannan,AA,1,partner,AAnannannannannannannannannannannannannannan,2
1088,1338,after_phees_2022-07-26_15-22-33_0000054_labelled_Nougatti_pheeseq_0000017.txt,x,A,A,y,,,,,,,,,,,,,,,after,phees,2022-07-26,15-22-33,Nougatti,2022-07-26 15:22:33,15:20,3.0,Odin,10.0,xAAynannannannannannannannannannannannannannan,AA,1,partner,AAnannannannannannannannannannannannannannan,2
1089,1341,after_phees_2022-07-26_15-00-38_0000053_labelled_Nougatti_pheeseq_0000006.txt,x,A,A,y,,,,,,,,,,,,,,,after,phees,2022-07-26,15-00-38,Nougatti,2022-07-26 15:00:38,15:00,4.0,Wuschel,3.0,xAAynannannannannannannannannannannannannannan,AA,1,non-partner,AAnannannannannannannannannannannannannannan,2
1090,1342,after_phees_2022-07-26_15-00-38_0000053_labelled_Nougatti_pheeseq_0000005.txt,x,A,A,y,,,,,,,,,,,,,,,after,phees,2022-07-26,15-00-38,Nougatti,2022-07-26 15:00:38,15:00,4.0,Wuschel,4.0,xAAynannannannannannannannannannannannannannan,AA,1,non-partner,AAnannannannannannannannannannannannannannan,2
1091,1343,after_phees_2022-07-26_15-00-38_0000053_labelled_Nougatti_pheeseq_0000011.txt,x,A,A,A,y,,,,,,,,,,,,,,after,phees,2022-07-26,15-00-38,Nougatti,2022-07-26 15:00:38,15:00,4.0,Wuschel,5.0,xAAAynannannannannannannannannannannannannan,AAA,1,non-partner,AAAnannannannannannannannannannannannannan,3
1092,1344,after_phees_2022-07-26_15-00-38_0000053_labelled_Nougatti_pheeseq_0000039.txt,x,A,A,y,,,,,,,,,,,,,,,after,phees,2022-07-26,15-00-38,Nougatti,2022-07-26 15:00:38,15:00,4.0,Wuschel,6.0,xAAynannannannannannannannannannannannannannan,AA,3,non-partner,AAnannannannannannannannannannannannannannan,2
1093,1345,after_phees_2022-07-26_15-00-38_0000053_labelled_Nougatti_pheeseq_0000010.txt,x,A,A,A,y,,,,,,,,,,,,,,after,phees,2022-07-26,15-00-38,Nougatti,2022-07-26 15:00:38,15:00,4.0,Wuschel,7.0,xAAAynannannannannannannannannannannannannan,AAA,1,non-partner,AAAnannannannannannannannannannannannannan,3
1094,1346,after_phees_2022-07-26_15-00-38_0000053_labelled_Nougatti_pheeseq_0000003.txt,x,A,A,A,P,,,,,,,,,,,,,,after,phees,2022-07-26,15-00-38,Nougatti,2022-07-26 15:00:38,15:00,4.0,Wuschel,8.0,xAAAPnannannannannannannannannannannannannan,AAAP,1,non-partner,AAAPnannannannannannannannannannannannannan,4
1095,1347,after_phees_2022-07-26_15-00-38_0000053_labelled_Nougatti_pheeseq_0000024.txt,x,A,A,y,,,,,,,,,,,,,,,after,phees,2022-07-26,15-00-38,Nougatti,2022-07-26 15:00:38,15:00,4.0,Wuschel,9.0,xAAynannannannannannannannannannannannannannan,AA,3,non-partner,AAnannannannannannannannannannannannannannan,2
1096,1348,after_phees_2022-07-26_15-00-38_0000053_labelled_Nougatti_pheeseq_0000025.txt,x,A,A,y,,,,,,,,,,,,,,,after,phees,2022-07-26,15-00-38,Nougatti,2022-07-26 15:00:38,15:00,4.0,Wuschel,10.0,xAAynannannannannannannannannannannannannannan,AA,3,non-partner,AAnannannannannannannannannannannannannannan,2
1097,1350,after_phees_2022-07-26_15-00-38_0000053_labelled_Nougatti_pheeseq_0000037.txt,x,A,A,y,,,,,,,,,,,,,,,after,phees,2022-07-26,15-00-38,Nougatti,2022-07-26 15:00:38,15:00,4.0,Wuschel,12.0,xAAynannannannannannannannannannannannannannan,AA,3,non-partner,AAnannannannannannannannannannannannannannan,2
1098,1351,after_phees_2022-07-26_15-00-38_0000053_labelled_Nougatti_pheeseq_0000044.txt,x,A,A,y,,,,,,,,,,,,,,,after,phees,2022-07-26,15-00-38,Nougatti,2022-07-26 15:00:38,15:00,4.0,Wuschel,13.0,xAAynannannannannannannannannannannannannannan,AA,3,non-partner,AAnannannannannannannannannannannannannannan,2
1099,1352,after_trills_2022-07-26_15-00-39_0000053_labelled_Nougatti_pheeseq_0000009.txt,x,A,A,P,P,,,,,,,,,,,,,,after,trills,2022-07-26,15-00-39,Nougatti,2022-07-26 15:00:39,15:00,4.0,Wuschel,14.0,xAAPPnannannannannannannannannannannannannan,AAPP,1,non-partner,AAPPnannannannannannannannannannannannannan,4
1100,1353,after_trills_2022-07-26_15-00-39_0000053_labelled_Nougatti_pheeseq_0000021.txt,x,A,A,A,y,,,,,,,,,,,,,,after,trills,2022-07-26,15-00-39,Nougatti,2022-07-26 15:00:39,15:00,4.0,Wuschel,15.0,xAAAynannannannannannannannannannannannannan,AAA,1,non-partner,AAAnannannannannannannannannannannannannan,3
1101,1354,after_phees_2022-07-26_15-00-38_0000053_labelled_Nougatti_pheeseq_0000045.txt,x,A,A,y,,,,,,,,,,,,,,,after,phees,2022-07-26,15-00-38,Nougatti,2022-07-26 15:00:38,15:00,4.0,Wuschel,16.0,xAAynannannannannannannannannannannannannannan,AA,3,non-partner,AAnannannannannannannannannannannannannannan,2
1102,1355,after_phees_2022-07-26_15-00-38_0000053_labelled_Nougatti_pheeseq_0000047.txt,x,A,A,y,,,,,,,,,,,,,,,after,phees,2022-07-26,15-00-38,Nougatti,2022-07-26 15:00:38,15:00,4.0,Wuschel,17.0,xAAynannannannannannannannannannannannannannan,AA,3,non-partner,AAnannannannannannannannannannannannannannan,2
1103,1356,after_phees_2022-07-26_15-00-38_0000053_labelled_Nougatti_pheeseq_0000046.txt,x,A,A,y,,,,,,,,,,,,,,,after,phees,2022-07-26,15-00-38,Nougatti,2022-07-26 15:00:38,15:00,4.0,Wuschel,18.0,xAAynannannannannannannannannannannannannannan,AA,3,non-partner,AAnannannannannannannannannannannannannannan,2
1104,1357,after_phees_2022-07-26_15-00-38_0000053_labelled_Nougatti_pheeseq_0000042.txt,x,A,A,y,,,,,,,,,,,,,,,after,phees,2022-07-26,15-00-38,Nougatti,2022-07-26 15:00:38,15:00,4.0,Wuschel,19.0,xAAynannannannannannannannannannannannannannan,AA,3,non-partner,AAnannannannannannannannannannannannannannan,2
1105,1358,after_trills_2022-07-26_15-00-39_0000053_labelled_Nougatti_pheeseq_0000031.txt,x,A,P,,,,,,,,,,,,,,,,after,trills,2022-07-26,15-00-39,Nougatti,2022-07-26 15:00:39,15:00,4.0,Wuschel,21.0,xAPnannannannannannannannannannannannannannannan,AP,3,non-partner,APnannannannannannannannannannannannannannannan,2
1106,1359,after_phees_2022-07-26_13-19-22_0000049_labelled_Odin_pheeseq_0000007.txt,x,A,A,A,y,,,,,,,,,,,,,,after,phees,2022-07-26,13-19-22,Odin,2022-07-26 13:19:22,13:20,3.0,Lola,1.0,xAAAynannannannannannannannannannannannannan,AAA,1,non-partner,AAAnannannannannannannannannannannannannan,3
1107,1360,after_phees_2022-07-26_13-19-22_0000049_labelled_Odin_pheeseq_0000017.txt,A,P,A,A,A,P,S,,,,,,,,,,,,after,phees,2022-07-26,13-19-22,Odin,2022-07-26 13:19:22,13:20,3.0,Lola,2.0,APAAAPSnannannannannannannannannannannan,APAAAPS,1,non-partner,APAAAPSnannannannannannannannannannannan,7
1108,1361,after_phees_2022-07-26_13-19-22_0000049_labelled_Odin_pheeseq_0000053.txt,x,A,A,A,y,,,,,,,,,,,,,,after,phees,2022-07-26,13-19-22,Odin,2022-07-26 13:19:22,13:20,3.0,Lola,3.0,xAAAynannannannannannannannannannannannannan,AAA,3,non-partner,AAAnannannannannannannannannannannannannan,3
1109,1362,after_phees_2022-07-26_13-19-22_0000049_labelled_Odin_pheeseq_0000046.txt,x,A,P,A,y,,,,,,,,,,,,,,after,phees,2022-07-26,13-19-22,Odin,2022-07-26 13:19:22,13:20,3.0,Lola,4.0,xAPAynannannannannannannannannannannannannan,APA,3,non-partner,APAnannannannannannannannannannannannannan,3
1110,1363,after_phees_2022-07-26_13-19-22_0000049_labelled_Odin_pheeseq_0000018.txt,x,A,A,A,A,P,P,,,,,,,,,,,,after,phees,2022-07-26,13-19-22,Odin,2022-07-26 13:19:22,13:20,3.0,Lola,6.0,xAAAAPPnannannannannannannannannannannan,AAAAPP,1,non-partner,AAAAPPnannannannannannannannannannannan,6
1111,1364,after_phees_2022-07-26_13-19-22_0000049_labelled_Odin_pheeseq_0000019.txt,x,A,P,A,A,A,P,A,y,,,,,,,,,,after,phees,2022-07-26,13-19-22,Odin,2022-07-26 13:19:22,13:20,3.0,Lola,7.0,xAPAAAPAynannannannannannannannannan,APAAAPA,1,non-partner,APAAAPAnannannannannannannannannan,7
1112,1365,after_phees_2022-07-26_13-19-22_0000049_labelled_Odin_pheeseq_0000035.txt,x,A,A,y,,,,,,,,,,,,,,,after,phees,2022-07-26,13-19-22,Odin,2022-07-26 13:19:22,13:20,3.0,Lola,8.0,xAAynannannannannannannannannannannannannannan,AA,3,non-partner,AAnannannannannannannannannannannannannannan,2
1113,1368,after_phees_2022-07-26_14-33-05_0000052_labelled_Olympia_pheeseq_0000014.txt,x,A,A,y,,,,,,,,,,,,,,,after,phees,2022-07-26,14-33-05,Olympia,2022-07-26 14:33:05,14:30,2.0,Wuschel,1.0,xAAynannannannannannannannannannannannannannan,AA,3,partner,AAnannannannannannannannannannannannannannan,2
1114,1369,after_phees_2022-07-26_14-33-05_0000052_labelled_Olympia_pheeseq_0000015.txt,x,A,A,y,,,,,,,,,,,,,,,after,phees,2022-07-26,14-33-05,Olympia,2022-07-26 14:33:05,14:30,2.0,Wuschel,2.0,xAAynannannannannannannannannannannannannannan,AA,3,partner,AAnannannannannannannannannannannannannannan,2
1115,1372,after_phees_2022-07-26_14-33-05_0000052_labelled_Olympia_pheeseq_0000016.txt,x,A,A,y,,,,,,,,,,,,,,,after,phees,2022-07-26,14-33-05,Olympia,2022-07-26 14:33:05,14:30,2.0,Wuschel,5.0,xAAynannannannannannannannannannannannannannan,AA,3,partner,AAnannannannannannannannannannannannannannan,2
1116,1373,after_phees_2022-07-26_14-33-05_0000052_labelled_Olympia_pheeseq_0000012.txt,P,A,y,,,,,,,,,,,,,,,,after,phees,2022-07-26,14-33-05,Olympia,2022-07-26 14:33:05,14:30,2.0,Wuschel,7.0,PAynannannannannannannannannannannannannannannan,PA,3,partner,PAnannannannannannannannannannannannannannannan,2
1117,1375,after_phees_2022-07-26_14-33-05_0000052_labelled_Olympia_pheeseq_0000010.txt,x,A,A,y,,,,,,,,,,,,,,,after,phees,2022-07-26,14-33-05,Olympia,2022-07-26 14:33:05,14:30,2.0,Wuschel,9.0,xAAynannannannannannannannannannannannannannan,AA,3,partner,AAnannannannannannannannannannannannannannan,2
1118,1376,after_phees_2022-07-26_14-33-05_0000052_labelled_Olympia_pheeseq_0000009.txt,x,A,A,y,,,,,,,,,,,,,,,after,phees,2022-07-26,14-33-05,Olympia,2022-07-26 14:33:05,14:30,2.0,Wuschel,10.0,xAAynannannannannannannannannannannannannannan,AA,3,partner,AAnannannannannannannannannannannannannannan,2
1119,1377,after_trills_2022-07-26_13-45-13_0000050_labelled_Tabor_pheeseq_0000014.txt,x,A,A,A,A,y,,,,,,,,,,,,,after,trills,2022-07-26,13-45-13,Tabor,2022-07-26 13:45:13,13:45,3.0,Lola,1.0,xAAAAynannannannannannannannannannannannan,AAAA,3,partner,AAAAnannannannannannannannannannannannan,4
1120,1378,after_trills_2022-07-26_13-45-13_0000050_labelled_Tabor_pheeseq_0000015.txt,x,A,A,A,A,P,,,,,,,,,,,,,after,trills,2022-07-26,13-45-13,Tabor,2022-07-26 13:45:13,13:45,3.0,Lola,2.0,xAAAAPnannannannannannannannannannannannan,AAAAP,3,partner,AAAAPnannannannannannannannannannannannan,5
1121,1379,after_trills_2022-07-26_13-45-13_0000050_labelled_Tabor_pheeseq_0000002.txt,S,A,A,y,,,,,,,,,,,,,,,after,trills,2022-07-26,13-45-13,Tabor,2022-07-26 13:45:13,13:45,3.0,Lola,3.0,SAAynannannannannannannannannannannannannannan,SAA,1,partner,SAAnannannannannannannannannannannannannannan,3
1122,1380,after_trills_2022-07-26_13-45-13_0000050_labelled_Tabor_pheeseq_0000012.txt,x,P,A,P,P,P,,,,,,,,,,,,,after,trills,2022-07-26,13-45-13,Tabor,2022-07-26 13:45:13,13:45,3.0,Lola,4.0,xPAPPPnannannannannannannannannannannannan,PAPPP,3,partner,PAPPPnannannannannannannannannannannannan,5
1123,1381,after_trills_2022-07-26_13-45-13_0000050_labelled_Tabor_pheeseq_0000011.txt,P,A,P,P,P,,,,,,,,,,,,,,after,trills,2022-07-26,13-45-13,Tabor,2022-07-26 13:45:13,13:45,3.0,Lola,5.0,PAPPPnannannannannannannannannannannannannan,PAPPP,3,partner,PAPPPnannannannannannannannannannannannannan,5
1124,1382,after_phees_2022-07-26_13-45-12_0000050_labelled_Tabor_pheeseq_0000014.txt,x,A,A,P,P,P,,,,,,,,,,,,,after,phees,2022-07-26,13-45-12,Tabor,2022-07-26 13:45:12,13:45,3.0,Lola,6.0,xAAPPPnannannannannannannannannannannannan,AAPPP,1,partner,AAPPPnannannannannannannannannannannannan,5
1125,1383,after_phees_2022-07-26_13-45-12_0000050_labelled_Tabor_pheeseq_0000016.txt,x,A,A,P,A,P,P,,,,,,,,,,,,after,phees,2022-07-26,13-45-12,Tabor,2022-07-26 13:45:12,13:45,3.0,Lola,7.0,xAAPAPPnannannannannannannannannannannan,AAPAPP,1,partner,AAPAPPnannannannannannannannannannannan,6
1126,1384,after_phees_2022-07-26_13-45-12_0000050_labelled_Tabor_pheeseq_0000002.txt,x,A,A,A,A,y,,,,,,,,,,,,,after,phees,2022-07-26,13-45-12,Tabor,2022-07-26 13:45:12,13:45,3.0,Lola,8.0,xAAAAynannannannannannannannannannannannan,AAAA,1,partner,AAAAnannannannannannannannannannannannan,4
1127,1389,after_trills_2022-07-26_15-00-39_0000053_labelled_Wuschel_phee_0000017.txt,P,A,y,,,,,,,,,,,,,,,,after,trills,2022-07-26,15-00-39,Wuschel,2022-07-26 15:00:39,15:00,4.0,Nougatti,5.0,PAynannannannannannannannannannannannannannannan,PA,1,non-partner,PAnannannannannannannannannannannannannannannan,2
1128,1393,after_phees_2022-07-26_15-00-38_0000053_labelled_Wuschel_pheeseq_0000028.txt,x,A,A,y,,,,,,,,,,,,,,,after,phees,2022-07-26,15-00-38,Wuschel,2022-07-26 15:00:38,15:00,4.0,Nougatti,9.0,xAAynannannannannannannannannannannannannannan,AA,3,non-partner,AAnannannannannannannannannannannannannannan,2
1129,1395,after_phees_2022-07-26_15-00-38_0000053_labelled_Wuschel_pheeseq_0000030.txt,x,A,A,P,S,,,,,,,,,,,,,,after,phees,2022-07-26,15-00-38,Wuschel,2022-07-26 15:00:38,15:00,4.0,Nougatti,11.0,xAAPSnannannannannannannannannannannannannan,AAPS,3,non-partner,AAPSnannannannannannannannannannannannannan,4
1130,1396,after_phees_2022-07-26_15-00-38_0000053_labelled_Wuschel_pheeseq_0000031.txt,x,A,A,y,,,,,,,,,,,,,,,after,phees,2022-07-26,15-00-38,Wuschel,2022-07-26 15:00:38,15:00,4.0,Nougatti,12.0,xAAynannannannannannannannannannannannannannan,AA,3,non-partner,AAnannannannannannannannannannannannannannan,2
1131,1397,after_phees_2022-07-26_15-00-38_0000053_labelled_Wuschel_pheeseq_0000027.txt,x,A,A,y,,,,,,,,,,,,,,,after,phees,2022-07-26,15-00-38,Wuschel,2022-07-26 15:00:38,15:00,4.0,Nougatti,13.0,xAAynannannannannannannannannannannannannannan,AA,3,non-partner,AAnannannannannannannannannannannannannannan,2
1132,1398,after_phees_2022-07-26_15-00-38_0000053_labelled_Wuschel_pheeseq_0000033.txt,x,A,A,y,,,,,,,,,,,,,,,after,phees,2022-07-26,15-00-38,Wuschel,2022-07-26 15:00:38,15:00,4.0,Nougatti,14.0,xAAynannannannannannannannannannannannannannan,AA,3,non-partner,AAnannannannannannannannannannannannannannan,2
1133,1399,after_phees_2022-07-26_15-00-38_0000053_labelled_Wuschel_pheeseq_0000036.txt,x,A,A,y,,,,,,,,,,,,,,,after,phees,2022-07-26,15-00-38,Wuschel,2022-07-26 15:00:38,15:00,4.0,Nougatti,15.0,xAAynannannannannannannannannannannannannannan,AA,3,non-partner,AAnannannannannannannannannannannannannannan,2
1134,1400,after_phees_2022-07-26_15-00-38_0000053_labelled_Wuschel_pheeseq_0000034.txt,x,A,A,A,y,,,,,,,,,,,,,,after,phees,2022-07-26,15-00-38,Wuschel,2022-07-26 15:00:38,15:00,4.0,Nougatti,16.0,xAAAynannannannannannannannannannannannannan,AAA,3,non-partner,AAAnannannannannannannannannannannannannan,3
1135,1405,after_phees_2022-07-26_15-00-38_0000053_labelled_Wuschel_pheeseq_0000041.txt,x,A,A,y,,,,,,,,,,,,,,,after,phees,2022-07-26,15-00-38,Wuschel,2022-07-26 15:00:38,15:00,4.0,Nougatti,21.0,xAAynannannannannannannannannannannannannannan,AA,3,non-partner,AAnannannannannannannannannannannannannannan,2
1136,1412,after_phees_2022-07-26_15-00-38_0000053_labelled_Wuschel_pheeseq_0000043.txt,x,A,A,y,,,,,,,,,,,,,,,after,phees,2022-07-26,15-00-38,Wuschel,2022-07-26 15:00:38,15:00,4.0,Nougatti,28.0,xAAynannannannannannannannannannannannannannan,AA,3,non-partner,AAnannannannannannannannannannannannannannan,2
1137,1422,after_trills_2022-07-26_14-33-06_0000052_labelled_Wuschel_pheeseq_0000002.txt,x,A,P,,,,,,,,,,,,,,,,after,trills,2022-07-26,14-33-06,Wuschel,2022-07-26 14:33:06,14:30,2.0,Olympia,10.0,xAPnannannannannannannannannannannannannannannan,AP,1,partner,APnannannannannannannannannannannannannannannan,2
1138,1428,after_phees_2022-07-27_11-30-41_0000057_labelled_Lola_pheeseq_0000020.txt,x,A,A,y,,,,,,,,,,,,,,,after,phees,2022-07-27,11-30-41,Lola,2022-07-27 11:30:41,11:30,4.0,Wuschel,2.0,xAAynannannannannannannannannannannannannannan,AA,3,non-partner,AAnannannannannannannannannannannannannannan,2
1139,1429,after_phees_2022-07-27_11-30-41_0000057_labelled_Lola_pheeseq_0000008.txt,x,A,A,y,,,,,,,,,,,,,,,after,phees,2022-07-27,11-30-41,Lola,2022-07-27 11:30:41,11:30,4.0,Wuschel,3.0,xAAynannannannannannannannannannannannannannan,AA,1,non-partner,AAnannannannannannannannannannannannannannan,2
1140,1430,after_phees_2022-07-27_11-30-41_0000057_labelled_Lola_pheeseq_0000019.txt,x,A,P,,,,,,,,,,,,,,,,after,phees,2022-07-27,11-30-41,Lola,2022-07-27 11:30:41,11:30,4.0,Wuschel,4.0,xAPnannannannannannannannannannannannannannannan,AP,3,non-partner,APnannannannannannannannannannannannannannannan,2
1141,1431,after_phees_2022-07-27_11-30-41_0000057_labelled_Lola_pheeseq_0000026.txt,x,A,P,,,,,,,,,,,,,,,,after,phees,2022-07-27,11-30-41,Lola,2022-07-27 11:30:41,11:30,4.0,Wuschel,5.0,xAPnannannannannannannannannannannannannannannan,AP,3,non-partner,APnannannannannannannannannannannannannannannan,2
1142,1432,after_trills_2022-07-27_11-30-42_0000057_labelled_Lola_pheeseq_0000004.txt,x,A,A,P,,,,,,,,,,,,,,,after,trills,2022-07-27,11-30-42,Lola,2022-07-27 11:30:42,11:30,4.0,Wuschel,6.0,xAAPnannannannannannannannannannannannannannan,AAP,1,non-partner,AAPnannannannannannannannannannannannannannan,3
1143,1433,after_phees_2022-07-27_11-30-41_0000057_labelled_Lola_pheeseq_0000003.txt,x,A,A,y,,,,,,,,,,,,,,,after,phees,2022-07-27,11-30-41,Lola,2022-07-27 11:30:41,11:30,4.0,Wuschel,7.0,xAAynannannannannannannannannannannannannannan,AA,1,non-partner,AAnannannannannannannannannannannannannannan,2
1144,1434,after_phees_2022-07-27_11-30-41_0000057_labelled_Lola_pheeseq_0000002.txt,x,A,A,y,,,,,,,,,,,,,,,after,phees,2022-07-27,11-30-41,Lola,2022-07-27 11:30:41,11:30,4.0,Wuschel,9.0,xAAynannannannannannannannannannannannannannan,AA,1,non-partner,AAnannannannannannannannannannannannannannan,2
1145,1435,after_phees_2022-07-27_11-30-41_0000057_labelled_Lola_pheeseq_0000005.txt,x,A,A,A,y,,,,,,,,,,,,,,after,phees,2022-07-27,11-30-41,Lola,2022-07-27 11:30:41,11:30,4.0,Wuschel,10.0,xAAAynannannannannannannannannannannannannan,AAA,1,non-partner,AAAnannannannannannannannannannannannannan,3
1146,1436,after_phees_2022-07-27_11-30-41_0000057_labelled_Lola_pheeseq_0000004.txt,x,A,A,A,y,,,,,,,,,,,,,,after,phees,2022-07-27,11-30-41,Lola,2022-07-27 11:30:41,11:30,4.0,Wuschel,11.0,xAAAynannannannannannannannannannannannannan,AAA,1,non-partner,AAAnannannannannannannannannannannannannan,3
1147,1437,after_phees_2022-07-27_11-30-41_0000057_labelled_Lola_pheeseq_0000006.txt,x,A,A,A,y,,,,,,,,,,,,,,after,phees,2022-07-27,11-30-41,Lola,2022-07-27 11:30:41,11:30,4.0,Wuschel,12.0,xAAAynannannannannannannannannannannannannan,AAA,1,non-partner,AAAnannannannannannannannannannannannannan,3
1148,1438,after_phees_2022-07-27_11-30-41_0000057_labelled_Lola_pheeseq_0000013.txt,x,A,A,y,,,,,,,,,,,,,,,after,phees,2022-07-27,11-30-41,Lola,2022-07-27 11:30:41,11:30,4.0,Wuschel,13.0,xAAynannannannannannannannannannannannannannan,AA,1,non-partner,AAnannannannannannannannannannannannannannan,2
1149,1439,after_phees_2022-07-27_11-30-41_0000057_labelled_Lola_pheeseq_0000007.txt,x,A,A,y,,,,,,,,,,,,,,,after,phees,2022-07-27,11-30-41,Lola,2022-07-27 11:30:41,11:30,4.0,Wuschel,14.0,xAAynannannannannannannannannannannannannannan,AA,1,non-partner,AAnannannannannannannannannannannannannannan,2
1150,1440,after_trills_2022-07-27_10-54-22_0000056_labelled_Nougatti_pheeseq_0000007.txt,x,R,P,,,,,,,,,,,,,,,,after,trills,2022-07-27,10-54-22,Nougatti,2022-07-27 10:54:22,10:55,4.0,Odin,1.0,xRPnannannannannannannannannannannannannannannan,RP,1,partner,RPnannannannannannannannannannannannannannannan,2
1151,1448,after_trills_2022-07-27_10-54-22_0000056_labelled_Odin_pheeseq_0000006.txt,x,R,A,y,,,,,,,,,,,,,,,after,trills,2022-07-27,10-54-22,Odin,2022-07-27 10:54:22,10:55,4.0,Nougatti,1.0,xRAynannannannannannannannannannannannannannan,RA,1,partner,RAnannannannannannannannannannannannannannan,2
1152,1449,after_trills_2022-07-27_10-54-22_0000056_labelled_Odin_pheeseq_0000046.txt,x,A,P,,,,,,,,,,,,,,,,after,trills,2022-07-27,10-54-22,Odin,2022-07-27 10:54:22,10:55,4.0,Nougatti,2.0,xAPnannannannannannannannannannannannannannannan,AP,3,partner,APnannannannannannannannannannannannannannannan,2
1153,1453,after_phees_2022-07-27_10-24-06_0000055_labelled_Tabor_pheeseq_0000009.txt,x,A,A,A,P,P,P,,,,,,,,,,,,after,phees,2022-07-27,10-24-06,Tabor,2022-07-27 10:24:06,10:25,4.0,Nougatti,1.0,xAAAPPPnannannannannannannannannannannan,AAAPPP,1,non-partner,AAAPPPnannannannannannannannannannannan,6
1154,1454,after_phees_2022-07-27_10-24-06_0000055_labelled_Tabor_pheeseq_0000008.txt,x,A,P,P,A,A,P,S,,,,,,,,,,,after,phees,2022-07-27,10-24-06,Tabor,2022-07-27 10:24:06,10:25,4.0,Nougatti,2.0,xAPPAAPSnannannannannannannannannannan,APPAAPS,1,non-partner,APPAAPSnannannannannannannannannannan,7
1155,1455,after_trills_2022-07-27_10-24-07_0000055_labelled_Tabor_pheeseq_0000002.txt,x,A,A,A,P,P,P,,,,,,,,,,,,after,trills,2022-07-27,10-24-07,Tabor,2022-07-27 10:24:07,10:25,4.0,Nougatti,3.0,xAAAPPPnannannannannannannannannannannan,AAAPPP,1,non-partner,AAAPPPnannannannannannannannannannannan,6
1156,1456,after_phees_2022-07-27_10-24-06_0000055_labelled_Tabor_pheeseq_0000005.txt,x,A,A,A,P,,,,,,,,,,,,,,after,phees,2022-07-27,10-24-06,Tabor,2022-07-27 10:24:06,10:25,4.0,Nougatti,4.0,xAAAPnannannannannannannannannannannannannan,AAAP,1,non-partner,AAAPnannannannannannannannannannannannannan,4
1157,1457,after_phees_2022-07-27_10-24-06_0000055_labelled_Tabor_pheeseq_0000006.txt,x,A,A,A,P,,,,,,,,,,,,,,after,phees,2022-07-27,10-24-06,Tabor,2022-07-27 10:24:06,10:25,4.0,Nougatti,5.0,xAAAPnannannannannannannannannannannannannan,AAAP,1,non-partner,AAAPnannannannannannannannannannannannannan,4
1158,1458,after_phees_2022-07-27_10-24-06_0000055_labelled_Tabor_pheeseq_0000003.txt,x,A,A,A,A,P,,,,,,,,,,,,,after,phees,2022-07-27,10-24-06,Tabor,2022-07-27 10:24:06,10:25,4.0,Nougatti,6.0,xAAAAPnannannannannannannannannannannannan,AAAAP,1,non-partner,AAAAPnannannannannannannannannannannannan,5
1159,1459,after_phees_2022-07-27_10-24-06_0000055_labelled_Tabor_pheeseq_0000002.txt,x,A,A,A,P,,,,,,,,,,,,,,after,phees,2022-07-27,10-24-06,Tabor,2022-07-27 10:24:06,10:25,4.0,Nougatti,7.0,xAAAPnannannannannannannannannannannannannan,AAAP,1,non-partner,AAAPnannannannannannannannannannannannannan,4
1160,1460,after_phees_2022-07-27_10-24-06_0000055_labelled_Tabor_pheeseq_0000014.txt,x,A,A,A,y,,,,,,,,,,,,,,after,phees,2022-07-27,10-24-06,Tabor,2022-07-27 10:24:06,10:25,4.0,Nougatti,8.0,xAAAynannannannannannannannannannannannannan,AAA,3,non-partner,AAAnannannannannannannannannannannannannan,3
1161,1467,after_phees_2022-07-27_11-30-41_0000057_labelled_Wuschel_pheeseq_0000010.txt,x,A,A,y,,,,,,,,,,,,,,,after,phees,2022-07-27,11-30-41,Wuschel,2022-07-27 11:30:41,11:30,4.0,Lola,7.0,xAAynannannannannannannannannannannannannannan,AA,1,non-partner,AAnannannannannannannannannannannannannannan,2
1162,1468,after_phees_2022-07-27_11-30-41_0000057_labelled_Wuschel_pheeseq_0000011.txt,x,A,A,y,,,,,,,,,,,,,,,after,phees,2022-07-27,11-30-41,Wuschel,2022-07-27 11:30:41,11:30,4.0,Lola,8.0,xAAynannannannannannannannannannannannannannan,AA,1,non-partner,AAnannannannannannannannannannannannannannan,2
1163,1469,after_phees_2022-07-27_11-30-41_0000057_labelled_Wuschel_pheeseq_0000012.txt,x,A,A,y,,,,,,,,,,,,,,,after,phees,2022-07-27,11-30-41,Wuschel,2022-07-27 11:30:41,11:30,4.0,Lola,9.0,xAAynannannannannannannannannannannannannannan,AA,1,non-partner,AAnannannannannannannannannannannannannannan,2
1164,1470,after_phees_2022-07-28_10-46-38_0000060_labelled_Lola_pheeseq_0000024.txt,x,A,A,P,P,,,,,,,,,,,,,,after,phees,2022-07-28,10-46-38,Lola,2022-07-28 10:46:38,10:45,4.0,Odin,1.0,xAAPPnannannannannannannannannannannannannan,AAPP,1,non-partner,AAPPnannannannannannannannannannannannannan,4
1165,1471,after_phees_2022-07-28_10-46-38_0000060_labelled_Lola_pheeseq_0000019.txt,x,A,A,A,P,P,P,P,P,S,,,,,,,,,after,phees,2022-07-28,10-46-38,Lola,2022-07-28 10:46:38,10:45,4.0,Odin,2.0,xAAAPPPPPSnannannannannannannannan,AAAPPPPPS,1,non-partner,AAAPPPPPSnannannannannannannannan,9
1166,1472,after_phees_2022-07-28_10-46-38_0000060_labelled_Lola_pheeseq_0000022.txt,x,A,A,A,y,,,,,,,,,,,,,,after,phees,2022-07-28,10-46-38,Lola,2022-07-28 10:46:38,10:45,4.0,Odin,4.0,xAAAynannannannannannannannannannannannannan,AAA,1,non-partner,AAAnannannannannannannannannannannannannan,3
1167,1473,after_phees_2022-07-28_10-46-38_0000060_labelled_Lola_pheeseq_0000009.txt,x,A,A,A,P,P,,,,,,,,,,,,,after,phees,2022-07-28,10-46-38,Lola,2022-07-28 10:46:38,10:45,4.0,Odin,5.0,xAAAPPnannannannannannannannannannannannan,AAAPP,1,non-partner,AAAPPnannannannannannannannannannannannan,5
1168,1474,after_phees_2022-07-28_10-46-38_0000060_labelled_Lola_pheeseq_0000044.txt,x,A,A,y,,,,,,,,,,,,,,,after,phees,2022-07-28,10-46-38,Lola,2022-07-28 10:46:38,10:45,4.0,Odin,6.0,xAAynannannannannannannannannannannannannannan,AA,3,non-partner,AAnannannannannannannannannannannannannannan,2
1169,1475,after_phees_2022-07-28_10-46-38_0000060_labelled_Lola_pheeseq_0000045.txt,x,A,A,y,,,,,,,,,,,,,,,after,phees,2022-07-28,10-46-38,Lola,2022-07-28 10:46:38,10:45,4.0,Odin,7.0,xAAynannannannannannannannannannannannannannan,AA,3,non-partner,AAnannannannannannannannannannannannannannan,2
1170,1477,after_phees_2022-07-28_10-46-38_0000060_labelled_Lola_pheeseq_0000040.txt,x,A,A,y,,,,,,,,,,,,,,,after,phees,2022-07-28,10-46-38,Lola,2022-07-28 10:46:38,10:45,4.0,Odin,9.0,xAAynannannannannannannannannannannannannannan,AA,3,non-partner,AAnannannannannannannannannannannannannannan,2
1171,1478,after_phees_2022-07-28_10-46-38_0000060_labelled_Lola_pheeseq_0000042.txt,x,A,A,y,,,,,,,,,,,,,,,after,phees,2022-07-28,10-46-38,Lola,2022-07-28 10:46:38,10:45,4.0,Odin,10.0,xAAynannannannannannannannannannannannannannan,AA,3,non-partner,AAnannannannannannannannannannannannannannan,2
1172,1479,after_phees_2022-07-28_10-46-38_0000060_labelled_Lola_pheeseq_0000043.txt,x,A,A,y,,,,,,,,,,,,,,,after,phees,2022-07-28,10-46-38,Lola,2022-07-28 10:46:38,10:45,4.0,Odin,11.0,xAAynannannannannannannannannannannannannannan,AA,3,non-partner,AAnannannannannannannannannannannannannannan,2
1173,1480,after_phees_2022-07-28_10-46-38_0000060_labelled_Lola_pheeseq_0000039.txt,x,A,A,y,,,,,,,,,,,,,,,after,phees,2022-07-28,10-46-38,Lola,2022-07-28 10:46:38,10:45,4.0,Odin,12.0,xAAynannannannannannannannannannannannannannan,AA,3,non-partner,AAnannannannannannannannannannannannannannan,2
1174,1481,after_phees_2022-07-28_10-46-38_0000060_labelled_Lola_pheeseq_0000011.txt,x,A,A,A,A,P,P,,,,,,,,,,,,after,phees,2022-07-28,10-46-38,Lola,2022-07-28 10:46:38,10:45,4.0,Odin,13.0,xAAAAPPnannannannannannannannannannannan,AAAAPP,1,non-partner,AAAAPPnannannannannannannannannannannan,6
1175,1482,after_phees_2022-07-28_10-46-38_0000060_labelled_Lola_pheeseq_0000006.txt,x,A,A,A,P,,,,,,,,,,,,,,after,phees,2022-07-28,10-46-38,Lola,2022-07-28 10:46:38,10:45,4.0,Odin,14.0,xAAAPnannannannannannannannannannannannannan,AAAP,1,non-partner,AAAPnannannannannannannannannannannannannan,4
1176,1483,after_phees_2022-07-28_10-46-38_0000060_labelled_Lola_pheeseq_0000012.txt,x,A,A,A,y,,,,,,,,,,,,,,after,phees,2022-07-28,10-46-38,Lola,2022-07-28 10:46:38,10:45,4.0,Odin,15.0,xAAAynannannannannannannannannannannannannan,AAA,1,non-partner,AAAnannannannannannannannannannannannannan,3
1177,1484,after_phees_2022-07-28_10-46-38_0000060_labelled_Lola_pheeseq_0000013.txt,x,A,A,A,A,y,,,,,,,,,,,,,after,phees,2022-07-28,10-46-38,Lola,2022-07-28 10:46:38,10:45,4.0,Odin,16.0,xAAAAynannannannannannannannannannannannan,AAAA,1,non-partner,AAAAnannannannannannannannannannannannan,4
1178,1485,after_phees_2022-07-28_10-46-38_0000060_labelled_Lola_pheeseq_0000002.txt,x,A,A,y,,,,,,,,,,,,,,,after,phees,2022-07-28,10-46-38,Lola,2022-07-28 10:46:38,10:45,4.0,Odin,17.0,xAAynannannannannannannannannannannannannannan,AA,1,non-partner,AAnannannannannannannannannannannannannannan,2
1179,1486,after_phees_2022-07-28_10-46-38_0000060_labelled_Lola_pheeseq_0000014.txt,x,A,A,A,y,,,,,,,,,,,,,,after,phees,2022-07-28,10-46-38,Lola,2022-07-28 10:46:38,10:45,4.0,Odin,18.0,xAAAynannannannannannannannannannannannannan,AAA,1,non-partner,AAAnannannannannannannannannannannannannan,3
1180,1487,after_phees_2022-07-28_10-46-38_0000060_labelled_Lola_pheeseq_0000015.txt,x,A,A,y,,,,,,,,,,,,,,,after,phees,2022-07-28,10-46-38,Lola,2022-07-28 10:46:38,10:45,4.0,Odin,19.0,xAAynannannannannannannannannannannannannannan,AA,1,non-partner,AAnannannannannannannannannannannannannannan,2
1181,1488,after_phees_2022-07-28_10-46-38_0000060_labelled_Odin_pheeseq_0000016.txt,x,R,A,y,,,,,,,,,,,,,,,after,phees,2022-07-28,10-46-38,Odin,2022-07-28 10:46:38,10:45,4.0,Lola,1.0,xRAynannannannannannannannannannannannannannan,RA,1,non-partner,RAnannannannannannannannannannannannannannan,2
1182,1489,after_phees_2022-07-28_10-46-38_0000060_labelled_Odin_pheeseq_0000017.txt,x,A,P,,,,,,,,,,,,,,,,after,phees,2022-07-28,10-46-38,Odin,2022-07-28 10:46:38,10:45,4.0,Lola,2.0,xAPnannannannannannannannannannannannannannannan,AP,1,non-partner,APnannannannannannannannannannannannannannannan,2
1183,1491,after_phees_2022-07-28_10-46-38_0000060_labelled_Odin_pheeseq_0000010.txt,x,A,A,y,,,,,,,,,,,,,,,after,phees,2022-07-28,10-46-38,Odin,2022-07-28 10:46:38,10:45,4.0,Lola,5.0,xAAynannannannannannannannannannannannannannan,AA,1,non-partner,AAnannannannannannannannannannannannannannan,2
1184,1492,after_phees_2022-07-28_10-46-38_0000060_labelled_Odin_pheeseq_0000038.txt,x,P,P,P,A,A,y,,,,,,,,,,,,after,phees,2022-07-28,10-46-38,Odin,2022-07-28 10:46:38,10:45,4.0,Lola,6.0,xPPPAAynannannannannannannannannannannan,PPPAA,3,non-partner,PPPAAnannannannannannannannannannannan,5
1185,1493,after_phees_2022-07-28_10-46-38_0000060_labelled_Odin_pheeseq_0000005.txt,x,A,A,y,,,,,,,,,,,,,,,after,phees,2022-07-28,10-46-38,Odin,2022-07-28 10:46:38,10:45,4.0,Lola,7.0,xAAynannannannannannannannannannannannannannan,AA,1,non-partner,AAnannannannannannannannannannannannannannan,2
1186,1495,after_phees_2022-07-28_10-46-38_0000060_labelled_Odin_pheeseq_0000046.txt,x,A,A,y,,,,,,,,,,,,,,,after,phees,2022-07-28,10-46-38,Odin,2022-07-28 10:46:38,10:45,4.0,Lola,9.0,xAAynannannannannannannannannannannannannannan,AA,3,non-partner,AAnannannannannannannannannannannannannannan,2
1187,1496,after_phees_2022-07-28_10-46-38_0000060_labelled_Odin_pheeseq_0000008.txt,x,A,A,A,y,,,,,,,,,,,,,,after,phees,2022-07-28,10-46-38,Odin,2022-07-28 10:46:38,10:45,4.0,Lola,10.0,xAAAynannannannannannannannannannannannannan,AAA,1,non-partner,AAAnannannannannannannannannannannannannan,3
1188,1497,after_phees_2022-07-28_10-46-38_0000060_labelled_Odin_pheeseq_0000020.txt,x,R,A,y,,,,,,,,,,,,,,,after,phees,2022-07-28,10-46-38,Odin,2022-07-28 10:46:38,10:45,4.0,Lola,11.0,xRAynannannannannannannannannannannannannannan,RA,1,non-partner,RAnannannannannannannannannannannannannannan,2
1189,1498,after_phees_2022-07-28_10-46-38_0000060_labelled_Odin_pheeseq_0000034.txt,x,A,P,P,P,P,A,A,A,y,,,,,,,,,after,phees,2022-07-28,10-46-38,Odin,2022-07-28 10:46:38,10:45,4.0,Lola,12.0,xAPPPPAAAynannannannannannannannan,APPPPAAA,3,non-partner,APPPPAAAnannannannannannannannan,8
1190,1499,after_phees_2022-07-28_10-46-38_0000060_labelled_Odin_pheeseq_0000035.txt,x,A,P,P,P,A,A,A,y,,,,,,,,,,after,phees,2022-07-28,10-46-38,Odin,2022-07-28 10:46:38,10:45,4.0,Lola,13.0,xAPPPAAAynannannannannannannannannan,APPPAAA,3,non-partner,APPPAAAnannannannannannannannannan,7
1191,1500,after_phees_2022-07-28_10-46-38_0000060_labelled_Odin_pheeseq_0000021.txt,x,A,A,y,,,,,,,,,,,,,,,after,phees,2022-07-28,10-46-38,Odin,2022-07-28 10:46:38,10:45,4.0,Lola,14.0,xAAynannannannannannannannannannannannannannan,AA,1,non-partner,AAnannannannannannannannannannannannannannan,2
1192,1501,after_phees_2022-07-28_10-46-38_0000060_labelled_Odin_pheeseq_0000037.txt,x,A,P,P,A,A,P,A,y,,,,,,,,,,after,phees,2022-07-28,10-46-38,Odin,2022-07-28 10:46:38,10:45,4.0,Lola,15.0,xAPPAAPAynannannannannannannannannan,APPAAPA,3,non-partner,APPAAPAnannannannannannannannannan,7
1193,1502,after_phees_2022-07-28_10-46-38_0000060_labelled_Odin_pheeseq_0000023.txt,x,A,A,A,y,,,,,,,,,,,,,,after,phees,2022-07-28,10-46-38,Odin,2022-07-28 10:46:38,10:45,4.0,Lola,16.0,xAAAynannannannannannannannannannannannannan,AAA,1,non-partner,AAAnannannannannannannannannannannannannan,3
1194,1503,after_phees_2022-07-28_10-46-38_0000060_labelled_Odin_pheeseq_0000032.txt,x,A,P,A,A,y,,,,,,,,,,,,,after,phees,2022-07-28,10-46-38,Odin,2022-07-28 10:46:38,10:45,4.0,Lola,18.0,xAPAAynannannannannannannannannannannannan,APAA,3,non-partner,APAAnannannannannannannannannannannannan,4
1195,1504,after_phees_2022-07-28_10-46-38_0000060_labelled_Odin_pheeseq_0000033.txt,x,A,P,P,A,A,A,y,,,,,,,,,,,after,phees,2022-07-28,10-46-38,Odin,2022-07-28 10:46:38,10:45,4.0,Lola,19.0,xAPPAAAynannannannannannannannannannan,APPAAA,3,non-partner,APPAAAnannannannannannannannannannan,6
1196,1506,after_phees_2022-07-28_10-46-38_0000060_labelled_Odin_pheeseq_0000031.txt,x,A,A,y,,,,,,,,,,,,,,,after,phees,2022-07-28,10-46-38,Odin,2022-07-28 10:46:38,10:45,4.0,Lola,21.0,xAAynannannannannannannannannannannannannannan,AA,3,non-partner,AAnannannannannannannannannannannannannannan,2
1197,1507,after_phees_2022-07-28_10-46-38_0000060_labelled_Odin_pheeseq_0000018.txt,x,A,A,y,,,,,,,,,,,,,,,after,phees,2022-07-28,10-46-38,Odin,2022-07-28 10:46:38,10:45,4.0,Lola,22.0,xAAynannannannannannannannannannannannannannan,AA,1,non-partner,AAnannannannannannannannannannannannannannan,2
1198,1508,after_phees_2022-07-28_09-36-49_0000058_labelled_Olympia_pheeseq_0000032.txt,x,A,A,y,,,,,,,,,,,,,,,after,phees,2022-07-28,09-36-49,Olympia,2022-07-28 09:36:49,09:35,4.0,Tabor,1.0,xAAynannannannannannannannannannannannannannan,AA,3,non-partner,AAnannannannannannannannannannannannannannan,2
1199,1509,after_phees_2022-07-28_09-36-49_0000058_labelled_Olympia_pheeseq_0000034.txt,x,A,A,y,,,,,,,,,,,,,,,after,phees,2022-07-28,09-36-49,Olympia,2022-07-28 09:36:49,09:35,4.0,Tabor,2.0,xAAynannannannannannannannannannannannannannan,AA,3,non-partner,AAnannannannannannannannannannannannannannan,2
1200,1510,after_phees_2022-07-28_10-12-30_0000059_labelled_Olympia_pheeseq_0000013.txt,x,A,A,y,,,,,,,,,,,,,,,after,phees,2022-07-28,10-12-30,Olympia,2022-07-28 10:12:30,10:10,3.0,Wuschel,1.0,xAAynannannannannannannannannannannannannannan,AA,3,partner,AAnannannannannannannannannannannannannannan,2
1201,1511,after_phees_2022-07-28_10-12-30_0000059_labelled_Olympia_pheeseq_0000015.txt,x,A,A,y,,,,,,,,,,,,,,,after,phees,2022-07-28,10-12-30,Olympia,2022-07-28 10:12:30,10:10,3.0,Wuschel,2.0,xAAynannannannannannannannannannannannannannan,AA,3,partner,AAnannannannannannannannannannannannannannan,2
1202,1512,after_phees_2022-07-28_10-12-30_0000059_labelled_Olympia_pheeseq_0000014.txt,x,A,A,y,,,,,,,,,,,,,,,after,phees,2022-07-28,10-12-30,Olympia,2022-07-28 10:12:30,10:10,3.0,Wuschel,3.0,xAAynannannannannannannannannannannannannannan,AA,3,partner,AAnannannannannannannannannannannannannannan,2
1203,1513,after_phees_2022-07-28_09-36-49_0000058_labelled_Tabor_pheeseq_0000023.txt,x,A,A,A,y,,,,,,,,,,,,,,after,phees,2022-07-28,09-36-49,Tabor,2022-07-28 09:36:49,09:35,4.0,Olympia,1.0,xAAAynannannannannannannannannannannannannan,AAA,3,non-partner,AAAnannannannannannannannannannannannannan,3
1204,1514,after_phees_2022-07-28_09-36-49_0000058_labelled_Tabor_pheeseq_0000008.txt,x,A,A,A,A,y,,,,,,,,,,,,,after,phees,2022-07-28,09-36-49,Tabor,2022-07-28 09:36:49,09:35,4.0,Olympia,2.0,xAAAAynannannannannannannannannannannannan,AAAA,1,non-partner,AAAAnannannannannannannannannannannannan,4
1205,1515,after_phees_2022-07-28_09-36-49_0000058_labelled_Tabor_pheeseq_0000009.txt,x,A,A,A,P,P,P,,,,,,,,,,,,after,phees,2022-07-28,09-36-49,Tabor,2022-07-28 09:36:49,09:35,4.0,Olympia,4.0,xAAAPPPnannannannannannannannannannannan,AAAPPP,1,non-partner,AAAPPPnannannannannannannannannannannan,6
1206,1516,after_phees_2022-07-28_09-36-49_0000058_labelled_Tabor_pheeseq_0000025.txt,x,A,A,A,y,,,,,,,,,,,,,,after,phees,2022-07-28,09-36-49,Tabor,2022-07-28 09:36:49,09:35,4.0,Olympia,5.0,xAAAynannannannannannannannannannannannannan,AAA,3,non-partner,AAAnannannannannannannannannannannannannan,3
1207,1517,after_phees_2022-07-28_09-36-49_0000058_labelled_Tabor_pheeseq_0000024.txt,x,A,A,A,y,,,,,,,,,,,,,,after,phees,2022-07-28,09-36-49,Tabor,2022-07-28 09:36:49,09:35,4.0,Olympia,6.0,xAAAynannannannannannannannannannannannannan,AAA,3,non-partner,AAAnannannannannannannannannannannannannan,3
1208,1518,after_phees_2022-07-28_09-36-49_0000058_labelled_Tabor_pheeseq_0000030.txt,x,A,A,y,,,,,,,,,,,,,,,after,phees,2022-07-28,09-36-49,Tabor,2022-07-28 09:36:49,09:35,4.0,Olympia,7.0,xAAynannannannannannannannannannannannannannan,AA,3,non-partner,AAnannannannannannannannannannannannannannan,2
1209,1519,after_phees_2022-07-28_09-36-49_0000058_labelled_Tabor_pheeseq_0000026.txt,x,A,A,A,y,,,,,,,,,,,,,,after,phees,2022-07-28,09-36-49,Tabor,2022-07-28 09:36:49,09:35,4.0,Olympia,8.0,xAAAynannannannannannannannannannannannannan,AAA,3,non-partner,AAAnannannannannannannannannannannannannan,3
1210,1520,after_phees_2022-07-28_09-36-49_0000058_labelled_Tabor_pheeseq_0000033.txt,x,A,A,A,A,P,,,,,,,,,,,,,after,phees,2022-07-28,09-36-49,Tabor,2022-07-28 09:36:49,09:35,4.0,Olympia,9.0,xAAAAPnannannannannannannannannannannannan,AAAAP,3,non-partner,AAAAPnannannannannannannannannannannannan,5
1211,1521,after_phees_2022-07-28_09-36-49_0000058_labelled_Tabor_pheeseq_0000027.txt,x,A,A,A,y,,,,,,,,,,,,,,after,phees,2022-07-28,09-36-49,Tabor,2022-07-28 09:36:49,09:35,4.0,Olympia,10.0,xAAAynannannannannannannannannannannannannan,AAA,3,non-partner,AAAnannannannannannannannannannannannannan,3
1212,1522,after_phees_2022-07-28_09-36-49_0000058_labelled_Tabor_pheeseq_0000002.txt,x,A,A,A,y,,,,,,,,,,,,,,after,phees,2022-07-28,09-36-49,Tabor,2022-07-28 09:36:49,09:35,4.0,Olympia,11.0,xAAAynannannannannannannannannannannannannan,AAA,1,non-partner,AAAnannannannannannannannannannannannannan,3
1213,1523,after_phees_2022-07-28_09-36-49_0000058_labelled_Tabor_pheeseq_0000017.txt,x,A,A,A,P,P,,,,,,,,,,,,,after,phees,2022-07-28,09-36-49,Tabor,2022-07-28 09:36:49,09:35,4.0,Olympia,12.0,xAAAPPnannannannannannannannannannannannan,AAAPP,1,non-partner,AAAPPnannannannannannannannannannannannan,5
1214,1524,after_phees_2022-07-28_09-36-49_0000058_labelled_Tabor_pheeseq_0000003.txt,x,A,P,A,A,P,P,,,,,,,,,,,,after,phees,2022-07-28,09-36-49,Tabor,2022-07-28 09:36:49,09:35,4.0,Olympia,13.0,xAPAAPPnannannannannannannannannannannan,APAAPP,1,non-partner,APAAPPnannannannannannannannannannannan,6
1215,1525,after_phees_2022-07-28_09-36-49_0000058_labelled_Tabor_pheeseq_0000029.txt,x,A,A,y,,,,,,,,,,,,,,,after,phees,2022-07-28,09-36-49,Tabor,2022-07-28 09:36:49,09:35,4.0,Olympia,14.0,xAAynannannannannannannannannannannannannannan,AA,3,non-partner,AAnannannannannannannannannannannannannannan,2
1216,1526,after_phees_2022-07-28_09-36-49_0000058_labelled_Tabor_pheeseq_0000028.txt,x,A,A,A,y,,,,,,,,,,,,,,after,phees,2022-07-28,09-36-49,Tabor,2022-07-28 09:36:49,09:35,4.0,Olympia,15.0,xAAAynannannannannannannannannannannannannan,AAA,3,non-partner,AAAnannannannannannannannannannannannannan,3
1217,1527,after_phees_2022-07-28_09-36-49_0000058_labelled_Tabor_pheeseq_0000010.txt,x,A,A,y,,,,,,,,,,,,,,,after,phees,2022-07-28,09-36-49,Tabor,2022-07-28 09:36:49,09:35,4.0,Olympia,16.0,xAAynannannannannannannannannannannannannannan,AA,1,non-partner,AAnannannannannannannannannannannannannannan,2
1218,1528,after_phees_2022-07-28_09-36-49_0000058_labelled_Tabor_pheeseq_0000004.txt,x,A,A,A,P,,,,,,,,,,,,,,after,phees,2022-07-28,09-36-49,Tabor,2022-07-28 09:36:49,09:35,4.0,Olympia,17.0,xAAAPnannannannannannannannannannannannannan,AAAP,1,non-partner,AAAPnannannannannannannannannannannannannan,4
1219,1529,after_phees_2022-07-28_09-36-49_0000058_labelled_Tabor_pheeseq_0000005.txt,x,A,A,A,A,P,,,,,,,,,,,,,after,phees,2022-07-28,09-36-49,Tabor,2022-07-28 09:36:49,09:35,4.0,Olympia,18.0,xAAAAPnannannannannannannannannannannannan,AAAAP,1,non-partner,AAAAPnannannannannannannannannannannannan,5
1220,1530,after_phees_2022-07-28_09-36-49_0000058_labelled_Tabor_pheeseq_0000011.txt,x,A,A,A,A,P,P,,,,,,,,,,,,after,phees,2022-07-28,09-36-49,Tabor,2022-07-28 09:36:49,09:35,4.0,Olympia,19.0,xAAAAPPnannannannannannannannannannannan,AAAAPP,1,non-partner,AAAAPPnannannannannannannannannannannan,6
1221,1531,after_phees_2022-07-28_09-36-49_0000058_labelled_Tabor_pheeseq_0000007.txt,x,A,A,A,P,P,P,S,,,,,,,,,,,after,phees,2022-07-28,09-36-49,Tabor,2022-07-28 09:36:49,09:35,4.0,Olympia,20.0,xAAAPPPSnannannannannannannannannannan,AAAPPPS,1,non-partner,AAAPPPSnannannannannannannannannannan,7
1222,1532,after_phees_2022-07-28_09-36-49_0000058_labelled_Tabor_pheeseq_0000012.txt,x,A,A,A,A,P,,,,,,,,,,,,,after,phees,2022-07-28,09-36-49,Tabor,2022-07-28 09:36:49,09:35,4.0,Olympia,21.0,xAAAAPnannannannannannannannannannannannan,AAAAP,1,non-partner,AAAAPnannannannannannannannannannannannan,5
1223,1533,after_phees_2022-07-28_09-36-49_0000058_labelled_Tabor_pheeseq_0000006.txt,x,A,A,A,A,P,P,,,,,,,,,,,,after,phees,2022-07-28,09-36-49,Tabor,2022-07-28 09:36:49,09:35,4.0,Olympia,22.0,xAAAAPPnannannannannannannannannannannan,AAAAPP,1,non-partner,AAAAPPnannannannannannannannannannannan,6
1224,1534,after_phees_2022-07-28_10-12-30_0000059_labelled_Wuschel_pheeseq_0000006.txt,x,A,A,y,,,,,,,,,,,,,,,after,phees,2022-07-28,10-12-30,Wuschel,2022-07-28 10:12:30,10:10,3.0,Olympia,1.0,xAAynannannannannannannannannannannannannannan,AA,1,partner,AAnannannannannannannannannannannannannannan,2
1225,1535,after_phees_2022-07-28_10-12-30_0000059_labelled_Wuschel_pheeseq_0000005.txt,x,A,A,A,P,S,,,,,,,,,,,,,after,phees,2022-07-28,10-12-30,Wuschel,2022-07-28 10:12:30,10:10,3.0,Olympia,2.0,xAAAPSnannannannannannannannannannannannan,AAAPS,1,partner,AAAPSnannannannannannannannannannannannan,5
1226,1536,after_phees_2022-07-28_10-12-30_0000059_labelled_Wuschel_pheeseq_0000004.txt,x,A,A,y,,,,,,,,,,,,,,,after,phees,2022-07-28,10-12-30,Wuschel,2022-07-28 10:12:30,10:10,3.0,Olympia,3.0,xAAynannannannannannannannannannannannannannan,AA,1,partner,AAnannannannannannannannannannannannannannan,2
1227,1537,after_phees_2022-07-28_10-12-30_0000059_labelled_Wuschel_pheeseq_0000003.txt,x,A,A,A,y,,,,,,,,,,,,,,after,phees,2022-07-28,10-12-30,Wuschel,2022-07-28 10:12:30,10:10,3.0,Olympia,4.0,xAAAynannannannannannannannannannannannannan,AAA,1,partner,AAAnannannannannannannannannannannannannan,3
1228,1538,after_phees_2022-07-28_10-12-30_0000059_labelled_Wuschel_pheeseq_0000002.txt,x,A,A,A,y,,,,,,,,,,,,,,after,phees,2022-07-28,10-12-30,Wuschel,2022-07-28 10:12:30,10:10,3.0,Olympia,5.0,xAAAynannannannannannannannannannannannannan,AAA,1,partner,AAAnannannannannannannannannannannannannan,3
1229,1544,after_phees_2022-08-02_15-01-37_0000067_labelled_Lola_pheeseq_0000008.txt,x,A,A,y,,,,,,,,,,,,,,,after,phees,2022-08-02,15-01-37,Lola,2022-08-02 15:01:37,15:00,5.0,Tabor,2.0,xAAynannannannannannannannannannannannannannan,AA,1,partner,AAnannannannannannannannannannannannannannan,2
1230,1545,after_phees_2022-08-02_15-01-37_0000067_labelled_Lola_pheeseq_0000031.txt,x,A,A,y,,,,,,,,,,,,,,,after,phees,2022-08-02,15-01-37,Lola,2022-08-02 15:01:37,15:00,5.0,Tabor,3.0,xAAynannannannannannannannannannannannannannan,AA,1,partner,AAnannannannannannannannannannannannannannan,2
1231,1547,after_phees_2022-08-02_15-01-37_0000067_labelled_Lola_pheeseq_0000055.txt,x,A,A,y,,,,,,,,,,,,,,,after,phees,2022-08-02,15-01-37,Lola,2022-08-02 15:01:37,15:00,5.0,Tabor,5.0,xAAynannannannannannannannannannannannannannan,AA,3,partner,AAnannannannannannannannannannannannannannan,2
1232,1548,after_phees_2022-08-02_15-01-37_0000067_labelled_Lola_pheeseq_0000054.txt,x,A,A,y,,,,,,,,,,,,,,,after,phees,2022-08-02,15-01-37,Lola,2022-08-02 15:01:37,15:00,5.0,Tabor,6.0,xAAynannannannannannannannannannannannannannan,AA,3,partner,AAnannannannannannannannannannannannannannan,2
1233,1549,after_phees_2022-08-02_15-01-37_0000067_labelled_Lola_pheeseq_0000053.txt,x,A,A,y,,,,,,,,,,,,,,,after,phees,2022-08-02,15-01-37,Lola,2022-08-02 15:01:37,15:00,5.0,Tabor,7.0,xAAynannannannannannannannannannannannannannan,AA,3,partner,AAnannannannannannannannannannannannannannan,2
1234,1550,after_phees_2022-08-02_15-01-37_0000067_labelled_Lola_pheeseq_0000052.txt,x,A,A,y,,,,,,,,,,,,,,,after,phees,2022-08-02,15-01-37,Lola,2022-08-02 15:01:37,15:00,5.0,Tabor,8.0,xAAynannannannannannannannannannannannannannan,AA,3,partner,AAnannannannannannannannannannannannannannan,2
1235,1551,after_phees_2022-08-02_15-01-37_0000067_labelled_Lola_pheeseq_0000007.txt,x,A,A,y,,,,,,,,,,,,,,,after,phees,2022-08-02,15-01-37,Lola,2022-08-02 15:01:37,15:00,5.0,Tabor,9.0,xAAynannannannannannannannannannannannannannan,AA,1,partner,AAnannannannannannannannannannannannannannan,2
1236,1552,after_phees_2022-08-02_15-01-37_0000067_labelled_Lola_pheeseq_0000005.txt,x,A,A,y,,,,,,,,,,,,,,,after,phees,2022-08-02,15-01-37,Lola,2022-08-02 15:01:37,15:00,5.0,Tabor,10.0,xAAynannannannannannannannannannannannannannan,AA,1,partner,AAnannannannannannannannannannannannannannan,2
1237,1553,after_phees_2022-08-02_15-01-37_0000067_labelled_Lola_pheeseq_0000004.txt,x,A,A,P,P,,,,,,,,,,,,,,after,phees,2022-08-02,15-01-37,Lola,2022-08-02 15:01:37,15:00,5.0,Tabor,11.0,xAAPPnannannannannannannannannannannannannan,AAPP,1,partner,AAPPnannannannannannannannannannannannannan,4
1238,1554,after_phees_2022-08-02_14-36-43_0000066_labelled_Lola_pheeseq_0000068.txt,x,A,A,A,y,,,,,,,,,,,,,,after,phees,2022-08-02,14-36-43,Lola,2022-08-02 14:36:43,14:35,5.0,Wuschel,1.0,xAAAynannannannannannannannannannannannannan,AAA,3,non-partner,AAAnannannannannannannannannannannannannan,3
1239,1555,after_phees_2022-08-02_14-36-43_0000066_labelled_Lola_pheeseq_0000054.txt,x,A,A,A,y,,,,,,,,,,,,,,after,phees,2022-08-02,14-36-43,Lola,2022-08-02 14:36:43,14:35,5.0,Wuschel,2.0,xAAAynannannannannannannannannannannannannan,AAA,3,non-partner,AAAnannannannannannannannannannannannannan,3
1240,1556,after_phees_2022-08-02_14-36-43_0000066_labelled_Lola_pheeseq_0000069.txt,x,A,A,y,,,,,,,,,,,,,,,after,phees,2022-08-02,14-36-43,Lola,2022-08-02 14:36:43,14:35,5.0,Wuschel,3.0,xAAynannannannannannannannannannannannannannan,AA,3,non-partner,AAnannannannannannannannannannannannannannan,2
1241,1558,after_phees_2022-08-02_14-36-43_0000066_labelled_Lola_pheeseq_0000052.txt,x,A,A,y,,,,,,,,,,,,,,,after,phees,2022-08-02,14-36-43,Lola,2022-08-02 14:36:43,14:35,5.0,Wuschel,5.0,xAAynannannannannannannannannannannannannannan,AA,3,non-partner,AAnannannannannannannannannannannannannannan,2
1242,1559,after_phees_2022-08-02_14-36-43_0000066_labelled_Lola_pheeseq_0000053.txt,x,A,A,y,,,,,,,,,,,,,,,after,phees,2022-08-02,14-36-43,Lola,2022-08-02 14:36:43,14:35,5.0,Wuschel,6.0,xAAynannannannannannannannannannannannannannan,AA,3,non-partner,AAnannannannannannannannannannannannannannan,2
1243,1560,after_phees_2022-08-02_14-36-43_0000066_labelled_Lola_pheeseq_0000047.txt,x,A,A,P,P,,,,,,,,,,,,,,after,phees,2022-08-02,14-36-43,Lola,2022-08-02 14:36:43,14:35,5.0,Wuschel,7.0,xAAPPnannannannannannannannannannannannannan,AAPP,3,non-partner,AAPPnannannannannannannannannannannannannan,4
1244,1561,after_phees_2022-08-02_14-36-43_0000066_labelled_Lola_pheeseq_0000051.txt,x,A,A,y,,,,,,,,,,,,,,,after,phees,2022-08-02,14-36-43,Lola,2022-08-02 14:36:43,14:35,5.0,Wuschel,8.0,xAAynannannannannannannannannannannannannannan,AA,3,non-partner,AAnannannannannannannannannannannannannannan,2
1245,1562,after_phees_2022-08-02_14-36-43_0000066_labelled_Lola_pheeseq_0000050.txt,x,A,A,A,y,,,,,,,,,,,,,,after,phees,2022-08-02,14-36-43,Lola,2022-08-02 14:36:43,14:35,5.0,Wuschel,9.0,xAAAynannannannannannannannannannannannannan,AAA,3,non-partner,AAAnannannannannannannannannannannannannan,3
1246,1563,after_phees_2022-08-02_14-36-43_0000066_labelled_Lola_pheeseq_0000023.txt,x,A,A,P,S,,,,,,,,,,,,,,after,phees,2022-08-02,14-36-43,Lola,2022-08-02 14:36:43,14:35,5.0,Wuschel,10.0,xAAPSnannannannannannannannannannannannannan,AAPS,1,non-partner,AAPSnannannannannannannannannannannannannan,4
1247,1564,after_phees_2022-08-02_14-36-43_0000066_labelled_Lola_pheeseq_0000022.txt,x,A,A,y,,,,,,,,,,,,,,,after,phees,2022-08-02,14-36-43,Lola,2022-08-02 14:36:43,14:35,5.0,Wuschel,11.0,xAAynannannannannannannannannannannannannannan,AA,1,non-partner,AAnannannannannannannannannannannannannannan,2
1248,1565,after_phees_2022-08-02_14-36-43_0000066_labelled_Lola_pheeseq_0000008.txt,x,A,A,y,,,,,,,,,,,,,,,after,phees,2022-08-02,14-36-43,Lola,2022-08-02 14:36:43,14:35,5.0,Wuschel,12.0,xAAynannannannannannannannannannannannannannan,AA,1,non-partner,AAnannannannannannannannannannannannannannan,2
1249,1566,after_phees_2022-08-02_14-36-43_0000066_labelled_Lola_pheeseq_0000020.txt,x,A,A,A,P,P,,,,,,,,,,,,,after,phees,2022-08-02,14-36-43,Lola,2022-08-02 14:36:43,14:35,5.0,Wuschel,13.0,xAAAPPnannannannannannannannannannannannan,AAAPP,1,non-partner,AAAPPnannannannannannannannannannannannan,5
1250,1567,after_phees_2022-08-02_14-36-43_0000066_labelled_Lola_pheeseq_0000021.txt,x,A,A,A,y,,,,,,,,,,,,,,after,phees,2022-08-02,14-36-43,Lola,2022-08-02 14:36:43,14:35,5.0,Wuschel,14.0,xAAAynannannannannannannannannannannannannan,AAA,1,non-partner,AAAnannannannannannannannannannannannannan,3
1251,1568,after_phees_2022-08-02_14-36-43_0000066_labelled_Lola_pheeseq_0000009.txt,x,A,A,y,,,,,,,,,,,,,,,after,phees,2022-08-02,14-36-43,Lola,2022-08-02 14:36:43,14:35,5.0,Wuschel,15.0,xAAynannannannannannannannannannannannannannan,AA,1,non-partner,AAnannannannannannannannannannannannannannan,2
1252,1569,after_phees_2022-08-02_14-36-43_0000066_labelled_Lola_pheeseq_0000025.txt,x,A,A,A,y,,,,,,,,,,,,,,after,phees,2022-08-02,14-36-43,Lola,2022-08-02 14:36:43,14:35,5.0,Wuschel,16.0,xAAAynannannannannannannannannannannannannan,AAA,1,non-partner,AAAnannannannannannannannannannannannannan,3
1253,1570,after_phees_2022-08-02_14-36-43_0000066_labelled_Lola_pheeseq_0000019.txt,x,A,A,A,P,,,,,,,,,,,,,,after,phees,2022-08-02,14-36-43,Lola,2022-08-02 14:36:43,14:35,5.0,Wuschel,17.0,xAAAPnannannannannannannannannannannannannan,AAAP,1,non-partner,AAAPnannannannannannannannannannannannannan,4
1254,1571,after_phees_2022-08-02_14-36-43_0000066_labelled_Lola_pheeseq_0000018.txt,x,A,A,A,y,,,,,,,,,,,,,,after,phees,2022-08-02,14-36-43,Lola,2022-08-02 14:36:43,14:35,5.0,Wuschel,18.0,xAAAynannannannannannannannannannannannannan,AAA,1,non-partner,AAAnannannannannannannannannannannannannan,3
1255,1572,after_phees_2022-08-02_14-36-43_0000066_labelled_Lola_pheeseq_0000026.txt,x,A,A,A,y,,,,,,,,,,,,,,after,phees,2022-08-02,14-36-43,Lola,2022-08-02 14:36:43,14:35,5.0,Wuschel,19.0,xAAAynannannannannannannannannannannannannan,AAA,1,non-partner,AAAnannannannannannannannannannannannannan,3
1256,1573,after_phees_2022-08-02_14-36-43_0000066_labelled_Lola_pheeseq_0000027.txt,x,A,A,A,y,,,,,,,,,,,,,,after,phees,2022-08-02,14-36-43,Lola,2022-08-02 14:36:43,14:35,5.0,Wuschel,20.0,xAAAynannannannannannannannannannannannannan,AAA,1,non-partner,AAAnannannannannannannannannannannannannan,3
1257,1574,after_phees_2022-08-02_14-36-43_0000066_labelled_Lola_pheeseq_0000002.txt,x,A,A,P,P,S,,,,,,,,,,,,,after,phees,2022-08-02,14-36-43,Lola,2022-08-02 14:36:43,14:35,5.0,Wuschel,21.0,xAAPPSnannannannannannannannannannannannan,AAPPS,1,non-partner,AAPPSnannannannannannannannannannannannan,5
1258,1575,after_phees_2022-08-02_14-36-43_0000066_labelled_Lola_pheeseq_0000003.txt,x,A,A,P,P,P,,,,,,,,,,,,,after,phees,2022-08-02,14-36-43,Lola,2022-08-02 14:36:43,14:35,5.0,Wuschel,22.0,xAAPPPnannannannannannannannannannannannan,AAPPP,1,non-partner,AAPPPnannannannannannannannannannannannan,5
1259,1576,after_phees_2022-08-02_14-36-43_0000066_labelled_Lola_pheeseq_0000017.txt,x,A,A,A,P,,,,,,,,,,,,,,after,phees,2022-08-02,14-36-43,Lola,2022-08-02 14:36:43,14:35,5.0,Wuschel,23.0,xAAAPnannannannannannannannannannannannannan,AAAP,1,non-partner,AAAPnannannannannannannannannannannannannan,4
1260,1577,after_phees_2022-08-02_14-36-43_0000066_labelled_Lola_pheeseq_0000004.txt,x,A,A,A,y,,,,,,,,,,,,,,after,phees,2022-08-02,14-36-43,Lola,2022-08-02 14:36:43,14:35,5.0,Wuschel,24.0,xAAAynannannannannannannannannannannannannan,AAA,1,non-partner,AAAnannannannannannannannannannannannannan,3
1261,1578,after_phees_2022-08-02_14-36-43_0000066_labelled_Lola_pheeseq_0000010.txt,x,A,A,y,,,,,,,,,,,,,,,after,phees,2022-08-02,14-36-43,Lola,2022-08-02 14:36:43,14:35,5.0,Wuschel,25.0,xAAynannannannannannannannannannannannannannan,AA,1,non-partner,AAnannannannannannannannannannannannannannan,2
1262,1579,after_phees_2022-08-02_14-36-43_0000066_labelled_Lola_pheeseq_0000006.txt,x,A,A,P,P,S,,,,,,,,,,,,,after,phees,2022-08-02,14-36-43,Lola,2022-08-02 14:36:43,14:35,5.0,Wuschel,26.0,xAAPPSnannannannannannannannannannannannan,AAPPS,1,non-partner,AAPPSnannannannannannannannannannannannan,5
1263,1580,after_phees_2022-08-02_14-36-43_0000066_labelled_Lola_pheeseq_0000061.txt,x,A,A,y,,,,,,,,,,,,,,,after,phees,2022-08-02,14-36-43,Lola,2022-08-02 14:36:43,14:35,5.0,Wuschel,27.0,xAAynannannannannannannannannannannannannannan,AA,3,non-partner,AAnannannannannannannannannannannannannannan,2
1264,1581,after_phees_2022-08-02_14-36-43_0000066_labelled_Lola_pheeseq_0000048.txt,x,A,A,y,,,,,,,,,,,,,,,after,phees,2022-08-02,14-36-43,Lola,2022-08-02 14:36:43,14:35,5.0,Wuschel,28.0,xAAynannannannannannannannannannannannannannan,AA,3,non-partner,AAnannannannannannannannannannannannannannan,2
1265,1583,after_phees_2022-08-02_14-36-43_0000066_labelled_Lola_pheeseq_0000067.txt,x,A,A,y,,,,,,,,,,,,,,,after,phees,2022-08-02,14-36-43,Lola,2022-08-02 14:36:43,14:35,5.0,Wuschel,30.0,xAAynannannannannannannannannannannannannannan,AA,3,non-partner,AAnannannannannannannannannannannannannannan,2
1266,1585,after_phees_2022-08-02_13-43-08_0000064_labelled_Odin_pheeseq_0000023.txt,x,A,K,,,,,,,,,,,,,,,,after,phees,2022-08-02,13-43-08,Odin,2022-08-02 13:43:08,13:45,3.0,Olympia,1.0,xAKnannannannannannannannannannannannannannannan,AK,1,non-partner,AKnannannannannannannannannannannannannannannan,2
1267,1586,after_phees_2022-08-02_13-43-08_0000064_labelled_Odin_pheeseq_0000022.txt,x,A,P,P,A,A,A,y,,,,,,,,,,,after,phees,2022-08-02,13-43-08,Odin,2022-08-02 13:43:08,13:45,3.0,Olympia,2.0,xAPPAAAynannannannannannannannannannan,APPAAA,1,non-partner,APPAAAnannannannannannannannannannan,6
1268,1587,after_phees_2022-08-02_13-43-08_0000064_labelled_Odin_pheeseq_0000009.txt,x,A,A,A,P,P,,,,,,,,,,,,,after,phees,2022-08-02,13-43-08,Odin,2022-08-02 13:43:08,13:45,3.0,Olympia,3.0,xAAAPPnannannannannannannannannannannannan,AAAPP,1,non-partner,AAAPPnannannannannannannannannannannannan,5
1269,1588,after_phees_2022-08-02_13-43-08_0000064_labelled_Odin_pheeseq_0000021.txt,x,A,P,A,P,A,A,y,,,,,,,,,,,after,phees,2022-08-02,13-43-08,Odin,2022-08-02 13:43:08,13:45,3.0,Olympia,5.0,xAPAPAAynannannannannannannannannannan,APAPAA,1,non-partner,APAPAAnannannannannannannannannannan,6
1270,1589,after_phees_2022-08-02_13-43-08_0000064_labelled_Odin_pheeseq_0000019.txt,P,A,P,A,A,T,,,,,,,,,,,,,after,phees,2022-08-02,13-43-08,Odin,2022-08-02 13:43:08,13:45,3.0,Olympia,6.0,PAPAATnannannannannannannannannannannannan,PAPAAT,1,non-partner,PAPAATnannannannannannannannannannannannan,6
1271,1590,after_phees_2022-08-02_13-43-08_0000064_labelled_Odin_pheeseq_0000054.txt,x,A,A,y,,,,,,,,,,,,,,,after,phees,2022-08-02,13-43-08,Odin,2022-08-02 13:43:08,13:45,3.0,Olympia,9.0,xAAynannannannannannannannannannannannannannan,AA,3,non-partner,AAnannannannannannannannannannannannannannan,2
1272,1591,after_phees_2022-08-02_13-43-08_0000064_labelled_Odin_pheeseq_0000068.txt,x,A,A,A,y,,,,,,,,,,,,,,after,phees,2022-08-02,13-43-08,Odin,2022-08-02 13:43:08,13:45,3.0,Olympia,11.0,xAAAynannannannannannannannannannannannannan,AAA,3,non-partner,AAAnannannannannannannannannannannannannan,3
1273,1592,after_phees_2022-08-02_13-43-08_0000064_labelled_Odin_pheeseq_0000057.txt,x,A,A,y,,,,,,,,,,,,,,,after,phees,2022-08-02,13-43-08,Odin,2022-08-02 13:43:08,13:45,3.0,Olympia,12.0,xAAynannannannannannannannannannannannannannan,AA,3,non-partner,AAnannannannannannannannannannannannannannan,2
1274,1593,after_phees_2022-08-02_13-43-08_0000064_labelled_Odin_pheeseq_0000046.txt,x,P,A,A,y,,,,,,,,,,,,,,after,phees,2022-08-02,13-43-08,Odin,2022-08-02 13:43:08,13:45,3.0,Olympia,13.0,xPAAynannannannannannannannannannannannannan,PAA,3,non-partner,PAAnannannannannannannannannannannannannan,3
1275,1594,after_phees_2022-08-02_13-43-08_0000064_labelled_Odin_pheeseq_0000052.txt,x,A,A,A,y,,,,,,,,,,,,,,after,phees,2022-08-02,13-43-08,Odin,2022-08-02 13:43:08,13:45,3.0,Olympia,14.0,xAAAynannannannannannannannannannannannannan,AAA,3,non-partner,AAAnannannannannannannannannannannannannan,3
1276,1596,after_phees_2022-08-02_13-43-08_0000064_labelled_Odin_pheeseq_0000053.txt,x,A,P,P,P,A,y,,,,,,,,,,,,after,phees,2022-08-02,13-43-08,Odin,2022-08-02 13:43:08,13:45,3.0,Olympia,16.0,xAPPPAynannannannannannannannannannannan,APPPA,3,non-partner,APPPAnannannannannannannannannannannan,5
1277,1598,after_phees_2022-08-02_13-43-08_0000064_labelled_Odin_pheeseq_0000044.txt,x,A,A,A,y,,,,,,,,,,,,,,after,phees,2022-08-02,13-43-08,Odin,2022-08-02 13:43:08,13:45,3.0,Olympia,18.0,xAAAynannannannannannannannannannannannannan,AAA,3,non-partner,AAAnannannannannannannannannannannannannan,3
1278,1599,after_phees_2022-08-02_13-43-08_0000064_labelled_Odin_pheeseq_0000061.txt,x,A,P,A,A,A,y,,,,,,,,,,,,after,phees,2022-08-02,13-43-08,Odin,2022-08-02 13:43:08,13:45,3.0,Olympia,19.0,xAPAAAynannannannannannannannannannannan,APAAA,3,non-partner,APAAAnannannannannannannannannannannan,5
1279,1600,after_phees_2022-08-02_13-43-08_0000064_labelled_Odin_pheeseq_0000048.txt,x,A,P,P,P,A,y,,,,,,,,,,,,after,phees,2022-08-02,13-43-08,Odin,2022-08-02 13:43:08,13:45,3.0,Olympia,20.0,xAPPPAynannannannannannannannannannannan,APPPA,3,non-partner,APPPAnannannannannannannannannannannan,5
1280,1601,after_phees_2022-08-02_13-43-08_0000064_labelled_Odin_pheeseq_0000060.txt,x,A,P,P,A,A,A,K,,,,,,,,,,,after,phees,2022-08-02,13-43-08,Odin,2022-08-02 13:43:08,13:45,3.0,Olympia,21.0,xAPPAAAKnannannannannannannannannannan,APPAAAK,3,non-partner,APPAAAKnannannannannannannannannannan,7
1281,1602,after_phees_2022-08-02_13-43-08_0000064_labelled_Odin_pheeseq_0000062.txt,x,A,P,A,A,y,,,,,,,,,,,,,after,phees,2022-08-02,13-43-08,Odin,2022-08-02 13:43:08,13:45,3.0,Olympia,22.0,xAPAAynannannannannannannannannannannannan,APAA,3,non-partner,APAAnannannannannannannannannannannannan,4
1282,1603,after_phees_2022-08-02_13-43-08_0000064_labelled_Odin_pheeseq_0000058.txt,x,A,A,y,,,,,,,,,,,,,,,after,phees,2022-08-02,13-43-08,Odin,2022-08-02 13:43:08,13:45,3.0,Olympia,23.0,xAAynannannannannannannannannannannannannannan,AA,3,non-partner,AAnannannannannannannannannannannannannannan,2
1283,1604,after_phees_2022-08-02_13-43-08_0000064_labelled_Odin_pheeseq_0000059.txt,x,A,A,A,A,y,,,,,,,,,,,,,after,phees,2022-08-02,13-43-08,Odin,2022-08-02 13:43:08,13:45,3.0,Olympia,24.0,xAAAAynannannannannannannannannannannannan,AAAA,3,non-partner,AAAAnannannannannannannannannannannannan,4
1284,1605,after_phees_2022-08-02_13-43-08_0000064_labelled_Odin_pheeseq_0000003.txt,x,A,P,P,A,A,A,y,,,,,,,,,,,after,phees,2022-08-02,13-43-08,Odin,2022-08-02 13:43:08,13:45,3.0,Olympia,25.0,xAPPAAAynannannannannannannannannannan,APPAAA,1,non-partner,APPAAAnannannannannannannannannannan,6
1285,1606,after_phees_2022-08-02_13-43-08_0000064_labelled_Odin_pheeseq_0000017.txt,x,A,P,A,A,y,,,,,,,,,,,,,after,phees,2022-08-02,13-43-08,Odin,2022-08-02 13:43:08,13:45,3.0,Olympia,26.0,xAPAAynannannannannannannannannannannannan,APAA,1,non-partner,APAAnannannannannannannannannannannannan,4
1286,1607,after_phees_2022-08-02_13-43-08_0000064_labelled_Odin_pheeseq_0000015.txt,x,A,P,A,A,A,A,y,,,,,,,,,,,after,phees,2022-08-02,13-43-08,Odin,2022-08-02 13:43:08,13:45,3.0,Olympia,27.0,xAPAAAAynannannannannannannannannannan,APAAAA,1,non-partner,APAAAAnannannannannannannannannannan,6
1287,1608,after_phees_2022-08-02_13-43-08_0000064_labelled_Odin_pheeseq_0000014.txt,x,A,P,P,A,A,y,,,,,,,,,,,,after,phees,2022-08-02,13-43-08,Odin,2022-08-02 13:43:08,13:45,3.0,Olympia,30.0,xAPPAAynannannannannannannannannannannan,APPAA,1,non-partner,APPAAnannannannannannannannannannannan,5
1288,1609,after_phees_2022-08-02_13-43-08_0000064_labelled_Odin_pheeseq_0000004.txt,x,A,A,A,A,A,y,,,,,,,,,,,,after,phees,2022-08-02,13-43-08,Odin,2022-08-02 13:43:08,13:45,3.0,Olympia,31.0,xAAAAAynannannannannannannannannannannan,AAAAA,1,non-partner,AAAAAnannannannannannannannannannannan,5
1289,1610,after_phees_2022-08-02_13-43-08_0000064_labelled_Odin_pheeseq_0000010.txt,x,A,A,A,A,y,,,,,,,,,,,,,after,phees,2022-08-02,13-43-08,Odin,2022-08-02 13:43:08,13:45,3.0,Olympia,32.0,xAAAAynannannannannannannannannannannannan,AAAA,1,non-partner,AAAAnannannannannannannannannannannannan,4
1290,1611,after_phees_2022-08-02_13-43-08_0000064_labelled_Odin_pheeseq_0000005.txt,x,A,P,P,P,A,A,A,P,P,P,P,P,,,,,,after,phees,2022-08-02,13-43-08,Odin,2022-08-02 13:43:08,13:45,3.0,Olympia,33.0,xAPPPAAAPPPPPnannannannannan,APPPAAAPPPPP,1,non-partner,APPPAAAPPPPPnannannannannan,12
1291,1612,after_phees_2022-08-02_13-43-08_0000064_labelled_Odin_pheeseq_0000013.txt,x,A,A,y,,,,,,,,,,,,,,,after,phees,2022-08-02,13-43-08,Odin,2022-08-02 13:43:08,13:45,3.0,Olympia,34.0,xAAynannannannannannannannannannannannannannan,AA,1,non-partner,AAnannannannannannannannannannannannannannan,2
1292,1613,after_phees_2022-08-02_13-43-08_0000064_labelled_Olympia_pheeseq_0000051.txt,x,A,A,y,,,,,,,,,,,,,,,after,phees,2022-08-02,13-43-08,Olympia,2022-08-02 13:43:08,13:45,3.0,Odin,1.0,xAAynannannannannannannannannannannannannannan,AA,3,non-partner,AAnannannannannannannannannannannannannannan,2
1293,1614,after_phees_2022-08-02_13-43-08_0000064_labelled_Olympia_pheeseq_0000047.txt,x,A,P,,,,,,,,,,,,,,,,after,phees,2022-08-02,13-43-08,Olympia,2022-08-02 13:43:08,13:45,3.0,Odin,2.0,xAPnannannannannannannannannannannannannannannan,AP,3,non-partner,APnannannannannannannannannannannannannannannan,2
1294,1616,after_phees_2022-08-02_13-43-08_0000064_labelled_Olympia_pheeseq_0000008.txt,x,A,A,y,,,,,,,,,,,,,,,after,phees,2022-08-02,13-43-08,Olympia,2022-08-02 13:43:08,13:45,3.0,Odin,5.0,xAAynannannannannannannannannannannannannannan,AA,1,non-partner,AAnannannannannannannannannannannannannannan,2
1295,1617,after_phees_2022-08-02_13-43-08_0000064_labelled_Olympia_pheeseq_0000007.txt,x,A,A,y,,,,,,,,,,,,,,,after,phees,2022-08-02,13-43-08,Olympia,2022-08-02 13:43:08,13:45,3.0,Odin,6.0,xAAynannannannannannannannannannannannannannan,AA,1,non-partner,AAnannannannannannannannannannannannannannan,2
1296,1619,after_phees_2022-08-02_13-43-08_0000064_labelled_Olympia_pheeseq_0000016.txt,x,A,A,y,,,,,,,,,,,,,,,after,phees,2022-08-02,13-43-08,Olympia,2022-08-02 13:43:08,13:45,3.0,Odin,8.0,xAAynannannannannannannannannannannannannannan,AA,1,non-partner,AAnannannannannannannannannannannannannannan,2
1297,1620,after_phees_2022-08-02_13-43-08_0000064_labelled_Olympia_pheeseq_0000064.txt,x,A,A,y,,,,,,,,,,,,,,,after,phees,2022-08-02,13-43-08,Olympia,2022-08-02 13:43:08,13:45,3.0,Odin,9.0,xAAynannannannannannannannannannannannannannan,AA,3,non-partner,AAnannannannannannannannannannannannannannan,2
1298,1621,after_phees_2022-08-02_13-43-08_0000064_labelled_Olympia_pheeseq_0000067.txt,x,A,A,y,,,,,,,,,,,,,,,after,phees,2022-08-02,13-43-08,Olympia,2022-08-02 13:43:08,13:45,3.0,Odin,11.0,xAAynannannannannannannannannannannannannannan,AA,3,non-partner,AAnannannannannannannannannannannannannannan,2
1299,1623,after_phees_2022-08-02_14-11-30_0000065_labelled_Olympia_pheeseq_0000039.txt,x,A,A,y,,,,,,,,,,,,,,,after,phees,2022-08-02,14-11-30,Olympia,2022-08-02 14:11:30,14:10,4.0,Wuschel,2.0,xAAynannannannannannannannannannannannannannan,AA,3,partner,AAnannannannannannannannannannannannannannan,2
1300,1624,after_trills_2022-08-02_15-01-39_0000067_labelled_Tabor_pheeseq_0000032.txt,x,A,A,A,A,P,,,,,,,,,,,,,after,trills,2022-08-02,15-01-39,Tabor,2022-08-02 15:01:39,15:00,5.0,Lola,1.0,xAAAAPnannannannannannannannannannannannan,AAAAP,3,partner,AAAAPnannannannannannannannannannannannan,5
1301,1625,after_trills_2022-08-02_15-01-39_0000067_labelled_Tabor_pheeseq_0000027.txt,x,A,A,A,A,P,,,,,,,,,,,,,after,trills,2022-08-02,15-01-39,Tabor,2022-08-02 15:01:39,15:00,5.0,Lola,2.0,xAAAAPnannannannannannannannannannannannan,AAAAP,3,partner,AAAAPnannannannannannannannannannannannan,5
1302,1626,after_phees_2022-08-02_15-01-37_0000067_labelled_Tabor_pheeseq_0000038.txt,x,A,A,A,P,P,,,,,,,,,,,,,after,phees,2022-08-02,15-01-37,Tabor,2022-08-02 15:01:37,15:00,5.0,Lola,3.0,xAAAPPnannannannannannannannannannannannan,AAAPP,1,partner,AAAPPnannannannannannannannannannannannan,5
1303,1627,after_trills_2022-08-02_15-01-39_0000067_labelled_Tabor_pheeseq_0000025.txt,P,A,A,P,P,P,,,,,,,,,,,,,after,trills,2022-08-02,15-01-39,Tabor,2022-08-02 15:01:39,15:00,5.0,Lola,4.0,PAAPPPnannannannannannannannannannannannan,PAAPPP,3,partner,PAAPPPnannannannannannannannannannannannan,6
1304,1628,after_trills_2022-08-02_15-01-39_0000067_labelled_Tabor_pheeseq_0000030.txt,x,A,A,A,A,P,,,,,,,,,,,,,after,trills,2022-08-02,15-01-39,Tabor,2022-08-02 15:01:39,15:00,5.0,Lola,5.0,xAAAAPnannannannannannannannannannannannan,AAAAP,3,partner,AAAAPnannannannannannannannannannannannan,5
1305,1629,after_phees_2022-08-02_15-01-37_0000067_labelled_Tabor_pheeseq_0000043.txt,x,A,A,A,A,y,,,,,,,,,,,,,after,phees,2022-08-02,15-01-37,Tabor,2022-08-02 15:01:37,15:00,5.0,Lola,6.0,xAAAAynannannannannannannannannannannannan,AAAA,1,partner,AAAAnannannannannannannannannannannannan,4
1306,1630,after_trills_2022-08-02_15-01-39_0000067_labelled_Tabor_pheeseq_0000029.txt,x,A,A,A,A,y,,,,,,,,,,,,,after,trills,2022-08-02,15-01-39,Tabor,2022-08-02 15:01:39,15:00,5.0,Lola,7.0,xAAAAynannannannannannannannannannannannan,AAAA,3,partner,AAAAnannannannannannannannannannannannan,4
1307,1631,after_trills_2022-08-02_15-01-39_0000067_labelled_Tabor_pheeseq_0000028.txt,P,A,A,P,P,,,,,,,,,,,,,,after,trills,2022-08-02,15-01-39,Tabor,2022-08-02 15:01:39,15:00,5.0,Lola,8.0,PAAPPnannannannannannannannannannannannannan,PAAPP,3,partner,PAAPPnannannannannannannannannannannannannan,5
1308,1632,after_trills_2022-08-02_15-01-39_0000067_labelled_Tabor_pheeseq_0000006.txt,x,A,A,A,A,P,,,,,,,,,,,,,after,trills,2022-08-02,15-01-39,Tabor,2022-08-02 15:01:39,15:00,5.0,Lola,9.0,xAAAAPnannannannannannannannannannannannan,AAAAP,1,partner,AAAAPnannannannannannannannannannannannan,5
1309,1634,after_phees_2022-08-02_14-36-43_0000066_labelled_Wuschel_pheeseq_0000057.txt,x,A,A,y,,,,,,,,,,,,,,,after,phees,2022-08-02,14-36-43,Wuschel,2022-08-02 14:36:43,14:35,5.0,Lola,9.0,xAAynannannannannannannannannannannannannannan,AA,3,non-partner,AAnannannannannannannannannannannannannannan,2
1310,1637,after_phees_2022-08-02_14-36-43_0000066_labelled_Wuschel_pheeseq_0000060.txt,x,A,A,P,,,,,,,,,,,,,,,after,phees,2022-08-02,14-36-43,Wuschel,2022-08-02 14:36:43,14:35,5.0,Lola,13.0,xAAPnannannannannannannannannannannannannannan,AAP,3,non-partner,AAPnannannannannannannannannannannannannannan,3
1311,1643,after_phees_2022-08-02_14-36-43_0000066_labelled_Wuschel_pheeseq_0000075.txt,x,A,A,y,,,,,,,,,,,,,,,after,phees,2022-08-02,14-36-43,Wuschel,2022-08-02 14:36:43,14:35,5.0,Lola,19.0,xAAynannannannannannannannannannannannannannan,AA,3,non-partner,AAnannannannannannannannannannannannannannan,2
1312,1644,after_phees_2022-08-02_14-36-43_0000066_labelled_Wuschel_pheeseq_0000063.txt,x,A,A,y,,,,,,,,,,,,,,,after,phees,2022-08-02,14-36-43,Wuschel,2022-08-02 14:36:43,14:35,5.0,Lola,20.0,xAAynannannannannannannannannannannannannannan,AA,3,non-partner,AAnannannannannannannannannannannannannannan,2
1313,1645,after_phees_2022-08-02_14-36-43_0000066_labelled_Wuschel_pheeseq_0000077.txt,x,A,A,y,,,,,,,,,,,,,,,after,phees,2022-08-02,14-36-43,Wuschel,2022-08-02 14:36:43,14:35,5.0,Lola,21.0,xAAynannannannannannannannannannannannannannan,AA,3,non-partner,AAnannannannannannannannannannannannannannan,2
1314,1647,after_phees_2022-08-02_14-36-43_0000066_labelled_Wuschel_pheeseq_0000076.txt,x,A,A,S,,,,,,,,,,,,,,,after,phees,2022-08-02,14-36-43,Wuschel,2022-08-02 14:36:43,14:35,5.0,Lola,23.0,xAASnannannannannannannannannannannannannannan,AAS,3,non-partner,AASnannannannannannannannannannannannannannan,3
1315,1649,after_phees_2022-08-02_14-36-43_0000066_labelled_Wuschel_pheeseq_0000072.txt,x,A,A,y,,,,,,,,,,,,,,,after,phees,2022-08-02,14-36-43,Wuschel,2022-08-02 14:36:43,14:35,5.0,Lola,25.0,xAAynannannannannannannannannannannannannannan,AA,3,non-partner,AAnannannannannannannannannannannannannannan,2
1316,1651,after_phees_2022-08-02_14-36-43_0000066_labelled_Wuschel_pheeseq_0000073.txt,x,A,A,y,,,,,,,,,,,,,,,after,phees,2022-08-02,14-36-43,Wuschel,2022-08-02 14:36:43,14:35,5.0,Lola,27.0,xAAynannannannannannannannannannannannannannan,AA,3,non-partner,AAnannannannannannannannannannannannannannan,2
1317,1653,after_phees_2022-08-02_14-36-43_0000066_labelled_Wuschel_pheeseq_0000059.txt,x,A,A,y,,,,,,,,,,,,,,,after,phees,2022-08-02,14-36-43,Wuschel,2022-08-02 14:36:43,14:35,5.0,Lola,29.0,xAAynannannannannannannannannannannannannannan,AA,3,non-partner,AAnannannannannannannannannannannannannannan,2
1318,1654,after_phees_2022-08-02_14-36-43_0000066_labelled_Wuschel_pheeseq_0000071.txt,x,A,A,y,,,,,,,,,,,,,,,after,phees,2022-08-02,14-36-43,Wuschel,2022-08-02 14:36:43,14:35,5.0,Lola,31.0,xAAynannannannannannannannannannannannannannan,AA,3,non-partner,AAnannannannannannannannannannannannannannan,2
1319,1655,after_phees_2022-08-02_14-36-43_0000066_labelled_Wuschel_pheeseq_0000065.txt,x,A,A,y,,,,,,,,,,,,,,,after,phees,2022-08-02,14-36-43,Wuschel,2022-08-02 14:36:43,14:35,5.0,Lola,32.0,xAAynannannannannannannannannannannannannannan,AA,3,non-partner,AAnannannannannannannannannannannannannannan,2
1320,1656,after_phees_2022-08-02_14-36-43_0000066_labelled_Wuschel_pheeseq_0000064.txt,x,A,A,y,,,,,,,,,,,,,,,after,phees,2022-08-02,14-36-43,Wuschel,2022-08-02 14:36:43,14:35,5.0,Lola,33.0,xAAynannannannannannannannannannannannannannan,AA,3,non-partner,AAnannannannannannannannannannannannannannan,2
1321,1659,after_phees_2022-08-02_14-11-30_0000065_labelled_Wuschel_pheeseq_0000014.txt,x,A,A,y,,,,,,,,,,,,,,,after,phees,2022-08-02,14-11-30,Wuschel,2022-08-02 14:11:30,14:10,4.0,Olympia,1.0,xAAynannannannannannannannannannannannannannan,AA,1,partner,AAnannannannannannannannannannannannannannan,2
1322,1660,after_phees_2022-08-02_14-11-30_0000065_labelled_Wuschel_pheeseq_0000028.txt,x,A,A,y,,,,,,,,,,,,,,,after,phees,2022-08-02,14-11-30,Wuschel,2022-08-02 14:11:30,14:10,4.0,Olympia,2.0,xAAynannannannannannannannannannannannannannan,AA,1,partner,AAnannannannannannannannannannannannannannan,2
1323,1661,after_phees_2022-08-02_14-11-30_0000065_labelled_Wuschel_pheeseq_0000029.txt,x,A,A,y,,,,,,,,,,,,,,,after,phees,2022-08-02,14-11-30,Wuschel,2022-08-02 14:11:30,14:10,4.0,Olympia,3.0,xAAynannannannannannannannannannannannannannan,AA,1,partner,AAnannannannannannannannannannannannannannan,2
1324,1662,after_phees_2022-08-02_14-11-30_0000065_labelled_Wuschel_pheeseq_0000015.txt,x,A,A,A,P,P,,,,,,,,,,,,,after,phees,2022-08-02,14-11-30,Wuschel,2022-08-02 14:11:30,14:10,4.0,Olympia,4.0,xAAAPPnannannannannannannannannannannannan,AAAPP,1,partner,AAAPPnannannannannannannannannannannannan,5
1325,1663,after_phees_2022-08-02_14-11-30_0000065_labelled_Wuschel_pheeseq_0000017.txt,x,A,A,P,P,S,,,,,,,,,,,,,after,phees,2022-08-02,14-11-30,Wuschel,2022-08-02 14:11:30,14:10,4.0,Olympia,5.0,xAAPPSnannannannannannannannannannannannan,AAPPS,1,partner,AAPPSnannannannannannannannannannannannan,5
1326,1665,after_phees_2022-08-02_14-11-30_0000065_labelled_Wuschel_pheeseq_0000016.txt,x,A,A,A,y,,,,,,,,,,,,,,after,phees,2022-08-02,14-11-30,Wuschel,2022-08-02 14:11:30,14:10,4.0,Olympia,7.0,xAAAynannannannannannannannannannannannannan,AAA,1,partner,AAAnannannannannannannannannannannannannan,3
1327,1666,after_phees_2022-08-02_14-11-30_0000065_labelled_Wuschel_pheeseq_0000002.txt,x,A,A,A,P,P,,,,,,,,,,,,,after,phees,2022-08-02,14-11-30,Wuschel,2022-08-02 14:11:30,14:10,4.0,Olympia,8.0,xAAAPPnannannannannannannannannannannannan,AAAPP,1,partner,AAAPPnannannannannannannannannannannannan,5
1328,1667,after_phees_2022-08-02_14-11-30_0000065_labelled_Wuschel_pheeseq_0000012.txt,x,A,A,P,S,,,,,,,,,,,,,,after,phees,2022-08-02,14-11-30,Wuschel,2022-08-02 14:11:30,14:10,4.0,Olympia,9.0,xAAPSnannannannannannannannannannannannannan,AAPS,1,partner,AAPSnannannannannannannannannannannannannan,4
1329,1669,after_phees_2022-08-02_14-11-30_0000065_labelled_Wuschel_pheeseq_0000013.txt,x,A,A,A,y,,,,,,,,,,,,,,after,phees,2022-08-02,14-11-30,Wuschel,2022-08-02 14:11:30,14:10,4.0,Olympia,11.0,xAAAynannannannannannannannannannannannannan,AAA,1,partner,AAAnannannannannannannannannannannannannan,3
1330,1671,after_phees_2022-08-02_14-11-30_0000065_labelled_Wuschel_pheeseq_0000005.txt,x,A,A,A,y,,,,,,,,,,,,,,after,phees,2022-08-02,14-11-30,Wuschel,2022-08-02 14:11:30,14:10,4.0,Olympia,13.0,xAAAynannannannannannannannannannannannannan,AAA,1,partner,AAAnannannannannannannannannannannannannan,3
1331,1672,after_phees_2022-08-02_14-11-30_0000065_labelled_Wuschel_pheeseq_0000004.txt,x,A,A,A,A,P,,,,,,,,,,,,,after,phees,2022-08-02,14-11-30,Wuschel,2022-08-02 14:11:30,14:10,4.0,Olympia,14.0,xAAAAPnannannannannannannannannannannannan,AAAAP,1,partner,AAAAPnannannannannannannannannannannannan,5
1332,1673,after_phees_2022-08-02_14-11-30_0000065_labelled_Wuschel_pheeseq_0000010.txt,x,A,A,y,,,,,,,,,,,,,,,after,phees,2022-08-02,14-11-30,Wuschel,2022-08-02 14:11:30,14:10,4.0,Olympia,15.0,xAAynannannannannannannannannannannannannannan,AA,1,partner,AAnannannannannannannannannannannannannannan,2
1333,1679,after_phees_2022-08-02_14-11-30_0000065_labelled_Wuschel_pheeseq_0000021.txt,x,A,A,A,P,P,P,P,,,,,,,,,,,after,phees,2022-08-02,14-11-30,Wuschel,2022-08-02 14:11:30,14:10,4.0,Olympia,21.0,xAAAPPPPnannannannannannannannannannan,AAAPPPP,1,partner,AAAPPPPnannannannannannannannannannan,7
1334,1680,after_phees_2022-08-02_14-11-30_0000065_labelled_Wuschel_pheeseq_0000009.txt,x,A,A,A,y,,,,,,,,,,,,,,after,phees,2022-08-02,14-11-30,Wuschel,2022-08-02 14:11:30,14:10,4.0,Olympia,22.0,xAAAynannannannannannannannannannannannannan,AAA,1,partner,AAAnannannannannannannannannannannannannan,3
1335,1681,after_phees_2022-08-02_14-11-30_0000065_labelled_Wuschel_pheeseq_0000020.txt,x,A,A,A,y,,,,,,,,,,,,,,after,phees,2022-08-02,14-11-30,Wuschel,2022-08-02 14:11:30,14:10,4.0,Olympia,23.0,xAAAynannannannannannannannannannannannannan,AAA,1,partner,AAAnannannannannannannannannannannannannan,3
1336,1683,after_phees_2022-08-02_14-11-30_0000065_labelled_Wuschel_pheeseq_0000023.txt,x,A,A,A,y,,,,,,,,,,,,,,after,phees,2022-08-02,14-11-30,Wuschel,2022-08-02 14:11:30,14:10,4.0,Olympia,25.0,xAAAynannannannannannannannannannannannannan,AAA,1,partner,AAAnannannannannannannannannannannannannan,3
1337,1684,after_phees_2022-08-02_14-11-30_0000065_labelled_Wuschel_pheeseq_0000027.txt,x,A,A,P,,,,,,,,,,,,,,,after,phees,2022-08-02,14-11-30,Wuschel,2022-08-02 14:11:30,14:10,4.0,Olympia,26.0,xAAPnannannannannannannannannannannannannannan,AAP,1,partner,AAPnannannannannannannannannannannannannannan,3
1338,1685,after_phees_2022-08-02_14-11-30_0000065_labelled_Wuschel_pheeseq_0000018.txt,x,A,A,P,,,,,,,,,,,,,,,after,phees,2022-08-02,14-11-30,Wuschel,2022-08-02 14:11:30,14:10,4.0,Olympia,27.0,xAAPnannannannannannannannannannannannannannan,AAP,1,partner,AAPnannannannannannannannannannannannannannan,3
1339,1686,after_phees_2022-08-02_14-11-30_0000065_labelled_Wuschel_pheeseq_0000030.txt,x,A,A,P,,,,,,,,,,,,,,,after,phees,2022-08-02,14-11-30,Wuschel,2022-08-02 14:11:30,14:10,4.0,Olympia,28.0,xAAPnannannannannannannannannannannannannannan,AAP,1,partner,AAPnannannannannannannannannannannannannannan,3
1340,1688,after_phees_2022-08-02_14-11-30_0000065_labelled_Wuschel_pheeseq_0000025.txt,x,A,A,y,,,,,,,,,,,,,,,after,phees,2022-08-02,14-11-30,Wuschel,2022-08-02 14:11:30,14:10,4.0,Olympia,30.0,xAAynannannannannannannannannannannannannannan,AA,1,partner,AAnannannannannannannannannannannannannannan,2
1341,1689,after_phees_2022-08-02_14-11-30_0000065_labelled_Wuschel_pheeseq_0000019.txt,x,A,A,A,y,,,,,,,,,,,,,,after,phees,2022-08-02,14-11-30,Wuschel,2022-08-02 14:11:30,14:10,4.0,Olympia,31.0,xAAAynannannannannannannannannannannannannan,AAA,1,partner,AAAnannannannannannannannannannannannannan,3
1342,1690,after_phees_2022-08-03_15-37-29_0000072_labelled_Nougatti_pheeseq_0000003.txt,x,A,A,A,y,,,,,,,,,,,,,,after,phees,2022-08-03,15-37-29,Nougatti,2022-08-03 15:37:29,15:35,5.0,Wuschel,1.0,xAAAynannannannannannannannannannannannannan,AAA,1,non-partner,AAAnannannannannannannannannannannannannan,3
1343,1691,after_phees_2022-08-03_15-37-29_0000072_labelled_Nougatti_pheeseq_0000002.txt,x,A,A,y,,,,,,,,,,,,,,,after,phees,2022-08-03,15-37-29,Nougatti,2022-08-03 15:37:29,15:35,5.0,Wuschel,2.0,xAAynannannannannannannannannannannannannannan,AA,1,non-partner,AAnannannannannannannannannannannannannannan,2
1344,1692,after_phees_2022-08-03_15-37-29_0000072_labelled_Nougatti_pheeseq_0000016.txt,x,A,A,y,,,,,,,,,,,,,,,after,phees,2022-08-03,15-37-29,Nougatti,2022-08-03 15:37:29,15:35,5.0,Wuschel,3.0,xAAynannannannannannannannannannannannannannan,AA,1,non-partner,AAnannannannannannannannannannannannannannan,2
1345,1693,after_phees_2022-08-03_15-37-29_0000072_labelled_Nougatti_pheeseq_0000028.txt,x,A,A,y,,,,,,,,,,,,,,,after,phees,2022-08-03,15-37-29,Nougatti,2022-08-03 15:37:29,15:35,5.0,Wuschel,4.0,xAAynannannannannannannannannannannannannannan,AA,3,non-partner,AAnannannannannannannannannannannannannannan,2
1346,1694,after_trills_2022-08-03_15-37-31_0000072_labelled_Nougatti_pheeseq_0000004.txt,x,A,A,P,,,,,,,,,,,,,,,after,trills,2022-08-03,15-37-31,Nougatti,2022-08-03 15:37:31,15:35,5.0,Wuschel,5.0,xAAPnannannannannannannannannannannannannannan,AAP,1,non-partner,AAPnannannannannannannannannannannannannannan,3
1347,1695,after_phees_2022-08-03_15-37-29_0000072_labelled_Nougatti_pheeseq_0000015.txt,,x,A,A,y,,,,,,,,,,,,,,after,phees,2022-08-03,15-37-29,Nougatti,2022-08-03 15:37:29,15:35,5.0,Wuschel,6.0,nanxAAynannannannannannannannannannannannannan,AA,1,non-partner,nanAAnannannannannannannannannannannannannan,2
1348,1696,after_phees_2022-08-03_15-37-29_0000072_labelled_Nougatti_pheeseq_0000029.txt,x,A,A,y,,,,,,,,,,,,,,,after,phees,2022-08-03,15-37-29,Nougatti,2022-08-03 15:37:29,15:35,5.0,Wuschel,7.0,xAAynannannannannannannannannannannannannannan,AA,3,non-partner,AAnannannannannannannannannannannannannannan,2
1349,1697,after_phees_2022-08-03_15-37-29_0000072_labelled_Nougatti_pheeseq_0000039.txt,x,A,P,A,y,,,,,,,,,,,,,,after,phees,2022-08-03,15-37-29,Nougatti,2022-08-03 15:37:29,15:35,5.0,Wuschel,8.0,xAPAynannannannannannannannannannannannannan,APA,3,non-partner,APAnannannannannannannannannannannannannan,3
1350,1698,after_phees_2022-08-03_15-37-29_0000072_labelled_Nougatti_pheeseq_0000038.txt,x,A,A,y,,,,,,,,,,,,,,,after,phees,2022-08-03,15-37-29,Nougatti,2022-08-03 15:37:29,15:35,5.0,Wuschel,9.0,xAAynannannannannannannannannannannannannannan,AA,3,non-partner,AAnannannannannannannannannannannannannannan,2
1351,1699,after_phees_2022-08-03_15-37-29_0000072_labelled_Nougatti_pheeseq_0000010.txt,P,A,A,A,P,,,,,,,,,,,,,,after,phees,2022-08-03,15-37-29,Nougatti,2022-08-03 15:37:29,15:35,5.0,Wuschel,10.0,PAAAPnannannannannannannannannannannannannan,PAAAP,1,non-partner,PAAAPnannannannannannannannannannannannannan,5
1352,1700,after_phees_2022-08-03_15-37-29_0000072_labelled_Nougatti_pheeseq_0000004.txt,x,A,A,y,,,,,,,,,,,,,,,after,phees,2022-08-03,15-37-29,Nougatti,2022-08-03 15:37:29,15:35,5.0,Wuschel,11.0,xAAynannannannannannannannannannannannannannan,AA,1,non-partner,AAnannannannannannannannannannannannannannan,2
1353,1701,after_phees_2022-08-03_15-37-29_0000072_labelled_Nougatti_pheeseq_0000006.txt,x,A,A,y,,,,,,,,,,,,,,,after,phees,2022-08-03,15-37-29,Nougatti,2022-08-03 15:37:29,15:35,5.0,Wuschel,12.0,xAAynannannannannannannannannannannannannannan,AA,1,non-partner,AAnannannannannannannannannannannannannannan,2
1354,1702,after_phees_2022-08-03_15-37-29_0000072_labelled_Nougatti_pheeseq_0000007.txt,T,K,K,K,T,A,A,A,P,,,,,,,,,,after,phees,2022-08-03,15-37-29,Nougatti,2022-08-03 15:37:29,15:35,5.0,Wuschel,13.0,TKKKTAAAPnannannannannannannannannan,TKKKTAAAP,1,non-partner,TKKKTAAAPnannannannannannannannannan,9
1355,1703,after_phees_2022-08-03_15-37-29_0000072_labelled_Nougatti_pheeseq_0000048.txt,x,A,A,y,,,,,,,,,,,,,,,after,phees,2022-08-03,15-37-29,Nougatti,2022-08-03 15:37:29,15:35,5.0,Wuschel,14.0,xAAynannannannannannannannannannannannannannan,AA,3,non-partner,AAnannannannannannannannannannannannannannan,2
1356,1704,after_phees_2022-08-03_15-37-29_0000072_labelled_Nougatti_pheeseq_0000041.txt,x,A,A,K,,,,,,,,,,,,,,,after,phees,2022-08-03,15-37-29,Nougatti,2022-08-03 15:37:29,15:35,5.0,Wuschel,15.0,xAAKnannannannannannannannannannannannannannan,AAK,3,non-partner,AAKnannannannannannannannannannannannannannan,3
1357,1706,after_phees_2022-08-03_15-37-29_0000072_labelled_Nougatti_pheeseq_0000040.txt,x,A,P,A,y,,,,,,,,,,,,,,after,phees,2022-08-03,15-37-29,Nougatti,2022-08-03 15:37:29,15:35,5.0,Wuschel,17.0,xAPAynannannannannannannannannannannannannan,APA,3,non-partner,APAnannannannannannannannannannannannannan,3
1358,1707,after_phees_2022-08-03_15-37-29_0000072_labelled_Nougatti_pheeseq_0000042.txt,x,A,A,P,,,,,,,,,,,,,,,after,phees,2022-08-03,15-37-29,Nougatti,2022-08-03 15:37:29,15:35,5.0,Wuschel,18.0,xAAPnannannannannannannannannannannannannannan,AAP,3,non-partner,AAPnannannannannannannannannannannannannannan,3
1359,1708,after_phees_2022-08-03_15-37-29_0000072_labelled_Nougatti_pheeseq_0000043.txt,x,A,A,y,,,,,,,,,,,,,,,after,phees,2022-08-03,15-37-29,Nougatti,2022-08-03 15:37:29,15:35,5.0,Wuschel,19.0,xAAynannannannannannannannannannannannannannan,AA,3,non-partner,AAnannannannannannannannannannannannannannan,2
1360,1709,after_phees_2022-08-03_15-37-29_0000072_labelled_Nougatti_pheeseq_0000053.txt,x,A,A,A,P,,,,,,,,,,,,,,after,phees,2022-08-03,15-37-29,Nougatti,2022-08-03 15:37:29,15:35,5.0,Wuschel,20.0,xAAAPnannannannannannannannannannannannannan,AAAP,3,non-partner,AAAPnannannannannannannannannannannannannan,4
1361,1710,after_phees_2022-08-03_15-37-29_0000072_labelled_Nougatti_pheeseq_0000050.txt,x,A,P,A,y,,,,,,,,,,,,,,after,phees,2022-08-03,15-37-29,Nougatti,2022-08-03 15:37:29,15:35,5.0,Wuschel,21.0,xAPAynannannannannannannannannannannannannan,APA,3,non-partner,APAnannannannannannannannannannannannannan,3
1362,1711,after_phees_2022-08-03_15-37-29_0000072_labelled_Nougatti_pheeseq_0000044.txt,x,A,A,y,,,,,,,,,,,,,,,after,phees,2022-08-03,15-37-29,Nougatti,2022-08-03 15:37:29,15:35,5.0,Wuschel,22.0,xAAynannannannannannannannannannannannannannan,AA,3,non-partner,AAnannannannannannannannannannannannannannan,2
1363,1712,after_phees_2022-08-03_15-37-29_0000072_labelled_Nougatti_pheeseq_0000045.txt,x,A,P,A,y,,,,,,,,,,,,,,after,phees,2022-08-03,15-37-29,Nougatti,2022-08-03 15:37:29,15:35,5.0,Wuschel,23.0,xAPAynannannannannannannannannannannannannan,APA,3,non-partner,APAnannannannannannannannannannannannannan,3
1364,1713,after_phees_2022-08-03_15-37-29_0000072_labelled_Nougatti_pheeseq_0000020.txt,P,P,A,A,A,A,P,,,,,,,,,,,,after,phees,2022-08-03,15-37-29,Nougatti,2022-08-03 15:37:29,15:35,5.0,Wuschel,24.0,PPAAAAPnannannannannannannannannannannan,PPAAAAP,1,non-partner,PPAAAAPnannannannannannannannannannannan,7
1365,1714,after_phees_2022-08-03_15-37-29_0000072_labelled_Nougatti_pheeseq_0000030.txt,x,A,A,y,,,,,,,,,,,,,,,after,phees,2022-08-03,15-37-29,Nougatti,2022-08-03 15:37:29,15:35,5.0,Wuschel,25.0,xAAynannannannannannannannannannannannannannan,AA,3,non-partner,AAnannannannannannannannannannannannannannan,2
1366,1715,after_phees_2022-08-03_15-37-29_0000072_labelled_Nougatti_pheeseq_0000018.txt,x,A,A,A,P,P,,,,,,,,,,,,,after,phees,2022-08-03,15-37-29,Nougatti,2022-08-03 15:37:29,15:35,5.0,Wuschel,26.0,xAAAPPnannannannannannannannannannannannan,AAAPP,1,non-partner,AAAPPnannannannannannannannannannannannan,5
1367,1716,after_phees_2022-08-03_15-37-29_0000072_labelled_Nougatti_pheeseq_0000019.txt,P,A,A,A,P,,,,,,,,,,,,,,after,phees,2022-08-03,15-37-29,Nougatti,2022-08-03 15:37:29,15:35,5.0,Wuschel,27.0,PAAAPnannannannannannannannannannannannannan,PAAAP,1,non-partner,PAAAPnannannannannannannannannannannannannan,5
1368,1717,after_phees_2022-08-03_15-37-29_0000072_labelled_Nougatti_pheeseq_0000031.txt,x,P,A,A,y,,,,,,,,,,,,,,after,phees,2022-08-03,15-37-29,Nougatti,2022-08-03 15:37:29,15:35,5.0,Wuschel,28.0,xPAAynannannannannannannannannannannannannan,PAA,3,non-partner,PAAnannannannannannannannannannannannannan,3
1369,1719,after_phees_2022-08-03_14-57-10_0000071_labelled_Odin_pheeseq_0000007.txt,x,A,A,A,y,,,,,,,,,,,,,,after,phees,2022-08-03,14-57-10,Odin,2022-08-03 14:57:10,14:55,4.0,Olympia,1.0,xAAAynannannannannannannannannannannannannan,AAA,1,non-partner,AAAnannannannannannannannannannannannannan,3
1370,1720,after_phees_2022-08-03_14-57-10_0000071_labelled_Odin_pheeseq_0000004.txt,x,A,A,A,A,y,,,,,,,,,,,,,after,phees,2022-08-03,14-57-10,Odin,2022-08-03 14:57:10,14:55,4.0,Olympia,2.0,xAAAAynannannannannannannannannannannannan,AAAA,1,non-partner,AAAAnannannannannannannannannannannannan,4
1371,1722,after_phees_2022-08-03_14-57-10_0000071_labelled_Odin_pheeseq_0000011.txt,x,A,P,P,A,A,A,P,A,y,,,,,,,,,after,phees,2022-08-03,14-57-10,Odin,2022-08-03 14:57:10,14:55,4.0,Olympia,4.0,xAPPAAAPAynannannannannannannannan,APPAAAPA,1,non-partner,APPAAAPAnannannannannannannannan,8
1372,1723,after_phees_2022-08-03_14-57-10_0000071_labelled_Odin_pheeseq_0000005.txt,x,A,P,A,A,A,y,,,,,,,,,,,,after,phees,2022-08-03,14-57-10,Odin,2022-08-03 14:57:10,14:55,4.0,Olympia,5.0,xAPAAAynannannannannannannannannannannan,APAAA,1,non-partner,APAAAnannannannannannannannannannannan,5
1373,1724,after_phees_2022-08-03_14-57-10_0000071_labelled_Odin_pheeseq_0000039.txt,x,A,A,A,y,,,,,,,,,,,,,,after,phees,2022-08-03,14-57-10,Odin,2022-08-03 14:57:10,14:55,4.0,Olympia,6.0,xAAAynannannannannannannannannannannannannan,AAA,3,non-partner,AAAnannannannannannannannannannannannannan,3
1374,1725,after_trills_2022-08-03_14-57-11_0000071_labelled_Odin_pheeseq_0000017.txt,x,A,A,y,,,,,,,,,,,,,,,after,trills,2022-08-03,14-57-11,Odin,2022-08-03 14:57:11,14:55,4.0,Olympia,8.0,xAAynannannannannannannannannannannannannannan,AA,3,non-partner,AAnannannannannannannannannannannannannannan,2
1375,1726,after_phees_2022-08-03_14-57-10_0000071_labelled_Odin_pheeseq_0000003.txt,x,A,A,y,,,,,,,,,,,,,,,after,phees,2022-08-03,14-57-10,Odin,2022-08-03 14:57:10,14:55,4.0,Olympia,9.0,xAAynannannannannannannannannannannannannannan,AA,1,non-partner,AAnannannannannannannannannannannannannannan,2
1376,1727,after_phees_2022-08-03_14-57-10_0000071_labelled_Odin_pheeseq_0000017.txt,x,A,A,A,y,,,,,,,,,,,,,,after,phees,2022-08-03,14-57-10,Odin,2022-08-03 14:57:10,14:55,4.0,Olympia,10.0,xAAAynannannannannannannannannannannannannan,AAA,1,non-partner,AAAnannannannannannannannannannannannannan,3
1377,1728,after_phees_2022-08-03_14-57-10_0000071_labelled_Odin_pheeseq_0000040.txt,x,A,P,A,A,A,y,,,,,,,,,,,,after,phees,2022-08-03,14-57-10,Odin,2022-08-03 14:57:10,14:55,4.0,Olympia,11.0,xAPAAAynannannannannannannannannannannan,APAAA,3,non-partner,APAAAnannannannannannannannannannannan,5
1378,1729,after_phees_2022-08-03_14-57-10_0000071_labelled_Odin_pheeseq_0000041.txt,x,A,A,A,A,y,,,,,,,,,,,,,after,phees,2022-08-03,14-57-10,Odin,2022-08-03 14:57:10,14:55,4.0,Olympia,12.0,xAAAAynannannannannannannannannannannannan,AAAA,3,non-partner,AAAAnannannannannannannannannannannannan,4
1379,1730,after_phees_2022-08-03_14-57-10_0000071_labelled_Odin_pheeseq_0000032.txt,x,A,A,y,,,,,,,,,,,,,,,after,phees,2022-08-03,14-57-10,Odin,2022-08-03 14:57:10,14:55,4.0,Olympia,13.0,xAAynannannannannannannannannannannannannannan,AA,3,non-partner,AAnannannannannannannannannannannannannannan,2
1380,1731,after_phees_2022-08-03_14-57-10_0000071_labelled_Odin_pheeseq_0000008.txt,x,A,P,P,A,A,A,y,,,,,,,,,,,after,phees,2022-08-03,14-57-10,Odin,2022-08-03 14:57:10,14:55,4.0,Olympia,16.0,xAPPAAAynannannannannannannannannannan,APPAAA,1,non-partner,APPAAAnannannannannannannannannannan,6
1381,1732,after_phees_2022-08-03_14-57-10_0000071_labelled_Odin_pheeseq_0000009.txt,x,A,A,A,A,y,,,,,,,,,,,,,after,phees,2022-08-03,14-57-10,Odin,2022-08-03 14:57:10,14:55,4.0,Olympia,17.0,xAAAAynannannannannannannannannannannannan,AAAA,1,non-partner,AAAAnannannannannannannannannannannannan,4
1382,1733,after_phees_2022-08-03_14-57-10_0000071_labelled_Odin_pheeseq_0000035.txt,x,A,A,A,y,,,,,,,,,,,,,,after,phees,2022-08-03,14-57-10,Odin,2022-08-03 14:57:10,14:55,4.0,Olympia,18.0,xAAAynannannannannannannannannannannannannan,AAA,3,non-partner,AAAnannannannannannannannannannannannannan,3
1383,1734,after_phees_2022-08-03_14-57-10_0000071_labelled_Odin_pheeseq_0000021.txt,x,A,A,y,,,,,,,,,,,,,,,after,phees,2022-08-03,14-57-10,Odin,2022-08-03 14:57:10,14:55,4.0,Olympia,19.0,xAAynannannannannannannannannannannannannannan,AA,1,non-partner,AAnannannannannannannannannannannannannannan,2
1384,1735,after_phees_2022-08-03_14-57-10_0000071_labelled_Odin_pheeseq_0000036.txt,x,A,P,P,A,y,,,,,,,,,,,,,after,phees,2022-08-03,14-57-10,Odin,2022-08-03 14:57:10,14:55,4.0,Olympia,20.0,xAPPAynannannannannannannannannannannannan,APPA,3,non-partner,APPAnannannannannannannannannannannannan,4
1385,1738,after_phees_2022-08-03_14-32-28_0000070_labelled_Tabor_pheeseq_0000041.txt,x,A,A,A,y,,,,,,,,,,,,,,after,phees,2022-08-03,14-32-28,Tabor,2022-08-03 14:32:28,14:30,5.0,Olympia,1.0,xAAAynannannannannannannannannannannannannan,AAA,3,non-partner,AAAnannannannannannannannannannannannannan,3
1386,1739,after_phees_2022-08-03_14-32-28_0000070_labelled_Tabor_pheeseq_0000040.txt,x,A,A,A,y,,,,,,,,,,,,,,after,phees,2022-08-03,14-32-28,Tabor,2022-08-03 14:32:28,14:30,5.0,Olympia,2.0,xAAAynannannannannannannannannannannannannan,AAA,3,non-partner,AAAnannannannannannannannannannannannannan,3
1387,1740,after_phees_2022-08-03_14-32-28_0000070_labelled_Tabor_pheeseq_0000042.txt,x,A,A,A,y,,,,,,,,,,,,,,after,phees,2022-08-03,14-32-28,Tabor,2022-08-03 14:32:28,14:30,5.0,Olympia,3.0,xAAAynannannannannannannannannannannannannan,AAA,3,non-partner,AAAnannannannannannannannannannannannannan,3
1388,1741,after_phees_2022-08-03_14-32-28_0000070_labelled_Tabor_pheeseq_0000043.txt,x,A,A,A,A,y,,,,,,,,,,,,,after,phees,2022-08-03,14-32-28,Tabor,2022-08-03 14:32:28,14:30,5.0,Olympia,4.0,xAAAAynannannannannannannannannannannannan,AAAA,3,non-partner,AAAAnannannannannannannannannannannannan,4
1389,1742,after_phees_2022-08-03_14-32-28_0000070_labelled_Tabor_pheeseq_0000047.txt,x,A,A,A,y,,,,,,,,,,,,,,after,phees,2022-08-03,14-32-28,Tabor,2022-08-03 14:32:28,14:30,5.0,Olympia,5.0,xAAAynannannannannannannannannannannannannan,AAA,3,non-partner,AAAnannannannannannannannannannannannannan,3
1390,1743,after_phees_2022-08-03_14-32-28_0000070_labelled_Tabor_pheeseq_0000046.txt,x,A,A,A,y,,,,,,,,,,,,,,after,phees,2022-08-03,14-32-28,Tabor,2022-08-03 14:32:28,14:30,5.0,Olympia,6.0,xAAAynannannannannannannannannannannannannan,AAA,3,non-partner,AAAnannannannannannannannannannannannannan,3
1391,1745,after_phees_2022-08-03_14-32-28_0000070_labelled_Tabor_pheeseq_0000050.txt,x,A,A,A,y,,,,,,,,,,,,,,after,phees,2022-08-03,14-32-28,Tabor,2022-08-03 14:32:28,14:30,5.0,Olympia,8.0,xAAAynannannannannannannannannannannannannan,AAA,3,non-partner,AAAnannannannannannannannannannannannannan,3
1392,1746,after_phees_2022-08-03_14-32-28_0000070_labelled_Tabor_pheeseq_0000051.txt,x,A,A,A,P,P,S,,,,,,,,,,,,after,phees,2022-08-03,14-32-28,Tabor,2022-08-03 14:32:28,14:30,5.0,Olympia,9.0,xAAAPPSnannannannannannannannannannannan,AAAPPS,3,non-partner,AAAPPSnannannannannannannannannannannan,6
1393,1747,after_phees_2022-08-03_14-32-28_0000070_labelled_Tabor_pheeseq_0000038.txt,x,A,A,y,,,,,,,,,,,,,,,after,phees,2022-08-03,14-32-28,Tabor,2022-08-03 14:32:28,14:30,5.0,Olympia,11.0,xAAynannannannannannannannannannannannannannan,AA,3,non-partner,AAnannannannannannannannannannannannannannan,2
1394,1748,after_phees_2022-08-03_14-32-28_0000070_labelled_Tabor_pheeseq_0000048.txt,x,A,A,A,y,,,,,,,,,,,,,,after,phees,2022-08-03,14-32-28,Tabor,2022-08-03 14:32:28,14:30,5.0,Olympia,12.0,xAAAynannannannannannannannannannannannannan,AAA,3,non-partner,AAAnannannannannannannannannannannannannan,3
1395,1749,after_phees_2022-08-03_14-32-28_0000070_labelled_Tabor_pheeseq_0000049.txt,x,A,A,A,P,S,,,,,,,,,,,,,after,phees,2022-08-03,14-32-28,Tabor,2022-08-03 14:32:28,14:30,5.0,Olympia,13.0,xAAAPSnannannannannannannannannannannannan,AAAPS,3,non-partner,AAAPSnannannannannannannannannannannannan,5
1396,1755,after_phees_2022-08-03_15-37-29_0000072_labelled_Wuschel_pheeseq_0000012.txt,x,A,A,y,,,,,,,,,,,,,,,after,phees,2022-08-03,15-37-29,Wuschel,2022-08-03 15:37:29,15:35,5.0,Nougatti,6.0,xAAynannannannannannannannannannannannannannan,AA,1,non-partner,AAnannannannannannannannannannannannannannan,2
1397,1756,after_phees_2022-08-03_15-37-29_0000072_labelled_Wuschel_pheeseq_0000013.txt,x,A,A,y,,,,,,,,,,,,,,,after,phees,2022-08-03,15-37-29,Wuschel,2022-08-03 15:37:29,15:35,5.0,Nougatti,7.0,xAAynannannannannannannannannannannannannannan,AA,1,non-partner,AAnannannannannannannannannannannannannannan,2
1398,1757,after_phees_2022-08-03_15-37-29_0000072_labelled_Wuschel_pheeseq_0000005.txt,x,A,A,y,,,,,,,,,,,,,,,after,phees,2022-08-03,15-37-29,Wuschel,2022-08-03 15:37:29,15:35,5.0,Nougatti,8.0,xAAynannannannannannannannannannannannannannan,AA,1,non-partner,AAnannannannannannannannannannannannannannan,2
1399,1758,after_phees_2022-08-03_15-37-29_0000072_labelled_Wuschel_pheeseq_0000014.txt,x,A,A,A,P,,,,,,,,,,,,,,after,phees,2022-08-03,15-37-29,Wuschel,2022-08-03 15:37:29,15:35,5.0,Nougatti,9.0,xAAAPnannannannannannannannannannannannannan,AAAP,1,non-partner,AAAPnannannannannannannannannannannannannan,4
1400,1761,after_phees_2022-08-04_10-08-00_0000075_labelled_Lola_pheeseq_0000044.txt,x,A,A,y,,,,,,,,,,,,,,,after,phees,2022-08-04,10-08-00,Lola,2022-08-04 10:08:00,10:10,5.0,Odin,1.0,xAAynannannannannannannannannannannannannannan,AA,3,non-partner,AAnannannannannannannannannannannannannannan,2
1401,1763,after_phees_2022-08-04_10-08-00_0000075_labelled_Lola_pheeseq_0000052.txt,x,A,A,y,,,,,,,,,,,,,,,after,phees,2022-08-04,10-08-00,Lola,2022-08-04 10:08:00,10:10,5.0,Odin,3.0,xAAynannannannannannannannannannannannannannan,AA,3,non-partner,AAnannannannannannannannannannannannannannan,2
1402,1764,after_phees_2022-08-04_10-08-00_0000075_labelled_Lola_pheeseq_0000053.txt,x,A,A,A,y,,,,,,,,,,,,,,after,phees,2022-08-04,10-08-00,Lola,2022-08-04 10:08:00,10:10,5.0,Odin,4.0,xAAAynannannannannannannannannannannannannan,AAA,3,non-partner,AAAnannannannannannannannannannannannannan,3
1403,1765,after_phees_2022-08-04_10-08-00_0000075_labelled_Lola_pheeseq_0000056.txt,x,A,A,P,P,S,,,,,,,,,,,,,after,phees,2022-08-04,10-08-00,Lola,2022-08-04 10:08:00,10:10,5.0,Odin,5.0,xAAPPSnannannannannannannannannannannannan,AAPPS,3,non-partner,AAPPSnannannannannannannannannannannannan,5
1404,1766,after_phees_2022-08-04_10-08-00_0000075_labelled_Lola_pheeseq_0000054.txt,x,A,A,A,y,,,,,,,,,,,,,,after,phees,2022-08-04,10-08-00,Lola,2022-08-04 10:08:00,10:10,5.0,Odin,6.0,xAAAynannannannannannannannannannannannannan,AAA,3,non-partner,AAAnannannannannannannannannannannannannan,3
1405,1767,after_phees_2022-08-04_10-08-00_0000075_labelled_Lola_pheeseq_0000055.txt,x,A,A,A,y,,,,,,,,,,,,,,after,phees,2022-08-04,10-08-00,Lola,2022-08-04 10:08:00,10:10,5.0,Odin,7.0,xAAAynannannannannannannannannannannannannan,AAA,3,non-partner,AAAnannannannannannannannannannannannannan,3
1406,1768,after_phees_2022-08-04_10-08-00_0000075_labelled_Lola_pheeseq_0000002.txt,x,A,A,y,,,,,,,,,,,,,,,after,phees,2022-08-04,10-08-00,Lola,2022-08-04 10:08:00,10:10,5.0,Odin,8.0,xAAynannannannannannannannannannannannannannan,AA,1,non-partner,AAnannannannannannannannannannannannannannan,2
1407,1770,after_phees_2022-08-04_10-49-31_0000076_labelled_Lola_pheeseq_0000045.txt,x,A,A,y,,,,,,,,,,,,,,,after,phees,2022-08-04,10-49-31,Lola,2022-08-04 10:49:31,10:50,6.0,Tabor,2.0,xAAynannannannannannannannannannannannannannan,AA,3,partner,AAnannannannannannannannannannannannannannan,2
1408,1771,after_phees_2022-08-04_10-49-31_0000076_labelled_Lola_pheeseq_0000046.txt,x,A,A,y,,,,,,,,,,,,,,,after,phees,2022-08-04,10-49-31,Lola,2022-08-04 10:49:31,10:50,6.0,Tabor,3.0,xAAynannannannannannannannannannannannannannan,AA,3,partner,AAnannannannannannannannannannannannannannan,2
1409,1777,after_phees_2022-08-04_09-19-19_0000073_labelled_Nougatti_pheeseq_0000023.txt,x,A,P,A,y,,,,,,,,,,,,,,after,phees,2022-08-04,09-19-19,Nougatti,2022-08-04 09:19:19,09:20,5.0,Tabor,3.0,xAPAynannannannannannannannannannannannannan,APA,3,non-partner,APAnannannannannannannannannannannannannan,3
1410,1778,after_phees_2022-08-04_09-19-19_0000073_labelled_Nougatti_pheeseq_0000024.txt,x,A,P,A,y,,,,,,,,,,,,,,after,phees,2022-08-04,09-19-19,Nougatti,2022-08-04 09:19:19,09:20,5.0,Tabor,4.0,xAPAynannannannannannannannannannannannannan,APA,3,non-partner,APAnannannannannannannannannannannannannan,3
1411,1779,after_phees_2022-08-04_09-19-19_0000073_labelled_Nougatti_pheeseq_0000025.txt,x,A,P,A,y,,,,,,,,,,,,,,after,phees,2022-08-04,09-19-19,Nougatti,2022-08-04 09:19:19,09:20,5.0,Tabor,5.0,xAPAynannannannannannannannannannannannannan,APA,3,non-partner,APAnannannannannannannannannannannannannan,3
1412,1780,after_trills_2022-08-04_09-19-20_0000073_labelled_Nougatti_pheeseq_0000002.txt,x,A,A,P,P,,,,,,,,,,,,,,after,trills,2022-08-04,09-19-20,Nougatti,2022-08-04 09:19:20,09:20,5.0,Tabor,6.0,xAAPPnannannannannannannannannannannannannan,AAPP,1,non-partner,AAPPnannannannannannannannannannannannannan,4
1413,1781,after_phees_2022-08-04_10-08-00_0000075_labelled_Odin_pheeseq_0000048.txt,x,A,A,A,y,,,,,,,,,,,,,,after,phees,2022-08-04,10-08-00,Odin,2022-08-04 10:08:00,10:10,5.0,Lola,1.0,xAAAynannannannannannannannannannannannannan,AAA,3,non-partner,AAAnannannannannannannannannannannannannan,3
1414,1782,after_phees_2022-08-04_10-08-00_0000075_labelled_Odin_pheeseq_0000049.txt,x,A,A,y,,,,,,,,,,,,,,,after,phees,2022-08-04,10-08-00,Odin,2022-08-04 10:08:00,10:10,5.0,Lola,2.0,xAAynannannannannannannannannannannannannannan,AA,3,non-partner,AAnannannannannannannannannannannannannannan,2
1415,1783,after_trills_2022-08-04_10-08-02_0000075_labelled_Odin_pheeseq_0000036.txt,x,R,A,A,y,,,,,,,,,,,,,,after,trills,2022-08-04,10-08-02,Odin,2022-08-04 10:08:02,10:10,5.0,Lola,3.0,xRAAynannannannannannannannannannannannannan,RAA,3,non-partner,RAAnannannannannannannannannannannannannan,3
1416,1784,after_trills_2022-08-04_10-08-02_0000075_labelled_Odin_pheeseq_0000032.txt,x,A,P,,,,,,,,,,,,,,,,after,trills,2022-08-04,10-08-02,Odin,2022-08-04 10:08:02,10:10,5.0,Lola,4.0,xAPnannannannannannannannannannannannannannannan,AP,3,non-partner,APnannannannannannannannannannannannannannannan,2
1417,1786,after_phees_2022-08-04_10-08-00_0000075_labelled_Odin_pheeseq_0000042.txt,x,A,A,y,,,,,,,,,,,,,,,after,phees,2022-08-04,10-08-00,Odin,2022-08-04 10:08:00,10:10,5.0,Lola,6.0,xAAynannannannannannannannannannannannannannan,AA,3,non-partner,AAnannannannannannannannannannannannannannan,2
1418,1787,after_phees_2022-08-04_10-08-00_0000075_labelled_Odin_pheeseq_0000043.txt,x,R,A,A,y,,,,,,,,,,,,,,after,phees,2022-08-04,10-08-00,Odin,2022-08-04 10:08:00,10:10,5.0,Lola,7.0,xRAAynannannannannannannannannannannannannan,RAA,3,non-partner,RAAnannannannannannannannannannannannannan,3
1419,1789,after_phees_2022-08-04_10-08-00_0000075_labelled_Odin_pheeseq_0000047.txt,x,A,A,y,,,,,,,,,,,,,,,after,phees,2022-08-04,10-08-00,Odin,2022-08-04 10:08:00,10:10,5.0,Lola,9.0,xAAynannannannannannannannannannannannannannan,AA,3,non-partner,AAnannannannannannannannannannannannannannan,2
1420,1790,after_phees_2022-08-04_10-08-00_0000075_labelled_Odin_pheeseq_0000046.txt,x,R,A,A,y,,,,,,,,,,,,,,after,phees,2022-08-04,10-08-00,Odin,2022-08-04 10:08:00,10:10,5.0,Lola,10.0,xRAAynannannannannannannannannannannannannan,RAA,3,non-partner,RAAnannannannannannannannannannannannannan,3
1421,1791,after_phees_2022-08-04_10-08-00_0000075_labelled_Odin_pheeseq_0000050.txt,x,A,A,y,,,,,,,,,,,,,,,after,phees,2022-08-04,10-08-00,Odin,2022-08-04 10:08:00,10:10,5.0,Lola,11.0,xAAynannannannannannannannannannannannannannan,AA,3,non-partner,AAnannannannannannannannannannannannannannan,2
1422,1792,after_phees_2022-08-04_10-08-00_0000075_labelled_Odin_pheeseq_0000045.txt,x,A,A,y,,,,,,,,,,,,,,,after,phees,2022-08-04,10-08-00,Odin,2022-08-04 10:08:00,10:10,5.0,Lola,12.0,xAAynannannannannannannannannannannannannannan,AA,3,non-partner,AAnannannannannannannannannannannannannannan,2
1423,1793,after_phees_2022-08-04_10-08-00_0000075_labelled_Odin_pheeseq_0000051.txt,x,A,P,,,,,,,,,,,,,,,,after,phees,2022-08-04,10-08-00,Odin,2022-08-04 10:08:00,10:10,5.0,Lola,13.0,xAPnannannannannannannannannannannannannannannan,AP,3,non-partner,APnannannannannannannannannannannannannannannan,2
1424,1794,after_trills_2022-08-04_09-45-02_0000074_labelled_Odin_pheeseq_0000028.txt,x,R,A,y,,,,,,,,,,,,,,,after,trills,2022-08-04,09-45-02,Odin,2022-08-04 09:45:02,09:45,5.0,Nougatti,1.0,xRAynannannannannannannannannannannannannannan,RA,3,partner,RAnannannannannannannannannannannannannannan,2
1425,1795,after_trills_2022-08-04_09-45-02_0000074_labelled_Odin_pheeseq_0000036.txt,x,R,A,y,,,,,,,,,,,,,,,after,trills,2022-08-04,09-45-02,Odin,2022-08-04 09:45:02,09:45,5.0,Nougatti,2.0,xRAynannannannannannannannannannannannannannan,RA,3,partner,RAnannannannannannannannannannannannannannan,2
1426,1797,after_trills_2022-08-04_10-49-33_0000076_labelled_Tabor_pheeseq_0000043.txt,P,A,A,P,P,,,,,,,,,,,,,,after,trills,2022-08-04,10-49-33,Tabor,2022-08-04 10:49:33,10:50,6.0,Lola,1.0,PAAPPnannannannannannannannannannannannannan,PAAPP,3,partner,PAAPPnannannannannannannannannannannannannan,5
1427,1799,after_trills_2022-08-04_10-49-33_0000076_labelled_Tabor_pheeseq_0000017.txt,x,A,A,P,P,,,,,,,,,,,,,,after,trills,2022-08-04,10-49-33,Tabor,2022-08-04 10:49:33,10:50,6.0,Lola,4.0,xAAPPnannannannannannannannannannannannannan,AAPP,1,partner,AAPPnannannannannannannannannannannannannan,4
1428,1800,after_trills_2022-08-04_10-49-33_0000076_labelled_Tabor_pheeseq_0000039.txt,P,A,A,A,P,,,,,,,,,,,,,,after,trills,2022-08-04,10-49-33,Tabor,2022-08-04 10:49:33,10:50,6.0,Lola,5.0,PAAAPnannannannannannannannannannannannannan,PAAAP,3,partner,PAAAPnannannannannannannannannannannannannan,5
1429,1801,after_phees_2022-08-04_09-19-19_0000073_labelled_Tabor_pheeseq_0000026.txt,x,A,A,A,y,,,,,,,,,,,,,,after,phees,2022-08-04,09-19-19,Tabor,2022-08-04 09:19:19,09:20,5.0,Nougatti,1.0,xAAAynannannannannannannannannannannannannan,AAA,3,non-partner,AAAnannannannannannannannannannannannannan,3
1430,1802,after_phees_2022-08-04_09-19-19_0000073_labelled_Tabor_pheeseq_0000009.txt,x,A,A,A,A,P,,,,,,,,,,,,,after,phees,2022-08-04,09-19-19,Tabor,2022-08-04 09:19:19,09:20,5.0,Nougatti,2.0,xAAAAPnannannannannannannannannannannannan,AAAAP,1,non-partner,AAAAPnannannannannannannannannannannannan,5
1431,1803,after_phees_2022-08-04_09-19-19_0000073_labelled_Tabor_pheeseq_0000008.txt,x,A,A,A,y,,,,,,,,,,,,,,after,phees,2022-08-04,09-19-19,Tabor,2022-08-04 09:19:19,09:20,5.0,Nougatti,3.0,xAAAynannannannannannannannannannannannannan,AAA,1,non-partner,AAAnannannannannannannannannannannannannan,3
1432,1804,after_phees_2022-08-04_09-19-19_0000073_labelled_Tabor_pheeseq_0000012.txt,x,A,P,P,A,A,P,y,,,,,,,,,,,after,phees,2022-08-04,09-19-19,Tabor,2022-08-04 09:19:19,09:20,5.0,Nougatti,4.0,xAPPAAPynannannannannannannannannannan,APPAAP,1,non-partner,APPAAPnannannannannannannannannannan,6
1433,1805,after_phees_2022-08-04_09-19-19_0000073_labelled_Tabor_pheeseq_0000006.txt,x,A,P,A,A,P,P,,,,,,,,,,,,after,phees,2022-08-04,09-19-19,Tabor,2022-08-04 09:19:19,09:20,5.0,Nougatti,5.0,xAPAAPPnannannannannannannannannannannan,APAAPP,1,non-partner,APAAPPnannannannannannannannannannannan,6
1434,1806,after_phees_2022-08-04_09-19-19_0000073_labelled_Tabor_pheeseq_0000007.txt,x,A,A,A,P,P,P,,,,,,,,,,,,after,phees,2022-08-04,09-19-19,Tabor,2022-08-04 09:19:19,09:20,5.0,Nougatti,6.0,xAAAPPPnannannannannannannannannannannan,AAAPPP,1,non-partner,AAAPPPnannannannannannannannannannannan,6
1435,1807,after_phees_2022-08-04_09-19-19_0000073_labelled_Tabor_pheeseq_0000005.txt,x,A,P,P,P,A,A,A,P,,,,,,,,,,after,phees,2022-08-04,09-19-19,Tabor,2022-08-04 09:19:19,09:20,5.0,Nougatti,7.0,xAPPPAAAPnannannannannannannannannan,APPPAAAP,1,non-partner,APPPAAAPnannannannannannannannannan,8
1436,1808,after_phees_2022-08-04_09-19-19_0000073_labelled_Tabor_pheeseq_0000010.txt,x,A,P,A,A,P,P,,,,,,,,,,,,after,phees,2022-08-04,09-19-19,Tabor,2022-08-04 09:19:19,09:20,5.0,Nougatti,9.0,xAPAAPPnannannannannannannannannannannan,APAAPP,1,non-partner,APAAPPnannannannannannannannannannannan,6
1437,1809,after_phees_2022-08-04_09-19-19_0000073_labelled_Tabor_pheeseq_0000003.txt,x,A,A,P,,,,,,,,,,,,,,,after,phees,2022-08-04,09-19-19,Tabor,2022-08-04 09:19:19,09:20,5.0,Nougatti,11.0,xAAPnannannannannannannannannannannannannannan,AAP,1,non-partner,AAPnannannannannannannannannannannannannannan,3
1438,1810,after_phees_2022-08-08_11-24-26_0000079_labelled_Lola_pheeseq_0000024.txt,x,A,A,P,P,P,P,,,,,,,,,,,,after,phees,2022-08-08,11-24-26,Lola,2022-08-08 11:24:26,11:25,6.0,Odin,1.0,xAAPPPPnannannannannannannannannannannan,AAPPPP,1,non-partner,AAPPPPnannannannannannannannannannannan,6
1439,1811,after_phees_2022-08-08_11-24-26_0000079_labelled_Lola_pheeseq_0000009.txt,x,A,A,y,,,,,,,,,,,,,,,after,phees,2022-08-08,11-24-26,Lola,2022-08-08 11:24:26,11:25,6.0,Odin,2.0,xAAynannannannannannannannannannannannannannan,AA,1,non-partner,AAnannannannannannannannannannannannannannan,2
1440,1812,after_phees_2022-08-08_11-24-26_0000079_labelled_Lola_pheeseq_0000022.txt,x,A,A,S,,,,,,,,,,,,,,,after,phees,2022-08-08,11-24-26,Lola,2022-08-08 11:24:26,11:25,6.0,Odin,3.0,xAASnannannannannannannannannannannannannannan,AAS,1,non-partner,AASnannannannannannannannannannannannannannan,3
1441,1813,after_phees_2022-08-08_11-24-26_0000079_labelled_Lola_pheeseq_0000023.txt,x,A,A,y,,,,,,,,,,,,,,,after,phees,2022-08-08,11-24-26,Lola,2022-08-08 11:24:26,11:25,6.0,Odin,4.0,xAAynannannannannannannannannannannannannannan,AA,1,non-partner,AAnannannannannannannannannannannannannannan,2
1442,1814,after_phees_2022-08-08_11-24-26_0000079_labelled_Lola_pheeseq_0000050.txt,x,A,A,y,,,,,,,,,,,,,,,after,phees,2022-08-08,11-24-26,Lola,2022-08-08 11:24:26,11:25,6.0,Odin,5.0,xAAynannannannannannannannannannannannannannan,AA,3,non-partner,AAnannannannannannannannannannannannannannan,2
1443,1815,after_phees_2022-08-08_11-24-26_0000079_labelled_Lola_pheeseq_0000057.txt,x,A,A,y,,,,,,,,,,,,,,,after,phees,2022-08-08,11-24-26,Lola,2022-08-08 11:24:26,11:25,6.0,Odin,6.0,xAAynannannannannannannannannannannannannannan,AA,3,non-partner,AAnannannannannannannannannannannannannannan,2
1444,1816,after_phees_2022-08-08_11-24-26_0000079_labelled_Lola_pheeseq_0000059.txt,x,A,A,P,S,,,,,,,,,,,,,,after,phees,2022-08-08,11-24-26,Lola,2022-08-08 11:24:26,11:25,6.0,Odin,7.0,xAAPSnannannannannannannannannannannannannan,AAPS,3,non-partner,AAPSnannannannannannannannannannannannannan,4
1445,1817,after_phees_2022-08-08_11-24-26_0000079_labelled_Lola_pheeseq_0000064.txt,x,A,A,P,P,P,,,,,,,,,,,,,after,phees,2022-08-08,11-24-26,Lola,2022-08-08 11:24:26,11:25,6.0,Odin,8.0,xAAPPPnannannannannannannannannannannannan,AAPPP,3,non-partner,AAPPPnannannannannannannannannannannannan,5
1446,1818,after_phees_2022-08-08_11-24-26_0000079_labelled_Lola_pheeseq_0000058.txt,x,A,A,A,y,,,,,,,,,,,,,,after,phees,2022-08-08,11-24-26,Lola,2022-08-08 11:24:26,11:25,6.0,Odin,9.0,xAAAynannannannannannannannannannannannannan,AAA,3,non-partner,AAAnannannannannannannannannannannannannan,3
1447,1819,after_phees_2022-08-08_11-24-26_0000079_labelled_Lola_pheeseq_0000067.txt,x,A,A,y,,,,,,,,,,,,,,,after,phees,2022-08-08,11-24-26,Lola,2022-08-08 11:24:26,11:25,6.0,Odin,10.0,xAAynannannannannannannannannannannannannannan,AA,3,non-partner,AAnannannannannannannannannannannannannannan,2
1448,1820,after_phees_2022-08-08_11-24-26_0000079_labelled_Lola_pheeseq_0000063.txt,x,A,A,P,P,,,,,,,,,,,,,,after,phees,2022-08-08,11-24-26,Lola,2022-08-08 11:24:26,11:25,6.0,Odin,11.0,xAAPPnannannannannannannannannannannannannan,AAPP,3,non-partner,AAPPnannannannannannannannannannannannannan,4
1449,1821,after_phees_2022-08-08_11-24-26_0000079_labelled_Lola_pheeseq_0000062.txt,x,A,A,y,,,,,,,,,,,,,,,after,phees,2022-08-08,11-24-26,Lola,2022-08-08 11:24:26,11:25,6.0,Odin,12.0,xAAynannannannannannannannannannannannannannan,AA,3,non-partner,AAnannannannannannannannannannannannannannan,2
1450,1822,after_phees_2022-08-08_11-24-26_0000079_labelled_Lola_pheeseq_0000060.txt,x,A,A,y,,,,,,,,,,,,,,,after,phees,2022-08-08,11-24-26,Lola,2022-08-08 11:24:26,11:25,6.0,Odin,13.0,xAAynannannannannannannannannannannannannannan,AA,3,non-partner,AAnannannannannannannannannannannannannannan,2
1451,1823,after_phees_2022-08-08_11-24-26_0000079_labelled_Lola_pheeseq_0000049.txt,x,A,A,y,,,,,,,,,,,,,,,after,phees,2022-08-08,11-24-26,Lola,2022-08-08 11:24:26,11:25,6.0,Odin,14.0,xAAynannannannannannannannannannannannannannan,AA,3,non-partner,AAnannannannannannannannannannannannannannan,2
1452,1824,after_phees_2022-08-08_11-24-26_0000079_labelled_Lola_pheeseq_0000012.txt,x,A,P,P,S,,,,,,,,,,,,,,after,phees,2022-08-08,11-24-26,Lola,2022-08-08 11:24:26,11:25,6.0,Odin,15.0,xAPPSnannannannannannannannannannannannannan,APPS,1,non-partner,APPSnannannannannannannannannannannannannan,4
1453,1825,after_phees_2022-08-08_11-24-26_0000079_labelled_Lola_pheeseq_0000013.txt,x,A,A,P,,,,,,,,,,,,,,,after,phees,2022-08-08,11-24-26,Lola,2022-08-08 11:24:26,11:25,6.0,Odin,16.0,xAAPnannannannannannannannannannannannannannan,AAP,1,non-partner,AAPnannannannannannannannannannannannannannan,3
1454,1826,after_phees_2022-08-08_11-24-26_0000079_labelled_Lola_pheeseq_0000007.txt,x,A,A,A,P,,,,,,,,,,,,,,after,phees,2022-08-08,11-24-26,Lola,2022-08-08 11:24:26,11:25,6.0,Odin,17.0,xAAAPnannannannannannannannannannannannannan,AAAP,1,non-partner,AAAPnannannannannannannannannannannannannan,4
1455,1827,after_phees_2022-08-08_11-24-26_0000079_labelled_Lola_pheeseq_0000011.txt,x,A,A,A,y,,,,,,,,,,,,,,after,phees,2022-08-08,11-24-26,Lola,2022-08-08 11:24:26,11:25,6.0,Odin,18.0,xAAAynannannannannannannannannannannannannan,AAA,1,non-partner,AAAnannannannannannannannannannannannannan,3
1456,1828,after_phees_2022-08-08_11-24-26_0000079_labelled_Lola_pheeseq_0000010.txt,x,A,A,P,,,,,,,,,,,,,,,after,phees,2022-08-08,11-24-26,Lola,2022-08-08 11:24:26,11:25,6.0,Odin,19.0,xAAPnannannannannannannannannannannannannannan,AAP,1,non-partner,AAPnannannannannannannannannannannannannannan,3
1457,1829,after_phees_2022-08-08_11-24-26_0000079_labelled_Lola_pheeseq_0000014.txt,x,A,A,P,P,,,,,,,,,,,,,,after,phees,2022-08-08,11-24-26,Lola,2022-08-08 11:24:26,11:25,6.0,Odin,20.0,xAAPPnannannannannannannannannannannannannan,AAPP,1,non-partner,AAPPnannannannannannannannannannannannannan,4
1458,1830,after_phees_2022-08-08_11-01-43_0000078_labelled_Lola_pheeseq_0000057.txt,x,A,A,y,,,,,,,,,,,,,,,after,phees,2022-08-08,11-01-43,Lola,2022-08-08 11:01:43,11:00,6.0,Wuschel,1.0,xAAynannannannannannannannannannannannannannan,AA,3,non-partner,AAnannannannannannannannannannannannannannan,2
1459,1831,after_phees_2022-08-08_11-01-43_0000078_labelled_Lola_pheeseq_0000043.txt,x,A,A,A,y,,,,,,,,,,,,,,after,phees,2022-08-08,11-01-43,Lola,2022-08-08 11:01:43,11:00,6.0,Wuschel,2.0,xAAAynannannannannannannannannannannannannan,AAA,3,non-partner,AAAnannannannannannannannannannannannannan,3
1460,1832,after_phees_2022-08-08_11-01-43_0000078_labelled_Lola_pheeseq_0000042.txt,x,A,A,y,,,,,,,,,,,,,,,after,phees,2022-08-08,11-01-43,Lola,2022-08-08 11:01:43,11:00,6.0,Wuschel,3.0,xAAynannannannannannannannannannannannannannan,AA,3,non-partner,AAnannannannannannannannannannannannannannan,2
1461,1833,after_phees_2022-08-08_11-01-43_0000078_labelled_Lola_pheeseq_0000056.txt,x,A,A,y,,,,,,,,,,,,,,,after,phees,2022-08-08,11-01-43,Lola,2022-08-08 11:01:43,11:00,6.0,Wuschel,4.0,xAAynannannannannannannannannannannannannannan,AA,3,non-partner,AAnannannannannannannannannannannannannannan,2
1462,1834,after_phees_2022-08-08_11-01-43_0000078_labelled_Lola_pheeseq_0000054.txt,x,A,A,A,P,,,,,,,,,,,,,,after,phees,2022-08-08,11-01-43,Lola,2022-08-08 11:01:43,11:00,6.0,Wuschel,5.0,xAAAPnannannannannannannannannannannannannan,AAAP,3,non-partner,AAAPnannannannannannannannannannannannannan,4
1463,1835,after_phees_2022-08-08_11-01-43_0000078_labelled_Lola_pheeseq_0000055.txt,x,A,A,A,P,,,,,,,,,,,,,,after,phees,2022-08-08,11-01-43,Lola,2022-08-08 11:01:43,11:00,6.0,Wuschel,6.0,xAAAPnannannannannannannannannannannannannan,AAAP,3,non-partner,AAAPnannannannannannannannannannannannannan,4
1464,1836,after_phees_2022-08-08_11-01-43_0000078_labelled_Lola_pheeseq_0000041.txt,x,A,A,y,,,,,,,,,,,,,,,after,phees,2022-08-08,11-01-43,Lola,2022-08-08 11:01:43,11:00,6.0,Wuschel,7.0,xAAynannannannannannannannannannannannannannan,AA,3,non-partner,AAnannannannannannannannannannannannannannan,2
1465,1837,after_phees_2022-08-08_11-01-43_0000078_labelled_Lola_pheeseq_0000052.txt,x,A,A,y,,,,,,,,,,,,,,,after,phees,2022-08-08,11-01-43,Lola,2022-08-08 11:01:43,11:00,6.0,Wuschel,8.0,xAAynannannannannannannannannannannannannannan,AA,3,non-partner,AAnannannannannannannannannannannannannannan,2
1466,1838,after_phees_2022-08-08_11-01-43_0000078_labelled_Lola_pheeseq_0000046.txt,x,A,A,A,y,,,,,,,,,,,,,,after,phees,2022-08-08,11-01-43,Lola,2022-08-08 11:01:43,11:00,6.0,Wuschel,9.0,xAAAynannannannannannannannannannannannannan,AAA,3,non-partner,AAAnannannannannannannannannannannannannan,3
1467,1839,after_phees_2022-08-08_11-01-43_0000078_labelled_Lola_pheeseq_0000047.txt,x,A,A,A,y,,,,,,,,,,,,,,after,phees,2022-08-08,11-01-43,Lola,2022-08-08 11:01:43,11:00,6.0,Wuschel,10.0,xAAAynannannannannannannannannannannannannan,AAA,3,non-partner,AAAnannannannannannannannannannannannannan,3
1468,1840,after_phees_2022-08-08_11-01-43_0000078_labelled_Lola_pheeseq_0000053.txt,x,A,A,S,,,,,,,,,,,,,,,after,phees,2022-08-08,11-01-43,Lola,2022-08-08 11:01:43,11:00,6.0,Wuschel,11.0,xAASnannannannannannannannannannannannannannan,AAS,3,non-partner,AASnannannannannannannannannannannannannannan,3
1469,1841,after_phees_2022-08-08_11-01-43_0000078_labelled_Lola_pheeseq_0000021.txt,x,A,A,A,P,,,,,,,,,,,,,,after,phees,2022-08-08,11-01-43,Lola,2022-08-08 11:01:43,11:00,6.0,Wuschel,13.0,xAAAPnannannannannannannannannannannannannan,AAAP,1,non-partner,AAAPnannannannannannannannannannannannannan,4
1470,1842,after_phees_2022-08-08_11-01-43_0000078_labelled_Lola_pheeseq_0000024.txt,x,A,A,A,y,,,,,,,,,,,,,,after,phees,2022-08-08,11-01-43,Lola,2022-08-08 11:01:43,11:00,6.0,Wuschel,15.0,xAAAynannannannannannannannannannannannannan,AAA,1,non-partner,AAAnannannannannannannannannannannannannan,3
1471,1843,after_phees_2022-08-08_11-01-43_0000078_labelled_Lola_pheeseq_0000030.txt,x,A,A,A,P,,,,,,,,,,,,,,after,phees,2022-08-08,11-01-43,Lola,2022-08-08 11:01:43,11:00,6.0,Wuschel,16.0,xAAAPnannannannannannannannannannannannannan,AAAP,1,non-partner,AAAPnannannannannannannannannannannannannan,4
1472,1844,after_phees_2022-08-08_11-01-43_0000078_labelled_Lola_pheeseq_0000029.txt,x,A,A,A,P,S,,,,,,,,,,,,,after,phees,2022-08-08,11-01-43,Lola,2022-08-08 11:01:43,11:00,6.0,Wuschel,17.0,xAAAPSnannannannannannannannannannannannan,AAAPS,1,non-partner,AAAPSnannannannannannannannannannannannan,5
1473,1845,after_phees_2022-08-08_11-01-43_0000078_labelled_Lola_pheeseq_0000015.txt,x,A,A,P,P,,,,,,,,,,,,,,after,phees,2022-08-08,11-01-43,Lola,2022-08-08 11:01:43,11:00,6.0,Wuschel,18.0,xAAPPnannannannannannannannannannannannannan,AAPP,1,non-partner,AAPPnannannannannannannannannannannannannan,4
1474,1846,after_phees_2022-08-08_11-01-43_0000078_labelled_Lola_pheeseq_0000014.txt,x,A,A,A,P,P,,,,,,,,,,,,,after,phees,2022-08-08,11-01-43,Lola,2022-08-08 11:01:43,11:00,6.0,Wuschel,19.0,xAAAPPnannannannannannannannannannannannan,AAAPP,1,non-partner,AAAPPnannannannannannannannannannannannan,5
1475,1847,after_phees_2022-08-08_11-01-43_0000078_labelled_Lola_pheeseq_0000002.txt,x,A,A,y,,,,,,,,,,,,,,,after,phees,2022-08-08,11-01-43,Lola,2022-08-08 11:01:43,11:00,6.0,Wuschel,20.0,xAAynannannannannannannannannannannannannannan,AA,1,non-partner,AAnannannannannannannannannannannannannannan,2
1476,1848,after_phees_2022-08-08_11-01-43_0000078_labelled_Lola_pheeseq_0000016.txt,x,A,A,y,,,,,,,,,,,,,,,after,phees,2022-08-08,11-01-43,Lola,2022-08-08 11:01:43,11:00,6.0,Wuschel,21.0,xAAynannannannannannannannannannannannannannan,AA,1,non-partner,AAnannannannannannannannannannannannannannan,2
1477,1849,after_phees_2022-08-08_11-01-43_0000078_labelled_Lola_pheeseq_0000003.txt,x,A,A,y,,,,,,,,,,,,,,,after,phees,2022-08-08,11-01-43,Lola,2022-08-08 11:01:43,11:00,6.0,Wuschel,23.0,xAAynannannannannannannannannannannannannannan,AA,1,non-partner,AAnannannannannannannannannannannannannannan,2
1478,1850,after_phees_2022-08-08_11-01-43_0000078_labelled_Lola_pheeseq_0000007.txt,x,A,A,y,,,,,,,,,,,,,,,after,phees,2022-08-08,11-01-43,Lola,2022-08-08 11:01:43,11:00,6.0,Wuschel,24.0,xAAynannannannannannannannannannannannannannan,AA,1,non-partner,AAnannannannannannannannannannannannannannan,2
1479,1851,after_phees_2022-08-08_11-01-43_0000078_labelled_Lola_pheeseq_0000013.txt,x,A,A,A,P,,,,,,,,,,,,,,after,phees,2022-08-08,11-01-43,Lola,2022-08-08 11:01:43,11:00,6.0,Wuschel,25.0,xAAAPnannannannannannannannannannannannannan,AAAP,1,non-partner,AAAPnannannannannannannannannannannannannan,4
1480,1852,after_phees_2022-08-08_11-01-43_0000078_labelled_Lola_pheeseq_0000012.txt,x,A,A,P,S,,,,,,,,,,,,,,after,phees,2022-08-08,11-01-43,Lola,2022-08-08 11:01:43,11:00,6.0,Wuschel,26.0,xAAPSnannannannannannannannannannannannannan,AAPS,1,non-partner,AAPSnannannannannannannannannannannannannan,4
1481,1853,after_phees_2022-08-08_11-01-43_0000078_labelled_Lola_pheeseq_0000004.txt,x,A,A,K,,,,,,,,,,,,,,,after,phees,2022-08-08,11-01-43,Lola,2022-08-08 11:01:43,11:00,6.0,Wuschel,27.0,xAAKnannannannannannannannannannannannannannan,AAK,1,non-partner,AAKnannannannannannannannannannannannannannan,3
1482,1854,after_phees_2022-08-08_11-01-43_0000078_labelled_Lola_pheeseq_0000005.txt,x,A,A,A,y,,,,,,,,,,,,,,after,phees,2022-08-08,11-01-43,Lola,2022-08-08 11:01:43,11:00,6.0,Wuschel,29.0,xAAAynannannannannannannannannannannannannan,AAA,1,non-partner,AAAnannannannannannannannannannannannannan,3
1483,1855,after_phees_2022-08-08_11-01-43_0000078_labelled_Lola_pheeseq_0000058.txt,x,A,A,y,,,,,,,,,,,,,,,after,phees,2022-08-08,11-01-43,Lola,2022-08-08 11:01:43,11:00,6.0,Wuschel,30.0,xAAynannannannannannannannannannannannannannan,AA,3,non-partner,AAnannannannannannannannannannannannannannan,2
1484,1856,after_phees_2022-08-08_11-01-43_0000078_labelled_Lola_pheeseq_0000059.txt,x,A,A,y,,,,,,,,,,,,,,,after,phees,2022-08-08,11-01-43,Lola,2022-08-08 11:01:43,11:00,6.0,Wuschel,31.0,xAAynannannannannannannannannannannannannannan,AA,3,non-partner,AAnannannannannannannannannannannannannannan,2
1485,1857,after_phees_2022-08-08_14-38-44_0000083_labelled_Nougatti_pheeseq_0000041.txt,x,A,P,A,y,,,,,,,,,,,,,,after,phees,2022-08-08,14-38-44,Nougatti,2022-08-08 14:38:44,14:40,6.0,Odin,1.0,xAPAynannannannannannannannannannannannannan,APA,3,partner,APAnannannannannannannannannannannannannan,3
1486,1858,after_phees_2022-08-08_14-38-44_0000083_labelled_Nougatti_pheeseq_0000040.txt,x,A,P,A,y,,,,,,,,,,,,,,after,phees,2022-08-08,14-38-44,Nougatti,2022-08-08 14:38:44,14:40,6.0,Odin,2.0,xAPAynannannannannannannannannannannannannan,APA,3,partner,APAnannannannannannannannannannannannannan,3
1487,1859,after_trills_2022-08-08_14-38-46_0000083_labelled_Nougatti_pheeseq_0000057.txt,x,A,A,P,P,,,,,,,,,,,,,,after,trills,2022-08-08,14-38-46,Nougatti,2022-08-08 14:38:46,14:40,6.0,Odin,3.0,xAAPPnannannannannannannannannannannannannan,AAPP,3,partner,AAPPnannannannannannannannannannannannannan,4
1488,1860,after_phees_2022-08-08_14-38-44_0000083_labelled_Nougatti_pheeseq_0000043.txt,x,A,P,A,y,,,,,,,,,,,,,,after,phees,2022-08-08,14-38-44,Nougatti,2022-08-08 14:38:44,14:40,6.0,Odin,4.0,xAPAynannannannannannannannannannannannannan,APA,3,partner,APAnannannannannannannannannannannannannan,3
1489,1861,after_phees_2022-08-08_14-38-44_0000083_labelled_Nougatti_pheeseq_0000046.txt,x,A,A,y,,,,,,,,,,,,,,,after,phees,2022-08-08,14-38-44,Nougatti,2022-08-08 14:38:44,14:40,6.0,Odin,5.0,xAAynannannannannannannannannannannannannannan,AA,3,partner,AAnannannannannannannannannannannannannannan,2
1490,1862,after_phees_2022-08-08_14-38-44_0000083_labelled_Nougatti_pheeseq_0000044.txt,x,A,P,A,K,,,,,,,,,,,,,,after,phees,2022-08-08,14-38-44,Nougatti,2022-08-08 14:38:44,14:40,6.0,Odin,6.0,xAPAKnannannannannannannannannannannannannan,APAK,3,partner,APAKnannannannannannannannannannannannannan,4
1491,1863,after_phees_2022-08-08_14-38-44_0000083_labelled_Nougatti_pheeseq_0000045.txt,x,A,A,y,,,,,,,,,,,,,,,after,phees,2022-08-08,14-38-44,Nougatti,2022-08-08 14:38:44,14:40,6.0,Odin,7.0,xAAynannannannannannannannannannannannannannan,AA,3,partner,AAnannannannannannannannannannannannannannan,2
1492,1864,after_phees_2022-08-08_14-38-44_0000083_labelled_Nougatti_pheeseq_0000022.txt,x,A,A,y,,,,,,,,,,,,,,,after,phees,2022-08-08,14-38-44,Nougatti,2022-08-08 14:38:44,14:40,6.0,Odin,8.0,xAAynannannannannannannannannannannannannannan,AA,1,partner,AAnannannannannannannannannannannannannannan,2
1493,1866,after_phees_2022-08-08_14-38-44_0000083_labelled_Nougatti_pheeseq_0000037.txt,x,A,P,A,y,,,,,,,,,,,,,,after,phees,2022-08-08,14-38-44,Nougatti,2022-08-08 14:38:44,14:40,6.0,Odin,10.0,xAPAynannannannannannannannannannannannannan,APA,3,partner,APAnannannannannannannannannannannannannan,3
1494,1867,after_phees_2022-08-08_14-38-44_0000083_labelled_Nougatti_pheeseq_0000023.txt,x,A,P,A,y,,,,,,,,,,,,,,after,phees,2022-08-08,14-38-44,Nougatti,2022-08-08 14:38:44,14:40,6.0,Odin,11.0,xAPAynannannannannannannannannannannannannan,APA,1,partner,APAnannannannannannannannannannannannannan,3
1495,1869,after_phees_2022-08-08_14-38-44_0000083_labelled_Nougatti_pheeseq_0000020.txt,x,A,A,y,,,,,,,,,,,,,,,after,phees,2022-08-08,14-38-44,Nougatti,2022-08-08 14:38:44,14:40,6.0,Odin,13.0,xAAynannannannannannannannannannannannannannan,AA,1,partner,AAnannannannannannannannannannannannannannan,2
1496,1870,after_phees_2022-08-08_14-38-44_0000083_labelled_Nougatti_pheeseq_0000008.txt,x,A,A,P,,,,,,,,,,,,,,,after,phees,2022-08-08,14-38-44,Nougatti,2022-08-08 14:38:44,14:40,6.0,Odin,14.0,xAAPnannannannannannannannannannannannannannan,AAP,1,partner,AAPnannannannannannannannannannannannannannan,3
1497,1871,after_phees_2022-08-08_14-38-44_0000083_labelled_Nougatti_pheeseq_0000024.txt,x,A,A,y,,,,,,,,,,,,,,,after,phees,2022-08-08,14-38-44,Nougatti,2022-08-08 14:38:44,14:40,6.0,Odin,15.0,xAAynannannannannannannannannannannannannannan,AA,1,partner,AAnannannannannannannannannannannannannannan,2
1498,1872,after_phees_2022-08-08_14-38-44_0000083_labelled_Nougatti_pheeseq_0000019.txt,x,A,P,A,y,,,,,,,,,,,,,,after,phees,2022-08-08,14-38-44,Nougatti,2022-08-08 14:38:44,14:40,6.0,Odin,16.0,xAPAynannannannannannannannannannannannannan,APA,1,partner,APAnannannannannannannannannannannannannan,3
1499,1873,after_phees_2022-08-08_14-38-44_0000083_labelled_Nougatti_pheeseq_0000025.txt,x,A,A,A,y,,,,,,,,,,,,,,after,phees,2022-08-08,14-38-44,Nougatti,2022-08-08 14:38:44,14:40,6.0,Odin,17.0,xAAAynannannannannannannannannannannannannan,AAA,1,partner,AAAnannannannannannannannannannannannannan,3
1500,1874,after_phees_2022-08-08_14-38-44_0000083_labelled_Nougatti_pheeseq_0000016.txt,x,A,A,y,,,,,,,,,,,,,,,after,phees,2022-08-08,14-38-44,Nougatti,2022-08-08 14:38:44,14:40,6.0,Odin,18.0,xAAynannannannannannannannannannannannannannan,AA,1,partner,AAnannannannannannannannannannannannannannan,2
1501,1876,after_trills_2022-08-08_14-38-46_0000083_labelled_Nougatti_pheeseq_0000005.txt,x,A,A,P,P,,,,,,,,,,,,,,after,trills,2022-08-08,14-38-46,Nougatti,2022-08-08 14:38:46,14:40,6.0,Odin,20.0,xAAPPnannannannannannannannannannannannannan,AAPP,1,partner,AAPPnannannannannannannannannannannannannan,4
1502,1877,after_phees_2022-08-08_14-38-44_0000083_labelled_Nougatti_pheeseq_0000038.txt,S,S,A,A,A,P,,,,,,,,,,,,,after,phees,2022-08-08,14-38-44,Nougatti,2022-08-08 14:38:44,14:40,6.0,Odin,21.0,SSAAAPnannannannannannannannannannannannan,SSAAAP,3,partner,SSAAAPnannannannannannannannannannannannan,6
1503,1878,after_trills_2022-08-08_14-38-46_0000083_labelled_Nougatti_pheeseq_0000077.txt,x,A,A,P,,,,,,,,,,,,,,,after,trills,2022-08-08,14-38-46,Nougatti,2022-08-08 14:38:46,14:40,6.0,Odin,22.0,xAAPnannannannannannannannannannannannannannan,AAP,3,partner,AAPnannannannannannannannannannannannannannan,3
1504,1879,after_trills_2022-08-08_14-38-46_0000083_labelled_Nougatti_pheeseq_0000073.txt,x,A,P,,,,,,,,,,,,,,,,after,trills,2022-08-08,14-38-46,Nougatti,2022-08-08 14:38:46,14:40,6.0,Odin,23.0,xAPnannannannannannannannannannannannannannannan,AP,3,partner,APnannannannannannannannannannannannannannannan,2
1505,1880,after_phees_2022-08-08_13-21-22_0000080_labelled_Nougatti_pheeseq_0000050.txt,x,A,A,A,P,,,,,,,,,,,,,,after,phees,2022-08-08,13-21-22,Nougatti,2022-08-08 13:21:22,13:20,6.0,Tabor,1.0,xAAAPnannannannannannannannannannannannannan,AAAP,3,non-partner,AAAPnannannannannannannannannannannannannan,4
1506,1882,after_phees_2022-08-08_13-21-22_0000080_labelled_Nougatti_pheeseq_0000009.txt,x,A,A,A,y,,,,,,,,,,,,,,after,phees,2022-08-08,13-21-22,Nougatti,2022-08-08 13:21:22,13:20,6.0,Tabor,3.0,xAAAynannannannannannannannannannannannannan,AAA,1,non-partner,AAAnannannannannannannannannannannannannan,3
1507,1883,after_phees_2022-08-08_13-21-22_0000080_labelled_Nougatti_pheeseq_0000021.txt,x,A,A,A,P,P,P,,,,,,,,,,,,after,phees,2022-08-08,13-21-22,Nougatti,2022-08-08 13:21:22,13:20,6.0,Tabor,4.0,xAAAPPPnannannannannannannannannannannan,AAAPPP,1,non-partner,AAAPPPnannannannannannannannannannannan,6
1508,1885,after_phees_2022-08-08_13-21-22_0000080_labelled_Nougatti_pheeseq_0000020.txt,x,A,A,A,y,,,,,,,,,,,,,,after,phees,2022-08-08,13-21-22,Nougatti,2022-08-08 13:21:22,13:20,6.0,Tabor,6.0,xAAAynannannannannannannannannannannannannan,AAA,1,non-partner,AAAnannannannannannannannannannannannannan,3
1509,1886,after_phees_2022-08-08_13-21-22_0000080_labelled_Nougatti_phee_0000044.txt,x,A,A,K,,,,,,,,,,,,,,,after,phees,2022-08-08,13-21-22,Nougatti,2022-08-08 13:21:22,13:20,6.0,Tabor,7.0,xAAKnannannannannannannannannannannannannannan,AAK,3,non-partner,AAKnannannannannannannannannannannannannannan,3
1510,1887,after_phees_2022-08-08_13-21-22_0000080_labelled_Nougatti_pheeseq_0000022.txt,x,A,A,S,,,,,,,,,,,,,,,after,phees,2022-08-08,13-21-22,Nougatti,2022-08-08 13:21:22,13:20,6.0,Tabor,8.0,xAASnannannannannannannannannannannannannannan,AAS,1,non-partner,AASnannannannannannannannannannannannannannan,3
1511,1888,after_phees_2022-08-08_13-21-22_0000080_labelled_Nougatti_pheeseq_0000023.txt,x,A,P,A,y,,,,,,,,,,,,,,after,phees,2022-08-08,13-21-22,Nougatti,2022-08-08 13:21:22,13:20,6.0,Tabor,9.0,xAPAynannannannannannannannannannannannannan,APA,1,non-partner,APAnannannannannannannannannannannannannan,3
1512,1889,after_phees_2022-08-08_13-21-22_0000080_labelled_Nougatti_phee_0000045.txt,x,A,A,y,,,,,,,,,,,,,,,after,phees,2022-08-08,13-21-22,Nougatti,2022-08-08 13:21:22,13:20,6.0,Tabor,10.0,xAAynannannannannannannannannannannannannannan,AA,3,non-partner,AAnannannannannannannannannannannannannannan,2
1513,1890,after_phees_2022-08-08_13-21-22_0000080_labelled_Nougatti_phee_0000041.txt,x,A,A,K,,,,,,,,,,,,,,,after,phees,2022-08-08,13-21-22,Nougatti,2022-08-08 13:21:22,13:20,6.0,Tabor,11.0,xAAKnannannannannannannannannannannannannannan,AAK,3,non-partner,AAKnannannannannannannannannannannannannannan,3
1514,1891,after_phees_2022-08-08_13-21-22_0000080_labelled_Nougatti_pheeseq_0000033.txt,x,A,A,y,,,,,,,,,,,,,,,after,phees,2022-08-08,13-21-22,Nougatti,2022-08-08 13:21:22,13:20,6.0,Tabor,12.0,xAAynannannannannannannannannannannannannannan,AA,3,non-partner,AAnannannannannannannannannannannannannannan,2
1515,1892,after_phees_2022-08-08_13-21-22_0000080_labelled_Nougatti_pheeseq_0000032.txt,x,A,A,y,,,,,,,,,,,,,,,after,phees,2022-08-08,13-21-22,Nougatti,2022-08-08 13:21:22,13:20,6.0,Tabor,13.0,xAAynannannannannannannannannannannannannannan,AA,3,non-partner,AAnannannannannannannannannannannannannannan,2
1516,1893,after_phees_2022-08-08_13-21-22_0000080_labelled_Nougatti_phee_0000040.txt,x,A,A,y,,,,,,,,,,,,,,,after,phees,2022-08-08,13-21-22,Nougatti,2022-08-08 13:21:22,13:20,6.0,Tabor,14.0,xAAynannannannannannannannannannannannannannan,AA,3,non-partner,AAnannannannannannannannannannannannannannan,2
1517,1894,after_phees_2022-08-08_13-21-22_0000080_labelled_Nougatti_pheeseq_0000024.txt,x,A,A,y,,,,,,,,,,,,,,,after,phees,2022-08-08,13-21-22,Nougatti,2022-08-08 13:21:22,13:20,6.0,Tabor,15.0,xAAynannannannannannannannannannannannannannan,AA,1,non-partner,AAnannannannannannannannannannannannannannan,2
1518,1895,after_phees_2022-08-08_13-21-22_0000080_labelled_Nougatti_phee_0000042.txt,x,A,P,A,y,,,,,,,,,,,,,,after,phees,2022-08-08,13-21-22,Nougatti,2022-08-08 13:21:22,13:20,6.0,Tabor,16.0,xAPAynannannannannannannannannannannannannan,APA,3,non-partner,APAnannannannannannannannannannannannannan,3
1519,1896,after_phees_2022-08-08_13-21-22_0000080_labelled_Nougatti_pheeseq_0000019.txt,x,A,A,A,P,P,,,,,,,,,,,,,after,phees,2022-08-08,13-21-22,Nougatti,2022-08-08 13:21:22,13:20,6.0,Tabor,17.0,xAAAPPnannannannannannannannannannannannan,AAAPP,1,non-partner,AAAPPnannannannannannannannannannannannan,5
1520,1897,after_phees_2022-08-08_13-21-22_0000080_labelled_Nougatti_phee_0000043.txt,x,P,A,K,,,,,,,,,,,,,,,after,phees,2022-08-08,13-21-22,Nougatti,2022-08-08 13:21:22,13:20,6.0,Tabor,18.0,xPAKnannannannannannannannannannannannannannan,PAK,3,non-partner,PAKnannannannannannannannannannannannannannan,3
1521,1899,after_phees_2022-08-08_13-21-22_0000080_labelled_Nougatti_pheeseq_0000005.txt,x,A,P,A,y,,,,,,,,,,,,,,after,phees,2022-08-08,13-21-22,Nougatti,2022-08-08 13:21:22,13:20,6.0,Tabor,21.0,xAPAynannannannannannannannannannannannannan,APA,1,non-partner,APAnannannannannannannannannannannannannan,3
1522,1900,after_phees_2022-08-08_13-21-22_0000080_labelled_Nougatti_pheeseq_0000010.txt,x,A,P,A,A,y,,,,,,,,,,,,,after,phees,2022-08-08,13-21-22,Nougatti,2022-08-08 13:21:22,13:20,6.0,Tabor,22.0,xAPAAynannannannannannannannannannannannan,APAA,1,non-partner,APAAnannannannannannannannannannannannan,4
1523,1901,after_phees_2022-08-08_13-21-22_0000080_labelled_Nougatti_phee_0000039.txt,x,A,A,y,,,,,,,,,,,,,,,after,phees,2022-08-08,13-21-22,Nougatti,2022-08-08 13:21:22,13:20,6.0,Tabor,23.0,xAAynannannannannannannannannannannannannannan,AA,3,non-partner,AAnannannannannannannannannannannannannannan,2
1524,1902,after_phees_2022-08-08_13-21-22_0000080_labelled_Nougatti_phee_0000038.txt,x,A,A,y,,,,,,,,,,,,,,,after,phees,2022-08-08,13-21-22,Nougatti,2022-08-08 13:21:22,13:20,6.0,Tabor,24.0,xAAynannannannannannannannannannannannannannan,AA,3,non-partner,AAnannannannannannannannannannannannannannan,2
1525,1903,after_phees_2022-08-08_13-21-22_0000080_labelled_Nougatti_pheeseq_0000048.txt,x,A,A,y,,,,,,,,,,,,,,,after,phees,2022-08-08,13-21-22,Nougatti,2022-08-08 13:21:22,13:20,6.0,Tabor,25.0,xAAynannannannannannannannannannannannannannan,AA,3,non-partner,AAnannannannannannannannannannannannannannan,2
1526,1904,after_phees_2022-08-08_13-21-22_0000080_labelled_Nougatti_pheeseq_0000049.txt,x,A,A,K,,,,,,,,,,,,,,,after,phees,2022-08-08,13-21-22,Nougatti,2022-08-08 13:21:22,13:20,6.0,Tabor,26.0,xAAKnannannannannannannannannannannannannannan,AAK,3,non-partner,AAKnannannannannannannannannannannannannannan,3
1527,1907,after_phees_2022-08-08_15-04-09_0000084_labelled_Nougatti_pheeseq_0000009.txt,x,A,A,y,,,,,,,,,,,,,,,after,phees,2022-08-08,15-04-09,Nougatti,2022-08-08 15:04:09,15:05,6.0,Wuschel,3.0,xAAynannannannannannannannannannannannannannan,AA,1,non-partner,AAnannannannannannannannannannannannannannan,2
1528,1908,after_phees_2022-08-08_15-04-09_0000084_labelled_Nougatti_pheeseq_0000008.txt,x,A,P,A,A,P,,,,,,,,,,,,,after,phees,2022-08-08,15-04-09,Nougatti,2022-08-08 15:04:09,15:05,6.0,Wuschel,4.0,xAPAAPnannannannannannannannannannannannan,APAAP,1,non-partner,APAAPnannannannannannannannannannannannan,5
1529,1909,after_phees_2022-08-08_15-04-09_0000084_labelled_Nougatti_pheeseq_0000030.txt,x,A,A,y,,,,,,,,,,,,,,,after,phees,2022-08-08,15-04-09,Nougatti,2022-08-08 15:04:09,15:05,6.0,Wuschel,5.0,xAAynannannannannannannannannannannannannannan,AA,3,non-partner,AAnannannannannannannannannannannannannannan,2
1530,1910,after_phees_2022-08-08_15-04-09_0000084_labelled_Nougatti_pheeseq_0000031.txt,x,A,A,y,,,,,,,,,,,,,,,after,phees,2022-08-08,15-04-09,Nougatti,2022-08-08 15:04:09,15:05,6.0,Wuschel,6.0,xAAynannannannannannannannannannannannannannan,AA,3,non-partner,AAnannannannannannannannannannannannannannan,2
1531,1911,after_phees_2022-08-08_15-04-09_0000084_labelled_Nougatti_pheeseq_0000027.txt,x,A,A,y,,,,,,,,,,,,,,,after,phees,2022-08-08,15-04-09,Nougatti,2022-08-08 15:04:09,15:05,6.0,Wuschel,7.0,xAAynannannannannannannannannannannannannannan,AA,3,non-partner,AAnannannannannannannannannannannannannannan,2
1532,1912,after_phees_2022-08-08_15-04-09_0000084_labelled_Nougatti_pheeseq_0000033.txt,x,A,A,A,P,P,,,,,,,,,,,,,after,phees,2022-08-08,15-04-09,Nougatti,2022-08-08 15:04:09,15:05,6.0,Wuschel,8.0,xAAAPPnannannannannannannannannannannannan,AAAPP,3,non-partner,AAAPPnannannannannannannannannannannannan,5
1533,1913,after_phees_2022-08-08_15-04-09_0000084_labelled_Nougatti_pheeseq_0000032.txt,x,A,A,P,,,,,,,,,,,,,,,after,phees,2022-08-08,15-04-09,Nougatti,2022-08-08 15:04:09,15:05,6.0,Wuschel,9.0,xAAPnannannannannannannannannannannannannannan,AAP,3,non-partner,AAPnannannannannannannannannannannannannannan,3
1534,1914,after_phees_2022-08-08_15-04-09_0000084_labelled_Nougatti_pheeseq_0000026.txt,x,A,A,y,,,,,,,,,,,,,,,after,phees,2022-08-08,15-04-09,Nougatti,2022-08-08 15:04:09,15:05,6.0,Wuschel,10.0,xAAynannannannannannannannannannannannannannan,AA,3,non-partner,AAnannannannannannannannannannannannannannan,2
1535,1915,after_phees_2022-08-08_15-04-09_0000084_labelled_Nougatti_pheeseq_0000028.txt,x,A,A,y,,,,,,,,,,,,,,,after,phees,2022-08-08,15-04-09,Nougatti,2022-08-08 15:04:09,15:05,6.0,Wuschel,11.0,xAAynannannannannannannannannannannannannannan,AA,3,non-partner,AAnannannannannannannannannannannannannannan,2
1536,1916,after_phees_2022-08-08_15-04-09_0000084_labelled_Nougatti_pheeseq_0000029.txt,x,A,A,y,,,,,,,,,,,,,,,after,phees,2022-08-08,15-04-09,Nougatti,2022-08-08 15:04:09,15:05,6.0,Wuschel,12.0,xAAynannannannannannannannannannannannannannan,AA,3,non-partner,AAnannannannannannannannannannannannannannan,2
1537,1917,after_phees_2022-08-08_15-04-09_0000084_labelled_Nougatti_pheeseq_0000011.txt,x,A,A,y,,,,,,,,,,,,,,,after,phees,2022-08-08,15-04-09,Nougatti,2022-08-08 15:04:09,15:05,6.0,Wuschel,13.0,xAAynannannannannannannannannannannannannannan,AA,1,non-partner,AAnannannannannannannannannannannannannannan,2
1538,1918,after_phees_2022-08-08_15-04-09_0000084_labelled_Nougatti_pheeseq_0000005.txt,x,A,P,A,y,,,,,,,,,,,,,,after,phees,2022-08-08,15-04-09,Nougatti,2022-08-08 15:04:09,15:05,6.0,Wuschel,14.0,xAPAynannannannannannannannannannannannannan,APA,1,non-partner,APAnannannannannannannannannannannannannan,3
1539,1919,after_phees_2022-08-08_15-04-09_0000084_labelled_Nougatti_pheeseq_0000010.txt,x,A,A,y,,,,,,,,,,,,,,,after,phees,2022-08-08,15-04-09,Nougatti,2022-08-08 15:04:09,15:05,6.0,Wuschel,15.0,xAAynannannannannannannannannannannannannannan,AA,1,non-partner,AAnannannannannannannannannannannannannannan,2
1540,1920,after_phees_2022-08-08_15-04-09_0000084_labelled_Nougatti_pheeseq_0000006.txt,x,A,A,y,,,,,,,,,,,,,,,after,phees,2022-08-08,15-04-09,Nougatti,2022-08-08 15:04:09,15:05,6.0,Wuschel,16.0,xAAynannannannannannannannannannannannannannan,AA,1,non-partner,AAnannannannannannannannannannannannannannan,2
1541,1921,after_trills_2022-08-08_15-04-10_0000084_labelled_Nougatti_pheeseq_0000005.txt,x,A,P,,,,,,,,,,,,,,,,after,trills,2022-08-08,15-04-10,Nougatti,2022-08-08 15:04:10,15:05,6.0,Wuschel,17.0,xAPnannannannannannannannannannannannannannannan,AP,1,non-partner,APnannannannannannannannannannannannannannannan,2
1542,1922,after_phees_2022-08-08_15-04-09_0000084_labelled_Nougatti_pheeseq_0000007.txt,x,A,P,A,y,,,,,,,,,,,,,,after,phees,2022-08-08,15-04-09,Nougatti,2022-08-08 15:04:09,15:05,6.0,Wuschel,18.0,xAPAynannannannannannannannannannannannannan,APA,1,non-partner,APAnannannannannannannannannannannannannan,3
1543,1926,after_phees_2022-08-08_11-24-26_0000079_labelled_Odin_pheeseq_0000016.txt,x,A,A,A,y,,,,,,,,,,,,,,after,phees,2022-08-08,11-24-26,Odin,2022-08-08 11:24:26,11:25,6.0,Lola,1.0,xAAAynannannannannannannannannannannannannan,AAA,1,non-partner,AAAnannannannannannannannannannannannannan,3
1544,1927,after_phees_2022-08-08_11-24-26_0000079_labelled_Odin_pheeseq_0000002.txt,x,A,P,,,,,,,,,,,,,,,,after,phees,2022-08-08,11-24-26,Odin,2022-08-08 11:24:26,11:25,6.0,Lola,2.0,xAPnannannannannannannannannannannannannannannan,AP,1,non-partner,APnannannannannannannannannannannannannannannan,2
1545,1928,after_phees_2022-08-08_11-24-26_0000079_labelled_Odin_pheeseq_0000003.txt,x,A,A,A,y,,,,,,,,,,,,,,after,phees,2022-08-08,11-24-26,Odin,2022-08-08 11:24:26,11:25,6.0,Lola,3.0,xAAAynannannannannannannannannannannannannan,AAA,1,non-partner,AAAnannannannannannannannannannannannannan,3
1546,1929,after_phees_2022-08-08_11-24-26_0000079_labelled_Odin_pheeseq_0000029.txt,x,A,K,K,K,T,S,,,,,,,,,,,,after,phees,2022-08-08,11-24-26,Odin,2022-08-08 11:24:26,11:25,6.0,Lola,4.0,xAKKKTSnannannannannannannannannannannan,AKKKTS,1,non-partner,AKKKTSnannannannannannannannannannannan,6
1547,1930,after_phees_2022-08-08_11-24-26_0000079_labelled_Odin_pheeseq_0000004.txt,x,A,P,P,,,,,,,,,,,,,,,after,phees,2022-08-08,11-24-26,Odin,2022-08-08 11:24:26,11:25,6.0,Lola,5.0,xAPPnannannannannannannannannannannannannannan,APP,1,non-partner,APPnannannannannannannannannannannannannannan,3
1548,1931,after_phees_2022-08-08_11-24-26_0000079_labelled_Odin_pheeseq_0000061.txt,x,A,A,A,y,,,,,,,,,,,,,,after,phees,2022-08-08,11-24-26,Odin,2022-08-08 11:24:26,11:25,6.0,Lola,6.0,xAAAynannannannannannannannannannannannannan,AAA,3,non-partner,AAAnannannannannannannannannannannannannan,3
1549,1932,after_phees_2022-08-08_11-24-26_0000079_labelled_Odin_pheeseq_0000065.txt,x,R,A,y,,,,,,,,,,,,,,,after,phees,2022-08-08,11-24-26,Odin,2022-08-08 11:24:26,11:25,6.0,Lola,7.0,xRAynannannannannannannannannannannannannannan,RA,3,non-partner,RAnannannannannannannannannannannannannannan,2
1550,1933,after_phees_2022-08-08_11-24-26_0000079_labelled_Odin_pheeseq_0000055.txt,x,A,A,y,,,,,,,,,,,,,,,after,phees,2022-08-08,11-24-26,Odin,2022-08-08 11:24:26,11:25,6.0,Lola,8.0,xAAynannannannannannannannannannannannannannan,AA,3,non-partner,AAnannannannannannannannannannannannannannan,2
1551,1934,after_phees_2022-08-08_11-24-26_0000079_labelled_Odin_pheeseq_0000052.txt,x,A,A,A,A,y,,,,,,,,,,,,,after,phees,2022-08-08,11-24-26,Odin,2022-08-08 11:24:26,11:25,6.0,Lola,10.0,xAAAAynannannannannannannannannannannannan,AAAA,3,non-partner,AAAAnannannannannannannannannannannannan,4
1552,1936,after_phees_2022-08-08_11-24-26_0000079_labelled_Odin_pheeseq_0000051.txt,x,A,A,A,y,,,,,,,,,,,,,,after,phees,2022-08-08,11-24-26,Odin,2022-08-08 11:24:26,11:25,6.0,Lola,12.0,xAAAynannannannannannannannannannannannannan,AAA,3,non-partner,AAAnannannannannannannannannannannannannan,3
1553,1937,after_phees_2022-08-08_11-24-26_0000079_labelled_Odin_pheeseq_0000037.txt,x,A,A,A,P,P,P,,,,,,,,,,,,after,phees,2022-08-08,11-24-26,Odin,2022-08-08 11:24:26,11:25,6.0,Lola,13.0,xAAAPPPnannannannannannannannannannannan,AAAPPP,1,non-partner,AAAPPPnannannannannannannannannannannan,6
1554,1938,after_phees_2022-08-08_11-24-26_0000079_labelled_Odin_pheeseq_0000034.txt,x,A,P,P,A,A,y,,,,,,,,,,,,after,phees,2022-08-08,11-24-26,Odin,2022-08-08 11:24:26,11:25,6.0,Lola,14.0,xAPPAAynannannannannannannannannannannan,APPAA,1,non-partner,APPAAnannannannannannannannannannannan,5
1555,1939,after_phees_2022-08-08_11-24-26_0000079_labelled_Odin_pheeseq_0000025.txt,x,A,P,A,A,A,A,y,,,,,,,,,,,after,phees,2022-08-08,11-24-26,Odin,2022-08-08 11:24:26,11:25,6.0,Lola,15.0,xAPAAAAynannannannannannannannannannan,APAAAA,1,non-partner,APAAAAnannannannannannannannannannan,6
1556,1940,after_phees_2022-08-08_11-24-26_0000079_labelled_Odin_pheeseq_0000031.txt,x,A,P,A,A,P,P,A,y,,,,,,,,,,after,phees,2022-08-08,11-24-26,Odin,2022-08-08 11:24:26,11:25,6.0,Lola,16.0,xAPAAPPAynannannannannannannannannan,APAAPPA,1,non-partner,APAAPPAnannannannannannannannannan,7
1557,1942,after_phees_2022-08-08_11-24-26_0000079_labelled_Odin_pheeseq_0000018.txt,x,A,P,A,A,A,y,,,,,,,,,,,,after,phees,2022-08-08,11-24-26,Odin,2022-08-08 11:24:26,11:25,6.0,Lola,18.0,xAPAAAynannannannannannannannannannannan,APAAA,1,non-partner,APAAAnannannannannannannannannannannan,5
1558,1943,after_phees_2022-08-08_11-24-26_0000079_labelled_Odin_pheeseq_0000030.txt,x,A,P,,,,,,,,,,,,,,,,after,phees,2022-08-08,11-24-26,Odin,2022-08-08 11:24:26,11:25,6.0,Lola,19.0,xAPnannannannannannannannannannannannannannannan,AP,1,non-partner,APnannannannannannannannannannannannannannannan,2
1559,1945,after_phees_2022-08-08_11-24-26_0000079_labelled_Odin_pheeseq_0000027.txt,x,A,P,,,,,,,,,,,,,,,,after,phees,2022-08-08,11-24-26,Odin,2022-08-08 11:24:26,11:25,6.0,Lola,21.0,xAPnannannannannannannannannannannannannannannan,AP,1,non-partner,APnannannannannannannannannannannannannannannan,2
1560,1946,after_phees_2022-08-08_11-24-26_0000079_labelled_Odin_pheeseq_0000033.txt,x,A,A,A,A,y,,,,,,,,,,,,,after,phees,2022-08-08,11-24-26,Odin,2022-08-08 11:24:26,11:25,6.0,Lola,22.0,xAAAAynannannannannannannannannannannannan,AAAA,1,non-partner,AAAAnannannannannannannannannannannannan,4
1561,1947,after_trills_2022-08-08_14-38-46_0000083_labelled_Odin_pheeseq_0000067.txt,x,A,P,,,,,,,,,,,,,,,,after,trills,2022-08-08,14-38-46,Odin,2022-08-08 14:38:46,14:40,6.0,Nougatti,1.0,xAPnannannannannannannannannannannannannannannan,AP,3,partner,APnannannannannannannannannannannannannannannan,2
1562,1948,after_trills_2022-08-08_14-38-46_0000083_labelled_Odin_pheeseq_0000069.txt,P,A,P,,,,,,,,,,,,,,,,after,trills,2022-08-08,14-38-46,Odin,2022-08-08 14:38:46,14:40,6.0,Nougatti,2.0,PAPnannannannannannannannannannannannannannannan,PAP,3,partner,PAPnannannannannannannannannannannannannannannan,3
1563,1950,after_phees_2022-08-08_14-12-29_0000082_labelled_Odin_pheeseq_0000024.txt,x,P,A,A,A,K,,,,,,,,,,,,,after,phees,2022-08-08,14-12-29,Odin,2022-08-08 14:12:29,14:15,5.0,Olympia,2.0,xPAAAKnannannannannannannannannannannannan,PAAAK,1,non-partner,PAAAKnannannannannannannannannannannannan,5
1564,1951,after_phees_2022-08-08_14-12-29_0000082_labelled_Odin_pheeseq_0000025.txt,x,A,P,A,P,A,A,y,,,,,,,,,,,after,phees,2022-08-08,14-12-29,Odin,2022-08-08 14:12:29,14:15,5.0,Olympia,3.0,xAPAPAAynannannannannannannannannannan,APAPAA,1,non-partner,APAPAAnannannannannannannannannannan,6
1565,1952,after_phees_2022-08-08_14-12-29_0000082_labelled_Odin_pheeseq_0000035.txt,x,A,A,A,y,,,,,,,,,,,,,,after,phees,2022-08-08,14-12-29,Odin,2022-08-08 14:12:29,14:15,5.0,Olympia,4.0,xAAAynannannannannannannannannannannannannan,AAA,3,non-partner,AAAnannannannannannannannannannannannannan,3
1566,1953,after_phees_2022-08-08_14-12-29_0000082_labelled_Odin_pheeseq_0000021.txt,x,A,A,A,y,,,,,,,,,,,,,,after,phees,2022-08-08,14-12-29,Odin,2022-08-08 14:12:29,14:15,5.0,Olympia,5.0,xAAAynannannannannannannannannannannannannan,AAA,1,non-partner,AAAnannannannannannannannannannannannannan,3
1567,1954,after_phees_2022-08-08_14-12-29_0000082_labelled_Odin_pheeseq_0000020.txt,x,A,A,A,A,A,y,,,,,,,,,,,,after,phees,2022-08-08,14-12-29,Odin,2022-08-08 14:12:29,14:15,5.0,Olympia,6.0,xAAAAAynannannannannannannannannannannan,AAAAA,1,non-partner,AAAAAnannannannannannannannannannannan,5
1568,1955,after_phees_2022-08-08_14-12-29_0000082_labelled_Odin_pheeseq_0000008.txt,x,A,P,A,A,A,y,,,,,,,,,,,,after,phees,2022-08-08,14-12-29,Odin,2022-08-08 14:12:29,14:15,5.0,Olympia,7.0,xAPAAAynannannannannannannannannannannan,APAAA,1,non-partner,APAAAnannannannannannannannannannannan,5
1569,1956,after_phees_2022-08-08_14-12-29_0000082_labelled_Odin_pheeseq_0000037.txt,x,A,P,A,A,y,,,,,,,,,,,,,after,phees,2022-08-08,14-12-29,Odin,2022-08-08 14:12:29,14:15,5.0,Olympia,8.0,xAPAAynannannannannannannannannannannannan,APAA,3,non-partner,APAAnannannannannannannannannannannannan,4
1570,1957,after_phees_2022-08-08_14-12-29_0000082_labelled_Odin_pheeseq_0000023.txt,x,A,P,A,A,A,y,,,,,,,,,,,,after,phees,2022-08-08,14-12-29,Odin,2022-08-08 14:12:29,14:15,5.0,Olympia,9.0,xAPAAAynannannannannannannannannannannan,APAAA,1,non-partner,APAAAnannannannannannannannannannannan,5
1571,1958,after_phees_2022-08-08_14-12-29_0000082_labelled_Odin_pheeseq_0000044.txt,x,A,A,A,A,y,,,,,,,,,,,,,after,phees,2022-08-08,14-12-29,Odin,2022-08-08 14:12:29,14:15,5.0,Olympia,10.0,xAAAAynannannannannannannannannannannannan,AAAA,3,non-partner,AAAAnannannannannannannannannannannannan,4
1572,1959,after_phees_2022-08-08_14-12-29_0000082_labelled_Odin_pheeseq_0000045.txt,x,A,P,P,A,A,A,P,P,P,S,,,,,,,,after,phees,2022-08-08,14-12-29,Odin,2022-08-08 14:12:29,14:15,5.0,Olympia,11.0,xAPPAAAPPPSnannannannannannannan,APPAAAPPPS,3,non-partner,APPAAAPPPSnannannannannannannan,10
1573,1960,after_phees_2022-08-08_14-12-29_0000082_labelled_Odin_pheeseq_0000047.txt,x,P,P,A,A,y,,,,,,,,,,,,,after,phees,2022-08-08,14-12-29,Odin,2022-08-08 14:12:29,14:15,5.0,Olympia,12.0,xPPAAynannannannannannannannannannannannan,PPAA,3,non-partner,PPAAnannannannannannannannannannannannan,4
1574,1961,after_phees_2022-08-08_14-12-29_0000082_labelled_Odin_pheeseq_0000046.txt,x,A,P,A,A,A,y,,,,,,,,,,,,after,phees,2022-08-08,14-12-29,Odin,2022-08-08 14:12:29,14:15,5.0,Olympia,13.0,xAPAAAynannannannannannannannannannannan,APAAA,3,non-partner,APAAAnannannannannannannannannannannan,5
1575,1962,after_phees_2022-08-08_14-12-29_0000082_labelled_Odin_pheeseq_0000043.txt,x,A,P,A,y,,,,,,,,,,,,,,after,phees,2022-08-08,14-12-29,Odin,2022-08-08 14:12:29,14:15,5.0,Olympia,14.0,xAPAynannannannannannannannannannannannannan,APA,3,non-partner,APAnannannannannannannannannannannannannan,3
1576,1963,after_phees_2022-08-08_14-12-29_0000082_labelled_Odin_pheeseq_0000041.txt,x,R,A,A,y,,,,,,,,,,,,,,after,phees,2022-08-08,14-12-29,Odin,2022-08-08 14:12:29,14:15,5.0,Olympia,15.0,xRAAynannannannannannannannannannannannannan,RAA,3,non-partner,RAAnannannannannannannannannannannannannan,3
1577,1964,after_phees_2022-08-08_14-12-29_0000082_labelled_Odin_pheeseq_0000006.txt,x,A,P,A,A,A,y,,,,,,,,,,,,after,phees,2022-08-08,14-12-29,Odin,2022-08-08 14:12:29,14:15,5.0,Olympia,16.0,xAPAAAynannannannannannannannannannannan,APAAA,1,non-partner,APAAAnannannannannannannannannannannan,5
1578,1965,after_phees_2022-08-08_14-12-29_0000082_labelled_Odin_pheeseq_0000007.txt,x,A,P,P,A,A,A,y,,,,,,,,,,,after,phees,2022-08-08,14-12-29,Odin,2022-08-08 14:12:29,14:15,5.0,Olympia,17.0,xAPPAAAynannannannannannannannannannan,APPAAA,1,non-partner,APPAAAnannannannannannannannannannan,6
1579,1966,after_phees_2022-08-08_14-12-29_0000082_labelled_Odin_pheeseq_0000039.txt,x,A,P,P,P,A,A,y,,,,,,,,,,,after,phees,2022-08-08,14-12-29,Odin,2022-08-08 14:12:29,14:15,5.0,Olympia,18.0,xAPPPAAynannannannannannannannannannan,APPPAA,3,non-partner,APPPAAnannannannannannannannannannan,6
1580,1967,after_phees_2022-08-08_14-12-29_0000082_labelled_Odin_pheeseq_0000038.txt,x,A,P,A,A,A,y,,,,,,,,,,,,after,phees,2022-08-08,14-12-29,Odin,2022-08-08 14:12:29,14:15,5.0,Olympia,19.0,xAPAAAynannannannannannannannannannannan,APAAA,3,non-partner,APAAAnannannannannannannannannannannan,5
1581,1968,after_phees_2022-08-08_14-12-29_0000082_labelled_Odin_pheeseq_0000004.txt,x,A,A,A,y,,,,,,,,,,,,,,after,phees,2022-08-08,14-12-29,Odin,2022-08-08 14:12:29,14:15,5.0,Olympia,20.0,xAAAynannannannannannannannannannannannannan,AAA,1,non-partner,AAAnannannannannannannannannannannannannan,3
1582,1971,after_phees_2022-08-08_14-12-29_0000082_labelled_Odin_pheeseq_0000017.txt,x,A,A,A,y,,,,,,,,,,,,,,after,phees,2022-08-08,14-12-29,Odin,2022-08-08 14:12:29,14:15,5.0,Olympia,24.0,xAAAynannannannannannannannannannannannannan,AAA,1,non-partner,AAAnannannannannannannannannannannannannan,3
1583,1972,after_phees_2022-08-08_14-12-29_0000082_labelled_Olympia_pheeseq_0000048.txt,x,A,A,y,,,,,,,,,,,,,,,after,phees,2022-08-08,14-12-29,Olympia,2022-08-08 14:12:29,14:15,5.0,Odin,1.0,xAAynannannannannannannannannannannannannannan,AA,3,non-partner,AAnannannannannannannannannannannannannannan,2
1584,1973,after_phees_2022-08-08_13-47-33_0000081_labelled_Olympia_pheeseq_0000017.txt,x,A,A,y,,,,,,,,,,,,,,,after,phees,2022-08-08,13-47-33,Olympia,2022-08-08 13:47:33,13:45,6.0,Tabor,1.0,xAAynannannannannannannannannannannannannannan,AA,3,non-partner,AAnannannannannannannannannannannannannannan,2
1585,1974,after_phees_2022-08-08_13-47-33_0000081_labelled_Olympia_pheeseq_0000011.txt,x,A,A,y,,,,,,,,,,,,,,,after,phees,2022-08-08,13-47-33,Olympia,2022-08-08 13:47:33,13:45,6.0,Tabor,3.0,xAAynannannannannannannannannannannannannannan,AA,1,non-partner,AAnannannannannannannannannannannannannannan,2
1586,1976,after_phees_2022-08-08_10-34-29_0000077_labelled_Olympia_pheeseq_0000017.txt,x,A,A,y,,,,,,,,,,,,,,,after,phees,2022-08-08,10-34-29,Olympia,2022-08-08 10:34:29,10:35,5.0,Wuschel,2.0,xAAynannannannannannannannannannannannannannan,AA,3,partner,AAnannannannannannannannannannannannannannan,2
1587,1978,after_phees_2022-08-08_13-21-22_0000080_labelled_Tabor_pheeseq_0000046.txt,x,A,A,A,A,P,,,,,,,,,,,,,after,phees,2022-08-08,13-21-22,Tabor,2022-08-08 13:21:22,13:20,6.0,Nougatti,1.0,xAAAAPnannannannannannannannannannannannan,AAAAP,3,non-partner,AAAAPnannannannannannannannannannannannan,5
1588,1979,after_phees_2022-08-08_13-21-22_0000080_labelled_Tabor_pheeseq_0000036.txt,x,A,A,A,y,,,,,,,,,,,,,,after,phees,2022-08-08,13-21-22,Tabor,2022-08-08 13:21:22,13:20,6.0,Nougatti,2.0,xAAAynannannannannannannannannannannannannan,AAA,3,non-partner,AAAnannannannannannannannannannannannannan,3
1589,1980,after_phees_2022-08-08_13-21-22_0000080_labelled_Tabor_pheeseq_0000017.txt,x,A,P,A,A,A,y,,,,,,,,,,,,after,phees,2022-08-08,13-21-22,Tabor,2022-08-08 13:21:22,13:20,6.0,Nougatti,3.0,xAPAAAynannannannannannannannannannannan,APAAA,1,non-partner,APAAAnannannannannannannannannannannan,5
1590,1981,after_phees_2022-08-08_13-21-22_0000080_labelled_Tabor_pheeseq_0000002.txt,x,A,A,A,P,P,,,,,,,,,,,,,after,phees,2022-08-08,13-21-22,Tabor,2022-08-08 13:21:22,13:20,6.0,Nougatti,4.0,xAAAPPnannannannannannannannannannannannan,AAAPP,1,non-partner,AAAPPnannannannannannannannannannannannan,5
1591,1982,after_phees_2022-08-08_13-21-22_0000080_labelled_Tabor_pheeseq_0000014.txt,x,A,P,P,A,A,y,,,,,,,,,,,,after,phees,2022-08-08,13-21-22,Tabor,2022-08-08 13:21:22,13:20,6.0,Nougatti,5.0,xAPPAAynannannannannannannannannannannan,APPAA,1,non-partner,APPAAnannannannannannannannannannannan,5
1592,1983,after_phees_2022-08-08_13-21-22_0000080_labelled_Tabor_pheeseq_0000011.txt,x,A,P,P,A,P,A,A,y,,,,,,,,,,after,phees,2022-08-08,13-21-22,Tabor,2022-08-08 13:21:22,13:20,6.0,Nougatti,6.0,xAPPAPAAynannannannannannannannannan,APPAPAA,1,non-partner,APPAPAAnannannannannannannannannan,7
1593,1984,after_phees_2022-08-08_13-21-22_0000080_labelled_Tabor_pheeseq_0000013.txt,x,A,P,A,A,P,P,P,,,,,,,,,,,after,phees,2022-08-08,13-21-22,Tabor,2022-08-08 13:21:22,13:20,6.0,Nougatti,7.0,xAPAAPPPnannannannannannannannannannan,APAAPPP,1,non-partner,APAAPPPnannannannannannannannannannan,7
1594,1985,after_phees_2022-08-08_13-47-33_0000081_labelled_Tabor_pheeseq_0000003.txt,x,A,A,A,A,P,P,P,,,,,,,,,,,after,phees,2022-08-08,13-47-33,Tabor,2022-08-08 13:47:33,13:45,6.0,Olympia,1.0,xAAAAPPPnannannannannannannannannannan,AAAAPPP,1,non-partner,AAAAPPPnannannannannannannannannannan,7
1595,1986,after_phees_2022-08-08_13-47-33_0000081_labelled_Tabor_pheeseq_0000005.txt,x,A,A,A,P,P,,,,,,,,,,,,,after,phees,2022-08-08,13-47-33,Tabor,2022-08-08 13:47:33,13:45,6.0,Olympia,2.0,xAAAPPnannannannannannannannannannannannan,AAAPP,1,non-partner,AAAPPnannannannannannannannannannannannan,5
1596,1987,after_phees_2022-08-08_13-47-33_0000081_labelled_Tabor_pheeseq_0000010.txt,x,A,A,A,y,,,,,,,,,,,,,,after,phees,2022-08-08,13-47-33,Tabor,2022-08-08 13:47:33,13:45,6.0,Olympia,3.0,xAAAynannannannannannannannannannannannannan,AAA,1,non-partner,AAAnannannannannannannannannannannannannan,3
1597,1988,after_phees_2022-08-08_13-47-33_0000081_labelled_Tabor_pheeseq_0000004.txt,x,A,A,A,A,A,y,,,,,,,,,,,,after,phees,2022-08-08,13-47-33,Tabor,2022-08-08 13:47:33,13:45,6.0,Olympia,4.0,xAAAAAynannannannannannannannannannannan,AAAAA,1,non-partner,AAAAAnannannannannannannannannannannan,5
1598,1989,after_phees_2022-08-08_13-47-33_0000081_labelled_Tabor_pheeseq_0000023.txt,x,A,A,A,y,,,,,,,,,,,,,,after,phees,2022-08-08,13-47-33,Tabor,2022-08-08 13:47:33,13:45,6.0,Olympia,5.0,xAAAynannannannannannannannannannannannannan,AAA,3,non-partner,AAAnannannannannannannannannannannannannan,3
1599,1990,after_phees_2022-08-08_13-47-33_0000081_labelled_Tabor_pheeseq_0000009.txt,x,A,A,A,P,,,,,,,,,,,,,,after,phees,2022-08-08,13-47-33,Tabor,2022-08-08 13:47:33,13:45,6.0,Olympia,6.0,xAAAPnannannannannannannannannannannannannan,AAAP,1,non-partner,AAAPnannannannannannannannannannannannannan,4
1600,1991,after_phees_2022-08-08_13-47-33_0000081_labelled_Tabor_pheeseq_0000021.txt,x,A,A,A,y,,,,,,,,,,,,,,after,phees,2022-08-08,13-47-33,Tabor,2022-08-08 13:47:33,13:45,6.0,Olympia,7.0,xAAAynannannannannannannannannannannannannan,AAA,3,non-partner,AAAnannannannannannannannannannannannannan,3
1601,1992,after_phees_2022-08-08_13-47-33_0000081_labelled_Tabor_pheeseq_0000020.txt,x,A,P,A,A,y,,,,,,,,,,,,,after,phees,2022-08-08,13-47-33,Tabor,2022-08-08 13:47:33,13:45,6.0,Olympia,8.0,xAPAAynannannannannannannannannannannannan,APAA,3,non-partner,APAAnannannannannannannannannannannannan,4
1602,1993,after_phees_2022-08-08_13-47-33_0000081_labelled_Tabor_pheeseq_0000024.txt,x,A,A,P,P,,,,,,,,,,,,,,after,phees,2022-08-08,13-47-33,Tabor,2022-08-08 13:47:33,13:45,6.0,Olympia,9.0,xAAPPnannannannannannannannannannannannannan,AAPP,3,non-partner,AAPPnannannannannannannannannannannannannan,4
1603,1994,after_phees_2022-08-08_13-47-33_0000081_labelled_Tabor_pheeseq_0000030.txt,x,A,A,A,A,P,P,P,P,,,,,,,,,,after,phees,2022-08-08,13-47-33,Tabor,2022-08-08 13:47:33,13:45,6.0,Olympia,10.0,xAAAAPPPPnannannannannannannannannan,AAAAPPPP,3,non-partner,AAAAPPPPnannannannannannannannannan,8
1604,1995,after_phees_2022-08-08_13-47-33_0000081_labelled_Tabor_pheeseq_0000018.txt,x,A,A,y,,,,,,,,,,,,,,,after,phees,2022-08-08,13-47-33,Tabor,2022-08-08 13:47:33,13:45,6.0,Olympia,11.0,xAAynannannannannannannannannannannannannannan,AA,3,non-partner,AAnannannannannannannannannannannannannannan,2
1605,1996,after_phees_2022-08-08_13-47-33_0000081_labelled_Tabor_pheeseq_0000019.txt,x,A,A,A,y,,,,,,,,,,,,,,after,phees,2022-08-08,13-47-33,Tabor,2022-08-08 13:47:33,13:45,6.0,Olympia,12.0,xAAAynannannannannannannannannannannannannan,AAA,3,non-partner,AAAnannannannannannannannannannannannannan,3
1606,1997,after_phees_2022-08-08_13-47-33_0000081_labelled_Tabor_pheeseq_0000027.txt,x,A,A,A,A,P,P,P,,,,,,,,,,,after,phees,2022-08-08,13-47-33,Tabor,2022-08-08 13:47:33,13:45,6.0,Olympia,13.0,xAAAAPPPnannannannannannannannannannan,AAAAPPP,3,non-partner,AAAAPPPnannannannannannannannannannan,7
1607,1998,after_phees_2022-08-08_13-47-33_0000081_labelled_Tabor_pheeseq_0000026.txt,x,A,A,A,A,,,,,,,,,,,,,,after,phees,2022-08-08,13-47-33,Tabor,2022-08-08 13:47:33,13:45,6.0,Olympia,14.0,xAAAAnannannannannannannannannannannannannan,AAAA,3,non-partner,AAAAnannannannannannannannannannannannannan,4
1608,1999,after_phees_2022-08-08_11-01-43_0000078_labelled_Wuschel_pheeseq_0000028.txt,x,A,A,y,,,,,,,,,,,,,,,after,phees,2022-08-08,11-01-43,Wuschel,2022-08-08 11:01:43,11:00,6.0,Lola,1.0,xAAynannannannannannannannannannannannannannan,AA,1,non-partner,AAnannannannannannannannannannannannannannan,2
1609,2003,after_phees_2022-08-08_11-01-43_0000078_labelled_Wuschel_pheeseq_0000011.txt,x,A,A,y,,,,,,,,,,,,,,,after,phees,2022-08-08,11-01-43,Wuschel,2022-08-08 11:01:43,11:00,6.0,Lola,5.0,xAAynannannannannannannannannannannannannannan,AA,1,non-partner,AAnannannannannannannannannannannannannannan,2
1610,2007,after_phees_2022-08-08_11-01-43_0000078_labelled_Wuschel_pheeseq_0000022.txt,x,A,A,y,,,,,,,,,,,,,,,after,phees,2022-08-08,11-01-43,Wuschel,2022-08-08 11:01:43,11:00,6.0,Lola,10.0,xAAynannannannannannannannannannannannannannan,AA,1,non-partner,AAnannannannannannannannannannannannannannan,2
1611,2009,after_phees_2022-08-08_11-01-43_0000078_labelled_Wuschel_pheeseq_0000023.txt,x,A,A,y,,,,,,,,,,,,,,,after,phees,2022-08-08,11-01-43,Wuschel,2022-08-08 11:01:43,11:00,6.0,Lola,12.0,xAAynannannannannannannannannannannannannannan,AA,1,non-partner,AAnannannannannannannannannannannannannannan,2
1612,2012,after_phees_2022-08-08_11-01-43_0000078_labelled_Wuschel_pheeseq_0000020.txt,x,A,A,K,K,K,,,,,,,,,,,,,after,phees,2022-08-08,11-01-43,Wuschel,2022-08-08 11:01:43,11:00,6.0,Lola,15.0,xAAKKKnannannannannannannannannannannannan,AAKKK,1,non-partner,AAKKKnannannannannannannannannannannannan,5
1613,2014,after_phees_2022-08-08_11-01-43_0000078_labelled_Wuschel_pheeseq_0000019.txt,x,A,A,K,K,,,,,,,,,,,,,,after,phees,2022-08-08,11-01-43,Wuschel,2022-08-08 11:01:43,11:00,6.0,Lola,17.0,xAAKKnannannannannannannannannannannannannan,AAKK,1,non-partner,AAKKnannannannannannannannannannannannannan,4
1614,2015,after_phees_2022-08-08_11-01-43_0000078_labelled_Wuschel_pheeseq_0000025.txt,x,A,A,K,K,,,,,,,,,,,,,,after,phees,2022-08-08,11-01-43,Wuschel,2022-08-08 11:01:43,11:00,6.0,Lola,18.0,xAAKKnannannannannannannannannannannannannan,AAKK,1,non-partner,AAKKnannannannannannannannannannannannannan,4
1615,2020,after_phees_2022-08-08_11-01-43_0000078_labelled_Wuschel_pheeseq_0000050.txt,x,A,A,y,,,,,,,,,,,,,,,after,phees,2022-08-08,11-01-43,Wuschel,2022-08-08 11:01:43,11:00,6.0,Lola,23.0,xAAynannannannannannannannannannannannannannan,AA,3,non-partner,AAnannannannannannannannannannannannannannan,2
1616,2021,after_phees_2022-08-08_11-01-43_0000078_labelled_Wuschel_pheeseq_0000051.txt,x,A,A,y,,,,,,,,,,,,,,,after,phees,2022-08-08,11-01-43,Wuschel,2022-08-08 11:01:43,11:00,6.0,Lola,24.0,xAAynannannannannannannannannannannannannannan,AA,3,non-partner,AAnannannannannannannannannannannannannannan,2
1617,2023,after_trills_2022-08-08_15-04-10_0000084_labelled_Wuschel_pheeseq_0000003.txt,x,A,A,y,,,,,,,,,,,,,,,after,trills,2022-08-08,15-04-10,Wuschel,2022-08-08 15:04:10,15:05,6.0,Nougatti,2.0,xAAynannannannannannannannannannannannannannan,AA,1,non-partner,AAnannannannannannannannannannannannannannan,2
1618,2042,after_trills_2022-08-08_10-34-30_0000077_labelled_Wuschel_pheeseq_0000022.txt,x,A,A,y,,,,,,,,,,,,,,,after,trills,2022-08-08,10-34-30,Wuschel,2022-08-08 10:34:30,10:35,5.0,Olympia,16.0,xAAynannannannannannannannannannannannannannan,AA,1,partner,AAnannannannannannannannannannannannannannan,2
