0,1,2,3,4,5,6,7,8,9,10,11,12,13,14,15,16,17,18,stage,type,date_x,time_x,focal ID,Date_Time,experimenter,session_number,conspecific_ID,seq_num,sequence,true_sequence,phase,paired_status
before_trills_2022-02-17_09-53-37_0000039_labelled_Nougatti_pheeseq_05.txt,x,A,A,P,P,,,,,,,,,,,,,,before,trills,2022-02-17,09-53-37,Nougatti,2022-02-17 09:53:37,AT/MM,1.0,Tabor,4.0,xAAPPnannannannannannannannannannannannannan,AAPPnannannannannannannannannannannannannan,1,non-partner
before_phees_2022-02-17_09-53-35_0000039_labelled_Nougatti_pheeseq_02.txt,x,A,y,,,,,,,,,,,,,,,,before,phees,2022-02-17,09-53-35,Nougatti,2022-02-17 09:53:35,AT/MM,1.0,Tabor,6.0,xAynannannannannannannannannannannannannannannan,Anannannannannannannannannannannannannannannan,1,non-partner
before_trills_2022-02-17_09-53-37_0000039_labelled_Nougatti_pheeseq_02.txt,x,A,A,A,P,,,,,,,,,,,,,,before,trills,2022-02-17,09-53-37,Nougatti,2022-02-17 09:53:37,AT/MM,1.0,Tabor,8.0,xAAAPnannannannannannannannannannannannannan,AAAPnannannannannannannannannannannannannan,1,non-partner
before_trills_2022-02-17_09-53-37_0000039_labelled_Nougatti_pheeseq_03.txt,x,A,P,P,,,,,,,,,,,,,,,before,trills,2022-02-17,09-53-37,Nougatti,2022-02-17 09:53:37,AT/MM,1.0,Tabor,9.0,xAPPnannannannannannannannannannannannannannan,APPnannannannannannannannannannannannannannan,1,non-partner
before_phees_2022-02-17_09-53-35_0000039_labelled_Tabor_pheeseq_01.txt,x,A,A,y,,,,,,,,,,,,,,,before,phees,2022-02-17,09-53-35,Tabor,2022-02-17 09:53:35,AT/MM,1.0,Nougatti,1.0,xAAynannannannannannannannannannannannannannan,AAnannannannannannannannannannannannannannan,1,non-partner
before_phees_2022-02-22_09-14-37_0000041_labelled_Odin_phee_01.txt,x,A,A,A,A,A,A,A,y,,,,,,,,,,before,phees,2022-02-22,09-14-37,Odin,2022-02-22 09:14:37,AT/MM,1.0,Olympia,2.0,xAAAAAAAynannannannannannannannannan,AAAAAAAnannannannannannannannannan,1,non-partner
before_phees_2022-02-22_09-14-37_0000041_labelled_Odin_pheeseq_04.txt,x,A,P,,,,,,,,,,,,,,,,before,phees,2022-02-22,09-14-37,Odin,2022-02-22 09:14:37,AT/MM,1.0,Olympia,4.0,xAPnannannannannannannannannannannannannannannan,APnannannannannannannannannannannannannannannan,1,non-partner
before_phees_2022-02-22_09-14-37_0000041_labelled_Odin_pheeseq_12.txt,x,A,P,A,A,y,,,,,,,,,,,,,before,phees,2022-02-22,09-14-37,Odin,2022-02-22 09:14:37,AT/MM,1.0,Olympia,5.0,xAPAAynannannannannannannannannannannannan,APAAnannannannannannannannannannannannan,1,non-partner
before_phees_2022-02-22_09-14-37_0000041_labelled_Odin_phee_02.txt,x,A,y,,,,,,,,,,,,,,,,before,phees,2022-02-22,09-14-37,Odin,2022-02-22 09:14:37,AT/MM,1.0,Olympia,6.0,xAynannannannannannannannannannannannannannannan,Anannannannannannannannannannannannannannannan,1,non-partner
before_phees_2022-02-22_09-14-37_0000041_labelled_Odin_pheeseq_13.txt,x,A,P,,,,,,,,,,,,,,,,before,phees,2022-02-22,09-14-37,Odin,2022-02-22 09:14:37,AT/MM,1.0,Olympia,7.0,xAPnannannannannannannannannannannannannannannan,APnannannannannannannannannannannannannannannan,1,non-partner
before_phees_2022-02-22_09-14-37_0000041_labelled_Odin_pheeseq_07.txt,x,A,A,A,y,,,,,,,,,,,,,,before,phees,2022-02-22,09-14-37,Odin,2022-02-22 09:14:37,AT/MM,1.0,Olympia,8.0,xAAAynannannannannannannannannannannannannan,AAAnannannannannannannannannannannannannan,1,non-partner
before_phees_2022-02-22_09-14-37_0000041_labelled_Odin_pheeseq_03.txt,x,A,A,A,A,K,K,,,,,,,,,,,,before,phees,2022-02-22,09-14-37,Odin,2022-02-22 09:14:37,AT/MM,1.0,Olympia,9.0,xAAAAKKnannannannannannannannannannannan,AAAAKKnannannannannannannannannannannan,1,non-partner
before_phees_2022-02-22_09-14-37_0000041_labelled_Odin_pheeseq_16.txt,x,A,P,A,A,A,P,K,,,,,,,,,,,before,phees,2022-02-22,09-14-37,Odin,2022-02-22 09:14:37,AT/MM,1.0,Olympia,10.0,xAPAAAPKnannannannannannannannannannan,APAAAPKnannannannannannannannannannan,1,non-partner
before_phees_2022-02-22_09-14-37_0000041_labelled_Odin_phee_06.txt,x,A,y,,,,,,,,,,,,,,,,before,phees,2022-02-22,09-14-37,Odin,2022-02-22 09:14:37,AT/MM,1.0,Olympia,11.0,xAynannannannannannannannannannannannannannannan,Anannannannannannannannannannannannannannannan,1,non-partner
before_phees_2022-02-22_09-14-37_0000041_labelled_Odin_pheeseq_14.txt,x,A,P,A,A,A,y,,,,,,,,,,,,before,phees,2022-02-22,09-14-37,Odin,2022-02-22 09:14:37,AT/MM,1.0,Olympia,13.0,xAPAAAynannannannannannannannannannannan,APAAAnannannannannannannannannannannan,1,non-partner
before_phees_2022-02-22_09-14-37_0000041_labelled_Odin_phee_05.txt,x,A,y,,,,,,,,,,,,,,,,before,phees,2022-02-22,09-14-37,Odin,2022-02-22 09:14:37,AT/MM,1.0,Olympia,14.0,xAynannannannannannannannannannannannannannannan,Anannannannannannannannannannannannannannannan,1,non-partner
before_phees_2022-02-22_09-14-37_0000041_labelled_Odin_pheeseq_66.txt,x,A,A,y,,,,,,,,,,,,,,,before,phees,2022-02-22,09-14-37,Odin,2022-02-22 09:14:37,AT/MM,1.0,Olympia,15.0,xAAynannannannannannannannannannannannannannan,AAnannannannannannannannannannannannannannan,3,non-partner
before_phees_2022-02-22_09-14-37_0000041_labelled_Odin_pheeseq_67.txt,x,A,A,A,y,,,,,,,,,,,,,,before,phees,2022-02-22,09-14-37,Odin,2022-02-22 09:14:37,AT/MM,1.0,Olympia,16.0,xAAAynannannannannannannannannannannannannan,AAAnannannannannannannannannannannannannan,3,non-partner
before_phees_2022-02-22_09-14-37_0000041_labelled_Odin_pheeseq_58.txt,x,A,A,A,y,,,,,,,,,,,,,,before,phees,2022-02-22,09-14-37,Odin,2022-02-22 09:14:37,AT/MM,1.0,Olympia,17.0,xAAAynannannannannannannannannannannannannan,AAAnannannannannannannannannannannannannan,3,non-partner
before_phees_2022-02-22_09-14-37_0000041_labelled_Odin_pheeseq_60.txt,x,A,A,A,y,,,,,,,,,,,,,,before,phees,2022-02-22,09-14-37,Odin,2022-02-22 09:14:37,AT/MM,1.0,Olympia,18.0,xAAAynannannannannannannannannannannannannan,AAAnannannannannannannannannannannannannan,3,non-partner
before_phees_2022-02-22_09-14-37_0000041_labelled_Odin_phee_59.txt,x,A,P,P,,,,,,,,,,,,,,,before,phees,2022-02-22,09-14-37,Odin,2022-02-22 09:14:37,AT/MM,1.0,Olympia,19.0,xAPPnannannannannannannannannannannannannannan,APPnannannannannannannannannannannannannannan,3,non-partner
before_phees_2022-02-22_09-14-37_0000041_labelled_Odin_pheeseq_49.txt,x,A,y,,,,,,,,,,,,,,,,before,phees,2022-02-22,09-14-37,Odin,2022-02-22 09:14:37,AT/MM,1.0,Olympia,20.0,xAynannannannannannannannannannannannannannannan,Anannannannannannannannannannannannannannannan,3,non-partner
before_phees_2022-02-22_09-14-37_0000041_labelled_Odin_pheeseq_53.txt,x,A,A,A,y,,,,,,,,,,,,,,before,phees,2022-02-22,09-14-37,Odin,2022-02-22 09:14:37,AT/MM,1.0,Olympia,21.0,xAAAynannannannannannannannannannannannannan,AAAnannannannannannannannannannannannannan,3,non-partner
before_phees_2022-02-22_09-14-37_0000041_labelled_Odin_pheeseq_47.txt,x,A,A,y,,,,,,,,,,,,,,,before,phees,2022-02-22,09-14-37,Odin,2022-02-22 09:14:37,AT/MM,1.0,Olympia,22.0,xAAynannannannannannannannannannannannannannan,AAnannannannannannannannannannannannannannan,3,non-partner
before_phees_2022-02-22_09-14-37_0000041_labelled_Odin_phee_57.txt,x,A,y,,,,,,,,,,,,,,,,before,phees,2022-02-22,09-14-37,Odin,2022-02-22 09:14:37,AT/MM,1.0,Olympia,23.0,xAynannannannannannannannannannannannannannannan,Anannannannannannannannannannannannannannannan,3,non-partner
before_phees_2022-02-22_09-14-37_0000041_labelled_Odin_pheeseq_52.txt,x,A,P,,,,,,,,,,,,,,,,before,phees,2022-02-22,09-14-37,Odin,2022-02-22 09:14:37,AT/MM,1.0,Olympia,24.0,xAPnannannannannannannannannannannannannannannan,APnannannannannannannannannannannannannannannan,3,non-partner
before_phees_2022-02-22_09-14-37_0000041_labelled_Odin_phee_55.txt,x,A,y,,,,,,,,,,,,,,,,before,phees,2022-02-22,09-14-37,Odin,2022-02-22 09:14:37,AT/MM,1.0,Olympia,25.0,xAynannannannannannannannannannannannannannannan,Anannannannannannannannannannannannannannannan,3,non-partner
before_phees_2022-02-22_09-14-37_0000041_labelled_Odin_pheeseq_51.txt,x,A,A,A,A,y,,,,,,,,,,,,,before,phees,2022-02-22,09-14-37,Odin,2022-02-22 09:14:37,AT/MM,1.0,Olympia,26.0,xAAAAynannannannannannannannannannannannan,AAAAnannannannannannannannannannannannan,3,non-partner
before_phees_2022-02-22_09-14-37_0000041_labelled_Odin_pheeseq_54.txt,x,A,P,A,A,P,P,K,,,,,,,,,,,before,phees,2022-02-22,09-14-37,Odin,2022-02-22 09:14:37,AT/MM,1.0,Olympia,28.0,xAPAAPPKnannannannannannannannannannan,APAAPPKnannannannannannannannannannan,3,non-partner
before_phees_2022-02-22_09-14-37_0000041_labelled_Odin_pheeseq_56.txt,x,A,y,,,,,,,,,,,,,,,,before,phees,2022-02-22,09-14-37,Odin,2022-02-22 09:14:37,AT/MM,1.0,Olympia,30.0,xAynannannannannannannannannannannannannannannan,Anannannannannannannannannannannannannannannan,3,non-partner
before_phees_2022-02-22_09-14-37_0000041_labelled_Odin_pheeseq_24.txt,x,A,A,A,y,,,,,,,,,,,,,,before,phees,2022-02-22,09-14-37,Odin,2022-02-22 09:14:37,AT/MM,1.0,Olympia,32.0,xAAAynannannannannannannannannannannannannan,AAAnannannannannannannannannannannannannan,1,non-partner
before_phees_2022-02-22_09-14-37_0000041_labelled_Odin_phee_20.txt,x,A,y,,,,,,,,,,,,,,,,before,phees,2022-02-22,09-14-37,Odin,2022-02-22 09:14:37,AT/MM,1.0,Olympia,33.0,xAynannannannannannannannannannannannannannannan,Anannannannannannannannannannannannannannannan,1,non-partner
before_phees_2022-02-22_09-14-37_0000041_labelled_Odin_pheeseq_19.txt,x,A,A,A,A,A,K,K,T,K,K,K,,,,,,,before,phees,2022-02-22,09-14-37,Odin,2022-02-22 09:14:37,AT/MM,1.0,Olympia,34.0,xAAAAAKKTKKKnannannannannannan,AAAAAKKTKKKnannannannannannan,1,non-partner
before_phees_2022-02-22_09-14-37_0000041_labelled_Odin_pheeseq_25.txt,x,A,P,A,A,y,,,,,,,,,,,,,before,phees,2022-02-22,09-14-37,Odin,2022-02-22 09:14:37,AT/MM,1.0,Olympia,36.0,xAPAAynannannannannannannannannannannannan,APAAnannannannannannannannannannannannan,1,non-partner
before_phees_2022-02-22_09-14-37_0000041_labelled_Odin_pheeseq_27.txt,x,A,P,P,A,A,A,A,K,K,,,,,,,,,before,phees,2022-02-22,09-14-37,Odin,2022-02-22 09:14:37,AT/MM,1.0,Olympia,38.0,xAPPAAAAKKnannannannannannannannan,APPAAAAKKnannannannannannannannan,1,non-partner
before_phees_2022-02-22_09-14-37_0000041_labelled_Odin_pheeseq_26.txt,x,A,A,A,P,,,,,,,,,,,,,,before,phees,2022-02-22,09-14-37,Odin,2022-02-22 09:14:37,AT/MM,1.0,Olympia,41.0,xAAAPnannannannannannannannannannannannannan,AAAPnannannannannannannannannannannannannan,1,non-partner
before_phees_2022-02-22_09-14-37_0000041_labelled_Odin_pheeseq_23.txt,x,A,P,,,,,,,,,,,,,,,,before,phees,2022-02-22,09-14-37,Odin,2022-02-22 09:14:37,AT/MM,1.0,Olympia,44.0,xAPnannannannannannannannannannannannannannannan,APnannannannannannannannannannannannannannannan,1,non-partner
before_phees_2022-02-22_09-14-37_0000041_labelled_Odin_pheeseq_09.txt,x,A,A,A,A,y,,,,,,,,,,,,,before,phees,2022-02-22,09-14-37,Odin,2022-02-22 09:14:37,AT/MM,1.0,Olympia,45.0,xAAAAynannannannannannannannannannannannan,AAAAnannannannannannannannannannannannan,1,non-partner
before_phees_2022-02-22_09-14-37_0000041_labelled_Odin_pheeseq_21.txt,x,A,A,A,A,y,,,,,,,,,,,,,before,phees,2022-02-22,09-14-37,Odin,2022-02-22 09:14:37,AT/MM,1.0,Olympia,46.0,xAAAAynannannannannannannannannannannannan,AAAAnannannannannannannannannannannannan,1,non-partner
before_phees_2022-02-22_09-14-37_0000041_labelled_Odin_pheeseq_08.txt,x,A,P,,,,,,,,,,,,,,,,before,phees,2022-02-22,09-14-37,Odin,2022-02-22 09:14:37,AT/MM,1.0,Olympia,47.0,xAPnannannannannannannannannannannannannannannan,APnannannannannannannannannannannannannannannan,1,non-partner
before_phees_2022-02-22_09-14-37_0000041_labelled_Olympia_pheeseq_50.txt,x,A,A,y,,,,,,,,,,,,,,,before,phees,2022-02-22,09-14-37,Olympia,2022-02-22 09:14:37,AT/MM,1.0,Odin,1.0,xAAynannannannannannannannannannannannannannan,AAnannannannannannannannannannannannannannan,3,non-partner
before_phees_2022-02-22_09-14-37_0000041_labelled_Olympia_phee_64.txt,x,A,y,,,,,,,,,,,,,,,,before,phees,2022-02-22,09-14-37,Olympia,2022-02-22 09:14:37,AT/MM,1.0,Odin,2.0,xAynannannannannannannannannannannannannannannan,Anannannannannannannannannannannannannannannan,3,non-partner
before_phees_2022-02-22_09-14-37_0000041_labelled_Olympia_pheeseq_11.txt,x,A,A,y,,,,,,,,,,,,,,,before,phees,2022-02-22,09-14-37,Olympia,2022-02-22 09:14:37,AT/MM,1.0,Odin,5.0,xAAynannannannannannannannannannannannannannan,AAnannannannannannannannannannannannannannan,1,non-partner
before_phees_2022-02-22_09-14-37_0000041_labelled_Olympia_pheeseq_65.txt,x,A,A,y,,,,,,,,,,,,,,,before,phees,2022-02-22,09-14-37,Olympia,2022-02-22 09:14:37,AT/MM,1.0,Odin,6.0,xAAynannannannannannannannannannannannannannan,AAnannannannannannannannannannannannannannan,3,non-partner
before_phees_2022-02-23_09-24-00_0000042_labelled_Lola_pheeseq_05.txt,x,A,A,y,,,,,,,,,,,,,,,before,phees,2022-02-23,09-24-00,Lola,2022-02-23 09:24:00,AT/MM,1.0,Tabor,1.0,xAAynannannannannannannannannannannannannannan,AAnannannannannannannannannannannannannannan,1,partner
before_phees_2022-02-23_09-24-00_0000042_labelled_Lola_pheeseq_06.txt,x,A,A,y,,,,,,,,,,,,,,,before,phees,2022-02-23,09-24-00,Lola,2022-02-23 09:24:00,AT/MM,1.0,Tabor,2.0,xAAynannannannannannannannannannannannannannan,AAnannannannannannannannannannannannannannan,1,partner
before_trills_2022-02-23_09-24-02_0000042_labelled_Tabor_pheeseq_14.txt,P,A,P,A,A,P,,,,,,,,,,,,,before,trills,2022-02-23,09-24-02,Tabor,2022-02-23 09:24:02,AT/MM,1.0,Lola,1.0,PAPAAPnannannannannannannannannannannannan,PAPAAPnannannannannannannannannannannannan,3,partner
before_trills_2022-02-23_09-24-02_0000042_labelled_Tabor_pheeseq_15.txt,x,A,P,A,A,P,,,,,,,,,,,,,before,trills,2022-02-23,09-24-02,Tabor,2022-02-23 09:24:02,AT/MM,1.0,Lola,2.0,xAPAAPnannannannannannannannannannannannan,APAAPnannannannannannannannannannannannan,3,partner
before_phees_2022-02-25_10-36-24_0000044_labelled_Lola_pheeseq_20.txt,x,A,y,,,,,,,,,,,,,,,,before,phees,2022-02-25,10-36-24,Lola,2022-02-25 10:36:24,AT/MM,1.0,Odin,1.0,xAynannannannannannannannannannannannannannannan,Anannannannannannannannannannannannannannannan,1,non-partner
before_phees_2022-02-25_10-36-24_0000044_labelled_Lola_pheeseq_47.txt,x,A,A,y,,,,,,,,,,,,,,,before,phees,2022-02-25,10-36-24,Lola,2022-02-25 10:36:24,AT/MM,1.0,Odin,2.0,xAAynannannannannannannannannannannannannannan,AAnannannannannannannannannannannannannannan,1,non-partner
before_phees_2022-02-25_10-36-24_0000044_labelled_Lola_pheeseq_64.txt,x,A,A,y,,,,,,,,,,,,,,,before,phees,2022-02-25,10-36-24,Lola,2022-02-25 10:36:24,AT/MM,1.0,Odin,3.0,xAAynannannannannannannannannannannannannannan,AAnannannannannannannannannannannannannannan,1,non-partner
before_phees_2022-02-25_10-36-24_0000044_labelled_Lola_pheeseq_02.txt,x,A,y,,,,,,,,,,,,,,,,before,phees,2022-02-25,10-36-24,Lola,2022-02-25 10:36:24,AT/MM,1.0,Odin,4.0,xAynannannannannannannannannannannannannannannan,Anannannannannannannannannannannannannannannan,1,non-partner
before_phees_2022-02-25_10-36-24_0000044_labelled_Lola_pheeseq_16.txt,x,A,y,,,,,,,,,,,,,,,,before,phees,2022-02-25,10-36-24,Lola,2022-02-25 10:36:24,AT/MM,1.0,Odin,5.0,xAynannannannannannannannannannannannannannannan,Anannannannannannannannannannannannannannannan,1,non-partner
before_phees_2022-02-25_10-36-24_0000044_labelled_Lola_pheeseq_15.txt,x,A,y,,,,,,,,,,,,,,,,before,phees,2022-02-25,10-36-24,Lola,2022-02-25 10:36:24,AT/MM,1.0,Odin,6.0,xAynannannannannannannannannannannannannannannan,Anannannannannannannannannannannannannannannan,1,non-partner
before_phees_2022-02-25_10-36-24_0000044_labelled_Odin_pheeseq_48.txt,x,A,A,P,P,P,P,K,,,,,,,,,,,before,phees,2022-02-25,10-36-24,Odin,2022-02-25 10:36:24,AT/MM,1.0,Lola,1.0,xAAPPPPKnannannannannannannannannannan,AAPPPPKnannannannannannannannannannan,1,non-partner
before_phees_2022-02-25_10-36-24_0000044_labelled_Odin_phee_21.txt,x,R,y,,,,,,,,,,,,,,,,before,phees,2022-02-25,10-36-24,Odin,2022-02-25 10:36:24,AT/MM,1.0,Lola,2.0,xRynannannannannannannannannannannannannannannan,Rnannannannannannannannannannannannannannannan,1,non-partner
before_phees_2022-02-25_10-36-24_0000044_labelled_Odin_pheeseq_59.txt,x,R,A,y,,,,,,,,,,,,,,,before,phees,2022-02-25,10-36-24,Odin,2022-02-25 10:36:24,AT/MM,1.0,Lola,3.0,xRAynannannannannannannannannannannannannannan,RAnannannannannannannannannannannannannannan,1,non-partner
before_phees_2022-02-25_10-36-24_0000044_labelled_Odin_pheeseq_73.txt,x,A,A,y,,,,,,,,,,,,,,,before,phees,2022-02-25,10-36-24,Odin,2022-02-25 10:36:24,AT/MM,1.0,Lola,5.0,xAAynannannannannannannannannannannannannannan,AAnannannannannannannannannannannannannannan,3,non-partner
before_trills_2022-02-25_10-36-26_0000044_labelled_Odin_phee_41.txt,x,A,y,,,,,,,,,,,,,,,,before,trills,2022-02-25,10-36-26,Odin,2022-02-25 10:36:26,AT/MM,1.0,Lola,6.0,xAynannannannannannannannannannannannannannannan,Anannannannannannannannannannannannannannannan,3,non-partner
before_phees_2022-02-25_10-36-24_0000044_labelled_Odin_pheeseq_07.txt,x,R,A,y,,,,,,,,,,,,,,,before,phees,2022-02-25,10-36-24,Odin,2022-02-25 10:36:24,AT/MM,1.0,Lola,7.0,xRAynannannannannannannannannannannannannannan,RAnannannannannannannannannannannannannannan,1,non-partner
before_phees_2022-02-25_10-36-24_0000044_labelled_Odin_phee_77.txt,x,R,y,,,,,,,,,,,,,,,,before,phees,2022-02-25,10-36-24,Odin,2022-02-25 10:36:24,AT/MM,1.0,Lola,8.0,xRynannannannannannannannannannannannannannannan,Rnannannannannannannannannannannannannannannan,3,non-partner
before_phees_2022-02-25_10-36-24_0000044_labelled_Odin_pheeseq_27.txt,x,A,y,,,,,,,,,,,,,,,,before,phees,2022-02-25,10-36-24,Odin,2022-02-25 10:36:24,AT/MM,1.0,Lola,9.0,xAynannannannannannannannannannannannannannannan,Anannannannannannannannannannannannannannannan,1,non-partner
before_phees_2022-02-25_10-36-24_0000044_labelled_Odin_pheeseq_30.txt,x,R,A,A,T,K,K,K,,,,,,,,,,,before,phees,2022-02-25,10-36-24,Odin,2022-02-25 10:36:24,AT/MM,1.0,Lola,10.0,xRAATKKKnannannannannannannannannannan,RAATKKKnannannannannannannannannannan,1,non-partner
before_phees_2022-02-25_10-36-24_0000044_labelled_Odin_pheeseq_54.txt,T,K,K,A,A,A,T,K,K,T,K,T,K,K,T,,,,before,phees,2022-02-25,10-36-24,Odin,2022-02-25 10:36:24,AT/MM,1.0,Lola,11.0,TKKAAATKKTKTKKTnannannan,TKKAAATKKTKTKKTnannannan,1,non-partner
before_phees_2022-02-25_10-36-24_0000044_labelled_Odin_pheeseq_83.txt,x,A,A,y,,,,,,,,,,,,,,,before,phees,2022-02-25,10-36-24,Odin,2022-02-25 10:36:24,AT/MM,1.0,Lola,12.0,xAAynannannannannannannannannannannannannannan,AAnannannannannannannannannannannannannannan,3,non-partner
before_phees_2022-02-25_10-36-24_0000044_labelled_Odin_phee_05.txt,x,A,y,,,,,,,,,,,,,,,,before,phees,2022-02-25,10-36-24,Odin,2022-02-25 10:36:24,AT/MM,1.0,Lola,13.0,xAynannannannannannannannannannannannannannannan,Anannannannannannannannannannannannannannannan,1,non-partner
before_phees_2022-02-25_10-36-24_0000044_labelled_Odin_pheeseq_45.txt,x,A,A,A,y,,,,,,,,,,,,,,before,phees,2022-02-25,10-36-24,Odin,2022-02-25 10:36:24,AT/MM,1.0,Lola,15.0,xAAAynannannannannannannannannannannannannan,AAAnannannannannannannannannannannannannan,1,non-partner
before_phees_2022-02-25_10-36-24_0000044_labelled_Odin_pheeseq_79.txt,x,A,A,y,,,,,,,,,,,,,,,before,phees,2022-02-25,10-36-24,Odin,2022-02-25 10:36:24,AT/MM,1.0,Lola,16.0,xAAynannannannannannannannannannannannannannan,AAnannannannannannannannannannannannannannan,3,non-partner
before_trills_2022-02-25_10-36-26_0000044_labelled_Odin_phee_38.txt,x,R,y,,,,,,,,,,,,,,,,before,trills,2022-02-25,10-36-26,Odin,2022-02-25 10:36:26,AT/MM,1.0,Lola,17.0,xRynannannannannannannannannannannannannannannan,Rnannannannannannannannannannannannannannannan,3,non-partner
before_phees_2022-02-25_10-36-24_0000044_labelled_Odin_pheeseq_44.txt,x,R,T,K,K,T,K,K,,,,,,,,,,,before,phees,2022-02-25,10-36-24,Odin,2022-02-25 10:36:24,AT/MM,1.0,Lola,18.0,xRTKKTKKnannannannannannannannannannan,RTKKTKKnannannannannannannannannannan,1,non-partner
before_phees_2022-02-25_10-36-24_0000044_labelled_Odin_pheeseq_50.txt,x,A,A,y,,,,,,,,,,,,,,,before,phees,2022-02-25,10-36-24,Odin,2022-02-25 10:36:24,AT/MM,1.0,Lola,19.0,xAAynannannannannannannannannannannannannannan,AAnannannannannannannannannannannannannannan,1,non-partner
before_phees_2022-02-25_10-36-24_0000044_labelled_Odin_pheeseq_46.txt,x,A,A,y,,,,,,,,,,,,,,,before,phees,2022-02-25,10-36-24,Odin,2022-02-25 10:36:24,AT/MM,1.0,Lola,20.0,xAAynannannannannannannannannannannannannannan,AAnannannannannannannannannannannannannannan,1,non-partner
before_phees_2022-02-25_10-36-24_0000044_labelled_Odin_pheeseq_84.txt,x,A,A,A,y,,,,,,,,,,,,,,before,phees,2022-02-25,10-36-24,Odin,2022-02-25 10:36:24,AT/MM,1.0,Lola,21.0,xAAAynannannannannannannannannannannannannan,AAAnannannannannannannannannannannannannan,3,non-partner
before_trills_2022-02-28_10-15-58_0000046_labelled_Nougatti_pheeseq_08.txt,x,A,A,P,P,,,,,,,,,,,,,,before,trills,2022-02-28,10-15-58,Nougatti,2022-02-28 10:15:58,AT/MM,1.0,Odin,1.0,xAAPPnannannannannannannannannannannannannan,AAPPnannannannannannannannannannannannannan,1,partner
before_trills_2022-02-28_10-15-58_0000046_labelled_Nougatti_pheeseq_21.txt,x,R,A,P,P,,,,,,,,,,,,,,before,trills,2022-02-28,10-15-58,Nougatti,2022-02-28 10:15:58,AT/MM,1.0,Odin,2.0,xRAPPnannannannannannannannannannannannannan,RAPPnannannannannannannannannannannannannan,1,partner
before_trills_2022-02-28_10-15-58_0000046_labelled_Nougatti_pheeseq_80.txt,x,R,A,P,,,,,,,,,,,,,,,before,trills,2022-02-28,10-15-58,Nougatti,2022-02-28 10:15:58,AT/MM,1.0,Odin,4.0,xRAPnannannannannannannannannannannannannannan,RAPnannannannannannannannannannannannannannan,3,partner
before_trills_2022-02-28_10-15-58_0000046_labelled_Nougatti_pheeseq_96.txt,x,A,A,A,y,,,,,,,,,,,,,,before,trills,2022-02-28,10-15-58,Nougatti,2022-02-28 10:15:58,AT/MM,1.0,Odin,6.0,xAAAynannannannannannannannannannannannannan,AAAnannannannannannannannannannannannannan,3,partner
before_trills_2022-02-28_10-15-58_0000046_labelled_Nougatti_pheeseq_89.txt,x,A,P,,,,,,,,,,,,,,,,before,trills,2022-02-28,10-15-58,Nougatti,2022-02-28 10:15:58,AT/MM,1.0,Odin,7.0,xAPnannannannannannannannannannannannannannannan,APnannannannannannannannannannannannannannannan,3,partner
before_trills_2022-02-28_10-15-58_0000046_labelled_Nougatti_pheeseq_74.txt,x,R,A,A,P,,,,,,,,,,,,,,before,trills,2022-02-28,10-15-58,Nougatti,2022-02-28 10:15:58,AT/MM,1.0,Odin,9.0,xRAAPnannannannannannannannannannannannannan,RAAPnannannannannannannannannannannannannan,3,partner
before_trills_2022-02-28_10-15-58_0000046_labelled_Nougatti_pheeseq_66.txt,x,R,A,P,P,,,,,,,,,,,,,,before,trills,2022-02-28,10-15-58,Nougatti,2022-02-28 10:15:58,AT/MM,1.0,Odin,10.0,xRAPPnannannannannannannannannannannannannan,RAPPnannannannannannannannannannannannannan,3,partner
before_trills_2022-02-28_10-15-58_0000046_labelled_Nougatti_pheeseq_14.txt,x,A,A,P,P,,,,,,,,,,,,,,before,trills,2022-02-28,10-15-58,Nougatti,2022-02-28 10:15:58,AT/MM,1.0,Odin,11.0,xAAPPnannannannannannannannannannannannannan,AAPPnannannannannannannannannannannannannan,1,partner
before_trills_2022-02-28_10-15-58_0000046_labelled_Nougatti_pheeseq_04.txt,x,A,A,A,P,P,,,,,,,,,,,,,before,trills,2022-02-28,10-15-58,Nougatti,2022-02-28 10:15:58,AT/MM,1.0,Odin,12.0,xAAAPPnannannannannannannannannannannannan,AAAPPnannannannannannannannannannannannan,1,partner
before_trills_2022-02-28_10-15-58_0000046_labelled_Odin_phee_23.txt,x,A,y,,,,,,,,,,,,,,,,before,trills,2022-02-28,10-15-58,Odin,2022-02-28 10:15:58,AT/MM,1.0,Nougatti,1.0,xAynannannannannannannannannannannannannannannan,Anannannannannannannannannannannannannannannan,1,partner
before_trills_2022-02-28_10-15-58_0000046_labelled_Odin_phee_19.txt,x,R,y,,,,,,,,,,,,,,,,before,trills,2022-02-28,10-15-58,Odin,2022-02-28 10:15:58,AT/MM,1.0,Nougatti,2.0,xRynannannannannannannannannannannannannannannan,Rnannannannannannannannannannannannannannannan,1,partner
before_phees_2022-02-28_10-15-56_0000046_labelled_Odin_pheeseq_18.txt,x,A,y,,,,,,,,,,,,,,,,before,phees,2022-02-28,10-15-56,Odin,2022-02-28 10:15:56,AT/MM,1.0,Nougatti,3.0,xAynannannannannannannannannannannannannannannan,Anannannannannannannannannannannannannannannan,1,partner
before_trills_2022-02-28_10-15-58_0000046_labelled_Odin_phee_68.txt,x,A,y,,,,,,,,,,,,,,,,before,trills,2022-02-28,10-15-58,Odin,2022-02-28 10:15:58,AT/MM,1.0,Nougatti,4.0,xAynannannannannannannannannannannannannannannan,Anannannannannannannannannannannannannannannan,3,partner
before_trills_2022-02-28_10-15-58_0000046_labelled_Odin_pheeseq_91.txt,x,R,A,y,,,,,,,,,,,,,,,before,trills,2022-02-28,10-15-58,Odin,2022-02-28 10:15:58,AT/MM,1.0,Nougatti,6.0,xRAynannannannannannannannannannannannannannan,RAnannannannannannannannannannannannannannan,3,partner
before_phees_2022-02-28_10-15-56_0000046_labelled_Odin_pheeseq_34.txt,x,R,y,,,,,,,,,,,,,,,,before,phees,2022-02-28,10-15-56,Odin,2022-02-28 10:15:56,AT/MM,1.0,Nougatti,7.0,xRynannannannannannannannannannannannannannannan,Rnannannannannannannannannannannannannannannan,3,partner
before_phees_2022-02-28_10-15-56_0000046_labelled_Odin_pheeseq_20.txt,x,A,P,A,A,A,K,,,,,,,,,,,,before,phees,2022-02-28,10-15-56,Odin,2022-02-28 10:15:56,AT/MM,1.0,Nougatti,8.0,xAPAAAKnannannannannannannannannannannan,APAAAKnannannannannannannannannannannan,1,partner
before_phees_2022-02-28_10-15-56_0000046_labelled_Odin_pheeseq_08.txt,x,A,A,A,P,,,,,,,,,,,,,,before,phees,2022-02-28,10-15-56,Odin,2022-02-28 10:15:56,AT/MM,1.0,Nougatti,9.0,xAAAPnannannannannannannannannannannannannan,AAAPnannannannannannannannannannannannannan,1,partner
before_trills_2022-02-28_10-15-58_0000046_labelled_Odin_pheeseq_65.txt,x,R,A,y,,,,,,,,,,,,,,,before,trills,2022-02-28,10-15-58,Odin,2022-02-28 10:15:58,AT/MM,1.0,Nougatti,11.0,xRAynannannannannannannannannannannannannannan,RAnannannannannannannannannannannannannannan,3,partner
before_phees_2022-02-28_10-15-56_0000046_labelled_Odin_pheeseq_05.txt,x,A,A,A,A,K,,,,,,,,,,,,,before,phees,2022-02-28,10-15-56,Odin,2022-02-28 10:15:56,AT/MM,1.0,Nougatti,12.0,xAAAAKnannannannannannannannannannannannan,AAAAKnannannannannannannannannannannannan,1,partner
before_phees_2022-02-28_10-15-56_0000046_labelled_Odin_pheeseq_11.txt,x,A,A,y,,,,,,,,,,,,,,,before,phees,2022-02-28,10-15-56,Odin,2022-02-28 10:15:56,AT/MM,1.0,Nougatti,13.0,xAAynannannannannannannannannannannannannannan,AAnannannannannannannannannannannannannannan,1,partner
before_phees_2022-02-28_10-15-56_0000046_labelled_Odin_pheeseq_04.txt,x,A,K,A,y,,,,,,,,,,,,,,before,phees,2022-02-28,10-15-56,Odin,2022-02-28 10:15:56,AT/MM,1.0,Nougatti,14.0,xAKAynannannannannannannannannannannannannan,AKAnannannannannannannannannannannannannan,1,partner
before_trills_2022-02-28_10-15-58_0000046_labelled_Odin_phee_98.txt,x,A,y,,,,,,,,,,,,,,,,before,trills,2022-02-28,10-15-58,Odin,2022-02-28 10:15:58,AT/MM,1.0,Nougatti,15.0,xAynannannannannannannannannannannannannannannan,Anannannannannannannannannannannannannannannan,3,partner
before_phees_2022-02-28_10-15-56_0000046_labelled_Odin_pheeseq_02.txt,x,A,A,A,P,P,A,y,,,,,,,,,,,before,phees,2022-02-28,10-15-56,Odin,2022-02-28 10:15:56,AT/MM,1.0,Nougatti,16.0,xAAAPPAynannannannannannannannannannan,AAAPPAnannannannannannannannannannan,1,partner
before_trills_2022-02-28_10-15-58_0000046_labelled_Odin_pheeseq_62.txt,x,A,y,,,,,,,,,,,,,,,,before,trills,2022-02-28,10-15-58,Odin,2022-02-28 10:15:58,AT/MM,1.0,Nougatti,17.0,xAynannannannannannannannannannannannannannannan,Anannannannannannannannannannannannannannannan,3,partner
before_phees_2022-02-28_10-15-56_0000046_labelled_Odin_pheeseq_15.txt,x,A,A,y,,,,,,,,,,,,,,,before,phees,2022-02-28,10-15-56,Odin,2022-02-28 10:15:56,AT/MM,1.0,Nougatti,18.0,xAAynannannannannannannannannannannannannannan,AAnannannannannannannannannannannannannannan,1,partner
before_phees_2022-02-28_10-15-56_0000046_labelled_Odin_pheeseq_01.txt,x,A,A,A,y,,,,,,,,,,,,,,before,phees,2022-02-28,10-15-56,Odin,2022-02-28 10:15:56,AT/MM,1.0,Nougatti,19.0,xAAAynannannannannannannannannannannannannan,AAAnannannannannannannannannannannannannan,1,partner
before_trills_2022-02-28_10-15-58_0000046_labelled_Odin_phee_17.txt,x,A,y,,,,,,,,,,,,,,,,before,trills,2022-02-28,10-15-58,Odin,2022-02-28 10:15:58,AT/MM,1.0,Nougatti,20.0,xAynannannannannannannannannannannannannannannan,Anannannannannannannannannannannannannannannan,1,partner
before_trills_2022-02-28_10-15-58_0000046_labelled_Odin_pheeseq_03.txt,x,A,A,P,P,,,,,,,,,,,,,,before,trills,2022-02-28,10-15-58,Odin,2022-02-28 10:15:58,AT/MM,1.0,Nougatti,21.0,xAAPPnannannannannannannannannannannannannan,AAPPnannannannannannannannannannannannannan,1,partner
before_trills_2022-02-28_10-15-58_0000046_labelled_Odin_phee_12.txt,x,R,y,,,,,,,,,,,,,,,,before,trills,2022-02-28,10-15-58,Odin,2022-02-28 10:15:58,AT/MM,1.0,Nougatti,22.0,xRynannannannannannannannannannannannannannannan,Rnannannannannannannannannannannannannannannan,1,partner
before_phees_2022-02-28_09-34-19_0000045_labelled_Wuschel_pheeseq_02.txt,x,A,A,y,,,,,,,,,,,,,,,before,phees,2022-02-28,09-34-19,Wuschel,2022-02-28 09:34:19,AT/MM,1.0,Olympia,1.0,xAAynannannannannannannannannannannannannannan,AAnannannannannannannannannannannannannannan,1,partner
before_phees_2022-02-28_09-34-19_0000045_labelled_Wuschel_pheeseq_16.txt,x,A,A,y,,,,,,,,,,,,,,,before,phees,2022-02-28,09-34-19,Wuschel,2022-02-28 09:34:19,AT/MM,1.0,Olympia,2.0,xAAynannannannannannannannannannannannannannan,AAnannannannannannannannannannannannannannan,1,partner
before_phees_2022-02-28_09-34-19_0000045_labelled_Wuschel_pheeseq_01.txt,x,A,A,y,,,,,,,,,,,,,,,before,phees,2022-02-28,09-34-19,Wuschel,2022-02-28 09:34:19,AT/MM,1.0,Olympia,3.0,xAAynannannannannannannannannannannannannannan,AAnannannannannannannannannannannannannannan,1,partner
before_phees_2022-02-28_09-34-19_0000045_labelled_Wuschel_pheeseq_14.txt,x,A,A,P,A,P,,,,,,,,,,,,,before,phees,2022-02-28,09-34-19,Wuschel,2022-02-28 09:34:19,AT/MM,1.0,Olympia,4.0,xAAPAPnannannannannannannannannannannannan,AAPAPnannannannannannannannannannannannan,1,partner
before_phees_2022-02-28_09-34-19_0000045_labelled_Wuschel_pheeseq_10.txt,x,A,A,P,A,y,,,,,,,,,,,,,before,phees,2022-02-28,09-34-19,Wuschel,2022-02-28 09:34:19,AT/MM,1.0,Olympia,5.0,xAAPAynannannannannannannannannannannannan,AAPAnannannannannannannannannannannannan,1,partner
before_phees_2022-02-28_09-34-19_0000045_labelled_Wuschel_pheeseq_04.txt,x,A,A,K,K,K,,,,,,,,,,,,,before,phees,2022-02-28,09-34-19,Wuschel,2022-02-28 09:34:19,AT/MM,1.0,Olympia,6.0,xAAKKKnannannannannannannannannannannannan,AAKKKnannannannannannannannannannannannan,1,partner
before_phees_2022-02-28_09-34-19_0000045_labelled_Wuschel_pheeseq_05.txt,x,A,y,,,,,,,,,,,,,,,,before,phees,2022-02-28,09-34-19,Wuschel,2022-02-28 09:34:19,AT/MM,1.0,Olympia,7.0,xAynannannannannannannannannannannannannannannan,Anannannannannannannannannannannannannannannan,1,partner
before_phees_2022-02-28_09-34-19_0000045_labelled_Wuschel_pheeseq_11.txt,x,A,A,y,,,,,,,,,,,,,,,before,phees,2022-02-28,09-34-19,Wuschel,2022-02-28 09:34:19,AT/MM,1.0,Olympia,8.0,xAAynannannannannannannannannannannannannannan,AAnannannannannannannannannannannannannannan,1,partner
before_phees_2022-02-28_09-34-19_0000045_labelled_Wuschel_pheeseq_07.txt,x,A,A,y,,,,,,,,,,,,,,,before,phees,2022-02-28,09-34-19,Wuschel,2022-02-28 09:34:19,AT/MM,1.0,Olympia,9.0,xAAynannannannannannannannannannannannannannan,AAnannannannannannannannannannannannannannan,1,partner
before_phees_2022-02-28_09-34-19_0000045_labelled_Wuschel_pheeseq_13.txt,x,A,A,P,A,P,P,P,K,K,,,,,,,,,before,phees,2022-02-28,09-34-19,Wuschel,2022-02-28 09:34:19,AT/MM,1.0,Olympia,10.0,xAAPAPPPKKnannannannannannannannan,AAPAPPPKKnannannannannannannannan,1,partner
before_phees_2022-02-28_09-34-19_0000045_labelled_Wuschel_pheeseq_12.txt,x,A,A,P,P,P,,,,,,,,,,,,,before,phees,2022-02-28,09-34-19,Wuschel,2022-02-28 09:34:19,AT/MM,1.0,Olympia,11.0,xAAPPPnannannannannannannannannannannannan,AAPPPnannannannannannannannannannannannan,1,partner
before_phees_2022-02-28_09-34-19_0000045_labelled_Wuschel_pheeseq_06.txt,x,A,A,K,K,,,,,,,,,,,,,,before,phees,2022-02-28,09-34-19,Wuschel,2022-02-28 09:34:19,AT/MM,1.0,Olympia,12.0,xAAKKnannannannannannannannannannannannannan,AAKKnannannannannannannannannannannannannan,1,partner
before_phees_2022-02-28_09-34-19_0000045_labelled_Wuschel_pheeseq_52.txt,x,A,A,P,,,,,,,,,,,,,,,before,phees,2022-02-28,09-34-19,Wuschel,2022-02-28 09:34:19,AT/MM,1.0,Olympia,14.0,xAAPnannannannannannannannannannannannannannan,AAPnannannannannannannannannannannannannannan,3,partner
before_phees_2022-02-28_09-34-19_0000045_labelled_Wuschel_pheeseq_47.txt,x,A,A,y,,,,,,,,,,,,,,,before,phees,2022-02-28,09-34-19,Wuschel,2022-02-28 09:34:19,AT/MM,1.0,Olympia,15.0,xAAynannannannannannannannannannannannannannan,AAnannannannannannannannannannannannannannan,3,partner
before_phees_2022-02-28_09-34-19_0000045_labelled_Wuschel_pheeseq_53.txt,x,A,A,P,,,,,,,,,,,,,,,before,phees,2022-02-28,09-34-19,Wuschel,2022-02-28 09:34:19,AT/MM,1.0,Olympia,16.0,xAAPnannannannannannannannannannannannannannan,AAPnannannannannannannannannannannannannannan,3,partner
before_phees_2022-02-28_09-34-19_0000045_labelled_Wuschel_pheeseq_45.txt,x,A,A,P,,,,,,,,,,,,,,,before,phees,2022-02-28,09-34-19,Wuschel,2022-02-28 09:34:19,AT/MM,1.0,Olympia,17.0,xAAPnannannannannannannannannannannannannannan,AAPnannannannannannannannannannannannannannan,3,partner
before_phees_2022-02-28_09-34-19_0000045_labelled_Wuschel_pheeseq_51.txt,x,A,A,K,,,,,,,,,,,,,,,before,phees,2022-02-28,09-34-19,Wuschel,2022-02-28 09:34:19,AT/MM,1.0,Olympia,18.0,xAAKnannannannannannannannannannannannannannan,AAKnannannannannannannannannannannannannannan,3,partner
before_phees_2022-02-28_09-34-19_0000045_labelled_Wuschel_pheeseq_50.txt,x,A,A,P,,,,,,,,,,,,,,,before,phees,2022-02-28,09-34-19,Wuschel,2022-02-28 09:34:19,AT/MM,1.0,Olympia,19.0,xAAPnannannannannannannannannannannannannannan,AAPnannannannannannannannannannannannannannan,3,partner
before_phees_2022-02-28_09-34-19_0000045_labelled_Wuschel_phee_15.txt,x,A,y,,,,,,,,,,,,,,,,before,phees,2022-02-28,09-34-19,Wuschel,2022-02-28 09:34:19,AT/MM,1.0,Olympia,20.0,xAynannannannannannannannannannannannannannannan,Anannannannannannannannannannannannannannannan,1,partner
before_phees_2022-02-28_09-34-19_0000045_labelled_Wuschel_pheeseq_08.txt,x,A,A,K,,,,,,,,,,,,,,,before,phees,2022-02-28,09-34-19,Wuschel,2022-02-28 09:34:19,AT/MM,1.0,Olympia,21.0,xAAKnannannannannannannannannannannannannannan,AAKnannannannannannannannannannannannannannan,1,partner
before_phees_2022-02-28_09-34-19_0000045_labelled_Wuschel_pheeseq_09.txt,x,A,A,A,y,,,,,,,,,,,,,,before,phees,2022-02-28,09-34-19,Wuschel,2022-02-28 09:34:19,AT/MM,1.0,Olympia,22.0,xAAAynannannannannannannannannannannannannan,AAAnannannannannannannannannannannannannan,1,partner
before_phees_2022-03-01_09-22-30_0000047_labelled_Olympia_phee_09.txt,x,A,y,,,,,,,,,,,,,,,,before,phees,2022-03-01,09-22-30,Olympia,2022-03-01 09:22:30,AT/MM,1.0,Tabor,1.0,xAynannannannannannannannannannannannannannannan,Anannannannannannannannannannannannannannannan,1,non-partner
before_phees_2022-03-01_09-22-30_0000047_labelled_Olympia_pheeseq_08.txt,x,A,P,,,,,,,,,,,,,,,,before,phees,2022-03-01,09-22-30,Olympia,2022-03-01 09:22:30,AT/MM,1.0,Tabor,2.0,xAPnannannannannannannannannannannannannannannan,APnannannannannannannannannannannannannannannan,1,non-partner
before_phees_2022-03-01_09-22-30_0000047_labelled_Olympia_pheeseq_05.txt,x,A,y,,,,,,,,,,,,,,,,before,phees,2022-03-01,09-22-30,Olympia,2022-03-01 09:22:30,AT/MM,1.0,Tabor,3.0,xAynannannannannannannannannannannannannannannan,Anannannannannannannannannannannannannannannan,1,non-partner
before_phees_2022-03-01_09-22-30_0000047_labelled_Olympia_pheeseq_04.txt,x,A,A,y,,,,,,,,,,,,,,,before,phees,2022-03-01,09-22-30,Olympia,2022-03-01 09:22:30,AT/MM,1.0,Tabor,4.0,xAAynannannannannannannannannannannannannannan,AAnannannannannannannannannannannannannannan,1,non-partner
before_phees_2022-03-01_09-22-30_0000047_labelled_Olympia_pheeseq_07.txt,x,A,A,K,K,,,,,,,,,,,,,,before,phees,2022-03-01,09-22-30,Olympia,2022-03-01 09:22:30,AT/MM,1.0,Tabor,5.0,xAAKKnannannannannannannannannannannannannan,AAKKnannannannannannannannannannannannannan,1,non-partner
before_phees_2022-03-01_09-22-30_0000047_labelled_Olympia_pheeseq_03.txt,x,A,A,y,,,,,,,,,,,,,,,before,phees,2022-03-01,09-22-30,Olympia,2022-03-01 09:22:30,AT/MM,1.0,Tabor,6.0,xAAynannannannannannannannannannannannannannan,AAnannannannannannannannannannannannannannan,1,non-partner
before_phees_2022-03-01_09-22-30_0000047_labelled_Olympia_pheeseq_02.txt,x,A,y,,,,,,,,,,,,,,,,before,phees,2022-03-01,09-22-30,Olympia,2022-03-01 09:22:30,AT/MM,1.0,Tabor,7.0,xAynannannannannannannannannannannannannannannan,Anannannannannannannannannannannannannannannan,1,non-partner
before_phees_2022-03-01_09-22-30_0000047_labelled_Tabor_pheeseq_01.txt,x,A,A,A,P,,,,,,,,,,,,,,before,phees,2022-03-01,09-22-30,Tabor,2022-03-01 09:22:30,AT/MM,1.0,Olympia,1.0,xAAAPnannannannannannannannannannannannannan,AAAPnannannannannannannannannannannannannan,1,non-partner
before_phees_2022-03-01_09-22-30_0000047_labelled_Tabor_pheeseq_15.txt,x,A,A,A,P,,,,,,,,,,,,,,before,phees,2022-03-01,09-22-30,Tabor,2022-03-01 09:22:30,AT/MM,1.0,Olympia,2.0,xAAAPnannannannannannannannannannannannannan,AAAPnannannannannannannannannannannannannan,3,non-partner
before_phees_2022-03-01_09-22-30_0000047_labelled_Tabor_pheeseq_14.txt,x,A,A,A,P,,,,,,,,,,,,,,before,phees,2022-03-01,09-22-30,Tabor,2022-03-01 09:22:30,AT/MM,1.0,Olympia,3.0,xAAAPnannannannannannannannannannannannannan,AAAPnannannannannannannannannannannannannan,3,non-partner
before_trills_2022-03-03_09-27-19_0000048_labelled_Lola_pheeseqX_03.txt,x,A,P,,,,,,,,,,,,,,,,before,trills,2022-03-03,09-27-19,Lola,2022-03-03 09:27:19,AT/MM,1.0,Wuschel,1.0,xAPnannannannannannannannannannannannannannannan,APnannannannannannannannannannannannannannannan,1,non-partner
before_trills_2022-03-03_10-14-47_0000050_labelled_Nougatti_pheeseq_24.txt,P,A,A,P,P,P,,,,,,,,,,,,,before,trills,2022-03-03,10-14-47,Nougatti,2022-03-03 10:14:47,AT/MM,2.0,Tabor,1.0,PAAPPPnannannannannannannannannannannannan,PAAPPPnannannannannannannannannannannannan,3,non-partner
before_trills_2022-03-03_10-14-47_0000050_labelled_Tabor_pheeseq_02.txt,x,A,A,P,P,,,,,,,,,,,,,,before,trills,2022-03-03,10-14-47,Tabor,2022-03-03 10:14:47,AT/MM,2.0,Nougatti,1.0,xAAPPnannannannannannannannannannannannannan,AAPPnannannannannannannannannannannannannan,1,non-partner
before_trills_2022-03-03_10-14-47_0000050_labelled_Tabor_pheeseq_06.txt,x,A,P,A,A,P,,,,,,,,,,,,,before,trills,2022-03-03,10-14-47,Tabor,2022-03-03 10:14:47,AT/MM,2.0,Nougatti,2.0,xAPAAPnannannannannannannannannannannannan,APAAPnannannannannannannannannannannannan,1,non-partner
before_trills_2022-03-03_10-14-47_0000050_labelled_Tabor_pheeseq_05.txt,x,A,P,A,A,P,y,,,,,,,,,,,,before,trills,2022-03-03,10-14-47,Tabor,2022-03-03 10:14:47,AT/MM,2.0,Nougatti,3.0,xAPAAPynannannannannannannannannannannan,APAAPnannannannannannannannannannannan,1,non-partner
before_trills_2022-03-03_10-14-47_0000050_labelled_Tabor_pheeseq_04.txt,x,A,P,P,A,A,y,,,,,,,,,,,,before,trills,2022-03-03,10-14-47,Tabor,2022-03-03 10:14:47,AT/MM,2.0,Nougatti,4.0,xAPPAAynannannannannannannannannannannan,APPAAnannannannannannannannannannannan,1,non-partner
before_phees_2022-03-04_09-21-06_0000051_labelled_Odin_pheeseq_59.txt,x,A,A,y,,,,,,,,,,,,,,,before,phees,2022-03-04,09-21-06,Odin,2022-03-04 09:21:06,AT/MM,2.0,Olympia,1.0,xAAynannannannannannannannannannannannannannan,AAnannannannannannannannannannannannannannan,3,non-partner
before_phees_2022-03-04_09-21-06_0000051_labelled_Odin_phee_06.txt,x,A,y,,,,,,,,,,,,,,,,before,phees,2022-03-04,09-21-06,Odin,2022-03-04 09:21:06,AT/MM,2.0,Olympia,2.0,xAynannannannannannannannannannannannannannannan,Anannannannannannannannannannannannannannannan,1,non-partner
before_phees_2022-03-04_09-21-06_0000051_labelled_Odin_phee_12.txt,x,A,y,,,,,,,,,,,,,,,,before,phees,2022-03-04,09-21-06,Odin,2022-03-04 09:21:06,AT/MM,2.0,Olympia,3.0,xAynannannannannannannannannannannannannannannan,Anannannannannannannannannannannannannannannan,1,non-partner
before_phees_2022-03-04_09-21-06_0000051_labelled_Odin_pheeseq_10.txt,x,A,P,,,,,,,,,,,,,,,,before,phees,2022-03-04,09-21-06,Odin,2022-03-04 09:21:06,AT/MM,2.0,Olympia,4.0,xAPnannannannannannannannannannannannannannannan,APnannannannannannannannannannannannannannannan,1,non-partner
before_phees_2022-03-04_09-21-06_0000051_labelled_Odin_phee_48.txt,P,A,y,,,,,,,,,,,,,,,,before,phees,2022-03-04,09-21-06,Odin,2022-03-04 09:21:06,AT/MM,2.0,Olympia,5.0,PAynannannannannannannannannannannannannannannan,PAnannannannannannannannannannannannannannannan,3,non-partner
before_phees_2022-03-04_09-21-06_0000051_labelled_Odin_pheeseq_11.txt,x,A,A,A,A,K,K,,,,,,,,,,,,before,phees,2022-03-04,09-21-06,Odin,2022-03-04 09:21:06,AT/MM,2.0,Olympia,6.0,xAAAAKKnannannannannannannannannannannan,AAAAKKnannannannannannannannannannannan,1,non-partner
before_phees_2022-03-04_09-21-06_0000051_labelled_Odin_pheeseq_05.txt,x,A,A,A,A,P,P,,,,,,,,,,,,before,phees,2022-03-04,09-21-06,Odin,2022-03-04 09:21:06,AT/MM,2.0,Olympia,7.0,xAAAAPPnannannannannannannannannannannan,AAAAPPnannannannannannannannannannannan,1,non-partner
before_phees_2022-03-04_09-21-06_0000051_labelled_Odin_pheeseq_13.txt,x,A,A,A,A,K,,,,,,,,,,,,,before,phees,2022-03-04,09-21-06,Odin,2022-03-04 09:21:06,AT/MM,2.0,Olympia,9.0,xAAAAKnannannannannannannannannannannannan,AAAAKnannannannannannannannannannannannan,1,non-partner
before_phees_2022-03-04_09-21-06_0000051_labelled_Odin_pheeseq_07.txt,x,A,A,A,A,y,,,,,,,,,,,,,before,phees,2022-03-04,09-21-06,Odin,2022-03-04 09:21:06,AT/MM,2.0,Olympia,10.0,xAAAAynannannannannannannannannannannannan,AAAAnannannannannannannannannannannannan,1,non-partner
before_phees_2022-03-04_09-21-06_0000051_labelled_Odin_pheeseq_16.txt,x,A,P,,,,,,,,,,,,,,,,before,phees,2022-03-04,09-21-06,Odin,2022-03-04 09:21:06,AT/MM,2.0,Olympia,11.0,xAPnannannannannannannannannannannannannannannan,APnannannannannannannannannannannannannannannan,1,non-partner
before_phees_2022-03-04_09-21-06_0000051_labelled_Odin_pheeseq_03.txt,x,A,A,A,y,,,,,,,,,,,,,,before,phees,2022-03-04,09-21-06,Odin,2022-03-04 09:21:06,AT/MM,2.0,Olympia,12.0,xAAAynannannannannannannannannannannannannan,AAAnannannannannannannannannannannannannan,1,non-partner
before_phees_2022-03-04_09-21-06_0000051_labelled_Odin_pheeseq_17.txt,x,A,A,A,y,,,,,,,,,,,,,,before,phees,2022-03-04,09-21-06,Odin,2022-03-04 09:21:06,AT/MM,2.0,Olympia,13.0,xAAAynannannannannannannannannannannannannan,AAAnannannannannannannannannannannannannan,1,non-partner
before_phees_2022-03-04_09-21-06_0000051_labelled_Odin_pheeseq_15.txt,x,A,A,A,A,y,,,,,,,,,,,,,before,phees,2022-03-04,09-21-06,Odin,2022-03-04 09:21:06,AT/MM,2.0,Olympia,14.0,xAAAAynannannannannannannannannannannannan,AAAAnannannannannannannannannannannannan,1,non-partner
before_phees_2022-03-04_09-21-06_0000051_labelled_Odin_pheeseq_14.txt,x,A,P,,,,,,,,,,,,,,,,before,phees,2022-03-04,09-21-06,Odin,2022-03-04 09:21:06,AT/MM,2.0,Olympia,15.0,xAPnannannannannannannannannannannannannannannan,APnannannannannannannannannannannannannannannan,1,non-partner
before_phees_2022-03-04_09-21-06_0000051_labelled_Odin_pheeseq_25.txt,x,A,P,A,A,A,A,y,,,,,,,,,,,before,phees,2022-03-04,09-21-06,Odin,2022-03-04 09:21:06,AT/MM,2.0,Olympia,16.0,xAPAAAAynannannannannannannannannannan,APAAAAnannannannannannannannannannan,1,non-partner
before_phees_2022-03-04_09-21-06_0000051_labelled_Odin_phee_55.txt,x,A,y,,,,,,,,,,,,,,,,before,phees,2022-03-04,09-21-06,Odin,2022-03-04 09:21:06,AT/MM,2.0,Olympia,18.0,xAynannannannannannannannannannannannannannannan,Anannannannannannannannannannannannannannannan,3,non-partner
before_phees_2022-03-04_09-21-06_0000051_labelled_Odin_pheeseq_24.txt,x,A,A,A,A,y,,,,,,,,,,,,,before,phees,2022-03-04,09-21-06,Odin,2022-03-04 09:21:06,AT/MM,2.0,Olympia,20.0,xAAAAynannannannannannannannannannannannan,AAAAnannannannannannannannannannannannan,1,non-partner
before_phees_2022-03-04_09-21-06_0000051_labelled_Odin_pheeseq_27.txt,x,A,A,A,y,,,,,,,,,,,,,,before,phees,2022-03-04,09-21-06,Odin,2022-03-04 09:21:06,AT/MM,2.0,Olympia,22.0,xAAAynannannannannannannannannannannannannan,AAAnannannannannannannannannannannannannan,1,non-partner
before_phees_2022-03-04_09-21-06_0000051_labelled_Odin_pheeseq_23.txt,x,A,A,y,,,,,,,,,,,,,,,before,phees,2022-03-04,09-21-06,Odin,2022-03-04 09:21:06,AT/MM,2.0,Olympia,25.0,xAAynannannannannannannannannannannannannannan,AAnannannannannannannannannannannannannannan,1,non-partner
before_phees_2022-03-04_09-21-06_0000051_labelled_Odin_phee_47.txt,x,A,y,,,,,,,,,,,,,,,,before,phees,2022-03-04,09-21-06,Odin,2022-03-04 09:21:06,AT/MM,2.0,Olympia,26.0,xAynannannannannannannannannannannannannannannan,Anannannannannannannannannannannannannannannan,3,non-partner
before_phees_2022-03-04_09-21-06_0000051_labelled_Odin_pheeseq_22.txt,x,A,y,,,,,,,,,,,,,,,,before,phees,2022-03-04,09-21-06,Odin,2022-03-04 09:21:06,AT/MM,2.0,Olympia,27.0,xAynannannannannannannannannannannannannannannan,Anannannannannannannannannannannannannannannan,1,non-partner
before_phees_2022-03-04_09-21-06_0000051_labelled_Odin_pheeseq_20.txt,x,A,A,A,A,K,,,,,,,,,,,,,before,phees,2022-03-04,09-21-06,Odin,2022-03-04 09:21:06,AT/MM,2.0,Olympia,29.0,xAAAAKnannannannannannannannannannannannan,AAAAKnannannannannannannannannannannannan,1,non-partner
before_phees_2022-03-04_09-21-06_0000051_labelled_Odin_pheeseq_08.txt,x,A,P,,,,,,,,,,,,,,,,before,phees,2022-03-04,09-21-06,Odin,2022-03-04 09:21:06,AT/MM,2.0,Olympia,31.0,xAPnannannannannannannannannannannannannannannan,APnannannannannannannannannannannannannannannan,1,non-partner
before_phees_2022-03-04_09-21-06_0000051_labelled_Odin_pheeseq_09.txt,x,A,A,A,A,y,,,,,,,,,,,,,before,phees,2022-03-04,09-21-06,Odin,2022-03-04 09:21:06,AT/MM,2.0,Olympia,33.0,xAAAAynannannannannannannannannannannannan,AAAAnannannannannannannannannannannannan,1,non-partner
before_phees_2022-03-04_09-21-06_0000051_labelled_Odin_pheeseq_52.txt,P,A,y,,,,,,,,,,,,,,,,before,phees,2022-03-04,09-21-06,Odin,2022-03-04 09:21:06,AT/MM,2.0,Olympia,35.0,PAynannannannannannannannannannannannannannannan,PAnannannannannannannannannannannannannannannan,3,non-partner
before_phees_2022-03-04_09-21-06_0000051_labelled_Odin_phee_21.txt,x,A,y,,,,,,,,,,,,,,,,before,phees,2022-03-04,09-21-06,Odin,2022-03-04 09:21:06,AT/MM,2.0,Olympia,36.0,xAynannannannannannannannannannannannannannannan,Anannannannannannannannannannannannannannannan,1,non-partner
before_phees_2022-03-04_09-21-06_0000051_labelled_Odin_pheeseq_54.txt,x,A,A,y,,,,,,,,,,,,,,,before,phees,2022-03-04,09-21-06,Odin,2022-03-04 09:21:06,AT/MM,2.0,Olympia,37.0,xAAynannannannannannannannannannannannannannan,AAnannannannannannannannannannannannannannan,3,non-partner
before_phees_2022-03-04_09-21-06_0000051_labelled_Odin_phee_19.txt,x,A,y,,,,,,,,,,,,,,,,before,phees,2022-03-04,09-21-06,Odin,2022-03-04 09:21:06,AT/MM,2.0,Olympia,38.0,xAynannannannannannannannannannannannannannannan,Anannannannannannannannannannannannannannannan,1,non-partner
before_phees_2022-03-04_09-21-06_0000051_labelled_Odin_phee_18.txt,x,A,y,,,,,,,,,,,,,,,,before,phees,2022-03-04,09-21-06,Odin,2022-03-04 09:21:06,AT/MM,2.0,Olympia,39.0,xAynannannannannannannannannannannannannannannan,Anannannannannannannannannannannannannannannan,1,non-partner
before_phees_2022-03-04_09-21-06_0000051_labelled_Olympia_pheeseq_51.txt,x,A,y,,,,,,,,,,,,,,,,before,phees,2022-03-04,09-21-06,Olympia,2022-03-04 09:21:06,AT/MM,2.0,Odin,3.0,xAynannannannannannannannannannannannannannannan,Anannannannannannannannannannannannannannannan,3,non-partner
before_phees_2022-03-04_09-21-06_0000051_labelled_Olympia_pheeseq_02.txt,x,A,A,P,,,,,,,,,,,,,,,before,phees,2022-03-04,09-21-06,Olympia,2022-03-04 09:21:06,AT/MM,2.0,Odin,4.0,xAAPnannannannannannannannannannannannannannan,AAPnannannannannannannannannannannannannannan,1,non-partner
before_phees_2022-03-04_09-21-06_0000051_labelled_Olympia_pheeseq_04.txt,x,A,y,,,,,,,,,,,,,,,,before,phees,2022-03-04,09-21-06,Olympia,2022-03-04 09:21:06,AT/MM,2.0,Odin,5.0,xAynannannannannannannannannannannannannannannan,Anannannannannannannannannannannannannannannan,1,non-partner
before_phees_2022-03-04_09-21-06_0000051_labelled_Olympia_pheeseq_49.txt,x,A,A,y,,,,,,,,,,,,,,,before,phees,2022-03-04,09-21-06,Olympia,2022-03-04 09:21:06,AT/MM,2.0,Odin,6.0,xAAynannannannannannannannannannannannannannan,AAnannannannannannannannannannannannannannan,3,non-partner
before_phees_2022-03-04_09-51-13_0000052_labelled_Tabor_pheeseq_20.txt,x,A,A,A,P,,,,,,,,,,,,,,before,phees,2022-03-04,09-51-13,Tabor,2022-03-04 09:51:13,AT/MM,2.0,Lola,1.0,xAAAPnannannannannannannannannannannannannan,AAAPnannannannannannannannannannannannannan,1,partner
before_phees_2022-03-07_09-19-31_0000054_labelled_Wuschel_pheeseq_08.txt,x,A,A,y,,,,,,,,,,,,,,,before,phees,2022-03-07,09-19-31,Wuschel,2022-03-07 09:19:31,AT/MM,2.0,Lola,1.0,xAAynannannannannannannannannannannannannannan,AAnannannannannannannannannannannannannannan,1,non-partner
before_phees_2022-03-07_09-19-31_0000054_labelled_Wuschel_pheeseq_09.txt,x,A,A,A,y,,,,,,,,,,,,,,before,phees,2022-03-07,09-19-31,Wuschel,2022-03-07 09:19:31,AT/MM,2.0,Lola,2.0,xAAAynannannannannannannannannannannannannan,AAAnannannannannannannannannannannannannan,1,non-partner
before_phees_2022-03-07_09-19-31_0000054_labelled_Wuschel_pheeseq_02.txt,x,A,A,y,,,,,,,,,,,,,,,before,phees,2022-03-07,09-19-31,Wuschel,2022-03-07 09:19:31,AT/MM,2.0,Lola,3.0,xAAynannannannannannannannannannannannannannan,AAnannannannannannannannannannannannannannan,1,non-partner
before_phees_2022-03-07_09-19-31_0000054_labelled_Wuschel_phee_07.txt,x,A,y,,,,,,,,,,,,,,,,before,phees,2022-03-07,09-19-31,Wuschel,2022-03-07 09:19:31,AT/MM,2.0,Lola,4.0,xAynannannannannannannannannannannannannannannan,Anannannannannannannannannannannannannannannan,1,non-partner
before_phees_2022-03-07_09-19-31_0000054_labelled_Wuschel_pheeseq_03.txt,x,A,A,P,S,,,,,,,,,,,,,,before,phees,2022-03-07,09-19-31,Wuschel,2022-03-07 09:19:31,AT/MM,2.0,Lola,5.0,xAAPSnannannannannannannannannannannannannan,AAPSnannannannannannannannannannannannannan,1,non-partner
before_phees_2022-03-07_09-19-31_0000054_labelled_Wuschel_pheeseq_14.txt,x,A,A,P,P,A,y,,,,,,,,,,,,before,phees,2022-03-07,09-19-31,Wuschel,2022-03-07 09:19:31,AT/MM,2.0,Lola,6.0,xAAPPAynannannannannannannannannannannan,AAPPAnannannannannannannannannannannan,1,non-partner
before_phees_2022-03-07_09-19-31_0000054_labelled_Wuschel_pheeseq_04.txt,x,A,A,P,S,,,,,,,,,,,,,,before,phees,2022-03-07,09-19-31,Wuschel,2022-03-07 09:19:31,AT/MM,2.0,Lola,7.0,xAAPSnannannannannannannannannannannannannan,AAPSnannannannannannannannannannannannannan,1,non-partner
before_phees_2022-03-07_09-19-31_0000054_labelled_Wuschel_pheeseq_05.txt,x,A,A,P,P,S,,,,,,,,,,,,,before,phees,2022-03-07,09-19-31,Wuschel,2022-03-07 09:19:31,AT/MM,2.0,Lola,8.0,xAAPPSnannannannannannannannannannannannan,AAPPSnannannannannannannannannannannannan,1,non-partner
before_phees_2022-03-07_09-19-31_0000054_labelled_Wuschel_pheeseq_11.txt,x,A,A,y,,,,,,,,,,,,,,,before,phees,2022-03-07,09-19-31,Wuschel,2022-03-07 09:19:31,AT/MM,2.0,Lola,9.0,xAAynannannannannannannannannannannannannannan,AAnannannannannannannannannannannannannannan,1,non-partner
before_phees_2022-03-07_09-19-31_0000054_labelled_Wuschel_pheeseq_13.txt,x,A,A,y,,,,,,,,,,,,,,,before,phees,2022-03-07,09-19-31,Wuschel,2022-03-07 09:19:31,AT/MM,2.0,Lola,10.0,xAAynannannannannannannannannannannannannannan,AAnannannannannannannannannannannannannannan,1,non-partner
before_phees_2022-03-07_09-19-31_0000054_labelled_Wuschel_pheeseq_12.txt,x,A,A,P,P,A,y,,,,,,,,,,,,before,phees,2022-03-07,09-19-31,Wuschel,2022-03-07 09:19:31,AT/MM,2.0,Lola,11.0,xAAPPAynannannannannannannannannannannan,AAPPAnannannannannannannannannannannan,1,non-partner
before_phees_2022-03-07_09-19-31_0000054_labelled_Wuschel_pheeseq_06.txt,x,A,A,A,P,P,P,,,,,,,,,,,,before,phees,2022-03-07,09-19-31,Wuschel,2022-03-07 09:19:31,AT/MM,2.0,Lola,12.0,xAAAPPPnannannannannannannannannannannan,AAAPPPnannannannannannannannannannannan,1,non-partner
before_trills_2022-03-08_09-46-20_0000014_labelled_Nougatti_pheeseq_48.txt,x,A,A,P,P,,,,,,,,,,,,,,before,trills,2022-03-08,09-46-20,Nougatti,2022-03-08 09:46:20,AT/MM,3.0,Tabor,1.0,xAAPPnannannannannannannannannannannannannan,AAPPnannannannannannannannannannannannannan,3,non-partner
before_trills_2022-03-08_09-46-20_0000014_labelled_Nougatti_pheeseq_29.txt,x,A,A,A,y,,,,,,,,,,,,,,before,trills,2022-03-08,09-46-20,Nougatti,2022-03-08 09:46:20,AT/MM,3.0,Tabor,3.0,xAAAynannannannannannannannannannannannannan,AAAnannannannannannannannannannannannannan,1,non-partner
before_trills_2022-03-08_09-46-20_0000014_labelled_Nougatti_pheeseq_22.txt,x,A,P,,,,,,,,,,,,,,,,before,trills,2022-03-08,09-46-20,Nougatti,2022-03-08 09:46:20,AT/MM,3.0,Tabor,4.0,xAPnannannannannannannannannannannannannannannan,APnannannannannannannannannannannannannannannan,1,non-partner
before_trills_2022-03-08_09-46-20_0000014_labelled_Nougatti_pheeseq_23.txt,x,R,A,y,,,,,,,,,,,,,,,before,trills,2022-03-08,09-46-20,Nougatti,2022-03-08 09:46:20,AT/MM,3.0,Tabor,5.0,xRAynannannannannannannannannannannannannannan,RAnannannannannannannannannannannannannannan,1,non-partner
before_phees_2022-03-08_09-46-19_0000014_labelled_Nougatti_pheeseq_04.txt,T,K,K,K,A,P,,,,,,,,,,,,,before,phees,2022-03-08,09-46-19,Nougatti,2022-03-08 09:46:19,AT/MM,3.0,Tabor,7.0,TKKKAPnannannannannannannannannannannannan,TKKKAPnannannannannannannannannannannannan,1,non-partner
before_trills_2022-03-08_09-46-20_0000014_labelled_Tabor_pheeseq_06.txt,x,R,A,P,,,,,,,,,,,,,,,before,trills,2022-03-08,09-46-20,Tabor,2022-03-08 09:46:20,AT/MM,3.0,Nougatti,1.0,xRAPnannannannannannannannannannannannannannan,RAPnannannannannannannannannannannannannannan,1,non-partner
before_trills_2022-03-08_09-46-20_0000014_labelled_Tabor_pheeseq_47.txt,x,A,A,A,y,,,,,,,,,,,,,,before,trills,2022-03-08,09-46-20,Tabor,2022-03-08 09:46:20,AT/MM,3.0,Nougatti,2.0,xAAAynannannannannannannannannannannannannan,AAAnannannannannannannannannannannannannan,3,non-partner
before_trills_2022-03-08_09-46-20_0000014_labelled_Tabor_pheeseq_09.txt,x,A,A,P,,,,,,,,,,,,,,,before,trills,2022-03-08,09-46-20,Tabor,2022-03-08 09:46:20,AT/MM,3.0,Nougatti,3.0,xAAPnannannannannannannannannannannannannannan,AAPnannannannannannannannannannannannannannan,1,non-partner
before_trills_2022-03-08_09-46-20_0000014_labelled_Tabor_pheeseq_30.txt,x,A,A,A,P,,,,,,,,,,,,,,before,trills,2022-03-08,09-46-20,Tabor,2022-03-08 09:46:20,AT/MM,3.0,Nougatti,4.0,xAAAPnannannannannannannannannannannannannan,AAAPnannannannannannannannannannannannannan,1,non-partner
before_trills_2022-03-09_14-59-43_0000020_labelled_Nougatti_pheeseq_41.txt,x,A,A,P,P,,,,,,,,,,,,,,before,trills,2022-03-09,14-59-43,Nougatti,2022-03-09 14:59:43,EO/MM,2.0,Odin,1.0,xAAPPnannannannannannannannannannannannannan,AAPPnannannannannannannannannannannannannan,1,partner
before_trills_2022-03-09_14-59-43_0000020_labelled_Nougatti_pheeseq_92.txt,x,A,P,,,,,,,,,,,,,,,,before,trills,2022-03-09,14-59-43,Nougatti,2022-03-09 14:59:43,EO/MM,2.0,Odin,2.0,xAPnannannannannannannannannannannannannannannan,APnannannannannannannannannannannannannannannan,3,partner
before_trills_2022-03-09_14-59-43_0000020_labelled_Nougatti_pheeseq_78.txt,x,A,P,,,,,,,,,,,,,,,,before,trills,2022-03-09,14-59-43,Nougatti,2022-03-09 14:59:43,EO/MM,2.0,Odin,3.0,xAPnannannannannannannannannannannannannannannan,APnannannannannannannannannannannannannannannan,3,partner
before_trills_2022-03-09_14-59-43_0000020_labelled_Nougatti_pheeseq_22.txt,x,A,A,A,P,,,,,,,,,,,,,,before,trills,2022-03-09,14-59-43,Nougatti,2022-03-09 14:59:43,EO/MM,2.0,Odin,4.0,xAAAPnannannannannannannannannannannannannan,AAAPnannannannannannannannannannannannannan,1,partner
before_trills_2022-03-09_14-59-43_0000020_labelled_Nougatti_pheeseq_21.txt,x,A,A,A,y,,,,,,,,,,,,,,before,trills,2022-03-09,14-59-43,Nougatti,2022-03-09 14:59:43,EO/MM,2.0,Odin,6.0,xAAAynannannannannannannannannannannannannan,AAAnannannannannannannannannannannannannan,1,partner
before_trills_2022-03-09_14-59-43_0000020_labelled_Nougatti_pheeseq_31.txt,x,R,A,A,A,y,,,,,,,,,,,,,before,trills,2022-03-09,14-59-43,Nougatti,2022-03-09 14:59:43,EO/MM,2.0,Odin,7.0,xRAAAynannannannannannannannannannannannan,RAAAnannannannannannannannannannannannan,1,partner
before_trills_2022-03-09_14-59-43_0000020_labelled_Nougatti_pheeseq_30.txt,x,A,A,A,y,,,,,,,,,,,,,,before,trills,2022-03-09,14-59-43,Nougatti,2022-03-09 14:59:43,EO/MM,2.0,Odin,8.0,xAAAynannannannannannannannannannannannannan,AAAnannannannannannannannannannannannannan,1,partner
before_trills_2022-03-09_14-59-43_0000020_labelled_Nougatti_pheeX_81.txt,x,A,y,,,,,,,,,,,,,,,,before,trills,2022-03-09,14-59-43,Nougatti,2022-03-09 14:59:43,EO/MM,2.0,Odin,10.0,xAynannannannannannannannannannannannannannannan,Anannannannannannannannannannannannannannannan,3,partner
before_trills_2022-03-09_14-59-43_0000020_labelled_Odin_phee_72.txt,x,A,y,,,,,,,,,,,,,,,,before,trills,2022-03-09,14-59-43,Odin,2022-03-09 14:59:43,EO/MM,2.0,Nougatti,2.0,xAynannannannannannannannannannannannannannannan,Anannannannannannannannannannannannannannannan,3,partner
before_trills_2022-03-09_14-59-43_0000020_labelled_Odin_phee_98.txt,x,A,y,,,,,,,,,,,,,,,,before,trills,2022-03-09,14-59-43,Odin,2022-03-09 14:59:43,EO/MM,2.0,Nougatti,3.0,xAynannannannannannannannannannannannannannannan,Anannannannannannannannannannannannannannannan,3,partner
before_trills_2022-03-09_14-59-43_0000020_labelled_Odin_pheeseq_45.txt,x,A,A,y,,,,,,,,,,,,,,,before,trills,2022-03-09,14-59-43,Odin,2022-03-09 14:59:43,EO/MM,2.0,Nougatti,4.0,xAAynannannannannannannannannannannannannannan,AAnannannannannannannannannannannannannannan,1,partner
before_trills_2022-03-09_14-59-43_0000020_labelled_Odin_pheeseq_37.txt,x,A,y,,,,,,,,,,,,,,,,before,trills,2022-03-09,14-59-43,Odin,2022-03-09 14:59:43,EO/MM,2.0,Nougatti,5.0,xAynannannannannannannannannannannannannannannan,Anannannannannannannannannannannannannannannan,1,partner
before_phees_2022-03-09_14-59-42_0000020_labelled_Odin_pheeseq_02.txt,x,A,A,A,y,,,,,,,,,,,,,,before,phees,2022-03-09,14-59-42,Odin,2022-03-09 14:59:42,EO/MM,2.0,Nougatti,6.0,xAAAynannannannannannannannannannannannannan,AAAnannannannannannannannannannannannannan,1,partner
before_phees_2022-03-09_14-59-42_0000020_labelled_Odin_pheeseq_03.txt,x,A,A,y,,,,,,,,,,,,,,,before,phees,2022-03-09,14-59-42,Odin,2022-03-09 14:59:42,EO/MM,2.0,Nougatti,7.0,xAAynannannannannannannannannannannannannannan,AAnannannannannannannannannannannannannannan,1,partner
before_phees_2022-03-09_14-59-42_0000020_labelled_Odin_pheeseq_01.txt,x,R,A,y,,,,,,,,,,,,,,,before,phees,2022-03-09,14-59-42,Odin,2022-03-09 14:59:42,EO/MM,2.0,Nougatti,8.0,xRAynannannannannannannannannannannannannannan,RAnannannannannannannannannannannannannannan,1,partner
before_phees_2022-03-09_14-59-42_0000020_labelled_Odin_pheeseq_15.txt,x,A,A,y,,,,,,,,,,,,,,,before,phees,2022-03-09,14-59-42,Odin,2022-03-09 14:59:42,EO/MM,2.0,Nougatti,9.0,xAAynannannannannannannannannannannannannannan,AAnannannannannannannannannannannannannannan,1,partner
before_phees_2022-03-09_14-59-42_0000020_labelled_Odin_pheeseq_14.txt,x,A,A,y,,,,,,,,,,,,,,,before,phees,2022-03-09,14-59-42,Odin,2022-03-09 14:59:42,EO/MM,2.0,Nougatti,10.0,xAAynannannannannannannannannannannannannannan,AAnannannannannannannannannannannannannannan,1,partner
before_phees_2022-03-09_14-59-42_0000020_labelled_Odin_pheeseq_10.txt,x,A,A,y,,,,,,,,,,,,,,,before,phees,2022-03-09,14-59-42,Odin,2022-03-09 14:59:42,EO/MM,2.0,Nougatti,11.0,xAAynannannannannannannannannannannannannannan,AAnannannannannannannannannannannannannannan,1,partner
before_phees_2022-03-09_14-59-42_0000020_labelled_Odin_pheeseq_11.txt,x,A,A,A,y,,,,,,,,,,,,,,before,phees,2022-03-09,14-59-42,Odin,2022-03-09 14:59:42,EO/MM,2.0,Nougatti,12.0,xAAAynannannannannannannannannannannannannan,AAAnannannannannannannannannannannannannan,1,partner
before_phees_2022-03-09_14-59-42_0000020_labelled_Odin_pheeseq_05.txt,x,A,A,P,,,,,,,,,,,,,,,before,phees,2022-03-09,14-59-42,Odin,2022-03-09 14:59:42,EO/MM,2.0,Nougatti,13.0,xAAPnannannannannannannannannannannannannannan,AAPnannannannannannannannannannannannannannan,1,partner
before_trills_2022-03-09_14-59-43_0000020_labelled_Odin_pheeseq_18.txt,x,R,A,y,,,,,,,,,,,,,,,before,trills,2022-03-09,14-59-43,Odin,2022-03-09 14:59:43,EO/MM,2.0,Nougatti,14.0,xRAynannannannannannannannannannannannannannan,RAnannannannannannannannannannannannannannan,1,partner
before_trills_2022-03-09_14-59-43_0000020_labelled_Odin_pheeseq_24.txt,x,A,A,y,,,,,,,,,,,,,,,before,trills,2022-03-09,14-59-43,Odin,2022-03-09 14:59:43,EO/MM,2.0,Nougatti,15.0,xAAynannannannannannannannannannannannannannan,AAnannannannannannannannannannannannannannan,1,partner
before_phees_2022-03-09_14-59-42_0000020_labelled_Odin_pheeseq_07.txt,P,A,A,y,,,,,,,,,,,,,,,before,phees,2022-03-09,14-59-42,Odin,2022-03-09 14:59:42,EO/MM,2.0,Nougatti,16.0,PAAynannannannannannannannannannannannannannan,PAAnannannannannannannannannannannannannannan,1,partner
before_phees_2022-03-09_14-59-42_0000020_labelled_Odin_pheeseq_12.txt,x,A,A,y,,,,,,,,,,,,,,,before,phees,2022-03-09,14-59-42,Odin,2022-03-09 14:59:42,EO/MM,2.0,Nougatti,17.0,xAAynannannannannannannannannannannannannannan,AAnannannannannannannannannannannannannannan,1,partner
before_trills_2022-03-09_14-59-43_0000020_labelled_Odin_pheeseq_15.txt,x,R,A,y,,,,,,,,,,,,,,,before,trills,2022-03-09,14-59-43,Odin,2022-03-09 14:59:43,EO/MM,2.0,Nougatti,18.0,xRAynannannannannannannannannannannannannannan,RAnannannannannannannannannannannannannannan,1,partner
before_phees_2022-03-09_14-59-42_0000020_labelled_Odin_pheeseq_08.txt,x,A,A,y,,,,,,,,,,,,,,,before,phees,2022-03-09,14-59-42,Odin,2022-03-09 14:59:42,EO/MM,2.0,Nougatti,19.0,xAAynannannannannannannannannannannannannannan,AAnannannannannannannannannannannannannannan,1,partner
before_trills_2022-03-09_14-59-43_0000020_labelled_Odin_pheeseq_38.txt,x,A,y,,,,,,,,,,,,,,,,before,trills,2022-03-09,14-59-43,Odin,2022-03-09 14:59:43,EO/MM,2.0,Nougatti,20.0,xAynannannannannannannannannannannannannannannan,Anannannannannannannannannannannannannannannan,1,partner
before_trills_2022-03-09_14-59-43_0000020_labelled_Odin_phee_35.txt,x,A,y,,,,,,,,,,,,,,,,before,trills,2022-03-09,14-59-43,Odin,2022-03-09 14:59:43,EO/MM,2.0,Nougatti,21.0,xAynannannannannannannannannannannannannannannan,Anannannannannannannannannannannannannannannan,1,partner
before_trills_2022-03-09_14-59-43_0000020_labelled_Odin_pheeseq_75.txt,x,R,y,,,,,,,,,,,,,,,,before,trills,2022-03-09,14-59-43,Odin,2022-03-09 14:59:43,EO/MM,2.0,Nougatti,23.0,xRynannannannannannannannannannannannannannannan,Rnannannannannannannannannannannannannannannan,3,partner
before_trills_2022-03-09_14-59-43_0000020_labelled_Odin_pheeseq_74.txt,x,R,A,y,,,,,,,,,,,,,,,before,trills,2022-03-09,14-59-43,Odin,2022-03-09 14:59:43,EO/MM,2.0,Nougatti,24.0,xRAynannannannannannannannannannannannannannan,RAnannannannannannannannannannannannannannan,3,partner
before_trills_2022-03-09_13-56-45_0000018_labelled_Tabor_pheeseq_18.txt,P,A,A,P,,,,,,,,,,,,,,,before,trills,2022-03-09,13-56-45,Tabor,2022-03-09 13:56:45,EO/MM,2.0,Olympia,1.0,PAAPnannannannannannannannannannannannannannan,PAAPnannannannannannannannannannannannannannan,3,non-partner
before_trills_2022-03-09_13-56-45_0000018_labelled_Tabor_pheeseq_05.txt,x,A,A,A,P,,,,,,,,,,,,,,before,trills,2022-03-09,13-56-45,Tabor,2022-03-09 13:56:45,EO/MM,2.0,Olympia,2.0,xAAAPnannannannannannannannannannannannannan,AAAPnannannannannannannannannannannannannan,1,non-partner
before_trills_2022-03-09_13-56-45_0000018_labelled_Tabor_pheeseq_15.txt,P,A,P,,,,,,,,,,,,,,,,before,trills,2022-03-09,13-56-45,Tabor,2022-03-09 13:56:45,EO/MM,2.0,Olympia,3.0,PAPnannannannannannannannannannannannannannannan,PAPnannannannannannannannannannannannannannannan,3,non-partner
before_trills_2022-03-09_13-56-45_0000018_labelled_Tabor_pheeseq_02.txt,x,A,A,P,A,P,,,,,,,,,,,,,before,trills,2022-03-09,13-56-45,Tabor,2022-03-09 13:56:45,EO/MM,2.0,Olympia,4.0,xAAPAPnannannannannannannannannannannannan,AAPAPnannannannannannannannannannannannan,1,non-partner
before_trills_2022-03-10_09-28-14_0000022_labelled_Lola_pheeseq_14.txt,x,R,A,P,,,,,,,,,,,,,,,before,trills,2022-03-10,09-28-14,Lola,2022-03-10 09:28:14,EO/MM,3.0,Tabor,1.0,xRAPnannannannannannannannannannannannannannan,RAPnannannannannannannannannannannannannannan,1,partner
before_trills_2022-03-10_09-28-14_0000022_labelled_Lola_pheeseq_14.txt,x,R,A,P,,,,,,,,,,,,,,,before,trills,2022-03-10,09-28-14,Lola,2022-03-10 09:28:14,EO/MM,3.0,Tabor,2.0,xRAPnannannannannannannannannannannannannannan,RAPnannannannannannannannannannannannannannan,1,partner
before_phees_2022-03-10_10-59-37_0000025_labelled_Nougatti_pheeseq_16.txt,x,A,P,A,y,,,,,,,,,,,,,,before,phees,2022-03-10,10-59-37,Nougatti,2022-03-10 10:59:37,EO/MM,1.0,Wuschel,4.0,xAPAynannannannannannannannannannannannannan,APAnannannannannannannannannannannannannan,3,non-partner
before_phees_2022-03-10_10-59-37_0000025_labelled_Nougatti_pheeseq_15.txt,x,A,A,y,,,,,,,,,,,,,,,before,phees,2022-03-10,10-59-37,Nougatti,2022-03-10 10:59:37,EO/MM,1.0,Wuschel,6.0,xAAynannannannannannannannannannannannannannan,AAnannannannannannannannannannannannannannan,3,non-partner
before_phees_2022-03-10_10-59-37_0000025_labelled_Nougatti_pheeseq_14.txt,x,A,y,,,,,,,,,,,,,,,,before,phees,2022-03-10,10-59-37,Nougatti,2022-03-10 10:59:37,EO/MM,1.0,Wuschel,7.0,xAynannannannannannannannannannannannannannannan,Anannannannannannannannannannannannannannannan,3,non-partner
before_trills_2022-03-10_10-59-36_0000025_labelled_Nougatti_pheeseq_02.txt,x,A,A,P,,,,,,,,,,,,,,,before,trills,2022-03-10,10-59-36,Nougatti,2022-03-10 10:59:36,EO/MM,1.0,Wuschel,8.0,xAAPnannannannannannannannannannannannannannan,AAPnannannannannannannannannannannannannannan,1,non-partner
before_trills_2022-03-10_10-59-36_0000025_labelled_Nougatti_pheeseq_03.txt,x,A,A,A,y,,,,,,,,,,,,,,before,trills,2022-03-10,10-59-36,Nougatti,2022-03-10 10:59:36,EO/MM,1.0,Wuschel,9.0,xAAAynannannannannannannannannannannannannan,AAAnannannannannannannannannannannannannan,1,non-partner
before_trills_2022-03-10_10-59-36_0000025_labelled_Nougatti_pheeseq_06.txt,x,A,A,A,P,,,,,,,,,,,,,,before,trills,2022-03-10,10-59-36,Nougatti,2022-03-10 10:59:36,EO/MM,1.0,Wuschel,10.0,xAAAPnannannannannannannannannannannannannan,AAAPnannannannannannannannannannannannannan,1,non-partner
before_trills_2022-03-10_10-59-36_0000025_labelled_Nougatti_pheeseq_04.txt,x,A,A,A,P,,,,,,,,,,,,,,before,trills,2022-03-10,10-59-36,Nougatti,2022-03-10 10:59:36,EO/MM,1.0,Wuschel,11.0,xAAAPnannannannannannannannannannannannannan,AAAPnannannannannannannannannannannannannan,1,non-partner
before_trills_2022-03-10_10-59-36_0000025_labelled_Nougatti_pheeseq_05.txt,x,A,P,,,,,,,,,,,,,,,,before,trills,2022-03-10,10-59-36,Nougatti,2022-03-10 10:59:36,EO/MM,1.0,Wuschel,12.0,xAPnannannannannannannannannannannannannannannan,APnannannannannannannannannannannannannannannan,1,non-partner
before_trills_2022-03-10_10-59-36_0000025_labelled_Nougatti_pheeseq_08.txt,x,A,A,A,P,,,,,,,,,,,,,,before,trills,2022-03-10,10-59-36,Nougatti,2022-03-10 10:59:36,EO/MM,1.0,Wuschel,13.0,xAAAPnannannannannannannannannannannannannan,AAAPnannannannannannannannannannannannannan,1,non-partner
before_trills_2022-03-10_10-59-36_0000025_labelled_Nougatti_pheeseq_22.txt,x,A,A,P,P,P,,,,,,,,,,,,,before,trills,2022-03-10,10-59-36,Nougatti,2022-03-10 10:59:36,EO/MM,1.0,Wuschel,16.0,xAAPPPnannannannannannannannannannannannan,AAPPPnannannannannannannannannannannannan,3,non-partner
before_phees_2022-03-10_10-59-37_0000025_labelled_Nougatti_pheeseq_19.txt,x,A,P,A,y,,,,,,,,,,,,,,before,phees,2022-03-10,10-59-37,Nougatti,2022-03-10 10:59:37,EO/MM,1.0,Wuschel,17.0,xAPAynannannannannannannannannannannannannan,APAnannannannannannannannannannannannannan,3,non-partner
before_phees_2022-03-10_10-59-37_0000025_labelled_Nougatti_pheeseq_24.txt,x,A,A,y,,,,,,,,,,,,,,,before,phees,2022-03-10,10-59-37,Nougatti,2022-03-10 10:59:37,EO/MM,1.0,Wuschel,18.0,xAAynannannannannannannannannannannannannannan,AAnannannannannannannannannannannannannannan,3,non-partner
before_phees_2022-03-10_10-59-37_0000025_labelled_Nougatti_pheeseq_18.txt,x,A,P,A,y,,,,,,,,,,,,,,before,phees,2022-03-10,10-59-37,Nougatti,2022-03-10 10:59:37,EO/MM,1.0,Wuschel,19.0,xAPAynannannannannannannannannannannannannan,APAnannannannannannannannannannannannannan,3,non-partner
before_phees_2022-03-10_10-59-37_0000025_labelled_Nougatti_pheeseq_23.txt,x,A,P,A,y,,,,,,,,,,,,,,before,phees,2022-03-10,10-59-37,Nougatti,2022-03-10 10:59:37,EO/MM,1.0,Wuschel,20.0,xAPAynannannannannannannannannannannannannan,APAnannannannannannannannannannannannannan,3,non-partner
before_phees_2022-03-10_10-59-37_0000025_labelled_Nougatti_pheeseq_22.txt,x,A,y,,,,,,,,,,,,,,,,before,phees,2022-03-10,10-59-37,Nougatti,2022-03-10 10:59:37,EO/MM,1.0,Wuschel,21.0,xAynannannannannannannannannannannannannannannan,Anannannannannannannannannannannannannannannan,3,non-partner
before_phees_2022-03-10_10-59-37_0000025_labelled_Nougatti_pheeseq_21.txt,x,A,P,A,y,,,,,,,,,,,,,,before,phees,2022-03-10,10-59-37,Nougatti,2022-03-10 10:59:37,EO/MM,1.0,Wuschel,22.0,xAPAynannannannannannannannannannannannannan,APAnannannannannannannannannannannannannan,3,non-partner
before_phees_2022-03-10_10-18-58_0000024_labelled_Odin_pheeseq_17.txt,x,A,A,A,y,,,,,,,,,,,,,,before,phees,2022-03-10,10-18-58,Odin,2022-03-10 10:18:58,EO/MM,3.0,Olympia,1.0,xAAAynannannannannannannannannannannannannan,AAAnannannannannannannannannannannannannan,3,non-partner
before_phees_2022-03-10_10-18-58_0000024_labelled_Odin_pheeseq_17.txt,x,A,A,A,y,,,,,,,,,,,,,,before,phees,2022-03-10,10-18-58,Odin,2022-03-10 10:18:58,EO/MM,3.0,Olympia,2.0,xAAAynannannannannannannannannannannannannan,AAAnannannannannannannannannannannannannan,3,non-partner
before_phees_2022-03-10_10-18-58_0000024_labelled_Odin_pheeseq_02.txt,x,R,A,y,,,,,,,,,,,,,,,before,phees,2022-03-10,10-18-58,Odin,2022-03-10 10:18:58,EO/MM,3.0,Olympia,3.0,xRAynannannannannannannannannannannannannannan,RAnannannannannannannannannannannannannannan,1,non-partner
before_phees_2022-03-10_10-18-58_0000024_labelled_Odin_pheeseq_02.txt,x,R,A,y,,,,,,,,,,,,,,,before,phees,2022-03-10,10-18-58,Odin,2022-03-10 10:18:58,EO/MM,3.0,Olympia,4.0,xRAynannannannannannannannannannannannannannan,RAnannannannannannannannannannannannannannan,1,non-partner
before_phees_2022-03-10_10-18-58_0000024_labelled_Odin_pheeseq_16.txt,x,A,A,P,,,,,,,,,,,,,,,before,phees,2022-03-10,10-18-58,Odin,2022-03-10 10:18:58,EO/MM,3.0,Olympia,5.0,xAAPnannannannannannannannannannannannannannan,AAPnannannannannannannannannannannannannannan,3,non-partner
before_phees_2022-03-10_10-18-58_0000024_labelled_Odin_pheeseq_16.txt,x,A,A,P,,,,,,,,,,,,,,,before,phees,2022-03-10,10-18-58,Odin,2022-03-10 10:18:58,EO/MM,3.0,Olympia,6.0,xAAPnannannannannannannannannannannannannannan,AAPnannannannannannannannannannannannannannan,3,non-partner
before_phees_2022-03-10_10-18-58_0000024_labelled_Odin_pheeseq_05.txt,x,A,A,y,,,,,,,,,,,,,,,before,phees,2022-03-10,10-18-58,Odin,2022-03-10 10:18:58,EO/MM,3.0,Olympia,9.0,xAAynannannannannannannannannannannannannannan,AAnannannannannannannannannannannannannannan,1,non-partner
before_phees_2022-03-10_10-18-58_0000024_labelled_Odin_pheeseq_05.txt,x,A,A,y,,,,,,,,,,,,,,,before,phees,2022-03-10,10-18-58,Odin,2022-03-10 10:18:58,EO/MM,3.0,Olympia,10.0,xAAynannannannannannannannannannannannannannan,AAnannannannannannannannannannannannannannan,1,non-partner
before_phees_2022-03-10_10-18-58_0000024_labelled_Odin_pheeseq_04.txt,x,A,A,y,,,,,,,,,,,,,,,before,phees,2022-03-10,10-18-58,Odin,2022-03-10 10:18:58,EO/MM,3.0,Olympia,11.0,xAAynannannannannannannannannannannannannannan,AAnannannannannannannannannannannannannannan,1,non-partner
before_phees_2022-03-10_10-18-58_0000024_labelled_Odin_pheeseq_04.txt,x,A,A,y,,,,,,,,,,,,,,,before,phees,2022-03-10,10-18-58,Odin,2022-03-10 10:18:58,EO/MM,3.0,Olympia,12.0,xAAynannannannannannannannannannannannannannan,AAnannannannannannannannannannannannannannan,1,non-partner
before_trills_2022-03-10_10-18-58_0000024_labelled_Odin_phee_21.txt,x,A,y,,,,,,,,,,,,,,,,before,trills,2022-03-10,10-18-58,Odin,2022-03-10 10:18:58,EO/MM,3.0,Olympia,13.0,xAynannannannannannannannannannannannannannannan,Anannannannannannannannannannannannannannannan,1,non-partner
before_trills_2022-03-10_10-18-58_0000024_labelled_Odin_phee_21.txt,x,A,y,,,,,,,,,,,,,,,,before,trills,2022-03-10,10-18-58,Odin,2022-03-10 10:18:58,EO/MM,3.0,Olympia,14.0,xAynannannannannannannannannannannannannannannan,Anannannannannannannannannannannannannannannan,1,non-partner
before_trills_2022-03-10_10-18-58_0000024_labelled_Odin_pheeseq_02.txt,x,R,A,y,,,,,,,,,,,,,,,before,trills,2022-03-10,10-18-58,Odin,2022-03-10 10:18:58,EO/MM,3.0,Olympia,15.0,xRAynannannannannannannannannannannannannannan,RAnannannannannannannannannannannannannannan,1,non-partner
before_trills_2022-03-10_10-18-58_0000024_labelled_Odin_pheeseq_02.txt,x,R,A,y,,,,,,,,,,,,,,,before,trills,2022-03-10,10-18-58,Odin,2022-03-10 10:18:58,EO/MM,3.0,Olympia,16.0,xRAynannannannannannannannannannannannannannan,RAnannannannannannannannannannannannannannan,1,non-partner
before_phees_2022-03-10_10-18-58_0000024_labelled_Odin_pheeseq_18.txt,x,A,A,A,y,,,,,,,,,,,,,,before,phees,2022-03-10,10-18-58,Odin,2022-03-10 10:18:58,EO/MM,3.0,Olympia,17.0,xAAAynannannannannannannannannannannannannan,AAAnannannannannannannannannannannannannan,3,non-partner
before_phees_2022-03-10_10-18-58_0000024_labelled_Odin_pheeseq_18.txt,x,A,A,A,y,,,,,,,,,,,,,,before,phees,2022-03-10,10-18-58,Odin,2022-03-10 10:18:58,EO/MM,3.0,Olympia,18.0,xAAAynannannannannannannannannannannannannan,AAAnannannannannannannannannannannannannan,3,non-partner
before_phees_2022-03-10_10-18-58_0000024_labelled_Odin_pheeseq_19.txt,x,A,P,P,P,A,A,P,A,y,,,,,,,,,before,phees,2022-03-10,10-18-58,Odin,2022-03-10 10:18:58,EO/MM,3.0,Olympia,19.0,xAPPPAAPAynannannannannannannannan,APPPAAPAnannannannannannannannan,3,non-partner
before_phees_2022-03-10_10-18-58_0000024_labelled_Odin_pheeseq_19.txt,x,A,P,P,P,A,A,P,A,y,,,,,,,,,before,phees,2022-03-10,10-18-58,Odin,2022-03-10 10:18:58,EO/MM,3.0,Olympia,20.0,xAPPPAAPAynannannannannannannannan,APPPAAPAnannannannannannannannan,3,non-partner
before_trills_2022-03-10_10-18-58_0000024_labelled_Odin_pheeseq_15.txt,x,A,A,y,,,,,,,,,,,,,,,before,trills,2022-03-10,10-18-58,Odin,2022-03-10 10:18:58,EO/MM,3.0,Olympia,21.0,xAAynannannannannannannannannannannannannannan,AAnannannannannannannannannannannannannannan,1,non-partner
before_trills_2022-03-10_10-18-58_0000024_labelled_Odin_pheeseq_15.txt,x,A,A,y,,,,,,,,,,,,,,,before,trills,2022-03-10,10-18-58,Odin,2022-03-10 10:18:58,EO/MM,3.0,Olympia,22.0,xAAynannannannannannannannannannannannannannan,AAnannannannannannannannannannannannannannan,1,non-partner
before_trills_2022-03-10_10-18-58_0000024_labelled_Olympia_phee_08.txt,x,A,y,,,,,,,,,,,,,,,,before,trills,2022-03-10,10-18-58,Olympia,2022-03-10 10:18:58,EO/MM,3.0,Odin,1.0,xAynannannannannannannannannannannannannannannan,Anannannannannannannannannannannannannannannan,1,non-partner
before_trills_2022-03-10_10-18-58_0000024_labelled_Olympia_phee_08.txt,x,A,y,,,,,,,,,,,,,,,,before,trills,2022-03-10,10-18-58,Olympia,2022-03-10 10:18:58,EO/MM,3.0,Odin,2.0,xAynannannannannannannannannannannannannannannan,Anannannannannannannannannannannannannannannan,1,non-partner
before_phees_2022-03-10_10-18-58_0000024_labelled_Olympia_pheeseqX_22.txt,x,A,A,y,,,,,,,,,,,,,,,before,phees,2022-03-10,10-18-58,Olympia,2022-03-10 10:18:58,EO/MM,3.0,Odin,11.0,xAAynannannannannannannannannannannannannannan,AAnannannannannannannannannannannannannannan,3,non-partner
before_phees_2022-03-10_10-18-58_0000024_labelled_Olympia_pheeseqX_22.txt,x,A,A,y,,,,,,,,,,,,,,,before,phees,2022-03-10,10-18-58,Olympia,2022-03-10 10:18:58,EO/MM,3.0,Odin,12.0,xAAynannannannannannannannannannannannannannan,AAnannannannannannannannannannannannannannan,3,non-partner
before_phees_2022-03-10_10-18-58_0000024_labelled_Olympia_pheeseq_20.txt,x,A,A,y,,,,,,,,,,,,,,,before,phees,2022-03-10,10-18-58,Olympia,2022-03-10 10:18:58,EO/MM,3.0,Odin,13.0,xAAynannannannannannannannannannannannannannan,AAnannannannannannannannannannannannannannan,3,non-partner
before_phees_2022-03-10_10-18-58_0000024_labelled_Olympia_pheeseq_20.txt,x,A,A,y,,,,,,,,,,,,,,,before,phees,2022-03-10,10-18-58,Olympia,2022-03-10 10:18:58,EO/MM,3.0,Odin,14.0,xAAynannannannannannannannannannannannannannan,AAnannannannannannannannannannannannannannan,3,non-partner
before_phees_2022-03-10_10-18-58_0000024_labelled_Olympia_pheeseq_21.txt,x,A,A,y,,,,,,,,,,,,,,,before,phees,2022-03-10,10-18-58,Olympia,2022-03-10 10:18:58,EO/MM,3.0,Odin,15.0,xAAynannannannannannannannannannannannannannan,AAnannannannannannannannannannannannannannan,3,non-partner
before_phees_2022-03-10_10-18-58_0000024_labelled_Olympia_pheeseq_21.txt,x,A,A,y,,,,,,,,,,,,,,,before,phees,2022-03-10,10-18-58,Olympia,2022-03-10 10:18:58,EO/MM,3.0,Odin,16.0,xAAynannannannannannannannannannannannannannan,AAnannannannannannannannannannannannannannan,3,non-partner
before_phees_2022-03-10_10-18-58_0000024_labelled_Olympia_pheeseq_23.txt,x,A,A,y,,,,,,,,,,,,,,,before,phees,2022-03-10,10-18-58,Olympia,2022-03-10 10:18:58,EO/MM,3.0,Odin,17.0,xAAynannannannannannannannannannannannannannan,AAnannannannannannannannannannannannannannan,3,non-partner
before_phees_2022-03-10_10-18-58_0000024_labelled_Olympia_pheeseq_23.txt,x,A,A,y,,,,,,,,,,,,,,,before,phees,2022-03-10,10-18-58,Olympia,2022-03-10 10:18:58,EO/MM,3.0,Odin,18.0,xAAynannannannannannannannannannannannannannan,AAnannannannannannannannannannannannannannan,3,non-partner
before_phees_2022-03-10_10-18-58_0000024_labelled_Olympia_pheeseq_24.txt,x,A,A,y,,,,,,,,,,,,,,,before,phees,2022-03-10,10-18-58,Olympia,2022-03-10 10:18:58,EO/MM,3.0,Odin,19.0,xAAynannannannannannannannannannannannannannan,AAnannannannannannannannannannannannannannan,3,non-partner
before_phees_2022-03-10_10-18-58_0000024_labelled_Olympia_pheeseq_24.txt,x,A,A,y,,,,,,,,,,,,,,,before,phees,2022-03-10,10-18-58,Olympia,2022-03-10 10:18:58,EO/MM,3.0,Odin,20.0,xAAynannannannannannannannannannannannannannan,AAnannannannannannannannannannannannannannan,3,non-partner
before_trills_2022-03-10_09-28-14_0000022_labelled_Tabor_pheeseq_05.txt,x,A,A,A,P,,,,,,,,,,,,,,before,trills,2022-03-10,09-28-14,Tabor,2022-03-10 09:28:14,EO/MM,3.0,Lola,1.0,xAAAPnannannannannannannannannannannannannan,AAAPnannannannannannannannannannannannannan,1,partner
before_trills_2022-03-10_09-28-14_0000022_labelled_Tabor_pheeseq_05.txt,x,A,A,A,P,,,,,,,,,,,,,,before,trills,2022-03-10,09-28-14,Tabor,2022-03-10 09:28:14,EO/MM,3.0,Lola,2.0,xAAAPnannannannannannannannannannannannannan,AAAPnannannannannannannannannannannannannan,1,partner
before_trills_2022-03-10_09-28-14_0000022_labelled_Tabor_pheeseq_04.txt,x,A,A,P,,,,,,,,,,,,,,,before,trills,2022-03-10,09-28-14,Tabor,2022-03-10 09:28:14,EO/MM,3.0,Lola,3.0,xAAPnannannannannannannannannannannannannannan,AAPnannannannannannannannannannannannannannan,1,partner
before_trills_2022-03-10_09-28-14_0000022_labelled_Tabor_pheeseq_04.txt,x,A,A,P,,,,,,,,,,,,,,,before,trills,2022-03-10,09-28-14,Tabor,2022-03-10 09:28:14,EO/MM,3.0,Lola,4.0,xAAPnannannannannannannannannannannannannannan,AAPnannannannannannannannannannannannannannan,1,partner
before_trills_2022-03-10_09-28-14_0000022_labelled_Tabor_pheeseq_06.txt,x,A,P,P,A,P,P,,,,,,,,,,,,before,trills,2022-03-10,09-28-14,Tabor,2022-03-10 09:28:14,EO/MM,3.0,Lola,5.0,xAPPAPPnannannannannannannannannannannan,APPAPPnannannannannannannannannannannan,1,partner
before_trills_2022-03-10_09-28-14_0000022_labelled_Tabor_pheeseq_06.txt,x,A,P,P,A,P,P,,,,,,,,,,,,before,trills,2022-03-10,09-28-14,Tabor,2022-03-10 09:28:14,EO/MM,3.0,Lola,6.0,xAPPAPPnannannannannannannannannannannan,APPAPPnannannannannannannannannannannan,1,partner
before_trills_2022-03-10_09-28-14_0000022_labelled_Tabor_pheeseq_13.txt,P,A,A,P,P,,,,,,,,,,,,,,before,trills,2022-03-10,09-28-14,Tabor,2022-03-10 09:28:14,EO/MM,3.0,Lola,7.0,PAAPPnannannannannannannannannannannannannan,PAAPPnannannannannannannannannannannannannan,1,partner
before_trills_2022-03-10_09-28-14_0000022_labelled_Tabor_pheeseq_13.txt,P,A,A,P,P,,,,,,,,,,,,,,before,trills,2022-03-10,09-28-14,Tabor,2022-03-10 09:28:14,EO/MM,3.0,Lola,8.0,PAAPPnannannannannannannannannannannannannan,PAAPPnannannannannannannannannannannannannan,1,partner
before_trills_2022-03-10_09-28-14_0000022_labelled_Tabor_pheeseq_03.txt,x,R,P,P,,,,,,,,,,,,,,,before,trills,2022-03-10,09-28-14,Tabor,2022-03-10 09:28:14,EO/MM,3.0,Lola,9.0,xRPPnannannannannannannannannannannannannannan,RPPnannannannannannannannannannannannannannan,1,partner
before_trills_2022-03-10_09-28-14_0000022_labelled_Tabor_pheeseq_03.txt,x,R,P,P,,,,,,,,,,,,,,,before,trills,2022-03-10,09-28-14,Tabor,2022-03-10 09:28:14,EO/MM,3.0,Lola,10.0,xRPPnannannannannannannannannannannannannannan,RPPnannannannannannannannannannannannannannan,1,partner
before_trills_2022-03-10_09-28-14_0000022_labelled_Tabor_pheeseq_02.txt,x,A,P,P,A,P,,,,,,,,,,,,,before,trills,2022-03-10,09-28-14,Tabor,2022-03-10 09:28:14,EO/MM,3.0,Lola,11.0,xAPPAPnannannannannannannannannannannannan,APPAPnannannannannannannannannannannannan,1,partner
before_trills_2022-03-10_09-28-14_0000022_labelled_Tabor_pheeseq_02.txt,x,A,P,P,A,P,,,,,,,,,,,,,before,trills,2022-03-10,09-28-14,Tabor,2022-03-10 09:28:14,EO/MM,3.0,Lola,12.0,xAPPAPnannannannannannannannannannannannan,APPAPnannannannannannannannannannannannan,1,partner
before_trills_2022-03-10_09-28-14_0000022_labelled_Tabor_pheeseq_15.txt,P,A,P,P,,,,,,,,,,,,,,,before,trills,2022-03-10,09-28-14,Tabor,2022-03-10 09:28:14,EO/MM,3.0,Lola,13.0,PAPPnannannannannannannannannannannannannannan,PAPPnannannannannannannannannannannannannannan,1,partner
before_trills_2022-03-10_09-28-14_0000022_labelled_Tabor_pheeseq_15.txt,P,A,P,P,,,,,,,,,,,,,,,before,trills,2022-03-10,09-28-14,Tabor,2022-03-10 09:28:14,EO/MM,3.0,Lola,14.0,PAPPnannannannannannannannannannannannannannan,PAPPnannannannannannannannannannannannannannan,1,partner
before_trills_2022-03-10_09-28-14_0000022_labelled_Tabor_pheeseq_23.txt,x,A,P,P,A,y,,,,,,,,,,,,,before,trills,2022-03-10,09-28-14,Tabor,2022-03-10 09:28:14,EO/MM,3.0,Lola,15.0,xAPPAynannannannannannannannannannannannan,APPAnannannannannannannannannannannannan,3,partner
before_trills_2022-03-10_09-28-14_0000022_labelled_Tabor_pheeseq_23.txt,x,A,P,P,A,y,,,,,,,,,,,,,before,trills,2022-03-10,09-28-14,Tabor,2022-03-10 09:28:14,EO/MM,3.0,Lola,16.0,xAPPAynannannannannannannannannannannannan,APPAnannannannannannannannannannannannan,3,partner
before_trills_2022-03-10_10-59-36_0000025_labelled_Wuschel_pheeseq_07.txt,x,A,A,P,,,,,,,,,,,,,,,before,trills,2022-03-10,10-59-36,Wuschel,2022-03-10 10:59:36,EO/MM,1.0,Nougatti,1.0,xAAPnannannannannannannannannannannannannannan,AAPnannannannannannannannannannannannannannan,1,non-partner
before_phees_2022-03-10_10-59-37_0000025_labelled_Wuschel_pheeseq_17.txt,x,R,A,P,P,,,,,,,,,,,,,,before,phees,2022-03-10,10-59-37,Wuschel,2022-03-10 10:59:37,EO/MM,1.0,Nougatti,2.0,xRAPPnannannannannannannannannannannannannan,RAPPnannannannannannannannannannannannannan,3,non-partner
before_trills_2022-03-10_10-59-36_0000025_labelled_Wuschel_pheeseq_31.txt,P,A,y,,,,,,,,,,,,,,,,before,trills,2022-03-10,10-59-36,Wuschel,2022-03-10 10:59:36,EO/MM,1.0,Nougatti,3.0,PAynannannannannannannannannannannannannannannan,PAnannannannannannannannannannannannannannannan,3,non-partner
before_phees_2022-03-11_14-57-48_0000041_labelled_Lola_pheeseq_02.txt,x,A,A,y,,,,,,,,,,,,,,,before,phees,2022-03-11,14-57-48,Lola,2022-03-11 14:57:48,RB/MM,3.0,Wuschel,1.0,xAAynannannannannannannannannannannannannannan,AAnannannannannannannannannannannannannannan,1,non-partner
before_trills_2022-03-11_14-57-49_0000041_labelled_Lola_pheeseq_08.txt,x,A,P,P,,,,,,,,,,,,,,,before,trills,2022-03-11,14-57-49,Lola,2022-03-11 14:57:49,RB/MM,3.0,Wuschel,4.0,xAPPnannannannannannannannannannannannannannan,APPnannannannannannannannannannannannannannan,1,non-partner
before_phees_2022-03-11_14-57-48_0000041_labelled_Lola_phee_05.txt,x,A,y,,,,,,,,,,,,,,,,before,phees,2022-03-11,14-57-48,Lola,2022-03-11 14:57:48,RB/MM,3.0,Wuschel,5.0,xAynannannannannannannannannannannannannannannan,Anannannannannannannannannannannannannannannan,1,non-partner
before_trills_2022-03-11_14-57-49_0000041_labelled_Lola_pheeseq_03.txt,x,R,P,P,,,,,,,,,,,,,,,before,trills,2022-03-11,14-57-49,Lola,2022-03-11 14:57:49,RB/MM,3.0,Wuschel,6.0,xRPPnannannannannannannannannannannannannannan,RPPnannannannannannannannannannannannannannan,1,non-partner
before_trills_2022-03-11_14-57-49_0000041_labelled_Lola_pheeseq_28.txt,x,A,P,P,,,,,,,,,,,,,,,before,trills,2022-03-11,14-57-49,Lola,2022-03-11 14:57:49,RB/MM,3.0,Wuschel,7.0,xAPPnannannannannannannannannannannannannannan,APPnannannannannannannannannannannannannannan,3,non-partner
before_trills_2022-03-11_14-57-49_0000041_labelled_Lola_pheeseq_10.txt,x,R,P,,,,,,,,,,,,,,,,before,trills,2022-03-11,14-57-49,Lola,2022-03-11 14:57:49,RB/MM,3.0,Wuschel,8.0,xRPnannannannannannannannannannannannannannannan,RPnannannannannannannannannannannannannannannan,1,non-partner
before_trills_2022-03-11_09-34-35_0000027_labelled_Odin_pheeseq_80.txt,x,A,A,y,,,,,,,,,,,,,,,before,trills,2022-03-11,09-34-35,Odin,2022-03-11 09:34:35,RB/MM,3.0,Lola,1.0,xAAynannannannannannannannannannannannannannan,AAnannannannannannannannannannannannannannan,3,non-partner
before_trills_2022-03-11_09-34-35_0000027_labelled_Odin_pheeseq_84.txt,x,A,y,,,,,,,,,,,,,,,,before,trills,2022-03-11,09-34-35,Odin,2022-03-11 09:34:35,RB/MM,3.0,Lola,2.0,xAynannannannannannannannannannannannannannannan,Anannannannannannannannannannannannannannannan,3,non-partner
before_trills_2022-03-11_09-34-35_0000027_labelled_Odin_pheeseq_87.txt,x,A,A,P,,,,,,,,,,,,,,,before,trills,2022-03-11,09-34-35,Odin,2022-03-11 09:34:35,RB/MM,3.0,Lola,3.0,xAAPnannannannannannannannannannannannannannan,AAPnannannannannannannannannannannannannannan,3,non-partner
before_phees_2022-03-11_09-34-34_0000027_labelled_Odin_pheeseq_03.txt,x,A,A,A,y,,,,,,,,,,,,,,before,phees,2022-03-11,09-34-34,Odin,2022-03-11 09:34:34,RB/MM,3.0,Lola,4.0,xAAAynannannannannannannannannannannannannan,AAAnannannannannannannannannannannannannan,1,non-partner
before_phees_2022-03-11_09-34-34_0000027_labelled_Odin_pheeseq_01.txt,x,A,A,A,y,,,,,,,,,,,,,,before,phees,2022-03-11,09-34-34,Odin,2022-03-11 09:34:34,RB/MM,3.0,Lola,5.0,xAAAynannannannannannannannannannannannannan,AAAnannannannannannannannannannannannannan,1,non-partner
before_trills_2022-03-11_09-34-35_0000027_labelled_Odin_pheeX_09.txt,x,A,y,,,,,,,,,,,,,,,,before,trills,2022-03-11,09-34-35,Odin,2022-03-11 09:34:35,RB/MM,3.0,Lola,6.0,xAynannannannannannannannannannannannannannannan,Anannannannannannannannannannannannannannannan,1,non-partner
before_trills_2022-03-11_09-34-35_0000027_labelled_Odin_pheeseq_31.txt,x,R,A,y,,,,,,,,,,,,,,,before,trills,2022-03-11,09-34-35,Odin,2022-03-11 09:34:35,RB/MM,3.0,Lola,7.0,xRAynannannannannannannannannannannannannannan,RAnannannannannannannannannannannannannannan,1,non-partner
before_trills_2022-03-11_09-34-35_0000027_labelled_Odin_pheeseq_19.txt,x,A,A,y,,,,,,,,,,,,,,,before,trills,2022-03-11,09-34-35,Odin,2022-03-11 09:34:35,RB/MM,3.0,Lola,8.0,xAAynannannannannannannannannannannannannannan,AAnannannannannannannannannannannannannannan,1,non-partner
before_phees_2022-03-11_09-34-34_0000027_labelled_Odin_pheeseq_04.txt,x,A,A,y,,,,,,,,,,,,,,,before,phees,2022-03-11,09-34-34,Odin,2022-03-11 09:34:34,RB/MM,3.0,Lola,9.0,xAAynannannannannannannannannannannannannannan,AAnannannannannannannannannannannannannannan,1,non-partner
before_trills_2022-03-11_09-34-35_0000027_labelled_Odin_phee_17.txt,x,A,y,,,,,,,,,,,,,,,,before,trills,2022-03-11,09-34-35,Odin,2022-03-11 09:34:35,RB/MM,3.0,Lola,10.0,xAynannannannannannannannannannannannannannannan,Anannannannannannannannannannannannannannannan,1,non-partner
before_trills_2022-03-11_09-34-35_0000027_labelled_Odin_pheeseq_28.txt,x,R,A,y,,,,,,,,,,,,,,,before,trills,2022-03-11,09-34-35,Odin,2022-03-11 09:34:35,RB/MM,3.0,Lola,11.0,xRAynannannannannannannannannannannannannannan,RAnannannannannannannannannannannannannannan,1,non-partner
before_trills_2022-03-11_09-34-35_0000027_labelled_Odin_phee_11.txt,x,A,y,,,,,,,,,,,,,,,,before,trills,2022-03-11,09-34-35,Odin,2022-03-11 09:34:35,RB/MM,3.0,Lola,12.0,xAynannannannannannannannannannannannannannannan,Anannannannannannannannannannannannannannannan,1,non-partner
before_trills_2022-03-11_09-34-35_0000027_labelled_Odin_phee_13.txt,x,A,y,,,,,,,,,,,,,,,,before,trills,2022-03-11,09-34-35,Odin,2022-03-11 09:34:35,RB/MM,3.0,Lola,13.0,xAynannannannannannannannannannannannannannannan,Anannannannannannannannannannannannannannannan,1,non-partner
before_phees_2022-03-11_10-24-31_0000033_labelled_Tabor_pheeseq_01.txt,x,A,A,A,A,y,,,,,,,,,,,,,before,phees,2022-03-11,10-24-31,Tabor,2022-03-11 10:24:31,RB/MM,3.0,Olympia,1.0,xAAAAynannannannannannannannannannannannan,AAAAnannannannannannannannannannannannan,1,non-partner
before_phees_2022-03-11_10-24-31_0000033_labelled_Tabor_pheeseq_02.txt,x,A,A,A,A,P,,,,,,,,,,,,,before,phees,2022-03-11,10-24-31,Tabor,2022-03-11 10:24:31,RB/MM,3.0,Olympia,2.0,xAAAAPnannannannannannannannannannannannan,AAAAPnannannannannannannannannannannannan,1,non-partner
before_trills_2022-03-11_14-57-49_0000041_labelled_Wuschel_pheeseq_09.txt,x,A,A,A,P,,,,,,,,,,,,,,before,trills,2022-03-11,14-57-49,Wuschel,2022-03-11 14:57:49,RB/MM,3.0,Lola,2.0,xAAAPnannannannannannannannannannannannannan,AAAPnannannannannannannannannannannannannan,1,non-partner
before_trills_2022-03-11_14-57-49_0000041_labelled_Wuschel_pheeseq_05.txt,x,A,A,A,P,,,,,,,,,,,,,,before,trills,2022-03-11,14-57-49,Wuschel,2022-03-11 14:57:49,RB/MM,3.0,Lola,3.0,xAAAPnannannannannannannannannannannannannan,AAAPnannannannannannannannannannannannannan,1,non-partner
before_trills_2022-03-11_14-57-49_0000041_labelled_Wuschel_pheeseq_11.txt,x,A,A,P,,,,,,,,,,,,,,,before,trills,2022-03-11,14-57-49,Wuschel,2022-03-11 14:57:49,RB/MM,3.0,Lola,4.0,xAAPnannannannannannannannannannannannannannan,AAPnannannannannannannannannannannannannannan,1,non-partner
before_trills_2022-03-11_14-57-49_0000041_labelled_Wuschel_pheeseq_04.txt,x,A,A,A,P,,,,,,,,,,,,,,before,trills,2022-03-11,14-57-49,Wuschel,2022-03-11 14:57:49,RB/MM,3.0,Lola,5.0,xAAAPnannannannannannannannannannannannannan,AAAPnannannannannannannannannannannannannan,1,non-partner
before_trills_2022-03-11_14-57-49_0000041_labelled_Wuschel_pheeseq_06.txt,x,A,A,A,P,,,,,,,,,,,,,,before,trills,2022-03-11,14-57-49,Wuschel,2022-03-11 14:57:49,RB/MM,3.0,Lola,6.0,xAAAPnannannannannannannannannannannannannan,AAAPnannannannannannannannannannannannannan,1,non-partner
before_phees_2022-03-11_14-57-48_0000041_labelled_Wuschel_pheeseq_03.txt,x,A,A,A,y,,,,,,,,,,,,,,before,phees,2022-03-11,14-57-48,Wuschel,2022-03-11 14:57:48,RB/MM,3.0,Lola,8.0,xAAAynannannannannannannannannannannannannan,AAAnannannannannannannannannannannannannan,1,non-partner
before_trills_2022-03-14_10-35-13_0000049_labelled_Nougatti_pheeseq_83.txt,x,A,A,P,,,,,,,,,,,,,,,before,trills,2022-03-14,10-35-13,Nougatti,2022-03-14 10:35:13,EO/MM,3.0,Odin,1.0,xAAPnannannannannannannannannannannannannannan,AAPnannannannannannannannannannannannannannan,3,partner
before_trills_2022-03-14_10-35-13_0000049_labelled_Nougatti_pheeseq_87.txt,x,A,A,P,P,P,,,,,,,,,,,,,before,trills,2022-03-14,10-35-13,Nougatti,2022-03-14 10:35:13,EO/MM,3.0,Odin,2.0,xAAPPPnannannannannannannannannannannannan,AAPPPnannannannannannannannannannannannan,3,partner
before_trills_2022-03-14_10-35-13_0000049_labelled_Nougatti_pheeseq_108.txt,x,A,A,P,,,,,,,,,,,,,,,before,trills,2022-03-14,10-35-13,Nougatti,2022-03-14 10:35:13,EO/MM,3.0,Odin,3.0,xAAPnannannannannannannannannannannannannannan,AAPnannannannannannannannannannannannannannan,3,partner
before_trills_2022-03-14_10-35-13_0000049_labelled_Nougatti_pheeseq_22.txt,x,A,P,P,,,,,,,,,,,,,,,before,trills,2022-03-14,10-35-13,Nougatti,2022-03-14 10:35:13,EO/MM,3.0,Odin,4.0,xAPPnannannannannannannannannannannannannannan,APPnannannannannannannannannannannannannannan,1,partner
before_trills_2022-03-14_10-35-13_0000049_labelled_Nougatti_pheeseq_36.txt,S,A,A,A,P,,,,,,,,,,,,,,before,trills,2022-03-14,10-35-13,Nougatti,2022-03-14 10:35:13,EO/MM,3.0,Odin,5.0,SAAAPnannannannannannannannannannannannannan,SAAAPnannannannannannannannannannannannannan,1,partner
before_trills_2022-03-14_10-35-13_0000049_labelled_Nougatti_pheeseq_30.txt,S,A,A,A,P,,,,,,,,,,,,,,before,trills,2022-03-14,10-35-13,Nougatti,2022-03-14 10:35:13,EO/MM,3.0,Odin,6.0,SAAAPnannannannannannannannannannannannannan,SAAAPnannannannannannannannannannannannannan,1,partner
before_trills_2022-03-14_10-35-13_0000049_labelled_Nougatti_pheeseq_24.txt,x,A,A,P,P,,,,,,,,,,,,,,before,trills,2022-03-14,10-35-13,Nougatti,2022-03-14 10:35:13,EO/MM,3.0,Odin,7.0,xAAPPnannannannannannannannannannannannannan,AAPPnannannannannannannannannannannannannan,1,partner
before_trills_2022-03-14_10-35-13_0000049_labelled_Nougatti_pheeseq_06.txt,x,A,A,A,P,,,,,,,,,,,,,,before,trills,2022-03-14,10-35-13,Nougatti,2022-03-14 10:35:13,EO/MM,3.0,Odin,8.0,xAAAPnannannannannannannannannannannannannan,AAAPnannannannannannannannannannannannannan,1,partner
before_phees_2022-03-14_10-35-12_0000049_labelled_Nougatti_pheeseq_04.txt,x,A,A,A,P,,,,,,,,,,,,,,before,phees,2022-03-14,10-35-12,Nougatti,2022-03-14 10:35:12,EO/MM,3.0,Odin,9.0,xAAAPnannannannannannannannannannannannannan,AAAPnannannannannannannannannannannannannan,1,partner
before_trills_2022-03-14_10-35-13_0000049_labelled_Nougatti_pheeseq_89.txt,x,A,A,P,,,,,,,,,,,,,,,before,trills,2022-03-14,10-35-13,Nougatti,2022-03-14 10:35:13,EO/MM,3.0,Odin,10.0,xAAPnannannannannannannannannannannannannannan,AAPnannannannannannannannannannannannannannan,3,partner
before_phees_2022-03-14_10-35-12_0000049_labelled_Nougatti_pheeseq_13.txt,x,A,A,y,,,,,,,,,,,,,,,before,phees,2022-03-14,10-35-12,Nougatti,2022-03-14 10:35:12,EO/MM,3.0,Odin,13.0,xAAynannannannannannannannannannannannannannan,AAnannannannannannannannannannannannannannan,1,partner
before_phees_2022-03-14_10-35-12_0000049_labelled_Nougatti_pheeseq_16.txt,x,A,A,A,y,,,,,,,,,,,,,,before,phees,2022-03-14,10-35-12,Nougatti,2022-03-14 10:35:12,EO/MM,3.0,Odin,15.0,xAAAynannannannannannannannannannannannannan,AAAnannannannannannannannannannannannannan,1,partner
before_phees_2022-03-14_13-55-14_0000054_labelled_Nougatti_pheeseq_35.txt,x,A,A,A,y,,,,,,,,,,,,,,before,phees,2022-03-14,13-55-14,Nougatti,2022-03-14 13:55:14,RB/MM,2.0,Wuschel,1.0,xAAAynannannannannannannannannannannannannan,AAAnannannannannannannannannannannannannan,3,non-partner
before_phees_2022-03-14_13-55-14_0000054_labelled_Nougatti_pheeseq_21.txt,x,A,A,y,,,,,,,,,,,,,,,before,phees,2022-03-14,13-55-14,Nougatti,2022-03-14 13:55:14,RB/MM,2.0,Wuschel,2.0,xAAynannannannannannannannannannannannannannan,AAnannannannannannannannannannannannannannan,1,non-partner
before_phees_2022-03-14_13-55-14_0000054_labelled_Nougatti_pheeseq_08.txt,x,A,y,,,,,,,,,,,,,,,,before,phees,2022-03-14,13-55-14,Nougatti,2022-03-14 13:55:14,RB/MM,2.0,Wuschel,3.0,xAynannannannannannannannannannannannannannannan,Anannannannannannannannannannannannannannannan,1,non-partner
before_phees_2022-03-14_13-55-14_0000054_labelled_Nougatti_pheeseq_34.txt,x,A,A,y,,,,,,,,,,,,,,,before,phees,2022-03-14,13-55-14,Nougatti,2022-03-14 13:55:14,RB/MM,2.0,Wuschel,4.0,xAAynannannannannannannannannannannannannannan,AAnannannannannannannannannannannannannannan,3,non-partner
before_phees_2022-03-14_13-55-14_0000054_labelled_Nougatti_pheeseq_22.txt,x,A,A,A,P,,,,,,,,,,,,,,before,phees,2022-03-14,13-55-14,Nougatti,2022-03-14 13:55:14,RB/MM,2.0,Wuschel,5.0,xAAAPnannannannannannannannannannannannannan,AAAPnannannannannannannannannannannannannan,1,non-partner
before_phees_2022-03-14_13-55-14_0000054_labelled_Nougatti_pheeseq_36.txt,x,A,A,y,,,,,,,,,,,,,,,before,phees,2022-03-14,13-55-14,Nougatti,2022-03-14 13:55:14,RB/MM,2.0,Wuschel,6.0,xAAynannannannannannannannannannannannannannan,AAnannannannannannannannannannannannannannan,3,non-partner
before_phees_2022-03-14_13-55-14_0000054_labelled_Nougatti_pheeseq_37.txt,x,A,P,A,y,,,,,,,,,,,,,,before,phees,2022-03-14,13-55-14,Nougatti,2022-03-14 13:55:14,RB/MM,2.0,Wuschel,7.0,xAPAynannannannannannannannannannannannannan,APAnannannannannannannannannannannannannan,3,non-partner
before_phees_2022-03-14_13-55-14_0000054_labelled_Nougatti_pheeseq_23.txt,x,A,A,y,,,,,,,,,,,,,,,before,phees,2022-03-14,13-55-14,Nougatti,2022-03-14 13:55:14,RB/MM,2.0,Wuschel,8.0,xAAynannannannannannannannannannannannannannan,AAnannannannannannannannannannannannannannan,1,non-partner
before_phees_2022-03-14_13-55-14_0000054_labelled_Nougatti_pheeseq_33.txt,x,A,A,y,,,,,,,,,,,,,,,before,phees,2022-03-14,13-55-14,Nougatti,2022-03-14 13:55:14,RB/MM,2.0,Wuschel,9.0,xAAynannannannannannannannannannannannannannan,AAnannannannannannannannannannannannannannan,3,non-partner
before_phees_2022-03-14_13-55-14_0000054_labelled_Nougatti_pheeseq_32.txt,x,A,A,y,,,,,,,,,,,,,,,before,phees,2022-03-14,13-55-14,Nougatti,2022-03-14 13:55:14,RB/MM,2.0,Wuschel,10.0,xAAynannannannannannannannannannannannannannan,AAnannannannannannannannannannannannannannan,3,non-partner
before_phees_2022-03-14_13-55-14_0000054_labelled_Nougatti_pheeseq_26.txt,P,A,A,y,,,,,,,,,,,,,,,before,phees,2022-03-14,13-55-14,Nougatti,2022-03-14 13:55:14,RB/MM,2.0,Wuschel,11.0,PAAynannannannannannannannannannannannannannan,PAAnannannannannannannannannannannannannannan,1,non-partner
before_phees_2022-03-14_13-55-14_0000054_labelled_Nougatti_pheeseq_30.txt,x,A,A,P,,,,,,,,,,,,,,,before,phees,2022-03-14,13-55-14,Nougatti,2022-03-14 13:55:14,RB/MM,2.0,Wuschel,12.0,xAAPnannannannannannannannannannannannannannan,AAPnannannannannannannannannannannannannannan,1,non-partner
before_phees_2022-03-14_13-55-14_0000054_labelled_Nougatti_pheeseq_24.txt,x,A,A,y,,,,,,,,,,,,,,,before,phees,2022-03-14,13-55-14,Nougatti,2022-03-14 13:55:14,RB/MM,2.0,Wuschel,13.0,xAAynannannannannannannannannannannannannannan,AAnannannannannannannannannannannannannannan,1,non-partner
before_phees_2022-03-14_13-55-14_0000054_labelled_Nougatti_pheeseq_25.txt,x,A,A,P,P,S,,,,,,,,,,,,,before,phees,2022-03-14,13-55-14,Nougatti,2022-03-14 13:55:14,RB/MM,2.0,Wuschel,14.0,xAAPPSnannannannannannannannannannannannan,AAPPSnannannannannannannannannannannannan,1,non-partner
before_phees_2022-03-14_13-55-14_0000054_labelled_Nougatti_pheeseq_29.txt,x,A,A,A,P,,,,,,,,,,,,,,before,phees,2022-03-14,13-55-14,Nougatti,2022-03-14 13:55:14,RB/MM,2.0,Wuschel,16.0,xAAAPnannannannannannannannannannannannannan,AAAPnannannannannannannannannannannannannan,1,non-partner
before_phees_2022-03-14_13-55-14_0000054_labelled_Nougatti_pheeseq_15.txt,x,A,A,P,,,,,,,,,,,,,,,before,phees,2022-03-14,13-55-14,Nougatti,2022-03-14 13:55:14,RB/MM,2.0,Wuschel,17.0,xAAPnannannannannannannannannannannannannannan,AAPnannannannannannannannannannannannannannan,1,non-partner
before_phees_2022-03-14_13-55-14_0000054_labelled_Nougatti_pheeseq_03.txt,x,A,A,P,,,,,,,,,,,,,,,before,phees,2022-03-14,13-55-14,Nougatti,2022-03-14 13:55:14,RB/MM,2.0,Wuschel,18.0,xAAPnannannannannannannannannannannannannannan,AAPnannannannannannannannannannannannannannan,1,non-partner
before_phees_2022-03-14_13-55-14_0000054_labelled_Nougatti_pheeseq_06.txt,x,A,A,P,,,,,,,,,,,,,,,before,phees,2022-03-14,13-55-14,Nougatti,2022-03-14 13:55:14,RB/MM,2.0,Wuschel,19.0,xAAPnannannannannannannannannannannannannannan,AAPnannannannannannannannannannannannannannan,1,non-partner
before_phees_2022-03-14_13-55-14_0000054_labelled_Nougatti_pheeseq_13.txt,x,A,A,A,P,P,,,,,,,,,,,,,before,phees,2022-03-14,13-55-14,Nougatti,2022-03-14 13:55:14,RB/MM,2.0,Wuschel,20.0,xAAAPPnannannannannannannannannannannannan,AAAPPnannannannannannannannannannannannan,1,non-partner
before_phees_2022-03-14_13-55-14_0000054_labelled_Nougatti_phee_11.txt,x,A,y,,,,,,,,,,,,,,,,before,phees,2022-03-14,13-55-14,Nougatti,2022-03-14 13:55:14,RB/MM,2.0,Wuschel,21.0,xAynannannannannannannannannannannannannannannan,Anannannannannannannannannannannannannannannan,1,non-partner
before_phees_2022-03-14_13-55-14_0000054_labelled_Nougatti_pheeseq_38.txt,x,A,A,A,P,,,,,,,,,,,,,,before,phees,2022-03-14,13-55-14,Nougatti,2022-03-14 13:55:14,RB/MM,2.0,Wuschel,22.0,xAAAPnannannannannannannannannannannannannan,AAAPnannannannannannannannannannannannannan,3,non-partner
before_trills_2022-03-14_10-35-13_0000049_labelled_Odin_pheeseqX_41.txt,x,A,A,A,P,A,y,,,,,,,,,,,,before,trills,2022-03-14,10-35-13,Odin,2022-03-14 10:35:13,EO/MM,3.0,Nougatti,2.0,xAAAPAynannannannannannannannannannannan,AAAPAnannannannannannannannannannannan,1,partner
before_trills_2022-03-14_10-35-13_0000049_labelled_Odin_phee_15.txt,x,A,y,,,,,,,,,,,,,,,,before,trills,2022-03-14,10-35-13,Odin,2022-03-14 10:35:13,EO/MM,3.0,Nougatti,3.0,xAynannannannannannannannannannannannannannannan,Anannannannannannannannannannannannannannannan,1,partner
before_trills_2022-03-14_10-35-13_0000049_labelled_Odin_pheeseq_92.txt,P,A,y,,,,,,,,,,,,,,,,before,trills,2022-03-14,10-35-13,Odin,2022-03-14 10:35:13,EO/MM,3.0,Nougatti,5.0,PAynannannannannannannannannannannannannannannan,PAnannannannannannannannannannannannannannannan,3,partner
before_phees_2022-03-14_10-35-12_0000049_labelled_Odin_pheeseq_02.txt,x,A,A,A,A,y,,,,,,,,,,,,,before,phees,2022-03-14,10-35-12,Odin,2022-03-14 10:35:12,EO/MM,3.0,Nougatti,6.0,xAAAAynannannannannannannannannannannannan,AAAAnannannannannannannannannannannannan,1,partner
before_phees_2022-03-14_10-35-12_0000049_labelled_Odin_pheeseq_01.txt,x,A,A,A,A,A,y,,,,,,,,,,,,before,phees,2022-03-14,10-35-12,Odin,2022-03-14 10:35:12,EO/MM,3.0,Nougatti,7.0,xAAAAAynannannannannannannannannannannan,AAAAAnannannannannannannannannannannan,1,partner
before_phees_2022-03-14_10-35-12_0000049_labelled_Odin_phee_10.txt,x,A,y,,,,,,,,,,,,,,,,before,phees,2022-03-14,10-35-12,Odin,2022-03-14 10:35:12,EO/MM,3.0,Nougatti,8.0,xAynannannannannannannannannannannannannannannan,Anannannannannannannannannannannannannannannan,1,partner
before_phees_2022-03-14_10-35-12_0000049_labelled_Odin_pheeseq_14.txt,S,S,R,A,A,y,,,,,,,,,,,,,before,phees,2022-03-14,10-35-12,Odin,2022-03-14 10:35:12,EO/MM,3.0,Nougatti,9.0,SSRAAynannannannannannannannannannannannan,SSRAAnannannannannannannannannannannannan,1,partner
before_trills_2022-03-14_10-35-13_0000049_labelled_Odin_pheeseq_31.txt,x,A,A,y,,,,,,,,,,,,,,,before,trills,2022-03-14,10-35-13,Odin,2022-03-14 10:35:13,EO/MM,3.0,Nougatti,10.0,xAAynannannannannannannannannannannannannannan,AAnannannannannannannannannannannannannannan,1,partner
before_phees_2022-03-14_10-35-12_0000049_labelled_Odin_phee_28.txt,x,A,y,,,,,,,,,,,,,,,,before,phees,2022-03-14,10-35-12,Odin,2022-03-14 10:35:12,EO/MM,3.0,Nougatti,12.0,xAynannannannannannannannannannannannannannannan,Anannannannannannannannannannannannannannannan,1,partner
before_phees_2022-03-14_10-35-12_0000049_labelled_Odin_pheeseq_11.txt,x,A,A,y,,,,,,,,,,,,,,,before,phees,2022-03-14,10-35-12,Odin,2022-03-14 10:35:12,EO/MM,3.0,Nougatti,14.0,xAAynannannannannannannannannannannannannannan,AAnannannannannannannannannannannannannannan,1,partner
before_phees_2022-03-14_10-35-12_0000049_labelled_Odin_pheeseq_07.txt,x,A,A,y,,,,,,,,,,,,,,,before,phees,2022-03-14,10-35-12,Odin,2022-03-14 10:35:12,EO/MM,3.0,Nougatti,15.0,xAAynannannannannannannannannannannannannannan,AAnannannannannannannannannannannannannannan,1,partner
before_trills_2022-03-14_10-35-13_0000049_labelled_Odin_pheeseq_17.txt,S,R,A,A,y,,,,,,,,,,,,,,before,trills,2022-03-14,10-35-13,Odin,2022-03-14 10:35:13,EO/MM,3.0,Nougatti,18.0,SRAAynannannannannannannannannannannannannan,SRAAnannannannannannannannannannannannannan,1,partner
before_phees_2022-03-14_10-35-12_0000049_labelled_Odin_pheeseq_21.txt,S,S,A,A,y,,,,,,,,,,,,,,before,phees,2022-03-14,10-35-12,Odin,2022-03-14 10:35:12,EO/MM,3.0,Nougatti,20.0,SSAAynannannannannannannannannannannannannan,SSAAnannannannannannannannannannannannannan,1,partner
before_trills_2022-03-14_10-35-13_0000049_labelled_Odin_pheeseq_28.txt,x,R,A,y,,,,,,,,,,,,,,,before,trills,2022-03-14,10-35-13,Odin,2022-03-14 10:35:13,EO/MM,3.0,Nougatti,22.0,xRAynannannannannannannannannannannannannannan,RAnannannannannannannannannannannannannannan,1,partner
before_phees_2022-03-14_10-35-12_0000049_labelled_Odin_pheeseq_25.txt,x,R,A,y,,,,,,,,,,,,,,,before,phees,2022-03-14,10-35-12,Odin,2022-03-14 10:35:12,EO/MM,3.0,Nougatti,23.0,xRAynannannannannannannannannannannannannannan,RAnannannannannannannannannannannannannannan,1,partner
before_phees_2022-03-14_10-35-12_0000049_labelled_Odin_pheeseq_19.txt,x,R,A,A,y,,,,,,,,,,,,,,before,phees,2022-03-14,10-35-12,Odin,2022-03-14 10:35:12,EO/MM,3.0,Nougatti,24.0,xRAAynannannannannannannannannannannannannan,RAAnannannannannannannannannannannannannan,1,partner
before_trills_2022-03-14_10-35-13_0000049_labelled_Odin_phee_43.txt,x,R,y,,,,,,,,,,,,,,,,before,trills,2022-03-14,10-35-13,Odin,2022-03-14 10:35:13,EO/MM,3.0,Nougatti,25.0,xRynannannannannannannannannannannannannannannan,Rnannannannannannannannannannannannannannannan,1,partner
before_phees_2022-03-14_10-35-12_0000049_labelled_Odin_pheeseq_30.txt,x,A,A,y,,,,,,,,,,,,,,,before,phees,2022-03-14,10-35-12,Odin,2022-03-14 10:35:12,EO/MM,3.0,Nougatti,26.0,xAAynannannannannannannannannannannannannannan,AAnannannannannannannannannannannannannannan,1,partner
before_trills_2022-03-14_10-35-13_0000049_labelled_Odin_pheeseq_05.txt,x,R,A,A,y,,,,,,,,,,,,,,before,trills,2022-03-14,10-35-13,Odin,2022-03-14 10:35:13,EO/MM,3.0,Nougatti,27.0,xRAAynannannannannannannannannannannannannan,RAAnannannannannannannannannannannannannan,1,partner
before_phees_2022-03-14_10-35-12_0000049_labelled_Odin_pheeseq_26.txt,x,R,A,A,y,,,,,,,,,,,,,,before,phees,2022-03-14,10-35-12,Odin,2022-03-14 10:35:12,EO/MM,3.0,Nougatti,28.0,xRAAynannannannannannannannannannannannannan,RAAnannannannannannannannannannannannannan,1,partner
before_trills_2022-03-14_10-35-13_0000049_labelled_Odin_phee_113.txt,x,A,y,,,,,,,,,,,,,,,,before,trills,2022-03-14,10-35-13,Odin,2022-03-14 10:35:13,EO/MM,3.0,Nougatti,29.0,xAynannannannannannannannannannannannannannannan,Anannannannannannannannannannannannannannannan,3,partner
before_phees_2022-03-14_10-35-12_0000049_labelled_Odin_pheeseq_40.txt,x,R,A,y,,,,,,,,,,,,,,,before,phees,2022-03-14,10-35-12,Odin,2022-03-14 10:35:12,EO/MM,3.0,Nougatti,31.0,xRAynannannannannannannannannannannannannannan,RAnannannannannannannannannannannannannannan,3,partner
before_phees_2022-03-14_10-35-12_0000049_labelled_Odin_pheeseq_41.txt,x,R,A,y,,,,,,,,,,,,,,,before,phees,2022-03-14,10-35-12,Odin,2022-03-14 10:35:12,EO/MM,3.0,Nougatti,32.0,xRAynannannannannannannannannannannannannannan,RAnannannannannannannannannannannannannannan,3,partner
before_trills_2022-03-14_10-35-13_0000049_labelled_Odin_pheeseq_98.txt,x,A,A,y,,,,,,,,,,,,,,,before,trills,2022-03-14,10-35-13,Odin,2022-03-14 10:35:13,EO/MM,3.0,Nougatti,33.0,xAAynannannannannannannannannannannannannannan,AAnannannannannannannannannannannannannannan,3,partner
before_trills_2022-03-14_10-35-13_0000049_labelled_Odin_phee_34.txt,x,R,y,,,,,,,,,,,,,,,,before,trills,2022-03-14,10-35-13,Odin,2022-03-14 10:35:13,EO/MM,3.0,Nougatti,34.0,xRynannannannannannannannannannannannannannannan,Rnannannannannannannannannannannannannannannan,1,partner
before_trills_2022-03-14_10-35-13_0000049_labelled_Odin_phee_08.txt,x,A,y,,,,,,,,,,,,,,,,before,trills,2022-03-14,10-35-13,Odin,2022-03-14 10:35:13,EO/MM,3.0,Nougatti,35.0,xAynannannannannannannannannannannannannannannan,Anannannannannannannannannannannannannannannan,1,partner
before_trills_2022-03-14_10-35-13_0000049_labelled_Odin_pheeseq_102.txt,x,A,P,,,,,,,,,,,,,,,,before,trills,2022-03-14,10-35-13,Odin,2022-03-14 10:35:13,EO/MM,3.0,Nougatti,36.0,xAPnannannannannannannannannannannannannannannan,APnannannannannannannannannannannannannannannan,3,partner
before_phees_2022-03-14_13-20-47_0000053_labelled_Odin_phee_30.txt,x,R,y,,,,,,,,,,,,,,,,before,phees,2022-03-14,13-20-47,Odin,2022-03-14 13:20:47,RB/MM,4.0,Olympia,1.0,xRynannannannannannannannannannannannannannannan,Rnannannannannannannannannannannannannannannan,1,non-partner
before_phees_2022-03-14_13-20-47_0000053_labelled_Odin_phee_31.txt,x,A,y,,,,,,,,,,,,,,,,before,phees,2022-03-14,13-20-47,Odin,2022-03-14 13:20:47,RB/MM,4.0,Olympia,2.0,xAynannannannannannannannannannannannannannannan,Anannannannannannannannannannannannannannannan,1,non-partner
before_phees_2022-03-14_13-20-47_0000053_labelled_Odin_pheeseq_18.txt,x,A,A,A,P,P,P,P,P,T,,,,,,,,,before,phees,2022-03-14,13-20-47,Odin,2022-03-14 13:20:47,RB/MM,4.0,Olympia,4.0,xAAAPPPPPTnannannannannannannannan,AAAPPPPPTnannannannannannannannan,1,non-partner
before_phees_2022-03-14_13-20-47_0000053_labelled_Odin_pheeseq_35.txt,S,P,A,A,A,A,T,T,,,,,,,,,,,before,phees,2022-03-14,13-20-47,Odin,2022-03-14 13:20:47,RB/MM,4.0,Olympia,5.0,SPAAAATTnannannannannannannannannannan,SPAAAATTnannannannannannannannannannan,1,non-partner
before_phees_2022-03-14_13-20-47_0000053_labelled_Odin_phee_23.txt,x,R,y,,,,,,,,,,,,,,,,before,phees,2022-03-14,13-20-47,Odin,2022-03-14 13:20:47,RB/MM,4.0,Olympia,6.0,xRynannannannannannannannannannannannannannannan,Rnannannannannannannannannannannannannannannan,1,non-partner
before_phees_2022-03-14_13-20-47_0000053_labelled_Odin_pheeseq_34.txt,x,A,A,A,y,,,,,,,,,,,,,,before,phees,2022-03-14,13-20-47,Odin,2022-03-14 13:20:47,RB/MM,4.0,Olympia,7.0,xAAAynannannannannannannannannannannannannan,AAAnannannannannannannannannannannannannan,1,non-partner
before_phees_2022-03-14_13-20-47_0000053_labelled_Odin_pheeseq_44.txt,x,A,A,A,K,,,,,,,,,,,,,,before,phees,2022-03-14,13-20-47,Odin,2022-03-14 13:20:47,RB/MM,4.0,Olympia,9.0,xAAAKnannannannannannannannannannannannannan,AAAKnannannannannannannannannannannannannan,3,non-partner
before_phees_2022-03-14_13-20-47_0000053_labelled_Odin_pheeseq_45.txt,x,A,P,P,A,A,A,P,A,y,,,,,,,,,before,phees,2022-03-14,13-20-47,Odin,2022-03-14 13:20:47,RB/MM,4.0,Olympia,10.0,xAPPAAAPAynannannannannannannannan,APPAAAPAnannannannannannannannan,3,non-partner
before_phees_2022-03-14_13-20-47_0000053_labelled_Odin_pheeseq_47.txt,x,A,P,P,A,P,A,A,y,,,,,,,,,,before,phees,2022-03-14,13-20-47,Odin,2022-03-14 13:20:47,RB/MM,4.0,Olympia,11.0,xAPPAPAAynannannannannannannannannan,APPAPAAnannannannannannannannannan,3,non-partner
before_phees_2022-03-14_13-20-47_0000053_labelled_Odin_pheeseq_46.txt,x,A,P,P,P,A,P,A,A,y,,,,,,,,,before,phees,2022-03-14,13-20-47,Odin,2022-03-14 13:20:47,RB/MM,4.0,Olympia,13.0,xAPPPAPAAynannannannannannannannan,APPPAPAAnannannannannannannannan,3,non-partner
before_phees_2022-03-14_13-20-47_0000053_labelled_Odin_pheeseq_49.txt,x,A,A,A,A,y,,,,,,,,,,,,,before,phees,2022-03-14,13-20-47,Odin,2022-03-14 13:20:47,RB/MM,4.0,Olympia,15.0,xAAAAynannannannannannannannannannannannan,AAAAnannannannannannannannannannannannan,3,non-partner
before_trills_2022-03-14_13-20-48_0000053_labelled_Odin_phee_121.txt,x,R,y,,,,,,,,,,,,,,,,before,trills,2022-03-14,13-20-48,Odin,2022-03-14 13:20:48,RB/MM,4.0,Olympia,16.0,xRynannannannannannannannannannannannannannannan,Rnannannannannannannannannannannannannannannan,3,non-partner
before_phees_2022-03-14_13-20-47_0000053_labelled_Odin_pheeseq_05.txt,x,A,P,P,A,P,A,A,A,K,,,,,,,,,before,phees,2022-03-14,13-20-47,Odin,2022-03-14 13:20:47,RB/MM,4.0,Olympia,17.0,xAPPAPAAAKnannannannannannannan,APPAPAAAKnannannannannannannan,1,non-partner
before_phees_2022-03-14_13-20-47_0000053_labelled_Odin_phee_06.txt,x,A,y,,,,,,,,,,,,,,,,before,phees,2022-03-14,13-20-47,Odin,2022-03-14 13:20:47,RB/MM,4.0,Olympia,18.0,xAynannannannannannannannannannannannannannannan,Anannannannannannannannannannannannannannannan,1,non-partner
before_phees_2022-03-14_13-20-47_0000053_labelled_Odin_pheeseq_10.txt,x,A,P,A,A,P,P,A,y,,,,,,,,,,before,phees,2022-03-14,13-20-47,Odin,2022-03-14 13:20:47,RB/MM,4.0,Olympia,19.0,xAPAAPPAynannannannannannannannannan,APAAPPAnannannannannannannannannan,1,non-partner
before_phees_2022-03-14_13-20-47_0000053_labelled_Odin_pheeseq_04.txt,x,A,P,A,A,A,y,,,,,,,,,,,,before,phees,2022-03-14,13-20-47,Odin,2022-03-14 13:20:47,RB/MM,4.0,Olympia,20.0,xAPAAAynannannannannannannannannannannan,APAAAnannannannannannannannannannannan,1,non-partner
before_phees_2022-03-14_13-20-47_0000053_labelled_Odin_pheeseq_15.txt,x,A,A,A,y,,,,,,,,,,,,,,before,phees,2022-03-14,13-20-47,Odin,2022-03-14 13:20:47,RB/MM,4.0,Olympia,21.0,xAAAynannannannannannannannannannannannannan,AAAnannannannannannannannannannannannannan,1,non-partner
before_phees_2022-03-14_13-20-47_0000053_labelled_Odin_pheeseq_01.txt,x,A,P,P,,,,,,,,,,,,,,,before,phees,2022-03-14,13-20-47,Odin,2022-03-14 13:20:47,RB/MM,4.0,Olympia,22.0,xAPPnannannannannannannannannannannannannannan,APPnannannannannannannannannannannannannannan,1,non-partner
before_trills_2022-03-14_13-20-48_0000053_labelled_Odin_phee_12.txt,x,R,y,,,,,,,,,,,,,,,,before,trills,2022-03-14,13-20-48,Odin,2022-03-14 13:20:48,RB/MM,4.0,Olympia,24.0,xRynannannannannannannannannannannannannannannan,Rnannannannannannannannannannannannannannannan,1,non-partner
before_phees_2022-03-14_13-20-47_0000053_labelled_Olympia_pheeseq_48.txt,x,A,A,y,,,,,,,,,,,,,,,before,phees,2022-03-14,13-20-47,Olympia,2022-03-14 13:20:47,RB/MM,4.0,Odin,1.0,xAAynannannannannannannannannannannannannannan,AAnannannannannannannannannannannannannannan,3,non-partner
before_phees_2022-03-14_13-20-47_0000053_labelled_Olympia_pheeseq_11.txt,x,A,A,y,,,,,,,,,,,,,,,before,phees,2022-03-14,13-20-47,Olympia,2022-03-14 13:20:47,RB/MM,4.0,Odin,3.0,xAAynannannannannannannannannannannannannannan,AAnannannannannannannannannannannannannannan,1,non-partner
before_phees_2022-03-14_13-20-47_0000053_labelled_Olympia_pheeseq_50.txt,x,A,A,A,y,,,,,,,,,,,,,,before,phees,2022-03-14,13-20-47,Olympia,2022-03-14 13:20:47,RB/MM,4.0,Odin,4.0,xAAAynannannannannannannannannannannannannan,AAAnannannannannannannannannannannannannan,3,non-partner
before_phees_2022-03-14_09-26-36_0000046_labelled_Olympia_phee_29.txt,x,A,y,,,,,,,,,,,,,,,,before,phees,2022-03-14,09-26-36,Olympia,2022-03-14 09:26:36,EO/MM,3.0,Wuschel,1.0,xAynannannannannannannannannannannannannannannan,Anannannannannannannannannannannannannannannan,3,partner
before_phees_2022-03-14_09-26-36_0000046_labelled_Olympia_pheeseq_01.txt,x,A,A,y,,,,,,,,,,,,,,,before,phees,2022-03-14,09-26-36,Olympia,2022-03-14 09:26:36,EO/MM,3.0,Wuschel,3.0,xAAynannannannannannannannannannannannannannan,AAnannannannannannannannannannannannannannan,1,partner
before_phees_2022-03-14_09-26-36_0000046_labelled_Olympia_pheeseq_02.txt,x,A,A,P,,,,,,,,,,,,,,,before,phees,2022-03-14,09-26-36,Olympia,2022-03-14 09:26:36,EO/MM,3.0,Wuschel,4.0,xAAPnannannannannannannannannannannannannannan,AAPnannannannannannannannannannannannannannan,1,partner
before_phees_2022-03-14_09-26-36_0000046_labelled_Olympia_pheeseq_03.txt,x,A,A,y,,,,,,,,,,,,,,,before,phees,2022-03-14,09-26-36,Olympia,2022-03-14 09:26:36,EO/MM,3.0,Wuschel,5.0,xAAynannannannannannannannannannannannannannan,AAnannannannannannannannannannannannannannan,1,partner
before_phees_2022-03-14_09-26-36_0000046_labelled_Olympia_pheeseq_20.txt,x,A,A,A,y,,,,,,,,,,,,,,before,phees,2022-03-14,09-26-36,Olympia,2022-03-14 09:26:36,EO/MM,3.0,Wuschel,6.0,xAAAynannannannannannannannannannannannannan,AAAnannannannannannannannannannannannannan,3,partner
before_phees_2022-03-14_09-26-36_0000046_labelled_Olympia_pheeseq_26.txt,x,A,P,P,A,A,y,,,,,,,,,,,,before,phees,2022-03-14,09-26-36,Olympia,2022-03-14 09:26:36,EO/MM,3.0,Wuschel,7.0,xAPPAAynannannannannannannannannannannan,APPAAnannannannannannannannannannannan,3,partner
before_phees_2022-03-14_09-26-36_0000046_labelled_Olympia_pheeseq_32.txt,x,A,A,y,,,,,,,,,,,,,,,before,phees,2022-03-14,09-26-36,Olympia,2022-03-14 09:26:36,EO/MM,3.0,Wuschel,8.0,xAAynannannannannannannannannannannannannannan,AAnannannannannannannannannannannannannannan,3,partner
before_phees_2022-03-14_09-26-36_0000046_labelled_Olympia_pheeseq_25.txt,x,A,A,y,,,,,,,,,,,,,,,before,phees,2022-03-14,09-26-36,Olympia,2022-03-14 09:26:36,EO/MM,3.0,Wuschel,9.0,xAAynannannannannannannannannannannannannannan,AAnannannannannannannannannannannannannannan,3,partner
before_phees_2022-03-14_09-26-36_0000046_labelled_Olympia_pheeseq_19.txt,x,A,A,y,,,,,,,,,,,,,,,before,phees,2022-03-14,09-26-36,Olympia,2022-03-14 09:26:36,EO/MM,3.0,Wuschel,10.0,xAAynannannannannannannannannannannannannannan,AAnannannannannannannannannannannannannannan,3,partner
before_phees_2022-03-14_09-26-36_0000046_labelled_Olympia_pheeseq_30.txt,x,A,A,y,,,,,,,,,,,,,,,before,phees,2022-03-14,09-26-36,Olympia,2022-03-14 09:26:36,EO/MM,3.0,Wuschel,11.0,xAAynannannannannannannannannannannannannannan,AAnannannannannannannannannannannannannannan,3,partner
before_phees_2022-03-14_09-26-36_0000046_labelled_Olympia_phee_31.txt,x,A,y,,,,,,,,,,,,,,,,before,phees,2022-03-14,09-26-36,Olympia,2022-03-14 09:26:36,EO/MM,3.0,Wuschel,12.0,xAynannannannannannannannannannannannannannannan,Anannannannannannannannannannannannannannannan,3,partner
before_trills_2022-03-14_13-55-15_0000054_labelled_Wuschel_phee_09.txt,x,R,y,,,,,,,,,,,,,,,,before,trills,2022-03-14,13-55-15,Wuschel,2022-03-14 13:55:15,RB/MM,2.0,Nougatti,2.0,xRynannannannannannannannannannannannannannannan,Rnannannannannannannannannannannannannannannan,1,non-partner
before_trills_2022-03-14_13-55-15_0000054_labelled_Wuschel_phee_44.txt,x,R,y,,,,,,,,,,,,,,,,before,trills,2022-03-14,13-55-15,Wuschel,2022-03-14 13:55:15,RB/MM,2.0,Nougatti,3.0,xRynannannannannannannannannannannannannannannan,Rnannannannannannannannannannannannannannannan,3,non-partner
before_trills_2022-03-14_13-55-15_0000054_labelled_Wuschel_pheeseq_52.txt,x,A,A,y,,,,,,,,,,,,,,,before,trills,2022-03-14,13-55-15,Wuschel,2022-03-14 13:55:15,RB/MM,2.0,Nougatti,4.0,xAAynannannannannannannannannannannannannannan,AAnannannannannannannannannannannannannannan,3,non-partner
before_trills_2022-03-14_13-55-15_0000054_labelled_Wuschel_pheeseq_57.txt,x,R,A,y,,,,,,,,,,,,,,,before,trills,2022-03-14,13-55-15,Wuschel,2022-03-14 13:55:15,RB/MM,2.0,Nougatti,5.0,xRAynannannannannannannannannannannannannannan,RAnannannannannannannannannannannannannannan,3,non-partner
before_trills_2022-03-14_13-55-15_0000054_labelled_Wuschel_pheeseq_55.txt,x,A,A,y,,,,,,,,,,,,,,,before,trills,2022-03-14,13-55-15,Wuschel,2022-03-14 13:55:15,RB/MM,2.0,Nougatti,6.0,xAAynannannannannannannannannannannannannannan,AAnannannannannannannannannannannannannannan,3,non-partner
before_phees_2022-03-14_13-55-14_0000054_labelled_Wuschel_pheeseq_12.txt,x,A,A,y,,,,,,,,,,,,,,,before,phees,2022-03-14,13-55-14,Wuschel,2022-03-14 13:55:14,RB/MM,2.0,Nougatti,7.0,xAAynannannannannannannannannannannannannannan,AAnannannannannannannannannannannannannannan,1,non-partner
before_phees_2022-03-14_13-55-14_0000054_labelled_Wuschel_pheeseq_14.txt,x,A,A,A,P,,,,,,,,,,,,,,before,phees,2022-03-14,13-55-14,Wuschel,2022-03-14 13:55:14,RB/MM,2.0,Nougatti,8.0,xAAAPnannannannannannannannannannannannannan,AAAPnannannannannannannannannannannannannan,1,non-partner
before_phees_2022-03-14_13-55-14_0000054_labelled_Wuschel_pheeseq_02.txt,x,A,A,y,,,,,,,,,,,,,,,before,phees,2022-03-14,13-55-14,Wuschel,2022-03-14 13:55:14,RB/MM,2.0,Nougatti,9.0,xAAynannannannannannannannannannannannannannan,AAnannannannannannannannannannannannannannan,1,non-partner
before_trills_2022-03-14_13-55-15_0000054_labelled_Wuschel_pheeseq_13.txt,x,R,A,y,,,,,,,,,,,,,,,before,trills,2022-03-14,13-55-15,Wuschel,2022-03-14 13:55:15,RB/MM,2.0,Nougatti,10.0,xRAynannannannannannannannannannannannannannan,RAnannannannannannannannannannannannannannan,1,non-partner
before_trills_2022-03-14_13-55-15_0000054_labelled_Wuschel_pheeseq_12.txt,x,A,A,y,,,,,,,,,,,,,,,before,trills,2022-03-14,13-55-15,Wuschel,2022-03-14 13:55:15,RB/MM,2.0,Nougatti,11.0,xAAynannannannannannannannannannannannannannan,AAnannannannannannannannannannannannannannan,1,non-partner
before_trills_2022-03-14_13-55-15_0000054_labelled_Wuschel_pheeseq_05.txt,x,A,A,P,P,,,,,,,,,,,,,,before,trills,2022-03-14,13-55-15,Wuschel,2022-03-14 13:55:15,RB/MM,2.0,Nougatti,12.0,xAAPPnannannannannannannannannannannannannan,AAPPnannannannannannannannannannannannannan,1,non-partner
before_trills_2022-03-14_13-55-15_0000054_labelled_Wuschel_pheeseq_11.txt,x,A,y,,,,,,,,,,,,,,,,before,trills,2022-03-14,13-55-15,Wuschel,2022-03-14 13:55:15,RB/MM,2.0,Nougatti,13.0,xAynannannannannannannannannannannannannannannan,Anannannannannannannannannannannannannannannan,1,non-partner
before_trills_2022-03-14_13-55-15_0000054_labelled_Wuschel_phee_10.txt,x,R,y,,,,,,,,,,,,,,,,before,trills,2022-03-14,13-55-15,Wuschel,2022-03-14 13:55:15,RB/MM,2.0,Nougatti,14.0,xRynannannannannannannannannannannannannannannan,Rnannannannannannannannannannannannannannannan,1,non-partner
before_trills_2022-03-14_13-55-15_0000054_labelled_Wuschel_pheeseq_15.txt,x,A,A,y,,,,,,,,,,,,,,,before,trills,2022-03-14,13-55-15,Wuschel,2022-03-14 13:55:15,RB/MM,2.0,Nougatti,15.0,xAAynannannannannannannannannannannannannannan,AAnannannannannannannannannannannannannannan,1,non-partner
before_phees_2022-03-14_09-26-36_0000046_labelled_Wuschel_pheeseq_21.txt,x,A,A,K,,,,,,,,,,,,,,,before,phees,2022-03-14,09-26-36,Wuschel,2022-03-14 09:26:36,EO/MM,3.0,Olympia,1.0,xAAKnannannannannannannannannannannannannannan,AAKnannannannannannannannannannannannannannan,3,partner
before_phees_2022-03-14_09-26-36_0000046_labelled_Wuschel_pheeseq_23.txt,x,A,A,y,,,,,,,,,,,,,,,before,phees,2022-03-14,09-26-36,Wuschel,2022-03-14 09:26:36,EO/MM,3.0,Olympia,2.0,xAAynannannannannannannannannannannannannannan,AAnannannannannannannannannannannannannannan,3,partner
before_phees_2022-03-14_09-26-36_0000046_labelled_Wuschel_pheeseq_22.txt,x,A,A,K,,,,,,,,,,,,,,,before,phees,2022-03-14,09-26-36,Wuschel,2022-03-14 09:26:36,EO/MM,3.0,Olympia,3.0,xAAKnannannannannannannannannannannannannannan,AAKnannannannannannannannannannannannannannan,3,partner
before_phees_2022-03-14_09-26-36_0000046_labelled_Wuschel_pheeseq_27.txt,x,A,A,P,S,,,,,,,,,,,,,,before,phees,2022-03-14,09-26-36,Wuschel,2022-03-14 09:26:36,EO/MM,3.0,Olympia,4.0,xAAPSnannannannannannannannannannannannannan,AAPSnannannannannannannannannannannannannan,3,partner
before_phees_2022-03-14_09-26-36_0000046_labelled_Wuschel_pheeseq_24.txt,x,A,A,P,K,,,,,,,,,,,,,,before,phees,2022-03-14,09-26-36,Wuschel,2022-03-14 09:26:36,EO/MM,3.0,Olympia,5.0,xAAPKnannannannannannannannannannannannannan,AAPKnannannannannannannannannannannannannan,3,partner
before_phees_2022-03-14_09-26-36_0000046_labelled_Wuschel_phee_18.txt,x,A,K,,,,,,,,,,,,,,,,before,phees,2022-03-14,09-26-36,Wuschel,2022-03-14 09:26:36,EO/MM,3.0,Olympia,6.0,xAKnannannannannannannannannannannannannannannan,AKnannannannannannannannannannannannannannannan,3,partner
before_trills_2022-03-14_09-26-37_0000046_labelled_Wuschel_pheeseq_02.txt,x,A,A,A,P,,,,,,,,,,,,,,before,trills,2022-03-14,09-26-37,Wuschel,2022-03-14 09:26:37,EO/MM,3.0,Olympia,8.0,xAAAPnannannannannannannannannannannannannan,AAAPnannannannannannannannannannannannannan,1,partner
before_trills_2022-03-14_09-26-37_0000046_labelled_Wuschel_pheeseq_06.txt,x,A,A,A,P,,,,,,,,,,,,,,before,trills,2022-03-14,09-26-37,Wuschel,2022-03-14 09:26:37,EO/MM,3.0,Olympia,9.0,xAAAPnannannannannannannannannannannannannan,AAAPnannannannannannannannannannannannannan,1,partner
before_trills_2022-03-14_09-26-37_0000046_labelled_Wuschel_pheeseq_04.txt,x,A,A,A,P,,,,,,,,,,,,,,before,trills,2022-03-14,09-26-37,Wuschel,2022-03-14 09:26:37,EO/MM,3.0,Olympia,10.0,xAAAPnannannannannannannannannannannannannan,AAAPnannannannannannannannannannannannannan,1,partner
before_trills_2022-03-14_09-26-37_0000046_labelled_Wuschel_pheeseq_05.txt,x,A,A,A,P,,,,,,,,,,,,,,before,trills,2022-03-14,09-26-37,Wuschel,2022-03-14 09:26:37,EO/MM,3.0,Olympia,11.0,xAAAPnannannannannannannannannannannannannan,AAAPnannannannannannannannannannannannannan,1,partner
before_phees_2022-03-14_09-26-36_0000046_labelled_Wuschel_pheeseq_28.txt,x,A,A,y,,,,,,,,,,,,,,,before,phees,2022-03-14,09-26-36,Wuschel,2022-03-14 09:26:36,EO/MM,3.0,Olympia,12.0,xAAynannannannannannannannannannannannannannan,AAnannannannannannannannannannannannannannan,3,partner
before_trills_2022-03-15_09-35-25_0000056_labelled_Lola_pheeseq_14.txt,x,R,P,P,,,,,,,,,,,,,,,before,trills,2022-03-15,09-35-25,Lola,2022-03-15 09:35:25,EO/MM,4.0,Wuschel,1.0,xRPPnannannannannannannannannannannannannannan,RPPnannannannannannannannannannannannannannan,3,non-partner
before_trills_2022-03-15_09-35-25_0000056_labelled_Lola_pheeseq_14.txt,x,R,P,P,,,,,,,,,,,,,,,before,trills,2022-03-15,09-35-25,Lola,2022-03-15 09:35:25,EO/MM,4.0,Wuschel,2.0,xRPPnannannannannannannannannannannannannannan,RPPnannannannannannannannannannannannannannan,3,non-partner
before_phees_2022-03-15_09-35-25_0000056_labelled_Lola_pheeseq_05.txt,x,A,A,P,,,,,,,,,,,,,,,before,phees,2022-03-15,09-35-25,Lola,2022-03-15 09:35:25,EO/MM,4.0,Wuschel,3.0,xAAPnannannannannannannannannannannannannannan,AAPnannannannannannannannannannannannannannan,1,non-partner
before_phees_2022-03-15_09-35-25_0000056_labelled_Lola_pheeseq_05.txt,x,A,A,P,,,,,,,,,,,,,,,before,phees,2022-03-15,09-35-25,Lola,2022-03-15 09:35:25,EO/MM,4.0,Wuschel,4.0,xAAPnannannannannannannannannannannannannannan,AAPnannannannannannannannannannannannannannan,1,non-partner
before_phees_2022-03-15_09-35-25_0000056_labelled_Lola_pheeseq_04.txt,x,A,A,y,,,,,,,,,,,,,,,before,phees,2022-03-15,09-35-25,Lola,2022-03-15 09:35:25,EO/MM,4.0,Wuschel,5.0,xAAynannannannannannannannannannannannannannan,AAnannannannannannannannannannannannannannan,1,non-partner
before_phees_2022-03-15_09-35-25_0000056_labelled_Lola_pheeseq_04.txt,x,A,A,y,,,,,,,,,,,,,,,before,phees,2022-03-15,09-35-25,Lola,2022-03-15 09:35:25,EO/MM,4.0,Wuschel,6.0,xAAynannannannannannannannannannannannannannan,AAnannannannannannannannannannannannannannan,1,non-partner
before_phees_2022-03-15_09-35-25_0000056_labelled_Lola_phee_06.txt,x,A,y,,,,,,,,,,,,,,,,before,phees,2022-03-15,09-35-25,Lola,2022-03-15 09:35:25,EO/MM,4.0,Wuschel,7.0,xAynannannannannannannannannannannannannannannan,Anannannannannannannannannannannannannannannan,1,non-partner
before_phees_2022-03-15_09-35-25_0000056_labelled_Lola_phee_06.txt,x,A,y,,,,,,,,,,,,,,,,before,phees,2022-03-15,09-35-25,Lola,2022-03-15 09:35:25,EO/MM,4.0,Wuschel,8.0,xAynannannannannannannannannannannannannannannan,Anannannannannannannannannannannannannannannan,1,non-partner
before_phees_2022-03-15_09-35-25_0000056_labelled_Lola_pheeseq_01.txt,x,A,A,y,,,,,,,,,,,,,,,before,phees,2022-03-15,09-35-25,Lola,2022-03-15 09:35:25,EO/MM,4.0,Wuschel,9.0,xAAynannannannannannannannannannannannannannan,AAnannannannannannannannannannannannannannan,1,non-partner
before_phees_2022-03-15_09-35-25_0000056_labelled_Lola_pheeseq_01.txt,x,A,A,y,,,,,,,,,,,,,,,before,phees,2022-03-15,09-35-25,Lola,2022-03-15 09:35:25,EO/MM,4.0,Wuschel,10.0,xAAynannannannannannannannannannannannannannan,AAnannannannannannannannannannannannannannan,1,non-partner
before_phees_2022-03-15_09-35-25_0000056_labelled_Lola_pheeseq_03.txt,x,A,A,y,,,,,,,,,,,,,,,before,phees,2022-03-15,09-35-25,Lola,2022-03-15 09:35:25,EO/MM,4.0,Wuschel,11.0,xAAynannannannannannannannannannannannannannan,AAnannannannannannannannannannannannannannan,1,non-partner
before_phees_2022-03-15_09-35-25_0000056_labelled_Lola_pheeseq_03.txt,x,A,A,y,,,,,,,,,,,,,,,before,phees,2022-03-15,09-35-25,Lola,2022-03-15 09:35:25,EO/MM,4.0,Wuschel,12.0,xAAynannannannannannannannannannannannannannan,AAnannannannannannannannannannannannannannan,1,non-partner
before_phees_2022-03-15_09-35-25_0000056_labelled_Lola_pheeseq_02.txt,x,A,A,y,,,,,,,,,,,,,,,before,phees,2022-03-15,09-35-25,Lola,2022-03-15 09:35:25,EO/MM,4.0,Wuschel,13.0,xAAynannannannannannannannannannannannannannan,AAnannannannannannannannannannannannannannan,1,non-partner
before_phees_2022-03-15_09-35-25_0000056_labelled_Lola_pheeseq_02.txt,x,A,A,y,,,,,,,,,,,,,,,before,phees,2022-03-15,09-35-25,Lola,2022-03-15 09:35:25,EO/MM,4.0,Wuschel,14.0,xAAynannannannannannannannannannannannannannan,AAnannannannannannannannannannannannannannan,1,non-partner
before_trills_2022-03-15_13-18-10_0000060_labelled_Nougatti_pheeseq_48.txt,x,R,P,,,,,,,,,,,,,,,,before,trills,2022-03-15,13-18-10,Nougatti,2022-03-15 13:18:10,EO/MM,4.0,Odin,1.0,xRPnannannannannannannannannannannannannannannan,RPnannannannannannannannannannannannannannannan,1,partner
before_trills_2022-03-15_13-18-10_0000060_labelled_Nougatti_pheeseq_48.txt,x,R,P,,,,,,,,,,,,,,,,before,trills,2022-03-15,13-18-10,Nougatti,2022-03-15 13:18:10,EO/MM,4.0,Odin,2.0,xRPnannannannannannannannannannannannannannannan,RPnannannannannannannannannannannannannannannan,1,partner
before_trills_2022-03-15_13-18-10_0000060_labelled_Nougatti_pheeseq_99.txt,x,A,P,P,,,,,,,,,,,,,,,before,trills,2022-03-15,13-18-10,Nougatti,2022-03-15 13:18:10,EO/MM,4.0,Odin,3.0,xAPPnannannannannannannannannannannannannannan,APPnannannannannannannannannannannannannannan,3,partner
before_trills_2022-03-15_13-18-10_0000060_labelled_Nougatti_pheeseq_99.txt,x,A,P,P,,,,,,,,,,,,,,,before,trills,2022-03-15,13-18-10,Nougatti,2022-03-15 13:18:10,EO/MM,4.0,Odin,4.0,xAPPnannannannannannannannannannannannannannan,APPnannannannannannannannannannannannannannan,3,partner
before_trills_2022-03-15_13-18-10_0000060_labelled_Nougatti_phee_129.txt,x,A,y,,,,,,,,,,,,,,,,before,trills,2022-03-15,13-18-10,Nougatti,2022-03-15 13:18:10,EO/MM,4.0,Odin,5.0,xAynannannannannannannannannannannannannannannan,Anannannannannannannannannannannannannannannan,3,partner
before_trills_2022-03-15_13-18-10_0000060_labelled_Nougatti_phee_129.txt,x,A,y,,,,,,,,,,,,,,,,before,trills,2022-03-15,13-18-10,Nougatti,2022-03-15 13:18:10,EO/MM,4.0,Odin,6.0,xAynannannannannannannannannannannannannannannan,Anannannannannannannannannannannannannannannan,3,partner
before_trills_2022-03-15_13-18-10_0000060_labelled_Nougatti_pheeseq_03.txt,x,A,P,,,,,,,,,,,,,,,,before,trills,2022-03-15,13-18-10,Nougatti,2022-03-15 13:18:10,EO/MM,4.0,Odin,7.0,xAPnannannannannannannannannannannannannannannan,APnannannannannannannannannannannannannannannan,1,partner
before_trills_2022-03-15_13-18-10_0000060_labelled_Nougatti_pheeseq_03.txt,x,A,P,,,,,,,,,,,,,,,,before,trills,2022-03-15,13-18-10,Nougatti,2022-03-15 13:18:10,EO/MM,4.0,Odin,8.0,xAPnannannannannannannannannannannannannannannan,APnannannannannannannannannannannannannannannan,1,partner
before_trills_2022-03-15_13-18-10_0000060_labelled_Nougatti_pheeseq_14.txt,x,A,A,A,P,,,,,,,,,,,,,,before,trills,2022-03-15,13-18-10,Nougatti,2022-03-15 13:18:10,EO/MM,4.0,Odin,9.0,xAAAPnannannannannannannannannannannannannan,AAAPnannannannannannannannannannannannannan,1,partner
before_trills_2022-03-15_13-18-10_0000060_labelled_Nougatti_pheeseq_14.txt,x,A,A,A,P,,,,,,,,,,,,,,before,trills,2022-03-15,13-18-10,Nougatti,2022-03-15 13:18:10,EO/MM,4.0,Odin,10.0,xAAAPnannannannannannannannannannannannannan,AAAPnannannannannannannannannannannannannan,1,partner
before_trills_2022-03-15_13-18-10_0000060_labelled_Nougatti_phee_121.txt,x,A,y,,,,,,,,,,,,,,,,before,trills,2022-03-15,13-18-10,Nougatti,2022-03-15 13:18:10,EO/MM,4.0,Odin,11.0,xAynannannannannannannannannannannannannannannan,Anannannannannannannannannannannannannannannan,3,partner
before_trills_2022-03-15_13-18-10_0000060_labelled_Nougatti_phee_121.txt,x,A,y,,,,,,,,,,,,,,,,before,trills,2022-03-15,13-18-10,Nougatti,2022-03-15 13:18:10,EO/MM,4.0,Odin,12.0,xAynannannannannannannannannannannannannannannan,Anannannannannannannannannannannannannannannan,3,partner
before_trills_2022-03-15_13-18-10_0000060_labelled_Nougatti_pheeseq_35.txt,x,A,P,P,,,,,,,,,,,,,,,before,trills,2022-03-15,13-18-10,Nougatti,2022-03-15 13:18:10,EO/MM,4.0,Odin,13.0,xAPPnannannannannannannannannannannannannannan,APPnannannannannannannannannannannannannannan,1,partner
before_trills_2022-03-15_13-18-10_0000060_labelled_Nougatti_pheeseq_35.txt,x,A,P,P,,,,,,,,,,,,,,,before,trills,2022-03-15,13-18-10,Nougatti,2022-03-15 13:18:10,EO/MM,4.0,Odin,14.0,xAPPnannannannannannannannannannannannannannan,APPnannannannannannannannannannannannannannan,1,partner
before_trills_2022-03-15_13-18-10_0000060_labelled_Nougatti_pheeseq_105.txt,x,P,P,,,,,,,,,,,,,,,,before,trills,2022-03-15,13-18-10,Nougatti,2022-03-15 13:18:10,EO/MM,4.0,Odin,15.0,xPPnannannannannannannannannannannannannannannan,PPnannannannannannannannannannannannannannannan,3,partner
before_trills_2022-03-15_13-18-10_0000060_labelled_Nougatti_pheeseq_105.txt,x,P,P,,,,,,,,,,,,,,,,before,trills,2022-03-15,13-18-10,Nougatti,2022-03-15 13:18:10,EO/MM,4.0,Odin,16.0,xPPnannannannannannannannannannannannannannannan,PPnannannannannannannannannannannannannannannan,3,partner
before_trills_2022-03-15_13-18-10_0000060_labelled_Nougatti_pheeseq_27.txt,x,A,A,P,,,,,,,,,,,,,,,before,trills,2022-03-15,13-18-10,Nougatti,2022-03-15 13:18:10,EO/MM,4.0,Odin,17.0,xAAPnannannannannannannannannannannannannannan,AAPnannannannannannannannannannannannannannan,1,partner
before_trills_2022-03-15_13-18-10_0000060_labelled_Nougatti_pheeseq_27.txt,x,A,A,P,,,,,,,,,,,,,,,before,trills,2022-03-15,13-18-10,Nougatti,2022-03-15 13:18:10,EO/MM,4.0,Odin,18.0,xAAPnannannannannannannannannannannannannannan,AAPnannannannannannannannannannannannannannan,1,partner
before_trills_2022-03-15_13-18-10_0000060_labelled_Nougatti_pheeseq_110.txt,x,P,,,,,,,,,,,,,,,,,before,trills,2022-03-15,13-18-10,Nougatti,2022-03-15 13:18:10,EO/MM,4.0,Odin,19.0,xPnannannannannannannannannannannannannannannannan,Pnannannannannannannannannannannannannannannannan,3,partner
before_trills_2022-03-15_13-18-10_0000060_labelled_Nougatti_pheeseq_110.txt,x,P,,,,,,,,,,,,,,,,,before,trills,2022-03-15,13-18-10,Nougatti,2022-03-15 13:18:10,EO/MM,4.0,Odin,20.0,xPnannannannannannannannannannannannannannannannan,Pnannannannannannannannannannannannannannannannan,3,partner
before_trills_2022-03-15_13-18-10_0000060_labelled_Nougatti_pheeseq_40.txt,x,R,A,y,,,,,,,,,,,,,,,before,trills,2022-03-15,13-18-10,Nougatti,2022-03-15 13:18:10,EO/MM,4.0,Odin,21.0,xRAynannannannannannannannannannannannannannan,RAnannannannannannannannannannannannannannan,1,partner
before_trills_2022-03-15_13-18-10_0000060_labelled_Nougatti_pheeseq_40.txt,x,R,A,y,,,,,,,,,,,,,,,before,trills,2022-03-15,13-18-10,Nougatti,2022-03-15 13:18:10,EO/MM,4.0,Odin,22.0,xRAynannannannannannannannannannannannannannan,RAnannannannannannannannannannannannannannan,1,partner
before_phees_2022-03-15_13-18-10_0000060_labelled_Nougatti_phee_23.txt,x,A,y,,,,,,,,,,,,,,,,before,phees,2022-03-15,13-18-10,Nougatti,2022-03-15 13:18:10,EO/MM,4.0,Odin,23.0,xAynannannannannannannannannannannannannannannan,Anannannannannannannannannannannannannannannan,3,partner
before_phees_2022-03-15_13-18-10_0000060_labelled_Nougatti_phee_23.txt,x,A,y,,,,,,,,,,,,,,,,before,phees,2022-03-15,13-18-10,Nougatti,2022-03-15 13:18:10,EO/MM,4.0,Odin,24.0,xAynannannannannannannannannannannannannannannan,Anannannannannannannannannannannannannannannan,3,partner
before_trills_2022-03-15_10-42-02_0000058_labelled_Nougatti_pheeseq_48.txt,x,R,A,P,,,,,,,,,,,,,,,before,trills,2022-03-15,10-42-02,Nougatti,2022-03-15 10:42:02,EO/MM,4.0,Tabor,1.0,xRAPnannannannannannannannannannannannannannan,RAPnannannannannannannannannannannannannannan,3,non-partner
before_phees_2022-03-15_10-42-01_0000058_labelled_Nougatti_pheeseq_09.txt,x,A,y,,,,,,,,,,,,,,,,before,phees,2022-03-15,10-42-01,Nougatti,2022-03-15 10:42:01,EO/MM,4.0,Tabor,2.0,xAynannannannannannannannannannannannannannannan,Anannannannannannannannannannannannannannannan,3,non-partner
before_phees_2022-03-15_10-42-01_0000058_labelled_Nougatti_pheeseq_08.txt,x,A,A,y,,,,,,,,,,,,,,,before,phees,2022-03-15,10-42-01,Nougatti,2022-03-15 10:42:01,EO/MM,4.0,Tabor,3.0,xAAynannannannannannannannannannannannannannan,AAnannannannannannannannannannannannannannan,3,non-partner
before_trills_2022-03-15_10-42-02_0000058_labelled_Nougatti_pheeseq_15.txt,x,A,A,P,,,,,,,,,,,,,,,before,trills,2022-03-15,10-42-02,Nougatti,2022-03-15 10:42:02,EO/MM,4.0,Tabor,4.0,xAAPnannannannannannannannannannannannannannan,AAPnannannannannannannannannannannannannannan,1,non-partner
before_trills_2022-03-15_10-42-02_0000058_labelled_Nougatti_pheeseq_17.txt,x,A,A,P,P,,,,,,,,,,,,,,before,trills,2022-03-15,10-42-02,Nougatti,2022-03-15 10:42:02,EO/MM,4.0,Tabor,5.0,xAAPPnannannannannannannannannannannannannan,AAPPnannannannannannannannannannannannannan,1,non-partner
before_trills_2022-03-15_10-42-02_0000058_labelled_Nougatti_pheeseq_03.txt,x,A,A,A,P,,,,,,,,,,,,,,before,trills,2022-03-15,10-42-02,Nougatti,2022-03-15 10:42:02,EO/MM,4.0,Tabor,6.0,xAAAPnannannannannannannannannannannannannan,AAAPnannannannannannannannannannannannannan,1,non-partner
before_trills_2022-03-15_10-42-02_0000058_labelled_Nougatti_pheeseq_02.txt,x,A,P,P,,,,,,,,,,,,,,,before,trills,2022-03-15,10-42-02,Nougatti,2022-03-15 10:42:02,EO/MM,4.0,Tabor,7.0,xAPPnannannannannannannannannannannannannannan,APPnannannannannannannannannannannannannannan,1,non-partner
before_trills_2022-03-15_10-42-02_0000058_labelled_Nougatti_pheeseq_07.txt,x,A,A,P,,,,,,,,,,,,,,,before,trills,2022-03-15,10-42-02,Nougatti,2022-03-15 10:42:02,EO/MM,4.0,Tabor,9.0,xAAPnannannannannannannannannannannannannannan,AAPnannannannannannannannannannannannannannan,1,non-partner
before_trills_2022-03-15_10-42-02_0000058_labelled_Nougatti_pheeseq_13.txt,x,A,A,A,P,,,,,,,,,,,,,,before,trills,2022-03-15,10-42-02,Nougatti,2022-03-15 10:42:02,EO/MM,4.0,Tabor,10.0,xAAAPnannannannannannannannannannannannannan,AAAPnannannannannannannannannannannannannan,1,non-partner
before_trills_2022-03-15_10-42-02_0000058_labelled_Nougatti_pheeseq_10.txt,x,A,A,y,,,,,,,,,,,,,,,before,trills,2022-03-15,10-42-02,Nougatti,2022-03-15 10:42:02,EO/MM,4.0,Tabor,11.0,xAAynannannannannannannannannannannannannannan,AAnannannannannannannannannannannannannannan,1,non-partner
before_trills_2022-03-15_10-42-02_0000058_labelled_Nougatti_pheeseq_22.txt,x,A,P,P,,,,,,,,,,,,,,,before,trills,2022-03-15,10-42-02,Nougatti,2022-03-15 10:42:02,EO/MM,4.0,Tabor,13.0,xAPPnannannannannannannannannannannannannannan,APPnannannannannannannannannannannannannannan,1,non-partner
before_trills_2022-03-15_10-42-02_0000058_labelled_Nougatti_pheeseq_19.txt,x,A,A,A,y,,,,,,,,,,,,,,before,trills,2022-03-15,10-42-02,Nougatti,2022-03-15 10:42:02,EO/MM,4.0,Tabor,17.0,xAAAynannannannannannannannannannannannannan,AAAnannannannannannannannannannannannannan,1,non-partner
before_phees_2022-03-15_10-42-01_0000058_labelled_Nougatti_pheeseq_12.txt,x,A,A,y,,,,,,,,,,,,,,,before,phees,2022-03-15,10-42-01,Nougatti,2022-03-15 10:42:01,EO/MM,4.0,Tabor,19.0,xAAynannannannannannannannannannannannannannan,AAnannannannannannannannannannannannannannan,3,non-partner
before_trills_2022-03-15_10-42-02_0000058_labelled_Nougatti_pheeseq_42.txt,x,A,P,,,,,,,,,,,,,,,,before,trills,2022-03-15,10-42-02,Nougatti,2022-03-15 10:42:02,EO/MM,4.0,Tabor,20.0,xAPnannannannannannannannannannannannannannannan,APnannannannannannannannannannannannannannannan,3,non-partner
before_phees_2022-03-15_10-42-01_0000058_labelled_Nougatti_pheeseq_11.txt,x,A,y,,,,,,,,,,,,,,,,before,phees,2022-03-15,10-42-01,Nougatti,2022-03-15 10:42:01,EO/MM,4.0,Tabor,21.0,xAynannannannannannannannannannannannannannannan,Anannannannannannannannannannannannannannannan,3,non-partner
before_phees_2022-03-15_10-42-01_0000058_labelled_Nougatti_pheeseq_04.txt,x,A,A,y,,,,,,,,,,,,,,,before,phees,2022-03-15,10-42-01,Nougatti,2022-03-15 10:42:01,EO/MM,4.0,Tabor,22.0,xAAynannannannannannannannannannannannannannan,AAnannannannannannannannannannannannannannan,1,non-partner
before_trills_2022-03-15_10-42-02_0000058_labelled_Nougatti_pheeseq_53.txt,x,A,y,,,,,,,,,,,,,,,,before,trills,2022-03-15,10-42-02,Nougatti,2022-03-15 10:42:02,EO/MM,4.0,Tabor,23.0,xAynannannannannannannannannannannannannannannan,Anannannannannannannannannannannannannannannan,3,non-partner
before_phees_2022-03-15_13-18-10_0000060_labelled_Odin_pheeseq_12.txt,x,A,A,A,A,y,,,,,,,,,,,,,before,phees,2022-03-15,13-18-10,Odin,2022-03-15 13:18:10,EO/MM,4.0,Nougatti,1.0,xAAAAynannannannannannannannannannannannan,AAAAnannannannannannannannannannannannan,1,partner
before_phees_2022-03-15_13-18-10_0000060_labelled_Odin_pheeseq_12.txt,x,A,A,A,A,y,,,,,,,,,,,,,before,phees,2022-03-15,13-18-10,Odin,2022-03-15 13:18:10,EO/MM,4.0,Nougatti,2.0,xAAAAynannannannannannannannannannannannan,AAAAnannannannannannannannannannannannan,1,partner
before_phees_2022-03-15_13-18-10_0000060_labelled_Odin_pheeseq_11.txt,x,A,A,y,,,,,,,,,,,,,,,before,phees,2022-03-15,13-18-10,Odin,2022-03-15 13:18:10,EO/MM,4.0,Nougatti,3.0,xAAynannannannannannannannannannannannannannan,AAnannannannannannannannannannannannannannan,1,partner
before_phees_2022-03-15_13-18-10_0000060_labelled_Odin_pheeseq_11.txt,x,A,A,y,,,,,,,,,,,,,,,before,phees,2022-03-15,13-18-10,Odin,2022-03-15 13:18:10,EO/MM,4.0,Nougatti,4.0,xAAynannannannannannannannannannannannannannan,AAnannannannannannannannannannannannannannan,1,partner
before_trills_2022-03-15_13-18-10_0000060_labelled_Odin_pheeseq_22.txt,x,R,A,y,,,,,,,,,,,,,,,before,trills,2022-03-15,13-18-10,Odin,2022-03-15 13:18:10,EO/MM,4.0,Nougatti,5.0,xRAynannannannannannannannannannannannannannan,RAnannannannannannannannannannannannannannan,1,partner
before_trills_2022-03-15_13-18-10_0000060_labelled_Odin_pheeseq_22.txt,x,R,A,y,,,,,,,,,,,,,,,before,trills,2022-03-15,13-18-10,Odin,2022-03-15 13:18:10,EO/MM,4.0,Nougatti,6.0,xRAynannannannannannannannannannannannannannan,RAnannannannannannannannannannannannannannan,1,partner
before_phees_2022-03-15_13-18-10_0000060_labelled_Odin_pheeseq_14.txt,x,A,A,y,,,,,,,,,,,,,,,before,phees,2022-03-15,13-18-10,Odin,2022-03-15 13:18:10,EO/MM,4.0,Nougatti,7.0,xAAynannannannannannannannannannannannannannan,AAnannannannannannannannannannannannannannan,1,partner
before_phees_2022-03-15_13-18-10_0000060_labelled_Odin_pheeseq_14.txt,x,A,A,y,,,,,,,,,,,,,,,before,phees,2022-03-15,13-18-10,Odin,2022-03-15 13:18:10,EO/MM,4.0,Nougatti,8.0,xAAynannannannannannannannannannannannannannan,AAnannannannannannannannannannannannannannan,1,partner
before_phees_2022-03-15_13-18-10_0000060_labelled_Odin_pheeseq_03.txt,x,R,A,y,,,,,,,,,,,,,,,before,phees,2022-03-15,13-18-10,Odin,2022-03-15 13:18:10,EO/MM,4.0,Nougatti,9.0,xRAynannannannannannannannannannannannannannan,RAnannannannannannannannannannannannannannan,1,partner
before_phees_2022-03-15_13-18-10_0000060_labelled_Odin_pheeseq_03.txt,x,R,A,y,,,,,,,,,,,,,,,before,phees,2022-03-15,13-18-10,Odin,2022-03-15 13:18:10,EO/MM,4.0,Nougatti,10.0,xRAynannannannannannannannannannannannannannan,RAnannannannannannannannannannannannannannan,1,partner
before_trills_2022-03-15_13-18-10_0000060_labelled_Odin_pheeseq_31.txt,x,R,A,y,,,,,,,,,,,,,,,before,trills,2022-03-15,13-18-10,Odin,2022-03-15 13:18:10,EO/MM,4.0,Nougatti,11.0,xRAynannannannannannannannannannannannannannan,RAnannannannannannannannannannannannannannan,1,partner
before_trills_2022-03-15_13-18-10_0000060_labelled_Odin_pheeseq_31.txt,x,R,A,y,,,,,,,,,,,,,,,before,trills,2022-03-15,13-18-10,Odin,2022-03-15 13:18:10,EO/MM,4.0,Nougatti,12.0,xRAynannannannannannannannannannannannannannan,RAnannannannannannannannannannannannannannan,1,partner
before_trills_2022-03-15_13-18-10_0000060_labelled_Odin_pheeseq_18.txt,x,A,A,y,,,,,,,,,,,,,,,before,trills,2022-03-15,13-18-10,Odin,2022-03-15 13:18:10,EO/MM,4.0,Nougatti,13.0,xAAynannannannannannannannannannannannannannan,AAnannannannannannannannannannannannannannan,1,partner
before_trills_2022-03-15_13-18-10_0000060_labelled_Odin_pheeseq_18.txt,x,A,A,y,,,,,,,,,,,,,,,before,trills,2022-03-15,13-18-10,Odin,2022-03-15 13:18:10,EO/MM,4.0,Nougatti,14.0,xAAynannannannannannannannannannannannannannan,AAnannannannannannannannannannannannannannan,1,partner
before_phees_2022-03-15_13-18-10_0000060_labelled_Odin_pheeseq_16.txt,x,A,A,A,y,,,,,,,,,,,,,,before,phees,2022-03-15,13-18-10,Odin,2022-03-15 13:18:10,EO/MM,4.0,Nougatti,15.0,xAAAynannannannannannannannannannannannannan,AAAnannannannannannannannannannannannannan,1,partner
before_phees_2022-03-15_13-18-10_0000060_labelled_Odin_pheeseq_16.txt,x,A,A,A,y,,,,,,,,,,,,,,before,phees,2022-03-15,13-18-10,Odin,2022-03-15 13:18:10,EO/MM,4.0,Nougatti,16.0,xAAAynannannannannannannannannannannannannan,AAAnannannannannannannannannannannannannan,1,partner
before_phees_2022-03-15_13-18-10_0000060_labelled_Odin_phee_05.txt,x,A,y,,,,,,,,,,,,,,,,before,phees,2022-03-15,13-18-10,Odin,2022-03-15 13:18:10,EO/MM,4.0,Nougatti,17.0,xAynannannannannannannannannannannannannannannan,Anannannannannannannannannannannannannannannan,1,partner
before_phees_2022-03-15_13-18-10_0000060_labelled_Odin_phee_05.txt,x,A,y,,,,,,,,,,,,,,,,before,phees,2022-03-15,13-18-10,Odin,2022-03-15 13:18:10,EO/MM,4.0,Nougatti,18.0,xAynannannannannannannannannannannannannannannan,Anannannannannannannannannannannannannannannan,1,partner
before_trills_2022-03-15_13-18-10_0000060_labelled_Odin_pheeseq_123.txt,x,A,A,y,,,,,,,,,,,,,,,before,trills,2022-03-15,13-18-10,Odin,2022-03-15 13:18:10,EO/MM,4.0,Nougatti,19.0,xAAynannannannannannannannannannannannannannan,AAnannannannannannannannannannannannannannan,3,partner
before_trills_2022-03-15_13-18-10_0000060_labelled_Odin_pheeseq_123.txt,x,A,A,y,,,,,,,,,,,,,,,before,trills,2022-03-15,13-18-10,Odin,2022-03-15 13:18:10,EO/MM,4.0,Nougatti,20.0,xAAynannannannannannannannannannannannannannan,AAnannannannannannannannannannannannannannan,3,partner
before_trills_2022-03-15_13-18-10_0000060_labelled_Odin_pheeseq_43.txt,x,A,y,,,,,,,,,,,,,,,,before,trills,2022-03-15,13-18-10,Odin,2022-03-15 13:18:10,EO/MM,4.0,Nougatti,23.0,xAynannannannannannannannannannannannannannannan,Anannannannannannannannannannannannannannannan,1,partner
before_trills_2022-03-15_13-18-10_0000060_labelled_Odin_pheeseq_43.txt,x,A,y,,,,,,,,,,,,,,,,before,trills,2022-03-15,13-18-10,Odin,2022-03-15 13:18:10,EO/MM,4.0,Nougatti,24.0,xAynannannannannannannannannannannannannannannan,Anannannannannannannannannannannannannannannan,1,partner
before_trills_2022-03-15_13-18-10_0000060_labelled_Odin_pheeseq_134.txt,x,A,A,y,,,,,,,,,,,,,,,before,trills,2022-03-15,13-18-10,Odin,2022-03-15 13:18:10,EO/MM,4.0,Nougatti,27.0,xAAynannannannannannannannannannannannannannan,AAnannannannannannannannannannannannannannan,3,partner
before_trills_2022-03-15_13-18-10_0000060_labelled_Odin_pheeseq_134.txt,x,A,A,y,,,,,,,,,,,,,,,before,trills,2022-03-15,13-18-10,Odin,2022-03-15 13:18:10,EO/MM,4.0,Nougatti,28.0,xAAynannannannannannannannannannannannannannan,AAnannannannannannannannannannannannannannan,3,partner
before_trills_2022-03-15_13-18-10_0000060_labelled_Odin_phee_06.txt,x,A,y,,,,,,,,,,,,,,,,before,trills,2022-03-15,13-18-10,Odin,2022-03-15 13:18:10,EO/MM,4.0,Nougatti,29.0,xAynannannannannannannannannannannannannannannan,Anannannannannannannannannannannannannannannan,1,partner
before_trills_2022-03-15_13-18-10_0000060_labelled_Odin_phee_06.txt,x,A,y,,,,,,,,,,,,,,,,before,trills,2022-03-15,13-18-10,Odin,2022-03-15 13:18:10,EO/MM,4.0,Nougatti,30.0,xAynannannannannannannannannannannannannannannan,Anannannannannannannannannannannannannannannan,1,partner
before_trills_2022-03-15_13-18-10_0000060_labelled_Odin_pheeseq_46.txt,x,R,A,y,,,,,,,,,,,,,,,before,trills,2022-03-15,13-18-10,Odin,2022-03-15 13:18:10,EO/MM,4.0,Nougatti,31.0,xRAynannannannannannannannannannannannannannan,RAnannannannannannannannannannannannannannan,1,partner
before_trills_2022-03-15_13-18-10_0000060_labelled_Odin_pheeseq_46.txt,x,R,A,y,,,,,,,,,,,,,,,before,trills,2022-03-15,13-18-10,Odin,2022-03-15 13:18:10,EO/MM,4.0,Nougatti,32.0,xRAynannannannannannannannannannannannannannan,RAnannannannannannannannannannannannannannan,1,partner
before_trills_2022-03-15_13-18-10_0000060_labelled_Odin_phee_24.txt,x,A,y,,,,,,,,,,,,,,,,before,trills,2022-03-15,13-18-10,Odin,2022-03-15 13:18:10,EO/MM,4.0,Nougatti,33.0,xAynannannannannannannannannannannannannannannan,Anannannannannannannannannannannannannannannan,1,partner
before_trills_2022-03-15_13-18-10_0000060_labelled_Odin_phee_24.txt,x,A,y,,,,,,,,,,,,,,,,before,trills,2022-03-15,13-18-10,Odin,2022-03-15 13:18:10,EO/MM,4.0,Nougatti,34.0,xAynannannannannannannannannannannannannannannan,Anannannannannannannannannannannannannannannan,1,partner
before_trills_2022-03-15_13-18-10_0000060_labelled_Odin_pheeseq_100.txt,x,R,A,y,,,,,,,,,,,,,,,before,trills,2022-03-15,13-18-10,Odin,2022-03-15 13:18:10,EO/MM,4.0,Nougatti,37.0,xRAynannannannannannannannannannannannannannan,RAnannannannannannannannannannannannannannan,3,partner
before_trills_2022-03-15_13-18-10_0000060_labelled_Odin_pheeseq_100.txt,x,R,A,y,,,,,,,,,,,,,,,before,trills,2022-03-15,13-18-10,Odin,2022-03-15 13:18:10,EO/MM,4.0,Nougatti,38.0,xRAynannannannannannannannannannannannannannan,RAnannannannannannannannannannannannannannan,3,partner
before_phees_2022-03-15_13-18-10_0000060_labelled_Odin_pheeseq_26.txt,x,R,A,y,,,,,,,,,,,,,,,before,phees,2022-03-15,13-18-10,Odin,2022-03-15 13:18:10,EO/MM,4.0,Nougatti,41.0,xRAynannannannannannannannannannannannannannan,RAnannannannannannannannannannannannannannan,3,partner
before_phees_2022-03-15_13-18-10_0000060_labelled_Odin_pheeseq_26.txt,x,R,A,y,,,,,,,,,,,,,,,before,phees,2022-03-15,13-18-10,Odin,2022-03-15 13:18:10,EO/MM,4.0,Nougatti,42.0,xRAynannannannannannannannannannannannannannan,RAnannannannannannannannannannannannannannan,3,partner
before_phees_2022-03-15_13-18-10_0000060_labelled_Odin_pheeseq_09.txt,S,S,S,A,A,P,,,,,,,,,,,,,before,phees,2022-03-15,13-18-10,Odin,2022-03-15 13:18:10,EO/MM,4.0,Nougatti,43.0,SSSAAPnannannannannannannannannannannannan,SSSAAPnannannannannannannannannannannannan,1,partner
before_phees_2022-03-15_13-18-10_0000060_labelled_Odin_pheeseq_09.txt,S,S,S,A,A,P,,,,,,,,,,,,,before,phees,2022-03-15,13-18-10,Odin,2022-03-15 13:18:10,EO/MM,4.0,Nougatti,44.0,SSSAAPnannannannannannannannannannannannan,SSSAAPnannannannannannannannannannannannan,1,partner
before_trills_2022-03-15_13-18-10_0000060_labelled_Odin_phee_113.txt,x,A,y,,,,,,,,,,,,,,,,before,trills,2022-03-15,13-18-10,Odin,2022-03-15 13:18:10,EO/MM,4.0,Nougatti,45.0,xAynannannannannannannannannannannannannannannan,Anannannannannannannannannannannannannannannan,3,partner
before_trills_2022-03-15_13-18-10_0000060_labelled_Odin_phee_113.txt,x,A,y,,,,,,,,,,,,,,,,before,trills,2022-03-15,13-18-10,Odin,2022-03-15 13:18:10,EO/MM,4.0,Nougatti,46.0,xAynannannannannannannannannannannannannannannan,Anannannannannannannannannannannannannannannan,3,partner
before_phees_2022-03-15_13-18-10_0000060_labelled_Odin_pheeseq_08.txt,x,A,A,y,,,,,,,,,,,,,,,before,phees,2022-03-15,13-18-10,Odin,2022-03-15 13:18:10,EO/MM,4.0,Nougatti,47.0,xAAynannannannannannannannannannannannannannan,AAnannannannannannannannannannannannannannan,1,partner
before_phees_2022-03-15_13-18-10_0000060_labelled_Odin_pheeseq_08.txt,x,A,A,y,,,,,,,,,,,,,,,before,phees,2022-03-15,13-18-10,Odin,2022-03-15 13:18:10,EO/MM,4.0,Nougatti,48.0,xAAynannannannannannannannannannannannannannan,AAnannannannannannannannannannannannannannan,1,partner
before_trills_2022-03-15_13-18-10_0000060_labelled_Odin_pheeseq_39.txt,x,A,y,,,,,,,,,,,,,,,,before,trills,2022-03-15,13-18-10,Odin,2022-03-15 13:18:10,EO/MM,4.0,Nougatti,49.0,xAynannannannannannannannannannannannannannannan,Anannannannannannannannannannannannannannannan,1,partner
before_trills_2022-03-15_13-18-10_0000060_labelled_Odin_pheeseq_39.txt,x,A,y,,,,,,,,,,,,,,,,before,trills,2022-03-15,13-18-10,Odin,2022-03-15 13:18:10,EO/MM,4.0,Nougatti,50.0,xAynannannannannannannannannannannannannannannan,Anannannannannannannannannannannannannannannan,1,partner
before_trills_2022-03-15_13-18-10_0000060_labelled_Odin_pheeseq_11.txt,x,A,A,y,,,,,,,,,,,,,,,before,trills,2022-03-15,13-18-10,Odin,2022-03-15 13:18:10,EO/MM,4.0,Nougatti,51.0,xAAynannannannannannannannannannannannannannan,AAnannannannannannannannannannannannannannan,1,partner
before_trills_2022-03-15_13-18-10_0000060_labelled_Odin_pheeseq_11.txt,x,A,A,y,,,,,,,,,,,,,,,before,trills,2022-03-15,13-18-10,Odin,2022-03-15 13:18:10,EO/MM,4.0,Nougatti,52.0,xAAynannannannannannannannannannannannannannan,AAnannannannannannannannannannannannannannan,1,partner
before_phees_2022-03-15_14-09-36_0000061_labelled_Olympia_pheeseq_01.txt,x,A,A,P,,,,,,,,,,,,,,,before,phees,2022-03-15,14-09-36,Olympia,2022-03-15 14:09:36,EO/MM,4.0,Tabor,1.0,xAAPnannannannannannannannannannannannannannan,AAPnannannannannannannannannannannannannannan,1,non-partner
before_phees_2022-03-15_14-09-36_0000061_labelled_Olympia_pheeseq_01.txt,x,A,A,P,,,,,,,,,,,,,,,before,phees,2022-03-15,14-09-36,Olympia,2022-03-15 14:09:36,EO/MM,4.0,Tabor,2.0,xAAPnannannannannannannannannannannannannannan,AAPnannannannannannannannannannannannannannan,1,non-partner
before_phees_2022-03-15_14-09-36_0000061_labelled_Olympia_pheeseq_03.txt,x,A,A,y,,,,,,,,,,,,,,,before,phees,2022-03-15,14-09-36,Olympia,2022-03-15 14:09:36,EO/MM,4.0,Tabor,3.0,xAAynannannannannannannannannannannannannannan,AAnannannannannannannannannannannannannannan,1,non-partner
before_phees_2022-03-15_14-09-36_0000061_labelled_Olympia_pheeseq_03.txt,x,A,A,y,,,,,,,,,,,,,,,before,phees,2022-03-15,14-09-36,Olympia,2022-03-15 14:09:36,EO/MM,4.0,Tabor,4.0,xAAynannannannannannannannannannannannannannan,AAnannannannannannannannannannannannannannan,1,non-partner
before_trills_2022-03-15_14-09-36_0000061_labelled_Olympia_pheeseq_10.txt,x,A,y,,,,,,,,,,,,,,,,before,trills,2022-03-15,14-09-36,Olympia,2022-03-15 14:09:36,EO/MM,4.0,Tabor,5.0,xAynannannannannannannannannannannannannannannan,Anannannannannannannannannannannannannannannan,1,non-partner
before_trills_2022-03-15_14-09-36_0000061_labelled_Olympia_pheeseq_10.txt,x,A,y,,,,,,,,,,,,,,,,before,trills,2022-03-15,14-09-36,Olympia,2022-03-15 14:09:36,EO/MM,4.0,Tabor,6.0,xAynannannannannannannannannannannannannannannan,Anannannannannannannannannannannannannannannan,1,non-partner
before_trills_2022-03-15_14-09-36_0000061_labelled_Olympia_pheeseq_07.txt,x,R,A,y,,,,,,,,,,,,,,,before,trills,2022-03-15,14-09-36,Olympia,2022-03-15 14:09:36,EO/MM,4.0,Tabor,7.0,xRAynannannannannannannannannannannannannannan,RAnannannannannannannannannannannannannannan,1,non-partner
before_trills_2022-03-15_14-09-36_0000061_labelled_Olympia_pheeseq_07.txt,x,R,A,y,,,,,,,,,,,,,,,before,trills,2022-03-15,14-09-36,Olympia,2022-03-15 14:09:36,EO/MM,4.0,Tabor,8.0,xRAynannannannannannannannannannannannannannan,RAnannannannannannannannannannannannannannan,1,non-partner
before_trills_2022-03-15_14-09-36_0000061_labelled_Olympia_phee_46.txt,x,R,y,,,,,,,,,,,,,,,,before,trills,2022-03-15,14-09-36,Olympia,2022-03-15 14:09:36,EO/MM,4.0,Tabor,9.0,xRynannannannannannannannannannannannannannannan,Rnannannannannannannannannannannannannannannan,3,non-partner
before_trills_2022-03-15_14-09-36_0000061_labelled_Olympia_phee_46.txt,x,R,y,,,,,,,,,,,,,,,,before,trills,2022-03-15,14-09-36,Olympia,2022-03-15 14:09:36,EO/MM,4.0,Tabor,10.0,xRynannannannannannannannannannannannannannannan,Rnannannannannannannannannannannannannannannan,3,non-partner
before_phees_2022-03-15_10-42-01_0000058_labelled_Tabor_pheeseq_02.txt,x,A,A,A,y,,,,,,,,,,,,,,before,phees,2022-03-15,10-42-01,Tabor,2022-03-15 10:42:01,EO/MM,4.0,Nougatti,1.0,xAAAynannannannannannannannannannannannannan,AAAnannannannannannannannannannannannannan,1,non-partner
before_phees_2022-03-15_10-42-01_0000058_labelled_Tabor_phee_13.txt,x,A,y,,,,,,,,,,,,,,,,before,phees,2022-03-15,10-42-01,Tabor,2022-03-15 10:42:01,EO/MM,4.0,Nougatti,2.0,xAynannannannannannannannannannannannannannannan,Anannannannannannannannannannannannannannannan,3,non-partner
before_trills_2022-03-15_10-42-02_0000058_labelled_Tabor_pheeseq_23.txt,x,A,P,A,A,y,,,,,,,,,,,,,before,trills,2022-03-15,10-42-02,Tabor,2022-03-15 10:42:02,EO/MM,4.0,Nougatti,3.0,xAPAAynannannannannannannannannannannannan,APAAnannannannannannannannannannannannan,1,non-partner
before_trills_2022-03-15_10-42-02_0000058_labelled_Tabor_pheeseq_20.txt,x,A,A,A,P,,,,,,,,,,,,,,before,trills,2022-03-15,10-42-02,Tabor,2022-03-15 10:42:02,EO/MM,4.0,Nougatti,4.0,xAAAPnannannannannannannannannannannannannan,AAAPnannannannannannannannannannannannannan,1,non-partner
before_trills_2022-03-15_10-42-02_0000058_labelled_Tabor_pheeseq_21.txt,x,A,P,P,A,A,P,,,,,,,,,,,,before,trills,2022-03-15,10-42-02,Tabor,2022-03-15 10:42:02,EO/MM,4.0,Nougatti,5.0,xAPPAAPnannannannannannannannannannannan,APPAAPnannannannannannannannannannannan,1,non-partner
before_trills_2022-03-15_10-42-02_0000058_labelled_Tabor_pheeseq_18.txt,x,A,P,A,A,y,,,,,,,,,,,,,before,trills,2022-03-15,10-42-02,Tabor,2022-03-15 10:42:02,EO/MM,4.0,Nougatti,6.0,xAPAAynannannannannannannannannannannannan,APAAnannannannannannannannannannannannan,1,non-partner
before_trills_2022-03-15_14-09-36_0000061_labelled_Tabor_pheeseq_35.txt,x,A,P,,,,,,,,,,,,,,,,before,trills,2022-03-15,14-09-36,Tabor,2022-03-15 14:09:36,EO/MM,4.0,Olympia,1.0,xAPnannannannannannannannannannannannannannannan,APnannannannannannannannannannannannannannannan,3,non-partner
before_trills_2022-03-15_14-09-36_0000061_labelled_Tabor_pheeseq_35.txt,x,A,P,,,,,,,,,,,,,,,,before,trills,2022-03-15,14-09-36,Tabor,2022-03-15 14:09:36,EO/MM,4.0,Olympia,2.0,xAPnannannannannannannannannannannannannannannan,APnannannannannannannannannannannannannannannan,3,non-partner
before_trills_2022-03-15_14-09-36_0000061_labelled_Tabor_pheeseq_15.txt,P,A,A,A,P,,,,,,,,,,,,,,before,trills,2022-03-15,14-09-36,Tabor,2022-03-15 14:09:36,EO/MM,4.0,Olympia,3.0,PAAAPnannannannannannannannannannannannannan,PAAAPnannannannannannannannannannannannannan,1,non-partner
before_trills_2022-03-15_14-09-36_0000061_labelled_Tabor_pheeseq_15.txt,P,A,A,A,P,,,,,,,,,,,,,,before,trills,2022-03-15,14-09-36,Tabor,2022-03-15 14:09:36,EO/MM,4.0,Olympia,4.0,PAAAPnannannannannannannannannannannannannan,PAAAPnannannannannannannannannannannannannan,1,non-partner
before_trills_2022-03-15_14-09-36_0000061_labelled_Tabor_pheeseq_16.txt,x,A,A,A,P,,,,,,,,,,,,,,before,trills,2022-03-15,14-09-36,Tabor,2022-03-15 14:09:36,EO/MM,4.0,Olympia,5.0,xAAAPnannannannannannannannannannannannannan,AAAPnannannannannannannannannannannannannan,1,non-partner
before_trills_2022-03-15_14-09-36_0000061_labelled_Tabor_pheeseq_16.txt,x,A,A,A,P,,,,,,,,,,,,,,before,trills,2022-03-15,14-09-36,Tabor,2022-03-15 14:09:36,EO/MM,4.0,Olympia,6.0,xAAAPnannannannannannannannannannannannannan,AAAPnannannannannannannannannannannannannan,1,non-partner
before_trills_2022-03-15_09-35-25_0000056_labelled_Wuschel_pheeseq_04.txt,x,A,A,A,y,,,,,,,,,,,,,,before,trills,2022-03-15,09-35-25,Wuschel,2022-03-15 09:35:25,EO/MM,4.0,Lola,1.0,xAAAynannannannannannannannannannannannannan,AAAnannannannannannannannannannannannannan,1,non-partner
before_trills_2022-03-15_09-35-25_0000056_labelled_Wuschel_pheeseq_04.txt,x,A,A,A,y,,,,,,,,,,,,,,before,trills,2022-03-15,09-35-25,Wuschel,2022-03-15 09:35:25,EO/MM,4.0,Lola,2.0,xAAAynannannannannannannannannannannannannan,AAAnannannannannannannannannannannannannan,1,non-partner
before_trills_2022-03-15_09-35-25_0000056_labelled_Wuschel_pheeseq_05.txt,x,R,A,A,P,,,,,,,,,,,,,,before,trills,2022-03-15,09-35-25,Wuschel,2022-03-15 09:35:25,EO/MM,4.0,Lola,3.0,xRAAPnannannannannannannannannannannannannan,RAAPnannannannannannannannannannannannannan,1,non-partner
before_trills_2022-03-15_09-35-25_0000056_labelled_Wuschel_pheeseq_05.txt,x,R,A,A,P,,,,,,,,,,,,,,before,trills,2022-03-15,09-35-25,Wuschel,2022-03-15 09:35:25,EO/MM,4.0,Lola,4.0,xRAAPnannannannannannannannannannannannannan,RAAPnannannannannannannannannannannannannan,1,non-partner
before_trills_2022-03-15_09-35-25_0000056_labelled_Wuschel_pheeseq_13.txt,S,P,P,A,A,y,,,,,,,,,,,,,before,trills,2022-03-15,09-35-25,Wuschel,2022-03-15 09:35:25,EO/MM,4.0,Lola,5.0,SPPAAynannannannannannannannannannannannan,SPPAAnannannannannannannannannannannannan,3,non-partner
before_trills_2022-03-15_09-35-25_0000056_labelled_Wuschel_pheeseq_13.txt,S,P,P,A,A,y,,,,,,,,,,,,,before,trills,2022-03-15,09-35-25,Wuschel,2022-03-15 09:35:25,EO/MM,4.0,Lola,6.0,SPPAAynannannannannannannannannannannannan,SPPAAnannannannannannannannannannannannan,3,non-partner
before_trills_2022-03-15_09-35-25_0000056_labelled_Wuschel_pheeseq_06.txt,P,P,A,A,y,,,,,,,,,,,,,,before,trills,2022-03-15,09-35-25,Wuschel,2022-03-15 09:35:25,EO/MM,4.0,Lola,7.0,PPAAynannannannannannannannannannannannannan,PPAAnannannannannannannannannannannannannan,1,non-partner
before_trills_2022-03-15_09-35-25_0000056_labelled_Wuschel_pheeseq_06.txt,P,P,A,A,y,,,,,,,,,,,,,,before,trills,2022-03-15,09-35-25,Wuschel,2022-03-15 09:35:25,EO/MM,4.0,Lola,8.0,PPAAynannannannannannannannannannannannannan,PPAAnannannannannannannannannannannannannan,1,non-partner
before_trills_2022-03-15_09-35-25_0000056_labelled_Wuschel_pheeseq_02.txt,x,A,A,A,P,,,,,,,,,,,,,,before,trills,2022-03-15,09-35-25,Wuschel,2022-03-15 09:35:25,EO/MM,4.0,Lola,9.0,xAAAPnannannannannannannannannannannannannan,AAAPnannannannannannannannannannannannannan,1,non-partner
before_trills_2022-03-15_09-35-25_0000056_labelled_Wuschel_pheeseq_02.txt,x,A,A,A,P,,,,,,,,,,,,,,before,trills,2022-03-15,09-35-25,Wuschel,2022-03-15 09:35:25,EO/MM,4.0,Lola,10.0,xAAAPnannannannannannannannannannannannannan,AAAPnannannannannannannannannannannannannan,1,non-partner
before_trills_2022-03-16_14-28-55_0000068_labelled_Lola_pheeseq_71.txt,x,R,A,y,,,,,,,,,,,,,,,before,trills,2022-03-16,14-28-55,Lola,2022-03-16 14:28:55,EO/MM,4.0,Tabor,1.0,xRAynannannannannannannannannannannannannannan,RAnannannannannannannannannannannannannannan,1,partner
before_trills_2022-03-16_14-28-55_0000068_labelled_Lola_pheeseq_71.txt,x,R,A,y,,,,,,,,,,,,,,,before,trills,2022-03-16,14-28-55,Lola,2022-03-16 14:28:55,EO/MM,4.0,Tabor,2.0,xRAynannannannannannannannannannannannannannan,RAnannannannannannannannannannannannannannan,1,partner
before_trills_2022-03-16_14-28-55_0000068_labelled_Lola_pheeseq_89.txt,x,R,A,y,,,,,,,,,,,,,,,before,trills,2022-03-16,14-28-55,Lola,2022-03-16 14:28:55,EO/MM,4.0,Tabor,3.0,xRAynannannannannannannannannannannannannannan,RAnannannannannannannannannannannannannannan,3,partner
before_trills_2022-03-16_14-28-55_0000068_labelled_Lola_pheeseq_89.txt,x,R,A,y,,,,,,,,,,,,,,,before,trills,2022-03-16,14-28-55,Lola,2022-03-16 14:28:55,EO/MM,4.0,Tabor,4.0,xRAynannannannannannannannannannannannannannan,RAnannannannannannannannannannannannannannan,3,partner
before_trills_2022-03-16_14-28-55_0000068_labelled_Lola_pheeseq_48.txt,x,R,A,y,,,,,,,,,,,,,,,before,trills,2022-03-16,14-28-55,Lola,2022-03-16 14:28:55,EO/MM,4.0,Tabor,5.0,xRAynannannannannannannannannannannannannannan,RAnannannannannannannannannannannannannannan,1,partner
before_trills_2022-03-16_14-28-55_0000068_labelled_Lola_pheeseq_48.txt,x,R,A,y,,,,,,,,,,,,,,,before,trills,2022-03-16,14-28-55,Lola,2022-03-16 14:28:55,EO/MM,4.0,Tabor,6.0,xRAynannannannannannannannannannannannannannan,RAnannannannannannannannannannannannannannan,1,partner
before_phees_2022-03-16_14-28-55_0000068_labelled_Lola_pheeseq_14.txt,x,A,A,A,y,,,,,,,,,,,,,,before,phees,2022-03-16,14-28-55,Lola,2022-03-16 14:28:55,EO/MM,4.0,Tabor,7.0,xAAAynannannannannannannannannannannannannan,AAAnannannannannannannannannannannannannan,1,partner
before_phees_2022-03-16_14-28-55_0000068_labelled_Lola_pheeseq_14.txt,x,A,A,A,y,,,,,,,,,,,,,,before,phees,2022-03-16,14-28-55,Lola,2022-03-16 14:28:55,EO/MM,4.0,Tabor,8.0,xAAAynannannannannannannannannannannannannan,AAAnannannannannannannannannannannannannan,1,partner
before_phees_2022-03-16_14-28-55_0000068_labelled_Lola_pheeseq_15.txt,x,A,y,,,,,,,,,,,,,,,,before,phees,2022-03-16,14-28-55,Lola,2022-03-16 14:28:55,EO/MM,4.0,Tabor,9.0,xAynannannannannannannannannannannannannannannan,Anannannannannannannannannannannannannannannan,1,partner
before_phees_2022-03-16_14-28-55_0000068_labelled_Lola_pheeseq_15.txt,x,A,y,,,,,,,,,,,,,,,,before,phees,2022-03-16,14-28-55,Lola,2022-03-16 14:28:55,EO/MM,4.0,Tabor,10.0,xAynannannannannannannannannannannannannannannan,Anannannannannannannannannannannannannannannan,1,partner
before_phees_2022-03-16_14-28-55_0000068_labelled_Lola_pheeseq_13.txt,x,A,A,y,,,,,,,,,,,,,,,before,phees,2022-03-16,14-28-55,Lola,2022-03-16 14:28:55,EO/MM,4.0,Tabor,11.0,xAAynannannannannannannannannannannannannannan,AAnannannannannannannannannannannannannannan,1,partner
before_phees_2022-03-16_14-28-55_0000068_labelled_Lola_pheeseq_13.txt,x,A,A,y,,,,,,,,,,,,,,,before,phees,2022-03-16,14-28-55,Lola,2022-03-16 14:28:55,EO/MM,4.0,Tabor,12.0,xAAynannannannannannannannannannannannannannan,AAnannannannannannannannannannannannannannan,1,partner
before_trills_2022-03-16_14-28-55_0000068_labelled_Lola_pheeseq_126.txt,x,R,A,y,,,,,,,,,,,,,,,before,trills,2022-03-16,14-28-55,Lola,2022-03-16 14:28:55,EO/MM,4.0,Tabor,13.0,xRAynannannannannannannannannannannannannannan,RAnannannannannannannannannannannannannannan,3,partner
before_trills_2022-03-16_14-28-55_0000068_labelled_Lola_pheeseq_126.txt,x,R,A,y,,,,,,,,,,,,,,,before,trills,2022-03-16,14-28-55,Lola,2022-03-16 14:28:55,EO/MM,4.0,Tabor,14.0,xRAynannannannannannannannannannannannannannan,RAnannannannannannannannannannannannannannan,3,partner
before_phees_2022-03-16_09-27-47_0000063_labelled_Nougatti_pheeseq_09.txt,x,A,A,y,,,,,,,,,,,,,,,before,phees,2022-03-16,09-27-47,Nougatti,2022-03-16 09:27:47,EO/MM,3.0,Wuschel,1.0,xAAynannannannannannannannannannannannannannan,AAnannannannannannannannannannannannannannan,3,non-partner
before_phees_2022-03-16_09-27-47_0000063_labelled_Nougatti_pheeseq_09.txt,x,A,A,y,,,,,,,,,,,,,,,before,phees,2022-03-16,09-27-47,Nougatti,2022-03-16 09:27:47,EO/MM,3.0,Wuschel,2.0,xAAynannannannannannannannannannannannannannan,AAnannannannannannannannannannannannannannan,3,non-partner
before_phees_2022-03-16_09-27-47_0000063_labelled_Nougatti_pheeseq_08.txt,x,A,A,y,,,,,,,,,,,,,,,before,phees,2022-03-16,09-27-47,Nougatti,2022-03-16 09:27:47,EO/MM,3.0,Wuschel,3.0,xAAynannannannannannannannannannannannannannan,AAnannannannannannannannannannannannannannan,3,non-partner
before_phees_2022-03-16_09-27-47_0000063_labelled_Nougatti_pheeseq_08.txt,x,A,A,y,,,,,,,,,,,,,,,before,phees,2022-03-16,09-27-47,Nougatti,2022-03-16 09:27:47,EO/MM,3.0,Wuschel,4.0,xAAynannannannannannannannannannannannannannan,AAnannannannannannannannannannannannannannan,3,non-partner
before_trills_2022-03-16_09-27-47_0000063_labelled_Nougatti_pheeseq_03.txt,x,A,A,y,,,,,,,,,,,,,,,before,trills,2022-03-16,09-27-47,Nougatti,2022-03-16 09:27:47,EO/MM,3.0,Wuschel,7.0,xAAynannannannannannannannannannannannannannan,AAnannannannannannannannannannannannannannan,1,non-partner
before_trills_2022-03-16_09-27-47_0000063_labelled_Nougatti_pheeseq_03.txt,x,A,A,y,,,,,,,,,,,,,,,before,trills,2022-03-16,09-27-47,Nougatti,2022-03-16 09:27:47,EO/MM,3.0,Wuschel,8.0,xAAynannannannannannannannannannannannannannan,AAnannannannannannannannannannannannannannan,1,non-partner
before_trills_2022-03-16_09-27-47_0000063_labelled_Nougatti_pheeseq_02.txt,x,A,A,A,y,,,,,,,,,,,,,,before,trills,2022-03-16,09-27-47,Nougatti,2022-03-16 09:27:47,EO/MM,3.0,Wuschel,9.0,xAAAynannannannannannannannannannannannannan,AAAnannannannannannannannannannannannannan,1,non-partner
before_trills_2022-03-16_09-27-47_0000063_labelled_Nougatti_pheeseq_02.txt,x,A,A,A,y,,,,,,,,,,,,,,before,trills,2022-03-16,09-27-47,Nougatti,2022-03-16 09:27:47,EO/MM,3.0,Wuschel,10.0,xAAAynannannannannannannannannannannannannan,AAAnannannannannannannannannannannannannan,1,non-partner
before_trills_2022-03-16_09-27-47_0000063_labelled_Nougatti_pheeseq_06.txt,x,A,A,P,P,,,,,,,,,,,,,,before,trills,2022-03-16,09-27-47,Nougatti,2022-03-16 09:27:47,EO/MM,3.0,Wuschel,11.0,xAAPPnannannannannannannannannannannannannan,AAPPnannannannannannannannannannannannannan,1,non-partner
before_trills_2022-03-16_09-27-47_0000063_labelled_Nougatti_pheeseq_06.txt,x,A,A,P,P,,,,,,,,,,,,,,before,trills,2022-03-16,09-27-47,Nougatti,2022-03-16 09:27:47,EO/MM,3.0,Wuschel,12.0,xAAPPnannannannannannannannannannannannannan,AAPPnannannannannannannannannannannannannan,1,non-partner
before_trills_2022-03-16_09-27-47_0000063_labelled_Nougatti_pheeseq_07.txt,x,A,A,P,,,,,,,,,,,,,,,before,trills,2022-03-16,09-27-47,Nougatti,2022-03-16 09:27:47,EO/MM,3.0,Wuschel,13.0,xAAPnannannannannannannannannannannannannannan,AAPnannannannannannannannannannannannannannan,1,non-partner
before_trills_2022-03-16_09-27-47_0000063_labelled_Nougatti_pheeseq_07.txt,x,A,A,P,,,,,,,,,,,,,,,before,trills,2022-03-16,09-27-47,Nougatti,2022-03-16 09:27:47,EO/MM,3.0,Wuschel,14.0,xAAPnannannannannannannannannannannannannannan,AAPnannannannannannannannannannannannannannan,1,non-partner
before_trills_2022-03-16_09-27-47_0000063_labelled_Nougatti_pheeseq_11.txt,x,A,A,A,P,,,,,,,,,,,,,,before,trills,2022-03-16,09-27-47,Nougatti,2022-03-16 09:27:47,EO/MM,3.0,Wuschel,15.0,xAAAPnannannannannannannannannannannannannan,AAAPnannannannannannannannannannannannannan,1,non-partner
before_trills_2022-03-16_09-27-47_0000063_labelled_Nougatti_pheeseq_11.txt,x,A,A,A,P,,,,,,,,,,,,,,before,trills,2022-03-16,09-27-47,Nougatti,2022-03-16 09:27:47,EO/MM,3.0,Wuschel,16.0,xAAAPnannannannannannannannannannannannannan,AAAPnannannannannannannannannannannannannan,1,non-partner
before_trills_2022-03-16_09-27-47_0000063_labelled_Nougatti_pheeseq_05.txt,x,A,A,y,,,,,,,,,,,,,,,before,trills,2022-03-16,09-27-47,Nougatti,2022-03-16 09:27:47,EO/MM,3.0,Wuschel,17.0,xAAynannannannannannannannannannannannannannan,AAnannannannannannannannannannannannannannan,1,non-partner
before_trills_2022-03-16_09-27-47_0000063_labelled_Nougatti_pheeseq_05.txt,x,A,A,y,,,,,,,,,,,,,,,before,trills,2022-03-16,09-27-47,Nougatti,2022-03-16 09:27:47,EO/MM,3.0,Wuschel,18.0,xAAynannannannannannannannannannannannannannan,AAnannannannannannannannannannannannannannan,1,non-partner
before_trills_2022-03-16_09-27-47_0000063_labelled_Nougatti_pheeseq_39.txt,x,A,A,P,,,,,,,,,,,,,,,before,trills,2022-03-16,09-27-47,Nougatti,2022-03-16 09:27:47,EO/MM,3.0,Wuschel,19.0,xAAPnannannannannannannannannannannannannannan,AAPnannannannannannannannannannannannannannan,3,non-partner
before_trills_2022-03-16_09-27-47_0000063_labelled_Nougatti_pheeseq_39.txt,x,A,A,P,,,,,,,,,,,,,,,before,trills,2022-03-16,09-27-47,Nougatti,2022-03-16 09:27:47,EO/MM,3.0,Wuschel,20.0,xAAPnannannannannannannannannannannannannannan,AAPnannannannannannannannannannannannannannan,3,non-partner
before_trills_2022-03-16_09-27-47_0000063_labelled_Nougatti_pheeseq_04.txt,x,A,P,A,A,y,,,,,,,,,,,,,before,trills,2022-03-16,09-27-47,Nougatti,2022-03-16 09:27:47,EO/MM,3.0,Wuschel,21.0,xAPAAynannannannannannannannannannannannan,APAAnannannannannannannannannannannannan,1,non-partner
before_trills_2022-03-16_09-27-47_0000063_labelled_Nougatti_pheeseq_04.txt,x,A,P,A,A,y,,,,,,,,,,,,,before,trills,2022-03-16,09-27-47,Nougatti,2022-03-16 09:27:47,EO/MM,3.0,Wuschel,22.0,xAPAAynannannannannannannannannannannannan,APAAnannannannannannannannannannannannan,1,non-partner
before_trills_2022-03-16_09-27-47_0000063_labelled_Nougatti_pheeseq_10.txt,x,A,A,A,P,,,,,,,,,,,,,,before,trills,2022-03-16,09-27-47,Nougatti,2022-03-16 09:27:47,EO/MM,3.0,Wuschel,23.0,xAAAPnannannannannannannannannannannannannan,AAAPnannannannannannannannannannannannannan,1,non-partner
before_trills_2022-03-16_09-27-47_0000063_labelled_Nougatti_pheeseq_10.txt,x,A,A,A,P,,,,,,,,,,,,,,before,trills,2022-03-16,09-27-47,Nougatti,2022-03-16 09:27:47,EO/MM,3.0,Wuschel,24.0,xAAAPnannannannannannannannannannannannannan,AAAPnannannannannannannannannannannannannan,1,non-partner
before_phees_2022-03-16_09-27-47_0000063_labelled_Nougatti_phee_05.txt,x,A,y,,,,,,,,,,,,,,,,before,phees,2022-03-16,09-27-47,Nougatti,2022-03-16 09:27:47,EO/MM,3.0,Wuschel,25.0,xAynannannannannannannannannannannannannannannan,Anannannannannannannannannannannannannannannan,1,non-partner
before_phees_2022-03-16_09-27-47_0000063_labelled_Nougatti_phee_05.txt,x,A,y,,,,,,,,,,,,,,,,before,phees,2022-03-16,09-27-47,Nougatti,2022-03-16 09:27:47,EO/MM,3.0,Wuschel,26.0,xAynannannannannannannannannannannannannannannan,Anannannannannannannannannannannannannannannan,1,non-partner
before_trills_2022-03-16_09-27-47_0000063_labelled_Nougatti_pheeseq_09.txt,x,A,A,P,P,,,,,,,,,,,,,,before,trills,2022-03-16,09-27-47,Nougatti,2022-03-16 09:27:47,EO/MM,3.0,Wuschel,27.0,xAAPPnannannannannannannannannannannannannan,AAPPnannannannannannannannannannannannannan,1,non-partner
before_trills_2022-03-16_09-27-47_0000063_labelled_Nougatti_pheeseq_09.txt,x,A,A,P,P,,,,,,,,,,,,,,before,trills,2022-03-16,09-27-47,Nougatti,2022-03-16 09:27:47,EO/MM,3.0,Wuschel,28.0,xAAPPnannannannannannannannannannannannannan,AAPPnannannannannannannannannannannannannan,1,non-partner
before_trills_2022-03-16_09-27-47_0000063_labelled_Nougatti_pheeseq_35.txt,x,A,A,P,P,,,,,,,,,,,,,,before,trills,2022-03-16,09-27-47,Nougatti,2022-03-16 09:27:47,EO/MM,3.0,Wuschel,29.0,xAAPPnannannannannannannannannannannannannan,AAPPnannannannannannannannannannannannannan,3,non-partner
before_trills_2022-03-16_09-27-47_0000063_labelled_Nougatti_pheeseq_35.txt,x,A,A,P,P,,,,,,,,,,,,,,before,trills,2022-03-16,09-27-47,Nougatti,2022-03-16 09:27:47,EO/MM,3.0,Wuschel,30.0,xAAPPnannannannannannannannannannannannannan,AAPPnannannannannannannannannannannannannan,3,non-partner
before_phees_2022-03-16_09-27-47_0000063_labelled_Nougatti_pheeseq_01.txt,x,A,A,A,y,,,,,,,,,,,,,,before,phees,2022-03-16,09-27-47,Nougatti,2022-03-16 09:27:47,EO/MM,3.0,Wuschel,31.0,xAAAynannannannannannannannannannannannannan,AAAnannannannannannannannannannannannannan,1,non-partner
before_phees_2022-03-16_09-27-47_0000063_labelled_Nougatti_pheeseq_01.txt,x,A,A,A,y,,,,,,,,,,,,,,before,phees,2022-03-16,09-27-47,Nougatti,2022-03-16 09:27:47,EO/MM,3.0,Wuschel,32.0,xAAAynannannannannannannannannannannannannan,AAAnannannannannannannannannannannannannan,1,non-partner
before_trills_2022-03-16_09-27-47_0000063_labelled_Nougatti_pheeseq_08.txt,x,A,A,A,P,,,,,,,,,,,,,,before,trills,2022-03-16,09-27-47,Nougatti,2022-03-16 09:27:47,EO/MM,3.0,Wuschel,33.0,xAAAPnannannannannannannannannannannannannan,AAAPnannannannannannannannannannannannannan,1,non-partner
before_trills_2022-03-16_09-27-47_0000063_labelled_Nougatti_pheeseq_08.txt,x,A,A,A,P,,,,,,,,,,,,,,before,trills,2022-03-16,09-27-47,Nougatti,2022-03-16 09:27:47,EO/MM,3.0,Wuschel,34.0,xAAAPnannannannannannannannannannannannannan,AAAPnannannannannannannannannannannannannan,1,non-partner
before_phees_2022-03-16_09-27-47_0000063_labelled_Nougatti_pheeseq_03.txt,x,A,A,A,P,,,,,,,,,,,,,,before,phees,2022-03-16,09-27-47,Nougatti,2022-03-16 09:27:47,EO/MM,3.0,Wuschel,35.0,xAAAPnannannannannannannannannannannannannan,AAAPnannannannannannannannannannannannannan,1,non-partner
before_phees_2022-03-16_09-27-47_0000063_labelled_Nougatti_pheeseq_03.txt,x,A,A,A,P,,,,,,,,,,,,,,before,phees,2022-03-16,09-27-47,Nougatti,2022-03-16 09:27:47,EO/MM,3.0,Wuschel,36.0,xAAAPnannannannannannannannannannannannannan,AAAPnannannannannannannannannannannannannan,1,non-partner
before_phees_2022-03-16_09-27-47_0000063_labelled_Nougatti_pheeseq_02.txt,x,A,A,P,,,,,,,,,,,,,,,before,phees,2022-03-16,09-27-47,Nougatti,2022-03-16 09:27:47,EO/MM,3.0,Wuschel,37.0,xAAPnannannannannannannannannannannannannannan,AAPnannannannannannannannannannannannannannan,1,non-partner
before_phees_2022-03-16_09-27-47_0000063_labelled_Nougatti_pheeseq_02.txt,x,A,A,P,,,,,,,,,,,,,,,before,phees,2022-03-16,09-27-47,Nougatti,2022-03-16 09:27:47,EO/MM,3.0,Wuschel,38.0,xAAPnannannannannannannannannannannannannannan,AAPnannannannannannannannannannannannannannan,1,non-partner
before_phees_2022-03-16_09-27-47_0000063_labelled_Nougatti_pheeseq_06.txt,x,A,A,y,,,,,,,,,,,,,,,before,phees,2022-03-16,09-27-47,Nougatti,2022-03-16 09:27:47,EO/MM,3.0,Wuschel,39.0,xAAynannannannannannannannannannannannannannan,AAnannannannannannannannannannannannannannan,1,non-partner
before_phees_2022-03-16_09-27-47_0000063_labelled_Nougatti_pheeseq_06.txt,x,A,A,y,,,,,,,,,,,,,,,before,phees,2022-03-16,09-27-47,Nougatti,2022-03-16 09:27:47,EO/MM,3.0,Wuschel,40.0,xAAynannannannannannannannannannannannannannan,AAnannannannannannannannannannannannannannan,1,non-partner
before_phees_2022-03-16_09-27-47_0000063_labelled_Nougatti_pheeseq_12.txt,x,A,P,A,y,,,,,,,,,,,,,,before,phees,2022-03-16,09-27-47,Nougatti,2022-03-16 09:27:47,EO/MM,3.0,Wuschel,41.0,xAPAynannannannannannannannannannannannannan,APAnannannannannannannannannannannannannan,3,non-partner
before_phees_2022-03-16_09-27-47_0000063_labelled_Nougatti_pheeseq_12.txt,x,A,P,A,y,,,,,,,,,,,,,,before,phees,2022-03-16,09-27-47,Nougatti,2022-03-16 09:27:47,EO/MM,3.0,Wuschel,42.0,xAPAynannannannannannannannannannannannannan,APAnannannannannannannannannannannannannan,3,non-partner
before_phees_2022-03-16_09-27-47_0000063_labelled_Nougatti_pheeseq_11.txt,x,A,A,y,,,,,,,,,,,,,,,before,phees,2022-03-16,09-27-47,Nougatti,2022-03-16 09:27:47,EO/MM,3.0,Wuschel,47.0,xAAynannannannannannannannannannannannannannan,AAnannannannannannannannannannannannannannan,3,non-partner
before_phees_2022-03-16_09-27-47_0000063_labelled_Nougatti_pheeseq_11.txt,x,A,A,y,,,,,,,,,,,,,,,before,phees,2022-03-16,09-27-47,Nougatti,2022-03-16 09:27:47,EO/MM,3.0,Wuschel,48.0,xAAynannannannannannannannannannannannannannan,AAnannannannannannannannannannannannannannan,3,non-partner
before_phees_2022-03-16_09-27-47_0000063_labelled_Nougatti_pheeseq_10.txt,x,A,A,y,,,,,,,,,,,,,,,before,phees,2022-03-16,09-27-47,Nougatti,2022-03-16 09:27:47,EO/MM,3.0,Wuschel,51.0,xAAynannannannannannannannannannannannannannan,AAnannannannannannannannannannannannannannan,3,non-partner
before_phees_2022-03-16_09-27-47_0000063_labelled_Nougatti_pheeseq_10.txt,x,A,A,y,,,,,,,,,,,,,,,before,phees,2022-03-16,09-27-47,Nougatti,2022-03-16 09:27:47,EO/MM,3.0,Wuschel,52.0,xAAynannannannannannannannannannannannannannan,AAnannannannannannannannannannannannannannan,3,non-partner
before_phees_2022-03-16_10-12-17_0000065_labelled_Odin_pheeseq_02.txt,x,A,A,A,y,,,,,,,,,,,,,,before,phees,2022-03-16,10-12-17,Odin,2022-03-16 10:12:17,EO/MM,4.0,Lola,1.0,xAAAynannannannannannannannannannannannannan,AAAnannannannannannannannannannannannannan,1,non-partner
before_phees_2022-03-16_10-12-17_0000065_labelled_Odin_pheeseq_01.txt,x,A,A,A,y,,,,,,,,,,,,,,before,phees,2022-03-16,10-12-17,Odin,2022-03-16 10:12:17,EO/MM,4.0,Lola,2.0,xAAAynannannannannannannannannannannannannan,AAAnannannannannannannannannannannannannan,1,non-partner
before_phees_2022-03-16_10-12-17_0000065_labelled_Odin_pheeseq_10.txt,x,A,A,y,,,,,,,,,,,,,,,before,phees,2022-03-16,10-12-17,Odin,2022-03-16 10:12:17,EO/MM,4.0,Lola,3.0,xAAynannannannannannannannannannannannannannan,AAnannannannannannannannannannannannannannan,1,non-partner
before_trills_2022-03-16_10-12-18_0000065_labelled_Odin_pheeseq_56.txt,P,A,P,,,,,,,,,,,,,,,,before,trills,2022-03-16,10-12-18,Odin,2022-03-16 10:12:18,EO/MM,4.0,Lola,5.0,PAPnannannannannannannannannannannannannannannan,PAPnannannannannannannannannannannannannannannan,3,non-partner
before_trills_2022-03-16_13-53-06_0000067_labelled_Odin_pheeseq_03.txt,x,A,P,P,A,P,,,,,,,,,,,,,before,trills,2022-03-16,13-53-06,Odin,2022-03-16 13:53:06,EO/MM,5.0,Olympia,1.0,xAPPAPnannannannannannannannannannannannan,APPAPnannannannannannannannannannannannan,1,non-partner
before_phees_2022-03-16_14-28-55_0000068_labelled_Tabor_phee_05.txt,x,A,y,,,,,,,,,,,,,,,,before,phees,2022-03-16,14-28-55,Tabor,2022-03-16 14:28:55,EO/MM,4.0,Lola,1.0,xAynannannannannannannannannannannannannannannan,Anannannannannannannannannannannannannannannan,1,partner
before_phees_2022-03-16_14-28-55_0000068_labelled_Tabor_phee_05.txt,x,A,y,,,,,,,,,,,,,,,,before,phees,2022-03-16,14-28-55,Tabor,2022-03-16 14:28:55,EO/MM,4.0,Lola,2.0,xAynannannannannannannannannannannannannannannan,Anannannannannannannannannannannannannannannan,1,partner
before_trills_2022-03-16_14-28-55_0000068_labelled_Tabor_phee_64.txt,x,R,y,,,,,,,,,,,,,,,,before,trills,2022-03-16,14-28-55,Tabor,2022-03-16 14:28:55,EO/MM,4.0,Lola,3.0,xRynannannannannannannannannannannannannannannan,Rnannannannannannannannannannannannannannannan,1,partner
before_trills_2022-03-16_14-28-55_0000068_labelled_Tabor_phee_64.txt,x,R,y,,,,,,,,,,,,,,,,before,trills,2022-03-16,14-28-55,Tabor,2022-03-16 14:28:55,EO/MM,4.0,Lola,4.0,xRynannannannannannannannannannannannannannannan,Rnannannannannannannannannannannannannannannan,1,partner
before_trills_2022-03-16_14-28-55_0000068_labelled_Tabor_phee_107.txt,x,A,y,,,,,,,,,,,,,,,,before,trills,2022-03-16,14-28-55,Tabor,2022-03-16 14:28:55,EO/MM,4.0,Lola,5.0,xAynannannannannannannannannannannannannannannan,Anannannannannannannannannannannannannannannan,3,partner
before_trills_2022-03-16_14-28-55_0000068_labelled_Tabor_phee_107.txt,x,A,y,,,,,,,,,,,,,,,,before,trills,2022-03-16,14-28-55,Tabor,2022-03-16 14:28:55,EO/MM,4.0,Lola,6.0,xAynannannannannannannannannannannannannannannan,Anannannannannannannannannannannannannannannan,3,partner
before_phees_2022-03-16_14-28-55_0000068_labelled_Tabor_pheeseq_06.txt,x,A,A,y,,,,,,,,,,,,,,,before,phees,2022-03-16,14-28-55,Tabor,2022-03-16 14:28:55,EO/MM,4.0,Lola,7.0,xAAynannannannannannannannannannannannannannan,AAnannannannannannannannannannannannannannan,1,partner
before_phees_2022-03-16_14-28-55_0000068_labelled_Tabor_pheeseq_06.txt,x,A,A,y,,,,,,,,,,,,,,,before,phees,2022-03-16,14-28-55,Tabor,2022-03-16 14:28:55,EO/MM,4.0,Lola,8.0,xAAynannannannannannannannannannannannannannan,AAnannannannannannannannannannannannannannan,1,partner
before_phees_2022-03-16_14-28-55_0000068_labelled_Tabor_pheeseq_01.txt,x,A,A,y,,,,,,,,,,,,,,,before,phees,2022-03-16,14-28-55,Tabor,2022-03-16 14:28:55,EO/MM,4.0,Lola,9.0,xAAynannannannannannannannannannannannannannan,AAnannannannannannannannannannannannannannan,1,partner
before_phees_2022-03-16_14-28-55_0000068_labelled_Tabor_pheeseq_01.txt,x,A,A,y,,,,,,,,,,,,,,,before,phees,2022-03-16,14-28-55,Tabor,2022-03-16 14:28:55,EO/MM,4.0,Lola,10.0,xAAynannannannannannannannannannannannannannan,AAnannannannannannannannannannannannannannan,1,partner
before_trills_2022-03-16_09-27-47_0000063_labelled_Wuschel_phee_36.txt,x,A,y,,,,,,,,,,,,,,,,before,trills,2022-03-16,09-27-47,Wuschel,2022-03-16 09:27:47,EO/MM,3.0,Nougatti,1.0,xAynannannannannannannannannannannannannannannan,Anannannannannannannannannannannannannannannan,3,non-partner
before_trills_2022-03-16_09-27-47_0000063_labelled_Wuschel_phee_36.txt,x,A,y,,,,,,,,,,,,,,,,before,trills,2022-03-16,09-27-47,Wuschel,2022-03-16 09:27:47,EO/MM,3.0,Nougatti,2.0,xAynannannannannannannannannannannannannannannan,Anannannannannannannannannannannannannannannan,3,non-partner
before_phees_2022-03-17_14-11-17_0000076_labelled_Lola_pheeseq_04.txt,x,A,A,y,,,,,,,,,,,,,,,before,phees,2022-03-17,14-11-17,Lola,2022-03-17 14:11:17,RB/MM,5.0,Odin,1.0,xAAynannannannannannannannannannannannannannan,AAnannannannannannannannannannannannannannan,1,non-partner
before_phees_2022-03-17_14-11-17_0000076_labelled_Lola_phee_20.txt,x,A,y,,,,,,,,,,,,,,,,before,phees,2022-03-17,14-11-17,Lola,2022-03-17 14:11:17,RB/MM,5.0,Odin,2.0,xAynannannannannannannannannannannannannannannan,Anannannannannannannannannannannannannannannan,1,non-partner
before_phees_2022-03-17_14-11-17_0000076_labelled_Lola_pheeseq_18.txt,x,A,y,,,,,,,,,,,,,,,,before,phees,2022-03-17,14-11-17,Lola,2022-03-17 14:11:17,RB/MM,5.0,Odin,3.0,xAynannannannannannannannannannannannannannannan,Anannannannannannannannannannannannannannannan,1,non-partner
before_phees_2022-03-17_14-11-17_0000076_labelled_Lola_pheeseq_19.txt,x,A,A,y,,,,,,,,,,,,,,,before,phees,2022-03-17,14-11-17,Lola,2022-03-17 14:11:17,RB/MM,5.0,Odin,4.0,xAAynannannannannannannannannannannannannannan,AAnannannannannannannannannannannannannannan,1,non-partner
before_trills_2022-03-17_14-11-20_0000076_labelled_Odin_phee_20.txt,x,A,y,,,,,,,,,,,,,,,,before,trills,2022-03-17,14-11-20,Odin,2022-03-17 14:11:20,RB/MM,5.0,Lola,1.0,xAynannannannannannannannannannannannannannannan,Anannannannannannannannannannannannannannannan,1,non-partner
before_phees_2022-03-17_14-11-17_0000076_labelled_Odin_pheeseq_12.txt,x,R,A,y,,,,,,,,,,,,,,,before,phees,2022-03-17,14-11-17,Odin,2022-03-17 14:11:17,RB/MM,5.0,Lola,2.0,xRAynannannannannannannannannannannannannannan,RAnannannannannannannannannannannannannannan,1,non-partner
before_trills_2022-03-17_14-11-20_0000076_labelled_Odin_pheeseq_100.txt,x,A,P,,,,,,,,,,,,,,,,before,trills,2022-03-17,14-11-20,Odin,2022-03-17 14:11:20,RB/MM,5.0,Lola,3.0,xAPnannannannannannannannannannannannannannannan,APnannannannannannannannannannannannannannannan,3,non-partner
before_trills_2022-03-17_14-11-20_0000076_labelled_Odin_pheeseq_22.txt,x,R,A,P,,,,,,,,,,,,,,,before,trills,2022-03-17,14-11-20,Odin,2022-03-17 14:11:20,RB/MM,5.0,Lola,4.0,xRAPnannannannannannannannannannannannannannan,RAPnannannannannannannannannannannannannannan,1,non-partner
before_trills_2022-03-17_14-11-20_0000076_labelled_Odin_pheeseq_105.txt,x,R,A,y,,,,,,,,,,,,,,,before,trills,2022-03-17,14-11-20,Odin,2022-03-17 14:11:20,RB/MM,5.0,Lola,5.0,xRAynannannannannannannannannannannannannannan,RAnannannannannannannannannannannannannannan,3,non-partner
before_phees_2022-03-17_14-11-17_0000076_labelled_Odin_phee_03.txt,x,A,y,,,,,,,,,,,,,,,,before,phees,2022-03-17,14-11-17,Odin,2022-03-17 14:11:17,RB/MM,5.0,Lola,6.0,xAynannannannannannannannannannannannannannannan,Anannannannannannannannannannannannannannannan,1,non-partner
before_trills_2022-03-17_14-11-20_0000076_labelled_Odin_pheeseq_32.txt,x,A,P,,,,,,,,,,,,,,,,before,trills,2022-03-17,14-11-20,Odin,2022-03-17 14:11:20,RB/MM,5.0,Lola,7.0,xAPnannannannannannannannannannannannannannannan,APnannannannannannannannannannannannannannannan,1,non-partner
before_phees_2022-03-17_14-11-17_0000076_labelled_Odin_pheeseq_14.txt,x,R,A,y,,,,,,,,,,,,,,,before,phees,2022-03-17,14-11-17,Odin,2022-03-17 14:11:17,RB/MM,5.0,Lola,8.0,xRAynannannannannannannannannannannannannannan,RAnannannannannannannannannannannannannannan,1,non-partner
before_trills_2022-03-17_14-11-20_0000076_labelled_Odin_pheeseq_93.txt,x,R,A,P,,,,,,,,,,,,,,,before,trills,2022-03-17,14-11-20,Odin,2022-03-17 14:11:20,RB/MM,5.0,Lola,10.0,xRAPnannannannannannannannannannannannannannan,RAPnannannannannannannannannannannannannannan,3,non-partner
before_phees_2022-03-17_13-35-29_0000074_labelled_Olympia_phee_27.txt,x,A,y,,,,,,,,,,,,,,,,before,phees,2022-03-17,13-35-29,Olympia,2022-03-17 13:35:29,RB/MM,5.0,Tabor,1.0,xAynannannannannannannannannannannannannannannan,Anannannannannannannannannannannannannannannan,3,non-partner
before_phees_2022-03-17_13-35-29_0000074_labelled_Olympia_pheeseq_13.txt,x,A,y,,,,,,,,,,,,,,,,before,phees,2022-03-17,13-35-29,Olympia,2022-03-17 13:35:29,RB/MM,5.0,Tabor,2.0,xAynannannannannannannannannannannannannannannan,Anannannannannannannannannannannannannannannan,1,non-partner
before_phees_2022-03-17_13-35-29_0000074_labelled_Olympia_pheeseq_22.txt,x,A,P,,,,,,,,,,,,,,,,before,phees,2022-03-17,13-35-29,Olympia,2022-03-17 13:35:29,RB/MM,5.0,Tabor,3.0,xAPnannannannannannannannannannannannannannannan,APnannannannannannannannannannannannannannannan,3,non-partner
before_trills_2022-03-17_13-35-30_0000074_labelled_Olympia_phee_03.txt,x,R,y,,,,,,,,,,,,,,,,before,trills,2022-03-17,13-35-30,Olympia,2022-03-17 13:35:30,RB/MM,5.0,Tabor,4.0,xRynannannannannannannannannannannannannannannan,Rnannannannannannannannannannannannannannannan,1,non-partner
before_phees_2022-03-17_13-35-29_0000074_labelled_Olympia_pheeseq_20.txt,x,A,A,y,,,,,,,,,,,,,,,before,phees,2022-03-17,13-35-29,Olympia,2022-03-17 13:35:29,RB/MM,5.0,Tabor,5.0,xAAynannannannannannannannannannannannannannan,AAnannannannannannannannannannannannannannan,3,non-partner
before_phees_2022-03-17_13-35-29_0000074_labelled_Olympia_pheeseq_25.txt,x,A,A,y,,,,,,,,,,,,,,,before,phees,2022-03-17,13-35-29,Olympia,2022-03-17 13:35:29,RB/MM,5.0,Tabor,6.0,xAAynannannannannannannannannannannannannannan,AAnannannannannannannannannannannannannannan,3,non-partner
before_phees_2022-03-17_13-35-29_0000074_labelled_Olympia_pheeseq_18.txt,x,A,A,y,,,,,,,,,,,,,,,before,phees,2022-03-17,13-35-29,Olympia,2022-03-17 13:35:29,RB/MM,5.0,Tabor,7.0,xAAynannannannannannannannannannannannannannan,AAnannannannannannannannannannannannannannan,3,non-partner
before_phees_2022-03-17_13-35-29_0000074_labelled_Olympia_phee_15.txt,x,A,y,,,,,,,,,,,,,,,,before,phees,2022-03-17,13-35-29,Olympia,2022-03-17 13:35:29,RB/MM,5.0,Tabor,8.0,xAynannannannannannannannannannannannannannannan,Anannannannannannannannannannannannannannannan,1,non-partner
before_phees_2022-03-17_09-51-16_0000070_labelled_Olympia_phee_22.txt,x,A,y,,,,,,,,,,,,,,,,before,phees,2022-03-17,09-51-16,Olympia,2022-03-17 09:51:16,RB/MM,4.0,Wuschel,1.0,xAynannannannannannannannannannannannannannannan,Anannannannannannannannannannannannannannannan,3,partner
before_trills_2022-03-17_09-51-17_0000070_labelled_Olympia_pheeseq_07.txt,x,R,A,y,,,,,,,,,,,,,,,before,trills,2022-03-17,09-51-17,Olympia,2022-03-17 09:51:17,RB/MM,4.0,Wuschel,2.0,xRAynannannannannannannannannannannannannannan,RAnannannannannannannannannannannannannannan,1,partner
before_trills_2022-03-17_09-57-25_0000071_labelled_Olympia_pheeseq_04.txt,x,A,A,P,,,,,,,,,,,,,,,before,trills,2022-03-17,09-57-25,Olympia,2022-03-17 09:57:25,RB/MM,4.0,Wuschel,4.0,xAAPnannannannannannannannannannannannannannan,AAPnannannannannannannannannannannannannannan,1,partner
before_phees_2022-03-17_09-51-16_0000070_labelled_Olympia_pheeseq_02.txt,x,A,A,y,,,,,,,,,,,,,,,before,phees,2022-03-17,09-51-16,Olympia,2022-03-17 09:51:16,RB/MM,4.0,Wuschel,5.0,xAAynannannannannannannannannannannannannannan,AAnannannannannannannannannannannannannannan,1,partner
before_phees_2022-03-17_09-51-16_0000070_labelled_Olympia_pheeseq_15.txt,x,A,A,y,,,,,,,,,,,,,,,before,phees,2022-03-17,09-51-16,Olympia,2022-03-17 09:51:16,RB/MM,4.0,Wuschel,6.0,xAAynannannannannannannannannannannannannannan,AAnannannannannannannannannannannannannannan,3,partner
before_phees_2022-03-17_09-51-16_0000070_labelled_Olympia_pheeseq_19.txt,x,A,y,,,,,,,,,,,,,,,,before,phees,2022-03-17,09-51-16,Olympia,2022-03-17 09:51:16,RB/MM,4.0,Wuschel,7.0,xAynannannannannannannannannannannannannannannan,Anannannannannannannannannannannannannannannan,3,partner
before_trills_2022-03-17_09-51-17_0000070_labelled_Olympia_pheeseq_19.txt,x,R,A,y,,,,,,,,,,,,,,,before,trills,2022-03-17,09-51-17,Olympia,2022-03-17 09:51:17,RB/MM,4.0,Wuschel,8.0,xRAynannannannannannannannannannannannannannan,RAnannannannannannannannannannannannannannan,1,partner
before_phees_2022-03-17_09-51-16_0000070_labelled_Olympia_phee_17.txt,x,A,y,,,,,,,,,,,,,,,,before,phees,2022-03-17,09-51-16,Olympia,2022-03-17 09:51:16,RB/MM,4.0,Wuschel,9.0,xAynannannannannannannannannannannannannannannan,Anannannannannannannannannannannannannannannan,3,partner
before_trills_2022-03-17_13-35-30_0000074_labelled_Tabor_pheeseq_04.txt,x,A,A,A,P,,,,,,,,,,,,,,before,trills,2022-03-17,13-35-30,Tabor,2022-03-17 13:35:30,RB/MM,5.0,Olympia,1.0,xAAAPnannannannannannannannannannannannannan,AAAPnannannannannannannannannannannannannan,1,non-partner
before_trills_2022-03-17_13-35-30_0000074_labelled_Tabor_pheeseq_05.txt,x,A,A,A,P,P,,,,,,,,,,,,,before,trills,2022-03-17,13-35-30,Tabor,2022-03-17 13:35:30,RB/MM,5.0,Olympia,2.0,xAAAPPnannannannannannannannannannannannan,AAAPPnannannannannannannannannannannannan,1,non-partner
before_trills_2022-03-17_13-35-30_0000074_labelled_Tabor_pheeseq_06.txt,x,A,A,A,A,P,,,,,,,,,,,,,before,trills,2022-03-17,13-35-30,Tabor,2022-03-17 13:35:30,RB/MM,5.0,Olympia,3.0,xAAAAPnannannannannannannannannannannannan,AAAAPnannannannannannannannannannannannan,1,non-partner
before_phees_2022-03-17_13-35-29_0000074_labelled_Tabor_pheeseq_08.txt,x,A,A,A,A,P,P,P,,,,,,,,,,,before,phees,2022-03-17,13-35-29,Tabor,2022-03-17 13:35:29,RB/MM,5.0,Olympia,4.0,xAAAAPPPnannannannannannannannannannan,AAAAPPPnannannannannannannannannannan,1,non-partner
before_phees_2022-03-17_13-35-29_0000074_labelled_Tabor_pheeseq_09.txt,x,A,A,A,A,P,P,P,,,,,,,,,,,before,phees,2022-03-17,13-35-29,Tabor,2022-03-17 13:35:29,RB/MM,5.0,Olympia,5.0,xAAAAPPPnannannannannannannannannannan,AAAAPPPnannannannannannannannannannan,1,non-partner
before_phees_2022-03-17_13-35-29_0000074_labelled_Tabor_pheeseq_10.txt,x,A,A,A,y,,,,,,,,,,,,,,before,phees,2022-03-17,13-35-29,Tabor,2022-03-17 13:35:29,RB/MM,5.0,Olympia,6.0,xAAAynannannannannannannannannannannannannan,AAAnannannannannannannannannannannannannan,1,non-partner
before_phees_2022-03-17_13-35-29_0000074_labelled_Tabor_pheeseq_04.txt,x,A,A,A,P,,,,,,,,,,,,,,before,phees,2022-03-17,13-35-29,Tabor,2022-03-17 13:35:29,RB/MM,5.0,Olympia,7.0,xAAAPnannannannannannannannannannannannannan,AAAPnannannannannannannannannannannannannan,1,non-partner
before_phees_2022-03-17_13-35-29_0000074_labelled_Tabor_pheeseq_05.txt,x,A,A,A,P,,,,,,,,,,,,,,before,phees,2022-03-17,13-35-29,Tabor,2022-03-17 13:35:29,RB/MM,5.0,Olympia,8.0,xAAAPnannannannannannannannannannannannannan,AAAPnannannannannannannannannannannannannan,1,non-partner
before_phees_2022-03-17_13-35-29_0000074_labelled_Tabor_pheeseq_07.txt,x,A,A,A,P,P,P,,,,,,,,,,,,before,phees,2022-03-17,13-35-29,Tabor,2022-03-17 13:35:29,RB/MM,5.0,Olympia,9.0,xAAAPPPnannannannannannannannannannannan,AAAPPPnannannannannannannannannannannan,1,non-partner
before_phees_2022-03-17_13-35-29_0000074_labelled_Tabor_pheeseq_02.txt,x,A,A,A,A,y,,,,,,,,,,,,,before,phees,2022-03-17,13-35-29,Tabor,2022-03-17 13:35:29,RB/MM,5.0,Olympia,10.0,xAAAAynannannannannannannannannannannannan,AAAAnannannannannannannannannannannannan,1,non-partner
before_phees_2022-03-17_13-35-29_0000074_labelled_Tabor_pheeseq_03.txt,x,A,A,A,A,y,,,,,,,,,,,,,before,phees,2022-03-17,13-35-29,Tabor,2022-03-17 13:35:29,RB/MM,5.0,Olympia,11.0,xAAAAynannannannannannannannannannannannan,AAAAnannannannannannannannannannannannan,1,non-partner
before_phees_2022-03-17_13-35-29_0000074_labelled_Tabor_pheeseq_01.txt,x,A,A,A,A,y,,,,,,,,,,,,,before,phees,2022-03-17,13-35-29,Tabor,2022-03-17 13:35:29,RB/MM,5.0,Olympia,12.0,xAAAAynannannannannannannannannannannannan,AAAAnannannannannannannannannannannannan,1,non-partner
before_phees_2022-03-17_13-35-29_0000074_labelled_Tabor_pheeseq_14.txt,x,A,A,A,A,P,,,,,,,,,,,,,before,phees,2022-03-17,13-35-29,Tabor,2022-03-17 13:35:29,RB/MM,5.0,Olympia,13.0,xAAAAPnannannannannannannannannannannannan,AAAAPnannannannannannannannannannannannan,1,non-partner
before_phees_2022-03-17_09-51-16_0000070_labelled_Wuschel_pheeseq_23.txt,x,A,A,y,,,,,,,,,,,,,,,before,phees,2022-03-17,09-51-16,Wuschel,2022-03-17 09:51:16,RB/MM,4.0,Olympia,1.0,xAAynannannannannannannannannannannannannannan,AAnannannannannannannannannannannannannannan,3,partner
before_phees_2022-03-17_09-51-16_0000070_labelled_Wuschel_pheeseq_20.txt,P,P,A,A,y,,,,,,,,,,,,,,before,phees,2022-03-17,09-51-16,Wuschel,2022-03-17 09:51:16,RB/MM,4.0,Olympia,2.0,PPAAynannannannannannannannannannannannannan,PPAAnannannannannannannannannannannannannan,3,partner
before_trills_2022-03-17_09-51-17_0000070_labelled_Wuschel_pheeseq_03.txt,x,A,A,y,,,,,,,,,,,,,,,before,trills,2022-03-17,09-51-17,Wuschel,2022-03-17 09:51:17,RB/MM,4.0,Olympia,3.0,xAAynannannannannannannannannannannannannannan,AAnannannannannannannannannannannannannannan,1,partner
before_phees_2022-03-17_09-51-16_0000070_labelled_Wuschel_pheeseq_13.txt,x,A,A,y,,,,,,,,,,,,,,,before,phees,2022-03-17,09-51-16,Wuschel,2022-03-17 09:51:16,RB/MM,4.0,Olympia,4.0,xAAynannannannannannannannannannannannannannan,AAnannannannannannannannannannannannannannan,3,partner
before_trills_2022-03-18_10-23-10_0000086_labelled_Nougatti_pheeseq_16.txt,x,A,A,P,,,,,,,,,,,,,,,before,trills,2022-03-18,10-23-10,Nougatti,2022-03-18 10:23:10,RB/MM,5.0,Odin,1.0,xAAPnannannannannannannannannannannannannannan,AAPnannannannannannannannannannannannannannan,1,partner
before_trills_2022-03-18_10-23-10_0000086_labelled_Nougatti_pheeseq_28.txt,x,A,A,A,y,,,,,,,,,,,,,,before,trills,2022-03-18,10-23-10,Nougatti,2022-03-18 10:23:10,RB/MM,5.0,Odin,2.0,xAAAynannannannannannannannannannannannannan,AAAnannannannannannannannannannannannannan,1,partner
before_trills_2022-03-18_10-23-10_0000086_labelled_Nougatti_pheeseq_06.txt,S,A,A,P,,,,,,,,,,,,,,,before,trills,2022-03-18,10-23-10,Nougatti,2022-03-18 10:23:10,RB/MM,5.0,Odin,3.0,SAAPnannannannannannannannannannannannannannan,SAAPnannannannannannannannannannannannannannan,1,partner
before_trills_2022-03-18_10-23-10_0000086_labelled_Nougatti_pheeseq_149.txt,x,R,A,P,,,,,,,,,,,,,,,before,trills,2022-03-18,10-23-10,Nougatti,2022-03-18 10:23:10,RB/MM,5.0,Odin,4.0,xRAPnannannannannannannannannannannannannannan,RAPnannannannannannannannannannannannannannan,3,partner
before_trills_2022-03-18_10-23-10_0000086_labelled_Nougatti_pheeseq_61.txt,x,A,A,P,,,,,,,,,,,,,,,before,trills,2022-03-18,10-23-10,Nougatti,2022-03-18 10:23:10,RB/MM,5.0,Odin,5.0,xAAPnannannannannannannannannannannannannannan,AAPnannannannannannannannannannannannannannan,1,partner
before_trills_2022-03-18_10-23-10_0000086_labelled_Nougatti_pheeseq_111.txt,x,A,A,P,P,,,,,,,,,,,,,,before,trills,2022-03-18,10-23-10,Nougatti,2022-03-18 10:23:10,RB/MM,5.0,Odin,6.0,xAAPPnannannannannannannannannannannannannan,AAPPnannannannannannannannannannannannannan,3,partner
before_trills_2022-03-18_10-23-10_0000086_labelled_Nougatti_pheeseq_72.txt,x,A,A,A,y,,,,,,,,,,,,,,before,trills,2022-03-18,10-23-10,Nougatti,2022-03-18 10:23:10,RB/MM,5.0,Odin,7.0,xAAAynannannannannannannannannannannannannan,AAAnannannannannannannannannannannannannan,1,partner
before_trills_2022-03-18_10-23-10_0000086_labelled_Nougatti_pheeseq_128.txt,x,A,A,A,P,,,,,,,,,,,,,,before,trills,2022-03-18,10-23-10,Nougatti,2022-03-18 10:23:10,RB/MM,5.0,Odin,8.0,xAAAPnannannannannannannannannannannannannan,AAAPnannannannannannannannannannannannannan,3,partner
before_trills_2022-03-18_10-23-10_0000086_labelled_Nougatti_pheeseq_73.txt,x,A,A,P,,,,,,,,,,,,,,,before,trills,2022-03-18,10-23-10,Nougatti,2022-03-18 10:23:10,RB/MM,5.0,Odin,9.0,xAAPnannannannannannannannannannannannannannan,AAPnannannannannannannannannannannannannannan,1,partner
before_trills_2022-03-18_10-23-10_0000086_labelled_Nougatti_pheeseq_64.txt,x,A,A,A,P,,,,,,,,,,,,,,before,trills,2022-03-18,10-23-10,Nougatti,2022-03-18 10:23:10,RB/MM,5.0,Odin,10.0,xAAAPnannannannannannannannannannannannannan,AAAPnannannannannannannannannannannannannan,1,partner
before_trills_2022-03-18_10-23-10_0000086_labelled_Nougatti_pheeseq_40.txt,x,A,A,A,y,,,,,,,,,,,,,,before,trills,2022-03-18,10-23-10,Nougatti,2022-03-18 10:23:10,RB/MM,5.0,Odin,11.0,xAAAynannannannannannannannannannannannannan,AAAnannannannannannannannannannannannannan,1,partner
before_trills_2022-03-18_10-23-10_0000086_labelled_Nougatti_pheeseq_68.txt,x,A,P,,,,,,,,,,,,,,,,before,trills,2022-03-18,10-23-10,Nougatti,2022-03-18 10:23:10,RB/MM,5.0,Odin,12.0,xAPnannannannannannannannannannannannannannannan,APnannannannannannannannannannannannannannannan,1,partner
before_trills_2022-03-18_10-23-10_0000086_labelled_Nougatti_pheeseq_56.txt,x,A,A,P,,,,,,,,,,,,,,,before,trills,2022-03-18,10-23-10,Nougatti,2022-03-18 10:23:10,RB/MM,5.0,Odin,13.0,xAAPnannannannannannannannannannannannannannan,AAPnannannannannannannannannannannannannannan,1,partner
before_trills_2022-03-18_10-23-10_0000086_labelled_Nougatti_pheeseq_119.txt,x,A,P,,,,,,,,,,,,,,,,before,trills,2022-03-18,10-23-10,Nougatti,2022-03-18 10:23:10,RB/MM,5.0,Odin,14.0,xAPnannannannannannannannannannannannannannannan,APnannannannannannannannannannannannannannannan,3,partner
before_trills_2022-03-18_10-23-10_0000086_labelled_Nougatti_pheeseq_131.txt,x,R,A,P,P,,,,,,,,,,,,,,before,trills,2022-03-18,10-23-10,Nougatti,2022-03-18 10:23:10,RB/MM,5.0,Odin,15.0,xRAPPnannannannannannannannannannannannannan,RAPPnannannannannannannannannannannannannan,3,partner
before_trills_2022-03-18_10-23-10_0000086_labelled_Nougatti_pheeseq_43.txt,S,A,A,y,,,,,,,,,,,,,,,before,trills,2022-03-18,10-23-10,Nougatti,2022-03-18 10:23:10,RB/MM,5.0,Odin,16.0,SAAynannannannannannannannannannannannannannan,SAAnannannannannannannannannannannannannannan,1,partner
before_trills_2022-03-18_10-23-10_0000086_labelled_Nougatti_pheeseq_47.txt,T,K,K,A,P,,,,,,,,,,,,,,before,trills,2022-03-18,10-23-10,Nougatti,2022-03-18 10:23:10,RB/MM,5.0,Odin,17.0,TKKAPnannannannannannannannannannannannannan,TKKAPnannannannannannannannannannannannannan,1,partner
before_trills_2022-03-18_10-23-10_0000086_labelled_Nougatti_pheeseq_34.txt,x,R,A,P,,,,,,,,,,,,,,,before,trills,2022-03-18,10-23-10,Nougatti,2022-03-18 10:23:10,RB/MM,5.0,Odin,18.0,xRAPnannannannannannannannannannannannannannan,RAPnannannannannannannannannannannannannannan,1,partner
before_trills_2022-03-18_10-23-10_0000086_labelled_Nougatti_pheeseq_24.txt,T,K,K,S,A,A,P,,,,,,,,,,,,before,trills,2022-03-18,10-23-10,Nougatti,2022-03-18 10:23:10,RB/MM,5.0,Odin,19.0,TKKSAAPnannannannannannannannannannannan,TKKSAAPnannannannannannannannannannannan,1,partner
before_trills_2022-03-18_10-23-10_0000086_labelled_Nougatti_pheeseq_33.txt,x,A,A,P,,,,,,,,,,,,,,,before,trills,2022-03-18,10-23-10,Nougatti,2022-03-18 10:23:10,RB/MM,5.0,Odin,20.0,xAAPnannannannannannannannannannannannannannan,AAPnannannannannannannannannannannannannannan,1,partner
before_trills_2022-03-18_10-23-10_0000086_labelled_Nougatti_pheeseq_141.txt,x,A,P,P,,,,,,,,,,,,,,,before,trills,2022-03-18,10-23-10,Nougatti,2022-03-18 10:23:10,RB/MM,5.0,Odin,21.0,xAPPnannannannannannannannannannannannannannan,APPnannannannannannannannannannannannannannan,3,partner
before_trills_2022-03-18_10-23-10_0000086_labelled_Odin_pheeseq_109.txt,x,A,A,A,y,,,,,,,,,,,,,,before,trills,2022-03-18,10-23-10,Odin,2022-03-18 10:23:10,RB/MM,5.0,Nougatti,1.0,xAAAynannannannannannannannannannannannannan,AAAnannannannannannannannannannannannannan,3,partner
before_trills_2022-03-18_10-23-10_0000086_labelled_Odin_phee_55.txt,x,A,y,,,,,,,,,,,,,,,,before,trills,2022-03-18,10-23-10,Odin,2022-03-18 10:23:10,RB/MM,5.0,Nougatti,2.0,xAynannannannannannannannannannannannannannannan,Anannannannannannannannannannannannannannannan,1,partner
before_trills_2022-03-18_10-23-10_0000086_labelled_Odin_pheeseq_137.txt,x,A,A,y,,,,,,,,,,,,,,,before,trills,2022-03-18,10-23-10,Odin,2022-03-18 10:23:10,RB/MM,5.0,Nougatti,3.0,xAAynannannannannannannannannannannannannannan,AAnannannannannannannannannannannannannannan,3,partner
before_trills_2022-03-18_10-23-10_0000086_labelled_Odin_pheeseq_42.txt,x,A,A,y,,,,,,,,,,,,,,,before,trills,2022-03-18,10-23-10,Odin,2022-03-18 10:23:10,RB/MM,5.0,Nougatti,4.0,xAAynannannannannannannannannannannannannannan,AAnannannannannannannannannannannannannannan,1,partner
before_trills_2022-03-18_10-23-10_0000086_labelled_Odin_pheeseq_118.txt,x,A,y,,,,,,,,,,,,,,,,before,trills,2022-03-18,10-23-10,Odin,2022-03-18 10:23:10,RB/MM,5.0,Nougatti,5.0,xAynannannannannannannannannannannannannannannan,Anannannannannannannannannannannannannannannan,3,partner
before_trills_2022-03-18_10-23-10_0000086_labelled_Odin_phee_23.txt,x,A,y,,,,,,,,,,,,,,,,before,trills,2022-03-18,10-23-10,Odin,2022-03-18 10:23:10,RB/MM,5.0,Nougatti,6.0,xAynannannannannannannannannannannannannannannan,Anannannannannannannannannannannannannannannan,1,partner
before_trills_2022-03-18_10-23-10_0000086_labelled_Odin_pheeseq_31.txt,x,A,A,y,,,,,,,,,,,,,,,before,trills,2022-03-18,10-23-10,Odin,2022-03-18 10:23:10,RB/MM,5.0,Nougatti,7.0,xAAynannannannannannannannannannannannannannan,AAnannannannannannannannannannannannannannan,1,partner
before_trills_2022-03-18_10-23-10_0000086_labelled_Odin_pheeseq_147.txt,x,A,P,,,,,,,,,,,,,,,,before,trills,2022-03-18,10-23-10,Odin,2022-03-18 10:23:10,RB/MM,5.0,Nougatti,8.0,xAPnannannannannannannannannannannannannannannan,APnannannannannannannannannannannannannannannan,3,partner
before_trills_2022-03-18_10-23-10_0000086_labelled_Odin_pheeseq_08.txt,x,A,y,,,,,,,,,,,,,,,,before,trills,2022-03-18,10-23-10,Odin,2022-03-18 10:23:10,RB/MM,5.0,Nougatti,9.0,xAynannannannannannannannannannannannannannannan,Anannannannannannannannannannannannannannannan,1,partner
before_trills_2022-03-18_10-23-10_0000086_labelled_Odin_pheeseq_39.txt,x,R,A,y,,,,,,,,,,,,,,,before,trills,2022-03-18,10-23-10,Odin,2022-03-18 10:23:10,RB/MM,5.0,Nougatti,10.0,xRAynannannannannannannannannannannannannannan,RAnannannannannannannannannannannannannannan,1,partner
before_trills_2022-03-18_10-23-10_0000086_labelled_Odin_phee_05.txt,x,A,y,,,,,,,,,,,,,,,,before,trills,2022-03-18,10-23-10,Odin,2022-03-18 10:23:10,RB/MM,5.0,Nougatti,11.0,xAynannannannannannannannannannannannannannannan,Anannannannannannannannannannannannannannannan,1,partner
before_trills_2022-03-18_10-23-10_0000086_labelled_Odin_pheeseq_15.txt,x,R,A,y,,,,,,,,,,,,,,,before,trills,2022-03-18,10-23-10,Odin,2022-03-18 10:23:10,RB/MM,5.0,Nougatti,12.0,xRAynannannannannannannannannannannannannannan,RAnannannannannannannannannannannannannannan,1,partner
before_phees_2022-03-18_10-23-09_0000086_labelled_Odin_pheeseq_06.txt,x,A,A,A,y,,,,,,,,,,,,,,before,phees,2022-03-18,10-23-09,Odin,2022-03-18 10:23:09,RB/MM,5.0,Nougatti,13.0,xAAAynannannannannannannannannannannannannan,AAAnannannannannannannannannannannannannan,1,partner
before_trills_2022-03-18_10-23-10_0000086_labelled_Odin_pheeseq_59.txt,x,A,P,,,,,,,,,,,,,,,,before,trills,2022-03-18,10-23-10,Odin,2022-03-18 10:23:10,RB/MM,5.0,Nougatti,14.0,xAPnannannannannannannannannannannannannannannan,APnannannannannannannannannannannannannannannan,1,partner
before_trills_2022-03-18_10-23-10_0000086_labelled_Odin_pheeseq_63.txt,x,A,A,P,,,,,,,,,,,,,,,before,trills,2022-03-18,10-23-10,Odin,2022-03-18 10:23:10,RB/MM,5.0,Nougatti,15.0,xAAPnannannannannannannannannannannannannannan,AAPnannannannannannannannannannannannannannan,1,partner
before_trills_2022-03-18_10-23-10_0000086_labelled_Odin_phee_70.txt,x,A,y,,,,,,,,,,,,,,,,before,trills,2022-03-18,10-23-10,Odin,2022-03-18 10:23:10,RB/MM,5.0,Nougatti,16.0,xAynannannannannannannannannannannannannannannan,Anannannannannannannannannannannannannannannan,1,partner
before_trills_2022-03-18_09-14-46_0000079_labelled_Olympia_pheeseq_02.txt,x,A,A,y,,,,,,,,,,,,,,,before,trills,2022-03-18,09-14-46,Olympia,2022-03-18 09:14:46,RB/MM,5.0,Wuschel,1.0,xAAynannannannannannannannannannannannannannan,AAnannannannannannannannannannannannannannan,1,partner
before_trills_2022-03-18_09-14-46_0000079_labelled_Olympia_pheeseq_02.txt,x,A,A,y,,,,,,,,,,,,,,,before,trills,2022-03-18,09-14-46,Olympia,2022-03-18 09:14:46,RB/MM,5.0,Wuschel,2.0,xAAynannannannannannannannannannannannannannan,AAnannannannannannannannannannannannannannan,1,partner
before_trills_2022-03-18_09-14-46_0000079_labelled_Olympia_pheeseq_04.txt,x,R,A,y,,,,,,,,,,,,,,,before,trills,2022-03-18,09-14-46,Olympia,2022-03-18 09:14:46,RB/MM,5.0,Wuschel,3.0,xRAynannannannannannannannannannannannannannan,RAnannannannannannannannannannannannannannan,1,partner
before_trills_2022-03-18_09-14-46_0000079_labelled_Olympia_pheeseq_04.txt,x,R,A,y,,,,,,,,,,,,,,,before,trills,2022-03-18,09-14-46,Olympia,2022-03-18 09:14:46,RB/MM,5.0,Wuschel,4.0,xRAynannannannannannannannannannannannannannan,RAnannannannannannannannannannannannannannan,1,partner
before_phees_2022-03-18_09-14-46_0000079_labelled_Olympia_pheeseq_14.txt,x,A,A,y,,,,,,,,,,,,,,,before,phees,2022-03-18,09-14-46,Olympia,2022-03-18 09:14:46,RB/MM,5.0,Wuschel,5.0,xAAynannannannannannannannannannannannannannan,AAnannannannannannannannannannannannannannan,3,partner
before_phees_2022-03-18_09-14-46_0000079_labelled_Olympia_pheeseq_14.txt,x,A,A,y,,,,,,,,,,,,,,,before,phees,2022-03-18,09-14-46,Olympia,2022-03-18 09:14:46,RB/MM,5.0,Wuschel,6.0,xAAynannannannannannannannannannannannannannan,AAnannannannannannannannannannannannannannan,3,partner
before_phees_2022-03-18_09-14-46_0000079_labelled_Olympia_pheeseq_16.txt,x,A,A,y,,,,,,,,,,,,,,,before,phees,2022-03-18,09-14-46,Olympia,2022-03-18 09:14:46,RB/MM,5.0,Wuschel,7.0,xAAynannannannannannannannannannannannannannan,AAnannannannannannannannannannannannannannan,3,partner
before_phees_2022-03-18_09-14-46_0000079_labelled_Olympia_pheeseq_16.txt,x,A,A,y,,,,,,,,,,,,,,,before,phees,2022-03-18,09-14-46,Olympia,2022-03-18 09:14:46,RB/MM,5.0,Wuschel,8.0,xAAynannannannannannannannannannannannannannan,AAnannannannannannannannannannannannannannan,3,partner
before_phees_2022-03-18_09-14-46_0000079_labelled_Olympia_phee_03.txt,x,A,y,,,,,,,,,,,,,,,,before,phees,2022-03-18,09-14-46,Olympia,2022-03-18 09:14:46,RB/MM,5.0,Wuschel,9.0,xAynannannannannannannannannannannannannannannan,Anannannannannannannannannannannannannannannan,1,partner
before_phees_2022-03-18_09-14-46_0000079_labelled_Olympia_phee_03.txt,x,A,y,,,,,,,,,,,,,,,,before,phees,2022-03-18,09-14-46,Olympia,2022-03-18 09:14:46,RB/MM,5.0,Wuschel,10.0,xAynannannannannannannannannannannannannannannan,Anannannannannannannannannannannannannannannan,1,partner
before_phees_2022-03-18_09-14-46_0000079_labelled_Olympia_pheeseq_13.txt,x,A,y,,,,,,,,,,,,,,,,before,phees,2022-03-18,09-14-46,Olympia,2022-03-18 09:14:46,RB/MM,5.0,Wuschel,11.0,xAynannannannannannannannannannannannannannannan,Anannannannannannannannannannannannannannannan,3,partner
before_phees_2022-03-18_09-14-46_0000079_labelled_Olympia_pheeseq_13.txt,x,A,y,,,,,,,,,,,,,,,,before,phees,2022-03-18,09-14-46,Olympia,2022-03-18 09:14:46,RB/MM,5.0,Wuschel,12.0,xAynannannannannannannannannannannannannannannan,Anannannannannannannannannannannannannannannan,3,partner
before_phees_2022-03-18_09-14-46_0000079_labelled_Olympia_pheeseq_06.txt,x,A,A,y,,,,,,,,,,,,,,,before,phees,2022-03-18,09-14-46,Olympia,2022-03-18 09:14:46,RB/MM,5.0,Wuschel,13.0,xAAynannannannannannannannannannannannannannan,AAnannannannannannannannannannannannannannan,1,partner
before_phees_2022-03-18_09-14-46_0000079_labelled_Olympia_pheeseq_06.txt,x,A,A,y,,,,,,,,,,,,,,,before,phees,2022-03-18,09-14-46,Olympia,2022-03-18 09:14:46,RB/MM,5.0,Wuschel,14.0,xAAynannannannannannannannannannannannannannan,AAnannannannannannannannannannannannannannan,1,partner
before_phees_2022-03-18_09-14-46_0000079_labelled_Olympia_pheeseq_04.txt,x,A,A,y,,,,,,,,,,,,,,,before,phees,2022-03-18,09-14-46,Olympia,2022-03-18 09:14:46,RB/MM,5.0,Wuschel,15.0,xAAynannannannannannannannannannannannannannan,AAnannannannannannannannannannannannannannan,1,partner
before_phees_2022-03-18_09-14-46_0000079_labelled_Olympia_pheeseq_04.txt,x,A,A,y,,,,,,,,,,,,,,,before,phees,2022-03-18,09-14-46,Olympia,2022-03-18 09:14:46,RB/MM,5.0,Wuschel,16.0,xAAynannannannannannannannannannannannannannan,AAnannannannannannannannannannannannannannan,1,partner
before_phees_2022-03-18_09-14-46_0000079_labelled_Olympia_pheeseq_09.txt,x,A,A,y,,,,,,,,,,,,,,,before,phees,2022-03-18,09-14-46,Olympia,2022-03-18 09:14:46,RB/MM,5.0,Wuschel,17.0,xAAynannannannannannannannannannannannannannan,AAnannannannannannannannannannannannannannan,1,partner
before_phees_2022-03-18_09-14-46_0000079_labelled_Olympia_pheeseq_09.txt,x,A,A,y,,,,,,,,,,,,,,,before,phees,2022-03-18,09-14-46,Olympia,2022-03-18 09:14:46,RB/MM,5.0,Wuschel,18.0,xAAynannannannannannannannannannannannannannan,AAnannannannannannannannannannannannannannan,1,partner
before_phees_2022-03-18_09-14-46_0000079_labelled_Olympia_pheeseq_33.txt,x,A,A,y,,,,,,,,,,,,,,,before,phees,2022-03-18,09-14-46,Olympia,2022-03-18 09:14:46,RB/MM,5.0,Wuschel,19.0,xAAynannannannannannannannannannannannannannan,AAnannannannannannannannannannannannannannan,3,partner
before_phees_2022-03-18_09-14-46_0000079_labelled_Olympia_pheeseq_33.txt,x,A,A,y,,,,,,,,,,,,,,,before,phees,2022-03-18,09-14-46,Olympia,2022-03-18 09:14:46,RB/MM,5.0,Wuschel,20.0,xAAynannannannannannannannannannannannannannan,AAnannannannannannannannannannannannannannan,3,partner
before_phees_2022-03-18_09-14-46_0000079_labelled_Olympia_pheeseq_19.txt,x,A,A,A,y,,,,,,,,,,,,,,before,phees,2022-03-18,09-14-46,Olympia,2022-03-18 09:14:46,RB/MM,5.0,Wuschel,21.0,xAAAynannannannannannannannannannannannannan,AAAnannannannannannannannannannannannannan,3,partner
before_phees_2022-03-18_09-14-46_0000079_labelled_Olympia_pheeseq_19.txt,x,A,A,A,y,,,,,,,,,,,,,,before,phees,2022-03-18,09-14-46,Olympia,2022-03-18 09:14:46,RB/MM,5.0,Wuschel,22.0,xAAAynannannannannannannannannannannannannan,AAAnannannannannannannannannannannannannan,3,partner
before_phees_2022-03-18_09-14-46_0000079_labelled_Olympia_pheeseq_18.txt,x,A,A,y,,,,,,,,,,,,,,,before,phees,2022-03-18,09-14-46,Olympia,2022-03-18 09:14:46,RB/MM,5.0,Wuschel,23.0,xAAynannannannannannannannannannannannannannan,AAnannannannannannannannannannannannannannan,3,partner
before_phees_2022-03-18_09-14-46_0000079_labelled_Olympia_pheeseq_18.txt,x,A,A,y,,,,,,,,,,,,,,,before,phees,2022-03-18,09-14-46,Olympia,2022-03-18 09:14:46,RB/MM,5.0,Wuschel,24.0,xAAynannannannannannannannannannannannannannan,AAnannannannannannannannannannannannannannan,3,partner
before_phees_2022-03-18_09-14-46_0000079_labelled_Olympia_pheeseq_30.txt,x,A,A,y,,,,,,,,,,,,,,,before,phees,2022-03-18,09-14-46,Olympia,2022-03-18 09:14:46,RB/MM,5.0,Wuschel,25.0,xAAynannannannannannannannannannannannannannan,AAnannannannannannannannannannannannannannan,3,partner
before_phees_2022-03-18_09-14-46_0000079_labelled_Olympia_pheeseq_30.txt,x,A,A,y,,,,,,,,,,,,,,,before,phees,2022-03-18,09-14-46,Olympia,2022-03-18 09:14:46,RB/MM,5.0,Wuschel,26.0,xAAynannannannannannannannannannannannannannan,AAnannannannannannannannannannannannannannan,3,partner
before_trills_2022-03-18_09-47-49_0000083_labelled_Tabor_pheeseq_07.txt,x,A,A,A,P,,,,,,,,,,,,,,before,trills,2022-03-18,09-47-49,Tabor,2022-03-18 09:47:49,RB/MM,5.0,Lola,1.0,xAAAPnannannannannannannannannannannannannan,AAAPnannannannannannannannannannannannannan,1,partner
before_phees_2022-03-18_09-14-46_0000079_labelled_Wuschel_pheeseq_20.txt,x,A,A,y,,,,,,,,,,,,,,,before,phees,2022-03-18,09-14-46,Wuschel,2022-03-18 09:14:46,RB/MM,5.0,Olympia,1.0,xAAynannannannannannannannannannannannannannan,AAnannannannannannannannannannannannannannan,3,partner
before_phees_2022-03-18_09-14-46_0000079_labelled_Wuschel_pheeseq_20.txt,x,A,A,y,,,,,,,,,,,,,,,before,phees,2022-03-18,09-14-46,Wuschel,2022-03-18 09:14:46,RB/MM,5.0,Olympia,2.0,xAAynannannannannannannannannannannannannannan,AAnannannannannannannannannannannannannannan,3,partner
before_phees_2022-03-18_09-14-46_0000079_labelled_Wuschel_pheeseq_21.txt,x,A,A,y,,,,,,,,,,,,,,,before,phees,2022-03-18,09-14-46,Wuschel,2022-03-18 09:14:46,RB/MM,5.0,Olympia,3.0,xAAynannannannannannannannannannannannannannan,AAnannannannannannannannannannannannannannan,3,partner
before_phees_2022-03-18_09-14-46_0000079_labelled_Wuschel_pheeseq_21.txt,x,A,A,y,,,,,,,,,,,,,,,before,phees,2022-03-18,09-14-46,Wuschel,2022-03-18 09:14:46,RB/MM,5.0,Olympia,4.0,xAAynannannannannannannannannannannannannannan,AAnannannannannannannannannannannannannannan,3,partner
before_phees_2022-03-18_09-14-46_0000079_labelled_Wuschel_pheeseq_23.txt,x,A,A,y,,,,,,,,,,,,,,,before,phees,2022-03-18,09-14-46,Wuschel,2022-03-18 09:14:46,RB/MM,5.0,Olympia,5.0,xAAynannannannannannannannannannannannannannan,AAnannannannannannannannannannannannannannan,3,partner
before_phees_2022-03-18_09-14-46_0000079_labelled_Wuschel_pheeseq_23.txt,x,A,A,y,,,,,,,,,,,,,,,before,phees,2022-03-18,09-14-46,Wuschel,2022-03-18 09:14:46,RB/MM,5.0,Olympia,6.0,xAAynannannannannannannannannannannannannannan,AAnannannannannannannannannannannannannannan,3,partner
before_phees_2022-03-18_09-14-46_0000079_labelled_Wuschel_pheeseq_22.txt,x,A,A,y,,,,,,,,,,,,,,,before,phees,2022-03-18,09-14-46,Wuschel,2022-03-18 09:14:46,RB/MM,5.0,Olympia,7.0,xAAynannannannannannannannannannannannannannan,AAnannannannannannannannannannannannannannan,3,partner
before_phees_2022-03-18_09-14-46_0000079_labelled_Wuschel_pheeseq_22.txt,x,A,A,y,,,,,,,,,,,,,,,before,phees,2022-03-18,09-14-46,Wuschel,2022-03-18 09:14:46,RB/MM,5.0,Olympia,8.0,xAAynannannannannannannannannannannannannannan,AAnannannannannannannannannannannannannannan,3,partner
before_phees_2022-03-18_09-14-46_0000079_labelled_Wuschel_pheeseq_25.txt,x,A,A,y,,,,,,,,,,,,,,,before,phees,2022-03-18,09-14-46,Wuschel,2022-03-18 09:14:46,RB/MM,5.0,Olympia,9.0,xAAynannannannannannannannannannannannannannan,AAnannannannannannannannannannannannannannan,3,partner
before_phees_2022-03-18_09-14-46_0000079_labelled_Wuschel_pheeseq_25.txt,x,A,A,y,,,,,,,,,,,,,,,before,phees,2022-03-18,09-14-46,Wuschel,2022-03-18 09:14:46,RB/MM,5.0,Olympia,10.0,xAAynannannannannannannannannannannannannannan,AAnannannannannannannannannannannannannannan,3,partner
before_phees_2022-03-18_09-14-46_0000079_labelled_Wuschel_phee_26.txt,x,A,y,,,,,,,,,,,,,,,,before,phees,2022-03-18,09-14-46,Wuschel,2022-03-18 09:14:46,RB/MM,5.0,Olympia,11.0,xAynannannannannannannannannannannannannannannan,Anannannannannannannannannannannannannannannan,3,partner
before_phees_2022-03-18_09-14-46_0000079_labelled_Wuschel_phee_26.txt,x,A,y,,,,,,,,,,,,,,,,before,phees,2022-03-18,09-14-46,Wuschel,2022-03-18 09:14:46,RB/MM,5.0,Olympia,12.0,xAynannannannannannannannannannannannannannannan,Anannannannannannannannannannannannannannannan,3,partner
before_trills_2022-03-18_09-14-46_0000079_labelled_Wuschel_pheeseq_03.txt,x,A,A,P,,,,,,,,,,,,,,,before,trills,2022-03-18,09-14-46,Wuschel,2022-03-18 09:14:46,RB/MM,5.0,Olympia,13.0,xAAPnannannannannannannannannannannannannannan,AAPnannannannannannannannannannannannannannan,1,partner
before_trills_2022-03-18_09-14-46_0000079_labelled_Wuschel_pheeseq_03.txt,x,A,A,P,,,,,,,,,,,,,,,before,trills,2022-03-18,09-14-46,Wuschel,2022-03-18 09:14:46,RB/MM,5.0,Olympia,14.0,xAAPnannannannannannannannannannannannannannan,AAPnannannannannannannannannannannannannannan,1,partner
before_phees_2022-03-18_09-14-46_0000079_labelled_Wuschel_pheeseq_29.txt,x,A,A,y,,,,,,,,,,,,,,,before,phees,2022-03-18,09-14-46,Wuschel,2022-03-18 09:14:46,RB/MM,5.0,Olympia,15.0,xAAynannannannannannannannannannannannannannan,AAnannannannannannannannannannannannannannan,3,partner
before_phees_2022-03-18_09-14-46_0000079_labelled_Wuschel_pheeseq_29.txt,x,A,A,y,,,,,,,,,,,,,,,before,phees,2022-03-18,09-14-46,Wuschel,2022-03-18 09:14:46,RB/MM,5.0,Olympia,16.0,xAAynannannannannannannannannannannannannannan,AAnannannannannannannannannannannannannannan,3,partner
before_phees_2022-03-18_09-14-46_0000079_labelled_Wuschel_pheeseq_28.txt,x,A,A,y,,,,,,,,,,,,,,,before,phees,2022-03-18,09-14-46,Wuschel,2022-03-18 09:14:46,RB/MM,5.0,Olympia,17.0,xAAynannannannannannannannannannannannannannan,AAnannannannannannannannannannannannannannan,3,partner
before_phees_2022-03-18_09-14-46_0000079_labelled_Wuschel_pheeseq_28.txt,x,A,A,y,,,,,,,,,,,,,,,before,phees,2022-03-18,09-14-46,Wuschel,2022-03-18 09:14:46,RB/MM,5.0,Olympia,18.0,xAAynannannannannannannannannannannannannannan,AAnannannannannannannannannannannannannannan,3,partner
before_phees_2022-03-18_09-14-46_0000079_labelled_Wuschel_pheeseq_17.txt,x,A,A,y,,,,,,,,,,,,,,,before,phees,2022-03-18,09-14-46,Wuschel,2022-03-18 09:14:46,RB/MM,5.0,Olympia,19.0,xAAynannannannannannannannannannannannannannan,AAnannannannannannannannannannannannannannan,3,partner
before_phees_2022-03-18_09-14-46_0000079_labelled_Wuschel_pheeseq_17.txt,x,A,A,y,,,,,,,,,,,,,,,before,phees,2022-03-18,09-14-46,Wuschel,2022-03-18 09:14:46,RB/MM,5.0,Olympia,20.0,xAAynannannannannannannannannannannannannannan,AAnannannannannannannannannannannannannannan,3,partner
before_phees_2022-03-21_10-06-36_0000094_labelled_Lola_pheeseq_23.txt,x,A,y,,,,,,,,,,,,,,,,before,phees,2022-03-21,10-06-36,Lola,2022-03-21 10:06:36,EO/MM,6.0,Odin,1.0,xAynannannannannannannannannannannannannannannan,Anannannannannannannannannannannannannannannan,3,non-partner
before_phees_2022-03-21_13-47-05_0000098_labelled_Lola_pheeseq_08.txt,x,A,A,y,,,,,,,,,,,,,,,before,phees,2022-03-21,13-47-05,Lola,2022-03-21 13:47:05,AT/MM,6.0,Tabor,1.0,xAAynannannannannannannannannannannannannannan,AAnannannannannannannannannannannannannannan,1,partner
before_phees_2022-03-21_13-47-05_0000098_labelled_Lola_pheeseq_20.txt,x,A,A,y,,,,,,,,,,,,,,,before,phees,2022-03-21,13-47-05,Lola,2022-03-21 13:47:05,AT/MM,6.0,Tabor,2.0,xAAynannannannannannannannannannannannannannan,AAnannannannannannannannannannannannannannan,3,partner
before_phees_2022-03-21_13-47-05_0000098_labelled_Lola_pheeseq_09.txt,P,A,A,y,,,,,,,,,,,,,,,before,phees,2022-03-21,13-47-05,Lola,2022-03-21 13:47:05,AT/MM,6.0,Tabor,3.0,PAAynannannannannannannannannannannannannannan,PAAnannannannannannannannannannannannannannan,1,partner
before_phees_2022-03-21_13-47-05_0000098_labelled_Lola_pheeseq_23.txt,x,A,P,A,A,y,,,,,,,,,,,,,before,phees,2022-03-21,13-47-05,Lola,2022-03-21 13:47:05,AT/MM,6.0,Tabor,4.0,xAPAAynannannannannannannannannannannannan,APAAnannannannannannannannannannannannan,3,partner
before_phees_2022-03-21_13-47-05_0000098_labelled_Lola_pheeseq_22.txt,x,A,P,A,A,y,,,,,,,,,,,,,before,phees,2022-03-21,13-47-05,Lola,2022-03-21 13:47:05,AT/MM,6.0,Tabor,5.0,xAPAAynannannannannannannannannannannannan,APAAnannannannannannannannannannannannan,3,partner
before_phees_2022-03-21_13-47-05_0000098_labelled_Lola_pheeseq_26.txt,x,A,A,y,,,,,,,,,,,,,,,before,phees,2022-03-21,13-47-05,Lola,2022-03-21 13:47:05,AT/MM,6.0,Tabor,6.0,xAAynannannannannannannannannannannannannannan,AAnannannannannannannannannannannannannannan,3,partner
before_phees_2022-03-21_13-47-05_0000098_labelled_Lola_pheeseq_27.txt,x,A,A,y,,,,,,,,,,,,,,,before,phees,2022-03-21,13-47-05,Lola,2022-03-21 13:47:05,AT/MM,6.0,Tabor,7.0,xAAynannannannannannannannannannannannannannan,AAnannannannannannannannannannannannannannan,3,partner
before_phees_2022-03-21_13-47-05_0000098_labelled_Lola_pheeseq_25.txt,x,A,A,y,,,,,,,,,,,,,,,before,phees,2022-03-21,13-47-05,Lola,2022-03-21 13:47:05,AT/MM,6.0,Tabor,8.0,xAAynannannannannannannannannannannannannannan,AAnannannannannannannannannannannannannannan,3,partner
before_phees_2022-03-21_13-47-05_0000098_labelled_Lola_pheeseq_19.txt,x,A,A,y,,,,,,,,,,,,,,,before,phees,2022-03-21,13-47-05,Lola,2022-03-21 13:47:05,AT/MM,6.0,Tabor,9.0,xAAynannannannannannannannannannannannannannan,AAnannannannannannannannannannannannannannan,3,partner
before_phees_2022-03-21_13-47-05_0000098_labelled_Lola_pheeseq_18.txt,x,A,P,A,P,,,,,,,,,,,,,,before,phees,2022-03-21,13-47-05,Lola,2022-03-21 13:47:05,AT/MM,6.0,Tabor,10.0,xAPAPnannannannannannannannannannannannannan,APAPnannannannannannannannannannannannannan,3,partner
before_phees_2022-03-21_13-47-05_0000098_labelled_Lola_pheeseq_24.txt,x,A,A,A,y,,,,,,,,,,,,,,before,phees,2022-03-21,13-47-05,Lola,2022-03-21 13:47:05,AT/MM,6.0,Tabor,11.0,xAAAynannannannannannannannannannannannannan,AAAnannannannannannannannannannannannannan,3,partner
before_phees_2022-03-21_13-47-05_0000098_labelled_Lola_pheeseq_29.txt,x,A,A,y,,,,,,,,,,,,,,,before,phees,2022-03-21,13-47-05,Lola,2022-03-21 13:47:05,AT/MM,6.0,Tabor,12.0,xAAynannannannannannannannannannannannannannan,AAnannannannannannannannannannannannannannan,3,partner
before_phees_2022-03-21_13-47-05_0000098_labelled_Lola_pheeseq_02.txt,x,A,A,y,,,,,,,,,,,,,,,before,phees,2022-03-21,13-47-05,Lola,2022-03-21 13:47:05,AT/MM,6.0,Tabor,14.0,xAAynannannannannannannannannannannannannannan,AAnannannannannannannannannannannannannannan,1,partner
before_phees_2022-03-21_13-47-05_0000098_labelled_Lola_pheeseq_17.txt,x,A,y,,,,,,,,,,,,,,,,before,phees,2022-03-21,13-47-05,Lola,2022-03-21 13:47:05,AT/MM,6.0,Tabor,15.0,xAynannannannannannannannannannannannannannannan,Anannannannannannannannannannannannannannannan,3,partner
before_phees_2022-03-21_13-47-05_0000098_labelled_Lola_pheeseq_03.txt,x,A,y,,,,,,,,,,,,,,,,before,phees,2022-03-21,13-47-05,Lola,2022-03-21 13:47:05,AT/MM,6.0,Tabor,16.0,xAynannannannannannannannannannannannannannannan,Anannannannannannannannannannannannannannannan,1,partner
before_phees_2022-03-21_13-47-05_0000098_labelled_Lola_pheeseq_07.txt,x,A,y,,,,,,,,,,,,,,,,before,phees,2022-03-21,13-47-05,Lola,2022-03-21 13:47:05,AT/MM,6.0,Tabor,17.0,xAynannannannannannannannannannannannannannannan,Anannannannannannannannannannannannannannannan,1,partner
before_phees_2022-03-21_13-47-05_0000098_labelled_Lola_pheeseq_04.txt,x,A,y,,,,,,,,,,,,,,,,before,phees,2022-03-21,13-47-05,Lola,2022-03-21 13:47:05,AT/MM,6.0,Tabor,21.0,xAynannannannannannannannannannannannannannannan,Anannannannannannannannannannannannannannannan,1,partner
before_trills_2022-03-21_09-28-00_0000092_labelled_Nougatti_pheeseq_21.txt,x,A,P,,,,,,,,,,,,,,,,before,trills,2022-03-21,09-28-00,Nougatti,2022-03-21 09:28:00,EO/MM,5.0,Tabor,2.0,xAPnannannannannannannannannannannannannannannan,APnannannannannannannannannannannannannannannan,3,non-partner
before_trills_2022-03-21_09-28-00_0000092_labelled_Nougatti_pheeseq_13.txt,x,A,A,P,P,,,,,,,,,,,,,,before,trills,2022-03-21,09-28-00,Nougatti,2022-03-21 09:28:00,EO/MM,5.0,Tabor,4.0,xAAPPnannannannannannannannannannannannannan,AAPPnannannannannannannannannannannannannan,1,non-partner
before_trills_2022-03-21_09-28-00_0000092_labelled_Nougatti_pheeseq_12.txt,x,A,A,A,P,,,,,,,,,,,,,,before,trills,2022-03-21,09-28-00,Nougatti,2022-03-21 09:28:00,EO/MM,5.0,Tabor,5.0,xAAAPnannannannannannannannannannannannannan,AAAPnannannannannannannannannannannannannan,1,non-partner
before_trills_2022-03-21_09-28-00_0000092_labelled_Nougatti_pheeseq_10.txt,x,A,P,,,,,,,,,,,,,,,,before,trills,2022-03-21,09-28-00,Nougatti,2022-03-21 09:28:00,EO/MM,5.0,Tabor,6.0,xAPnannannannannannannannannannannannannannannan,APnannannannannannannannannannannannannannannan,1,non-partner
before_trills_2022-03-21_09-28-00_0000092_labelled_Nougatti_pheeseq_04.txt,P,A,A,P,P,P,,,,,,,,,,,,,before,trills,2022-03-21,09-28-00,Nougatti,2022-03-21 09:28:00,EO/MM,5.0,Tabor,7.0,PAAPPPnannannannannannannannannannannannan,PAAPPPnannannannannannannannannannannannan,1,non-partner
before_trills_2022-03-21_09-28-00_0000092_labelled_Nougatti_pheeseq_05.txt,x,A,A,A,P,P,,,,,,,,,,,,,before,trills,2022-03-21,09-28-00,Nougatti,2022-03-21 09:28:00,EO/MM,5.0,Tabor,8.0,xAAAPPnannannannannannannannannannannannan,AAAPPnannannannannannannannannannannannan,1,non-partner
before_trills_2022-03-21_09-28-00_0000092_labelled_Nougatti_pheeseq_11.txt,x,A,y,,,,,,,,,,,,,,,,before,trills,2022-03-21,09-28-00,Nougatti,2022-03-21 09:28:00,EO/MM,5.0,Tabor,9.0,xAynannannannannannannannannannannannannannannan,Anannannannannannannannannannannannannannannan,1,non-partner
before_trills_2022-03-21_09-28-00_0000092_labelled_Nougatti_pheeseq_15.txt,x,A,A,P,P,P,,,,,,,,,,,,,before,trills,2022-03-21,09-28-00,Nougatti,2022-03-21 09:28:00,EO/MM,5.0,Tabor,10.0,xAAPPPnannannannannannannannannannannannan,AAPPPnannannannannannannannannannannannan,1,non-partner
before_trills_2022-03-21_09-28-00_0000092_labelled_Nougatti_pheeseq_02.txt,x,A,A,P,P,,,,,,,,,,,,,,before,trills,2022-03-21,09-28-00,Nougatti,2022-03-21 09:28:00,EO/MM,5.0,Tabor,11.0,xAAPPnannannannannannannannannannannannannan,AAPPnannannannannannannannannannannannannan,1,non-partner
before_trills_2022-03-21_13-15-59_0000096_labelled_Nougatti_pheeseq_78.txt,S,A,A,A,P,,,,,,,,,,,,,,before,trills,2022-03-21,13-15-59,Nougatti,2022-03-21 13:15:59,AT/MM,4.0,Wuschel,1.0,SAAAPnannannannannannannannannannannannannan,SAAAPnannannannannannannannannannannannannan,3,non-partner
before_trills_2022-03-21_13-15-59_0000096_labelled_Nougatti_pheeseq_21.txt,x,A,A,P,,,,,,,,,,,,,,,before,trills,2022-03-21,13-15-59,Nougatti,2022-03-21 13:15:59,AT/MM,4.0,Wuschel,2.0,xAAPnannannannannannannannannannannannannannan,AAPnannannannannannannannannannannannannannan,1,non-partner
before_trills_2022-03-21_13-15-59_0000096_labelled_Nougatti_pheeseq_09.txt,x,A,A,A,y,,,,,,,,,,,,,,before,trills,2022-03-21,13-15-59,Nougatti,2022-03-21 13:15:59,AT/MM,4.0,Wuschel,3.0,xAAAynannannannannannannannannannannannannan,AAAnannannannannannannannannannannannannan,1,non-partner
before_trills_2022-03-21_13-15-59_0000096_labelled_Nougatti_pheeseq_20.txt,x,A,A,P,,,,,,,,,,,,,,,before,trills,2022-03-21,13-15-59,Nougatti,2022-03-21 13:15:59,AT/MM,4.0,Wuschel,4.0,xAAPnannannannannannannannannannannannannannan,AAPnannannannannannannannannannannannannannan,1,non-partner
before_trills_2022-03-21_13-15-59_0000096_labelled_Nougatti_pheeseq_23.txt,x,A,A,y,,,,,,,,,,,,,,,before,trills,2022-03-21,13-15-59,Nougatti,2022-03-21 13:15:59,AT/MM,4.0,Wuschel,5.0,xAAynannannannannannannannannannannannannannan,AAnannannannannannannannannannannannannannan,1,non-partner
before_trills_2022-03-21_13-15-59_0000096_labelled_Nougatti_pheeseq_33.txt,x,A,A,P,P,,,,,,,,,,,,,,before,trills,2022-03-21,13-15-59,Nougatti,2022-03-21 13:15:59,AT/MM,4.0,Wuschel,6.0,xAAPPnannannannannannannannannannannannannan,AAPPnannannannannannannannannannannannannan,1,non-partner
before_trills_2022-03-21_13-15-59_0000096_labelled_Nougatti_pheeseq_26.txt,x,A,A,P,P,,,,,,,,,,,,,,before,trills,2022-03-21,13-15-59,Nougatti,2022-03-21 13:15:59,AT/MM,4.0,Wuschel,7.0,xAAPPnannannannannannannannannannannannannan,AAPPnannannannannannannannannannannannannan,1,non-partner
before_trills_2022-03-21_13-15-59_0000096_labelled_Nougatti_pheeseq_18.txt,S,A,A,A,y,,,,,,,,,,,,,,before,trills,2022-03-21,13-15-59,Nougatti,2022-03-21 13:15:59,AT/MM,4.0,Wuschel,8.0,SAAAynannannannannannannannannannannannannan,SAAAnannannannannannannannannannannannannan,1,non-partner
before_trills_2022-03-21_13-15-59_0000096_labelled_Nougatti_pheeseq_24.txt,x,A,A,A,K,,,,,,,,,,,,,,before,trills,2022-03-21,13-15-59,Nougatti,2022-03-21 13:15:59,AT/MM,4.0,Wuschel,9.0,xAAAKnannannannannannannannannannannannannan,AAAKnannannannannannannannannannannannannan,1,non-partner
before_trills_2022-03-21_13-15-59_0000096_labelled_Nougatti_pheeseq_25.txt,S,K,A,A,y,,,,,,,,,,,,,,before,trills,2022-03-21,13-15-59,Nougatti,2022-03-21 13:15:59,AT/MM,4.0,Wuschel,10.0,SKAAynannannannannannannannannannannannannan,SKAAnannannannannannannannannannannannannan,1,non-partner
before_trills_2022-03-21_13-15-59_0000096_labelled_Nougatti_pheeseq_28.txt,x,P,A,y,,,,,,,,,,,,,,,before,trills,2022-03-21,13-15-59,Nougatti,2022-03-21 13:15:59,AT/MM,4.0,Wuschel,11.0,xPAynannannannannannannannannannannannannannan,PAnannannannannannannannannannannannannannan,1,non-partner
before_trills_2022-03-21_13-15-59_0000096_labelled_Nougatti_pheeseq_03.txt,x,A,A,y,,,,,,,,,,,,,,,before,trills,2022-03-21,13-15-59,Nougatti,2022-03-21 13:15:59,AT/MM,4.0,Wuschel,12.0,xAAynannannannannannannannannannannannannannan,AAnannannannannannannannannannannannannannan,1,non-partner
before_trills_2022-03-21_13-15-59_0000096_labelled_Nougatti_pheeseq_06.txt,x,A,A,A,P,,,,,,,,,,,,,,before,trills,2022-03-21,13-15-59,Nougatti,2022-03-21 13:15:59,AT/MM,4.0,Wuschel,13.0,xAAAPnannannannannannannannannannannannannan,AAAPnannannannannannannannannannannannannan,1,non-partner
before_trills_2022-03-21_13-15-59_0000096_labelled_Nougatti_pheeseq_13.txt,S,S,K,A,A,A,P,,,,,,,,,,,,before,trills,2022-03-21,13-15-59,Nougatti,2022-03-21 13:15:59,AT/MM,4.0,Wuschel,14.0,SSKAAAPnannannannannannannannannannannan,SSKAAAPnannannannannannannannannannannan,1,non-partner
before_trills_2022-03-21_13-15-59_0000096_labelled_Nougatti_pheeseq_11.txt,S,A,P,P,,,,,,,,,,,,,,,before,trills,2022-03-21,13-15-59,Nougatti,2022-03-21 13:15:59,AT/MM,4.0,Wuschel,15.0,SAPPnannannannannannannannannannannannannannan,SAPPnannannannannannannannannannannannannannan,1,non-partner
before_trills_2022-03-21_13-15-59_0000096_labelled_Nougatti_pheeseq_63.txt,x,R,P,,,,,,,,,,,,,,,,before,trills,2022-03-21,13-15-59,Nougatti,2022-03-21 13:15:59,AT/MM,4.0,Wuschel,16.0,xRPnannannannannannannannannannannannannannannan,RPnannannannannannannannannannannannannannannan,3,non-partner
before_trills_2022-03-21_13-15-59_0000096_labelled_Nougatti_pheeseq_62.txt,x,A,A,A,P,,,,,,,,,,,,,,before,trills,2022-03-21,13-15-59,Nougatti,2022-03-21 13:15:59,AT/MM,4.0,Wuschel,18.0,xAAAPnannannannannannannannannannannannannan,AAAPnannannannannannannannannannannannannan,3,non-partner
before_trills_2022-03-21_13-15-59_0000096_labelled_Nougatti_pheeseq_61.txt,x,A,A,P,P,,,,,,,,,,,,,,before,trills,2022-03-21,13-15-59,Nougatti,2022-03-21 13:15:59,AT/MM,4.0,Wuschel,19.0,xAAPPnannannannannannannannannannannannannan,AAPPnannannannannannannannannannannannannan,3,non-partner
before_trills_2022-03-21_13-15-59_0000096_labelled_Nougatti_pheeseq_75.txt,x,A,A,P,P,,,,,,,,,,,,,,before,trills,2022-03-21,13-15-59,Nougatti,2022-03-21 13:15:59,AT/MM,4.0,Wuschel,20.0,xAAPPnannannannannannannannannannannannannan,AAPPnannannannannannannannannannannannannan,3,non-partner
before_trills_2022-03-21_13-15-59_0000096_labelled_Nougatti_pheeseq_71.txt,S,K,A,P,,,,,,,,,,,,,,,before,trills,2022-03-21,13-15-59,Nougatti,2022-03-21 13:15:59,AT/MM,4.0,Wuschel,21.0,SKAPnannannannannannannannannannannannannannan,SKAPnannannannannannannannannannannannannannan,3,non-partner
before_trills_2022-03-21_13-15-59_0000096_labelled_Nougatti_pheeseq_65.txt,x,A,A,A,P,,,,,,,,,,,,,,before,trills,2022-03-21,13-15-59,Nougatti,2022-03-21 13:15:59,AT/MM,4.0,Wuschel,22.0,xAAAPnannannannannannannannannannannannannan,AAAPnannannannannannannannannannannannannan,3,non-partner
before_trills_2022-03-21_13-15-59_0000096_labelled_Nougatti_pheeseq_64.txt,x,A,A,P,,,,,,,,,,,,,,,before,trills,2022-03-21,13-15-59,Nougatti,2022-03-21 13:15:59,AT/MM,4.0,Wuschel,23.0,xAAPnannannannannannannannannannannannannannan,AAPnannannannannannannannannannannannannannan,3,non-partner
before_trills_2022-03-21_13-15-59_0000096_labelled_Nougatti_pheeseq_70.txt,S,A,A,A,P,,,,,,,,,,,,,,before,trills,2022-03-21,13-15-59,Nougatti,2022-03-21 13:15:59,AT/MM,4.0,Wuschel,24.0,SAAAPnannannannannannannannannannannannannan,SAAAPnannannannannannannannannannannannannan,3,non-partner
before_phees_2022-03-21_10-06-36_0000094_labelled_Odin_pheeseq_05.txt,x,A,A,y,,,,,,,,,,,,,,,before,phees,2022-03-21,10-06-36,Odin,2022-03-21 10:06:36,EO/MM,6.0,Lola,1.0,xAAynannannannannannannannannannannannannannan,AAnannannannannannannannannannannannannannan,1,non-partner
before_trills_2022-03-21_10-06-37_0000094_labelled_Odin_pheeseq_08.txt,x,A,A,y,,,,,,,,,,,,,,,before,trills,2022-03-21,10-06-37,Odin,2022-03-21 10:06:37,EO/MM,6.0,Lola,2.0,xAAynannannannannannannannannannannannannannan,AAnannannannannannannannannannannannannannan,1,non-partner
before_phees_2022-03-21_10-06-36_0000094_labelled_Odin_pheeseq_19.txt,x,A,A,y,,,,,,,,,,,,,,,before,phees,2022-03-21,10-06-36,Odin,2022-03-21 10:06:36,EO/MM,6.0,Lola,3.0,xAAynannannannannannannannannannannannannannan,AAnannannannannannannannannannannannannannan,1,non-partner
before_trills_2022-03-21_10-06-37_0000094_labelled_Odin_pheeseq_02.txt,x,R,A,y,,,,,,,,,,,,,,,before,trills,2022-03-21,10-06-37,Odin,2022-03-21 10:06:37,EO/MM,6.0,Lola,4.0,xRAynannannannannannannannannannannannannannan,RAnannannannannannannannannannannannannannan,1,non-partner
before_trills_2022-03-21_10-06-37_0000094_labelled_Odin_pheeseq_16.txt,x,R,A,A,y,,,,,,,,,,,,,,before,trills,2022-03-21,10-06-37,Odin,2022-03-21 10:06:37,EO/MM,6.0,Lola,5.0,xRAAynannannannannannannannannannannannannan,RAAnannannannannannannannannannannannannan,1,non-partner
before_trills_2022-03-21_10-06-37_0000094_labelled_Odin_phee_26.txt,x,A,y,,,,,,,,,,,,,,,,before,trills,2022-03-21,10-06-37,Odin,2022-03-21 10:06:37,EO/MM,6.0,Lola,6.0,xAynannannannannannannannannannannannannannannan,Anannannannannannannannannannannannannannannan,1,non-partner
before_phees_2022-03-21_10-06-36_0000094_labelled_Odin_pheeseq_20.txt,x,A,A,A,A,y,,,,,,,,,,,,,before,phees,2022-03-21,10-06-36,Odin,2022-03-21 10:06:36,EO/MM,6.0,Lola,7.0,xAAAAynannannannannannannannannannannannan,AAAAnannannannannannannannannannannannan,1,non-partner
before_trills_2022-03-21_10-06-37_0000094_labelled_Odin_pheeseq_73.txt,x,R,A,A,y,,,,,,,,,,,,,,before,trills,2022-03-21,10-06-37,Odin,2022-03-21 10:06:37,EO/MM,6.0,Lola,8.0,xRAAynannannannannannannannannannannannannan,RAAnannannannannannannannannannannannannan,3,non-partner
before_phees_2022-03-21_13-47-05_0000098_labelled_Tabor_pheeseq_30.txt,x,A,A,A,A,P,,,,,,,,,,,,,before,phees,2022-03-21,13-47-05,Tabor,2022-03-21 13:47:05,AT/MM,6.0,Lola,1.0,xAAAAPnannannannannannannannannannannannan,AAAAPnannannannannannannannannannannannan,3,partner
before_trills_2022-03-21_13-47-06_0000098_labelled_Tabor_pheeseq_12.txt,P,A,A,A,P,,,,,,,,,,,,,,before,trills,2022-03-21,13-47-06,Tabor,2022-03-21 13:47:06,AT/MM,6.0,Lola,2.0,PAAAPnannannannannannannannannannannannannan,PAAAPnannannannannannannannannannannannannan,1,partner
before_trills_2022-03-21_13-47-06_0000098_labelled_Tabor_pheeseq_05.txt,P,A,A,P,P,,,,,,,,,,,,,,before,trills,2022-03-21,13-47-06,Tabor,2022-03-21 13:47:06,AT/MM,6.0,Lola,3.0,PAAPPnannannannannannannannannannannannannan,PAAPPnannannannannannannannannannannannannan,1,partner
before_trills_2022-03-21_13-47-06_0000098_labelled_Tabor_pheeseq_02.txt,x,A,A,y,,,,,,,,,,,,,,,before,trills,2022-03-21,13-47-06,Tabor,2022-03-21 13:47:06,AT/MM,6.0,Lola,4.0,xAAynannannannannannannannannannannannannannan,AAnannannannannannannannannannannannannannan,1,partner
before_trills_2022-03-21_13-47-06_0000098_labelled_Tabor_pheeseq_09.txt,P,A,A,P,P,,,,,,,,,,,,,,before,trills,2022-03-21,13-47-06,Tabor,2022-03-21 13:47:06,AT/MM,6.0,Lola,6.0,PAAPPnannannannannannannannannannannannannan,PAAPPnannannannannannannannannannannannannan,1,partner
before_phees_2022-03-21_13-47-05_0000098_labelled_Tabor_pheeseq_28.txt,x,A,P,P,A,A,P,,,,,,,,,,,,before,phees,2022-03-21,13-47-05,Tabor,2022-03-21 13:47:05,AT/MM,6.0,Lola,9.0,xAPPAAPnannannannannannannannannannannan,APPAAPnannannannannannannannannannannan,3,partner
before_trills_2022-03-21_13-47-06_0000098_labelled_Tabor_pheeseq_46.txt,S,P,A,A,A,P,,,,,,,,,,,,,before,trills,2022-03-21,13-47-06,Tabor,2022-03-21 13:47:06,AT/MM,6.0,Lola,11.0,SPAAAPnannannannannannannannannannannannan,SPAAAPnannannannannannannannannannannannan,3,partner
before_trills_2022-03-21_09-28-00_0000092_labelled_Tabor_pheeseq_20.txt,x,A,A,y,,,,,,,,,,,,,,,before,trills,2022-03-21,09-28-00,Tabor,2022-03-21 09:28:00,EO/MM,5.0,Nougatti,1.0,xAAynannannannannannannannannannannannannannan,AAnannannannannannannannannannannannannannan,3,non-partner
before_trills_2022-03-21_09-28-00_0000092_labelled_Tabor_pheeseq_09.txt,x,A,y,,,,,,,,,,,,,,,,before,trills,2022-03-21,09-28-00,Tabor,2022-03-21 09:28:00,EO/MM,5.0,Nougatti,2.0,xAynannannannannannannannannannannannannannannan,Anannannannannannannannannannannannannannannan,1,non-partner
before_phees_2022-03-21_13-15-58_0000096_labelled_Wuschel_pheeseq_05.txt,x,A,A,y,,,,,,,,,,,,,,,before,phees,2022-03-21,13-15-58,Wuschel,2022-03-21 13:15:58,AT/MM,4.0,Nougatti,1.0,xAAynannannannannannannannannannannannannannan,AAnannannannannannannannannannannannannannan,1,non-partner
before_phees_2022-03-21_13-15-58_0000096_labelled_Wuschel_pheeseq_04.txt,x,A,A,y,,,,,,,,,,,,,,,before,phees,2022-03-21,13-15-58,Wuschel,2022-03-21 13:15:58,AT/MM,4.0,Nougatti,2.0,xAAynannannannannannannannannannannannannannan,AAnannannannannannannannannannannannannannan,1,non-partner
before_trills_2022-03-21_13-15-59_0000096_labelled_Wuschel_pheeseq_05.txt,x,A,y,,,,,,,,,,,,,,,,before,trills,2022-03-21,13-15-59,Wuschel,2022-03-21 13:15:59,AT/MM,4.0,Nougatti,4.0,xAynannannannannannannannannannannannannannannan,Anannannannannannannannannannannannannannannan,1,non-partner
before_trills_2022-03-21_13-15-59_0000096_labelled_Wuschel_pheeseq_31.txt,x,A,A,A,y,,,,,,,,,,,,,,before,trills,2022-03-21,13-15-59,Wuschel,2022-03-21 13:15:59,AT/MM,4.0,Nougatti,5.0,xAAAynannannannannannannannannannannannannan,AAAnannannannannannannannannannannannannan,1,non-partner
before_trills_2022-03-21_13-15-59_0000096_labelled_Wuschel_pheeseq_27.txt,x,A,A,A,y,,,,,,,,,,,,,,before,trills,2022-03-21,13-15-59,Wuschel,2022-03-21 13:15:59,AT/MM,4.0,Nougatti,6.0,xAAAynannannannannannannannannannannannannan,AAAnannannannannannannannannannannannannan,1,non-partner
before_trills_2022-03-21_13-15-59_0000096_labelled_Wuschel_phee_14.txt,x,R,y,,,,,,,,,,,,,,,,before,trills,2022-03-21,13-15-59,Wuschel,2022-03-21 13:15:59,AT/MM,4.0,Nougatti,7.0,xRynannannannannannannannannannannannannannannan,Rnannannannannannannannannannannannannannannan,1,non-partner
before_trills_2022-03-21_13-15-59_0000096_labelled_Wuschel_phee_17.txt,x,A,y,,,,,,,,,,,,,,,,before,trills,2022-03-21,13-15-59,Wuschel,2022-03-21 13:15:59,AT/MM,4.0,Nougatti,8.0,xAynannannannannannannannannannannannannannannan,Anannannannannannannannannannannannannannannan,1,non-partner
before_trills_2022-03-21_13-15-59_0000096_labelled_Wuschel_pheeseq_34.txt,x,A,A,P,,,,,,,,,,,,,,,before,trills,2022-03-21,13-15-59,Wuschel,2022-03-21 13:15:59,AT/MM,4.0,Nougatti,9.0,xAAPnannannannannannannannannannannannannannan,AAPnannannannannannannannannannannannannannan,1,non-partner
before_phees_2022-03-22_09-27-04_0000104_labelled_Nougatti_pheeseq_06.txt,x,A,A,P,P,,,,,,,,,,,,,,before,phees,2022-03-22,09-27-04,Nougatti,2022-03-22 09:27:04,AT/MM,6.0,Odin,1.0,xAAPPnannannannannannannannannannannannannan,AAPPnannannannannannannannannannannannannan,1,partner
before_trills_2022-03-22_09-27-55_0000104_labelled_Nougatti_pheeseq_19.txt,x,A,A,A,y,,,,,,,,,,,,,,before,trills,2022-03-22,09-27-55,Nougatti,2022-03-22 09:27:55,AT/MM,6.0,Odin,2.0,xAAAynannannannannannannannannannannannannan,AAAnannannannannannannannannannannannannan,1,partner
before_trills_2022-03-22_09-27-55_0000104_labelled_Nougatti_pheeseq_113.txt,x,A,A,P,P,,,,,,,,,,,,,,before,trills,2022-03-22,09-27-55,Nougatti,2022-03-22 09:27:55,AT/MM,6.0,Odin,3.0,xAAPPnannannannannannannannannannannannannan,AAPPnannannannannannannannannannannannannan,3,partner
before_trills_2022-03-22_09-27-55_0000104_labelled_Nougatti_pheeseq_48.txt,x,A,A,y,,,,,,,,,,,,,,,before,trills,2022-03-22,09-27-55,Nougatti,2022-03-22 09:27:55,AT/MM,6.0,Odin,4.0,xAAynannannannannannannannannannannannannannan,AAnannannannannannannannannannannannannannan,1,partner
before_trills_2022-03-22_09-27-55_0000104_labelled_Nougatti_pheeseq_60.txt,x,A,P,P,,,,,,,,,,,,,,,before,trills,2022-03-22,09-27-55,Nougatti,2022-03-22 09:27:55,AT/MM,6.0,Odin,5.0,xAPPnannannannannannannannannannannannannannan,APPnannannannannannannannannannannannannannan,1,partner
before_trills_2022-03-22_09-27-55_0000104_labelled_Nougatti_pheeseq_38.txt,P,A,A,A,P,P,,,,,,,,,,,,,before,trills,2022-03-22,09-27-55,Nougatti,2022-03-22 09:27:55,AT/MM,6.0,Odin,6.0,PAAAPPnannannannannannannannannannannannan,PAAAPPnannannannannannannannannannannannan,1,partner
before_trills_2022-03-22_09-27-55_0000104_labelled_Nougatti_pheeseq_10.txt,x,A,A,A,P,P,,,,,,,,,,,,,before,trills,2022-03-22,09-27-55,Nougatti,2022-03-22 09:27:55,AT/MM,6.0,Odin,7.0,xAAAPPnannannannannannannannannannannannan,AAAPPnannannannannannannannannannannannan,1,partner
before_trills_2022-03-22_09-27-55_0000104_labelled_Nougatti_pheeseq_04.txt,x,A,P,P,P,,,,,,,,,,,,,,before,trills,2022-03-22,09-27-55,Nougatti,2022-03-22 09:27:55,AT/MM,6.0,Odin,8.0,xAPPPnannannannannannannannannannannannannan,APPPnannannannannannannannannannannannannan,1,partner
before_trills_2022-03-22_09-27-55_0000104_labelled_Nougatti_pheeseq_15.txt,x,A,A,A,P,P,,,,,,,,,,,,,before,trills,2022-03-22,09-27-55,Nougatti,2022-03-22 09:27:55,AT/MM,6.0,Odin,9.0,xAAAPPnannannannannannannannannannannannan,AAAPPnannannannannannannannannannannannan,1,partner
before_trills_2022-03-22_14-08-31_0000109_labelled_Nougatti_pheeseq_12.txt,x,A,A,A,P,P,,,,,,,,,,,,,before,trills,2022-03-22,14-08-31,Nougatti,2022-03-22 14:08:31,AT/MM,6.0,Tabor,3.0,xAAAPPnannannannannannannannannannannannan,AAAPPnannannannannannannannannannannannan,1,non-partner
before_trills_2022-03-22_14-08-31_0000109_labelled_Nougatti_pheeseq_12.txt,x,A,A,A,P,P,,,,,,,,,,,,,before,trills,2022-03-22,14-08-31,Nougatti,2022-03-22 14:08:31,AT/MM,6.0,Tabor,4.0,xAAAPPnannannannannannannannannannannannan,AAAPPnannannannannannannannannannannannan,1,non-partner
before_trills_2022-03-22_14-08-31_0000109_labelled_Nougatti_pheeseq_04.txt,x,A,A,P,P,,,,,,,,,,,,,,before,trills,2022-03-22,14-08-31,Nougatti,2022-03-22 14:08:31,AT/MM,6.0,Tabor,5.0,xAAPPnannannannannannannannannannannannannan,AAPPnannannannannannannannannannannannannan,1,non-partner
before_trills_2022-03-22_14-08-31_0000109_labelled_Nougatti_pheeseq_04.txt,x,A,A,P,P,,,,,,,,,,,,,,before,trills,2022-03-22,14-08-31,Nougatti,2022-03-22 14:08:31,AT/MM,6.0,Tabor,6.0,xAAPPnannannannannannannannannannannannannan,AAPPnannannannannannannannannannannannannan,1,non-partner
before_trills_2022-03-22_14-08-31_0000109_labelled_Nougatti_pheeseq_27.txt,x,A,A,P,,,,,,,,,,,,,,,before,trills,2022-03-22,14-08-31,Nougatti,2022-03-22 14:08:31,AT/MM,6.0,Tabor,9.0,xAAPnannannannannannannannannannannannannannan,AAPnannannannannannannannannannannannannannan,3,non-partner
before_trills_2022-03-22_14-08-31_0000109_labelled_Nougatti_pheeseq_27.txt,x,A,A,P,,,,,,,,,,,,,,,before,trills,2022-03-22,14-08-31,Nougatti,2022-03-22 14:08:31,AT/MM,6.0,Tabor,10.0,xAAPnannannannannannannannannannannannannannan,AAPnannannannannannannannannannannannannannan,3,non-partner
before_trills_2022-03-22_14-08-31_0000109_labelled_Nougatti_pheeseq_25.txt,x,A,P,P,,,,,,,,,,,,,,,before,trills,2022-03-22,14-08-31,Nougatti,2022-03-22 14:08:31,AT/MM,6.0,Tabor,11.0,xAPPnannannannannannannannannannannannannannan,APPnannannannannannannannannannannannannannan,3,non-partner
before_trills_2022-03-22_14-08-31_0000109_labelled_Nougatti_pheeseq_25.txt,x,A,P,P,,,,,,,,,,,,,,,before,trills,2022-03-22,14-08-31,Nougatti,2022-03-22 14:08:31,AT/MM,6.0,Tabor,12.0,xAPPnannannannannannannannannannannannannannan,APPnannannannannannannannannannannannannannan,3,non-partner
before_trills_2022-03-22_14-08-31_0000109_labelled_Nougatti_pheeseq_24.txt,x,A,P,P,,,,,,,,,,,,,,,before,trills,2022-03-22,14-08-31,Nougatti,2022-03-22 14:08:31,AT/MM,6.0,Tabor,13.0,xAPPnannannannannannannannannannannannannannan,APPnannannannannannannannannannannannannannan,3,non-partner
before_trills_2022-03-22_14-08-31_0000109_labelled_Nougatti_pheeseq_24.txt,x,A,P,P,,,,,,,,,,,,,,,before,trills,2022-03-22,14-08-31,Nougatti,2022-03-22 14:08:31,AT/MM,6.0,Tabor,14.0,xAPPnannannannannannannannannannannannannannan,APPnannannannannannannannannannannannannannan,3,non-partner
before_trills_2022-03-22_14-08-31_0000109_labelled_Nougatti_pheeseq_08.txt,x,A,P,A,P,,,,,,,,,,,,,,before,trills,2022-03-22,14-08-31,Nougatti,2022-03-22 14:08:31,AT/MM,6.0,Tabor,15.0,xAPAPnannannannannannannannannannannannannan,APAPnannannannannannannannannannannannannan,1,non-partner
before_trills_2022-03-22_14-08-31_0000109_labelled_Nougatti_pheeseq_08.txt,x,A,P,A,P,,,,,,,,,,,,,,before,trills,2022-03-22,14-08-31,Nougatti,2022-03-22 14:08:31,AT/MM,6.0,Tabor,16.0,xAPAPnannannannannannannannannannannannannan,APAPnannannannannannannannannannannannannan,1,non-partner
before_trills_2022-03-22_14-08-31_0000109_labelled_Nougatti_pheeseq_34.txt,x,A,P,,,,,,,,,,,,,,,,before,trills,2022-03-22,14-08-31,Nougatti,2022-03-22 14:08:31,AT/MM,6.0,Tabor,17.0,xAPnannannannannannannannannannannannannannannan,APnannannannannannannannannannannannannannannan,3,non-partner
before_trills_2022-03-22_14-08-31_0000109_labelled_Nougatti_pheeseq_34.txt,x,A,P,,,,,,,,,,,,,,,,before,trills,2022-03-22,14-08-31,Nougatti,2022-03-22 14:08:31,AT/MM,6.0,Tabor,18.0,xAPnannannannannannannannannannannannannannannan,APnannannannannannannannannannannannannannannan,3,non-partner
before_trills_2022-03-22_09-27-55_0000104_labelled_Odin_pheeseq_03.txt,x,A,P,A,y,,,,,,,,,,,,,,before,trills,2022-03-22,09-27-55,Odin,2022-03-22 09:27:55,AT/MM,6.0,Nougatti,1.0,xAPAynannannannannannannannannannannannannan,APAnannannannannannannannannannannannannan,1,partner
before_trills_2022-03-22_09-27-55_0000104_labelled_Odin_pheeseq_14.txt,x,A,P,,,,,,,,,,,,,,,,before,trills,2022-03-22,09-27-55,Odin,2022-03-22 09:27:55,AT/MM,6.0,Nougatti,2.0,xAPnannannannannannannannannannannannannannannan,APnannannannannannannannannannannannannannannan,1,partner
before_trills_2022-03-22_09-27-55_0000104_labelled_Odin_pheeseq_110.txt,x,R,A,P,,,,,,,,,,,,,,,before,trills,2022-03-22,09-27-55,Odin,2022-03-22 09:27:55,AT/MM,6.0,Nougatti,3.0,xRAPnannannannannannannannannannannannannannan,RAPnannannannannannannannannannannannannannan,3,partner
before_trills_2022-03-22_09-27-55_0000104_labelled_Odin_pheeseq_45.txt,x,A,A,y,,,,,,,,,,,,,,,before,trills,2022-03-22,09-27-55,Odin,2022-03-22 09:27:55,AT/MM,6.0,Nougatti,4.0,xAAynannannannannannannannannannannannannannan,AAnannannannannannannannannannannannannannan,1,partner
before_trills_2022-03-22_09-27-55_0000104_labelled_Odin_pheeseq_50.txt,x,A,P,,,,,,,,,,,,,,,,before,trills,2022-03-22,09-27-55,Odin,2022-03-22 09:27:55,AT/MM,6.0,Nougatti,5.0,xAPnannannannannannannannannannannannannannannan,APnannannannannannannannannannannannannannannan,1,partner
before_phees_2022-03-22_09-27-04_0000104_labelled_Odin_pheeseq_05.txt,x,A,A,y,,,,,,,,,,,,,,,before,phees,2022-03-22,09-27-04,Odin,2022-03-22 09:27:04,AT/MM,6.0,Nougatti,6.0,xAAynannannannannannannannannannannannannannan,AAnannannannannannannannannannannannannannan,1,partner
before_trills_2022-03-22_09-27-55_0000104_labelled_Odin_pheeseq_27.txt,x,A,P,,,,,,,,,,,,,,,,before,trills,2022-03-22,09-27-55,Odin,2022-03-22 09:27:55,AT/MM,6.0,Nougatti,7.0,xAPnannannannannannannannannannannannannannannan,APnannannannannannannannannannannannannannannan,1,partner
before_trills_2022-03-22_09-27-55_0000104_labelled_Odin_pheeseq_34.txt,x,R,A,y,,,,,,,,,,,,,,,before,trills,2022-03-22,09-27-55,Odin,2022-03-22 09:27:55,AT/MM,6.0,Nougatti,8.0,xRAynannannannannannannannannannannannannannan,RAnannannannannannannannannannannannannannan,1,partner
before_trills_2022-03-22_10-06-17_0000106_labelled_Olympia_pheeseq_14.txt,x,A,A,y,,,,,,,,,,,,,,,before,trills,2022-03-22,10-06-17,Olympia,2022-03-22 10:06:17,AT/MM,6.0,Tabor,1.0,xAAynannannannannannannannannannannannannannan,AAnannannannannannannannannannannannannannan,1,non-partner
before_phees_2022-03-22_10-06-16_0000106_labelled_Olympia_pheeseq_15.txt,x,A,A,A,y,,,,,,,,,,,,,,before,phees,2022-03-22,10-06-16,Olympia,2022-03-22 10:06:16,AT/MM,6.0,Tabor,2.0,xAAAynannannannannannannannannannannannannan,AAAnannannannannannannannannannannannannan,1,non-partner
before_phees_2022-03-22_10-06-16_0000106_labelled_Olympia_pheeseq_04.txt,x,A,A,y,,,,,,,,,,,,,,,before,phees,2022-03-22,10-06-16,Olympia,2022-03-22 10:06:16,AT/MM,6.0,Tabor,3.0,xAAynannannannannannannannannannannannannannan,AAnannannannannannannannannannannannannannan,1,non-partner
before_phees_2022-03-22_10-06-16_0000106_labelled_Olympia_pheeseq_13.txt,x,A,y,,,,,,,,,,,,,,,,before,phees,2022-03-22,10-06-16,Olympia,2022-03-22 10:06:16,AT/MM,6.0,Tabor,4.0,xAynannannannannannannannannannannannannannannan,Anannannannannannannannannannannannannannannan,1,non-partner
before_phees_2022-03-22_10-06-16_0000106_labelled_Olympia_pheeseq_23.txt,x,A,A,A,y,,,,,,,,,,,,,,before,phees,2022-03-22,10-06-16,Olympia,2022-03-22 10:06:16,AT/MM,6.0,Tabor,5.0,xAAAynannannannannannannannannannannannannan,AAAnannannannannannannannannannannannannan,3,non-partner
before_phees_2022-03-22_10-06-16_0000106_labelled_Olympia_pheeseq_21.txt,x,A,A,A,y,,,,,,,,,,,,,,before,phees,2022-03-22,10-06-16,Olympia,2022-03-22 10:06:16,AT/MM,6.0,Tabor,6.0,xAAAynannannannannannannannannannannannannan,AAAnannannannannannannannannannannannannan,3,non-partner
before_phees_2022-03-22_10-06-16_0000106_labelled_Olympia_pheeseq_24.txt,x,A,A,y,,,,,,,,,,,,,,,before,phees,2022-03-22,10-06-16,Olympia,2022-03-22 10:06:16,AT/MM,6.0,Tabor,7.0,xAAynannannannannannannannannannannannannannan,AAnannannannannannannannannannannannannannan,3,non-partner
before_phees_2022-03-22_10-06-16_0000106_labelled_Olympia_pheeseq_26.txt,x,A,A,y,,,,,,,,,,,,,,,before,phees,2022-03-22,10-06-16,Olympia,2022-03-22 10:06:16,AT/MM,6.0,Tabor,8.0,xAAynannannannannannannannannannannannannannan,AAnannannannannannannannannannannannannannan,3,non-partner
before_phees_2022-03-22_13-32-36_0000108_labelled_Olympia_pheeseq_01.txt,x,A,A,y,,,,,,,,,,,,,,,before,phees,2022-03-22,13-32-36,Olympia,2022-03-22 13:32:36,AT/MM,6.0,Wuschel,1.0,xAAynannannannannannannannannannannannannannan,AAnannannannannannannannannannannannannannan,1,partner
before_phees_2022-03-22_13-32-36_0000108_labelled_Olympia_pheeseq_01.txt,x,A,A,y,,,,,,,,,,,,,,,before,phees,2022-03-22,13-32-36,Olympia,2022-03-22 13:32:36,AT/MM,6.0,Wuschel,2.0,xAAynannannannannannannannannannannannannannan,AAnannannannannannannannannannannannannannan,1,partner
before_phees_2022-03-22_13-32-36_0000108_labelled_Olympia_pheeseq_03.txt,x,A,A,y,,,,,,,,,,,,,,,before,phees,2022-03-22,13-32-36,Olympia,2022-03-22 13:32:36,AT/MM,6.0,Wuschel,3.0,xAAynannannannannannannannannannannannannannan,AAnannannannannannannannannannannannannannan,1,partner
before_phees_2022-03-22_13-32-36_0000108_labelled_Olympia_pheeseq_03.txt,x,A,A,y,,,,,,,,,,,,,,,before,phees,2022-03-22,13-32-36,Olympia,2022-03-22 13:32:36,AT/MM,6.0,Wuschel,4.0,xAAynannannannannannannannannannannannannannan,AAnannannannannannannannannannannannannannan,1,partner
before_phees_2022-03-22_13-32-36_0000108_labelled_Olympia_pheeseq_02.txt,x,A,A,y,,,,,,,,,,,,,,,before,phees,2022-03-22,13-32-36,Olympia,2022-03-22 13:32:36,AT/MM,6.0,Wuschel,5.0,xAAynannannannannannannannannannannannannannan,AAnannannannannannannannannannannannannannan,1,partner
before_phees_2022-03-22_13-32-36_0000108_labelled_Olympia_pheeseq_02.txt,x,A,A,y,,,,,,,,,,,,,,,before,phees,2022-03-22,13-32-36,Olympia,2022-03-22 13:32:36,AT/MM,6.0,Wuschel,6.0,xAAynannannannannannannannannannannannannannan,AAnannannannannannannannannannannannannannan,1,partner
before_trills_2022-03-22_13-32-36_0000108_labelled_Olympia_pheeseq_02.txt,x,A,P,,,,,,,,,,,,,,,,before,trills,2022-03-22,13-32-36,Olympia,2022-03-22 13:32:36,AT/MM,6.0,Wuschel,9.0,xAPnannannannannannannannannannannannannannannan,APnannannannannannannannannannannannannannannan,1,partner
before_trills_2022-03-22_13-32-36_0000108_labelled_Olympia_pheeseq_02.txt,x,A,P,,,,,,,,,,,,,,,,before,trills,2022-03-22,13-32-36,Olympia,2022-03-22 13:32:36,AT/MM,6.0,Wuschel,10.0,xAPnannannannannannannannannannannannannannannan,APnannannannannannannannannannannannannannannan,1,partner
before_phees_2022-03-22_13-32-36_0000108_labelled_Olympia_phee_14.txt,x,A,y,,,,,,,,,,,,,,,,before,phees,2022-03-22,13-32-36,Olympia,2022-03-22 13:32:36,AT/MM,6.0,Wuschel,11.0,xAynannannannannannannannannannannannannannannan,Anannannannannannannannannannannannannannannan,3,partner
before_phees_2022-03-22_13-32-36_0000108_labelled_Olympia_phee_14.txt,x,A,y,,,,,,,,,,,,,,,,before,phees,2022-03-22,13-32-36,Olympia,2022-03-22 13:32:36,AT/MM,6.0,Wuschel,12.0,xAynannannannannannannannannannannannannannannan,Anannannannannannannannannannannannannannannan,3,partner
before_phees_2022-03-22_13-32-36_0000108_labelled_Olympia_pheeseq_23.txt,x,A,A,y,,,,,,,,,,,,,,,before,phees,2022-03-22,13-32-36,Olympia,2022-03-22 13:32:36,AT/MM,6.0,Wuschel,15.0,xAAynannannannannannannannannannannannannannan,AAnannannannannannannannannannannannannannan,3,partner
before_phees_2022-03-22_13-32-36_0000108_labelled_Olympia_pheeseq_23.txt,x,A,A,y,,,,,,,,,,,,,,,before,phees,2022-03-22,13-32-36,Olympia,2022-03-22 13:32:36,AT/MM,6.0,Wuschel,16.0,xAAynannannannannannannannannannannannannannan,AAnannannannannannannannannannannannannannan,3,partner
before_trills_2022-03-22_14-08-31_0000109_labelled_Tabor_pheeseq_42.txt,x,R,P,,,,,,,,,,,,,,,,before,trills,2022-03-22,14-08-31,Tabor,2022-03-22 14:08:31,AT/MM,6.0,Nougatti,1.0,xRPnannannannannannannannannannannannannannannan,RPnannannannannannannannannannannannannannannan,3,non-partner
before_trills_2022-03-22_14-08-31_0000109_labelled_Tabor_pheeseq_42.txt,x,R,P,,,,,,,,,,,,,,,,before,trills,2022-03-22,14-08-31,Tabor,2022-03-22 14:08:31,AT/MM,6.0,Nougatti,2.0,xRPnannannannannannannannannannannannannannannan,RPnannannannannannannannannannannannannannannan,3,non-partner
before_trills_2022-03-22_14-08-31_0000109_labelled_Tabor_pheeseq_16.txt,P,A,A,P,P,,,,,,,,,,,,,,before,trills,2022-03-22,14-08-31,Tabor,2022-03-22 14:08:31,AT/MM,6.0,Nougatti,3.0,PAAPPnannannannannannannannannannannannannan,PAAPPnannannannannannannannannannannannannan,1,non-partner
before_trills_2022-03-22_14-08-31_0000109_labelled_Tabor_pheeseq_16.txt,P,A,A,P,P,,,,,,,,,,,,,,before,trills,2022-03-22,14-08-31,Tabor,2022-03-22 14:08:31,AT/MM,6.0,Nougatti,4.0,PAAPPnannannannannannannannannannannannannan,PAAPPnannannannannannannannannannannannannan,1,non-partner
before_trills_2022-03-22_14-08-31_0000109_labelled_Tabor_pheeseq_03.txt,x,A,P,,,,,,,,,,,,,,,,before,trills,2022-03-22,14-08-31,Tabor,2022-03-22 14:08:31,AT/MM,6.0,Nougatti,5.0,xAPnannannannannannannannannannannannannannannan,APnannannannannannannannannannannannannannannan,1,non-partner
before_trills_2022-03-22_14-08-31_0000109_labelled_Tabor_pheeseq_03.txt,x,A,P,,,,,,,,,,,,,,,,before,trills,2022-03-22,14-08-31,Tabor,2022-03-22 14:08:31,AT/MM,6.0,Nougatti,6.0,xAPnannannannannannannannannannannannannannannan,APnannannannannannannannannannannannannannannan,1,non-partner
before_trills_2022-03-22_14-08-31_0000109_labelled_Tabor_pheeseq_15.txt,x,A,A,A,A,P,,,,,,,,,,,,,before,trills,2022-03-22,14-08-31,Tabor,2022-03-22 14:08:31,AT/MM,6.0,Nougatti,7.0,xAAAAPnannannannannannannannannannannannan,AAAAPnannannannannannannannannannannannan,1,non-partner
before_trills_2022-03-22_14-08-31_0000109_labelled_Tabor_pheeseq_15.txt,x,A,A,A,A,P,,,,,,,,,,,,,before,trills,2022-03-22,14-08-31,Tabor,2022-03-22 14:08:31,AT/MM,6.0,Nougatti,8.0,xAAAAPnannannannannannannannannannannannan,AAAAPnannannannannannannannannannannannan,1,non-partner
before_trills_2022-03-22_14-08-31_0000109_labelled_Tabor_pheeseq_14.txt,x,A,A,A,P,,,,,,,,,,,,,,before,trills,2022-03-22,14-08-31,Tabor,2022-03-22 14:08:31,AT/MM,6.0,Nougatti,9.0,xAAAPnannannannannannannannannannannannannan,AAAPnannannannannannannannannannannannannan,1,non-partner
before_trills_2022-03-22_14-08-31_0000109_labelled_Tabor_pheeseq_14.txt,x,A,A,A,P,,,,,,,,,,,,,,before,trills,2022-03-22,14-08-31,Tabor,2022-03-22 14:08:31,AT/MM,6.0,Nougatti,10.0,xAAAPnannannannannannannannannannannannannan,AAAPnannannannannannannannannannannannannan,1,non-partner
before_trills_2022-03-22_14-08-31_0000109_labelled_Tabor_pheeseq_10.txt,P,A,P,A,P,,,,,,,,,,,,,,before,trills,2022-03-22,14-08-31,Tabor,2022-03-22 14:08:31,AT/MM,6.0,Nougatti,11.0,PAPAPnannannannannannannannannannannannannan,PAPAPnannannannannannannannannannannannannan,1,non-partner
before_trills_2022-03-22_14-08-31_0000109_labelled_Tabor_pheeseq_10.txt,P,A,P,A,P,,,,,,,,,,,,,,before,trills,2022-03-22,14-08-31,Tabor,2022-03-22 14:08:31,AT/MM,6.0,Nougatti,12.0,PAPAPnannannannannannannannannannannannannan,PAPAPnannannannannannannannannannannannannan,1,non-partner
before_trills_2022-03-22_14-08-31_0000109_labelled_Tabor_pheeseq_11.txt,x,A,A,P,A,P,,,,,,,,,,,,,before,trills,2022-03-22,14-08-31,Tabor,2022-03-22 14:08:31,AT/MM,6.0,Nougatti,13.0,xAAPAPnannannannannannannannannannannannan,AAPAPnannannannannannannannannannannannan,1,non-partner
before_trills_2022-03-22_14-08-31_0000109_labelled_Tabor_pheeseq_11.txt,x,A,A,P,A,P,,,,,,,,,,,,,before,trills,2022-03-22,14-08-31,Tabor,2022-03-22 14:08:31,AT/MM,6.0,Nougatti,14.0,xAAPAPnannannannannannannannannannannannan,AAPAPnannannannannannannannannannannannan,1,non-partner
before_trills_2022-03-22_14-08-31_0000109_labelled_Tabor_pheeseq_13.txt,x,A,A,A,A,y,,,,,,,,,,,,,before,trills,2022-03-22,14-08-31,Tabor,2022-03-22 14:08:31,AT/MM,6.0,Nougatti,15.0,xAAAAynannannannannannannannannannannannan,AAAAnannannannannannannannannannannannan,1,non-partner
before_trills_2022-03-22_14-08-31_0000109_labelled_Tabor_pheeseq_13.txt,x,A,A,A,A,y,,,,,,,,,,,,,before,trills,2022-03-22,14-08-31,Tabor,2022-03-22 14:08:31,AT/MM,6.0,Nougatti,16.0,xAAAAynannannannannannannannannannannannan,AAAAnannannannannannannannannannannannan,1,non-partner
before_trills_2022-03-22_14-08-31_0000109_labelled_Tabor_pheeseq_06.txt,x,A,P,,,,,,,,,,,,,,,,before,trills,2022-03-22,14-08-31,Tabor,2022-03-22 14:08:31,AT/MM,6.0,Nougatti,17.0,xAPnannannannannannannannannannannannannannannan,APnannannannannannannannannannannannannannannan,1,non-partner
before_trills_2022-03-22_14-08-31_0000109_labelled_Tabor_pheeseq_06.txt,x,A,P,,,,,,,,,,,,,,,,before,trills,2022-03-22,14-08-31,Tabor,2022-03-22 14:08:31,AT/MM,6.0,Nougatti,18.0,xAPnannannannannannannannannannannannannannannan,APnannannannannannannannannannannannannannannan,1,non-partner
before_phees_2022-03-22_10-06-16_0000106_labelled_Tabor_pheeseq_20.txt,x,A,A,y,,,,,,,,,,,,,,,before,phees,2022-03-22,10-06-16,Tabor,2022-03-22 10:06:16,AT/MM,6.0,Olympia,1.0,xAAynannannannannannannannannannannannannannan,AAnannannannannannannannannannannannannannan,3,non-partner
before_phees_2022-03-22_13-32-36_0000108_labelled_Wuschel_pheeseq_21.txt,x,A,A,K,,,,,,,,,,,,,,,before,phees,2022-03-22,13-32-36,Wuschel,2022-03-22 13:32:36,AT/MM,6.0,Olympia,1.0,xAAKnannannannannannannannannannannannannannan,AAKnannannannannannannannannannannannannannan,3,partner
before_phees_2022-03-22_13-32-36_0000108_labelled_Wuschel_pheeseq_21.txt,x,A,A,K,,,,,,,,,,,,,,,before,phees,2022-03-22,13-32-36,Wuschel,2022-03-22 13:32:36,AT/MM,6.0,Olympia,2.0,xAAKnannannannannannannannannannannannannannan,AAKnannannannannannannannannannannannannannan,3,partner
before_phees_2022-03-22_13-32-36_0000108_labelled_Wuschel_pheeseq_20.txt,x,A,A,P,P,P,K,,,,,,,,,,,,before,phees,2022-03-22,13-32-36,Wuschel,2022-03-22 13:32:36,AT/MM,6.0,Olympia,3.0,xAAPPPKnannannannannannannannannannannan,AAPPPKnannannannannannannannannannannan,3,partner
before_phees_2022-03-22_13-32-36_0000108_labelled_Wuschel_pheeseq_20.txt,x,A,A,P,P,P,K,,,,,,,,,,,,before,phees,2022-03-22,13-32-36,Wuschel,2022-03-22 13:32:36,AT/MM,6.0,Olympia,4.0,xAAPPPKnannannannannannannannannannannan,AAPPPKnannannannannannannannannannannan,3,partner
before_phees_2022-03-22_13-32-36_0000108_labelled_Wuschel_pheeseq_22.txt,x,A,y,,,,,,,,,,,,,,,,before,phees,2022-03-22,13-32-36,Wuschel,2022-03-22 13:32:36,AT/MM,6.0,Olympia,5.0,xAynannannannannannannannannannannannannannannan,Anannannannannannannannannannannannannannannan,3,partner
before_phees_2022-03-22_13-32-36_0000108_labelled_Wuschel_pheeseq_22.txt,x,A,y,,,,,,,,,,,,,,,,before,phees,2022-03-22,13-32-36,Wuschel,2022-03-22 13:32:36,AT/MM,6.0,Olympia,6.0,xAynannannannannannannannannannannannannannannan,Anannannannannannannannannannannannannannannan,3,partner
before_phees_2022-03-22_13-32-36_0000108_labelled_Wuschel_pheeseq_18.txt,x,A,A,y,,,,,,,,,,,,,,,before,phees,2022-03-22,13-32-36,Wuschel,2022-03-22 13:32:36,AT/MM,6.0,Olympia,7.0,xAAynannannannannannannannannannannannannannan,AAnannannannannannannannannannannannannannan,3,partner
before_phees_2022-03-22_13-32-36_0000108_labelled_Wuschel_pheeseq_18.txt,x,A,A,y,,,,,,,,,,,,,,,before,phees,2022-03-22,13-32-36,Wuschel,2022-03-22 13:32:36,AT/MM,6.0,Olympia,8.0,xAAynannannannannannannannannannannannannannan,AAnannannannannannannannannannannannannannan,3,partner
before_phees_2022-03-22_13-32-36_0000108_labelled_Wuschel_pheeseq_19.txt,x,A,A,y,,,,,,,,,,,,,,,before,phees,2022-03-22,13-32-36,Wuschel,2022-03-22 13:32:36,AT/MM,6.0,Olympia,9.0,xAAynannannannannannannannannannannannannannan,AAnannannannannannannannannannannannannannan,3,partner
before_phees_2022-03-22_13-32-36_0000108_labelled_Wuschel_pheeseq_19.txt,x,A,A,y,,,,,,,,,,,,,,,before,phees,2022-03-22,13-32-36,Wuschel,2022-03-22 13:32:36,AT/MM,6.0,Olympia,10.0,xAAynannannannannannannannannannannannannannan,AAnannannannannannannannannannannannannannan,3,partner
before_phees_2022-03-22_13-32-36_0000108_labelled_Wuschel_pheeseq_15.txt,x,A,A,y,,,,,,,,,,,,,,,before,phees,2022-03-22,13-32-36,Wuschel,2022-03-22 13:32:36,AT/MM,6.0,Olympia,11.0,xAAynannannannannannannannannannannannannannan,AAnannannannannannannannannannannannannannan,3,partner
before_phees_2022-03-22_13-32-36_0000108_labelled_Wuschel_pheeseq_15.txt,x,A,A,y,,,,,,,,,,,,,,,before,phees,2022-03-22,13-32-36,Wuschel,2022-03-22 13:32:36,AT/MM,6.0,Olympia,12.0,xAAynannannannannannannannannannannannannannan,AAnannannannannannannannannannannannannannan,3,partner
before_phees_2022-03-22_13-32-36_0000108_labelled_Wuschel_pheeseq_17.txt,x,A,A,y,,,,,,,,,,,,,,,before,phees,2022-03-22,13-32-36,Wuschel,2022-03-22 13:32:36,AT/MM,6.0,Olympia,13.0,xAAynannannannannannannannannannannannannannan,AAnannannannannannannannannannannannannannan,3,partner
before_phees_2022-03-22_13-32-36_0000108_labelled_Wuschel_pheeseq_17.txt,x,A,A,y,,,,,,,,,,,,,,,before,phees,2022-03-22,13-32-36,Wuschel,2022-03-22 13:32:36,AT/MM,6.0,Olympia,14.0,xAAynannannannannannannannannannannannannannan,AAnannannannannannannannannannannannannannan,3,partner
before_phees_2022-03-22_13-32-36_0000108_labelled_Wuschel_pheeseq_16.txt,x,A,A,y,,,,,,,,,,,,,,,before,phees,2022-03-22,13-32-36,Wuschel,2022-03-22 13:32:36,AT/MM,6.0,Olympia,15.0,xAAynannannannannannannannannannannannannannan,AAnannannannannannannannannannannannannannan,3,partner
before_phees_2022-03-22_13-32-36_0000108_labelled_Wuschel_pheeseq_16.txt,x,A,A,y,,,,,,,,,,,,,,,before,phees,2022-03-22,13-32-36,Wuschel,2022-03-22 13:32:36,AT/MM,6.0,Olympia,16.0,xAAynannannannannannannannannannannannannannan,AAnannannannannannannannannannannannannannan,3,partner
before_phees_2022-03-22_13-32-36_0000108_labelled_Wuschel_pheeseq_12.txt,x,A,A,y,,,,,,,,,,,,,,,before,phees,2022-03-22,13-32-36,Wuschel,2022-03-22 13:32:36,AT/MM,6.0,Olympia,17.0,xAAynannannannannannannannannannannannannannan,AAnannannannannannannannannannannannannannan,3,partner
before_phees_2022-03-22_13-32-36_0000108_labelled_Wuschel_pheeseq_12.txt,x,A,A,y,,,,,,,,,,,,,,,before,phees,2022-03-22,13-32-36,Wuschel,2022-03-22 13:32:36,AT/MM,6.0,Olympia,18.0,xAAynannannannannannannannannannannannannannan,AAnannannannannannannannannannannannannannan,3,partner
before_phees_2022-03-22_13-32-36_0000108_labelled_Wuschel_pheeseq_11.txt,x,A,A,y,,,,,,,,,,,,,,,before,phees,2022-03-22,13-32-36,Wuschel,2022-03-22 13:32:36,AT/MM,6.0,Olympia,19.0,xAAynannannannannannannannannannannannannannan,AAnannannannannannannannannannannannannannan,3,partner
before_phees_2022-03-22_13-32-36_0000108_labelled_Wuschel_pheeseq_11.txt,x,A,A,y,,,,,,,,,,,,,,,before,phees,2022-03-22,13-32-36,Wuschel,2022-03-22 13:32:36,AT/MM,6.0,Olympia,20.0,xAAynannannannannannannannannannannannannannan,AAnannannannannannannannannannannannannannan,3,partner
before_trills_2022-03-23_14-06-31_0000117_labelled_Lola_pheeseq_03.txt,x,A,P,,,,,,,,,,,,,,,,before,trills,2022-03-23,14-06-31,Lola,2022-03-23 14:06:31,AT/MM,6.0,Wuschel,1.0,xAPnannannannannannannannannannannannannannannan,APnannannannannannannannannannannannannannannan,1,non-partner
before_trills_2022-03-23_14-06-31_0000117_labelled_Lola_pheeseq_06.txt,x,A,P,,,,,,,,,,,,,,,,before,trills,2022-03-23,14-06-31,Lola,2022-03-23 14:06:31,AT/MM,6.0,Wuschel,2.0,xAPnannannannannannannannannannannannannannannan,APnannannannannannannannannannannannannannannan,1,non-partner
before_trills_2022-03-23_09-42-19_0000113_labelled_Nougatti_pheeseq_08.txt,x,A,A,P,P,,,,,,,,,,,,,,before,trills,2022-03-23,09-42-19,Nougatti,2022-03-23 09:42:19,AT/MM,5.0,Wuschel,1.0,xAAPPnannannannannannannannannannannannannan,AAPPnannannannannannannannannannannannannan,1,non-partner
before_trills_2022-03-23_09-42-19_0000113_labelled_Nougatti_pheeseq_09.txt,x,A,A,y,,,,,,,,,,,,,,,before,trills,2022-03-23,09-42-19,Nougatti,2022-03-23 09:42:19,AT/MM,5.0,Wuschel,2.0,xAAynannannannannannannannannannannannannannan,AAnannannannannannannannannannannannannannan,1,non-partner
before_trills_2022-03-23_09-42-19_0000113_labelled_Nougatti_pheeseq_04.txt,P,A,P,P,,,,,,,,,,,,,,,before,trills,2022-03-23,09-42-19,Nougatti,2022-03-23 09:42:19,AT/MM,5.0,Wuschel,3.0,PAPPnannannannannannannannannannannannannannan,PAPPnannannannannannannannannannannannannannan,1,non-partner
before_trills_2022-03-23_09-42-19_0000113_labelled_Nougatti_pheeseq_05.txt,x,A,A,P,,,,,,,,,,,,,,,before,trills,2022-03-23,09-42-19,Nougatti,2022-03-23 09:42:19,AT/MM,5.0,Wuschel,4.0,xAAPnannannannannannannannannannannannannannan,AAPnannannannannannannannannannannannannannan,1,non-partner
before_trills_2022-03-23_09-42-19_0000113_labelled_Nougatti_pheeseq_07.txt,x,A,A,A,P,,,,,,,,,,,,,,before,trills,2022-03-23,09-42-19,Nougatti,2022-03-23 09:42:19,AT/MM,5.0,Wuschel,5.0,xAAAPnannannannannannannannannannannannannan,AAAPnannannannannannannannannannannannannan,1,non-partner
before_phees_2022-03-23_10-25-29_0000114_labelled_Odin_pheeseq_04.txt,x,A,A,A,y,,,,,,,,,,,,,,before,phees,2022-03-23,10-25-29,Odin,2022-03-23 10:25:29,AT/MM,6.0,Olympia,1.0,xAAAynannannannannannannannannannannannannan,AAAnannannannannannannannannannannannannan,1,non-partner
before_phees_2022-03-23_10-25-29_0000114_labelled_Odin_phee_11.txt,x,A,y,,,,,,,,,,,,,,,,before,phees,2022-03-23,10-25-29,Odin,2022-03-23 10:25:29,AT/MM,6.0,Olympia,2.0,xAynannannannannannannannannannannannannannannan,Anannannannannannannannannannannannannannannan,1,non-partner
before_trills_2022-03-23_10-25-30_0000114_labelled_Odin_pheeseq_55.txt,x,R,A,y,,,,,,,,,,,,,,,before,trills,2022-03-23,10-25-30,Odin,2022-03-23 10:25:30,AT/MM,6.0,Olympia,3.0,xRAynannannannannannannannannannannannannannan,RAnannannannannannannannannannannannannannan,1,non-partner
before_phees_2022-03-23_10-25-29_0000114_labelled_Olympia_pheeseq_16.txt,x,A,A,y,,,,,,,,,,,,,,,before,phees,2022-03-23,10-25-29,Olympia,2022-03-23 10:25:29,AT/MM,6.0,Odin,1.0,xAAynannannannannannannannannannannannannannan,AAnannannannannannannannannannannannannannan,3,non-partner
before_phees_2022-03-23_10-25-29_0000114_labelled_Olympia_pheeseq_17.txt,x,A,A,y,,,,,,,,,,,,,,,before,phees,2022-03-23,10-25-29,Olympia,2022-03-23 10:25:29,AT/MM,6.0,Odin,2.0,xAAynannannannannannannannannannannannannannan,AAnannannannannannannannannannannannannannan,3,non-partner
before_phees_2022-03-23_10-25-29_0000114_labelled_Olympia_phee_14.txt,x,A,y,,,,,,,,,,,,,,,,before,phees,2022-03-23,10-25-29,Olympia,2022-03-23 10:25:29,AT/MM,6.0,Odin,4.0,xAynannannannannannannannannannannannannannannan,Anannannannannannannannannannannannannannannan,3,non-partner
before_trills_2022-03-23_10-25-30_0000114_labelled_Olympia_pheeseq_19.txt,x,R,y,,,,,,,,,,,,,,,,before,trills,2022-03-23,10-25-30,Olympia,2022-03-23 10:25:30,AT/MM,6.0,Odin,5.0,xRynannannannannannannannannannannannannannannan,Rnannannannannannannannannannannannannannannan,1,non-partner
before_trills_2022-03-23_10-25-30_0000114_labelled_Olympia_pheeseq_12.txt,x,R,A,y,,,,,,,,,,,,,,,before,trills,2022-03-23,10-25-30,Olympia,2022-03-23 10:25:30,AT/MM,6.0,Odin,6.0,xRAynannannannannannannannannannannannannannan,RAnannannannannannannannannannannannannannan,1,non-partner
before_trills_2022-03-23_10-25-30_0000114_labelled_Olympia_pheeseq_66.txt,x,A,A,y,,,,,,,,,,,,,,,before,trills,2022-03-23,10-25-30,Olympia,2022-03-23 10:25:30,AT/MM,6.0,Odin,7.0,xAAynannannannannannannannannannannannannannan,AAnannannannannannannannannannannannannannan,1,non-partner
before_trills_2022-03-23_14-06-31_0000117_labelled_Wuschel_pheeseq_04.txt,x,A,A,P,,,,,,,,,,,,,,,before,trills,2022-03-23,14-06-31,Wuschel,2022-03-23 14:06:31,AT/MM,6.0,Lola,1.0,xAAPnannannannannannannannannannannannannannan,AAPnannannannannannannannannannannannannannan,1,non-partner
before_phees_2022-03-23_09-42-11_0000113_labelled_Wuschel_pheeseq_08.txt,x,A,A,P,P,P,P,,,,,,,,,,,,before,phees,2022-03-23,09-42-11,Wuschel,2022-03-23 09:42:11,AT/MM,5.0,Nougatti,1.0,xAAPPPPnannannannannannannannannannannan,AAPPPPnannannannannannannannannannannan,1,non-partner
before_trills_2022-03-23_09-42-19_0000113_labelled_Wuschel_pheeseq_02.txt,x,A,A,P,,,,,,,,,,,,,,,before,trills,2022-03-23,09-42-19,Wuschel,2022-03-23 09:42:19,AT/MM,5.0,Nougatti,2.0,xAAPnannannannannannannannannannannannannannan,AAPnannannannannannannannannannannannannannan,1,non-partner
before_phees_2022-03-23_09-42-11_0000113_labelled_Wuschel_pheeseq_03.txt,x,A,A,A,P,,,,,,,,,,,,,,before,phees,2022-03-23,09-42-11,Wuschel,2022-03-23 09:42:11,AT/MM,5.0,Nougatti,3.0,xAAAPnannannannannannannannannannannannannan,AAAPnannannannannannannannannannannannannan,1,non-partner
before_phees_2022-03-23_09-42-11_0000113_labelled_Wuschel_pheeseq_02.txt,x,A,A,A,P,,,,,,,,,,,,,,before,phees,2022-03-23,09-42-11,Wuschel,2022-03-23 09:42:11,AT/MM,5.0,Nougatti,4.0,xAAAPnannannannannannannannannannannannannan,AAAPnannannannannannannannannannannannannan,1,non-partner
before_phees_2022-03-23_09-42-11_0000113_labelled_Wuschel_pheeseq_06.txt,x,A,A,A,P,P,,,,,,,,,,,,,before,phees,2022-03-23,09-42-11,Wuschel,2022-03-23 09:42:11,AT/MM,5.0,Nougatti,5.0,xAAAPPnannannannannannannannannannannannan,AAAPPnannannannannannannannannannannannan,1,non-partner
before_phees_2022-03-23_09-42-11_0000113_labelled_Wuschel_pheeseq_07.txt,x,A,P,,,,,,,,,,,,,,,,before,phees,2022-03-23,09-42-11,Wuschel,2022-03-23 09:42:11,AT/MM,5.0,Nougatti,6.0,xAPnannannannannannannannannannannannannannannan,APnannannannannannannannannannannannannannannan,1,non-partner
before_phees_2022-03-23_09-42-11_0000113_labelled_Wuschel_pheeseq_05.txt,x,A,A,P,P,K,,,,,,,,,,,,,before,phees,2022-03-23,09-42-11,Wuschel,2022-03-23 09:42:11,AT/MM,5.0,Nougatti,7.0,xAAPPKnannannannannannannannannannannannan,AAPPKnannannannannannannannannannannannan,1,non-partner
before_phees_2022-03-23_09-42-11_0000113_labelled_Wuschel_pheeseq_04.txt,x,A,A,A,P,,,,,,,,,,,,,,before,phees,2022-03-23,09-42-11,Wuschel,2022-03-23 09:42:11,AT/MM,5.0,Nougatti,8.0,xAAAPnannannannannannannannannannannannannan,AAAPnannannannannannannannannannannannannan,1,non-partner
after_phees_2022-07-19_14-36-48_0000021_labelled_Lola_pheeseq_0000017.txt,x,A,A,A,P,S,,,,,,,,,,,,,after,phees,2022-07-19,14-36-48,Lola,2022-07-19 14:36:48,14:30,2.0,Wuschel,1.0,xAAAPSnannannannannannannannannannannannan,AAAPSnannannannannannannannannannannannan,1,non-partner
after_phees_2022-07-19_14-36-48_0000021_labelled_Lola_pheeseq_0000003.txt,x,A,A,y,,,,,,,,,,,,,,,after,phees,2022-07-19,14-36-48,Lola,2022-07-19 14:36:48,14:30,2.0,Wuschel,2.0,xAAynannannannannannannannannannannannannannan,AAnannannannannannannannannannannannannannan,1,non-partner
after_phees_2022-07-19_14-36-48_0000021_labelled_Lola_pheeseq_0000029.txt,x,A,A,y,,,,,,,,,,,,,,,after,phees,2022-07-19,14-36-48,Lola,2022-07-19 14:36:48,14:30,2.0,Wuschel,3.0,xAAynannannannannannannannannannannannannannan,AAnannannannannannannannannannannannannannan,3,non-partner
after_phees_2022-07-19_14-36-48_0000021_labelled_Lola_pheeseq_0000028.txt,x,A,A,y,,,,,,,,,,,,,,,after,phees,2022-07-19,14-36-48,Lola,2022-07-19 14:36:48,14:30,2.0,Wuschel,4.0,xAAynannannannannannannannannannannannannannan,AAnannannannannannannannannannannannannannan,3,non-partner
after_phees_2022-07-19_14-36-48_0000021_labelled_Lola_pheeseq_0000014.txt,x,A,A,y,,,,,,,,,,,,,,,after,phees,2022-07-19,14-36-48,Lola,2022-07-19 14:36:48,14:30,2.0,Wuschel,5.0,xAAynannannannannannannannannannannannannannan,AAnannannannannannannannannannannannannannan,1,non-partner
after_phees_2022-07-19_14-36-48_0000021_labelled_Lola_pheeseq_0000010.txt,x,A,A,A,y,,,,,,,,,,,,,,after,phees,2022-07-19,14-36-48,Lola,2022-07-19 14:36:48,14:30,2.0,Wuschel,6.0,xAAAynannannannannannannannannannannannannan,AAAnannannannannannannannannannannannannan,1,non-partner
after_phees_2022-07-19_14-36-48_0000021_labelled_Lola_pheeseq_0000004.txt,x,A,A,A,A,y,,,,,,,,,,,,,after,phees,2022-07-19,14-36-48,Lola,2022-07-19 14:36:48,14:30,2.0,Wuschel,7.0,xAAAAynannannannannannannannannannannannan,AAAAnannannannannannannannannannannannan,1,non-partner
after_phees_2022-07-19_14-36-48_0000021_labelled_Lola_pheeseq_0000005.txt,x,A,A,A,y,,,,,,,,,,,,,,after,phees,2022-07-19,14-36-48,Lola,2022-07-19 14:36:48,14:30,2.0,Wuschel,8.0,xAAAynannannannannannannannannannannannannan,AAAnannannannannannannannannannannannannan,1,non-partner
after_phees_2022-07-19_14-36-48_0000021_labelled_Lola_pheeseq_0000011.txt,x,A,A,A,y,,,,,,,,,,,,,,after,phees,2022-07-19,14-36-48,Lola,2022-07-19 14:36:48,14:30,2.0,Wuschel,9.0,xAAAynannannannannannannannannannannannannan,AAAnannannannannannannannannannannannannan,1,non-partner
after_phees_2022-07-19_14-36-48_0000021_labelled_Lola_pheeseq_0000039.txt,x,A,A,P,,,,,,,,,,,,,,,after,phees,2022-07-19,14-36-48,Lola,2022-07-19 14:36:48,14:30,2.0,Wuschel,10.0,xAAPnannannannannannannannannannannannannannan,AAPnannannannannannannannannannannannannannan,3,non-partner
after_phees_2022-07-19_14-36-48_0000021_labelled_Lola_pheeseq_0000007.txt,x,A,A,A,y,,,,,,,,,,,,,,after,phees,2022-07-19,14-36-48,Lola,2022-07-19 14:36:48,14:30,2.0,Wuschel,11.0,xAAAynannannannannannannannannannannannannan,AAAnannannannannannannannannannannannannan,1,non-partner
after_phees_2022-07-19_14-36-48_0000021_labelled_Lola_pheeseq_0000013.txt,x,A,A,A,y,,,,,,,,,,,,,,after,phees,2022-07-19,14-36-48,Lola,2022-07-19 14:36:48,14:30,2.0,Wuschel,12.0,xAAAynannannannannannannannannannannannannan,AAAnannannannannannannannannannannannannan,1,non-partner
after_phees_2022-07-19_14-36-48_0000021_labelled_Lola_pheeseq_0000012.txt,x,A,A,A,P,P,,,,,,,,,,,,,after,phees,2022-07-19,14-36-48,Lola,2022-07-19 14:36:48,14:30,2.0,Wuschel,13.0,xAAAPPnannannannannannannannannannannannan,AAAPPnannannannannannannannannannannannan,1,non-partner
after_phees_2022-07-19_14-36-48_0000021_labelled_Lola_pheeseq_0000006.txt,x,A,y,,,,,,,,,,,,,,,,after,phees,2022-07-19,14-36-48,Lola,2022-07-19 14:36:48,14:30,2.0,Wuschel,14.0,xAynannannannannannannannannannannannannannannan,Anannannannannannannannannannannannannannannan,1,non-partner
after_phees_2022-07-19_14-36-48_0000021_labelled_Lola_pheeseq_0000023.txt,x,A,A,y,,,,,,,,,,,,,,,after,phees,2022-07-19,14-36-48,Lola,2022-07-19 14:36:48,14:30,2.0,Wuschel,15.0,xAAynannannannannannannannannannannannannannan,AAnannannannannannannannannannannannannannan,3,non-partner
after_phees_2022-07-19_14-36-48_0000021_labelled_Lola_pheeseq_0000037.txt,x,A,A,P,P,,,,,,,,,,,,,,after,phees,2022-07-19,14-36-48,Lola,2022-07-19 14:36:48,14:30,2.0,Wuschel,16.0,xAAPPnannannannannannannannannannannannannan,AAPPnannannannannannannannannannannannannan,3,non-partner
after_phees_2022-07-19_14-36-48_0000021_labelled_Lola_pheeseq_0000036.txt,x,A,y,,,,,,,,,,,,,,,,after,phees,2022-07-19,14-36-48,Lola,2022-07-19 14:36:48,14:30,2.0,Wuschel,17.0,xAynannannannannannannannannannannannannannannan,Anannannannannannannannannannannannannannannan,3,non-partner
after_phees_2022-07-19_14-36-48_0000021_labelled_Lola_pheeseq_0000034.txt,x,A,A,S,,,,,,,,,,,,,,,after,phees,2022-07-19,14-36-48,Lola,2022-07-19 14:36:48,14:30,2.0,Wuschel,18.0,xAASnannannannannannannannannannannannannannan,AASnannannannannannannannannannannannannannan,3,non-partner
after_phees_2022-07-19_14-36-48_0000021_labelled_Lola_pheeseq_0000008.txt,x,A,A,A,y,,,,,,,,,,,,,,after,phees,2022-07-19,14-36-48,Lola,2022-07-19 14:36:48,14:30,2.0,Wuschel,19.0,xAAAynannannannannannannannannannannannannan,AAAnannannannannannannannannannannannannan,1,non-partner
after_phees_2022-07-19_14-36-48_0000021_labelled_Lola_pheeseq_0000009.txt,x,A,A,y,,,,,,,,,,,,,,,after,phees,2022-07-19,14-36-48,Lola,2022-07-19 14:36:48,14:30,2.0,Wuschel,20.0,xAAynannannannannannannannannannannannannannan,AAnannannannannannannannannannannannannannan,1,non-partner
after_phees_2022-07-19_14-36-48_0000021_labelled_Lola_pheeseq_0000035.txt,x,A,A,y,,,,,,,,,,,,,,,after,phees,2022-07-19,14-36-48,Lola,2022-07-19 14:36:48,14:30,2.0,Wuschel,21.0,xAAynannannannannannannannannannannannannannan,AAnannannannannannannannannannannannannannan,3,non-partner
after_phees_2022-07-19_14-36-48_0000021_labelled_Lola_pheeseq_0000031.txt,x,A,y,,,,,,,,,,,,,,,,after,phees,2022-07-19,14-36-48,Lola,2022-07-19 14:36:48,14:30,2.0,Wuschel,22.0,xAynannannannannannannannannannannannannannannan,Anannannannannannannannannannannannannannannan,3,non-partner
after_phees_2022-07-19_14-36-48_0000021_labelled_Lola_pheeseq_0000025.txt,x,A,A,P,,,,,,,,,,,,,,,after,phees,2022-07-19,14-36-48,Lola,2022-07-19 14:36:48,14:30,2.0,Wuschel,23.0,xAAPnannannannannannannannannannannannannannan,AAPnannannannannannannannannannannannannannan,3,non-partner
after_phees_2022-07-19_14-36-48_0000021_labelled_Lola_pheeseq_0000024.txt,P,A,A,y,,,,,,,,,,,,,,,after,phees,2022-07-19,14-36-48,Lola,2022-07-19 14:36:48,14:30,2.0,Wuschel,25.0,PAAynannannannannannannannannannannannannannan,PAAnannannannannannannannannannannannannannan,3,non-partner
after_phees_2022-07-19_14-36-48_0000021_labelled_Lola_pheeseq_0000030.txt,x,A,y,,,,,,,,,,,,,,,,after,phees,2022-07-19,14-36-48,Lola,2022-07-19 14:36:48,14:30,2.0,Wuschel,26.0,xAynannannannannannannannannannannannannannannan,Anannannannannannannannannannannannannannannan,3,non-partner
after_phees_2022-07-19_14-36-48_0000021_labelled_Lola_pheeseq_0000018.txt,x,A,A,A,P,,,,,,,,,,,,,,after,phees,2022-07-19,14-36-48,Lola,2022-07-19 14:36:48,14:30,2.0,Wuschel,27.0,xAAAPnannannannannannannannannannannannannan,AAAPnannannannannannannannannannannannannan,1,non-partner
after_phees_2022-07-19_14-36-48_0000021_labelled_Lola_pheeseq_0000026.txt,x,A,A,y,,,,,,,,,,,,,,,after,phees,2022-07-19,14-36-48,Lola,2022-07-19 14:36:48,14:30,2.0,Wuschel,28.0,xAAynannannannannannannannannannannannannannan,AAnannannannannannannannannannannannannannan,3,non-partner
after_phees_2022-07-19_14-36-48_0000021_labelled_Lola_pheeseq_0000032.txt,x,A,K,,,,,,,,,,,,,,,,after,phees,2022-07-19,14-36-48,Lola,2022-07-19 14:36:48,14:30,2.0,Wuschel,29.0,xAKnannannannannannannannannannannannannannannan,AKnannannannannannannannannannannannannannannan,3,non-partner
after_phees_2022-07-19_14-36-48_0000021_labelled_Lola_pheeseq_0000033.txt,x,A,y,,,,,,,,,,,,,,,,after,phees,2022-07-19,14-36-48,Lola,2022-07-19 14:36:48,14:30,2.0,Wuschel,30.0,xAynannannannannannannannannannannannannannannan,Anannannannannannannannannannannannannannannan,3,non-partner
after_phees_2022-07-19_14-36-48_0000021_labelled_Lola_pheeseq_0000027.txt,x,A,y,,,,,,,,,,,,,,,,after,phees,2022-07-19,14-36-48,Lola,2022-07-19 14:36:48,14:30,2.0,Wuschel,31.0,xAynannannannannannannannannannannannannannannan,Anannannannannannannannannannannannannannannan,3,non-partner
after_phees_2022-07-19_14-36-48_0000021_labelled_Lola_pheeseq_0000040.txt,x,A,A,y,,,,,,,,,,,,,,,after,phees,2022-07-19,14-36-48,Lola,2022-07-19 14:36:48,14:30,2.0,Wuschel,32.0,xAAynannannannannannannannannannannannannannan,AAnannannannannannannannannannannannannannan,3,non-partner
after_phees_2022-07-19_14-36-48_0000021_labelled_Lola_pheeseq_0000041.txt,x,A,A,P,P,,,,,,,,,,,,,,after,phees,2022-07-19,14-36-48,Lola,2022-07-19 14:36:48,14:30,2.0,Wuschel,33.0,xAAPPnannannannannannannannannannannannannan,AAPPnannannannannannannannannannannannannan,3,non-partner
after_phees_2022-07-19_11-17-29_0000018_labelled_Odin_pheeseq_0000020.txt,x,P,A,A,A,P,,,,,,,,,,,,,after,phees,2022-07-19,11-17-29,Odin,2022-07-19 11:17:29,11:15,1.0,Olympia,1.0,xPAAAPnannannannannannannannannannannannan,PAAAPnannannannannannannannannannannannan,1,non-partner
after_phees_2022-07-19_11-17-29_0000018_labelled_Odin_pheeseq_0000027.txt,x,A,P,A,A,A,P,,,,,,,,,,,,after,phees,2022-07-19,11-17-29,Odin,2022-07-19 11:17:29,11:15,1.0,Olympia,2.0,xAPAAAPnannannannannannannannannannannan,APAAAPnannannannannannannannannannannan,1,non-partner
after_phees_2022-07-19_11-17-29_0000018_labelled_Odin_phee_0000030.txt,x,A,y,,,,,,,,,,,,,,,,after,phees,2022-07-19,11-17-29,Odin,2022-07-19 11:17:29,11:15,1.0,Olympia,3.0,xAynannannannannannannannannannannannannannannan,Anannannannannannannannannannannannannannannan,1,non-partner
after_phees_2022-07-19_11-17-29_0000018_labelled_Odin_pheeseq_0000018.txt,x,A,P,A,P,A,A,y,,,,,,,,,,,after,phees,2022-07-19,11-17-29,Odin,2022-07-19 11:17:29,11:15,1.0,Olympia,4.0,xAPAPAAynannannannannannannannannannan,APAPAAnannannannannannannannannannan,1,non-partner
after_phees_2022-07-19_11-17-29_0000018_labelled_Odin_pheeseq_0000031.txt,x,A,A,y,,,,,,,,,,,,,,,after,phees,2022-07-19,11-17-29,Odin,2022-07-19 11:17:29,11:15,1.0,Olympia,5.0,xAAynannannannannannannannannannannannannannan,AAnannannannannannannannannannannannannannan,1,non-partner
after_phees_2022-07-19_11-17-29_0000018_labelled_Odin_pheeseq_0000025.txt,x,A,P,A,A,y,,,,,,,,,,,,,after,phees,2022-07-19,11-17-29,Odin,2022-07-19 11:17:29,11:15,1.0,Olympia,6.0,xAPAAynannannannannannannannannannannannan,APAAnannannannannannannannannannannannan,1,non-partner
after_phees_2022-07-19_11-17-29_0000018_labelled_Odin_phee_0000019.txt,x,A,P,,,,,,,,,,,,,,,,after,phees,2022-07-19,11-17-29,Odin,2022-07-19 11:17:29,11:15,1.0,Olympia,7.0,xAPnannannannannannannannannannannannannannannan,APnannannannannannannannannannannannannannannan,1,non-partner
after_phees_2022-07-19_11-17-29_0000018_labelled_Odin_pheeseq_0000081.txt,x,A,A,y,,,,,,,,,,,,,,,after,phees,2022-07-19,11-17-29,Odin,2022-07-19 11:17:29,11:15,1.0,Olympia,9.0,xAAynannannannannannannannannannannannannannan,AAnannannannannannannannannannannannannannan,3,non-partner
after_phees_2022-07-19_11-17-29_0000018_labelled_Odin_pheeseq_0000080.txt,x,A,A,A,y,,,,,,,,,,,,,,after,phees,2022-07-19,11-17-29,Odin,2022-07-19 11:17:29,11:15,1.0,Olympia,10.0,xAAAynannannannannannannannannannannannannan,AAAnannannannannannannannannannannannannan,3,non-partner
after_phees_2022-07-19_11-17-29_0000018_labelled_Odin_pheeseq_0000068.txt,x,A,P,A,A,A,y,,,,,,,,,,,,after,phees,2022-07-19,11-17-29,Odin,2022-07-19 11:17:29,11:15,1.0,Olympia,13.0,xAPAAAynannannannannannannannannannannan,APAAAnannannannannannannannannannannan,3,non-partner
after_phees_2022-07-19_11-17-29_0000018_labelled_Odin_pheeseq_0000078.txt,x,A,A,A,y,,,,,,,,,,,,,,after,phees,2022-07-19,11-17-29,Odin,2022-07-19 11:17:29,11:15,1.0,Olympia,15.0,xAAAynannannannannannannannannannannannannan,AAAnannannannannannannannannannannannannan,3,non-partner
after_phees_2022-07-19_11-17-29_0000018_labelled_Odin_pheeseq_0000079.txt,x,A,P,A,A,y,,,,,,,,,,,,,after,phees,2022-07-19,11-17-29,Odin,2022-07-19 11:17:29,11:15,1.0,Olympia,16.0,xAPAAynannannannannannannannannannannannan,APAAnannannannannannannannannannannannan,3,non-partner
after_phees_2022-07-19_11-17-29_0000018_labelled_Odin_pheeseq_0000063.txt,x,A,A,A,y,,,,,,,,,,,,,,after,phees,2022-07-19,11-17-29,Odin,2022-07-19 11:17:29,11:15,1.0,Olympia,22.0,xAAAynannannannannannannannannannannannannan,AAAnannannannannannannannannannannannannan,3,non-partner
after_phees_2022-07-19_11-17-29_0000018_labelled_Odin_pheeseq_0000076.txt,x,A,P,A,y,,,,,,,,,,,,,,after,phees,2022-07-19,11-17-29,Odin,2022-07-19 11:17:29,11:15,1.0,Olympia,23.0,xAPAynannannannannannannannannannannannannan,APAnannannannannannannannannannannannannan,3,non-partner
after_phees_2022-07-19_11-17-29_0000018_labelled_Odin_pheeseq_0000075.txt,x,A,A,A,y,,,,,,,,,,,,,,after,phees,2022-07-19,11-17-29,Odin,2022-07-19 11:17:29,11:15,1.0,Olympia,25.0,xAAAynannannannannannannannannannannannannan,AAAnannannannannannannannannannannannannan,3,non-partner
after_phees_2022-07-19_11-17-29_0000018_labelled_Odin_pheeseq_0000065.txt,x,A,A,A,y,,,,,,,,,,,,,,after,phees,2022-07-19,11-17-29,Odin,2022-07-19 11:17:29,11:15,1.0,Olympia,27.0,xAAAynannannannannannannannannannannannannan,AAAnannannannannannannannannannannannannan,3,non-partner
after_phees_2022-07-19_11-17-29_0000018_labelled_Odin_pheeseq_0000064.txt,x,A,A,y,,,,,,,,,,,,,,,after,phees,2022-07-19,11-17-29,Odin,2022-07-19 11:17:29,11:15,1.0,Olympia,28.0,xAAynannannannannannannannannannannannannannan,AAnannannannannannannannannannannannannannan,3,non-partner
after_phees_2022-07-19_11-17-29_0000018_labelled_Odin_pheeseq_0000070.txt,x,A,P,A,A,y,,,,,,,,,,,,,after,phees,2022-07-19,11-17-29,Odin,2022-07-19 11:17:29,11:15,1.0,Olympia,29.0,xAPAAynannannannannannannannannannannannan,APAAnannannannannannannannannannannannan,3,non-partner
after_phees_2022-07-19_11-17-29_0000018_labelled_Odin_pheeseq_0000066.txt,x,A,A,A,y,,,,,,,,,,,,,,after,phees,2022-07-19,11-17-29,Odin,2022-07-19 11:17:29,11:15,1.0,Olympia,30.0,xAAAynannannannannannannannannannannannannan,AAAnannannannannannannannannannannannannan,3,non-partner
after_phees_2022-07-19_11-17-29_0000018_labelled_Odin_pheeseq_0000067.txt,x,A,A,A,y,,,,,,,,,,,,,,after,phees,2022-07-19,11-17-29,Odin,2022-07-19 11:17:29,11:15,1.0,Olympia,31.0,xAAAynannannannannannannannannannannannannan,AAAnannannannannannannannannannannannannan,3,non-partner
after_phees_2022-07-19_11-17-29_0000018_labelled_Odin_pheeseq_0000028.txt,x,A,P,A,A,A,y,,,,,,,,,,,,after,phees,2022-07-19,11-17-29,Odin,2022-07-19 11:17:29,11:15,1.0,Olympia,32.0,xAPAAAynannannannannannannannannannannan,APAAAnannannannannannannannannannannan,1,non-partner
after_phees_2022-07-19_11-17-29_0000018_labelled_Odin_pheeseq_0000016.txt,x,A,P,A,A,A,y,,,,,,,,,,,,after,phees,2022-07-19,11-17-29,Odin,2022-07-19 11:17:29,11:15,1.0,Olympia,33.0,xAPAAAynannannannannannannannannannannan,APAAAnannannannannannannannannannannan,1,non-partner
after_phees_2022-07-19_11-17-29_0000018_labelled_Odin_phee_0000006.txt,x,A,y,,,,,,,,,,,,,,,,after,phees,2022-07-19,11-17-29,Odin,2022-07-19 11:17:29,11:15,1.0,Olympia,34.0,xAynannannannannannannannannannannannannannannan,Anannannannannannannannannannannannannannannan,1,non-partner
after_phees_2022-07-19_11-17-29_0000018_labelled_Odin_pheeseq_0000007.txt,x,A,y,,,,,,,,,,,,,,,,after,phees,2022-07-19,11-17-29,Odin,2022-07-19 11:17:29,11:15,1.0,Olympia,35.0,xAynannannannannannannannannannannannannannannan,Anannannannannannannannannannannannannannannan,1,non-partner
after_phees_2022-07-19_11-17-29_0000018_labelled_Odin_pheeseq_0000013.txt,x,A,P,A,A,S,,,,,,,,,,,,,after,phees,2022-07-19,11-17-29,Odin,2022-07-19 11:17:29,11:15,1.0,Olympia,36.0,xAPAASnannannannannannannannannannannannan,APAASnannannannannannannannannannannannan,1,non-partner
after_phees_2022-07-19_11-17-29_0000018_labelled_Odin_pheeseq_0000005.txt,x,A,A,K,,,,,,,,,,,,,,,after,phees,2022-07-19,11-17-29,Odin,2022-07-19 11:17:29,11:15,1.0,Olympia,37.0,xAAKnannannannannannannannannannannannannannan,AAKnannannannannannannannannannannannannannan,1,non-partner
after_phees_2022-07-19_11-17-29_0000018_labelled_Odin_pheeseq_0000011.txt,x,A,A,P,P,A,A,A,y,,,,,,,,,,after,phees,2022-07-19,11-17-29,Odin,2022-07-19 11:17:29,11:15,1.0,Olympia,38.0,xAAPPAAAynannannannannannannannannan,AAPPAAAnannannannannannannannannan,1,non-partner
after_phees_2022-07-19_11-17-29_0000018_labelled_Odin_pheeseq_0000010.txt,x,R,A,y,,,,,,,,,,,,,,,after,phees,2022-07-19,11-17-29,Odin,2022-07-19 11:17:29,11:15,1.0,Olympia,39.0,xRAynannannannannannannannannannannannannannan,RAnannannannannannannannannannannannannannan,1,non-partner
after_phees_2022-07-19_11-17-29_0000018_labelled_Odin_phee_0000004.txt,x,A,P,,,,,,,,,,,,,,,,after,phees,2022-07-19,11-17-29,Odin,2022-07-19 11:17:29,11:15,1.0,Olympia,40.0,xAPnannannannannannannannannannannannannannannan,APnannannannannannannannannannannannannannannan,1,non-partner
after_trills_2022-07-19_11-17-30_0000018_labelled_Olympia_phee_0000004.txt,x,R,y,,,,,,,,,,,,,,,,after,trills,2022-07-19,11-17-30,Olympia,2022-07-19 11:17:30,11:15,1.0,Odin,1.0,xRynannannannannannannannannannannannannannannan,Rnannannannannannannannannannannannannannannan,1,non-partner
after_phees_2022-07-19_11-17-29_0000018_labelled_Olympia_pheeseq_0000062.txt,x,A,A,A,y,,,,,,,,,,,,,,after,phees,2022-07-19,11-17-29,Olympia,2022-07-19 11:17:29,11:15,1.0,Odin,2.0,xAAAynannannannannannannannannannannannannan,AAAnannannannannannannannannannannannannan,3,non-partner
after_phees_2022-07-19_11-17-29_0000018_labelled_Olympia_pheeseq_0000077.txt,x,A,A,y,,,,,,,,,,,,,,,after,phees,2022-07-19,11-17-29,Olympia,2022-07-19 11:17:29,11:15,1.0,Odin,3.0,xAAynannannannannannannannannannannannannannan,AAnannannannannannannannannannannannannannan,3,non-partner
after_phees_2022-07-19_11-17-29_0000018_labelled_Olympia_pheeseq_0000061.txt,x,A,A,y,,,,,,,,,,,,,,,after,phees,2022-07-19,11-17-29,Olympia,2022-07-19 11:17:29,11:15,1.0,Odin,4.0,xAAynannannannannannannannannannannannannannan,AAnannannannannannannannannannannannannannan,3,non-partner
after_phees_2022-07-19_11-17-29_0000018_labelled_Olympia_pheeseq_0000060.txt,x,A,A,y,,,,,,,,,,,,,,,after,phees,2022-07-19,11-17-29,Olympia,2022-07-19 11:17:29,11:15,1.0,Odin,5.0,xAAynannannannannannannannannannannannannannan,AAnannannannannannannannannannannannannannan,3,non-partner
after_phees_2022-07-19_11-17-29_0000018_labelled_Olympia_pheeseq_0000071.txt,x,A,A,y,,,,,,,,,,,,,,,after,phees,2022-07-19,11-17-29,Olympia,2022-07-19 11:17:29,11:15,1.0,Odin,6.0,xAAynannannannannannannannannannannannannannan,AAnannannannannannannannannannannannannannan,3,non-partner
after_phees_2022-07-19_11-17-29_0000018_labelled_Olympia_pheeseq_0000072.txt,x,A,A,y,,,,,,,,,,,,,,,after,phees,2022-07-19,11-17-29,Olympia,2022-07-19 11:17:29,11:15,1.0,Odin,7.0,xAAynannannannannannannannannannannannannannan,AAnannannannannannannannannannannannannannan,3,non-partner
after_phees_2022-07-19_11-17-29_0000018_labelled_Olympia_pheeseq_0000015.txt,x,A,A,y,,,,,,,,,,,,,,,after,phees,2022-07-19,11-17-29,Olympia,2022-07-19 11:17:29,11:15,1.0,Odin,8.0,xAAynannannannannannannannannannannannannannan,AAnannannannannannannannannannannannannannan,1,non-partner
after_phees_2022-07-19_11-17-29_0000018_labelled_Olympia_pheeseq_0000017.txt,x,A,A,y,,,,,,,,,,,,,,,after,phees,2022-07-19,11-17-29,Olympia,2022-07-19 11:17:29,11:15,1.0,Odin,9.0,xAAynannannannannannannannannannannannannannan,AAnannannannannannannannannannannannannannan,1,non-partner
after_phees_2022-07-19_11-17-29_0000018_labelled_Olympia_phee_0000069.txt,x,A,y,,,,,,,,,,,,,,,,after,phees,2022-07-19,11-17-29,Olympia,2022-07-19 11:17:29,11:15,1.0,Odin,10.0,xAynannannannannannannannannannannannannannannan,Anannannannannannannannannannannannannannannan,3,non-partner
after_phees_2022-07-19_11-17-29_0000018_labelled_Olympia_pheeseq_0000022.txt,x,A,y,,,,,,,,,,,,,,,,after,phees,2022-07-19,11-17-29,Olympia,2022-07-19 11:17:29,11:15,1.0,Odin,12.0,xAynannannannannannannannannannannannannannannan,Anannannannannannannannannannannannannannannan,1,non-partner
after_phees_2022-07-19_11-17-29_0000018_labelled_Olympia_pheeseq_0000082.txt,x,A,A,y,,,,,,,,,,,,,,,after,phees,2022-07-19,11-17-29,Olympia,2022-07-19 11:17:29,11:15,1.0,Odin,14.0,xAAynannannannannannannannannannannannannannan,AAnannannannannannannannannannannannannannan,3,non-partner
after_phees_2022-07-19_11-17-29_0000018_labelled_Olympia_phee_0000026.txt,x,A,y,,,,,,,,,,,,,,,,after,phees,2022-07-19,11-17-29,Olympia,2022-07-19 11:17:29,11:15,1.0,Odin,17.0,xAynannannannannannannannannannannannannannannan,Anannannannannannannannannannannannannannannan,1,non-partner
after_trills_2022-07-19_14-36-49_0000021_labelled_Wuschel_pheeseq_0000013.txt,P,A,A,P,,,,,,,,,,,,,,,after,trills,2022-07-19,14-36-49,Wuschel,2022-07-19 14:36:49,14:30,2.0,Lola,1.0,PAAPnannannannannannannannannannannannannannan,PAAPnannannannannannannannannannannannannannan,1,non-partner
after_trills_2022-07-19_14-36-49_0000021_labelled_Wuschel_phee_0000003.txt,x,A,y,,,,,,,,,,,,,,,,after,trills,2022-07-19,14-36-49,Wuschel,2022-07-19 14:36:49,14:30,2.0,Lola,2.0,xAynannannannannannannannannannannannannannannan,Anannannannannannannannannannannannannannannan,1,non-partner
after_trills_2022-07-19_14-36-49_0000021_labelled_Wuschel_phee_0000002.txt,x,A,y,,,,,,,,,,,,,,,,after,trills,2022-07-19,14-36-49,Wuschel,2022-07-19 14:36:49,14:30,2.0,Lola,3.0,xAynannannannannannannannannannannannannannannan,Anannannannannannannannannannannannannannannan,1,non-partner
after_trills_2022-07-19_14-36-49_0000021_labelled_Wuschel_phee_0000006.txt,x,R,y,,,,,,,,,,,,,,,,after,trills,2022-07-19,14-36-49,Wuschel,2022-07-19 14:36:49,14:30,2.0,Lola,4.0,xRynannannannannannannannannannannannannannannan,Rnannannannannannannannannannannannannannannan,1,non-partner
after_trills_2022-07-19_14-36-49_0000021_labelled_Wuschel_phee_0000007.txt,x,A,y,,,,,,,,,,,,,,,,after,trills,2022-07-19,14-36-49,Wuschel,2022-07-19 14:36:49,14:30,2.0,Lola,5.0,xAynannannannannannannannannannannannannannannan,Anannannannannannannannannannannannannannannan,1,non-partner
after_trills_2022-07-19_14-36-49_0000021_labelled_Wuschel_phee_0000011.txt,x,A,y,,,,,,,,,,,,,,,,after,trills,2022-07-19,14-36-49,Wuschel,2022-07-19 14:36:49,14:30,2.0,Lola,6.0,xAynannannannannannannannannannannannannannannan,Anannannannannannannannannannannannannannannan,1,non-partner
after_phees_2022-07-19_14-36-48_0000021_labelled_Wuschel_pheeseq_0000002.txt,x,A,A,P,P,,,,,,,,,,,,,,after,phees,2022-07-19,14-36-48,Wuschel,2022-07-19 14:36:48,14:30,2.0,Lola,7.0,xAAPPnannannannannannannannannannannannannan,AAPPnannannannannannannannannannannannannan,1,non-partner
after_trills_2022-07-19_14-36-49_0000021_labelled_Wuschel_phee_0000038.txt,x,A,y,,,,,,,,,,,,,,,,after,trills,2022-07-19,14-36-49,Wuschel,2022-07-19 14:36:49,14:30,2.0,Lola,8.0,xAynannannannannannannannannannannannannannannan,Anannannannannannannannannannannannannannannan,3,non-partner
after_trills_2022-07-19_14-36-49_0000021_labelled_Wuschel_phee_0000010.txt,x,A,y,,,,,,,,,,,,,,,,after,trills,2022-07-19,14-36-49,Wuschel,2022-07-19 14:36:49,14:30,2.0,Lola,9.0,xAynannannannannannannannannannannannannannannan,Anannannannannannannannannannannannannannannan,1,non-partner
after_trills_2022-07-19_14-36-49_0000021_labelled_Wuschel_phee_0000036.txt,x,A,y,,,,,,,,,,,,,,,,after,trills,2022-07-19,14-36-49,Wuschel,2022-07-19 14:36:49,14:30,2.0,Lola,10.0,xAynannannannannannannannannannannannannannannan,Anannannannannannannannannannannannannannannan,3,non-partner
after_phees_2022-07-20_15-39-44_0000028_labelled_Nougatti_pheeseq_0000003.txt,x,A,y,,,,,,,,,,,,,,,,after,phees,2022-07-20,15-39-44,Nougatti,2022-07-20 15:39:44,15:40,2.0,Tabor,1.0,xAynannannannannannannannannannannannannannannan,Anannannannannannannannannannannannannannannan,1,non-partner
after_phees_2022-07-20_15-39-44_0000028_labelled_Nougatti_pheeseq_0000028.txt,x,A,y,,,,,,,,,,,,,,,,after,phees,2022-07-20,15-39-44,Nougatti,2022-07-20 15:39:44,15:40,2.0,Tabor,2.0,xAynannannannannannannannannannannannannannannan,Anannannannannannannannannannannannannannannan,1,non-partner
after_phees_2022-07-20_15-39-44_0000028_labelled_Nougatti_phee_0000044.txt,x,A,y,,,,,,,,,,,,,,,,after,phees,2022-07-20,15-39-44,Nougatti,2022-07-20 15:39:44,15:40,2.0,Tabor,3.0,xAynannannannannannannannannannannannannannannan,Anannannannannannannannannannannannannannannan,3,non-partner
after_phees_2022-07-20_15-39-44_0000028_labelled_Nougatti_pheeseq_0000006.txt,x,A,y,,,,,,,,,,,,,,,,after,phees,2022-07-20,15-39-44,Nougatti,2022-07-20 15:39:44,15:40,2.0,Tabor,4.0,xAynannannannannannannannannannannannannannannan,Anannannannannannannannannannannannannannannan,1,non-partner
after_phees_2022-07-20_15-39-44_0000028_labelled_Nougatti_phee_0000016.txt,x,A,y,,,,,,,,,,,,,,,,after,phees,2022-07-20,15-39-44,Nougatti,2022-07-20 15:39:44,15:40,2.0,Tabor,5.0,xAynannannannannannannannannannannannannannannan,Anannannannannannannannannannannannannannannan,1,non-partner
after_phees_2022-07-20_15-39-44_0000028_labelled_Nougatti_pheeseq_0000046.txt,x,A,A,y,,,,,,,,,,,,,,,after,phees,2022-07-20,15-39-44,Nougatti,2022-07-20 15:39:44,15:40,2.0,Tabor,6.0,xAAynannannannannannannannannannannannannannan,AAnannannannannannannannannannannannannannan,3,non-partner
after_phees_2022-07-20_15-39-44_0000028_labelled_Nougatti_pheeseq_0000052.txt,x,A,A,A,y,,,,,,,,,,,,,,after,phees,2022-07-20,15-39-44,Nougatti,2022-07-20 15:39:44,15:40,2.0,Tabor,7.0,xAAAynannannannannannannannannannannannannan,AAAnannannannannannannannannannannannannan,3,non-partner
after_phees_2022-07-20_15-39-44_0000028_labelled_Nougatti_phee_0000012.txt,x,A,y,,,,,,,,,,,,,,,,after,phees,2022-07-20,15-39-44,Nougatti,2022-07-20 15:39:44,15:40,2.0,Tabor,8.0,xAynannannannannannannannannannannannannannannan,Anannannannannannannannannannannannannannannan,1,non-partner
after_phees_2022-07-20_15-39-44_0000028_labelled_Nougatti_pheeseq_0000047.txt,x,A,P,y,,,,,,,,,,,,,,,after,phees,2022-07-20,15-39-44,Nougatti,2022-07-20 15:39:44,15:40,2.0,Tabor,9.0,xAPynannannannannannannannannannannannannannan,APnannannannannannannannannannannannannannan,3,non-partner
after_phees_2022-07-20_15-39-44_0000028_labelled_Nougatti_pheeseq_0000051.txt,x,A,P,A,y,,,,,,,,,,,,,,after,phees,2022-07-20,15-39-44,Nougatti,2022-07-20 15:39:44,15:40,2.0,Tabor,10.0,xAPAynannannannannannannannannannannannannan,APAnannannannannannannannannannannannannan,3,non-partner
after_phees_2022-07-20_15-39-44_0000028_labelled_Nougatti_pheeseq_0000045.txt,x,A,A,y,,,,,,,,,,,,,,,after,phees,2022-07-20,15-39-44,Nougatti,2022-07-20 15:39:44,15:40,2.0,Tabor,11.0,xAAynannannannannannannannannannannannannannan,AAnannannannannannannannannannannannannannan,3,non-partner
after_phees_2022-07-20_15-39-44_0000028_labelled_Nougatti_phee_0000038.txt,x,A,y,,,,,,,,,,,,,,,,after,phees,2022-07-20,15-39-44,Nougatti,2022-07-20 15:39:44,15:40,2.0,Tabor,12.0,xAynannannannannannannannannannannannannannannan,Anannannannannannannannannannannannannannannan,3,non-partner
after_phees_2022-07-20_15-39-44_0000028_labelled_Nougatti_pheeseq_0000050.txt,x,A,A,y,,,,,,,,,,,,,,,after,phees,2022-07-20,15-39-44,Nougatti,2022-07-20 15:39:44,15:40,2.0,Tabor,13.0,xAAynannannannannannannannannannannannannannan,AAnannannannannannannannannannannannannannan,3,non-partner
after_phees_2022-07-20_15-39-44_0000028_labelled_Nougatti_pheeseq_0000023.txt,x,A,P,y,,,,,,,,,,,,,,,after,phees,2022-07-20,15-39-44,Nougatti,2022-07-20 15:39:44,15:40,2.0,Tabor,14.0,xAPynannannannannannannannannannannannannannan,APnannannannannannannannannannannannannannan,1,non-partner
after_phees_2022-07-20_15-39-44_0000028_labelled_Nougatti_pheeseq_0000020.txt,x,A,A,y,,,,,,,,,,,,,,,after,phees,2022-07-20,15-39-44,Nougatti,2022-07-20 15:39:44,15:40,2.0,Tabor,15.0,xAAynannannannannannannannannannannannannannan,AAnannannannannannannannannannannannannannan,1,non-partner
after_phees_2022-07-20_15-39-44_0000028_labelled_Nougatti_pheeseq_0000021.txt,x,A,y,,,,,,,,,,,,,,,,after,phees,2022-07-20,15-39-44,Nougatti,2022-07-20 15:39:44,15:40,2.0,Tabor,16.0,xAynannannannannannannannannannannannannannannan,Anannannannannannannannannannannannannannannan,1,non-partner
after_phees_2022-07-20_15-39-44_0000028_labelled_Nougatti_pheeseq_0000019.txt,x,A,y,,,,,,,,,,,,,,,,after,phees,2022-07-20,15-39-44,Nougatti,2022-07-20 15:39:44,15:40,2.0,Tabor,18.0,xAynannannannannannannannannannannannannannannan,Anannannannannannannannannannannannannannannan,1,non-partner
after_phees_2022-07-20_15-39-44_0000028_labelled_Nougatti_pheeseq_0000018.txt,x,A,A,y,,,,,,,,,,,,,,,after,phees,2022-07-20,15-39-44,Nougatti,2022-07-20 15:39:44,15:40,2.0,Tabor,19.0,xAAynannannannannannannannannannannannannannan,AAnannannannannannannannannannannannannannan,1,non-partner
after_phees_2022-07-20_15-39-44_0000028_labelled_Nougatti_pheeseq_0000026.txt,x,A,A,y,,,,,,,,,,,,,,,after,phees,2022-07-20,15-39-44,Nougatti,2022-07-20 15:39:44,15:40,2.0,Tabor,20.0,xAAynannannannannannannannannannannannannannan,AAnannannannannannannannannannannannannannan,1,non-partner
after_phees_2022-07-20_15-39-44_0000028_labelled_Nougatti_pheeseq_0000027.txt,x,A,A,y,,,,,,,,,,,,,,,after,phees,2022-07-20,15-39-44,Nougatti,2022-07-20 15:39:44,15:40,2.0,Tabor,21.0,xAAynannannannannannannannannannannannannannan,AAnannannannannannannannannannannannannannan,1,non-partner
after_phees_2022-07-20_15-39-44_0000028_labelled_Tabor_pheeseq_0000030.txt,x,A,P,A,A,A,P,P,,,,,,,,,,,after,phees,2022-07-20,15-39-44,Tabor,2022-07-20 15:39:44,15:40,2.0,Nougatti,1.0,xAPAAAPPnannannannannannannannannannan,APAAAPPnannannannannannannannannannan,1,non-partner
after_phees_2022-07-20_15-39-44_0000028_labelled_Tabor_pheeseq_0000024.txt,x,A,A,A,P,P,P,,,,,,,,,,,,after,phees,2022-07-20,15-39-44,Tabor,2022-07-20 15:39:44,15:40,2.0,Nougatti,2.0,xAAAPPPnannannannannannannannannannannan,AAAPPPnannannannannannannannannannannan,1,non-partner
after_phees_2022-07-20_15-39-44_0000028_labelled_Tabor_pheeseq_0000008.txt,x,A,A,A,P,P,,,,,,,,,,,,,after,phees,2022-07-20,15-39-44,Tabor,2022-07-20 15:39:44,15:40,2.0,Nougatti,3.0,xAAAPPnannannannannannannannannannannannan,AAAPPnannannannannannannannannannannannan,1,non-partner
after_phees_2022-07-20_15-39-44_0000028_labelled_Tabor_pheeseq_0000035.txt,x,A,P,P,A,A,y,,,,,,,,,,,,after,phees,2022-07-20,15-39-44,Tabor,2022-07-20 15:39:44,15:40,2.0,Nougatti,4.0,xAPPAAynannannannannannannannannannannan,APPAAnannannannannannannannannannannan,3,non-partner
after_phees_2022-07-20_15-39-44_0000028_labelled_Tabor_pheeseq_0000037.txt,x,A,A,A,A,P,,,,,,,,,,,,,after,phees,2022-07-20,15-39-44,Tabor,2022-07-20 15:39:44,15:40,2.0,Nougatti,5.0,xAAAAPnannannannannannannannannannannannan,AAAAPnannannannannannannannannannannannan,3,non-partner
after_phees_2022-07-20_15-39-44_0000028_labelled_Tabor_pheeseq_0000022.txt,x,A,P,A,A,P,P,,,,,,,,,,,,after,phees,2022-07-20,15-39-44,Tabor,2022-07-20 15:39:44,15:40,2.0,Nougatti,6.0,xAPAAPPnannannannannannannannannannannan,APAAPPnannannannannannannannannannannan,1,non-partner
after_phees_2022-07-20_15-39-44_0000028_labelled_Tabor_pheeseq_0000036.txt,x,A,A,A,y,,,,,,,,,,,,,,after,phees,2022-07-20,15-39-44,Tabor,2022-07-20 15:39:44,15:40,2.0,Nougatti,7.0,xAAAynannannannannannannannannannannannannan,AAAnannannannannannannannannannannannannan,3,non-partner
after_phees_2022-07-20_15-39-44_0000028_labelled_Tabor_pheeseq_0000043.txt,x,A,P,A,A,P,P,P,,,,,,,,,,,after,phees,2022-07-20,15-39-44,Tabor,2022-07-20 15:39:44,15:40,2.0,Nougatti,8.0,xAPAAPPPnannannannannannannannannannan,APAAPPPnannannannannannannannannannan,3,non-partner
after_phees_2022-07-20_15-39-44_0000028_labelled_Tabor_pheeseq_0000042.txt,x,A,A,A,A,P,P,,,,,,,,,,,,after,phees,2022-07-20,15-39-44,Tabor,2022-07-20 15:39:44,15:40,2.0,Nougatti,9.0,xAAAAPPnannannannannannannannannannannan,AAAAPPnannannannannannannannannannannan,3,non-partner
after_trills_2022-07-20_15-39-45_0000028_labelled_Tabor_pheeseq_0000012.txt,x,A,A,P,P,P,,,,,,,,,,,,,after,trills,2022-07-20,15-39-45,Tabor,2022-07-20 15:39:45,15:40,2.0,Nougatti,10.0,xAAPPPnannannannannannannannannannannannan,AAPPPnannannannannannannannannannannannan,3,non-partner
after_phees_2022-07-20_15-39-44_0000028_labelled_Tabor_pheeseq_0000049.txt,x,A,P,A,A,A,y,,,,,,,,,,,,after,phees,2022-07-20,15-39-44,Tabor,2022-07-20 15:39:44,15:40,2.0,Nougatti,11.0,xAPAAAynannannannannannannannannannannan,APAAAnannannannannannannannannannannan,3,non-partner
after_phees_2022-07-20_15-39-44_0000028_labelled_Tabor_pheeseq_0000048.txt,x,A,A,A,P,P,P,,,,,,,,,,,,after,phees,2022-07-20,15-39-44,Tabor,2022-07-20 15:39:44,15:40,2.0,Nougatti,12.0,xAAAPPPnannannannannannannannannannannan,AAAPPPnannannannannannannannannannannan,3,non-partner
after_trills_2022-07-20_15-39-45_0000028_labelled_Tabor_pheeseq_0000011.txt,x,A,A,A,P,,,,,,,,,,,,,,after,trills,2022-07-20,15-39-45,Tabor,2022-07-20 15:39:45,15:40,2.0,Nougatti,13.0,xAAAPnannannannannannannannannannannannannan,AAAPnannannannannannannannannannannannannan,3,non-partner
after_phees_2022-07-20_15-39-44_0000028_labelled_Tabor_pheeseq_0000004.txt,x,A,A,A,A,y,,,,,,,,,,,,,after,phees,2022-07-20,15-39-44,Tabor,2022-07-20 15:39:44,15:40,2.0,Nougatti,14.0,xAAAAynannannannannannannannannannannannan,AAAAnannannannannannannannannannannannan,1,non-partner
after_phees_2022-07-20_15-39-44_0000028_labelled_Tabor_pheeseq_0000011.txt,x,A,P,A,y,,,,,,,,,,,,,,after,phees,2022-07-20,15-39-44,Tabor,2022-07-20 15:39:44,15:40,2.0,Nougatti,15.0,xAPAynannannannannannannannannannannannannan,APAnannannannannannannannannannannannannan,1,non-partner
after_phees_2022-07-20_15-39-44_0000028_labelled_Tabor_pheeseq_0000039.txt,x,A,A,A,A,P,,,,,,,,,,,,,after,phees,2022-07-20,15-39-44,Tabor,2022-07-20 15:39:44,15:40,2.0,Nougatti,16.0,xAAAAPnannannannannannannannannannannannan,AAAAPnannannannannannannannannannannannan,3,non-partner
after_phees_2022-07-20_15-39-44_0000028_labelled_Tabor_pheeseq_0000015.txt,x,A,A,A,A,y,,,,,,,,,,,,,after,phees,2022-07-20,15-39-44,Tabor,2022-07-20 15:39:44,15:40,2.0,Nougatti,17.0,xAAAAynannannannannannannannannannannannan,AAAAnannannannannannannannannannannannan,1,non-partner
after_phees_2022-07-20_15-39-44_0000028_labelled_Tabor_pheeseq_0000029.txt,x,A,A,A,A,P,P,,,,,,,,,,,,after,phees,2022-07-20,15-39-44,Tabor,2022-07-20 15:39:44,15:40,2.0,Nougatti,18.0,xAAAAPPnannannannannannannannannannannan,AAAAPPnannannannannannannannannannannan,1,non-partner
after_phees_2022-07-20_15-39-44_0000028_labelled_Tabor_pheeseq_0000002.txt,x,A,P,P,A,A,A,y,,,,,,,,,,,after,phees,2022-07-20,15-39-44,Tabor,2022-07-20 15:39:44,15:40,2.0,Nougatti,19.0,xAPPAAAynannannannannannannannannannan,APPAAAnannannannannannannannannannan,1,non-partner
after_phees_2022-07-20_15-39-44_0000028_labelled_Tabor_pheeseq_0000017.txt,x,A,A,A,A,P,,,,,,,,,,,,,after,phees,2022-07-20,15-39-44,Tabor,2022-07-20 15:39:44,15:40,2.0,Nougatti,20.0,xAAAAPnannannannannannannannannannannannan,AAAAPnannannannannannannannannannannannan,1,non-partner
after_phees_2022-07-21_09-36-56_0000029_labelled_Lola_pheeseq_0000040.txt,x,A,A,y,,,,,,,,,,,,,,,after,phees,2022-07-21,09-36-56,Lola,2022-07-21 09:36:56,09:35,2.0,Odin,2.0,xAAynannannannannannannannannannannannannannan,AAnannannannannannannannannannannannannannan,3,non-partner
after_phees_2022-07-21_09-36-56_0000029_labelled_Lola_pheeseq_0000041.txt,x,A,A,y,,,,,,,,,,,,,,,after,phees,2022-07-21,09-36-56,Lola,2022-07-21 09:36:56,09:35,2.0,Odin,3.0,xAAynannannannannannannannannannannannannannan,AAnannannannannannannannannannannannannannan,3,non-partner
after_phees_2022-07-21_09-36-56_0000029_labelled_Lola_pheeseq_0000038.txt,x,A,A,y,,,,,,,,,,,,,,,after,phees,2022-07-21,09-36-56,Lola,2022-07-21 09:36:56,09:35,2.0,Odin,4.0,xAAynannannannannannannannannannannannannannan,AAnannannannannannannannannannannannannannan,3,non-partner
after_phees_2022-07-21_09-36-56_0000029_labelled_Lola_pheeseq_0000004.txt,x,A,P,,,,,,,,,,,,,,,,after,phees,2022-07-21,09-36-56,Lola,2022-07-21 09:36:56,09:35,2.0,Odin,5.0,xAPnannannannannannannannannannannannannannannan,APnannannannannannannannannannannannannannannan,1,non-partner
after_phees_2022-07-21_09-36-56_0000029_labelled_Lola_pheeseq_0000005.txt,x,A,A,P,,,,,,,,,,,,,,,after,phees,2022-07-21,09-36-56,Lola,2022-07-21 09:36:56,09:35,2.0,Odin,6.0,xAAPnannannannannannannannannannannannannannan,AAPnannannannannannannannannannannannannannan,1,non-partner
after_phees_2022-07-21_09-36-56_0000029_labelled_Lola_pheeseq_0000039.txt,x,A,A,A,P,,,,,,,,,,,,,,after,phees,2022-07-21,09-36-56,Lola,2022-07-21 09:36:56,09:35,2.0,Odin,7.0,xAAAPnannannannannannannannannannannannannan,AAAPnannannannannannannannannannannannannan,3,non-partner
after_trills_2022-07-21_10-47-45_0000032_labelled_Nougatti_phee_0000016.txt,x,A,y,,,,,,,,,,,,,,,,after,trills,2022-07-21,10-47-45,Nougatti,2022-07-21 10:47:45,10:45,2.0,Wuschel,1.0,xAynannannannannannannannannannannannannannannan,Anannannannannannannannannannannannannannannan,3,non-partner
after_trills_2022-07-21_10-47-45_0000032_labelled_Nougatti_phee_0000012.txt,x,A,y,,,,,,,,,,,,,,,,after,trills,2022-07-21,10-47-45,Nougatti,2022-07-21 10:47:45,10:45,2.0,Wuschel,2.0,xAynannannannannannannannannannannannannannannan,Anannannannannannannannannannannannannannannan,3,non-partner
after_trills_2022-07-21_10-47-45_0000032_labelled_Nougatti_phee_0000013.txt,x,A,y,,,,,,,,,,,,,,,,after,trills,2022-07-21,10-47-45,Nougatti,2022-07-21 10:47:45,10:45,2.0,Wuschel,3.0,xAynannannannannannannannannannannannannannannan,Anannannannannannannannannannannannannannannan,3,non-partner
after_phees_2022-07-21_09-36-56_0000029_labelled_Odin_pheeseq_0000011.txt,x,A,A,y,,,,,,,,,,,,,,,after,phees,2022-07-21,09-36-56,Odin,2022-07-21 09:36:56,09:35,2.0,Lola,1.0,xAAynannannannannannannannannannannannannannan,AAnannannannannannannannannannannannannannan,1,non-partner
after_phees_2022-07-21_09-36-56_0000029_labelled_Odin_phee_0000037.txt,x,A,y,,,,,,,,,,,,,,,,after,phees,2022-07-21,09-36-56,Odin,2022-07-21 09:36:56,09:35,2.0,Lola,2.0,xAynannannannannannannannannannannannannannannan,Anannannannannannannannannannannannannannannan,3,non-partner
after_phees_2022-07-21_09-36-56_0000029_labelled_Odin_phee_0000036.txt,x,A,y,,,,,,,,,,,,,,,,after,phees,2022-07-21,09-36-56,Odin,2022-07-21 09:36:56,09:35,2.0,Lola,3.0,xAynannannannannannannannannannannannannannannan,Anannannannannannannannannannannannannannannan,3,non-partner
after_phees_2022-07-21_09-36-56_0000029_labelled_Odin_phee_0000035.txt,x,A,y,,,,,,,,,,,,,,,,after,phees,2022-07-21,09-36-56,Odin,2022-07-21 09:36:56,09:35,2.0,Lola,4.0,xAynannannannannannannannannannannannannannannan,Anannannannannannannannannannannannannannannan,3,non-partner
after_phees_2022-07-21_09-36-56_0000029_labelled_Odin_pheeseq_0000007.txt,x,A,A,y,,,,,,,,,,,,,,,after,phees,2022-07-21,09-36-56,Odin,2022-07-21 09:36:56,09:35,2.0,Lola,5.0,xAAynannannannannannannannannannannannannannan,AAnannannannannannannannannannannannannannan,1,non-partner
after_phees_2022-07-21_09-36-56_0000029_labelled_Odin_pheeseq_0000017.txt,x,A,A,y,,,,,,,,,,,,,,,after,phees,2022-07-21,09-36-56,Odin,2022-07-21 09:36:56,09:35,2.0,Lola,6.0,xAAynannannannannannannannannannannannannannan,AAnannannannannannannannannannannannannannan,1,non-partner
after_phees_2022-07-21_09-36-56_0000029_labelled_Odin_pheeseq_0000015.txt,x,A,A,y,,,,,,,,,,,,,,,after,phees,2022-07-21,09-36-56,Odin,2022-07-21 09:36:56,09:35,2.0,Lola,9.0,xAAynannannannannannannannannannannannannannan,AAnannannannannannannannannannannannannannan,1,non-partner
after_phees_2022-07-21_09-36-56_0000029_labelled_Odin_phee_0000042.txt,x,A,y,,,,,,,,,,,,,,,,after,phees,2022-07-21,09-36-56,Odin,2022-07-21 09:36:56,09:35,2.0,Lola,11.0,xAynannannannannannannannannannannannannannannan,Anannannannannannannannannannannannannannannan,3,non-partner
after_phees_2022-07-21_09-36-56_0000029_labelled_Odin_pheeseq_0000053.txt,x,A,P,A,A,y,,,,,,,,,,,,,after,phees,2022-07-21,09-36-56,Odin,2022-07-21 09:36:56,09:35,2.0,Lola,12.0,xAPAAynannannannannannannannannannannannan,APAAnannannannannannannannannannannannan,3,non-partner
after_phees_2022-07-21_09-36-56_0000029_labelled_Odin_phee_0000049.txt,x,A,y,,,,,,,,,,,,,,,,after,phees,2022-07-21,09-36-56,Odin,2022-07-21 09:36:56,09:35,2.0,Lola,13.0,xAynannannannannannannannannannannannannannannan,Anannannannannannannannannannannannannannannan,3,non-partner
after_phees_2022-07-21_09-36-56_0000029_labelled_Odin_phee_0000048.txt,x,A,y,,,,,,,,,,,,,,,,after,phees,2022-07-21,09-36-56,Odin,2022-07-21 09:36:56,09:35,2.0,Lola,14.0,xAynannannannannannannannannannannannannannannan,Anannannannannannannannannannannannannannannan,3,non-partner
after_phees_2022-07-21_09-36-56_0000029_labelled_Odin_pheeseq_0000052.txt,x,A,A,y,,,,,,,,,,,,,,,after,phees,2022-07-21,09-36-56,Odin,2022-07-21 09:36:56,09:35,2.0,Lola,15.0,xAAynannannannannannannannannannannannannannan,AAnannannannannannannannannannannannannannan,3,non-partner
after_phees_2022-07-21_09-36-56_0000029_labelled_Odin_pheeseq_0000050.txt,x,A,A,y,,,,,,,,,,,,,,,after,phees,2022-07-21,09-36-56,Odin,2022-07-21 09:36:56,09:35,2.0,Lola,16.0,xAAynannannannannannannannannannannannannannan,AAnannannannannannannannannannannannannannan,3,non-partner
after_phees_2022-07-21_09-36-56_0000029_labelled_Odin_pheeseq_0000044.txt,K,K,K,A,y,,,,,,,,,,,,,,after,phees,2022-07-21,09-36-56,Odin,2022-07-21 09:36:56,09:35,2.0,Lola,17.0,KKKAynannannannannannannannannannannannannan,KKKAnannannannannannannannannannannannannan,3,non-partner
after_phees_2022-07-21_09-36-56_0000029_labelled_Odin_pheeseq_0000051.txt,x,A,A,A,y,,,,,,,,,,,,,,after,phees,2022-07-21,09-36-56,Odin,2022-07-21 09:36:56,09:35,2.0,Lola,18.0,xAAAynannannannannannannannannannannannannan,AAAnannannannannannannannannannannannannan,3,non-partner
after_phees_2022-07-21_09-36-56_0000029_labelled_Odin_pheeseq_0000018.txt,x,A,A,y,,,,,,,,,,,,,,,after,phees,2022-07-21,09-36-56,Odin,2022-07-21 09:36:56,09:35,2.0,Lola,19.0,xAAynannannannannannannannannannannannannannan,AAnannannannannannannannannannannannannannan,1,non-partner
after_phees_2022-07-21_09-36-56_0000029_labelled_Odin_phee_0000003.txt,x,A,y,,,,,,,,,,,,,,,,after,phees,2022-07-21,09-36-56,Odin,2022-07-21 09:36:56,09:35,2.0,Lola,20.0,xAynannannannannannannannannannannannannannannan,Anannannannannannannannannannannannannannannan,1,non-partner
after_phees_2022-07-21_09-36-56_0000029_labelled_Odin_pheeseq_0000019.txt,x,A,A,y,,,,,,,,,,,,,,,after,phees,2022-07-21,09-36-56,Odin,2022-07-21 09:36:56,09:35,2.0,Lola,21.0,xAAynannannannannannannannannannannannannannan,AAnannannannannannannannannannannannannannan,1,non-partner
after_phees_2022-07-21_09-36-56_0000029_labelled_Odin_pheeseq_0000022.txt,x,A,P,A,A,y,,,,,,,,,,,,,after,phees,2022-07-21,09-36-56,Odin,2022-07-21 09:36:56,09:35,2.0,Lola,22.0,xAPAAynannannannannannannannannannannannan,APAAnannannannannannannannannannannannan,1,non-partner
after_phees_2022-07-21_09-36-56_0000029_labelled_Odin_phee_0000010.txt,x,A,y,,,,,,,,,,,,,,,,after,phees,2022-07-21,09-36-56,Odin,2022-07-21 09:36:56,09:35,2.0,Lola,23.0,xAynannannannannannannannannannannannannannannan,Anannannannannannannannannannannannannannannan,1,non-partner
after_phees_2022-07-21_09-36-56_0000029_labelled_Odin_pheeseq_0000023.txt,x,A,P,A,A,P,P,,,,,,,,,,,,after,phees,2022-07-21,09-36-56,Odin,2022-07-21 09:36:56,09:35,2.0,Lola,24.0,xAPAAPPnannannannannannannannannannannan,APAAPPnannannannannannannannannannannan,1,non-partner
after_phees_2022-07-21_09-36-56_0000029_labelled_Odin_pheeseq_0000009.txt,x,A,A,y,,,,,,,,,,,,,,,after,phees,2022-07-21,09-36-56,Odin,2022-07-21 09:36:56,09:35,2.0,Lola,25.0,xAAynannannannannannannannannannannannannannan,AAnannannannannannannannannannannannannannan,1,non-partner
after_phees_2022-07-21_09-36-56_0000029_labelled_Odin_pheeseq_0000021.txt,x,A,A,y,,,,,,,,,,,,,,,after,phees,2022-07-21,09-36-56,Odin,2022-07-21 09:36:56,09:35,2.0,Lola,26.0,xAAynannannannannannannannannannannannannannan,AAnannannannannannannannannannannannannannan,1,non-partner
after_phees_2022-07-21_09-36-56_0000029_labelled_Odin_phee_0000006.txt,x,R,y,,,,,,,,,,,,,,,,after,phees,2022-07-21,09-36-56,Odin,2022-07-21 09:36:56,09:35,2.0,Lola,27.0,xRynannannannannannannannannannannannannannannan,Rnannannannannannannannannannannannannannannan,1,non-partner
after_phees_2022-07-21_09-36-56_0000029_labelled_Odin_phee_0000012.txt,x,A,y,,,,,,,,,,,,,,,,after,phees,2022-07-21,09-36-56,Odin,2022-07-21 09:36:56,09:35,2.0,Lola,28.0,xAynannannannannannannannannannannannannannannan,Anannannannannannannannannannannannannannannan,1,non-partner
after_phees_2022-07-21_09-36-56_0000029_labelled_Odin_pheeseq_0000020.txt,x,A,A,y,,,,,,,,,,,,,,,after,phees,2022-07-21,09-36-56,Odin,2022-07-21 09:36:56,09:35,2.0,Lola,29.0,xAAynannannannannannannannannannannannannannan,AAnannannannannannannannannannannannannannan,1,non-partner
after_phees_2022-07-21_09-36-56_0000029_labelled_Odin_pheeseq_0000008.txt,x,A,P,,,,,,,,,,,,,,,,after,phees,2022-07-21,09-36-56,Odin,2022-07-21 09:36:56,09:35,2.0,Lola,30.0,xAPnannannannannannannannannannannannannannannan,APnannannannannannannannannannannannannannannan,1,non-partner
after_trills_2022-07-21_10-47-45_0000032_labelled_Odin_phee_0000011.txt,x,A,y,,,,,,,,,,,,,,,,after,trills,2022-07-21,10-47-45,Odin,2022-07-21 10:47:45,10:45,2.0,Nougatti,1.0,xAynannannannannannannannannannannannannannannan,Anannannannannannannannannannannannannannannan,3,partner
after_trills_2022-07-21_10-47-45_0000032_labelled_Odin_pheeseq_0000017.txt,x,A,y,,,,,,,,,,,,,,,,after,trills,2022-07-21,10-47-45,Odin,2022-07-21 10:47:45,10:45,2.0,Nougatti,2.0,xAynannannannannannannannannannannannannannannan,Anannannannannannannannannannannannannannannan,3,partner
after_trills_2022-07-21_10-47-45_0000032_labelled_Odin_phee_0000014.txt,x,A,y,,,,,,,,,,,,,,,,after,trills,2022-07-21,10-47-45,Odin,2022-07-21 10:47:45,10:45,2.0,Nougatti,3.0,xAynannannannannannannannannannannannannannannan,Anannannannannannannannannannannannannannannan,3,partner
after_phees_2022-07-21_13-48-50_0000035_labelled_Olympia_pheeseq_0000013.txt,x,A,P,,,,,,,,,,,,,,,,after,phees,2022-07-21,13-48-50,Olympia,2022-07-21 13:48:50,13:50,2.0,Tabor,1.0,xAPnannannannannannannannannannannannannannannan,APnannannannannannannannannannannannannannannan,3,non-partner
after_trills_2022-07-21_13-24-59_0000034_labelled_Olympia_pheeseq_0000033.txt,x,A,P,,,,,,,,,,,,,,,,after,trills,2022-07-21,13-24-59,Olympia,2022-07-21 13:24:59,13:25,1.0,Wuschel,2.0,xAPnannannannannannannannannannannannannannannan,APnannannannannannannannannannannannannannannan,1,partner
after_trills_2022-07-21_13-24-59_0000034_labelled_Olympia_pheeseq_0000009.txt,x,A,P,,,,,,,,,,,,,,,,after,trills,2022-07-21,13-24-59,Olympia,2022-07-21 13:24:59,13:25,1.0,Wuschel,3.0,xAPnannannannannannannannannannannannannannannan,APnannannannannannannannannannannannannannannan,1,partner
after_phees_2022-07-21_13-24-57_0000034_labelled_Olympia_pheeseq_0000014.txt,x,A,A,y,,,,,,,,,,,,,,,after,phees,2022-07-21,13-24-57,Olympia,2022-07-21 13:24:57,13:25,1.0,Wuschel,4.0,xAAynannannannannannannannannannannannannannan,AAnannannannannannannannannannannannannannan,3,partner
after_phees_2022-07-21_13-24-57_0000034_labelled_Olympia_pheeseq_0000004.txt,x,R,A,A,y,,,,,,,,,,,,,,after,phees,2022-07-21,13-24-57,Olympia,2022-07-21 13:24:57,13:25,1.0,Wuschel,6.0,xRAAynannannannannannannannannannannannannan,RAAnannannannannannannannannannannannannan,1,partner
after_phees_2022-07-21_13-48-50_0000035_labelled_Tabor_pheeseq_0000005.txt,T,A,P,P,A,A,y,,,,,,,,,,,,after,phees,2022-07-21,13-48-50,Tabor,2022-07-21 13:48:50,13:50,2.0,Olympia,1.0,TAPPAAynannannannannannannannannannannan,TAPPAAnannannannannannannannannannannan,1,non-partner
after_phees_2022-07-21_13-48-50_0000035_labelled_Tabor_pheeseq_0000007.txt,x,A,A,A,A,P,,,,,,,,,,,,,after,phees,2022-07-21,13-48-50,Tabor,2022-07-21 13:48:50,13:50,2.0,Olympia,2.0,xAAAAPnannannannannannannannannannannannan,AAAAPnannannannannannannannannannannannan,1,non-partner
after_phees_2022-07-21_13-48-50_0000035_labelled_Tabor_pheeseq_0000006.txt,x,A,P,A,A,P,,,,,,,,,,,,,after,phees,2022-07-21,13-48-50,Tabor,2022-07-21 13:48:50,13:50,2.0,Olympia,3.0,xAPAAPnannannannannannannannannannannannan,APAAPnannannannannannannannannannannannan,1,non-partner
after_trills_2022-07-21_13-48-52_0000035_labelled_Tabor_pheeseq_0000011.txt,x,R,A,y,,,,,,,,,,,,,,,after,trills,2022-07-21,13-48-52,Tabor,2022-07-21 13:48:52,13:50,2.0,Olympia,4.0,xRAynannannannannannannannannannannannannannan,RAnannannannannannannannannannannannannannan,3,non-partner
after_phees_2022-07-21_13-48-50_0000035_labelled_Tabor_pheeseq_0000016.txt,x,A,P,A,y,,,,,,,,,,,,,,after,phees,2022-07-21,13-48-50,Tabor,2022-07-21 13:48:50,13:50,2.0,Olympia,5.0,xAPAynannannannannannannannannannannannannan,APAnannannannannannannannannannannannannan,3,non-partner
after_trills_2022-07-21_13-48-52_0000035_labelled_Tabor_pheeseq_0000002.txt,x,A,A,A,A,P,,,,,,,,,,,,,after,trills,2022-07-21,13-48-52,Tabor,2022-07-21 13:48:52,13:50,2.0,Olympia,6.0,xAAAAPnannannannannannannannannannannannan,AAAAPnannannannannannannannannannannannan,1,non-partner
after_phees_2022-07-21_13-48-50_0000035_labelled_Tabor_pheeseq_0000015.txt,x,A,P,A,A,y,,,,,,,,,,,,,after,phees,2022-07-21,13-48-50,Tabor,2022-07-21 13:48:50,13:50,2.0,Olympia,7.0,xAPAAynannannannannannannannannannannannan,APAAnannannannannannannannannannannannan,3,non-partner
after_phees_2022-07-21_13-48-50_0000035_labelled_Tabor_pheeseq_0000019.txt,x,A,P,A,P,,,,,,,,,,,,,,after,phees,2022-07-21,13-48-50,Tabor,2022-07-21 13:48:50,13:50,2.0,Olympia,8.0,xAPAPnannannannannannannannannannannannannan,APAPnannannannannannannannannannannannannan,3,non-partner
after_trills_2022-07-21_13-48-52_0000035_labelled_Tabor_pheeseq_0000008.txt,x,A,P,P,,,,,,,,,,,,,,,after,trills,2022-07-21,13-48-52,Tabor,2022-07-21 13:48:52,13:50,2.0,Olympia,9.0,xAPPnannannannannannannannannannannannannannan,APPnannannannannannannannannannannannannannan,3,non-partner
after_trills_2022-07-21_13-48-52_0000035_labelled_Tabor_pheeseq_0000009.txt,x,A,A,P,,,,,,,,,,,,,,,after,trills,2022-07-21,13-48-52,Tabor,2022-07-21 13:48:52,13:50,2.0,Olympia,10.0,xAAPnannannannannannannannannannannannannannan,AAPnannannannannannannannannannannannannannan,3,non-partner
after_phees_2022-07-21_13-48-50_0000035_labelled_Tabor_pheeseq_0000008.txt,x,A,P,A,P,P,P,,,,,,,,,,,,after,phees,2022-07-21,13-48-50,Tabor,2022-07-21 13:48:50,13:50,2.0,Olympia,11.0,xAPAPPPnannannannannannannannannannannan,APAPPPnannannannannannannannannannannan,1,non-partner
after_trills_2022-07-21_13-24-59_0000034_labelled_Wuschel_phee_0000079.txt,x,A,y,,,,,,,,,,,,,,,,after,trills,2022-07-21,13-24-59,Wuschel,2022-07-21 13:24:59,13:25,1.0,Olympia,1.0,xAynannannannannannannannannannannannannannannan,Anannannannannannannannannannannannannannannan,3,partner
after_trills_2022-07-21_13-24-59_0000034_labelled_Wuschel_phee_0000087.txt,x,A,y,,,,,,,,,,,,,,,,after,trills,2022-07-21,13-24-59,Wuschel,2022-07-21 13:24:59,13:25,1.0,Olympia,2.0,xAynannannannannannannannannannannannannannannan,Anannannannannannannannannannannannannannannan,3,partner
after_trills_2022-07-21_13-24-59_0000034_labelled_Wuschel_phee_0000085.txt,x,R,y,,,,,,,,,,,,,,,,after,trills,2022-07-21,13-24-59,Wuschel,2022-07-21 13:24:59,13:25,1.0,Olympia,3.0,xRynannannannannannannannannannannannannannannan,Rnannannannannannannannannannannannannannannan,3,partner
after_trills_2022-07-21_13-24-59_0000034_labelled_Wuschel_phee_0000040.txt,x,A,y,,,,,,,,,,,,,,,,after,trills,2022-07-21,13-24-59,Wuschel,2022-07-21 13:24:59,13:25,1.0,Olympia,4.0,xAynannannannannannannannannannannannannannannan,Anannannannannannannannannannannannannannannan,1,partner
after_trills_2022-07-21_13-24-59_0000034_labelled_Wuschel_phee_0000067.txt,x,A,y,,,,,,,,,,,,,,,,after,trills,2022-07-21,13-24-59,Wuschel,2022-07-21 13:24:59,13:25,1.0,Olympia,5.0,xAynannannannannannannannannannannannannannannan,Anannannannannannannannannannannannannannannan,3,partner
after_trills_2022-07-21_13-24-59_0000034_labelled_Wuschel_phee_0000066.txt,x,A,y,,,,,,,,,,,,,,,,after,trills,2022-07-21,13-24-59,Wuschel,2022-07-21 13:24:59,13:25,1.0,Olympia,6.0,xAynannannannannannannannannannannannannannannan,Anannannannannannannannannannannannannannannan,3,partner
after_trills_2022-07-21_13-24-59_0000034_labelled_Wuschel_phee_0000072.txt,x,A,y,,,,,,,,,,,,,,,,after,trills,2022-07-21,13-24-59,Wuschel,2022-07-21 13:24:59,13:25,1.0,Olympia,7.0,xAynannannannannannannannannannannannannannannan,Anannannannannannannannannannannannannannannan,3,partner
after_phees_2022-07-21_13-24-57_0000034_labelled_Wuschel_pheeseq_0000002.txt,x,A,A,y,,,,,,,,,,,,,,,after,phees,2022-07-21,13-24-57,Wuschel,2022-07-21 13:24:57,13:25,1.0,Olympia,8.0,xAAynannannannannannannannannannannannannannan,AAnannannannannannannannannannannannannannan,1,partner
after_trills_2022-07-21_13-24-59_0000034_labelled_Wuschel_phee_0000077.txt,x,A,y,,,,,,,,,,,,,,,,after,trills,2022-07-21,13-24-59,Wuschel,2022-07-21 13:24:59,13:25,1.0,Olympia,9.0,xAynannannannannannannannannannannannannannannan,Anannannannannannannannannannannannannannannan,3,partner
after_trills_2022-07-21_13-24-59_0000034_labelled_Wuschel_pheeseq_0000088.txt,P,A,y,,,,,,,,,,,,,,,,after,trills,2022-07-21,13-24-59,Wuschel,2022-07-21 13:24:59,13:25,1.0,Olympia,10.0,PAynannannannannannannannannannannannannannannan,PAnannannannannannannannannannannannannannannan,3,partner
after_trills_2022-07-21_13-24-59_0000034_labelled_Wuschel_phee_0000016.txt,x,R,y,,,,,,,,,,,,,,,,after,trills,2022-07-21,13-24-59,Wuschel,2022-07-21 13:24:59,13:25,1.0,Olympia,11.0,xRynannannannannannannannannannannannannannannan,Rnannannannannannannannannannannannannannannan,1,partner
after_phees_2022-07-25_13-47-10_0000038_labelled_Lola_pheeseq_0000014.txt,x,A,A,A,P,P,P,A,P,P,,,,,,,,,after,phees,2022-07-25,13-47-10,Lola,2022-07-25 13:47:10,13:45,3.0,Wuschel,1.0,xAAAPPPAPPnannannannannannannannan,AAAPPPAPPnannannannannannannannan,1,non-partner
after_phees_2022-07-25_13-47-10_0000038_labelled_Lola_pheeseq_0000002.txt,x,A,A,A,A,y,,,,,,,,,,,,,after,phees,2022-07-25,13-47-10,Lola,2022-07-25 13:47:10,13:45,3.0,Wuschel,2.0,xAAAAynannannannannannannannannannannannan,AAAAnannannannannannannannannannannannan,1,non-partner
after_phees_2022-07-25_13-47-10_0000038_labelled_Lola_pheeseq_0000016.txt,x,A,A,A,y,,,,,,,,,,,,,,after,phees,2022-07-25,13-47-10,Lola,2022-07-25 13:47:10,13:45,3.0,Wuschel,3.0,xAAAynannannannannannannannannannannannannan,AAAnannannannannannannannannannannannannan,1,non-partner
after_phees_2022-07-25_13-47-10_0000038_labelled_Lola_pheeseq_0000003.txt,x,A,A,A,y,,,,,,,,,,,,,,after,phees,2022-07-25,13-47-10,Lola,2022-07-25 13:47:10,13:45,3.0,Wuschel,4.0,xAAAynannannannannannannannannannannannannan,AAAnannannannannannannannannannannannannan,1,non-partner
after_phees_2022-07-25_13-47-10_0000038_labelled_Lola_pheeseq_0000013.txt,x,A,A,A,y,,,,,,,,,,,,,,after,phees,2022-07-25,13-47-10,Lola,2022-07-25 13:47:10,13:45,3.0,Wuschel,5.0,xAAAynannannannannannannannannannannannannan,AAAnannannannannannannannannannannannannan,1,non-partner
after_phees_2022-07-25_13-47-10_0000038_labelled_Lola_pheeseq_0000006.txt,x,A,A,A,y,,,,,,,,,,,,,,after,phees,2022-07-25,13-47-10,Lola,2022-07-25 13:47:10,13:45,3.0,Wuschel,6.0,xAAAynannannannannannannannannannannannannan,AAAnannannannannannannannannannannannannan,1,non-partner
after_phees_2022-07-25_13-47-10_0000038_labelled_Lola_pheeseq_0000038.txt,x,A,A,y,,,,,,,,,,,,,,,after,phees,2022-07-25,13-47-10,Lola,2022-07-25 13:47:10,13:45,3.0,Wuschel,7.0,xAAynannannannannannannannannannannannannannan,AAnannannannannannannannannannannannannannan,3,non-partner
after_phees_2022-07-25_13-47-10_0000038_labelled_Lola_pheeseq_0000004.txt,x,A,A,A,y,,,,,,,,,,,,,,after,phees,2022-07-25,13-47-10,Lola,2022-07-25 13:47:10,13:45,3.0,Wuschel,8.0,xAAAynannannannannannannannannannannannannan,AAAnannannannannannannannannannannannannan,1,non-partner
after_phees_2022-07-25_13-47-10_0000038_labelled_Lola_pheeseq_0000005.txt,x,A,A,y,,,,,,,,,,,,,,,after,phees,2022-07-25,13-47-10,Lola,2022-07-25 13:47:10,13:45,3.0,Wuschel,9.0,xAAynannannannannannannannannannannannannannan,AAnannannannannannannannannannannannannannan,1,non-partner
after_phees_2022-07-25_13-47-10_0000038_labelled_Lola_pheeseq_0000039.txt,x,A,A,y,,,,,,,,,,,,,,,after,phees,2022-07-25,13-47-10,Lola,2022-07-25 13:47:10,13:45,3.0,Wuschel,10.0,xAAynannannannannannannannannannannannannannan,AAnannannannannannannannannannannannannannan,3,non-partner
after_phees_2022-07-25_13-47-10_0000038_labelled_Lola_pheeseq_0000049.txt,x,A,P,A,P,P,P,P,,,,,,,,,,,after,phees,2022-07-25,13-47-10,Lola,2022-07-25 13:47:10,13:45,3.0,Wuschel,11.0,xAPAPPPPnannannannannannannannannannan,APAPPPPnannannannannannannannannannan,3,non-partner
after_phees_2022-07-25_13-47-10_0000038_labelled_Lola_pheeseq_0000048.txt,x,A,A,y,,,,,,,,,,,,,,,after,phees,2022-07-25,13-47-10,Lola,2022-07-25 13:47:10,13:45,3.0,Wuschel,12.0,xAAynannannannannannannannannannannannannannan,AAnannannannannannannannannannannannannannan,3,non-partner
after_phees_2022-07-25_13-47-10_0000038_labelled_Lola_pheeseq_0000058.txt,x,A,A,y,,,,,,,,,,,,,,,after,phees,2022-07-25,13-47-10,Lola,2022-07-25 13:47:10,13:45,3.0,Wuschel,13.0,xAAynannannannannannannannannannannannannannan,AAnannannannannannannannannannannannannannan,3,non-partner
after_phees_2022-07-25_13-47-10_0000038_labelled_Lola_pheeseq_0000043.txt,x,A,y,,,,,,,,,,,,,,,,after,phees,2022-07-25,13-47-10,Lola,2022-07-25 13:47:10,13:45,3.0,Wuschel,14.0,xAynannannannannannannannannannannannannannannan,Anannannannannannannannannannannannannannannan,3,non-partner
after_phees_2022-07-25_13-47-10_0000038_labelled_Lola_pheeseq_0000042.txt,x,A,P,P,S,,,,,,,,,,,,,,after,phees,2022-07-25,13-47-10,Lola,2022-07-25 13:47:10,13:45,3.0,Wuschel,15.0,xAPPSnannannannannannannannannannannannannan,APPSnannannannannannannannannannannannannan,3,non-partner
after_phees_2022-07-25_13-47-10_0000038_labelled_Lola_pheeseq_0000040.txt,x,A,A,A,P,,,,,,,,,,,,,,after,phees,2022-07-25,13-47-10,Lola,2022-07-25 13:47:10,13:45,3.0,Wuschel,16.0,xAAAPnannannannannannannannannannannannannan,AAAPnannannannannannannannannannannannannan,3,non-partner
after_phees_2022-07-25_13-47-10_0000038_labelled_Lola_pheeseq_0000055.txt,x,A,A,y,,,,,,,,,,,,,,,after,phees,2022-07-25,13-47-10,Lola,2022-07-25 13:47:10,13:45,3.0,Wuschel,17.0,xAAynannannannannannannannannannannannannannan,AAnannannannannannannannannannannannannannan,3,non-partner
after_phees_2022-07-25_13-47-10_0000038_labelled_Lola_pheeseq_0000041.txt,x,A,A,A,y,,,,,,,,,,,,,,after,phees,2022-07-25,13-47-10,Lola,2022-07-25 13:47:10,13:45,3.0,Wuschel,18.0,xAAAynannannannannannannannannannannannannan,AAAnannannannannannannannannannannannannan,3,non-partner
after_phees_2022-07-25_13-47-10_0000038_labelled_Lola_pheeseq_0000045.txt,x,A,A,y,,,,,,,,,,,,,,,after,phees,2022-07-25,13-47-10,Lola,2022-07-25 13:47:10,13:45,3.0,Wuschel,19.0,xAAynannannannannannannannannannannannannannan,AAnannannannannannannannannannannannannannan,3,non-partner
after_phees_2022-07-25_13-47-10_0000038_labelled_Lola_pheeseq_0000051.txt,x,A,y,,,,,,,,,,,,,,,,after,phees,2022-07-25,13-47-10,Lola,2022-07-25 13:47:10,13:45,3.0,Wuschel,20.0,xAynannannannannannannannannannannannannannannan,Anannannannannannannannannannannannannannannan,3,non-partner
after_phees_2022-07-25_13-47-10_0000038_labelled_Lola_pheeseq_0000050.txt,x,A,P,P,P,,,,,,,,,,,,,,after,phees,2022-07-25,13-47-10,Lola,2022-07-25 13:47:10,13:45,3.0,Wuschel,21.0,xAPPPnannannannannannannannannannannannannan,APPPnannannannannannannannannannannannannan,3,non-partner
after_phees_2022-07-25_13-47-10_0000038_labelled_Lola_pheeseq_0000044.txt,x,A,A,y,,,,,,,,,,,,,,,after,phees,2022-07-25,13-47-10,Lola,2022-07-25 13:47:10,13:45,3.0,Wuschel,22.0,xAAynannannannannannannannannannannannannannan,AAnannannannannannannannannannannannannannan,3,non-partner
after_phees_2022-07-25_13-47-10_0000038_labelled_Lola_pheeseq_0000046.txt,x,A,A,y,,,,,,,,,,,,,,,after,phees,2022-07-25,13-47-10,Lola,2022-07-25 13:47:10,13:45,3.0,Wuschel,23.0,xAAynannannannannannannannannannannannannannan,AAnannannannannannannannannannannannannannan,3,non-partner
after_phees_2022-07-25_13-47-10_0000038_labelled_Lola_pheeseq_0000047.txt,x,A,A,P,,,,,,,,,,,,,,,after,phees,2022-07-25,13-47-10,Lola,2022-07-25 13:47:10,13:45,3.0,Wuschel,24.0,xAAPnannannannannannannannannannannannannannan,AAPnannannannannannannannannannannannannannan,3,non-partner
after_phees_2022-07-25_13-47-10_0000038_labelled_Lola_pheeseq_0000020.txt,P,A,A,P,P,A,y,,,,,,,,,,,,after,phees,2022-07-25,13-47-10,Lola,2022-07-25 13:47:10,13:45,3.0,Wuschel,25.0,PAAPPAynannannannannannannannannannannan,PAAPPAnannannannannannannannannannannan,1,non-partner
after_phees_2022-07-25_13-47-10_0000038_labelled_Lola_pheeseq_0000008.txt,x,A,A,A,y,,,,,,,,,,,,,,after,phees,2022-07-25,13-47-10,Lola,2022-07-25 13:47:10,13:45,3.0,Wuschel,26.0,xAAAynannannannannannannannannannannannannan,AAAnannannannannannannannannannannannannan,1,non-partner
after_phees_2022-07-25_13-47-10_0000038_labelled_Lola_pheeseq_0000021.txt,x,A,A,y,,,,,,,,,,,,,,,after,phees,2022-07-25,13-47-10,Lola,2022-07-25 13:47:10,13:45,3.0,Wuschel,27.0,xAAynannannannannannannannannannannannannannan,AAnannannannannannannannannannannannannannan,1,non-partner
after_phees_2022-07-25_13-47-10_0000038_labelled_Lola_pheeseq_0000037.txt,x,A,A,y,,,,,,,,,,,,,,,after,phees,2022-07-25,13-47-10,Lola,2022-07-25 13:47:10,13:45,3.0,Wuschel,28.0,xAAynannannannannannannannannannannannannannan,AAnannannannannannannannannannannannannannan,3,non-partner
after_phees_2022-07-25_13-47-10_0000038_labelled_Lola_pheeseq_0000036.txt,x,A,A,y,,,,,,,,,,,,,,,after,phees,2022-07-25,13-47-10,Lola,2022-07-25 13:47:10,13:45,3.0,Wuschel,29.0,xAAynannannannannannannannannannannannannannan,AAnannannannannannannannannannannannannannan,3,non-partner
after_phees_2022-07-25_13-47-10_0000038_labelled_Lola_pheeseq_0000022.txt,x,A,A,P,P,P,,,,,,,,,,,,,after,phees,2022-07-25,13-47-10,Lola,2022-07-25 13:47:10,13:45,3.0,Wuschel,30.0,xAAPPPnannannannannannannannannannannannan,AAPPPnannannannannannannannannannannannan,1,non-partner
after_phees_2022-07-25_13-47-10_0000038_labelled_Lola_pheeseq_0000025.txt,x,A,A,P,P,P,,,,,,,,,,,,,after,phees,2022-07-25,13-47-10,Lola,2022-07-25 13:47:10,13:45,3.0,Wuschel,32.0,xAAPPPnannannannannannannannannannannannan,AAPPPnannannannannannannannannannannannan,1,non-partner
after_phees_2022-07-25_14-28-46_0000039_labelled_Nougatti_pheeseq_0000035.txt,x,A,P,A,y,,,,,,,,,,,,,,after,phees,2022-07-25,14-28-46,Nougatti,2022-07-25 14:28:46,14:30,3.0,Tabor,2.0,xAPAynannannannannannannannannannannannannan,APAnannannannannannannannannannannannannan,3,non-partner
after_phees_2022-07-25_14-28-46_0000039_labelled_Nougatti_pheeseq_0000034.txt,x,A,P,A,y,,,,,,,,,,,,,,after,phees,2022-07-25,14-28-46,Nougatti,2022-07-25 14:28:46,14:30,3.0,Tabor,3.0,xAPAynannannannannannannannannannannannannan,APAnannannannannannannannannannannannannan,3,non-partner
after_phees_2022-07-25_14-28-46_0000039_labelled_Nougatti_pheeseq_0000033.txt,x,A,A,A,y,,,,,,,,,,,,,,after,phees,2022-07-25,14-28-46,Nougatti,2022-07-25 14:28:46,14:30,3.0,Tabor,4.0,xAAAynannannannannannannannannannannannannan,AAAnannannannannannannannannannannannannan,3,non-partner
after_phees_2022-07-25_14-28-46_0000039_labelled_Nougatti_pheeseq_0000027.txt,x,A,P,A,A,y,,,,,,,,,,,,,after,phees,2022-07-25,14-28-46,Nougatti,2022-07-25 14:28:46,14:30,3.0,Tabor,5.0,xAPAAynannannannannannannannannannannannan,APAAnannannannannannannannannannannannan,3,non-partner
after_phees_2022-07-25_14-28-46_0000039_labelled_Nougatti_pheeseq_0000026.txt,x,A,A,y,,,,,,,,,,,,,,,after,phees,2022-07-25,14-28-46,Nougatti,2022-07-25 14:28:46,14:30,3.0,Tabor,6.0,xAAynannannannannannannannannannannannannannan,AAnannannannannannannannannannannannannannan,3,non-partner
after_phees_2022-07-25_14-28-46_0000039_labelled_Nougatti_pheeseq_0000032.txt,x,A,A,y,,,,,,,,,,,,,,,after,phees,2022-07-25,14-28-46,Nougatti,2022-07-25 14:28:46,14:30,3.0,Tabor,7.0,xAAynannannannannannannannannannannannannannan,AAnannannannannannannannannannannannannannan,3,non-partner
after_phees_2022-07-25_14-28-46_0000039_labelled_Nougatti_pheeseq_0000018.txt,x,A,y,,,,,,,,,,,,,,,,after,phees,2022-07-25,14-28-46,Nougatti,2022-07-25 14:28:46,14:30,3.0,Tabor,8.0,xAynannannannannannannannannannannannannannannan,Anannannannannannannannannannannannannannannan,1,non-partner
after_phees_2022-07-25_14-28-46_0000039_labelled_Nougatti_pheeseq_0000030.txt,x,A,A,y,,,,,,,,,,,,,,,after,phees,2022-07-25,14-28-46,Nougatti,2022-07-25 14:28:46,14:30,3.0,Tabor,9.0,xAAynannannannannannannannannannannannannannan,AAnannannannannannannannannannannannannannan,3,non-partner
after_phees_2022-07-25_14-28-46_0000039_labelled_Nougatti_pheeseq_0000031.txt,x,A,P,A,y,,,,,,,,,,,,,,after,phees,2022-07-25,14-28-46,Nougatti,2022-07-25 14:28:46,14:30,3.0,Tabor,10.0,xAPAynannannannannannannannannannannannannan,APAnannannannannannannannannannannannannan,3,non-partner
after_phees_2022-07-25_14-28-46_0000039_labelled_Nougatti_pheeseq_0000025.txt,x,A,A,y,,,,,,,,,,,,,,,after,phees,2022-07-25,14-28-46,Nougatti,2022-07-25 14:28:46,14:30,3.0,Tabor,11.0,xAAynannannannannannannannannannannannannannan,AAnannannannannannannannannannannannannannan,3,non-partner
after_phees_2022-07-25_14-43-13_0000041_labelled_Nougatti_pheeseq_0000008.txt,x,A,A,y,,,,,,,,,,,,,,,after,phees,2022-07-25,14-43-13,Nougatti,2022-07-25 14:43:13,14:30,3.0,Tabor,12.0,xAAynannannannannannannannannannannannannannan,AAnannannannannannannannannannannannannannan,1,non-partner
after_phees_2022-07-25_14-43-13_0000041_labelled_Nougatti_pheeseq_0000003.txt,x,A,A,y,,,,,,,,,,,,,,,after,phees,2022-07-25,14-43-13,Nougatti,2022-07-25 14:43:13,14:30,3.0,Tabor,14.0,xAAynannannannannannannannannannannannannannan,AAnannannannannannannannannannannannannannan,1,non-partner
after_phees_2022-07-25_14-43-13_0000041_labelled_Nougatti_pheeseq_0000004.txt,x,A,A,K,,,,,,,,,,,,,,,after,phees,2022-07-25,14-43-13,Nougatti,2022-07-25 14:43:13,14:30,3.0,Tabor,15.0,xAAKnannannannannannannannannannannannannannan,AAKnannannannannannannannannannannannannannan,1,non-partner
after_phees_2022-07-25_14-43-13_0000041_labelled_Nougatti_pheeseq_0000005.txt,x,A,A,y,,,,,,,,,,,,,,,after,phees,2022-07-25,14-43-13,Nougatti,2022-07-25 14:43:13,14:30,3.0,Tabor,16.0,xAAynannannannannannannannannannannannannannan,AAnannannannannannannannannannannannannannan,1,non-partner
after_phees_2022-07-25_14-43-13_0000041_labelled_Nougatti_pheeseq_0000007.txt,x,A,A,y,,,,,,,,,,,,,,,after,phees,2022-07-25,14-43-13,Nougatti,2022-07-25 14:43:13,14:30,3.0,Tabor,17.0,xAAynannannannannannannannannannannannannannan,AAnannannannannannannannannannannannannannan,1,non-partner
after_phees_2022-07-25_14-28-46_0000039_labelled_Nougatti_pheeseq_0000014.txt,x,A,A,P,P,,,,,,,,,,,,,,after,phees,2022-07-25,14-28-46,Nougatti,2022-07-25 14:28:46,14:30,3.0,Tabor,18.0,xAAPPnannannannannannannannannannannannannan,AAPPnannannannannannannannannannannannannan,1,non-partner
after_phees_2022-07-25_14-28-46_0000039_labelled_Nougatti_pheeseq_0000028.txt,x,A,P,A,A,y,,,,,,,,,,,,,after,phees,2022-07-25,14-28-46,Nougatti,2022-07-25 14:28:46,14:30,3.0,Tabor,19.0,xAPAAynannannannannannannannannannannannan,APAAnannannannannannannannannannannannan,3,non-partner
after_phees_2022-07-25_14-28-46_0000039_labelled_Nougatti_pheeseq_0000029.txt,x,A,A,y,,,,,,,,,,,,,,,after,phees,2022-07-25,14-28-46,Nougatti,2022-07-25 14:28:46,14:30,3.0,Tabor,20.0,xAAynannannannannannannannannannannannannannan,AAnannannannannannannannannannannannannannan,3,non-partner
after_phees_2022-07-25_14-28-46_0000039_labelled_Nougatti_pheeseq_0000015.txt,x,A,A,y,,,,,,,,,,,,,,,after,phees,2022-07-25,14-28-46,Nougatti,2022-07-25 14:28:46,14:30,3.0,Tabor,21.0,xAAynannannannannannannannannannannannannannan,AAnannannannannannannannannannannannannannan,1,non-partner
after_phees_2022-07-25_14-28-46_0000039_labelled_Nougatti_pheeseq_0000017.txt,x,A,y,,,,,,,,,,,,,,,,after,phees,2022-07-25,14-28-46,Nougatti,2022-07-25 14:28:46,14:30,3.0,Tabor,22.0,xAynannannannannannannannannannannannannannannan,Anannannannannannannannannannannannannannannan,1,non-partner
after_phees_2022-07-25_14-28-46_0000039_labelled_Nougatti_pheeseq_0000016.txt,x,A,A,P,,,,,,,,,,,,,,,after,phees,2022-07-25,14-28-46,Nougatti,2022-07-25 14:28:46,14:30,3.0,Tabor,23.0,xAAPnannannannannannannannannannannannannannan,AAPnannannannannannannannannannannannannannan,1,non-partner
after_phees_2022-07-25_15-26-45_0000046_labelled_Nougatti_pheeseq_0000038.txt,x,A,A,y,,,,,,,,,,,,,,,after,phees,2022-07-25,15-26-45,Nougatti,2022-07-25 15:26:45,15:25,3.0,Wuschel,1.0,xAAynannannannannannannannannannannannannannan,AAnannannannannannannannannannannannannannan,3,non-partner
after_phees_2022-07-25_15-26-45_0000046_labelled_Nougatti_pheeseq_0000029.txt,x,A,P,A,y,,,,,,,,,,,,,,after,phees,2022-07-25,15-26-45,Nougatti,2022-07-25 15:26:45,15:25,3.0,Wuschel,2.0,xAPAynannannannannannannannannannannannannan,APAnannannannannannannannannannannannannan,3,non-partner
after_phees_2022-07-25_15-26-45_0000046_labelled_Nougatti_pheeseq_0000028.txt,x,A,A,y,,,,,,,,,,,,,,,after,phees,2022-07-25,15-26-45,Nougatti,2022-07-25 15:26:45,15:25,3.0,Wuschel,3.0,xAAynannannannannannannannannannannannannannan,AAnannannannannannannannannannannannannannan,3,non-partner
after_phees_2022-07-25_15-26-45_0000046_labelled_Nougatti_phee_0000022.txt,x,A,y,,,,,,,,,,,,,,,,after,phees,2022-07-25,15-26-45,Nougatti,2022-07-25 15:26:45,15:25,3.0,Wuschel,4.0,xAynannannannannannannannannannannannannannannan,Anannannannannannannannannannannannannannannan,3,non-partner
after_phees_2022-07-25_15-26-45_0000046_labelled_Nougatti_pheeseq_0000032.txt,x,A,A,y,,,,,,,,,,,,,,,after,phees,2022-07-25,15-26-45,Nougatti,2022-07-25 15:26:45,15:25,3.0,Wuschel,5.0,xAAynannannannannannannannannannannannannannan,AAnannannannannannannannannannannannannannan,3,non-partner
after_phees_2022-07-25_15-26-45_0000046_labelled_Nougatti_pheeseq_0000026.txt,x,A,A,y,,,,,,,,,,,,,,,after,phees,2022-07-25,15-26-45,Nougatti,2022-07-25 15:26:45,15:25,3.0,Wuschel,6.0,xAAynannannannannannannannannannannannannannan,AAnannannannannannannannannannannannannannan,3,non-partner
after_phees_2022-07-25_15-26-45_0000046_labelled_Nougatti_pheeseq_0000027.txt,x,A,P,A,y,,,,,,,,,,,,,,after,phees,2022-07-25,15-26-45,Nougatti,2022-07-25 15:26:45,15:25,3.0,Wuschel,7.0,xAPAynannannannannannannannannannannannannan,APAnannannannannannannannannannannannannan,3,non-partner
after_phees_2022-07-25_15-26-45_0000046_labelled_Nougatti_pheeseq_0000033.txt,x,A,A,y,,,,,,,,,,,,,,,after,phees,2022-07-25,15-26-45,Nougatti,2022-07-25 15:26:45,15:25,3.0,Wuschel,8.0,xAAynannannannannannannannannannannannannannan,AAnannannannannannannannannannannannannannan,3,non-partner
after_phees_2022-07-25_15-26-45_0000046_labelled_Nougatti_pheeseq_0000025.txt,x,A,A,y,,,,,,,,,,,,,,,after,phees,2022-07-25,15-26-45,Nougatti,2022-07-25 15:26:45,15:25,3.0,Wuschel,9.0,xAAynannannannannannannannannannannannannannan,AAnannannannannannannannannannannannannannan,3,non-partner
after_phees_2022-07-25_15-26-45_0000046_labelled_Nougatti_pheeseq_0000031.txt,x,A,P,A,y,,,,,,,,,,,,,,after,phees,2022-07-25,15-26-45,Nougatti,2022-07-25 15:26:45,15:25,3.0,Wuschel,10.0,xAPAynannannannannannannannannannannannannan,APAnannannannannannannannannannannannannan,3,non-partner
after_phees_2022-07-25_15-26-45_0000046_labelled_Nougatti_pheeseq_0000030.txt,x,A,A,y,,,,,,,,,,,,,,,after,phees,2022-07-25,15-26-45,Nougatti,2022-07-25 15:26:45,15:25,3.0,Wuschel,11.0,xAAynannannannannannannannannannannannannannan,AAnannannannannannannannannannannannannannan,3,non-partner
after_phees_2022-07-25_15-26-45_0000046_labelled_Nougatti_pheeseq_0000034.txt,x,A,A,y,,,,,,,,,,,,,,,after,phees,2022-07-25,15-26-45,Nougatti,2022-07-25 15:26:45,15:25,3.0,Wuschel,12.0,xAAynannannannannannannannannannannannannannan,AAnannannannannannannannannannannannannannan,3,non-partner
after_phees_2022-07-25_15-26-45_0000046_labelled_Nougatti_pheeseq_0000035.txt,x,A,y,,,,,,,,,,,,,,,,after,phees,2022-07-25,15-26-45,Nougatti,2022-07-25 15:26:45,15:25,3.0,Wuschel,13.0,xAynannannannannannannannannannannannannannannan,Anannannannannannannannannannannannannannannan,3,non-partner
after_phees_2022-07-25_15-26-45_0000046_labelled_Nougatti_pheeseq_0000037.txt,x,A,P,A,y,,,,,,,,,,,,,,after,phees,2022-07-25,15-26-45,Nougatti,2022-07-25 15:26:45,15:25,3.0,Wuschel,14.0,xAPAynannannannannannannannannannannannannan,APAnannannannannannannannannannannannannan,3,non-partner
after_phees_2022-07-25_15-26-45_0000046_labelled_Nougatti_pheeseq_0000023.txt,x,A,A,y,,,,,,,,,,,,,,,after,phees,2022-07-25,15-26-45,Nougatti,2022-07-25 15:26:45,15:25,3.0,Wuschel,15.0,xAAynannannannannannannannannannannannannannan,AAnannannannannannannannannannannannannannan,3,non-partner
after_phees_2022-07-25_15-26-45_0000046_labelled_Nougatti_pheeseq_0000036.txt,x,A,A,y,,,,,,,,,,,,,,,after,phees,2022-07-25,15-26-45,Nougatti,2022-07-25 15:26:45,15:25,3.0,Wuschel,16.0,xAAynannannannannannannannannannannannannannan,AAnannannannannannannannannannannannannannan,3,non-partner
after_phees_2022-07-25_14-55-51_0000042_labelled_Olympia_phee_0000017.txt,x,A,y,,,,,,,,,,,,,,,,after,phees,2022-07-25,14-55-51,Olympia,2022-07-25 14:55:51,14:55,3.0,Tabor,1.0,xAynannannannannannannannannannannannannannannan,Anannannannannannannannannannannannannannannan,1,non-partner
after_phees_2022-07-25_14-28-46_0000039_labelled_Tabor_pheeseq_0000036.txt,x,A,A,y,,,,,,,,,,,,,,,after,phees,2022-07-25,14-28-46,Tabor,2022-07-25 14:28:46,14:30,3.0,Nougatti,1.0,xAAynannannannannannannannannannannannannannan,AAnannannannannannannannannannannannannannan,3,non-partner
after_phees_2022-07-25_14-43-13_0000041_labelled_Tabor_pheeseq_0000001.txt,x,A,A,A,y,,,,,,,,,,,,,,after,phees,2022-07-25,14-43-13,Tabor,2022-07-25 14:43:13,14:30,3.0,Nougatti,2.0,xAAAynannannannannannannannannannannannannan,AAAnannannannannannannannannannannannannan,1,non-partner
after_phees_2022-07-25_14-28-46_0000039_labelled_Tabor_pheeseq_0000024.txt,x,A,A,P,,,,,,,,,,,,,,,after,phees,2022-07-25,14-28-46,Tabor,2022-07-25 14:28:46,14:30,3.0,Nougatti,3.0,xAAPnannannannannannannannannannannannannannan,AAPnannannannannannannannannannannannannannan,3,non-partner
after_phees_2022-07-25_14-43-13_0000041_labelled_Tabor_pheeseq_0000006.txt,x,A,A,A,P,,,,,,,,,,,,,,after,phees,2022-07-25,14-43-13,Tabor,2022-07-25 14:43:13,14:30,3.0,Nougatti,4.0,xAAAPnannannannannannannannannannannannannan,AAAPnannannannannannannannannannannannannan,1,non-partner
after_phees_2022-07-25_14-28-46_0000039_labelled_Tabor_pheeseq_0000011.txt,x,A,A,A,P,P,P,,,,,,,,,,,,after,phees,2022-07-25,14-28-46,Tabor,2022-07-25 14:28:46,14:30,3.0,Nougatti,5.0,xAAAPPPnannannannannannannannannannannan,AAAPPPnannannannannannannannannannannan,1,non-partner
after_phees_2022-07-25_14-28-46_0000039_labelled_Tabor_pheeseq_0000010.txt,x,A,A,A,A,y,,,,,,,,,,,,,after,phees,2022-07-25,14-28-46,Tabor,2022-07-25 14:28:46,14:30,3.0,Nougatti,6.0,xAAAAynannannannannannannannannannannannan,AAAAnannannannannannannannannannannannan,1,non-partner
after_phees_2022-07-25_14-28-46_0000039_labelled_Tabor_pheeseq_0000012.txt,x,A,A,P,P,,,,,,,,,,,,,,after,phees,2022-07-25,14-28-46,Tabor,2022-07-25 14:28:46,14:30,3.0,Nougatti,7.0,xAAPPnannannannannannannannannannannannannan,AAPPnannannannannannannannannannannannannan,1,non-partner
after_phees_2022-07-25_14-28-46_0000039_labelled_Tabor_pheeseq_0000013.txt,x,A,A,A,A,P,P,,,,,,,,,,,,after,phees,2022-07-25,14-28-46,Tabor,2022-07-25 14:28:46,14:30,3.0,Nougatti,8.0,xAAAAPPnannannannannannannannannannannan,AAAAPPnannannannannannannannannannannan,1,non-partner
after_phees_2022-07-25_14-55-51_0000042_labelled_Tabor_pheeseq_0000013.txt,x,A,A,A,P,S,,,,,,,,,,,,,after,phees,2022-07-25,14-55-51,Tabor,2022-07-25 14:55:51,14:55,3.0,Olympia,2.0,xAAAPSnannannannannannannannannannannannan,AAAPSnannannannannannannannannannannannan,1,non-partner
after_phees_2022-07-25_14-55-51_0000042_labelled_Tabor_pheeseq_0000007.txt,T,K,A,P,A,A,P,P,P,P,,,,,,,,,after,phees,2022-07-25,14-55-51,Tabor,2022-07-25 14:55:51,14:55,3.0,Olympia,3.0,TKAPAAPPPPnannannannannannannannan,TKAPAAPPPPnannannannannannannannan,1,non-partner
after_phees_2022-07-25_14-55-51_0000042_labelled_Tabor_pheeseq_0000006.txt,x,A,A,A,P,P,P,P,,,,,,,,,,,after,phees,2022-07-25,14-55-51,Tabor,2022-07-25 14:55:51,14:55,3.0,Olympia,4.0,xAAAPPPPnannannannannannannannannannan,AAAPPPPnannannannannannannannannannan,1,non-partner
after_phees_2022-07-25_14-55-51_0000042_labelled_Tabor_pheeseq_0000012.txt,x,A,A,A,A,P,S,,,,,,,,,,,,after,phees,2022-07-25,14-55-51,Tabor,2022-07-25 14:55:51,14:55,3.0,Olympia,5.0,xAAAAPSnannannannannannannannannannannan,AAAAPSnannannannannannannannannannannan,1,non-partner
after_phees_2022-07-25_14-55-51_0000042_labelled_Tabor_pheeseq_0000004.txt,x,A,A,A,P,P,P,,,,,,,,,,,,after,phees,2022-07-25,14-55-51,Tabor,2022-07-25 14:55:51,14:55,3.0,Olympia,6.0,xAAAPPPnannannannannannannannannannannan,AAAPPPnannannannannannannannannannannan,1,non-partner
after_phees_2022-07-25_14-55-51_0000042_labelled_Tabor_pheeseq_0000010.txt,x,A,A,A,P,P,P,S,,,,,,,,,,,after,phees,2022-07-25,14-55-51,Tabor,2022-07-25 14:55:51,14:55,3.0,Olympia,7.0,xAAAPPPSnannannannannannannannannannan,AAAPPPSnannannannannannannannannannan,1,non-partner
after_phees_2022-07-25_14-55-51_0000042_labelled_Tabor_pheeseq_0000011.txt,x,A,A,A,P,P,P,S,,,,,,,,,,,after,phees,2022-07-25,14-55-51,Tabor,2022-07-25 14:55:51,14:55,3.0,Olympia,8.0,xAAAPPPSnannannannannannannannannannan,AAAPPPSnannannannannannannannannannan,1,non-partner
after_phees_2022-07-25_14-55-51_0000042_labelled_Tabor_pheeseq_0000005.txt,x,A,A,A,P,P,P,,,,,,,,,,,,after,phees,2022-07-25,14-55-51,Tabor,2022-07-25 14:55:51,14:55,3.0,Olympia,9.0,xAAAPPPnannannannannannannannannannannan,AAAPPPnannannannannannannannannannannan,1,non-partner
after_phees_2022-07-25_14-55-51_0000042_labelled_Tabor_pheeseq_0000015.txt,x,A,A,A,P,P,P,,,,,,,,,,,,after,phees,2022-07-25,14-55-51,Tabor,2022-07-25 14:55:51,14:55,3.0,Olympia,10.0,xAAAPPPnannannannannannannannannannannan,AAAPPPnannannannannannannannannannannan,1,non-partner
after_phees_2022-07-25_14-55-51_0000042_labelled_Tabor_pheeseq_0000002.txt,x,A,A,A,y,,,,,,,,,,,,,,after,phees,2022-07-25,14-55-51,Tabor,2022-07-25 14:55:51,14:55,3.0,Olympia,11.0,xAAAynannannannannannannannannannannannannan,AAAnannannannannannannannannannannannannan,1,non-partner
after_phees_2022-07-25_14-55-51_0000042_labelled_Tabor_pheeseq_0000026.txt,x,A,A,P,P,,,,,,,,,,,,,,after,phees,2022-07-25,14-55-51,Tabor,2022-07-25 14:55:51,14:55,3.0,Olympia,12.0,xAAPPnannannannannannannannannannannannannan,AAPPnannannannannannannannannannannannannan,3,non-partner
after_phees_2022-07-25_14-55-51_0000042_labelled_Tabor_pheeseq_0000019.txt,x,A,A,P,P,P,,,,,,,,,,,,,after,phees,2022-07-25,14-55-51,Tabor,2022-07-25 14:55:51,14:55,3.0,Olympia,13.0,xAAPPPnannannannannannannannannannannannan,AAPPPnannannannannannannannannannannannan,1,non-partner
after_phees_2022-07-25_14-55-51_0000042_labelled_Tabor_pheeseq_0000018.txt,x,A,A,A,P,S,,,,,,,,,,,,,after,phees,2022-07-25,14-55-51,Tabor,2022-07-25 14:55:51,14:55,3.0,Olympia,14.0,xAAAPSnannannannannannannannannannannannan,AAAPSnannannannannannannannannannannannan,1,non-partner
after_phees_2022-07-25_14-55-51_0000042_labelled_Tabor_pheeseq_0000008.txt,T,K,A,P,A,A,A,P,P,P,,,,,,,,,after,phees,2022-07-25,14-55-51,Tabor,2022-07-25 14:55:51,14:55,3.0,Olympia,15.0,TKAPAAAPPPnannannannannannannannan,TKAPAAAPPPnannannannannannannannan,1,non-partner
after_phees_2022-07-25_13-47-10_0000038_labelled_Wuschel_pheeseq_0000028.txt,x,A,A,K,,,,,,,,,,,,,,,after,phees,2022-07-25,13-47-10,Wuschel,2022-07-25 13:47:10,13:45,3.0,Lola,1.0,xAAKnannannannannannannannannannannannannannan,AAKnannannannannannannannannannannannannannan,1,non-partner
after_phees_2022-07-25_13-47-10_0000038_labelled_Wuschel_pheeseq_0000015.txt,x,A,A,y,,,,,,,,,,,,,,,after,phees,2022-07-25,13-47-10,Wuschel,2022-07-25 13:47:10,13:45,3.0,Lola,2.0,xAAynannannannannannannannannannannannannannan,AAnannannannannannannannannannannannannannan,1,non-partner
after_phees_2022-07-25_13-47-10_0000038_labelled_Wuschel_pheeseq_0000029.txt,x,A,A,y,,,,,,,,,,,,,,,after,phees,2022-07-25,13-47-10,Wuschel,2022-07-25 13:47:10,13:45,3.0,Lola,3.0,xAAynannannannannannannannannannannannannannan,AAnannannannannannannannannannannannannannan,1,non-partner
after_phees_2022-07-25_13-47-10_0000038_labelled_Wuschel_pheeseq_0000017.txt,x,A,A,y,,,,,,,,,,,,,,,after,phees,2022-07-25,13-47-10,Wuschel,2022-07-25 13:47:10,13:45,3.0,Lola,4.0,xAAynannannannannannannannannannannannannannan,AAnannannannannannannannannannannannannannan,1,non-partner
after_phees_2022-07-25_13-47-10_0000038_labelled_Wuschel_pheeseq_0000012.txt,x,A,A,y,,,,,,,,,,,,,,,after,phees,2022-07-25,13-47-10,Wuschel,2022-07-25 13:47:10,13:45,3.0,Lola,5.0,xAAynannannannannannannannannannannannannannan,AAnannannannannannannannannannannannannannan,1,non-partner
after_phees_2022-07-25_13-47-10_0000038_labelled_Wuschel_pheeseq_0000011.txt,x,A,A,y,,,,,,,,,,,,,,,after,phees,2022-07-25,13-47-10,Wuschel,2022-07-25 13:47:10,13:45,3.0,Lola,6.0,xAAynannannannannannannannannannannannannannan,AAnannannannannannannannannannannannannannan,1,non-partner
after_phees_2022-07-25_13-47-10_0000038_labelled_Wuschel_phee_0000007.txt,x,A,y,,,,,,,,,,,,,,,,after,phees,2022-07-25,13-47-10,Wuschel,2022-07-25 13:47:10,13:45,3.0,Lola,7.0,xAynannannannannannannannannannannannannannannan,Anannannannannannannannannannannannannannannan,1,non-partner
after_phees_2022-07-25_13-47-10_0000038_labelled_Wuschel_pheeseq_0000010.txt,x,A,A,y,,,,,,,,,,,,,,,after,phees,2022-07-25,13-47-10,Wuschel,2022-07-25 13:47:10,13:45,3.0,Lola,8.0,xAAynannannannannannannannannannannannannannan,AAnannannannannannannannannannannannannannan,1,non-partner
after_phees_2022-07-25_13-47-10_0000038_labelled_Wuschel_pheeseq_0000056.txt,x,A,A,y,,,,,,,,,,,,,,,after,phees,2022-07-25,13-47-10,Wuschel,2022-07-25 13:47:10,13:45,3.0,Lola,10.0,xAAynannannannannannannannannannannannannannan,AAnannannannannannannannannannannannannannan,3,non-partner
after_phees_2022-07-25_13-47-10_0000038_labelled_Wuschel_pheeseq_0000054.txt,x,A,A,y,,,,,,,,,,,,,,,after,phees,2022-07-25,13-47-10,Wuschel,2022-07-25 13:47:10,13:45,3.0,Lola,11.0,xAAynannannannannannannannannannannannannannan,AAnannannannannannannannannannannannannannan,3,non-partner
after_phees_2022-07-25_13-47-10_0000038_labelled_Wuschel_phee_0000053.txt,x,A,y,,,,,,,,,,,,,,,,after,phees,2022-07-25,13-47-10,Wuschel,2022-07-25 13:47:10,13:45,3.0,Lola,12.0,xAynannannannannannannannannannannannannannannan,Anannannannannannannannannannannannannannannan,3,non-partner
after_phees_2022-07-25_13-47-10_0000038_labelled_Wuschel_pheeseq_0000023.txt,x,A,A,y,,,,,,,,,,,,,,,after,phees,2022-07-25,13-47-10,Wuschel,2022-07-25 13:47:10,13:45,3.0,Lola,13.0,xAAynannannannannannannannannannannannannannan,AAnannannannannannannannannannannannannannan,1,non-partner
after_phees_2022-07-25_13-47-10_0000038_labelled_Wuschel_pheeseq_0000027.txt,x,A,A,y,,,,,,,,,,,,,,,after,phees,2022-07-25,13-47-10,Wuschel,2022-07-25 13:47:10,13:45,3.0,Lola,15.0,xAAynannannannannannannannannannannannannannan,AAnannannannannannannannannannannannannannan,1,non-partner
after_phees_2022-07-25_13-47-10_0000038_labelled_Wuschel_pheeseq_0000026.txt,x,A,A,y,,,,,,,,,,,,,,,after,phees,2022-07-25,13-47-10,Wuschel,2022-07-25 13:47:10,13:45,3.0,Lola,16.0,xAAynannannannannannannannannannannannannannan,AAnannannannannannannannannannannannannannan,1,non-partner
after_phees_2022-07-25_13-47-10_0000038_labelled_Wuschel_pheeseq_0000024.txt,x,A,A,y,,,,,,,,,,,,,,,after,phees,2022-07-25,13-47-10,Wuschel,2022-07-25 13:47:10,13:45,3.0,Lola,17.0,xAAynannannannannannannannannannannannannannan,AAnannannannannannannannannannannannannannan,1,non-partner
after_phees_2022-07-25_13-47-10_0000038_labelled_Wuschel_pheeseq_0000030.txt,x,A,A,A,y,,,,,,,,,,,,,,after,phees,2022-07-25,13-47-10,Wuschel,2022-07-25 13:47:10,13:45,3.0,Lola,18.0,xAAAynannannannannannannannannannannannannan,AAAnannannannannannannannannannannannannan,1,non-partner
after_phees_2022-07-25_13-47-10_0000038_labelled_Wuschel_pheeseq_0000018.txt,x,A,A,y,,,,,,,,,,,,,,,after,phees,2022-07-25,13-47-10,Wuschel,2022-07-25 13:47:10,13:45,3.0,Lola,19.0,xAAynannannannannannannannannannannannannannan,AAnannannannannannannannannannannannannannan,1,non-partner
after_trills_2022-07-25_15-26-47_0000046_labelled_Wuschel_phee_0000021.txt,x,A,y,,,,,,,,,,,,,,,,after,trills,2022-07-25,15-26-47,Wuschel,2022-07-25 15:26:47,15:25,3.0,Nougatti,1.0,xAynannannannannannannannannannannannannannannan,Anannannannannannannannannannannannannannannan,3,non-partner
after_trills_2022-07-25_15-26-47_0000046_labelled_Wuschel_phee_0000022.txt,x,R,y,,,,,,,,,,,,,,,,after,trills,2022-07-25,15-26-47,Wuschel,2022-07-25 15:26:47,15:25,3.0,Nougatti,2.0,xRynannannannannannannannannannannannannannannan,Rnannannannannannannannannannannannannannannan,3,non-partner
after_trills_2022-07-25_15-26-47_0000046_labelled_Wuschel_phee_0000024.txt,x,A,y,,,,,,,,,,,,,,,,after,trills,2022-07-25,15-26-47,Wuschel,2022-07-25 15:26:47,15:25,3.0,Nougatti,3.0,xAynannannannannannannannannannannannannannannan,Anannannannannannannannannannannannannannannan,3,non-partner
after_trills_2022-07-25_15-26-47_0000046_labelled_Wuschel_phee_0000025.txt,x,A,y,,,,,,,,,,,,,,,,after,trills,2022-07-25,15-26-47,Wuschel,2022-07-25 15:26:47,15:25,3.0,Nougatti,4.0,xAynannannannannannannannannannannannannannannan,Anannannannannannannannannannannannannannannan,3,non-partner
after_phees_2022-07-25_15-26-45_0000046_labelled_Wuschel_phee_0000002.txt,x,A,y,,,,,,,,,,,,,,,,after,phees,2022-07-25,15-26-45,Wuschel,2022-07-25 15:26:45,15:25,3.0,Nougatti,5.0,xAynannannannannannannannannannannannannannannan,Anannannannannannannannannannannannannannannan,1,non-partner
after_trills_2022-07-25_15-26-47_0000046_labelled_Wuschel_phee_0000002.txt,x,R,y,,,,,,,,,,,,,,,,after,trills,2022-07-25,15-26-47,Wuschel,2022-07-25 15:26:47,15:25,3.0,Nougatti,6.0,xRynannannannannannannannannannannannannannannan,Rnannannannannannannannannannannannannannannan,1,non-partner
after_phees_2022-07-26_13-19-22_0000049_labelled_Lola_pheeseq_0000037.txt,x,A,A,y,,,,,,,,,,,,,,,after,phees,2022-07-26,13-19-22,Lola,2022-07-26 13:19:22,13:20,3.0,Odin,1.0,xAAynannannannannannannannannannannannannannan,AAnannannannannannannannannannannannannannan,3,non-partner
after_phees_2022-07-26_13-19-22_0000049_labelled_Lola_pheeseq_0000036.txt,x,A,y,,,,,,,,,,,,,,,,after,phees,2022-07-26,13-19-22,Lola,2022-07-26 13:19:22,13:20,3.0,Odin,2.0,xAynannannannannannannannannannannannannannannan,Anannannannannannannannannannannannannannannan,3,non-partner
after_phees_2022-07-26_13-19-22_0000049_labelled_Lola_pheeseq_0000022.txt,x,A,A,A,P,P,P,,,,,,,,,,,,after,phees,2022-07-26,13-19-22,Lola,2022-07-26 13:19:22,13:20,3.0,Odin,3.0,xAAAPPPnannannannannannannannannannannan,AAAPPPnannannannannannannannannannannan,1,non-partner
after_phees_2022-07-26_13-19-22_0000049_labelled_Lola_pheeseq_0000008.txt,x,A,A,y,,,,,,,,,,,,,,,after,phees,2022-07-26,13-19-22,Lola,2022-07-26 13:19:22,13:20,3.0,Odin,4.0,xAAynannannannannannannannannannannannannannan,AAnannannannannannannannannannannannannannan,1,non-partner
after_phees_2022-07-26_13-19-22_0000049_labelled_Lola_pheeseq_0000020.txt,x,A,A,y,,,,,,,,,,,,,,,after,phees,2022-07-26,13-19-22,Lola,2022-07-26 13:19:22,13:20,3.0,Odin,5.0,xAAynannannannannannannannannannannannannannan,AAnannannannannannannannannannannannannannan,1,non-partner
after_phees_2022-07-26_13-19-22_0000049_labelled_Lola_pheeseq_0000021.txt,x,A,A,A,y,,,,,,,,,,,,,,after,phees,2022-07-26,13-19-22,Lola,2022-07-26 13:19:22,13:20,3.0,Odin,6.0,xAAAynannannannannannannannannannannannannan,AAAnannannannannannannannannannannannannan,1,non-partner
after_phees_2022-07-26_13-19-22_0000049_labelled_Lola_pheeseq_0000009.txt,x,A,A,A,P,P,,,,,,,,,,,,,after,phees,2022-07-26,13-19-22,Lola,2022-07-26 13:19:22,13:20,3.0,Odin,7.0,xAAAPPnannannannannannannannannannannannan,AAAPPnannannannannannannannannannannannan,1,non-partner
after_phees_2022-07-26_13-19-22_0000049_labelled_Lola_pheeseq_0000040.txt,x,A,A,P,,,,,,,,,,,,,,,after,phees,2022-07-26,13-19-22,Lola,2022-07-26 13:19:22,13:20,3.0,Odin,11.0,xAAPnannannannannannannannannannannannannannan,AAPnannannannannannannannannannannannannannan,3,non-partner
after_phees_2022-07-26_13-19-22_0000049_labelled_Lola_pheeseq_0000041.txt,x,A,A,A,S,,,,,,,,,,,,,,after,phees,2022-07-26,13-19-22,Lola,2022-07-26 13:19:22,13:20,3.0,Odin,12.0,xAAASnannannannannannannannannannannannannan,AAASnannannannannannannannannannannannannan,3,non-partner
after_phees_2022-07-26_13-19-22_0000049_labelled_Lola_pheeseq_0000043.txt,x,A,A,P,P,S,,,,,,,,,,,,,after,phees,2022-07-26,13-19-22,Lola,2022-07-26 13:19:22,13:20,3.0,Odin,13.0,xAAPPSnannannannannannannannannannannannan,AAPPSnannannannannannannannannannannannan,3,non-partner
after_phees_2022-07-26_13-19-22_0000049_labelled_Lola_pheeseq_0000042.txt,x,A,A,P,,,,,,,,,,,,,,,after,phees,2022-07-26,13-19-22,Lola,2022-07-26 13:19:22,13:20,3.0,Odin,14.0,xAAPnannannannannannannannannannannannannannan,AAPnannannannannannannannannannannannannannan,3,non-partner
after_phees_2022-07-26_13-19-22_0000049_labelled_Lola_pheeseq_0000052.txt,x,A,A,y,,,,,,,,,,,,,,,after,phees,2022-07-26,13-19-22,Lola,2022-07-26 13:19:22,13:20,3.0,Odin,15.0,xAAynannannannannannannannannannannannannannan,AAnannannannannannannannannannannannannannan,3,non-partner
after_phees_2022-07-26_13-19-22_0000049_labelled_Lola_pheeseq_0000047.txt,x,A,A,y,,,,,,,,,,,,,,,after,phees,2022-07-26,13-19-22,Lola,2022-07-26 13:19:22,13:20,3.0,Odin,16.0,xAAynannannannannannannannannannannannannannan,AAnannannannannannannannannannannannannannan,3,non-partner
after_phees_2022-07-26_13-19-22_0000049_labelled_Lola_pheeseq_0000045.txt,x,A,A,y,,,,,,,,,,,,,,,after,phees,2022-07-26,13-19-22,Lola,2022-07-26 13:19:22,13:20,3.0,Odin,17.0,xAAynannannannannannannannannannannannannannan,AAnannannannannannannannannannannannannannan,3,non-partner
after_phees_2022-07-26_13-19-22_0000049_labelled_Lola_pheeseq_0000051.txt,x,A,A,y,,,,,,,,,,,,,,,after,phees,2022-07-26,13-19-22,Lola,2022-07-26 13:19:22,13:20,3.0,Odin,18.0,xAAynannannannannannannannannannannannannannan,AAnannannannannannannannannannannannannannan,3,non-partner
after_phees_2022-07-26_13-19-22_0000049_labelled_Lola_pheeseq_0000050.txt,x,A,A,y,,,,,,,,,,,,,,,after,phees,2022-07-26,13-19-22,Lola,2022-07-26 13:19:22,13:20,3.0,Odin,19.0,xAAynannannannannannannannannannannannannannan,AAnannannannannannannannannannannannannannan,3,non-partner
after_phees_2022-07-26_13-19-22_0000049_labelled_Lola_pheeseq_0000044.txt,x,A,A,y,,,,,,,,,,,,,,,after,phees,2022-07-26,13-19-22,Lola,2022-07-26 13:19:22,13:20,3.0,Odin,20.0,xAAynannannannannannannannannannannannannannan,AAnannannannannannannannannannannannannannan,3,non-partner
after_phees_2022-07-26_13-19-22_0000049_labelled_Lola_pheeseq_0000049.txt,x,A,A,y,,,,,,,,,,,,,,,after,phees,2022-07-26,13-19-22,Lola,2022-07-26 13:19:22,13:20,3.0,Odin,21.0,xAAynannannannannannannannannannannannannannan,AAnannannannannannannannannannannannannannan,3,non-partner
after_phees_2022-07-26_13-19-22_0000049_labelled_Lola_pheeseq_0000048.txt,x,A,A,y,,,,,,,,,,,,,,,after,phees,2022-07-26,13-19-22,Lola,2022-07-26 13:19:22,13:20,3.0,Odin,22.0,xAAynannannannannannannannannannannannannannan,AAnannannannannannannannannannannannannannan,3,non-partner
after_phees_2022-07-26_13-19-22_0000049_labelled_Lola_pheeseq_0000002.txt,x,A,A,A,y,,,,,,,,,,,,,,after,phees,2022-07-26,13-19-22,Lola,2022-07-26 13:19:22,13:20,3.0,Odin,23.0,xAAAynannannannannannannannannannannannannan,AAAnannannannannannannannannannannannannan,1,non-partner
after_phees_2022-07-26_13-19-22_0000049_labelled_Lola_pheeseq_0000016.txt,x,A,A,A,y,,,,,,,,,,,,,,after,phees,2022-07-26,13-19-22,Lola,2022-07-26 13:19:22,13:20,3.0,Odin,24.0,xAAAynannannannannannannannannannannannannan,AAAnannannannannannannannannannannannannan,1,non-partner
after_phees_2022-07-26_13-19-22_0000049_labelled_Lola_pheeseq_0000003.txt,x,A,A,A,A,A,A,A,y,,,,,,,,,,after,phees,2022-07-26,13-19-22,Lola,2022-07-26 13:19:22,13:20,3.0,Odin,25.0,xAAAAAAAynannannannannannannannannan,AAAAAAAnannannannannannannannannan,1,non-partner
after_phees_2022-07-26_13-19-22_0000049_labelled_Lola_pheeseq_0000015.txt,x,A,A,y,,,,,,,,,,,,,,,after,phees,2022-07-26,13-19-22,Lola,2022-07-26 13:19:22,13:20,3.0,Odin,27.0,xAAynannannannannannannannannannannannannannan,AAnannannannannannannannannannannannannannan,1,non-partner
after_phees_2022-07-26_13-19-22_0000049_labelled_Lola_pheeseq_0000014.txt,x,A,A,y,,,,,,,,,,,,,,,after,phees,2022-07-26,13-19-22,Lola,2022-07-26 13:19:22,13:20,3.0,Odin,28.0,xAAynannannannannannannannannannannannannannan,AAnannannannannannannannannannannannannannan,1,non-partner
after_phees_2022-07-26_13-19-22_0000049_labelled_Lola_pheeseq_0000010.txt,x,A,A,A,y,,,,,,,,,,,,,,after,phees,2022-07-26,13-19-22,Lola,2022-07-26 13:19:22,13:20,3.0,Odin,30.0,xAAAynannannannannannannannannannannannannan,AAAnannannannannannannannannannannannannan,1,non-partner
after_phees_2022-07-26_13-19-22_0000049_labelled_Lola_pheeseq_0000004.txt,x,A,A,P,S,,,,,,,,,,,,,,after,phees,2022-07-26,13-19-22,Lola,2022-07-26 13:19:22,13:20,3.0,Odin,31.0,xAAPSnannannannannannannannannannannannannan,AAPSnannannannannannannannannannannannannan,1,non-partner
after_phees_2022-07-26_13-19-22_0000049_labelled_Lola_pheeseq_0000038.txt,x,A,A,S,,,,,,,,,,,,,,,after,phees,2022-07-26,13-19-22,Lola,2022-07-26 13:19:22,13:20,3.0,Odin,32.0,xAASnannannannannannannannannannannannannannan,AASnannannannannannannannannannannannannannan,3,non-partner
after_phees_2022-07-26_13-19-22_0000049_labelled_Lola_pheeseq_0000039.txt,x,A,A,A,y,,,,,,,,,,,,,,after,phees,2022-07-26,13-19-22,Lola,2022-07-26 13:19:22,13:20,3.0,Odin,33.0,xAAAynannannannannannannannannannannannannan,AAAnannannannannannannannannannannannannan,3,non-partner
after_phees_2022-07-26_13-19-22_0000049_labelled_Lola_pheeseq_0000011.txt,x,A,A,A,y,,,,,,,,,,,,,,after,phees,2022-07-26,13-19-22,Lola,2022-07-26 13:19:22,13:20,3.0,Odin,34.0,xAAAynannannannannannannannannannannannannan,AAAnannannannannannannannannannannannannan,1,non-partner
after_phees_2022-07-26_13-19-22_0000049_labelled_Lola_pheeseq_0000013.txt,x,A,A,A,y,,,,,,,,,,,,,,after,phees,2022-07-26,13-19-22,Lola,2022-07-26 13:19:22,13:20,3.0,Odin,35.0,xAAAynannannannannannannannannannannannannan,AAAnannannannannannannannannannannannannan,1,non-partner
after_phees_2022-07-26_13-19-22_0000049_labelled_Lola_pheeseq_0000012.txt,x,A,A,y,,,,,,,,,,,,,,,after,phees,2022-07-26,13-19-22,Lola,2022-07-26 13:19:22,13:20,3.0,Odin,36.0,xAAynannannannannannannannannannannannannannan,AAnannannannannannannannannannannannannannan,1,non-partner
after_phees_2022-07-26_13-45-12_0000050_labelled_Lola_pheeseq_0000013.txt,x,A,A,A,y,,,,,,,,,,,,,,after,phees,2022-07-26,13-45-12,Lola,2022-07-26 13:45:12,13:45,3.0,Tabor,1.0,xAAAynannannannannannannannannannannannannan,AAAnannannannannannannannannannannannannan,1,partner
after_phees_2022-07-26_13-45-12_0000050_labelled_Lola_pheeseq_0000007.txt,x,A,A,y,,,,,,,,,,,,,,,after,phees,2022-07-26,13-45-12,Lola,2022-07-26 13:45:12,13:45,3.0,Tabor,2.0,xAAynannannannannannannannannannannannannannan,AAnannannannannannannannannannannannannannan,1,partner
after_phees_2022-07-26_13-45-12_0000050_labelled_Lola_pheeseq_0000006.txt,x,A,A,y,,,,,,,,,,,,,,,after,phees,2022-07-26,13-45-12,Lola,2022-07-26 13:45:12,13:45,3.0,Tabor,3.0,xAAynannannannannannannannannannannannannannan,AAnannannannannannannannannannannannannannan,1,partner
after_phees_2022-07-26_13-45-12_0000050_labelled_Lola_pheeseq_0000012.txt,x,A,A,A,y,,,,,,,,,,,,,,after,phees,2022-07-26,13-45-12,Lola,2022-07-26 13:45:12,13:45,3.0,Tabor,4.0,xAAAynannannannannannannannannannannannannan,AAAnannannannannannannannannannannannannan,1,partner
after_phees_2022-07-26_13-45-12_0000050_labelled_Lola_pheeseq_0000004.txt,x,A,y,,,,,,,,,,,,,,,,after,phees,2022-07-26,13-45-12,Lola,2022-07-26 13:45:12,13:45,3.0,Tabor,5.0,xAynannannannannannannannannannannannannannannan,Anannannannannannannannannannannannannannannan,1,partner
after_phees_2022-07-26_13-45-12_0000050_labelled_Lola_pheeseq_0000010.txt,x,A,A,y,,,,,,,,,,,,,,,after,phees,2022-07-26,13-45-12,Lola,2022-07-26 13:45:12,13:45,3.0,Tabor,6.0,xAAynannannannannannannannannannannannannannan,AAnannannannannannannannannannannannannannan,1,partner
after_phees_2022-07-26_13-45-12_0000050_labelled_Lola_pheeseq_0000011.txt,x,A,A,P,,,,,,,,,,,,,,,after,phees,2022-07-26,13-45-12,Lola,2022-07-26 13:45:12,13:45,3.0,Tabor,7.0,xAAPnannannannannannannannannannannannannannan,AAPnannannannannannannannannannannannannannan,1,partner
after_phees_2022-07-26_13-45-12_0000050_labelled_Lola_pheeseq_0000029.txt,x,A,y,,,,,,,,,,,,,,,,after,phees,2022-07-26,13-45-12,Lola,2022-07-26 13:45:12,13:45,3.0,Tabor,8.0,xAynannannannannannannannannannannannannannannan,Anannannannannannannannannannannannannannannan,3,partner
after_phees_2022-07-26_13-45-12_0000050_labelled_Lola_pheeseq_0000028.txt,x,A,A,y,,,,,,,,,,,,,,,after,phees,2022-07-26,13-45-12,Lola,2022-07-26 13:45:12,13:45,3.0,Tabor,9.0,xAAynannannannannannannannannannannannannannan,AAnannannannannannannannannannannannannannan,3,partner
after_phees_2022-07-26_13-45-12_0000050_labelled_Lola_pheeseq_0000032.txt,x,A,y,,,,,,,,,,,,,,,,after,phees,2022-07-26,13-45-12,Lola,2022-07-26 13:45:12,13:45,3.0,Tabor,10.0,xAynannannannannannannannannannannannannannannan,Anannannannannannannannannannannannannannannan,3,partner
after_phees_2022-07-26_13-45-12_0000050_labelled_Lola_pheeseq_0000026.txt,x,A,A,y,,,,,,,,,,,,,,,after,phees,2022-07-26,13-45-12,Lola,2022-07-26 13:45:12,13:45,3.0,Tabor,11.0,xAAynannannannannannannannannannannannannannan,AAnannannannannannannannannannannannannannan,3,partner
after_phees_2022-07-26_13-45-12_0000050_labelled_Lola_pheeseq_0000027.txt,x,A,A,y,,,,,,,,,,,,,,,after,phees,2022-07-26,13-45-12,Lola,2022-07-26 13:45:12,13:45,3.0,Tabor,12.0,xAAynannannannannannannannannannannannannannan,AAnannannannannannannannannannannannannannan,3,partner
after_phees_2022-07-26_13-45-12_0000050_labelled_Lola_pheeseq_0000033.txt,x,A,A,y,,,,,,,,,,,,,,,after,phees,2022-07-26,13-45-12,Lola,2022-07-26 13:45:12,13:45,3.0,Tabor,13.0,xAAynannannannannannannannannannannannannannan,AAnannannannannannannannannannannannannannan,3,partner
after_phees_2022-07-26_13-45-12_0000050_labelled_Lola_pheeseq_0000025.txt,x,A,A,y,,,,,,,,,,,,,,,after,phees,2022-07-26,13-45-12,Lola,2022-07-26 13:45:12,13:45,3.0,Tabor,14.0,xAAynannannannannannannannannannannannannannan,AAnannannannannannannannannannannannannannan,3,partner
after_phees_2022-07-26_13-45-12_0000050_labelled_Lola_pheeseq_0000031.txt,x,A,A,y,,,,,,,,,,,,,,,after,phees,2022-07-26,13-45-12,Lola,2022-07-26 13:45:12,13:45,3.0,Tabor,15.0,xAAynannannannannannannannannannannannannannan,AAnannannannannannannannannannannannannannan,3,partner
after_phees_2022-07-26_13-45-12_0000050_labelled_Lola_pheeseq_0000030.txt,x,A,A,y,,,,,,,,,,,,,,,after,phees,2022-07-26,13-45-12,Lola,2022-07-26 13:45:12,13:45,3.0,Tabor,16.0,xAAynannannannannannannannannannannannannannan,AAnannannannannannannannannannannannannannan,3,partner
after_phees_2022-07-26_13-45-12_0000050_labelled_Lola_pheeseq_0000024.txt,x,A,A,y,,,,,,,,,,,,,,,after,phees,2022-07-26,13-45-12,Lola,2022-07-26 13:45:12,13:45,3.0,Tabor,17.0,xAAynannannannannannannannannannannannannannan,AAnannannannannannannannannannannannannannan,3,partner
after_phees_2022-07-26_13-45-12_0000050_labelled_Lola_phee_0000021.txt,x,A,y,,,,,,,,,,,,,,,,after,phees,2022-07-26,13-45-12,Lola,2022-07-26 13:45:12,13:45,3.0,Tabor,18.0,xAynannannannannannannannannannannannannannannan,Anannannannannannannannannannannannannannannan,3,partner
after_phees_2022-07-26_13-45-12_0000050_labelled_Lola_pheeseq_0000034.txt,x,A,A,y,,,,,,,,,,,,,,,after,phees,2022-07-26,13-45-12,Lola,2022-07-26 13:45:12,13:45,3.0,Tabor,19.0,xAAynannannannannannannannannannannannannannan,AAnannannannannannannannannannannannannannan,3,partner
after_phees_2022-07-26_13-45-12_0000050_labelled_Lola_pheeseq_0000009.txt,x,A,A,y,,,,,,,,,,,,,,,after,phees,2022-07-26,13-45-12,Lola,2022-07-26 13:45:12,13:45,3.0,Tabor,20.0,xAAynannannannannannannannannannannannannannan,AAnannannannannannannannannannannannannannan,1,partner
after_phees_2022-07-26_13-45-12_0000050_labelled_Lola_pheeseq_0000035.txt,x,A,A,y,,,,,,,,,,,,,,,after,phees,2022-07-26,13-45-12,Lola,2022-07-26 13:45:12,13:45,3.0,Tabor,21.0,xAAynannannannannannannannannannannannannannan,AAnannannannannannannannannannannannannannan,3,partner
after_phees_2022-07-26_13-45-12_0000050_labelled_Lola_phee_0000022.txt,x,A,y,,,,,,,,,,,,,,,,after,phees,2022-07-26,13-45-12,Lola,2022-07-26 13:45:12,13:45,3.0,Tabor,22.0,xAynannannannannannannannannannannannannannannan,Anannannannannannannannannannannannannannannan,3,partner
after_phees_2022-07-26_13-45-12_0000050_labelled_Lola_pheeseq_0000037.txt,x,A,A,y,,,,,,,,,,,,,,,after,phees,2022-07-26,13-45-12,Lola,2022-07-26 13:45:12,13:45,3.0,Tabor,23.0,xAAynannannannannannannannannannannannannannan,AAnannannannannannannannannannannannannannan,3,partner
after_phees_2022-07-26_13-45-12_0000050_labelled_Lola_pheeseq_0000023.txt,x,A,A,y,,,,,,,,,,,,,,,after,phees,2022-07-26,13-45-12,Lola,2022-07-26 13:45:12,13:45,3.0,Tabor,24.0,xAAynannannannannannannannannannannannannannan,AAnannannannannannannannannannannannannannan,3,partner
after_phees_2022-07-26_13-45-12_0000050_labelled_Lola_pheeseq_0000036.txt,x,A,A,y,,,,,,,,,,,,,,,after,phees,2022-07-26,13-45-12,Lola,2022-07-26 13:45:12,13:45,3.0,Tabor,25.0,xAAynannannannannannannannannannannannannannan,AAnannannannannannannannannannannannannannan,3,partner
after_phees_2022-07-26_15-22-33_0000054_labelled_Nougatti_phee_0000014.txt,x,A,y,,,,,,,,,,,,,,,,after,phees,2022-07-26,15-22-33,Nougatti,2022-07-26 15:22:33,15:20,3.0,Odin,1.0,xAynannannannannannannannannannannannannannannan,Anannannannannannannannannannannannannannannan,1,partner
after_phees_2022-07-26_15-22-33_0000054_labelled_Nougatti_phee_0000015.txt,x,A,y,,,,,,,,,,,,,,,,after,phees,2022-07-26,15-22-33,Nougatti,2022-07-26 15:22:33,15:20,3.0,Odin,2.0,xAynannannannannannannannannannannannannannannan,Anannannannannannannannannannannannannannannan,1,partner
after_phees_2022-07-26_15-22-33_0000054_labelled_Nougatti_phee_0000002.txt,x,A,y,,,,,,,,,,,,,,,,after,phees,2022-07-26,15-22-33,Nougatti,2022-07-26 15:22:33,15:20,3.0,Odin,3.0,xAynannannannannannannannannannannannannannannan,Anannannannannannannannannannannannannannannan,1,partner
after_phees_2022-07-26_15-22-33_0000054_labelled_Nougatti_phee_0000016.txt,x,A,y,,,,,,,,,,,,,,,,after,phees,2022-07-26,15-22-33,Nougatti,2022-07-26 15:22:33,15:20,3.0,Odin,4.0,xAynannannannannannannannannannannannannannannan,Anannannannannannannannannannannannannannannan,1,partner
after_phees_2022-07-26_15-22-33_0000054_labelled_Nougatti_pheeseq_0000009.txt,x,A,A,y,,,,,,,,,,,,,,,after,phees,2022-07-26,15-22-33,Nougatti,2022-07-26 15:22:33,15:20,3.0,Odin,5.0,xAAynannannannannannannannannannannannannannan,AAnannannannannannannannannannannannannannan,1,partner
after_phees_2022-07-26_15-22-33_0000054_labelled_Nougatti_pheeseq_0000006.txt,x,A,A,y,,,,,,,,,,,,,,,after,phees,2022-07-26,15-22-33,Nougatti,2022-07-26 15:22:33,15:20,3.0,Odin,6.0,xAAynannannannannannannannannannannannannannan,AAnannannannannannannannannannannannannannan,1,partner
after_phees_2022-07-26_15-22-33_0000054_labelled_Nougatti_pheeseq_0000004.txt,x,A,A,y,,,,,,,,,,,,,,,after,phees,2022-07-26,15-22-33,Nougatti,2022-07-26 15:22:33,15:20,3.0,Odin,7.0,xAAynannannannannannannannannannannannannannan,AAnannannannannannannannannannannannannannan,1,partner
after_phees_2022-07-26_15-22-33_0000054_labelled_Nougatti_pheeseq_0000011.txt,x,A,A,y,,,,,,,,,,,,,,,after,phees,2022-07-26,15-22-33,Nougatti,2022-07-26 15:22:33,15:20,3.0,Odin,8.0,xAAynannannannannannannannannannannannannannan,AAnannannannannannannannannannannannannannan,1,partner
after_phees_2022-07-26_15-22-33_0000054_labelled_Nougatti_pheeseq_0000005.txt,x,A,A,y,,,,,,,,,,,,,,,after,phees,2022-07-26,15-22-33,Nougatti,2022-07-26 15:22:33,15:20,3.0,Odin,9.0,xAAynannannannannannannannannannannannannannan,AAnannannannannannannannannannannannannannan,1,partner
after_phees_2022-07-26_15-22-33_0000054_labelled_Nougatti_pheeseq_0000017.txt,x,A,A,y,,,,,,,,,,,,,,,after,phees,2022-07-26,15-22-33,Nougatti,2022-07-26 15:22:33,15:20,3.0,Odin,10.0,xAAynannannannannannannannannannannannannannan,AAnannannannannannannannannannannannannannan,1,partner
after_phees_2022-07-26_15-00-38_0000053_labelled_Nougatti_pheeseq_0000048.txt,x,A,y,,,,,,,,,,,,,,,,after,phees,2022-07-26,15-00-38,Nougatti,2022-07-26 15:00:38,15:00,4.0,Wuschel,1.0,xAynannannannannannannannannannannannannannannan,Anannannannannannannannannannannannannannannan,3,non-partner
after_phees_2022-07-26_15-00-38_0000053_labelled_Nougatti_pheeseq_0000012.txt,x,A,y,,,,,,,,,,,,,,,,after,phees,2022-07-26,15-00-38,Nougatti,2022-07-26 15:00:38,15:00,4.0,Wuschel,2.0,xAynannannannannannannannannannannannannannannan,Anannannannannannannannannannannannannannannan,1,non-partner
after_phees_2022-07-26_15-00-38_0000053_labelled_Nougatti_pheeseq_0000006.txt,x,A,A,y,,,,,,,,,,,,,,,after,phees,2022-07-26,15-00-38,Nougatti,2022-07-26 15:00:38,15:00,4.0,Wuschel,3.0,xAAynannannannannannannannannannannannannannan,AAnannannannannannannannannannannannannannan,1,non-partner
after_phees_2022-07-26_15-00-38_0000053_labelled_Nougatti_pheeseq_0000005.txt,x,A,A,y,,,,,,,,,,,,,,,after,phees,2022-07-26,15-00-38,Nougatti,2022-07-26 15:00:38,15:00,4.0,Wuschel,4.0,xAAynannannannannannannannannannannannannannan,AAnannannannannannannannannannannannannannan,1,non-partner
after_phees_2022-07-26_15-00-38_0000053_labelled_Nougatti_pheeseq_0000011.txt,x,A,A,A,y,,,,,,,,,,,,,,after,phees,2022-07-26,15-00-38,Nougatti,2022-07-26 15:00:38,15:00,4.0,Wuschel,5.0,xAAAynannannannannannannannannannannannannan,AAAnannannannannannannannannannannannannan,1,non-partner
after_phees_2022-07-26_15-00-38_0000053_labelled_Nougatti_pheeseq_0000039.txt,x,A,A,y,,,,,,,,,,,,,,,after,phees,2022-07-26,15-00-38,Nougatti,2022-07-26 15:00:38,15:00,4.0,Wuschel,6.0,xAAynannannannannannannannannannannannannannan,AAnannannannannannannannannannannannannannan,3,non-partner
after_phees_2022-07-26_15-00-38_0000053_labelled_Nougatti_pheeseq_0000010.txt,x,A,A,A,y,,,,,,,,,,,,,,after,phees,2022-07-26,15-00-38,Nougatti,2022-07-26 15:00:38,15:00,4.0,Wuschel,7.0,xAAAynannannannannannannannannannannannannan,AAAnannannannannannannannannannannannannan,1,non-partner
after_phees_2022-07-26_15-00-38_0000053_labelled_Nougatti_pheeseq_0000003.txt,x,A,A,A,P,,,,,,,,,,,,,,after,phees,2022-07-26,15-00-38,Nougatti,2022-07-26 15:00:38,15:00,4.0,Wuschel,8.0,xAAAPnannannannannannannannannannannannannan,AAAPnannannannannannannannannannannannannan,1,non-partner
after_phees_2022-07-26_15-00-38_0000053_labelled_Nougatti_pheeseq_0000024.txt,x,A,A,y,,,,,,,,,,,,,,,after,phees,2022-07-26,15-00-38,Nougatti,2022-07-26 15:00:38,15:00,4.0,Wuschel,9.0,xAAynannannannannannannannannannannannannannan,AAnannannannannannannannannannannannannannan,3,non-partner
after_phees_2022-07-26_15-00-38_0000053_labelled_Nougatti_pheeseq_0000025.txt,x,A,A,y,,,,,,,,,,,,,,,after,phees,2022-07-26,15-00-38,Nougatti,2022-07-26 15:00:38,15:00,4.0,Wuschel,10.0,xAAynannannannannannannannannannannannannannan,AAnannannannannannannannannannannannannannan,3,non-partner
after_phees_2022-07-26_15-00-38_0000053_labelled_Nougatti_pheeseq_0000008.txt,x,A,y,,,,,,,,,,,,,,,,after,phees,2022-07-26,15-00-38,Nougatti,2022-07-26 15:00:38,15:00,4.0,Wuschel,11.0,xAynannannannannannannannannannannannannannannan,Anannannannannannannannannannannannannannannan,1,non-partner
after_phees_2022-07-26_15-00-38_0000053_labelled_Nougatti_pheeseq_0000037.txt,x,A,A,y,,,,,,,,,,,,,,,after,phees,2022-07-26,15-00-38,Nougatti,2022-07-26 15:00:38,15:00,4.0,Wuschel,12.0,xAAynannannannannannannannannannannannannannan,AAnannannannannannannannannannannannannannan,3,non-partner
after_phees_2022-07-26_15-00-38_0000053_labelled_Nougatti_pheeseq_0000044.txt,x,A,A,y,,,,,,,,,,,,,,,after,phees,2022-07-26,15-00-38,Nougatti,2022-07-26 15:00:38,15:00,4.0,Wuschel,13.0,xAAynannannannannannannannannannannannannannan,AAnannannannannannannannannannannannannannan,3,non-partner
after_trills_2022-07-26_15-00-39_0000053_labelled_Nougatti_pheeseq_0000009.txt,x,A,A,P,P,,,,,,,,,,,,,,after,trills,2022-07-26,15-00-39,Nougatti,2022-07-26 15:00:39,15:00,4.0,Wuschel,14.0,xAAPPnannannannannannannannannannannannannan,AAPPnannannannannannannannannannannannannan,1,non-partner
after_trills_2022-07-26_15-00-39_0000053_labelled_Nougatti_pheeseq_0000021.txt,x,A,A,A,y,,,,,,,,,,,,,,after,trills,2022-07-26,15-00-39,Nougatti,2022-07-26 15:00:39,15:00,4.0,Wuschel,15.0,xAAAynannannannannannannannannannannannannan,AAAnannannannannannannannannannannannannan,1,non-partner
after_phees_2022-07-26_15-00-38_0000053_labelled_Nougatti_pheeseq_0000045.txt,x,A,A,y,,,,,,,,,,,,,,,after,phees,2022-07-26,15-00-38,Nougatti,2022-07-26 15:00:38,15:00,4.0,Wuschel,16.0,xAAynannannannannannannannannannannannannannan,AAnannannannannannannannannannannannannannan,3,non-partner
after_phees_2022-07-26_15-00-38_0000053_labelled_Nougatti_pheeseq_0000047.txt,x,A,A,y,,,,,,,,,,,,,,,after,phees,2022-07-26,15-00-38,Nougatti,2022-07-26 15:00:38,15:00,4.0,Wuschel,17.0,xAAynannannannannannannannannannannannannannan,AAnannannannannannannannannannannannannannan,3,non-partner
after_phees_2022-07-26_15-00-38_0000053_labelled_Nougatti_pheeseq_0000046.txt,x,A,A,y,,,,,,,,,,,,,,,after,phees,2022-07-26,15-00-38,Nougatti,2022-07-26 15:00:38,15:00,4.0,Wuschel,18.0,xAAynannannannannannannannannannannannannannan,AAnannannannannannannannannannannannannannan,3,non-partner
after_phees_2022-07-26_15-00-38_0000053_labelled_Nougatti_pheeseq_0000042.txt,x,A,A,y,,,,,,,,,,,,,,,after,phees,2022-07-26,15-00-38,Nougatti,2022-07-26 15:00:38,15:00,4.0,Wuschel,19.0,xAAynannannannannannannannannannannannannannan,AAnannannannannannannannannannannannannannan,3,non-partner
after_trills_2022-07-26_15-00-39_0000053_labelled_Nougatti_pheeseq_0000031.txt,x,A,P,,,,,,,,,,,,,,,,after,trills,2022-07-26,15-00-39,Nougatti,2022-07-26 15:00:39,15:00,4.0,Wuschel,21.0,xAPnannannannannannannannannannannannannannannan,APnannannannannannannannannannannannannannannan,3,non-partner
after_phees_2022-07-26_13-19-22_0000049_labelled_Odin_pheeseq_0000007.txt,x,A,A,A,y,,,,,,,,,,,,,,after,phees,2022-07-26,13-19-22,Odin,2022-07-26 13:19:22,13:20,3.0,Lola,1.0,xAAAynannannannannannannannannannannannannan,AAAnannannannannannannannannannannannannan,1,non-partner
after_phees_2022-07-26_13-19-22_0000049_labelled_Odin_pheeseq_0000017.txt,A,P,A,A,A,P,S,,,,,,,,,,,,after,phees,2022-07-26,13-19-22,Odin,2022-07-26 13:19:22,13:20,3.0,Lola,2.0,APAAAPSnannannannannannannannannannannan,APAAAPSnannannannannannannannannannannan,1,non-partner
after_phees_2022-07-26_13-19-22_0000049_labelled_Odin_pheeseq_0000053.txt,x,A,A,A,y,,,,,,,,,,,,,,after,phees,2022-07-26,13-19-22,Odin,2022-07-26 13:19:22,13:20,3.0,Lola,3.0,xAAAynannannannannannannannannannannannannan,AAAnannannannannannannannannannannannannan,3,non-partner
after_phees_2022-07-26_13-19-22_0000049_labelled_Odin_pheeseq_0000046.txt,x,A,P,A,y,,,,,,,,,,,,,,after,phees,2022-07-26,13-19-22,Odin,2022-07-26 13:19:22,13:20,3.0,Lola,4.0,xAPAynannannannannannannannannannannannannan,APAnannannannannannannannannannannannannan,3,non-partner
after_phees_2022-07-26_13-19-22_0000049_labelled_Odin_pheeseq_0000018.txt,x,A,A,A,A,P,P,,,,,,,,,,,,after,phees,2022-07-26,13-19-22,Odin,2022-07-26 13:19:22,13:20,3.0,Lola,6.0,xAAAAPPnannannannannannannannannannannan,AAAAPPnannannannannannannannannannannan,1,non-partner
after_phees_2022-07-26_13-19-22_0000049_labelled_Odin_pheeseq_0000019.txt,x,A,P,A,A,A,P,A,y,,,,,,,,,,after,phees,2022-07-26,13-19-22,Odin,2022-07-26 13:19:22,13:20,3.0,Lola,7.0,xAPAAAPAynannannannannannannannannan,APAAAPAnannannannannannannannannan,1,non-partner
after_phees_2022-07-26_13-19-22_0000049_labelled_Odin_pheeseq_0000035.txt,x,A,A,y,,,,,,,,,,,,,,,after,phees,2022-07-26,13-19-22,Odin,2022-07-26 13:19:22,13:20,3.0,Lola,8.0,xAAynannannannannannannannannannannannannannan,AAnannannannannannannannannannannannannannan,3,non-partner
after_phees_2022-07-26_15-22-33_0000054_labelled_Odin_phee_0000029.txt,x,A,y,,,,,,,,,,,,,,,,after,phees,2022-07-26,15-22-33,Odin,2022-07-26 15:22:33,15:20,3.0,Nougatti,1.0,xAynannannannannannannannannannannannannannannan,Anannannannannannannannannannannannannannannan,1,partner
after_trills_2022-07-26_15-22-35_0000054_labelled_Odin_phee_0000002.txt,x,R,y,,,,,,,,,,,,,,,,after,trills,2022-07-26,15-22-35,Odin,2022-07-26 15:22:35,15:20,3.0,Nougatti,2.0,xRynannannannannannannannannannannannannannannan,Rnannannannannannannannannannannannannannannan,1,partner
after_phees_2022-07-26_14-33-05_0000052_labelled_Olympia_pheeseq_0000014.txt,x,A,A,y,,,,,,,,,,,,,,,after,phees,2022-07-26,14-33-05,Olympia,2022-07-26 14:33:05,14:30,2.0,Wuschel,1.0,xAAynannannannannannannannannannannannannannan,AAnannannannannannannannannannannannannannan,3,partner
after_phees_2022-07-26_14-33-05_0000052_labelled_Olympia_pheeseq_0000015.txt,x,A,A,y,,,,,,,,,,,,,,,after,phees,2022-07-26,14-33-05,Olympia,2022-07-26 14:33:05,14:30,2.0,Wuschel,2.0,xAAynannannannannannannannannannannannannannan,AAnannannannannannannannannannannannannannan,3,partner
after_phees_2022-07-26_14-33-05_0000052_labelled_Olympia_phee_0000011.txt,x,A,y,,,,,,,,,,,,,,,,after,phees,2022-07-26,14-33-05,Olympia,2022-07-26 14:33:05,14:30,2.0,Wuschel,3.0,xAynannannannannannannannannannannannannannannan,Anannannannannannannannannannannannannannannan,3,partner
after_phees_2022-07-26_14-33-05_0000052_labelled_Olympia_phee_0000013.txt,x,A,y,,,,,,,,,,,,,,,,after,phees,2022-07-26,14-33-05,Olympia,2022-07-26 14:33:05,14:30,2.0,Wuschel,4.0,xAynannannannannannannannannannannannannannannan,Anannannannannannannannannannannannannannannan,3,partner
after_phees_2022-07-26_14-33-05_0000052_labelled_Olympia_pheeseq_0000016.txt,x,A,A,y,,,,,,,,,,,,,,,after,phees,2022-07-26,14-33-05,Olympia,2022-07-26 14:33:05,14:30,2.0,Wuschel,5.0,xAAynannannannannannannannannannannannannannan,AAnannannannannannannannannannannannannannan,3,partner
after_phees_2022-07-26_14-33-05_0000052_labelled_Olympia_pheeseq_0000012.txt,P,A,y,,,,,,,,,,,,,,,,after,phees,2022-07-26,14-33-05,Olympia,2022-07-26 14:33:05,14:30,2.0,Wuschel,7.0,PAynannannannannannannannannannannannannannannan,PAnannannannannannannannannannannannannannannan,3,partner
after_phees_2022-07-26_14-33-05_0000052_labelled_Olympia_phee_0000003.txt,x,A,y,,,,,,,,,,,,,,,,after,phees,2022-07-26,14-33-05,Olympia,2022-07-26 14:33:05,14:30,2.0,Wuschel,8.0,xAynannannannannannannannannannannannannannannan,Anannannannannannannannannannannannannannannan,1,partner
after_phees_2022-07-26_14-33-05_0000052_labelled_Olympia_pheeseq_0000010.txt,x,A,A,y,,,,,,,,,,,,,,,after,phees,2022-07-26,14-33-05,Olympia,2022-07-26 14:33:05,14:30,2.0,Wuschel,9.0,xAAynannannannannannannannannannannannannannan,AAnannannannannannannannannannannannannannan,3,partner
after_phees_2022-07-26_14-33-05_0000052_labelled_Olympia_pheeseq_0000009.txt,x,A,A,y,,,,,,,,,,,,,,,after,phees,2022-07-26,14-33-05,Olympia,2022-07-26 14:33:05,14:30,2.0,Wuschel,10.0,xAAynannannannannannannannannannannannannannan,AAnannannannannannannannannannannannannannan,3,partner
after_trills_2022-07-26_13-45-13_0000050_labelled_Tabor_pheeseq_0000014.txt,x,A,A,A,A,y,,,,,,,,,,,,,after,trills,2022-07-26,13-45-13,Tabor,2022-07-26 13:45:13,13:45,3.0,Lola,1.0,xAAAAynannannannannannannannannannannannan,AAAAnannannannannannannannannannannannan,3,partner
after_trills_2022-07-26_13-45-13_0000050_labelled_Tabor_pheeseq_0000015.txt,x,A,A,A,A,P,,,,,,,,,,,,,after,trills,2022-07-26,13-45-13,Tabor,2022-07-26 13:45:13,13:45,3.0,Lola,2.0,xAAAAPnannannannannannannannannannannannan,AAAAPnannannannannannannannannannannannan,3,partner
after_trills_2022-07-26_13-45-13_0000050_labelled_Tabor_pheeseq_0000002.txt,S,A,A,y,,,,,,,,,,,,,,,after,trills,2022-07-26,13-45-13,Tabor,2022-07-26 13:45:13,13:45,3.0,Lola,3.0,SAAynannannannannannannannannannannannannannan,SAAnannannannannannannannannannannannannannan,1,partner
after_trills_2022-07-26_13-45-13_0000050_labelled_Tabor_pheeseq_0000012.txt,x,P,A,P,P,P,,,,,,,,,,,,,after,trills,2022-07-26,13-45-13,Tabor,2022-07-26 13:45:13,13:45,3.0,Lola,4.0,xPAPPPnannannannannannannannannannannannan,PAPPPnannannannannannannannannannannannan,3,partner
after_trills_2022-07-26_13-45-13_0000050_labelled_Tabor_pheeseq_0000011.txt,P,A,P,P,P,,,,,,,,,,,,,,after,trills,2022-07-26,13-45-13,Tabor,2022-07-26 13:45:13,13:45,3.0,Lola,5.0,PAPPPnannannannannannannannannannannannannan,PAPPPnannannannannannannannannannannannannan,3,partner
after_phees_2022-07-26_13-45-12_0000050_labelled_Tabor_pheeseq_0000014.txt,x,A,A,P,P,P,,,,,,,,,,,,,after,phees,2022-07-26,13-45-12,Tabor,2022-07-26 13:45:12,13:45,3.0,Lola,6.0,xAAPPPnannannannannannannannannannannannan,AAPPPnannannannannannannannannannannannan,1,partner
after_phees_2022-07-26_13-45-12_0000050_labelled_Tabor_pheeseq_0000016.txt,x,A,A,P,A,P,P,,,,,,,,,,,,after,phees,2022-07-26,13-45-12,Tabor,2022-07-26 13:45:12,13:45,3.0,Lola,7.0,xAAPAPPnannannannannannannannannannannan,AAPAPPnannannannannannannannannannannan,1,partner
after_phees_2022-07-26_13-45-12_0000050_labelled_Tabor_pheeseq_0000002.txt,x,A,A,A,A,y,,,,,,,,,,,,,after,phees,2022-07-26,13-45-12,Tabor,2022-07-26 13:45:12,13:45,3.0,Lola,8.0,xAAAAynannannannannannannannannannannannan,AAAAnannannannannannannannannannannannan,1,partner
after_trills_2022-07-26_15-00-39_0000053_labelled_Wuschel_phee_0000010.txt,x,A,y,,,,,,,,,,,,,,,,after,trills,2022-07-26,15-00-39,Wuschel,2022-07-26 15:00:39,15:00,4.0,Nougatti,1.0,xAynannannannannannannannannannannannannannannan,Anannannannannannannannannannannannannannannan,1,non-partner
after_trills_2022-07-26_15-00-39_0000053_labelled_Wuschel_phee_0000004.txt,x,A,y,,,,,,,,,,,,,,,,after,trills,2022-07-26,15-00-39,Wuschel,2022-07-26 15:00:39,15:00,4.0,Nougatti,2.0,xAynannannannannannannannannannannannannannannan,Anannannannannannannannannannannannannannannan,1,non-partner
after_trills_2022-07-26_15-00-39_0000053_labelled_Wuschel_phee_0000005.txt,x,A,y,,,,,,,,,,,,,,,,after,trills,2022-07-26,15-00-39,Wuschel,2022-07-26 15:00:39,15:00,4.0,Nougatti,3.0,xAynannannannannannannannannannannannannannannan,Anannannannannannannannannannannannannannannan,1,non-partner
after_trills_2022-07-26_15-00-39_0000053_labelled_Wuschel_phee_0000007.txt,x,A,y,,,,,,,,,,,,,,,,after,trills,2022-07-26,15-00-39,Wuschel,2022-07-26 15:00:39,15:00,4.0,Nougatti,4.0,xAynannannannannannannannannannannannannannannan,Anannannannannannannannannannannannannannannan,1,non-partner
after_trills_2022-07-26_15-00-39_0000053_labelled_Wuschel_phee_0000017.txt,P,A,y,,,,,,,,,,,,,,,,after,trills,2022-07-26,15-00-39,Wuschel,2022-07-26 15:00:39,15:00,4.0,Nougatti,5.0,PAynannannannannannannannannannannannannannannan,PAnannannannannannannannannannannannannannannan,1,non-partner
after_trills_2022-07-26_15-00-39_0000053_labelled_Wuschel_phee_0000003.txt,x,A,y,,,,,,,,,,,,,,,,after,trills,2022-07-26,15-00-39,Wuschel,2022-07-26 15:00:39,15:00,4.0,Nougatti,6.0,xAynannannannannannannannannannannannannannannan,Anannannannannannannannannannannannannannannan,1,non-partner
after_trills_2022-07-26_15-00-39_0000053_labelled_Wuschel_phee_0000015.txt,x,A,y,,,,,,,,,,,,,,,,after,trills,2022-07-26,15-00-39,Wuschel,2022-07-26 15:00:39,15:00,4.0,Nougatti,7.0,xAynannannannannannannannannannannannannannannan,Anannannannannannannannannannannannannannannan,1,non-partner
after_phees_2022-07-26_15-00-38_0000053_labelled_Wuschel_phee_0000049.txt,x,A,y,,,,,,,,,,,,,,,,after,phees,2022-07-26,15-00-38,Wuschel,2022-07-26 15:00:38,15:00,4.0,Nougatti,8.0,xAynannannannannannannannannannannannannannannan,Anannannannannannannannannannannannannannannan,3,non-partner
after_phees_2022-07-26_15-00-38_0000053_labelled_Wuschel_pheeseq_0000028.txt,x,A,A,y,,,,,,,,,,,,,,,after,phees,2022-07-26,15-00-38,Wuschel,2022-07-26 15:00:38,15:00,4.0,Nougatti,9.0,xAAynannannannannannannannannannannannannannan,AAnannannannannannannannannannannannannannan,3,non-partner
after_phees_2022-07-26_15-00-38_0000053_labelled_Wuschel_pheeseq_0000029.txt,x,A,y,,,,,,,,,,,,,,,,after,phees,2022-07-26,15-00-38,Wuschel,2022-07-26 15:00:38,15:00,4.0,Nougatti,10.0,xAynannannannannannannannannannannannannannannan,Anannannannannannannannannannannannannannannan,3,non-partner
after_phees_2022-07-26_15-00-38_0000053_labelled_Wuschel_pheeseq_0000030.txt,x,A,A,P,S,,,,,,,,,,,,,,after,phees,2022-07-26,15-00-38,Wuschel,2022-07-26 15:00:38,15:00,4.0,Nougatti,11.0,xAAPSnannannannannannannannannannannannannan,AAPSnannannannannannannannannannannannannan,3,non-partner
after_phees_2022-07-26_15-00-38_0000053_labelled_Wuschel_pheeseq_0000031.txt,x,A,A,y,,,,,,,,,,,,,,,after,phees,2022-07-26,15-00-38,Wuschel,2022-07-26 15:00:38,15:00,4.0,Nougatti,12.0,xAAynannannannannannannannannannannannannannan,AAnannannannannannannannannannannannannannan,3,non-partner
after_phees_2022-07-26_15-00-38_0000053_labelled_Wuschel_pheeseq_0000027.txt,x,A,A,y,,,,,,,,,,,,,,,after,phees,2022-07-26,15-00-38,Wuschel,2022-07-26 15:00:38,15:00,4.0,Nougatti,13.0,xAAynannannannannannannannannannannannannannan,AAnannannannannannannannannannannannannannan,3,non-partner
after_phees_2022-07-26_15-00-38_0000053_labelled_Wuschel_pheeseq_0000033.txt,x,A,A,y,,,,,,,,,,,,,,,after,phees,2022-07-26,15-00-38,Wuschel,2022-07-26 15:00:38,15:00,4.0,Nougatti,14.0,xAAynannannannannannannannannannannannannannan,AAnannannannannannannannannannannannannannan,3,non-partner
after_phees_2022-07-26_15-00-38_0000053_labelled_Wuschel_pheeseq_0000036.txt,x,A,A,y,,,,,,,,,,,,,,,after,phees,2022-07-26,15-00-38,Wuschel,2022-07-26 15:00:38,15:00,4.0,Nougatti,15.0,xAAynannannannannannannannannannannannannannan,AAnannannannannannannannannannannannannannan,3,non-partner
after_phees_2022-07-26_15-00-38_0000053_labelled_Wuschel_pheeseq_0000034.txt,x,A,A,A,y,,,,,,,,,,,,,,after,phees,2022-07-26,15-00-38,Wuschel,2022-07-26 15:00:38,15:00,4.0,Nougatti,16.0,xAAAynannannannannannannannannannannannannan,AAAnannannannannannannannannannannannannan,3,non-partner
after_trills_2022-07-26_15-00-39_0000053_labelled_Wuschel_phee_0000032.txt,x,A,y,,,,,,,,,,,,,,,,after,trills,2022-07-26,15-00-39,Wuschel,2022-07-26 15:00:39,15:00,4.0,Nougatti,17.0,xAynannannannannannannannannannannannannannannan,Anannannannannannannannannannannannannannannan,3,non-partner
after_trills_2022-07-26_15-00-39_0000053_labelled_Wuschel_phee_0000033.txt,x,A,y,,,,,,,,,,,,,,,,after,trills,2022-07-26,15-00-39,Wuschel,2022-07-26 15:00:39,15:00,4.0,Nougatti,18.0,xAynannannannannannannannannannannannannannannan,Anannannannannannannannannannannannannannannan,3,non-partner
after_phees_2022-07-26_15-00-38_0000053_labelled_Wuschel_phee_0000032.txt,x,A,y,,,,,,,,,,,,,,,,after,phees,2022-07-26,15-00-38,Wuschel,2022-07-26 15:00:38,15:00,4.0,Nougatti,19.0,xAynannannannannannannannannannannannannannannan,Anannannannannannannannannannannannannannannan,3,non-partner
after_phees_2022-07-26_15-00-38_0000053_labelled_Wuschel_phee_0000026.txt,x,A,y,,,,,,,,,,,,,,,,after,phees,2022-07-26,15-00-38,Wuschel,2022-07-26 15:00:38,15:00,4.0,Nougatti,20.0,xAynannannannannannannannannannannannannannannan,Anannannannannannannannannannannannannannannan,3,non-partner
after_phees_2022-07-26_15-00-38_0000053_labelled_Wuschel_pheeseq_0000041.txt,x,A,A,y,,,,,,,,,,,,,,,after,phees,2022-07-26,15-00-38,Wuschel,2022-07-26 15:00:38,15:00,4.0,Nougatti,21.0,xAAynannannannannannannannannannannannannannan,AAnannannannannannannannannannannannannannan,3,non-partner
after_trills_2022-07-26_15-00-39_0000053_labelled_Wuschel_phee_0000023.txt,x,A,y,,,,,,,,,,,,,,,,after,trills,2022-07-26,15-00-39,Wuschel,2022-07-26 15:00:39,15:00,4.0,Nougatti,22.0,xAynannannannannannannannannannannannannannannan,Anannannannannannannannannannannannannannannan,1,non-partner
after_phees_2022-07-26_15-00-38_0000053_labelled_Wuschel_phee_0000009.txt,x,A,y,,,,,,,,,,,,,,,,after,phees,2022-07-26,15-00-38,Wuschel,2022-07-26 15:00:38,15:00,4.0,Nougatti,23.0,xAynannannannannannannannannannannannannannannan,Anannannannannannannannannannannannannannannan,1,non-partner
after_phees_2022-07-26_15-00-38_0000053_labelled_Wuschel_phee_0000035.txt,x,A,y,,,,,,,,,,,,,,,,after,phees,2022-07-26,15-00-38,Wuschel,2022-07-26 15:00:38,15:00,4.0,Nougatti,24.0,xAynannannannannannannannannannannannannannannan,Anannannannannannannannannannannannannannannan,3,non-partner
after_trills_2022-07-26_15-00-39_0000053_labelled_Wuschel_phee_0000034.txt,x,A,y,,,,,,,,,,,,,,,,after,trills,2022-07-26,15-00-39,Wuschel,2022-07-26 15:00:39,15:00,4.0,Nougatti,25.0,xAynannannannannannannannannannannannannannannan,Anannannannannannannannannannannannannannannan,3,non-partner
after_trills_2022-07-26_15-00-39_0000053_labelled_Wuschel_phee_0000020.txt,x,A,y,,,,,,,,,,,,,,,,after,trills,2022-07-26,15-00-39,Wuschel,2022-07-26 15:00:39,15:00,4.0,Nougatti,26.0,xAynannannannannannannannannannannannannannannan,Anannannannannannannannannannannannannannannan,1,non-partner
after_trills_2022-07-26_15-00-39_0000053_labelled_Wuschel_phee_0000008.txt,x,A,y,,,,,,,,,,,,,,,,after,trills,2022-07-26,15-00-39,Wuschel,2022-07-26 15:00:39,15:00,4.0,Nougatti,27.0,xAynannannannannannannannannannannannannannannan,Anannannannannannannannannannannannannannannan,1,non-partner
after_phees_2022-07-26_15-00-38_0000053_labelled_Wuschel_pheeseq_0000043.txt,x,A,A,y,,,,,,,,,,,,,,,after,phees,2022-07-26,15-00-38,Wuschel,2022-07-26 15:00:38,15:00,4.0,Nougatti,28.0,xAAynannannannannannannannannannannannannannan,AAnannannannannannannannannannannannannannan,3,non-partner
after_trills_2022-07-26_14-33-06_0000052_labelled_Wuschel_phee_0000080.txt,x,R,y,,,,,,,,,,,,,,,,after,trills,2022-07-26,14-33-06,Wuschel,2022-07-26 14:33:06,14:30,2.0,Olympia,1.0,xRynannannannannannannannannannannannannannannan,Rnannannannannannannannannannannannannannannan,3,partner
after_trills_2022-07-26_14-33-06_0000052_labelled_Wuschel_phee_0000057.txt,x,R,y,,,,,,,,,,,,,,,,after,trills,2022-07-26,14-33-06,Wuschel,2022-07-26 14:33:06,14:30,2.0,Olympia,2.0,xRynannannannannannannannannannannannannannannan,Rnannannannannannannannannannannannannannannan,3,partner
after_trills_2022-07-26_14-33-06_0000052_labelled_Wuschel_phee_0000056.txt,x,A,y,,,,,,,,,,,,,,,,after,trills,2022-07-26,14-33-06,Wuschel,2022-07-26 14:33:06,14:30,2.0,Olympia,3.0,xAynannannannannannannannannannannannannannannan,Anannannannannannannannannannannannannannannan,3,partner
after_trills_2022-07-26_14-33-06_0000052_labelled_Wuschel_pheeX_0000063.txt,x,A,y,,,,,,,,,,,,,,,,after,trills,2022-07-26,14-33-06,Wuschel,2022-07-26 14:33:06,14:30,2.0,Olympia,4.0,xAynannannannannannannannannannannannannannannan,Anannannannannannannannannannannannannannannan,3,partner
after_trills_2022-07-26_14-33-06_0000052_labelled_Wuschel_phee_0000087.txt,x,A,y,,,,,,,,,,,,,,,,after,trills,2022-07-26,14-33-06,Wuschel,2022-07-26 14:33:06,14:30,2.0,Olympia,5.0,xAynannannannannannannannannannannannannannannan,Anannannannannannannannannannannannannannannan,3,partner
after_trills_2022-07-26_14-33-06_0000052_labelled_Wuschel_phee_0000093.txt,x,R,y,,,,,,,,,,,,,,,,after,trills,2022-07-26,14-33-06,Wuschel,2022-07-26 14:33:06,14:30,2.0,Olympia,6.0,xRynannannannannannannannannannannannannannannan,Rnannannannannannannannannannannannannannannan,3,partner
after_trills_2022-07-26_14-33-06_0000052_labelled_Wuschel_phee_0000085.txt,x,A,y,,,,,,,,,,,,,,,,after,trills,2022-07-26,14-33-06,Wuschel,2022-07-26 14:33:06,14:30,2.0,Olympia,7.0,xAynannannannannannannannannannannannannannannan,Anannannannannannannannannannannannannannannan,3,partner
after_trills_2022-07-26_14-33-06_0000052_labelled_Wuschel_phee_0000091.txt,x,A,y,,,,,,,,,,,,,,,,after,trills,2022-07-26,14-33-06,Wuschel,2022-07-26 14:33:06,14:30,2.0,Olympia,8.0,xAynannannannannannannannannannannannannannannan,Anannannannannannannannannannannannannannannan,3,partner
after_trills_2022-07-26_14-33-06_0000052_labelled_Wuschel_phee_0000084.txt,x,A,y,,,,,,,,,,,,,,,,after,trills,2022-07-26,14-33-06,Wuschel,2022-07-26 14:33:06,14:30,2.0,Olympia,9.0,xAynannannannannannannannannannannannannannannan,Anannannannannannannannannannannannannannannan,3,partner
after_trills_2022-07-26_14-33-06_0000052_labelled_Wuschel_pheeseq_0000002.txt,x,A,P,,,,,,,,,,,,,,,,after,trills,2022-07-26,14-33-06,Wuschel,2022-07-26 14:33:06,14:30,2.0,Olympia,10.0,xAPnannannannannannannannannannannannannannannan,APnannannannannannannannannannannannannannannan,1,partner
after_trills_2022-07-26_14-33-06_0000052_labelled_Wuschel_phee_0000004.txt,x,A,y,,,,,,,,,,,,,,,,after,trills,2022-07-26,14-33-06,Wuschel,2022-07-26 14:33:06,14:30,2.0,Olympia,11.0,xAynannannannannannannannannannannannannannannan,Anannannannannannannannannannannannannannannan,1,partner
after_trills_2022-07-26_14-33-06_0000052_labelled_Wuschel_phee_0000088.txt,x,A,y,,,,,,,,,,,,,,,,after,trills,2022-07-26,14-33-06,Wuschel,2022-07-26 14:33:06,14:30,2.0,Olympia,12.0,xAynannannannannannannannannannannannannannannan,Anannannannannannannannannannannannannannannan,3,partner
after_trills_2022-07-26_14-33-06_0000052_labelled_Wuschel_phee_0000074.txt,x,A,y,,,,,,,,,,,,,,,,after,trills,2022-07-26,14-33-06,Wuschel,2022-07-26 14:33:06,14:30,2.0,Olympia,13.0,xAynannannannannannannannannannannannannannannan,Anannannannannannannannannannannannannannannan,3,partner
after_trills_2022-07-26_14-33-06_0000052_labelled_Wuschel_phee_0000067.txt,x,A,y,,,,,,,,,,,,,,,,after,trills,2022-07-26,14-33-06,Wuschel,2022-07-26 14:33:06,14:30,2.0,Olympia,14.0,xAynannannannannannannannannannannannannannannan,Anannannannannannannannannannannannannannannan,3,partner
after_phees_2022-07-27_11-30-41_0000057_labelled_Lola_pheeseq_0000009.txt,x,A,y,,,,,,,,,,,,,,,,after,phees,2022-07-27,11-30-41,Lola,2022-07-27 11:30:41,11:30,4.0,Wuschel,1.0,xAynannannannannannannannannannannannannannannan,Anannannannannannannannannannannannannannannan,1,non-partner
after_phees_2022-07-27_11-30-41_0000057_labelled_Lola_pheeseq_0000020.txt,x,A,A,y,,,,,,,,,,,,,,,after,phees,2022-07-27,11-30-41,Lola,2022-07-27 11:30:41,11:30,4.0,Wuschel,2.0,xAAynannannannannannannannannannannannannannan,AAnannannannannannannannannannannannannannan,3,non-partner
after_phees_2022-07-27_11-30-41_0000057_labelled_Lola_pheeseq_0000008.txt,x,A,A,y,,,,,,,,,,,,,,,after,phees,2022-07-27,11-30-41,Lola,2022-07-27 11:30:41,11:30,4.0,Wuschel,3.0,xAAynannannannannannannannannannannannannannan,AAnannannannannannannannannannannannannannan,1,non-partner
after_phees_2022-07-27_11-30-41_0000057_labelled_Lola_pheeseq_0000019.txt,x,A,P,,,,,,,,,,,,,,,,after,phees,2022-07-27,11-30-41,Lola,2022-07-27 11:30:41,11:30,4.0,Wuschel,4.0,xAPnannannannannannannannannannannannannannannan,APnannannannannannannannannannannannannannannan,3,non-partner
after_phees_2022-07-27_11-30-41_0000057_labelled_Lola_pheeseq_0000026.txt,x,A,P,,,,,,,,,,,,,,,,after,phees,2022-07-27,11-30-41,Lola,2022-07-27 11:30:41,11:30,4.0,Wuschel,5.0,xAPnannannannannannannannannannannannannannannan,APnannannannannannannannannannannannannannannan,3,non-partner
after_trills_2022-07-27_11-30-42_0000057_labelled_Lola_pheeseq_0000004.txt,x,A,A,P,,,,,,,,,,,,,,,after,trills,2022-07-27,11-30-42,Lola,2022-07-27 11:30:42,11:30,4.0,Wuschel,6.0,xAAPnannannannannannannannannannannannannannan,AAPnannannannannannannannannannannannannannan,1,non-partner
after_phees_2022-07-27_11-30-41_0000057_labelled_Lola_pheeseq_0000003.txt,x,A,A,y,,,,,,,,,,,,,,,after,phees,2022-07-27,11-30-41,Lola,2022-07-27 11:30:41,11:30,4.0,Wuschel,7.0,xAAynannannannannannannannannannannannannannan,AAnannannannannannannannannannannannannannan,1,non-partner
after_phees_2022-07-27_11-30-41_0000057_labelled_Lola_pheeseq_0000002.txt,x,A,A,y,,,,,,,,,,,,,,,after,phees,2022-07-27,11-30-41,Lola,2022-07-27 11:30:41,11:30,4.0,Wuschel,9.0,xAAynannannannannannannannannannannannannannan,AAnannannannannannannannannannannannannannan,1,non-partner
after_phees_2022-07-27_11-30-41_0000057_labelled_Lola_pheeseq_0000005.txt,x,A,A,A,y,,,,,,,,,,,,,,after,phees,2022-07-27,11-30-41,Lola,2022-07-27 11:30:41,11:30,4.0,Wuschel,10.0,xAAAynannannannannannannannannannannannannan,AAAnannannannannannannannannannannannannan,1,non-partner
after_phees_2022-07-27_11-30-41_0000057_labelled_Lola_pheeseq_0000004.txt,x,A,A,A,y,,,,,,,,,,,,,,after,phees,2022-07-27,11-30-41,Lola,2022-07-27 11:30:41,11:30,4.0,Wuschel,11.0,xAAAynannannannannannannannannannannannannan,AAAnannannannannannannannannannannannannan,1,non-partner
after_phees_2022-07-27_11-30-41_0000057_labelled_Lola_pheeseq_0000006.txt,x,A,A,A,y,,,,,,,,,,,,,,after,phees,2022-07-27,11-30-41,Lola,2022-07-27 11:30:41,11:30,4.0,Wuschel,12.0,xAAAynannannannannannannannannannannannannan,AAAnannannannannannannannannannannannannan,1,non-partner
after_phees_2022-07-27_11-30-41_0000057_labelled_Lola_pheeseq_0000013.txt,x,A,A,y,,,,,,,,,,,,,,,after,phees,2022-07-27,11-30-41,Lola,2022-07-27 11:30:41,11:30,4.0,Wuschel,13.0,xAAynannannannannannannannannannannannannannan,AAnannannannannannannannannannannannannannan,1,non-partner
after_phees_2022-07-27_11-30-41_0000057_labelled_Lola_pheeseq_0000007.txt,x,A,A,y,,,,,,,,,,,,,,,after,phees,2022-07-27,11-30-41,Lola,2022-07-27 11:30:41,11:30,4.0,Wuschel,14.0,xAAynannannannannannannannannannannannannannan,AAnannannannannannannannannannannannannannan,1,non-partner
after_trills_2022-07-27_10-54-22_0000056_labelled_Nougatti_pheeseq_0000007.txt,x,R,P,,,,,,,,,,,,,,,,after,trills,2022-07-27,10-54-22,Nougatti,2022-07-27 10:54:22,10:55,4.0,Odin,1.0,xRPnannannannannannannannannannannannannannannan,RPnannannannannannannannannannannannannannannan,1,partner
after_trills_2022-07-27_10-54-22_0000056_labelled_Nougatti_phee_0000073.txt,x,A,y,,,,,,,,,,,,,,,,after,trills,2022-07-27,10-54-22,Nougatti,2022-07-27 10:54:22,10:55,4.0,Odin,2.0,xAynannannannannannannannannannannannannannannan,Anannannannannannannannannannannannannannannan,3,partner
after_trills_2022-07-27_10-54-22_0000056_labelled_Nougatti_phee_0000061.txt,x,A,y,,,,,,,,,,,,,,,,after,trills,2022-07-27,10-54-22,Nougatti,2022-07-27 10:54:22,10:55,4.0,Odin,3.0,xAynannannannannannannannannannannannannannannan,Anannannannannannannannannannannannannannannan,3,partner
after_trills_2022-07-27_10-54-22_0000056_labelled_Nougatti_phee_0000063.txt,x,A,y,,,,,,,,,,,,,,,,after,trills,2022-07-27,10-54-22,Nougatti,2022-07-27 10:54:22,10:55,4.0,Odin,4.0,xAynannannannannannannannannannannannannannannan,Anannannannannannannannannannannannannannannan,3,partner
after_trills_2022-07-27_10-54-22_0000056_labelled_Nougatti_phee_0000053.txt,x,A,y,,,,,,,,,,,,,,,,after,trills,2022-07-27,10-54-22,Nougatti,2022-07-27 10:54:22,10:55,4.0,Odin,5.0,xAynannannannannannannannannannannannannannannan,Anannannannannannannannannannannannannannannan,3,partner
after_trills_2022-07-27_10-54-22_0000056_labelled_Nougatti_phee_0000041.txt,x,A,y,,,,,,,,,,,,,,,,after,trills,2022-07-27,10-54-22,Nougatti,2022-07-27 10:54:22,10:55,4.0,Odin,6.0,xAynannannannannannannannannannannannannannannan,Anannannannannannannannannannannannannannannan,3,partner
after_trills_2022-07-27_10-54-22_0000056_labelled_Nougatti_pheeseq_0000068.txt,x,A,y,,,,,,,,,,,,,,,,after,trills,2022-07-27,10-54-22,Nougatti,2022-07-27 10:54:22,10:55,4.0,Odin,7.0,xAynannannannannannannannannannannannannannannan,Anannannannannannannannannannannannannannannan,3,partner
after_trills_2022-07-27_10-54-22_0000056_labelled_Nougatti_phee_0000057.txt,x,A,y,,,,,,,,,,,,,,,,after,trills,2022-07-27,10-54-22,Nougatti,2022-07-27 10:54:22,10:55,4.0,Odin,8.0,xAynannannannannannannannannannannannannannannan,Anannannannannannannannannannannannannannannan,3,partner
after_trills_2022-07-27_10-54-22_0000056_labelled_Odin_pheeseq_0000006.txt,x,R,A,y,,,,,,,,,,,,,,,after,trills,2022-07-27,10-54-22,Odin,2022-07-27 10:54:22,10:55,4.0,Nougatti,1.0,xRAynannannannannannannannannannannannannannan,RAnannannannannannannannannannannannannannan,1,partner
after_trills_2022-07-27_10-54-22_0000056_labelled_Odin_pheeseq_0000046.txt,x,A,P,,,,,,,,,,,,,,,,after,trills,2022-07-27,10-54-22,Odin,2022-07-27 10:54:22,10:55,4.0,Nougatti,2.0,xAPnannannannannannannannannannannannannannannan,APnannannannannannannannannannannannannannannan,3,partner
after_trills_2022-07-27_10-54-22_0000056_labelled_Odin_phee_0000002.txt,x,R,y,,,,,,,,,,,,,,,,after,trills,2022-07-27,10-54-22,Odin,2022-07-27 10:54:22,10:55,4.0,Nougatti,3.0,xRynannannannannannannannannannannannannannannan,Rnannannannannannannannannannannannannannannan,1,partner
after_trills_2022-07-27_10-54-22_0000056_labelled_Odin_phee_0000072.txt,x,A,y,,,,,,,,,,,,,,,,after,trills,2022-07-27,10-54-22,Odin,2022-07-27 10:54:22,10:55,4.0,Nougatti,4.0,xAynannannannannannannannannannannannannannannan,Anannannannannannannannannannannannannannannan,3,partner
after_trills_2022-07-27_10-54-22_0000056_labelled_Odin_phee_0000066.txt,x,A,y,,,,,,,,,,,,,,,,after,trills,2022-07-27,10-54-22,Odin,2022-07-27 10:54:22,10:55,4.0,Nougatti,5.0,xAynannannannannannannannannannannannannannannan,Anannannannannannannannannannannannannannannan,3,partner
after_phees_2022-07-27_10-24-06_0000055_labelled_Tabor_pheeseq_0000009.txt,x,A,A,A,P,P,P,,,,,,,,,,,,after,phees,2022-07-27,10-24-06,Tabor,2022-07-27 10:24:06,10:25,4.0,Nougatti,1.0,xAAAPPPnannannannannannannannannannannan,AAAPPPnannannannannannannannannannannan,1,non-partner
after_phees_2022-07-27_10-24-06_0000055_labelled_Tabor_pheeseq_0000008.txt,x,A,P,P,A,A,P,S,,,,,,,,,,,after,phees,2022-07-27,10-24-06,Tabor,2022-07-27 10:24:06,10:25,4.0,Nougatti,2.0,xAPPAAPSnannannannannannannannannannan,APPAAPSnannannannannannannannannannan,1,non-partner
after_trills_2022-07-27_10-24-07_0000055_labelled_Tabor_pheeseq_0000002.txt,x,A,A,A,P,P,P,,,,,,,,,,,,after,trills,2022-07-27,10-24-07,Tabor,2022-07-27 10:24:07,10:25,4.0,Nougatti,3.0,xAAAPPPnannannannannannannannannannannan,AAAPPPnannannannannannannannannannannan,1,non-partner
after_phees_2022-07-27_10-24-06_0000055_labelled_Tabor_pheeseq_0000005.txt,x,A,A,A,P,,,,,,,,,,,,,,after,phees,2022-07-27,10-24-06,Tabor,2022-07-27 10:24:06,10:25,4.0,Nougatti,4.0,xAAAPnannannannannannannannannannannannannan,AAAPnannannannannannannannannannannannannan,1,non-partner
after_phees_2022-07-27_10-24-06_0000055_labelled_Tabor_pheeseq_0000006.txt,x,A,A,A,P,,,,,,,,,,,,,,after,phees,2022-07-27,10-24-06,Tabor,2022-07-27 10:24:06,10:25,4.0,Nougatti,5.0,xAAAPnannannannannannannannannannannannannan,AAAPnannannannannannannannannannannannannan,1,non-partner
after_phees_2022-07-27_10-24-06_0000055_labelled_Tabor_pheeseq_0000003.txt,x,A,A,A,A,P,,,,,,,,,,,,,after,phees,2022-07-27,10-24-06,Tabor,2022-07-27 10:24:06,10:25,4.0,Nougatti,6.0,xAAAAPnannannannannannannannannannannannan,AAAAPnannannannannannannannannannannannan,1,non-partner
after_phees_2022-07-27_10-24-06_0000055_labelled_Tabor_pheeseq_0000002.txt,x,A,A,A,P,,,,,,,,,,,,,,after,phees,2022-07-27,10-24-06,Tabor,2022-07-27 10:24:06,10:25,4.0,Nougatti,7.0,xAAAPnannannannannannannannannannannannannan,AAAPnannannannannannannannannannannannannan,1,non-partner
after_phees_2022-07-27_10-24-06_0000055_labelled_Tabor_pheeseq_0000014.txt,x,A,A,A,y,,,,,,,,,,,,,,after,phees,2022-07-27,10-24-06,Tabor,2022-07-27 10:24:06,10:25,4.0,Nougatti,8.0,xAAAynannannannannannannannannannannannannan,AAAnannannannannannannannannannannannannan,3,non-partner
after_trills_2022-07-27_11-30-42_0000057_labelled_Wuschel_phee_0000002.txt,x,A,y,,,,,,,,,,,,,,,,after,trills,2022-07-27,11-30-42,Wuschel,2022-07-27 11:30:42,11:30,4.0,Lola,1.0,xAynannannannannannannannannannannannannannannan,Anannannannannannannannannannannannannannannan,1,non-partner
after_trills_2022-07-27_11-30-42_0000057_labelled_Wuschel_phee_0000003.txt,x,A,y,,,,,,,,,,,,,,,,after,trills,2022-07-27,11-30-42,Wuschel,2022-07-27 11:30:42,11:30,4.0,Lola,2.0,xAynannannannannannannannannannannannannannannan,Anannannannannannannannannannannannannannannan,1,non-partner
after_trills_2022-07-27_11-30-42_0000057_labelled_Wuschel_phee_0000013.txt,x,A,y,,,,,,,,,,,,,,,,after,trills,2022-07-27,11-30-42,Wuschel,2022-07-27 11:30:42,11:30,4.0,Lola,3.0,xAynannannannannannannannannannannannannannannan,Anannannannannannannannannannannannannannannan,3,non-partner
after_trills_2022-07-27_11-30-42_0000057_labelled_Wuschel_phee_0000006.txt,x,R,y,,,,,,,,,,,,,,,,after,trills,2022-07-27,11-30-42,Wuschel,2022-07-27 11:30:42,11:30,4.0,Lola,4.0,xRynannannannannannannannannannannannannannannan,Rnannannannannannannannannannannannannannannan,1,non-partner
after_trills_2022-07-27_11-30-42_0000057_labelled_Wuschel_phee_0000012.txt,x,A,y,,,,,,,,,,,,,,,,after,trills,2022-07-27,11-30-42,Wuschel,2022-07-27 11:30:42,11:30,4.0,Lola,5.0,xAynannannannannannannannannannannannannannannan,Anannannannannannannannannannannannannannannan,3,non-partner
after_trills_2022-07-27_11-30-42_0000057_labelled_Wuschel_phee_0000011.txt,x,A,y,,,,,,,,,,,,,,,,after,trills,2022-07-27,11-30-42,Wuschel,2022-07-27 11:30:42,11:30,4.0,Lola,6.0,xAynannannannannannannannannannannannannannannan,Anannannannannannannannannannannannannannannan,3,non-partner
after_phees_2022-07-27_11-30-41_0000057_labelled_Wuschel_pheeseq_0000010.txt,x,A,A,y,,,,,,,,,,,,,,,after,phees,2022-07-27,11-30-41,Wuschel,2022-07-27 11:30:41,11:30,4.0,Lola,7.0,xAAynannannannannannannannannannannannannannan,AAnannannannannannannannannannannannannannan,1,non-partner
after_phees_2022-07-27_11-30-41_0000057_labelled_Wuschel_pheeseq_0000011.txt,x,A,A,y,,,,,,,,,,,,,,,after,phees,2022-07-27,11-30-41,Wuschel,2022-07-27 11:30:41,11:30,4.0,Lola,8.0,xAAynannannannannannannannannannannannannannan,AAnannannannannannannannannannannannannannan,1,non-partner
after_phees_2022-07-27_11-30-41_0000057_labelled_Wuschel_pheeseq_0000012.txt,x,A,A,y,,,,,,,,,,,,,,,after,phees,2022-07-27,11-30-41,Wuschel,2022-07-27 11:30:41,11:30,4.0,Lola,9.0,xAAynannannannannannannannannannannannannannan,AAnannannannannannannannannannannannannannan,1,non-partner
after_phees_2022-07-28_10-46-38_0000060_labelled_Lola_pheeseq_0000024.txt,x,A,A,P,P,,,,,,,,,,,,,,after,phees,2022-07-28,10-46-38,Lola,2022-07-28 10:46:38,10:45,4.0,Odin,1.0,xAAPPnannannannannannannannannannannannannan,AAPPnannannannannannannannannannannannannan,1,non-partner
after_phees_2022-07-28_10-46-38_0000060_labelled_Lola_pheeseq_0000019.txt,x,A,A,A,P,P,P,P,P,S,,,,,,,,,after,phees,2022-07-28,10-46-38,Lola,2022-07-28 10:46:38,10:45,4.0,Odin,2.0,xAAAPPPPPSnannannannannannannannan,AAAPPPPPSnannannannannannannannan,1,non-partner
after_phees_2022-07-28_10-46-38_0000060_labelled_Lola_pheeseq_0000022.txt,x,A,A,A,y,,,,,,,,,,,,,,after,phees,2022-07-28,10-46-38,Lola,2022-07-28 10:46:38,10:45,4.0,Odin,4.0,xAAAynannannannannannannannannannannannannan,AAAnannannannannannannannannannannannannan,1,non-partner
after_phees_2022-07-28_10-46-38_0000060_labelled_Lola_pheeseq_0000009.txt,x,A,A,A,P,P,,,,,,,,,,,,,after,phees,2022-07-28,10-46-38,Lola,2022-07-28 10:46:38,10:45,4.0,Odin,5.0,xAAAPPnannannannannannannannannannannannan,AAAPPnannannannannannannannannannannannan,1,non-partner
after_phees_2022-07-28_10-46-38_0000060_labelled_Lola_pheeseq_0000044.txt,x,A,A,y,,,,,,,,,,,,,,,after,phees,2022-07-28,10-46-38,Lola,2022-07-28 10:46:38,10:45,4.0,Odin,6.0,xAAynannannannannannannannannannannannannannan,AAnannannannannannannannannannannannannannan,3,non-partner
after_phees_2022-07-28_10-46-38_0000060_labelled_Lola_pheeseq_0000045.txt,x,A,A,y,,,,,,,,,,,,,,,after,phees,2022-07-28,10-46-38,Lola,2022-07-28 10:46:38,10:45,4.0,Odin,7.0,xAAynannannannannannannannannannannannannannan,AAnannannannannannannannannannannannannannan,3,non-partner
after_phees_2022-07-28_10-46-38_0000060_labelled_Lola_pheeseq_0000041.txt,x,A,y,,,,,,,,,,,,,,,,after,phees,2022-07-28,10-46-38,Lola,2022-07-28 10:46:38,10:45,4.0,Odin,8.0,xAynannannannannannannannannannannannannannannan,Anannannannannannannannannannannannannannannan,3,non-partner
after_phees_2022-07-28_10-46-38_0000060_labelled_Lola_pheeseq_0000040.txt,x,A,A,y,,,,,,,,,,,,,,,after,phees,2022-07-28,10-46-38,Lola,2022-07-28 10:46:38,10:45,4.0,Odin,9.0,xAAynannannannannannannannannannannannannannan,AAnannannannannannannannannannannannannannan,3,non-partner
after_phees_2022-07-28_10-46-38_0000060_labelled_Lola_pheeseq_0000042.txt,x,A,A,y,,,,,,,,,,,,,,,after,phees,2022-07-28,10-46-38,Lola,2022-07-28 10:46:38,10:45,4.0,Odin,10.0,xAAynannannannannannannannannannannannannannan,AAnannannannannannannannannannannannannannan,3,non-partner
after_phees_2022-07-28_10-46-38_0000060_labelled_Lola_pheeseq_0000043.txt,x,A,A,y,,,,,,,,,,,,,,,after,phees,2022-07-28,10-46-38,Lola,2022-07-28 10:46:38,10:45,4.0,Odin,11.0,xAAynannannannannannannannannannannannannannan,AAnannannannannannannannannannannannannannan,3,non-partner
after_phees_2022-07-28_10-46-38_0000060_labelled_Lola_pheeseq_0000039.txt,x,A,A,y,,,,,,,,,,,,,,,after,phees,2022-07-28,10-46-38,Lola,2022-07-28 10:46:38,10:45,4.0,Odin,12.0,xAAynannannannannannannannannannannannannannan,AAnannannannannannannannannannannannannannan,3,non-partner
after_phees_2022-07-28_10-46-38_0000060_labelled_Lola_pheeseq_0000011.txt,x,A,A,A,A,P,P,,,,,,,,,,,,after,phees,2022-07-28,10-46-38,Lola,2022-07-28 10:46:38,10:45,4.0,Odin,13.0,xAAAAPPnannannannannannannannannannannan,AAAAPPnannannannannannannannannannannan,1,non-partner
after_phees_2022-07-28_10-46-38_0000060_labelled_Lola_pheeseq_0000006.txt,x,A,A,A,P,,,,,,,,,,,,,,after,phees,2022-07-28,10-46-38,Lola,2022-07-28 10:46:38,10:45,4.0,Odin,14.0,xAAAPnannannannannannannannannannannannannan,AAAPnannannannannannannannannannannannannan,1,non-partner
after_phees_2022-07-28_10-46-38_0000060_labelled_Lola_pheeseq_0000012.txt,x,A,A,A,y,,,,,,,,,,,,,,after,phees,2022-07-28,10-46-38,Lola,2022-07-28 10:46:38,10:45,4.0,Odin,15.0,xAAAynannannannannannannannannannannannannan,AAAnannannannannannannannannannannannannan,1,non-partner
after_phees_2022-07-28_10-46-38_0000060_labelled_Lola_pheeseq_0000013.txt,x,A,A,A,A,y,,,,,,,,,,,,,after,phees,2022-07-28,10-46-38,Lola,2022-07-28 10:46:38,10:45,4.0,Odin,16.0,xAAAAynannannannannannannannannannannannan,AAAAnannannannannannannannannannannannan,1,non-partner
after_phees_2022-07-28_10-46-38_0000060_labelled_Lola_pheeseq_0000002.txt,x,A,A,y,,,,,,,,,,,,,,,after,phees,2022-07-28,10-46-38,Lola,2022-07-28 10:46:38,10:45,4.0,Odin,17.0,xAAynannannannannannannannannannannannannannan,AAnannannannannannannannannannannannannannan,1,non-partner
after_phees_2022-07-28_10-46-38_0000060_labelled_Lola_pheeseq_0000014.txt,x,A,A,A,y,,,,,,,,,,,,,,after,phees,2022-07-28,10-46-38,Lola,2022-07-28 10:46:38,10:45,4.0,Odin,18.0,xAAAynannannannannannannannannannannannannan,AAAnannannannannannannannannannannannannan,1,non-partner
after_phees_2022-07-28_10-46-38_0000060_labelled_Lola_pheeseq_0000015.txt,x,A,A,y,,,,,,,,,,,,,,,after,phees,2022-07-28,10-46-38,Lola,2022-07-28 10:46:38,10:45,4.0,Odin,19.0,xAAynannannannannannannannannannannannannannan,AAnannannannannannannannannannannannannannan,1,non-partner
after_phees_2022-07-28_10-46-38_0000060_labelled_Odin_pheeseq_0000016.txt,x,R,A,y,,,,,,,,,,,,,,,after,phees,2022-07-28,10-46-38,Odin,2022-07-28 10:46:38,10:45,4.0,Lola,1.0,xRAynannannannannannannannannannannannannannan,RAnannannannannannannannannannannannannannan,1,non-partner
after_phees_2022-07-28_10-46-38_0000060_labelled_Odin_pheeseq_0000017.txt,x,A,P,,,,,,,,,,,,,,,,after,phees,2022-07-28,10-46-38,Odin,2022-07-28 10:46:38,10:45,4.0,Lola,2.0,xAPnannannannannannannannannannannannannannannan,APnannannannannannannannannannannannannannannan,1,non-partner
after_phees_2022-07-28_10-46-38_0000060_labelled_Odin_phee_0000030.txt,x,A,y,,,,,,,,,,,,,,,,after,phees,2022-07-28,10-46-38,Odin,2022-07-28 10:46:38,10:45,4.0,Lola,3.0,xAynannannannannannannannannannannannannannannan,Anannannannannannannannannannannannannannannan,3,non-partner
after_phees_2022-07-28_10-46-38_0000060_labelled_Odin_pheeseq_0000010.txt,x,A,A,y,,,,,,,,,,,,,,,after,phees,2022-07-28,10-46-38,Odin,2022-07-28 10:46:38,10:45,4.0,Lola,5.0,xAAynannannannannannannannannannannannannannan,AAnannannannannannannannannannannannannannan,1,non-partner
after_phees_2022-07-28_10-46-38_0000060_labelled_Odin_pheeseq_0000038.txt,x,P,P,P,A,A,y,,,,,,,,,,,,after,phees,2022-07-28,10-46-38,Odin,2022-07-28 10:46:38,10:45,4.0,Lola,6.0,xPPPAAynannannannannannannannannannannan,PPPAAnannannannannannannannannannannan,3,non-partner
after_phees_2022-07-28_10-46-38_0000060_labelled_Odin_pheeseq_0000005.txt,x,A,A,y,,,,,,,,,,,,,,,after,phees,2022-07-28,10-46-38,Odin,2022-07-28 10:46:38,10:45,4.0,Lola,7.0,xAAynannannannannannannannannannannannannannan,AAnannannannannannannannannannannannannannan,1,non-partner
after_trills_2022-07-28_10-46-40_0000060_labelled_Odin_phee_0000003.txt,x,A,y,,,,,,,,,,,,,,,,after,trills,2022-07-28,10-46-40,Odin,2022-07-28 10:46:40,10:45,4.0,Lola,8.0,xAynannannannannannannannannannannannannannannan,Anannannannannannannannannannannannannannannan,1,non-partner
after_phees_2022-07-28_10-46-38_0000060_labelled_Odin_pheeseq_0000046.txt,x,A,A,y,,,,,,,,,,,,,,,after,phees,2022-07-28,10-46-38,Odin,2022-07-28 10:46:38,10:45,4.0,Lola,9.0,xAAynannannannannannannannannannannannannannan,AAnannannannannannannannannannannannannannan,3,non-partner
after_phees_2022-07-28_10-46-38_0000060_labelled_Odin_pheeseq_0000008.txt,x,A,A,A,y,,,,,,,,,,,,,,after,phees,2022-07-28,10-46-38,Odin,2022-07-28 10:46:38,10:45,4.0,Lola,10.0,xAAAynannannannannannannannannannannannannan,AAAnannannannannannannannannannannannannan,1,non-partner
after_phees_2022-07-28_10-46-38_0000060_labelled_Odin_pheeseq_0000020.txt,x,R,A,y,,,,,,,,,,,,,,,after,phees,2022-07-28,10-46-38,Odin,2022-07-28 10:46:38,10:45,4.0,Lola,11.0,xRAynannannannannannannannannannannannannannan,RAnannannannannannannannannannannannannannan,1,non-partner
after_phees_2022-07-28_10-46-38_0000060_labelled_Odin_pheeseq_0000034.txt,x,A,P,P,P,P,A,A,A,y,,,,,,,,,after,phees,2022-07-28,10-46-38,Odin,2022-07-28 10:46:38,10:45,4.0,Lola,12.0,xAPPPPAAAynannannannannannannannan,APPPPAAAnannannannannannannannan,3,non-partner
after_phees_2022-07-28_10-46-38_0000060_labelled_Odin_pheeseq_0000035.txt,x,A,P,P,P,A,A,A,y,,,,,,,,,,after,phees,2022-07-28,10-46-38,Odin,2022-07-28 10:46:38,10:45,4.0,Lola,13.0,xAPPPAAAynannannannannannannannannan,APPPAAAnannannannannannannannannan,3,non-partner
after_phees_2022-07-28_10-46-38_0000060_labelled_Odin_pheeseq_0000021.txt,x,A,A,y,,,,,,,,,,,,,,,after,phees,2022-07-28,10-46-38,Odin,2022-07-28 10:46:38,10:45,4.0,Lola,14.0,xAAynannannannannannannannannannannannannannan,AAnannannannannannannannannannannannannannan,1,non-partner
after_phees_2022-07-28_10-46-38_0000060_labelled_Odin_pheeseq_0000037.txt,x,A,P,P,A,A,P,A,y,,,,,,,,,,after,phees,2022-07-28,10-46-38,Odin,2022-07-28 10:46:38,10:45,4.0,Lola,15.0,xAPPAAPAynannannannannannannannannan,APPAAPAnannannannannannannannannan,3,non-partner
after_phees_2022-07-28_10-46-38_0000060_labelled_Odin_pheeseq_0000023.txt,x,A,A,A,y,,,,,,,,,,,,,,after,phees,2022-07-28,10-46-38,Odin,2022-07-28 10:46:38,10:45,4.0,Lola,16.0,xAAAynannannannannannannannannannannannannan,AAAnannannannannannannannannannannannannan,1,non-partner
after_phees_2022-07-28_10-46-38_0000060_labelled_Odin_pheeseq_0000032.txt,x,A,P,A,A,y,,,,,,,,,,,,,after,phees,2022-07-28,10-46-38,Odin,2022-07-28 10:46:38,10:45,4.0,Lola,18.0,xAPAAynannannannannannannannannannannannan,APAAnannannannannannannannannannannannan,3,non-partner
after_phees_2022-07-28_10-46-38_0000060_labelled_Odin_pheeseq_0000033.txt,x,A,P,P,A,A,A,y,,,,,,,,,,,after,phees,2022-07-28,10-46-38,Odin,2022-07-28 10:46:38,10:45,4.0,Lola,19.0,xAPPAAAynannannannannannannannannannan,APPAAAnannannannannannannannannannan,3,non-partner
after_phees_2022-07-28_10-46-38_0000060_labelled_Odin_phee_0000004.txt,x,A,y,,,,,,,,,,,,,,,,after,phees,2022-07-28,10-46-38,Odin,2022-07-28 10:46:38,10:45,4.0,Lola,20.0,xAynannannannannannannannannannannannannannannan,Anannannannannannannannannannannannannannannan,1,non-partner
after_phees_2022-07-28_10-46-38_0000060_labelled_Odin_pheeseq_0000031.txt,x,A,A,y,,,,,,,,,,,,,,,after,phees,2022-07-28,10-46-38,Odin,2022-07-28 10:46:38,10:45,4.0,Lola,21.0,xAAynannannannannannannannannannannannannannan,AAnannannannannannannannannannannannannannan,3,non-partner
after_phees_2022-07-28_10-46-38_0000060_labelled_Odin_pheeseq_0000018.txt,x,A,A,y,,,,,,,,,,,,,,,after,phees,2022-07-28,10-46-38,Odin,2022-07-28 10:46:38,10:45,4.0,Lola,22.0,xAAynannannannannannannannannannannannannannan,AAnannannannannannannannannannannannannannan,1,non-partner
after_phees_2022-07-28_09-36-49_0000058_labelled_Olympia_pheeseq_0000032.txt,x,A,A,y,,,,,,,,,,,,,,,after,phees,2022-07-28,09-36-49,Olympia,2022-07-28 09:36:49,09:35,4.0,Tabor,1.0,xAAynannannannannannannannannannannannannannan,AAnannannannannannannannannannannannannannan,3,non-partner
after_phees_2022-07-28_09-36-49_0000058_labelled_Olympia_pheeseq_0000034.txt,x,A,A,y,,,,,,,,,,,,,,,after,phees,2022-07-28,09-36-49,Olympia,2022-07-28 09:36:49,09:35,4.0,Tabor,2.0,xAAynannannannannannannannannannannannannannan,AAnannannannannannannannannannannannannannan,3,non-partner
after_phees_2022-07-28_10-12-30_0000059_labelled_Olympia_pheeseq_0000013.txt,x,A,A,y,,,,,,,,,,,,,,,after,phees,2022-07-28,10-12-30,Olympia,2022-07-28 10:12:30,10:10,3.0,Wuschel,1.0,xAAynannannannannannannannannannannannannannan,AAnannannannannannannannannannannannannannan,3,partner
after_phees_2022-07-28_10-12-30_0000059_labelled_Olympia_pheeseq_0000015.txt,x,A,A,y,,,,,,,,,,,,,,,after,phees,2022-07-28,10-12-30,Olympia,2022-07-28 10:12:30,10:10,3.0,Wuschel,2.0,xAAynannannannannannannannannannannannannannan,AAnannannannannannannannannannannannannannan,3,partner
after_phees_2022-07-28_10-12-30_0000059_labelled_Olympia_pheeseq_0000014.txt,x,A,A,y,,,,,,,,,,,,,,,after,phees,2022-07-28,10-12-30,Olympia,2022-07-28 10:12:30,10:10,3.0,Wuschel,3.0,xAAynannannannannannannannannannannannannannan,AAnannannannannannannannannannannannannannan,3,partner
after_phees_2022-07-28_09-36-49_0000058_labelled_Tabor_pheeseq_0000023.txt,x,A,A,A,y,,,,,,,,,,,,,,after,phees,2022-07-28,09-36-49,Tabor,2022-07-28 09:36:49,09:35,4.0,Olympia,1.0,xAAAynannannannannannannannannannannannannan,AAAnannannannannannannannannannannannannan,3,non-partner
after_phees_2022-07-28_09-36-49_0000058_labelled_Tabor_pheeseq_0000008.txt,x,A,A,A,A,y,,,,,,,,,,,,,after,phees,2022-07-28,09-36-49,Tabor,2022-07-28 09:36:49,09:35,4.0,Olympia,2.0,xAAAAynannannannannannannannannannannannan,AAAAnannannannannannannannannannannannan,1,non-partner
after_phees_2022-07-28_09-36-49_0000058_labelled_Tabor_pheeseq_0000009.txt,x,A,A,A,P,P,P,,,,,,,,,,,,after,phees,2022-07-28,09-36-49,Tabor,2022-07-28 09:36:49,09:35,4.0,Olympia,4.0,xAAAPPPnannannannannannannannannannannan,AAAPPPnannannannannannannannannannannan,1,non-partner
after_phees_2022-07-28_09-36-49_0000058_labelled_Tabor_pheeseq_0000025.txt,x,A,A,A,y,,,,,,,,,,,,,,after,phees,2022-07-28,09-36-49,Tabor,2022-07-28 09:36:49,09:35,4.0,Olympia,5.0,xAAAynannannannannannannannannannannannannan,AAAnannannannannannannannannannannannannan,3,non-partner
after_phees_2022-07-28_09-36-49_0000058_labelled_Tabor_pheeseq_0000024.txt,x,A,A,A,y,,,,,,,,,,,,,,after,phees,2022-07-28,09-36-49,Tabor,2022-07-28 09:36:49,09:35,4.0,Olympia,6.0,xAAAynannannannannannannannannannannannannan,AAAnannannannannannannannannannannannannan,3,non-partner
after_phees_2022-07-28_09-36-49_0000058_labelled_Tabor_pheeseq_0000030.txt,x,A,A,y,,,,,,,,,,,,,,,after,phees,2022-07-28,09-36-49,Tabor,2022-07-28 09:36:49,09:35,4.0,Olympia,7.0,xAAynannannannannannannannannannannannannannan,AAnannannannannannannannannannannannannannan,3,non-partner
after_phees_2022-07-28_09-36-49_0000058_labelled_Tabor_pheeseq_0000026.txt,x,A,A,A,y,,,,,,,,,,,,,,after,phees,2022-07-28,09-36-49,Tabor,2022-07-28 09:36:49,09:35,4.0,Olympia,8.0,xAAAynannannannannannannannannannannannannan,AAAnannannannannannannannannannannannannan,3,non-partner
after_phees_2022-07-28_09-36-49_0000058_labelled_Tabor_pheeseq_0000033.txt,x,A,A,A,A,P,,,,,,,,,,,,,after,phees,2022-07-28,09-36-49,Tabor,2022-07-28 09:36:49,09:35,4.0,Olympia,9.0,xAAAAPnannannannannannannannannannannannan,AAAAPnannannannannannannannannannannannan,3,non-partner
after_phees_2022-07-28_09-36-49_0000058_labelled_Tabor_pheeseq_0000027.txt,x,A,A,A,y,,,,,,,,,,,,,,after,phees,2022-07-28,09-36-49,Tabor,2022-07-28 09:36:49,09:35,4.0,Olympia,10.0,xAAAynannannannannannannannannannannannannan,AAAnannannannannannannannannannannannannan,3,non-partner
after_phees_2022-07-28_09-36-49_0000058_labelled_Tabor_pheeseq_0000002.txt,x,A,A,A,y,,,,,,,,,,,,,,after,phees,2022-07-28,09-36-49,Tabor,2022-07-28 09:36:49,09:35,4.0,Olympia,11.0,xAAAynannannannannannannannannannannannannan,AAAnannannannannannannannannannannannannan,1,non-partner
after_phees_2022-07-28_09-36-49_0000058_labelled_Tabor_pheeseq_0000017.txt,x,A,A,A,P,P,,,,,,,,,,,,,after,phees,2022-07-28,09-36-49,Tabor,2022-07-28 09:36:49,09:35,4.0,Olympia,12.0,xAAAPPnannannannannannannannannannannannan,AAAPPnannannannannannannannannannannannan,1,non-partner
after_phees_2022-07-28_09-36-49_0000058_labelled_Tabor_pheeseq_0000003.txt,x,A,P,A,A,P,P,,,,,,,,,,,,after,phees,2022-07-28,09-36-49,Tabor,2022-07-28 09:36:49,09:35,4.0,Olympia,13.0,xAPAAPPnannannannannannannannannannannan,APAAPPnannannannannannannannannannannan,1,non-partner
after_phees_2022-07-28_09-36-49_0000058_labelled_Tabor_pheeseq_0000029.txt,x,A,A,y,,,,,,,,,,,,,,,after,phees,2022-07-28,09-36-49,Tabor,2022-07-28 09:36:49,09:35,4.0,Olympia,14.0,xAAynannannannannannannannannannannannannannan,AAnannannannannannannannannannannannannannan,3,non-partner
after_phees_2022-07-28_09-36-49_0000058_labelled_Tabor_pheeseq_0000028.txt,x,A,A,A,y,,,,,,,,,,,,,,after,phees,2022-07-28,09-36-49,Tabor,2022-07-28 09:36:49,09:35,4.0,Olympia,15.0,xAAAynannannannannannannannannannannannannan,AAAnannannannannannannannannannannannannan,3,non-partner
after_phees_2022-07-28_09-36-49_0000058_labelled_Tabor_pheeseq_0000010.txt,x,A,A,y,,,,,,,,,,,,,,,after,phees,2022-07-28,09-36-49,Tabor,2022-07-28 09:36:49,09:35,4.0,Olympia,16.0,xAAynannannannannannannannannannannannannannan,AAnannannannannannannannannannannannannannan,1,non-partner
after_phees_2022-07-28_09-36-49_0000058_labelled_Tabor_pheeseq_0000004.txt,x,A,A,A,P,,,,,,,,,,,,,,after,phees,2022-07-28,09-36-49,Tabor,2022-07-28 09:36:49,09:35,4.0,Olympia,17.0,xAAAPnannannannannannannannannannannannannan,AAAPnannannannannannannannannannannannannan,1,non-partner
after_phees_2022-07-28_09-36-49_0000058_labelled_Tabor_pheeseq_0000005.txt,x,A,A,A,A,P,,,,,,,,,,,,,after,phees,2022-07-28,09-36-49,Tabor,2022-07-28 09:36:49,09:35,4.0,Olympia,18.0,xAAAAPnannannannannannannannannannannannan,AAAAPnannannannannannannannannannannannan,1,non-partner
after_phees_2022-07-28_09-36-49_0000058_labelled_Tabor_pheeseq_0000011.txt,x,A,A,A,A,P,P,,,,,,,,,,,,after,phees,2022-07-28,09-36-49,Tabor,2022-07-28 09:36:49,09:35,4.0,Olympia,19.0,xAAAAPPnannannannannannannannannannannan,AAAAPPnannannannannannannannannannannan,1,non-partner
after_phees_2022-07-28_09-36-49_0000058_labelled_Tabor_pheeseq_0000007.txt,x,A,A,A,P,P,P,S,,,,,,,,,,,after,phees,2022-07-28,09-36-49,Tabor,2022-07-28 09:36:49,09:35,4.0,Olympia,20.0,xAAAPPPSnannannannannannannannannannan,AAAPPPSnannannannannannannannannannan,1,non-partner
after_phees_2022-07-28_09-36-49_0000058_labelled_Tabor_pheeseq_0000012.txt,x,A,A,A,A,P,,,,,,,,,,,,,after,phees,2022-07-28,09-36-49,Tabor,2022-07-28 09:36:49,09:35,4.0,Olympia,21.0,xAAAAPnannannannannannannannannannannannan,AAAAPnannannannannannannannannannannannan,1,non-partner
after_phees_2022-07-28_09-36-49_0000058_labelled_Tabor_pheeseq_0000006.txt,x,A,A,A,A,P,P,,,,,,,,,,,,after,phees,2022-07-28,09-36-49,Tabor,2022-07-28 09:36:49,09:35,4.0,Olympia,22.0,xAAAAPPnannannannannannannannannannannan,AAAAPPnannannannannannannannannannannan,1,non-partner
after_phees_2022-07-28_10-12-30_0000059_labelled_Wuschel_pheeseq_0000006.txt,x,A,A,y,,,,,,,,,,,,,,,after,phees,2022-07-28,10-12-30,Wuschel,2022-07-28 10:12:30,10:10,3.0,Olympia,1.0,xAAynannannannannannannannannannannannannannan,AAnannannannannannannannannannannannannannan,1,partner
after_phees_2022-07-28_10-12-30_0000059_labelled_Wuschel_pheeseq_0000005.txt,x,A,A,A,P,S,,,,,,,,,,,,,after,phees,2022-07-28,10-12-30,Wuschel,2022-07-28 10:12:30,10:10,3.0,Olympia,2.0,xAAAPSnannannannannannannannannannannannan,AAAPSnannannannannannannannannannannannan,1,partner
after_phees_2022-07-28_10-12-30_0000059_labelled_Wuschel_pheeseq_0000004.txt,x,A,A,y,,,,,,,,,,,,,,,after,phees,2022-07-28,10-12-30,Wuschel,2022-07-28 10:12:30,10:10,3.0,Olympia,3.0,xAAynannannannannannannannannannannannannannan,AAnannannannannannannannannannannannannannan,1,partner
after_phees_2022-07-28_10-12-30_0000059_labelled_Wuschel_pheeseq_0000003.txt,x,A,A,A,y,,,,,,,,,,,,,,after,phees,2022-07-28,10-12-30,Wuschel,2022-07-28 10:12:30,10:10,3.0,Olympia,4.0,xAAAynannannannannannannannannannannannannan,AAAnannannannannannannannannannannannannan,1,partner
after_phees_2022-07-28_10-12-30_0000059_labelled_Wuschel_pheeseq_0000002.txt,x,A,A,A,y,,,,,,,,,,,,,,after,phees,2022-07-28,10-12-30,Wuschel,2022-07-28 10:12:30,10:10,3.0,Olympia,5.0,xAAAynannannannannannannannannannannannannan,AAAnannannannannannannannannannannannannan,1,partner
after_trills_2022-07-28_10-12-31_0000059_labelled_Wuschel_pheeseq_0000093.txt,x,A,y,,,,,,,,,,,,,,,,after,trills,2022-07-28,10-12-31,Wuschel,2022-07-28 10:12:31,10:10,3.0,Olympia,6.0,xAynannannannannannannannannannannannannannannan,Anannannannannannannannannannannannannannannan,3,partner
after_trills_2022-07-28_10-12-31_0000059_labelled_Wuschel_pheeseq_0000092.txt,x,A,y,,,,,,,,,,,,,,,,after,trills,2022-07-28,10-12-31,Wuschel,2022-07-28 10:12:31,10:10,3.0,Olympia,7.0,xAynannannannannannannannannannannannannannannan,Anannannannannannannannannannannannannannannan,3,partner
after_trills_2022-07-28_10-12-31_0000059_labelled_Wuschel_phee_0000077.txt,x,A,y,,,,,,,,,,,,,,,,after,trills,2022-07-28,10-12-31,Wuschel,2022-07-28 10:12:31,10:10,3.0,Olympia,8.0,xAynannannannannannannannannannannannannannannan,Anannannannannannannannannannannannannannannan,3,partner
after_trills_2022-07-28_10-12-31_0000059_labelled_Wuschel_phee_0000102.txt,x,A,y,,,,,,,,,,,,,,,,after,trills,2022-07-28,10-12-31,Wuschel,2022-07-28 10:12:31,10:10,3.0,Olympia,9.0,xAynannannannannannannannannannannannannannannan,Anannannannannannannannannannannannannannannan,3,partner
after_phees_2022-08-02_15-01-37_0000067_labelled_Lola_pheeseq_0000035.txt,x,A,y,,,,,,,,,,,,,,,,after,phees,2022-08-02,15-01-37,Lola,2022-08-02 15:01:37,15:00,5.0,Tabor,1.0,xAynannannannannannannannannannannannannannannan,Anannannannannannannannannannannannannannannan,1,partner
after_phees_2022-08-02_15-01-37_0000067_labelled_Lola_pheeseq_0000008.txt,x,A,A,y,,,,,,,,,,,,,,,after,phees,2022-08-02,15-01-37,Lola,2022-08-02 15:01:37,15:00,5.0,Tabor,2.0,xAAynannannannannannannannannannannannannannan,AAnannannannannannannannannannannannannannan,1,partner
after_phees_2022-08-02_15-01-37_0000067_labelled_Lola_pheeseq_0000031.txt,x,A,A,y,,,,,,,,,,,,,,,after,phees,2022-08-02,15-01-37,Lola,2022-08-02 15:01:37,15:00,5.0,Tabor,3.0,xAAynannannannannannannannannannannannannannan,AAnannannannannannannannannannannannannannan,1,partner
after_phees_2022-08-02_15-01-37_0000067_labelled_Lola_pheeseq_0000056.txt,x,A,y,,,,,,,,,,,,,,,,after,phees,2022-08-02,15-01-37,Lola,2022-08-02 15:01:37,15:00,5.0,Tabor,4.0,xAynannannannannannannannannannannannannannannan,Anannannannannannannannannannannannannannannan,3,partner
after_phees_2022-08-02_15-01-37_0000067_labelled_Lola_pheeseq_0000055.txt,x,A,A,y,,,,,,,,,,,,,,,after,phees,2022-08-02,15-01-37,Lola,2022-08-02 15:01:37,15:00,5.0,Tabor,5.0,xAAynannannannannannannannannannannannannannan,AAnannannannannannannannannannannannannannan,3,partner
after_phees_2022-08-02_15-01-37_0000067_labelled_Lola_pheeseq_0000054.txt,x,A,A,y,,,,,,,,,,,,,,,after,phees,2022-08-02,15-01-37,Lola,2022-08-02 15:01:37,15:00,5.0,Tabor,6.0,xAAynannannannannannannannannannannannannannan,AAnannannannannannannannannannannannannannan,3,partner
after_phees_2022-08-02_15-01-37_0000067_labelled_Lola_pheeseq_0000053.txt,x,A,A,y,,,,,,,,,,,,,,,after,phees,2022-08-02,15-01-37,Lola,2022-08-02 15:01:37,15:00,5.0,Tabor,7.0,xAAynannannannannannannannannannannannannannan,AAnannannannannannannannannannannannannannan,3,partner
after_phees_2022-08-02_15-01-37_0000067_labelled_Lola_pheeseq_0000052.txt,x,A,A,y,,,,,,,,,,,,,,,after,phees,2022-08-02,15-01-37,Lola,2022-08-02 15:01:37,15:00,5.0,Tabor,8.0,xAAynannannannannannannannannannannannannannan,AAnannannannannannannannannannannannannannan,3,partner
after_phees_2022-08-02_15-01-37_0000067_labelled_Lola_pheeseq_0000007.txt,x,A,A,y,,,,,,,,,,,,,,,after,phees,2022-08-02,15-01-37,Lola,2022-08-02 15:01:37,15:00,5.0,Tabor,9.0,xAAynannannannannannannannannannannannannannan,AAnannannannannannannannannannannannannannan,1,partner
after_phees_2022-08-02_15-01-37_0000067_labelled_Lola_pheeseq_0000005.txt,x,A,A,y,,,,,,,,,,,,,,,after,phees,2022-08-02,15-01-37,Lola,2022-08-02 15:01:37,15:00,5.0,Tabor,10.0,xAAynannannannannannannannannannannannannannan,AAnannannannannannannannannannannannannannan,1,partner
after_phees_2022-08-02_15-01-37_0000067_labelled_Lola_pheeseq_0000004.txt,x,A,A,P,P,,,,,,,,,,,,,,after,phees,2022-08-02,15-01-37,Lola,2022-08-02 15:01:37,15:00,5.0,Tabor,11.0,xAAPPnannannannannannannannannannannannannan,AAPPnannannannannannannannannannannannannan,1,partner
after_phees_2022-08-02_14-36-43_0000066_labelled_Lola_pheeseq_0000068.txt,x,A,A,A,y,,,,,,,,,,,,,,after,phees,2022-08-02,14-36-43,Lola,2022-08-02 14:36:43,14:35,5.0,Wuschel,1.0,xAAAynannannannannannannannannannannannannan,AAAnannannannannannannannannannannannannan,3,non-partner
after_phees_2022-08-02_14-36-43_0000066_labelled_Lola_pheeseq_0000054.txt,x,A,A,A,y,,,,,,,,,,,,,,after,phees,2022-08-02,14-36-43,Lola,2022-08-02 14:36:43,14:35,5.0,Wuschel,2.0,xAAAynannannannannannannannannannannannannan,AAAnannannannannannannannannannannannannan,3,non-partner
after_phees_2022-08-02_14-36-43_0000066_labelled_Lola_pheeseq_0000069.txt,x,A,A,y,,,,,,,,,,,,,,,after,phees,2022-08-02,14-36-43,Lola,2022-08-02 14:36:43,14:35,5.0,Wuschel,3.0,xAAynannannannannannannannannannannannannannan,AAnannannannannannannannannannannannannannan,3,non-partner
after_phees_2022-08-02_14-36-43_0000066_labelled_Lola_pheeseq_0000056.txt,x,A,y,,,,,,,,,,,,,,,,after,phees,2022-08-02,14-36-43,Lola,2022-08-02 14:36:43,14:35,5.0,Wuschel,4.0,xAynannannannannannannannannannannannannannannan,Anannannannannannannannannannannannannannannan,3,non-partner
after_phees_2022-08-02_14-36-43_0000066_labelled_Lola_pheeseq_0000052.txt,x,A,A,y,,,,,,,,,,,,,,,after,phees,2022-08-02,14-36-43,Lola,2022-08-02 14:36:43,14:35,5.0,Wuschel,5.0,xAAynannannannannannannannannannannannannannan,AAnannannannannannannannannannannannannannan,3,non-partner
after_phees_2022-08-02_14-36-43_0000066_labelled_Lola_pheeseq_0000053.txt,x,A,A,y,,,,,,,,,,,,,,,after,phees,2022-08-02,14-36-43,Lola,2022-08-02 14:36:43,14:35,5.0,Wuschel,6.0,xAAynannannannannannannannannannannannannannan,AAnannannannannannannannannannannannannannan,3,non-partner
after_phees_2022-08-02_14-36-43_0000066_labelled_Lola_pheeseq_0000047.txt,x,A,A,P,P,,,,,,,,,,,,,,after,phees,2022-08-02,14-36-43,Lola,2022-08-02 14:36:43,14:35,5.0,Wuschel,7.0,xAAPPnannannannannannannannannannannannannan,AAPPnannannannannannannannannannannannannan,3,non-partner
after_phees_2022-08-02_14-36-43_0000066_labelled_Lola_pheeseq_0000051.txt,x,A,A,y,,,,,,,,,,,,,,,after,phees,2022-08-02,14-36-43,Lola,2022-08-02 14:36:43,14:35,5.0,Wuschel,8.0,xAAynannannannannannannannannannannannannannan,AAnannannannannannannannannannannannannannan,3,non-partner
after_phees_2022-08-02_14-36-43_0000066_labelled_Lola_pheeseq_0000050.txt,x,A,A,A,y,,,,,,,,,,,,,,after,phees,2022-08-02,14-36-43,Lola,2022-08-02 14:36:43,14:35,5.0,Wuschel,9.0,xAAAynannannannannannannannannannannannannan,AAAnannannannannannannannannannannannannan,3,non-partner
after_phees_2022-08-02_14-36-43_0000066_labelled_Lola_pheeseq_0000023.txt,x,A,A,P,S,,,,,,,,,,,,,,after,phees,2022-08-02,14-36-43,Lola,2022-08-02 14:36:43,14:35,5.0,Wuschel,10.0,xAAPSnannannannannannannannannannannannannan,AAPSnannannannannannannannannannannannannan,1,non-partner
after_phees_2022-08-02_14-36-43_0000066_labelled_Lola_pheeseq_0000022.txt,x,A,A,y,,,,,,,,,,,,,,,after,phees,2022-08-02,14-36-43,Lola,2022-08-02 14:36:43,14:35,5.0,Wuschel,11.0,xAAynannannannannannannannannannannannannannan,AAnannannannannannannannannannannannannannan,1,non-partner
after_phees_2022-08-02_14-36-43_0000066_labelled_Lola_pheeseq_0000008.txt,x,A,A,y,,,,,,,,,,,,,,,after,phees,2022-08-02,14-36-43,Lola,2022-08-02 14:36:43,14:35,5.0,Wuschel,12.0,xAAynannannannannannannannannannannannannannan,AAnannannannannannannannannannannannannannan,1,non-partner
after_phees_2022-08-02_14-36-43_0000066_labelled_Lola_pheeseq_0000020.txt,x,A,A,A,P,P,,,,,,,,,,,,,after,phees,2022-08-02,14-36-43,Lola,2022-08-02 14:36:43,14:35,5.0,Wuschel,13.0,xAAAPPnannannannannannannannannannannannan,AAAPPnannannannannannannannannannannannan,1,non-partner
after_phees_2022-08-02_14-36-43_0000066_labelled_Lola_pheeseq_0000021.txt,x,A,A,A,y,,,,,,,,,,,,,,after,phees,2022-08-02,14-36-43,Lola,2022-08-02 14:36:43,14:35,5.0,Wuschel,14.0,xAAAynannannannannannannannannannannannannan,AAAnannannannannannannannannannannannannan,1,non-partner
after_phees_2022-08-02_14-36-43_0000066_labelled_Lola_pheeseq_0000009.txt,x,A,A,y,,,,,,,,,,,,,,,after,phees,2022-08-02,14-36-43,Lola,2022-08-02 14:36:43,14:35,5.0,Wuschel,15.0,xAAynannannannannannannannannannannannannannan,AAnannannannannannannannannannannannannannan,1,non-partner
after_phees_2022-08-02_14-36-43_0000066_labelled_Lola_pheeseq_0000025.txt,x,A,A,A,y,,,,,,,,,,,,,,after,phees,2022-08-02,14-36-43,Lola,2022-08-02 14:36:43,14:35,5.0,Wuschel,16.0,xAAAynannannannannannannannannannannannannan,AAAnannannannannannannannannannannannannan,1,non-partner
after_phees_2022-08-02_14-36-43_0000066_labelled_Lola_pheeseq_0000019.txt,x,A,A,A,P,,,,,,,,,,,,,,after,phees,2022-08-02,14-36-43,Lola,2022-08-02 14:36:43,14:35,5.0,Wuschel,17.0,xAAAPnannannannannannannannannannannannannan,AAAPnannannannannannannannannannannannannan,1,non-partner
after_phees_2022-08-02_14-36-43_0000066_labelled_Lola_pheeseq_0000018.txt,x,A,A,A,y,,,,,,,,,,,,,,after,phees,2022-08-02,14-36-43,Lola,2022-08-02 14:36:43,14:35,5.0,Wuschel,18.0,xAAAynannannannannannannannannannannannannan,AAAnannannannannannannannannannannannannan,1,non-partner
after_phees_2022-08-02_14-36-43_0000066_labelled_Lola_pheeseq_0000026.txt,x,A,A,A,y,,,,,,,,,,,,,,after,phees,2022-08-02,14-36-43,Lola,2022-08-02 14:36:43,14:35,5.0,Wuschel,19.0,xAAAynannannannannannannannannannannannannan,AAAnannannannannannannannannannannannannan,1,non-partner
after_phees_2022-08-02_14-36-43_0000066_labelled_Lola_pheeseq_0000027.txt,x,A,A,A,y,,,,,,,,,,,,,,after,phees,2022-08-02,14-36-43,Lola,2022-08-02 14:36:43,14:35,5.0,Wuschel,20.0,xAAAynannannannannannannannannannannannannan,AAAnannannannannannannannannannannannannan,1,non-partner
after_phees_2022-08-02_14-36-43_0000066_labelled_Lola_pheeseq_0000002.txt,x,A,A,P,P,S,,,,,,,,,,,,,after,phees,2022-08-02,14-36-43,Lola,2022-08-02 14:36:43,14:35,5.0,Wuschel,21.0,xAAPPSnannannannannannannannannannannannan,AAPPSnannannannannannannannannannannannan,1,non-partner
after_phees_2022-08-02_14-36-43_0000066_labelled_Lola_pheeseq_0000003.txt,x,A,A,P,P,P,,,,,,,,,,,,,after,phees,2022-08-02,14-36-43,Lola,2022-08-02 14:36:43,14:35,5.0,Wuschel,22.0,xAAPPPnannannannannannannannannannannannan,AAPPPnannannannannannannannannannannannan,1,non-partner
after_phees_2022-08-02_14-36-43_0000066_labelled_Lola_pheeseq_0000017.txt,x,A,A,A,P,,,,,,,,,,,,,,after,phees,2022-08-02,14-36-43,Lola,2022-08-02 14:36:43,14:35,5.0,Wuschel,23.0,xAAAPnannannannannannannannannannannannannan,AAAPnannannannannannannannannannannannannan,1,non-partner
after_phees_2022-08-02_14-36-43_0000066_labelled_Lola_pheeseq_0000004.txt,x,A,A,A,y,,,,,,,,,,,,,,after,phees,2022-08-02,14-36-43,Lola,2022-08-02 14:36:43,14:35,5.0,Wuschel,24.0,xAAAynannannannannannannannannannannannannan,AAAnannannannannannannannannannannannannan,1,non-partner
after_phees_2022-08-02_14-36-43_0000066_labelled_Lola_pheeseq_0000010.txt,x,A,A,y,,,,,,,,,,,,,,,after,phees,2022-08-02,14-36-43,Lola,2022-08-02 14:36:43,14:35,5.0,Wuschel,25.0,xAAynannannannannannannannannannannannannannan,AAnannannannannannannannannannannannannannan,1,non-partner
after_phees_2022-08-02_14-36-43_0000066_labelled_Lola_pheeseq_0000006.txt,x,A,A,P,P,S,,,,,,,,,,,,,after,phees,2022-08-02,14-36-43,Lola,2022-08-02 14:36:43,14:35,5.0,Wuschel,26.0,xAAPPSnannannannannannannannannannannannan,AAPPSnannannannannannannannannannannannan,1,non-partner
after_phees_2022-08-02_14-36-43_0000066_labelled_Lola_pheeseq_0000061.txt,x,A,A,y,,,,,,,,,,,,,,,after,phees,2022-08-02,14-36-43,Lola,2022-08-02 14:36:43,14:35,5.0,Wuschel,27.0,xAAynannannannannannannannannannannannannannan,AAnannannannannannannannannannannannannannan,3,non-partner
after_phees_2022-08-02_14-36-43_0000066_labelled_Lola_pheeseq_0000048.txt,x,A,A,y,,,,,,,,,,,,,,,after,phees,2022-08-02,14-36-43,Lola,2022-08-02 14:36:43,14:35,5.0,Wuschel,28.0,xAAynannannannannannannannannannannannannannan,AAnannannannannannannannannannannannannannan,3,non-partner
after_phees_2022-08-02_14-36-43_0000066_labelled_Lola_pheeseq_0000062.txt,x,A,y,,,,,,,,,,,,,,,,after,phees,2022-08-02,14-36-43,Lola,2022-08-02 14:36:43,14:35,5.0,Wuschel,29.0,xAynannannannannannannannannannannannannannannan,Anannannannannannannannannannannannannannannan,3,non-partner
after_phees_2022-08-02_14-36-43_0000066_labelled_Lola_pheeseq_0000067.txt,x,A,A,y,,,,,,,,,,,,,,,after,phees,2022-08-02,14-36-43,Lola,2022-08-02 14:36:43,14:35,5.0,Wuschel,30.0,xAAynannannannannannannannannannannannannannan,AAnannannannannannannannannannannannannannan,3,non-partner
after_phees_2022-08-02_14-36-43_0000066_labelled_Lola_pheeseq_0000066.txt,x,A,y,,,,,,,,,,,,,,,,after,phees,2022-08-02,14-36-43,Lola,2022-08-02 14:36:43,14:35,5.0,Wuschel,31.0,xAynannannannannannannannannannannannannannannan,Anannannannannannannannannannannannannannannan,3,non-partner
after_phees_2022-08-02_13-43-08_0000064_labelled_Odin_pheeseq_0000023.txt,x,A,K,,,,,,,,,,,,,,,,after,phees,2022-08-02,13-43-08,Odin,2022-08-02 13:43:08,13:45,3.0,Olympia,1.0,xAKnannannannannannannannannannannannannannannan,AKnannannannannannannannannannannannannannannan,1,non-partner
after_phees_2022-08-02_13-43-08_0000064_labelled_Odin_pheeseq_0000022.txt,x,A,P,P,A,A,A,y,,,,,,,,,,,after,phees,2022-08-02,13-43-08,Odin,2022-08-02 13:43:08,13:45,3.0,Olympia,2.0,xAPPAAAynannannannannannannannannannan,APPAAAnannannannannannannannannannan,1,non-partner
after_phees_2022-08-02_13-43-08_0000064_labelled_Odin_pheeseq_0000009.txt,x,A,A,A,P,P,,,,,,,,,,,,,after,phees,2022-08-02,13-43-08,Odin,2022-08-02 13:43:08,13:45,3.0,Olympia,3.0,xAAAPPnannannannannannannannannannannannan,AAAPPnannannannannannannannannannannannan,1,non-partner
after_phees_2022-08-02_13-43-08_0000064_labelled_Odin_pheeseq_0000021.txt,x,A,P,A,P,A,A,y,,,,,,,,,,,after,phees,2022-08-02,13-43-08,Odin,2022-08-02 13:43:08,13:45,3.0,Olympia,5.0,xAPAPAAynannannannannannannannannannan,APAPAAnannannannannannannannannannan,1,non-partner
after_phees_2022-08-02_13-43-08_0000064_labelled_Odin_pheeseq_0000019.txt,P,A,P,A,A,T,,,,,,,,,,,,,after,phees,2022-08-02,13-43-08,Odin,2022-08-02 13:43:08,13:45,3.0,Olympia,6.0,PAPAATnannannannannannannannannannannannan,PAPAATnannannannannannannannannannannannan,1,non-partner
after_phees_2022-08-02_13-43-08_0000064_labelled_Odin_pheeseq_0000054.txt,x,A,A,y,,,,,,,,,,,,,,,after,phees,2022-08-02,13-43-08,Odin,2022-08-02 13:43:08,13:45,3.0,Olympia,9.0,xAAynannannannannannannannannannannannannannan,AAnannannannannannannannannannannannannannan,3,non-partner
after_phees_2022-08-02_13-43-08_0000064_labelled_Odin_pheeseq_0000068.txt,x,A,A,A,y,,,,,,,,,,,,,,after,phees,2022-08-02,13-43-08,Odin,2022-08-02 13:43:08,13:45,3.0,Olympia,11.0,xAAAynannannannannannannannannannannannannan,AAAnannannannannannannannannannannannannan,3,non-partner
after_phees_2022-08-02_13-43-08_0000064_labelled_Odin_pheeseq_0000057.txt,x,A,A,y,,,,,,,,,,,,,,,after,phees,2022-08-02,13-43-08,Odin,2022-08-02 13:43:08,13:45,3.0,Olympia,12.0,xAAynannannannannannannannannannannannannannan,AAnannannannannannannannannannannannannannan,3,non-partner
after_phees_2022-08-02_13-43-08_0000064_labelled_Odin_pheeseq_0000046.txt,x,P,A,A,y,,,,,,,,,,,,,,after,phees,2022-08-02,13-43-08,Odin,2022-08-02 13:43:08,13:45,3.0,Olympia,13.0,xPAAynannannannannannannannannannannannannan,PAAnannannannannannannannannannannannannan,3,non-partner
after_phees_2022-08-02_13-43-08_0000064_labelled_Odin_pheeseq_0000052.txt,x,A,A,A,y,,,,,,,,,,,,,,after,phees,2022-08-02,13-43-08,Odin,2022-08-02 13:43:08,13:45,3.0,Olympia,14.0,xAAAynannannannannannannannannannannannannan,AAAnannannannannannannannannannannannannan,3,non-partner
after_phees_2022-08-02_13-43-08_0000064_labelled_Odin_phee_0000011.txt,x,A,y,,,,,,,,,,,,,,,,after,phees,2022-08-02,13-43-08,Odin,2022-08-02 13:43:08,13:45,3.0,Olympia,15.0,xAynannannannannannannannannannannannannannannan,Anannannannannannannannannannannannannannannan,1,non-partner
after_phees_2022-08-02_13-43-08_0000064_labelled_Odin_pheeseq_0000053.txt,x,A,P,P,P,A,y,,,,,,,,,,,,after,phees,2022-08-02,13-43-08,Odin,2022-08-02 13:43:08,13:45,3.0,Olympia,16.0,xAPPPAynannannannannannannannannannannan,APPPAnannannannannannannannannannannan,3,non-partner
after_phees_2022-08-02_13-43-08_0000064_labelled_Odin_pheeseq_0000045.txt,x,A,y,,,,,,,,,,,,,,,,after,phees,2022-08-02,13-43-08,Odin,2022-08-02 13:43:08,13:45,3.0,Olympia,17.0,xAynannannannannannannannannannannannannannannan,Anannannannannannannannannannannannannannannan,3,non-partner
after_phees_2022-08-02_13-43-08_0000064_labelled_Odin_pheeseq_0000044.txt,x,A,A,A,y,,,,,,,,,,,,,,after,phees,2022-08-02,13-43-08,Odin,2022-08-02 13:43:08,13:45,3.0,Olympia,18.0,xAAAynannannannannannannannannannannannannan,AAAnannannannannannannannannannannannannan,3,non-partner
after_phees_2022-08-02_13-43-08_0000064_labelled_Odin_pheeseq_0000061.txt,x,A,P,A,A,A,y,,,,,,,,,,,,after,phees,2022-08-02,13-43-08,Odin,2022-08-02 13:43:08,13:45,3.0,Olympia,19.0,xAPAAAynannannannannannannannannannannan,APAAAnannannannannannannannannannannan,3,non-partner
after_phees_2022-08-02_13-43-08_0000064_labelled_Odin_pheeseq_0000048.txt,x,A,P,P,P,A,y,,,,,,,,,,,,after,phees,2022-08-02,13-43-08,Odin,2022-08-02 13:43:08,13:45,3.0,Olympia,20.0,xAPPPAynannannannannannannannannannannan,APPPAnannannannannannannannannannannan,3,non-partner
after_phees_2022-08-02_13-43-08_0000064_labelled_Odin_pheeseq_0000060.txt,x,A,P,P,A,A,A,K,,,,,,,,,,,after,phees,2022-08-02,13-43-08,Odin,2022-08-02 13:43:08,13:45,3.0,Olympia,21.0,xAPPAAAKnannannannannannannannannannan,APPAAAKnannannannannannannannannannan,3,non-partner
after_phees_2022-08-02_13-43-08_0000064_labelled_Odin_pheeseq_0000062.txt,x,A,P,A,A,y,,,,,,,,,,,,,after,phees,2022-08-02,13-43-08,Odin,2022-08-02 13:43:08,13:45,3.0,Olympia,22.0,xAPAAynannannannannannannannannannannannan,APAAnannannannannannannannannannannannan,3,non-partner
after_phees_2022-08-02_13-43-08_0000064_labelled_Odin_pheeseq_0000058.txt,x,A,A,y,,,,,,,,,,,,,,,after,phees,2022-08-02,13-43-08,Odin,2022-08-02 13:43:08,13:45,3.0,Olympia,23.0,xAAynannannannannannannannannannannannannannan,AAnannannannannannannannannannannannannannan,3,non-partner
after_phees_2022-08-02_13-43-08_0000064_labelled_Odin_pheeseq_0000059.txt,x,A,A,A,A,y,,,,,,,,,,,,,after,phees,2022-08-02,13-43-08,Odin,2022-08-02 13:43:08,13:45,3.0,Olympia,24.0,xAAAAynannannannannannannannannannannannan,AAAAnannannannannannannannannannannannan,3,non-partner
after_phees_2022-08-02_13-43-08_0000064_labelled_Odin_pheeseq_0000003.txt,x,A,P,P,A,A,A,y,,,,,,,,,,,after,phees,2022-08-02,13-43-08,Odin,2022-08-02 13:43:08,13:45,3.0,Olympia,25.0,xAPPAAAynannannannannannannannannannan,APPAAAnannannannannannannannannannan,1,non-partner
after_phees_2022-08-02_13-43-08_0000064_labelled_Odin_pheeseq_0000017.txt,x,A,P,A,A,y,,,,,,,,,,,,,after,phees,2022-08-02,13-43-08,Odin,2022-08-02 13:43:08,13:45,3.0,Olympia,26.0,xAPAAynannannannannannannannannannannannan,APAAnannannannannannannannannannannannan,1,non-partner
after_phees_2022-08-02_13-43-08_0000064_labelled_Odin_pheeseq_0000015.txt,x,A,P,A,A,A,A,y,,,,,,,,,,,after,phees,2022-08-02,13-43-08,Odin,2022-08-02 13:43:08,13:45,3.0,Olympia,27.0,xAPAAAAynannannannannannannannannannan,APAAAAnannannannannannannannannannan,1,non-partner
after_phees_2022-08-02_13-43-08_0000064_labelled_Odin_pheeseq_0000014.txt,x,A,P,P,A,A,y,,,,,,,,,,,,after,phees,2022-08-02,13-43-08,Odin,2022-08-02 13:43:08,13:45,3.0,Olympia,30.0,xAPPAAynannannannannannannannannannannan,APPAAnannannannannannannannannannannan,1,non-partner
after_phees_2022-08-02_13-43-08_0000064_labelled_Odin_pheeseq_0000004.txt,x,A,A,A,A,A,y,,,,,,,,,,,,after,phees,2022-08-02,13-43-08,Odin,2022-08-02 13:43:08,13:45,3.0,Olympia,31.0,xAAAAAynannannannannannannannannannannan,AAAAAnannannannannannannannannannannan,1,non-partner
after_phees_2022-08-02_13-43-08_0000064_labelled_Odin_pheeseq_0000010.txt,x,A,A,A,A,y,,,,,,,,,,,,,after,phees,2022-08-02,13-43-08,Odin,2022-08-02 13:43:08,13:45,3.0,Olympia,32.0,xAAAAynannannannannannannannannannannannan,AAAAnannannannannannannannannannannannan,1,non-partner
after_phees_2022-08-02_13-43-08_0000064_labelled_Odin_pheeseq_0000005.txt,x,A,P,P,P,A,A,A,P,P,P,P,P,,,,,,after,phees,2022-08-02,13-43-08,Odin,2022-08-02 13:43:08,13:45,3.0,Olympia,33.0,xAPPPAAAPPPPPnannannannannan,APPPAAAPPPPPnannannannannan,1,non-partner
after_phees_2022-08-02_13-43-08_0000064_labelled_Odin_pheeseq_0000013.txt,x,A,A,y,,,,,,,,,,,,,,,after,phees,2022-08-02,13-43-08,Odin,2022-08-02 13:43:08,13:45,3.0,Olympia,34.0,xAAynannannannannannannannannannannannannannan,AAnannannannannannannannannannannannannannan,1,non-partner
after_phees_2022-08-02_13-43-08_0000064_labelled_Olympia_pheeseq_0000051.txt,x,A,A,y,,,,,,,,,,,,,,,after,phees,2022-08-02,13-43-08,Olympia,2022-08-02 13:43:08,13:45,3.0,Odin,1.0,xAAynannannannannannannannannannannannannannan,AAnannannannannannannannannannannannannannan,3,non-partner
after_phees_2022-08-02_13-43-08_0000064_labelled_Olympia_pheeseq_0000047.txt,x,A,P,,,,,,,,,,,,,,,,after,phees,2022-08-02,13-43-08,Olympia,2022-08-02 13:43:08,13:45,3.0,Odin,2.0,xAPnannannannannannannannannannannannannannannan,APnannannannannannannannannannannannannannannan,3,non-partner
after_phees_2022-08-02_13-43-08_0000064_labelled_Olympia_pheeseq_0000056.txt,x,A,y,,,,,,,,,,,,,,,,after,phees,2022-08-02,13-43-08,Olympia,2022-08-02 13:43:08,13:45,3.0,Odin,3.0,xAynannannannannannannannannannannannannannannan,Anannannannannannannannannannannannannannannan,3,non-partner
after_phees_2022-08-02_13-43-08_0000064_labelled_Olympia_pheeseq_0000008.txt,x,A,A,y,,,,,,,,,,,,,,,after,phees,2022-08-02,13-43-08,Olympia,2022-08-02 13:43:08,13:45,3.0,Odin,5.0,xAAynannannannannannannannannannannannannannan,AAnannannannannannannannannannannannannannan,1,non-partner
after_phees_2022-08-02_13-43-08_0000064_labelled_Olympia_pheeseq_0000007.txt,x,A,A,y,,,,,,,,,,,,,,,after,phees,2022-08-02,13-43-08,Olympia,2022-08-02 13:43:08,13:45,3.0,Odin,6.0,xAAynannannannannannannannannannannannannannan,AAnannannannannannannannannannannannannannan,1,non-partner
after_phees_2022-08-02_13-43-08_0000064_labelled_Olympia_phee_0000055.txt,x,A,y,,,,,,,,,,,,,,,,after,phees,2022-08-02,13-43-08,Olympia,2022-08-02 13:43:08,13:45,3.0,Odin,7.0,xAynannannannannannannannannannannannannannannan,Anannannannannannannannannannannannannannannan,3,non-partner
after_phees_2022-08-02_13-43-08_0000064_labelled_Olympia_pheeseq_0000016.txt,x,A,A,y,,,,,,,,,,,,,,,after,phees,2022-08-02,13-43-08,Olympia,2022-08-02 13:43:08,13:45,3.0,Odin,8.0,xAAynannannannannannannannannannannannannannan,AAnannannannannannannannannannannannannannan,1,non-partner
after_phees_2022-08-02_13-43-08_0000064_labelled_Olympia_pheeseq_0000064.txt,x,A,A,y,,,,,,,,,,,,,,,after,phees,2022-08-02,13-43-08,Olympia,2022-08-02 13:43:08,13:45,3.0,Odin,9.0,xAAynannannannannannannannannannannannannannan,AAnannannannannannannannannannannannannannan,3,non-partner
after_phees_2022-08-02_13-43-08_0000064_labelled_Olympia_pheeseq_0000067.txt,x,A,A,y,,,,,,,,,,,,,,,after,phees,2022-08-02,13-43-08,Olympia,2022-08-02 13:43:08,13:45,3.0,Odin,11.0,xAAynannannannannannannannannannannannannannan,AAnannannannannannannannannannannannannannan,3,non-partner
after_phees_2022-08-02_14-11-30_0000065_labelled_Olympia_phee_0000037.txt,x,A,y,,,,,,,,,,,,,,,,after,phees,2022-08-02,14-11-30,Olympia,2022-08-02 14:11:30,14:10,4.0,Wuschel,1.0,xAynannannannannannannannannannannannannannannan,Anannannannannannannannannannannannannannannan,3,partner
after_phees_2022-08-02_14-11-30_0000065_labelled_Olympia_pheeseq_0000039.txt,x,A,A,y,,,,,,,,,,,,,,,after,phees,2022-08-02,14-11-30,Olympia,2022-08-02 14:11:30,14:10,4.0,Wuschel,2.0,xAAynannannannannannannannannannannannannannan,AAnannannannannannannannannannannannannannan,3,partner
after_trills_2022-08-02_15-01-39_0000067_labelled_Tabor_pheeseq_0000032.txt,x,A,A,A,A,P,,,,,,,,,,,,,after,trills,2022-08-02,15-01-39,Tabor,2022-08-02 15:01:39,15:00,5.0,Lola,1.0,xAAAAPnannannannannannannannannannannannan,AAAAPnannannannannannannannannannannannan,3,partner
after_trills_2022-08-02_15-01-39_0000067_labelled_Tabor_pheeseq_0000027.txt,x,A,A,A,A,P,,,,,,,,,,,,,after,trills,2022-08-02,15-01-39,Tabor,2022-08-02 15:01:39,15:00,5.0,Lola,2.0,xAAAAPnannannannannannannannannannannannan,AAAAPnannannannannannannannannannannannan,3,partner
after_phees_2022-08-02_15-01-37_0000067_labelled_Tabor_pheeseq_0000038.txt,x,A,A,A,P,P,,,,,,,,,,,,,after,phees,2022-08-02,15-01-37,Tabor,2022-08-02 15:01:37,15:00,5.0,Lola,3.0,xAAAPPnannannannannannannannannannannannan,AAAPPnannannannannannannannannannannannan,1,partner
after_trills_2022-08-02_15-01-39_0000067_labelled_Tabor_pheeseq_0000025.txt,P,A,A,P,P,P,,,,,,,,,,,,,after,trills,2022-08-02,15-01-39,Tabor,2022-08-02 15:01:39,15:00,5.0,Lola,4.0,PAAPPPnannannannannannannannannannannannan,PAAPPPnannannannannannannannannannannannan,3,partner
after_trills_2022-08-02_15-01-39_0000067_labelled_Tabor_pheeseq_0000030.txt,x,A,A,A,A,P,,,,,,,,,,,,,after,trills,2022-08-02,15-01-39,Tabor,2022-08-02 15:01:39,15:00,5.0,Lola,5.0,xAAAAPnannannannannannannannannannannannan,AAAAPnannannannannannannannannannannannan,3,partner
after_phees_2022-08-02_15-01-37_0000067_labelled_Tabor_pheeseq_0000043.txt,x,A,A,A,A,y,,,,,,,,,,,,,after,phees,2022-08-02,15-01-37,Tabor,2022-08-02 15:01:37,15:00,5.0,Lola,6.0,xAAAAynannannannannannannannannannannannan,AAAAnannannannannannannannannannannannan,1,partner
after_trills_2022-08-02_15-01-39_0000067_labelled_Tabor_pheeseq_0000029.txt,x,A,A,A,A,y,,,,,,,,,,,,,after,trills,2022-08-02,15-01-39,Tabor,2022-08-02 15:01:39,15:00,5.0,Lola,7.0,xAAAAynannannannannannannannannannannannan,AAAAnannannannannannannannannannannannan,3,partner
after_trills_2022-08-02_15-01-39_0000067_labelled_Tabor_pheeseq_0000028.txt,P,A,A,P,P,,,,,,,,,,,,,,after,trills,2022-08-02,15-01-39,Tabor,2022-08-02 15:01:39,15:00,5.0,Lola,8.0,PAAPPnannannannannannannannannannannannannan,PAAPPnannannannannannannannannannannannannan,3,partner
after_trills_2022-08-02_15-01-39_0000067_labelled_Tabor_pheeseq_0000006.txt,x,A,A,A,A,P,,,,,,,,,,,,,after,trills,2022-08-02,15-01-39,Tabor,2022-08-02 15:01:39,15:00,5.0,Lola,9.0,xAAAAPnannannannannannannannannannannannan,AAAAPnannannannannannannannannannannannan,1,partner
after_phees_2022-08-02_14-36-43_0000066_labelled_Wuschel_phee_0000045.txt,x,A,y,,,,,,,,,,,,,,,,after,phees,2022-08-02,14-36-43,Wuschel,2022-08-02 14:36:43,14:35,5.0,Lola,3.0,xAynannannannannannannannannannannannannannannan,Anannannannannannannannannannannannannannannan,3,non-partner
after_phees_2022-08-02_14-36-43_0000066_labelled_Wuschel_pheeseq_0000057.txt,x,A,A,y,,,,,,,,,,,,,,,after,phees,2022-08-02,14-36-43,Wuschel,2022-08-02 14:36:43,14:35,5.0,Lola,9.0,xAAynannannannannannannannannannannannannannan,AAnannannannannannannannannannannannannannan,3,non-partner
after_phees_2022-08-02_14-36-43_0000066_labelled_Wuschel_phee_0000024.txt,x,A,y,,,,,,,,,,,,,,,,after,phees,2022-08-02,14-36-43,Wuschel,2022-08-02 14:36:43,14:35,5.0,Lola,11.0,xAynannannannannannannannannannannannannannannan,Anannannannannannannannannannannannannannannan,1,non-partner
after_trills_2022-08-02_14-36-44_0000066_labelled_Wuschel_phee_0000008.txt,x,A,y,,,,,,,,,,,,,,,,after,trills,2022-08-02,14-36-44,Wuschel,2022-08-02 14:36:44,14:35,5.0,Lola,12.0,xAynannannannannannannannannannannannannannannan,Anannannannannannannannannannannannannannannan,1,non-partner
after_phees_2022-08-02_14-36-43_0000066_labelled_Wuschel_pheeseq_0000060.txt,x,A,A,P,,,,,,,,,,,,,,,after,phees,2022-08-02,14-36-43,Wuschel,2022-08-02 14:36:43,14:35,5.0,Lola,13.0,xAAPnannannannannannannannannannannannannannan,AAPnannannannannannannannannannannannannannan,3,non-partner
after_trills_2022-08-02_14-36-44_0000066_labelled_Wuschel_phee_0000011.txt,x,A,y,,,,,,,,,,,,,,,,after,trills,2022-08-02,14-36-44,Wuschel,2022-08-02 14:36:44,14:35,5.0,Lola,14.0,xAynannannannannannannannannannannannannannannan,Anannannannannannannannannannannannannannannan,1,non-partner
after_phees_2022-08-02_14-36-43_0000066_labelled_Wuschel_phee_0000029.txt,x,A,y,,,,,,,,,,,,,,,,after,phees,2022-08-02,14-36-43,Wuschel,2022-08-02 14:36:43,14:35,5.0,Lola,15.0,xAynannannannannannannannannannannannannannannan,Anannannannannannannannannannannannannannannan,1,non-partner
after_phees_2022-08-02_14-36-43_0000066_labelled_Wuschel_phee_0000014.txt,x,A,y,,,,,,,,,,,,,,,,after,phees,2022-08-02,14-36-43,Wuschel,2022-08-02 14:36:43,14:35,5.0,Lola,16.0,xAynannannannannannannannannannannannannannannan,Anannannannannannannannannannannannannannannan,1,non-partner
after_phees_2022-08-02_14-36-43_0000066_labelled_Wuschel_phee_0000028.txt,x,A,y,,,,,,,,,,,,,,,,after,phees,2022-08-02,14-36-43,Wuschel,2022-08-02 14:36:43,14:35,5.0,Lola,17.0,xAynannannannannannannannannannannannannannannan,Anannannannannannannannannannannannannannannan,1,non-partner
after_trills_2022-08-02_14-36-44_0000066_labelled_Wuschel_phee_0000004.txt,x,A,y,,,,,,,,,,,,,,,,after,trills,2022-08-02,14-36-44,Wuschel,2022-08-02 14:36:44,14:35,5.0,Lola,18.0,xAynannannannannannannannannannannannannannannan,Anannannannannannannannannannannannannannannan,1,non-partner
after_phees_2022-08-02_14-36-43_0000066_labelled_Wuschel_pheeseq_0000075.txt,x,A,A,y,,,,,,,,,,,,,,,after,phees,2022-08-02,14-36-43,Wuschel,2022-08-02 14:36:43,14:35,5.0,Lola,19.0,xAAynannannannannannannannannannannannannannan,AAnannannannannannannannannannannannannannan,3,non-partner
after_phees_2022-08-02_14-36-43_0000066_labelled_Wuschel_pheeseq_0000063.txt,x,A,A,y,,,,,,,,,,,,,,,after,phees,2022-08-02,14-36-43,Wuschel,2022-08-02 14:36:43,14:35,5.0,Lola,20.0,xAAynannannannannannannannannannannannannannan,AAnannannannannannannannannannannannannannan,3,non-partner
after_phees_2022-08-02_14-36-43_0000066_labelled_Wuschel_pheeseq_0000077.txt,x,A,A,y,,,,,,,,,,,,,,,after,phees,2022-08-02,14-36-43,Wuschel,2022-08-02 14:36:43,14:35,5.0,Lola,21.0,xAAynannannannannannannannannannannannannannan,AAnannannannannannannannannannannannannannan,3,non-partner
after_phees_2022-08-02_14-36-43_0000066_labelled_Wuschel_phee_0000016.txt,x,A,y,,,,,,,,,,,,,,,,after,phees,2022-08-02,14-36-43,Wuschel,2022-08-02 14:36:43,14:35,5.0,Lola,22.0,xAynannannannannannannannannannannannannannannan,Anannannannannannannannannannannannannannannan,1,non-partner
after_phees_2022-08-02_14-36-43_0000066_labelled_Wuschel_pheeseq_0000076.txt,x,A,A,S,,,,,,,,,,,,,,,after,phees,2022-08-02,14-36-43,Wuschel,2022-08-02 14:36:43,14:35,5.0,Lola,23.0,xAASnannannannannannannannannannannannannannan,AASnannannannannannannannannannannannannannan,3,non-partner
after_trills_2022-08-02_14-36-44_0000066_labelled_Wuschel_phee_0000003.txt,x,A,y,,,,,,,,,,,,,,,,after,trills,2022-08-02,14-36-44,Wuschel,2022-08-02 14:36:44,14:35,5.0,Lola,24.0,xAynannannannannannannannannannannannannannannan,Anannannannannannannannannannannannannannannan,1,non-partner
after_phees_2022-08-02_14-36-43_0000066_labelled_Wuschel_pheeseq_0000072.txt,x,A,A,y,,,,,,,,,,,,,,,after,phees,2022-08-02,14-36-43,Wuschel,2022-08-02 14:36:43,14:35,5.0,Lola,25.0,xAAynannannannannannannannannannannannannannan,AAnannannannannannannannannannannannannannan,3,non-partner
after_phees_2022-08-02_14-36-43_0000066_labelled_Wuschel_phee_0000007.txt,x,A,y,,,,,,,,,,,,,,,,after,phees,2022-08-02,14-36-43,Wuschel,2022-08-02 14:36:43,14:35,5.0,Lola,26.0,xAynannannannannannannannannannannannannannannan,Anannannannannannannannannannannannannannannan,1,non-partner
after_phees_2022-08-02_14-36-43_0000066_labelled_Wuschel_pheeseq_0000073.txt,x,A,A,y,,,,,,,,,,,,,,,after,phees,2022-08-02,14-36-43,Wuschel,2022-08-02 14:36:43,14:35,5.0,Lola,27.0,xAAynannannannannannannannannannannannannannan,AAnannannannannannannannannannannannannannan,3,non-partner
after_trills_2022-08-02_14-36-44_0000066_labelled_Wuschel_phee_0000002.txt,x,A,y,,,,,,,,,,,,,,,,after,trills,2022-08-02,14-36-44,Wuschel,2022-08-02 14:36:44,14:35,5.0,Lola,28.0,xAynannannannannannannannannannannannannannannan,Anannannannannannannannannannannannannannannan,1,non-partner
after_phees_2022-08-02_14-36-43_0000066_labelled_Wuschel_pheeseq_0000059.txt,x,A,A,y,,,,,,,,,,,,,,,after,phees,2022-08-02,14-36-43,Wuschel,2022-08-02 14:36:43,14:35,5.0,Lola,29.0,xAAynannannannannannannannannannannannannannan,AAnannannannannannannannannannannannannannan,3,non-partner
after_phees_2022-08-02_14-36-43_0000066_labelled_Wuschel_pheeseq_0000071.txt,x,A,A,y,,,,,,,,,,,,,,,after,phees,2022-08-02,14-36-43,Wuschel,2022-08-02 14:36:43,14:35,5.0,Lola,31.0,xAAynannannannannannannannannannannannannannan,AAnannannannannannannannannannannannannannan,3,non-partner
after_phees_2022-08-02_14-36-43_0000066_labelled_Wuschel_pheeseq_0000065.txt,x,A,A,y,,,,,,,,,,,,,,,after,phees,2022-08-02,14-36-43,Wuschel,2022-08-02 14:36:43,14:35,5.0,Lola,32.0,xAAynannannannannannannannannannannannannannan,AAnannannannannannannannannannannannannannan,3,non-partner
after_phees_2022-08-02_14-36-43_0000066_labelled_Wuschel_pheeseq_0000064.txt,x,A,A,y,,,,,,,,,,,,,,,after,phees,2022-08-02,14-36-43,Wuschel,2022-08-02 14:36:43,14:35,5.0,Lola,33.0,xAAynannannannannannannannannannannannannannan,AAnannannannannannannannannannannannannannan,3,non-partner
after_phees_2022-08-02_14-36-43_0000066_labelled_Wuschel_phee_0000070.txt,x,A,y,,,,,,,,,,,,,,,,after,phees,2022-08-02,14-36-43,Wuschel,2022-08-02 14:36:43,14:35,5.0,Lola,35.0,xAynannannannannannannannannannannannannannannan,Anannannannannannannannannannannannannannannan,3,non-partner
after_phees_2022-08-02_14-36-43_0000066_labelled_Wuschel_phee_0000058.txt,x,A,y,,,,,,,,,,,,,,,,after,phees,2022-08-02,14-36-43,Wuschel,2022-08-02 14:36:43,14:35,5.0,Lola,36.0,xAynannannannannannannannannannannannannannannan,Anannannannannannannannannannannannannannannan,3,non-partner
after_phees_2022-08-02_14-11-30_0000065_labelled_Wuschel_pheeseq_0000014.txt,x,A,A,y,,,,,,,,,,,,,,,after,phees,2022-08-02,14-11-30,Wuschel,2022-08-02 14:11:30,14:10,4.0,Olympia,1.0,xAAynannannannannannannannannannannannannannan,AAnannannannannannannannannannannannannannan,1,partner
after_phees_2022-08-02_14-11-30_0000065_labelled_Wuschel_pheeseq_0000028.txt,x,A,A,y,,,,,,,,,,,,,,,after,phees,2022-08-02,14-11-30,Wuschel,2022-08-02 14:11:30,14:10,4.0,Olympia,2.0,xAAynannannannannannannannannannannannannannan,AAnannannannannannannannannannannannannannan,1,partner
after_phees_2022-08-02_14-11-30_0000065_labelled_Wuschel_pheeseq_0000029.txt,x,A,A,y,,,,,,,,,,,,,,,after,phees,2022-08-02,14-11-30,Wuschel,2022-08-02 14:11:30,14:10,4.0,Olympia,3.0,xAAynannannannannannannannannannannannannannan,AAnannannannannannannannannannannannannannan,1,partner
after_phees_2022-08-02_14-11-30_0000065_labelled_Wuschel_pheeseq_0000015.txt,x,A,A,A,P,P,,,,,,,,,,,,,after,phees,2022-08-02,14-11-30,Wuschel,2022-08-02 14:11:30,14:10,4.0,Olympia,4.0,xAAAPPnannannannannannannannannannannannan,AAAPPnannannannannannannannannannannannan,1,partner
after_phees_2022-08-02_14-11-30_0000065_labelled_Wuschel_pheeseq_0000017.txt,x,A,A,P,P,S,,,,,,,,,,,,,after,phees,2022-08-02,14-11-30,Wuschel,2022-08-02 14:11:30,14:10,4.0,Olympia,5.0,xAAPPSnannannannannannannannannannannannan,AAPPSnannannannannannannannannannannannan,1,partner
after_trills_2022-08-02_14-11-31_0000065_labelled_Wuschel_phee_0000037.txt,x,R,y,,,,,,,,,,,,,,,,after,trills,2022-08-02,14-11-31,Wuschel,2022-08-02 14:11:31,14:10,4.0,Olympia,6.0,xRynannannannannannannannannannannannannannannan,Rnannannannannannannannannannannannannannannan,3,partner
after_phees_2022-08-02_14-11-30_0000065_labelled_Wuschel_pheeseq_0000016.txt,x,A,A,A,y,,,,,,,,,,,,,,after,phees,2022-08-02,14-11-30,Wuschel,2022-08-02 14:11:30,14:10,4.0,Olympia,7.0,xAAAynannannannannannannannannannannannannan,AAAnannannannannannannannannannannannannan,1,partner
after_phees_2022-08-02_14-11-30_0000065_labelled_Wuschel_pheeseq_0000002.txt,x,A,A,A,P,P,,,,,,,,,,,,,after,phees,2022-08-02,14-11-30,Wuschel,2022-08-02 14:11:30,14:10,4.0,Olympia,8.0,xAAAPPnannannannannannannannannannannannan,AAAPPnannannannannannannannannannannannan,1,partner
after_phees_2022-08-02_14-11-30_0000065_labelled_Wuschel_pheeseq_0000012.txt,x,A,A,P,S,,,,,,,,,,,,,,after,phees,2022-08-02,14-11-30,Wuschel,2022-08-02 14:11:30,14:10,4.0,Olympia,9.0,xAAPSnannannannannannannannannannannannannan,AAPSnannannannannannannannannannannannannan,1,partner
after_phees_2022-08-02_14-11-30_0000065_labelled_Wuschel_phee_0000026.txt,x,A,y,,,,,,,,,,,,,,,,after,phees,2022-08-02,14-11-30,Wuschel,2022-08-02 14:11:30,14:10,4.0,Olympia,10.0,xAynannannannannannannannannannannannannannannan,Anannannannannannannannannannannannannannannan,1,partner
after_phees_2022-08-02_14-11-30_0000065_labelled_Wuschel_pheeseq_0000013.txt,x,A,A,A,y,,,,,,,,,,,,,,after,phees,2022-08-02,14-11-30,Wuschel,2022-08-02 14:11:30,14:10,4.0,Olympia,11.0,xAAAynannannannannannannannannannannannannan,AAAnannannannannannannannannannannannannan,1,partner
after_phees_2022-08-02_14-11-30_0000065_labelled_Wuschel_pheeseq_0000011.txt,x,A,y,,,,,,,,,,,,,,,,after,phees,2022-08-02,14-11-30,Wuschel,2022-08-02 14:11:30,14:10,4.0,Olympia,12.0,xAynannannannannannannannannannannannannannannan,Anannannannannannannannannannannannannannannan,1,partner
after_phees_2022-08-02_14-11-30_0000065_labelled_Wuschel_pheeseq_0000005.txt,x,A,A,A,y,,,,,,,,,,,,,,after,phees,2022-08-02,14-11-30,Wuschel,2022-08-02 14:11:30,14:10,4.0,Olympia,13.0,xAAAynannannannannannannannannannannannannan,AAAnannannannannannannannannannannannannan,1,partner
after_phees_2022-08-02_14-11-30_0000065_labelled_Wuschel_pheeseq_0000004.txt,x,A,A,A,A,P,,,,,,,,,,,,,after,phees,2022-08-02,14-11-30,Wuschel,2022-08-02 14:11:30,14:10,4.0,Olympia,14.0,xAAAAPnannannannannannannannannannannannan,AAAAPnannannannannannannannannannannannan,1,partner
after_phees_2022-08-02_14-11-30_0000065_labelled_Wuschel_pheeseq_0000010.txt,x,A,A,y,,,,,,,,,,,,,,,after,phees,2022-08-02,14-11-30,Wuschel,2022-08-02 14:11:30,14:10,4.0,Olympia,15.0,xAAynannannannannannannannannannannannannannan,AAnannannannannannannannannannannannannannan,1,partner
after_trills_2022-08-02_14-11-31_0000065_labelled_Wuschel_phee_0000042.txt,x,R,y,,,,,,,,,,,,,,,,after,trills,2022-08-02,14-11-31,Wuschel,2022-08-02 14:11:31,14:10,4.0,Olympia,16.0,xRynannannannannannannannannannannannannannannan,Rnannannannannannannannannannannannannannannan,3,partner
after_trills_2022-08-02_14-11-31_0000065_labelled_Wuschel_phee_0000043.txt,x,R,y,,,,,,,,,,,,,,,,after,trills,2022-08-02,14-11-31,Wuschel,2022-08-02 14:11:31,14:10,4.0,Olympia,17.0,xRynannannannannannannannannannannannannannannan,Rnannannannannannannannannannannannannannannan,3,partner
after_trills_2022-08-02_14-11-31_0000065_labelled_Wuschel_phee_0000041.txt,x,R,y,,,,,,,,,,,,,,,,after,trills,2022-08-02,14-11-31,Wuschel,2022-08-02 14:11:31,14:10,4.0,Olympia,18.0,xRynannannannannannannannannannannannannannannan,Rnannannannannannannannannannannannannannannan,3,partner
after_trills_2022-08-02_14-11-31_0000065_labelled_Wuschel_pheeseq_0000036.txt,x,A,y,,,,,,,,,,,,,,,,after,trills,2022-08-02,14-11-31,Wuschel,2022-08-02 14:11:31,14:10,4.0,Olympia,19.0,xAynannannannannannannannannannannannannannannan,Anannannannannannannannannannannannannannannan,3,partner
after_trills_2022-08-02_14-11-31_0000065_labelled_Wuschel_pheeseq_0000023.txt,x,A,y,,,,,,,,,,,,,,,,after,trills,2022-08-02,14-11-31,Wuschel,2022-08-02 14:11:31,14:10,4.0,Olympia,20.0,xAynannannannannannannannannannannannannannannan,Anannannannannannannannannannannannannannannan,3,partner
after_phees_2022-08-02_14-11-30_0000065_labelled_Wuschel_pheeseq_0000021.txt,x,A,A,A,P,P,P,P,,,,,,,,,,,after,phees,2022-08-02,14-11-30,Wuschel,2022-08-02 14:11:30,14:10,4.0,Olympia,21.0,xAAAPPPPnannannannannannannannannannan,AAAPPPPnannannannannannannannannannan,1,partner
after_phees_2022-08-02_14-11-30_0000065_labelled_Wuschel_pheeseq_0000009.txt,x,A,A,A,y,,,,,,,,,,,,,,after,phees,2022-08-02,14-11-30,Wuschel,2022-08-02 14:11:30,14:10,4.0,Olympia,22.0,xAAAynannannannannannannannannannannannannan,AAAnannannannannannannannannannannannannan,1,partner
after_phees_2022-08-02_14-11-30_0000065_labelled_Wuschel_pheeseq_0000020.txt,x,A,A,A,y,,,,,,,,,,,,,,after,phees,2022-08-02,14-11-30,Wuschel,2022-08-02 14:11:30,14:10,4.0,Olympia,23.0,xAAAynannannannannannannannannannannannannan,AAAnannannannannannannannannannannannannan,1,partner
after_phees_2022-08-02_14-11-30_0000065_labelled_Wuschel_pheeseq_0000022.txt,x,A,y,,,,,,,,,,,,,,,,after,phees,2022-08-02,14-11-30,Wuschel,2022-08-02 14:11:30,14:10,4.0,Olympia,24.0,xAynannannannannannannannannannannannannannannan,Anannannannannannannannannannannannannannannan,1,partner
after_phees_2022-08-02_14-11-30_0000065_labelled_Wuschel_pheeseq_0000023.txt,x,A,A,A,y,,,,,,,,,,,,,,after,phees,2022-08-02,14-11-30,Wuschel,2022-08-02 14:11:30,14:10,4.0,Olympia,25.0,xAAAynannannannannannannannannannannannannan,AAAnannannannannannannannannannannannannan,1,partner
after_phees_2022-08-02_14-11-30_0000065_labelled_Wuschel_pheeseq_0000027.txt,x,A,A,P,,,,,,,,,,,,,,,after,phees,2022-08-02,14-11-30,Wuschel,2022-08-02 14:11:30,14:10,4.0,Olympia,26.0,xAAPnannannannannannannannannannannannannannan,AAPnannannannannannannannannannannannannannan,1,partner
after_phees_2022-08-02_14-11-30_0000065_labelled_Wuschel_pheeseq_0000018.txt,x,A,A,P,,,,,,,,,,,,,,,after,phees,2022-08-02,14-11-30,Wuschel,2022-08-02 14:11:30,14:10,4.0,Olympia,27.0,xAAPnannannannannannannannannannannannannannan,AAPnannannannannannannannannannannannannannan,1,partner
after_phees_2022-08-02_14-11-30_0000065_labelled_Wuschel_pheeseq_0000030.txt,x,A,A,P,,,,,,,,,,,,,,,after,phees,2022-08-02,14-11-30,Wuschel,2022-08-02 14:11:30,14:10,4.0,Olympia,28.0,xAAPnannannannannannannannannannannannannannan,AAPnannannannannannannannannannannannannannan,1,partner
after_phees_2022-08-02_14-11-30_0000065_labelled_Wuschel_pheeseq_0000024.txt,x,A,y,,,,,,,,,,,,,,,,after,phees,2022-08-02,14-11-30,Wuschel,2022-08-02 14:11:30,14:10,4.0,Olympia,29.0,xAynannannannannannannannannannannannannannannan,Anannannannannannannannannannannannannannannan,1,partner
after_phees_2022-08-02_14-11-30_0000065_labelled_Wuschel_pheeseq_0000025.txt,x,A,A,y,,,,,,,,,,,,,,,after,phees,2022-08-02,14-11-30,Wuschel,2022-08-02 14:11:30,14:10,4.0,Olympia,30.0,xAAynannannannannannannannannannannannannannan,AAnannannannannannannannannannannannannannan,1,partner
after_phees_2022-08-02_14-11-30_0000065_labelled_Wuschel_pheeseq_0000019.txt,x,A,A,A,y,,,,,,,,,,,,,,after,phees,2022-08-02,14-11-30,Wuschel,2022-08-02 14:11:30,14:10,4.0,Olympia,31.0,xAAAynannannannannannannannannannannannannan,AAAnannannannannannannannannannannannannan,1,partner
after_phees_2022-08-03_15-37-29_0000072_labelled_Nougatti_pheeseq_0000003.txt,x,A,A,A,y,,,,,,,,,,,,,,after,phees,2022-08-03,15-37-29,Nougatti,2022-08-03 15:37:29,15:35,5.0,Wuschel,1.0,xAAAynannannannannannannannannannannannannan,AAAnannannannannannannannannannannannannan,1,non-partner
after_phees_2022-08-03_15-37-29_0000072_labelled_Nougatti_pheeseq_0000002.txt,x,A,A,y,,,,,,,,,,,,,,,after,phees,2022-08-03,15-37-29,Nougatti,2022-08-03 15:37:29,15:35,5.0,Wuschel,2.0,xAAynannannannannannannannannannannannannannan,AAnannannannannannannannannannannannannannan,1,non-partner
after_phees_2022-08-03_15-37-29_0000072_labelled_Nougatti_pheeseq_0000016.txt,x,A,A,y,,,,,,,,,,,,,,,after,phees,2022-08-03,15-37-29,Nougatti,2022-08-03 15:37:29,15:35,5.0,Wuschel,3.0,xAAynannannannannannannannannannannannannannan,AAnannannannannannannannannannannannannannan,1,non-partner
after_phees_2022-08-03_15-37-29_0000072_labelled_Nougatti_pheeseq_0000028.txt,x,A,A,y,,,,,,,,,,,,,,,after,phees,2022-08-03,15-37-29,Nougatti,2022-08-03 15:37:29,15:35,5.0,Wuschel,4.0,xAAynannannannannannannannannannannannannannan,AAnannannannannannannannannannannannannannan,3,non-partner
after_trills_2022-08-03_15-37-31_0000072_labelled_Nougatti_pheeseq_0000004.txt,x,A,A,P,,,,,,,,,,,,,,,after,trills,2022-08-03,15-37-31,Nougatti,2022-08-03 15:37:31,15:35,5.0,Wuschel,5.0,xAAPnannannannannannannannannannannannannannan,AAPnannannannannannannannannannannannannannan,1,non-partner
after_phees_2022-08-03_15-37-29_0000072_labelled_Nougatti_pheeseq_0000015.txt,,x,A,A,y,,,,,,,,,,,,,,after,phees,2022-08-03,15-37-29,Nougatti,2022-08-03 15:37:29,15:35,5.0,Wuschel,6.0,nanxAAynannannannannannannannannannannannannan,nanAAnannannannannannannannannannannannannan,1,non-partner
after_phees_2022-08-03_15-37-29_0000072_labelled_Nougatti_pheeseq_0000029.txt,x,A,A,y,,,,,,,,,,,,,,,after,phees,2022-08-03,15-37-29,Nougatti,2022-08-03 15:37:29,15:35,5.0,Wuschel,7.0,xAAynannannannannannannannannannannannannannan,AAnannannannannannannannannannannannannannan,3,non-partner
after_phees_2022-08-03_15-37-29_0000072_labelled_Nougatti_pheeseq_0000039.txt,x,A,P,A,y,,,,,,,,,,,,,,after,phees,2022-08-03,15-37-29,Nougatti,2022-08-03 15:37:29,15:35,5.0,Wuschel,8.0,xAPAynannannannannannannannannannannannannan,APAnannannannannannannannannannannannannan,3,non-partner
after_phees_2022-08-03_15-37-29_0000072_labelled_Nougatti_pheeseq_0000038.txt,x,A,A,y,,,,,,,,,,,,,,,after,phees,2022-08-03,15-37-29,Nougatti,2022-08-03 15:37:29,15:35,5.0,Wuschel,9.0,xAAynannannannannannannannannannannannannannan,AAnannannannannannannannannannannannannannan,3,non-partner
after_phees_2022-08-03_15-37-29_0000072_labelled_Nougatti_pheeseq_0000010.txt,P,A,A,A,P,,,,,,,,,,,,,,after,phees,2022-08-03,15-37-29,Nougatti,2022-08-03 15:37:29,15:35,5.0,Wuschel,10.0,PAAAPnannannannannannannannannannannannannan,PAAAPnannannannannannannannannannannannannan,1,non-partner
after_phees_2022-08-03_15-37-29_0000072_labelled_Nougatti_pheeseq_0000004.txt,x,A,A,y,,,,,,,,,,,,,,,after,phees,2022-08-03,15-37-29,Nougatti,2022-08-03 15:37:29,15:35,5.0,Wuschel,11.0,xAAynannannannannannannannannannannannannannan,AAnannannannannannannannannannannannannannan,1,non-partner
after_phees_2022-08-03_15-37-29_0000072_labelled_Nougatti_pheeseq_0000006.txt,x,A,A,y,,,,,,,,,,,,,,,after,phees,2022-08-03,15-37-29,Nougatti,2022-08-03 15:37:29,15:35,5.0,Wuschel,12.0,xAAynannannannannannannannannannannannannannan,AAnannannannannannannannannannannannannannan,1,non-partner
after_phees_2022-08-03_15-37-29_0000072_labelled_Nougatti_pheeseq_0000007.txt,T,K,K,K,T,A,A,A,P,,,,,,,,,,after,phees,2022-08-03,15-37-29,Nougatti,2022-08-03 15:37:29,15:35,5.0,Wuschel,13.0,TKKKTAAAPnannannannannannannannannan,TKKKTAAAPnannannannannannannannannan,1,non-partner
after_phees_2022-08-03_15-37-29_0000072_labelled_Nougatti_pheeseq_0000048.txt,x,A,A,y,,,,,,,,,,,,,,,after,phees,2022-08-03,15-37-29,Nougatti,2022-08-03 15:37:29,15:35,5.0,Wuschel,14.0,xAAynannannannannannannannannannannannannannan,AAnannannannannannannannannannannannannannan,3,non-partner
after_phees_2022-08-03_15-37-29_0000072_labelled_Nougatti_pheeseq_0000041.txt,x,A,A,K,,,,,,,,,,,,,,,after,phees,2022-08-03,15-37-29,Nougatti,2022-08-03 15:37:29,15:35,5.0,Wuschel,15.0,xAAKnannannannannannannannannannannannannannan,AAKnannannannannannannannannannannannannannan,3,non-partner
after_trills_2022-08-03_15-37-31_0000072_labelled_Nougatti_phee_0000017.txt,x,A,y,,,,,,,,,,,,,,,,after,trills,2022-08-03,15-37-31,Nougatti,2022-08-03 15:37:31,15:35,5.0,Wuschel,16.0,xAynannannannannannannannannannannannannannannan,Anannannannannannannannannannannannannannannan,3,non-partner
after_phees_2022-08-03_15-37-29_0000072_labelled_Nougatti_pheeseq_0000040.txt,x,A,P,A,y,,,,,,,,,,,,,,after,phees,2022-08-03,15-37-29,Nougatti,2022-08-03 15:37:29,15:35,5.0,Wuschel,17.0,xAPAynannannannannannannannannannannannannan,APAnannannannannannannannannannannannannan,3,non-partner
after_phees_2022-08-03_15-37-29_0000072_labelled_Nougatti_pheeseq_0000042.txt,x,A,A,P,,,,,,,,,,,,,,,after,phees,2022-08-03,15-37-29,Nougatti,2022-08-03 15:37:29,15:35,5.0,Wuschel,18.0,xAAPnannannannannannannannannannannannannannan,AAPnannannannannannannannannannannannannannan,3,non-partner
after_phees_2022-08-03_15-37-29_0000072_labelled_Nougatti_pheeseq_0000043.txt,x,A,A,y,,,,,,,,,,,,,,,after,phees,2022-08-03,15-37-29,Nougatti,2022-08-03 15:37:29,15:35,5.0,Wuschel,19.0,xAAynannannannannannannannannannannannannannan,AAnannannannannannannannannannannannannannan,3,non-partner
after_phees_2022-08-03_15-37-29_0000072_labelled_Nougatti_pheeseq_0000053.txt,x,A,A,A,P,,,,,,,,,,,,,,after,phees,2022-08-03,15-37-29,Nougatti,2022-08-03 15:37:29,15:35,5.0,Wuschel,20.0,xAAAPnannannannannannannannannannannannannan,AAAPnannannannannannannannannannannannannan,3,non-partner
after_phees_2022-08-03_15-37-29_0000072_labelled_Nougatti_pheeseq_0000050.txt,x,A,P,A,y,,,,,,,,,,,,,,after,phees,2022-08-03,15-37-29,Nougatti,2022-08-03 15:37:29,15:35,5.0,Wuschel,21.0,xAPAynannannannannannannannannannannannannan,APAnannannannannannannannannannannannannan,3,non-partner
after_phees_2022-08-03_15-37-29_0000072_labelled_Nougatti_pheeseq_0000044.txt,x,A,A,y,,,,,,,,,,,,,,,after,phees,2022-08-03,15-37-29,Nougatti,2022-08-03 15:37:29,15:35,5.0,Wuschel,22.0,xAAynannannannannannannannannannannannannannan,AAnannannannannannannannannannannannannannan,3,non-partner
after_phees_2022-08-03_15-37-29_0000072_labelled_Nougatti_pheeseq_0000045.txt,x,A,P,A,y,,,,,,,,,,,,,,after,phees,2022-08-03,15-37-29,Nougatti,2022-08-03 15:37:29,15:35,5.0,Wuschel,23.0,xAPAynannannannannannannannannannannannannan,APAnannannannannannannannannannannannannan,3,non-partner
after_phees_2022-08-03_15-37-29_0000072_labelled_Nougatti_pheeseq_0000020.txt,P,P,A,A,A,A,P,,,,,,,,,,,,after,phees,2022-08-03,15-37-29,Nougatti,2022-08-03 15:37:29,15:35,5.0,Wuschel,24.0,PPAAAAPnannannannannannannannannannannan,PPAAAAPnannannannannannannannannannannan,1,non-partner
after_phees_2022-08-03_15-37-29_0000072_labelled_Nougatti_pheeseq_0000030.txt,x,A,A,y,,,,,,,,,,,,,,,after,phees,2022-08-03,15-37-29,Nougatti,2022-08-03 15:37:29,15:35,5.0,Wuschel,25.0,xAAynannannannannannannannannannannannannannan,AAnannannannannannannannannannannannannannan,3,non-partner
after_phees_2022-08-03_15-37-29_0000072_labelled_Nougatti_pheeseq_0000018.txt,x,A,A,A,P,P,,,,,,,,,,,,,after,phees,2022-08-03,15-37-29,Nougatti,2022-08-03 15:37:29,15:35,5.0,Wuschel,26.0,xAAAPPnannannannannannannannannannannannan,AAAPPnannannannannannannannannannannannan,1,non-partner
after_phees_2022-08-03_15-37-29_0000072_labelled_Nougatti_pheeseq_0000019.txt,P,A,A,A,P,,,,,,,,,,,,,,after,phees,2022-08-03,15-37-29,Nougatti,2022-08-03 15:37:29,15:35,5.0,Wuschel,27.0,PAAAPnannannannannannannannannannannannannan,PAAAPnannannannannannannannannannannannannan,1,non-partner
after_phees_2022-08-03_15-37-29_0000072_labelled_Nougatti_pheeseq_0000031.txt,x,P,A,A,y,,,,,,,,,,,,,,after,phees,2022-08-03,15-37-29,Nougatti,2022-08-03 15:37:29,15:35,5.0,Wuschel,28.0,xPAAynannannannannannannannannannannannannan,PAAnannannannannannannannannannannannannan,3,non-partner
after_phees_2022-08-03_15-37-29_0000072_labelled_Nougatti_pheeseq_0000027.txt,x,A,y,,,,,,,,,,,,,,,,after,phees,2022-08-03,15-37-29,Nougatti,2022-08-03 15:37:29,15:35,5.0,Wuschel,29.0,xAynannannannannannannannannannannannannannannan,Anannannannannannannannannannannannannannannan,3,non-partner
after_phees_2022-08-03_14-57-10_0000071_labelled_Odin_pheeseq_0000007.txt,x,A,A,A,y,,,,,,,,,,,,,,after,phees,2022-08-03,14-57-10,Odin,2022-08-03 14:57:10,14:55,4.0,Olympia,1.0,xAAAynannannannannannannannannannannannannan,AAAnannannannannannannannannannannannannan,1,non-partner
after_phees_2022-08-03_14-57-10_0000071_labelled_Odin_pheeseq_0000004.txt,x,A,A,A,A,y,,,,,,,,,,,,,after,phees,2022-08-03,14-57-10,Odin,2022-08-03 14:57:10,14:55,4.0,Olympia,2.0,xAAAAynannannannannannannannannannannannan,AAAAnannannannannannannannannannannannan,1,non-partner
after_trills_2022-08-03_14-57-11_0000071_labelled_Odin_phee_0000018.txt,x,R,y,,,,,,,,,,,,,,,,after,trills,2022-08-03,14-57-11,Odin,2022-08-03 14:57:11,14:55,4.0,Olympia,3.0,xRynannannannannannannannannannannannannannannan,Rnannannannannannannannannannannannannannannan,3,non-partner
after_phees_2022-08-03_14-57-10_0000071_labelled_Odin_pheeseq_0000011.txt,x,A,P,P,A,A,A,P,A,y,,,,,,,,,after,phees,2022-08-03,14-57-10,Odin,2022-08-03 14:57:10,14:55,4.0,Olympia,4.0,xAPPAAAPAynannannannannannannannan,APPAAAPAnannannannannannannannan,1,non-partner
after_phees_2022-08-03_14-57-10_0000071_labelled_Odin_pheeseq_0000005.txt,x,A,P,A,A,A,y,,,,,,,,,,,,after,phees,2022-08-03,14-57-10,Odin,2022-08-03 14:57:10,14:55,4.0,Olympia,5.0,xAPAAAynannannannannannannannannannannan,APAAAnannannannannannannannannannannan,1,non-partner
after_phees_2022-08-03_14-57-10_0000071_labelled_Odin_pheeseq_0000039.txt,x,A,A,A,y,,,,,,,,,,,,,,after,phees,2022-08-03,14-57-10,Odin,2022-08-03 14:57:10,14:55,4.0,Olympia,6.0,xAAAynannannannannannannannannannannannannan,AAAnannannannannannannannannannannannannan,3,non-partner
after_trills_2022-08-03_14-57-11_0000071_labelled_Odin_pheeseq_0000017.txt,x,A,A,y,,,,,,,,,,,,,,,after,trills,2022-08-03,14-57-11,Odin,2022-08-03 14:57:11,14:55,4.0,Olympia,8.0,xAAynannannannannannannannannannannannannannan,AAnannannannannannannannannannannannannannan,3,non-partner
after_phees_2022-08-03_14-57-10_0000071_labelled_Odin_pheeseq_0000003.txt,x,A,A,y,,,,,,,,,,,,,,,after,phees,2022-08-03,14-57-10,Odin,2022-08-03 14:57:10,14:55,4.0,Olympia,9.0,xAAynannannannannannannannannannannannannannan,AAnannannannannannannannannannannannannannan,1,non-partner
after_phees_2022-08-03_14-57-10_0000071_labelled_Odin_pheeseq_0000017.txt,x,A,A,A,y,,,,,,,,,,,,,,after,phees,2022-08-03,14-57-10,Odin,2022-08-03 14:57:10,14:55,4.0,Olympia,10.0,xAAAynannannannannannannannannannannannannan,AAAnannannannannannannannannannannannannan,1,non-partner
after_phees_2022-08-03_14-57-10_0000071_labelled_Odin_pheeseq_0000040.txt,x,A,P,A,A,A,y,,,,,,,,,,,,after,phees,2022-08-03,14-57-10,Odin,2022-08-03 14:57:10,14:55,4.0,Olympia,11.0,xAPAAAynannannannannannannannannannannan,APAAAnannannannannannannannannannannan,3,non-partner
after_phees_2022-08-03_14-57-10_0000071_labelled_Odin_pheeseq_0000041.txt,x,A,A,A,A,y,,,,,,,,,,,,,after,phees,2022-08-03,14-57-10,Odin,2022-08-03 14:57:10,14:55,4.0,Olympia,12.0,xAAAAynannannannannannannannannannannannan,AAAAnannannannannannannannannannannannan,3,non-partner
after_phees_2022-08-03_14-57-10_0000071_labelled_Odin_pheeseq_0000032.txt,x,A,A,y,,,,,,,,,,,,,,,after,phees,2022-08-03,14-57-10,Odin,2022-08-03 14:57:10,14:55,4.0,Olympia,13.0,xAAynannannannannannannannannannannannannannan,AAnannannannannannannannannannannannannannan,3,non-partner
after_phees_2022-08-03_14-57-10_0000071_labelled_Odin_pheeseq_0000008.txt,x,A,P,P,A,A,A,y,,,,,,,,,,,after,phees,2022-08-03,14-57-10,Odin,2022-08-03 14:57:10,14:55,4.0,Olympia,16.0,xAPPAAAynannannannannannannannannannan,APPAAAnannannannannannannannannannan,1,non-partner
after_phees_2022-08-03_14-57-10_0000071_labelled_Odin_pheeseq_0000009.txt,x,A,A,A,A,y,,,,,,,,,,,,,after,phees,2022-08-03,14-57-10,Odin,2022-08-03 14:57:10,14:55,4.0,Olympia,17.0,xAAAAynannannannannannannannannannannannan,AAAAnannannannannannannannannannannannan,1,non-partner
after_phees_2022-08-03_14-57-10_0000071_labelled_Odin_pheeseq_0000035.txt,x,A,A,A,y,,,,,,,,,,,,,,after,phees,2022-08-03,14-57-10,Odin,2022-08-03 14:57:10,14:55,4.0,Olympia,18.0,xAAAynannannannannannannannannannannannannan,AAAnannannannannannannannannannannannannan,3,non-partner
after_phees_2022-08-03_14-57-10_0000071_labelled_Odin_pheeseq_0000021.txt,x,A,A,y,,,,,,,,,,,,,,,after,phees,2022-08-03,14-57-10,Odin,2022-08-03 14:57:10,14:55,4.0,Olympia,19.0,xAAynannannannannannannannannannannannannannan,AAnannannannannannannannannannannannannannan,1,non-partner
after_phees_2022-08-03_14-57-10_0000071_labelled_Odin_pheeseq_0000036.txt,x,A,P,P,A,y,,,,,,,,,,,,,after,phees,2022-08-03,14-57-10,Odin,2022-08-03 14:57:10,14:55,4.0,Olympia,20.0,xAPPAynannannannannannannannannannannannan,APPAnannannannannannannannannannannannan,3,non-partner
after_phees_2022-08-03_14-57-10_0000071_labelled_Olympia_phee_0000034.txt,x,A,y,,,,,,,,,,,,,,,,after,phees,2022-08-03,14-57-10,Olympia,2022-08-03 14:57:10,14:55,4.0,Odin,1.0,xAynannannannannannannannannannannannannannannan,Anannannannannannannannannannannannannannannan,3,non-partner
after_phees_2022-08-03_14-32-28_0000070_labelled_Olympia_phee_0000039.txt,x,A,y,,,,,,,,,,,,,,,,after,phees,2022-08-03,14-32-28,Olympia,2022-08-03 14:32:28,14:30,5.0,Tabor,1.0,xAynannannannannannannannannannannannannannannan,Anannannannannannannannannannannannannannannan,3,non-partner
after_phees_2022-08-03_14-32-28_0000070_labelled_Tabor_pheeseq_0000041.txt,x,A,A,A,y,,,,,,,,,,,,,,after,phees,2022-08-03,14-32-28,Tabor,2022-08-03 14:32:28,14:30,5.0,Olympia,1.0,xAAAynannannannannannannannannannannannannan,AAAnannannannannannannannannannannannannan,3,non-partner
after_phees_2022-08-03_14-32-28_0000070_labelled_Tabor_pheeseq_0000040.txt,x,A,A,A,y,,,,,,,,,,,,,,after,phees,2022-08-03,14-32-28,Tabor,2022-08-03 14:32:28,14:30,5.0,Olympia,2.0,xAAAynannannannannannannannannannannannannan,AAAnannannannannannannannannannannannannan,3,non-partner
after_phees_2022-08-03_14-32-28_0000070_labelled_Tabor_pheeseq_0000042.txt,x,A,A,A,y,,,,,,,,,,,,,,after,phees,2022-08-03,14-32-28,Tabor,2022-08-03 14:32:28,14:30,5.0,Olympia,3.0,xAAAynannannannannannannannannannannannannan,AAAnannannannannannannannannannannannannan,3,non-partner
after_phees_2022-08-03_14-32-28_0000070_labelled_Tabor_pheeseq_0000043.txt,x,A,A,A,A,y,,,,,,,,,,,,,after,phees,2022-08-03,14-32-28,Tabor,2022-08-03 14:32:28,14:30,5.0,Olympia,4.0,xAAAAynannannannannannannannannannannannan,AAAAnannannannannannannannannannannannan,3,non-partner
after_phees_2022-08-03_14-32-28_0000070_labelled_Tabor_pheeseq_0000047.txt,x,A,A,A,y,,,,,,,,,,,,,,after,phees,2022-08-03,14-32-28,Tabor,2022-08-03 14:32:28,14:30,5.0,Olympia,5.0,xAAAynannannannannannannannannannannannannan,AAAnannannannannannannannannannannannannan,3,non-partner
after_phees_2022-08-03_14-32-28_0000070_labelled_Tabor_pheeseq_0000046.txt,x,A,A,A,y,,,,,,,,,,,,,,after,phees,2022-08-03,14-32-28,Tabor,2022-08-03 14:32:28,14:30,5.0,Olympia,6.0,xAAAynannannannannannannannannannannannannan,AAAnannannannannannannannannannannannannan,3,non-partner
after_phees_2022-08-03_14-32-28_0000070_labelled_Tabor_pheeseq_0000044.txt,x,A,y,,,,,,,,,,,,,,,,after,phees,2022-08-03,14-32-28,Tabor,2022-08-03 14:32:28,14:30,5.0,Olympia,7.0,xAynannannannannannannannannannannannannannannan,Anannannannannannannannannannannannannannannan,3,non-partner
after_phees_2022-08-03_14-32-28_0000070_labelled_Tabor_pheeseq_0000050.txt,x,A,A,A,y,,,,,,,,,,,,,,after,phees,2022-08-03,14-32-28,Tabor,2022-08-03 14:32:28,14:30,5.0,Olympia,8.0,xAAAynannannannannannannannannannannannannan,AAAnannannannannannannannannannannannannan,3,non-partner
after_phees_2022-08-03_14-32-28_0000070_labelled_Tabor_pheeseq_0000051.txt,x,A,A,A,P,P,S,,,,,,,,,,,,after,phees,2022-08-03,14-32-28,Tabor,2022-08-03 14:32:28,14:30,5.0,Olympia,9.0,xAAAPPSnannannannannannannannannannannan,AAAPPSnannannannannannannannannannannan,3,non-partner
after_phees_2022-08-03_14-32-28_0000070_labelled_Tabor_pheeseq_0000038.txt,x,A,A,y,,,,,,,,,,,,,,,after,phees,2022-08-03,14-32-28,Tabor,2022-08-03 14:32:28,14:30,5.0,Olympia,11.0,xAAynannannannannannannannannannannannannannan,AAnannannannannannannannannannannannannannan,3,non-partner
after_phees_2022-08-03_14-32-28_0000070_labelled_Tabor_pheeseq_0000048.txt,x,A,A,A,y,,,,,,,,,,,,,,after,phees,2022-08-03,14-32-28,Tabor,2022-08-03 14:32:28,14:30,5.0,Olympia,12.0,xAAAynannannannannannannannannannannannannan,AAAnannannannannannannannannannannannannan,3,non-partner
after_phees_2022-08-03_14-32-28_0000070_labelled_Tabor_pheeseq_0000049.txt,x,A,A,A,P,S,,,,,,,,,,,,,after,phees,2022-08-03,14-32-28,Tabor,2022-08-03 14:32:28,14:30,5.0,Olympia,13.0,xAAAPSnannannannannannannannannannannannan,AAAPSnannannannannannannannannannannannan,3,non-partner
after_trills_2022-08-03_15-37-31_0000072_labelled_Wuschel_phee_0000006.txt,x,A,y,,,,,,,,,,,,,,,,after,trills,2022-08-03,15-37-31,Wuschel,2022-08-03 15:37:31,15:35,5.0,Nougatti,1.0,xAynannannannannannannannannannannannannannannan,Anannannannannannannannannannannannannannannan,1,non-partner
after_trills_2022-08-03_15-37-31_0000072_labelled_Wuschel_phee_0000002.txt,x,A,y,,,,,,,,,,,,,,,,after,trills,2022-08-03,15-37-31,Wuschel,2022-08-03 15:37:31,15:35,5.0,Nougatti,2.0,xAynannannannannannannannannannannannannannannan,Anannannannannannannannannannannannannannannan,1,non-partner
after_phees_2022-08-03_15-37-29_0000072_labelled_Wuschel_phee_0000011.txt,x,A,y,,,,,,,,,,,,,,,,after,phees,2022-08-03,15-37-29,Wuschel,2022-08-03 15:37:29,15:35,5.0,Nougatti,3.0,xAynannannannannannannannannannannannannannannan,Anannannannannannannannannannannannannannannan,1,non-partner
after_trills_2022-08-03_15-37-31_0000072_labelled_Wuschel_phee_0000019.txt,x,A,y,,,,,,,,,,,,,,,,after,trills,2022-08-03,15-37-31,Wuschel,2022-08-03 15:37:31,15:35,5.0,Nougatti,4.0,xAynannannannannannannannannannannannannannannan,Anannannannannannannannannannannannannannannan,3,non-partner
after_phees_2022-08-03_15-37-29_0000072_labelled_Wuschel_phee_0000037.txt,x,A,y,,,,,,,,,,,,,,,,after,phees,2022-08-03,15-37-29,Wuschel,2022-08-03 15:37:29,15:35,5.0,Nougatti,5.0,xAynannannannannannannannannannannannannannannan,Anannannannannannannannannannannannannannannan,3,non-partner
after_phees_2022-08-03_15-37-29_0000072_labelled_Wuschel_pheeseq_0000012.txt,x,A,A,y,,,,,,,,,,,,,,,after,phees,2022-08-03,15-37-29,Wuschel,2022-08-03 15:37:29,15:35,5.0,Nougatti,6.0,xAAynannannannannannannannannannannannannannan,AAnannannannannannannannannannannannannannan,1,non-partner
after_phees_2022-08-03_15-37-29_0000072_labelled_Wuschel_pheeseq_0000013.txt,x,A,A,y,,,,,,,,,,,,,,,after,phees,2022-08-03,15-37-29,Wuschel,2022-08-03 15:37:29,15:35,5.0,Nougatti,7.0,xAAynannannannannannannannannannannannannannan,AAnannannannannannannannannannannannannannan,1,non-partner
after_phees_2022-08-03_15-37-29_0000072_labelled_Wuschel_pheeseq_0000005.txt,x,A,A,y,,,,,,,,,,,,,,,after,phees,2022-08-03,15-37-29,Wuschel,2022-08-03 15:37:29,15:35,5.0,Nougatti,8.0,xAAynannannannannannannannannannannannannannan,AAnannannannannannannannannannannannannannan,1,non-partner
after_phees_2022-08-03_15-37-29_0000072_labelled_Wuschel_pheeseq_0000014.txt,x,A,A,A,P,,,,,,,,,,,,,,after,phees,2022-08-03,15-37-29,Wuschel,2022-08-03 15:37:29,15:35,5.0,Nougatti,9.0,xAAAPnannannannannannannannannannannannannan,AAAPnannannannannannannannannannannannannan,1,non-partner
after_phees_2022-08-03_15-37-29_0000072_labelled_Wuschel_phee_0000047.txt,x,A,y,,,,,,,,,,,,,,,,after,phees,2022-08-03,15-37-29,Wuschel,2022-08-03 15:37:29,15:35,5.0,Nougatti,10.0,xAynannannannannannannannannannannannannannannan,Anannannannannannannannannannannannannannannan,3,non-partner
after_phees_2022-08-03_15-37-29_0000072_labelled_Wuschel_phee_0000046.txt,x,A,y,,,,,,,,,,,,,,,,after,phees,2022-08-03,15-37-29,Wuschel,2022-08-03 15:37:29,15:35,5.0,Nougatti,11.0,xAynannannannannannannannannannannannannannannan,Anannannannannannannannannannannannannannannan,3,non-partner
after_phees_2022-08-04_10-08-00_0000075_labelled_Lola_pheeseq_0000044.txt,x,A,A,y,,,,,,,,,,,,,,,after,phees,2022-08-04,10-08-00,Lola,2022-08-04 10:08:00,10:10,5.0,Odin,1.0,xAAynannannannannannannannannannannannannannan,AAnannannannannannannannannannannannannannan,3,non-partner
after_phees_2022-08-04_10-08-00_0000075_labelled_Lola_phee_0000040.txt,x,A,y,,,,,,,,,,,,,,,,after,phees,2022-08-04,10-08-00,Lola,2022-08-04 10:08:00,10:10,5.0,Odin,2.0,xAynannannannannannannannannannannannannannannan,Anannannannannannannannannannannannannannannan,3,non-partner
after_phees_2022-08-04_10-08-00_0000075_labelled_Lola_pheeseq_0000052.txt,x,A,A,y,,,,,,,,,,,,,,,after,phees,2022-08-04,10-08-00,Lola,2022-08-04 10:08:00,10:10,5.0,Odin,3.0,xAAynannannannannannannannannannannannannannan,AAnannannannannannannannannannannannannannan,3,non-partner
after_phees_2022-08-04_10-08-00_0000075_labelled_Lola_pheeseq_0000053.txt,x,A,A,A,y,,,,,,,,,,,,,,after,phees,2022-08-04,10-08-00,Lola,2022-08-04 10:08:00,10:10,5.0,Odin,4.0,xAAAynannannannannannannannannannannannannan,AAAnannannannannannannannannannannannannan,3,non-partner
after_phees_2022-08-04_10-08-00_0000075_labelled_Lola_pheeseq_0000056.txt,x,A,A,P,P,S,,,,,,,,,,,,,after,phees,2022-08-04,10-08-00,Lola,2022-08-04 10:08:00,10:10,5.0,Odin,5.0,xAAPPSnannannannannannannannannannannannan,AAPPSnannannannannannannannannannannannan,3,non-partner
after_phees_2022-08-04_10-08-00_0000075_labelled_Lola_pheeseq_0000054.txt,x,A,A,A,y,,,,,,,,,,,,,,after,phees,2022-08-04,10-08-00,Lola,2022-08-04 10:08:00,10:10,5.0,Odin,6.0,xAAAynannannannannannannannannannannannannan,AAAnannannannannannannannannannannannannan,3,non-partner
after_phees_2022-08-04_10-08-00_0000075_labelled_Lola_pheeseq_0000055.txt,x,A,A,A,y,,,,,,,,,,,,,,after,phees,2022-08-04,10-08-00,Lola,2022-08-04 10:08:00,10:10,5.0,Odin,7.0,xAAAynannannannannannannannannannannannannan,AAAnannannannannannannannannannannannannan,3,non-partner
after_phees_2022-08-04_10-08-00_0000075_labelled_Lola_pheeseq_0000002.txt,x,A,A,y,,,,,,,,,,,,,,,after,phees,2022-08-04,10-08-00,Lola,2022-08-04 10:08:00,10:10,5.0,Odin,8.0,xAAynannannannannannannannannannannannannannan,AAnannannannannannannannannannannannannannan,1,non-partner
after_trills_2022-08-04_10-49-33_0000076_labelled_Lola_phee_0000042.txt,x,A,y,,,,,,,,,,,,,,,,after,trills,2022-08-04,10-49-33,Lola,2022-08-04 10:49:33,10:50,6.0,Tabor,1.0,xAynannannannannannannannannannannannannannannan,Anannannannannannannannannannannannannannannan,3,partner
after_phees_2022-08-04_10-49-31_0000076_labelled_Lola_pheeseq_0000045.txt,x,A,A,y,,,,,,,,,,,,,,,after,phees,2022-08-04,10-49-31,Lola,2022-08-04 10:49:31,10:50,6.0,Tabor,2.0,xAAynannannannannannannannannannannannannannan,AAnannannannannannannannannannannannannannan,3,partner
after_phees_2022-08-04_10-49-31_0000076_labelled_Lola_pheeseq_0000046.txt,x,A,A,y,,,,,,,,,,,,,,,after,phees,2022-08-04,10-49-31,Lola,2022-08-04 10:49:31,10:50,6.0,Tabor,3.0,xAAynannannannannannannannannannannannannannan,AAnannannannannannannannannannannannannannan,3,partner
after_phees_2022-08-04_10-49-31_0000076_labelled_Lola_phee_0000043.txt,x,A,y,,,,,,,,,,,,,,,,after,phees,2022-08-04,10-49-31,Lola,2022-08-04 10:49:31,10:50,6.0,Tabor,4.0,xAynannannannannannannannannannannannannannannan,Anannannannannannannannannannannannannannannan,3,partner
after_phees_2022-08-04_10-49-31_0000076_labelled_Lola_phee_0000044.txt,x,A,y,,,,,,,,,,,,,,,,after,phees,2022-08-04,10-49-31,Lola,2022-08-04 10:49:31,10:50,6.0,Tabor,5.0,xAynannannannannannannannannannannannannannannan,Anannannannannannannannannannannannannannannan,3,partner
after_trills_2022-08-04_09-45-02_0000074_labelled_Nougati_phee_0000039.txt,x,A,y,,,,,,,,,,,,,,,,after,trills,2022-08-04,09-45-02,Nougatti,2022-08-04 09:45:02,09:45,5.0,Odin,1.0,xAynannannannannannannannannannannannannannannan,Anannannannannannannannannannannannannannannan,3,partner
after_phees_2022-08-04_09-19-19_0000073_labelled_Nougatti_phee_0000021.txt,x,A,y,,,,,,,,,,,,,,,,after,phees,2022-08-04,09-19-19,Nougatti,2022-08-04 09:19:19,09:20,5.0,Tabor,1.0,xAynannannannannannannannannannannannannannannan,Anannannannannannannannannannannannannannannan,3,non-partner
after_phees_2022-08-04_09-19-19_0000073_labelled_Nougatti_phee_0000022.txt,x,A,y,,,,,,,,,,,,,,,,after,phees,2022-08-04,09-19-19,Nougatti,2022-08-04 09:19:19,09:20,5.0,Tabor,2.0,xAynannannannannannannannannannannannannannannan,Anannannannannannannannannannannannannannannan,3,non-partner
after_phees_2022-08-04_09-19-19_0000073_labelled_Nougatti_pheeseq_0000023.txt,x,A,P,A,y,,,,,,,,,,,,,,after,phees,2022-08-04,09-19-19,Nougatti,2022-08-04 09:19:19,09:20,5.0,Tabor,3.0,xAPAynannannannannannannannannannannannannan,APAnannannannannannannannannannannannannan,3,non-partner
after_phees_2022-08-04_09-19-19_0000073_labelled_Nougatti_pheeseq_0000024.txt,x,A,P,A,y,,,,,,,,,,,,,,after,phees,2022-08-04,09-19-19,Nougatti,2022-08-04 09:19:19,09:20,5.0,Tabor,4.0,xAPAynannannannannannannannannannannannannan,APAnannannannannannannannannannannannannan,3,non-partner
after_phees_2022-08-04_09-19-19_0000073_labelled_Nougatti_pheeseq_0000025.txt,x,A,P,A,y,,,,,,,,,,,,,,after,phees,2022-08-04,09-19-19,Nougatti,2022-08-04 09:19:19,09:20,5.0,Tabor,5.0,xAPAynannannannannannannannannannannannannan,APAnannannannannannannannannannannannannan,3,non-partner
after_trills_2022-08-04_09-19-20_0000073_labelled_Nougatti_pheeseq_0000002.txt,x,A,A,P,P,,,,,,,,,,,,,,after,trills,2022-08-04,09-19-20,Nougatti,2022-08-04 09:19:20,09:20,5.0,Tabor,6.0,xAAPPnannannannannannannannannannannannannan,AAPPnannannannannannannannannannannannannan,1,non-partner
after_phees_2022-08-04_10-08-00_0000075_labelled_Odin_pheeseq_0000048.txt,x,A,A,A,y,,,,,,,,,,,,,,after,phees,2022-08-04,10-08-00,Odin,2022-08-04 10:08:00,10:10,5.0,Lola,1.0,xAAAynannannannannannannannannannannannannan,AAAnannannannannannannannannannannannannan,3,non-partner
after_phees_2022-08-04_10-08-00_0000075_labelled_Odin_pheeseq_0000049.txt,x,A,A,y,,,,,,,,,,,,,,,after,phees,2022-08-04,10-08-00,Odin,2022-08-04 10:08:00,10:10,5.0,Lola,2.0,xAAynannannannannannannannannannannannannannan,AAnannannannannannannannannannannannannannan,3,non-partner
after_trills_2022-08-04_10-08-02_0000075_labelled_Odin_pheeseq_0000036.txt,x,R,A,A,y,,,,,,,,,,,,,,after,trills,2022-08-04,10-08-02,Odin,2022-08-04 10:08:02,10:10,5.0,Lola,3.0,xRAAynannannannannannannannannannannannannan,RAAnannannannannannannannannannannannannan,3,non-partner
after_trills_2022-08-04_10-08-02_0000075_labelled_Odin_pheeseq_0000032.txt,x,A,P,,,,,,,,,,,,,,,,after,trills,2022-08-04,10-08-02,Odin,2022-08-04 10:08:02,10:10,5.0,Lola,4.0,xAPnannannannannannannannannannannannannannannan,APnannannannannannannannannannannannannannannan,3,non-partner
after_trills_2022-08-04_10-08-02_0000075_labelled_Odin_phee_0000043.txt,x,A,y,,,,,,,,,,,,,,,,after,trills,2022-08-04,10-08-02,Odin,2022-08-04 10:08:02,10:10,5.0,Lola,5.0,xAynannannannannannannannannannannannannannannan,Anannannannannannannannannannannannannannannan,3,non-partner
after_phees_2022-08-04_10-08-00_0000075_labelled_Odin_pheeseq_0000042.txt,x,A,A,y,,,,,,,,,,,,,,,after,phees,2022-08-04,10-08-00,Odin,2022-08-04 10:08:00,10:10,5.0,Lola,6.0,xAAynannannannannannannannannannannannannannan,AAnannannannannannannannannannannannannannan,3,non-partner
after_phees_2022-08-04_10-08-00_0000075_labelled_Odin_pheeseq_0000043.txt,x,R,A,A,y,,,,,,,,,,,,,,after,phees,2022-08-04,10-08-00,Odin,2022-08-04 10:08:00,10:10,5.0,Lola,7.0,xRAAynannannannannannannannannannannannannan,RAAnannannannannannannannannannannannannan,3,non-partner
after_trills_2022-08-04_10-08-02_0000075_labelled_Odin_phee_0000042.txt,x,R,y,,,,,,,,,,,,,,,,after,trills,2022-08-04,10-08-02,Odin,2022-08-04 10:08:02,10:10,5.0,Lola,8.0,xRynannannannannannannannannannannannannannannan,Rnannannannannannannannannannannannannannannan,3,non-partner
after_phees_2022-08-04_10-08-00_0000075_labelled_Odin_pheeseq_0000047.txt,x,A,A,y,,,,,,,,,,,,,,,after,phees,2022-08-04,10-08-00,Odin,2022-08-04 10:08:00,10:10,5.0,Lola,9.0,xAAynannannannannannannannannannannannannannan,AAnannannannannannannannannannannannannannan,3,non-partner
after_phees_2022-08-04_10-08-00_0000075_labelled_Odin_pheeseq_0000046.txt,x,R,A,A,y,,,,,,,,,,,,,,after,phees,2022-08-04,10-08-00,Odin,2022-08-04 10:08:00,10:10,5.0,Lola,10.0,xRAAynannannannannannannannannannannannannan,RAAnannannannannannannannannannannannannan,3,non-partner
after_phees_2022-08-04_10-08-00_0000075_labelled_Odin_pheeseq_0000050.txt,x,A,A,y,,,,,,,,,,,,,,,after,phees,2022-08-04,10-08-00,Odin,2022-08-04 10:08:00,10:10,5.0,Lola,11.0,xAAynannannannannannannannannannannannannannan,AAnannannannannannannannannannannannannannan,3,non-partner
after_phees_2022-08-04_10-08-00_0000075_labelled_Odin_pheeseq_0000045.txt,x,A,A,y,,,,,,,,,,,,,,,after,phees,2022-08-04,10-08-00,Odin,2022-08-04 10:08:00,10:10,5.0,Lola,12.0,xAAynannannannannannannannannannannannannannan,AAnannannannannannannannannannannannannannan,3,non-partner
after_phees_2022-08-04_10-08-00_0000075_labelled_Odin_pheeseq_0000051.txt,x,A,P,,,,,,,,,,,,,,,,after,phees,2022-08-04,10-08-00,Odin,2022-08-04 10:08:00,10:10,5.0,Lola,13.0,xAPnannannannannannannannannannannannannannannan,APnannannannannannannannannannannannannannannan,3,non-partner
after_trills_2022-08-04_09-45-02_0000074_labelled_Odin_pheeseq_0000028.txt,x,R,A,y,,,,,,,,,,,,,,,after,trills,2022-08-04,09-45-02,Odin,2022-08-04 09:45:02,09:45,5.0,Nougatti,1.0,xRAynannannannannannannannannannannannannannan,RAnannannannannannannannannannannannannannan,3,partner
after_trills_2022-08-04_09-45-02_0000074_labelled_Odin_pheeseq_0000036.txt,x,R,A,y,,,,,,,,,,,,,,,after,trills,2022-08-04,09-45-02,Odin,2022-08-04 09:45:02,09:45,5.0,Nougatti,2.0,xRAynannannannannannannannannannannannannannan,RAnannannannannannannannannannannannannannan,3,partner
after_trills_2022-08-04_09-45-02_0000074_labelled_Odin_phee_0000038.txt,x,A,y,,,,,,,,,,,,,,,,after,trills,2022-08-04,09-45-02,Odin,2022-08-04 09:45:02,09:45,5.0,Nougatti,3.0,xAynannannannannannannannannannannannannannannan,Anannannannannannannannannannannannannannannan,3,partner
after_trills_2022-08-04_10-49-33_0000076_labelled_Tabor_pheeseq_0000043.txt,P,A,A,P,P,,,,,,,,,,,,,,after,trills,2022-08-04,10-49-33,Tabor,2022-08-04 10:49:33,10:50,6.0,Lola,1.0,PAAPPnannannannannannannannannannannannannan,PAAPPnannannannannannannannannannannannannan,3,partner
after_phees_2022-08-04_10-49-31_0000076_labelled_Tabor_phee_0000047.txt,x,A,y,,,,,,,,,,,,,,,,after,phees,2022-08-04,10-49-31,Tabor,2022-08-04 10:49:31,10:50,6.0,Lola,3.0,xAynannannannannannannannannannannannannannannan,Anannannannannannannannannannannannannannannan,3,partner
after_trills_2022-08-04_10-49-33_0000076_labelled_Tabor_pheeseq_0000017.txt,x,A,A,P,P,,,,,,,,,,,,,,after,trills,2022-08-04,10-49-33,Tabor,2022-08-04 10:49:33,10:50,6.0,Lola,4.0,xAAPPnannannannannannannannannannannannannan,AAPPnannannannannannannannannannannannannan,1,partner
after_trills_2022-08-04_10-49-33_0000076_labelled_Tabor_pheeseq_0000039.txt,P,A,A,A,P,,,,,,,,,,,,,,after,trills,2022-08-04,10-49-33,Tabor,2022-08-04 10:49:33,10:50,6.0,Lola,5.0,PAAAPnannannannannannannannannannannannannan,PAAAPnannannannannannannannannannannannannan,3,partner
after_phees_2022-08-04_09-19-19_0000073_labelled_Tabor_pheeseq_0000026.txt,x,A,A,A,y,,,,,,,,,,,,,,after,phees,2022-08-04,09-19-19,Tabor,2022-08-04 09:19:19,09:20,5.0,Nougatti,1.0,xAAAynannannannannannannannannannannannannan,AAAnannannannannannannannannannannannannan,3,non-partner
after_phees_2022-08-04_09-19-19_0000073_labelled_Tabor_pheeseq_0000009.txt,x,A,A,A,A,P,,,,,,,,,,,,,after,phees,2022-08-04,09-19-19,Tabor,2022-08-04 09:19:19,09:20,5.0,Nougatti,2.0,xAAAAPnannannannannannannannannannannannan,AAAAPnannannannannannannannannannannannan,1,non-partner
after_phees_2022-08-04_09-19-19_0000073_labelled_Tabor_pheeseq_0000008.txt,x,A,A,A,y,,,,,,,,,,,,,,after,phees,2022-08-04,09-19-19,Tabor,2022-08-04 09:19:19,09:20,5.0,Nougatti,3.0,xAAAynannannannannannannannannannannannannan,AAAnannannannannannannannannannannannannan,1,non-partner
after_phees_2022-08-04_09-19-19_0000073_labelled_Tabor_pheeseq_0000012.txt,x,A,P,P,A,A,P,y,,,,,,,,,,,after,phees,2022-08-04,09-19-19,Tabor,2022-08-04 09:19:19,09:20,5.0,Nougatti,4.0,xAPPAAPynannannannannannannannannannan,APPAAPnannannannannannannannannannan,1,non-partner
after_phees_2022-08-04_09-19-19_0000073_labelled_Tabor_pheeseq_0000006.txt,x,A,P,A,A,P,P,,,,,,,,,,,,after,phees,2022-08-04,09-19-19,Tabor,2022-08-04 09:19:19,09:20,5.0,Nougatti,5.0,xAPAAPPnannannannannannannannannannannan,APAAPPnannannannannannannannannannannan,1,non-partner
after_phees_2022-08-04_09-19-19_0000073_labelled_Tabor_pheeseq_0000007.txt,x,A,A,A,P,P,P,,,,,,,,,,,,after,phees,2022-08-04,09-19-19,Tabor,2022-08-04 09:19:19,09:20,5.0,Nougatti,6.0,xAAAPPPnannannannannannannannannannannan,AAAPPPnannannannannannannannannannannan,1,non-partner
after_phees_2022-08-04_09-19-19_0000073_labelled_Tabor_pheeseq_0000005.txt,x,A,P,P,P,A,A,A,P,,,,,,,,,,after,phees,2022-08-04,09-19-19,Tabor,2022-08-04 09:19:19,09:20,5.0,Nougatti,7.0,xAPPPAAAPnannannannannannannannannan,APPPAAAPnannannannannannannannannan,1,non-partner
after_phees_2022-08-04_09-19-19_0000073_labelled_Tabor_pheeseq_0000010.txt,x,A,P,A,A,P,P,,,,,,,,,,,,after,phees,2022-08-04,09-19-19,Tabor,2022-08-04 09:19:19,09:20,5.0,Nougatti,9.0,xAPAAPPnannannannannannannannannannannan,APAAPPnannannannannannannannannannannan,1,non-partner
after_phees_2022-08-04_09-19-19_0000073_labelled_Tabor_pheeseq_0000003.txt,x,A,A,P,,,,,,,,,,,,,,,after,phees,2022-08-04,09-19-19,Tabor,2022-08-04 09:19:19,09:20,5.0,Nougatti,11.0,xAAPnannannannannannannannannannannannannannan,AAPnannannannannannannannannannannannannannan,1,non-partner
after_phees_2022-08-08_11-24-26_0000079_labelled_Lola_pheeseq_0000024.txt,x,A,A,P,P,P,P,,,,,,,,,,,,after,phees,2022-08-08,11-24-26,Lola,2022-08-08 11:24:26,11:25,6.0,Odin,1.0,xAAPPPPnannannannannannannannannannannan,AAPPPPnannannannannannannannannannannan,1,non-partner
after_phees_2022-08-08_11-24-26_0000079_labelled_Lola_pheeseq_0000009.txt,x,A,A,y,,,,,,,,,,,,,,,after,phees,2022-08-08,11-24-26,Lola,2022-08-08 11:24:26,11:25,6.0,Odin,2.0,xAAynannannannannannannannannannannannannannan,AAnannannannannannannannannannannannannannan,1,non-partner
after_phees_2022-08-08_11-24-26_0000079_labelled_Lola_pheeseq_0000022.txt,x,A,A,S,,,,,,,,,,,,,,,after,phees,2022-08-08,11-24-26,Lola,2022-08-08 11:24:26,11:25,6.0,Odin,3.0,xAASnannannannannannannannannannannannannannan,AASnannannannannannannannannannannannannannan,1,non-partner
after_phees_2022-08-08_11-24-26_0000079_labelled_Lola_pheeseq_0000023.txt,x,A,A,y,,,,,,,,,,,,,,,after,phees,2022-08-08,11-24-26,Lola,2022-08-08 11:24:26,11:25,6.0,Odin,4.0,xAAynannannannannannannannannannannannannannan,AAnannannannannannannannannannannannannannan,1,non-partner
after_phees_2022-08-08_11-24-26_0000079_labelled_Lola_pheeseq_0000050.txt,x,A,A,y,,,,,,,,,,,,,,,after,phees,2022-08-08,11-24-26,Lola,2022-08-08 11:24:26,11:25,6.0,Odin,5.0,xAAynannannannannannannannannannannannannannan,AAnannannannannannannannannannannannannannan,3,non-partner
after_phees_2022-08-08_11-24-26_0000079_labelled_Lola_pheeseq_0000057.txt,x,A,A,y,,,,,,,,,,,,,,,after,phees,2022-08-08,11-24-26,Lola,2022-08-08 11:24:26,11:25,6.0,Odin,6.0,xAAynannannannannannannannannannannannannannan,AAnannannannannannannannannannannannannannan,3,non-partner
after_phees_2022-08-08_11-24-26_0000079_labelled_Lola_pheeseq_0000059.txt,x,A,A,P,S,,,,,,,,,,,,,,after,phees,2022-08-08,11-24-26,Lola,2022-08-08 11:24:26,11:25,6.0,Odin,7.0,xAAPSnannannannannannannannannannannannannan,AAPSnannannannannannannannannannannannannan,3,non-partner
after_phees_2022-08-08_11-24-26_0000079_labelled_Lola_pheeseq_0000064.txt,x,A,A,P,P,P,,,,,,,,,,,,,after,phees,2022-08-08,11-24-26,Lola,2022-08-08 11:24:26,11:25,6.0,Odin,8.0,xAAPPPnannannannannannannannannannannannan,AAPPPnannannannannannannannannannannannan,3,non-partner
after_phees_2022-08-08_11-24-26_0000079_labelled_Lola_pheeseq_0000058.txt,x,A,A,A,y,,,,,,,,,,,,,,after,phees,2022-08-08,11-24-26,Lola,2022-08-08 11:24:26,11:25,6.0,Odin,9.0,xAAAynannannannannannannannannannannannannan,AAAnannannannannannannannannannannannannan,3,non-partner
after_phees_2022-08-08_11-24-26_0000079_labelled_Lola_pheeseq_0000067.txt,x,A,A,y,,,,,,,,,,,,,,,after,phees,2022-08-08,11-24-26,Lola,2022-08-08 11:24:26,11:25,6.0,Odin,10.0,xAAynannannannannannannannannannannannannannan,AAnannannannannannannannannannannannannannan,3,non-partner
after_phees_2022-08-08_11-24-26_0000079_labelled_Lola_pheeseq_0000063.txt,x,A,A,P,P,,,,,,,,,,,,,,after,phees,2022-08-08,11-24-26,Lola,2022-08-08 11:24:26,11:25,6.0,Odin,11.0,xAAPPnannannannannannannannannannannannannan,AAPPnannannannannannannannannannannannannan,3,non-partner
after_phees_2022-08-08_11-24-26_0000079_labelled_Lola_pheeseq_0000062.txt,x,A,A,y,,,,,,,,,,,,,,,after,phees,2022-08-08,11-24-26,Lola,2022-08-08 11:24:26,11:25,6.0,Odin,12.0,xAAynannannannannannannannannannannannannannan,AAnannannannannannannannannannannannannannan,3,non-partner
after_phees_2022-08-08_11-24-26_0000079_labelled_Lola_pheeseq_0000060.txt,x,A,A,y,,,,,,,,,,,,,,,after,phees,2022-08-08,11-24-26,Lola,2022-08-08 11:24:26,11:25,6.0,Odin,13.0,xAAynannannannannannannannannannannannannannan,AAnannannannannannannannannannannannannannan,3,non-partner
after_phees_2022-08-08_11-24-26_0000079_labelled_Lola_pheeseq_0000049.txt,x,A,A,y,,,,,,,,,,,,,,,after,phees,2022-08-08,11-24-26,Lola,2022-08-08 11:24:26,11:25,6.0,Odin,14.0,xAAynannannannannannannannannannannannannannan,AAnannannannannannannannannannannannannannan,3,non-partner
after_phees_2022-08-08_11-24-26_0000079_labelled_Lola_pheeseq_0000012.txt,x,A,P,P,S,,,,,,,,,,,,,,after,phees,2022-08-08,11-24-26,Lola,2022-08-08 11:24:26,11:25,6.0,Odin,15.0,xAPPSnannannannannannannannannannannannannan,APPSnannannannannannannannannannannannannan,1,non-partner
after_phees_2022-08-08_11-24-26_0000079_labelled_Lola_pheeseq_0000013.txt,x,A,A,P,,,,,,,,,,,,,,,after,phees,2022-08-08,11-24-26,Lola,2022-08-08 11:24:26,11:25,6.0,Odin,16.0,xAAPnannannannannannannannannannannannannannan,AAPnannannannannannannannannannannannannannan,1,non-partner
after_phees_2022-08-08_11-24-26_0000079_labelled_Lola_pheeseq_0000007.txt,x,A,A,A,P,,,,,,,,,,,,,,after,phees,2022-08-08,11-24-26,Lola,2022-08-08 11:24:26,11:25,6.0,Odin,17.0,xAAAPnannannannannannannannannannannannannan,AAAPnannannannannannannannannannannannannan,1,non-partner
after_phees_2022-08-08_11-24-26_0000079_labelled_Lola_pheeseq_0000011.txt,x,A,A,A,y,,,,,,,,,,,,,,after,phees,2022-08-08,11-24-26,Lola,2022-08-08 11:24:26,11:25,6.0,Odin,18.0,xAAAynannannannannannannannannannannannannan,AAAnannannannannannannannannannannannannan,1,non-partner
after_phees_2022-08-08_11-24-26_0000079_labelled_Lola_pheeseq_0000010.txt,x,A,A,P,,,,,,,,,,,,,,,after,phees,2022-08-08,11-24-26,Lola,2022-08-08 11:24:26,11:25,6.0,Odin,19.0,xAAPnannannannannannannannannannannannannannan,AAPnannannannannannannannannannannannannannan,1,non-partner
after_phees_2022-08-08_11-24-26_0000079_labelled_Lola_pheeseq_0000014.txt,x,A,A,P,P,,,,,,,,,,,,,,after,phees,2022-08-08,11-24-26,Lola,2022-08-08 11:24:26,11:25,6.0,Odin,20.0,xAAPPnannannannannannannannannannannannannan,AAPPnannannannannannannannannannannannannan,1,non-partner
after_phees_2022-08-08_11-01-43_0000078_labelled_Lola_pheeseq_0000057.txt,x,A,A,y,,,,,,,,,,,,,,,after,phees,2022-08-08,11-01-43,Lola,2022-08-08 11:01:43,11:00,6.0,Wuschel,1.0,xAAynannannannannannannannannannannannannannan,AAnannannannannannannannannannannannannannan,3,non-partner
after_phees_2022-08-08_11-01-43_0000078_labelled_Lola_pheeseq_0000043.txt,x,A,A,A,y,,,,,,,,,,,,,,after,phees,2022-08-08,11-01-43,Lola,2022-08-08 11:01:43,11:00,6.0,Wuschel,2.0,xAAAynannannannannannannannannannannannannan,AAAnannannannannannannannannannannannannan,3,non-partner
after_phees_2022-08-08_11-01-43_0000078_labelled_Lola_pheeseq_0000042.txt,x,A,A,y,,,,,,,,,,,,,,,after,phees,2022-08-08,11-01-43,Lola,2022-08-08 11:01:43,11:00,6.0,Wuschel,3.0,xAAynannannannannannannannannannannannannannan,AAnannannannannannannannannannannannannannan,3,non-partner
after_phees_2022-08-08_11-01-43_0000078_labelled_Lola_pheeseq_0000056.txt,x,A,A,y,,,,,,,,,,,,,,,after,phees,2022-08-08,11-01-43,Lola,2022-08-08 11:01:43,11:00,6.0,Wuschel,4.0,xAAynannannannannannannannannannannannannannan,AAnannannannannannannannannannannannannannan,3,non-partner
after_phees_2022-08-08_11-01-43_0000078_labelled_Lola_pheeseq_0000054.txt,x,A,A,A,P,,,,,,,,,,,,,,after,phees,2022-08-08,11-01-43,Lola,2022-08-08 11:01:43,11:00,6.0,Wuschel,5.0,xAAAPnannannannannannannannannannannannannan,AAAPnannannannannannannannannannannannannan,3,non-partner
after_phees_2022-08-08_11-01-43_0000078_labelled_Lola_pheeseq_0000055.txt,x,A,A,A,P,,,,,,,,,,,,,,after,phees,2022-08-08,11-01-43,Lola,2022-08-08 11:01:43,11:00,6.0,Wuschel,6.0,xAAAPnannannannannannannannannannannannannan,AAAPnannannannannannannannannannannannannan,3,non-partner
after_phees_2022-08-08_11-01-43_0000078_labelled_Lola_pheeseq_0000041.txt,x,A,A,y,,,,,,,,,,,,,,,after,phees,2022-08-08,11-01-43,Lola,2022-08-08 11:01:43,11:00,6.0,Wuschel,7.0,xAAynannannannannannannannannannannannannannan,AAnannannannannannannannannannannannannannan,3,non-partner
after_phees_2022-08-08_11-01-43_0000078_labelled_Lola_pheeseq_0000052.txt,x,A,A,y,,,,,,,,,,,,,,,after,phees,2022-08-08,11-01-43,Lola,2022-08-08 11:01:43,11:00,6.0,Wuschel,8.0,xAAynannannannannannannannannannannannannannan,AAnannannannannannannannannannannannannannan,3,non-partner
after_phees_2022-08-08_11-01-43_0000078_labelled_Lola_pheeseq_0000046.txt,x,A,A,A,y,,,,,,,,,,,,,,after,phees,2022-08-08,11-01-43,Lola,2022-08-08 11:01:43,11:00,6.0,Wuschel,9.0,xAAAynannannannannannannannannannannannannan,AAAnannannannannannannannannannannannannan,3,non-partner
after_phees_2022-08-08_11-01-43_0000078_labelled_Lola_pheeseq_0000047.txt,x,A,A,A,y,,,,,,,,,,,,,,after,phees,2022-08-08,11-01-43,Lola,2022-08-08 11:01:43,11:00,6.0,Wuschel,10.0,xAAAynannannannannannannannannannannannannan,AAAnannannannannannannannannannannannannan,3,non-partner
after_phees_2022-08-08_11-01-43_0000078_labelled_Lola_pheeseq_0000053.txt,x,A,A,S,,,,,,,,,,,,,,,after,phees,2022-08-08,11-01-43,Lola,2022-08-08 11:01:43,11:00,6.0,Wuschel,11.0,xAASnannannannannannannannannannannannannannan,AASnannannannannannannannannannannannannannan,3,non-partner
after_phees_2022-08-08_11-01-43_0000078_labelled_Lola_pheeseq_0000021.txt,x,A,A,A,P,,,,,,,,,,,,,,after,phees,2022-08-08,11-01-43,Lola,2022-08-08 11:01:43,11:00,6.0,Wuschel,13.0,xAAAPnannannannannannannannannannannannannan,AAAPnannannannannannannannannannannannannan,1,non-partner
after_phees_2022-08-08_11-01-43_0000078_labelled_Lola_pheeseq_0000024.txt,x,A,A,A,y,,,,,,,,,,,,,,after,phees,2022-08-08,11-01-43,Lola,2022-08-08 11:01:43,11:00,6.0,Wuschel,15.0,xAAAynannannannannannannannannannannannannan,AAAnannannannannannannannannannannannannan,1,non-partner
after_phees_2022-08-08_11-01-43_0000078_labelled_Lola_pheeseq_0000030.txt,x,A,A,A,P,,,,,,,,,,,,,,after,phees,2022-08-08,11-01-43,Lola,2022-08-08 11:01:43,11:00,6.0,Wuschel,16.0,xAAAPnannannannannannannannannannannannannan,AAAPnannannannannannannannannannannannannan,1,non-partner
after_phees_2022-08-08_11-01-43_0000078_labelled_Lola_pheeseq_0000029.txt,x,A,A,A,P,S,,,,,,,,,,,,,after,phees,2022-08-08,11-01-43,Lola,2022-08-08 11:01:43,11:00,6.0,Wuschel,17.0,xAAAPSnannannannannannannannannannannannan,AAAPSnannannannannannannannannannannannan,1,non-partner
after_phees_2022-08-08_11-01-43_0000078_labelled_Lola_pheeseq_0000015.txt,x,A,A,P,P,,,,,,,,,,,,,,after,phees,2022-08-08,11-01-43,Lola,2022-08-08 11:01:43,11:00,6.0,Wuschel,18.0,xAAPPnannannannannannannannannannannannannan,AAPPnannannannannannannannannannannannannan,1,non-partner
after_phees_2022-08-08_11-01-43_0000078_labelled_Lola_pheeseq_0000014.txt,x,A,A,A,P,P,,,,,,,,,,,,,after,phees,2022-08-08,11-01-43,Lola,2022-08-08 11:01:43,11:00,6.0,Wuschel,19.0,xAAAPPnannannannannannannannannannannannan,AAAPPnannannannannannannannannannannannan,1,non-partner
after_phees_2022-08-08_11-01-43_0000078_labelled_Lola_pheeseq_0000002.txt,x,A,A,y,,,,,,,,,,,,,,,after,phees,2022-08-08,11-01-43,Lola,2022-08-08 11:01:43,11:00,6.0,Wuschel,20.0,xAAynannannannannannannannannannannannannannan,AAnannannannannannannannannannannannannannan,1,non-partner
after_phees_2022-08-08_11-01-43_0000078_labelled_Lola_pheeseq_0000016.txt,x,A,A,y,,,,,,,,,,,,,,,after,phees,2022-08-08,11-01-43,Lola,2022-08-08 11:01:43,11:00,6.0,Wuschel,21.0,xAAynannannannannannannannannannannannannannan,AAnannannannannannannannannannannannannannan,1,non-partner
after_phees_2022-08-08_11-01-43_0000078_labelled_Lola_pheeseq_0000003.txt,x,A,A,y,,,,,,,,,,,,,,,after,phees,2022-08-08,11-01-43,Lola,2022-08-08 11:01:43,11:00,6.0,Wuschel,23.0,xAAynannannannannannannannannannannannannannan,AAnannannannannannannannannannannannannannan,1,non-partner
after_phees_2022-08-08_11-01-43_0000078_labelled_Lola_pheeseq_0000007.txt,x,A,A,y,,,,,,,,,,,,,,,after,phees,2022-08-08,11-01-43,Lola,2022-08-08 11:01:43,11:00,6.0,Wuschel,24.0,xAAynannannannannannannannannannannannannannan,AAnannannannannannannannannannannannannannan,1,non-partner
after_phees_2022-08-08_11-01-43_0000078_labelled_Lola_pheeseq_0000013.txt,x,A,A,A,P,,,,,,,,,,,,,,after,phees,2022-08-08,11-01-43,Lola,2022-08-08 11:01:43,11:00,6.0,Wuschel,25.0,xAAAPnannannannannannannannannannannannannan,AAAPnannannannannannannannannannannannannan,1,non-partner
after_phees_2022-08-08_11-01-43_0000078_labelled_Lola_pheeseq_0000012.txt,x,A,A,P,S,,,,,,,,,,,,,,after,phees,2022-08-08,11-01-43,Lola,2022-08-08 11:01:43,11:00,6.0,Wuschel,26.0,xAAPSnannannannannannannannannannannannannan,AAPSnannannannannannannannannannannannannan,1,non-partner
after_phees_2022-08-08_11-01-43_0000078_labelled_Lola_pheeseq_0000004.txt,x,A,A,K,,,,,,,,,,,,,,,after,phees,2022-08-08,11-01-43,Lola,2022-08-08 11:01:43,11:00,6.0,Wuschel,27.0,xAAKnannannannannannannannannannannannannannan,AAKnannannannannannannannannannannannannannan,1,non-partner
after_phees_2022-08-08_11-01-43_0000078_labelled_Lola_pheeseq_0000005.txt,x,A,A,A,y,,,,,,,,,,,,,,after,phees,2022-08-08,11-01-43,Lola,2022-08-08 11:01:43,11:00,6.0,Wuschel,29.0,xAAAynannannannannannannannannannannannannan,AAAnannannannannannannannannannannannannan,1,non-partner
after_phees_2022-08-08_11-01-43_0000078_labelled_Lola_pheeseq_0000058.txt,x,A,A,y,,,,,,,,,,,,,,,after,phees,2022-08-08,11-01-43,Lola,2022-08-08 11:01:43,11:00,6.0,Wuschel,30.0,xAAynannannannannannannannannannannannannannan,AAnannannannannannannannannannannannannannan,3,non-partner
after_phees_2022-08-08_11-01-43_0000078_labelled_Lola_pheeseq_0000059.txt,x,A,A,y,,,,,,,,,,,,,,,after,phees,2022-08-08,11-01-43,Lola,2022-08-08 11:01:43,11:00,6.0,Wuschel,31.0,xAAynannannannannannannannannannannannannannan,AAnannannannannannannannannannannannannannan,3,non-partner
after_phees_2022-08-08_14-38-44_0000083_labelled_Nougatti_pheeseq_0000041.txt,x,A,P,A,y,,,,,,,,,,,,,,after,phees,2022-08-08,14-38-44,Nougatti,2022-08-08 14:38:44,14:40,6.0,Odin,1.0,xAPAynannannannannannannannannannannannannan,APAnannannannannannannannannannannannannan,3,partner
after_phees_2022-08-08_14-38-44_0000083_labelled_Nougatti_pheeseq_0000040.txt,x,A,P,A,y,,,,,,,,,,,,,,after,phees,2022-08-08,14-38-44,Nougatti,2022-08-08 14:38:44,14:40,6.0,Odin,2.0,xAPAynannannannannannannannannannannannannan,APAnannannannannannannannannannannannannan,3,partner
after_trills_2022-08-08_14-38-46_0000083_labelled_Nougatti_pheeseq_0000057.txt,x,A,A,P,P,,,,,,,,,,,,,,after,trills,2022-08-08,14-38-46,Nougatti,2022-08-08 14:38:46,14:40,6.0,Odin,3.0,xAAPPnannannannannannannannannannannannannan,AAPPnannannannannannannannannannannannannan,3,partner
after_phees_2022-08-08_14-38-44_0000083_labelled_Nougatti_pheeseq_0000043.txt,x,A,P,A,y,,,,,,,,,,,,,,after,phees,2022-08-08,14-38-44,Nougatti,2022-08-08 14:38:44,14:40,6.0,Odin,4.0,xAPAynannannannannannannannannannannannannan,APAnannannannannannannannannannannannannan,3,partner
after_phees_2022-08-08_14-38-44_0000083_labelled_Nougatti_pheeseq_0000046.txt,x,A,A,y,,,,,,,,,,,,,,,after,phees,2022-08-08,14-38-44,Nougatti,2022-08-08 14:38:44,14:40,6.0,Odin,5.0,xAAynannannannannannannannannannannannannannan,AAnannannannannannannannannannannannannannan,3,partner
after_phees_2022-08-08_14-38-44_0000083_labelled_Nougatti_pheeseq_0000044.txt,x,A,P,A,K,,,,,,,,,,,,,,after,phees,2022-08-08,14-38-44,Nougatti,2022-08-08 14:38:44,14:40,6.0,Odin,6.0,xAPAKnannannannannannannannannannannannannan,APAKnannannannannannannannannannannannannan,3,partner
after_phees_2022-08-08_14-38-44_0000083_labelled_Nougatti_pheeseq_0000045.txt,x,A,A,y,,,,,,,,,,,,,,,after,phees,2022-08-08,14-38-44,Nougatti,2022-08-08 14:38:44,14:40,6.0,Odin,7.0,xAAynannannannannannannannannannannannannannan,AAnannannannannannannannannannannannannannan,3,partner
after_phees_2022-08-08_14-38-44_0000083_labelled_Nougatti_pheeseq_0000022.txt,x,A,A,y,,,,,,,,,,,,,,,after,phees,2022-08-08,14-38-44,Nougatti,2022-08-08 14:38:44,14:40,6.0,Odin,8.0,xAAynannannannannannannannannannannannannannan,AAnannannannannannannannannannannannannannan,1,partner
after_phees_2022-08-08_14-38-44_0000083_labelled_Nougatti_pheeseq_0000036.txt,x,A,y,,,,,,,,,,,,,,,,after,phees,2022-08-08,14-38-44,Nougatti,2022-08-08 14:38:44,14:40,6.0,Odin,9.0,xAynannannannannannannannannannannannannannannan,Anannannannannannannannannannannannannannannan,3,partner
after_phees_2022-08-08_14-38-44_0000083_labelled_Nougatti_pheeseq_0000037.txt,x,A,P,A,y,,,,,,,,,,,,,,after,phees,2022-08-08,14-38-44,Nougatti,2022-08-08 14:38:44,14:40,6.0,Odin,10.0,xAPAynannannannannannannannannannannannannan,APAnannannannannannannannannannannannannan,3,partner
after_phees_2022-08-08_14-38-44_0000083_labelled_Nougatti_pheeseq_0000023.txt,x,A,P,A,y,,,,,,,,,,,,,,after,phees,2022-08-08,14-38-44,Nougatti,2022-08-08 14:38:44,14:40,6.0,Odin,11.0,xAPAynannannannannannannannannannannannannan,APAnannannannannannannannannannannannannan,1,partner
after_phees_2022-08-08_14-38-44_0000083_labelled_Nougatti_phee_0000015.txt,x,A,y,,,,,,,,,,,,,,,,after,phees,2022-08-08,14-38-44,Nougatti,2022-08-08 14:38:44,14:40,6.0,Odin,12.0,xAynannannannannannannannannannannannannannannan,Anannannannannannannannannannannannannannannan,1,partner
after_phees_2022-08-08_14-38-44_0000083_labelled_Nougatti_pheeseq_0000020.txt,x,A,A,y,,,,,,,,,,,,,,,after,phees,2022-08-08,14-38-44,Nougatti,2022-08-08 14:38:44,14:40,6.0,Odin,13.0,xAAynannannannannannannannannannannannannannan,AAnannannannannannannannannannannannannannan,1,partner
after_phees_2022-08-08_14-38-44_0000083_labelled_Nougatti_pheeseq_0000008.txt,x,A,A,P,,,,,,,,,,,,,,,after,phees,2022-08-08,14-38-44,Nougatti,2022-08-08 14:38:44,14:40,6.0,Odin,14.0,xAAPnannannannannannannannannannannannannannan,AAPnannannannannannannannannannannannannannan,1,partner
after_phees_2022-08-08_14-38-44_0000083_labelled_Nougatti_pheeseq_0000024.txt,x,A,A,y,,,,,,,,,,,,,,,after,phees,2022-08-08,14-38-44,Nougatti,2022-08-08 14:38:44,14:40,6.0,Odin,15.0,xAAynannannannannannannannannannannannannannan,AAnannannannannannannannannannannannannannan,1,partner
after_phees_2022-08-08_14-38-44_0000083_labelled_Nougatti_pheeseq_0000019.txt,x,A,P,A,y,,,,,,,,,,,,,,after,phees,2022-08-08,14-38-44,Nougatti,2022-08-08 14:38:44,14:40,6.0,Odin,16.0,xAPAynannannannannannannannannannannannannan,APAnannannannannannannannannannannannannan,1,partner
after_phees_2022-08-08_14-38-44_0000083_labelled_Nougatti_pheeseq_0000025.txt,x,A,A,A,y,,,,,,,,,,,,,,after,phees,2022-08-08,14-38-44,Nougatti,2022-08-08 14:38:44,14:40,6.0,Odin,17.0,xAAAynannannannannannannannannannannannannan,AAAnannannannannannannannannannannannannan,1,partner
after_phees_2022-08-08_14-38-44_0000083_labelled_Nougatti_pheeseq_0000016.txt,x,A,A,y,,,,,,,,,,,,,,,after,phees,2022-08-08,14-38-44,Nougatti,2022-08-08 14:38:44,14:40,6.0,Odin,18.0,xAAynannannannannannannannannannannannannannan,AAnannannannannannannannannannannannannannan,1,partner
after_phees_2022-08-08_14-38-44_0000083_labelled_Nougatti_pheeseq_0000002.txt,x,A,y,,,,,,,,,,,,,,,,after,phees,2022-08-08,14-38-44,Nougatti,2022-08-08 14:38:44,14:40,6.0,Odin,19.0,xAynannannannannannannannannannannannannannannan,Anannannannannannannannannannannannannannannan,1,partner
after_trills_2022-08-08_14-38-46_0000083_labelled_Nougatti_pheeseq_0000005.txt,x,A,A,P,P,,,,,,,,,,,,,,after,trills,2022-08-08,14-38-46,Nougatti,2022-08-08 14:38:46,14:40,6.0,Odin,20.0,xAAPPnannannannannannannannannannannannannan,AAPPnannannannannannannannannannannannannan,1,partner
after_phees_2022-08-08_14-38-44_0000083_labelled_Nougatti_pheeseq_0000038.txt,S,S,A,A,A,P,,,,,,,,,,,,,after,phees,2022-08-08,14-38-44,Nougatti,2022-08-08 14:38:44,14:40,6.0,Odin,21.0,SSAAAPnannannannannannannannannannannannan,SSAAAPnannannannannannannannannannannannan,3,partner
after_trills_2022-08-08_14-38-46_0000083_labelled_Nougatti_pheeseq_0000077.txt,x,A,A,P,,,,,,,,,,,,,,,after,trills,2022-08-08,14-38-46,Nougatti,2022-08-08 14:38:46,14:40,6.0,Odin,22.0,xAAPnannannannannannannannannannannannannannan,AAPnannannannannannannannannannannannannannan,3,partner
after_trills_2022-08-08_14-38-46_0000083_labelled_Nougatti_pheeseq_0000073.txt,x,A,P,,,,,,,,,,,,,,,,after,trills,2022-08-08,14-38-46,Nougatti,2022-08-08 14:38:46,14:40,6.0,Odin,23.0,xAPnannannannannannannannannannannannannannannan,APnannannannannannannannannannannannannannannan,3,partner
after_phees_2022-08-08_13-21-22_0000080_labelled_Nougatti_pheeseq_0000050.txt,x,A,A,A,P,,,,,,,,,,,,,,after,phees,2022-08-08,13-21-22,Nougatti,2022-08-08 13:21:22,13:20,6.0,Tabor,1.0,xAAAPnannannannannannannannannannannannannan,AAAPnannannannannannannannannannannannannan,3,non-partner
after_phees_2022-08-08_13-21-22_0000080_labelled_Nougatti_phee_0000037.txt,x,A,y,,,,,,,,,,,,,,,,after,phees,2022-08-08,13-21-22,Nougatti,2022-08-08 13:21:22,13:20,6.0,Tabor,2.0,xAynannannannannannannannannannannannannannannan,Anannannannannannannannannannannannannannannan,3,non-partner
after_phees_2022-08-08_13-21-22_0000080_labelled_Nougatti_pheeseq_0000009.txt,x,A,A,A,y,,,,,,,,,,,,,,after,phees,2022-08-08,13-21-22,Nougatti,2022-08-08 13:21:22,13:20,6.0,Tabor,3.0,xAAAynannannannannannannannannannannannannan,AAAnannannannannannannannannannannannannan,1,non-partner
after_phees_2022-08-08_13-21-22_0000080_labelled_Nougatti_pheeseq_0000021.txt,x,A,A,A,P,P,P,,,,,,,,,,,,after,phees,2022-08-08,13-21-22,Nougatti,2022-08-08 13:21:22,13:20,6.0,Tabor,4.0,xAAAPPPnannannannannannannannannannannan,AAAPPPnannannannannannannannannannannan,1,non-partner
after_phees_2022-08-08_13-21-22_0000080_labelled_Nougatti_phee_0000047.txt,x,A,y,,,,,,,,,,,,,,,,after,phees,2022-08-08,13-21-22,Nougatti,2022-08-08 13:21:22,13:20,6.0,Tabor,5.0,xAynannannannannannannannannannannannannannannan,Anannannannannannannannannannannannannannannan,3,non-partner
after_phees_2022-08-08_13-21-22_0000080_labelled_Nougatti_pheeseq_0000020.txt,x,A,A,A,y,,,,,,,,,,,,,,after,phees,2022-08-08,13-21-22,Nougatti,2022-08-08 13:21:22,13:20,6.0,Tabor,6.0,xAAAynannannannannannannannannannannannannan,AAAnannannannannannannannannannannannannan,1,non-partner
after_phees_2022-08-08_13-21-22_0000080_labelled_Nougatti_phee_0000044.txt,x,A,A,K,,,,,,,,,,,,,,,after,phees,2022-08-08,13-21-22,Nougatti,2022-08-08 13:21:22,13:20,6.0,Tabor,7.0,xAAKnannannannannannannannannannannannannannan,AAKnannannannannannannannannannannannannannan,3,non-partner
after_phees_2022-08-08_13-21-22_0000080_labelled_Nougatti_pheeseq_0000022.txt,x,A,A,S,,,,,,,,,,,,,,,after,phees,2022-08-08,13-21-22,Nougatti,2022-08-08 13:21:22,13:20,6.0,Tabor,8.0,xAASnannannannannannannannannannannannannannan,AASnannannannannannannannannannannannannannan,1,non-partner
after_phees_2022-08-08_13-21-22_0000080_labelled_Nougatti_pheeseq_0000023.txt,x,A,P,A,y,,,,,,,,,,,,,,after,phees,2022-08-08,13-21-22,Nougatti,2022-08-08 13:21:22,13:20,6.0,Tabor,9.0,xAPAynannannannannannannannannannannannannan,APAnannannannannannannannannannannannannan,1,non-partner
after_phees_2022-08-08_13-21-22_0000080_labelled_Nougatti_phee_0000045.txt,x,A,A,y,,,,,,,,,,,,,,,after,phees,2022-08-08,13-21-22,Nougatti,2022-08-08 13:21:22,13:20,6.0,Tabor,10.0,xAAynannannannannannannannannannannannannannan,AAnannannannannannannannannannannannannannan,3,non-partner
after_phees_2022-08-08_13-21-22_0000080_labelled_Nougatti_phee_0000041.txt,x,A,A,K,,,,,,,,,,,,,,,after,phees,2022-08-08,13-21-22,Nougatti,2022-08-08 13:21:22,13:20,6.0,Tabor,11.0,xAAKnannannannannannannannannannannannannannan,AAKnannannannannannannannannannannannannannan,3,non-partner
after_phees_2022-08-08_13-21-22_0000080_labelled_Nougatti_pheeseq_0000033.txt,x,A,A,y,,,,,,,,,,,,,,,after,phees,2022-08-08,13-21-22,Nougatti,2022-08-08 13:21:22,13:20,6.0,Tabor,12.0,xAAynannannannannannannannannannannannannannan,AAnannannannannannannannannannannannannannan,3,non-partner
after_phees_2022-08-08_13-21-22_0000080_labelled_Nougatti_pheeseq_0000032.txt,x,A,A,y,,,,,,,,,,,,,,,after,phees,2022-08-08,13-21-22,Nougatti,2022-08-08 13:21:22,13:20,6.0,Tabor,13.0,xAAynannannannannannannannannannannannannannan,AAnannannannannannannannannannannannannannan,3,non-partner
after_phees_2022-08-08_13-21-22_0000080_labelled_Nougatti_phee_0000040.txt,x,A,A,y,,,,,,,,,,,,,,,after,phees,2022-08-08,13-21-22,Nougatti,2022-08-08 13:21:22,13:20,6.0,Tabor,14.0,xAAynannannannannannannannannannannannannannan,AAnannannannannannannannannannannannannannan,3,non-partner
after_phees_2022-08-08_13-21-22_0000080_labelled_Nougatti_pheeseq_0000024.txt,x,A,A,y,,,,,,,,,,,,,,,after,phees,2022-08-08,13-21-22,Nougatti,2022-08-08 13:21:22,13:20,6.0,Tabor,15.0,xAAynannannannannannannannannannannannannannan,AAnannannannannannannannannannannannannannan,1,non-partner
after_phees_2022-08-08_13-21-22_0000080_labelled_Nougatti_phee_0000042.txt,x,A,P,A,y,,,,,,,,,,,,,,after,phees,2022-08-08,13-21-22,Nougatti,2022-08-08 13:21:22,13:20,6.0,Tabor,16.0,xAPAynannannannannannannannannannannannannan,APAnannannannannannannannannannannannannan,3,non-partner
after_phees_2022-08-08_13-21-22_0000080_labelled_Nougatti_pheeseq_0000019.txt,x,A,A,A,P,P,,,,,,,,,,,,,after,phees,2022-08-08,13-21-22,Nougatti,2022-08-08 13:21:22,13:20,6.0,Tabor,17.0,xAAAPPnannannannannannannannannannannannan,AAAPPnannannannannannannannannannannannan,1,non-partner
after_phees_2022-08-08_13-21-22_0000080_labelled_Nougatti_phee_0000043.txt,x,P,A,K,,,,,,,,,,,,,,,after,phees,2022-08-08,13-21-22,Nougatti,2022-08-08 13:21:22,13:20,6.0,Tabor,18.0,xPAKnannannannannannannannannannannannannannan,PAKnannannannannannannannannannannannannannan,3,non-partner
after_phees_2022-08-08_13-21-22_0000080_labelled_Nougatti_pheeseq_0000003.txt,x,A,y,,,,,,,,,,,,,,,,after,phees,2022-08-08,13-21-22,Nougatti,2022-08-08 13:21:22,13:20,6.0,Tabor,20.0,xAynannannannannannannannannannannannannannannan,Anannannannannannannannannannannannannannannan,1,non-partner
after_phees_2022-08-08_13-21-22_0000080_labelled_Nougatti_pheeseq_0000005.txt,x,A,P,A,y,,,,,,,,,,,,,,after,phees,2022-08-08,13-21-22,Nougatti,2022-08-08 13:21:22,13:20,6.0,Tabor,21.0,xAPAynannannannannannannannannannannannannan,APAnannannannannannannannannannannannannan,1,non-partner
after_phees_2022-08-08_13-21-22_0000080_labelled_Nougatti_pheeseq_0000010.txt,x,A,P,A,A,y,,,,,,,,,,,,,after,phees,2022-08-08,13-21-22,Nougatti,2022-08-08 13:21:22,13:20,6.0,Tabor,22.0,xAPAAynannannannannannannannannannannannan,APAAnannannannannannannannannannannannan,1,non-partner
after_phees_2022-08-08_13-21-22_0000080_labelled_Nougatti_phee_0000039.txt,x,A,A,y,,,,,,,,,,,,,,,after,phees,2022-08-08,13-21-22,Nougatti,2022-08-08 13:21:22,13:20,6.0,Tabor,23.0,xAAynannannannannannannannannannannannannannan,AAnannannannannannannannannannannannannannan,3,non-partner
after_phees_2022-08-08_13-21-22_0000080_labelled_Nougatti_phee_0000038.txt,x,A,A,y,,,,,,,,,,,,,,,after,phees,2022-08-08,13-21-22,Nougatti,2022-08-08 13:21:22,13:20,6.0,Tabor,24.0,xAAynannannannannannannannannannannannannannan,AAnannannannannannannannannannannannannannan,3,non-partner
after_phees_2022-08-08_13-21-22_0000080_labelled_Nougatti_pheeseq_0000048.txt,x,A,A,y,,,,,,,,,,,,,,,after,phees,2022-08-08,13-21-22,Nougatti,2022-08-08 13:21:22,13:20,6.0,Tabor,25.0,xAAynannannannannannannannannannannannannannan,AAnannannannannannannannannannannannannannan,3,non-partner
after_phees_2022-08-08_13-21-22_0000080_labelled_Nougatti_pheeseq_0000049.txt,x,A,A,K,,,,,,,,,,,,,,,after,phees,2022-08-08,13-21-22,Nougatti,2022-08-08 13:21:22,13:20,6.0,Tabor,26.0,xAAKnannannannannannannannannannannannannannan,AAKnannannannannannannannannannannannannannan,3,non-partner
after_phees_2022-08-08_15-04-09_0000084_labelled_Nougatti_phee_0000002.txt,x,A,y,,,,,,,,,,,,,,,,after,phees,2022-08-08,15-04-09,Nougatti,2022-08-08 15:04:09,15:05,6.0,Wuschel,1.0,xAynannannannannannannannannannannannannannannan,Anannannannannannannannannannannannannannannan,1,non-partner
after_phees_2022-08-08_15-04-09_0000084_labelled_Nougatti_phee_0000004.txt,x,A,y,,,,,,,,,,,,,,,,after,phees,2022-08-08,15-04-09,Nougatti,2022-08-08 15:04:09,15:05,6.0,Wuschel,2.0,xAynannannannannannannannannannannannannannannan,Anannannannannannannannannannannannannannannan,1,non-partner
after_phees_2022-08-08_15-04-09_0000084_labelled_Nougatti_pheeseq_0000009.txt,x,A,A,y,,,,,,,,,,,,,,,after,phees,2022-08-08,15-04-09,Nougatti,2022-08-08 15:04:09,15:05,6.0,Wuschel,3.0,xAAynannannannannannannannannannannannannannan,AAnannannannannannannannannannannannannannan,1,non-partner
after_phees_2022-08-08_15-04-09_0000084_labelled_Nougatti_pheeseq_0000008.txt,x,A,P,A,A,P,,,,,,,,,,,,,after,phees,2022-08-08,15-04-09,Nougatti,2022-08-08 15:04:09,15:05,6.0,Wuschel,4.0,xAPAAPnannannannannannannannannannannannan,APAAPnannannannannannannannannannannannan,1,non-partner
after_phees_2022-08-08_15-04-09_0000084_labelled_Nougatti_pheeseq_0000030.txt,x,A,A,y,,,,,,,,,,,,,,,after,phees,2022-08-08,15-04-09,Nougatti,2022-08-08 15:04:09,15:05,6.0,Wuschel,5.0,xAAynannannannannannannannannannannannannannan,AAnannannannannannannannannannannannannannan,3,non-partner
after_phees_2022-08-08_15-04-09_0000084_labelled_Nougatti_pheeseq_0000031.txt,x,A,A,y,,,,,,,,,,,,,,,after,phees,2022-08-08,15-04-09,Nougatti,2022-08-08 15:04:09,15:05,6.0,Wuschel,6.0,xAAynannannannannannannannannannannannannannan,AAnannannannannannannannannannannannannannan,3,non-partner
after_phees_2022-08-08_15-04-09_0000084_labelled_Nougatti_pheeseq_0000027.txt,x,A,A,y,,,,,,,,,,,,,,,after,phees,2022-08-08,15-04-09,Nougatti,2022-08-08 15:04:09,15:05,6.0,Wuschel,7.0,xAAynannannannannannannannannannannannannannan,AAnannannannannannannannannannannannannannan,3,non-partner
after_phees_2022-08-08_15-04-09_0000084_labelled_Nougatti_pheeseq_0000033.txt,x,A,A,A,P,P,,,,,,,,,,,,,after,phees,2022-08-08,15-04-09,Nougatti,2022-08-08 15:04:09,15:05,6.0,Wuschel,8.0,xAAAPPnannannannannannannannannannannannan,AAAPPnannannannannannannannannannannannan,3,non-partner
after_phees_2022-08-08_15-04-09_0000084_labelled_Nougatti_pheeseq_0000032.txt,x,A,A,P,,,,,,,,,,,,,,,after,phees,2022-08-08,15-04-09,Nougatti,2022-08-08 15:04:09,15:05,6.0,Wuschel,9.0,xAAPnannannannannannannannannannannannannannan,AAPnannannannannannannannannannannannannannan,3,non-partner
after_phees_2022-08-08_15-04-09_0000084_labelled_Nougatti_pheeseq_0000026.txt,x,A,A,y,,,,,,,,,,,,,,,after,phees,2022-08-08,15-04-09,Nougatti,2022-08-08 15:04:09,15:05,6.0,Wuschel,10.0,xAAynannannannannannannannannannannannannannan,AAnannannannannannannannannannannannannannan,3,non-partner
after_phees_2022-08-08_15-04-09_0000084_labelled_Nougatti_pheeseq_0000028.txt,x,A,A,y,,,,,,,,,,,,,,,after,phees,2022-08-08,15-04-09,Nougatti,2022-08-08 15:04:09,15:05,6.0,Wuschel,11.0,xAAynannannannannannannannannannannannannannan,AAnannannannannannannannannannannannannannan,3,non-partner
after_phees_2022-08-08_15-04-09_0000084_labelled_Nougatti_pheeseq_0000029.txt,x,A,A,y,,,,,,,,,,,,,,,after,phees,2022-08-08,15-04-09,Nougatti,2022-08-08 15:04:09,15:05,6.0,Wuschel,12.0,xAAynannannannannannannannannannannannannannan,AAnannannannannannannannannannannannannannan,3,non-partner
after_phees_2022-08-08_15-04-09_0000084_labelled_Nougatti_pheeseq_0000011.txt,x,A,A,y,,,,,,,,,,,,,,,after,phees,2022-08-08,15-04-09,Nougatti,2022-08-08 15:04:09,15:05,6.0,Wuschel,13.0,xAAynannannannannannannannannannannannannannan,AAnannannannannannannannannannannannannannan,1,non-partner
after_phees_2022-08-08_15-04-09_0000084_labelled_Nougatti_pheeseq_0000005.txt,x,A,P,A,y,,,,,,,,,,,,,,after,phees,2022-08-08,15-04-09,Nougatti,2022-08-08 15:04:09,15:05,6.0,Wuschel,14.0,xAPAynannannannannannannannannannannannannan,APAnannannannannannannannannannannannannan,1,non-partner
after_phees_2022-08-08_15-04-09_0000084_labelled_Nougatti_pheeseq_0000010.txt,x,A,A,y,,,,,,,,,,,,,,,after,phees,2022-08-08,15-04-09,Nougatti,2022-08-08 15:04:09,15:05,6.0,Wuschel,15.0,xAAynannannannannannannannannannannannannannan,AAnannannannannannannannannannannannannannan,1,non-partner
after_phees_2022-08-08_15-04-09_0000084_labelled_Nougatti_pheeseq_0000006.txt,x,A,A,y,,,,,,,,,,,,,,,after,phees,2022-08-08,15-04-09,Nougatti,2022-08-08 15:04:09,15:05,6.0,Wuschel,16.0,xAAynannannannannannannannannannannannannannan,AAnannannannannannannannannannannannannannan,1,non-partner
after_trills_2022-08-08_15-04-10_0000084_labelled_Nougatti_pheeseq_0000005.txt,x,A,P,,,,,,,,,,,,,,,,after,trills,2022-08-08,15-04-10,Nougatti,2022-08-08 15:04:10,15:05,6.0,Wuschel,17.0,xAPnannannannannannannannannannannannannannannan,APnannannannannannannannannannannannannannannan,1,non-partner
after_phees_2022-08-08_15-04-09_0000084_labelled_Nougatti_pheeseq_0000007.txt,x,A,P,A,y,,,,,,,,,,,,,,after,phees,2022-08-08,15-04-09,Nougatti,2022-08-08 15:04:09,15:05,6.0,Wuschel,18.0,xAPAynannannannannannannannannannannannannan,APAnannannannannannannannannannannannannan,1,non-partner
after_trills_2022-08-08_15-04-10_0000084_labelled_Nougatti_phee_0000004.txt,x,A,y,,,,,,,,,,,,,,,,after,trills,2022-08-08,15-04-10,Nougatti,2022-08-08 15:04:10,15:05,6.0,Wuschel,19.0,xAynannannannannannannannannannannannannannannan,Anannannannannannannannannannannannannannannan,1,non-partner
after_phees_2022-08-08_15-04-09_0000084_labelled_Nougatti_phee_0000025.txt,x,A,y,,,,,,,,,,,,,,,,after,phees,2022-08-08,15-04-09,Nougatti,2022-08-08 15:04:09,15:05,6.0,Wuschel,20.0,xAynannannannannannannannannannannannannannannan,Anannannannannannannannannannannannannannannan,3,non-partner
after_phees_2022-08-08_15-04-09_0000084_labelled_Nougatti_phee_0000024.txt,x,A,y,,,,,,,,,,,,,,,,after,phees,2022-08-08,15-04-09,Nougatti,2022-08-08 15:04:09,15:05,6.0,Wuschel,22.0,xAynannannannannannannannannannannannannannannan,Anannannannannannannannannannannannannannannan,3,non-partner
after_phees_2022-08-08_11-24-26_0000079_labelled_Odin_pheeseq_0000016.txt,x,A,A,A,y,,,,,,,,,,,,,,after,phees,2022-08-08,11-24-26,Odin,2022-08-08 11:24:26,11:25,6.0,Lola,1.0,xAAAynannannannannannannannannannannannannan,AAAnannannannannannannannannannannannannan,1,non-partner
after_phees_2022-08-08_11-24-26_0000079_labelled_Odin_pheeseq_0000002.txt,x,A,P,,,,,,,,,,,,,,,,after,phees,2022-08-08,11-24-26,Odin,2022-08-08 11:24:26,11:25,6.0,Lola,2.0,xAPnannannannannannannannannannannannannannannan,APnannannannannannannannannannannannannannannan,1,non-partner
after_phees_2022-08-08_11-24-26_0000079_labelled_Odin_pheeseq_0000003.txt,x,A,A,A,y,,,,,,,,,,,,,,after,phees,2022-08-08,11-24-26,Odin,2022-08-08 11:24:26,11:25,6.0,Lola,3.0,xAAAynannannannannannannannannannannannannan,AAAnannannannannannannannannannannannannan,1,non-partner
after_phees_2022-08-08_11-24-26_0000079_labelled_Odin_pheeseq_0000029.txt,x,A,K,K,K,T,S,,,,,,,,,,,,after,phees,2022-08-08,11-24-26,Odin,2022-08-08 11:24:26,11:25,6.0,Lola,4.0,xAKKKTSnannannannannannannannannannannan,AKKKTSnannannannannannannannannannannan,1,non-partner
after_phees_2022-08-08_11-24-26_0000079_labelled_Odin_pheeseq_0000004.txt,x,A,P,P,,,,,,,,,,,,,,,after,phees,2022-08-08,11-24-26,Odin,2022-08-08 11:24:26,11:25,6.0,Lola,5.0,xAPPnannannannannannannannannannannannannannan,APPnannannannannannannannannannannannannannan,1,non-partner
after_phees_2022-08-08_11-24-26_0000079_labelled_Odin_pheeseq_0000061.txt,x,A,A,A,y,,,,,,,,,,,,,,after,phees,2022-08-08,11-24-26,Odin,2022-08-08 11:24:26,11:25,6.0,Lola,6.0,xAAAynannannannannannannannannannannannannan,AAAnannannannannannannannannannannannannan,3,non-partner
after_phees_2022-08-08_11-24-26_0000079_labelled_Odin_pheeseq_0000065.txt,x,R,A,y,,,,,,,,,,,,,,,after,phees,2022-08-08,11-24-26,Odin,2022-08-08 11:24:26,11:25,6.0,Lola,7.0,xRAynannannannannannannannannannannannannannan,RAnannannannannannannannannannannannannannan,3,non-partner
after_phees_2022-08-08_11-24-26_0000079_labelled_Odin_pheeseq_0000055.txt,x,A,A,y,,,,,,,,,,,,,,,after,phees,2022-08-08,11-24-26,Odin,2022-08-08 11:24:26,11:25,6.0,Lola,8.0,xAAynannannannannannannannannannannannannannan,AAnannannannannannannannannannannannannannan,3,non-partner
after_phees_2022-08-08_11-24-26_0000079_labelled_Odin_pheeseq_0000052.txt,x,A,A,A,A,y,,,,,,,,,,,,,after,phees,2022-08-08,11-24-26,Odin,2022-08-08 11:24:26,11:25,6.0,Lola,10.0,xAAAAynannannannannannannannannannannannan,AAAAnannannannannannannannannannannannan,3,non-partner
after_phees_2022-08-08_11-24-26_0000079_labelled_Odin_phee_0000054.txt,x,A,y,,,,,,,,,,,,,,,,after,phees,2022-08-08,11-24-26,Odin,2022-08-08 11:24:26,11:25,6.0,Lola,11.0,xAynannannannannannannannannannannannannannannan,Anannannannannannannannannannannannannannannan,3,non-partner
after_phees_2022-08-08_11-24-26_0000079_labelled_Odin_pheeseq_0000051.txt,x,A,A,A,y,,,,,,,,,,,,,,after,phees,2022-08-08,11-24-26,Odin,2022-08-08 11:24:26,11:25,6.0,Lola,12.0,xAAAynannannannannannannannannannannannannan,AAAnannannannannannannannannannannannannan,3,non-partner
after_phees_2022-08-08_11-24-26_0000079_labelled_Odin_pheeseq_0000037.txt,x,A,A,A,P,P,P,,,,,,,,,,,,after,phees,2022-08-08,11-24-26,Odin,2022-08-08 11:24:26,11:25,6.0,Lola,13.0,xAAAPPPnannannannannannannannannannannan,AAAPPPnannannannannannannannannannannan,1,non-partner
after_phees_2022-08-08_11-24-26_0000079_labelled_Odin_pheeseq_0000034.txt,x,A,P,P,A,A,y,,,,,,,,,,,,after,phees,2022-08-08,11-24-26,Odin,2022-08-08 11:24:26,11:25,6.0,Lola,14.0,xAPPAAynannannannannannannannannannannan,APPAAnannannannannannannannannannannan,1,non-partner
after_phees_2022-08-08_11-24-26_0000079_labelled_Odin_pheeseq_0000025.txt,x,A,P,A,A,A,A,y,,,,,,,,,,,after,phees,2022-08-08,11-24-26,Odin,2022-08-08 11:24:26,11:25,6.0,Lola,15.0,xAPAAAAynannannannannannannannannannan,APAAAAnannannannannannannannannannan,1,non-partner
after_phees_2022-08-08_11-24-26_0000079_labelled_Odin_pheeseq_0000031.txt,x,A,P,A,A,P,P,A,y,,,,,,,,,,after,phees,2022-08-08,11-24-26,Odin,2022-08-08 11:24:26,11:25,6.0,Lola,16.0,xAPAAPPAynannannannannannannannannan,APAAPPAnannannannannannannannannan,1,non-partner
after_phees_2022-08-08_11-24-26_0000079_labelled_Odin_phee_0000036.txt,x,A,y,,,,,,,,,,,,,,,,after,phees,2022-08-08,11-24-26,Odin,2022-08-08 11:24:26,11:25,6.0,Lola,17.0,xAynannannannannannannannannannannannannannannan,Anannannannannannannannannannannannannannannan,1,non-partner
after_phees_2022-08-08_11-24-26_0000079_labelled_Odin_pheeseq_0000018.txt,x,A,P,A,A,A,y,,,,,,,,,,,,after,phees,2022-08-08,11-24-26,Odin,2022-08-08 11:24:26,11:25,6.0,Lola,18.0,xAPAAAynannannannannannannannannannannan,APAAAnannannannannannannannannannannan,1,non-partner
after_phees_2022-08-08_11-24-26_0000079_labelled_Odin_pheeseq_0000030.txt,x,A,P,,,,,,,,,,,,,,,,after,phees,2022-08-08,11-24-26,Odin,2022-08-08 11:24:26,11:25,6.0,Lola,19.0,xAPnannannannannannannannannannannannannannannan,APnannannannannannannannannannannannannannannan,1,non-partner
after_phees_2022-08-08_11-24-26_0000079_labelled_Odin_pheeseq_0000032.txt,x,A,y,,,,,,,,,,,,,,,,after,phees,2022-08-08,11-24-26,Odin,2022-08-08 11:24:26,11:25,6.0,Lola,20.0,xAynannannannannannannannannannannannannannannan,Anannannannannannannannannannannannannannannan,1,non-partner
after_phees_2022-08-08_11-24-26_0000079_labelled_Odin_pheeseq_0000027.txt,x,A,P,,,,,,,,,,,,,,,,after,phees,2022-08-08,11-24-26,Odin,2022-08-08 11:24:26,11:25,6.0,Lola,21.0,xAPnannannannannannannannannannannannannannannan,APnannannannannannannannannannannannannannannan,1,non-partner
after_phees_2022-08-08_11-24-26_0000079_labelled_Odin_pheeseq_0000033.txt,x,A,A,A,A,y,,,,,,,,,,,,,after,phees,2022-08-08,11-24-26,Odin,2022-08-08 11:24:26,11:25,6.0,Lola,22.0,xAAAAynannannannannannannannannannannannan,AAAAnannannannannannannannannannannannan,1,non-partner
after_trills_2022-08-08_14-38-46_0000083_labelled_Odin_pheeseq_0000067.txt,x,A,P,,,,,,,,,,,,,,,,after,trills,2022-08-08,14-38-46,Odin,2022-08-08 14:38:46,14:40,6.0,Nougatti,1.0,xAPnannannannannannannannannannannannannannannan,APnannannannannannannannannannannannannannannan,3,partner
after_trills_2022-08-08_14-38-46_0000083_labelled_Odin_pheeseq_0000069.txt,P,A,P,,,,,,,,,,,,,,,,after,trills,2022-08-08,14-38-46,Odin,2022-08-08 14:38:46,14:40,6.0,Nougatti,2.0,PAPnannannannannannannannannannannannannannannan,PAPnannannannannannannannannannannannannannannan,3,partner
after_phees_2022-08-08_14-38-44_0000083_labelled_Odin_phee_0000014.txt,x,A,y,,,,,,,,,,,,,,,,after,phees,2022-08-08,14-38-44,Odin,2022-08-08 14:38:44,14:40,6.0,Nougatti,4.0,xAynannannannannannannannannannannannannannannan,Anannannannannannannannannannannannannannannan,1,partner
after_phees_2022-08-08_14-12-29_0000082_labelled_Odin_pheeseq_0000024.txt,x,P,A,A,A,K,,,,,,,,,,,,,after,phees,2022-08-08,14-12-29,Odin,2022-08-08 14:12:29,14:15,5.0,Olympia,2.0,xPAAAKnannannannannannannannannannannannan,PAAAKnannannannannannannannannannannannan,1,non-partner
after_phees_2022-08-08_14-12-29_0000082_labelled_Odin_pheeseq_0000025.txt,x,A,P,A,P,A,A,y,,,,,,,,,,,after,phees,2022-08-08,14-12-29,Odin,2022-08-08 14:12:29,14:15,5.0,Olympia,3.0,xAPAPAAynannannannannannannannannannan,APAPAAnannannannannannannannannannan,1,non-partner
after_phees_2022-08-08_14-12-29_0000082_labelled_Odin_pheeseq_0000035.txt,x,A,A,A,y,,,,,,,,,,,,,,after,phees,2022-08-08,14-12-29,Odin,2022-08-08 14:12:29,14:15,5.0,Olympia,4.0,xAAAynannannannannannannannannannannannannan,AAAnannannannannannannannannannannannannan,3,non-partner
after_phees_2022-08-08_14-12-29_0000082_labelled_Odin_pheeseq_0000021.txt,x,A,A,A,y,,,,,,,,,,,,,,after,phees,2022-08-08,14-12-29,Odin,2022-08-08 14:12:29,14:15,5.0,Olympia,5.0,xAAAynannannannannannannannannannannannannan,AAAnannannannannannannannannannannannannan,1,non-partner
after_phees_2022-08-08_14-12-29_0000082_labelled_Odin_pheeseq_0000020.txt,x,A,A,A,A,A,y,,,,,,,,,,,,after,phees,2022-08-08,14-12-29,Odin,2022-08-08 14:12:29,14:15,5.0,Olympia,6.0,xAAAAAynannannannannannannannannannannan,AAAAAnannannannannannannannannannannan,1,non-partner
after_phees_2022-08-08_14-12-29_0000082_labelled_Odin_pheeseq_0000008.txt,x,A,P,A,A,A,y,,,,,,,,,,,,after,phees,2022-08-08,14-12-29,Odin,2022-08-08 14:12:29,14:15,5.0,Olympia,7.0,xAPAAAynannannannannannannannannannannan,APAAAnannannannannannannannannannannan,1,non-partner
after_phees_2022-08-08_14-12-29_0000082_labelled_Odin_pheeseq_0000037.txt,x,A,P,A,A,y,,,,,,,,,,,,,after,phees,2022-08-08,14-12-29,Odin,2022-08-08 14:12:29,14:15,5.0,Olympia,8.0,xAPAAynannannannannannannannannannannannan,APAAnannannannannannannannannannannannan,3,non-partner
after_phees_2022-08-08_14-12-29_0000082_labelled_Odin_pheeseq_0000023.txt,x,A,P,A,A,A,y,,,,,,,,,,,,after,phees,2022-08-08,14-12-29,Odin,2022-08-08 14:12:29,14:15,5.0,Olympia,9.0,xAPAAAynannannannannannannannannannannan,APAAAnannannannannannannannannannannan,1,non-partner
after_phees_2022-08-08_14-12-29_0000082_labelled_Odin_pheeseq_0000044.txt,x,A,A,A,A,y,,,,,,,,,,,,,after,phees,2022-08-08,14-12-29,Odin,2022-08-08 14:12:29,14:15,5.0,Olympia,10.0,xAAAAynannannannannannannannannannannannan,AAAAnannannannannannannannannannannannan,3,non-partner
after_phees_2022-08-08_14-12-29_0000082_labelled_Odin_pheeseq_0000045.txt,x,A,P,P,A,A,A,P,P,P,S,,,,,,,,after,phees,2022-08-08,14-12-29,Odin,2022-08-08 14:12:29,14:15,5.0,Olympia,11.0,xAPPAAAPPPSnannannannannannannan,APPAAAPPPSnannannannannannannan,3,non-partner
after_phees_2022-08-08_14-12-29_0000082_labelled_Odin_pheeseq_0000047.txt,x,P,P,A,A,y,,,,,,,,,,,,,after,phees,2022-08-08,14-12-29,Odin,2022-08-08 14:12:29,14:15,5.0,Olympia,12.0,xPPAAynannannannannannannannannannannannan,PPAAnannannannannannannannannannannannan,3,non-partner
after_phees_2022-08-08_14-12-29_0000082_labelled_Odin_pheeseq_0000046.txt,x,A,P,A,A,A,y,,,,,,,,,,,,after,phees,2022-08-08,14-12-29,Odin,2022-08-08 14:12:29,14:15,5.0,Olympia,13.0,xAPAAAynannannannannannannannannannannan,APAAAnannannannannannannannannannannan,3,non-partner
after_phees_2022-08-08_14-12-29_0000082_labelled_Odin_pheeseq_0000043.txt,x,A,P,A,y,,,,,,,,,,,,,,after,phees,2022-08-08,14-12-29,Odin,2022-08-08 14:12:29,14:15,5.0,Olympia,14.0,xAPAynannannannannannannannannannannannannan,APAnannannannannannannannannannannannannan,3,non-partner
after_phees_2022-08-08_14-12-29_0000082_labelled_Odin_pheeseq_0000041.txt,x,R,A,A,y,,,,,,,,,,,,,,after,phees,2022-08-08,14-12-29,Odin,2022-08-08 14:12:29,14:15,5.0,Olympia,15.0,xRAAynannannannannannannannannannannannannan,RAAnannannannannannannannannannannannannan,3,non-partner
after_phees_2022-08-08_14-12-29_0000082_labelled_Odin_pheeseq_0000006.txt,x,A,P,A,A,A,y,,,,,,,,,,,,after,phees,2022-08-08,14-12-29,Odin,2022-08-08 14:12:29,14:15,5.0,Olympia,16.0,xAPAAAynannannannannannannannannannannan,APAAAnannannannannannannannannannannan,1,non-partner
after_phees_2022-08-08_14-12-29_0000082_labelled_Odin_pheeseq_0000007.txt,x,A,P,P,A,A,A,y,,,,,,,,,,,after,phees,2022-08-08,14-12-29,Odin,2022-08-08 14:12:29,14:15,5.0,Olympia,17.0,xAPPAAAynannannannannannannannannannan,APPAAAnannannannannannannannannannan,1,non-partner
after_phees_2022-08-08_14-12-29_0000082_labelled_Odin_pheeseq_0000039.txt,x,A,P,P,P,A,A,y,,,,,,,,,,,after,phees,2022-08-08,14-12-29,Odin,2022-08-08 14:12:29,14:15,5.0,Olympia,18.0,xAPPPAAynannannannannannannannannannan,APPPAAnannannannannannannannannannan,3,non-partner
after_phees_2022-08-08_14-12-29_0000082_labelled_Odin_pheeseq_0000038.txt,x,A,P,A,A,A,y,,,,,,,,,,,,after,phees,2022-08-08,14-12-29,Odin,2022-08-08 14:12:29,14:15,5.0,Olympia,19.0,xAPAAAynannannannannannannannannannannan,APAAAnannannannannannannannannannannan,3,non-partner
after_phees_2022-08-08_14-12-29_0000082_labelled_Odin_pheeseq_0000004.txt,x,A,A,A,y,,,,,,,,,,,,,,after,phees,2022-08-08,14-12-29,Odin,2022-08-08 14:12:29,14:15,5.0,Olympia,20.0,xAAAynannannannannannannannannannannannannan,AAAnannannannannannannannannannannannannan,1,non-partner
after_phees_2022-08-08_14-12-29_0000082_labelled_Odin_phee_0000003.txt,x,A,y,,,,,,,,,,,,,,,,after,phees,2022-08-08,14-12-29,Odin,2022-08-08 14:12:29,14:15,5.0,Olympia,22.0,xAynannannannannannannannannannannannannannannan,Anannannannannannannannannannannannannannannan,1,non-partner
after_phees_2022-08-08_14-12-29_0000082_labelled_Odin_phee_0000016.txt,x,A,y,,,,,,,,,,,,,,,,after,phees,2022-08-08,14-12-29,Odin,2022-08-08 14:12:29,14:15,5.0,Olympia,23.0,xAynannannannannannannannannannannannannannannan,Anannannannannannannannannannannannannannannan,1,non-partner
after_phees_2022-08-08_14-12-29_0000082_labelled_Odin_pheeseq_0000017.txt,x,A,A,A,y,,,,,,,,,,,,,,after,phees,2022-08-08,14-12-29,Odin,2022-08-08 14:12:29,14:15,5.0,Olympia,24.0,xAAAynannannannannannannannannannannannannan,AAAnannannannannannannannannannannannannan,1,non-partner
after_phees_2022-08-08_14-12-29_0000082_labelled_Olympia_pheeseq_0000048.txt,x,A,A,y,,,,,,,,,,,,,,,after,phees,2022-08-08,14-12-29,Olympia,2022-08-08 14:12:29,14:15,5.0,Odin,1.0,xAAynannannannannannannannannannannannannannan,AAnannannannannannannannannannannannannannan,3,non-partner
after_phees_2022-08-08_13-47-33_0000081_labelled_Olympia_pheeseq_0000017.txt,x,A,A,y,,,,,,,,,,,,,,,after,phees,2022-08-08,13-47-33,Olympia,2022-08-08 13:47:33,13:45,6.0,Tabor,1.0,xAAynannannannannannannannannannannannannannan,AAnannannannannannannannannannannannannannan,3,non-partner
after_phees_2022-08-08_13-47-33_0000081_labelled_Olympia_pheeseq_0000011.txt,x,A,A,y,,,,,,,,,,,,,,,after,phees,2022-08-08,13-47-33,Olympia,2022-08-08 13:47:33,13:45,6.0,Tabor,3.0,xAAynannannannannannannannannannannannannannan,AAnannannannannannannannannannannannannannan,1,non-partner
after_phees_2022-08-08_10-34-29_0000077_labelled_Olympia_pheeseq_0000002.txt,x,A,y,,,,,,,,,,,,,,,,after,phees,2022-08-08,10-34-29,Olympia,2022-08-08 10:34:29,10:35,5.0,Wuschel,1.0,xAynannannannannannannannannannannannannannannan,Anannannannannannannannannannannannannannannan,1,partner
after_phees_2022-08-08_10-34-29_0000077_labelled_Olympia_pheeseq_0000017.txt,x,A,A,y,,,,,,,,,,,,,,,after,phees,2022-08-08,10-34-29,Olympia,2022-08-08 10:34:29,10:35,5.0,Wuschel,2.0,xAAynannannannannannannannannannannannannannan,AAnannannannannannannannannannannannannannan,3,partner
after_phees_2022-08-08_10-34-29_0000077_labelled_Olympia_pheeseq_0000009.txt,x,A,y,,,,,,,,,,,,,,,,after,phees,2022-08-08,10-34-29,Olympia,2022-08-08 10:34:29,10:35,5.0,Wuschel,5.0,xAynannannannannannannannannannannannannannannan,Anannannannannannannannannannannannannannannan,1,partner
after_phees_2022-08-08_13-21-22_0000080_labelled_Tabor_pheeseq_0000046.txt,x,A,A,A,A,P,,,,,,,,,,,,,after,phees,2022-08-08,13-21-22,Tabor,2022-08-08 13:21:22,13:20,6.0,Nougatti,1.0,xAAAAPnannannannannannannannannannannannan,AAAAPnannannannannannannannannannannannan,3,non-partner
after_phees_2022-08-08_13-21-22_0000080_labelled_Tabor_pheeseq_0000036.txt,x,A,A,A,y,,,,,,,,,,,,,,after,phees,2022-08-08,13-21-22,Tabor,2022-08-08 13:21:22,13:20,6.0,Nougatti,2.0,xAAAynannannannannannannannannannannannannan,AAAnannannannannannannannannannannannannan,3,non-partner
after_phees_2022-08-08_13-21-22_0000080_labelled_Tabor_pheeseq_0000017.txt,x,A,P,A,A,A,y,,,,,,,,,,,,after,phees,2022-08-08,13-21-22,Tabor,2022-08-08 13:21:22,13:20,6.0,Nougatti,3.0,xAPAAAynannannannannannannannannannannan,APAAAnannannannannannannannannannannan,1,non-partner
after_phees_2022-08-08_13-21-22_0000080_labelled_Tabor_pheeseq_0000002.txt,x,A,A,A,P,P,,,,,,,,,,,,,after,phees,2022-08-08,13-21-22,Tabor,2022-08-08 13:21:22,13:20,6.0,Nougatti,4.0,xAAAPPnannannannannannannannannannannannan,AAAPPnannannannannannannannannannannannan,1,non-partner
after_phees_2022-08-08_13-21-22_0000080_labelled_Tabor_pheeseq_0000014.txt,x,A,P,P,A,A,y,,,,,,,,,,,,after,phees,2022-08-08,13-21-22,Tabor,2022-08-08 13:21:22,13:20,6.0,Nougatti,5.0,xAPPAAynannannannannannannannannannannan,APPAAnannannannannannannannannannannan,1,non-partner
after_phees_2022-08-08_13-21-22_0000080_labelled_Tabor_pheeseq_0000011.txt,x,A,P,P,A,P,A,A,y,,,,,,,,,,after,phees,2022-08-08,13-21-22,Tabor,2022-08-08 13:21:22,13:20,6.0,Nougatti,6.0,xAPPAPAAynannannannannannannannannan,APPAPAAnannannannannannannannannan,1,non-partner
after_phees_2022-08-08_13-21-22_0000080_labelled_Tabor_pheeseq_0000013.txt,x,A,P,A,A,P,P,P,,,,,,,,,,,after,phees,2022-08-08,13-21-22,Tabor,2022-08-08 13:21:22,13:20,6.0,Nougatti,7.0,xAPAAPPPnannannannannannannannannannan,APAAPPPnannannannannannannannannannan,1,non-partner
after_phees_2022-08-08_13-47-33_0000081_labelled_Tabor_pheeseq_0000003.txt,x,A,A,A,A,P,P,P,,,,,,,,,,,after,phees,2022-08-08,13-47-33,Tabor,2022-08-08 13:47:33,13:45,6.0,Olympia,1.0,xAAAAPPPnannannannannannannannannannan,AAAAPPPnannannannannannannannannannan,1,non-partner
after_phees_2022-08-08_13-47-33_0000081_labelled_Tabor_pheeseq_0000005.txt,x,A,A,A,P,P,,,,,,,,,,,,,after,phees,2022-08-08,13-47-33,Tabor,2022-08-08 13:47:33,13:45,6.0,Olympia,2.0,xAAAPPnannannannannannannannannannannannan,AAAPPnannannannannannannannannannannannan,1,non-partner
after_phees_2022-08-08_13-47-33_0000081_labelled_Tabor_pheeseq_0000010.txt,x,A,A,A,y,,,,,,,,,,,,,,after,phees,2022-08-08,13-47-33,Tabor,2022-08-08 13:47:33,13:45,6.0,Olympia,3.0,xAAAynannannannannannannannannannannannannan,AAAnannannannannannannannannannannannannan,1,non-partner
after_phees_2022-08-08_13-47-33_0000081_labelled_Tabor_pheeseq_0000004.txt,x,A,A,A,A,A,y,,,,,,,,,,,,after,phees,2022-08-08,13-47-33,Tabor,2022-08-08 13:47:33,13:45,6.0,Olympia,4.0,xAAAAAynannannannannannannannannannannan,AAAAAnannannannannannannannannannannan,1,non-partner
after_phees_2022-08-08_13-47-33_0000081_labelled_Tabor_pheeseq_0000023.txt,x,A,A,A,y,,,,,,,,,,,,,,after,phees,2022-08-08,13-47-33,Tabor,2022-08-08 13:47:33,13:45,6.0,Olympia,5.0,xAAAynannannannannannannannannannannannannan,AAAnannannannannannannannannannannannannan,3,non-partner
after_phees_2022-08-08_13-47-33_0000081_labelled_Tabor_pheeseq_0000009.txt,x,A,A,A,P,,,,,,,,,,,,,,after,phees,2022-08-08,13-47-33,Tabor,2022-08-08 13:47:33,13:45,6.0,Olympia,6.0,xAAAPnannannannannannannannannannannannannan,AAAPnannannannannannannannannannannannannan,1,non-partner
after_phees_2022-08-08_13-47-33_0000081_labelled_Tabor_pheeseq_0000021.txt,x,A,A,A,y,,,,,,,,,,,,,,after,phees,2022-08-08,13-47-33,Tabor,2022-08-08 13:47:33,13:45,6.0,Olympia,7.0,xAAAynannannannannannannannannannannannannan,AAAnannannannannannannannannannannannannan,3,non-partner
after_phees_2022-08-08_13-47-33_0000081_labelled_Tabor_pheeseq_0000020.txt,x,A,P,A,A,y,,,,,,,,,,,,,after,phees,2022-08-08,13-47-33,Tabor,2022-08-08 13:47:33,13:45,6.0,Olympia,8.0,xAPAAynannannannannannannannannannannannan,APAAnannannannannannannannannannannannan,3,non-partner
after_phees_2022-08-08_13-47-33_0000081_labelled_Tabor_pheeseq_0000024.txt,x,A,A,P,P,,,,,,,,,,,,,,after,phees,2022-08-08,13-47-33,Tabor,2022-08-08 13:47:33,13:45,6.0,Olympia,9.0,xAAPPnannannannannannannannannannannannannan,AAPPnannannannannannannannannannannannannan,3,non-partner
after_phees_2022-08-08_13-47-33_0000081_labelled_Tabor_pheeseq_0000030.txt,x,A,A,A,A,P,P,P,P,,,,,,,,,,after,phees,2022-08-08,13-47-33,Tabor,2022-08-08 13:47:33,13:45,6.0,Olympia,10.0,xAAAAPPPPnannannannannannannannannan,AAAAPPPPnannannannannannannannannan,3,non-partner
after_phees_2022-08-08_13-47-33_0000081_labelled_Tabor_pheeseq_0000018.txt,x,A,A,y,,,,,,,,,,,,,,,after,phees,2022-08-08,13-47-33,Tabor,2022-08-08 13:47:33,13:45,6.0,Olympia,11.0,xAAynannannannannannannannannannannannannannan,AAnannannannannannannannannannannannannannan,3,non-partner
after_phees_2022-08-08_13-47-33_0000081_labelled_Tabor_pheeseq_0000019.txt,x,A,A,A,y,,,,,,,,,,,,,,after,phees,2022-08-08,13-47-33,Tabor,2022-08-08 13:47:33,13:45,6.0,Olympia,12.0,xAAAynannannannannannannannannannannannannan,AAAnannannannannannannannannannannannannan,3,non-partner
after_phees_2022-08-08_13-47-33_0000081_labelled_Tabor_pheeseq_0000027.txt,x,A,A,A,A,P,P,P,,,,,,,,,,,after,phees,2022-08-08,13-47-33,Tabor,2022-08-08 13:47:33,13:45,6.0,Olympia,13.0,xAAAAPPPnannannannannannannannannannan,AAAAPPPnannannannannannannannannannan,3,non-partner
after_phees_2022-08-08_13-47-33_0000081_labelled_Tabor_pheeseq_0000026.txt,x,A,A,A,A,,,,,,,,,,,,,,after,phees,2022-08-08,13-47-33,Tabor,2022-08-08 13:47:33,13:45,6.0,Olympia,14.0,xAAAAnannannannannannannannannannannannannan,AAAAnannannannannannannannannannannannannan,3,non-partner
after_phees_2022-08-08_11-01-43_0000078_labelled_Wuschel_pheeseq_0000028.txt,x,A,A,y,,,,,,,,,,,,,,,after,phees,2022-08-08,11-01-43,Wuschel,2022-08-08 11:01:43,11:00,6.0,Lola,1.0,xAAynannannannannannannannannannannannannannan,AAnannannannannannannannannannannannannannan,1,non-partner
after_phees_2022-08-08_11-01-43_0000078_labelled_Wuschel_phee_0000008.txt,x,A,y,,,,,,,,,,,,,,,,after,phees,2022-08-08,11-01-43,Wuschel,2022-08-08 11:01:43,11:00,6.0,Lola,2.0,xAynannannannannannannannannannannannannannannan,Anannannannannannannannannannannannannannannan,1,non-partner
after_trills_2022-08-08_11-01-44_0000078_labelled_Wuschel_phee_0000024.txt,x,A,y,,,,,,,,,,,,,,,,after,trills,2022-08-08,11-01-44,Wuschel,2022-08-08 11:01:44,11:00,6.0,Lola,3.0,xAynannannannannannannannannannannannannannannan,Anannannannannannannannannannannannannannannan,3,non-partner
after_phees_2022-08-08_11-01-43_0000078_labelled_Wuschel_phee_0000009.txt,x,A,y,,,,,,,,,,,,,,,,after,phees,2022-08-08,11-01-43,Wuschel,2022-08-08 11:01:43,11:00,6.0,Lola,4.0,xAynannannannannannannannannannannannannannannan,Anannannannannannannannannannannannannannannan,1,non-partner
after_phees_2022-08-08_11-01-43_0000078_labelled_Wuschel_pheeseq_0000011.txt,x,A,A,y,,,,,,,,,,,,,,,after,phees,2022-08-08,11-01-43,Wuschel,2022-08-08 11:01:43,11:00,6.0,Lola,5.0,xAAynannannannannannannannannannannannannannan,AAnannannannannannannannannannannannannannan,1,non-partner
after_phees_2022-08-08_11-01-43_0000078_labelled_Wuschel_phee_0000031.txt,x,A,y,,,,,,,,,,,,,,,,after,phees,2022-08-08,11-01-43,Wuschel,2022-08-08 11:01:43,11:00,6.0,Lola,6.0,xAynannannannannannannannannannannannannannannan,Anannannannannannannannannannannannannannannan,1,non-partner
after_phees_2022-08-08_11-01-43_0000078_labelled_Wuschel_phee_0000018.txt,x,A,y,,,,,,,,,,,,,,,,after,phees,2022-08-08,11-01-43,Wuschel,2022-08-08 11:01:43,11:00,6.0,Lola,7.0,xAynannannannannannannannannannannannannannannan,Anannannannannannannannannannannannannannannan,1,non-partner
after_trills_2022-08-08_11-01-44_0000078_labelled_Wuschel_phee_0000023.txt,x,A,y,,,,,,,,,,,,,,,,after,trills,2022-08-08,11-01-44,Wuschel,2022-08-08 11:01:44,11:00,6.0,Lola,9.0,xAynannannannannannannannannannannannannannannan,Anannannannannannannannannannannannannannannan,3,non-partner
after_phees_2022-08-08_11-01-43_0000078_labelled_Wuschel_pheeseq_0000022.txt,x,A,A,y,,,,,,,,,,,,,,,after,phees,2022-08-08,11-01-43,Wuschel,2022-08-08 11:01:43,11:00,6.0,Lola,10.0,xAAynannannannannannannannannannannannannannan,AAnannannannannannannannannannannannannannan,1,non-partner
after_trills_2022-08-08_11-01-44_0000078_labelled_Wuschel_phee_0000006.txt,x,A,y,,,,,,,,,,,,,,,,after,trills,2022-08-08,11-01-44,Wuschel,2022-08-08 11:01:44,11:00,6.0,Lola,11.0,xAynannannannannannannannannannannannannannannan,Anannannannannannannannannannannannannannannan,1,non-partner
after_phees_2022-08-08_11-01-43_0000078_labelled_Wuschel_pheeseq_0000023.txt,x,A,A,y,,,,,,,,,,,,,,,after,phees,2022-08-08,11-01-43,Wuschel,2022-08-08 11:01:43,11:00,6.0,Lola,12.0,xAAynannannannannannannannannannannannannannan,AAnannannannannannannannannannannannannannan,1,non-partner
after_trills_2022-08-08_11-01-44_0000078_labelled_Wuschel_phee_0000005.txt,x,A,y,,,,,,,,,,,,,,,,after,trills,2022-08-08,11-01-44,Wuschel,2022-08-08 11:01:44,11:00,6.0,Lola,13.0,xAynannannannannannannannannannannannannannannan,Anannannannannannannannannannannannannannannan,1,non-partner
after_trills_2022-08-08_11-01-44_0000078_labelled_Wuschel_phee_0000004.txt,x,A,y,,,,,,,,,,,,,,,,after,trills,2022-08-08,11-01-44,Wuschel,2022-08-08 11:01:44,11:00,6.0,Lola,14.0,xAynannannannannannannannannannannannannannannan,Anannannannannannannannannannannannannannannan,1,non-partner
after_phees_2022-08-08_11-01-43_0000078_labelled_Wuschel_pheeseq_0000020.txt,x,A,A,K,K,K,,,,,,,,,,,,,after,phees,2022-08-08,11-01-43,Wuschel,2022-08-08 11:01:43,11:00,6.0,Lola,15.0,xAAKKKnannannannannannannannannannannannan,AAKKKnannannannannannannannannannannannan,1,non-partner
after_phees_2022-08-08_11-01-43_0000078_labelled_Wuschel_phee_0000010.txt,x,A,y,,,,,,,,,,,,,,,,after,phees,2022-08-08,11-01-43,Wuschel,2022-08-08 11:01:43,11:00,6.0,Lola,16.0,xAynannannannannannannannannannannannannannannan,Anannannannannannannannannannannannannannannan,1,non-partner
after_phees_2022-08-08_11-01-43_0000078_labelled_Wuschel_pheeseq_0000019.txt,x,A,A,K,K,,,,,,,,,,,,,,after,phees,2022-08-08,11-01-43,Wuschel,2022-08-08 11:01:43,11:00,6.0,Lola,17.0,xAAKKnannannannannannannannannannannannannan,AAKKnannannannannannannannannannannannannan,1,non-partner
after_phees_2022-08-08_11-01-43_0000078_labelled_Wuschel_pheeseq_0000025.txt,x,A,A,K,K,,,,,,,,,,,,,,after,phees,2022-08-08,11-01-43,Wuschel,2022-08-08 11:01:43,11:00,6.0,Lola,18.0,xAAKKnannannannannannannannannannannannannan,AAKKnannannannannannannannannannannannannan,1,non-partner
after_trills_2022-08-08_11-01-44_0000078_labelled_Wuschel_phee_0000003.txt,x,A,y,,,,,,,,,,,,,,,,after,trills,2022-08-08,11-01-44,Wuschel,2022-08-08 11:01:44,11:00,6.0,Lola,19.0,xAynannannannannannannannannannannannannannannan,Anannannannannannannannannannannannannannannan,1,non-partner
after_phees_2022-08-08_11-01-43_0000078_labelled_Wuschel_pheeseq_0000026.txt,x,A,y,,,,,,,,,,,,,,,,after,phees,2022-08-08,11-01-43,Wuschel,2022-08-08 11:01:43,11:00,6.0,Lola,20.0,xAynannannannannannannannannannannannannannannan,Anannannannannannannannannannannannannannannan,1,non-partner
after_phees_2022-08-08_11-01-43_0000078_labelled_Wuschel_phee_0000049.txt,x,A,y,,,,,,,,,,,,,,,,after,phees,2022-08-08,11-01-43,Wuschel,2022-08-08 11:01:43,11:00,6.0,Lola,21.0,xAynannannannannannannannannannannannannannannan,Anannannannannannannannannannannannannannannan,3,non-partner
after_phees_2022-08-08_11-01-43_0000078_labelled_Wuschel_phee_0000048.txt,x,A,y,,,,,,,,,,,,,,,,after,phees,2022-08-08,11-01-43,Wuschel,2022-08-08 11:01:43,11:00,6.0,Lola,22.0,xAynannannannannannannannannannannannannannannan,Anannannannannannannannannannannannannannannan,3,non-partner
after_phees_2022-08-08_11-01-43_0000078_labelled_Wuschel_pheeseq_0000050.txt,x,A,A,y,,,,,,,,,,,,,,,after,phees,2022-08-08,11-01-43,Wuschel,2022-08-08 11:01:43,11:00,6.0,Lola,23.0,xAAynannannannannannannannannannannannannannan,AAnannannannannannannannannannannannannannan,3,non-partner
after_phees_2022-08-08_11-01-43_0000078_labelled_Wuschel_pheeseq_0000051.txt,x,A,A,y,,,,,,,,,,,,,,,after,phees,2022-08-08,11-01-43,Wuschel,2022-08-08 11:01:43,11:00,6.0,Lola,24.0,xAAynannannannannannannannannannannannannannan,AAnannannannannannannannannannannannannannan,3,non-partner
after_trills_2022-08-08_15-04-10_0000084_labelled_Wuschel_phee_0000029.txt,x,A,y,,,,,,,,,,,,,,,,after,trills,2022-08-08,15-04-10,Wuschel,2022-08-08 15:04:10,15:05,6.0,Nougatti,1.0,xAynannannannannannannannannannannannannannannan,Anannannannannannannannannannannannannannannan,3,non-partner
after_trills_2022-08-08_15-04-10_0000084_labelled_Wuschel_pheeseq_0000003.txt,x,A,A,y,,,,,,,,,,,,,,,after,trills,2022-08-08,15-04-10,Wuschel,2022-08-08 15:04:10,15:05,6.0,Nougatti,2.0,xAAynannannannannannannannannannannannannannan,AAnannannannannannannannannannannannannannan,1,non-partner
after_trills_2022-08-08_15-04-10_0000084_labelled_Wuschel_phee_0000006.txt,x,A,y,,,,,,,,,,,,,,,,after,trills,2022-08-08,15-04-10,Wuschel,2022-08-08 15:04:10,15:05,6.0,Nougatti,3.0,xAynannannannannannannannannannannannannannannan,Anannannannannannannannannannannannannannannan,1,non-partner
after_trills_2022-08-08_15-04-10_0000084_labelled_Wuschel_phee_0000008.txt,x,A,y,,,,,,,,,,,,,,,,after,trills,2022-08-08,15-04-10,Wuschel,2022-08-08 15:04:10,15:05,6.0,Nougatti,4.0,xAynannannannannannannannannannannannannannannan,Anannannannannannannannannannannannannannannan,1,non-partner
after_trills_2022-08-08_15-04-10_0000084_labelled_Wuschel_phee_0000030.txt,x,A,y,,,,,,,,,,,,,,,,after,trills,2022-08-08,15-04-10,Wuschel,2022-08-08 15:04:10,15:05,6.0,Nougatti,5.0,xAynannannannannannannannannannannannannannannan,Anannannannannannannannannannannannannannannan,3,non-partner
after_trills_2022-08-08_10-34-30_0000077_labelled_Wuschel_phee_0000019.txt,x,A,y,,,,,,,,,,,,,,,,after,trills,2022-08-08,10-34-30,Wuschel,2022-08-08 10:34:30,10:35,5.0,Olympia,1.0,xAynannannannannannannannannannannannannannannan,Anannannannannannannannannannannannannannannan,1,partner
after_trills_2022-08-08_10-34-30_0000077_labelled_Wuschel_phee_0000008.txt,x,A,y,,,,,,,,,,,,,,,,after,trills,2022-08-08,10-34-30,Wuschel,2022-08-08 10:34:30,10:35,5.0,Olympia,2.0,xAynannannannannannannannannannannannannannannan,Anannannannannannannannannannannannannannannan,1,partner
after_trills_2022-08-08_10-34-30_0000077_labelled_Wuschel_phee_0000020.txt,x,A,y,,,,,,,,,,,,,,,,after,trills,2022-08-08,10-34-30,Wuschel,2022-08-08 10:34:30,10:35,5.0,Olympia,3.0,xAynannannannannannannannannannannannannannannan,Anannannannannannannannannannannannannannannan,1,partner
after_trills_2022-08-08_10-34-30_0000077_labelled_Wuschel_phee_0000079.txt,x,A,y,,,,,,,,,,,,,,,,after,trills,2022-08-08,10-34-30,Wuschel,2022-08-08 10:34:30,10:35,5.0,Olympia,4.0,xAynannannannannannannannannannannannannannannan,Anannannannannannannannannannannannannannannan,3,partner
after_trills_2022-08-08_10-34-30_0000077_labelled_Wuschel_phee_0000068.txt,x,A,y,,,,,,,,,,,,,,,,after,trills,2022-08-08,10-34-30,Wuschel,2022-08-08 10:34:30,10:35,5.0,Olympia,5.0,xAynannannannannannannannannannannannannannannan,Anannannannannannannannannannannannannannannan,3,partner
after_trills_2022-08-08_10-34-30_0000077_labelled_Wuschel_phee_0000069.txt,x,A,y,,,,,,,,,,,,,,,,after,trills,2022-08-08,10-34-30,Wuschel,2022-08-08 10:34:30,10:35,5.0,Olympia,6.0,xAynannannannannannannannannannannannannannannan,Anannannannannannannannannannannannannannannan,3,partner
after_trills_2022-08-08_10-34-30_0000077_labelled_Wuschel_phee_0000057.txt,x,A,y,,,,,,,,,,,,,,,,after,trills,2022-08-08,10-34-30,Wuschel,2022-08-08 10:34:30,10:35,5.0,Olympia,7.0,xAynannannannannannannannannannannannannannannan,Anannannannannannannannannannannannannannannan,3,partner
after_trills_2022-08-08_10-34-30_0000077_labelled_Wuschel_phee_0000056.txt,x,A,y,,,,,,,,,,,,,,,,after,trills,2022-08-08,10-34-30,Wuschel,2022-08-08 10:34:30,10:35,5.0,Olympia,8.0,xAynannannannannannannannannannannannannannannan,Anannannannannannannannannannannannannannannan,3,partner
after_trills_2022-08-08_10-34-30_0000077_labelled_Wuschel_phee_0000059.txt,x,R,y,,,,,,,,,,,,,,,,after,trills,2022-08-08,10-34-30,Wuschel,2022-08-08 10:34:30,10:35,5.0,Olympia,9.0,xRynannannannannannannannannannannannannannannan,Rnannannannannannannannannannannannannannannan,3,partner
after_trills_2022-08-08_10-34-30_0000077_labelled_Wuschel_phee_0000061.txt,x,R,y,,,,,,,,,,,,,,,,after,trills,2022-08-08,10-34-30,Wuschel,2022-08-08 10:34:30,10:35,5.0,Olympia,10.0,xRynannannannannannannannannannannannannannannan,Rnannannannannannannannannannannannannannannan,3,partner
after_trills_2022-08-08_10-34-30_0000077_labelled_Wuschel_phee_0000075.txt,x,R,y,,,,,,,,,,,,,,,,after,trills,2022-08-08,10-34-30,Wuschel,2022-08-08 10:34:30,10:35,5.0,Olympia,11.0,xRynannannannannannannannannannannannannannannan,Rnannannannannannannannannannannannannannannan,3,partner
after_trills_2022-08-08_10-34-30_0000077_labelled_Wuschel_phee_0000062.txt,x,R,y,,,,,,,,,,,,,,,,after,trills,2022-08-08,10-34-30,Wuschel,2022-08-08 10:34:30,10:35,5.0,Olympia,12.0,xRynannannannannannannannannannannannannannannan,Rnannannannannannannannannannannannannannannan,3,partner
after_trills_2022-08-08_10-34-30_0000077_labelled_Wuschel_phee_0000063.txt,x,R,y,,,,,,,,,,,,,,,,after,trills,2022-08-08,10-34-30,Wuschel,2022-08-08 10:34:30,10:35,5.0,Olympia,13.0,xRynannannannannannannannannannannannannannannan,Rnannannannannannannannannannannannannannannan,3,partner
after_trills_2022-08-08_10-34-30_0000077_labelled_Wuschel_phee_0000007.txt,x,A,y,,,,,,,,,,,,,,,,after,trills,2022-08-08,10-34-30,Wuschel,2022-08-08 10:34:30,10:35,5.0,Olympia,14.0,xAynannannannannannannannannannannannannannannan,Anannannannannannannannannannannannannannannan,1,partner
after_trills_2022-08-08_10-34-30_0000077_labelled_Wuschel_phee_0000002.txt,x,A,y,,,,,,,,,,,,,,,,after,trills,2022-08-08,10-34-30,Wuschel,2022-08-08 10:34:30,10:35,5.0,Olympia,15.0,xAynannannannannannannannannannannannannannannan,Anannannannannannannannannannannannannannannan,1,partner
after_trills_2022-08-08_10-34-30_0000077_labelled_Wuschel_pheeseq_0000022.txt,x,A,A,y,,,,,,,,,,,,,,,after,trills,2022-08-08,10-34-30,Wuschel,2022-08-08 10:34:30,10:35,5.0,Olympia,16.0,xAAynannannannannannannannannannannannannannan,AAnannannannannannannannannannannannannannan,1,partner
