call_id,filename,traditional_PC1,traditional_PC2,traditional_PC3,traditional_PC4,traditional_PC5
0,after_phees_2022-07-19_11-17-29_0000018_labelled_Odin_pheeseq_0000005_labelled_mC2.wav,1.5301951382320689,-3.229370299849379,-0.0587380872309429,1.0244213832812905,-0.02893822950843977
1,after_phees_2022-07-19_11-17-29_0000018_labelled_Odin_pheeseq_0000005_labelled_mC3.wav,1.324492740611769,-2.7426356549255413,-0.394599067662831,0.6284762748622447,0.16330715093712478
2,after_phees_2022-07-19_11-17-29_0000018_labelled_Odin_pheeseq_0000007_labelled_mC3.wav,0.5058880230173057,-3.7897546551417043,-0.37710425028393796,1.031321849794903,0.2884729015464893
3,after_phees_2022-07-19_11-17-29_0000018_labelled_Odin_pheeseq_0000010_labelled_mB2.wav,0.11288692263383697,1.6415448942641009,-2.1000722955210023,0.14232695500810355,0.23086326109101285
4,after_phees_2022-07-19_11-17-29_0000018_labelled_Odin_pheeseq_0000011_labelled_mE1.wav,0.0007961839345442619,0.2669719854135296,0.09327041295532959,0.2725794793755937,0.09345827115495293
5,after_phees_2022-07-19_11-17-29_0000018_labelled_Odin_pheeseq_0000011_labelled_mE2.wav,2.4981811839480588,-0.757191153761949,0.4125451301890293,0.49596723772458073,0.11323751681884447
6,after_phees_2022-07-19_11-17-29_0000018_labelled_Odin_pheeseq_0000011_labelled_mE5.wav,4.236250854006597,-2.8708107785033166,0.970015766307504,-0.5965146939843349,0.022317162416497595
7,after_phees_2022-07-19_11-17-29_0000018_labelled_Odin_pheeseq_0000011_labelled_mE6.wav,1.2068320943497906,-3.202144974624316,-0.8028943428754873,0.254322481926121,-0.13149525753866495
8,after_phees_2022-07-19_11-17-29_0000018_labelled_Odin_pheeseq_0000011_labelled_mE7.wav,-1.7561285000367821,-2.6470601542691896,-1.8140639871360777,0.12515999413852116,0.20187488813350662
9,after_phees_2022-07-19_11-17-29_0000018_labelled_Odin_pheeseq_0000013_labelled_mD1.wav,0.7399714703631564,-2.24558171780648,0.29245592747791205,0.21473125001939075,-0.1504385111268782
10,after_phees_2022-07-19_11-17-29_0000018_labelled_Odin_pheeseq_0000013_labelled_mD4.wav,3.9731549496187957,-3.609776137109871,0.9009907276731103,1.0764649084283011,-0.2522707788112828
11,after_phees_2022-07-19_11-17-29_0000018_labelled_Odin_pheeseq_0000013_labelled_mD5.wav,4.280199218671096,-1.7260165543623438,-0.20855619527985977,-0.03221395405742412,0.3025658441179625
12,after_phees_2022-07-19_11-17-29_0000018_labelled_Odin_pheeseq_0000016_labelled_mD1.wav,0.8141090520662224,0.16351748557268936,-0.33235578961298917,0.056728519787761944,-0.2664590229862424
13,after_phees_2022-07-19_11-17-29_0000018_labelled_Odin_pheeseq_0000016_labelled_mD3.wav,3.259334309869753,-2.9784547964606256,0.22438363329499253,1.5334923652546504,-0.4025470595142511
14,after_phees_2022-07-19_11-17-29_0000018_labelled_Odin_pheeseq_0000016_labelled_mD4.wav,3.8550302249578112,-2.8788437498749153,0.5202212794777813,1.4802009346118479,-0.830593825008427
15,after_phees_2022-07-19_11-17-29_0000018_labelled_Odin_pheeseq_0000016_labelled_mD5.wav,1.7637484989232814,-2.125595810235254,-0.5536601385723194,1.5281306640841326,-0.4827615804885836
16,after_phees_2022-07-19_11-17-29_0000018_labelled_Odin_pheeseq_0000018_labelled_mD1.wav,1.5773411534222632,-2.624456801690404,-0.08826670976549601,0.8092453778428639,-0.02704843942527185
17,after_phees_2022-07-19_11-17-29_0000018_labelled_Odin_pheeseq_0000018_labelled_mD3.wav,2.539944091949012,-4.03422282644657,0.19011391045679682,1.1115740870774475,0.5880154025903045
18,after_phees_2022-07-19_11-17-29_0000018_labelled_Odin_pheeseq_0000018_labelled_mD5.wav,3.4753143401760207,-3.4663542658636963,0.6410699794021097,1.1314158641713519,0.21549340880736376
19,after_phees_2022-07-19_11-17-29_0000018_labelled_Odin_pheeseq_0000018_labelled_mD6.wav,3.0640504290395776,-2.568496113727806,-0.5106476594366894,2.3640374390268533,-0.6053943126012448
20,after_phees_2022-07-19_11-17-29_0000018_labelled_Odin_pheeseq_0000020_labelled_mD3.wav,2.346944924187911,-5.98748267918067,1.3946760922366783,0.006680089682922528,2.704552019891363
21,after_phees_2022-07-19_11-17-29_0000018_labelled_Odin_pheeseq_0000020_labelled_mD4.wav,2.309362667796003,-6.115319114569992,2.037153463380969,-0.002562258678836976,2.256152721601994
22,after_phees_2022-07-19_11-17-29_0000018_labelled_Odin_pheeseq_0000020_labelled_mD5.wav,2.5117277918422687,-3.9660850462695802,0.06512428490306789,2.062009042703432,-0.04723631541352953
23,after_phees_2022-07-19_11-17-29_0000018_labelled_Odin_pheeseq_0000025_labelled_mD1.wav,2.070950652298079,-2.888530480236092,0.5216320730305246,0.9488728365646139,-0.5045711383952959
24,after_phees_2022-07-19_11-17-29_0000018_labelled_Odin_pheeseq_0000025_labelled_mD4.wav,3.426078427270114,-3.9809459759945542,0.942708052653609,1.4039152589438875,0.036585428015163735
25,after_phees_2022-07-19_11-17-29_0000018_labelled_Odin_pheeseq_0000025_labelled_mD5.wav,2.549369006697127,-3.33856133395569,0.5589629041989146,1.7661895735370712,-0.25110151245972284
26,after_phees_2022-07-19_11-17-29_0000018_labelled_Odin_pheeseq_0000027_labelled_mD1.wav,2.20253948845216,-2.6365207652387848,-0.027696911044236154,0.8384679365301377,-0.3659184419353074
27,after_phees_2022-07-19_11-17-29_0000018_labelled_Odin_pheeseq_0000027_labelled_mD3.wav,3.8210608573795537,-3.9318666732603873,1.1604196131114266,0.5817417399193604,0.5603074216090262
28,after_phees_2022-07-19_11-17-29_0000018_labelled_Odin_pheeseq_0000027_labelled_mD4.wav,3.51214020732301,-2.81531216636445,-0.04992455533830134,1.5479471594744876,-0.3260757571599791
29,after_phees_2022-07-19_11-17-29_0000018_labelled_Odin_pheeseq_0000027_labelled_mD5.wav,2.691820099956365,-3.031879848626532,0.2320334499032515,1.573787264385847,-0.24018624661493623
30,after_phees_2022-07-19_11-17-29_0000018_labelled_Odin_pheeseq_0000028_labelled_mD1.wav,2.3993855468836442,-4.04559029434561,0.7561888430437892,0.33855309292492236,1.138198840389433
31,after_phees_2022-07-19_11-17-29_0000018_labelled_Odin_pheeseq_0000028_labelled_mD3.wav,3.6864598375371016,-3.232532984176033,0.40867067949819685,2.0456687497676684,-0.4079470643102991
32,after_phees_2022-07-19_11-17-29_0000018_labelled_Odin_pheeseq_0000028_labelled_mD4.wav,4.251078812947763,-3.929593332678151,1.1875179533009628,1.7701896593256146,-0.08695066940197455
33,after_phees_2022-07-19_11-17-29_0000018_labelled_Odin_pheeseq_0000028_labelled_mD5.wav,1.8549563318832316,-2.485302109702348,-0.3311746671878257,1.7742956652546824,-0.6624518578595485
34,after_phees_2022-07-19_11-17-29_0000018_labelled_Odin_pheeseq_0000031_labelled_mC2.wav,4.844544870709435,-3.3940635135931445,0.9066632234073935,1.4528278272186652,-0.21613301825492393
35,after_phees_2022-07-19_11-17-29_0000018_labelled_Odin_pheeseq_0000031_labelled_mC3.wav,2.3486445841620314,-3.473252824410629,-0.1127387396748314,1.4233618629363467,-0.16902511620451918
36,after_phees_2022-07-19_11-17-29_0000018_labelled_Odin_pheeseq_0000063_labelled_mC1.wav,1.5191081492905592,0.5182783667166904,-0.7179687253723726,-0.22019752292014869,-0.4433256450597317
37,after_phees_2022-07-19_11-17-29_0000018_labelled_Odin_pheeseq_0000063_labelled_mC2.wav,2.7412984291011195,-0.04469526205072699,-0.1890614246411992,-0.29936802977668686,-0.023419107827819582
38,after_phees_2022-07-19_11-17-29_0000018_labelled_Odin_pheeseq_0000063_labelled_mC3.wav,2.21688536282399,0.3974850318968831,-0.38719960517422597,-0.7722961465034015,0.1231108933261833
39,after_phees_2022-07-19_11-17-29_0000018_labelled_Odin_pheeseq_0000064_labelled_mB1.wav,0.8550413835296374,-0.6354829605150086,0.15516869540730627,-0.5531802370123664,0.046552865625564786
40,after_phees_2022-07-19_11-17-29_0000018_labelled_Odin_pheeseq_0000064_labelled_mB2.wav,3.4453101148482363,0.16955316011350308,-0.03424025339172477,-0.30479200788708327,-0.407575358517274
41,after_phees_2022-07-19_11-17-29_0000018_labelled_Odin_pheeseq_0000065_labelled_mC1.wav,1.8575612649352042,-3.0372387254931272,0.03486938451981129,0.8512148880739328,-0.4161669315608732
42,after_phees_2022-07-19_11-17-29_0000018_labelled_Odin_pheeseq_0000065_labelled_mC2.wav,4.282915316430689,-2.1049217176083594,0.3005164819796678,1.1972368158670021,-0.8186821651289463
43,after_phees_2022-07-19_11-17-29_0000018_labelled_Odin_pheeseq_0000065_labelled_mC3.wav,3.471754488035596,-1.3600716016363152,-0.42999334795842975,1.544420618851074,-0.8519047885068579
44,after_phees_2022-07-19_11-17-29_0000018_labelled_Odin_pheeseq_0000066_labelled_mD1.wav,0.8494202978770582,-5.683064772456905,1.2906700089145162,-0.6380412292076664,2.751219298710329
45,after_phees_2022-07-19_11-17-29_0000018_labelled_Odin_pheeseq_0000066_labelled_mD3.wav,3.74671153662695,-4.941262968520849,1.4632994239471264,1.0804910285903477,0.38599033388206616
46,after_phees_2022-07-19_11-17-29_0000018_labelled_Odin_pheeseq_0000066_labelled_mD4.wav,3.6608105218841227,-4.561962901307275,1.0767968701466442,1.653505158601568,-0.20179874671979148
47,after_phees_2022-07-19_11-17-29_0000018_labelled_Odin_pheeseq_0000067_labelled_mD1.wav,0.6264165069944313,-4.77998265402922,0.7369931324194183,-0.28239500900167724,2.514918115713842
48,after_phees_2022-07-19_11-17-29_0000018_labelled_Odin_pheeseq_0000067_labelled_mD3.wav,2.839707524442543,-4.084712050250298,0.3758608004831705,1.97143347550177,-0.4896292113527633
49,after_phees_2022-07-19_11-17-29_0000018_labelled_Odin_pheeseq_0000067_labelled_mD4.wav,3.5675320994078925,-4.023365440890741,0.19575087515196024,2.1765745829938488,-0.4733007158799202
50,after_phees_2022-07-19_11-17-29_0000018_labelled_Odin_pheeseq_0000068_labelled_mD1.wav,0.7246384112880601,-5.4711147353411835,1.4704116702639294,-0.5368478917059225,2.916015098023518
51,after_phees_2022-07-19_11-17-29_0000018_labelled_Odin_pheeseq_0000068_labelled_mD3.wav,2.680456840711761,-4.46205908454023,0.4449143490976807,1.545164520960709,0.5288290653741977
52,after_phees_2022-07-19_11-17-29_0000018_labelled_Odin_pheeseq_0000068_labelled_mD4.wav,4.6321483970729425,-6.736480275914647,2.6030170975024416,-0.030317438043280985,2.145576808185381
53,after_phees_2022-07-19_11-17-29_0000018_labelled_Odin_pheeseq_0000068_labelled_mD5.wav,4.19021524195943,-5.522286856966807,2.065282646041403,-0.2547011063683137,1.4471419200324362
54,after_phees_2022-07-19_11-17-29_0000018_labelled_Odin_pheeseq_0000070_labelled_mC1.wav,2.529133898026473,-4.716769488319866,1.6252039523440718,-0.939179692625199,2.261844395690757
55,after_phees_2022-07-19_11-17-29_0000018_labelled_Odin_pheeseq_0000070_labelled_mC2.wav,4.848596512699696,-3.3759001564572912,1.0099751820681244,1.5587124930593508,-0.14852256694394386
56,after_phees_2022-07-19_11-17-29_0000018_labelled_Odin_pheeseq_0000070_labelled_mC3.wav,3.8519031649951723,-2.9115404313035773,0.47767866725707,1.946045585423165,-0.445358065349993
57,after_phees_2022-07-19_11-17-29_0000018_labelled_Odin_pheeseq_0000075_labelled_mC1.wav,1.7177703388623182,-0.8149218704682453,-1.193813077839725,-0.20888074464507067,0.5695038809470028
58,after_phees_2022-07-19_11-17-29_0000018_labelled_Odin_pheeseq_0000075_labelled_mC2.wav,3.0054345655927324,-0.8190523689241684,0.685672863896557,-0.7385831575611624,0.18511618745264574
59,after_phees_2022-07-19_11-17-29_0000018_labelled_Odin_pheeseq_0000075_labelled_mC3.wav,3.034674556422432,-0.7067954966022661,-0.0053278473446931925,0.28094869429849895,-0.06071878807459828
60,after_phees_2022-07-19_11-17-29_0000018_labelled_Odin_pheeseq_0000076_labelled_mC1.wav,1.5123913776758864,-2.8103836647583393,-0.05253275635870331,0.550704913150637,-0.3203193006125399
61,after_phees_2022-07-19_11-17-29_0000018_labelled_Odin_pheeseq_0000076_labelled_mC3.wav,3.6580879393583063,-2.6698905396775596,0.237885188496711,0.9811624986194901,-1.0168736238524831
62,after_phees_2022-07-19_11-17-29_0000018_labelled_Odin_pheeseq_0000078_labelled_mC1.wav,2.5321029324329754,-1.9753681859719021,-0.27376070638282884,1.6974276250906744,-0.7526978347486083
63,after_phees_2022-07-19_11-17-29_0000018_labelled_Odin_pheeseq_0000078_labelled_mC2.wav,3.138120560661479,-3.2479643527099085,0.7247052663846817,1.3821416030206994,-0.9318418751405749
64,after_phees_2022-07-19_11-17-29_0000018_labelled_Odin_pheeseq_0000078_labelled_mC3.wav,2.9629040970547345,0.34501560494766925,-1.0560908239585274,0.6858275642920163,-0.011274953074031412
65,after_phees_2022-07-19_11-17-29_0000018_labelled_Odin_pheeseq_0000079_labelled_mC1.wav,1.3612888898303859,0.21486461581610045,-1.6932170923768592,-0.15578620209606453,0.016236246431315597
66,after_phees_2022-07-19_11-17-29_0000018_labelled_Odin_pheeseq_0000079_labelled_mC3.wav,3.750814352352605,-1.5644253582644347,-0.29487124467203385,0.9247908659817168,-0.028884610952520293
67,after_phees_2022-07-19_11-17-29_0000018_labelled_Odin_pheeseq_0000079_labelled_mC4.wav,2.9355675837696276,0.15647523417149053,-0.8472317408515039,0.5952824004696908,-0.3461031601266513
68,after_phees_2022-07-19_11-17-29_0000018_labelled_Odin_pheeseq_0000080_labelled_mC1.wav,3.4531400201423175,-1.9437249362876718,0.7669047247803036,0.8763787218149974,-0.8360549869004961
69,after_phees_2022-07-19_11-17-29_0000018_labelled_Odin_pheeseq_0000080_labelled_mC2.wav,4.027771805101068,-2.217901959046472,0.5129742312023363,1.2470086706888073,-0.8497676272986522
70,after_phees_2022-07-19_11-17-29_0000018_labelled_Odin_pheeseq_0000080_labelled_mC3.wav,3.9931949549944576,-0.8850407471829452,0.34422552972863385,-0.02138909559617108,0.5924235457927204
71,after_phees_2022-07-19_11-17-29_0000018_labelled_Odin_pheeseq_0000081_labelled_mB1.wav,1.2544031012368573,0.0328170970646192,-0.46087249868755603,0.40598130363669094,-0.0953390746796751
72,after_phees_2022-07-19_11-17-29_0000018_labelled_Odin_pheeseq_0000081_labelled_mB2.wav,2.694622322897697,0.11149613098797818,0.13139816425253661,-0.27349995677225436,-0.05811091362965111
73,after_phees_2022-07-19_11-17-29_0000018_labelled_Olympia_pheeseq_0000015_labelled_mB1.wav,-3.5242979763408027,1.0510839206546276,0.1965641239564039,0.8797542216027459,0.8411780074218793
74,after_phees_2022-07-19_11-17-29_0000018_labelled_Olympia_pheeseq_0000015_labelled_mB2.wav,-2.284642647252612,-0.49637940248140144,1.3157557838322853,0.308101593781875,-0.017719967656606328
75,after_phees_2022-07-19_11-17-29_0000018_labelled_Olympia_pheeseq_0000017_labelled_mB1.wav,-2.431028759645284,-0.15485193816765738,-0.7371930527035412,0.7594779086998105,0.15527285953953415
76,after_phees_2022-07-19_11-17-29_0000018_labelled_Olympia_pheeseq_0000017_labelled_mB2.wav,-1.2459784742655062,0.021088335673956456,1.0798359865361247,0.3524778698291486,-0.042638930701912305
77,after_phees_2022-07-19_11-17-29_0000018_labelled_Olympia_pheeseq_0000022_labelled_mB2.wav,-1.3078128924651402,-0.8117328172775324,-0.1300318038897939,-0.22755502051589702,-0.25634280116198377
78,after_phees_2022-07-19_11-17-29_0000018_labelled_Olympia_pheeseq_0000060_labelled_mB1.wav,-2.0876332205598516,1.0438642358394152,1.1312498377840408,0.7970910971871853,-0.35145904158110775
79,after_phees_2022-07-19_11-17-29_0000018_labelled_Olympia_pheeseq_0000060_labelled_mB2.wav,-1.9842555739693122,-0.16562754029553342,-0.32068335940662307,-0.5031824958705966,0.07659934208812405
80,after_phees_2022-07-19_11-17-29_0000018_labelled_Olympia_pheeseq_0000061_labelled_mB1.wav,-3.2523193814955214,-0.5041133961609988,-0.9210950978680328,0.750613262352341,0.3242004575621184
81,after_phees_2022-07-19_11-17-29_0000018_labelled_Olympia_pheeseq_0000061_labelled_mB2.wav,-1.8702239035257588,-0.79383738051635,1.384506545851425,0.15653088147187616,-0.5691057013013362
82,after_phees_2022-07-19_11-17-29_0000018_labelled_Olympia_pheeseq_0000062_labelled_mC1.wav,-1.665126613142938,-0.7487620979975751,0.3487297701478023,0.5708910724287256,0.3226858409376749
83,after_phees_2022-07-19_11-17-29_0000018_labelled_Olympia_pheeseq_0000062_labelled_mC2.wav,-1.9948935393780745,-1.194652677738935,0.26851083250940166,0.2781928403069646,0.04095283982784114
84,after_phees_2022-07-19_11-17-29_0000018_labelled_Olympia_pheeseq_0000062_labelled_mC3.wav,-2.7313252938437045,-1.62768442809165,0.12498441364865547,-0.07811818672902072,-0.1450039150997904
85,after_phees_2022-07-19_11-17-29_0000018_labelled_Olympia_pheeseq_0000071_labelled_mB1.wav,-3.273264307401076,1.3044127215725947,0.4272223630156558,0.9039801088631093,0.6880321895609646
86,after_phees_2022-07-19_11-17-29_0000018_labelled_Olympia_pheeseq_0000071_labelled_mB2.wav,-2.9026744892446965,0.5956052143798077,-0.4352969237690285,0.1526826297627112,-0.0053212469025181106
87,after_phees_2022-07-19_11-17-29_0000018_labelled_Olympia_pheeseq_0000072_labelled_mB1.wav,-3.039688782825651,0.5375569398750588,-0.13409271427746522,0.7900609346520029,0.40248849868603975
88,after_phees_2022-07-19_11-17-29_0000018_labelled_Olympia_pheeseq_0000072_labelled_mB2.wav,-3.210994063005947,-0.13032065179107213,-0.29448028674902776,0.3240025688658881,-0.21465228927430427
89,after_phees_2022-07-19_11-17-29_0000018_labelled_Olympia_pheeseq_0000077_labelled_mB1.wav,-3.0746158446604177,0.4956570974886091,-0.44525895242948105,0.7913129157034546,0.4822591378568067
90,after_phees_2022-07-19_11-17-29_0000018_labelled_Olympia_pheeseq_0000077_labelled_mB2.wav,-3.2471468203283753,0.00664665105501583,-0.049091392341523356,0.08125721556627279,-0.4840429513147349
91,after_phees_2022-07-19_11-17-29_0000018_labelled_Olympia_pheeseq_0000082_labelled_mB1.wav,-3.569537072660591,0.9790601699088749,0.9572427564896632,0.1235682203069461,1.1588052313816843
92,after_phees_2022-07-19_11-17-29_0000018_labelled_Olympia_pheeseq_0000082_labelled_mB2.wav,-3.747050925923653,-0.07071822496948729,-0.8225811394353789,-0.06960664580181412,-0.03838751038855397
93,after_phees_2022-07-19_14-36-48_0000021_labelled_Lola_pheeseq_0000003_labelled_mB1.wav,-1.434329693827802,2.871304271688196,0.8200021816448236,0.8926586012989777,0.30917377382180483
94,after_phees_2022-07-19_14-36-48_0000021_labelled_Lola_pheeseq_0000003_labelled_mB2.wav,-0.3383199717684485,2.1790934821018553,1.0107845327421552,0.19571740182694428,0.4849448459206389
95,after_phees_2022-07-19_14-36-48_0000021_labelled_Lola_pheeseq_0000004_labelled_mD1.wav,-1.0173796926772831,2.2402726748743307,-0.4694178294024141,0.47141930059106557,0.24128368814977827
96,after_phees_2022-07-19_14-36-48_0000021_labelled_Lola_pheeseq_0000004_labelled_mD2.wav,-0.4928748522433476,3.02797345893017,-0.15781665664115338,0.4027063603916893,0.22549872047394964
97,after_phees_2022-07-19_14-36-48_0000021_labelled_Lola_pheeseq_0000004_labelled_mD3.wav,-1.011670685153802,2.2655471317519154,-0.33032841506921834,0.5119367450894887,0.2966199335956062
98,after_phees_2022-07-19_14-36-48_0000021_labelled_Lola_pheeseq_0000004_labelled_mD4.wav,-0.9019002095634097,1.5268938518056911,-0.020188782722679016,0.03707333495498002,0.864093916403839
99,after_phees_2022-07-19_14-36-48_0000021_labelled_Lola_pheeseq_0000005_labelled_mC1.wav,-0.39505035068078054,2.2611018259958935,1.0273076011105677,0.07942211287652788,0.4879902225992915
100,after_phees_2022-07-19_14-36-48_0000021_labelled_Lola_pheeseq_0000005_labelled_mC2.wav,0.08397415575151282,2.408542171943109,-0.36071943814712903,0.6650604533687303,-0.024586585754968124
101,after_phees_2022-07-19_14-36-48_0000021_labelled_Lola_pheeseq_0000005_labelled_mC3.wav,-0.8010542197245014,1.698534632892892,-1.2822705678519586,0.5173196517149815,0.4325629930829766
102,after_phees_2022-07-19_14-36-48_0000021_labelled_Lola_pheeseq_0000006_labelled_mB1.wav,-0.4375454169653142,2.767950209638615,-0.7377532718509708,0.7058404738369058,0.5699590512842646
103,after_phees_2022-07-19_14-36-48_0000021_labelled_Lola_pheeseq_0000007_labelled_mC1.wav,-0.3385634861927399,1.984151074963233,-1.9972478038895376,0.1408215869711474,0.38868424057258427
104,after_phees_2022-07-19_14-36-48_0000021_labelled_Lola_pheeseq_0000007_labelled_mC2.wav,0.36298849970158725,2.669120342773458,0.13557611738361208,0.20712655220120274,0.9210986062256441
105,after_phees_2022-07-19_14-36-48_0000021_labelled_Lola_pheeseq_0000007_labelled_mC3.wav,0.03110078106944499,2.040000818695325,1.4523797068771103,0.013856775881017955,-0.008200298003832825
106,after_phees_2022-07-19_14-36-48_0000021_labelled_Lola_pheeseq_0000008_labelled_mC1.wav,0.10632521445381032,1.9168427282677174,1.3916190986517762,0.15022517882710626,0.02688615932650099
107,after_phees_2022-07-19_14-36-48_0000021_labelled_Lola_pheeseq_0000008_labelled_mC2.wav,1.2808684111213957,3.1781292991617396,1.5036208615272095,0.07248765550649337,-0.0062834470066602515
108,after_phees_2022-07-19_14-36-48_0000021_labelled_Lola_pheeseq_0000008_labelled_mC3.wav,-0.36986831335691217,2.5343136300874156,-1.294254595117743,0.2064477540875619,0.3236969597809807
109,after_phees_2022-07-19_14-36-48_0000021_labelled_Lola_pheeseq_0000009_labelled_mB1.wav,-0.45397651670219835,2.670688914245516,-0.14770211187947374,0.5588529207924412,0.21859324068500374
110,after_phees_2022-07-19_14-36-48_0000021_labelled_Lola_pheeseq_0000009_labelled_mB2.wav,0.7854603937246106,2.3597890762452995,0.15734401489995012,-0.3359643207122377,0.14856306473132241
111,after_phees_2022-07-19_14-36-48_0000021_labelled_Lola_pheeseq_0000010_labelled_mC1.wav,0.636531576655261,4.192041335817475,0.5643690204424165,1.0009726423742753,0.5290980247148159
112,after_phees_2022-07-19_14-36-48_0000021_labelled_Lola_pheeseq_0000010_labelled_mC2.wav,0.9463938852125937,3.2779876108157846,0.03709037155007978,-0.23281018338332873,0.656160906773365
113,after_phees_2022-07-19_14-36-48_0000021_labelled_Lola_pheeseq_0000010_labelled_mC3.wav,0.2951763322390048,2.812518436954812,-1.0245165078422418,0.3467602949829377,0.2525502188786262
114,after_phees_2022-07-19_14-36-48_0000021_labelled_Lola_pheeseq_0000011_labelled_mC1.wav,0.22894369985152419,2.8917927509508834,-1.0907601026021856,0.29263707761178787,0.2014934260746873
115,after_phees_2022-07-19_14-36-48_0000021_labelled_Lola_pheeseq_0000011_labelled_mC2.wav,0.6827636000848932,2.9949304315941045,-0.41981242776695915,0.3926741630444945,-0.1272640953170098
116,after_phees_2022-07-19_14-36-48_0000021_labelled_Lola_pheeseq_0000011_labelled_mC3.wav,0.322552471007125,2.717925798870186,0.12744992383212295,0.10509635835724809,0.9659450072281601
117,after_phees_2022-07-19_14-36-48_0000021_labelled_Lola_pheeseq_0000012_labelled_mC1.wav,-0.28717752195079516,2.357502184099217,-1.561563833688852,-0.1373868293875387,0.11261217886182034
118,after_phees_2022-07-19_14-36-48_0000021_labelled_Lola_pheeseq_0000012_labelled_mC2.wav,0.5521328389009593,3.048962819463379,0.22414667416286718,0.6424072332402408,-0.11931301366291543
119,after_phees_2022-07-19_14-36-48_0000021_labelled_Lola_pheeseq_0000012_labelled_mC3.wav,0.7108620335577263,2.3322592393880943,-0.23990058641210946,-0.2637318443298618,0.4468564743776751
120,after_phees_2022-07-19_14-36-48_0000021_labelled_Lola_pheeseq_0000013_labelled_mC1.wav,0.02628603817247813,3.736253557226008,-0.1806287309191213,0.11536904968624423,0.12443356701790086
121,after_phees_2022-07-19_14-36-48_0000021_labelled_Lola_pheeseq_0000013_labelled_mC2.wav,2.2741941758698867,2.247072261305666,1.399483368198251,-0.6324624566229797,0.11831704680080991
122,after_phees_2022-07-19_14-36-48_0000021_labelled_Lola_pheeseq_0000013_labelled_mC3.wav,2.2590011683470244,3.0221828237634742,0.699644186763935,0.025073862296242738,-0.003645228772270533
123,after_phees_2022-07-19_14-36-48_0000021_labelled_Lola_pheeseq_0000014_labelled_mB1.wav,0.31905765068264774,4.034750699330409,-0.7569790051535582,0.30812214120085035,0.6669970693304141
124,after_phees_2022-07-19_14-36-48_0000021_labelled_Lola_pheeseq_0000014_labelled_mB2.wav,2.358140307708472,2.7711311422961162,-0.6297944482921047,0.38511416728559394,0.781173930241355
125,after_phees_2022-07-19_14-36-48_0000021_labelled_Lola_pheeseq_0000017_labelled_mC1.wav,2.1649537249955717,3.121460740019669,0.5210936106381764,-0.30484106196413185,-0.2371422461010855
126,after_phees_2022-07-19_14-36-48_0000021_labelled_Lola_pheeseq_0000017_labelled_mC2.wav,3.1816775428963644,2.6433964884904033,-1.14503547157232,-0.2620058620014823,0.16738142300705275
127,after_phees_2022-07-19_14-36-48_0000021_labelled_Lola_pheeseq_0000017_labelled_mC3.wav,4.189290387954548,1.457509865458404,-1.3545919257609367,-1.1783088456727804,0.027390369225414008
128,after_phees_2022-07-19_14-36-48_0000021_labelled_Lola_pheeseq_0000018_labelled_mC1.wav,0.8947944599303006,3.1035148781674162,0.23613346653358364,-0.21285326133151988,0.5389881558181978
129,after_phees_2022-07-19_14-36-48_0000021_labelled_Lola_pheeseq_0000018_labelled_mC2.wav,1.888806995085624,2.551443014217668,-0.9582097825033897,0.18463075963740516,-0.6999079741336771
130,after_phees_2022-07-19_14-36-48_0000021_labelled_Lola_pheeseq_0000018_labelled_mC3.wav,3.5948440566469504,1.1297703525218095,-1.180377552117372,-1.1742582333460354,-0.014545801690006497
131,after_phees_2022-07-19_14-36-48_0000021_labelled_Lola_pheeseq_0000023_labelled_mB1.wav,-0.06992031988003408,3.660487859804517,1.1529037992596558,0.486228795589209,-0.33347397799901857
132,after_phees_2022-07-19_14-36-48_0000021_labelled_Lola_pheeseq_0000023_labelled_mB2.wav,0.7376674559329061,2.5148281517277415,-0.8222718058378116,0.0971510883780271,-0.35796536069174933
133,after_phees_2022-07-19_14-36-48_0000021_labelled_Lola_pheeseq_0000024_labelled_mB1.wav,-0.6449935821910834,3.272248244810081,-0.013876696014946352,0.4216583884769302,0.33512499273526747
134,after_phees_2022-07-19_14-36-48_0000021_labelled_Lola_pheeseq_0000024_labelled_mB2.wav,0.060295717034733076,2.3827562281366257,-0.5486919984705855,0.5198241887218735,0.036346366083795933
135,after_phees_2022-07-19_14-36-48_0000021_labelled_Lola_pheeseq_0000025_labelled_mB1.wav,-0.4262022848034799,3.733571536202269,-0.4757573479456069,0.11808631682450953,0.466738607750608
136,after_phees_2022-07-19_14-36-48_0000021_labelled_Lola_pheeseq_0000025_labelled_mB2.wav,1.0328153425944862,2.9508163836138195,0.3330775634901802,-0.16066146876431342,0.3726904215316279
137,after_phees_2022-07-19_14-36-48_0000021_labelled_Lola_pheeseq_0000026_labelled_mB1.wav,0.037919049399797206,3.4879187358187385,0.15578947409812877,0.7208747020977979,0.4120206905077932
138,after_phees_2022-07-19_14-36-48_0000021_labelled_Lola_pheeseq_0000026_labelled_mB2.wav,0.6640806735226087,3.0549142127279474,-0.2891396341104002,0.5111891229903104,-0.08209602092411739
139,after_phees_2022-07-19_14-36-48_0000021_labelled_Lola_pheeseq_0000027_labelled_mB2.wav,0.38496861577110625,2.65412862016816,0.11706977106286845,-0.25016777095730725,0.58781067374669
140,after_phees_2022-07-19_14-36-48_0000021_labelled_Lola_pheeseq_0000028_labelled_mB1.wav,0.33873307797719404,3.188233910511792,-0.5352118740158104,0.5298385860120249,0.3338351275161396
141,after_phees_2022-07-19_14-36-48_0000021_labelled_Lola_pheeseq_0000028_labelled_mB2.wav,0.8181103262040956,2.6048107058897756,-1.1678475869580982,0.23366054377940634,-0.1975732104434496
142,after_phees_2022-07-19_14-36-48_0000021_labelled_Lola_pheeseq_0000029_labelled_mC1.wav,-0.2783106533716838,2.551648356755327,-0.7511328979320486,0.44397341093581766,0.37576962408915704
143,after_phees_2022-07-19_14-36-48_0000021_labelled_Lola_pheeseq_0000029_labelled_mC2.wav,0.6610262873212256,2.8059235281656,-0.21447982234711938,0.028013288061360546,-0.5781354580316708
144,after_phees_2022-07-19_14-36-48_0000021_labelled_Lola_pheeseq_0000030_labelled_mC1.wav,0.27263535789307347,2.377306210670999,-0.37500381933946775,-0.500933810527792,0.42746283275016433
145,after_phees_2022-07-19_14-36-48_0000021_labelled_Lola_pheeseq_0000031_labelled_mC2.wav,1.537219666180226,3.2952477763509136,-0.03837255967780412,0.21667424444972017,-0.6761224109625422
146,after_phees_2022-07-19_14-36-48_0000021_labelled_Lola_pheeseq_0000032_labelled_mB1.wav,0.6908065434909229,4.265257823869572,-0.0441057063882837,0.4896685138813771,0.3558241693703491
147,after_phees_2022-07-19_14-36-48_0000021_labelled_Lola_pheeseq_0000033_labelled_mB2.wav,2.301783366060044,3.712756062544935,0.19296633942718788,0.7416826440731966,-0.45837433982699605
148,after_phees_2022-07-19_14-36-48_0000021_labelled_Lola_pheeseq_0000034_labelled_mB1.wav,0.2553822318071015,3.5583631496362678,0.3551209470041356,0.6020086379398947,0.21924422093278498
149,after_phees_2022-07-19_14-36-48_0000021_labelled_Lola_pheeseq_0000034_labelled_mB2.wav,1.7391361419703117,2.850814869486575,-0.6208581354807892,0.21734597102728148,-0.6567183632450432
150,after_phees_2022-07-19_14-36-48_0000021_labelled_Lola_pheeseq_0000035_labelled_mB1.wav,0.35474983297081986,3.20386547317371,-0.4152241821766643,0.5175058775952422,0.26663961650389045
151,after_phees_2022-07-19_14-36-48_0000021_labelled_Lola_pheeseq_0000035_labelled_mB2.wav,1.9501705772169708,3.698686264779595,1.6098476653809,0.29697208456267704,0.12043705969154651
152,after_phees_2022-07-19_14-36-48_0000021_labelled_Lola_pheeseq_0000036_labelled_mB1.wav,0.4287718454868562,3.83589141361205,-0.9495529045660847,0.3622153651697968,0.5888500465085745
153,after_phees_2022-07-19_14-36-48_0000021_labelled_Lola_pheeseq_0000037_labelled_mB1.wav,0.9050153654843148,3.267724986613135,-0.12845100172330345,0.057169066989101854,0.9848227894609752
154,after_phees_2022-07-19_14-36-48_0000021_labelled_Lola_pheeseq_0000037_labelled_mB2.wav,1.9442469287104702,3.5354259204054532,-0.05530410010628019,-0.26672617198284043,0.3705320922990642
155,after_phees_2022-07-19_14-36-48_0000021_labelled_Lola_pheeseq_0000039_labelled_mB1.wav,0.623888267038985,3.8299245182440007,0.46188690876556304,-0.22216195622158724,0.8628159853907157
156,after_phees_2022-07-19_14-36-48_0000021_labelled_Lola_pheeseq_0000039_labelled_mB2.wav,1.2843061240908096,3.757079978137881,0.1916813897664912,0.4598725178528748,-0.13859397630509698
157,after_phees_2022-07-19_14-36-48_0000021_labelled_Lola_pheeseq_0000040_labelled_mC2.wav,1.2576156877042703,3.3014650314214236,-0.5403772684125315,0.1414330250572644,-0.35427561431850074
158,after_phees_2022-07-19_14-36-48_0000021_labelled_Lola_pheeseq_0000040_labelled_mC3.wav,1.8247427372142169,1.9029344160369677,-0.2036447466916265,0.7367054172985632,0.6409737836524239
159,after_phees_2022-07-19_14-36-48_0000021_labelled_Lola_pheeseq_0000041_labelled_mB1.wav,1.270440557649067,2.3591577489887743,0.42167842117148824,-0.1370434744430642,0.021021198266820775
160,after_phees_2022-07-19_14-36-48_0000021_labelled_Lola_pheeseq_0000041_labelled_mB2.wav,2.295873281643904,2.86778736366199,0.3208898226348741,-0.09853431442041655,-0.03115315352518775
161,after_phees_2022-07-19_14-36-48_0000021_labelled_Wuschel_pheeseq_0000002_labelled_mB1.wav,-1.7481834378497494,-0.367442723562854,2.5995542412443586,-0.8564926553953636,-0.4289861824362889
162,after_phees_2022-07-19_14-36-48_0000021_labelled_Wuschel_pheeseq_0000002_labelled_mB2.wav,-1.003314885653143,-0.5807371385800127,-1.0449707625179263,-0.8279887868288401,-0.3725697523885971
163,after_phees_2022-07-20_15-39-44_0000028_labelled_Nougatti_pheeseq_0000003_labelled_mC1.wav,3.1450275176909126,0.8498242793210026,0.7159177151239082,0.035224830586536665,0.030256234463465932
164,after_phees_2022-07-20_15-39-44_0000028_labelled_Nougatti_pheeseq_0000006_labelled_mC2.wav,1.1788184631083112,0.13476855806828977,-0.5496214766538189,-0.03977754553226005,-0.40426219799860963
165,after_phees_2022-07-20_15-39-44_0000028_labelled_Nougatti_pheeseq_0000009_labelled_mC1.wav,0.004992380003458984,1.1300543005048584,-1.0078228453415323,-0.06891400636488593,0.6314164731991091
166,after_phees_2022-07-20_15-39-44_0000028_labelled_Nougatti_pheeseq_0000009_labelled_mC2.wav,1.951823939299974,-0.23025605914890784,0.3392616697623057,-0.15601444094783284,-3.980186677860648e-05
167,after_phees_2022-07-20_15-39-44_0000028_labelled_Nougatti_pheeseq_0000018_labelled_mB1.wav,-0.7873270457288277,1.8973186700008826,-0.5402632883579606,0.6782313812366009,0.2727437250019123
168,after_phees_2022-07-20_15-39-44_0000028_labelled_Nougatti_pheeseq_0000018_labelled_mB2.wav,-0.09942834383851451,0.4933460100674862,0.39031125182102516,0.28547521642133905,0.04684396009399074
169,after_phees_2022-07-20_15-39-44_0000028_labelled_Nougatti_pheeseq_0000019_labelled_mB1.wav,-1.7068512507002729,1.448971644442175,-0.5044617544097322,0.4735134657949803,0.27088923527874303
170,after_phees_2022-07-20_15-39-44_0000028_labelled_Nougatti_pheeseq_0000020_labelled_mB1.wav,-1.6859022480800558,1.3790904081258546,-0.6531621028248581,0.5292002284234306,0.2845760732599423
171,after_phees_2022-07-20_15-39-44_0000028_labelled_Nougatti_pheeseq_0000020_labelled_mB2.wav,-0.19446240997378547,0.6920225742469747,0.6076518929739166,0.08283743551279196,-0.06052058224313309
172,after_phees_2022-07-20_15-39-44_0000028_labelled_Nougatti_pheeseq_0000021_labelled_mB2.wav,1.8835932004305105,0.5794886508152066,1.7632130698572483,-0.184686824303509,-0.22555520638244372
173,after_phees_2022-07-20_15-39-44_0000028_labelled_Nougatti_pheeseq_0000023_labelled_mB1.wav,0.02709546793627803,1.8505559211020852,-0.8017358519438939,0.26491491949230134,-0.2841755311476813
174,after_phees_2022-07-20_15-39-44_0000028_labelled_Nougatti_pheeseq_0000026_labelled_mB1.wav,-0.09776690988284778,1.5440242762253644,-0.07874466861288526,-0.06843143811376984,0.4355470881563364
175,after_phees_2022-07-20_15-39-44_0000028_labelled_Nougatti_pheeseq_0000026_labelled_mB2.wav,1.3451092047924622,0.6197128686559824,-0.11057005393643989,0.15637551509783895,-0.36295117501802576
176,after_phees_2022-07-20_15-39-44_0000028_labelled_Nougatti_pheeseq_0000027_labelled_mB1.wav,-0.5719189762792788,0.6750085464861191,-0.4011460778818241,0.09835835009687936,0.5525957352498305
177,after_phees_2022-07-20_15-39-44_0000028_labelled_Nougatti_pheeseq_0000027_labelled_mB2.wav,1.4029607095668533,0.2930159401826572,1.3089441414263863,-0.4575754656251974,-0.29204164080940703
178,after_phees_2022-07-20_15-39-44_0000028_labelled_Nougatti_pheeseq_0000028_labelled_mB1.wav,-0.33291944736293644,0.1772862670059582,-0.9269730227839569,0.5294202879016349,0.845532129545897
179,after_phees_2022-07-20_15-39-44_0000028_labelled_Nougatti_pheeseq_0000045_labelled_mB1.wav,-0.9956604637569336,2.0089330865606927,-1.1755047966781247,0.24569053379439282,0.30051498880029553
180,after_phees_2022-07-20_15-39-44_0000028_labelled_Nougatti_pheeseq_0000045_labelled_mB2.wav,0.44484757285540005,1.2645317157660603,0.682295246736313,-0.07180291045911373,-0.21693289590210044
181,after_phees_2022-07-20_15-39-44_0000028_labelled_Nougatti_pheeseq_0000046_labelled_mB1.wav,-1.0763879189696006,1.1364517554504125,-0.39786298751037846,-0.06921940539909181,0.843359927975221
182,after_phees_2022-07-20_15-39-44_0000028_labelled_Nougatti_pheeseq_0000046_labelled_mB2.wav,0.634010608816201,0.25912790715774686,1.4605143376121765,-0.4029059187387998,0.03892831441424426
183,after_phees_2022-07-20_15-39-44_0000028_labelled_Nougatti_pheeseq_0000047_labelled_mB1.wav,-0.01924317967275667,1.4731768234527058,0.07973249682663204,0.16743703877165564,0.5172805386911155
184,after_phees_2022-07-20_15-39-44_0000028_labelled_Nougatti_pheeseq_0000050_labelled_mB1.wav,-0.9104335999880793,1.488904166327417,0.763786004622977,-0.011011766569460428,0.2990522742604994
185,after_phees_2022-07-20_15-39-44_0000028_labelled_Nougatti_pheeseq_0000050_labelled_mB2.wav,1.0727406708344573,0.5971664405597806,0.600171510632455,0.3967702210191037,-0.3287685056976732
186,after_phees_2022-07-20_15-39-44_0000028_labelled_Nougatti_pheeseq_0000051_labelled_mB1.wav,-0.7732834878944607,1.1175354939983246,0.0922921012481152,-0.392290572555771,0.17231982663489737
187,after_phees_2022-07-20_15-39-44_0000028_labelled_Nougatti_pheeseq_0000051_labelled_mB3.wav,1.2730463846346158,0.20763366653807255,0.21473166429453375,0.5445457264069592,-0.2701573565310234
188,after_phees_2022-07-20_15-39-44_0000028_labelled_Nougatti_pheeseq_0000052_labelled_mC1.wav,-0.18999623826646125,1.1142199768510106,-1.2438731264013159,-0.48987415375578064,0.5937236375515638
189,after_phees_2022-07-20_15-39-44_0000028_labelled_Nougatti_pheeseq_0000052_labelled_mC2.wav,1.9435177458678277,-0.2667530166969655,0.12114279622997962,-0.4429302589000812,-0.18107050915689052
190,after_phees_2022-07-20_15-39-44_0000028_labelled_Nougatti_pheeseq_0000052_labelled_mC3.wav,1.568572657854795,-1.2518533131907026,-0.13047457277472221,-0.27372503041757357,-0.11861212515085909
191,after_phees_2022-07-20_15-39-44_0000028_labelled_Tabor_pheeseq_0000002_labelled_mD1.wav,0.6266538311799389,-0.9742915358973644,1.142303367868287,-1.736366853476023,-0.10724452894582216
192,after_phees_2022-07-20_15-39-44_0000028_labelled_Tabor_pheeseq_0000002_labelled_mD4.wav,-1.506410661299964,-1.2431081477878094,-1.7905732727513861,-0.6672384507232952,0.09688469303645775
193,after_phees_2022-07-20_15-39-44_0000028_labelled_Tabor_pheeseq_0000002_labelled_mD5.wav,-2.290026939179437,-0.9838365309207505,-2.037953517277692,-0.17771147244106808,-0.42457525023158016
194,after_phees_2022-07-20_15-39-44_0000028_labelled_Tabor_pheeseq_0000002_labelled_mD6.wav,-5.606414443156367,-3.313378521595356,-2.233889282665264,0.27315757216543846,0.24687864336823231
195,after_phees_2022-07-20_15-39-44_0000028_labelled_Tabor_pheeseq_0000004_labelled_mD1.wav,1.5015167929578157,-0.9746041847068446,0.43885042600073354,-1.4320764332606748,0.1656158058494448
196,after_phees_2022-07-20_15-39-44_0000028_labelled_Tabor_pheeseq_0000004_labelled_mD2.wav,0.3738273655388449,-0.6471347970469168,-0.39363026407104346,-0.1883977259932747,-0.6334873116050326
197,after_phees_2022-07-20_15-39-44_0000028_labelled_Tabor_pheeseq_0000004_labelled_mD3.wav,-1.7369195224485625,-0.821882677389051,-1.4444907591805907,-0.8528646141706964,0.033882991678834844
198,after_phees_2022-07-20_15-39-44_0000028_labelled_Tabor_pheeseq_0000004_labelled_mD4.wav,-3.5113117139924332,-1.9507410786483073,-2.309914093148521,0.2511839792233257,0.13397742819420028
199,after_phees_2022-07-20_15-39-44_0000028_labelled_Tabor_pheeseq_0000008_labelled_mC1.wav,-0.31393118124327946,-0.2571491273135039,0.8503396549348652,-0.6455398044268469,0.24730233602425525
200,after_phees_2022-07-20_15-39-44_0000028_labelled_Tabor_pheeseq_0000008_labelled_mC2.wav,-1.6916098323893785,-0.9781423098417756,-1.777805658238237,-0.9448476123821811,0.03768359014725062
201,after_phees_2022-07-20_15-39-44_0000028_labelled_Tabor_pheeseq_0000008_labelled_mC3.wav,-2.221417744399587,-1.030713578616181,-1.8942956319446211,-0.23955839728839293,-0.562467035896706
202,after_phees_2022-07-20_15-39-44_0000028_labelled_Tabor_pheeseq_0000011_labelled_mB1.wav,0.33126504081157465,0.4346009377865472,-0.9767448017805361,-0.6247438205922262,-0.25602385421707935
203,after_phees_2022-07-20_15-39-44_0000028_labelled_Tabor_pheeseq_0000011_labelled_mB3.wav,-0.7377978735381889,-0.7861090688438729,-1.3532850965734917,0.07571960709167848,0.4774143931588681
204,after_phees_2022-07-20_15-39-44_0000028_labelled_Tabor_pheeseq_0000015_labelled_mD1.wav,1.2926129177009615,0.33831516767312503,-1.5691081379027876,-0.09996581505151672,0.1069733553218777
205,after_phees_2022-07-20_15-39-44_0000028_labelled_Tabor_pheeseq_0000015_labelled_mD2.wav,1.2412341916146272,0.37752473616281906,-0.4576920057584333,-1.0089279293441815,0.3044303023774867
206,after_phees_2022-07-20_15-39-44_0000028_labelled_Tabor_pheeseq_0000015_labelled_mD3.wav,-0.9134744332208251,-0.5162273251962836,-1.3986901284474427,-0.8280863391198673,-0.09560990103316658
207,after_phees_2022-07-20_15-39-44_0000028_labelled_Tabor_pheeseq_0000015_labelled_mD4.wav,-2.77237099751804,-1.626003150278105,-2.531781674959571,0.48610700514674077,0.35962789276770357
208,after_phees_2022-07-20_15-39-44_0000028_labelled_Tabor_pheeseq_0000017_labelled_mD1.wav,1.0961428690497421,1.0969632322818132,-3.214799486247311,0.10067518702338772,0.07281659169781177
209,after_phees_2022-07-20_15-39-44_0000028_labelled_Tabor_pheeseq_0000017_labelled_mD2.wav,3.320439837752079,-0.32553627158306053,-0.8378040613380316,-0.7000393194874865,-0.46661933280805706
210,after_phees_2022-07-20_15-39-44_0000028_labelled_Tabor_pheeseq_0000017_labelled_mD3.wav,1.6011694222018846,-0.772947758334995,-0.6900301763458281,-0.7789355626294103,-0.1435001098459164
211,after_phees_2022-07-20_15-39-44_0000028_labelled_Tabor_pheeseq_0000017_labelled_mD4.wav,-1.165641525920268,-0.7980718056090277,-1.7202809575633373,-0.6951878485885474,0.11636229847463997
212,after_phees_2022-07-20_15-39-44_0000028_labelled_Tabor_pheeseq_0000022_labelled_mC1.wav,0.6640425481780707,-0.4249827200700811,-2.3055664325110006,-0.34735917629718654,0.13971839231194164
213,after_phees_2022-07-20_15-39-44_0000028_labelled_Tabor_pheeseq_0000022_labelled_mC3.wav,1.836030582109909,-1.5600377192677772,0.05236215287085737,-1.0808914892364674,0.33466731461653526
214,after_phees_2022-07-20_15-39-44_0000028_labelled_Tabor_pheeseq_0000022_labelled_mC4.wav,-1.0789641040502804,-0.9203093610082935,-1.710038105834352,-0.5094534230908325,0.18513425562420865
215,after_phees_2022-07-20_15-39-44_0000028_labelled_Tabor_pheeseq_0000024_labelled_mC1.wav,0.6197696097689414,-0.564903685507174,0.31118566531783337,-0.6105509809929522,-0.018435441543000627
216,after_phees_2022-07-20_15-39-44_0000028_labelled_Tabor_pheeseq_0000024_labelled_mC2.wav,-0.3845717079320448,-0.34794876423187027,0.1728621027816548,-1.076162067865482,0.23591841997247648
217,after_phees_2022-07-20_15-39-44_0000028_labelled_Tabor_pheeseq_0000024_labelled_mC3.wav,-1.9507645994219363,-1.1141704174757325,-1.7020037161811892,-0.17385341284797215,-0.8177217898726142
218,after_phees_2022-07-20_15-39-44_0000028_labelled_Tabor_pheeseq_0000029_labelled_mD1.wav,1.1211277886427367,-0.7722627901587046,0.039281507211645396,-1.1658249227310646,-0.6172776170339879
219,after_phees_2022-07-20_15-39-44_0000028_labelled_Tabor_pheeseq_0000029_labelled_mD2.wav,0.4589123670362167,-1.0252798855207985,0.15629536893516877,-1.2193651205066045,-0.6103703864618529
220,after_phees_2022-07-20_15-39-44_0000028_labelled_Tabor_pheeseq_0000029_labelled_mD3.wav,-0.5881749331016726,-1.5243790544174263,-1.0570488494435797,-1.3625976147990075,0.12895630053255977
221,after_phees_2022-07-20_15-39-44_0000028_labelled_Tabor_pheeseq_0000029_labelled_mD4.wav,-2.991547014667423,-1.3923811175025258,-1.8998836400704557,-0.3245994572333749,-0.5395863812246524
222,after_phees_2022-07-20_15-39-44_0000028_labelled_Tabor_pheeseq_0000030_labelled_mD1.wav,1.238583652418367,-0.14104651556815953,-0.27129697476205433,-1.2245831151983726,-0.27526758807088003
223,after_phees_2022-07-20_15-39-44_0000028_labelled_Tabor_pheeseq_0000030_labelled_mD3.wav,1.3970724224606317,-2.029812882157048,0.4253544026272564,-1.134668207830249,-0.021564715872805378
224,after_phees_2022-07-20_15-39-44_0000028_labelled_Tabor_pheeseq_0000030_labelled_mD4.wav,-1.256711983895288,-1.7305805859774743,-1.3259184291061004,-0.6854409917937991,-0.48048281184304564
225,after_phees_2022-07-20_15-39-44_0000028_labelled_Tabor_pheeseq_0000030_labelled_mD5.wav,-2.9415781351154124,-1.4860457912243112,-1.9734853899929177,-0.25145400020253705,-0.48854272877708255
226,after_phees_2022-07-20_15-39-44_0000028_labelled_Tabor_pheeseq_0000035_labelled_mC1.wav,-0.37193187711443076,0.10882894853340633,0.747587812817928,-1.1655873227435989,0.09947531294976687
227,after_phees_2022-07-20_15-39-44_0000028_labelled_Tabor_pheeseq_0000035_labelled_mC4.wav,-1.5266093120164541,-0.6158101703825775,-0.5145283083127311,-0.6250746870526238,-0.24063611314304834
228,after_phees_2022-07-20_15-39-44_0000028_labelled_Tabor_pheeseq_0000035_labelled_mC5.wav,-3.1890717295747413,-1.409799055868168,-2.792158381445571,-0.09248751697255456,0.1605605279303716
229,after_phees_2022-07-20_15-39-44_0000028_labelled_Tabor_pheeseq_0000036_labelled_mD1.wav,-0.5100686253035409,0.16955585312725627,1.438626866815918,-0.3979058780083483,0.4054076485936333
230,after_phees_2022-07-20_15-39-44_0000028_labelled_Tabor_pheeseq_0000036_labelled_mD2.wav,-1.217097000012067,0.2066141541844114,-0.3399642975929017,-0.7182184544163107,-0.1569000105008019
231,after_phees_2022-07-20_15-39-44_0000028_labelled_Tabor_pheeseq_0000036_labelled_mD3.wav,-1.7983197784606268,-0.5726958432684318,-0.9012874956411991,-0.860829998370977,-0.14052891093374326
232,after_phees_2022-07-20_15-39-44_0000028_labelled_Tabor_pheeseq_0000037_labelled_mD1.wav,-0.16839475876927235,-0.18579795571420143,-0.52447731286392,-0.08000771893370182,-0.09185844969634124
233,after_phees_2022-07-20_15-39-44_0000028_labelled_Tabor_pheeseq_0000037_labelled_mD2.wav,-0.07212466317762607,-0.39846993852767004,0.6594053122365653,-0.970740726577354,-0.14829687126572275
234,after_phees_2022-07-20_15-39-44_0000028_labelled_Tabor_pheeseq_0000037_labelled_mD3.wav,-1.9168646040821455,-0.2911900476527388,-0.4460997687912246,-0.707567988541267,-0.007954120418646274
235,after_phees_2022-07-20_15-39-44_0000028_labelled_Tabor_pheeseq_0000037_labelled_mD4.wav,-3.499739065073409,-1.7069669400077054,-2.223150671968265,-0.8935486251470545,0.6189805078620831
236,after_phees_2022-07-20_15-39-44_0000028_labelled_Tabor_pheeseq_0000039_labelled_mD1.wav,0.5234966054482306,0.1773820228625117,-1.9104602311568666,-0.494261493672547,0.2739553887475322
237,after_phees_2022-07-20_15-39-44_0000028_labelled_Tabor_pheeseq_0000039_labelled_mD2.wav,0.8014743582067392,-0.6092136104644043,-0.04252112999111994,-0.7799785557414016,-0.047266562718330275
238,after_phees_2022-07-20_15-39-44_0000028_labelled_Tabor_pheeseq_0000039_labelled_mD3.wav,-1.1393708928216781,0.4305795989228622,-1.5230209500119694,-0.27660825987530335,-0.578458239441947
239,after_phees_2022-07-20_15-39-44_0000028_labelled_Tabor_pheeseq_0000039_labelled_mD4.wav,-2.223043765082161,-1.57101648305007,-1.452158636335392,-0.8536265432891845,-0.08375486549973463
240,after_phees_2022-07-20_15-39-44_0000028_labelled_Tabor_pheeseq_0000042_labelled_mD1.wav,2.2729483209426,0.03479550484257899,-1.7986514983167163,0.41667829724595407,0.09634502533765288
241,after_phees_2022-07-20_15-39-44_0000028_labelled_Tabor_pheeseq_0000042_labelled_mD2.wav,2.0710016961514706,-1.5152947629051794,0.5066206808974032,-1.0991642413126357,-0.016457329127753807
242,after_phees_2022-07-20_15-39-44_0000028_labelled_Tabor_pheeseq_0000042_labelled_mD3.wav,0.3253344505986102,-0.9142912714482629,-1.5578545537167812,-0.41341894169463284,-0.4495737435931179
243,after_phees_2022-07-20_15-39-44_0000028_labelled_Tabor_pheeseq_0000042_labelled_mD4.wav,-2.289639090479045,-1.5664763673360502,-1.7238662759821137,-0.7669502538893954,0.11361665361959208
244,after_phees_2022-07-20_15-39-44_0000028_labelled_Tabor_pheeseq_0000043_labelled_mC1.wav,1.6074564516496992,0.3427287844039039,-0.8770060826929359,-0.013052701107435411,-0.31225541502305637
245,after_phees_2022-07-20_15-39-44_0000028_labelled_Tabor_pheeseq_0000043_labelled_mC3.wav,-0.6143662818442132,0.6764580414572788,-0.7127747400601318,-0.6206522321045066,0.11120157478972571
246,after_phees_2022-07-20_15-39-44_0000028_labelled_Tabor_pheeseq_0000043_labelled_mC4.wav,-1.1598571423482953,-1.4720268182126488,-0.7523995161395578,-0.6109456617541513,-0.6615121442550694
247,after_phees_2022-07-20_15-39-44_0000028_labelled_Tabor_pheeseq_0000048_labelled_mC1.wav,0.8391414667466731,0.6219409614118557,-1.9981615608818635,-0.6235074405615908,0.197532042151863
248,after_phees_2022-07-20_15-39-44_0000028_labelled_Tabor_pheeseq_0000048_labelled_mC2.wav,0.824782696629653,-1.8320509549491217,0.14078972846043825,-0.8578609581061267,-0.8237294604886414
249,after_phees_2022-07-20_15-39-44_0000028_labelled_Tabor_pheeseq_0000048_labelled_mC3.wav,-0.740514508577503,-0.9629640396264858,-1.0949720110297838,-0.5996878245551457,-0.3515177408770051
250,after_phees_2022-07-20_15-39-44_0000028_labelled_Tabor_pheeseq_0000049_labelled_mD1.wav,-1.4102848481935908,-1.5026221807211537,-1.2268622795633872,-0.4942660427587299,-0.26384227966768453
251,after_phees_2022-07-20_15-39-44_0000028_labelled_Tabor_pheeseq_0000049_labelled_mD3.wav,0.9209498481303092,-1.477999821299331,-0.4912276830092882,-1.1133988312269942,-0.5861948368981718
252,after_phees_2022-07-20_15-39-44_0000028_labelled_Tabor_pheeseq_0000049_labelled_mD4.wav,-1.3049908017122436,-1.6869840106387468,-1.4200501409865716,-0.7934095190382753,-0.513091785435833
253,after_phees_2022-07-20_15-39-44_0000028_labelled_Tabor_pheeseq_0000049_labelled_mD5.wav,-4.077960312229121,-2.611308885958612,-2.2687441334520324,0.8933517492157512,0.5816623933150767
254,after_phees_2022-07-21_09-36-56_0000029_labelled_Lola_pheeseq_0000004_labelled_mB1.wav,-1.4745650227282003,2.673226081418527,-0.099416361245288,0.3289335993538675,0.2568389590026239
255,after_phees_2022-07-21_09-36-56_0000029_labelled_Lola_pheeseq_0000005_labelled_mB1.wav,-2.0918548280650677,2.296653936732496,1.9181082390031123,0.04839781346709399,0.7642829620726328
256,after_phees_2022-07-21_09-36-56_0000029_labelled_Lola_pheeseq_0000005_labelled_mB2.wav,-0.9893488370533275,1.6431701399062124,-1.480605842073941,-0.040985900778721586,-0.14096523625000115
257,after_phees_2022-07-21_09-36-56_0000029_labelled_Lola_pheeseq_0000038_labelled_mB1.wav,-0.4075440166768217,2.504670957156401,1.7612474748983382,0.11880525812212385,0.19232732179184706
258,after_phees_2022-07-21_09-36-56_0000029_labelled_Lola_pheeseq_0000038_labelled_mB2.wav,0.043989937306483935,2.170309212073861,-0.39104729404821853,0.3505220970006375,-0.33931126628611125
259,after_phees_2022-07-21_09-36-56_0000029_labelled_Lola_pheeseq_0000039_labelled_mC1.wav,-1.1747633828787054,2.3718482605759914,0.32842231685612555,0.7541493561430832,0.2766079728945777
260,after_phees_2022-07-21_09-36-56_0000029_labelled_Lola_pheeseq_0000039_labelled_mC2.wav,-0.7118806607517288,3.1574550601734015,0.28884622960503775,0.38153092039285974,0.1311761731702127
261,after_phees_2022-07-21_09-36-56_0000029_labelled_Lola_pheeseq_0000039_labelled_mC3.wav,-0.3148256805328235,2.0343626537507373,0.530057300644795,-0.43308308427190023,0.1439996499828271
262,after_phees_2022-07-21_09-36-56_0000029_labelled_Lola_pheeseq_0000040_labelled_mC1.wav,-1.8423313313171166,1.557056792231186,-0.8128188743284684,0.2502066448933025,0.2225913322132057
263,after_phees_2022-07-21_09-36-56_0000029_labelled_Lola_pheeseq_0000040_labelled_mC2.wav,0.2545062304745621,1.7010599885659994,1.299148871437706,0.05925953606869632,-0.19793465992218418
264,after_phees_2022-07-21_09-36-56_0000029_labelled_Lola_pheeseq_0000041_labelled_mB1.wav,-1.492589613025061,1.2936226556814319,-1.0502766672046926,0.6294481841266585,0.45891469861827466
265,after_phees_2022-07-21_09-36-56_0000029_labelled_Lola_pheeseq_0000041_labelled_mB2.wav,0.5583409117806123,1.7161750037845682,2.044566573763573,0.36669486946849883,-0.35655271255575494
266,after_phees_2022-07-21_09-36-56_0000029_labelled_Odin_pheeseq_0000007_labelled_mB1.wav,-0.26385967691297946,1.0266080251441696,0.1807439519597798,0.8341480537054757,-0.4935066590897426
267,after_phees_2022-07-21_09-36-56_0000029_labelled_Odin_pheeseq_0000007_labelled_mB2.wav,1.126293053456176,0.10998268921547343,0.15788203646875779,0.2895488985659038,-0.5741598019210571
268,after_phees_2022-07-21_09-36-56_0000029_labelled_Odin_pheeseq_0000009_labelled_mB1.wav,0.8718570793989648,0.17065594810619317,1.2500552744207332,-0.2224264408943762,0.12641166972311088
269,after_phees_2022-07-21_09-36-56_0000029_labelled_Odin_pheeseq_0000009_labelled_mB2.wav,0.4402566894869126,1.4028623017673054,-1.1620213951001166,0.2955566744543373,-0.3605958146489588
270,after_phees_2022-07-21_09-36-56_0000029_labelled_Odin_pheeseq_0000011_labelled_mB1.wav,0.41325999444856126,1.3346763707016884,0.7500200762191405,-0.144101609003467,-0.3122367410907226
271,after_phees_2022-07-21_09-36-56_0000029_labelled_Odin_pheeseq_0000011_labelled_mB2.wav,0.4445845514846898,1.1356551340207082,0.18767510494966724,-0.378854549137493,-0.33275855391961207
272,after_phees_2022-07-21_09-36-56_0000029_labelled_Odin_pheeseq_0000015_labelled_mB1.wav,-0.11295541241164977,0.340435152949578,0.7260571972037596,-0.06066558276900696,-0.5742767801109331
273,after_phees_2022-07-21_09-36-56_0000029_labelled_Odin_pheeseq_0000015_labelled_mB2.wav,0.8031043035641237,1.1679849741325148,-1.0542885075091721,0.4880107553207662,-0.606513410616331
274,after_phees_2022-07-21_09-36-56_0000029_labelled_Odin_pheeseq_0000017_labelled_mB1.wav,-0.17734582641126528,0.6797607304309973,0.5931432737943484,-0.11443122336997277,-0.27852631461134214
275,after_phees_2022-07-21_09-36-56_0000029_labelled_Odin_pheeseq_0000017_labelled_mB2.wav,2.073597779849213,-0.707315674102515,1.5248509765721108,0.06074297455595864,-0.6738198137505913
276,after_phees_2022-07-21_09-36-56_0000029_labelled_Odin_pheeseq_0000018_labelled_mB1.wav,0.9617115358753351,0.6747178077480446,0.3248558468783324,0.17199072476886265,-0.32359667572470907
277,after_phees_2022-07-21_09-36-56_0000029_labelled_Odin_pheeseq_0000018_labelled_mB2.wav,2.5852123245535124,0.26359898293888984,1.1279033848948572,-0.23011598989328058,-0.4943158836340113
278,after_phees_2022-07-21_09-36-56_0000029_labelled_Odin_pheeseq_0000019_labelled_mB1.wav,0.3309473260696722,1.3780687801747022,0.555484305140331,-0.04995018061956695,-0.06704764314925657
279,after_phees_2022-07-21_09-36-56_0000029_labelled_Odin_pheeseq_0000019_labelled_mB2.wav,1.1758057141547504,1.4194762099206815,-0.22070599036163643,0.7667079713629573,-0.7832898003740668
280,after_phees_2022-07-21_09-36-56_0000029_labelled_Odin_pheeseq_0000020_labelled_mB1.wav,-0.3590860616468092,1.0783036401183854,-0.17972091927816314,0.44501638808023264,-0.7388272483121846
281,after_phees_2022-07-21_09-36-56_0000029_labelled_Odin_pheeseq_0000020_labelled_mB2.wav,0.5710114641499905,0.9150778271321455,0.05636064446668066,-0.14048072112823026,-0.20907268018756697
282,after_phees_2022-07-21_09-36-56_0000029_labelled_Odin_pheeseq_0000021_labelled_mB1.wav,0.7900113834108355,0.36957985358744155,0.20541137684444113,-0.06821964429305709,-0.5884716418282537
283,after_phees_2022-07-21_09-36-56_0000029_labelled_Odin_pheeseq_0000021_labelled_mB2.wav,2.497037490832597,-0.36089376715515586,0.6972150523094615,0.25340907331441775,-0.03936796109107253
284,after_phees_2022-07-21_09-36-56_0000029_labelled_Odin_pheeseq_0000022_labelled_mC1.wav,0.6369751937317157,0.7945000723477015,-1.3207115571197119,0.4240065632561931,-0.6038893742944365
285,after_phees_2022-07-21_09-36-56_0000029_labelled_Odin_pheeseq_0000022_labelled_mC3.wav,3.7929433338720595,-0.490751624425873,0.7327635292037319,-0.20675581063673343,0.48154777413518873
286,after_phees_2022-07-21_09-36-56_0000029_labelled_Odin_pheeseq_0000022_labelled_mC4.wav,2.2122678602327808,-0.1353281059264689,-0.37955937563073566,0.692570076431592,-0.37324568355844984
287,after_phees_2022-07-21_09-36-56_0000029_labelled_Odin_pheeseq_0000023_labelled_mC1.wav,0.9415859495072454,-2.506854849040412,0.30518494971011045,0.21869472749697141,-0.4092081137992335
288,after_phees_2022-07-21_09-36-56_0000029_labelled_Odin_pheeseq_0000023_labelled_mC3.wav,3.8611609009777985,-1.276053360998482,0.3472611864757945,-0.37754279853460765,0.04505731679563505
289,after_phees_2022-07-21_09-36-56_0000029_labelled_Odin_pheeseq_0000023_labelled_mC4.wav,3.1773133594613463,-0.8328638480398399,-0.7764692134592863,0.24668146685837541,0.24415327726455663
290,after_phees_2022-07-21_09-36-56_0000029_labelled_Odin_pheeseq_0000050_labelled_mB1.wav,0.007406013630193668,0.23050666429416716,0.9747558396909694,0.37956999827614,-0.39966900655786736
291,after_phees_2022-07-21_09-36-56_0000029_labelled_Odin_pheeseq_0000050_labelled_mB2.wav,0.6618522288222924,-0.5478500929980038,0.6092234752969324,0.5907477336145189,-0.6025584570154895
292,after_phees_2022-07-21_09-36-56_0000029_labelled_Odin_pheeseq_0000051_labelled_mC1.wav,0.16110123510531052,-0.10374080764692832,0.5239781398660684,0.08043214090375557,-0.5180290761526701
293,after_phees_2022-07-21_09-36-56_0000029_labelled_Odin_pheeseq_0000051_labelled_mC2.wav,1.2556572165124495,0.1396500334188612,-0.10990104342913583,0.375984710711213,-0.2539096672106057
294,after_phees_2022-07-21_09-36-56_0000029_labelled_Odin_pheeseq_0000051_labelled_mC3.wav,1.4903219266038754,-1.0670895433240366,0.18075692101213953,0.03156309791050973,0.0578901728809921
295,after_phees_2022-07-21_09-36-56_0000029_labelled_Odin_pheeseq_0000052_labelled_mB1.wav,0.7395373049448444,0.38895503227022715,0.09881109461968338,0.1808428365908665,-0.27843122255044167
296,after_phees_2022-07-21_09-36-56_0000029_labelled_Odin_pheeseq_0000052_labelled_mB2.wav,1.5918352537418046,-0.15369597886777694,-0.3038650596076058,0.693520809743558,-0.3105956765186053
297,after_phees_2022-07-21_09-36-56_0000029_labelled_Odin_pheeseq_0000053_labelled_mC1.wav,0.20945906401345712,-1.2164535478019953,-0.2328493324766924,0.3744707921967417,-0.5298877895852797
298,after_phees_2022-07-21_09-36-56_0000029_labelled_Odin_pheeseq_0000053_labelled_mC3.wav,1.8847886678858996,-1.6313300044634165,0.18957731770312072,0.6275967066333877,0.29048013642329107
299,after_phees_2022-07-21_09-36-56_0000029_labelled_Odin_pheeseq_0000053_labelled_mC4.wav,2.6255975056492846,-1.0423280585968326,-0.02107117710501099,0.27688012934995265,-0.0678537293942677
300,after_phees_2022-07-21_13-24-57_0000034_labelled_Olympia_pheeseq_0000004_labelled_mC2.wav,-0.2683040608694408,-0.16799315769628154,-1.0013435997248399,-0.6012664529501823,-0.26691007050289545
301,after_phees_2022-07-21_13-24-57_0000034_labelled_Olympia_pheeseq_0000004_labelled_mC3.wav,-3.5991379752249286,-2.249857465486566,-0.3561781656606268,0.2359495623448431,0.4891995476015821
302,after_phees_2022-07-21_13-24-57_0000034_labelled_Olympia_pheeseq_0000014_labelled_mB1.wav,-2.6632635440701913,0.5470223130626807,1.844924146634873,0.9496330694314146,-0.6243891615061585
303,after_phees_2022-07-21_13-24-57_0000034_labelled_Olympia_pheeseq_0000014_labelled_mB2.wav,-3.1657071172859386,-1.501411270252576,-0.6848093504578858,-0.20542181488675576,0.33646491693210717
304,after_phees_2022-07-21_13-24-57_0000034_labelled_Wuschel_pheeseq_0000002_labelled_mB1.wav,-4.866042416392359,1.4194564310902276,2.9875493486178692,0.8336660223143497,-0.009952237989235222
305,after_phees_2022-07-21_13-24-57_0000034_labelled_Wuschel_pheeseq_0000002_labelled_mB2.wav,-4.210219911438662,-1.122474035697332,0.6182915393037286,0.08050394598956971,0.4485908755658497
306,after_phees_2022-07-21_13-48-50_0000035_labelled_Tabor_pheeseq_0000005_labelled_mC1.wav,-1.1269647524446709,-0.11111150074577796,-0.9318113538869519,-0.4689277728917822,0.23374586867137795
307,after_phees_2022-07-21_13-48-50_0000035_labelled_Tabor_pheeseq_0000005_labelled_mC4.wav,-1.6746673827481007,-0.7513166936210544,-0.8010712439314247,-0.20888175840488618,0.3442288239628406
308,after_phees_2022-07-21_13-48-50_0000035_labelled_Tabor_pheeseq_0000005_labelled_mC5.wav,-3.4084843348527896,-2.0859357727430026,-2.1174356655058277,1.2378502581285222,0.8132415336257872
309,after_phees_2022-07-21_13-48-50_0000035_labelled_Tabor_pheeseq_0000006_labelled_mC1.wav,0.3225219878013245,-0.18021322719838412,0.18066840966708306,-1.1649038042020428,-0.13982100752990825
310,after_phees_2022-07-21_13-48-50_0000035_labelled_Tabor_pheeseq_0000006_labelled_mC3.wav,-1.8568770809227741,-0.22151862036478132,-2.195713355296219,-0.05877420172709791,-0.05645456132839581
311,after_phees_2022-07-21_13-48-50_0000035_labelled_Tabor_pheeseq_0000006_labelled_mC4.wav,-1.510916137382826,-1.513316729860416,-1.7106654159678738,-0.5051022920730174,-0.02156087447036925
312,after_phees_2022-07-21_13-48-50_0000035_labelled_Tabor_pheeseq_0000007_labelled_mD1.wav,-0.7212970722350138,-1.1905853219888258,-1.7668896217786738,-0.5535644078718518,-0.13239980135685572
313,after_phees_2022-07-21_13-48-50_0000035_labelled_Tabor_pheeseq_0000007_labelled_mD2.wav,-0.03882586341194882,-2.2141053665460797,-0.511385412690943,-0.5204698798092932,0.03516367536012566
314,after_phees_2022-07-21_13-48-50_0000035_labelled_Tabor_pheeseq_0000007_labelled_mD3.wav,-0.04586109744236963,-1.9450859170552561,-0.675198490756358,-0.7648369131789781,0.041374975180894696
315,after_phees_2022-07-21_13-48-50_0000035_labelled_Tabor_pheeseq_0000007_labelled_mD4.wav,-2.5428038172106273,-1.0146017666672433,-2.3040754594006603,-0.2821422103334235,-0.3672406596299324
316,after_phees_2022-07-21_13-48-50_0000035_labelled_Tabor_pheeseq_0000008_labelled_mB1.wav,0.32732808686681786,0.40231805672135407,-1.1165073473079943,-0.7541111459697852,-0.28367351004489155
317,after_phees_2022-07-21_13-48-50_0000035_labelled_Tabor_pheeseq_0000008_labelled_mB3.wav,-0.3251632445573577,-1.3230825551087935,-1.2010552805729493,-0.6367904711254392,-0.7222202406498993
318,after_phees_2022-07-21_13-48-50_0000035_labelled_Tabor_pheeseq_0000015_labelled_mC1.wav,-1.1542570536662204,-0.7374928275684693,0.05958520605525052,-1.1606644184660364,0.23881662880269702
319,after_phees_2022-07-21_13-48-50_0000035_labelled_Tabor_pheeseq_0000015_labelled_mC3.wav,-1.74483625189721,-0.6484918203575717,-0.8536582696696049,-0.544945456657928,0.07332427348121133
320,after_phees_2022-07-21_13-48-50_0000035_labelled_Tabor_pheeseq_0000015_labelled_mC4.wav,-3.1415952621824776,-1.541678658463324,-1.9867410554166294,0.24258492916174318,-0.09381130330843634
321,after_phees_2022-07-21_13-48-50_0000035_labelled_Tabor_pheeseq_0000016_labelled_mB1.wav,-1.7447306147300192,1.2829048890069945,-1.387183391273994,-0.36407125353231856,-0.12176907688497053
322,after_phees_2022-07-21_13-48-50_0000035_labelled_Tabor_pheeseq_0000016_labelled_mB3.wav,-2.7352945871573686,0.24961252814759397,-0.7916945782925138,0.4295302169813999,0.2010891110100959
323,after_phees_2022-07-21_13-48-50_0000035_labelled_Tabor_pheeseq_0000019_labelled_mB1.wav,-2.2149026332523016,1.0002753134391922,-0.743555072207325,-0.29335748749515933,-0.2711730924399634
324,after_phees_2022-07-21_13-48-50_0000035_labelled_Tabor_pheeseq_0000019_labelled_mB3.wav,-2.9552500295610376,0.2689099777788458,-0.8220282571178874,-0.17471960554784033,-0.2129237127280175
325,after_phees_2022-07-25_13-47-10_0000038_labelled_Lola_pheeseq_0000002_labelled_mD1.wav,0.609600871057851,1.7823239944448448,-0.8524976676898218,-0.3761212764458036,0.34299135612900317
326,after_phees_2022-07-25_13-47-10_0000038_labelled_Lola_pheeseq_0000002_labelled_mD2.wav,0.3369303441277275,3.2861767162462883,-0.2507737348237175,0.2851141279858004,0.0752052171827855
327,after_phees_2022-07-25_13-47-10_0000038_labelled_Lola_pheeseq_0000002_labelled_mD3.wav,1.0530955378104074,2.4649381456996373,-0.3265582195328346,0.11757886728432973,-0.7871192147908149
328,after_phees_2022-07-25_13-47-10_0000038_labelled_Lola_pheeseq_0000002_labelled_mD4.wav,2.221525034310641,1.0428234498353985,-1.3872999044644254,0.18911856739051178,0.2957381947890633
329,after_phees_2022-07-25_13-47-10_0000038_labelled_Lola_pheeseq_0000003_labelled_mC1.wav,-0.013486031148773494,1.244439542115428,-0.7160208896204504,-0.18476263030128742,0.5016057764625336
330,after_phees_2022-07-25_13-47-10_0000038_labelled_Lola_pheeseq_0000003_labelled_mC2.wav,1.7696426983598532,3.2525271387740897,-0.009225625984231382,-0.03311414507042415,0.502939886931463
331,after_phees_2022-07-25_13-47-10_0000038_labelled_Lola_pheeseq_0000003_labelled_mC3.wav,2.175806603881281,2.5405545767671063,-0.6459639574544074,-0.41748821982448436,0.04348619511850824
332,after_phees_2022-07-25_13-47-10_0000038_labelled_Lola_pheeseq_0000004_labelled_mC1.wav,0.7260071860470264,0.7712876162883494,0.44106274914590055,-0.18569525505620268,0.9901326226744124
333,after_phees_2022-07-25_13-47-10_0000038_labelled_Lola_pheeseq_0000004_labelled_mC2.wav,1.6264451634241017,2.604269999601645,1.1552049734821197,0.15142968531836917,-0.08380698267660992
334,after_phees_2022-07-25_13-47-10_0000038_labelled_Lola_pheeseq_0000004_labelled_mC3.wav,-0.2984136250705182,2.5331488187253925,-1.9782216864871731,0.08418027878296627,0.6007043035680769
335,after_phees_2022-07-25_13-47-10_0000038_labelled_Lola_pheeseq_0000005_labelled_mC1.wav,0.10678856617267612,1.9377722327054392,-1.098145428950849,0.43863291483804356,0.1096179993486989
336,after_phees_2022-07-25_13-47-10_0000038_labelled_Lola_pheeseq_0000005_labelled_mC2.wav,1.450640122746548,2.976457570713749,0.5934215299932337,-0.04830315306390009,0.2760426631022724
337,after_phees_2022-07-25_13-47-10_0000038_labelled_Lola_pheeseq_0000006_labelled_mC1.wav,1.6510002573001166,1.5867003588941622,-0.4001398791844052,0.32149057672515075,0.26215671065302254
338,after_phees_2022-07-25_13-47-10_0000038_labelled_Lola_pheeseq_0000006_labelled_mC2.wav,1.187256027981782,3.59386942215473,0.16928643252082598,0.39164434851867813,-0.3130618041443238
339,after_phees_2022-07-25_13-47-10_0000038_labelled_Lola_pheeseq_0000006_labelled_mC3.wav,0.06795777084503114,3.364365200377965,-0.15744515282867855,0.507573424947472,0.32619751440967865
340,after_phees_2022-07-25_13-47-10_0000038_labelled_Lola_pheeseq_0000008_labelled_mC1.wav,0.18485270919654126,2.222341112521375,-0.5184011410137678,0.5762231040531445,-0.032938300273154836
341,after_phees_2022-07-25_13-47-10_0000038_labelled_Lola_pheeseq_0000008_labelled_mC2.wav,2.3700342269627908,3.315725184372314,1.4140034994565516,-0.0011709723029609345,-0.3937791653480939
342,after_phees_2022-07-25_13-47-10_0000038_labelled_Lola_pheeseq_0000008_labelled_mC3.wav,-0.08792275948011216,2.7296207673760753,-1.0098191092749802,-0.31426093970688007,1.2984273484170135
343,after_phees_2022-07-25_13-47-10_0000038_labelled_Lola_pheeseq_0000013_labelled_mC1.wav,0.615859710455297,3.9257835162766006,-0.5327178605954886,0.37550819956200654,0.3811975999162455
344,after_phees_2022-07-25_13-47-10_0000038_labelled_Lola_pheeseq_0000013_labelled_mC2.wav,0.6693639468940198,3.8512083107658035,-0.6149706406926366,0.05452326320525104,0.054251517515367775
345,after_phees_2022-07-25_13-47-10_0000038_labelled_Lola_pheeseq_0000013_labelled_mC3.wav,1.3272639613634365,2.4361400758964464,-0.028303917880652212,-0.03491132396115751,0.41080706775779047
346,after_phees_2022-07-25_13-47-10_0000038_labelled_Lola_pheeseq_0000014_labelled_mD1.wav,0.33275118004113835,2.7339044393866843,-1.1313562369332157,0.27442632930732697,0.19970437954088277
347,after_phees_2022-07-25_13-47-10_0000038_labelled_Lola_pheeseq_0000014_labelled_mD2.wav,0.8532483865904589,3.2525976136737547,0.5425532348940537,-0.19880320471437887,0.4584611558898393
348,after_phees_2022-07-25_13-47-10_0000038_labelled_Lola_pheeseq_0000014_labelled_mD3.wav,1.3862872927824288,2.53716414580505,0.7906325496933067,-0.22543505543122672,-0.17589723797441945
349,after_phees_2022-07-25_13-47-10_0000038_labelled_Lola_pheeseq_0000014_labelled_mD7.wav,-0.600494481856975,3.043839932753461,-0.5742457561772509,0.42450408933122075,0.4916325574211457
350,after_phees_2022-07-25_13-47-10_0000038_labelled_Lola_pheeseq_0000016_labelled_mC1.wav,1.0323094252187925,3.4407536569734765,-1.2952677089189277,0.38509911368518973,0.37609047383018845
351,after_phees_2022-07-25_13-47-10_0000038_labelled_Lola_pheeseq_0000016_labelled_mC2.wav,1.370468308706503,4.200920455063525,1.4120417100092495,0.0621341172551556,0.5196792998670963
352,after_phees_2022-07-25_13-47-10_0000038_labelled_Lola_pheeseq_0000016_labelled_mC3.wav,1.7266360245988803,2.284110206950999,-0.43143108895841964,0.33365726185217726,0.6412738704290023
353,after_phees_2022-07-25_13-47-10_0000038_labelled_Lola_pheeseq_0000020_labelled_mC1.wav,-0.22745329675705547,2.616498072641046,-0.3417199222782172,0.3024254917738645,0.05678026293990404
354,after_phees_2022-07-25_13-47-10_0000038_labelled_Lola_pheeseq_0000020_labelled_mC2.wav,1.2248335517964397,2.6776204916924526,0.24795291107235823,-0.3643193153203551,0.09463526698889493
355,after_phees_2022-07-25_13-47-10_0000038_labelled_Lola_pheeseq_0000020_labelled_mC5.wav,-1.186462476121558,2.4490880224097893,-0.5144047496475669,0.4157222803941643,0.4267474084923059
356,after_phees_2022-07-25_13-47-10_0000038_labelled_Lola_pheeseq_0000021_labelled_mB1.wav,-0.3813130904024899,1.2763879571445542,-1.6109043492175044,-0.7376346923446049,0.6387383791186854
357,after_phees_2022-07-25_13-47-10_0000038_labelled_Lola_pheeseq_0000021_labelled_mB2.wav,1.6994978507905976,1.5700980322426819,1.2178223418233756,-0.6622875045673436,0.06055736877435129
358,after_phees_2022-07-25_13-47-10_0000038_labelled_Lola_pheeseq_0000022_labelled_mB1.wav,0.6314308017270962,2.6866297144432254,-0.9174360933216137,0.45051765835732477,0.1480617522375809
359,after_phees_2022-07-25_13-47-10_0000038_labelled_Lola_pheeseq_0000022_labelled_mB2.wav,2.2092833043884674,3.0200476043935374,0.4065086092637245,-0.20670843833543673,-0.12944010718959428
360,after_phees_2022-07-25_13-47-10_0000038_labelled_Lola_pheeseq_0000025_labelled_mC1.wav,1.4857035799610847,3.802354167389977,0.4935039147834926,-0.2686706615524205,0.3103789880021864
361,after_phees_2022-07-25_13-47-10_0000038_labelled_Lola_pheeseq_0000025_labelled_mC3.wav,4.194236610823374,1.1113920611348078,-1.4849478720859313,-1.0602926456217032,-0.00023906261903507972
362,after_phees_2022-07-25_13-47-10_0000038_labelled_Lola_pheeseq_0000036_labelled_mB1.wav,1.0901736815487686,2.9189219622929885,0.46514304036003973,-0.2177967741174415,0.2115589350155984
363,after_phees_2022-07-25_13-47-10_0000038_labelled_Lola_pheeseq_0000036_labelled_mB2.wav,2.4435020640278764,0.8110382629971297,-2.397059711380425,1.043129214241504,-0.1456374546776097
364,after_phees_2022-07-25_13-47-10_0000038_labelled_Lola_pheeseq_0000037_labelled_mB1.wav,-0.4849230247599469,3.1163556923785674,0.14812879107423088,0.31639775680843624,0.01951847828032183
365,after_phees_2022-07-25_13-47-10_0000038_labelled_Lola_pheeseq_0000037_labelled_mB2.wav,0.2530301619399057,2.0701570431311698,-0.7091093700881991,0.7405232284989607,0.05114776476473174
366,after_phees_2022-07-25_13-47-10_0000038_labelled_Lola_pheeseq_0000038_labelled_mC1.wav,-0.47202250696800835,3.022174491942418,-0.040515188660015466,0.5567040115091204,0.3476964954601588
367,after_phees_2022-07-25_13-47-10_0000038_labelled_Lola_pheeseq_0000038_labelled_mC2.wav,0.15991810609922646,3.0249081695160616,0.3185041463919306,-0.4009479474289752,0.5728815264774516
368,after_phees_2022-07-25_13-47-10_0000038_labelled_Lola_pheeseq_0000039_labelled_mC2.wav,0.9627762684281064,3.1991710902477424,0.8346833823707708,-0.23340836789005098,0.20372194588601927
369,after_phees_2022-07-25_13-47-10_0000038_labelled_Lola_pheeseq_0000039_labelled_mC3.wav,1.641156094327506,2.6211783022225137,-0.9355441368188309,0.957477793129671,0.17330251549488263
370,after_phees_2022-07-25_13-47-10_0000038_labelled_Lola_pheeseq_0000040_labelled_mC1.wav,0.44932644434601565,2.525392035227925,1.0109673847804996,-0.021714580054862057,0.2755421202942725
371,after_phees_2022-07-25_13-47-10_0000038_labelled_Lola_pheeseq_0000040_labelled_mC2.wav,2.3464141597164936,2.843504839507972,0.4479605917704813,-0.18685269434682863,-0.19181503454660798
372,after_phees_2022-07-25_13-47-10_0000038_labelled_Lola_pheeseq_0000040_labelled_mC3.wav,1.4310390438588698,2.867600967225749,-1.1643638631612774,0.2884196295576545,-0.09913405822375602
373,after_phees_2022-07-25_13-47-10_0000038_labelled_Lola_pheeseq_0000041_labelled_mC1.wav,-0.15468514159874744,2.584792718058993,-0.12476834007556699,0.2844524722127512,-0.08515355512954996
374,after_phees_2022-07-25_13-47-10_0000038_labelled_Lola_pheeseq_0000041_labelled_mC2.wav,2.4087727198985824,2.0212427017138532,1.1878380664036536,-0.9086335406571159,-0.17971046501375085
375,after_phees_2022-07-25_13-47-10_0000038_labelled_Lola_pheeseq_0000041_labelled_mC3.wav,1.7153276200056367,2.419717479733663,-1.3180718434714922,0.7099560990003966,0.044917786490372244
376,after_phees_2022-07-25_13-47-10_0000038_labelled_Lola_pheeseq_0000042_labelled_mB1.wav,1.039027801339335,2.9706099835818023,0.4377901843237196,-0.12970358704395363,0.376318106841222
377,after_phees_2022-07-25_13-47-10_0000038_labelled_Lola_pheeseq_0000043_labelled_mB1.wav,0.35603536945277514,2.516971655552839,0.5492467018157825,-0.019085873221695387,0.44738972394311805
378,after_phees_2022-07-25_13-47-10_0000038_labelled_Lola_pheeseq_0000044_labelled_mB1.wav,0.30290135489249176,2.844942915129212,-0.9519479053402814,-0.018578846432189818,-0.08963413560772472
379,after_phees_2022-07-25_13-47-10_0000038_labelled_Lola_pheeseq_0000044_labelled_mB2.wav,1.479286496524834,2.6206632831302903,-0.584240536220243,-0.5039153811385351,0.14479519550100298
380,after_phees_2022-07-25_13-47-10_0000038_labelled_Lola_pheeseq_0000045_labelled_mB1.wav,0.40400448602192496,3.0872521577718244,-0.6025516735739732,0.38466115992138095,0.197641363938634
381,after_phees_2022-07-25_13-47-10_0000038_labelled_Lola_pheeseq_0000045_labelled_mB2.wav,1.9713244643290078,3.396383050256277,0.594325096331786,-0.21096722714583926,-0.012763745959832856
382,after_phees_2022-07-25_13-47-10_0000038_labelled_Lola_pheeseq_0000046_labelled_mB1.wav,0.8155488839421936,3.5079229369366245,1.24355939577584,-0.008408621535410547,0.36091858324078774
383,after_phees_2022-07-25_13-47-10_0000038_labelled_Lola_pheeseq_0000046_labelled_mB2.wav,2.131449846126401,3.3200802616518366,1.137985144912332,0.1977947973334358,0.04307049321621571
384,after_phees_2022-07-25_13-47-10_0000038_labelled_Lola_pheeseq_0000047_labelled_mB1.wav,0.5916490368211491,3.9112554409874316,1.638414164517878,0.20724102688595664,0.6258744726656247
385,after_phees_2022-07-25_13-47-10_0000038_labelled_Lola_pheeseq_0000047_labelled_mB2.wav,1.1493698501681637,3.4011348085572046,-0.6908686398856594,0.1928600214222816,-0.2035076134064521
386,after_phees_2022-07-25_13-47-10_0000038_labelled_Lola_pheeseq_0000048_labelled_mB1.wav,0.3257629719385939,2.448200829539479,0.1976991450017756,0.1481052330574219,0.6672251383706697
387,after_phees_2022-07-25_13-47-10_0000038_labelled_Lola_pheeseq_0000048_labelled_mB2.wav,1.3489568187546612,2.863630503784247,0.7438000959926154,0.03160778666057274,0.12828995034632706
388,after_phees_2022-07-25_13-47-10_0000038_labelled_Lola_pheeseq_0000049_labelled_mB1.wav,0.0826889153476791,3.3299834721553556,-0.3003655516964115,0.020994876259261438,-0.057123545121583096
389,after_phees_2022-07-25_13-47-10_0000038_labelled_Lola_pheeseq_0000049_labelled_mB3.wav,1.021806649392565,4.128476649266805,1.2502761872557953,0.3864489627937647,-0.4114501398739093
390,after_phees_2022-07-25_13-47-10_0000038_labelled_Lola_pheeseq_0000050_labelled_mB2.wav,2.1041524490366528,3.451737724161563,-0.9110252854835447,0.133433557547834,-0.37808936348761735
391,after_phees_2022-07-25_13-47-10_0000038_labelled_Lola_pheeseq_0000051_labelled_mB2.wav,1.6239476283462682,3.660941328769806,0.6835196806178966,0.7848172376726172,-0.3793481427663821
392,after_phees_2022-07-25_13-47-10_0000038_labelled_Lola_pheeseq_0000055_labelled_mB1.wav,0.6207770474181303,4.137570976472872,0.16772453427596537,0.314640648918343,0.042643450685392846
393,after_phees_2022-07-25_13-47-10_0000038_labelled_Lola_pheeseq_0000055_labelled_mB2.wav,1.3478953701401526,3.110817431119752,0.5187270813981295,-0.3835563177777964,0.0990894024603825
394,after_phees_2022-07-25_13-47-10_0000038_labelled_Lola_pheeseq_0000058_labelled_mB1.wav,0.04489883886552649,3.4306337012132864,-0.11147271933188213,0.18503413436282998,0.02082059406004378
395,after_phees_2022-07-25_13-47-10_0000038_labelled_Lola_pheeseq_0000058_labelled_mB2.wav,1.4824641864298516,2.6630335533893947,0.6897871971139662,0.09778232421816387,0.11353156891069802
396,after_phees_2022-07-25_13-47-10_0000038_labelled_Wuschel_pheeseq_0000010_labelled_mB1.wav,-3.019501012212408,0.31474322564514073,1.3644222194880853,-0.19880100501713688,0.06789875571094889
397,after_phees_2022-07-25_13-47-10_0000038_labelled_Wuschel_pheeseq_0000010_labelled_mB2.wav,-3.1327648332560205,0.01133209370667929,0.5292738968127034,0.26516833336553114,-0.5547687231489341
398,after_phees_2022-07-25_13-47-10_0000038_labelled_Wuschel_pheeseq_0000011_labelled_mB1.wav,-3.8253597850711234,0.3060261800969195,2.4037328351682965,-0.07029488243991025,-0.0844721331650039
399,after_phees_2022-07-25_13-47-10_0000038_labelled_Wuschel_pheeseq_0000011_labelled_mB2.wav,-2.9654512339732233,-0.9387646609804672,1.419137683148232,0.11804880618392181,-0.1950735864211743
400,after_phees_2022-07-25_13-47-10_0000038_labelled_Wuschel_pheeseq_0000012_labelled_mB1.wav,-3.8547004290277913,0.36644215144743786,2.5001737649484985,-0.0700531328830846,-0.0064708888632888225
401,after_phees_2022-07-25_13-47-10_0000038_labelled_Wuschel_pheeseq_0000012_labelled_mB2.wav,-3.8178904324373217,-0.5480536614244151,0.20562971811485484,0.08680039163342476,-0.6439635244088865
402,after_phees_2022-07-25_13-47-10_0000038_labelled_Wuschel_pheeseq_0000015_labelled_mB1.wav,-2.7231004825661653,-0.2752856181023578,0.7352852519027853,-0.15103353722069804,0.09181909740128427
403,after_phees_2022-07-25_13-47-10_0000038_labelled_Wuschel_pheeseq_0000015_labelled_mB2.wav,-2.7534435149337697,-0.3693809557263639,0.26281640232072473,-0.2933582510339905,0.16332027224853948
404,after_phees_2022-07-25_13-47-10_0000038_labelled_Wuschel_pheeseq_0000017_labelled_mB1.wav,-3.168882643267333,0.8913245474367618,2.633039338639146,-0.10310384394140606,-0.16197864117103555
405,after_phees_2022-07-25_13-47-10_0000038_labelled_Wuschel_pheeseq_0000017_labelled_mB2.wav,-3.2576030799326063,-0.9166531493196932,0.8935100910690565,-0.027002365010612442,0.06137654804908174
406,after_phees_2022-07-25_13-47-10_0000038_labelled_Wuschel_pheeseq_0000018_labelled_mB1.wav,-4.487651259689622,-0.7437175989748069,3.9087198507237453,-0.44697000425230377,0.1523434626877114
407,after_phees_2022-07-25_13-47-10_0000038_labelled_Wuschel_pheeseq_0000018_labelled_mB2.wav,-3.5411094283580997,-1.6889176126933019,0.9856413863948675,0.1173313455649839,-0.17459047744420914
408,after_phees_2022-07-25_13-47-10_0000038_labelled_Wuschel_pheeseq_0000023_labelled_mB1.wav,-3.139542012157393,0.8589256706189433,2.7335307046822126,0.20202085086583726,0.10440797847941541
409,after_phees_2022-07-25_13-47-10_0000038_labelled_Wuschel_pheeseq_0000023_labelled_mB2.wav,-2.993039396142867,-1.023260335642332,0.930446888835247,-0.2895631626323922,-0.37897464123660657
410,after_phees_2022-07-25_13-47-10_0000038_labelled_Wuschel_pheeseq_0000024_labelled_mB1.wav,-4.284218541207954,0.19316458753895077,1.653481583213141,0.49190379399483325,-0.5534534162787657
411,after_phees_2022-07-25_13-47-10_0000038_labelled_Wuschel_pheeseq_0000024_labelled_mB2.wav,-3.40690332345588,-0.6941479467887722,0.9717032566038741,-0.15873550596767885,0.13779348361181198
412,after_phees_2022-07-25_13-47-10_0000038_labelled_Wuschel_pheeseq_0000026_labelled_mB1.wav,-3.2445541062064818,1.6975116127223335,1.7378103222610795,0.526403116597647,-0.2721654570504167
413,after_phees_2022-07-25_13-47-10_0000038_labelled_Wuschel_pheeseq_0000026_labelled_mB2.wav,-3.304133350731421,-0.9723671386919209,0.5560007793382579,0.31122104919375165,0.4699168826932967
414,after_phees_2022-07-25_13-47-10_0000038_labelled_Wuschel_pheeseq_0000027_labelled_mB1.wav,-4.157529702165776,0.009173691986044107,1.6287785121151852,0.5564326132742602,-0.5581877222193722
415,after_phees_2022-07-25_13-47-10_0000038_labelled_Wuschel_pheeseq_0000027_labelled_mB2.wav,-3.697440581971518,-1.3118641753936633,1.5836242187519325,0.30113967252527196,-0.07454196839592286
416,after_phees_2022-07-25_13-47-10_0000038_labelled_Wuschel_pheeseq_0000028_labelled_mB1.wav,-4.064351006324044,-0.4613245276293994,2.741947979841156,0.18573396258997715,-0.3106967825911522
417,after_phees_2022-07-25_13-47-10_0000038_labelled_Wuschel_pheeseq_0000028_labelled_mB2.wav,-3.2508232115331284,-0.5515156523123649,1.3113295980725612,-0.4715913068255982,-0.4694239585960236
418,after_phees_2022-07-25_13-47-10_0000038_labelled_Wuschel_pheeseq_0000029_labelled_mB1.wav,-3.803206935858328,0.23973408107969732,2.31085326419605,0.028017242583925024,0.04616537483036597
419,after_phees_2022-07-25_13-47-10_0000038_labelled_Wuschel_pheeseq_0000029_labelled_mB2.wav,-3.22852991883825,-1.304220347441536,-0.25284046857667236,0.11233248899982752,0.49785575937862464
420,after_phees_2022-07-25_13-47-10_0000038_labelled_Wuschel_pheeseq_0000030_labelled_mC1.wav,-4.015309061432764,-0.0004466162967972702,1.1988786918138163,0.4603838434271961,-0.564734466226031
421,after_phees_2022-07-25_13-47-10_0000038_labelled_Wuschel_pheeseq_0000030_labelled_mC2.wav,-3.116685364371549,-0.896421241262869,0.7882893426153605,-0.36632606958401176,-0.2913815035060333
422,after_phees_2022-07-25_13-47-10_0000038_labelled_Wuschel_pheeseq_0000030_labelled_mC3.wav,-3.332578539427255,-0.9660844445384712,0.3581764923160587,-0.323480648464933,0.11439174844187501
423,after_phees_2022-07-25_13-47-10_0000038_labelled_Wuschel_pheeseq_0000054_labelled_mB1.wav,-4.437758873500172,1.6762857499635384,4.368125034715489,0.549046353792384,0.3363983874100815
424,after_phees_2022-07-25_13-47-10_0000038_labelled_Wuschel_pheeseq_0000054_labelled_mB2.wav,-4.072265328817732,0.32136026845006443,2.122898387603722,0.8286513515146301,-0.3924611002631655
425,after_phees_2022-07-25_13-47-10_0000038_labelled_Wuschel_pheeseq_0000056_labelled_mB1.wav,-4.1922356530754685,1.1954624312426039,2.784294198266419,0.013809603074622843,0.41855363196850714
426,after_phees_2022-07-25_13-47-10_0000038_labelled_Wuschel_pheeseq_0000056_labelled_mB2.wav,-3.573698015408931,-0.33683013327519984,1.366735469693133,-0.3692386186369869,-0.07272700214094115
427,after_phees_2022-07-25_14-28-46_0000039_labelled_Nougatti_pheeseq_0000014_labelled_mB1.wav,0.5382716072802011,0.6899308718776942,1.371051568732495,-0.9321140705777219,-0.19768634546981323
428,after_phees_2022-07-25_14-28-46_0000039_labelled_Nougatti_pheeseq_0000014_labelled_mB2.wav,0.2566364932896528,-0.6232176321257616,-0.8925393796632074,-0.4150577321084343,-0.6071672966751127
429,after_phees_2022-07-25_14-28-46_0000039_labelled_Nougatti_pheeseq_0000015_labelled_mB1.wav,-1.7552614800354975,1.348372858536344,0.22656346773476202,0.07302042744607762,0.9428654448573462
430,after_phees_2022-07-25_14-28-46_0000039_labelled_Nougatti_pheeseq_0000015_labelled_mB2.wav,-1.286998315739731,0.27912892149232205,-0.29844557809748207,-0.11942290137145369,0.3882767896092237
431,after_phees_2022-07-25_14-28-46_0000039_labelled_Nougatti_pheeseq_0000016_labelled_mB1.wav,-0.9025253061235262,1.485274563976223,0.7407081326924542,-0.22531941405777878,0.09997221954329452
432,after_phees_2022-07-25_14-28-46_0000039_labelled_Nougatti_pheeseq_0000016_labelled_mB2.wav,-0.06270306989214336,0.2360549664973252,-0.4140108216924314,-0.30017156978985204,-0.21336292334332788
433,after_phees_2022-07-25_14-28-46_0000039_labelled_Nougatti_pheeseq_0000017_labelled_mB1.wav,-1.6461303199425956,1.7648484658949153,-0.228487729130437,0.19606676717317348,0.007655136028565798
434,after_phees_2022-07-25_14-28-46_0000039_labelled_Nougatti_pheeseq_0000018_labelled_mC1.wav,-1.4775654931113729,0.46511684476388393,-0.5650418656905395,-0.22664315793200063,0.489215839813284
435,after_phees_2022-07-25_14-28-46_0000039_labelled_Nougatti_pheeseq_0000025_labelled_mB1.wav,-1.8340732987413835,2.2373764188433483,0.6069470891116931,0.8768312715019092,0.36475326572511524
436,after_phees_2022-07-25_14-28-46_0000039_labelled_Nougatti_pheeseq_0000025_labelled_mB2.wav,-0.9611561677747028,0.30443511855260125,0.5473698256315283,0.07601931015231941,0.04890793591991437
437,after_phees_2022-07-25_14-28-46_0000039_labelled_Nougatti_pheeseq_0000026_labelled_mB1.wav,-2.040075168990601,0.5679678794262919,-1.266452814607814,0.6149516168038279,0.4144535364376551
438,after_phees_2022-07-25_14-28-46_0000039_labelled_Nougatti_pheeseq_0000026_labelled_mB2.wav,-1.3390484115612982,0.4691216456338985,0.08711838242015792,-0.21263635304638379,0.23233122715699595
439,after_phees_2022-07-25_14-28-46_0000039_labelled_Nougatti_pheeseq_0000027_labelled_mC1.wav,-2.174223687276063,0.9028479721401936,-0.8534397462180046,-0.1264332027068691,-0.12131557068854362
440,after_phees_2022-07-25_14-28-46_0000039_labelled_Nougatti_pheeseq_0000027_labelled_mC3.wav,-0.24255814593895345,-0.05263114552960178,-0.40825715022500436,-0.027042308061365886,-0.04668940583947285
441,after_phees_2022-07-25_14-28-46_0000039_labelled_Nougatti_pheeseq_0000027_labelled_mC4.wav,0.02693266926608614,-0.4895150644000539,0.8536821844872625,-0.6591850593665851,-0.04044546010572406
442,after_phees_2022-07-25_14-28-46_0000039_labelled_Nougatti_pheeseq_0000028_labelled_mC1.wav,-1.2364037958681429,0.11841634797469534,-0.5889299725534453,-0.0741299760706138,0.5165541209282963
443,after_phees_2022-07-25_14-28-46_0000039_labelled_Nougatti_pheeseq_0000028_labelled_mC3.wav,-0.01231671009672491,0.21934387631736899,-0.19913800855900604,-0.09595425348202259,-0.12921446259787353
444,after_phees_2022-07-25_14-28-46_0000039_labelled_Nougatti_pheeseq_0000028_labelled_mC4.wav,-0.8067002386722872,-0.015225493086423335,0.12001276157711112,-0.18939750494741597,-0.16450404658081796
445,after_phees_2022-07-25_14-28-46_0000039_labelled_Nougatti_pheeseq_0000029_labelled_mB1.wav,-1.4882939837308788,1.0485304203418258,-0.8064587317707897,0.8461122771257872,0.46354006293635086
446,after_phees_2022-07-25_14-28-46_0000039_labelled_Nougatti_pheeseq_0000029_labelled_mB2.wav,0.26097931411219405,0.29378332768585114,0.5709578703318083,-0.7583937495036208,0.28688699070135043
447,after_phees_2022-07-25_14-28-46_0000039_labelled_Nougatti_pheeseq_0000030_labelled_mB1.wav,-1.382452503681394,0.40336705177756577,-0.32034108821550067,-0.22765026555754003,0.41648167197334324
448,after_phees_2022-07-25_14-28-46_0000039_labelled_Nougatti_pheeseq_0000030_labelled_mB2.wav,0.7330575524328853,0.02935113807406684,1.156193564308626,-0.2476679628964902,0.1570483394317971
449,after_phees_2022-07-25_14-28-46_0000039_labelled_Nougatti_pheeseq_0000031_labelled_mB1.wav,-1.4759558411104936,1.2063807868683074,-1.4173301061152466,-0.29564397095401423,-0.13579002875679078
450,after_phees_2022-07-25_14-28-46_0000039_labelled_Nougatti_pheeseq_0000031_labelled_mB3.wav,0.6865708860321978,0.0396516451374234,0.947054525938397,-0.4737781262916271,0.09490408872074464
451,after_phees_2022-07-25_14-28-46_0000039_labelled_Nougatti_pheeseq_0000032_labelled_mB1.wav,-0.45270165909848464,0.5307254413987953,-0.34182927904540583,0.06809667171995873,0.45580946325637534
452,after_phees_2022-07-25_14-28-46_0000039_labelled_Nougatti_pheeseq_0000032_labelled_mB2.wav,1.1060682581405388,0.2966730604131361,0.6526575189919781,0.06725419753116235,-0.8927131328758731
453,after_phees_2022-07-25_14-28-46_0000039_labelled_Nougatti_pheeseq_0000033_labelled_mC1.wav,-0.4314801588222913,0.8483283411386044,-1.400569576526092,0.9169987638342596,0.3796444489618529
454,after_phees_2022-07-25_14-28-46_0000039_labelled_Nougatti_pheeseq_0000033_labelled_mC2.wav,1.4899628670502847,0.7689298624249191,0.08339271947177057,0.2862286916414217,-0.2542887309094448
455,after_phees_2022-07-25_14-28-46_0000039_labelled_Nougatti_pheeseq_0000033_labelled_mC3.wav,0.8849660977236081,-0.32888901845311946,0.7177830808782335,0.14783840784695487,0.5213321007559631
456,after_phees_2022-07-25_14-28-46_0000039_labelled_Nougatti_pheeseq_0000034_labelled_mB1.wav,0.572036389447312,0.907029149611142,0.07962870871143067,0.06288649709299172,-0.02227474474986258
457,after_phees_2022-07-25_14-28-46_0000039_labelled_Nougatti_pheeseq_0000034_labelled_mB3.wav,1.7806092728755878,0.547965223183879,1.1078961026950152,-0.5879649806154668,-0.31409011915863105
458,after_phees_2022-07-25_14-28-46_0000039_labelled_Nougatti_pheeseq_0000035_labelled_mB1.wav,-0.5155300677661748,0.4022252342209349,-1.1145746577486582,-0.10940352961815998,0.5110399249351394
459,after_phees_2022-07-25_14-28-46_0000039_labelled_Nougatti_pheeseq_0000035_labelled_mB3.wav,1.4697622588361974,0.18739909138882688,1.2687118773571358,-0.35297313991769874,-0.26505082653738093
460,after_phees_2022-07-25_14-28-46_0000039_labelled_Tabor_pheeseq_0000010_labelled_mE2.wav,-0.7326989286271093,-0.39914628953207504,-0.9386670892959552,-0.7709931812558344,-0.3660626123089044
461,after_phees_2022-07-25_14-28-46_0000039_labelled_Tabor_pheeseq_0000010_labelled_mE3.wav,-1.3098140152008182,-1.6883626555958637,-1.4510483635626727,-0.83232505876368,-0.5236817173378885
462,after_phees_2022-07-25_14-28-46_0000039_labelled_Tabor_pheeseq_0000010_labelled_mE4.wav,-2.9805387358942266,-1.4854282504808547,-2.162571572994003,-0.3013694739117527,-0.46245187116059916
463,after_phees_2022-07-25_14-28-46_0000039_labelled_Tabor_pheeseq_0000010_labelled_mE5.wav,-4.544680332434117,-3.5063766772068496,-2.5850451256849687,1.4330524338030315,0.9706121565189525
464,after_phees_2022-07-25_14-28-46_0000039_labelled_Tabor_pheeseq_0000011_labelled_mC1.wav,-0.16461347134298956,-0.07318278944848652,-0.15072935120134195,-0.15280746821652622,-0.2951474890126442
465,after_phees_2022-07-25_14-28-46_0000039_labelled_Tabor_pheeseq_0000011_labelled_mC2.wav,-0.7239435427266133,-0.3625787061151224,0.24030390226297565,-0.5938925722031169,-0.7966827395471299
466,after_phees_2022-07-25_14-28-46_0000039_labelled_Tabor_pheeseq_0000011_labelled_mC3.wav,-0.6404177940549313,-1.9220005789944064,-0.6226566131812942,-1.1840062585997562,-0.18598087826496884
467,after_phees_2022-07-25_14-28-46_0000039_labelled_Tabor_pheeseq_0000012_labelled_mC1.wav,-0.07424465714691995,0.8346373425741673,-1.7035218098852751,0.20800411427905915,-0.23532304425622041
468,after_phees_2022-07-25_14-28-46_0000039_labelled_Tabor_pheeseq_0000012_labelled_mC3.wav,-1.944193393286962,-1.791800288852575,-1.887560097102187,-0.5405483106105411,0.18279092931090002
469,after_phees_2022-07-25_14-28-46_0000039_labelled_Tabor_pheeseq_0000013_labelled_mD1.wav,-0.8887137387322354,0.33105910741025446,0.9319153379094863,-0.06734396648935555,-0.25947347143395005
470,after_phees_2022-07-25_14-28-46_0000039_labelled_Tabor_pheeseq_0000013_labelled_mD2.wav,-0.7403777128260612,-0.21904693884528265,-0.3472883150938791,-0.6377155327992708,-0.4412714851208553
471,after_phees_2022-07-25_14-28-46_0000039_labelled_Tabor_pheeseq_0000013_labelled_mD3.wav,-1.5333386823080908,0.10326407821116154,-1.429562200817877,-0.2832498948627696,-0.5870906774853751
472,after_phees_2022-07-25_14-28-46_0000039_labelled_Tabor_pheeseq_0000013_labelled_mD4.wav,-1.8265954682924461,-1.7769171918945557,-1.088935724865041,-0.7507937024075547,-0.4317255265216001
473,after_phees_2022-07-25_14-28-46_0000039_labelled_Tabor_pheeseq_0000024_labelled_mB1.wav,-1.8125288822235401,0.25849706073160894,-1.3221563548572766,0.31797433046658913,0.049770947892502186
474,after_phees_2022-07-25_14-28-46_0000039_labelled_Tabor_pheeseq_0000024_labelled_mB2.wav,-2.611540075563219,-0.756628078794769,-1.7847090679871536,-0.408494583301064,-0.6213458677532675
475,after_phees_2022-07-25_14-28-46_0000039_labelled_Tabor_pheeseq_0000036_labelled_mB1.wav,-0.3477907016212264,0.6779366480356988,-2.640113592378911,0.6228392378111267,0.602042818122836
476,after_phees_2022-07-25_14-28-46_0000039_labelled_Tabor_pheeseq_0000036_labelled_mB2.wav,-1.2144254953923683,-0.39663560290243266,-1.4635954095918606,0.05406344079174001,0.8220215691952222
477,after_phees_2022-07-25_14-43-13_0000041_labelled_Nougatti_pheeseq_0000002_labelled_mB1.wav,-0.3364732706797632,2.1835341578333307,1.0044700427863058,0.02033301489627692,0.34971404524281774
478,after_phees_2022-07-25_14-43-13_0000041_labelled_Nougatti_pheeseq_0000002_labelled_mB2.wav,0.17340592262894522,0.17403925945227133,-0.35838938887123756,-0.5972178898985452,-0.6540190697057815
479,after_phees_2022-07-25_14-43-13_0000041_labelled_Nougatti_pheeseq_0000003_labelled_mB1.wav,-0.39851089663545014,1.0628259676103813,0.8919494508204661,-0.0775434531840559,-0.15811191606727557
480,after_phees_2022-07-25_14-43-13_0000041_labelled_Nougatti_pheeseq_0000003_labelled_mB2.wav,1.5488609426643636,-0.12114457782518084,0.5514937690152489,0.3630948742432017,-0.9669210264251643
481,after_phees_2022-07-25_14-43-13_0000041_labelled_Nougatti_pheeseq_0000004_labelled_mB1.wav,-0.5348503913686022,0.6153912648640804,-0.46249391486735736,-0.04206400872500717,0.4187228295944467
482,after_phees_2022-07-25_14-43-13_0000041_labelled_Nougatti_pheeseq_0000004_labelled_mB2.wav,0.6930340302348018,-0.04950012838650538,0.6339730391414823,-0.6723775789735192,0.0009407414097120964
483,after_phees_2022-07-25_14-43-13_0000041_labelled_Nougatti_pheeseq_0000005_labelled_mB1.wav,-0.6993144729605115,0.8554758501898853,-0.44622238586321755,-0.2443155926704426,0.3380896449250627
484,after_phees_2022-07-25_14-43-13_0000041_labelled_Nougatti_pheeseq_0000005_labelled_mB2.wav,-0.4388783388037679,0.6203358740810683,-0.019270436391154777,-0.05861136438679089,0.18546810495985383
485,after_phees_2022-07-25_14-43-13_0000041_labelled_Nougatti_pheeseq_0000007_labelled_mB1.wav,-0.1458850428898578,1.6458612437870324,0.03510608086442994,-0.23789602305318167,0.36394136611596684
486,after_phees_2022-07-25_14-43-13_0000041_labelled_Nougatti_pheeseq_0000007_labelled_mB2.wav,1.2648154665520146,0.5840629625124172,0.6028429866445816,-0.8309978014197758,-0.0923401248656798
487,after_phees_2022-07-25_14-43-13_0000041_labelled_Nougatti_pheeseq_0000008_labelled_mB1.wav,-0.48312885608076284,0.9408309725985988,-1.459721939393686,0.2791764876447094,-0.1893148281197247
488,after_phees_2022-07-25_14-43-13_0000041_labelled_Nougatti_pheeseq_0000008_labelled_mB2.wav,1.0130873091335373,0.6475939935588645,0.4373742608550718,0.08759415295143942,-0.5083017692077898
489,after_phees_2022-07-25_14-43-13_0000041_labelled_Tabor_pheeseq_0000001_labelled_mC1.wav,-1.0333962348623495,-0.23592948025550584,-0.8950849852193306,-0.1925990443438537,0.32260853553497615
490,after_phees_2022-07-25_14-43-13_0000041_labelled_Tabor_pheeseq_0000001_labelled_mC2.wav,-2.8792355075720835,0.027244564422859944,-1.3214883487069673,-0.28537243281716573,-0.24467166736517262
491,after_phees_2022-07-25_14-43-13_0000041_labelled_Tabor_pheeseq_0000001_labelled_mC3.wav,-2.7396591339386,-2.312141900654569,-1.3228708009744834,0.6207498818044539,0.9187231657556124
492,after_phees_2022-07-25_14-43-13_0000041_labelled_Tabor_pheeseq_0000006_labelled_mC1.wav,-0.07724344837862525,-0.6147629226060548,-0.2647723713514335,-0.6012125417733677,0.5953784643237275
493,after_phees_2022-07-25_14-43-13_0000041_labelled_Tabor_pheeseq_0000006_labelled_mC2.wav,-1.980880220167833,-0.28398330627856555,-0.729010025391206,-0.7344125815859749,0.061570975412538656
494,after_phees_2022-07-25_14-43-13_0000041_labelled_Tabor_pheeseq_0000006_labelled_mC3.wav,-2.397168921006657,-1.4511655397997936,-1.8414647746004853,-0.8604906428777713,0.14675042197755214
495,after_phees_2022-07-25_14-55-51_0000042_labelled_Tabor_pheeseq_0000002_labelled_mC1.wav,-1.5500938788782301,-0.2110948675531889,0.8106511093104107,-0.14235961695646324,-0.2832767355149895
496,after_phees_2022-07-25_14-55-51_0000042_labelled_Tabor_pheeseq_0000002_labelled_mC2.wav,-1.8949510531221572,-0.23830540055177826,-0.19453379291211584,-0.7833156570177526,-0.1997237775394906
497,after_phees_2022-07-25_14-55-51_0000042_labelled_Tabor_pheeseq_0000002_labelled_mC3.wav,-2.18499930068151,-1.6732420902222964,-1.549014949585201,-0.3558076718343913,0.27203602451462305
498,after_phees_2022-07-25_14-55-51_0000042_labelled_Tabor_pheeseq_0000004_labelled_mC1.wav,-1.2076622329840707,-0.47063572459528746,0.6481891631839245,-0.5077896287106518,-0.8670207766919018
499,after_phees_2022-07-25_14-55-51_0000042_labelled_Tabor_pheeseq_0000004_labelled_mC2.wav,-1.1379022033778032,-0.7819106064818969,-0.10045419301278086,-0.6457392923694276,-0.7822726978785963
500,after_phees_2022-07-25_14-55-51_0000042_labelled_Tabor_pheeseq_0000004_labelled_mC3.wav,-0.9747376324604157,-1.9480365319245112,-0.2371244074340607,-1.1163783660039082,-0.15477888958668362
501,after_phees_2022-07-25_14-55-51_0000042_labelled_Tabor_pheeseq_0000005_labelled_mC1.wav,-0.46656228952983886,-1.005210795656419,0.5406739803410834,-0.8745796054718278,-0.1690047055344389
502,after_phees_2022-07-25_14-55-51_0000042_labelled_Tabor_pheeseq_0000005_labelled_mC2.wav,-0.6043898784738468,-0.593285992779685,-0.008516880152418402,-0.6030519436158027,-0.8586871262135086
503,after_phees_2022-07-25_14-55-51_0000042_labelled_Tabor_pheeseq_0000005_labelled_mC3.wav,-0.689266538585664,-1.7522807928773934,-0.2623370595607091,-1.1219784636500967,-0.20925666382181202
504,after_phees_2022-07-25_14-55-51_0000042_labelled_Tabor_pheeseq_0000006_labelled_mC1.wav,-1.38577495735105,-0.8501753472288991,-0.6594799498302634,-0.47792727520372735,-0.24993705531201016
505,after_phees_2022-07-25_14-55-51_0000042_labelled_Tabor_pheeseq_0000006_labelled_mC2.wav,-0.5583368136327804,-0.1482383810645424,-0.051081549005749266,-0.6760189582449164,-0.7302476144496364
506,after_phees_2022-07-25_14-55-51_0000042_labelled_Tabor_pheeseq_0000006_labelled_mC3.wav,-0.45853241059727373,-1.0856484773440285,-1.06791136158617,-1.0263976487775333,-0.9515366872000778
507,after_phees_2022-07-25_14-55-51_0000042_labelled_Tabor_pheeseq_0000007_labelled_mC1.wav,0.08572783881043274,-0.3940769435321881,0.35123945550839064,-1.1784633316921285,-0.21523223319896692
508,after_phees_2022-07-25_14-55-51_0000042_labelled_Tabor_pheeseq_0000007_labelled_mC3.wav,-1.4180646806071857,-0.6849834769642603,-0.3048087676345924,-0.7387572738921215,-0.5691985668672782
509,after_phees_2022-07-25_14-55-51_0000042_labelled_Tabor_pheeseq_0000007_labelled_mC4.wav,-0.9912453804729989,-1.8488782152013776,-1.2572280657320867,-0.5420591895165024,-0.6218501272890924
510,after_phees_2022-07-25_14-55-51_0000042_labelled_Tabor_pheeseq_0000008_labelled_mD1.wav,1.1843106802530425,-1.2247715633851837,-1.6623264937978801,-0.17754452698450057,-0.6733148037902051
511,after_phees_2022-07-25_14-55-51_0000042_labelled_Tabor_pheeseq_0000008_labelled_mD3.wav,-0.49523608856883494,0.3895188971305592,-0.11695973939551392,-0.3490845273218712,-0.18823989621441928
512,after_phees_2022-07-25_14-55-51_0000042_labelled_Tabor_pheeseq_0000008_labelled_mD4.wav,-2.618239464454479,-0.5375694281688864,-1.0384615490275524,-0.21015714643341402,-0.6658381428751796
513,after_phees_2022-07-25_14-55-51_0000042_labelled_Tabor_pheeseq_0000008_labelled_mD5.wav,-2.8936305885737528,-2.126247801648657,-1.670925994807823,-0.9964991490336987,-0.12531968826210702
514,after_phees_2022-07-25_14-55-51_0000042_labelled_Tabor_pheeseq_0000010_labelled_mC1.wav,0.387241196385801,-1.6635346568630107,1.7392601434528951,-1.386561928612604,-0.3965264705951802
515,after_phees_2022-07-25_14-55-51_0000042_labelled_Tabor_pheeseq_0000010_labelled_mC2.wav,-0.32668205483342216,-1.2145810377506667,0.46791451701366876,-0.9993861354760932,-0.2844674766429226
516,after_phees_2022-07-25_14-55-51_0000042_labelled_Tabor_pheeseq_0000010_labelled_mC3.wav,-0.20264268978006955,-1.878391824583971,-0.2237387439373598,-1.0817474987636768,-0.41819313053923607
517,after_phees_2022-07-25_14-55-51_0000042_labelled_Tabor_pheeseq_0000011_labelled_mC1.wav,0.12060220363879406,-0.03586894206466686,-0.42509803341195823,0.06684175139558789,-0.023440050663350635
518,after_phees_2022-07-25_14-55-51_0000042_labelled_Tabor_pheeseq_0000011_labelled_mC2.wav,-0.6423812480700606,-0.4132654623333572,-0.5672274275552059,-0.6865769401058429,-0.492577145363845
519,after_phees_2022-07-25_14-55-51_0000042_labelled_Tabor_pheeseq_0000011_labelled_mC3.wav,-0.5096184551029619,-2.1189990733962754,-0.6680372777569915,-1.0584470861028845,-0.159395196716948
520,after_phees_2022-07-25_14-55-51_0000042_labelled_Tabor_pheeseq_0000012_labelled_mD1.wav,0.5482436034602219,0.06523508450276247,-2.123521902688572,-0.14159769367924502,0.568153649549
521,after_phees_2022-07-25_14-55-51_0000042_labelled_Tabor_pheeseq_0000012_labelled_mD2.wav,1.7693293706473852,-1.3698754002475095,0.3787098269935064,-1.1167261515126143,0.24144446481015355
522,after_phees_2022-07-25_14-55-51_0000042_labelled_Tabor_pheeseq_0000012_labelled_mD3.wav,0.26468829846847164,-1.4462596743860496,-0.5972149084721111,-0.9728797106884978,-0.07810456641424296
523,after_phees_2022-07-25_14-55-51_0000042_labelled_Tabor_pheeseq_0000012_labelled_mD4.wav,-3.0692810597281643,-1.0976861655926795,-2.2139977170830383,-0.1730974819355302,-0.03821469528071178
524,after_phees_2022-07-25_14-55-51_0000042_labelled_Tabor_pheeseq_0000013_labelled_mC1.wav,0.8392428063030286,-0.8255758007505112,-0.5870983161071894,-0.8385036451040397,0.11459050806866566
525,after_phees_2022-07-25_14-55-51_0000042_labelled_Tabor_pheeseq_0000013_labelled_mC2.wav,1.7791410209306175,-1.5530166971870314,0.8086953147126007,-1.0446780341255673,-0.0372828217916369
526,after_phees_2022-07-25_14-55-51_0000042_labelled_Tabor_pheeseq_0000013_labelled_mC3.wav,-0.9814351284595688,-1.736199482794339,-0.8264096865685756,-0.47147307329149646,-0.7182256405448857
527,after_phees_2022-07-25_14-55-51_0000042_labelled_Tabor_pheeseq_0000015_labelled_mC1.wav,1.1228499688256908,0.6741498640456312,-1.2994890335759743,-0.5416144559590476,-0.24496158159720585
528,after_phees_2022-07-25_14-55-51_0000042_labelled_Tabor_pheeseq_0000015_labelled_mC2.wav,-0.17395486952683456,-0.700815561573591,-0.10508037067824584,-1.186552239710559,-0.006921345910624883
529,after_phees_2022-07-25_14-55-51_0000042_labelled_Tabor_pheeseq_0000015_labelled_mC3.wav,-1.786009069799608,-1.8372458851608473,-1.1023734323445546,-0.6807575164798731,-0.4234223694575705
530,after_phees_2022-07-25_14-55-51_0000042_labelled_Tabor_pheeseq_0000018_labelled_mC1.wav,0.504977387404596,-0.6119524981513027,1.8699444535297483,-1.3683382544904978,0.04203676888616066
531,after_phees_2022-07-25_14-55-51_0000042_labelled_Tabor_pheeseq_0000018_labelled_mC2.wav,-0.7764173407662223,-0.28664385229234074,0.2635137391188017,-0.5488726055679787,-0.7372502330768561
532,after_phees_2022-07-25_14-55-51_0000042_labelled_Tabor_pheeseq_0000018_labelled_mC3.wav,-2.2647286885048232,-1.469637995991694,-1.317743226037836,-0.9352787137995174,-0.16964398241251274
533,after_phees_2022-07-25_14-55-51_0000042_labelled_Tabor_pheeseq_0000019_labelled_mC2.wav,-0.8969024998065337,-0.4977705804864959,-1.2575378220247673,-0.8001274714332443,-0.1307066093016519
534,after_phees_2022-07-25_14-55-51_0000042_labelled_Tabor_pheeseq_0000019_labelled_mC3.wav,-2.295183894229102,-1.4672789011770428,-1.3889999684197851,-0.6756062420592538,0.12371385861091011
535,after_phees_2022-07-25_14-55-51_0000042_labelled_Tabor_pheeseq_0000026_labelled_mB1.wav,-0.5363297619191104,-0.6017171560530757,0.34182355458512115,-0.12639590635145098,-0.6773771446465595
536,after_phees_2022-07-25_14-55-51_0000042_labelled_Tabor_pheeseq_0000026_labelled_mB2.wav,-1.352633318584021,-0.9486213546345114,-0.8538431998349145,-0.6181659713011428,-0.2908536816572397
537,after_phees_2022-07-25_15-26-45_0000046_labelled_Nougatti_pheeseq_0000023_labelled_mB1.wav,-2.639155666726736,1.6499257231202016,0.6701265895384724,0.6694126483802738,0.1947667249309941
538,after_phees_2022-07-25_15-26-45_0000046_labelled_Nougatti_pheeseq_0000023_labelled_mB2.wav,-1.9419667893235677,-0.38453056000522334,-0.7810053715373271,0.011093198255453024,0.5736571193005958
539,after_phees_2022-07-25_15-26-45_0000046_labelled_Nougatti_pheeseq_0000025_labelled_mB1.wav,-1.4767825262016485,0.6180894167341201,-1.0120277870811984,-0.07365392168078921,0.9345401789620245
540,after_phees_2022-07-25_15-26-45_0000046_labelled_Nougatti_pheeseq_0000025_labelled_mB2.wav,-1.098214788850787,0.921610811493848,-0.31143680381788785,0.3961763922193665,-0.3852499249961631
541,after_phees_2022-07-25_15-26-45_0000046_labelled_Nougatti_pheeseq_0000026_labelled_mB1.wav,-1.37308410608833,0.5722942636196089,-0.9422714959512256,0.7165660371483655,0.04476444873377114
542,after_phees_2022-07-25_15-26-45_0000046_labelled_Nougatti_pheeseq_0000026_labelled_mB2.wav,-0.5332322308441649,0.680739232845723,0.7324348319658045,-0.08609768334488145,-0.21914249889960388
543,after_phees_2022-07-25_15-26-45_0000046_labelled_Nougatti_pheeseq_0000027_labelled_mB1.wav,-2.454635651359056,-0.13430684389062214,-0.651534875148112,1.2952768972312616,0.6694791994769332
544,after_phees_2022-07-25_15-26-45_0000046_labelled_Nougatti_pheeseq_0000027_labelled_mB3.wav,-0.833151561276472,-0.3233837729592461,-0.1464476237680684,0.6069465823388851,0.5731110909007834
545,after_phees_2022-07-25_15-26-45_0000046_labelled_Nougatti_pheeseq_0000028_labelled_mB1.wav,-2.1010584995991857,0.11015314042223733,0.19589935027646332,-0.01853479288868875,0.5009168067334322
546,after_phees_2022-07-25_15-26-45_0000046_labelled_Nougatti_pheeseq_0000028_labelled_mB2.wav,-0.9362663469771004,0.46484189726000014,1.1963927065161284,0.043165781042798314,-0.1816250916715864
547,after_phees_2022-07-25_15-26-45_0000046_labelled_Nougatti_pheeseq_0000029_labelled_mB1.wav,-2.0155234106860402,0.5677942760485338,-1.2219492212367558,0.13504080856798706,0.06033964169941425
548,after_phees_2022-07-25_15-26-45_0000046_labelled_Nougatti_pheeseq_0000029_labelled_mB3.wav,-0.549712720506874,0.11445233671183586,1.0167344194788903,0.23912022947533268,-0.3784447344998321
549,after_phees_2022-07-25_15-26-45_0000046_labelled_Nougatti_pheeseq_0000030_labelled_mB1.wav,-1.3935948210244715,0.8197178478734753,-1.116823991696815,1.1271665996157596,0.6486558599348564
550,after_phees_2022-07-25_15-26-45_0000046_labelled_Nougatti_pheeseq_0000030_labelled_mB2.wav,-0.8688343282054909,0.24444683425828032,0.7363727850901762,0.05333017671295459,-0.16987705986114124
551,after_phees_2022-07-25_15-26-45_0000046_labelled_Nougatti_pheeseq_0000031_labelled_mB1.wav,-1.3248902260470998,0.32609681673636187,-0.23997235217555382,0.22797760335829909,0.7114364115340039
552,after_phees_2022-07-25_15-26-45_0000046_labelled_Nougatti_pheeseq_0000031_labelled_mB3.wav,-0.8540727581728912,0.12290182900122561,0.40678409013076455,0.10954258953243211,-0.029082850954294446
553,after_phees_2022-07-25_15-26-45_0000046_labelled_Nougatti_pheeseq_0000032_labelled_mB1.wav,-0.7278260601875369,1.0360328173551863,0.12067512179737944,0.2337781861231603,0.5854442280943565
554,after_phees_2022-07-25_15-26-45_0000046_labelled_Nougatti_pheeseq_0000032_labelled_mB2.wav,-0.2319178248115531,0.6882613737150841,0.3956254702596046,-0.03930309648940014,-0.09382830762327116
555,after_phees_2022-07-25_15-26-45_0000046_labelled_Nougatti_pheeseq_0000033_labelled_mB1.wav,-0.978947033910949,1.7541617824798528,1.4135516849683796,0.3125381472273597,0.448449301836129
556,after_phees_2022-07-25_15-26-45_0000046_labelled_Nougatti_pheeseq_0000033_labelled_mB2.wav,0.66745429775429,0.4027916207623948,-0.2417879381617284,-0.052448028609737775,-0.3735710756094189
557,after_phees_2022-07-25_15-26-45_0000046_labelled_Nougatti_pheeseq_0000034_labelled_mB1.wav,-1.087157036442655,1.2303190996454543,-0.09081051547042741,0.15026723374957127,0.9391443654307132
558,after_phees_2022-07-25_15-26-45_0000046_labelled_Nougatti_pheeseq_0000034_labelled_mB2.wav,-0.15417596475105122,0.5237042695296598,0.21194938957525414,0.07297629216685554,-0.01304649078828828
559,after_phees_2022-07-25_15-26-45_0000046_labelled_Nougatti_pheeseq_0000035_labelled_mB2.wav,-0.6405281269530175,1.0970537569395813,0.6710281793459032,-0.11075543187080494,0.1156320446847232
560,after_phees_2022-07-25_15-26-45_0000046_labelled_Nougatti_pheeseq_0000036_labelled_mB1.wav,-0.7000218930897362,1.0026030739150924,0.07673036870505423,-0.12954045564081934,0.30973712133467907
561,after_phees_2022-07-25_15-26-45_0000046_labelled_Nougatti_pheeseq_0000036_labelled_mB2.wav,0.5777763760069736,0.9317071608282125,1.1764044413924395,0.13182176877006066,-0.5433762997623487
562,after_phees_2022-07-25_15-26-45_0000046_labelled_Nougatti_pheeseq_0000037_labelled_mB1.wav,-0.9065562882701746,1.7559353231306931,-0.6224007774177133,0.20660325463602058,-0.06420474812443586
563,after_phees_2022-07-25_15-26-45_0000046_labelled_Nougatti_pheeseq_0000037_labelled_mB3.wav,0.9005512338662316,0.7824884574439922,0.3513501309551158,-0.09073227591174873,-0.5377816589038851
564,after_phees_2022-07-25_15-26-45_0000046_labelled_Nougatti_pheeseq_0000038_labelled_mB1.wav,0.015332375683140453,1.3617709114932885,-0.2115030570416379,-0.19188029262984246,0.2603330287697452
565,after_phees_2022-07-25_15-26-45_0000046_labelled_Nougatti_pheeseq_0000038_labelled_mB2.wav,0.6508940593782495,0.8480093235260405,0.1976070913657837,-0.18228319868129442,-0.302885528569551
566,after_phees_2022-07-26_13-19-22_0000049_labelled_Lola_pheeseq_0000002_labelled_mC1.wav,-1.4709603777808962,2.7297028233559377,0.11721664493096012,0.4489800405796524,0.2498353710345668
567,after_phees_2022-07-26_13-19-22_0000049_labelled_Lola_pheeseq_0000002_labelled_mC2.wav,-1.9705338558405479,2.0316756664597877,0.34693419691803734,0.9242614593555396,0.5897570551761385
568,after_phees_2022-07-26_13-19-22_0000049_labelled_Lola_pheeseq_0000003_labelled_mG1.wav,-1.0183726697842392,1.2220887036774148,0.26095365988638985,0.5555347774075776,1.0953308470334806
569,after_phees_2022-07-26_13-19-22_0000049_labelled_Lola_pheeseq_0000003_labelled_mG2.wav,-0.41850828238623744,2.1514800224580144,0.5224420298016138,-0.09609826880768813,0.5196608354144097
570,after_phees_2022-07-26_13-19-22_0000049_labelled_Lola_pheeseq_0000003_labelled_mG3.wav,-0.5683647860258431,2.8352956956771367,-0.13863197541950392,0.3953491153234887,0.1768715953687531
571,after_phees_2022-07-26_13-19-22_0000049_labelled_Lola_pheeseq_0000003_labelled_mG4.wav,-1.1002784957225176,2.260438295413413,-0.7986663401628121,0.21813131466888314,0.27374821658940324
572,after_phees_2022-07-26_13-19-22_0000049_labelled_Lola_pheeseq_0000003_labelled_mG5.wav,-1.0325076243378115,1.585241369314334,0.5146755045589458,-0.2986405424524286,0.3330788617953638
573,after_phees_2022-07-26_13-19-22_0000049_labelled_Lola_pheeseq_0000003_labelled_mG6.wav,-0.7003413145072959,1.8609874290785011,-0.05801235682035056,0.40182003009255696,-0.2571369224820736
574,after_phees_2022-07-26_13-19-22_0000049_labelled_Lola_pheeseq_0000003_labelled_mG7.wav,-1.3084650642984461,2.4210434279730673,-0.1094513456555113,0.6888184244926205,0.4985615630426877
575,after_phees_2022-07-26_13-19-22_0000049_labelled_Lola_pheeseq_0000004_labelled_mB1.wav,-1.7257163538192544,1.4412254853370865,-0.6124788273329933,0.5117973334070516,0.3369765797585516
576,after_phees_2022-07-26_13-19-22_0000049_labelled_Lola_pheeseq_0000004_labelled_mB2.wav,-0.24328563809219217,2.1245215301626392,-0.08577104556327773,0.37789589309737676,-0.33926942888449835
577,after_phees_2022-07-26_13-19-22_0000049_labelled_Lola_pheeseq_0000008_labelled_mB1.wav,0.5143850843804599,4.195897514680274,-0.11915539092862827,0.30281067841052023,0.20011051089769036
578,after_phees_2022-07-26_13-19-22_0000049_labelled_Lola_pheeseq_0000008_labelled_mB2.wav,1.9176261065509737,3.697830510763863,1.4786462475397062,0.28679609612464607,0.24364564105757838
579,after_phees_2022-07-26_13-19-22_0000049_labelled_Lola_pheeseq_0000009_labelled_mC1.wav,0.42717934860289647,2.3541648154812203,0.3491045760038933,0.0861979338803445,0.5609768737416314
580,after_phees_2022-07-26_13-19-22_0000049_labelled_Lola_pheeseq_0000009_labelled_mC2.wav,1.2718822368914293,3.9620325855347627,0.8316324390667836,0.46110838830497813,-0.2984573693215799
581,after_phees_2022-07-26_13-19-22_0000049_labelled_Lola_pheeseq_0000009_labelled_mC3.wav,1.3152936800698038,2.9953620041932316,0.0352138008596217,-0.1270778997815266,0.49632254473751064
582,after_phees_2022-07-26_13-19-22_0000049_labelled_Lola_pheeseq_0000010_labelled_mC1.wav,-0.30403020977720846,2.332759004006483,-0.565701752861622,0.7504571683256281,0.40538777096755146
583,after_phees_2022-07-26_13-19-22_0000049_labelled_Lola_pheeseq_0000010_labelled_mC2.wav,0.6979125509506539,2.511948113003497,1.3544623378669023,0.14887002519164205,0.06569123636199307
584,after_phees_2022-07-26_13-19-22_0000049_labelled_Lola_pheeseq_0000010_labelled_mC3.wav,-0.4623179640843853,2.628638920912668,-0.36179790751512647,0.2727988484920502,0.1112282063789376
585,after_phees_2022-07-26_13-19-22_0000049_labelled_Lola_pheeseq_0000011_labelled_mC1.wav,0.4934122237243038,2.288015491186485,-0.5325083152670106,0.27933785698524033,1.1168315625767378
586,after_phees_2022-07-26_13-19-22_0000049_labelled_Lola_pheeseq_0000011_labelled_mC2.wav,0.9367159832538682,3.962152579341271,0.09539432274539343,0.6693657965260279,0.32129208874950466
587,after_phees_2022-07-26_13-19-22_0000049_labelled_Lola_pheeseq_0000011_labelled_mC3.wav,0.6260422801256837,3.1624737420735873,-0.051121076536926005,0.6041667281503535,0.05369899567345875
588,after_phees_2022-07-26_13-19-22_0000049_labelled_Lola_pheeseq_0000012_labelled_mB1.wav,-0.3756013464835311,1.687907056964092,-0.12052185232039171,-0.2662833059852437,0.5555901518208204
589,after_phees_2022-07-26_13-19-22_0000049_labelled_Lola_pheeseq_0000012_labelled_mB2.wav,0.5135865830710845,1.544729006754698,0.20617012963728798,0.010093043955391116,0.11853138899361204
590,after_phees_2022-07-26_13-19-22_0000049_labelled_Lola_pheeseq_0000013_labelled_mC1.wav,0.8561900489914643,3.326096041333588,0.9039970886959182,0.27309871954208365,0.7826650607612085
591,after_phees_2022-07-26_13-19-22_0000049_labelled_Lola_pheeseq_0000013_labelled_mC2.wav,0.8328985157250614,3.7154989881185294,-0.2542405856410673,0.36164813645373095,0.14445062534629252
592,after_phees_2022-07-26_13-19-22_0000049_labelled_Lola_pheeseq_0000013_labelled_mC3.wav,0.9495448856913027,3.53494857061568,-0.3183223932927697,0.4485235678199064,0.14600464554835038
593,after_phees_2022-07-26_13-19-22_0000049_labelled_Lola_pheeseq_0000014_labelled_mB1.wav,1.0568654233317063,3.0676953485663723,0.9244986557859005,0.1644648219750032,0.5421637141788594
594,after_phees_2022-07-26_13-19-22_0000049_labelled_Lola_pheeseq_0000014_labelled_mB2.wav,1.4802798837715956,4.241707579766999,-0.20681145988896876,0.8428050974318972,0.43216987663030204
595,after_phees_2022-07-26_13-19-22_0000049_labelled_Lola_pheeseq_0000015_labelled_mB1.wav,0.6445851125976807,2.951304998427558,0.33208411740727445,0.6659928505803263,-0.15650969523408012
596,after_phees_2022-07-26_13-19-22_0000049_labelled_Lola_pheeseq_0000015_labelled_mB2.wav,2.010094283048697,3.4975645836826184,1.2232118078992262,0.3528211189799588,0.26488862067863445
597,after_phees_2022-07-26_13-19-22_0000049_labelled_Lola_pheeseq_0000016_labelled_mC1.wav,0.7695181856387382,2.920041930547306,-0.24577675089015244,0.5628946174391453,-0.09739429835480605
598,after_phees_2022-07-26_13-19-22_0000049_labelled_Lola_pheeseq_0000016_labelled_mC2.wav,2.1525948487096964,3.0856896929496944,0.4024733437700168,-0.05434166148633319,0.051570092093631725
599,after_phees_2022-07-26_13-19-22_0000049_labelled_Lola_pheeseq_0000016_labelled_mC3.wav,0.8963026426473925,2.6444230792038357,-0.5289984094834509,0.8649184414321086,0.18891172394452355
600,after_phees_2022-07-26_13-19-22_0000049_labelled_Lola_pheeseq_0000020_labelled_mB1.wav,1.0873686076802445,5.288965741408581,1.5287457374442228,0.5893547718335485,0.12032364244237274
601,after_phees_2022-07-26_13-19-22_0000049_labelled_Lola_pheeseq_0000020_labelled_mB2.wav,2.795316292463962,2.8981809793861912,-0.17864132815880895,0.38665546963851577,0.5407703882375613
602,after_phees_2022-07-26_13-19-22_0000049_labelled_Lola_pheeseq_0000021_labelled_mC1.wav,0.5818802552451439,4.0627997471784605,-0.2130636944957105,0.3237502861609397,0.340339935261887
603,after_phees_2022-07-26_13-19-22_0000049_labelled_Lola_pheeseq_0000021_labelled_mC2.wav,2.427156320840333,3.846426849533821,0.20951156198444978,-0.30553203144129554,0.23015761462000006
604,after_phees_2022-07-26_13-19-22_0000049_labelled_Lola_pheeseq_0000021_labelled_mC3.wav,3.3001537388889606,2.3058401158785737,-1.7818735960402956,-0.3767812095012541,0.1213010495689935
605,after_phees_2022-07-26_13-19-22_0000049_labelled_Lola_pheeseq_0000022_labelled_mC1.wav,0.985592457621202,3.5966052278137655,-0.9931744329084076,0.2514147074045602,0.25575804125761176
606,after_phees_2022-07-26_13-19-22_0000049_labelled_Lola_pheeseq_0000022_labelled_mC2.wav,2.6968552703293063,3.9860347814003325,1.188488289066235,-0.16687990540775247,-0.11076504205916471
607,after_phees_2022-07-26_13-19-22_0000049_labelled_Lola_pheeseq_0000022_labelled_mC3.wav,3.0224399849041794,2.9152621897060707,-0.9663793813660337,-0.2787856324185969,0.17948263902136666
608,after_phees_2022-07-26_13-19-22_0000049_labelled_Lola_pheeseq_0000036_labelled_mB1.wav,0.7458530738928156,3.839866682145977,0.7886159294752332,0.7255767353233431,-0.12543098006992007
609,after_phees_2022-07-26_13-19-22_0000049_labelled_Lola_pheeseq_0000037_labelled_mB1.wav,0.4633074456211397,3.6877671325304315,0.01937499560917413,-0.09347790147540783,1.1884951368159764
610,after_phees_2022-07-26_13-19-22_0000049_labelled_Lola_pheeseq_0000037_labelled_mB2.wav,1.2928718291420798,3.300496721819163,-0.2886863098853171,0.614843548006964,-0.03900315945956251
611,after_phees_2022-07-26_13-19-22_0000049_labelled_Lola_pheeseq_0000038_labelled_mB1.wav,0.6994429512179059,3.81210488481266,-0.5309421083284085,0.2989064733838815,0.3204600175887677
612,after_phees_2022-07-26_13-19-22_0000049_labelled_Lola_pheeseq_0000038_labelled_mB2.wav,2.070390412598736,3.302352676801622,0.783216967628378,0.05010935085108969,0.1005295978534312
613,after_phees_2022-07-26_13-19-22_0000049_labelled_Lola_pheeseq_0000039_labelled_mC1.wav,0.0990614732434369,3.414589249449148,0.18010132102985688,0.6564098419684481,0.3260202060224579
614,after_phees_2022-07-26_13-19-22_0000049_labelled_Lola_pheeseq_0000039_labelled_mC2.wav,1.4196453337027441,2.7478506263423155,0.6769024450782305,-0.03280482946497912,0.08983670781170768
615,after_phees_2022-07-26_13-19-22_0000049_labelled_Lola_pheeseq_0000039_labelled_mC3.wav,0.8515917055079045,2.6348885996599716,-0.791594272047579,0.715997906380242,0.17569640420171373
616,after_phees_2022-07-26_13-19-22_0000049_labelled_Lola_pheeseq_0000040_labelled_mB1.wav,1.0354222963094568,1.547681519065953,-0.3888657370162677,0.0697349359002139,0.22892925082372995
617,after_phees_2022-07-26_13-19-22_0000049_labelled_Lola_pheeseq_0000040_labelled_mB2.wav,1.55237588474187,3.327802002200033,0.18672452966071798,0.4117863062465807,-0.5578734692653203
618,after_phees_2022-07-26_13-19-22_0000049_labelled_Lola_pheeseq_0000041_labelled_mC1.wav,1.0404040457926766,3.451137894320323,-1.1923621029155191,0.4866095657940982,0.464201604177648
619,after_phees_2022-07-26_13-19-22_0000049_labelled_Lola_pheeseq_0000041_labelled_mC2.wav,2.128549630685197,3.812394586285518,-0.5408025205129424,0.3602041849244389,-0.17744180650264182
620,after_phees_2022-07-26_13-19-22_0000049_labelled_Lola_pheeseq_0000041_labelled_mC3.wav,2.078360900611632,3.152198557484017,0.27271520687147865,-0.23668573632187895,0.04799789535579075
621,after_phees_2022-07-26_13-19-22_0000049_labelled_Lola_pheeseq_0000042_labelled_mB1.wav,0.878129963900699,3.5693271130486326,-0.5275030432814892,0.3961297869539657,0.24494764779109418
622,after_phees_2022-07-26_13-19-22_0000049_labelled_Lola_pheeseq_0000042_labelled_mB2.wav,2.8625683052522324,3.544648557989023,0.41482841567199974,-0.23223707512063613,-0.14453640008865193
623,after_phees_2022-07-26_13-19-22_0000049_labelled_Lola_pheeseq_0000043_labelled_mB1.wav,1.3726898292906813,3.3245068427765125,-0.8758059135949452,-0.40962651312616777,0.7757579466633706
624,after_phees_2022-07-26_13-19-22_0000049_labelled_Lola_pheeseq_0000043_labelled_mB2.wav,2.1275513508936954,3.8949434859870116,-0.2848780515865354,0.2737381464748302,-0.32880725802384475
625,after_phees_2022-07-26_13-19-22_0000049_labelled_Lola_pheeseq_0000044_labelled_mB1.wav,0.9427196542362434,3.7062031195856724,-0.8085144868629878,0.15738823015141995,0.24430370270088256
626,after_phees_2022-07-26_13-19-22_0000049_labelled_Lola_pheeseq_0000044_labelled_mB2.wav,2.8979850072433586,3.4865933625772176,0.4928936230324768,0.3364942155745404,0.30151354347563364
627,after_phees_2022-07-26_13-19-22_0000049_labelled_Lola_pheeseq_0000045_labelled_mB1.wav,0.8526763035645705,3.5108796827543918,-0.9146921249059806,0.16609316409967698,0.08240872387175795
628,after_phees_2022-07-26_13-19-22_0000049_labelled_Lola_pheeseq_0000045_labelled_mB2.wav,2.5728076541354334,3.83662478111873,-1.2781301549286546,1.0532395303367683,0.659848878503487
629,after_phees_2022-07-26_13-19-22_0000049_labelled_Lola_pheeseq_0000047_labelled_mB1.wav,1.2356116179527217,4.592723955790884,-0.22882563127614838,0.2942964989368488,0.1875276836263733
630,after_phees_2022-07-26_13-19-22_0000049_labelled_Lola_pheeseq_0000047_labelled_mB2.wav,2.030484497665004,3.5832605513021503,-0.6997258578793051,0.7006573443264937,0.07398170570455098
631,after_phees_2022-07-26_13-19-22_0000049_labelled_Lola_pheeseq_0000048_labelled_mB1.wav,1.20259426721292,4.509715521850067,-0.6500928331132917,0.30188561568221256,0.36402285606079493
632,after_phees_2022-07-26_13-19-22_0000049_labelled_Lola_pheeseq_0000048_labelled_mB2.wav,1.8424162722571389,4.385851079378995,0.1342874056024506,0.5898861705419731,0.019361951980143618
633,after_phees_2022-07-26_13-19-22_0000049_labelled_Lola_pheeseq_0000049_labelled_mB1.wav,1.093200937549764,4.741612787513966,-0.33296867496995547,0.4500046732776545,0.4887640231942129
634,after_phees_2022-07-26_13-19-22_0000049_labelled_Lola_pheeseq_0000049_labelled_mB2.wav,2.6836038031937055,4.1867075861223535,-0.4428883717981793,0.4933053002450087,-0.10793838882295614
635,after_phees_2022-07-26_13-19-22_0000049_labelled_Lola_pheeseq_0000050_labelled_mB1.wav,1.335985579336048,4.399866231684553,0.6573086122217814,0.6880910272077964,0.034222661933851886
636,after_phees_2022-07-26_13-19-22_0000049_labelled_Lola_pheeseq_0000050_labelled_mB2.wav,1.8326920681096086,4.247146542094579,0.6756806081731319,0.770585899410104,-0.05228218172111638
637,after_phees_2022-07-26_13-19-22_0000049_labelled_Lola_pheeseq_0000051_labelled_mB1.wav,2.2668680486583455,4.107171546813142,0.3858918992628863,-0.17252719396381686,0.40732773707019154
638,after_phees_2022-07-26_13-19-22_0000049_labelled_Lola_pheeseq_0000051_labelled_mB2.wav,1.640109244332697,4.236365877720564,-0.5396906794924655,0.457143391341221,0.32854139536525034
639,after_phees_2022-07-26_13-19-22_0000049_labelled_Lola_pheeseq_0000052_labelled_mB1.wav,1.3401413075651532,4.3148059847223434,-0.7035274228276106,0.1751516613737399,0.182837488537586
640,after_phees_2022-07-26_13-19-22_0000049_labelled_Lola_pheeseq_0000052_labelled_mB2.wav,2.066223049583726,3.934573343998787,-0.39267872596848574,0.5522028240297286,-0.06974924318191995
641,after_phees_2022-07-26_13-19-22_0000049_labelled_Odin_pheeseq_0000007_labelled_mC1.wav,0.035155652778368504,-0.08285928300633943,1.2160166411767857,-0.8027383522942407,-0.19981525140012424
642,after_phees_2022-07-26_13-19-22_0000049_labelled_Odin_pheeseq_0000007_labelled_mC2.wav,1.2834933670640494,-0.12962750189418573,-0.01895732612145532,-0.18822797588451415,-1.013669460576556
643,after_phees_2022-07-26_13-19-22_0000049_labelled_Odin_pheeseq_0000007_labelled_mC3.wav,-4.437273947854321,-2.2860464956725095,-1.8980498301726472,0.3348605854323349,0.1700993938260849
644,after_phees_2022-07-26_13-19-22_0000049_labelled_Odin_pheeseq_0000017_labelled_mD1.wav,-1.5795184913554563,-1.1178846002009624,-0.6663599979724443,-0.3483949022280716,-0.16751189667427638
645,after_phees_2022-07-26_13-19-22_0000049_labelled_Odin_pheeseq_0000017_labelled_mD3.wav,0.42962047667409403,-1.5657387894475252,0.06221528406842585,-0.4953115482475798,-0.21133182561327254
646,after_phees_2022-07-26_13-19-22_0000049_labelled_Odin_pheeseq_0000017_labelled_mD4.wav,1.544275551240223,-1.1189588300042066,0.1585592958025649,-0.5528135622946642,-0.4059568830685158
647,after_phees_2022-07-26_13-19-22_0000049_labelled_Odin_pheeseq_0000017_labelled_mD5.wav,-0.4702668613976945,-2.1379713270593936,-0.5152155195252178,-0.8157481586701755,-0.05458283209849419
648,after_phees_2022-07-26_13-19-22_0000049_labelled_Odin_pheeseq_0000018_labelled_mD1.wav,-1.0397358798571175,-0.21200514698509085,-0.8392793328823404,-0.16062204618214818,0.33089215530692
649,after_phees_2022-07-26_13-19-22_0000049_labelled_Odin_pheeseq_0000018_labelled_mD2.wav,0.5509815727654501,-1.0402111039337016,0.6934622593302985,-0.2816715035380046,-0.07357483603124448
650,after_phees_2022-07-26_13-19-22_0000049_labelled_Odin_pheeseq_0000018_labelled_mD3.wav,2.1396221008626597,-1.256771818708915,0.9680227524125454,-0.9483142402953284,-0.03711259231153262
651,after_phees_2022-07-26_13-19-22_0000049_labelled_Odin_pheeseq_0000018_labelled_mD4.wav,1.352401148580454,-1.5266774643308874,-0.3739165463114692,-0.6853753976242998,-0.43204172580416594
652,after_phees_2022-07-26_13-19-22_0000049_labelled_Odin_pheeseq_0000019_labelled_mE1.wav,0.14662085232961164,-1.3203188258011211,-0.5677836308495269,-0.27013786415731983,0.6525377918801794
653,after_phees_2022-07-26_13-19-22_0000049_labelled_Odin_pheeseq_0000019_labelled_mE3.wav,1.882598651759641,-1.9269826520465245,0.10471222879548939,0.3407095250160508,-0.17316458918358965
654,after_phees_2022-07-26_13-19-22_0000049_labelled_Odin_pheeseq_0000019_labelled_mE4.wav,2.7170586203452647,-1.9550852791211881,0.5835438776221729,-0.3216678518771389,0.1126638566542717
655,after_phees_2022-07-26_13-19-22_0000049_labelled_Odin_pheeseq_0000019_labelled_mE5.wav,2.095362040867685,-2.0087571383108638,-0.030296934706961338,-0.0308022896618701,-0.6163697261320434
656,after_phees_2022-07-26_13-19-22_0000049_labelled_Odin_pheeseq_0000019_labelled_mE7.wav,-0.9778843389847663,-3.637061845861777,-0.018772511244950347,0.17573208544016355,0.08216974595490252
657,after_phees_2022-07-26_13-19-22_0000049_labelled_Odin_pheeseq_0000035_labelled_mB1.wav,-0.8319104916719283,0.02529830946477153,0.07291134956168295,-0.4042158604157462,-0.40578460022649043
658,after_phees_2022-07-26_13-19-22_0000049_labelled_Odin_pheeseq_0000035_labelled_mB2.wav,-0.201133214224439,0.5162599900590197,-0.06972053790889216,-0.2207224407382967,-0.10316438784585279
659,after_phees_2022-07-26_13-19-22_0000049_labelled_Odin_pheeseq_0000046_labelled_mB1.wav,-2.0403999007489784,0.07433794470232374,0.2036301081455101,-0.6756538989264185,-0.17078486758404607
660,after_phees_2022-07-26_13-19-22_0000049_labelled_Odin_pheeseq_0000046_labelled_mB3.wav,-0.3251627842920771,-0.4574303309318049,0.10743731868151532,0.18554760377174406,-0.2919560653718242
661,after_phees_2022-07-26_13-19-22_0000049_labelled_Odin_pheeseq_0000053_labelled_mC1.wav,-1.1377480256238022,-0.14386379259868226,-1.0996771931516351,-0.44500581132464606,0.2683161643755308
662,after_phees_2022-07-26_13-19-22_0000049_labelled_Odin_pheeseq_0000053_labelled_mC2.wav,0.3399709427756298,0.114979202984101,0.288245434157868,-0.12315002560617674,-0.5675711839227943
663,after_phees_2022-07-26_13-19-22_0000049_labelled_Odin_pheeseq_0000053_labelled_mC3.wav,0.4541082221429689,-0.22278549008610654,-0.2470084238225286,0.3835955188948306,-0.1042874285714241
664,after_phees_2022-07-26_13-45-12_0000050_labelled_Lola_pheeseq_0000004_labelled_mB1.wav,-0.05168905296901767,3.5850822955693444,2.3099036666298858,0.13454053081232623,0.3015690195360178
665,after_phees_2022-07-26_13-45-12_0000050_labelled_Lola_pheeseq_0000006_labelled_mB1.wav,-0.13164682881928322,3.75083177014332,0.19956737426115184,0.4182065227737822,0.219069841751999
666,after_phees_2022-07-26_13-45-12_0000050_labelled_Lola_pheeseq_0000006_labelled_mB2.wav,0.44694480264749603,3.1686461989374393,0.12645788896875315,0.5054334924304729,-0.12117966938992322
667,after_phees_2022-07-26_13-45-12_0000050_labelled_Lola_pheeseq_0000007_labelled_mB1.wav,-0.5273255071947911,3.1815075363834855,0.2245857280259942,0.4318926354580067,0.2146696442390616
668,after_phees_2022-07-26_13-45-12_0000050_labelled_Lola_pheeseq_0000007_labelled_mB2.wav,1.2697718268388187,2.553494581265178,0.06915618266260659,-0.11405147472023433,0.28578275221161575
669,after_phees_2022-07-26_13-45-12_0000050_labelled_Lola_pheeseq_0000009_labelled_mB1.wav,0.7705703517248148,4.171937581716104,-0.02669558563570618,0.3701924108663678,0.16759262063318156
670,after_phees_2022-07-26_13-45-12_0000050_labelled_Lola_pheeseq_0000009_labelled_mB2.wav,1.6313853132441307,2.8882585967953687,-0.11932354507436459,0.7904318438211441,-0.22479221660600124
671,after_phees_2022-07-26_13-45-12_0000050_labelled_Lola_pheeseq_0000010_labelled_mB1.wav,-0.02692225979351353,3.5682223893160416,0.034787593515423376,0.30545251562372067,0.08518125250212834
672,after_phees_2022-07-26_13-45-12_0000050_labelled_Lola_pheeseq_0000010_labelled_mB2.wav,1.6215103574516172,2.3180524706283308,0.17153615432126912,0.27433921412401585,0.2462862570639514
673,after_phees_2022-07-26_13-45-12_0000050_labelled_Lola_pheeseq_0000011_labelled_mB1.wav,0.26231213495216293,3.2734514991032393,-0.6354009639768241,0.3160686798469535,0.23942721167689193
674,after_phees_2022-07-26_13-45-12_0000050_labelled_Lola_pheeseq_0000011_labelled_mB2.wav,1.3691074068963454,2.8607365596568664,0.7904304746373783,-0.1511635431444125,-0.05513966271372096
675,after_phees_2022-07-26_13-45-12_0000050_labelled_Lola_pheeseq_0000012_labelled_mC1.wav,0.39051485991564505,3.2129234223097702,-0.21481043369189456,0.4739132182157451,0.19665884793188362
676,after_phees_2022-07-26_13-45-12_0000050_labelled_Lola_pheeseq_0000012_labelled_mC2.wav,1.6514576859843126,3.28911737950004,0.48401877324244486,0.384991003188448,-0.7953105524192785
677,after_phees_2022-07-26_13-45-12_0000050_labelled_Lola_pheeseq_0000012_labelled_mC3.wav,1.870347712187912,2.3667909286907567,-1.8246806167880785,0.5768088625431965,0.07953545422317558
678,after_phees_2022-07-26_13-45-12_0000050_labelled_Lola_pheeseq_0000013_labelled_mC1.wav,0.7221247677544298,3.966356325819215,0.11783262859503274,0.4810801707452569,0.2389631628738605
679,after_phees_2022-07-26_13-45-12_0000050_labelled_Lola_pheeseq_0000013_labelled_mC2.wav,2.035942161743075,3.483272488524192,1.2164928042477994,-0.07348942358514705,-0.09426606189335775
680,after_phees_2022-07-26_13-45-12_0000050_labelled_Lola_pheeseq_0000013_labelled_mC3.wav,1.6188382557252794,2.4151480200898163,-0.46372910935184397,0.3233627825056524,0.7773721258441717
681,after_phees_2022-07-26_13-45-12_0000050_labelled_Lola_pheeseq_0000023_labelled_mB1.wav,-0.629839771687836,3.2043576327404497,-0.17990153811131704,0.3857665004828348,0.34513353945196124
682,after_phees_2022-07-26_13-45-12_0000050_labelled_Lola_pheeseq_0000023_labelled_mB2.wav,0.5587313815475736,2.7931095953692484,1.690668754006633,0.20713370649493337,0.14834796619330703
683,after_phees_2022-07-26_13-45-12_0000050_labelled_Lola_pheeseq_0000024_labelled_mB1.wav,-1.2354249290964796,2.188365679558708,-0.5911639762121309,0.5730736715804788,0.46577661010556126
684,after_phees_2022-07-26_13-45-12_0000050_labelled_Lola_pheeseq_0000024_labelled_mB2.wav,-0.4355483948694407,2.6469508746763855,-0.17619557058173946,0.40501027507966225,0.07446977517114194
685,after_phees_2022-07-26_13-45-12_0000050_labelled_Lola_pheeseq_0000025_labelled_mB1.wav,-0.30927393789711416,2.6581970921569162,-0.5421207112932344,0.4451546709101575,0.30635264596731304
686,after_phees_2022-07-26_13-45-12_0000050_labelled_Lola_pheeseq_0000025_labelled_mB2.wav,0.42311393800085817,2.5907653551985903,0.14817047206483008,0.15390405944704594,0.873833845769101
687,after_phees_2022-07-26_13-45-12_0000050_labelled_Lola_pheeseq_0000026_labelled_mB1.wav,-0.18432014477747022,3.2186091522921316,-1.1048768438278467,0.12270448508792614,0.5029451951503279
688,after_phees_2022-07-26_13-45-12_0000050_labelled_Lola_pheeseq_0000026_labelled_mB2.wav,0.6261598498116645,3.1063728261559875,0.7782445343383215,0.7680235044415081,-0.22763436324205308
689,after_phees_2022-07-26_13-45-12_0000050_labelled_Lola_pheeseq_0000027_labelled_mB1.wav,0.0281960466797999,3.348700384457688,-0.4322648553757646,0.3070848231375335,0.25574267598535144
690,after_phees_2022-07-26_13-45-12_0000050_labelled_Lola_pheeseq_0000027_labelled_mB2.wav,1.876183509534785,2.533033956927846,1.3103011968068645,0.27967332406574,-0.24501406416403712
691,after_phees_2022-07-26_13-45-12_0000050_labelled_Lola_pheeseq_0000028_labelled_mB1.wav,0.37079079229445516,3.9005845018483343,0.3657587647220418,0.07771378772362675,1.3527326367107257
692,after_phees_2022-07-26_13-45-12_0000050_labelled_Lola_pheeseq_0000028_labelled_mB2.wav,1.3915943714812113,2.800360842790137,0.7633799088019294,0.31182647398206437,0.2817927970810577
693,after_phees_2022-07-26_13-45-12_0000050_labelled_Lola_pheeseq_0000029_labelled_mB1.wav,-0.031320202850756526,3.4534493322970232,-0.3671975273965519,0.24959007049314028,0.2093390604390573
694,after_phees_2022-07-26_13-45-12_0000050_labelled_Lola_pheeseq_0000030_labelled_mB1.wav,0.04810802987697058,3.6246448383159304,-0.46027046298204977,0.15622102427872708,0.19120764798386722
695,after_phees_2022-07-26_13-45-12_0000050_labelled_Lola_pheeseq_0000030_labelled_mB2.wav,1.3313427814041212,3.019429778868896,1.3127120178715121,0.6516976262794321,0.5159984313722981
696,after_phees_2022-07-26_13-45-12_0000050_labelled_Lola_pheeseq_0000031_labelled_mB1.wav,0.06878913459304975,3.751065249191821,0.10666413071599687,0.3324132503275832,0.2023844111644908
697,after_phees_2022-07-26_13-45-12_0000050_labelled_Lola_pheeseq_0000031_labelled_mB2.wav,1.3570564731634593,2.8834614860304333,0.839100519702539,0.032144798886633456,0.0675175958512425
698,after_phees_2022-07-26_13-45-12_0000050_labelled_Lola_pheeseq_0000032_labelled_mB1.wav,0.16792826874601843,3.1191662099222675,-0.5331322190754088,0.48943001837547867,0.3490850974372431
699,after_phees_2022-07-26_13-45-12_0000050_labelled_Lola_pheeseq_0000033_labelled_mB1.wav,0.8971686539709716,3.916258445355784,-0.3392974873011116,0.24870585184539915,0.0563163666651639
700,after_phees_2022-07-26_13-45-12_0000050_labelled_Lola_pheeseq_0000033_labelled_mB2.wav,2.315596721028843,2.7943905114666587,0.27800098204197116,0.5586953556013369,0.48798132092790775
701,after_phees_2022-07-26_13-45-12_0000050_labelled_Lola_pheeseq_0000034_labelled_mB1.wav,0.564848853776089,4.059180998100428,0.9673886185564874,-0.10057518403360778,0.7876894382146332
702,after_phees_2022-07-26_13-45-12_0000050_labelled_Lola_pheeseq_0000034_labelled_mB2.wav,1.3113186653363453,3.2709361650265456,-0.2975584601433972,0.6927016904963439,-0.009666643656342792
703,after_phees_2022-07-26_13-45-12_0000050_labelled_Lola_pheeseq_0000035_labelled_mB1.wav,0.29366258859594147,4.9972943742492415,1.6984046333540246,0.9466188729944248,0.3586918007028531
704,after_phees_2022-07-26_13-45-12_0000050_labelled_Lola_pheeseq_0000035_labelled_mB2.wav,0.6148876814193359,2.9885560472830384,0.3857463492712869,1.0486054488229029,0.13973606109064834
705,after_phees_2022-07-26_13-45-12_0000050_labelled_Lola_pheeseq_0000036_labelled_mB1.wav,-0.17531411672100186,4.37078304689665,1.1324118549076392,0.5831491720324161,0.283345008750061
706,after_phees_2022-07-26_13-45-12_0000050_labelled_Lola_pheeseq_0000036_labelled_mB2.wav,0.9641367797922972,3.208914092647915,0.9472186625873529,0.07648742674470614,0.47838740777492605
707,after_phees_2022-07-26_13-45-12_0000050_labelled_Lola_pheeseq_0000037_labelled_mB1.wav,0.043758479505161846,3.893472066192694,0.4778462078018647,0.3920585266005502,0.14103873271309875
708,after_phees_2022-07-26_13-45-12_0000050_labelled_Lola_pheeseq_0000037_labelled_mB2.wav,1.2338771724964248,3.491380977506017,0.07071294530418328,0.5371637426961482,-0.1710792635264143
709,after_phees_2022-07-26_13-45-12_0000050_labelled_Tabor_pheeseq_0000002_labelled_mD1.wav,0.5690759522595831,-0.14306374676318578,-1.7610741851469356,-0.2172117691963417,0.1614569014153337
710,after_phees_2022-07-26_13-45-12_0000050_labelled_Tabor_pheeseq_0000002_labelled_mD2.wav,0.502040271137649,-1.0356882119954802,-1.117885722676325,-0.15666537093697824,-0.49724203193559297
711,after_phees_2022-07-26_13-45-12_0000050_labelled_Tabor_pheeseq_0000002_labelled_mD3.wav,-0.8587355697589069,-0.6794409196828377,-1.6739961749756413,-0.6735834474305334,0.06514085931638844
712,after_phees_2022-07-26_13-45-12_0000050_labelled_Tabor_pheeseq_0000002_labelled_mD4.wav,-2.475310597110995,-3.0333596629747275,-1.6945640826623427,-0.09288527192374882,0.0458052553100333
713,after_phees_2022-07-26_13-45-12_0000050_labelled_Tabor_pheeseq_0000014_labelled_mB1.wav,0.3941566874464539,-0.8767453470958666,-1.0802178535957812,-0.24051582531950516,-0.47517114611293265
714,after_phees_2022-07-26_13-45-12_0000050_labelled_Tabor_pheeseq_0000014_labelled_mB2.wav,1.165167937513658,-1.3354419984036554,-0.7521528666614492,-0.36141023221138474,0.27178806523450094
715,after_phees_2022-07-26_13-45-12_0000050_labelled_Tabor_pheeseq_0000016_labelled_mC1.wav,0.6019923020813193,0.4970583461580857,-2.76322575134989,0.12213594263072648,-0.1922239745436874
716,after_phees_2022-07-26_13-45-12_0000050_labelled_Tabor_pheeseq_0000016_labelled_mC2.wav,1.6069471356420064,-1.0953184216063299,0.483998017171905,-1.6221341296635843,-0.05362634000580447
717,after_phees_2022-07-26_13-45-12_0000050_labelled_Tabor_pheeseq_0000016_labelled_mC4.wav,0.05099538698483375,-1.4355865734609166,-0.5307047400826018,-1.0400544201809037,-0.08775937423551859
718,after_phees_2022-07-26_14-33-05_0000052_labelled_Olympia_pheeseq_0000009_labelled_mB1.wav,-3.554425180516069,0.936674876317579,1.9378953466010427,0.5414725651967417,0.9620908316922144
719,after_phees_2022-07-26_14-33-05_0000052_labelled_Olympia_pheeseq_0000009_labelled_mB2.wav,-3.855430397546828,0.3014928179837448,0.011134867723846475,0.33269070243525617,0.11829437798613548
720,after_phees_2022-07-26_14-33-05_0000052_labelled_Olympia_pheeseq_0000010_labelled_mB1.wav,-3.2504214759417307,-0.23988974242865332,0.007468815331363857,0.8329633520358227,0.1650938664594878
721,after_phees_2022-07-26_14-33-05_0000052_labelled_Olympia_pheeseq_0000010_labelled_mB2.wav,-3.0660667381965,-0.12212978266255486,0.5268179073219859,1.073691067959759,0.04847995189896161
722,after_phees_2022-07-26_14-33-05_0000052_labelled_Olympia_pheeseq_0000014_labelled_mB1.wav,-4.562847994719214,-1.8391023821115868,-0.8927086320422895,0.794440997165517,0.29467261877696393
723,after_phees_2022-07-26_14-33-05_0000052_labelled_Olympia_pheeseq_0000014_labelled_mB2.wav,-3.2040569939127037,-2.2954800886942532,0.5816233653263351,0.6226311407443098,0.16945264065363638
724,after_phees_2022-07-26_14-33-05_0000052_labelled_Olympia_pheeseq_0000015_labelled_mB1.wav,-2.296252274403991,0.8409494287224293,1.9326851862994203,1.028369586675999,0.888830179889823
725,after_phees_2022-07-26_14-33-05_0000052_labelled_Olympia_pheeseq_0000015_labelled_mB2.wav,-2.8031194402553132,0.056701755182933765,-0.7000267424048401,0.6759274542566513,0.30751356793696477
726,after_phees_2022-07-26_14-33-05_0000052_labelled_Olympia_pheeseq_0000016_labelled_mB1.wav,-3.2189941723521014,0.940137424253293,0.4275157547141094,0.9101904966563463,0.4567409762949931
727,after_phees_2022-07-26_14-33-05_0000052_labelled_Olympia_pheeseq_0000016_labelled_mB2.wav,-2.5626007086446587,-0.6799944469906818,0.1524261350246849,0.1836033668345809,0.39113068193849015
728,after_phees_2022-07-26_15-00-38_0000053_labelled_Nougatti_pheeseq_0000003_labelled_mC1.wav,0.13885690400800696,1.0880923956426214,-0.6108763010913192,-0.48286105193229284,0.09936006914549736
729,after_phees_2022-07-26_15-00-38_0000053_labelled_Nougatti_pheeseq_0000003_labelled_mC2.wav,0.5822824262589624,0.24834900384923309,-0.4034492594071552,-0.2027893431980671,-0.31272369230224895
730,after_phees_2022-07-26_15-00-38_0000053_labelled_Nougatti_pheeseq_0000003_labelled_mC3.wav,-1.8142473776668184,-2.5710646371116823,-0.8605198390790846,0.03555298947000153,-0.35166864973583306
731,after_phees_2022-07-26_15-00-38_0000053_labelled_Nougatti_pheeseq_0000005_labelled_mB1.wav,-1.9992625412442204,2.288438620217674,1.0425088758925107,0.8797553426558926,0.2687367183067625
732,after_phees_2022-07-26_15-00-38_0000053_labelled_Nougatti_pheeseq_0000005_labelled_mB2.wav,-1.1553507497096325,0.16818526218006632,-0.010518989975127346,0.21068533609453968,0.4906544356179945
733,after_phees_2022-07-26_15-00-38_0000053_labelled_Nougatti_pheeseq_0000006_labelled_mB1.wav,-2.578201387218266,0.4789206099596225,0.034103595976202154,0.16569338318468066,0.9740928922996305
734,after_phees_2022-07-26_15-00-38_0000053_labelled_Nougatti_pheeseq_0000006_labelled_mB2.wav,-0.8910087156283972,0.22326425166712077,0.5576986656566322,0.026291717454056892,-0.12895412485416366
735,after_phees_2022-07-26_15-00-38_0000053_labelled_Nougatti_pheeseq_0000008_labelled_mB2.wav,-0.48364395616671446,0.9124435422519867,1.018692456602095,0.0030126530900386355,-0.1830091684223056
736,after_phees_2022-07-26_15-00-38_0000053_labelled_Nougatti_pheeseq_0000010_labelled_mC1.wav,-1.361612100476759,0.4863764690059181,0.11654001818579607,0.13798823155647635,0.558442317251569
737,after_phees_2022-07-26_15-00-38_0000053_labelled_Nougatti_pheeseq_0000010_labelled_mC2.wav,-0.0033105551025104617,0.2657721320682065,0.011219015580616084,-0.012368308144036678,-0.13643658815847048
738,after_phees_2022-07-26_15-00-38_0000053_labelled_Nougatti_pheeseq_0000010_labelled_mC3.wav,-0.8878314212944757,-0.15800562833541157,0.27383321384275205,-0.1329514272991207,-0.2600710644959331
739,after_phees_2022-07-26_15-00-38_0000053_labelled_Nougatti_pheeseq_0000011_labelled_mC1.wav,-1.6891632891691897,1.566363977827885,0.019700154347198844,0.794760842051117,0.33313050592195004
740,after_phees_2022-07-26_15-00-38_0000053_labelled_Nougatti_pheeseq_0000011_labelled_mC2.wav,0.17397238988881827,0.5473981420090609,1.0186291284138542,0.06962022647872952,-0.5308593065587067
741,after_phees_2022-07-26_15-00-38_0000053_labelled_Nougatti_pheeseq_0000011_labelled_mC3.wav,-1.6209830142365855,0.15559953382090638,-0.4864749208609672,0.6863198347906555,-0.1802769148949636
742,after_phees_2022-07-26_15-00-38_0000053_labelled_Nougatti_pheeseq_0000012_labelled_mB1.wav,-1.35279980823875,0.41228789199952764,-0.13844449227097855,-0.06039815884096316,0.43492687190108953
743,after_phees_2022-07-26_15-00-38_0000053_labelled_Nougatti_pheeseq_0000024_labelled_mB1.wav,-2.144216359694718,1.8596111068056673,1.966715041272003,1.2698208203213548,0.024480400005235825
744,after_phees_2022-07-26_15-00-38_0000053_labelled_Nougatti_pheeseq_0000024_labelled_mB2.wav,-1.3253625392806019,0.36763536052591145,-0.19354298868276693,-0.23310133600599495,0.297550679676968
745,after_phees_2022-07-26_15-00-38_0000053_labelled_Nougatti_pheeseq_0000025_labelled_mB1.wav,-1.6617323994480926,1.2294702600985818,1.33757283614167,0.5871335041839698,0.7773064558184748
746,after_phees_2022-07-26_15-00-38_0000053_labelled_Nougatti_pheeseq_0000025_labelled_mB2.wav,-1.0209989875727683,0.5021465024861697,0.966182355882736,0.2478929146230001,0.08681023432961982
747,after_phees_2022-07-26_15-00-38_0000053_labelled_Nougatti_pheeseq_0000037_labelled_mB1.wav,-1.8927409986459292,2.50719987593921,1.2493727981337472,0.6728448405677419,0.17190144564830795
748,after_phees_2022-07-26_15-00-38_0000053_labelled_Nougatti_pheeseq_0000037_labelled_mB2.wav,-0.9257123528195333,0.20073291350440903,0.3521436832024832,0.14716214809084885,0.07449868160450183
749,after_phees_2022-07-26_15-00-38_0000053_labelled_Nougatti_pheeseq_0000039_labelled_mB1.wav,-2.353244848842458,1.5550691935479042,0.6186131111822004,0.46604783247772136,-0.007835453164434717
750,after_phees_2022-07-26_15-00-38_0000053_labelled_Nougatti_pheeseq_0000039_labelled_mB2.wav,-0.6589471541475632,0.17439016043328154,0.68836969052826,0.012451315119187458,-0.365439416127122
751,after_phees_2022-07-26_15-00-38_0000053_labelled_Nougatti_pheeseq_0000042_labelled_mB1.wav,-1.7389145556813244,1.1610306199446807,0.5857535840296978,-0.222316601966839,0.3170113461687304
752,after_phees_2022-07-26_15-00-38_0000053_labelled_Nougatti_pheeseq_0000042_labelled_mB2.wav,-0.2466281961813903,0.9515759892534192,1.261364167209013,0.1892524833522558,-0.13890433479167333
753,after_phees_2022-07-26_15-00-38_0000053_labelled_Nougatti_pheeseq_0000044_labelled_mB1.wav,-1.5678817805110978,1.1824383716497007,1.498780267322941,0.12782872346894583,0.21280158672316524
754,after_phees_2022-07-26_15-00-38_0000053_labelled_Nougatti_pheeseq_0000044_labelled_mB2.wav,-0.9640963108875763,0.6716276916767139,-0.49389916345721074,0.7820991192571279,-0.17683304415313866
755,after_phees_2022-07-26_15-00-38_0000053_labelled_Nougatti_pheeseq_0000045_labelled_mB1.wav,-1.5971704760471843,1.8308608287284893,0.22198990413799685,0.23506636606243847,-0.13263852774314117
756,after_phees_2022-07-26_15-00-38_0000053_labelled_Nougatti_pheeseq_0000045_labelled_mB2.wav,-0.5426128301327399,0.8918825953489979,0.48551698509607144,0.2911587355343491,0.3883897317753627
757,after_phees_2022-07-26_15-00-38_0000053_labelled_Nougatti_pheeseq_0000046_labelled_mB1.wav,-1.3989290972574278,0.3632114693212527,-0.4620180024147745,0.2405503977129037,0.7973703071687505
758,after_phees_2022-07-26_15-00-38_0000053_labelled_Nougatti_pheeseq_0000046_labelled_mB2.wav,-0.165491989425107,-0.019045128201119397,0.10714262792398987,0.3464778208505235,-8.817378205968459e-05
759,after_phees_2022-07-26_15-00-38_0000053_labelled_Nougatti_pheeseq_0000047_labelled_mB1.wav,-1.4754515311117908,1.6019438989543533,0.09784079527701411,0.6775479727174334,0.2224430410143953
760,after_phees_2022-07-26_15-00-38_0000053_labelled_Nougatti_pheeseq_0000047_labelled_mB2.wav,0.45386461863821725,0.594475906436695,1.7926255293515054,-0.2652137719791317,0.16790179491833584
761,after_phees_2022-07-26_15-00-38_0000053_labelled_Nougatti_pheeseq_0000048_labelled_mB2.wav,0.43095520059114956,0.5581289751762258,1.5998368216183467,-0.09930799742784871,0.38790057387315285
762,after_phees_2022-07-26_15-00-38_0000053_labelled_Wuschel_pheeseq_0000027_labelled_mB1.wav,-4.53706359356801,-0.14327874027056411,0.10692413211978039,0.6016361758392906,0.059647351278427296
763,after_phees_2022-07-26_15-00-38_0000053_labelled_Wuschel_pheeseq_0000027_labelled_mB2.wav,-4.227291933562599,-0.8208575521498853,0.5152150631124122,-0.18292607805558772,0.4657414399708365
764,after_phees_2022-07-26_15-00-38_0000053_labelled_Wuschel_pheeseq_0000028_labelled_mB1.wav,-4.985912763232994,0.3899857960991015,2.912226246359148,0.8957123618267674,-0.47617008331406774
765,after_phees_2022-07-26_15-00-38_0000053_labelled_Wuschel_pheeseq_0000028_labelled_mB2.wav,-3.7114183246596957,-1.2420360519322602,1.7572969392340465,0.25729804251845195,-0.11916130072998954
766,after_phees_2022-07-26_15-00-38_0000053_labelled_Wuschel_pheeseq_0000029_labelled_mB1.wav,-5.298769478853222,0.34024070591945377,2.0686625943616295,0.6996718379140738,-0.06341310006894021
767,after_phees_2022-07-26_15-00-38_0000053_labelled_Wuschel_pheeseq_0000030_labelled_mB1.wav,-4.843594161426455,-0.10131018914899208,1.865948579902901,0.5164702491882267,-0.47706808894666325
768,after_phees_2022-07-26_15-00-38_0000053_labelled_Wuschel_pheeseq_0000030_labelled_mB2.wav,-3.9473245609453835,-0.6748960367213318,1.5355896304212562,-0.2172179814659492,-0.02010165821397153
769,after_phees_2022-07-26_15-00-38_0000053_labelled_Wuschel_pheeseq_0000031_labelled_mB1.wav,-4.330599994032189,-0.8056350636546173,1.0577507494641096,-0.2888809222597795,0.05852055387030575
770,after_phees_2022-07-26_15-00-38_0000053_labelled_Wuschel_pheeseq_0000031_labelled_mB2.wav,-3.733991586638633,-1.2569211472607396,1.597328799170084,0.30400253473724914,-0.06931090832388388
771,after_phees_2022-07-26_15-00-38_0000053_labelled_Wuschel_pheeseq_0000033_labelled_mB1.wav,-4.4569345211508855,-0.26334682210641586,2.3829074372434396,0.042366017745111215,0.06767911692367397
772,after_phees_2022-07-26_15-00-38_0000053_labelled_Wuschel_pheeseq_0000033_labelled_mB2.wav,-4.189397270585047,-0.6799455259501581,-0.08081213578062807,0.5209633676411235,-0.01778620826565748
773,after_phees_2022-07-26_15-00-38_0000053_labelled_Wuschel_pheeseq_0000034_labelled_mC1.wav,-4.8559448148919,-0.7605323918190754,0.3713962221875602,0.6487369111097552,0.10715031142273206
774,after_phees_2022-07-26_15-00-38_0000053_labelled_Wuschel_pheeseq_0000034_labelled_mC2.wav,-3.652641611435702,-0.5753711083723024,1.1427548762916302,0.30790413857468846,-1.027849383593149
775,after_phees_2022-07-26_15-00-38_0000053_labelled_Wuschel_pheeseq_0000034_labelled_mC3.wav,-3.8174070918966705,-0.6373492738259953,0.022330764837546438,-0.2976179457815712,0.5950752998929132
776,after_phees_2022-07-26_15-00-38_0000053_labelled_Wuschel_pheeseq_0000036_labelled_mB1.wav,-4.103867398678546,-0.4419831755146602,2.6789879659413858,0.32936585099571253,-0.0644330886231322
777,after_phees_2022-07-26_15-00-38_0000053_labelled_Wuschel_pheeseq_0000036_labelled_mB2.wav,-2.9871914844853875,-0.9381706904911178,1.2893925982781076,0.05561692726019228,-0.26283422452723887
778,after_phees_2022-07-26_15-00-38_0000053_labelled_Wuschel_pheeseq_0000041_labelled_mB1.wav,-4.040463952104121,-0.018798341047470468,1.0694550346168943,0.47133052775834705,-0.35409434660408146
779,after_phees_2022-07-26_15-00-38_0000053_labelled_Wuschel_pheeseq_0000041_labelled_mB2.wav,-2.3790603548325673,-0.1940777051725757,1.862780657801291,0.13318123405424506,-0.28880773667682574
780,after_phees_2022-07-26_15-00-38_0000053_labelled_Wuschel_pheeseq_0000043_labelled_mB1.wav,-3.6874191224385306,0.9531014269225585,2.2609468805472006,0.8168052498239626,-0.4213885414577803
781,after_phees_2022-07-26_15-00-38_0000053_labelled_Wuschel_pheeseq_0000043_labelled_mB2.wav,-2.7434667738448835,-0.29823266750059524,0.5132390505588426,-0.5240086644046936,-0.08163037692643327
782,after_phees_2022-07-26_15-22-33_0000054_labelled_Nougatti_pheeseq_0000004_labelled_mB1.wav,-1.5557698059109155,0.8274897845853072,0.3245910733852489,-0.1185690042421875,0.385842095719103
783,after_phees_2022-07-26_15-22-33_0000054_labelled_Nougatti_pheeseq_0000004_labelled_mB2.wav,-0.10210061208378174,-0.2905647864559013,0.9689653291713454,-0.5030207003055511,0.15418928826109426
784,after_phees_2022-07-26_15-22-33_0000054_labelled_Nougatti_pheeseq_0000005_labelled_mB1.wav,-2.2646749774643147,0.780271928645882,0.7698163046774996,0.34673347979311886,0.8935352459286607
785,after_phees_2022-07-26_15-22-33_0000054_labelled_Nougatti_pheeseq_0000005_labelled_mB2.wav,-1.2899953513633453,-0.17939167109241566,1.3451468638236133,-0.08827482643362689,-0.6271665186417664
786,after_phees_2022-07-26_15-22-33_0000054_labelled_Nougatti_pheeseq_0000006_labelled_mB1.wav,-1.51311769443563,1.5852647846017935,-0.1682116779743002,0.5518088878832571,0.17324758401266013
787,after_phees_2022-07-26_15-22-33_0000054_labelled_Nougatti_pheeseq_0000006_labelled_mB2.wav,-0.8717711107938653,0.1583444067396311,0.43343993856907903,-0.0241710457887202,-0.09433676933923366
788,after_phees_2022-07-26_15-22-33_0000054_labelled_Nougatti_pheeseq_0000009_labelled_mB1.wav,-1.496769692082729,1.0364391112269973,-0.9682817252197308,0.4042230123757692,0.1495405703666218
789,after_phees_2022-07-26_15-22-33_0000054_labelled_Nougatti_pheeseq_0000009_labelled_mB2.wav,0.26502231401421233,0.33644230643829487,0.7285499464009533,0.09612173207032648,-0.48174389366631387
790,after_phees_2022-07-26_15-22-33_0000054_labelled_Nougatti_pheeseq_0000011_labelled_mB1.wav,-1.3423718395690796,1.1171134935370106,-0.9512929940776939,0.5876253569106329,0.3499140796264716
791,after_phees_2022-07-26_15-22-33_0000054_labelled_Nougatti_pheeseq_0000011_labelled_mB2.wav,0.8815979648157161,0.13726081457301895,1.4078585431226358,-0.34718352975923594,-0.16511435388462567
792,after_phees_2022-07-26_15-22-33_0000054_labelled_Nougatti_pheeseq_0000017_labelled_mB1.wav,-2.0973298669281957,0.7720500759088461,-0.860746779282805,0.46133272688605287,0.23084082984206766
793,after_phees_2022-07-26_15-22-33_0000054_labelled_Nougatti_pheeseq_0000017_labelled_mB2.wav,0.3112498746548495,-0.30121285240789225,2.083987844695741,-0.2821295523472836,-0.34461060312594527
794,after_phees_2022-07-27_10-24-06_0000055_labelled_Tabor_pheeseq_0000002_labelled_mC1.wav,-1.082893979061953,-0.372415319641602,-0.49542497280665104,0.2569870792229358,0.4835512008780089
795,after_phees_2022-07-27_10-24-06_0000055_labelled_Tabor_pheeseq_0000002_labelled_mC2.wav,-0.6601099876038878,-0.45763301712189225,0.26395048655550535,-0.27368782551174214,-0.602149060850333
796,after_phees_2022-07-27_10-24-06_0000055_labelled_Tabor_pheeseq_0000002_labelled_mC3.wav,-2.259604253978705,0.5659841345550545,-0.38801471763874135,-0.14357701257498687,-0.5406934748438395
797,after_phees_2022-07-27_10-24-06_0000055_labelled_Tabor_pheeseq_0000003_labelled_mD1.wav,0.05780342136988493,1.6488534033594815,-2.2444655187625595,0.5922221612689695,0.6776269416643129
798,after_phees_2022-07-27_10-24-06_0000055_labelled_Tabor_pheeseq_0000003_labelled_mD2.wav,-1.5793582752024047,0.2535278573546233,-1.029582366451681,0.40285925612327134,-0.18397048187035517
799,after_phees_2022-07-27_10-24-06_0000055_labelled_Tabor_pheeseq_0000003_labelled_mD3.wav,-2.5121107290134375,-0.7088111942512185,-2.013264266006807,0.30925400408150067,0.22122719930872312
800,after_phees_2022-07-27_10-24-06_0000055_labelled_Tabor_pheeseq_0000003_labelled_mD4.wav,-3.26081009897846,-1.1353724089566306,-2.244520309149916,-0.4167517100359316,-0.1878727791125412
801,after_phees_2022-07-27_10-24-06_0000055_labelled_Tabor_pheeseq_0000005_labelled_mC1.wav,0.44788757340919244,0.40685818682124575,-2.7012504133117443,0.5164924317711648,0.07037349440743172
802,after_phees_2022-07-27_10-24-06_0000055_labelled_Tabor_pheeseq_0000005_labelled_mC2.wav,1.013060531189788,1.0154906722382648,-1.614774173553917,-0.48011267084579234,0.21818231655367723
803,after_phees_2022-07-27_10-24-06_0000055_labelled_Tabor_pheeseq_0000005_labelled_mC3.wav,1.0011515652628842,0.7334635185224098,-1.5714783253195763,-0.05472504149097368,0.29451396376141753
804,after_phees_2022-07-27_10-24-06_0000055_labelled_Tabor_pheeseq_0000006_labelled_mC1.wav,2.1615727518320598,0.21440970796229938,-1.7180113042441572,0.29255550664446156,0.06406758218635551
805,after_phees_2022-07-27_10-24-06_0000055_labelled_Tabor_pheeseq_0000006_labelled_mC2.wav,1.2985572104054555,-0.02319462459751876,-0.4598147269242553,-0.5641279747273719,0.5165593587723404
806,after_phees_2022-07-27_10-24-06_0000055_labelled_Tabor_pheeseq_0000006_labelled_mC3.wav,-0.18801775858745023,0.17831737679499146,-1.2166753059241606,-0.6465534747954188,-0.09167187541957392
807,after_phees_2022-07-27_10-24-06_0000055_labelled_Tabor_pheeseq_0000008_labelled_mC1.wav,-0.010391333862591362,1.1977445315459767,-1.1716613648217737,0.27317879639690773,-0.4488257866408687
808,after_phees_2022-07-27_10-24-06_0000055_labelled_Tabor_pheeseq_0000008_labelled_mC4.wav,-0.9704989768191169,-0.20910031261003675,-0.5231992416338119,-0.22376667349126197,0.1475910178557543
809,after_phees_2022-07-27_10-24-06_0000055_labelled_Tabor_pheeseq_0000008_labelled_mC5.wav,-1.7747573937746868,-0.6908801550892879,-1.1769640590616286,-0.8553442616326147,-0.024662782271206368
810,after_phees_2022-07-27_10-24-06_0000055_labelled_Tabor_pheeseq_0000009_labelled_mC1.wav,0.5744370955978653,-0.06762998585202759,-1.447349239803586,-0.0038556031066990814,0.2277273498853463
811,after_phees_2022-07-27_10-24-06_0000055_labelled_Tabor_pheeseq_0000009_labelled_mC2.wav,0.2033679626691223,-1.0740758788870457,-0.5903614492017193,-0.8166138651569511,0.27039777765803863
812,after_phees_2022-07-27_10-24-06_0000055_labelled_Tabor_pheeseq_0000009_labelled_mC3.wav,-0.6437573674203404,-1.1118074026922773,-1.1158892108675484,-0.31523994412837214,-0.2174335639590703
813,after_phees_2022-07-27_10-24-06_0000055_labelled_Tabor_pheeseq_0000014_labelled_mC1.wav,-2.1954754592622505,0.6844456491723813,-0.6346105657815133,0.33432399398884255,-0.032988806077852616
814,after_phees_2022-07-27_10-24-06_0000055_labelled_Tabor_pheeseq_0000014_labelled_mC2.wav,-1.9931827246050082,-0.26810939597535116,-0.7152871233037797,-0.5927285803503919,0.15045815793626416
815,after_phees_2022-07-27_10-24-06_0000055_labelled_Tabor_pheeseq_0000014_labelled_mC3.wav,-2.7867485016186313,-1.4042525541537334,-1.7341707640499182,1.1773588393381422,0.6668828213316742
816,after_phees_2022-07-27_11-30-41_0000057_labelled_Lola_pheeseq_0000002_labelled_mB1.wav,-2.0571746730598597,4.203093608687092,2.505913755915163,0.8845631590407759,0.34903463887035596
817,after_phees_2022-07-27_11-30-41_0000057_labelled_Lola_pheeseq_0000002_labelled_mB2.wav,-1.5162133361072783,2.978079543227405,0.8058911400488333,0.6134561029521054,0.30352868091068674
818,after_phees_2022-07-27_11-30-41_0000057_labelled_Lola_pheeseq_0000003_labelled_mB1.wav,-2.1309836335404118,2.415578666304009,0.8396425345193465,0.6287352809230355,0.259511166380409
819,after_phees_2022-07-27_11-30-41_0000057_labelled_Lola_pheeseq_0000003_labelled_mB2.wav,-1.4045093582078485,2.783365356208989,0.678773291613556,0.75000239394063,0.36147310531062
820,after_phees_2022-07-27_11-30-41_0000057_labelled_Lola_pheeseq_0000004_labelled_mC1.wav,-1.8349060830824928,1.6890861452982795,-0.29038856932287066,0.5574079294082182,0.27511959667490393
821,after_phees_2022-07-27_11-30-41_0000057_labelled_Lola_pheeseq_0000004_labelled_mC2.wav,-0.27370255271248184,2.0295363993811626,0.7744928370281357,0.07015005905342564,0.3956871671690135
822,after_phees_2022-07-27_11-30-41_0000057_labelled_Lola_pheeseq_0000004_labelled_mC3.wav,-1.362744598405747,1.395147200936817,0.13028202762400912,0.6299582160036803,-0.11760815607679355
823,after_phees_2022-07-27_11-30-41_0000057_labelled_Lola_pheeseq_0000005_labelled_mC1.wav,-1.3205315786609755,1.8204359956070082,0.8434024630194726,0.13194826668729923,0.8472630061678642
824,after_phees_2022-07-27_11-30-41_0000057_labelled_Lola_pheeseq_0000005_labelled_mC2.wav,-0.21302075173288776,2.630088427683934,-0.1613150517145656,0.7932299812362665,0.3278472995272115
825,after_phees_2022-07-27_11-30-41_0000057_labelled_Lola_pheeseq_0000005_labelled_mC3.wav,-0.8550255937511914,1.5076512300266318,-1.1157147867012467,0.8626876359629906,0.5458180530068225
826,after_phees_2022-07-27_11-30-41_0000057_labelled_Lola_pheeseq_0000006_labelled_mC1.wav,-0.7880431362037861,1.0473824468799746,-0.10390909177598427,0.27216036606571303,0.7380208556064878
827,after_phees_2022-07-27_11-30-41_0000057_labelled_Lola_pheeseq_0000006_labelled_mC2.wav,0.9347319046206307,2.171999308632165,1.3087958219822196,0.28448356671381997,0.017921729759746437
828,after_phees_2022-07-27_11-30-41_0000057_labelled_Lola_pheeseq_0000006_labelled_mC3.wav,-1.0082102563036293,2.322691058560396,-0.06795254199040646,0.6869585070474926,0.4324472578935409
829,after_phees_2022-07-27_11-30-41_0000057_labelled_Lola_pheeseq_0000007_labelled_mB1.wav,-0.6395638150262224,3.285719214997786,0.08277024578115424,0.6235614082836192,0.4344949962914967
830,after_phees_2022-07-27_11-30-41_0000057_labelled_Lola_pheeseq_0000007_labelled_mB2.wav,-0.03599300917882225,3.824293467770283,0.99533777566738,0.9425414855290432,0.4043132815184782
831,after_phees_2022-07-27_11-30-41_0000057_labelled_Lola_pheeseq_0000008_labelled_mB1.wav,-0.02782427428825331,3.619067863390279,0.2568097858128689,0.501877564529703,0.24298731320683806
832,after_phees_2022-07-27_11-30-41_0000057_labelled_Lola_pheeseq_0000008_labelled_mB2.wav,2.1075152451201555,2.1224397300706173,1.0611451163522265,-0.09079722714806533,0.7471425193256505
833,after_phees_2022-07-27_11-30-41_0000057_labelled_Lola_pheeseq_0000009_labelled_mB1.wav,-0.12743682592323052,3.8576174892004174,0.593358704894994,0.44761104772475724,0.15536574217382318
834,after_phees_2022-07-27_11-30-41_0000057_labelled_Lola_pheeseq_0000013_labelled_mB1.wav,0.9840072784782429,3.3860596196713804,2.5690110195092153,0.027359263195316383,-0.40581627885516064
835,after_phees_2022-07-27_11-30-41_0000057_labelled_Lola_pheeseq_0000013_labelled_mB2.wav,3.345180748981824,0.8935118983834641,-1.3774327854407185,-0.28984764903683763,-0.7004484508374716
836,after_phees_2022-07-27_11-30-41_0000057_labelled_Lola_pheeseq_0000020_labelled_mB1.wav,-0.3792542391786592,4.5176420940623645,1.692599036832613,0.7743612379435535,0.14827396430861212
837,after_phees_2022-07-27_11-30-41_0000057_labelled_Lola_pheeseq_0000020_labelled_mB2.wav,0.41954702042590614,2.348037923256364,0.2410956790777218,-0.1820408092518994,0.3666608175295419
838,after_phees_2022-07-27_11-30-41_0000057_labelled_Wuschel_pheeseq_0000010_labelled_mB1.wav,-4.285246535871663,1.5003144897755434,4.513143588404805,0.7988690888678318,0.387359357796029
839,after_phees_2022-07-27_11-30-41_0000057_labelled_Wuschel_pheeseq_0000010_labelled_mB2.wav,-4.16916858310254,0.07915075658137952,1.857987798041235,0.7452461079656738,-0.42421476993904533
840,after_phees_2022-07-27_11-30-41_0000057_labelled_Wuschel_pheeseq_0000011_labelled_mB1.wav,-5.386254430654658,0.060615881129509074,3.0299530543773474,0.19660628067717842,0.44953309823950394
841,after_phees_2022-07-27_11-30-41_0000057_labelled_Wuschel_pheeseq_0000011_labelled_mB2.wav,-4.803944041423099,-0.6037342762532043,1.3410564991430787,0.37240950173516224,-0.5552035025971505
842,after_phees_2022-07-27_11-30-41_0000057_labelled_Wuschel_pheeseq_0000012_labelled_mB1.wav,-4.929526390794309,1.221247062628421,3.007747948550225,0.8146539294835023,-0.18380752709907683
843,after_phees_2022-07-27_11-30-41_0000057_labelled_Wuschel_pheeseq_0000012_labelled_mB2.wav,-4.014409305804005,-0.4022188865423049,0.9090439980494645,0.6866741080782841,-0.3671626381349077
844,after_phees_2022-07-28_09-36-49_0000058_labelled_Olympia_pheeseq_0000032_labelled_mB1.wav,-3.860176045134045,1.0297292404882559,1.5922849298997026,1.3142150168312545,0.4937198040946428
845,after_phees_2022-07-28_09-36-49_0000058_labelled_Olympia_pheeseq_0000032_labelled_mB2.wav,-5.429492050591827,-2.900712502490094,-1.6618171634706174,0.014948064747288334,1.3761897004815966
846,after_phees_2022-07-28_09-36-49_0000058_labelled_Olympia_pheeseq_0000034_labelled_mB1.wav,-4.070814784794427,1.374670293879863,1.7685990816405448,1.061456205236419,0.4416445390390534
847,after_phees_2022-07-28_09-36-49_0000058_labelled_Olympia_pheeseq_0000034_labelled_mB2.wav,-3.8353193110805637,0.3572476932074375,0.28107127475900767,0.39557554787243326,0.008341647109934082
848,after_phees_2022-07-28_09-36-49_0000058_labelled_Tabor_pheeseq_0000002_labelled_mC1.wav,-1.435349638558652,-0.45613443117966546,0.5243066191819102,0.06579715316564816,-0.17609859140854792
849,after_phees_2022-07-28_09-36-49_0000058_labelled_Tabor_pheeseq_0000002_labelled_mC2.wav,-2.3601424174651657,-0.14288243072742643,-1.2501350595239997,-0.017533632391032113,-0.32634172932009325
850,after_phees_2022-07-28_09-36-49_0000058_labelled_Tabor_pheeseq_0000002_labelled_mC3.wav,-2.916082254409321,-1.9497543659986003,-0.9992814310040322,0.11899772576037174,0.5252270682178983
851,after_phees_2022-07-28_09-36-49_0000058_labelled_Tabor_pheeseq_0000003_labelled_mC1.wav,-1.3298217045578962,-0.8694965227009157,0.545559374211474,-0.25311359325337435,-0.7114664890519978
852,after_phees_2022-07-28_09-36-49_0000058_labelled_Tabor_pheeseq_0000003_labelled_mC3.wav,-1.6684428807637968,0.14853344295310492,-0.8706796278202955,-0.08610657925340715,-0.6774833740439044
853,after_phees_2022-07-28_09-36-49_0000058_labelled_Tabor_pheeseq_0000003_labelled_mC4.wav,-0.9675464638060489,-1.7709629411563772,-0.8796749593090278,-0.482888824892426,-0.712533656246965
854,after_phees_2022-07-28_09-36-49_0000058_labelled_Tabor_pheeseq_0000004_labelled_mC1.wav,-1.5589884726631151,-0.2711845235503646,0.6087380786787825,0.09124840171286676,-0.03204918238002218
855,after_phees_2022-07-28_09-36-49_0000058_labelled_Tabor_pheeseq_0000004_labelled_mC2.wav,-0.6992970446954406,-1.020155931140525,0.4636920339988415,-0.8533673297594258,-0.00757517041219136
856,after_phees_2022-07-28_09-36-49_0000058_labelled_Tabor_pheeseq_0000004_labelled_mC3.wav,-1.2583286005181018,-1.2646900257788025,-0.5401093352987496,-0.7323382168440427,-0.8075233847289671
857,after_phees_2022-07-28_09-36-49_0000058_labelled_Tabor_pheeseq_0000005_labelled_mD1.wav,-1.1130958690058839,0.040487202422394286,-0.3139197925985245,-0.08554131829463947,0.27140748997885683
858,after_phees_2022-07-28_09-36-49_0000058_labelled_Tabor_pheeseq_0000005_labelled_mD2.wav,-0.8144875849937894,-0.8292158345190382,0.5417700819667647,-1.0734662986089298,-0.13400237492018374
859,after_phees_2022-07-28_09-36-49_0000058_labelled_Tabor_pheeseq_0000005_labelled_mD3.wav,-0.061845573142805636,-1.1727766805795783,-0.250102049760224,-1.5005542245396952,-0.49289696876684597
860,after_phees_2022-07-28_09-36-49_0000058_labelled_Tabor_pheeseq_0000005_labelled_mD4.wav,-2.272828051844288,-1.5930316656448495,-1.7935403799173195,-1.0980353533083445,-0.13607479728864796
861,after_phees_2022-07-28_09-36-49_0000058_labelled_Tabor_pheeseq_0000006_labelled_mD1.wav,-0.9646271655171395,-0.39420390208126305,-0.16267568052279055,-0.24607077950067827,-0.2754616695211833
862,after_phees_2022-07-28_09-36-49_0000058_labelled_Tabor_pheeseq_0000006_labelled_mD2.wav,-0.7356945969645012,-0.3373816484432138,-0.6881227282130439,-0.4096144656642744,-0.17435478577812996
863,after_phees_2022-07-28_09-36-49_0000058_labelled_Tabor_pheeseq_0000006_labelled_mD3.wav,-1.1461520653031454,-0.003489395464512197,-0.7477287621689025,-0.9423462119359043,-0.20990869362080133
864,after_phees_2022-07-28_09-36-49_0000058_labelled_Tabor_pheeseq_0000006_labelled_mD4.wav,-2.2097628219076118,-1.8486669662104578,-1.367832499627455,-0.9542655408119998,-0.44199529222881023
865,after_phees_2022-07-28_09-36-49_0000058_labelled_Tabor_pheeseq_0000007_labelled_mD1.wav,-1.3727694154264949,0.30614200736831754,-0.6975215243404962,-0.6760633299083494,0.11545095100002149
866,after_phees_2022-07-28_09-36-49_0000058_labelled_Tabor_pheeseq_0000007_labelled_mD3.wav,-1.3133719966026975,0.2248891749542157,-0.7297095566282263,-0.8750025155435286,-0.053961288205607784
867,after_phees_2022-07-28_09-36-49_0000058_labelled_Tabor_pheeseq_0000007_labelled_mD4.wav,-1.2015565171913216,-1.0964687039030583,-0.7220714019739285,-0.9266915086689131,-0.6901471482412901
868,after_phees_2022-07-28_09-36-49_0000058_labelled_Tabor_pheeseq_0000008_labelled_mD1.wav,-1.2098431686008135,0.27246100863843503,-0.05855983932144525,-0.5615907865744986,-0.12320992602961768
869,after_phees_2022-07-28_09-36-49_0000058_labelled_Tabor_pheeseq_0000008_labelled_mD2.wav,-0.6543506504675007,-0.367747617369524,-0.46910341128166455,-0.6229500478539519,-0.5015064792962927
870,after_phees_2022-07-28_09-36-49_0000058_labelled_Tabor_pheeseq_0000008_labelled_mD3.wav,-1.6528029803283464,-0.11865273010067512,-0.739492505042941,-0.2330631388150939,-1.0585900649723978
871,after_phees_2022-07-28_09-36-49_0000058_labelled_Tabor_pheeseq_0000008_labelled_mD4.wav,-1.5502693642962695,-1.4592480437169493,-0.6246600500627798,-0.016026238155869715,-0.06657978538857287
872,after_phees_2022-07-28_09-36-49_0000058_labelled_Tabor_pheeseq_0000009_labelled_mD2.wav,-0.8144337626306956,-0.453524586112548,-0.4492429880312891,-0.5356443116879198,-0.38797726822748074
873,after_phees_2022-07-28_09-36-49_0000058_labelled_Tabor_pheeseq_0000009_labelled_mD3.wav,-0.6084388546696327,-0.5395100179667873,-0.8302306451199216,-0.6818202979355664,-0.4118932841781146
874,after_phees_2022-07-28_09-36-49_0000058_labelled_Tabor_pheeseq_0000009_labelled_mD4.wav,-1.4882403367780286,-1.3798109955651405,-1.210227290917072,-0.7973166930931372,-0.42072040029314844
875,after_phees_2022-07-28_09-36-49_0000058_labelled_Tabor_pheeseq_0000010_labelled_mC2.wav,0.2879827239078204,0.11166836039614668,0.012825975190532538,-0.263326508806401,-0.5722597714905616
876,after_phees_2022-07-28_09-36-49_0000058_labelled_Tabor_pheeseq_0000010_labelled_mC3.wav,-0.039047823862992215,-0.961995482335604,-0.2098289898788355,0.5948151484757083,-0.04153702252566369
877,after_phees_2022-07-28_09-36-49_0000058_labelled_Tabor_pheeseq_0000011_labelled_mD1.wav,0.3765832916522743,-0.2745535902084933,-0.8939979993625328,-0.33013296734761044,-0.4101274033105235
878,after_phees_2022-07-28_09-36-49_0000058_labelled_Tabor_pheeseq_0000011_labelled_mD2.wav,1.2112449201190145,-0.6815826182286818,0.04626235974879983,-0.958602599560813,-0.4633996984544292
879,after_phees_2022-07-28_09-36-49_0000058_labelled_Tabor_pheeseq_0000011_labelled_mD3.wav,1.0294891939072393,-1.2977797633053978,0.08384140429085842,-1.1192698670303514,-0.8307452291052385
880,after_phees_2022-07-28_09-36-49_0000058_labelled_Tabor_pheeseq_0000011_labelled_mD4.wav,0.10339367703291347,-1.656976646405647,-1.1142769967750648,-1.4505705426206168,-0.29184450142453633
881,after_phees_2022-07-28_09-36-49_0000058_labelled_Tabor_pheeseq_0000012_labelled_mD1.wav,-0.688243094454329,0.6593439862297114,-1.0568029326493529,-0.37208740875278734,0.4810011478012038
882,after_phees_2022-07-28_09-36-49_0000058_labelled_Tabor_pheeseq_0000012_labelled_mD2.wav,-0.040794200249565093,0.14931808690287596,-0.6781916818362326,-0.674345941277366,-0.46769110809883463
883,after_phees_2022-07-28_09-36-49_0000058_labelled_Tabor_pheeseq_0000012_labelled_mD3.wav,-0.6994164967635292,-0.3135553922548291,-0.49334956692259885,-0.7074139610445196,-0.4878541019954646
884,after_phees_2022-07-28_09-36-49_0000058_labelled_Tabor_pheeseq_0000012_labelled_mD4.wav,-1.2207859564103853,-1.3105506570578673,-1.4838307689598862,-0.6802493542326479,-0.24475054945044022
885,after_phees_2022-07-28_09-36-49_0000058_labelled_Tabor_pheeseq_0000017_labelled_mD1.wav,0.5098577157521097,-0.6543576499464618,0.6999414758107674,-0.8329979110992455,-0.38468735604215815
886,after_phees_2022-07-28_09-36-49_0000058_labelled_Tabor_pheeseq_0000017_labelled_mD2.wav,-0.6513345055554218,-0.44124942200236167,-0.7288481797758551,-0.8745140991626683,-0.5674473450662983
887,after_phees_2022-07-28_09-36-49_0000058_labelled_Tabor_pheeseq_0000017_labelled_mD3.wav,-1.9258658650763736,-1.737276223732165,-1.4368909033143489,-0.938392203908083,-0.3998741953698187
888,after_phees_2022-07-28_09-36-49_0000058_labelled_Tabor_pheeseq_0000023_labelled_mC1.wav,-2.260199786900202,0.7001646291075474,1.3787390541438524,-0.3598528251216769,-0.07670763638348718
889,after_phees_2022-07-28_09-36-49_0000058_labelled_Tabor_pheeseq_0000023_labelled_mC2.wav,-2.1225843563462763,0.1295752019316355,0.03802513081851774,-0.6748767992630317,0.007329523983102571
890,after_phees_2022-07-28_09-36-49_0000058_labelled_Tabor_pheeseq_0000023_labelled_mC3.wav,-2.8595479613150405,-0.7813774690326991,-0.7752918823840952,-0.049290739342195806,0.8662697972510283
891,after_phees_2022-07-28_09-36-49_0000058_labelled_Tabor_pheeseq_0000024_labelled_mC1.wav,-2.356873184406241,1.3896805510658112,-0.01871024340174955,-0.0038841286471603797,-0.12991789000139914
892,after_phees_2022-07-28_09-36-49_0000058_labelled_Tabor_pheeseq_0000024_labelled_mC2.wav,-1.3620808607158914,0.05114454067370214,0.5532863934605677,-0.261301945952212,-0.26884049663430865
893,after_phees_2022-07-28_09-36-49_0000058_labelled_Tabor_pheeseq_0000024_labelled_mC3.wav,-2.741199272435511,0.27179288664852247,-0.8222665049676509,-0.06430099514284832,-0.15152233215731112
894,after_phees_2022-07-28_09-36-49_0000058_labelled_Tabor_pheeseq_0000025_labelled_mC1.wav,-2.4366767366586624,1.4316308792342984,-0.24088672316010445,-0.033384491204283176,-0.017362949472891884
895,after_phees_2022-07-28_09-36-49_0000058_labelled_Tabor_pheeseq_0000025_labelled_mC2.wav,-1.0777797270177039,0.5103416714416618,0.649892328768933,-0.25766861161201254,-0.17245271446535312
896,after_phees_2022-07-28_09-36-49_0000058_labelled_Tabor_pheeseq_0000025_labelled_mC3.wav,-2.0202580138838497,-0.021195555044367067,0.12621307286304106,0.08715067160413921,0.5060958122504154
897,after_phees_2022-07-28_09-36-49_0000058_labelled_Tabor_pheeseq_0000026_labelled_mC1.wav,-2.1473468709012473,0.8583928579296459,-0.8254394282694912,0.3376172657782793,0.13612033810408336
898,after_phees_2022-07-28_09-36-49_0000058_labelled_Tabor_pheeseq_0000026_labelled_mC2.wav,-0.966361540955182,0.5610657641623196,-0.005608112000497041,0.09744469851894738,-1.0608616741046497
899,after_phees_2022-07-28_09-36-49_0000058_labelled_Tabor_pheeseq_0000026_labelled_mC3.wav,-1.8678220924338387,-0.2905694571776873,-0.10159175891249433,-0.016253182917374837,0.3996719918917097
900,after_phees_2022-07-28_09-36-49_0000058_labelled_Tabor_pheeseq_0000027_labelled_mC1.wav,-1.4741111962448896,0.7324900996961797,-0.9180711088219348,0.4249899922811759,-0.1395745199818134
901,after_phees_2022-07-28_09-36-49_0000058_labelled_Tabor_pheeseq_0000027_labelled_mC2.wav,0.15921280714664945,-0.8422215012164588,0.22627864507607304,-0.8543765254219287,-0.12434117841569445
902,after_phees_2022-07-28_09-36-49_0000058_labelled_Tabor_pheeseq_0000027_labelled_mC3.wav,-1.1490561754469744,-0.06731725269418407,-0.8785446811521029,-0.32310208530804396,0.2861398386289983
903,after_phees_2022-07-28_09-36-49_0000058_labelled_Tabor_pheeseq_0000028_labelled_mC1.wav,-0.6880512446331694,1.0755292891342774,0.3737619664878417,-0.17056111136155838,0.19477980239290218
904,after_phees_2022-07-28_09-36-49_0000058_labelled_Tabor_pheeseq_0000028_labelled_mC2.wav,-0.22461772633848204,0.6048043441481256,0.05740158344404621,-0.5451200083113718,-0.406325029486752
905,after_phees_2022-07-28_09-36-49_0000058_labelled_Tabor_pheeseq_0000028_labelled_mC3.wav,-1.595358008001819,-0.1785857914931547,-0.5463962665130732,0.5056226300135486,-0.5548473774726892
906,after_phees_2022-07-28_09-36-49_0000058_labelled_Tabor_pheeseq_0000029_labelled_mB1.wav,-1.0312041592596233,1.6941226699560568,0.8899618550133267,-0.3158611056679375,0.22620865591586264
907,after_phees_2022-07-28_09-36-49_0000058_labelled_Tabor_pheeseq_0000029_labelled_mB2.wav,-0.12356646813829382,0.5085277254797924,0.32070579784723885,0.12880532373541959,0.013472888163773719
908,after_phees_2022-07-28_09-36-49_0000058_labelled_Tabor_pheeseq_0000030_labelled_mC2.wav,0.033692020969200286,-0.10129254307628516,-0.16664744673766158,-0.5468694034861727,-0.7551346664499624
909,after_phees_2022-07-28_09-36-49_0000058_labelled_Tabor_pheeseq_0000030_labelled_mC3.wav,-1.734775504477301,0.22036200595212443,-0.8883646369382542,0.15528753670981557,-0.43536579734654574
910,after_phees_2022-07-28_09-36-49_0000058_labelled_Tabor_pheeseq_0000033_labelled_mD1.wav,-0.13609709157200917,0.4046616490570176,-0.2388561867077479,-0.6458120699109634,-0.48336534681876
911,after_phees_2022-07-28_09-36-49_0000058_labelled_Tabor_pheeseq_0000033_labelled_mD2.wav,0.16917834489446443,0.2040135723808827,-0.27585645741897646,-0.5814161994214222,-0.6693023777297878
912,after_phees_2022-07-28_09-36-49_0000058_labelled_Tabor_pheeseq_0000033_labelled_mD3.wav,-1.1122212842867696,-0.11355282979744456,-0.968332364584736,-0.9535110520201876,-0.18455972965529527
913,after_phees_2022-07-28_09-36-49_0000058_labelled_Tabor_pheeseq_0000033_labelled_mD4.wav,-3.705513404796381,-1.592077921877772,-2.071881153370657,-0.32762366769005136,-0.21353855744855066
914,after_phees_2022-07-28_10-12-30_0000059_labelled_Olympia_pheeseq_0000013_labelled_mB1.wav,-3.3099003291895155,1.3605695799567552,1.426132058127108,1.110803342449737,0.256704496817387
915,after_phees_2022-07-28_10-12-30_0000059_labelled_Olympia_pheeseq_0000013_labelled_mB2.wav,-3.1424457323379253,0.7701127638398366,0.1334596420812898,0.47385389521218724,0.16653376279100457
916,after_phees_2022-07-28_10-12-30_0000059_labelled_Olympia_pheeseq_0000014_labelled_mB1.wav,-3.8399063305560173,0.5048907756797212,0.9611045058381829,1.4362102341614222,0.7066496417312229
917,after_phees_2022-07-28_10-12-30_0000059_labelled_Olympia_pheeseq_0000014_labelled_mB2.wav,-3.15817910493745,-0.1114318765822691,1.1905839307935886,1.3518149157559878,-0.00047667001038385464
918,after_phees_2022-07-28_10-12-30_0000059_labelled_Olympia_pheeseq_0000015_labelled_mB1.wav,-3.535295130512744,-0.20553334474753873,-0.08964175952390674,1.333164780191438,0.6413890802091193
919,after_phees_2022-07-28_10-12-30_0000059_labelled_Olympia_pheeseq_0000015_labelled_mB2.wav,-1.5252104754547762,-1.2691212904355231,1.546370357802588,1.2376898956399143,0.016104836085632023
920,after_phees_2022-07-28_10-12-30_0000059_labelled_Wuschel_pheeseq_0000002_labelled_mC1.wav,-3.262221227570178,-1.0327351744710522,0.4263162915737281,-0.21267277368245205,-0.018992106762865398
921,after_phees_2022-07-28_10-12-30_0000059_labelled_Wuschel_pheeseq_0000002_labelled_mC2.wav,-2.9428733707285266,-1.161697136838952,0.6302983361180261,-0.6009228172639678,-0.5968077327879701
922,after_phees_2022-07-28_10-12-30_0000059_labelled_Wuschel_pheeseq_0000002_labelled_mC3.wav,-3.4271161712169937,-2.529060273353334,-1.7532945062888547,1.0259243688366326,0.18097628464851584
923,after_phees_2022-07-28_10-12-30_0000059_labelled_Wuschel_pheeseq_0000003_labelled_mC1.wav,-3.171313055419282,0.8575181416366252,4.856298196845745,-0.21863045505306564,0.12266933073496891
924,after_phees_2022-07-28_10-12-30_0000059_labelled_Wuschel_pheeseq_0000003_labelled_mC2.wav,-3.154001284508122,-0.586759852163872,1.6940621881007767,-0.3019996585657858,-0.4124147636781741
925,after_phees_2022-07-28_10-12-30_0000059_labelled_Wuschel_pheeseq_0000003_labelled_mC3.wav,-2.6712933099467704,-2.4242266047798187,-0.5330127024848577,-0.02135037908767958,-0.1411125464558044
926,after_phees_2022-07-28_10-12-30_0000059_labelled_Wuschel_pheeseq_0000004_labelled_mB1.wav,-4.664597812620929,-0.44588898653994347,1.459374463986752,0.3074251637966163,-0.7235584611112418
927,after_phees_2022-07-28_10-12-30_0000059_labelled_Wuschel_pheeseq_0000004_labelled_mB2.wav,-3.7305770772379616,-1.2652781071145167,0.22292676946733356,0.31991735468325594,-0.8399516359630941
928,after_phees_2022-07-28_10-12-30_0000059_labelled_Wuschel_pheeseq_0000005_labelled_mC1.wav,-4.5140297611810505,-1.4626365423811092,2.0356690625174636,0.040848063969312336,-0.32849616791170433
929,after_phees_2022-07-28_10-12-30_0000059_labelled_Wuschel_pheeseq_0000005_labelled_mC2.wav,-3.4430444631872548,-1.3978034307577814,1.5565966050596878,-0.3199054375547708,-0.8536183762430305
930,after_phees_2022-07-28_10-12-30_0000059_labelled_Wuschel_pheeseq_0000005_labelled_mC3.wav,-3.14235261479227,-1.3930558277572571,0.6968662468496071,-0.6967663263284759,-0.6569203455143318
931,after_phees_2022-07-28_10-12-30_0000059_labelled_Wuschel_pheeseq_0000006_labelled_mB1.wav,-5.133365905710904,-0.5200735950480051,1.8745380651909866,0.542001235051071,-0.6141592290652645
932,after_phees_2022-07-28_10-12-30_0000059_labelled_Wuschel_pheeseq_0000006_labelled_mB2.wav,-3.9769435621854505,-1.7285829574731375,0.6137931041918145,-0.06489742405053664,0.04663397424365659
933,after_phees_2022-07-28_10-46-38_0000060_labelled_Lola_pheeseq_0000002_labelled_mB1.wav,-1.1755386121019968,3.6124840693049145,1.7826838602451567,0.10246297536547572,0.9914792283620694
934,after_phees_2022-07-28_10-46-38_0000060_labelled_Lola_pheeseq_0000002_labelled_mB2.wav,-1.2136785643677666,2.821861627489856,0.65038885551473,0.74851754477762,0.28377296695125187
935,after_phees_2022-07-28_10-46-38_0000060_labelled_Lola_pheeseq_0000006_labelled_mC1.wav,-1.1567439603943677,3.269040248007743,-0.6273650997221402,0.26638797011189197,0.6237464394108359
936,after_phees_2022-07-28_10-46-38_0000060_labelled_Lola_pheeseq_0000006_labelled_mC2.wav,-0.5021363985326137,3.1707694456208846,0.29505166685827083,0.43938493559363506,0.15224822793939483
937,after_phees_2022-07-28_10-46-38_0000060_labelled_Lola_pheeseq_0000006_labelled_mC3.wav,-0.5355538491805791,2.766217357258859,-0.2382335318333039,0.31001824950112944,0.11181891041428714
938,after_phees_2022-07-28_10-46-38_0000060_labelled_Lola_pheeseq_0000009_labelled_mC1.wav,1.3078525356249502,2.302806714913416,-0.6644823247868249,-0.4956618979763571,0.18709712882532759
939,after_phees_2022-07-28_10-46-38_0000060_labelled_Lola_pheeseq_0000009_labelled_mC2.wav,2.5419477033234674,2.299075846213387,-0.5020679097047944,-0.12881957025484206,-0.05237239130571158
940,after_phees_2022-07-28_10-46-38_0000060_labelled_Lola_pheeseq_0000009_labelled_mC3.wav,3.5497097048387385,1.590089834988981,-2.143730177143287,-0.7761529159575431,-0.482878820325159
941,after_phees_2022-07-28_10-46-38_0000060_labelled_Lola_pheeseq_0000011_labelled_mD1.wav,0.024365087916698537,2.6369165015079705,0.25653085092245687,0.21805723140494734,1.0187015973275027
942,after_phees_2022-07-28_10-46-38_0000060_labelled_Lola_pheeseq_0000011_labelled_mD2.wav,0.14306901755558435,3.2567041218709445,-0.2669593801118934,0.08977924227335661,-0.07519181727832187
943,after_phees_2022-07-28_10-46-38_0000060_labelled_Lola_pheeseq_0000011_labelled_mD3.wav,-0.005176086629777862,2.711965748171073,0.18303505085585187,0.08949100238129107,-0.48869298670451616
944,after_phees_2022-07-28_10-46-38_0000060_labelled_Lola_pheeseq_0000011_labelled_mD4.wav,2.1861221316550568,1.1743125115832977,-1.2014515516213504,-0.2800503288853646,-0.15214726671009157
945,after_phees_2022-07-28_10-46-38_0000060_labelled_Lola_pheeseq_0000012_labelled_mC1.wav,-0.15502158283391898,2.00796402171314,-1.0359160525742108,0.5251262056962513,0.2147448464806499
946,after_phees_2022-07-28_10-46-38_0000060_labelled_Lola_pheeseq_0000012_labelled_mC2.wav,0.4817798520059539,3.0973643333513237,-0.0077888754802849375,0.22059900821913128,-0.3406412774486426
947,after_phees_2022-07-28_10-46-38_0000060_labelled_Lola_pheeseq_0000012_labelled_mC3.wav,0.03365950947139787,2.3901469421775112,-0.6676710432174735,0.379986847221349,-0.015366769976330324
948,after_phees_2022-07-28_10-46-38_0000060_labelled_Lola_pheeseq_0000013_labelled_mD1.wav,-0.3550306078469385,2.3384780788835218,-0.8106590954951868,0.5598137605532965,0.3652956286884384
949,after_phees_2022-07-28_10-46-38_0000060_labelled_Lola_pheeseq_0000013_labelled_mD2.wav,0.3807295753747,2.4229443756173112,0.318401774802743,-0.19011041118858227,0.3740153224342602
950,after_phees_2022-07-28_10-46-38_0000060_labelled_Lola_pheeseq_0000013_labelled_mD3.wav,1.495134727180848,1.767931187575931,0.9386156890274597,0.11434793157591107,-0.49004595275214974
951,after_phees_2022-07-28_10-46-38_0000060_labelled_Lola_pheeseq_0000013_labelled_mD4.wav,-0.6418868653933584,3.5495492722829525,-0.02381461495185475,0.4637571729744871,0.6504023231425805
952,after_phees_2022-07-28_10-46-38_0000060_labelled_Lola_pheeseq_0000014_labelled_mC1.wav,-0.9403853462023227,2.098476306214914,-0.5963184589906881,0.22229609469965975,0.1715892288902076
953,after_phees_2022-07-28_10-46-38_0000060_labelled_Lola_pheeseq_0000014_labelled_mC2.wav,1.1062633470511374,3.0353984947611714,0.9744315784704137,-0.14162351356071015,0.2099794395828453
954,after_phees_2022-07-28_10-46-38_0000060_labelled_Lola_pheeseq_0000014_labelled_mC3.wav,0.692393960282632,1.8601997343743166,-0.07383980748818522,0.3389727342708111,0.6711292604258654
955,after_phees_2022-07-28_10-46-38_0000060_labelled_Lola_pheeseq_0000015_labelled_mC1.wav,-0.23514201236524448,2.3543253569825207,-1.2512394346657814,0.3267049507717227,0.36349131517180566
956,after_phees_2022-07-28_10-46-38_0000060_labelled_Lola_pheeseq_0000015_labelled_mC2.wav,1.9110587209584253,3.2808282137453557,0.9851816846936774,-0.02568183407563736,0.00047226335778575366
957,after_phees_2022-07-28_10-46-38_0000060_labelled_Lola_pheeseq_0000019_labelled_mC1.wav,1.0403875472198225,3.4911233253308716,-1.0727925744495446,0.4298762756292027,0.3672845901741963
958,after_phees_2022-07-28_10-46-38_0000060_labelled_Lola_pheeseq_0000019_labelled_mC2.wav,2.407360103233528,3.2432980973973673,0.3303372727546663,-0.11056359782116666,0.013110156139579408
959,after_phees_2022-07-28_10-46-38_0000060_labelled_Lola_pheeseq_0000019_labelled_mC3.wav,1.8975201415897236,2.826640281609356,-0.9328730006943323,0.3814265960804447,-0.34675539783757037
960,after_phees_2022-07-28_10-46-38_0000060_labelled_Lola_pheeseq_0000022_labelled_mC1.wav,4.686304485818869,3.295822573071689,-4.018499231838172,0.687812604336826,0.7116174891992924
961,after_phees_2022-07-28_10-46-38_0000060_labelled_Lola_pheeseq_0000022_labelled_mC2.wav,2.850948499012418,2.79205271194131,-1.4046959363332336,0.6252312286673632,-0.24350911010968035
962,after_phees_2022-07-28_10-46-38_0000060_labelled_Lola_pheeseq_0000022_labelled_mC3.wav,1.305699731034088,3.4114877862247828,0.20101593785439198,0.9212421427078266,0.06348043900701723
963,after_phees_2022-07-28_10-46-38_0000060_labelled_Lola_pheeseq_0000024_labelled_mB1.wav,1.649746372597992,3.611710547568166,-1.6789005592450397,0.06656115823033247,0.1818824206445686
964,after_phees_2022-07-28_10-46-38_0000060_labelled_Lola_pheeseq_0000024_labelled_mB2.wav,2.4836541289171454,3.3067262631031924,-0.3649338911412482,-0.5162033664083424,0.13809848389124404
965,after_phees_2022-07-28_10-46-38_0000060_labelled_Lola_pheeseq_0000039_labelled_mB1.wav,-0.8230550888820862,3.272361375269597,2.5174440010520036,0.29010035925497013,0.4917665344149097
966,after_phees_2022-07-28_10-46-38_0000060_labelled_Lola_pheeseq_0000039_labelled_mB2.wav,-0.7158321583373701,3.311297631245751,0.8199993946918814,0.42806345173733756,0.08855148461264699
967,after_phees_2022-07-28_10-46-38_0000060_labelled_Lola_pheeseq_0000040_labelled_mB1.wav,-1.840507269197274,3.0887997687711817,0.44556911051847053,0.44431487614400916,0.5706465192453751
968,after_phees_2022-07-28_10-46-38_0000060_labelled_Lola_pheeseq_0000040_labelled_mB2.wav,-0.7725197545696589,2.2919055660029803,0.07676211836089755,0.5356470735749781,-0.048016015878181176
969,after_phees_2022-07-28_10-46-38_0000060_labelled_Lola_pheeseq_0000041_labelled_mB1.wav,-1.0762754363320999,2.184047379430658,-0.9767557312661782,0.08927451030162184,0.18325681013349407
970,after_phees_2022-07-28_10-46-38_0000060_labelled_Lola_pheeseq_0000042_labelled_mB1.wav,-0.4323070668875502,2.8618211248184777,-1.472309390553554,0.05095176401601335,0.5624103409162053
971,after_phees_2022-07-28_10-46-38_0000060_labelled_Lola_pheeseq_0000042_labelled_mB2.wav,1.3900542054269807,2.987102670162433,1.374425637015043,0.07730003267763866,0.014752556895271256
972,after_phees_2022-07-28_10-46-38_0000060_labelled_Lola_pheeseq_0000043_labelled_mB1.wav,0.1013752713659033,3.1731637898143155,-0.7091755245516389,0.20533389884030737,0.20374753315766683
973,after_phees_2022-07-28_10-46-38_0000060_labelled_Lola_pheeseq_0000043_labelled_mB2.wav,0.9450767455045407,3.296772465186248,0.10773547689573051,-0.17348602097497903,0.6930299675979168
974,after_phees_2022-07-28_10-46-38_0000060_labelled_Lola_pheeseq_0000044_labelled_mB1.wav,0.2476445986412042,3.240647221574149,-0.8283940844999332,0.2612847426714505,0.24281190085838203
975,after_phees_2022-07-28_10-46-38_0000060_labelled_Lola_pheeseq_0000044_labelled_mB2.wav,2.1406924138878765,3.1918796165021845,0.7459604376409242,0.19197281910028197,0.14364221366138433
976,after_phees_2022-07-28_10-46-38_0000060_labelled_Lola_pheeseq_0000045_labelled_mB1.wav,0.6644265323080473,3.081414909350386,-1.1653283195921753,-0.3890500053892949,1.146567482737351
977,after_phees_2022-07-28_10-46-38_0000060_labelled_Lola_pheeseq_0000045_labelled_mB2.wav,1.273359798360406,3.961203538619557,0.9176917468395233,0.9765843379525665,0.057763791618232155
978,after_phees_2022-07-28_10-46-38_0000060_labelled_Odin_pheeseq_0000005_labelled_mB1.wav,1.4486804769713428,1.8123685235126992,-0.6667656241909927,-0.3744806122800551,-0.021492739514461366
979,after_phees_2022-07-28_10-46-38_0000060_labelled_Odin_pheeseq_0000005_labelled_mB2.wav,0.03172065212746866,-1.2411071152814388,1.153523804023408,-0.12572810234437357,-0.15490573065032454
980,after_phees_2022-07-28_10-46-38_0000060_labelled_Odin_pheeseq_0000008_labelled_mC1.wav,1.9932501481868903,0.9007526874196217,-1.1981431121226773,-0.020768578705333024,0.0401237474617107
981,after_phees_2022-07-28_10-46-38_0000060_labelled_Odin_pheeseq_0000008_labelled_mC2.wav,1.8452455624642436,-0.1007900099570356,1.2623948428948673,-1.1800374947814314,0.20813943411727168
982,after_phees_2022-07-28_10-46-38_0000060_labelled_Odin_pheeseq_0000008_labelled_mC3.wav,-3.7628455636822307,-1.8610815263780385,-1.1181017059106182,0.5530860916343794,-0.16527738499482725
983,after_phees_2022-07-28_10-46-38_0000060_labelled_Odin_pheeseq_0000010_labelled_mB1.wav,1.3038519212055146,1.0296159585355378,-2.4628788612586496,0.37651856954671437,-0.12029919554068752
984,after_phees_2022-07-28_10-46-38_0000060_labelled_Odin_pheeseq_0000010_labelled_mB2.wav,1.2113599433576505,-2.107442292499227,0.13389988948149384,-0.7482410858518133,0.4909601884640619
985,after_phees_2022-07-28_10-46-38_0000060_labelled_Odin_pheeseq_0000016_labelled_mB2.wav,1.8810867205421575,-0.1596332680452188,-1.3041281700680325,0.13726973048706953,-0.27572641904557865
986,after_phees_2022-07-28_10-46-38_0000060_labelled_Odin_pheeseq_0000018_labelled_mB1.wav,0.567705698750224,4.45831296382395,0.047287720673919446,0.4613910451973852,0.41117990924859626
987,after_phees_2022-07-28_10-46-38_0000060_labelled_Odin_pheeseq_0000018_labelled_mB2.wav,1.359860944246052,3.4868115103412585,-0.3985992655880681,0.4462328999050064,-0.0968121887593709
988,after_phees_2022-07-28_10-46-38_0000060_labelled_Odin_pheeseq_0000020_labelled_mB2.wav,0.9279333394516123,0.6378156574538453,-2.4386275541048454,-0.1860978946170645,0.8651154681483741
989,after_phees_2022-07-28_10-46-38_0000060_labelled_Odin_pheeseq_0000021_labelled_mB1.wav,0.9474204698253491,-0.5388557073823377,0.19019213764872756,-0.38014532682347657,0.17554703598827234
990,after_phees_2022-07-28_10-46-38_0000060_labelled_Odin_pheeseq_0000021_labelled_mB2.wav,1.4273464344276812,-1.1619453237678579,0.5299584989690704,-0.10514565100822079,-0.346694765634652
991,after_phees_2022-07-28_10-46-38_0000060_labelled_Odin_pheeseq_0000023_labelled_mC1.wav,-0.43471895571255387,-0.6803869391958783,0.6448629966874855,0.47464235110699404,-0.35802951395006766
992,after_phees_2022-07-28_10-46-38_0000060_labelled_Odin_pheeseq_0000023_labelled_mC2.wav,1.4096070231847286,-0.3819397234912254,-0.25930194895306863,0.08417470538871022,-0.8523650595654066
993,after_phees_2022-07-28_10-46-38_0000060_labelled_Odin_pheeseq_0000023_labelled_mC3.wav,1.271080338745415,-1.2055811145226274,0.41306754814504637,-0.2950691907122636,-0.275273460029876
994,after_phees_2022-07-28_10-46-38_0000060_labelled_Odin_pheeseq_0000031_labelled_mB1.wav,-1.157670257928847,0.4013079954320082,0.7544395201032948,0.2242007072661166,0.23802973360269647
995,after_phees_2022-07-28_10-46-38_0000060_labelled_Odin_pheeseq_0000031_labelled_mB2.wav,-1.3743058271328,0.266651341671386,-0.7781560827393171,-0.32291238954755735,0.4125365227926295
996,after_phees_2022-07-28_10-46-38_0000060_labelled_Odin_pheeseq_0000032_labelled_mC1.wav,-1.3632759265538787,0.41643440246112245,-0.2297999967510565,-0.3418055976846531,0.21838030190116367
997,after_phees_2022-07-28_10-46-38_0000060_labelled_Odin_pheeseq_0000032_labelled_mC3.wav,1.240518731733296,-0.5509448026817735,0.7677300180044776,-0.16604315174149464,-0.03632157482791696
998,after_phees_2022-07-28_10-46-38_0000060_labelled_Odin_pheeseq_0000032_labelled_mC4.wav,0.9850358624251905,-0.06718201604413535,-0.2687119978341487,0.4910305305370809,-0.10052708543275207
999,after_phees_2022-07-28_10-46-38_0000060_labelled_Odin_pheeseq_0000033_labelled_mD1.wav,-1.6676297985929147,-0.782248127429322,-0.8836414609581444,-0.18938089088450322,0.33415259267770675
1000,after_phees_2022-07-28_10-46-38_0000060_labelled_Odin_pheeseq_0000033_labelled_mD4.wav,-0.37255787856404293,-0.9838406384298877,-1.116425969215588,0.1377212240191968,0.1402930868095833
1001,after_phees_2022-07-28_10-46-38_0000060_labelled_Odin_pheeseq_0000033_labelled_mD5.wav,0.03684254511728392,-1.1815412009199189,-0.6153781826489633,0.5571662436041306,-0.019510648267591316
1002,after_phees_2022-07-28_10-46-38_0000060_labelled_Odin_pheeseq_0000033_labelled_mD6.wav,-0.02497674392930699,-1.4514034104166276,-0.7950710025603767,0.6045658918464221,-0.010279290486264952
1003,after_phees_2022-07-28_10-46-38_0000060_labelled_Odin_pheeseq_0000034_labelled_mD1.wav,-1.5726339194738512,-1.0708576066830386,-1.463998521046195,-0.41008705018186337,0.2589016492671913
1004,after_phees_2022-07-28_10-46-38_0000060_labelled_Odin_pheeseq_0000034_labelled_mD6.wav,1.484024222164116,-1.720829306260191,-0.20748777444170738,0.5376715813489106,0.42313907785553023
1005,after_phees_2022-07-28_10-46-38_0000060_labelled_Odin_pheeseq_0000034_labelled_mD7.wav,0.9635413939877249,-1.9141872632415484,-0.27123012697356813,0.3835750650762009,0.40810156870463
1006,after_phees_2022-07-28_10-46-38_0000060_labelled_Odin_pheeseq_0000034_labelled_mD8.wav,1.0406342329097622,-2.035106284197927,-0.2944471556799351,0.5944379912817975,0.5175359565833001
1007,after_phees_2022-07-28_10-46-38_0000060_labelled_Odin_pheeseq_0000035_labelled_mD1.wav,-0.780960950436941,-0.19774978381337707,-1.6768052733076364,0.2205571309185673,-0.5338860407518669
1008,after_phees_2022-07-28_10-46-38_0000060_labelled_Odin_pheeseq_0000035_labelled_mD5.wav,0.8757018144268562,-1.0764040925616547,-1.1820014253024154,0.5055157474417351,-0.019362450602712543
1009,after_phees_2022-07-28_10-46-38_0000060_labelled_Odin_pheeseq_0000035_labelled_mD6.wav,1.8923652544563205,-1.411694121437236,0.15453180250397844,0.3630543199323261,0.042342431732107305
1010,after_phees_2022-07-28_10-46-38_0000060_labelled_Odin_pheeseq_0000035_labelled_mD7.wav,0.2947383073044126,-0.5914821147677476,-1.424563479285426,0.5271431420624666,0.5139765848513065
1011,after_phees_2022-07-28_10-46-38_0000060_labelled_Odin_pheeseq_0000037_labelled_mD1.wav,-1.1996891707437054,0.36747971081872,-2.9102881992246665,0.14184497066801563,0.4588808005529492
1012,after_phees_2022-07-28_10-46-38_0000060_labelled_Odin_pheeseq_0000037_labelled_mD4.wav,2.3464748416869434,-1.1005810824644695,-0.901467359711181,0.5623223076931277,0.8600041157571533
1013,after_phees_2022-07-28_10-46-38_0000060_labelled_Odin_pheeseq_0000037_labelled_mD5.wav,2.892932483448565,-1.0649886113057376,0.10715905618441736,-0.7569238679244927,0.46816978637884804
1014,after_phees_2022-07-28_10-46-38_0000060_labelled_Odin_pheeseq_0000037_labelled_mD7.wav,2.2251063539635556,-2.140871771821348,0.2171469058307667,0.5486582156567101,-0.3164533089467305
1015,after_phees_2022-07-28_10-46-38_0000060_labelled_Odin_pheeseq_0000038_labelled_mD6.wav,1.670025096794586,-1.5126301214317097,-0.45077141735492005,0.24395749168760714,0.3359911481059192
1016,after_phees_2022-07-28_10-46-38_0000060_labelled_Odin_pheeseq_0000038_labelled_mD7.wav,0.8998199394074471,-1.2485504796485623,-0.6486690172352604,0.6172238246806768,-0.3255992082839785
1017,after_phees_2022-07-28_10-46-38_0000060_labelled_Odin_pheeseq_0000046_labelled_mB1.wav,-0.38220200395362625,0.29951065445462977,0.14458236168458008,-0.09483527574591886,-0.12200387900198184
1018,after_phees_2022-07-28_10-46-38_0000060_labelled_Odin_pheeseq_0000046_labelled_mB2.wav,0.3059152633984977,0.11195081320457356,0.15648338289504832,0.09752127203503169,-0.3472929127907804
1019,after_phees_2022-08-02_13-43-08_0000064_labelled_Odin_pheeseq_0000003_labelled_mD1.wav,1.2528001783395224,-0.7798629570656698,-0.5070779995742356,0.3351470461557884,-0.6005842378448477
1020,after_phees_2022-08-02_13-43-08_0000064_labelled_Odin_pheeseq_0000003_labelled_mD4.wav,4.088420005815472,-1.0849778091223865,-0.20381710288135538,0.5404853316771061,-0.3560402670073507
1021,after_phees_2022-08-02_13-43-08_0000064_labelled_Odin_pheeseq_0000003_labelled_mD5.wav,3.107704595716888,-2.282736304302573,0.07515435529732505,1.0110832103928686,-0.3377449714788463
1022,after_phees_2022-08-02_13-43-08_0000064_labelled_Odin_pheeseq_0000003_labelled_mD6.wav,3.854608958093407,-1.6924566563661303,-0.24949549998419362,0.9847841387423798,-0.0860021613142948
1023,after_phees_2022-08-02_13-43-08_0000064_labelled_Odin_pheeseq_0000004_labelled_mG1.wav,1.482784694204415,-2.6310931825142236,-0.599481276660304,0.4236952362235786,-0.08840020336320982
1024,after_phees_2022-08-02_13-43-08_0000064_labelled_Odin_pheeseq_0000004_labelled_mG2.wav,-1.9074082985392697,-7.902757824103729,1.6356220889631743,-0.19234253941976076,-0.3078683857435936
1025,after_phees_2022-08-02_13-43-08_0000064_labelled_Odin_pheeseq_0000004_labelled_mG4.wav,5.463823280343216,-4.886601652951864,2.5154656639841364,-0.34983428216042173,0.9251374094860652
1026,after_phees_2022-08-02_13-43-08_0000064_labelled_Odin_pheeseq_0000004_labelled_mG5.wav,4.55944704666927,-3.867682554596279,0.9909147571981763,1.410425766581627,-0.3432116405494328
1027,after_phees_2022-08-02_13-43-08_0000064_labelled_Odin_pheeseq_0000004_labelled_mG6.wav,2.991747000652895,-2.969788771276824,0.301392504103482,0.5306210820187088,0.47234516272175875
1028,after_phees_2022-08-02_13-43-08_0000064_labelled_Odin_pheeseq_0000005_labelled_mE1.wav,0.4989119911967359,-4.437017043370067,-0.08553136884163044,-0.43245142089478783,1.517796124350887
1029,after_phees_2022-08-02_13-43-08_0000064_labelled_Odin_pheeseq_0000005_labelled_mE6.wav,3.1169426535697653,-6.694350943477274,2.3098887321435466,-0.46090404376610117,2.570499374521835
1030,after_phees_2022-08-02_13-43-08_0000064_labelled_Odin_pheeseq_0000005_labelled_mE7.wav,4.073251073488328,-6.5924958827687385,2.2215927245404954,0.33867648382392973,1.4594084509359704
1031,after_phees_2022-08-02_13-43-08_0000064_labelled_Odin_pheeseq_0000005_labelled_mE8.wav,3.2654915417697623,-4.94736981470694,0.8682774267794291,1.1127265508277728,-0.5660330583433684
1032,after_phees_2022-08-02_13-43-08_0000064_labelled_Odin_pheeseq_0000009_labelled_mC1.wav,1.5688195984813589,-1.435485166513686,-0.18521883917404103,1.052947224798919,-0.6202354399719544
1033,after_phees_2022-08-02_13-43-08_0000064_labelled_Odin_pheeseq_0000009_labelled_mC2.wav,2.9403692001790103,-2.8277941078619317,0.2808773948701494,1.4553220209904072,-0.34766715393527653
1034,after_phees_2022-08-02_13-43-08_0000064_labelled_Odin_pheeseq_0000009_labelled_mC3.wav,2.7325186108807165,-0.6545504757086218,-0.4855204558179824,1.0041025627840234,-0.5468699703663583
1035,after_phees_2022-08-02_13-43-08_0000064_labelled_Odin_pheeseq_0000010_labelled_mD1.wav,1.813203866475251,-4.686098361684682,1.0053168081631478,0.029206259001488263,2.2395302981808802
1036,after_phees_2022-08-02_13-43-08_0000064_labelled_Odin_pheeseq_0000010_labelled_mD2.wav,2.720119376237117,-5.337952604991152,1.4876394506284996,-0.42490945771040906,2.4342154569562964
1037,after_phees_2022-08-02_13-43-08_0000064_labelled_Odin_pheeseq_0000010_labelled_mD3.wav,3.492574813832813,-3.0056070109737507,0.4312825292539765,1.4866674313750707,-0.677180899085351
1038,after_phees_2022-08-02_13-43-08_0000064_labelled_Odin_pheeseq_0000010_labelled_mD4.wav,3.7538595486795123,-2.3908866793946877,-0.16497943140831026,1.966797132371901,0.31522615379753444
1039,after_phees_2022-08-02_13-43-08_0000064_labelled_Odin_pheeseq_0000013_labelled_mC1.wav,3.2372778622657887,-4.405624695816602,0.6557503719271874,1.5389382068576773,0.20766620411113962
1040,after_phees_2022-08-02_13-43-08_0000064_labelled_Odin_pheeseq_0000013_labelled_mC3.wav,3.0270655469786805,-4.995591429865735,0.4600197253107745,1.5673004592951614,0.11053927587532134
1041,after_phees_2022-08-02_13-43-08_0000064_labelled_Odin_pheeseq_0000014_labelled_mD1.wav,0.5349426989929441,-5.23179406112365,1.039301712613555,-0.36651369296855585,2.0438262678842585
1042,after_phees_2022-08-02_13-43-08_0000064_labelled_Odin_pheeseq_0000014_labelled_mD5.wav,3.707290640377429,-6.3929584478415284,2.001695853986575,0.3701900752278327,1.8590156293751958
1043,after_phees_2022-08-02_13-43-08_0000064_labelled_Odin_pheeseq_0000014_labelled_mD6.wav,4.183668887579839,-2.763374289831585,-0.6658379872668916,3.162809264990331,-0.2588047871099207
1044,after_phees_2022-08-02_13-43-08_0000064_labelled_Odin_pheeseq_0000015_labelled_mE1.wav,0.45278510638247,-5.409263173919106,1.0573614578527617,-0.40082751067596034,1.9223070926524277
1045,after_phees_2022-08-02_13-43-08_0000064_labelled_Odin_pheeseq_0000015_labelled_mE3.wav,2.6557734907286448,-6.10182379219605,1.4154776299457097,0.817204180292511,1.7245365028420108
1046,after_phees_2022-08-02_13-43-08_0000064_labelled_Odin_pheeseq_0000015_labelled_mE4.wav,4.461884301423154,-6.032373502623689,1.9360270508693478,0.450221255112167,1.8767363170193443
1047,after_phees_2022-08-02_13-43-08_0000064_labelled_Odin_pheeseq_0000015_labelled_mE5.wav,4.043888965845863,-4.059525032975539,0.5027451961388416,2.3118977093038677,-0.6935969661649499
1048,after_phees_2022-08-02_13-43-08_0000064_labelled_Odin_pheeseq_0000015_labelled_mE6.wav,2.8753155532496977,-2.358312386673198,-0.879027398010853,2.3079393804037527,-0.10452889692234849
1049,after_phees_2022-08-02_13-43-08_0000064_labelled_Odin_pheeseq_0000017_labelled_mC1.wav,1.3589840420716521,0.2290841745970852,-2.5923879950107054,-0.002061996509436408,0.6924781260900484
1050,after_phees_2022-08-02_13-43-08_0000064_labelled_Odin_pheeseq_0000017_labelled_mC3.wav,4.607650876036884,-2.109483105111134,-0.14351499174455268,1.6701212030206185,-0.20002409733855175
1051,after_phees_2022-08-02_13-43-08_0000064_labelled_Odin_pheeseq_0000017_labelled_mC4.wav,4.36500174680157,-1.4438649557084005,-0.008295329621459803,1.472316838970009,0.04236126151967142
1052,after_phees_2022-08-02_13-43-08_0000064_labelled_Odin_pheeseq_0000019_labelled_mD1.wav,1.329658853024501,-0.8570496204850419,-1.3197619958251536,0.731402225002719,0.16122646377838817
1053,after_phees_2022-08-02_13-43-08_0000064_labelled_Odin_pheeseq_0000019_labelled_mD4.wav,4.314952787775102,-3.81495094193117,0.8771545165494181,1.7550237229335437,0.16772880317875935
1054,after_phees_2022-08-02_13-43-08_0000064_labelled_Odin_pheeseq_0000019_labelled_mD5.wav,3.922001795564078,-3.6005013415934486,0.5486484609449263,2.500173418004228,-0.23570331965521477
1055,after_phees_2022-08-02_13-43-08_0000064_labelled_Odin_pheeseq_0000021_labelled_mD1.wav,3.2092548661717806,-4.525638704136,1.7016339749122114,-0.5360137163319675,2.3982452461576167
1056,after_phees_2022-08-02_13-43-08_0000064_labelled_Odin_pheeseq_0000021_labelled_mD3.wav,4.0134117071948,-4.260789722647442,1.2330843451692985,0.07847175559974456,1.456298680889498
1057,after_phees_2022-08-02_13-43-08_0000064_labelled_Odin_pheeseq_0000021_labelled_mD5.wav,3.4574272620120317,-3.4219464484744075,0.7012477737692389,2.0110285166309145,-0.5152364830428554
1058,after_phees_2022-08-02_13-43-08_0000064_labelled_Odin_pheeseq_0000021_labelled_mD6.wav,3.449445766273277,-3.1350948857990804,0.8440040515733215,1.7477680882709574,-0.695205304168401
1059,after_phees_2022-08-02_13-43-08_0000064_labelled_Odin_pheeseq_0000022_labelled_mE1.wav,1.5400861991836559,-4.859586349738561,0.9058401254150426,-0.10845960873180605,2.1851344720505175
1060,after_phees_2022-08-02_13-43-08_0000064_labelled_Odin_pheeseq_0000022_labelled_mE5.wav,3.2991860083867017,-6.055425317921743,2.0014804872903196,0.07189704278605011,1.9753004550581665
1061,after_phees_2022-08-02_13-43-08_0000064_labelled_Odin_pheeseq_0000022_labelled_mE6.wav,3.9225427084552744,-6.888506650047209,2.671135862814539,0.24940739142423113,2.655481204827916
1062,after_phees_2022-08-02_13-43-08_0000064_labelled_Odin_pheeseq_0000022_labelled_mE7.wav,4.979638266618182,-5.629668582388756,1.184596362504718,2.162585979825818,0.6616622573930704
1063,after_phees_2022-08-02_13-43-08_0000064_labelled_Odin_pheeseq_0000023_labelled_mC3.wav,4.270143279873399,-3.6150513193751497,0.09147363609840778,2.44138252645892,-0.2462170806822206
1064,after_phees_2022-08-02_13-43-08_0000064_labelled_Odin_pheeseq_0000044_labelled_mD1.wav,2.285099415152143,-0.807019415571626,-0.5019507351445178,1.145328739143377,-0.26256926473101955
1065,after_phees_2022-08-02_13-43-08_0000064_labelled_Odin_pheeseq_0000044_labelled_mD2.wav,3.7165665165826494,-1.4333418423243334,-0.05953411251222397,0.661552786970068,-0.2975994088209155
1066,after_phees_2022-08-02_13-43-08_0000064_labelled_Odin_pheeseq_0000044_labelled_mD3.wav,3.379201084903597,-1.370402052598081,-0.6117079856436678,0.6385839982462371,0.1607479361370167
1067,after_phees_2022-08-02_13-43-08_0000064_labelled_Odin_pheeseq_0000045_labelled_mC1.wav,1.393331956171088,-3.695228650701435,0.664925024648262,1.254553177414416,1.2199198561886062
1068,after_phees_2022-08-02_13-43-08_0000064_labelled_Odin_pheeseq_0000046_labelled_mD4.wav,4.602214063800609,-4.633124893175484,1.863520245686547,0.8318677137671845,-0.22549618820673378
1069,after_phees_2022-08-02_13-43-08_0000064_labelled_Odin_pheeseq_0000046_labelled_mD5.wav,4.503958664397803,-4.159132144912992,1.0886480879072995,0.9911655178832413,0.6896002136679977
1070,after_phees_2022-08-02_13-43-08_0000064_labelled_Odin_pheeseq_0000048_labelled_mD1.wav,2.386138346178887,-1.888044464071633,-0.7739867989386652,0.9444145583075673,-1.0972543277168203
1071,after_phees_2022-08-02_13-43-08_0000064_labelled_Odin_pheeseq_0000048_labelled_mD7.wav,3.7689770098823847,-1.5547582426226836,-0.1839584241417849,0.9052511855866796,-0.09240316548899678
1072,after_phees_2022-08-02_13-43-08_0000064_labelled_Odin_pheeseq_0000052_labelled_mC1.wav,2.6697445908095108,-2.1860389524271984,-0.3614077215149281,1.7603813924227258,-0.8214683388085836
1073,after_phees_2022-08-02_13-43-08_0000064_labelled_Odin_pheeseq_0000052_labelled_mC2.wav,3.7913461405193756,-2.85556924670374,0.2742281439650534,1.2547389892038985,-0.8774323715733185
1074,after_phees_2022-08-02_13-43-08_0000064_labelled_Odin_pheeseq_0000052_labelled_mC3.wav,3.834661570823195,-0.37507318233438264,-0.8066158227511839,1.1356293575611747,0.9893647706320249
1075,after_phees_2022-08-02_13-43-08_0000064_labelled_Odin_pheeseq_0000053_labelled_mC1.wav,2.4606855611391594,-2.4889642566030377,-0.33173877278201974,0.8964305407816866,-0.06150624195462924
1076,after_phees_2022-08-02_13-43-08_0000064_labelled_Odin_pheeseq_0000053_labelled_mC6.wav,4.301309730679415,-3.0984352192970377,0.18774379570512123,2.1808495778286643,-0.30272835073074283
1077,after_phees_2022-08-02_13-43-08_0000064_labelled_Odin_pheeseq_0000054_labelled_mB1.wav,3.126110744636196,-2.531937850316978,-0.10437929337174534,2.3627933834003665,-0.765635787396503
1078,after_phees_2022-08-02_13-43-08_0000064_labelled_Odin_pheeseq_0000054_labelled_mB2.wav,4.944399981697832,-2.60478690367182,-0.20970040255195538,2.1132435314287465,-0.08512244957192562
1079,after_phees_2022-08-02_13-43-08_0000064_labelled_Odin_pheeseq_0000057_labelled_mC1.wav,2.5923055608534833,-0.3605575943804396,-0.16770886555602155,-0.19372648801001915,-0.028381779421654395
1080,after_phees_2022-08-02_13-43-08_0000064_labelled_Odin_pheeseq_0000057_labelled_mC3.wav,3.8509914385937245,-0.7256110938548156,0.2248503746331665,-0.09043493936668964,0.6794339763819737
1081,after_phees_2022-08-02_13-43-08_0000064_labelled_Odin_pheeseq_0000058_labelled_mD4.wav,4.528597338500933,-0.7299976079457571,-0.6642954224127382,-0.07903109793043095,0.998539042293645
1082,after_phees_2022-08-02_13-43-08_0000064_labelled_Odin_pheeseq_0000058_labelled_mD5.wav,4.295075200234644,-0.6407535798409382,-0.4276336047237619,-0.0956021633388758,0.949678136382641
1083,after_phees_2022-08-02_13-43-08_0000064_labelled_Odin_pheeseq_0000059_labelled_mD1.wav,3.994863565907408,-2.129887701551853,-0.46305191082607794,1.8190793850803602,0.30361100355215387
1084,after_phees_2022-08-02_13-43-08_0000064_labelled_Odin_pheeseq_0000059_labelled_mD2.wav,4.545055198079898,-3.3552059999399777,0.4312511404819803,2.306223521498313,-0.5534584327964767
1085,after_phees_2022-08-02_13-43-08_0000064_labelled_Odin_pheeseq_0000059_labelled_mD3.wav,4.890135039898956,-3.4916540128166287,0.807545346201898,1.556592997345268,-0.12285662705701612
1086,after_phees_2022-08-02_13-43-08_0000064_labelled_Odin_pheeseq_0000059_labelled_mD4.wav,4.15387144414724,-2.765654504533476,0.5835320290119588,0.87029495413867,0.10807187468971588
1087,after_phees_2022-08-02_13-43-08_0000064_labelled_Odin_pheeseq_0000060_labelled_mD1.wav,2.4130001702119914,-5.50135943909673,1.2789612696277632,-0.4340499868275335,2.5016710077292066
1088,after_phees_2022-08-02_13-43-08_0000064_labelled_Odin_pheeseq_0000060_labelled_mD4.wav,4.298986670542106,-5.810602753652705,1.6779103632915424,0.3201787257737538,2.122545661650247
1089,after_phees_2022-08-02_13-43-08_0000064_labelled_Odin_pheeseq_0000060_labelled_mD5.wav,5.121798574211229,-3.823238281585481,0.7895193973942133,1.833223258320017,-0.0690721678227129
1090,after_phees_2022-08-02_13-43-08_0000064_labelled_Odin_pheeseq_0000060_labelled_mD6.wav,4.856951168663366,-3.279009152973124,0.1155315595555601,2.2395917945084562,-0.5802114253557237
1091,after_phees_2022-08-02_13-43-08_0000064_labelled_Odin_pheeseq_0000061_labelled_mD1.wav,1.6996803727877747,-6.2261448255768626,1.6991771280610994,0.204089351826746,2.752781639766745
1092,after_phees_2022-08-02_13-43-08_0000064_labelled_Odin_pheeseq_0000061_labelled_mD3.wav,4.9213541155137825,-6.5616216559733465,2.807703482216747,-0.7353530934346257,2.954583826224499
1093,after_phees_2022-08-02_13-43-08_0000064_labelled_Odin_pheeseq_0000061_labelled_mD4.wav,4.016483205766683,-4.011314043179215,0.5375004721425016,2.300726918706152,-0.6970829152150536
1094,after_phees_2022-08-02_13-43-08_0000064_labelled_Odin_pheeseq_0000061_labelled_mD5.wav,3.3458821532189633,-2.938155759055981,-0.24442331850918714,1.402524403145611,-0.17903528175840236
1095,after_phees_2022-08-02_13-43-08_0000064_labelled_Odin_pheeseq_0000062_labelled_mD1.wav,3.7921059443327563,-3.992877614914439,0.9618612159411511,0.49611688550167565,2.185141230561026
1096,after_phees_2022-08-02_13-43-08_0000064_labelled_Odin_pheeseq_0000062_labelled_mD4.wav,5.0205410378388775,-2.12654002464748,0.005085710500735727,1.1030252777506064,0.661222818651082
1097,after_phees_2022-08-02_13-43-08_0000064_labelled_Odin_pheeseq_0000062_labelled_mD5.wav,4.183481385873427,-1.1265673246264245,-0.7455061185642082,1.2910879876497023,0.6149002058722269
1098,after_phees_2022-08-02_13-43-08_0000064_labelled_Odin_pheeseq_0000068_labelled_mC1.wav,3.1716207277586137,-1.2058989904330155,-0.4734228306616457,1.789182977902518,-0.4050248001218514
1099,after_phees_2022-08-02_13-43-08_0000064_labelled_Odin_pheeseq_0000068_labelled_mC2.wav,4.532976506679142,-2.66245029792411,0.8300954155580605,0.6100407289612213,-0.4005173899706973
1100,after_phees_2022-08-02_13-43-08_0000064_labelled_Odin_pheeseq_0000068_labelled_mC3.wav,4.180657875192431,-0.6006073061440099,0.16436402715699444,-0.11964464145733157,0.6060983932177616
1101,after_phees_2022-08-02_13-43-08_0000064_labelled_Olympia_pheeseq_0000007_labelled_mB1.wav,-3.6200694824967212,-0.017490536398212988,0.024977573603358855,0.49850295595658073,0.04612006311423976
1102,after_phees_2022-08-02_13-43-08_0000064_labelled_Olympia_pheeseq_0000007_labelled_mB2.wav,-2.588236091379519,-0.35241119034613383,1.2159665947297076,0.5240909406201603,0.42136697188490585
1103,after_phees_2022-08-02_13-43-08_0000064_labelled_Olympia_pheeseq_0000008_labelled_mB1.wav,-1.8163863126753377,-0.22555088740392154,0.46309882420238857,0.759294949351733,0.7346477393313647
1104,after_phees_2022-08-02_13-43-08_0000064_labelled_Olympia_pheeseq_0000008_labelled_mB2.wav,-2.3694890073708685,-0.13591859607339266,-0.15138730495873176,0.7031633894218597,-0.23042581533284942
1105,after_phees_2022-08-02_13-43-08_0000064_labelled_Olympia_pheeseq_0000016_labelled_mB1.wav,-1.754458889353189,-0.19081976134651454,0.851707317482548,0.6556007741816654,0.5213424795589984
1106,after_phees_2022-08-02_13-43-08_0000064_labelled_Olympia_pheeseq_0000016_labelled_mB2.wav,-1.372700046161151,-0.72762410104648,-0.07709546327413527,0.22572067828321213,0.0851058553898199
1107,after_phees_2022-08-02_13-43-08_0000064_labelled_Olympia_pheeseq_0000051_labelled_mB1.wav,-3.6704296517808284,0.5383569183102176,-0.2621897446031079,0.8170028291671493,0.7633542869131088
1108,after_phees_2022-08-02_13-43-08_0000064_labelled_Olympia_pheeseq_0000051_labelled_mB2.wav,-3.3515084092354623,-0.1742591448620209,-0.18311436938805828,1.019394504498482,0.48975398741933307
1109,after_phees_2022-08-02_13-43-08_0000064_labelled_Olympia_pheeseq_0000056_labelled_mB2.wav,-3.4943955080721754,-0.22798914286147648,-1.12808016724664,0.3414181514706068,0.34430308825826417
1110,after_phees_2022-08-02_13-43-08_0000064_labelled_Olympia_pheeseq_0000064_labelled_mB1.wav,-3.845224203419941,0.6264636735632002,0.20946930953979653,0.7425016456221292,0.46212782235722955
1111,after_phees_2022-08-02_13-43-08_0000064_labelled_Olympia_pheeseq_0000064_labelled_mB2.wav,-2.869958716404411,-0.11783339612213423,-0.36482304615295463,-0.1503006971887294,0.808840971524337
1112,after_phees_2022-08-02_13-43-08_0000064_labelled_Olympia_pheeseq_0000067_labelled_mB1.wav,-2.7369613389623986,0.45938923031987866,0.027223812286132403,1.197568329642855,0.5228372737899553
1113,after_phees_2022-08-02_13-43-08_0000064_labelled_Olympia_pheeseq_0000067_labelled_mB2.wav,-2.2917942779387332,0.6187791583883724,-1.299952723628759,0.27800530975103155,0.197556802498371
1114,after_phees_2022-08-02_14-11-30_0000065_labelled_Olympia_pheeseq_0000039_labelled_mB1.wav,-3.5465544832160907,1.7863659251106156,1.7753079442819946,0.8826829677982208,0.2386106338120398
1115,after_phees_2022-08-02_14-11-30_0000065_labelled_Olympia_pheeseq_0000039_labelled_mB2.wav,-3.0045417475484566,0.26077075149069856,-0.06822068608756686,0.045076134499597416,-0.502929580449215
1116,after_phees_2022-08-02_14-11-30_0000065_labelled_Wuschel_pheeseq_0000002_labelled_mC1.wav,-1.9467296324587708,-0.433710132407544,2.2906299796673393,-0.5475116078130654,0.08890118450243142
1117,after_phees_2022-08-02_14-11-30_0000065_labelled_Wuschel_pheeseq_0000002_labelled_mC2.wav,-1.6122526519223797,-0.9201214008339084,1.3299415430321975,-1.0413269581555158,-0.2756394862243408
1118,after_phees_2022-08-02_14-11-30_0000065_labelled_Wuschel_pheeseq_0000002_labelled_mC3.wav,-2.940396827776102,-1.6893551059460388,-1.660481026284883,-0.2296895170018192,-0.7326819680888648
1119,after_phees_2022-08-02_14-11-30_0000065_labelled_Wuschel_pheeseq_0000004_labelled_mD1.wav,-3.1853943397777735,-0.48010885152906185,1.935133822660707,-0.06209846653448753,-0.3280303694461575
1120,after_phees_2022-08-02_14-11-30_0000065_labelled_Wuschel_pheeseq_0000004_labelled_mD2.wav,-2.164969305903626,-0.0819236137876923,2.4102093853507536,-0.06306201533363699,-0.8194976903103081
1121,after_phees_2022-08-02_14-11-30_0000065_labelled_Wuschel_pheeseq_0000004_labelled_mD3.wav,-2.9318388851497565,-1.2146173878674096,0.48919710020427837,-0.6702115491822082,-0.6207929547493429
1122,after_phees_2022-08-02_14-11-30_0000065_labelled_Wuschel_pheeseq_0000004_labelled_mD4.wav,-2.833778239927147,-2.2025279267543403,-0.6641681209566256,-0.8706837379959387,-0.6319060663643281
1123,after_phees_2022-08-02_14-11-30_0000065_labelled_Wuschel_pheeseq_0000005_labelled_mC1.wav,-4.63495760486293,-1.136439362616227,2.6310641906633503,0.23224903274529726,-0.22544788026336565
1124,after_phees_2022-08-02_14-11-30_0000065_labelled_Wuschel_pheeseq_0000005_labelled_mC2.wav,-3.422418727420711,-1.4029978487332369,1.693618816495621,-0.02417425995126076,-0.6444861822861473
1125,after_phees_2022-08-02_14-11-30_0000065_labelled_Wuschel_pheeseq_0000005_labelled_mC3.wav,-2.71499659592865,-1.5639439136876823,0.41676057525894966,-0.06145644308246687,-0.2294653911736344
1126,after_phees_2022-08-02_14-11-30_0000065_labelled_Wuschel_pheeseq_0000009_labelled_mC1.wav,-5.00080730916754,-0.7917115081359387,1.5952382993900058,0.7883545036145048,-0.46198359069597505
1127,after_phees_2022-08-02_14-11-30_0000065_labelled_Wuschel_pheeseq_0000009_labelled_mC2.wav,-4.138640736903331,-1.0442714098322639,1.1407743416637035,-0.2838081824226715,-0.05298936143730893
1128,after_phees_2022-08-02_14-11-30_0000065_labelled_Wuschel_pheeseq_0000009_labelled_mC3.wav,-3.9188682281959846,-1.389458889736445,1.0332087046243519,-0.018047908099458592,0.0668069085435688
1129,after_phees_2022-08-02_14-11-30_0000065_labelled_Wuschel_pheeseq_0000010_labelled_mB1.wav,-3.6765372027615295,0.07503231673918946,2.3583273925929613,0.027105298470893116,0.02937012402779314
1130,after_phees_2022-08-02_14-11-30_0000065_labelled_Wuschel_pheeseq_0000010_labelled_mB2.wav,-2.303616756333853,-1.0866403263391602,2.4784088264349076,-0.4193380789899972,-0.03852593303467016
1131,after_phees_2022-08-02_14-11-30_0000065_labelled_Wuschel_pheeseq_0000011_labelled_mB1.wav,-4.982802130049207,-0.3953764838001195,0.9793212662310893,0.41998412962750914,-0.18206732671442938
1132,after_phees_2022-08-02_14-11-30_0000065_labelled_Wuschel_pheeseq_0000012_labelled_mB1.wav,-4.469339926347744,-0.20376588961683714,2.5651677083698927,0.014198665306416669,0.14016583381896522
1133,after_phees_2022-08-02_14-11-30_0000065_labelled_Wuschel_pheeseq_0000012_labelled_mB2.wav,-2.218219616087983,-1.279948011481085,2.1778901544765885,-0.5872535616358152,-0.16975920012544968
1134,after_phees_2022-08-02_14-11-30_0000065_labelled_Wuschel_pheeseq_0000013_labelled_mC1.wav,-4.02402399208783,-1.2509388557126642,1.05334771770506,0.26696110424045394,0.30100168046150405
1135,after_phees_2022-08-02_14-11-30_0000065_labelled_Wuschel_pheeseq_0000013_labelled_mC2.wav,-2.822631924821458,-1.2504681022856217,1.0081377836680407,0.08767930556227363,-0.2143747264820743
1136,after_phees_2022-08-02_14-11-30_0000065_labelled_Wuschel_pheeseq_0000013_labelled_mC3.wav,-2.8212210979973413,-1.2857155377849951,0.9428829923866543,0.29053681888219535,0.002498457424675015
1137,after_phees_2022-08-02_14-11-30_0000065_labelled_Wuschel_pheeseq_0000014_labelled_mB1.wav,-3.399839341057598,0.1579169585201672,0.7886595080525961,0.35951878353155664,-0.6204717013774496
1138,after_phees_2022-08-02_14-11-30_0000065_labelled_Wuschel_pheeseq_0000014_labelled_mB2.wav,-2.5682305861775077,-0.5821287319822704,0.40947914696935966,-0.2155716065516882,0.07713935174739803
1139,after_phees_2022-08-02_14-11-30_0000065_labelled_Wuschel_pheeseq_0000015_labelled_mC1.wav,-4.156985908263302,-0.27216181630628045,1.6238854411949404,0.33465571756062257,-0.9698121951667145
1140,after_phees_2022-08-02_14-11-30_0000065_labelled_Wuschel_pheeseq_0000015_labelled_mC2.wav,-3.337223121588011,-0.036337264993007656,0.3991458571036404,0.16530609671595378,-0.657473586245845
1141,after_phees_2022-08-02_14-11-30_0000065_labelled_Wuschel_pheeseq_0000015_labelled_mC3.wav,-3.1423892823626014,-0.8488800470902115,0.8378041323537218,-0.3744549607635921,-0.2694749592373205
1142,after_phees_2022-08-02_14-11-30_0000065_labelled_Wuschel_pheeseq_0000016_labelled_mC1.wav,-3.983767137830814,-0.11438186726218735,0.9470178167750395,0.3643225453118659,-0.5713906021242695
1143,after_phees_2022-08-02_14-11-30_0000065_labelled_Wuschel_pheeseq_0000016_labelled_mC2.wav,-2.2605033759079785,-0.6343330582328742,0.8279534579006058,-0.32950064062976614,-0.466062900006504
1144,after_phees_2022-08-02_14-11-30_0000065_labelled_Wuschel_pheeseq_0000016_labelled_mC3.wav,-2.8242961387129633,-1.0266917134793272,-1.6062804275172249,0.07657895701104776,-0.31830543735799083
1145,after_phees_2022-08-02_14-11-30_0000065_labelled_Wuschel_pheeseq_0000017_labelled_mB1.wav,-3.4327714041102926,-0.7253341664641109,0.7176170119442775,-0.18621033416990346,0.12216020240673141
1146,after_phees_2022-08-02_14-11-30_0000065_labelled_Wuschel_pheeseq_0000017_labelled_mB2.wav,-2.600184842383896,-1.172778466734345,1.4678822372473044,-0.08177477324695517,-0.750348525996261
1147,after_phees_2022-08-02_14-11-30_0000065_labelled_Wuschel_pheeseq_0000018_labelled_mC2.wav,-3.137158612122739,-0.727320837962502,0.2775357816942193,-0.2938307515849613,0.09971975594996577
1148,after_phees_2022-08-02_14-11-30_0000065_labelled_Wuschel_pheeseq_0000018_labelled_mC3.wav,-3.023262670056432,-1.0201293691864142,0.7784377998710328,-0.5010620780555276,-0.44214140283100833
1149,after_phees_2022-08-02_14-11-30_0000065_labelled_Wuschel_pheeseq_0000019_labelled_mC1.wav,-4.102723004580764,-1.2849201785679185,0.5217352846055892,-0.16369873001987323,0.2232785040234602
1150,after_phees_2022-08-02_14-11-30_0000065_labelled_Wuschel_pheeseq_0000019_labelled_mC2.wav,-2.913351462175975,-1.1866226440838705,0.768696918551717,-0.0888302209232798,-0.2567948091590749
1151,after_phees_2022-08-02_14-11-30_0000065_labelled_Wuschel_pheeseq_0000019_labelled_mC3.wav,-3.6648753075231033,-0.9503902404907726,-0.37133976078362557,0.49344284292155216,-0.22100981308846795
1152,after_phees_2022-08-02_14-11-30_0000065_labelled_Wuschel_pheeseq_0000020_labelled_mC1.wav,-3.876760719820361,-0.7250456698235513,1.415978589409336,0.6767356213564444,-0.8862092059221307
1153,after_phees_2022-08-02_14-11-30_0000065_labelled_Wuschel_pheeseq_0000020_labelled_mC2.wav,-2.7173115370291643,-0.978478500955055,1.5795601110320818,-0.2355469760869559,-0.7691917010303122
1154,after_phees_2022-08-02_14-11-30_0000065_labelled_Wuschel_pheeseq_0000020_labelled_mC3.wav,-1.8022279665629075,-2.20711903942951,1.0391432158669083,0.015093869040441134,0.3126547573891459
1155,after_phees_2022-08-02_14-11-30_0000065_labelled_Wuschel_pheeseq_0000021_labelled_mC1.wav,-3.681231066393347,-1.449885811886296,1.1834353381097282,0.31279673278830866,0.005421512734679975
1156,after_phees_2022-08-02_14-11-30_0000065_labelled_Wuschel_pheeseq_0000021_labelled_mC2.wav,-1.862736061672686,-1.6323802572014525,1.8134691489068935,-0.6079050759966858,-0.45806046241361187
1157,after_phees_2022-08-02_14-11-30_0000065_labelled_Wuschel_pheeseq_0000021_labelled_mC3.wav,-1.3522269884809193,-1.4855056164414222,0.5910546292266906,-1.1377598540247518,-0.3153575938706504
1158,after_phees_2022-08-02_14-11-30_0000065_labelled_Wuschel_pheeseq_0000022_labelled_mB1.wav,-4.361601797915519,-0.28394298850388505,0.47979365189291273,0.5617355905881541,-0.022165152003561547
1159,after_phees_2022-08-02_14-11-30_0000065_labelled_Wuschel_pheeseq_0000023_labelled_mC1.wav,-3.273614209064198,-0.23949921539050134,1.3453234426366623,-0.08763305421813004,0.07302518633180037
1160,after_phees_2022-08-02_14-11-30_0000065_labelled_Wuschel_pheeseq_0000023_labelled_mC2.wav,-1.3075869449747535,-0.8014494084258762,2.46464198732139,-0.3535155991602687,-0.34526513256293373
1161,after_phees_2022-08-02_14-11-30_0000065_labelled_Wuschel_pheeseq_0000023_labelled_mC3.wav,-3.05519967444644,-0.7713329740704514,0.5958965026275285,0.06662323435396202,0.3353432365519738
1162,after_phees_2022-08-02_14-11-30_0000065_labelled_Wuschel_pheeseq_0000024_labelled_mB2.wav,-1.8684777836230222,-0.851753210955637,1.1875683983490375,0.12372300041633476,-0.551518151123332
1163,after_phees_2022-08-02_14-11-30_0000065_labelled_Wuschel_pheeseq_0000025_labelled_mB1.wav,-3.3316309657382166,-0.3490882028936992,1.6847044817087196,-0.031164534248166988,-0.23282293663532183
1164,after_phees_2022-08-02_14-11-30_0000065_labelled_Wuschel_pheeseq_0000025_labelled_mB2.wav,-1.3648244576755237,-1.2570053437547422,1.4295966366056363,-0.4231747468450228,0.016727795965378267
1165,after_phees_2022-08-02_14-11-30_0000065_labelled_Wuschel_pheeseq_0000027_labelled_mB1.wav,-3.2056221452998312,-0.4452856834337909,1.9306659399279797,-0.17610210816540278,-0.4351393695826837
1166,after_phees_2022-08-02_14-11-30_0000065_labelled_Wuschel_pheeseq_0000027_labelled_mB2.wav,-0.8671162574636021,-1.224513123784126,2.2012781045690795,-0.80768853074767,-0.9739276045856224
1167,after_phees_2022-08-02_14-11-30_0000065_labelled_Wuschel_pheeseq_0000028_labelled_mB1.wav,-3.2113015190545435,-0.5420782442659355,1.567988062806631,-0.1841425056511278,-0.3613444174861702
1168,after_phees_2022-08-02_14-11-30_0000065_labelled_Wuschel_pheeseq_0000028_labelled_mB2.wav,-2.192358798631444,-0.028345655066223385,0.1730702626341778,0.37175135655463465,-0.82845966684689
1169,after_phees_2022-08-02_14-11-30_0000065_labelled_Wuschel_pheeseq_0000029_labelled_mB1.wav,-3.549329009273847,-0.5535683601742485,0.8279803206783377,0.1914850235245352,0.4564491313981433
1170,after_phees_2022-08-02_14-11-30_0000065_labelled_Wuschel_pheeseq_0000029_labelled_mB2.wav,-2.1678193876792506,-1.120644801055466,0.7097804169756788,0.18227751474206338,-0.19205682370426813
1171,after_phees_2022-08-02_14-11-30_0000065_labelled_Wuschel_pheeseq_0000030_labelled_mB1.wav,-3.1994710014890146,-0.5875601836893675,1.4603619156820593,-0.2961512680934378,-0.3896119171726243
1172,after_phees_2022-08-02_14-11-30_0000065_labelled_Wuschel_pheeseq_0000030_labelled_mB2.wav,-1.8738682087863963,-0.8566299721374815,1.1084892192405562,-0.19495497778241533,-0.7197937031660983
1173,after_phees_2022-08-02_14-36-43_0000066_labelled_Lola_pheeseq_0000002_labelled_mB1.wav,-0.03648007388750052,4.117641230489151,0.8854796540553351,0.5972663652238134,0.17922820529164563
1174,after_phees_2022-08-02_14-36-43_0000066_labelled_Lola_pheeseq_0000002_labelled_mB2.wav,1.7024905409143154,1.9865344806810186,-0.6358585985881857,-0.16974457879909002,0.1367597350231198
1175,after_phees_2022-08-02_14-36-43_0000066_labelled_Lola_pheeseq_0000003_labelled_mC2.wav,1.2509543979085842,2.419334805103643,-0.5596474706645048,0.3498945148158151,-0.6052967533517889
1176,after_phees_2022-08-02_14-36-43_0000066_labelled_Lola_pheeseq_0000003_labelled_mC3.wav,1.3629724193474957,1.9904892946024997,-1.4631075311229664,0.3837825729615806,-0.3061326188859153
1177,after_phees_2022-08-02_14-36-43_0000066_labelled_Lola_pheeseq_0000004_labelled_mC1.wav,-0.27009494644975907,2.194759279666834,0.052044509630984594,0.5640378682488255,-0.24432646600562827
1178,after_phees_2022-08-02_14-36-43_0000066_labelled_Lola_pheeseq_0000004_labelled_mC2.wav,1.1934691367239711,2.1569308136274428,0.6338883090998522,-0.024961399766526893,-0.029813445814587176
1179,after_phees_2022-08-02_14-36-43_0000066_labelled_Lola_pheeseq_0000004_labelled_mC3.wav,1.0659122717314085,1.5212957097079765,-0.38100220853697403,-0.16815697398051563,0.015757317133277708
1180,after_phees_2022-08-02_14-36-43_0000066_labelled_Lola_pheeseq_0000006_labelled_mB1.wav,0.2536892625920024,2.0058554914282567,-0.8811976140931794,-0.05405846402234603,0.9548616607107581
1181,after_phees_2022-08-02_14-36-43_0000066_labelled_Lola_pheeseq_0000006_labelled_mB2.wav,1.087380660273592,2.859256388095361,0.22008502521118137,0.4810099490870899,-0.555993261168829
1182,after_phees_2022-08-02_14-36-43_0000066_labelled_Lola_pheeseq_0000008_labelled_mB1.wav,0.5034835190259433,4.550625877330529,1.1206797355880043,0.7138470037426874,0.2420741008257343
1183,after_phees_2022-08-02_14-36-43_0000066_labelled_Lola_pheeseq_0000008_labelled_mB2.wav,1.3699550211699862,3.183154741371688,-0.3018065622794333,0.8493913907688042,0.0665138250129864
1184,after_phees_2022-08-02_14-36-43_0000066_labelled_Lola_pheeseq_0000009_labelled_mB1.wav,0.23803242464904584,3.3627506281627264,-0.46393492718719787,0.1628571932406812,0.10997143157720388
1185,after_phees_2022-08-02_14-36-43_0000066_labelled_Lola_pheeseq_0000009_labelled_mB2.wav,1.471448790560945,2.5224089865178323,0.08098572811038758,-0.17246611319804367,-0.0368094852530196
1186,after_phees_2022-08-02_14-36-43_0000066_labelled_Lola_pheeseq_0000010_labelled_mC2.wav,0.6354539433354239,3.038121918505006,0.5037222798138978,0.23973762701920892,-0.5541667449429873
1187,after_phees_2022-08-02_14-36-43_0000066_labelled_Lola_pheeseq_0000010_labelled_mC3.wav,1.2738048145845904,1.1631670459313244,-0.48661580345068783,0.5936766019111421,0.5783882031132559
1188,after_phees_2022-08-02_14-36-43_0000066_labelled_Lola_pheeseq_0000017_labelled_mC1.wav,1.0842115036780675,4.288681814115805,1.0867190733883236,0.5856632098061103,-0.1885091216002758
1189,after_phees_2022-08-02_14-36-43_0000066_labelled_Lola_pheeseq_0000017_labelled_mC2.wav,1.5228144373664478,3.4386909232569267,0.44152576760247586,0.4166233651356447,-0.5600961571812915
1190,after_phees_2022-08-02_14-36-43_0000066_labelled_Lola_pheeseq_0000017_labelled_mC3.wav,3.543022508875546,1.742578391434786,-1.6114401073128515,-0.46722583357005587,-0.40635561174743506
1191,after_phees_2022-08-02_14-36-43_0000066_labelled_Lola_pheeseq_0000018_labelled_mC1.wav,-0.08252164757008021,2.208674868546255,-1.0544781200480715,0.32273249232364204,0.17669214272243464
1192,after_phees_2022-08-02_14-36-43_0000066_labelled_Lola_pheeseq_0000018_labelled_mC2.wav,0.3836339956165167,2.68886043364091,-1.1136710973664743,-0.0009959902096119894,-0.1043400305358786
1193,after_phees_2022-08-02_14-36-43_0000066_labelled_Lola_pheeseq_0000018_labelled_mC3.wav,2.0580936853972185,0.8536129267291486,0.5210090905972248,-0.21684806791343075,0.39573727838367717
1194,after_phees_2022-08-02_14-36-43_0000066_labelled_Lola_pheeseq_0000019_labelled_mC1.wav,0.10707647254026142,1.880025833158988,-1.2790549544312748,0.45375101261394746,0.20619754294618547
1195,after_phees_2022-08-02_14-36-43_0000066_labelled_Lola_pheeseq_0000019_labelled_mC2.wav,2.385525053324924,2.0665045483001188,1.3341020165838398,-0.4609474238928459,0.21757460806620654
1196,after_phees_2022-08-02_14-36-43_0000066_labelled_Lola_pheeseq_0000019_labelled_mC3.wav,2.2985336830095147,1.350655958188388,-0.8317869178738184,-0.18456059630717478,-0.2716851862300138
1197,after_phees_2022-08-02_14-36-43_0000066_labelled_Lola_pheeseq_0000020_labelled_mC1.wav,0.6906477164806704,2.589267759165704,-0.9730295679113191,0.3821845784976321,0.11805410369194269
1198,after_phees_2022-08-02_14-36-43_0000066_labelled_Lola_pheeseq_0000020_labelled_mC2.wav,2.7402526122310906,2.303923525758607,-0.349881788347735,-0.1141751134159258,-0.2847203857916998
1199,after_phees_2022-08-02_14-36-43_0000066_labelled_Lola_pheeseq_0000020_labelled_mC3.wav,3.2143937125833943,2.1622117488540993,-1.6470951777866865,-0.41340759189322374,0.029689557573215453
1200,after_phees_2022-08-02_14-36-43_0000066_labelled_Lola_pheeseq_0000021_labelled_mC1.wav,1.041756750174799,3.5015019101792344,-1.0322193802738362,0.3526768000941531,0.33518403304627153
1201,after_phees_2022-08-02_14-36-43_0000066_labelled_Lola_pheeseq_0000021_labelled_mC2.wav,1.3627940046885916,3.5077553666871304,-0.28372901125109096,0.5706954289778952,-0.003956899268490562
1202,after_phees_2022-08-02_14-36-43_0000066_labelled_Lola_pheeseq_0000021_labelled_mC3.wav,1.4516759922160962,2.8845035768210723,0.2602172950156105,-0.22500866269053252,0.24230291241251847
1203,after_phees_2022-08-02_14-36-43_0000066_labelled_Lola_pheeseq_0000022_labelled_mC1.wav,0.70752255348931,1.6200731949237899,-0.8647546129291265,0.01139539581569893,0.6549018107943756
1204,after_phees_2022-08-02_14-36-43_0000066_labelled_Lola_pheeseq_0000022_labelled_mC2.wav,2.078846374080517,2.9294936080169127,0.5122164491707437,-0.22091985296039052,-0.19165351703247557
1205,after_phees_2022-08-02_14-36-43_0000066_labelled_Lola_pheeseq_0000023_labelled_mC1.wav,0.8234563168490623,2.6413066220923103,-1.0268516283824638,0.10208153716550115,-0.29252584466428944
1206,after_phees_2022-08-02_14-36-43_0000066_labelled_Lola_pheeseq_0000023_labelled_mC3.wav,3.129406366369749,2.047327640934071,-2.690185137779223,-0.5548813252129056,0.4329100577502464
1207,after_phees_2022-08-02_14-36-43_0000066_labelled_Lola_pheeseq_0000025_labelled_mC1.wav,0.36657828045969304,3.118133885332744,-0.7253859022428715,0.097755541338146,0.011228205265786063
1208,after_phees_2022-08-02_14-36-43_0000066_labelled_Lola_pheeseq_0000025_labelled_mC2.wav,1.7512195744956582,3.382509486316184,0.3059078505480311,-0.3066633668833611,0.23503938998404725
1209,after_phees_2022-08-02_14-36-43_0000066_labelled_Lola_pheeseq_0000025_labelled_mC3.wav,0.7498891964950974,2.459813649682576,-0.8755670162753602,0.5513694870401081,-0.0003563902453870166
1210,after_phees_2022-08-02_14-36-43_0000066_labelled_Lola_pheeseq_0000026_labelled_mC1.wav,1.2042532218572821,2.5148631793451,-0.32784864802842206,0.036885105651518875,0.583294941200541
1211,after_phees_2022-08-02_14-36-43_0000066_labelled_Lola_pheeseq_0000026_labelled_mC2.wav,1.9804872378003453,3.8281643549467455,-0.19808725630594645,0.17150014293631302,-0.46976069454469205
1212,after_phees_2022-08-02_14-36-43_0000066_labelled_Lola_pheeseq_0000026_labelled_mC3.wav,2.667511421090074,2.0585108178730436,-0.6967802899352307,0.06224740571324067,0.10567676032673678
1213,after_phees_2022-08-02_14-36-43_0000066_labelled_Lola_pheeseq_0000027_labelled_mC1.wav,1.3177239061893629,2.2309053789281483,-0.8243128772202195,-0.32036775031564024,0.38856776101150636
1214,after_phees_2022-08-02_14-36-43_0000066_labelled_Lola_pheeseq_0000027_labelled_mC2.wav,2.0298190577856183,3.294618611630312,0.5345978024429723,-0.11197388563566676,0.04179954002608378
1215,after_phees_2022-08-02_14-36-43_0000066_labelled_Lola_pheeseq_0000027_labelled_mC3.wav,1.538953081494046,2.902563569847667,-0.44792704234365033,0.9394165682833405,0.11154149460544563
1216,after_phees_2022-08-02_14-36-43_0000066_labelled_Lola_pheeseq_0000047_labelled_mB1.wav,0.05613845808924697,3.4345676118066413,-0.030230070294930557,0.40507066421744903,0.09309770135058248
1217,after_phees_2022-08-02_14-36-43_0000066_labelled_Lola_pheeseq_0000047_labelled_mB2.wav,0.5885558924600216,2.958593034559346,0.03400839472141212,0.29250309430352456,-0.3340387996927078
1218,after_phees_2022-08-02_14-36-43_0000066_labelled_Lola_pheeseq_0000048_labelled_mB1.wav,-0.5803205311765817,1.9796150973545408,-0.011097058551380034,0.11105892618005422,0.9382398714307417
1219,after_phees_2022-08-02_14-36-43_0000066_labelled_Lola_pheeseq_0000048_labelled_mB2.wav,0.8440250834674605,1.7645319994586959,0.24744959577558326,0.11411053720644493,0.2708562577344145
1220,after_phees_2022-08-02_14-36-43_0000066_labelled_Lola_pheeseq_0000050_labelled_mC1.wav,-0.2866877934030778,2.3300090544745697,-0.4775854748432895,0.7921974820565653,0.43701990719678163
1221,after_phees_2022-08-02_14-36-43_0000066_labelled_Lola_pheeseq_0000050_labelled_mC2.wav,0.643634088449493,2.6435666640979107,0.19246767209227483,0.28236988149644965,-0.690581833101893
1222,after_phees_2022-08-02_14-36-43_0000066_labelled_Lola_pheeseq_0000050_labelled_mC3.wav,0.9978704475224948,1.7495594455306798,0.13663513790983364,0.08092863372527814,0.15567989609165256
1223,after_phees_2022-08-02_14-36-43_0000066_labelled_Lola_pheeseq_0000051_labelled_mB1.wav,-0.25191859868904964,1.6988929432416602,-0.3136066639327293,-0.4714232288591602,0.34122952880765006
1224,after_phees_2022-08-02_14-36-43_0000066_labelled_Lola_pheeseq_0000051_labelled_mB2.wav,1.892431682414789,2.1505479594433767,1.0987409592219504,0.2979972955171772,-0.3116967248276713
1225,after_phees_2022-08-02_14-36-43_0000066_labelled_Lola_pheeseq_0000052_labelled_mB1.wav,0.7164020284035335,1.615391101757281,-0.8686169463089203,-0.1201047691360549,0.527741003646029
1226,after_phees_2022-08-02_14-36-43_0000066_labelled_Lola_pheeseq_0000052_labelled_mB2.wav,2.408864657640317,2.6006814054998446,0.94492623296519,0.17788647540789324,-0.3683362389455601
1227,after_phees_2022-08-02_14-36-43_0000066_labelled_Lola_pheeseq_0000053_labelled_mB1.wav,1.1288541765810922,2.841945144460285,0.45467439170699975,0.10099328590759608,0.4965126584930407
1228,after_phees_2022-08-02_14-36-43_0000066_labelled_Lola_pheeseq_0000053_labelled_mB2.wav,2.243258545599456,2.942934008894206,0.3498076847298368,0.07059610646379134,0.08369401558272972
1229,after_phees_2022-08-02_14-36-43_0000066_labelled_Lola_pheeseq_0000054_labelled_mC1.wav,0.28230095950763173,2.9579161220469,-0.6009316389804084,0.30663708185276534,0.10286456710746684
1230,after_phees_2022-08-02_14-36-43_0000066_labelled_Lola_pheeseq_0000054_labelled_mC2.wav,1.8643859212114333,2.437288940372551,0.9143571150644192,0.18068196288114102,-0.20666889496149546
1231,after_phees_2022-08-02_14-36-43_0000066_labelled_Lola_pheeseq_0000054_labelled_mC3.wav,0.37971278507802175,2.39649966477601,-0.675845970378322,0.20122203645888734,1.2478173961409165
1232,after_phees_2022-08-02_14-36-43_0000066_labelled_Lola_pheeseq_0000056_labelled_mB1.wav,1.2591185415001072,3.225578798931216,0.2181527543923552,0.19831832628573037,-0.7109692796813087
1233,after_phees_2022-08-02_14-36-43_0000066_labelled_Lola_pheeseq_0000061_labelled_mB1.wav,0.6687558879874462,4.4257043867462365,0.4022098981312037,0.38930360563454036,0.23729024264735213
1234,after_phees_2022-08-02_14-36-43_0000066_labelled_Lola_pheeseq_0000061_labelled_mB2.wav,2.3949622897640896,2.6660957037010555,0.20125636709067024,0.5371693532726801,0.43262817108121654
1235,after_phees_2022-08-02_14-36-43_0000066_labelled_Lola_pheeseq_0000062_labelled_mB2.wav,0.7406937310677999,2.9302868364595596,-0.3408541840513774,0.6192855776501159,-0.03189314113688474
1236,after_phees_2022-08-02_14-36-43_0000066_labelled_Lola_pheeseq_0000066_labelled_mB1.wav,0.4418876313288589,4.500336643691425,0.6406990075704057,0.4892880557555992,0.27700170975553545
1237,after_phees_2022-08-02_14-36-43_0000066_labelled_Lola_pheeseq_0000067_labelled_mB1.wav,0.6555700088668648,3.6591667439123188,1.0073722957726245,-0.20391074759586336,0.43915527299389445
1238,after_phees_2022-08-02_14-36-43_0000066_labelled_Lola_pheeseq_0000067_labelled_mB2.wav,2.537728789671624,2.9998579534109076,-1.288095238123749,1.1882002155339295,0.3629464658287453
1239,after_phees_2022-08-02_14-36-43_0000066_labelled_Lola_pheeseq_0000068_labelled_mC1.wav,0.3262975041292574,3.2546268820745823,-0.4501492962111543,0.030850394009891903,-0.061178429540254736
1240,after_phees_2022-08-02_14-36-43_0000066_labelled_Lola_pheeseq_0000068_labelled_mC2.wav,1.7294483538996244,2.9257292548482035,-0.3877346380516704,0.3062058519435983,-0.6179146524927281
1241,after_phees_2022-08-02_14-36-43_0000066_labelled_Lola_pheeseq_0000068_labelled_mC3.wav,1.6662912760518447,2.275876704976436,-0.762206177794771,0.064816457879015,0.6275417474595072
1242,after_phees_2022-08-02_14-36-43_0000066_labelled_Lola_pheeseq_0000069_labelled_mC1.wav,1.1028706771039187,2.8328237571174717,0.197564310899072,-0.435551361828983,0.1179790805788451
1243,after_phees_2022-08-02_14-36-43_0000066_labelled_Lola_pheeseq_0000069_labelled_mC2.wav,3.016651545358169,2.4713669713539135,0.7968673118296111,-0.6514642973649878,0.20674157989933398
1244,after_phees_2022-08-02_14-36-43_0000066_labelled_Wuschel_pheeseq_0000057_labelled_mB1.wav,-3.425515550454051,1.6088452018280437,3.967105249251578,0.2710387412514338,-0.018771626711497937
1245,after_phees_2022-08-02_14-36-43_0000066_labelled_Wuschel_pheeseq_0000057_labelled_mB2.wav,-3.481259349594862,-0.5300350948405481,1.1980380072920405,-0.006428987366924241,0.19477968026166426
1246,after_phees_2022-08-02_14-36-43_0000066_labelled_Wuschel_pheeseq_0000059_labelled_mB1.wav,-4.663835086597995,0.13796384694106925,2.813563219926938,0.027299744112638833,0.14575033298073406
1247,after_phees_2022-08-02_14-36-43_0000066_labelled_Wuschel_pheeseq_0000059_labelled_mB2.wav,-2.997450138008934,-0.8895691282817652,1.410502687097543,0.021200429196205652,-0.2858476081878377
1248,after_phees_2022-08-02_14-36-43_0000066_labelled_Wuschel_pheeseq_0000060_labelled_mB1.wav,-4.70986328520788,0.6124944827353989,1.929041703886406,0.5240228100761113,-0.17175584422453077
1249,after_phees_2022-08-02_14-36-43_0000066_labelled_Wuschel_pheeseq_0000060_labelled_mB2.wav,-3.9523837091503355,-0.5214940149215403,0.7774754728788628,0.49959739380437423,-0.4518750441466824
1250,after_phees_2022-08-02_14-36-43_0000066_labelled_Wuschel_pheeseq_0000063_labelled_mB1.wav,-3.024302366088593,0.7223680817134711,2.7667012455004567,0.05755928311699084,-0.11846728879975237
1251,after_phees_2022-08-02_14-36-43_0000066_labelled_Wuschel_pheeseq_0000063_labelled_mB2.wav,-3.4123989626438966,-0.7005295296980675,0.9518305031562235,0.12443992558908253,0.29732074273766956
1252,after_phees_2022-08-02_14-36-43_0000066_labelled_Wuschel_pheeseq_0000064_labelled_mB1.wav,-4.5326293410209315,0.07279672771440594,3.2171239884688156,0.17490597206393196,0.05452470030133586
1253,after_phees_2022-08-02_14-36-43_0000066_labelled_Wuschel_pheeseq_0000064_labelled_mB2.wav,-2.788370174775242,-1.2980902019104352,1.007582347067498,0.2353902893588371,-0.1919451158675415
1254,after_phees_2022-08-02_14-36-43_0000066_labelled_Wuschel_pheeseq_0000065_labelled_mB1.wav,-4.310056030119669,-0.7940018964581038,1.2442643592854277,-0.1654986809444785,0.19250588621532747
1255,after_phees_2022-08-02_14-36-43_0000066_labelled_Wuschel_pheeseq_0000065_labelled_mB2.wav,-2.8380722946954906,-1.2528117754739698,0.9310306630995496,0.19398999782173554,-0.1539631244994046
1256,after_phees_2022-08-02_14-36-43_0000066_labelled_Wuschel_pheeseq_0000071_labelled_mB1.wav,-4.729693695832006,0.6311525657815369,1.8766430255751858,0.3683448629019247,-0.2589273141742364
1257,after_phees_2022-08-02_14-36-43_0000066_labelled_Wuschel_pheeseq_0000071_labelled_mB2.wav,-2.9366622354022245,-1.1072320251500904,0.9958680543408398,0.16315242671201877,-0.036998517712201945
1258,after_phees_2022-08-02_14-36-43_0000066_labelled_Wuschel_pheeseq_0000072_labelled_mB1.wav,-3.4028689890583483,0.01651057402422847,2.59696915405323,-0.05646349568064569,-0.4423491907335638
1259,after_phees_2022-08-02_14-36-43_0000066_labelled_Wuschel_pheeseq_0000072_labelled_mB2.wav,-1.8244732558200396,-1.0723237178626783,1.6125730941479723,0.05964633801519748,-0.9950515834102394
1260,after_phees_2022-08-02_14-36-43_0000066_labelled_Wuschel_pheeseq_0000073_labelled_mB1.wav,-4.007892685942766,-0.6671660314514729,2.3071748453707204,0.03684927299534653,-0.24897825734149664
1261,after_phees_2022-08-02_14-36-43_0000066_labelled_Wuschel_pheeseq_0000073_labelled_mB2.wav,-2.7054123525570906,-1.468721235697429,0.8510697235598804,0.4092600980642917,-0.031137380109762733
1262,after_phees_2022-08-02_14-36-43_0000066_labelled_Wuschel_pheeseq_0000075_labelled_mB1.wav,-4.5038126949626065,0.29595244031784634,0.7161583846903266,0.16094318602643903,-0.17990992406245032
1263,after_phees_2022-08-02_14-36-43_0000066_labelled_Wuschel_pheeseq_0000075_labelled_mB2.wav,-3.0935386886756455,-0.39204924053284673,0.3773977886174433,0.5490802802975616,-0.5124705660539861
1264,after_phees_2022-08-02_14-36-43_0000066_labelled_Wuschel_pheeseq_0000076_labelled_mB1.wav,-4.334747990353844,-0.43117791225547003,2.3597457727744997,-0.10264511317307291,-0.0867478062992948
1265,after_phees_2022-08-02_14-36-43_0000066_labelled_Wuschel_pheeseq_0000076_labelled_mB2.wav,-2.538693559970147,-1.2884566853156398,1.3424395379675342,-0.23595265335721013,-0.8407778019996555
1266,after_phees_2022-08-02_14-36-43_0000066_labelled_Wuschel_pheeseq_0000077_labelled_mB1.wav,-3.588909010880991,-0.20505997755764152,1.7317332563775705,-0.29259717094529153,-0.18424317723801428
1267,after_phees_2022-08-02_14-36-43_0000066_labelled_Wuschel_pheeseq_0000077_labelled_mB2.wav,-2.4581403033535763,-1.5024857715869218,1.1123783834885397,0.5024818859529163,-0.2583905713334277
1268,after_phees_2022-08-02_15-01-37_0000067_labelled_Lola_pheeseq_0000004_labelled_mB1.wav,-0.31110530581956336,1.9117675020833576,0.19630846898366297,-0.10094053467668655,0.5168441340591327
1269,after_phees_2022-08-02_15-01-37_0000067_labelled_Lola_pheeseq_0000004_labelled_mB2.wav,0.4450079585697506,2.4247881177603365,0.5841900179599614,-0.37536427798546607,0.1029834326286304
1270,after_phees_2022-08-02_15-01-37_0000067_labelled_Lola_pheeseq_0000005_labelled_mB1.wav,-0.8007639958822087,1.9448316370227063,-0.5168313361184275,0.21728636913335397,-0.07367950056662358
1271,after_phees_2022-08-02_15-01-37_0000067_labelled_Lola_pheeseq_0000005_labelled_mB2.wav,0.3903521469979451,1.1959876896161825,0.2850366170224365,0.43256232548960255,0.31596076340094137
1272,after_phees_2022-08-02_15-01-37_0000067_labelled_Lola_pheeseq_0000007_labelled_mB1.wav,-0.1530069651746716,1.8074352352944136,0.6075216764219807,0.25196647059244437,0.5067297033243725
1273,after_phees_2022-08-02_15-01-37_0000067_labelled_Lola_pheeseq_0000007_labelled_mB2.wav,0.8592417617296267,2.201112281228041,1.0774367049569862,0.391160043645017,0.20760646244503145
1274,after_phees_2022-08-02_15-01-37_0000067_labelled_Lola_pheeseq_0000008_labelled_mB1.wav,-0.22948621792463889,2.5799336278020957,-0.48774932135780763,0.30950235533303305,0.05839694523186901
1275,after_phees_2022-08-02_15-01-37_0000067_labelled_Lola_pheeseq_0000008_labelled_mB2.wav,1.7165419076560167,2.301084827911405,0.5838230909887605,0.3497618812859766,0.19703325736739433
1276,after_phees_2022-08-02_15-01-37_0000067_labelled_Lola_pheeseq_0000031_labelled_mB1.wav,0.06512887631736623,3.609845608422929,0.6354819603610122,0.4771718634330829,0.01892348922932567
1277,after_phees_2022-08-02_15-01-37_0000067_labelled_Lola_pheeseq_0000031_labelled_mB2.wav,0.9815038277499964,1.7530422035362683,0.13228078502274837,0.3771425461318103,0.42455611878432
1278,after_phees_2022-08-02_15-01-37_0000067_labelled_Lola_pheeseq_0000035_labelled_mB1.wav,1.0364038313504667,2.5184127700256345,-0.2952786658704714,1.0700723936292742,0.1369330806954403
1279,after_phees_2022-08-02_15-01-37_0000067_labelled_Lola_pheeseq_0000052_labelled_mB1.wav,-1.519821776522963,3.631909078319463,1.9904085352246554,0.6967833934213052,0.10211425556006765
1280,after_phees_2022-08-02_15-01-37_0000067_labelled_Lola_pheeseq_0000052_labelled_mB2.wav,-1.2389408859724333,2.375848046297788,0.010290579361360071,0.4869489749568355,0.22587501925116932
1281,after_phees_2022-08-02_15-01-37_0000067_labelled_Lola_pheeseq_0000053_labelled_mB1.wav,-0.28785250751397806,2.1662258100038754,1.1267457033833854,-0.20646051227501488,0.09719716655826982
1282,after_phees_2022-08-02_15-01-37_0000067_labelled_Lola_pheeseq_0000053_labelled_mB2.wav,-0.4049147646333964,2.4125293584478444,-0.7997572033699635,0.5556686704771011,0.35775930541070117
1283,after_phees_2022-08-02_15-01-37_0000067_labelled_Lola_pheeseq_0000054_labelled_mB1.wav,-0.4459174694286124,2.3113359981587687,0.9023724656032269,-0.23226482165796464,0.285923956796538
1284,after_phees_2022-08-02_15-01-37_0000067_labelled_Lola_pheeseq_0000054_labelled_mB2.wav,-0.4792740260244598,2.7790978249748175,0.08955528809668768,0.4521464862890257,0.10053911966755799
1285,after_phees_2022-08-02_15-01-37_0000067_labelled_Lola_pheeseq_0000055_labelled_mB1.wav,-0.7716966368945187,1.920730955931042,-0.21072494056010466,0.18609174547552074,-0.30660797548847185
1286,after_phees_2022-08-02_15-01-37_0000067_labelled_Lola_pheeseq_0000055_labelled_mB2.wav,-0.06507598251855737,2.7685651650359184,0.1935825471514363,0.6191980605592847,-0.031219001458174828
1287,after_phees_2022-08-02_15-01-37_0000067_labelled_Lola_pheeseq_0000056_labelled_mB2.wav,1.10936090088495,2.9268243091403625,0.6553293138439932,1.1368123117511002,-0.20235826450554073
1288,after_phees_2022-08-02_15-01-37_0000067_labelled_Tabor_pheeseq_0000038_labelled_mC1.wav,2.245001008824855,0.18919813958520723,-2.47805067579032,-0.1680100343338951,0.11834465583768566
1289,after_phees_2022-08-02_15-01-37_0000067_labelled_Tabor_pheeseq_0000038_labelled_mC2.wav,2.3869004487070646,-0.5560818462377064,-1.0615945829301308,-0.429071827839744,0.12220657301611215
1290,after_phees_2022-08-02_15-01-37_0000067_labelled_Tabor_pheeseq_0000038_labelled_mC3.wav,0.2160609495513231,-1.246808998772282,-1.3219950688281839,0.2040136051491736,-0.13798891711749514
1291,after_phees_2022-08-02_15-01-37_0000067_labelled_Tabor_pheeseq_0000043_labelled_mD1.wav,2.1168775259169745,0.4701473715655033,-2.066546426221259,0.11719773423634887,0.30554902188809774
1292,after_phees_2022-08-02_15-01-37_0000067_labelled_Tabor_pheeseq_0000043_labelled_mD2.wav,1.4014128249301119,-1.5343354857317677,-0.0930388695722402,-0.2531335193222139,-0.17943342213718946
1293,after_phees_2022-08-02_15-01-37_0000067_labelled_Tabor_pheeseq_0000043_labelled_mD3.wav,-0.5588987573476696,-1.280953331873596,-1.2802382824242298,-0.21569878919671173,-0.14224258553575198
1294,after_phees_2022-08-02_15-01-37_0000067_labelled_Tabor_pheeseq_0000043_labelled_mD4.wav,-1.709538654763391,-2.6663118285347545,-1.5629184622163086,0.775881755051834,0.5798889927249281
1295,after_phees_2022-08-03_14-32-28_0000070_labelled_Tabor_pheeseq_0000038_labelled_mC1.wav,-2.253793903728973,0.8065375319432094,-0.34491114890139746,0.9220902186997437,0.521495884945792
1296,after_phees_2022-08-03_14-32-28_0000070_labelled_Tabor_pheeseq_0000038_labelled_mC3.wav,-3.9426417904842577,-1.2931408234796433,-2.044771391770829,0.1790678047522974,0.3774905047330799
1297,after_phees_2022-08-03_14-32-28_0000070_labelled_Tabor_pheeseq_0000040_labelled_mC1.wav,-3.171808208962823,0.6443439597686199,-0.5358141896204678,-0.0027554392742592977,-0.08747646547293646
1298,after_phees_2022-08-03_14-32-28_0000070_labelled_Tabor_pheeseq_0000040_labelled_mC2.wav,-2.711553774274641,0.43423511015598987,0.07415620221765319,-0.15433013385172323,-0.7045513193690156
1299,after_phees_2022-08-03_14-32-28_0000070_labelled_Tabor_pheeseq_0000040_labelled_mC3.wav,-3.5431141398517645,0.004825848818270565,-0.5744175601117945,0.31468295959074905,0.17968664842575202
1300,after_phees_2022-08-03_14-32-28_0000070_labelled_Tabor_pheeseq_0000041_labelled_mC1.wav,-3.08214549534393,0.4243132635431844,0.4766364802309475,-0.331848267422081,0.6034657031871588
1301,after_phees_2022-08-03_14-32-28_0000070_labelled_Tabor_pheeseq_0000041_labelled_mC2.wav,-2.1148665144051484,0.24089015415042822,0.5058045676621318,-0.3043910835333569,0.1348325001717206
1302,after_phees_2022-08-03_14-32-28_0000070_labelled_Tabor_pheeseq_0000041_labelled_mC3.wav,-2.8262089753251756,0.04693366099146023,-0.8138585580985348,0.7489456882776782,0.45187902905102323
1303,after_phees_2022-08-03_14-32-28_0000070_labelled_Tabor_pheeseq_0000042_labelled_mC1.wav,-3.5034806205125006,-0.05460592177514812,-0.5851073629659097,0.3492743485333661,0.19318817633141513
1304,after_phees_2022-08-03_14-32-28_0000070_labelled_Tabor_pheeseq_0000042_labelled_mC2.wav,-2.0568412288510918,-0.23593197046447437,0.11544939427118982,0.33592702690700477,-0.8310710989084139
1305,after_phees_2022-08-03_14-32-28_0000070_labelled_Tabor_pheeseq_0000042_labelled_mC3.wav,-2.908245076827991,-0.7589733249820114,-0.9520999460587165,-0.12343267034208169,0.8352359588602974
1306,after_phees_2022-08-03_14-32-28_0000070_labelled_Tabor_pheeseq_0000043_labelled_mD1.wav,-2.164302395666724,0.4488766034403377,-1.2474189592344214,0.3629645151400201,0.25925318940369096
1307,after_phees_2022-08-03_14-32-28_0000070_labelled_Tabor_pheeseq_0000043_labelled_mD2.wav,-1.1136029529655027,-0.7999709526018364,0.007669249144574952,-0.27490076885526277,-0.5578426290206481
1308,after_phees_2022-08-03_14-32-28_0000070_labelled_Tabor_pheeseq_0000043_labelled_mD3.wav,-2.7713074210731943,0.23692765045345515,-1.1263308435205688,-0.2957934541105896,-0.254594837714671
1309,after_phees_2022-08-03_14-32-28_0000070_labelled_Tabor_pheeseq_0000043_labelled_mD4.wav,-2.4560168049936886,-1.2733156785173803,-1.3782424095008035,-0.025048414745998872,0.6668589723564691
1310,after_phees_2022-08-03_14-32-28_0000070_labelled_Tabor_pheeseq_0000044_labelled_mB1.wav,-2.8843635841493187,0.24719949526405668,-1.582166553495283,-0.07817172728537583,0.08411304493118311
1311,after_phees_2022-08-03_14-32-28_0000070_labelled_Tabor_pheeseq_0000046_labelled_mC1.wav,-2.3727241928148572,1.075075632112554,-0.12069062458789181,0.18317632274000775,-0.08126251776520604
1312,after_phees_2022-08-03_14-32-28_0000070_labelled_Tabor_pheeseq_0000046_labelled_mC2.wav,-1.247300741772073,0.34423564233727466,0.04419480403925118,-0.4528187913437194,-0.0010644664439628472
1313,after_phees_2022-08-03_14-32-28_0000070_labelled_Tabor_pheeseq_0000046_labelled_mC3.wav,-2.539910960553489,0.36094971475520315,-0.32090946650991814,0.25546236334059985,-0.2526015367433093
1314,after_phees_2022-08-03_14-32-28_0000070_labelled_Tabor_pheeseq_0000047_labelled_mC1.wav,-1.3253054089347411,0.4049403447316458,-0.057104762242799915,-0.09177645488438098,0.32307264671639774
1315,after_phees_2022-08-03_14-32-28_0000070_labelled_Tabor_pheeseq_0000047_labelled_mC2.wav,-0.9243131291427462,0.18789782916085757,0.1970612035590257,-0.5228652700620801,-0.41544487974976413
1316,after_phees_2022-08-03_14-32-28_0000070_labelled_Tabor_pheeseq_0000047_labelled_mC3.wav,-2.6268593702590195,0.09190799819873144,-0.7655812289132559,0.8486577111704404,0.42069796295005235
1317,after_phees_2022-08-03_14-32-28_0000070_labelled_Tabor_pheeseq_0000048_labelled_mC1.wav,-1.586782932431736,0.8609771711005008,0.2379591051641957,-0.3616746949660175,0.18838334121690714
1318,after_phees_2022-08-03_14-32-28_0000070_labelled_Tabor_pheeseq_0000048_labelled_mC2.wav,-0.8120181641012404,-0.09186142203704238,-0.2335757312029071,-0.5567242100408553,-0.3707682914132228
1319,after_phees_2022-08-03_14-32-28_0000070_labelled_Tabor_pheeseq_0000048_labelled_mC3.wav,-2.827280842797794,0.4039726258118831,-0.7046610442720062,0.2775611822877215,0.15795469103316015
1320,after_phees_2022-08-03_14-32-28_0000070_labelled_Tabor_pheeseq_0000049_labelled_mC1.wav,-1.3733135446391507,0.35803798147369736,-0.512083222889071,-0.52980963980307,0.1364784540294594
1321,after_phees_2022-08-03_14-32-28_0000070_labelled_Tabor_pheeseq_0000049_labelled_mC2.wav,-1.2411187836537312,0.312741536908187,-0.057826970339419796,-0.5527797246477124,-0.0759759110812417
1322,after_phees_2022-08-03_14-32-28_0000070_labelled_Tabor_pheeseq_0000049_labelled_mC3.wav,-2.168971118899979,0.01797534238082799,-0.5564439205025686,-0.6942076561800101,0.18569149343834607
1323,after_phees_2022-08-03_14-32-28_0000070_labelled_Tabor_pheeseq_0000050_labelled_mC1.wav,-1.3232571530181056,0.2698793437260263,-0.5536289659976888,-0.35311999628539137,0.2438258942898953
1324,after_phees_2022-08-03_14-32-28_0000070_labelled_Tabor_pheeseq_0000050_labelled_mC2.wav,-0.6389484185137299,0.18287147553440697,0.7261726598516286,-0.47098497339936235,-0.7645947032642664
1325,after_phees_2022-08-03_14-32-28_0000070_labelled_Tabor_pheeseq_0000050_labelled_mC3.wav,-1.9796162592578102,-0.13126227098300325,-0.1974556271457119,-0.6838351898336206,-0.047610571387488636
1326,after_phees_2022-08-03_14-32-28_0000070_labelled_Tabor_pheeseq_0000051_labelled_mC1.wav,-1.3765711404706804,0.43227362031216127,-0.23640727827959324,-0.36832470006159734,0.2253006992486346
1327,after_phees_2022-08-03_14-32-28_0000070_labelled_Tabor_pheeseq_0000051_labelled_mC2.wav,-0.8701788825947743,-0.05486154535677507,-0.4031823525183883,-0.694683472278345,-0.4080547733799912
1328,after_phees_2022-08-03_14-32-28_0000070_labelled_Tabor_pheeseq_0000051_labelled_mC3.wav,-1.9017394514066626,0.42324784695559736,-1.0371276606545863,-0.35139553962461184,-0.6259082437262888
1329,after_phees_2022-08-03_14-57-10_0000071_labelled_Odin_pheeseq_0000003_labelled_mB1.wav,-0.020091020043774662,0.31756424968352076,1.0716260408165892,-0.0999082801210253,-0.7484730453560992
1330,after_phees_2022-08-03_14-57-10_0000071_labelled_Odin_pheeseq_0000003_labelled_mB2.wav,0.7952542835740125,-0.22856214330200672,0.5354808380668252,-0.4175804360375914,0.14543275903892525
1331,after_phees_2022-08-03_14-57-10_0000071_labelled_Odin_pheeseq_0000004_labelled_mD1.wav,-0.47763612696309216,-0.7567667131147652,0.09444381538207512,-0.1743320395464997,-0.6299438230096168
1332,after_phees_2022-08-03_14-57-10_0000071_labelled_Odin_pheeseq_0000004_labelled_mD2.wav,0.6508529756799639,-0.5506292804723117,-0.5129110950360777,0.08103321608490374,-0.4137053694775278
1333,after_phees_2022-08-03_14-57-10_0000071_labelled_Odin_pheeseq_0000004_labelled_mD3.wav,1.3609631781154299,-0.4445541705345056,-0.6809683539897516,0.07182149627133896,-0.6629084235588817
1334,after_phees_2022-08-03_14-57-10_0000071_labelled_Odin_pheeseq_0000004_labelled_mD4.wav,-4.494978190091605,-1.7503237386798904,-2.2959283256371,0.5779506240381683,0.8772188843110356
1335,after_phees_2022-08-03_14-57-10_0000071_labelled_Odin_pheeseq_0000005_labelled_mD1.wav,-0.5734554144342886,-1.3452198606541983,-1.4524719477213908,0.4504468552549352,0.4271179238675819
1336,after_phees_2022-08-03_14-57-10_0000071_labelled_Odin_pheeseq_0000005_labelled_mD2.wav,1.3995206392057098,-1.3595568669413494,-0.4263411156155955,0.13624544807979327,0.4577457435583943
1337,after_phees_2022-08-03_14-57-10_0000071_labelled_Odin_pheeseq_0000005_labelled_mD3.wav,2.9305030354314394,-1.7884885240008872,-0.15049826371052688,0.3850703372581259,-0.3948254817645956
1338,after_phees_2022-08-03_14-57-10_0000071_labelled_Odin_pheeseq_0000005_labelled_mD4.wav,2.1104195594609467,-2.7108830814933187,0.7524200312799981,-0.24521062410148933,-0.0020616551278230012
1339,after_phees_2022-08-03_14-57-10_0000071_labelled_Odin_pheeseq_0000007_labelled_mC1.wav,-0.11575633541794371,-0.25523698342409135,-0.464395247117146,0.3056391164024719,0.11776260126839096
1340,after_phees_2022-08-03_14-57-10_0000071_labelled_Odin_pheeseq_0000007_labelled_mC2.wav,1.0822641693327026,0.2919964241152218,-0.9853892475422726,0.6527758400497609,-0.9889999378579986
1341,after_phees_2022-08-03_14-57-10_0000071_labelled_Odin_pheeseq_0000007_labelled_mC3.wav,1.2579973383001248,0.09240176798115343,-0.3052757542827233,0.1217141607805909,-0.40739541186864736
1342,after_phees_2022-08-03_14-57-10_0000071_labelled_Odin_pheeseq_0000008_labelled_mD1.wav,-0.3000568375593944,-0.015144576732493134,-0.5698093516940236,-0.2635141125833913,-0.09764709702488047
1343,after_phees_2022-08-03_14-57-10_0000071_labelled_Odin_pheeseq_0000008_labelled_mD4.wav,2.8368857760608788,-1.0998047074881987,0.7426077956411072,-0.5443810629570037,0.2233798604570363
1344,after_phees_2022-08-03_14-57-10_0000071_labelled_Odin_pheeseq_0000008_labelled_mD5.wav,1.8365691871104228,-0.7530322308644224,-0.2518312986734386,0.4612199485441719,-0.8537324322807035
1345,after_phees_2022-08-03_14-57-10_0000071_labelled_Odin_pheeseq_0000008_labelled_mD6.wav,1.0003342708121794,-1.9503876150934187,-0.2951342899216527,0.013107918898707016,0.08113305682502757
1346,after_phees_2022-08-03_14-57-10_0000071_labelled_Odin_pheeseq_0000009_labelled_mD1.wav,0.21722116891358598,-3.0191642207102456,-0.07834153618853679,1.02839306461323,0.6207217873553252
1347,after_phees_2022-08-03_14-57-10_0000071_labelled_Odin_pheeseq_0000009_labelled_mD2.wav,2.012510430188127,-3.2128340724453754,0.1666967085705667,0.9282555402453304,-0.4847689283208113
1348,after_phees_2022-08-03_14-57-10_0000071_labelled_Odin_pheeseq_0000009_labelled_mD3.wav,2.8592706277747046,-1.8719321965375006,0.4756926510062161,-0.5209160529671727,0.019487878632945578
1349,after_phees_2022-08-03_14-57-10_0000071_labelled_Odin_pheeseq_0000009_labelled_mD4.wav,2.801912619360689,-1.581144950106767,-0.01341138528824668,0.46422582085663816,-0.251733973012988
1350,after_phees_2022-08-03_14-57-10_0000071_labelled_Odin_pheeseq_0000011_labelled_mE1.wav,0.8403812247192728,-1.0734169188620752,-0.46916035252462107,-1.042756569285768,-0.2686846394092362
1351,after_phees_2022-08-03_14-57-10_0000071_labelled_Odin_pheeseq_0000011_labelled_mE4.wav,2.5212827682689714,-1.6812077616812802,0.34774179877302425,-0.4822430004877267,0.35595515479228357
1352,after_phees_2022-08-03_14-57-10_0000071_labelled_Odin_pheeseq_0000011_labelled_mE5.wav,2.696366554417119,-1.4303833016756846,-0.09299265375048309,-0.11556695175027117,-0.6343054902581948
1353,after_phees_2022-08-03_14-57-10_0000071_labelled_Odin_pheeseq_0000011_labelled_mE6.wav,2.5420365382749788,-1.7615685528166494,-0.20302173225464779,-0.32192074109173563,-0.8472777439444774
1354,after_phees_2022-08-03_14-57-10_0000071_labelled_Odin_pheeseq_0000011_labelled_mE8.wav,-0.1719570366800837,-2.312928531488328,-0.6508816768227498,-0.26937033930147836,0.34749966255615167
1355,after_phees_2022-08-03_14-57-10_0000071_labelled_Odin_pheeseq_0000017_labelled_mC1.wav,2.165928828399224,0.6186628708321266,0.1420314419807568,-0.6524065928066636,0.08124306389250657
1356,after_phees_2022-08-03_14-57-10_0000071_labelled_Odin_pheeseq_0000017_labelled_mC2.wav,2.6487837704203954,0.6593354737960276,0.9187548166524022,-0.7653365157528549,-0.693242748700247
1357,after_phees_2022-08-03_14-57-10_0000071_labelled_Odin_pheeseq_0000017_labelled_mC3.wav,0.5743668835486385,-0.036762652745455655,-1.3660451084188239,-0.09883321509939044,0.10978037309402093
1358,after_phees_2022-08-03_14-57-10_0000071_labelled_Odin_pheeseq_0000021_labelled_mC1.wav,0.10100127792942863,-0.05799690818296341,0.33346373044330097,-0.24731354686717177,-0.7255317964097396
1359,after_phees_2022-08-03_14-57-10_0000071_labelled_Odin_pheeseq_0000021_labelled_mC2.wav,1.5762699472171506,-0.26089497931673244,0.19007128402946005,0.2865556884988837,-0.9464895560839359
1360,after_phees_2022-08-03_14-57-10_0000071_labelled_Odin_pheeseq_0000032_labelled_mB1.wav,0.02874970918840235,-0.06330508345452336,-0.02188357958118517,-0.2631563332363196,-0.6030923549376297
1361,after_phees_2022-08-03_14-57-10_0000071_labelled_Odin_pheeseq_0000032_labelled_mB2.wav,0.3264759432732433,0.2230599620276517,0.615903288891699,0.049495744338249444,-0.5349007602329461
1362,after_phees_2022-08-03_14-57-10_0000071_labelled_Odin_pheeseq_0000035_labelled_mC1.wav,-0.3359893549927023,0.18164338982738004,-1.0855203395830502,-0.4920308983610593,0.1475955644914964
1363,after_phees_2022-08-03_14-57-10_0000071_labelled_Odin_pheeseq_0000035_labelled_mC2.wav,0.05100675862590176,0.9364324226700063,-0.5288160497976759,0.35621627869457234,-0.7279731986876183
1364,after_phees_2022-08-03_14-57-10_0000071_labelled_Odin_pheeseq_0000035_labelled_mC3.wav,1.0058149050644833,-0.2405156073348062,-0.8515792170366983,0.02248807511330967,-0.3524201570019682
1365,after_phees_2022-08-03_14-57-10_0000071_labelled_Odin_pheeseq_0000036_labelled_mC1.wav,-1.0260341877733443,-0.2624569562562146,-0.9699338955397715,-0.32732120100314865,0.24768052594225573
1366,after_phees_2022-08-03_14-57-10_0000071_labelled_Odin_pheeseq_0000036_labelled_mC5.wav,2.588093448233916,-1.506068343086588,-0.014942054808128368,0.3017700277307123,-0.24246097882342973
1367,after_phees_2022-08-03_14-57-10_0000071_labelled_Odin_pheeseq_0000039_labelled_mC1.wav,-0.3082774924776344,0.14002176910098013,-0.07288237799163112,-0.11560717450917399,-0.16747879975226157
1368,after_phees_2022-08-03_14-57-10_0000071_labelled_Odin_pheeseq_0000039_labelled_mC2.wav,1.2308234087653118,0.0458901411072972,0.4067696443420167,-0.7767930837998703,-0.09714751834109348
1369,after_phees_2022-08-03_14-57-10_0000071_labelled_Odin_pheeseq_0000039_labelled_mC3.wav,0.9827445651591411,0.18784947652355813,-0.4014631109791465,0.4931830806925193,0.16997069845103116
1370,after_phees_2022-08-03_14-57-10_0000071_labelled_Odin_pheeseq_0000040_labelled_mD1.wav,-0.16543623754145112,-0.1251085839015342,-0.27431713762409066,0.013182664531132385,-0.04163817284973464
1371,after_phees_2022-08-03_14-57-10_0000071_labelled_Odin_pheeseq_0000040_labelled_mD3.wav,1.2922877078433703,-0.7860912974112673,-0.09062847185894446,-0.4258271704081718,0.08637531760399933
1372,after_phees_2022-08-03_14-57-10_0000071_labelled_Odin_pheeseq_0000040_labelled_mD4.wav,1.6175782545443194,-0.0821084208728073,0.037891873543951966,-0.5400888177560113,0.13745873115773513
1373,after_phees_2022-08-03_14-57-10_0000071_labelled_Odin_pheeseq_0000040_labelled_mD5.wav,2.6863849843116046,-2.111476866015493,0.6423145965960234,-0.36434330977618284,-0.010591630734303524
1374,after_phees_2022-08-03_14-57-10_0000071_labelled_Odin_pheeseq_0000041_labelled_mD1.wav,0.7789872178717465,-2.438468619574174,-0.6838994087969394,1.033184983853224,-0.5696176059067093
1375,after_phees_2022-08-03_14-57-10_0000071_labelled_Odin_pheeseq_0000041_labelled_mD3.wav,2.346376518822174,-2.7726366628864048,0.4223350430744915,0.9558618725937195,-0.4720721996486183
1376,after_phees_2022-08-03_14-57-10_0000071_labelled_Odin_pheeseq_0000041_labelled_mD4.wav,3.9320329459817147,-3.1176887856685047,1.5083979564914463,0.4448204052705683,-0.9131340225909504
1377,after_phees_2022-08-03_14-57-10_0000071_labelled_Odin_pheeseq_0000041_labelled_mD5.wav,2.7638250746282687,-1.2364987413851927,0.014448842590986702,0.5769940041224425,0.09118471558340793
1378,after_phees_2022-08-03_15-37-29_0000072_labelled_Nougatti_pheeseq_0000002_labelled_mB1.wav,-2.0195723448765355,2.1811009761103057,0.612553293214114,1.0617539787723327,0.5282531923460649
1379,after_phees_2022-08-03_15-37-29_0000072_labelled_Nougatti_pheeseq_0000002_labelled_mB2.wav,-1.8199775074395619,0.7342189881079393,-0.4721127682462006,0.5575046603621164,-0.040406348707841634
1380,after_phees_2022-08-03_15-37-29_0000072_labelled_Nougatti_pheeseq_0000003_labelled_mC1.wav,-2.1203190806611163,0.9978596340012346,-0.10943427516853271,0.9347923152241384,0.44137740871560704
1381,after_phees_2022-08-03_15-37-29_0000072_labelled_Nougatti_pheeseq_0000003_labelled_mC2.wav,-1.1966636855270982,0.25029279309080954,0.054399127343633384,0.1407220316257131,0.407127035323304
1382,after_phees_2022-08-03_15-37-29_0000072_labelled_Nougatti_pheeseq_0000003_labelled_mC3.wav,-1.6505745601118895,0.14767500660142274,-0.6453177717481196,0.7143760758569672,-0.09874126973359729
1383,after_phees_2022-08-03_15-37-29_0000072_labelled_Nougatti_pheeseq_0000004_labelled_mC2.wav,0.002127549311100238,0.2604142294018832,0.03223813266229542,0.09923732963978943,-0.0748106274251014
1384,after_phees_2022-08-03_15-37-29_0000072_labelled_Nougatti_pheeseq_0000004_labelled_mC3.wav,-0.6742541251736061,-0.38621250557201137,-0.5164499428108005,-0.07327700331146199,-0.007728710426560782
1385,after_phees_2022-08-03_15-37-29_0000072_labelled_Nougatti_pheeseq_0000006_labelled_mB1.wav,-0.10033234644619177,0.7853963734465977,-1.008382934976847,0.24832092736618433,-0.6480731580534252
1386,after_phees_2022-08-03_15-37-29_0000072_labelled_Nougatti_pheeseq_0000006_labelled_mB2.wav,1.583480756803014,-0.07982144571549234,-0.13565041529483804,0.34024885612332906,-0.5720545333754713
1387,after_phees_2022-08-03_15-37-29_0000072_labelled_Nougatti_pheeseq_0000007_labelled_mC1.wav,1.0591279397383362,-0.9112440734664624,0.3541455235636846,-0.7432283949942968,-0.49237585417408325
1388,after_phees_2022-08-03_15-37-29_0000072_labelled_Nougatti_pheeseq_0000007_labelled_mC2.wav,1.51663590580797,-1.3892587663342861,0.050898701655936955,-0.7796230156367453,-0.8072179992746144
1389,after_phees_2022-08-03_15-37-29_0000072_labelled_Nougatti_pheeseq_0000007_labelled_mC3.wav,-0.6504511307699765,-2.7133370562786365,-0.33916012372767174,-0.9670178879967177,-0.48199563783945204
1390,after_phees_2022-08-03_15-37-29_0000072_labelled_Nougatti_pheeseq_0000010_labelled_mC1.wav,0.9878994616206953,0.7186262336208351,0.5994453058541962,-0.6175348350310907,0.32124355446568986
1391,after_phees_2022-08-03_15-37-29_0000072_labelled_Nougatti_pheeseq_0000010_labelled_mC2.wav,1.1172256043611037,0.3207263258882373,-0.25413318870103635,-0.3032161700093946,-0.6728244627345862
1392,after_phees_2022-08-03_15-37-29_0000072_labelled_Nougatti_pheeseq_0000010_labelled_mC3.wav,0.6330283056960777,-1.976377656152447,-0.4458409109285716,-0.8149874817508632,-0.4368430974718852
1393,after_phees_2022-08-03_15-37-29_0000072_labelled_Nougatti_pheeseq_0000015_labelled_mB1.wav,1.579842556877615,1.0852472056608247,-0.3324825240324396,-0.377360418700228,-0.6310639975032983
1394,after_phees_2022-08-03_15-37-29_0000072_labelled_Nougatti_pheeseq_0000015_labelled_mB2.wav,2.6568113427422153,-2.1081857924194414,0.518184040221208,-0.38582875886392515,0.03940304185897952
1395,after_phees_2022-08-03_15-37-29_0000072_labelled_Nougatti_pheeseq_0000016_labelled_mB1.wav,-0.027380725262105648,1.5100713038366398,0.1632114650802744,0.1602797531307091,0.48438007161806357
1396,after_phees_2022-08-03_15-37-29_0000072_labelled_Nougatti_pheeseq_0000016_labelled_mB2.wav,1.2113386699672681,0.3365150593972414,0.39620749379997927,0.6844576174143172,-0.15836704072604527
1397,after_phees_2022-08-03_15-37-29_0000072_labelled_Nougatti_pheeseq_0000018_labelled_mC1.wav,0.46059113136120144,1.0621079379682572,0.08458113251060936,0.04599900258127771,0.015406256446422559
1398,after_phees_2022-08-03_15-37-29_0000072_labelled_Nougatti_pheeseq_0000018_labelled_mC2.wav,1.7739770265768628,-0.008163316612676934,0.14790298510159655,-0.9433338810509986,-0.42143567523123027
1399,after_phees_2022-08-03_15-37-29_0000072_labelled_Nougatti_pheeseq_0000018_labelled_mC3.wav,0.8769149531671128,-2.08440508610243,-0.6959183010310389,-0.7499632521239052,-0.37155813296523355
1400,after_phees_2022-08-03_15-37-29_0000072_labelled_Nougatti_pheeseq_0000019_labelled_mC1.wav,2.034170193113525,-0.7737905774613385,0.5261692500068499,-0.6213360060903295,-0.7690410501709949
1401,after_phees_2022-08-03_15-37-29_0000072_labelled_Nougatti_pheeseq_0000019_labelled_mC2.wav,2.5638939146942126,-2.0013853983092944,1.3304113282738792,-0.9885617763637764,-0.845700891435446
1402,after_phees_2022-08-03_15-37-29_0000072_labelled_Nougatti_pheeseq_0000019_labelled_mC3.wav,0.40068844980622587,-2.422724846431698,-0.025383352445269996,-1.6178142366333281,0.003149830764760847
1403,after_phees_2022-08-03_15-37-29_0000072_labelled_Nougatti_pheeseq_0000020_labelled_mD1.wav,2.8658075412189064,-1.1064954327045473,0.8009198345028395,-0.7923337718244794,-0.03437971561416008
1404,after_phees_2022-08-03_15-37-29_0000072_labelled_Nougatti_pheeseq_0000020_labelled_mD2.wav,3.6961674644902485,-1.0293600367175963,1.3133907423800475,-0.9483783445096421,-0.7940843541394145
1405,after_phees_2022-08-03_15-37-29_0000072_labelled_Nougatti_pheeseq_0000020_labelled_mD3.wav,1.1753314202534977,-2.6031620630654095,0.17105914671614636,-0.47052329547506516,-1.0494018215073868
1406,after_phees_2022-08-03_15-37-29_0000072_labelled_Nougatti_pheeseq_0000020_labelled_mD4.wav,-3.6180145811566766,-2.2971127124867334,-2.0436806858032233,-0.16398696967906062,-0.5294271074766221
1407,after_phees_2022-08-03_15-37-29_0000072_labelled_Nougatti_pheeseq_0000027_labelled_mB1.wav,-1.712720616982642,1.9615811229911024,0.28435397648533567,1.132324148639676,0.6101803972416229
1408,after_phees_2022-08-03_15-37-29_0000072_labelled_Nougatti_pheeseq_0000028_labelled_mB1.wav,-1.4635759312771879,0.8071949862558946,-1.5174143254991699,0.8025009594766245,0.6121249736397194
1409,after_phees_2022-08-03_15-37-29_0000072_labelled_Nougatti_pheeseq_0000028_labelled_mB2.wav,-0.49790238701057776,0.6807648531956597,-0.050234168993649804,0.10596609485108206,0.3828436255060141
1410,after_phees_2022-08-03_15-37-29_0000072_labelled_Nougatti_pheeseq_0000029_labelled_mB1.wav,-2.205073133710001,0.9118969085473795,-0.893455275414479,0.23305752797321935,0.21957572207644566
1411,after_phees_2022-08-03_15-37-29_0000072_labelled_Nougatti_pheeseq_0000029_labelled_mB2.wav,-0.07257566574372623,0.30761335506586884,-0.16577122017339743,-0.035860399758768854,-0.05092080962258911
1412,after_phees_2022-08-03_15-37-29_0000072_labelled_Nougatti_pheeseq_0000030_labelled_mB1.wav,-0.6476368273878866,0.47943987606964783,-0.47664772832189245,1.002559024432111,1.4087948545604791
1413,after_phees_2022-08-03_15-37-29_0000072_labelled_Nougatti_pheeseq_0000030_labelled_mB2.wav,0.6919575295508775,-0.059365254252740224,0.6452980327573653,-0.3933942680136438,0.22172841955561345
1414,after_phees_2022-08-03_15-37-29_0000072_labelled_Nougatti_pheeseq_0000031_labelled_mC3.wav,0.3492808578300453,0.6885665882379705,0.0948105745105222,0.12469289648899888,0.02000411888592773
1415,after_phees_2022-08-03_15-37-29_0000072_labelled_Nougatti_pheeseq_0000031_labelled_mC4.wav,0.4661745742205202,-0.2617803501445595,-0.3987417432161532,-0.02482902667183657,-0.40430504522409577
1416,after_phees_2022-08-03_15-37-29_0000072_labelled_Nougatti_pheeseq_0000038_labelled_mB1.wav,-0.5944966858563543,0.8286025489567349,0.0677698214675216,0.42528435617941174,0.6797009204856254
1417,after_phees_2022-08-03_15-37-29_0000072_labelled_Nougatti_pheeseq_0000038_labelled_mB2.wav,0.8962240405961667,0.6307704076903533,0.8015633282444772,-0.09160202022022083,-0.8984015326594418
1418,after_phees_2022-08-03_15-37-29_0000072_labelled_Nougatti_pheeseq_0000039_labelled_mB1.wav,-0.35988614979199907,1.5194115414413083,-0.6618890122222312,-0.54336665688073,0.49489903895401477
1419,after_phees_2022-08-03_15-37-29_0000072_labelled_Nougatti_pheeseq_0000039_labelled_mB3.wav,1.5130287945039071,0.6694661817725015,1.0753288844990156,-0.5402951422739751,-0.025400823070000675
1420,after_phees_2022-08-03_15-37-29_0000072_labelled_Nougatti_pheeseq_0000040_labelled_mB1.wav,-0.6283904491593405,0.94154257221353,-1.070239139339065,0.45319716747842653,-0.14022438121803982
1421,after_phees_2022-08-03_15-37-29_0000072_labelled_Nougatti_pheeseq_0000040_labelled_mB3.wav,1.7085107105115116,0.3593375587682043,1.1888964956450774,-0.3741641986681819,-0.2272499384562781
1422,after_phees_2022-08-03_15-37-29_0000072_labelled_Nougatti_pheeseq_0000041_labelled_mB1.wav,-0.9949918592899988,0.5556621620811985,-1.179908294595887,1.1337915937212726,0.5674971866310469
1423,after_phees_2022-08-03_15-37-29_0000072_labelled_Nougatti_pheeseq_0000041_labelled_mB2.wav,0.9822457944107762,0.535454937474741,0.8829295247000271,-0.03370373223240055,-0.9326683322439642
1424,after_phees_2022-08-03_15-37-29_0000072_labelled_Nougatti_pheeseq_0000042_labelled_mB1.wav,-0.058872497953969434,1.506339528006525,-0.05002819143432714,-0.18914588052988776,0.3039541233517202
1425,after_phees_2022-08-03_15-37-29_0000072_labelled_Nougatti_pheeseq_0000042_labelled_mB2.wav,1.827579972196743,-0.07424520657171359,1.218934847981769,-0.5308975489996404,-0.6885486950583599
1426,after_phees_2022-08-03_15-37-29_0000072_labelled_Nougatti_pheeseq_0000043_labelled_mB1.wav,0.7585239078299325,1.9058438362494596,0.2802064820687575,-0.21082724022850718,0.07085663842267481
1427,after_phees_2022-08-03_15-37-29_0000072_labelled_Nougatti_pheeseq_0000043_labelled_mB2.wav,2.1477075710875417,0.7754543206792082,0.6604648383705392,0.7682867216143202,-0.39898897373324027
1428,after_phees_2022-08-03_15-37-29_0000072_labelled_Nougatti_pheeseq_0000044_labelled_mB1.wav,-0.5242144900543262,0.7103374139508141,-0.11129783525556637,-0.16347195521309224,0.2253784025108311
1429,after_phees_2022-08-03_15-37-29_0000072_labelled_Nougatti_pheeseq_0000044_labelled_mB2.wav,1.8368529585944788,0.06372847433115912,1.8093885442762145,-0.10912207824254029,-0.5027181330879364
1430,after_phees_2022-08-03_15-37-29_0000072_labelled_Nougatti_pheeseq_0000045_labelled_mB1.wav,0.009861112161112481,1.3836156971517544,-0.13922605127504178,-0.17573159760541693,0.32330775021935465
1431,after_phees_2022-08-03_15-37-29_0000072_labelled_Nougatti_pheeseq_0000045_labelled_mB3.wav,1.7262622333066788,0.3504709825222241,1.27659963165566,-0.16633654144726623,-0.09902370402402039
1432,after_phees_2022-08-03_15-37-29_0000072_labelled_Nougatti_pheeseq_0000048_labelled_mB1.wav,0.653778627009941,1.9432096832303363,-0.02657903347916531,0.034382646919592606,0.4311881649372091
1433,after_phees_2022-08-03_15-37-29_0000072_labelled_Nougatti_pheeseq_0000048_labelled_mB2.wav,0.05610467378796662,1.0070776490014113,-0.24970396395605382,0.5291468732221891,-0.7166873399959303
1434,after_phees_2022-08-03_15-37-29_0000072_labelled_Nougatti_pheeseq_0000050_labelled_mB1.wav,-0.510878722429395,1.029096959249376,-1.2797970720033616,0.2540107150965996,-0.19994625629900656
1435,after_phees_2022-08-03_15-37-29_0000072_labelled_Nougatti_pheeseq_0000050_labelled_mB3.wav,1.820290206401791,0.17586319349577828,1.1043635325172774,-0.2520178922411734,-0.17083026128932116
1436,after_phees_2022-08-03_15-37-29_0000072_labelled_Nougatti_pheeseq_0000053_labelled_mC1.wav,0.952063025618007,0.709169300867723,0.46749388585335266,-0.32485727636992134,0.6552505941298885
1437,after_phees_2022-08-03_15-37-29_0000072_labelled_Nougatti_pheeseq_0000053_labelled_mC2.wav,2.1504249233849415,0.3252693959628378,1.2886732034940966,-0.5229111475771134,-0.613706906255298
1438,after_phees_2022-08-03_15-37-29_0000072_labelled_Nougatti_pheeseq_0000053_labelled_mC3.wav,1.5407271450302005,-1.4781921945875462,-0.10929880203915457,-0.7074242424673074,-0.6634706087330877
1439,after_phees_2022-08-03_15-37-29_0000072_labelled_Wuschel_pheeseq_0000005_labelled_mB1.wav,-3.5337957033451617,0.509135781441783,3.7452735430828583,0.24502222047959205,-0.3475975095246668
1440,after_phees_2022-08-03_15-37-29_0000072_labelled_Wuschel_pheeseq_0000005_labelled_mB2.wav,-2.678525042056758,-1.7545578390816972,-0.1019409697833568,-0.23173437310146583,-0.2784267279241398
1441,after_phees_2022-08-03_15-37-29_0000072_labelled_Wuschel_pheeseq_0000012_labelled_mB1.wav,-4.694770871858793,0.2910467520650161,0.8472908417154407,0.11209284182177809,-0.17563478033407712
1442,after_phees_2022-08-03_15-37-29_0000072_labelled_Wuschel_pheeseq_0000012_labelled_mB2.wav,-1.897949859343479,-0.682016070757331,2.7126691158849403,0.7535547880377859,-0.7239352687455504
1443,after_phees_2022-08-03_15-37-29_0000072_labelled_Wuschel_pheeseq_0000013_labelled_mB1.wav,-4.333341639391201,-0.371707853677045,2.556088037585586,-0.037448049659406,-0.16490131847837547
1444,after_phees_2022-08-03_15-37-29_0000072_labelled_Wuschel_pheeseq_0000013_labelled_mB2.wav,-2.9615322993694853,-0.9221084558797734,1.4788902534351867,0.11023596802508608,-0.2633695819742185
1445,after_phees_2022-08-03_15-37-29_0000072_labelled_Wuschel_pheeseq_0000014_labelled_mC1.wav,-4.919302702282897,-0.26683859577893854,1.9487088311909762,0.46683881044065184,-0.6413625731246981
1446,after_phees_2022-08-03_15-37-29_0000072_labelled_Wuschel_pheeseq_0000014_labelled_mC2.wav,-3.9580687647232637,-0.6575126714434745,0.1892284082679641,-0.04154638205535316,-0.7349169649536595
1447,after_phees_2022-08-03_15-37-29_0000072_labelled_Wuschel_pheeseq_0000014_labelled_mC3.wav,-3.602301318496165,-1.769064347849119,0.30111484303669156,-0.8015367081011565,-0.5793050323775946
1448,after_phees_2022-08-04_09-19-19_0000073_labelled_Nougatti_pheeseq_0000023_labelled_mB1.wav,-1.9930126710015978,2.397454017261841,0.3402686364801061,0.29602226791397923,0.15357785386207873
1449,after_phees_2022-08-04_09-19-19_0000073_labelled_Nougatti_pheeseq_0000023_labelled_mB3.wav,-0.6872971199026803,1.160665639897055,0.7749969681391174,0.49265407392730554,0.5857432219144335
1450,after_phees_2022-08-04_09-19-19_0000073_labelled_Nougatti_pheeseq_0000024_labelled_mB1.wav,-1.3246587469371747,1.6582103643083417,0.23173923728673074,-0.11036111881918668,0.8249830511487403
1451,after_phees_2022-08-04_09-19-19_0000073_labelled_Nougatti_pheeseq_0000024_labelled_mB3.wav,0.05574040345511396,1.4486098864902985,0.3383518349616167,0.1819253120239347,0.3933658812226651
1452,after_phees_2022-08-04_09-19-19_0000073_labelled_Nougatti_pheeseq_0000025_labelled_mB1.wav,-0.9360631419472358,1.6285937636747583,-1.1294093592773193,0.5115423653623521,0.356641100722735
1453,after_phees_2022-08-04_09-19-19_0000073_labelled_Nougatti_pheeseq_0000025_labelled_mB3.wav,0.2441166263963352,1.1357715521614982,0.1524581511104714,0.26576484356047153,0.3724096477462239
1454,after_phees_2022-08-04_09-19-19_0000073_labelled_Tabor_pheeseq_0000003_labelled_mB1.wav,-0.6497010357834937,-0.38786331623940545,-0.3828304142862607,0.05089217366963702,0.053213120918011336
1455,after_phees_2022-08-04_09-19-19_0000073_labelled_Tabor_pheeseq_0000003_labelled_mB2.wav,-1.0457888760071727,-1.4784710199023934,-1.1155654393117125,0.10785626950418474,0.1507632729218845
1456,after_phees_2022-08-04_09-19-19_0000073_labelled_Tabor_pheeseq_0000005_labelled_mD1.wav,-0.2429307270452326,-0.25118250389212804,1.0854004934180215,-1.180817063161395,-0.3797051031360015
1457,after_phees_2022-08-04_09-19-19_0000073_labelled_Tabor_pheeseq_0000005_labelled_mD5.wav,0.00866591439158419,-0.6315509755012386,0.07057930685287606,-0.6051852689420854,0.4398906318411348
1458,after_phees_2022-08-04_09-19-19_0000073_labelled_Tabor_pheeseq_0000005_labelled_mD6.wav,-1.551676182668789,-1.271574259550945,-1.1116987572164028,-0.6813455981132985,-0.3067054020372778
1459,after_phees_2022-08-04_09-19-19_0000073_labelled_Tabor_pheeseq_0000005_labelled_mD7.wav,-4.020024028375848,-1.531760961412476,-2.3098000839608477,-0.4369518535458068,-0.11569901866567031
1460,after_phees_2022-08-04_09-19-19_0000073_labelled_Tabor_pheeseq_0000006_labelled_mC1.wav,0.48530730718287163,0.06762499357471889,0.8041222795590276,-0.7936851734049899,-0.06509955918872311
1461,after_phees_2022-08-04_09-19-19_0000073_labelled_Tabor_pheeseq_0000006_labelled_mC3.wav,0.10208758334117138,-0.9109640496476199,0.7189913704589385,-0.9637923471828264,-0.4748115120306274
1462,after_phees_2022-08-04_09-19-19_0000073_labelled_Tabor_pheeseq_0000006_labelled_mC4.wav,-2.4223751559276807,-0.5093510089631408,-2.0526051916682224,-0.3468196327983169,-0.2333098788375015
1463,after_phees_2022-08-04_09-19-19_0000073_labelled_Tabor_pheeseq_0000007_labelled_mC1.wav,-0.4983074026878211,1.0527670548135026,-2.152254473549647,0.18887140482547918,0.1720311837945909
1464,after_phees_2022-08-04_09-19-19_0000073_labelled_Tabor_pheeseq_0000007_labelled_mC2.wav,0.7937848119347765,-0.426757735747013,0.7911788175336643,-0.761598172814882,-0.4024306076074087
1465,after_phees_2022-08-04_09-19-19_0000073_labelled_Tabor_pheeseq_0000007_labelled_mC3.wav,-1.2708489542888097,0.11889225901968366,-2.1657063224138744,-0.2941807671954204,-0.41618316330733585
1466,after_phees_2022-08-04_09-19-19_0000073_labelled_Tabor_pheeseq_0000008_labelled_mC1.wav,0.9421691749430635,0.0731013873715413,-0.04968356653709295,0.16705759176111323,-0.39838848739655014
1467,after_phees_2022-08-04_09-19-19_0000073_labelled_Tabor_pheeseq_0000008_labelled_mC2.wav,0.942257727244646,0.03139496768267624,1.2906578273187213,-0.7015875702805439,-0.37055491863028234
1468,after_phees_2022-08-04_09-19-19_0000073_labelled_Tabor_pheeseq_0000008_labelled_mC3.wav,-1.1548549200341254,-0.6909774077187647,-2.219732185760374,-0.2791907177347021,0.8132446533757982
1469,after_phees_2022-08-04_09-19-19_0000073_labelled_Tabor_pheeseq_0000009_labelled_mD1.wav,2.3833033336471394,1.6457727240638995,-1.7150895742602157,-0.5192141788411179,0.027172393189415448
1470,after_phees_2022-08-04_09-19-19_0000073_labelled_Tabor_pheeseq_0000009_labelled_mD2.wav,0.6214811782626172,0.010846876002614336,0.4685975091137031,-0.9984236120311102,-0.11421884130355098
1471,after_phees_2022-08-04_09-19-19_0000073_labelled_Tabor_pheeseq_0000009_labelled_mD3.wav,-0.6673743269646688,-0.5246952726990524,-0.038951652238814645,-0.5321058608559511,-0.7087584532954248
1472,after_phees_2022-08-04_09-19-19_0000073_labelled_Tabor_pheeseq_0000009_labelled_mD4.wav,-2.210361111715685,-1.6273179076574376,-1.5793205351531665,-0.8365910062955032,-0.03561927457906113
1473,after_phees_2022-08-04_09-19-19_0000073_labelled_Tabor_pheeseq_0000010_labelled_mC1.wav,2.073926787874129,0.561457521802925,-2.0675726441854763,-0.5228419022731922,-0.1761821212832603
1474,after_phees_2022-08-04_09-19-19_0000073_labelled_Tabor_pheeseq_0000010_labelled_mC3.wav,1.225738881324759,0.7082769854198799,-0.6630822761155504,-0.23805900470320718,-0.2618472427707011
1475,after_phees_2022-08-04_09-19-19_0000073_labelled_Tabor_pheeseq_0000010_labelled_mC4.wav,-0.05463271053910185,-0.5393435035030469,-1.2615603541588807,-0.5050292175777737,-0.25555803123609366
1476,after_phees_2022-08-04_09-19-19_0000073_labelled_Tabor_pheeseq_0000011_labelled_mC1.wav,1.368594036932137,-0.1345005713338012,-1.9059235491906386,-0.5001220091651579,-0.3968138855673428
1477,after_phees_2022-08-04_09-19-19_0000073_labelled_Tabor_pheeseq_0000011_labelled_mC4.wav,2.4373026838418057,-0.556082474831066,-0.8441903607284371,-0.46962225619483383,-0.024436225394814354
1478,after_phees_2022-08-04_09-19-19_0000073_labelled_Tabor_pheeseq_0000011_labelled_mC5.wav,-1.0046488186484823,-0.5098192543680816,-2.005092040721752,0.17678650349728847,-0.49124181657402566
1479,after_phees_2022-08-04_09-19-19_0000073_labelled_Tabor_pheeseq_0000012_labelled_mD1.wav,-0.12173853297100694,0.02297138391074057,-2.940201109371828,-0.018713070086923463,-0.17561433162984544
1480,after_phees_2022-08-04_09-19-19_0000073_labelled_Tabor_pheeseq_0000012_labelled_mD4.wav,2.2722014305531384,-1.356935528581002,-0.28333469464588945,-0.2508630313071873,-0.37770928645081475
1481,after_phees_2022-08-04_09-19-19_0000073_labelled_Tabor_pheeseq_0000012_labelled_mD5.wav,0.14913655830936418,-1.1446391021073596,-1.3920777393342387,-0.4702776670870068,-0.5792824810841085
1482,after_phees_2022-08-04_09-19-19_0000073_labelled_Tabor_pheeseq_0000026_labelled_mC1.wav,-2.211052272307391,1.1170146436374746,-0.216153660129227,0.45069035301439503,0.11682371291431784
1483,after_phees_2022-08-04_09-19-19_0000073_labelled_Tabor_pheeseq_0000026_labelled_mC2.wav,-2.1934553491495916,0.10902758488491728,-0.35194620349697453,-0.6702891804001099,0.17757561242249134
1484,after_phees_2022-08-04_09-19-19_0000073_labelled_Tabor_pheeseq_0000026_labelled_mC3.wav,-3.0150954028360157,-1.182844359741738,-2.2099143023219465,0.14055610870417726,0.13791366446805317
1485,after_phees_2022-08-04_10-08-00_0000075_labelled_Lola_pheeseq_0000002_labelled_mB1.wav,-1.1866960588228903,4.325863547738875,4.520121359196519,0.9191662587031628,0.645769534776655
1486,after_phees_2022-08-04_10-08-00_0000075_labelled_Lola_pheeseq_0000002_labelled_mB2.wav,-0.32761179843271154,1.8962752839562436,0.021890079849032643,-0.28982308791533923,0.3838560330167235
1487,after_phees_2022-08-04_10-08-00_0000075_labelled_Lola_pheeseq_0000044_labelled_mB1.wav,-1.0776081316850994,3.9703818099293255,3.752796559700104,0.7093484211152984,0.5341239001328149
1488,after_phees_2022-08-04_10-08-00_0000075_labelled_Lola_pheeseq_0000044_labelled_mB2.wav,-0.3831182020815746,2.17348143639251,-0.24791714464480846,-0.23124501067780218,0.8429774247058586
1489,after_phees_2022-08-04_10-08-00_0000075_labelled_Lola_pheeseq_0000052_labelled_mB1.wav,-0.9011355783527291,3.5522485498199363,0.7557399546277307,0.44562399651919815,0.13200764776635227
1490,after_phees_2022-08-04_10-08-00_0000075_labelled_Lola_pheeseq_0000052_labelled_mB2.wav,-0.49990401384885763,2.788730749318811,0.04629812487256388,0.6341740333420157,0.22723086246178587
1491,after_phees_2022-08-04_10-08-00_0000075_labelled_Lola_pheeseq_0000053_labelled_mC1.wav,-0.9871002955247158,2.079666794448358,-0.8715653282157896,0.4214456430395485,0.33134918861974366
1492,after_phees_2022-08-04_10-08-00_0000075_labelled_Lola_pheeseq_0000053_labelled_mC2.wav,-0.7455505889448911,3.195085695797533,0.251637355755598,0.2754216240894128,0.10655547169572364
1493,after_phees_2022-08-04_10-08-00_0000075_labelled_Lola_pheeseq_0000053_labelled_mC3.wav,-0.06579160631842947,2.3838218269907387,-0.1474704054092473,0.31020141495572534,-0.26672176262697683
1494,after_phees_2022-08-04_10-08-00_0000075_labelled_Lola_pheeseq_0000054_labelled_mC1.wav,-0.39190760666440644,2.3818476962940025,-0.8147145944396917,0.7178660948869865,0.4845896234792662
1495,after_phees_2022-08-04_10-08-00_0000075_labelled_Lola_pheeseq_0000054_labelled_mC2.wav,0.03192623095947261,2.287674826486575,-1.06035484219678,0.4290944709312785,-0.016722878423389882
1496,after_phees_2022-08-04_10-08-00_0000075_labelled_Lola_pheeseq_0000054_labelled_mC3.wav,0.48342581391029854,2.334067026739098,0.579509799482835,0.2518216022424168,0.628826122853099
1497,after_phees_2022-08-04_10-08-00_0000075_labelled_Lola_pheeseq_0000055_labelled_mC1.wav,-0.47519516616986884,2.5782485311363326,-0.5593727257511018,0.5071623641766945,0.3307836967623456
1498,after_phees_2022-08-04_10-08-00_0000075_labelled_Lola_pheeseq_0000055_labelled_mC2.wav,0.39012983432987786,2.466761824421854,0.5666489271622426,0.15251202074178408,0.559423127132374
1499,after_phees_2022-08-04_10-08-00_0000075_labelled_Lola_pheeseq_0000055_labelled_mC3.wav,0.07666417406271127,2.282967980685657,-0.8299593411199631,0.5496692713604762,0.050675882804653266
1500,after_phees_2022-08-04_10-08-00_0000075_labelled_Lola_pheeseq_0000056_labelled_mB1.wav,-0.31427175997754897,2.2973051372277364,-0.7831100680226804,0.4997237447434606,0.253110204944973
1501,after_phees_2022-08-04_10-08-00_0000075_labelled_Lola_pheeseq_0000056_labelled_mB2.wav,1.5312293209246444,2.6283530914230337,0.7940365873834071,0.03170998129333928,0.03190986548514458
1502,after_phees_2022-08-04_10-08-00_0000075_labelled_Odin_pheeseq_0000042_labelled_mB1.wav,0.18061488363929545,-0.2495340932121915,4.876611377457921,-1.636519239055769,-0.13011615715866984
1503,after_phees_2022-08-04_10-08-00_0000075_labelled_Odin_pheeseq_0000042_labelled_mB2.wav,-1.8764439933288515,-0.20875877946730648,-0.14507079333145598,0.7317929178797985,-0.49325257182761467
1504,after_phees_2022-08-04_10-08-00_0000075_labelled_Odin_pheeseq_0000043_labelled_mC2.wav,0.1909709406229415,-0.4795968383122991,-0.7052075923434302,-0.34294949286353593,-0.5935595141565572
1505,after_phees_2022-08-04_10-08-00_0000075_labelled_Odin_pheeseq_0000043_labelled_mC3.wav,-1.2060942647353647,0.7558921407332561,-0.6152228764302977,0.4561066902156164,-0.26001747781165535
1506,after_phees_2022-08-04_10-08-00_0000075_labelled_Odin_pheeseq_0000045_labelled_mB1.wav,1.1796648469831112,0.6459576892127024,-0.9875913157436058,0.23369605545775712,0.2804586178608306
1507,after_phees_2022-08-04_10-08-00_0000075_labelled_Odin_pheeseq_0000045_labelled_mB2.wav,-0.6458896226583095,-1.352810149074149,1.4145826135573383,-0.18563112478990715,-0.12522852235253326
1508,after_phees_2022-08-04_10-08-00_0000075_labelled_Odin_pheeseq_0000046_labelled_mC2.wav,2.2010156869949977,-0.2947526813445465,-0.08079705088241829,-0.6293518542292287,-0.3900958545247336
1509,after_phees_2022-08-04_10-08-00_0000075_labelled_Odin_pheeseq_0000046_labelled_mC3.wav,-2.5518411773372907,-0.19581826398271335,-1.4459346969516857,0.4920980905546116,0.3190335850067948
1510,after_phees_2022-08-04_10-08-00_0000075_labelled_Odin_pheeseq_0000047_labelled_mB1.wav,3.103915955423945,1.459027115313953,-1.9710753015456235,0.15833290009407555,0.27856367345215083
1511,after_phees_2022-08-04_10-08-00_0000075_labelled_Odin_pheeseq_0000047_labelled_mB2.wav,1.7692651563567385,0.08125635118982363,1.2943019873308954,-0.09933163606651293,-0.22422611559977723
1512,after_phees_2022-08-04_10-08-00_0000075_labelled_Odin_pheeseq_0000048_labelled_mC1.wav,-0.5924994656917971,-0.8753783571499005,1.4993880880202477,-0.4426406636248215,-0.0923108678245044
1513,after_phees_2022-08-04_10-08-00_0000075_labelled_Odin_pheeseq_0000048_labelled_mC2.wav,1.5596548961489372,-0.2005254756002074,2.572188169828087,-1.171406922640416,-0.4087751804452098
1514,after_phees_2022-08-04_10-08-00_0000075_labelled_Odin_pheeseq_0000048_labelled_mC3.wav,-1.493348612472496,-1.8986741338481845,0.35931116875813185,-0.8783610895855151,-0.09019686387063797
1515,after_phees_2022-08-04_10-08-00_0000075_labelled_Odin_pheeseq_0000049_labelled_mB1.wav,-1.0910061446890609,1.2589548932831431,-0.12978954807189136,0.4974281554883301,-0.24898305994733141
1516,after_phees_2022-08-04_10-08-00_0000075_labelled_Odin_pheeseq_0000049_labelled_mB2.wav,-0.27064630053940764,0.21823403455827836,0.9339185713119681,0.4700397445635002,-0.170683059148347
1517,after_phees_2022-08-04_10-08-00_0000075_labelled_Odin_pheeseq_0000050_labelled_mB1.wav,1.9941473136429,0.9081276494948569,3.6079391198188224,-0.9349089534395623,-0.33660134825936316
1518,after_phees_2022-08-04_10-08-00_0000075_labelled_Odin_pheeseq_0000050_labelled_mB2.wav,0.3036794803172126,0.7741502551225092,0.162327840303283,0.15013306929377432,-0.006174363895746671
1519,after_phees_2022-08-04_10-49-31_0000076_labelled_Lola_pheeseq_0000045_labelled_mB1.wav,-0.980424055888711,4.160590534027297,1.5392483803167871,0.831853201062005,0.48311279382579014
1520,after_phees_2022-08-04_10-49-31_0000076_labelled_Lola_pheeseq_0000045_labelled_mB2.wav,-0.8124630328063899,3.538824541843237,1.1869339367491802,0.6687269623078227,0.23151873841886159
1521,after_phees_2022-08-04_10-49-31_0000076_labelled_Lola_pheeseq_0000046_labelled_mB1.wav,-0.779324955443908,3.1045613992589653,1.0937939283097875,-0.14010746143010908,0.7669265450813758
1522,after_phees_2022-08-04_10-49-31_0000076_labelled_Lola_pheeseq_0000046_labelled_mB2.wav,0.036616428389854815,2.69588357098638,0.4868904401485803,0.9878918103331411,0.1404821552343669
1523,after_phees_2022-08-08_10-34-29_0000077_labelled_Olympia_pheeseq_0000002_labelled_mB2.wav,-2.9894396890829005,0.12480231618187833,-1.412152249875862,0.0995081102367485,0.21140832415466523
1524,after_phees_2022-08-08_10-34-29_0000077_labelled_Olympia_pheeseq_0000009_labelled_mB2.wav,-2.468822767446743,-0.22506773870075977,-1.206039636079667,0.4342081233666243,0.05015974325885452
1525,after_phees_2022-08-08_10-34-29_0000077_labelled_Olympia_pheeseq_0000017_labelled_mB1.wav,-2.6929354395066865,0.13629751296307968,-0.9320655702184074,0.6921065389856723,0.4302460681204932
1526,after_phees_2022-08-08_10-34-29_0000077_labelled_Olympia_pheeseq_0000017_labelled_mB2.wav,-1.3446665061616427,-0.47582008847653834,0.9849298626177553,0.6536515531071095,0.12949419004018367
1527,after_phees_2022-08-08_11-01-43_0000078_labelled_Lola_pheeseq_0000002_labelled_mD1.wav,0.08497665881673115,3.234897557315106,-0.4987495349299698,0.6047355622486995,0.49333875833675583
1528,after_phees_2022-08-08_11-01-43_0000078_labelled_Lola_pheeseq_0000002_labelled_mD2.wav,0.8860490083145693,3.2240570937213993,0.607513606026324,-0.14301859399548075,0.46783947112048957
1529,after_phees_2022-08-08_11-01-43_0000078_labelled_Lola_pheeseq_0000003_labelled_mD2.wav,0.36214157981320677,3.023053224908012,-1.050677685712585,0.23531387383357974,0.19024283339315953
1530,after_phees_2022-08-08_11-01-43_0000078_labelled_Lola_pheeseq_0000003_labelled_mD3.wav,1.1457198070297505,1.9994756465942487,0.8670992902001268,0.007187910981737159,-0.28962823510641666
1531,after_phees_2022-08-08_11-01-43_0000078_labelled_Lola_pheeseq_0000004_labelled_mB1.wav,-0.11356129007720632,2.2746710715415754,0.011330649319175943,0.4924971375442999,-0.296673105457967
1532,after_phees_2022-08-08_11-01-43_0000078_labelled_Lola_pheeseq_0000004_labelled_mB2.wav,2.473879087739482,2.092458248579468,1.832869520674298,-0.35353372685590734,0.0641781815999215
1533,after_phees_2022-08-08_11-01-43_0000078_labelled_Lola_pheeseq_0000005_labelled_mC1.wav,0.7149924378431909,1.7873800721269772,-0.21010775100445195,0.36973801100350434,0.7228101344137198
1534,after_phees_2022-08-08_11-01-43_0000078_labelled_Lola_pheeseq_0000005_labelled_mC2.wav,1.888213060562939,2.6366868930885907,1.7863064547987466,-0.24031445512725622,0.6208542522636009
1535,after_phees_2022-08-08_11-01-43_0000078_labelled_Lola_pheeseq_0000005_labelled_mC3.wav,0.08821398922251857,2.4539371372560073,-0.13274631805719944,0.8402120985821391,0.12617681192172994
1536,after_phees_2022-08-08_11-01-43_0000078_labelled_Lola_pheeseq_0000007_labelled_mB1.wav,0.25296899879302914,4.859846750692452,1.008181925943921,0.6247945621673218,0.38120103229261326
1537,after_phees_2022-08-08_11-01-43_0000078_labelled_Lola_pheeseq_0000007_labelled_mB2.wav,1.1396437915408513,3.597764700040498,1.2807502164322229,0.015558755312686015,0.33261796737440535
1538,after_phees_2022-08-08_11-01-43_0000078_labelled_Lola_pheeseq_0000012_labelled_mB1.wav,0.6321837738263428,4.457076497849163,0.35120632352677245,0.5393313989015945,0.3425903426764674
1539,after_phees_2022-08-08_11-01-43_0000078_labelled_Lola_pheeseq_0000012_labelled_mB2.wav,1.4811538275604683,4.200715754918995,1.8965172123864091,0.11162938123403167,0.2516317446136952
1540,after_phees_2022-08-08_11-01-43_0000078_labelled_Lola_pheeseq_0000013_labelled_mC1.wav,0.3550111718813357,2.526794644516055,0.5642865664426063,-0.054628224935951264,0.392090186134861
1541,after_phees_2022-08-08_11-01-43_0000078_labelled_Lola_pheeseq_0000013_labelled_mC2.wav,1.3595036034169599,2.9627058934789834,1.1120869164477856,-0.07971484046688392,-0.05608722663241366
1542,after_phees_2022-08-08_11-01-43_0000078_labelled_Lola_pheeseq_0000013_labelled_mC3.wav,0.5791113668068186,2.7887488141092054,-0.6520616038417565,-0.02042691293933185,-0.4265132682174782
1543,after_phees_2022-08-08_11-01-43_0000078_labelled_Lola_pheeseq_0000014_labelled_mC1.wav,0.5674943192524489,1.9988712859401114,-0.21797358406741896,0.08179262789998841,0.6021795985858606
1544,after_phees_2022-08-08_11-01-43_0000078_labelled_Lola_pheeseq_0000014_labelled_mC2.wav,2.2944348643342094,2.999290966764424,0.718192165208549,-0.2380784855890295,-0.3058763569500918
1545,after_phees_2022-08-08_11-01-43_0000078_labelled_Lola_pheeseq_0000014_labelled_mC3.wav,2.596234377269602,2.099764222594255,-0.9391380752490096,-0.3362770565682312,-0.048520657409316395
1546,after_phees_2022-08-08_11-01-43_0000078_labelled_Lola_pheeseq_0000015_labelled_mC1.wav,0.29387336653143864,2.956529982414086,-0.5309642439565828,0.37257769883404074,0.16065030444391826
1547,after_phees_2022-08-08_11-01-43_0000078_labelled_Lola_pheeseq_0000015_labelled_mC3.wav,0.5526260211250699,2.9659307234378676,-0.1271670000208804,0.15086608539466603,-0.3664507628111484
1548,after_phees_2022-08-08_11-01-43_0000078_labelled_Lola_pheeseq_0000016_labelled_mC1.wav,0.3117550701088128,3.298079814813989,-0.285699827120125,0.5167332576223781,0.28327871267419064
1549,after_phees_2022-08-08_11-01-43_0000078_labelled_Lola_pheeseq_0000016_labelled_mC2.wav,1.2550731976138687,3.512350256471318,0.22271601167714047,0.516925414185894,-0.28410798285832695
1550,after_phees_2022-08-08_11-01-43_0000078_labelled_Lola_pheeseq_0000021_labelled_mC1.wav,1.5084775299942148,4.333172319174759,-0.843566303468116,0.43685518045062277,0.40288715353706683
1551,after_phees_2022-08-08_11-01-43_0000078_labelled_Lola_pheeseq_0000021_labelled_mC2.wav,2.0051715639001326,4.15251195552777,0.04954879506874111,0.47975375080887217,-0.2202138277340343
1552,after_phees_2022-08-08_11-01-43_0000078_labelled_Lola_pheeseq_0000021_labelled_mC3.wav,2.1533265470417473,2.8669731445287967,-0.31586137967103106,-0.06737552495709892,0.3090070486881613
1553,after_phees_2022-08-08_11-01-43_0000078_labelled_Lola_pheeseq_0000024_labelled_mC1.wav,1.3121136288507378,4.955187205211827,0.438907302340638,0.685476428259942,0.4784978435717743
1554,after_phees_2022-08-08_11-01-43_0000078_labelled_Lola_pheeseq_0000024_labelled_mC2.wav,2.7281902847642066,3.852171129487223,0.9291923588954186,0.1544075353107483,0.17556907656634627
1555,after_phees_2022-08-08_11-01-43_0000078_labelled_Lola_pheeseq_0000024_labelled_mC3.wav,0.526546842155127,3.556418376727151,-0.10832273851703107,-0.03791725119528378,1.2830689809444011
1556,after_phees_2022-08-08_11-01-43_0000078_labelled_Lola_pheeseq_0000029_labelled_mC1.wav,1.5561489130701296,4.0141432369758245,-1.7157926618029333,0.27121669818442334,0.5429925379642713
1557,after_phees_2022-08-08_11-01-43_0000078_labelled_Lola_pheeseq_0000029_labelled_mC2.wav,1.9090977878020228,3.8293170542437003,-0.5273902028977129,0.1932902874387451,-0.34603961824270313
1558,after_phees_2022-08-08_11-01-43_0000078_labelled_Lola_pheeseq_0000029_labelled_mC3.wav,1.0828889598612517,2.8545918056706703,0.20171216187050864,-0.34809440418956844,0.22086409966490453
1559,after_phees_2022-08-08_11-01-43_0000078_labelled_Lola_pheeseq_0000030_labelled_mC1.wav,1.0602407005540766,3.546866731571741,-0.8522760826528314,0.12588845521112696,0.03317776512086375
1560,after_phees_2022-08-08_11-01-43_0000078_labelled_Lola_pheeseq_0000030_labelled_mC2.wav,2.3923684225588193,3.3167354056063303,0.5019633296947592,-0.23252948328196962,-0.07887953691611596
1561,after_phees_2022-08-08_11-01-43_0000078_labelled_Lola_pheeseq_0000030_labelled_mC3.wav,1.6734557092756248,2.9636295240020063,-0.5406326223988023,0.1229842731872346,-0.6592690221069717
1562,after_phees_2022-08-08_11-01-43_0000078_labelled_Lola_pheeseq_0000041_labelled_mB1.wav,-0.12499798068908002,4.259214002242513,1.0252402870301867,0.8580693352041178,0.47101913070168655
1563,after_phees_2022-08-08_11-01-43_0000078_labelled_Lola_pheeseq_0000041_labelled_mB2.wav,1.1070980730018278,2.792809839025203,0.14209738917928863,-0.07537805528590588,0.4075461540862656
1564,after_phees_2022-08-08_11-01-43_0000078_labelled_Lola_pheeseq_0000042_labelled_mB1.wav,-0.052410852458237504,3.6051478469372262,0.025128568100570785,0.21960027852057318,0.02752294461856606
1565,after_phees_2022-08-08_11-01-43_0000078_labelled_Lola_pheeseq_0000042_labelled_mB2.wav,1.3248986578319908,2.4405742214267163,-0.03827733599785133,0.07550771335166938,0.39383038776042417
1566,after_phees_2022-08-08_11-01-43_0000078_labelled_Lola_pheeseq_0000043_labelled_mC1.wav,0.7336205706472712,3.9697339419049085,0.1571012812185017,0.41821822139710985,0.12587494118636985
1567,after_phees_2022-08-08_11-01-43_0000078_labelled_Lola_pheeseq_0000043_labelled_mC2.wav,2.0512948709907217,3.3640803476341414,0.852897201639707,-0.16062044126751493,-0.1212817249590521
1568,after_phees_2022-08-08_11-01-43_0000078_labelled_Lola_pheeseq_0000043_labelled_mC3.wav,0.9649417820039778,3.459486792861038,-0.4433369987205914,0.6863386504373195,0.41799291275491296
1569,after_phees_2022-08-08_11-01-43_0000078_labelled_Lola_pheeseq_0000046_labelled_mC1.wav,0.5626802506898508,2.5156871618813494,-1.9203100551561658,-0.0342543192373831,0.010398822858094509
1570,after_phees_2022-08-08_11-01-43_0000078_labelled_Lola_pheeseq_0000046_labelled_mC2.wav,1.701588584372595,3.651858396527195,1.0191686260338086,-0.19879804595109787,0.18666193490164817
1571,after_phees_2022-08-08_11-01-43_0000078_labelled_Lola_pheeseq_0000046_labelled_mC3.wav,1.4999685065065735,3.0819220844776107,-1.1173188787741206,0.39257356999993603,0.03161230572967663
1572,after_phees_2022-08-08_11-01-43_0000078_labelled_Lola_pheeseq_0000047_labelled_mC1.wav,0.8584015870785654,4.198415280097197,0.4787903275321579,0.3255750855271701,0.002627893211768458
1573,after_phees_2022-08-08_11-01-43_0000078_labelled_Lola_pheeseq_0000047_labelled_mC2.wav,2.2967233697348006,2.7780829408924563,-0.007052465216831364,-0.2341274524070704,-0.061954806658869
1574,after_phees_2022-08-08_11-01-43_0000078_labelled_Lola_pheeseq_0000047_labelled_mC3.wav,1.448979328165325,2.8343465268019052,0.19642376439462417,0.29460591887598164,0.7615809154891736
1575,after_phees_2022-08-08_11-01-43_0000078_labelled_Lola_pheeseq_0000052_labelled_mB1.wav,1.0515929372135522,4.233738037788558,0.8259748040683437,0.04714533902418398,0.9230852277309226
1576,after_phees_2022-08-08_11-01-43_0000078_labelled_Lola_pheeseq_0000052_labelled_mB2.wav,2.1096749113107953,3.2274021342211827,0.7020092315296361,0.01382332958782109,0.06495833419910324
1577,after_phees_2022-08-08_11-01-43_0000078_labelled_Lola_pheeseq_0000053_labelled_mB1.wav,1.4508152735622801,3.922027034886229,0.7609514520038495,-0.2286014325861344,0.3397268517122344
1578,after_phees_2022-08-08_11-01-43_0000078_labelled_Lola_pheeseq_0000053_labelled_mB2.wav,2.4028570958985984,3.395232271706222,0.5672648756393159,0.6134979864505286,-0.8876255473930539
1579,after_phees_2022-08-08_11-01-43_0000078_labelled_Lola_pheeseq_0000054_labelled_mC1.wav,0.813526549406328,3.7202814438459826,-0.3664072785973108,0.2603161047738136,0.037394678651594765
1580,after_phees_2022-08-08_11-01-43_0000078_labelled_Lola_pheeseq_0000054_labelled_mC2.wav,2.726980670564443,2.4786934653022814,0.2085766997661934,-0.9343744236202493,0.37049752801152164
1581,after_phees_2022-08-08_11-01-43_0000078_labelled_Lola_pheeseq_0000054_labelled_mC3.wav,2.8233972041610373,1.5857274563089854,-1.6646965891299275,-0.4764073343698333,-0.11225523227060084
1582,after_phees_2022-08-08_11-01-43_0000078_labelled_Lola_pheeseq_0000055_labelled_mC1.wav,0.7393414877811425,4.084667175940642,0.5258300095051129,0.18207548054806313,-0.18424977678687202
1583,after_phees_2022-08-08_11-01-43_0000078_labelled_Lola_pheeseq_0000055_labelled_mC2.wav,2.2527899475853794,2.767407935844836,-0.26389578164752664,-0.35732934064546834,-0.05192320523918301
1584,after_phees_2022-08-08_11-01-43_0000078_labelled_Lola_pheeseq_0000055_labelled_mC3.wav,3.6016379699622023,1.6793517919675665,-2.526379370310666,-0.4309724722314958,0.10186506236704686
1585,after_phees_2022-08-08_11-01-43_0000078_labelled_Lola_pheeseq_0000056_labelled_mB1.wav,1.492935786807189,4.175476686894533,0.8855472397259864,0.1662866029688253,0.7889241479890993
1586,after_phees_2022-08-08_11-01-43_0000078_labelled_Lola_pheeseq_0000056_labelled_mB2.wav,2.277571969352422,2.8669783038585694,0.29107023270992943,0.2460672031650992,0.25014181529026613
1587,after_phees_2022-08-08_11-01-43_0000078_labelled_Lola_pheeseq_0000057_labelled_mB1.wav,0.5480552420948344,4.858259201578696,1.3379643170623436,0.49759452312707786,0.1596260682534227
1588,after_phees_2022-08-08_11-01-43_0000078_labelled_Lola_pheeseq_0000057_labelled_mB2.wav,1.2207903745377033,3.7486019700344824,0.917187112968017,0.6832746860168789,-0.24992910692707826
1589,after_phees_2022-08-08_11-01-43_0000078_labelled_Lola_pheeseq_0000058_labelled_mB1.wav,1.0378689645659267,3.4479320333556944,-1.3353315980735592,-0.00469279291294172,0.005298823309564099
1590,after_phees_2022-08-08_11-01-43_0000078_labelled_Lola_pheeseq_0000058_labelled_mB2.wav,2.178736804025094,3.065693806307807,-0.5461188094656054,-0.049639321016818796,0.48223710053738034
1591,after_phees_2022-08-08_11-01-43_0000078_labelled_Lola_pheeseq_0000059_labelled_mB1.wav,0.6765832683024035,4.315961823634068,0.06265597439941693,0.5198834345278982,0.34310030664582597
1592,after_phees_2022-08-08_11-01-43_0000078_labelled_Lola_pheeseq_0000059_labelled_mB2.wav,1.7472868022785237,3.4575581815622547,0.6012701065731604,0.07702602363970198,0.4332877694470815
1593,after_phees_2022-08-08_11-01-43_0000078_labelled_Wuschel_pheeseq_0000011_labelled_mB1.wav,-4.662716519441209,-1.1987409256372903,-0.2203704294751686,0.6622755863810875,0.16840185063213042
1594,after_phees_2022-08-08_11-01-43_0000078_labelled_Wuschel_pheeseq_0000011_labelled_mB2.wav,-3.7371645949975196,-1.1893651936437069,0.47923891254494383,0.6310270844266412,-0.7419718894003314
1595,after_phees_2022-08-08_11-01-43_0000078_labelled_Wuschel_pheeseq_0000019_labelled_mB1.wav,-5.217862535603867,-0.3558615479024617,1.055251673140818,0.5824067930657664,-0.09772903343088186
1596,after_phees_2022-08-08_11-01-43_0000078_labelled_Wuschel_pheeseq_0000019_labelled_mB2.wav,-4.8385120384599,-0.41884418557243486,1.7913496010844958,0.3391738623421675,-0.7211509834076527
1597,after_phees_2022-08-08_11-01-43_0000078_labelled_Wuschel_pheeseq_0000020_labelled_mB1.wav,-5.260345065293162,-0.45735153638478754,1.7882240309526063,-0.09080777647506437,0.4370545109672204
1598,after_phees_2022-08-08_11-01-43_0000078_labelled_Wuschel_pheeseq_0000020_labelled_mB2.wav,-4.504089338949045,-1.0291318944261296,0.22829580485598644,0.28589317265649333,-0.46538931288690355
1599,after_phees_2022-08-08_11-01-43_0000078_labelled_Wuschel_pheeseq_0000022_labelled_mB1.wav,-4.362398091549549,0.9545794830049392,2.969535870040851,1.0047392950223726,-0.29310215749304247
1600,after_phees_2022-08-08_11-01-43_0000078_labelled_Wuschel_pheeseq_0000022_labelled_mB2.wav,-3.3692426391509027,-0.6157053697480078,1.4663980728317103,0.3882389256333472,0.28065526828657533
1601,after_phees_2022-08-08_11-01-43_0000078_labelled_Wuschel_pheeseq_0000023_labelled_mB1.wav,-5.343320745459487,0.09821386365801384,2.068181806861377,0.7286460162362824,-0.10055268772577967
1602,after_phees_2022-08-08_11-01-43_0000078_labelled_Wuschel_pheeseq_0000023_labelled_mB2.wav,-4.018680021800816,-1.3023449968693235,0.9141421381038933,0.2695652371446439,0.37035991651944394
1603,after_phees_2022-08-08_11-01-43_0000078_labelled_Wuschel_pheeseq_0000025_labelled_mB1.wav,-4.256818308174551,0.5330681226200454,1.9724617150534993,0.7907515248108007,-0.30741440314720797
1604,after_phees_2022-08-08_11-01-43_0000078_labelled_Wuschel_pheeseq_0000025_labelled_mB2.wav,-3.866456242538164,-0.38636637082650016,0.578026443880724,0.32622202768328207,-0.5080775504685726
1605,after_phees_2022-08-08_11-01-43_0000078_labelled_Wuschel_pheeseq_0000026_labelled_mB2.wav,-3.801369260390052,-1.0559663995635609,1.9707417266002292,0.2709834298625915,-0.13034744018442326
1606,after_phees_2022-08-08_11-01-43_0000078_labelled_Wuschel_pheeseq_0000028_labelled_mB1.wav,-3.722188026504101,-0.07345577131893213,1.5904338951997037,-0.19743935846387836,0.041388419561106574
1607,after_phees_2022-08-08_11-01-43_0000078_labelled_Wuschel_pheeseq_0000028_labelled_mB2.wav,-3.367622992632234,-0.7385181484118143,0.9893415754598478,-0.014667706065693727,0.09974776230862971
1608,after_phees_2022-08-08_11-01-43_0000078_labelled_Wuschel_pheeseq_0000050_labelled_mB1.wav,-5.041118319339204,0.4399732287372462,2.814169552146799,0.8271875712330634,-0.47430024685315564
1609,after_phees_2022-08-08_11-01-43_0000078_labelled_Wuschel_pheeseq_0000050_labelled_mB2.wav,-4.911376671161114,-1.151262599518683,-0.2333429568155849,0.5184169723777547,0.044497117218641705
1610,after_phees_2022-08-08_11-01-43_0000078_labelled_Wuschel_pheeseq_0000051_labelled_mB1.wav,-5.456151203549525,0.35452723780132467,2.365662066476227,0.508583522189467,-0.33089230844895706
1611,after_phees_2022-08-08_11-01-43_0000078_labelled_Wuschel_pheeseq_0000051_labelled_mB2.wav,-4.103508139746036,-1.0988158920191036,1.1391379676706581,-0.14007972355221768,0.027862217504934634
1612,after_phees_2022-08-08_11-24-26_0000079_labelled_Lola_pheeseq_0000007_labelled_mC1.wav,2.8684382508507547,1.5351862892774486,1.6848261040359331,-0.5118882815862963,-0.45175168719155345
1613,after_phees_2022-08-08_11-24-26_0000079_labelled_Lola_pheeseq_0000007_labelled_mC2.wav,4.670083040378483,1.4199779822509424,-2.2559445432903407,-0.215918176982281,-0.3456628830514646
1614,after_phees_2022-08-08_11-24-26_0000079_labelled_Lola_pheeseq_0000007_labelled_mC3.wav,2.575986451913332,1.2206264229911294,-2.334451878145177,-0.8664498843763784,-0.20877944313279995
1615,after_phees_2022-08-08_11-24-26_0000079_labelled_Lola_pheeseq_0000009_labelled_mB1.wav,0.2078958539968839,2.972188409062334,1.460957008991241,0.24590195648942645,0.5103587712445611
1616,after_phees_2022-08-08_11-24-26_0000079_labelled_Lola_pheeseq_0000009_labelled_mB2.wav,1.7715903040468526,2.0461975580082865,-0.04372588425826538,0.3112664472633524,0.2721423150625778
1617,after_phees_2022-08-08_11-24-26_0000079_labelled_Lola_pheeseq_0000010_labelled_mB1.wav,-0.7583771467711771,3.38251065332395,0.8472887990107518,0.32315541820589694,0.024422117105569966
1618,after_phees_2022-08-08_11-24-26_0000079_labelled_Lola_pheeseq_0000010_labelled_mB2.wav,1.6296642016618739,2.246381303699113,-0.16487863415852574,-0.5415792392089742,-0.2726099584365105
1619,after_phees_2022-08-08_11-24-26_0000079_labelled_Lola_pheeseq_0000011_labelled_mC1.wav,0.27437167476722524,2.799790371152551,1.1271724044631555,-0.06435762192053018,0.31282907945681604
1620,after_phees_2022-08-08_11-24-26_0000079_labelled_Lola_pheeseq_0000011_labelled_mC2.wav,1.6370073530018474,2.301409483074029,0.09595396028838507,-0.23354436799767214,-0.14877660969978537
1621,after_phees_2022-08-08_11-24-26_0000079_labelled_Lola_pheeseq_0000011_labelled_mC3.wav,3.4788985196547695,0.7946621543812582,-0.9811904771471774,0.41441742601695614,-0.3584499930242886
1622,after_phees_2022-08-08_11-24-26_0000079_labelled_Lola_pheeseq_0000012_labelled_mB2.wav,1.5668714601017077,2.421148802436742,0.18330933971845711,-0.29331484329385427,-0.12936754459729727
1623,after_phees_2022-08-08_11-24-26_0000079_labelled_Lola_pheeseq_0000013_labelled_mB1.wav,-0.20444732259028325,1.6775551175676682,-0.10862148096936759,-0.05950980632552902,0.5383769580305919
1624,after_phees_2022-08-08_11-24-26_0000079_labelled_Lola_pheeseq_0000013_labelled_mB2.wav,1.3348213603180372,1.558437609216941,0.19758525752343767,-0.21193632747498278,-0.41565158339479996
1625,after_phees_2022-08-08_11-24-26_0000079_labelled_Lola_pheeseq_0000014_labelled_mB1.wav,-0.18276159901167796,2.085963533383909,-0.8695690844773031,0.6377680393220175,0.3071413360779055
1626,after_phees_2022-08-08_11-24-26_0000079_labelled_Lola_pheeseq_0000014_labelled_mB2.wav,0.7427051642445248,2.70528722960853,-0.12803814676751185,0.23841026550327626,-0.4375240730868073
1627,after_phees_2022-08-08_11-24-26_0000079_labelled_Lola_pheeseq_0000022_labelled_mB1.wav,1.5710009686217126,3.8071118277482463,0.9966865251989083,0.18731903643872466,0.527970051371827
1628,after_phees_2022-08-08_11-24-26_0000079_labelled_Lola_pheeseq_0000022_labelled_mB2.wav,1.9115524235020127,3.0023893010850715,-0.25070775447912796,-0.3835843836176906,0.253054125067762
1629,after_phees_2022-08-08_11-24-26_0000079_labelled_Lola_pheeseq_0000023_labelled_mC2.wav,2.300481229210623,2.92413330940004,0.5294053950971296,-0.09845134560429859,-0.10308786151810446
1630,after_phees_2022-08-08_11-24-26_0000079_labelled_Lola_pheeseq_0000023_labelled_mC3.wav,2.692173677483472,1.991898923172522,-0.7292594644492723,0.3881128826007144,0.43069792847684785
1631,after_phees_2022-08-08_11-24-26_0000079_labelled_Lola_pheeseq_0000024_labelled_mC1.wav,0.3661896079086285,3.223505241248596,-0.3150922287851331,0.34807476065590065,0.13259436808202638
1632,after_phees_2022-08-08_11-24-26_0000079_labelled_Lola_pheeseq_0000024_labelled_mC3.wav,3.5983775271528624,1.839372148373512,-2.0112146134277205,-0.486684523767269,-0.0895359159942602
1633,after_phees_2022-08-08_11-24-26_0000079_labelled_Lola_pheeseq_0000049_labelled_mB1.wav,0.2187937172408363,3.23314277695818,2.338306312361847,0.098482939114727,0.0443677361810692
1634,after_phees_2022-08-08_11-24-26_0000079_labelled_Lola_pheeseq_0000049_labelled_mB2.wav,0.8852751827148906,1.9489143390763668,0.31887111636454407,0.18403001775213818,0.27745289511790333
1635,after_phees_2022-08-08_11-24-26_0000079_labelled_Lola_pheeseq_0000050_labelled_mB1.wav,-0.911035739601737,4.142275473485856,1.7724215311811509,0.6730842451650177,0.2633322340176666
1636,after_phees_2022-08-08_11-24-26_0000079_labelled_Lola_pheeseq_0000050_labelled_mB2.wav,0.19559964047389317,2.954215002708414,1.2894265037166257,-0.16322942602612064,0.29877962932474084
1637,after_phees_2022-08-08_11-24-26_0000079_labelled_Lola_pheeseq_0000057_labelled_mB1.wav,0.22995899842792214,3.010370507407921,1.5985741472913404,-0.0978505151632574,0.08009125371463689
1638,after_phees_2022-08-08_11-24-26_0000079_labelled_Lola_pheeseq_0000057_labelled_mB2.wav,0.6214377733081249,1.8016686666242445,-0.6574137158356885,-0.008164150673587231,0.6073317360602717
1639,after_phees_2022-08-08_11-24-26_0000079_labelled_Lola_pheeseq_0000058_labelled_mC1.wav,-0.5345670548045892,2.6093830458707306,-0.7913287723567382,0.17837734700487545,0.14929406332473324
1640,after_phees_2022-08-08_11-24-26_0000079_labelled_Lola_pheeseq_0000058_labelled_mC2.wav,0.3081434614150746,2.4856402258388335,0.1395145187888369,-0.44235688815457086,0.22545472759827842
1641,after_phees_2022-08-08_11-24-26_0000079_labelled_Lola_pheeseq_0000058_labelled_mC3.wav,-0.20232826054160388,1.7366023352549393,0.07235861929627867,-0.19428577657820206,0.36370516716056506
1642,after_phees_2022-08-08_11-24-26_0000079_labelled_Lola_pheeseq_0000059_labelled_mB1.wav,-0.374486116637545,2.3434817615450347,-0.9161707660402547,0.36880763903976554,0.2568762836680601
1643,after_phees_2022-08-08_11-24-26_0000079_labelled_Lola_pheeseq_0000059_labelled_mB2.wav,0.47507809325532085,2.3546165844771068,0.4900981995279451,-0.3011692580604133,0.14435512221992053
1644,after_phees_2022-08-08_11-24-26_0000079_labelled_Lola_pheeseq_0000060_labelled_mC1.wav,-0.21842572214251196,2.4410949858244946,-0.8847128570684041,0.324622751487432,0.2376072911294808
1645,after_phees_2022-08-08_11-24-26_0000079_labelled_Lola_pheeseq_0000060_labelled_mC2.wav,0.97886940080772,2.771192241259398,0.40981068329515985,0.36932591124247993,-0.7584517187177073
1646,after_phees_2022-08-08_11-24-26_0000079_labelled_Lola_pheeseq_0000062_labelled_mB1.wav,0.7486121046266758,3.6976344369715703,1.6005872980946236,0.16747333441614712,0.4144528642773016
1647,after_phees_2022-08-08_11-24-26_0000079_labelled_Lola_pheeseq_0000062_labelled_mB2.wav,1.868763738902353,1.7899138346723407,-0.44708889029838983,0.4760106068405189,0.4188437674343873
1648,after_phees_2022-08-08_11-24-26_0000079_labelled_Lola_pheeseq_0000063_labelled_mB1.wav,0.17113052521631097,3.81522043327172,0.7829453187348553,0.31142345344653105,-0.08982753407596557
1649,after_phees_2022-08-08_11-24-26_0000079_labelled_Lola_pheeseq_0000063_labelled_mB2.wav,1.5104206894841612,2.47064633958709,0.1319959277633491,-0.18266796112392042,0.07575970085280705
1650,after_phees_2022-08-08_11-24-26_0000079_labelled_Lola_pheeseq_0000064_labelled_mB1.wav,0.7598408395600331,3.72214623531696,1.698953127639653,-0.14181952712496657,0.19378547944194777
1651,after_phees_2022-08-08_11-24-26_0000079_labelled_Lola_pheeseq_0000064_labelled_mB2.wav,1.7388107186228756,3.035991786128263,0.03812541212790965,0.2774803978948172,-0.7176207729592503
1652,after_phees_2022-08-08_11-24-26_0000079_labelled_Lola_pheeseq_0000067_labelled_mB1.wav,0.6715209812352905,3.95525657373192,2.142352905631485,0.27095195361004015,0.4115327645473075
1653,after_phees_2022-08-08_11-24-26_0000079_labelled_Lola_pheeseq_0000067_labelled_mB2.wav,0.4356593397363641,2.690015381416828,0.5834539361662451,0.32348165980054966,0.91778433496383
1654,after_phees_2022-08-08_11-24-26_0000079_labelled_Odin_pheeseq_0000003_labelled_mD2.wav,3.9228305330042272,-6.528287739952837,2.7409240995859827,0.21884037874965037,1.210855441513223
1655,after_phees_2022-08-08_11-24-26_0000079_labelled_Odin_pheeseq_0000003_labelled_mD3.wav,4.020799406160615,-5.292685529612762,1.73590070259629,0.8838450778861316,-0.19170110552797398
1656,after_phees_2022-08-08_11-24-26_0000079_labelled_Odin_pheeseq_0000003_labelled_mD4.wav,2.413639893133056,-3.5130652982324606,0.44973902869470844,0.02578043145951633,-0.1651842654975079
1657,after_phees_2022-08-08_11-24-26_0000079_labelled_Odin_pheeseq_0000016_labelled_mC1.wav,1.548443403476541,-0.10461319035260168,0.6195658724386922,-0.45081281703377674,-0.2263235797896102
1658,after_phees_2022-08-08_11-24-26_0000079_labelled_Odin_pheeseq_0000016_labelled_mC2.wav,2.3840372996419954,0.7250100269559773,-0.7223408243490889,0.34566303491009953,-0.15858976787562362
1659,after_phees_2022-08-08_11-24-26_0000079_labelled_Odin_pheeseq_0000016_labelled_mC3.wav,1.996398750423087,0.4136057992054326,-0.5234745520142524,-0.4286047943172582,0.5964940106755989
1660,after_phees_2022-08-08_11-24-26_0000079_labelled_Odin_pheeseq_0000018_labelled_mD1.wav,1.2678512825150625,0.028376701763238015,0.5380877514686111,-0.6388836061008684,-0.059402136020687224
1661,after_phees_2022-08-08_11-24-26_0000079_labelled_Odin_pheeseq_0000018_labelled_mD3.wav,2.9678706774109083,-1.0715978684626088,0.7044098792837354,-0.5070867590934444,0.25715358002434924
1662,after_phees_2022-08-08_11-24-26_0000079_labelled_Odin_pheeseq_0000018_labelled_mD4.wav,3.3501768096227327,-0.9483693396552242,-0.22531275739152803,-0.13340069368576837,-0.6052511627164535
1663,after_phees_2022-08-08_11-24-26_0000079_labelled_Odin_pheeseq_0000018_labelled_mD5.wav,1.9956055109932274,-2.1759322964244183,-0.20136014570594654,0.45864539908247876,-0.07467345554592808
1664,after_phees_2022-08-08_11-24-26_0000079_labelled_Odin_pheeseq_0000025_labelled_mE1.wav,-0.28956367741264044,0.21402073371327124,-2.0083839533712533,0.3422317435977263,-0.21663732157557136
1665,after_phees_2022-08-08_11-24-26_0000079_labelled_Odin_pheeseq_0000025_labelled_mE3.wav,3.9367262026475376,-2.997237161540372,0.7336121563117121,0.5943045030349418,-0.19700016920165664
1666,after_phees_2022-08-08_11-24-26_0000079_labelled_Odin_pheeseq_0000025_labelled_mE4.wav,2.8449359008426907,-0.9780495549056986,-1.038338733050935,1.0874592916792887,-0.35995941297936657
1667,after_phees_2022-08-08_11-24-26_0000079_labelled_Odin_pheeseq_0000025_labelled_mE5.wav,3.9022333748000757,-2.1812272993117707,0.46899730980731436,-1.1701856565178745,0.39643303863241924
1668,after_phees_2022-08-08_11-24-26_0000079_labelled_Odin_pheeseq_0000025_labelled_mE6.wav,0.2501084662370775,-2.3816793209972054,-0.9405373138694382,0.7128963208758742,-0.3816218020333033
1669,after_phees_2022-08-08_11-24-26_0000079_labelled_Odin_pheeseq_0000029_labelled_mC3.wav,2.2891070032989034,-4.417641845209036,0.9278391523327616,-0.20303689789338383,0.5409194813265941
1670,after_phees_2022-08-08_11-24-26_0000079_labelled_Odin_pheeseq_0000031_labelled_mE1.wav,2.3860606034521576,-5.395664311934161,1.2388801089330121,1.049701776390558,0.9469138182001549
1671,after_phees_2022-08-08_11-24-26_0000079_labelled_Odin_pheeseq_0000031_labelled_mE3.wav,3.88701927789155,-5.064360293597167,1.8765666854694287,0.8007823467232464,-0.22401097381997592
1672,after_phees_2022-08-08_11-24-26_0000079_labelled_Odin_pheeseq_0000031_labelled_mE5.wav,2.931740688222081,-3.7795142442395964,-0.00356999864923366,1.354602754491081,-0.6219435421436
1673,after_phees_2022-08-08_11-24-26_0000079_labelled_Odin_pheeseq_0000031_labelled_mE8.wav,0.7715749291501658,-4.162908696807571,-0.21690856606165115,0.8744710362534595,-0.24463374275330502
1674,after_phees_2022-08-08_11-24-26_0000079_labelled_Odin_pheeseq_0000033_labelled_mD1.wav,3.4140731383909704,-4.7433919521567764,1.3304115957576805,0.7579425252911877,0.46581810831141407
1675,after_phees_2022-08-08_11-24-26_0000079_labelled_Odin_pheeseq_0000033_labelled_mD2.wav,3.6907836636029305,-5.966063701039964,2.0735990237108424,0.8824514173701976,1.0173190579110096
1676,after_phees_2022-08-08_11-24-26_0000079_labelled_Odin_pheeseq_0000033_labelled_mD3.wav,4.333749268510276,-6.611945141645773,2.3823264513804894,-0.3254540443218014,2.2450559894049404
1677,after_phees_2022-08-08_11-24-26_0000079_labelled_Odin_pheeseq_0000033_labelled_mD4.wav,2.290324759102125,-4.590372259063928,-0.11076530455321835,1.832624309492918,-0.3214348194420467
1678,after_phees_2022-08-08_11-24-26_0000079_labelled_Odin_pheeseq_0000034_labelled_mE1.wav,2.160813170522766,-5.698442423199303,1.4865371353790553,-0.2314067229984782,2.6387990634322893
1679,after_phees_2022-08-08_11-24-26_0000079_labelled_Odin_pheeseq_0000034_labelled_mE6.wav,3.7522251268754476,-4.749423908555649,0.8540079309670228,1.6219176926251697,-0.22975498412572046
1680,after_phees_2022-08-08_11-24-26_0000079_labelled_Odin_pheeseq_0000034_labelled_mE7.wav,3.708741564793537,-4.698708379624227,0.7732211694248993,1.3031062663561603,-0.42237148539532093
1681,after_phees_2022-08-08_11-24-26_0000079_labelled_Odin_pheeseq_0000037_labelled_mD2.wav,3.8842308528292877,-3.070514923872702,-0.1783958965317268,1.7821464951269814,-0.23615246308707158
1682,after_phees_2022-08-08_11-24-26_0000079_labelled_Odin_pheeseq_0000037_labelled_mD3.wav,3.9430402519189443,-3.7168818415280995,0.14313458614081714,0.9477494104202773,0.06252000375691835
1683,after_phees_2022-08-08_11-24-26_0000079_labelled_Odin_pheeseq_0000037_labelled_mD4.wav,0.5977437229077851,-2.3884277499811835,-1.1431463119185967,-0.3295273314834486,0.2318639698149299
1684,after_phees_2022-08-08_11-24-26_0000079_labelled_Odin_pheeseq_0000051_labelled_mC1.wav,0.8868381880088256,-0.4569544336283107,1.1580279574439165,-0.4362019273340597,-0.3547732683668971
1685,after_phees_2022-08-08_11-24-26_0000079_labelled_Odin_pheeseq_0000051_labelled_mC2.wav,2.3396204616154495,-0.6988995860063121,0.4019907186569439,-0.6530825103864648,-0.8347093934589843
1686,after_phees_2022-08-08_11-24-26_0000079_labelled_Odin_pheeseq_0000051_labelled_mC3.wav,1.5102730192940768,-0.6995260122537867,-0.7799655784035023,-0.44518095084218656,0.3059948733413437
1687,after_phees_2022-08-08_11-24-26_0000079_labelled_Odin_pheeseq_0000052_labelled_mD1.wav,0.6379391712446568,0.02286291748641035,-0.895474635621755,-0.12687917921752312,-0.142543515815984
1688,after_phees_2022-08-08_11-24-26_0000079_labelled_Odin_pheeseq_0000052_labelled_mD2.wav,1.9972138893669915,-1.1354188101233282,0.49043324704851826,-0.9104611206003871,0.3800005865698306
1689,after_phees_2022-08-08_11-24-26_0000079_labelled_Odin_pheeseq_0000052_labelled_mD3.wav,2.4683578836465987,-0.8781303280904463,0.729213521484857,-0.16994414579327646,-0.7338498757923472
1690,after_phees_2022-08-08_11-24-26_0000079_labelled_Odin_pheeseq_0000052_labelled_mD4.wav,2.7284429401826533,-0.7315194750319496,-0.8040008314448133,0.7366834278306652,-0.6423782362402505
1691,after_phees_2022-08-08_11-24-26_0000079_labelled_Odin_pheeseq_0000055_labelled_mD3.wav,2.9172694171329483,-4.699947890952173,0.9309471381831468,1.3844333356471523,-0.07615863354670722
1692,after_phees_2022-08-08_11-24-26_0000079_labelled_Odin_pheeseq_0000055_labelled_mD4.wav,1.9889013325070823,-3.3195031821659873,-0.025033973384535963,0.09910674623702534,0.5031202585835803
1693,after_phees_2022-08-08_11-24-26_0000079_labelled_Odin_pheeseq_0000061_labelled_mC1.wav,2.2047467103995735,0.5064720355258274,0.9309412670259243,-0.49684536655975936,-0.34390707976798546
1694,after_phees_2022-08-08_11-24-26_0000079_labelled_Odin_pheeseq_0000061_labelled_mC2.wav,3.6969826613734025,-0.33381792393407056,0.7374226415644951,-0.717303997885272,0.14766189955392045
1695,after_phees_2022-08-08_11-24-26_0000079_labelled_Odin_pheeseq_0000061_labelled_mC3.wav,2.9678473572980777,-0.4937003565261385,0.3734821117977962,0.05830375288667073,-0.2898695189658905
1696,after_phees_2022-08-08_11-24-26_0000079_labelled_Odin_pheeseq_0000065_labelled_mB2.wav,4.575368232604912,-0.4982869469227608,0.4610333211217386,-1.5010889145165665,0.6589030786022773
1697,after_phees_2022-08-08_13-21-22_0000080_labelled_Nougatti_phee_0000038_labelled_mB1.wav,-1.1912825726377834,2.8934587650085053,0.9695038199070961,0.5359245867435712,0.04886088068792416
1698,after_phees_2022-08-08_13-21-22_0000080_labelled_Nougatti_phee_0000038_labelled_mB2.wav,-0.4455859680197036,1.111304824976177,0.8187475522589749,-0.24217474477849243,-0.21357307166681685
1699,after_phees_2022-08-08_13-21-22_0000080_labelled_Nougatti_phee_0000039_labelled_mB1.wav,-0.06406498322025114,1.676457446684045,0.5365205538279086,0.0190700179034261,0.30214350865213635
1700,after_phees_2022-08-08_13-21-22_0000080_labelled_Nougatti_phee_0000039_labelled_mB2.wav,0.43471594590783935,1.3366583730939492,0.883760853463237,-0.040273071555064106,-0.24728625094692666
1701,after_phees_2022-08-08_13-21-22_0000080_labelled_Nougatti_phee_0000040_labelled_mB1.wav,-0.7840014426546398,1.2764178143575862,-0.6253328740020986,0.690541385588233,-0.03019483924369372
1702,after_phees_2022-08-08_13-21-22_0000080_labelled_Nougatti_phee_0000040_labelled_mB2.wav,0.6693915889123773,0.7361630773864309,0.9417364058221396,0.20350084226190374,-0.4979013671308599
1703,after_phees_2022-08-08_13-21-22_0000080_labelled_Nougatti_phee_0000041_labelled_mB1.wav,-0.6369152733460669,0.9596109992231521,0.3049072460012907,0.3087747478387264,0.5766713785980467
1704,after_phees_2022-08-08_13-21-22_0000080_labelled_Nougatti_phee_0000041_labelled_mB2.wav,0.4845082291193049,0.47844358795202585,1.467284775652327,-0.6740228819826446,-0.08936995332067336
1705,after_phees_2022-08-08_13-21-22_0000080_labelled_Nougatti_phee_0000042_labelled_mB1.wav,0.059303349097257735,1.2161874751697088,-0.4549349581228483,0.02369066506293294,0.5027424228770687
1706,after_phees_2022-08-08_13-21-22_0000080_labelled_Nougatti_phee_0000042_labelled_mB3.wav,1.4183837601058467,0.2879019136129871,1.3797285811566227,-0.250829256206689,-0.21930811802795908
1707,after_phees_2022-08-08_13-21-22_0000080_labelled_Nougatti_phee_0000043_labelled_mB3.wav,0.9583393773804249,0.652360812110419,1.178718672737721,0.021021883463370743,-0.9560869410500925
1708,after_phees_2022-08-08_13-21-22_0000080_labelled_Nougatti_phee_0000044_labelled_mB1.wav,0.1074909396189484,1.17088225131842,-0.31393641698668906,0.42178158092471896,0.759154977490773
1709,after_phees_2022-08-08_13-21-22_0000080_labelled_Nougatti_phee_0000044_labelled_mB2.wav,1.2768098279916675,0.7272657891082203,1.2146939696182044,-0.47902880084927635,0.04172774880840563
1710,after_phees_2022-08-08_13-21-22_0000080_labelled_Nougatti_phee_0000045_labelled_mB1.wav,-0.7322508942635166,1.952378619975264,-0.09380884854966826,0.5684787601634012,0.11273869687552143
1711,after_phees_2022-08-08_13-21-22_0000080_labelled_Nougatti_phee_0000045_labelled_mB2.wav,1.2912163147828106,0.7120740672773251,1.2136210242274867,-0.5318542272983737,-0.030006196247622054
1712,after_phees_2022-08-08_13-21-22_0000080_labelled_Nougatti_pheeseq_0000003_labelled_mB2.wav,0.9530456411678153,0.5821347075152487,0.9648588161505448,-0.600106051821243,0.019834186765549374
1713,after_phees_2022-08-08_13-21-22_0000080_labelled_Nougatti_pheeseq_0000005_labelled_mB1.wav,-0.35627756447134046,0.8142552877999807,-1.237059790246551,0.7029089581484451,-0.013509576363353995
1714,after_phees_2022-08-08_13-21-22_0000080_labelled_Nougatti_pheeseq_0000005_labelled_mB3.wav,1.7177983167500694,0.28589348447488644,0.8202569648999992,0.10147259961100724,0.3951406329518105
1715,after_phees_2022-08-08_13-21-22_0000080_labelled_Nougatti_pheeseq_0000009_labelled_mC1.wav,0.5601488136744912,1.4197417087769943,0.782782700712534,-0.7246598190224344,0.7281713089741014
1716,after_phees_2022-08-08_13-21-22_0000080_labelled_Nougatti_pheeseq_0000009_labelled_mC2.wav,2.4274317683797446,-0.028570319752485415,1.4521723721233,-0.8393335558887567,0.28198882761348165
1717,after_phees_2022-08-08_13-21-22_0000080_labelled_Nougatti_pheeseq_0000009_labelled_mC3.wav,1.0147750306828098,-0.5830160696257365,0.3398179170358882,-0.4453615185691561,0.04424398743179049
1718,after_phees_2022-08-08_13-21-22_0000080_labelled_Nougatti_pheeseq_0000010_labelled_mC1.wav,-0.19177802653887133,1.1493816401589259,-0.09567872162884196,-0.09306083594343298,0.299771076315274
1719,after_phees_2022-08-08_13-21-22_0000080_labelled_Nougatti_pheeseq_0000010_labelled_mC3.wav,1.800243870770903,0.10038822591267527,1.6918275691250602,-0.433136230491441,-0.7579042393739062
1720,after_phees_2022-08-08_13-21-22_0000080_labelled_Nougatti_pheeseq_0000010_labelled_mC4.wav,0.3298275191147004,0.17843829175159737,0.4921386851668671,0.09057510778921453,-0.4547638938088037
1721,after_phees_2022-08-08_13-21-22_0000080_labelled_Nougatti_pheeseq_0000019_labelled_mC1.wav,0.4089974190103806,1.7963643849182178,0.02695291943615385,0.5647585440790505,-0.6481945811146906
1722,after_phees_2022-08-08_13-21-22_0000080_labelled_Nougatti_pheeseq_0000019_labelled_mC2.wav,0.9749274312091664,0.5752832319110026,-0.048504335342147105,-0.38499360768946383,-0.6680496037965582
1723,after_phees_2022-08-08_13-21-22_0000080_labelled_Nougatti_pheeseq_0000019_labelled_mC3.wav,-2.0678884642938713,-1.961752132744269,-1.0599871104515246,-0.7067608570027857,-0.43417397623905435
1724,after_phees_2022-08-08_13-21-22_0000080_labelled_Nougatti_pheeseq_0000020_labelled_mC1.wav,0.13372442869688672,1.7260433560799056,-0.6203102091689364,0.9642769480403282,0.12197639378074054
1725,after_phees_2022-08-08_13-21-22_0000080_labelled_Nougatti_pheeseq_0000020_labelled_mC2.wav,1.8405508271073092,0.7451426080094568,0.8892520148996192,-0.2991974989187386,0.1640416623187167
1726,after_phees_2022-08-08_13-21-22_0000080_labelled_Nougatti_pheeseq_0000020_labelled_mC3.wav,-0.21196899626375676,1.0014186299318664,-0.6953683092977654,0.6753816515120731,-0.2269616484787127
1727,after_phees_2022-08-08_13-21-22_0000080_labelled_Nougatti_pheeseq_0000021_labelled_mC1.wav,0.18460702825287015,0.8153378287374846,-0.23312159555570156,0.15351943507455393,0.21776154786377472
1728,after_phees_2022-08-08_13-21-22_0000080_labelled_Nougatti_pheeseq_0000021_labelled_mC2.wav,1.9403323090902562,0.40984404946067865,1.4581570032780802,-1.015404529728934,0.5621598663064432
1729,after_phees_2022-08-08_13-21-22_0000080_labelled_Nougatti_pheeseq_0000021_labelled_mC3.wav,1.0524989663422972,-0.2469992559705242,0.805044587735779,-0.9181159738000658,-0.5127330728011689
1730,after_phees_2022-08-08_13-21-22_0000080_labelled_Nougatti_pheeseq_0000022_labelled_mB1.wav,0.012131455519711596,1.1796975764342517,0.21034076152890516,0.08164876400063076,0.19260637471281525
1731,after_phees_2022-08-08_13-21-22_0000080_labelled_Nougatti_pheeseq_0000022_labelled_mB2.wav,1.6563953479986337,0.5533391822646284,0.12314416494389784,0.44531568578629277,-0.3166937620886484
1732,after_phees_2022-08-08_13-21-22_0000080_labelled_Nougatti_pheeseq_0000023_labelled_mB1.wav,-0.6799740750640849,0.9683744481344131,-1.2428176957156847,0.3142382388969588,-0.17696978730264712
1733,after_phees_2022-08-08_13-21-22_0000080_labelled_Nougatti_pheeseq_0000023_labelled_mB3.wav,1.2212636461767645,0.2006705925161989,1.019506637504098,0.031797227278267885,0.3486814915176739
1734,after_phees_2022-08-08_13-21-22_0000080_labelled_Nougatti_pheeseq_0000024_labelled_mB1.wav,0.7944323355314722,1.4711220575981476,-0.9822258305058074,-0.09482177628756829,0.5696564813856677
1735,after_phees_2022-08-08_13-21-22_0000080_labelled_Nougatti_pheeseq_0000024_labelled_mB2.wav,1.2622875691613795,1.3400997930955176,-0.0693298827789927,-0.02547106188582225,-0.08638576419131325
1736,after_phees_2022-08-08_13-21-22_0000080_labelled_Nougatti_pheeseq_0000032_labelled_mB1.wav,-0.9960808828385715,1.6879265780570083,1.0777683933650066,0.05210853135408655,0.3879966465493471
1737,after_phees_2022-08-08_13-21-22_0000080_labelled_Nougatti_pheeseq_0000032_labelled_mB2.wav,0.20845834147981887,0.3931101806229707,0.6816605622960762,0.24640507732309216,-0.3316682166274438
1738,after_phees_2022-08-08_13-21-22_0000080_labelled_Nougatti_pheeseq_0000033_labelled_mB1.wav,-1.556747535231044,1.3044585470945083,-0.2985725490690489,0.7015682581517456,0.1894115895166668
1739,after_phees_2022-08-08_13-21-22_0000080_labelled_Nougatti_pheeseq_0000033_labelled_mB2.wav,0.5708781411302386,0.3299879543089012,1.3887934950065068,-0.4748419035419545,0.011951671966886963
1740,after_phees_2022-08-08_13-21-22_0000080_labelled_Nougatti_pheeseq_0000048_labelled_mB1.wav,-0.07962535263736492,2.3681365481525076,-0.48146213810555605,0.6019754659218872,0.14203288014838114
1741,after_phees_2022-08-08_13-21-22_0000080_labelled_Nougatti_pheeseq_0000048_labelled_mB2.wav,1.1897018114543156,0.9221835466759616,1.5035601522974804,-0.30936728824883364,0.14766289285475492
1742,after_phees_2022-08-08_13-21-22_0000080_labelled_Nougatti_pheeseq_0000049_labelled_mB1.wav,-0.652310786023217,1.058664328818781,-0.7600445399844212,0.6587682969265832,-0.08947785604088328
1743,after_phees_2022-08-08_13-21-22_0000080_labelled_Nougatti_pheeseq_0000049_labelled_mB2.wav,1.239327681230973,0.8097441131141973,1.2992715744320114,-0.5902389269158203,-0.05621631462647541
1744,after_phees_2022-08-08_13-21-22_0000080_labelled_Nougatti_pheeseq_0000050_labelled_mC1.wav,0.14282174796637895,0.9740104177598428,0.05273978847128789,-0.24489627158055624,-0.11721689659311724
1745,after_phees_2022-08-08_13-21-22_0000080_labelled_Nougatti_pheeseq_0000050_labelled_mC2.wav,1.7080565619763637,0.3190268257457562,0.9981838402402846,-0.7275085260013258,-0.4217922440656582
1746,after_phees_2022-08-08_13-21-22_0000080_labelled_Nougatti_pheeseq_0000050_labelled_mC3.wav,1.4895984763949681,-1.263112371909323,0.34516602839487226,-0.8757330665015798,-0.9216301159043455
1747,after_phees_2022-08-08_13-21-22_0000080_labelled_Tabor_pheeseq_0000002_labelled_mC1.wav,2.3861860215140562,1.7980824614657462,-1.1540560579965202,-0.2834971479084797,0.026046076217129947
1748,after_phees_2022-08-08_13-21-22_0000080_labelled_Tabor_pheeseq_0000002_labelled_mC2.wav,2.397661559070126,-0.8721805263509996,1.1826147285706399,-0.8977076177899344,-0.1432018819224508
1749,after_phees_2022-08-08_13-21-22_0000080_labelled_Tabor_pheeseq_0000002_labelled_mC3.wav,-1.5594838565635583,-2.648366525578724,0.4662830247055271,-0.9923990097395403,-0.5699730055737207
1750,after_phees_2022-08-08_13-21-22_0000080_labelled_Tabor_pheeseq_0000011_labelled_mD1.wav,-0.7718109650729537,0.2869726088482022,-1.9999005940751926,-0.7846787155568734,0.5344261940529524
1751,after_phees_2022-08-08_13-21-22_0000080_labelled_Tabor_pheeseq_0000011_labelled_mD4.wav,-0.5318213639524836,-0.7525479685954078,-1.1929991475994144,-0.6428962650320437,-0.328691394985473
1752,after_phees_2022-08-08_13-21-22_0000080_labelled_Tabor_pheeseq_0000011_labelled_mD6.wav,-2.97381220145831,-1.5119239852263058,-2.220767720833065,-0.29895292484482733,-0.44792904561525637
1753,after_phees_2022-08-08_13-21-22_0000080_labelled_Tabor_pheeseq_0000011_labelled_mD7.wav,-4.117785503384885,-3.398261847239787,-1.8944367137779519,-0.004026747470473054,0.66883697319168
1754,after_phees_2022-08-08_13-21-22_0000080_labelled_Tabor_pheeseq_0000013_labelled_mC1.wav,0.3985900472189559,0.4163164035279814,-1.748406156983302,-0.8668548636843151,-0.013677325405257817
1755,after_phees_2022-08-08_13-21-22_0000080_labelled_Tabor_pheeseq_0000013_labelled_mC3.wav,0.5463321483183718,-1.294280271234814,-0.8415796033581855,-0.3570832323715369,-0.9990163305504209
1756,after_phees_2022-08-08_13-21-22_0000080_labelled_Tabor_pheeseq_0000013_labelled_mC4.wav,-0.8563516656049825,-0.9272194960537785,-1.5193484936288681,-0.6954038155582168,-0.22589205192725306
1757,after_phees_2022-08-08_13-21-22_0000080_labelled_Tabor_pheeseq_0000014_labelled_mD1.wav,0.40406349785609014,0.40471814915134113,-0.7437385436650006,-0.6160569263630616,-0.3648901846644418
1758,after_phees_2022-08-08_13-21-22_0000080_labelled_Tabor_pheeseq_0000014_labelled_mD4.wav,-0.28416421272438175,-1.3865480830328967,-1.2055115811718589,-0.46658096927211284,-0.6369208033910946
1759,after_phees_2022-08-08_13-21-22_0000080_labelled_Tabor_pheeseq_0000014_labelled_mD5.wav,-2.9467716408918574,-1.4740801815387485,-1.965873890357495,-0.26305902250294877,-0.5193533016891172
1760,after_phees_2022-08-08_13-21-22_0000080_labelled_Tabor_pheeseq_0000017_labelled_mD1.wav,0.9091362716126995,0.3430518462935269,-2.6105199166305497,-0.5873129102600491,0.3659303245374286
1761,after_phees_2022-08-08_13-21-22_0000080_labelled_Tabor_pheeseq_0000017_labelled_mD3.wav,1.3569544036803733,0.22735455898890974,-1.6500460144646727,-0.07149386868810748,0.09315956192483466
1762,after_phees_2022-08-08_13-21-22_0000080_labelled_Tabor_pheeseq_0000017_labelled_mD4.wav,0.17429402808185804,-1.292458848418501,-0.45453727424584045,-0.7721094134253413,0.10378788599156565
1763,after_phees_2022-08-08_13-21-22_0000080_labelled_Tabor_pheeseq_0000017_labelled_mD5.wav,-2.5208034047154992,-2.0104640732299046,-2.5239933413300157,1.4760826840582066,0.9206288597440511
1764,after_phees_2022-08-08_13-21-22_0000080_labelled_Tabor_pheeseq_0000036_labelled_mC1.wav,-2.886861493769043,0.19693617654659643,-0.7077062077931661,0.2329466107900073,-0.054186543701040195
1765,after_phees_2022-08-08_13-21-22_0000080_labelled_Tabor_pheeseq_0000036_labelled_mC2.wav,-2.2815926302336957,-0.13027392271081373,-0.8528666505909664,-0.013585367498863462,-0.5050493513941628
1766,after_phees_2022-08-08_13-21-22_0000080_labelled_Tabor_pheeseq_0000036_labelled_mC3.wav,-2.6207456962992333,-0.4208325337824127,-1.539377902856521,0.34045384432933096,0.15714066450873906
1767,after_phees_2022-08-08_13-21-22_0000080_labelled_Tabor_pheeseq_0000046_labelled_mD1.wav,-0.7596946921289425,-1.2626342371125263,0.19660374041258127,-0.4394755013175618,0.4485835440923601
1768,after_phees_2022-08-08_13-21-22_0000080_labelled_Tabor_pheeseq_0000046_labelled_mD2.wav,-0.38987712995837487,0.029593051256571377,-0.9048289276001675,-0.6941331646266905,-0.2842340606721699
1769,after_phees_2022-08-08_13-21-22_0000080_labelled_Tabor_pheeseq_0000046_labelled_mD3.wav,-2.4069193157635707,-0.6742132709560087,-1.5759065818792204,-0.42788585675569096,-0.6959889202216425
1770,after_phees_2022-08-08_13-21-22_0000080_labelled_Tabor_pheeseq_0000046_labelled_mD4.wav,-3.945876669757581,-2.4335496734508406,-2.015752850947655,-1.095976980135124,0.225884767197616
1771,after_phees_2022-08-08_13-47-33_0000081_labelled_Olympia_pheeseq_0000011_labelled_mB1.wav,-2.9632336254149987,0.8826311802790058,0.3831306165616096,0.8608146830083262,0.36740157044309635
1772,after_phees_2022-08-08_13-47-33_0000081_labelled_Olympia_pheeseq_0000011_labelled_mB2.wav,-2.8313115449700734,0.16978708142678253,-0.5470467029216921,0.20762656131788892,-0.14746824877864134
1773,after_phees_2022-08-08_13-47-33_0000081_labelled_Olympia_pheeseq_0000017_labelled_mB1.wav,-2.248780728660865,0.6280929822480339,1.2650509170346018,0.22717109208911543,0.3311591729487934
1774,after_phees_2022-08-08_13-47-33_0000081_labelled_Olympia_pheeseq_0000017_labelled_mB2.wav,-2.7013573437573637,0.2473343246878173,-0.6432556997613273,0.5527039121400142,0.1669733455354757
1775,after_phees_2022-08-08_13-47-33_0000081_labelled_Tabor_pheeseq_0000003_labelled_mD1.wav,-0.5044668290823597,-0.8009356139072619,1.116645089764964,-0.557716994236495,-0.045339866475861745
1776,after_phees_2022-08-08_13-47-33_0000081_labelled_Tabor_pheeseq_0000003_labelled_mD2.wav,0.24681269975618894,-1.131667118008896,0.6103799275109913,-0.9584148493536668,-0.6183590920334356
1777,after_phees_2022-08-08_13-47-33_0000081_labelled_Tabor_pheeseq_0000003_labelled_mD3.wav,-0.5329088990095413,-0.77488056440407,-0.2875601651193474,-0.5699166897170516,-0.7940655729361844
1778,after_phees_2022-08-08_13-47-33_0000081_labelled_Tabor_pheeseq_0000003_labelled_mD4.wav,-0.6184407863232094,-2.053845045564492,-0.9679582764543496,-1.239497477790614,-0.11555569606637704
1779,after_phees_2022-08-08_13-47-33_0000081_labelled_Tabor_pheeseq_0000004_labelled_mE1.wav,0.32905637814261063,-1.147985031783003,1.0090877410027201,-0.4670213576885125,-0.4238684371986636
1780,after_phees_2022-08-08_13-47-33_0000081_labelled_Tabor_pheeseq_0000004_labelled_mE2.wav,0.8328378660586243,-0.5657703077924684,0.4594388911752162,-0.964343096562576,-0.5109333120626567
1781,after_phees_2022-08-08_13-47-33_0000081_labelled_Tabor_pheeseq_0000004_labelled_mE3.wav,-0.18472450644620855,-0.8313093219903652,-0.6383238439519747,-0.6111359573680357,-0.7549537945977091
1782,after_phees_2022-08-08_13-47-33_0000081_labelled_Tabor_pheeseq_0000004_labelled_mE4.wav,-1.1133128397854104,-1.5004592872596012,-1.6333019873381158,-0.6733315145091449,-0.26907793038773054
1783,after_phees_2022-08-08_13-47-33_0000081_labelled_Tabor_pheeseq_0000004_labelled_mE5.wav,-1.254853166675641,-3.1138552297961817,-1.9414601292875129,1.1423923116346986,0.787954082627803
1784,after_phees_2022-08-08_13-47-33_0000081_labelled_Tabor_pheeseq_0000005_labelled_mC1.wav,-0.5540697377883289,-0.03749678623898026,-1.0647760691638595,0.611001969640293,-0.5219486458800442
1785,after_phees_2022-08-08_13-47-33_0000081_labelled_Tabor_pheeseq_0000005_labelled_mC2.wav,0.5811069571453131,-0.5358719157856288,0.17098509315098517,-1.0401850346134913,-0.24862886864565303
1786,after_phees_2022-08-08_13-47-33_0000081_labelled_Tabor_pheeseq_0000005_labelled_mC3.wav,0.17624078150702188,-1.7846134447445379,0.13047219163778115,-1.636090568086169,0.36628684120435956
1787,after_phees_2022-08-08_13-47-33_0000081_labelled_Tabor_pheeseq_0000009_labelled_mC1.wav,-0.9389399809918603,0.09186164975452497,-0.20824480014126032,-0.6661208850844166,-0.36760491880359475
1788,after_phees_2022-08-08_13-47-33_0000081_labelled_Tabor_pheeseq_0000009_labelled_mC2.wav,-1.5981825622114254,-0.5309125625520169,-0.5958129900442626,-0.8178820017498917,-0.34604609191487135
1789,after_phees_2022-08-08_13-47-33_0000081_labelled_Tabor_pheeseq_0000009_labelled_mC3.wav,-2.0770797192001056,-0.1764953853548438,-0.8373899688471044,-0.9577119356825128,0.0031811252761631773
1790,after_phees_2022-08-08_13-47-33_0000081_labelled_Tabor_pheeseq_0000010_labelled_mC1.wav,-2.9222796163684577,0.19808612025538433,-0.9504599547362215,-0.3169434265313225,-0.35946227262180563
1791,after_phees_2022-08-08_13-47-33_0000081_labelled_Tabor_pheeseq_0000010_labelled_mC2.wav,-0.8818552551833446,-0.728376046229904,0.38967361499831144,-0.7380147340922897,0.37518344962740835
1792,after_phees_2022-08-08_13-47-33_0000081_labelled_Tabor_pheeseq_0000010_labelled_mC3.wav,-1.8819467125312135,-0.37910104621895285,-0.5226749411688575,-0.2699213291603863,0.2859011795063882
1793,after_phees_2022-08-08_13-47-33_0000081_labelled_Tabor_pheeseq_0000018_labelled_mB1.wav,-2.882155856291108,-0.20063238140960607,0.24813694899804017,-0.3551386593822191,0.2506870518695327
1794,after_phees_2022-08-08_13-47-33_0000081_labelled_Tabor_pheeseq_0000018_labelled_mB2.wav,-2.8221801938712447,0.0930097665129918,-0.7457508750607929,0.25790678785880533,-0.02409496455314907
1795,after_phees_2022-08-08_13-47-33_0000081_labelled_Tabor_pheeseq_0000019_labelled_mC1.wav,-3.1059409402984457,0.7745220415346915,0.25511314497721516,0.14773848519511196,-0.16039741614128578
1796,after_phees_2022-08-08_13-47-33_0000081_labelled_Tabor_pheeseq_0000019_labelled_mC2.wav,-1.9119011773728218,-0.1902156775342386,-0.06384271624748901,-0.48424673024504244,-0.010551451516195062
1797,after_phees_2022-08-08_13-47-33_0000081_labelled_Tabor_pheeseq_0000019_labelled_mC3.wav,-2.7030073767834812,-0.18464157051201768,-1.0780048691430333,0.6022103331972081,0.2666820339354078
1798,after_phees_2022-08-08_13-47-33_0000081_labelled_Tabor_pheeseq_0000020_labelled_mC1.wav,-3.230306059943738,0.9815828273111683,0.3671913536361493,0.0011297233594298635,-0.20424900839475751
1799,after_phees_2022-08-08_13-47-33_0000081_labelled_Tabor_pheeseq_0000020_labelled_mC3.wav,-2.1808880346861277,0.6901182210410569,-0.5887481939074669,0.00459591622713551,-0.2591515720606907
1800,after_phees_2022-08-08_13-47-33_0000081_labelled_Tabor_pheeseq_0000020_labelled_mC4.wav,-2.9274177479115235,0.24975033066787738,-0.6241093108300729,0.5996383000492842,0.32493606276352577
1801,after_phees_2022-08-08_13-47-33_0000081_labelled_Tabor_pheeseq_0000021_labelled_mC1.wav,-2.782150428579871,0.3325286459254918,-0.7545156506389229,0.35292001148677854,0.11097293152213578
1802,after_phees_2022-08-08_13-47-33_0000081_labelled_Tabor_pheeseq_0000021_labelled_mC2.wav,-2.4069394776050874,0.1559899761249039,-0.49071007796904886,-0.16783585164253417,-0.663560207378392
1803,after_phees_2022-08-08_13-47-33_0000081_labelled_Tabor_pheeseq_0000021_labelled_mC3.wav,-2.616336587036409,-0.6550799166126319,-0.0077520409263158235,0.03798993516721332,0.4441561433337895
1804,after_phees_2022-08-08_13-47-33_0000081_labelled_Tabor_pheeseq_0000023_labelled_mC1.wav,-2.0527264700337278,0.11996484605213131,0.4344437022751484,0.06112132452659868,0.368108308561083
1805,after_phees_2022-08-08_13-47-33_0000081_labelled_Tabor_pheeseq_0000023_labelled_mC2.wav,-1.7586190381370361,-0.0721443323462146,0.28752588571781074,-0.40641560156433043,-0.18271635510910555
1806,after_phees_2022-08-08_13-47-33_0000081_labelled_Tabor_pheeseq_0000023_labelled_mC3.wav,-3.2451489087653846,0.9402203272493971,0.23794218569178974,0.36953317732955215,0.17917109723354
1807,after_phees_2022-08-08_13-47-33_0000081_labelled_Tabor_pheeseq_0000024_labelled_mB1.wav,-1.8235771256861313,0.7911339047900081,-0.3058685198022313,-0.405211601542447,0.5640725265972919
1808,after_phees_2022-08-08_13-47-33_0000081_labelled_Tabor_pheeseq_0000024_labelled_mB2.wav,-1.8053792174910777,0.41773712745918007,-0.5446239629694586,0.14900394583759236,-0.4890590793118867
1809,after_phees_2022-08-08_13-47-33_0000081_labelled_Tabor_pheeseq_0000026_labelled_mD1.wav,-0.988570837780963,-0.4639549582251065,0.7630091772162686,-0.9140228333808439,0.19566529175673125
1810,after_phees_2022-08-08_13-47-33_0000081_labelled_Tabor_pheeseq_0000026_labelled_mD2.wav,-0.688841979049637,-0.4993956441707467,-0.08151401062469518,-0.6266265495985843,-0.8006677310809223
1811,after_phees_2022-08-08_13-47-33_0000081_labelled_Tabor_pheeseq_0000026_labelled_mD3.wav,-1.5379117345006186,-1.2913272431618446,-1.1355368554186034,-0.775377083014542,-0.3950718816183228
1812,after_phees_2022-08-08_13-47-33_0000081_labelled_Tabor_pheeseq_0000026_labelled_mD4.wav,-3.506120572485559,-2.45488241203939,-2.8848289459957974,0.8001190966724084,0.6156098905365229
1813,after_phees_2022-08-08_13-47-33_0000081_labelled_Tabor_pheeseq_0000027_labelled_mD1.wav,-1.21974043468814,0.3433025925757852,0.14862343553035692,-0.5312436843451277,-0.1263907830210221
1814,after_phees_2022-08-08_13-47-33_0000081_labelled_Tabor_pheeseq_0000027_labelled_mD2.wav,-0.46122057281897755,-0.22833341290990433,0.13285007410317617,-0.584992481962239,-0.7923315345494765
1815,after_phees_2022-08-08_13-47-33_0000081_labelled_Tabor_pheeseq_0000027_labelled_mD3.wav,-1.5155415563608527,0.14650271769674092,-1.2129665210712637,-0.3399757822993923,-0.7084945864089361
1816,after_phees_2022-08-08_13-47-33_0000081_labelled_Tabor_pheeseq_0000027_labelled_mD4.wav,-1.5715270203891207,-1.9576534406026156,-1.5034283938880004,-1.4407182322778824,0.49782242503977164
1817,after_phees_2022-08-08_13-47-33_0000081_labelled_Tabor_pheeseq_0000030_labelled_mD1.wav,-1.7995765597095077,-0.5674146821884634,-0.8359507530180005,-0.5278306670599333,0.08892609784421249
1818,after_phees_2022-08-08_13-47-33_0000081_labelled_Tabor_pheeseq_0000030_labelled_mD2.wav,-0.3016849296367878,-1.1989323416274824,0.8466911333673001,-1.084124816143123,-0.6871723276745604
1819,after_phees_2022-08-08_13-47-33_0000081_labelled_Tabor_pheeseq_0000030_labelled_mD3.wav,-1.4975438086526898,-0.5592631676211518,-0.2284723576500933,-0.7455245328979498,-0.4913161128343491
1820,after_phees_2022-08-08_13-47-33_0000081_labelled_Tabor_pheeseq_0000030_labelled_mD4.wav,-1.3538273702197077,-1.7540404071008164,-0.8934989183147535,-0.8458975454508371,-0.8977267587825609
1821,after_phees_2022-08-08_14-12-29_0000082_labelled_Odin_pheeseq_0000004_labelled_mC1.wav,1.0787000738762558,-1.1255278519927667,1.0433812939694467,-1.0839136847583364,0.26228477924617866
1822,after_phees_2022-08-08_14-12-29_0000082_labelled_Odin_pheeseq_0000004_labelled_mC2.wav,3.642338227988906,-1.6259282216787323,1.1703510991773571,-0.14225370422367675,-0.25402642038286743
1823,after_phees_2022-08-08_14-12-29_0000082_labelled_Odin_pheeseq_0000004_labelled_mC3.wav,3.2573183886377963,-1.0721371036395302,-0.19322123769367713,0.5007805427267619,-0.01261586923305313
1824,after_phees_2022-08-08_14-12-29_0000082_labelled_Odin_pheeseq_0000006_labelled_mD1.wav,-0.23505116664258338,-1.2584066951427377,-1.4688880180655666,-0.21463501509536276,-0.10252016062619451
1825,after_phees_2022-08-08_14-12-29_0000082_labelled_Odin_pheeseq_0000006_labelled_mD3.wav,2.3645800353757616,-4.030631057342755,0.36425414470670436,0.8688891799087126,0.3412670346315712
1826,after_phees_2022-08-08_14-12-29_0000082_labelled_Odin_pheeseq_0000006_labelled_mD4.wav,3.0894693348458286,-3.64113648252064,0.4458892453388602,1.544471527718611,-0.7702940123038536
1827,after_phees_2022-08-08_14-12-29_0000082_labelled_Odin_pheeseq_0000006_labelled_mD5.wav,2.1755421086897133,-1.9564572389783461,-0.3536693459330988,0.6243153177405734,0.18061070833048337
1828,after_phees_2022-08-08_14-12-29_0000082_labelled_Odin_pheeseq_0000007_labelled_mD1.wav,0.1478111538193189,-3.2607618067461503,-0.3768958403512331,0.17003429855141908,-0.15418133365346376
1829,after_phees_2022-08-08_14-12-29_0000082_labelled_Odin_pheeseq_0000007_labelled_mD4.wav,3.1404036586696935,-3.26952013118584,0.8990375038237213,0.43193848496785153,-0.2592378438309782
1830,after_phees_2022-08-08_14-12-29_0000082_labelled_Odin_pheeseq_0000007_labelled_mD5.wav,3.35168741108693,-3.167866918792379,0.23534652543237142,1.438726964404672,-0.691766953862402
1831,after_phees_2022-08-08_14-12-29_0000082_labelled_Odin_pheeseq_0000007_labelled_mD6.wav,3.1391905468525345,-2.0704213697300538,-0.0628143320382035,0.90075694385464,-0.16293513106059423
1832,after_phees_2022-08-08_14-12-29_0000082_labelled_Odin_pheeseq_0000008_labelled_mD1.wav,-0.09550678572853272,-3.7072756033816416,0.09401440856368648,0.6703659008455144,0.040173486364058715
1833,after_phees_2022-08-08_14-12-29_0000082_labelled_Odin_pheeseq_0000008_labelled_mD3.wav,2.07757270853069,-5.5004550626936295,1.4742838821288615,0.20668015682084973,1.6890645891428018
1834,after_phees_2022-08-08_14-12-29_0000082_labelled_Odin_pheeseq_0000008_labelled_mD4.wav,3.3510470508206622,-4.362642346277875,1.4989234593233731,1.1900006805606715,-0.5548095027779306
1835,after_phees_2022-08-08_14-12-29_0000082_labelled_Odin_pheeseq_0000008_labelled_mD5.wav,3.7243531563946686,-3.9206722774782494,0.7537000087456862,1.3635439129901539,0.04864505109712654
1836,after_phees_2022-08-08_14-12-29_0000082_labelled_Odin_pheeseq_0000017_labelled_mC1.wav,3.8190906127683317,-0.7014492300263512,1.043360875403474,-0.6189263757305634,-0.21006775957867377
1837,after_phees_2022-08-08_14-12-29_0000082_labelled_Odin_pheeseq_0000017_labelled_mC2.wav,4.269001618287497,0.07712396845041117,0.9097111951356008,-1.0652019995463589,-0.3723159816898927
1838,after_phees_2022-08-08_14-12-29_0000082_labelled_Odin_pheeseq_0000017_labelled_mC3.wav,-1.0154344570654077,0.4114829214828067,-1.7999717983627026,0.9198280657303034,0.5816810918339831
1839,after_phees_2022-08-08_14-12-29_0000082_labelled_Odin_pheeseq_0000020_labelled_mE1.wav,1.0314167326486454,-0.4111115859711126,-1.4740649929916148,0.4381613937601378,0.31752908030184945
1840,after_phees_2022-08-08_14-12-29_0000082_labelled_Odin_pheeseq_0000020_labelled_mE2.wav,3.52028975447106,-0.7826685630444771,0.131923785419179,0.026492797527369313,-0.578788222555868
1841,after_phees_2022-08-08_14-12-29_0000082_labelled_Odin_pheeseq_0000020_labelled_mE3.wav,3.684450282044179,-0.96722503855572,-0.6744553834628136,0.2872376573316099,-0.00442372752374571
1842,after_phees_2022-08-08_14-12-29_0000082_labelled_Odin_pheeseq_0000020_labelled_mE4.wav,2.939668939885303,-1.441258131576298,0.011826621163707265,-0.878447099397441,0.13624927327055086
1843,after_phees_2022-08-08_14-12-29_0000082_labelled_Odin_pheeseq_0000020_labelled_mE5.wav,-2.2841619614940263,-2.708349911093794,-1.7980167580789723,1.739584893867129,0.2655273611425135
1844,after_phees_2022-08-08_14-12-29_0000082_labelled_Odin_pheeseq_0000021_labelled_mE1.wav,-0.04593228170784904,-0.07965630392253487,-2.696882791219672,1.2657292468268682,0.8197788475048374
1845,after_phees_2022-08-08_14-12-29_0000082_labelled_Odin_pheeseq_0000021_labelled_mE4.wav,3.2791916488990833,-1.69404685947798,-0.4366363729549945,0.5609147470651549,-0.10403129586393284
1846,after_phees_2022-08-08_14-12-29_0000082_labelled_Odin_pheeseq_0000021_labelled_mE5.wav,2.5792043772163757,-2.8408068379531204,0.5528805563924856,0.22163824312100935,0.2629906818308566
1847,after_phees_2022-08-08_14-12-29_0000082_labelled_Odin_pheeseq_0000023_labelled_mE1.wav,2.3106622166417266,-2.7123309312992347,0.43473088415118466,0.823640167507373,-0.5726977560776905
1848,after_phees_2022-08-08_14-12-29_0000082_labelled_Odin_pheeseq_0000023_labelled_mE4.wav,3.444128459184524,-3.4626311967760883,0.42543488264767154,1.5873097950520239,-0.7743532920121907
1849,after_phees_2022-08-08_14-12-29_0000082_labelled_Odin_pheeseq_0000023_labelled_mE5.wav,3.6855703515950475,-3.898820064398925,0.5716074614073675,0.8881573412425809,-0.23526834531794635
1850,after_phees_2022-08-08_14-12-29_0000082_labelled_Odin_pheeseq_0000023_labelled_mE6.wav,1.6778590246429412,-3.5009830539674596,-0.33082728919035037,0.891527819762514,-0.17460701257132386
1851,after_phees_2022-08-08_14-12-29_0000082_labelled_Odin_pheeseq_0000024_labelled_mD3.wav,3.4739333060362654,-3.2861330669479396,0.2437947241246105,2.003645457089369,-0.1922886599803168
1852,after_phees_2022-08-08_14-12-29_0000082_labelled_Odin_pheeseq_0000024_labelled_mD4.wav,3.345885168999985,-3.0931603001784738,0.46505186808458565,1.4609540248794683,-0.7359789238859065
1853,after_phees_2022-08-08_14-12-29_0000082_labelled_Odin_pheeseq_0000024_labelled_mD5.wav,2.745392737972361,-2.946788550845123,-0.29641352655010855,2.0764182661406076,-0.9275842831523028
1854,after_phees_2022-08-08_14-12-29_0000082_labelled_Odin_pheeseq_0000025_labelled_mD1.wav,0.32721684438495563,-3.3919575015967127,-0.8504602021853096,0.9069343221624657,0.6905890968178294
1855,after_phees_2022-08-08_14-12-29_0000082_labelled_Odin_pheeseq_0000025_labelled_mD3.wav,2.9046500170289775,-5.830686856640315,1.6236221461843134,-0.5141474314597013,1.9356548576185029
1856,after_phees_2022-08-08_14-12-29_0000082_labelled_Odin_pheeseq_0000025_labelled_mD5.wav,4.310917597069667,-4.044648836379236,0.9925809788796094,1.3625815089919382,-0.4211296795064466
1857,after_phees_2022-08-08_14-12-29_0000082_labelled_Odin_pheeseq_0000025_labelled_mD6.wav,3.941568820907737,-4.21932256306155,0.5291382851821098,2.482834730088434,-0.6257684630023996
1858,after_phees_2022-08-08_14-12-29_0000082_labelled_Odin_pheeseq_0000035_labelled_mC1.wav,1.703253465164494,0.15075301079420653,0.18513154833074896,-0.5700233186995339,0.0719210749924246
1859,after_phees_2022-08-08_14-12-29_0000082_labelled_Odin_pheeseq_0000035_labelled_mC2.wav,2.6697216514284157,0.06175125826620833,-0.21386916880528573,-0.6131307091995832,-0.22488414908351562
1860,after_phees_2022-08-08_14-12-29_0000082_labelled_Odin_pheeseq_0000035_labelled_mC3.wav,2.031677218739168,0.08915975080210307,-0.5251613590595919,0.2022180557858848,-0.5765031395120267
1861,after_phees_2022-08-08_14-12-29_0000082_labelled_Odin_pheeseq_0000037_labelled_mD1.wav,1.2783689826862716,-4.591936625570929,1.4676566627851015,-0.964934184595993,1.3917884777716412
1862,after_phees_2022-08-08_14-12-29_0000082_labelled_Odin_pheeseq_0000037_labelled_mD4.wav,2.743789757616137,-3.22753085905425,0.9701117823127853,0.3447446911118783,-0.2461087630114283
1863,after_phees_2022-08-08_14-12-29_0000082_labelled_Odin_pheeseq_0000037_labelled_mD5.wav,2.3462403015205386,-1.6046232259904043,-0.6659134626712411,0.31598713325643274,0.222191967401169
1864,after_phees_2022-08-08_14-12-29_0000082_labelled_Odin_pheeseq_0000038_labelled_mD1.wav,1.3147685539854725,-4.773906050926511,1.0618524185257987,-0.7457035368282526,1.6705999207839253
1865,after_phees_2022-08-08_14-12-29_0000082_labelled_Odin_pheeseq_0000038_labelled_mD3.wav,2.6631967165657495,-5.126858185551543,1.8837617798298771,-0.756683871110675,2.100326695458458
1866,after_phees_2022-08-08_14-12-29_0000082_labelled_Odin_pheeseq_0000038_labelled_mD4.wav,2.971603475387743,-3.637684797666897,0.6853856964550297,0.7286209661724574,-0.03673671446767923
1867,after_phees_2022-08-08_14-12-29_0000082_labelled_Odin_pheeseq_0000038_labelled_mD5.wav,2.918228522700367,-3.3985673464758186,0.3064676500775916,1.8772507143106596,-0.1682660855230414
1868,after_phees_2022-08-08_14-12-29_0000082_labelled_Odin_pheeseq_0000039_labelled_mD1.wav,0.8224148870712926,-0.4611202168551495,-1.6575087868405187,0.005830981643670124,0.07887600116045608
1869,after_phees_2022-08-08_14-12-29_0000082_labelled_Odin_pheeseq_0000039_labelled_mD6.wav,3.772643739150181,-2.579295237278185,0.11887809273306939,1.1587203913145998,-0.6743664931999306
1870,after_phees_2022-08-08_14-12-29_0000082_labelled_Odin_pheeseq_0000039_labelled_mD7.wav,3.348766443791674,-1.2749627082588197,-0.4212651945838227,0.6926438867467741,0.16184502874573964
1871,after_phees_2022-08-08_14-12-29_0000082_labelled_Odin_pheeseq_0000041_labelled_mC2.wav,3.519305934293726,0.04958086252967431,-0.07445622201926061,-0.2440530306076109,-0.3443125768290555
1872,after_phees_2022-08-08_14-12-29_0000082_labelled_Odin_pheeseq_0000041_labelled_mC3.wav,3.907251826336979,-0.8414171277277012,0.11377983745958402,-0.009411991245297662,0.7666216209435428
1873,after_phees_2022-08-08_14-12-29_0000082_labelled_Odin_pheeseq_0000043_labelled_mB1.wav,1.6296488435241188,-1.0694859480690189,0.7646588065875036,-1.0240416306577351,0.2758629127081519
1874,after_phees_2022-08-08_14-12-29_0000082_labelled_Odin_pheeseq_0000043_labelled_mB3.wav,2.600877756502783,-0.8589324167884416,0.5219910338797595,0.4773726278382377,-0.04306217782586855
1875,after_phees_2022-08-08_14-12-29_0000082_labelled_Odin_pheeseq_0000044_labelled_mD1.wav,2.1134423889255207,-0.5591460535972966,-0.46478404117138045,1.048434656004347,-0.23164801743465624
1876,after_phees_2022-08-08_14-12-29_0000082_labelled_Odin_pheeseq_0000044_labelled_mD2.wav,3.5111174380818846,-1.233507345360879,0.8750714873467004,-1.3315097853927418,0.6565953669155772
1877,after_phees_2022-08-08_14-12-29_0000082_labelled_Odin_pheeseq_0000044_labelled_mD3.wav,2.3618172566556574,-0.5656725760278833,0.27189951349122077,-0.4316943452109164,-0.4971656810978209
1878,after_phees_2022-08-08_14-12-29_0000082_labelled_Odin_pheeseq_0000044_labelled_mD4.wav,2.219249276341189,-1.541582095639219,0.14413696954676689,-0.8190168166796806,0.38749893892868664
1879,after_phees_2022-08-08_14-12-29_0000082_labelled_Odin_pheeseq_0000045_labelled_mD1.wav,0.9470751993208695,-3.163701491228856,-0.12486397295595231,0.41419814755754014,-0.38596954370154946
1880,after_phees_2022-08-08_14-12-29_0000082_labelled_Odin_pheeseq_0000045_labelled_mD4.wav,2.327225348515879,-1.5362278280912856,-0.5164167404302691,0.3353637310655798,0.21387876502782738
1881,after_phees_2022-08-08_14-12-29_0000082_labelled_Odin_pheeseq_0000045_labelled_mD5.wav,2.991487584091525,-1.8626106030113432,-0.08408515386259387,0.5803740895263081,-0.2869442402897342
1882,after_phees_2022-08-08_14-12-29_0000082_labelled_Odin_pheeseq_0000045_labelled_mD6.wav,2.954220664076735,-1.841506299735032,-0.21447011937742538,0.38646984304746895,-0.37012194618074645
1883,after_phees_2022-08-08_14-12-29_0000082_labelled_Odin_pheeseq_0000046_labelled_mD1.wav,2.5822519709254523,-0.9567006836205479,-0.7252871105298125,0.8212230556277167,-0.8294500829406255
1884,after_phees_2022-08-08_14-12-29_0000082_labelled_Odin_pheeseq_0000046_labelled_mD3.wav,4.85273716412671,-2.560405186582843,0.689997998676122,0.8271901385708412,-0.24916938132526809
1885,after_phees_2022-08-08_14-12-29_0000082_labelled_Odin_pheeseq_0000046_labelled_mD4.wav,3.5464416513454697,-0.6843749410880694,-0.5671681996034128,0.3982220929500981,0.10344857168499681
1886,after_phees_2022-08-08_14-12-29_0000082_labelled_Odin_pheeseq_0000046_labelled_mD5.wav,1.6501293826823384,0.7333669021298068,-1.480143565300649,1.3013396273681719,-0.06862412928732381
1887,after_phees_2022-08-08_14-12-29_0000082_labelled_Odin_pheeseq_0000047_labelled_mD5.wav,3.210669439504259,-3.502393549154879,0.1963214472536347,1.3775348863907968,-0.8317674416295826
1888,after_phees_2022-08-08_14-12-29_0000082_labelled_Odin_pheeseq_0000047_labelled_mD6.wav,3.2053878159983755,-3.0804901858625877,-0.07432167693617256,1.6660754633056711,0.007227936450583844
1889,after_phees_2022-08-08_14-12-29_0000082_labelled_Olympia_pheeseq_0000048_labelled_mB1.wav,-3.4911663900952523,1.7153668851861301,1.8006616104156943,0.8861919363313863,0.23457248483294388
1890,after_phees_2022-08-08_14-12-29_0000082_labelled_Olympia_pheeseq_0000048_labelled_mB2.wav,-2.9726103781188424,-0.4310461034412632,-0.09702747068962139,0.10148039588620286,0.8188767392891997
1891,after_phees_2022-08-08_14-38-44_0000083_labelled_Nougatti_pheeseq_0000002_labelled_mB1.wav,1.9364615732687607,-0.7788301474170277,2.6987672912767517,-0.5129451980217872,-0.33174888507605027
1892,after_phees_2022-08-08_14-38-44_0000083_labelled_Nougatti_pheeseq_0000008_labelled_mB1.wav,-0.3794197390089253,0.8570152206826729,0.18445301995366695,-0.5694354584411031,-0.4019396751997367
1893,after_phees_2022-08-08_14-38-44_0000083_labelled_Nougatti_pheeseq_0000008_labelled_mB2.wav,0.13187979868989566,-0.17019765236167214,-0.9752464230429031,-0.7967525512368874,-0.5471812024107439
1894,after_phees_2022-08-08_14-38-44_0000083_labelled_Nougatti_pheeseq_0000016_labelled_mB1.wav,-1.6032019765773016,1.0588681898135899,0.893759123804878,0.02240547943412985,0.30037191582307726
1895,after_phees_2022-08-08_14-38-44_0000083_labelled_Nougatti_pheeseq_0000016_labelled_mB2.wav,-0.5810487412935424,0.8594614524655828,0.12010124392708683,-0.12667786271497153,0.16428293052025228
1896,after_phees_2022-08-08_14-38-44_0000083_labelled_Nougatti_pheeseq_0000019_labelled_mB1.wav,-1.4590931030115406,1.2992111653094462,-0.9275456011292804,0.21895903730333235,0.15013924866941344
1897,after_phees_2022-08-08_14-38-44_0000083_labelled_Nougatti_pheeseq_0000019_labelled_mB3.wav,0.42307762794528353,0.47014472696064274,-0.36382036239556664,-0.03340530678849343,-0.12208079879380518
1898,after_phees_2022-08-08_14-38-44_0000083_labelled_Nougatti_pheeseq_0000020_labelled_mB1.wav,-0.8735011586702625,2.013064938284949,-0.5839560669240195,0.2992063056544665,0.12519726301551318
1899,after_phees_2022-08-08_14-38-44_0000083_labelled_Nougatti_pheeseq_0000020_labelled_mB2.wav,0.6113992660287932,0.7604496081801709,0.7693244834907522,0.21895018512491626,-0.3723184249923436
1900,after_phees_2022-08-08_14-38-44_0000083_labelled_Nougatti_pheeseq_0000022_labelled_mB1.wav,-0.7108860543879524,1.6452508692502177,-0.03601228294211697,0.6715491057235871,-0.08053566008239607
1901,after_phees_2022-08-08_14-38-44_0000083_labelled_Nougatti_pheeseq_0000022_labelled_mB2.wav,0.625053227030697,0.9126005118419733,0.3393928726150514,0.15652887930810766,-0.11518187789688936
1902,after_phees_2022-08-08_14-38-44_0000083_labelled_Nougatti_pheeseq_0000023_labelled_mB1.wav,-0.8734433187485845,1.269912545303087,0.18300080378758485,-0.19788520688366745,0.36589236785338786
1903,after_phees_2022-08-08_14-38-44_0000083_labelled_Nougatti_pheeseq_0000023_labelled_mB3.wav,0.5998364311270495,1.1184757231277298,0.9722034868895802,0.30998140158199183,-0.07385923513599787
1904,after_phees_2022-08-08_14-38-44_0000083_labelled_Nougatti_pheeseq_0000024_labelled_mB1.wav,-0.6923223028861274,1.1910138482039472,-1.5095532894988752,0.4406979737121359,0.23571610771497342
1905,after_phees_2022-08-08_14-38-44_0000083_labelled_Nougatti_pheeseq_0000024_labelled_mB2.wav,1.2908867808818247,0.6208529860031319,0.9148608564924336,-0.5188090533356863,0.0938214334926652
1906,after_phees_2022-08-08_14-38-44_0000083_labelled_Nougatti_pheeseq_0000025_labelled_mC1.wav,0.24936542226711403,0.9279927625576135,-0.47857088161175193,0.476111978058293,0.7482855494777497
1907,after_phees_2022-08-08_14-38-44_0000083_labelled_Nougatti_pheeseq_0000025_labelled_mC2.wav,0.9788076330861479,1.2578731541903376,0.11557041996777258,-0.0684792186597497,-0.11775937478812226
1908,after_phees_2022-08-08_14-38-44_0000083_labelled_Nougatti_pheeseq_0000025_labelled_mC3.wav,1.611672076117564,-0.08377693570249514,0.007306293234989808,0.45807171081007825,-0.5159978792267611
1909,after_phees_2022-08-08_14-38-44_0000083_labelled_Nougatti_pheeseq_0000036_labelled_mB1.wav,-1.7190136270527063,1.7946639952378514,0.5606679464830344,0.32974286367818967,-0.21006853048318555
1910,after_phees_2022-08-08_14-38-44_0000083_labelled_Nougatti_pheeseq_0000037_labelled_mB1.wav,-1.643156193088597,1.1508414045213584,1.0047912586146994,-0.19245470369566378,0.19189916084964403
1911,after_phees_2022-08-08_14-38-44_0000083_labelled_Nougatti_pheeseq_0000037_labelled_mB3.wav,0.7925096412698528,-0.5115644949855557,1.7646677669907074,-0.3767757800094359,-0.636620143808295
1912,after_phees_2022-08-08_14-38-44_0000083_labelled_Nougatti_pheeseq_0000038_labelled_mC1.wav,-0.3300055530176505,0.20892934453785675,-0.9412567079741583,-0.28549410852471074,0.22889049919406787
1913,after_phees_2022-08-08_14-38-44_0000083_labelled_Nougatti_pheeseq_0000038_labelled_mC2.wav,1.3488222196706918,-0.427311139679853,0.5218587301200407,-0.939847130351284,-0.5850531148431921
1914,after_phees_2022-08-08_14-38-44_0000083_labelled_Nougatti_pheeseq_0000038_labelled_mC3.wav,-1.695711181004046,-1.4890073866583546,-1.7636996617021818,0.10395806433799266,-0.781235171447844
1915,after_phees_2022-08-08_14-38-44_0000083_labelled_Nougatti_pheeseq_0000040_labelled_mB1.wav,-1.39787705858043,1.2786617414989607,0.27760469354553857,0.3540150550414484,-0.3992596304576383
1916,after_phees_2022-08-08_14-38-44_0000083_labelled_Nougatti_pheeseq_0000040_labelled_mB3.wav,1.0878520885709608,-0.0614846741028492,1.6912584651696374,-0.29709144449313135,-0.33233657561227753
1917,after_phees_2022-08-08_14-38-44_0000083_labelled_Nougatti_pheeseq_0000041_labelled_mB1.wav,-0.7512931254393699,1.0170396336725491,-0.15132194921313677,-0.4189923495292262,0.20623594079093366
1918,after_phees_2022-08-08_14-38-44_0000083_labelled_Nougatti_pheeseq_0000041_labelled_mB3.wav,0.5716326093591536,0.11739588322551225,0.5708077325312866,-0.09571150119878309,-0.9015012374742832
1919,after_phees_2022-08-08_14-38-44_0000083_labelled_Nougatti_pheeseq_0000043_labelled_mB1.wav,-1.591516024001216,1.2593336438674976,-0.7087750998466821,0.034197696097591296,-0.14050493676727835
1920,after_phees_2022-08-08_14-38-44_0000083_labelled_Nougatti_pheeseq_0000043_labelled_mB3.wav,0.3217076712449249,0.13003352439981491,0.28212065034804745,0.07727534558537905,-0.4229336525527268
1921,after_phees_2022-08-08_14-38-44_0000083_labelled_Nougatti_pheeseq_0000044_labelled_mB1.wav,-1.557294539559365,1.6103609540630879,-0.3899991496001202,-0.15111230353840358,-0.2309674368584037
1922,after_phees_2022-08-08_14-38-44_0000083_labelled_Nougatti_pheeseq_0000044_labelled_mB3.wav,1.3915267401604563,0.3477732773444783,1.4133232391974164,-0.6121519581296564,-0.44080762406802854
1923,after_phees_2022-08-08_14-38-44_0000083_labelled_Nougatti_pheeseq_0000045_labelled_mB1.wav,-0.7588188972041805,1.2940177898508531,-0.4988206038500838,0.38915105820825135,-0.30632256494529697
1924,after_phees_2022-08-08_14-38-44_0000083_labelled_Nougatti_pheeseq_0000045_labelled_mB2.wav,0.6567196032789452,0.6161354269015754,0.4554139041499015,0.047761029157923234,-0.459973677445924
1925,after_phees_2022-08-08_14-38-44_0000083_labelled_Nougatti_pheeseq_0000046_labelled_mB1.wav,-0.7747528663041768,1.4365277356903883,-0.02811107322239363,0.7454311741665853,-0.1487544487666197
1926,after_phees_2022-08-08_14-38-44_0000083_labelled_Nougatti_pheeseq_0000046_labelled_mB2.wav,1.0677563025537071,-0.15535209786695187,1.2695074859909403,-0.2684397917825398,-0.23391105734198334
1927,after_phees_2022-08-08_15-04-09_0000084_labelled_Nougatti_pheeseq_0000005_labelled_mB1.wav,-1.369244884221895,1.7603737478633925,0.2458088684990914,0.1448098469952375,-0.40148276907079977
1928,after_phees_2022-08-08_15-04-09_0000084_labelled_Nougatti_pheeseq_0000005_labelled_mB3.wav,-0.9694516604087169,0.5448657484215096,-1.0064615700336395,0.41041580258024846,-0.3044420863061394
1929,after_phees_2022-08-08_15-04-09_0000084_labelled_Nougatti_pheeseq_0000006_labelled_mB1.wav,-0.7351854090475236,1.8065316773352496,0.3433709565361777,0.4426716530205882,-0.400469878843791
1930,after_phees_2022-08-08_15-04-09_0000084_labelled_Nougatti_pheeseq_0000006_labelled_mB2.wav,0.6624178668160706,0.10708976451146388,1.0773277027415393,-0.3064474316317333,0.15280007691232467
1931,after_phees_2022-08-08_15-04-09_0000084_labelled_Nougatti_pheeseq_0000007_labelled_mB1.wav,-0.8021093096907225,1.2178162404342807,0.34035784194172136,-0.18335390623163425,0.30066906595432025
1932,after_phees_2022-08-08_15-04-09_0000084_labelled_Nougatti_pheeseq_0000007_labelled_mB3.wav,1.3166250040775502,0.48834713673620295,1.5730447393533873,-0.46435209825222756,-0.31538595021101945
1933,after_phees_2022-08-08_15-04-09_0000084_labelled_Nougatti_pheeseq_0000008_labelled_mC1.wav,-0.3065392668456233,1.252477447313517,-0.2974044944946314,-0.24592313808777813,0.31659538957832933
1934,after_phees_2022-08-08_15-04-09_0000084_labelled_Nougatti_pheeseq_0000008_labelled_mC3.wav,1.590006702586966,0.5862460575267132,1.3506283219089648,-0.7535347924584658,-0.4846526625060957
1935,after_phees_2022-08-08_15-04-09_0000084_labelled_Nougatti_pheeseq_0000008_labelled_mC4.wav,1.455414995693978,-1.344896597299359,-0.0802342683749668,-0.8627015488317167,-0.751525230146663
1936,after_phees_2022-08-08_15-04-09_0000084_labelled_Nougatti_pheeseq_0000009_labelled_mB1.wav,-0.5565627225959159,0.8025348529526671,0.04672978195932728,-0.2474006700533699,0.1649156440151324
1937,after_phees_2022-08-08_15-04-09_0000084_labelled_Nougatti_pheeseq_0000009_labelled_mB2.wav,2.091731430286916,0.16712694384513024,1.5307236279256098,-0.32479470472336675,-0.5956192704134795
1938,after_phees_2022-08-08_15-04-09_0000084_labelled_Nougatti_pheeseq_0000010_labelled_mB1.wav,0.06603019924269216,1.2829057442633096,-0.14424423887933618,0.3080767970387205,0.6503588573083814
1939,after_phees_2022-08-08_15-04-09_0000084_labelled_Nougatti_pheeseq_0000010_labelled_mB2.wav,0.8775741531134719,0.8172200886412773,0.36769530235576825,-0.09042128759836106,-0.5140139717145068
1940,after_phees_2022-08-08_15-04-09_0000084_labelled_Nougatti_pheeseq_0000011_labelled_mB1.wav,-0.0015055083149971276,1.3134182572566335,-0.47995823266531523,-0.45569405879650515,0.1978145924524507
1941,after_phees_2022-08-08_15-04-09_0000084_labelled_Nougatti_pheeseq_0000011_labelled_mB2.wav,1.8040021789866454,0.11004707094103046,0.7778035427763483,-0.36104417266198197,-0.1879431239915077
1942,after_phees_2022-08-08_15-04-09_0000084_labelled_Nougatti_pheeseq_0000026_labelled_mB1.wav,-2.000020448959101,1.5676618120764476,-0.6453931429121922,0.8388912373381362,0.737032913402396
1943,after_phees_2022-08-08_15-04-09_0000084_labelled_Nougatti_pheeseq_0000026_labelled_mB2.wav,-1.1432037411875762,0.9848216594510101,0.7556967844496199,0.8492027430062041,-0.5444578156069065
1944,after_phees_2022-08-08_15-04-09_0000084_labelled_Nougatti_pheeseq_0000027_labelled_mB1.wav,-1.4200605804399935,1.1817310665156031,-1.1684812071550224,0.19180241436428747,0.1138826412172668
1945,after_phees_2022-08-08_15-04-09_0000084_labelled_Nougatti_pheeseq_0000027_labelled_mB2.wav,0.12182861964722276,0.5185292119121674,0.6283844763749473,-0.19761490445402274,-0.621284658992637
1946,after_phees_2022-08-08_15-04-09_0000084_labelled_Nougatti_pheeseq_0000028_labelled_mB1.wav,-1.3359541898081,0.5252194605995685,0.4062412012078803,0.3771572689702509,0.6460178043732031
1947,after_phees_2022-08-08_15-04-09_0000084_labelled_Nougatti_pheeseq_0000028_labelled_mB2.wav,-0.1886922876358783,0.1942014139908245,0.9677989461698517,0.29544963481311487,-0.3881496222167751
1948,after_phees_2022-08-08_15-04-09_0000084_labelled_Nougatti_pheeseq_0000029_labelled_mB1.wav,-1.4832620571933826,1.0851386245721397,-0.6923639688763463,0.645177865693928,0.27699322521382297
1949,after_phees_2022-08-08_15-04-09_0000084_labelled_Nougatti_pheeseq_0000029_labelled_mB2.wav,0.5555464950228021,0.2844644307781358,1.1821426775185675,-0.4334884278836389,0.14625152276753234
1950,after_phees_2022-08-08_15-04-09_0000084_labelled_Nougatti_pheeseq_0000030_labelled_mB1.wav,-0.5932932202744975,0.5822292252979624,-0.8367977494428159,-0.07228177477906081,0.5733051525563962
1951,after_phees_2022-08-08_15-04-09_0000084_labelled_Nougatti_pheeseq_0000030_labelled_mB2.wav,0.6371128197433608,0.8616711884561689,0.19449369121357626,-0.08536763140911172,-0.22665292990397298
1952,after_phees_2022-08-08_15-04-09_0000084_labelled_Nougatti_pheeseq_0000031_labelled_mB1.wav,-0.05390830296733004,1.6793614232984626,0.6067629639343477,0.12764637128926262,0.34509593435484637
1953,after_phees_2022-08-08_15-04-09_0000084_labelled_Nougatti_pheeseq_0000031_labelled_mB2.wav,0.4310296987233841,0.7147749509060973,-0.3810307302397448,0.40087231355310005,0.5425776465524315
1954,after_phees_2022-08-08_15-04-09_0000084_labelled_Nougatti_pheeseq_0000032_labelled_mB1.wav,-0.14247895350055811,1.6228499777236964,-0.016244412625492116,-0.010858489139543837,0.462065530225949
1955,after_phees_2022-08-08_15-04-09_0000084_labelled_Nougatti_pheeseq_0000032_labelled_mB2.wav,1.5420599394909182,0.5905076467932658,1.1364218294576047,-0.8579077639837108,-0.44571985735604996
1956,after_phees_2022-08-08_15-04-09_0000084_labelled_Nougatti_pheeseq_0000033_labelled_mC1.wav,0.325172467327782,0.456349438796455,0.4555109592794675,-0.5479243277752407,0.6013533654548656
1957,after_phees_2022-08-08_15-04-09_0000084_labelled_Nougatti_pheeseq_0000033_labelled_mC2.wav,1.9077115561899471,-0.308198875947271,0.7744938045068072,-0.6453761801158324,-0.7065761137892014
1958,after_phees_2022-08-08_15-04-09_0000084_labelled_Nougatti_pheeseq_0000033_labelled_mC3.wav,0.5442819363437557,-1.8263777893132351,-0.3502265409058621,-0.8450050940039666,-0.42977313932864
1959,after_trills_2022-07-19_14-36-49_0000021_labelled_Wuschel_pheeseq_0000013_labelled_mB1.wav,5.996261392916015,0.3083930421568961,-2.2161954461768514,0.567323081721062,0.7448704742367144
1960,after_trills_2022-07-19_14-36-49_0000021_labelled_Wuschel_pheeseq_0000013_labelled_mB2.wav,5.21751915785467,1.1234363180292308,-1.5182524478223458,-0.9144251841296751,-0.2520113288437469
1961,after_trills_2022-07-20_15-39-45_0000028_labelled_Tabor_pheeseq_0000011_labelled_mC1.wav,0.9984679122959358,-1.1027818619324825,-0.7313643612483962,-0.4256531212498052,0.351546770120172
1962,after_trills_2022-07-20_15-39-45_0000028_labelled_Tabor_pheeseq_0000011_labelled_mC2.wav,-0.7338226670220868,-2.258063336353254,-1.3869557089878002,-0.03827108427469188,-0.396335572301747
1963,after_trills_2022-07-20_15-39-45_0000028_labelled_Tabor_pheeseq_0000011_labelled_mC3.wav,-1.1515093446116635,-1.887352880331422,-1.3122639844860364,-0.3274982544514945,-0.27150962849461296
1964,after_trills_2022-07-20_15-39-45_0000028_labelled_Tabor_pheeseq_0000012_labelled_mB1.wav,0.9201404074883041,-1.1258505424961587,-1.2663263210507285,-1.0549460770234294,0.09402416306592193
1965,after_trills_2022-07-20_15-39-45_0000028_labelled_Tabor_pheeseq_0000012_labelled_mB2.wav,1.7571147505388458,-1.0511136073612317,-1.1167262548814674,0.4002700278110386,-0.6779249375964731
1966,after_trills_2022-07-21_10-47-45_0000032_labelled_Odin_pheeseq_0000017_labelled_mB1.wav,-2.773572938187628,0.5581765829817614,3.6866643247082798,2.105018319330628,0.9772329579059517
1967,after_trills_2022-07-21_13-24-59_0000034_labelled_Olympia_pheeseq_0000033_labelled_mB2.wav,-1.4518521282323604,-1.3640021526405144,-0.9421584678900439,-0.5339023938808631,-0.3054865678227002
1968,after_trills_2022-07-21_13-48-52_0000035_labelled_Tabor_pheeseq_0000002_labelled_mD1.wav,-0.9065854014652895,-0.45940001493124166,-2.3665979459875857,0.15148666416199247,-0.21587737691936215
1969,after_trills_2022-07-21_13-48-52_0000035_labelled_Tabor_pheeseq_0000002_labelled_mD2.wav,-0.7576226326315622,-2.156653487233258,-1.157399390806763,-0.03238457038245615,-0.45852990355672857
1970,after_trills_2022-07-21_13-48-52_0000035_labelled_Tabor_pheeseq_0000002_labelled_mD3.wav,-1.4655335933719666,-1.506884653893077,-1.4521777647813412,-0.3174937084761137,0.011734735624343962
1971,after_trills_2022-07-21_13-48-52_0000035_labelled_Tabor_pheeseq_0000002_labelled_mD4.wav,-3.0622875545377033,-1.1322078729935268,-2.288298843508203,-0.12510135946999026,0.02270096522876014
1972,after_trills_2022-07-21_13-48-52_0000035_labelled_Tabor_pheeseq_0000009_labelled_mB1.wav,-1.101344734332047,-0.07940954030449934,-0.6621117324121832,-0.040498444587270775,0.38316607210475273
1973,after_trills_2022-07-21_13-48-52_0000035_labelled_Tabor_pheeseq_0000009_labelled_mB2.wav,-1.781442607043363,0.056438634676590535,-1.8748530158002148,0.13871995910697515,0.10728526836918491
1974,after_trills_2022-07-21_13-48-52_0000035_labelled_Tabor_pheeseq_0000011_labelled_mB2.wav,-0.9413965436875464,0.35414593488577095,0.4374437557646773,1.6730105206874253,0.007324295406011625
1975,after_trills_2022-07-26_13-45-13_0000050_labelled_Tabor_pheeseq_0000002_labelled_mC1.wav,-0.613013995748927,-1.1455095873855068,-2.2388458755477494,1.025401240981829,-0.09314425200854183
1976,after_trills_2022-07-26_13-45-13_0000050_labelled_Tabor_pheeseq_0000002_labelled_mC2.wav,-0.20163947000083005,-2.6649027140403763,0.22903925892169932,-1.1613341511583535,0.392559435939218
1977,after_trills_2022-07-26_13-45-13_0000050_labelled_Tabor_pheeseq_0000014_labelled_mD1.wav,0.5775327943546186,-1.4752195233357508,-1.419002294343461,0.38867259502245927,-0.0952042140853511
1978,after_trills_2022-07-26_13-45-13_0000050_labelled_Tabor_pheeseq_0000014_labelled_mD2.wav,1.207230292451715,-1.6497192326714871,-0.6667502674198026,-0.5136098095645458,-0.13923739189973822
1979,after_trills_2022-07-26_13-45-13_0000050_labelled_Tabor_pheeseq_0000014_labelled_mD3.wav,-0.4766772899196269,-1.3963155484059326,-1.2729960011312917,-0.10625946336507779,-0.10570294309194996
1980,after_trills_2022-07-26_13-45-13_0000050_labelled_Tabor_pheeseq_0000014_labelled_mD4.wav,-2.3732337138307984,-2.7854879521807026,-2.37273026114875,2.123366652081837,0.9136498751606897
1981,after_trills_2022-07-26_13-45-13_0000050_labelled_Tabor_pheeseq_0000015_labelled_mD1.wav,0.8741466786599009,-0.8722203088489443,-1.7631421150894155,0.373668872147612,0.13039000784130997
1982,after_trills_2022-07-26_13-45-13_0000050_labelled_Tabor_pheeseq_0000015_labelled_mD2.wav,1.1374462217607482,-2.497696503254434,0.7205300535803203,-0.7506957142825693,0.11351436574676249
1983,after_trills_2022-07-26_13-45-13_0000050_labelled_Tabor_pheeseq_0000015_labelled_mD3.wav,-0.38806379012050524,-1.495388623620604,-1.2383339490490444,-0.23891635853569365,-0.31989623750628327
1984,after_trills_2022-07-26_13-45-13_0000050_labelled_Tabor_pheeseq_0000015_labelled_mD4.wav,-2.6099910197227385,-1.4429164223446453,-1.9864279766150654,-0.6900765584741677,0.5232601453918141
1985,after_trills_2022-07-26_15-00-39_0000053_labelled_Nougatti_pheeseq_0000009_labelled_mC2.wav,-0.230626088299468,-1.6111976363665916,0.6057114099092276,-0.643463246604519,-0.3607569520632742
1986,after_trills_2022-07-26_15-00-39_0000053_labelled_Nougatti_pheeseq_0000009_labelled_mC3.wav,-2.0884390647997173,-1.8235575311597167,-0.6627310333321939,-0.5129378978408362,-0.41158474954055413
1987,after_trills_2022-07-26_15-00-39_0000053_labelled_Nougatti_pheeseq_0000019_labelled_mB1.wav,0.8978526071883501,1.6692332780822783,-2.178340085249478,0.23109164976353483,-0.03130276190911942
1988,after_trills_2022-07-26_15-00-39_0000053_labelled_Nougatti_pheeseq_0000019_labelled_mB2.wav,-0.8665147591068266,-0.22862030771060166,-1.1366022885991145,-0.42100839278179936,0.27655269423287754
1989,after_trills_2022-07-26_15-00-39_0000053_labelled_Nougatti_pheeseq_0000021_labelled_mD2.wav,2.0609042402343345,-0.7206329657861366,0.9245489453338044,-0.0960696778859902,-0.46933859072055756
1990,after_trills_2022-07-26_15-00-39_0000053_labelled_Nougatti_pheeseq_0000021_labelled_mD3.wav,-1.4192586267991525,-1.5836119022829511,-0.4207467599819185,0.18052497913920315,-0.12310445289804894
1991,after_trills_2022-07-26_15-00-39_0000053_labelled_Nougatti_pheeseq_0000021_labelled_mD4.wav,-4.693091605201714,-3.2054640275736395,-2.4163731466412375,0.4972180764857327,0.26131424972399914
1992,after_trills_2022-07-27_10-24-07_0000055_labelled_Tabor_pheeseq_0000002_labelled_mC1.wav,0.1629022409110008,-1.108405330923643,-0.8873510046328548,-0.9461786159433443,0.36591777949447357
1993,after_trills_2022-07-27_10-24-07_0000055_labelled_Tabor_pheeseq_0000002_labelled_mC2.wav,0.24876251934539856,-1.866402280462471,-1.0568785520450727,0.17123050010839833,-0.6119238791556908
1994,after_trills_2022-07-27_10-24-07_0000055_labelled_Tabor_pheeseq_0000002_labelled_mC3.wav,-0.21321686690568825,-1.5059264146084645,-1.2209876201694827,-0.09497716443648867,-0.39024798793406534
1995,after_trills_2022-07-27_10-54-22_0000056_labelled_Odin_pheeseq_0000006_labelled_mB2.wav,-0.9394885225229757,-0.33425971272640576,-0.7472242801754486,0.050892452612564545,0.4375905866051176
1996,after_trills_2022-07-27_11-30-42_0000057_labelled_Lola_pheeseq_0000004_labelled_mB1.wav,4.6212040692170895,4.5112718127863625,-4.040602546104824,0.0017629674830592337,0.6312865774085484
1997,after_trills_2022-07-27_11-30-42_0000057_labelled_Lola_pheeseq_0000004_labelled_mB2.wav,5.744393334202309,-0.7407616546634938,0.40833990371663387,-0.2782452173215437,1.122510913187171
1998,after_trills_2022-08-02_15-01-39_0000067_labelled_Tabor_pheeseq_0000006_labelled_mD1.wav,-0.04416712633940894,0.03675953326063001,-2.517592600734756,0.16702984317486871,-0.236444621018249
1999,after_trills_2022-08-02_15-01-39_0000067_labelled_Tabor_pheeseq_0000006_labelled_mD2.wav,1.050027006713695,-3.0034630320063544,0.41780907362788317,-0.3594750458866119,0.3409030424981374
2000,after_trills_2022-08-02_15-01-39_0000067_labelled_Tabor_pheeseq_0000006_labelled_mD3.wav,-0.27509199995740286,-2.3936706326763826,-0.4196185111883605,-0.3706315825951925,0.10669280575336187
2001,after_trills_2022-08-02_15-01-39_0000067_labelled_Tabor_pheeseq_0000006_labelled_mD4.wav,-1.8436518868245169,-2.0520613817377162,-1.289573334222934,-0.379305776119243,-0.13922813060135397
2002,after_trills_2022-08-02_15-01-39_0000067_labelled_Tabor_pheeseq_0000025_labelled_mB1.wav,0.8746577151441737,-2.8687394210053982,-0.177422910457552,-0.49406377668895485,0.7355139184056888
2003,after_trills_2022-08-02_15-01-39_0000067_labelled_Tabor_pheeseq_0000025_labelled_mB2.wav,-0.14250508328258985,-2.4849870855446676,-0.9891454442598646,0.22951837702344685,0.9251924545027468
2004,after_trills_2022-08-02_15-01-39_0000067_labelled_Tabor_pheeseq_0000027_labelled_mD1.wav,1.101023409199031,-1.372777785534892,-1.2035526978712967,-0.5582481694599826,0.294949971787155
2005,after_trills_2022-08-02_15-01-39_0000067_labelled_Tabor_pheeseq_0000027_labelled_mD2.wav,1.2497537581552907,-1.4214075681147011,-0.6627265157813663,-0.37008385675754224,0.16619741146146397
2006,after_trills_2022-08-02_15-01-39_0000067_labelled_Tabor_pheeseq_0000027_labelled_mD3.wav,0.8636117385887964,-2.5205554107750214,-0.13305285096198358,-0.12415121202681019,-0.3871700984213279
2007,after_trills_2022-08-02_15-01-39_0000067_labelled_Tabor_pheeseq_0000027_labelled_mD4.wav,-0.9133864785187564,-2.5248926756167114,-1.0131289724400778,-0.3873080702125898,0.6447478683857908
2008,after_trills_2022-08-02_15-01-39_0000067_labelled_Tabor_pheeseq_0000028_labelled_mB1.wav,0.749435998339077,-2.9781932112202236,-0.12150778082668787,-0.5288526477523351,0.6476438672382384
2009,after_trills_2022-08-02_15-01-39_0000067_labelled_Tabor_pheeseq_0000028_labelled_mB2.wav,-0.20063920134405347,-2.6230711536344415,-0.7922278521721718,-0.03271579266964475,0.44061858931537207
2010,after_trills_2022-08-02_15-01-39_0000067_labelled_Tabor_pheeseq_0000029_labelled_mD1.wav,0.3181192720244351,-0.9635951020288543,-1.9757292273806744,-0.3313734618521711,-0.06981321745127941
2011,after_trills_2022-08-02_15-01-39_0000067_labelled_Tabor_pheeseq_0000029_labelled_mD2.wav,1.6454155388425906,-1.8988580950923537,-0.20749079416970087,-0.07537586418792937,-0.3006903801998338
2012,after_trills_2022-08-02_15-01-39_0000067_labelled_Tabor_pheeseq_0000029_labelled_mD3.wav,0.5637746407561426,-1.8647962622559089,-0.580487856896565,-0.519225035987577,0.026559207732926506
2013,after_trills_2022-08-02_15-01-39_0000067_labelled_Tabor_pheeseq_0000029_labelled_mD4.wav,-1.7146598281767487,-2.4826867166358833,-1.001839847102541,0.5341614154091243,0.25286577874941885
2014,after_trills_2022-08-02_15-01-39_0000067_labelled_Tabor_pheeseq_0000030_labelled_mD1.wav,-1.5947390665556513,-0.9179895638307591,-2.3372536048848622,0.07310527167819614,-0.2959241207105579
2015,after_trills_2022-08-02_15-01-39_0000067_labelled_Tabor_pheeseq_0000030_labelled_mD2.wav,0.5598278782736674,-2.595948622013549,0.23385149933364927,-0.93708027096991,0.3557892086545279
2016,after_trills_2022-08-02_15-01-39_0000067_labelled_Tabor_pheeseq_0000030_labelled_mD3.wav,-0.8531791115970666,-2.0031601633447327,-1.0956304462017068,-0.22779706337729858,-0.5213302369777274
2017,after_trills_2022-08-02_15-01-39_0000067_labelled_Tabor_pheeseq_0000030_labelled_mD4.wav,-2.073738537035811,-2.0990389312297375,-1.501713660841141,-0.42926729105115247,-0.08382613222287451
2018,after_trills_2022-08-02_15-01-39_0000067_labelled_Tabor_pheeseq_0000032_labelled_mD1.wav,0.6289414517748673,-0.7863709752508697,-1.8571313668551206,0.21400508905367618,0.2349551236553692
2019,after_trills_2022-08-02_15-01-39_0000067_labelled_Tabor_pheeseq_0000032_labelled_mD2.wav,0.8559435585404568,-1.8417608232179794,0.13896442181075197,-0.10305011869797105,-0.09075237585677548
2020,after_trills_2022-08-02_15-01-39_0000067_labelled_Tabor_pheeseq_0000032_labelled_mD3.wav,-0.46664670192366126,-2.0674317941561386,-0.23846546772884125,-0.6918940234407502,-0.03712991768684484
2021,after_trills_2022-08-02_15-01-39_0000067_labelled_Tabor_pheeseq_0000032_labelled_mD4.wav,-2.1758886661183854,-1.8539709964849447,-1.1075099839628533,-0.26537467198150305,0.01594251068087452
2022,after_trills_2022-08-03_14-57-11_0000071_labelled_Odin_pheeseq_0000017_labelled_mB1.wav,2.4061452181105287,-1.6903861482916347,3.108048508204067,-1.521243897412914,0.9726924952866128
2023,after_trills_2022-08-03_14-57-11_0000071_labelled_Odin_pheeseq_0000017_labelled_mB2.wav,1.7001631680832945,0.8823476532091212,-1.7413460326051577,0.5704350068219528,0.8679372053509925
2024,after_trills_2022-08-03_15-37-31_0000072_labelled_Nougatti_pheeseq_0000004_labelled_mB1.wav,0.8520204305331176,0.9762389528343781,1.8607897286215394,-0.4257612931178117,-0.04435356811105971
2025,after_trills_2022-08-03_15-37-31_0000072_labelled_Nougatti_pheeseq_0000004_labelled_mB2.wav,0.7573621595466395,-0.46900815142536145,-0.7125946792071224,-0.7004571932339568,0.5571974491198092
2026,after_trills_2022-08-04_09-19-20_0000073_labelled_Nougatti_pheeseq_0000002_labelled_mC2.wav,2.4352922067159137,-1.1561343527011394,1.6851936597757102,-1.5435663674643307,0.5119882098677858
2027,after_trills_2022-08-04_09-19-20_0000073_labelled_Nougatti_pheeseq_0000002_labelled_mC3.wav,-0.6986694571599636,-0.841715193831215,-0.43954551407626696,-0.24907205154264753,-0.3107750555299622
2028,after_trills_2022-08-04_09-45-02_0000074_labelled_Odin_pheeseq_0000028_labelled_mB2.wav,0.3566613113720678,-1.2272260634109229,-1.5545130133338834,0.5011712011223093,0.2701186802712478
2029,after_trills_2022-08-04_09-45-02_0000074_labelled_Odin_pheeseq_0000036_labelled_mB2.wav,0.5050513664392557,-0.249607319194029,0.004249667772928596,-0.0028278344024315998,0.9536971023781503
2030,after_trills_2022-08-04_10-08-02_0000075_labelled_Odin_pheeseq_0000036_labelled_mC2.wav,0.9707342249734953,1.1891369574081139,-1.1324199679993363,-0.11655219637666164,0.4796376996399233
2031,after_trills_2022-08-04_10-08-02_0000075_labelled_Odin_pheeseq_0000036_labelled_mC3.wav,-2.1512920685957893,-1.7086313607550605,-1.319762349608805,0.6970754041112549,1.0519190322230014
2032,after_trills_2022-08-04_10-49-33_0000076_labelled_Tabor_pheeseq_0000017_labelled_mB1.wav,0.40819046073190285,0.19137032031471457,-2.468267233649823,-0.9410463677674762,0.15635627411835482
2033,after_trills_2022-08-04_10-49-33_0000076_labelled_Tabor_pheeseq_0000017_labelled_mB2.wav,1.014569216896635,-1.0860433641937304,-0.7133663345291659,-1.0368433071999958,-0.16499237477174541
2034,after_trills_2022-08-04_10-49-33_0000076_labelled_Tabor_pheeseq_0000039_labelled_mC1.wav,1.4474814154460809,-2.6764522233139734,0.304258563241741,-0.6281351502192927,0.1778545013631966
2035,after_trills_2022-08-04_10-49-33_0000076_labelled_Tabor_pheeseq_0000039_labelled_mC2.wav,0.6690223856102079,-2.8030687081994263,0.0562790755319193,-0.781895644218253,0.44345347339345853
2036,after_trills_2022-08-04_10-49-33_0000076_labelled_Tabor_pheeseq_0000039_labelled_mC3.wav,-2.1938124808588033,-1.4059776791662226,-1.9709280539786194,0.14851020682256794,-0.40223666930935703
2037,after_trills_2022-08-04_10-49-33_0000076_labelled_Tabor_pheeseq_0000043_labelled_mB1.wav,1.4599981285059833,-2.214909846658572,-0.07771955086047976,-0.7123285956459611,0.5839180488203493
2038,after_trills_2022-08-04_10-49-33_0000076_labelled_Tabor_pheeseq_0000043_labelled_mB2.wav,-0.4166951811959425,-3.1298572981534303,-0.5797499135792977,-0.34437286941579615,-0.11086162224386606
2039,after_trills_2022-08-08_10-34-30_0000077_labelled_Wuschel_pheeseq_0000022_labelled_mB1.wav,-0.6050844182989795,-3.6513621374029186,-0.3446633417518402,0.27814015432025707,0.11140650457729946
2040,after_trills_2022-08-08_10-34-30_0000077_labelled_Wuschel_pheeseq_0000022_labelled_mB2.wav,-2.9099138637152717,-1.3625728161005892,-2.318765770862968,0.19051167120810233,0.16741033300070432
2041,after_trills_2022-08-08_14-38-46_0000083_labelled_Nougatti_pheeseq_0000005_labelled_mB1.wav,2.398128592387324,1.8155685812251197,-1.0563384973216416,-0.24861236868010658,-0.05381089943396467
2042,after_trills_2022-08-08_14-38-46_0000083_labelled_Nougatti_pheeseq_0000005_labelled_mB2.wav,1.3990555758973289,-1.9115690290699034,0.8730277334914972,-0.9017294418879108,0.028592092274565262
2043,after_trills_2022-08-08_14-38-46_0000083_labelled_Nougatti_pheeseq_0000057_labelled_mB1.wav,1.6501367693008693,1.4512327782898302,2.5965252832991337,-1.3387313456358783,0.32548811685608503
2044,after_trills_2022-08-08_14-38-46_0000083_labelled_Nougatti_pheeseq_0000057_labelled_mB2.wav,0.37389529383845355,-1.6724719245871593,0.20663480950882313,-0.44486208236058167,-0.21634882726893284
2045,after_trills_2022-08-08_14-38-46_0000083_labelled_Nougatti_pheeseq_0000077_labelled_mB1.wav,1.0555398139988883,0.21270667799644305,1.4364159520554707,-1.4451652165260278,0.4332748240886626
2046,after_trills_2022-08-08_14-38-46_0000083_labelled_Nougatti_pheeseq_0000077_labelled_mB2.wav,-0.857875049602971,-2.573357893813607,0.18467831390708728,-0.9514596848241867,-0.6343463329440732
2047,after_trills_2022-08-08_15-04-10_0000084_labelled_Wuschel_pheeseq_0000003_labelled_mB1.wav,-3.5364792608601414,-0.3613276839055994,0.15803091575494482,0.1085699363131182,-0.5965351731506323
2048,after_trills_2022-08-08_15-04-10_0000084_labelled_Wuschel_pheeseq_0000003_labelled_mB2.wav,-2.1899894601266503,-1.5685087485075244,-2.3761175427726258,0.8597207326943899,0.28018022811815463
2049,before_phees_2022-02-17_09-53-35_0000039_labelled_Nougatti_pheeseq_02_labelled_mB2.wav,1.0948051498609663,-3.558923457551167,0.8653868899270996,-1.6973045015214874,0.08341116295884794
2050,before_phees_2022-02-17_09-53-35_0000039_labelled_Tabor_pheeseq_01_labelled_mB1.wav,-3.2176603205831276,0.029281457442289972,0.3137618796197143,0.05842913872074136,0.7758016070116862
2051,before_phees_2022-02-17_09-53-35_0000039_labelled_Tabor_pheeseq_01_labelled_mB2.wav,-3.464762420751828,-0.24126173167826703,-1.096095932249309,0.07818994408518487,0.06630233460792116
2052,before_phees_2022-02-22_09-14-37_0000041_labelled_Odin_phee_01_labelled_mG1.wav,0.4891431739588399,-0.1891242749352673,0.11648986114387704,-0.020888477993311384,0.8652181341886166
2053,before_phees_2022-02-22_09-14-37_0000041_labelled_Odin_phee_01_labelled_mG2.wav,1.7406501015931215,-1.5086042297827733,-0.24334905507156124,0.9485524236682349,0.9148975766342053
2054,before_phees_2022-02-22_09-14-37_0000041_labelled_Odin_phee_01_labelled_mG3.wav,1.447043505598624,-1.5969037441219567,0.022491275086300333,0.47582906649503215,0.30442913774205727
2055,before_phees_2022-02-22_09-14-37_0000041_labelled_Odin_phee_01_labelled_mG4.wav,1.2715884651324088,-1.3471743248086423,-0.04384936545002927,0.7999087961222799,-0.7343634570163138
2056,before_phees_2022-02-22_09-14-37_0000041_labelled_Odin_phee_01_labelled_mG5.wav,-0.26794307990145044,-1.296146250544938,-0.6513779905222083,0.5417522106441042,-0.013540298221611803
2057,before_phees_2022-02-22_09-14-37_0000041_labelled_Odin_phee_01_labelled_mG6.wav,0.37808416107217657,-1.8925636815015319,-0.38828403065758677,1.1389454499198315,-0.13358453495304629
2058,before_phees_2022-02-22_09-14-37_0000041_labelled_Odin_phee_01_labelled_mG7.wav,-0.7977825684140365,-1.900688192913067,-1.2248994941294065,1.2224880065272985,0.8621233889803008
2059,before_phees_2022-02-22_09-14-37_0000041_labelled_Odin_pheeseq_03_labelled_mD1.wav,2.030764729515155,-5.713489889486594,1.5728498677613703,0.4660877464054827,1.676353149761901
2060,before_phees_2022-02-22_09-14-37_0000041_labelled_Odin_pheeseq_03_labelled_mD2.wav,2.083952484606872,-4.906487857829392,1.1279690752653255,1.1272748286583307,-0.2136092020142846
2061,before_phees_2022-02-22_09-14-37_0000041_labelled_Odin_pheeseq_03_labelled_mD3.wav,2.54207871569012,-5.25060539207306,1.3962039078007353,1.7523147574009885,-0.16638824980482417
2062,before_phees_2022-02-22_09-14-37_0000041_labelled_Odin_pheeseq_03_labelled_mD4.wav,1.578896581399956,-3.730958871329291,0.4447859663443207,2.0557637004133564,-1.3063543787039695
2063,before_phees_2022-02-22_09-14-37_0000041_labelled_Odin_pheeseq_07_labelled_mC1.wav,3.341629785687722,-2.3315649106866707,-0.27279099870491846,1.8951358797187847,-1.0417403326548518
2064,before_phees_2022-02-22_09-14-37_0000041_labelled_Odin_pheeseq_07_labelled_mC2.wav,3.8395446817746874,-3.7267975090542267,0.6163704252131518,1.8783616392250653,-0.935437175877885
2065,before_phees_2022-02-22_09-14-37_0000041_labelled_Odin_pheeseq_07_labelled_mC3.wav,2.5058944576460362,-2.118526428126155,-0.14135741087413156,0.756613718474603,-0.06376781467799743
2066,before_phees_2022-02-22_09-14-37_0000041_labelled_Odin_pheeseq_09_labelled_mD1.wav,2.9447981210017686,-5.555693393809341,1.596874710176719,0.8738641294512686,1.785302297992073
2067,before_phees_2022-02-22_09-14-37_0000041_labelled_Odin_pheeseq_09_labelled_mD2.wav,3.366359777123503,-5.000163147510888,1.2658123243068131,1.779992660189879,-0.22434930957470908
2068,before_phees_2022-02-22_09-14-37_0000041_labelled_Odin_pheeseq_09_labelled_mD3.wav,3.5103486406445263,-4.651837431663319,1.0204338130157409,2.1836871592158698,-1.215146569997665
2069,before_phees_2022-02-22_09-14-37_0000041_labelled_Odin_pheeseq_09_labelled_mD4.wav,2.6506491741856038,-4.091631930801524,0.4326713885002073,1.6234910667193283,-0.7797755815475628
2070,before_phees_2022-02-22_09-14-37_0000041_labelled_Odin_pheeseq_12_labelled_mC1.wav,2.2023601999861895,0.5327634075665044,0.05773234055768426,-0.3691732942692893,0.2722114640934449
2071,before_phees_2022-02-22_09-14-37_0000041_labelled_Odin_pheeseq_12_labelled_mC3.wav,3.303187310221448,-0.694669747396546,-0.4682572912808171,0.4320338900674462,0.17239449771035345
2072,before_phees_2022-02-22_09-14-37_0000041_labelled_Odin_pheeseq_12_labelled_mC4.wav,2.4099488471414325,0.01583784200515082,-0.7105693831330934,0.684782831612221,-0.2118165572316289
2073,before_phees_2022-02-22_09-14-37_0000041_labelled_Odin_pheeseq_14_labelled_mD1.wav,1.8970357624833043,-0.12489888196946755,-1.0131339830816883,0.7037901657447606,0.08443520125417066
2074,before_phees_2022-02-22_09-14-37_0000041_labelled_Odin_pheeseq_14_labelled_mD3.wav,3.65769714415257,-3.2040651671642757,0.5997975083485898,1.0910005960091878,0.24599093335026434
2075,before_phees_2022-02-22_09-14-37_0000041_labelled_Odin_pheeseq_14_labelled_mD4.wav,2.528955205597553,-0.8198710678962208,-1.178384578506213,1.1267465902633993,-0.04339724186614487
2076,before_phees_2022-02-22_09-14-37_0000041_labelled_Odin_pheeseq_14_labelled_mD5.wav,2.7571113399076617,-0.64282247017638,-1.299586571840541,1.044182515523294,-0.03370708527240258
2077,before_phees_2022-02-22_09-14-37_0000041_labelled_Odin_pheeseq_16_labelled_mD1.wav,2.1981306635557174,1.033162107212909,-1.6148372140224618,-0.2784060231285713,-0.013973134532725959
2078,before_phees_2022-02-22_09-14-37_0000041_labelled_Odin_pheeseq_16_labelled_mD3.wav,4.350395825595214,-1.9943681914733882,0.058141147479350196,1.5274232618419088,-0.2965269053582216
2079,before_phees_2022-02-22_09-14-37_0000041_labelled_Odin_pheeseq_16_labelled_mD4.wav,3.9221897708259803,-1.5235237489624556,-0.361051277979935,1.0917616561816847,0.09443570587400547
2080,before_phees_2022-02-22_09-14-37_0000041_labelled_Odin_pheeseq_16_labelled_mD5.wav,2.719831713723433,-1.0352156681703053,-0.9237552342551042,1.7666395530492187,0.2564382388281771
2081,before_phees_2022-02-22_09-14-37_0000041_labelled_Odin_pheeseq_19_labelled_mE1.wav,2.7062042732695324,-0.35607426961599414,-0.5018015754323791,0.4713146549458208,0.7407610994238868
2082,before_phees_2022-02-22_09-14-37_0000041_labelled_Odin_pheeseq_19_labelled_mE2.wav,3.0889843652679456,-0.6860173569433721,-1.1109513666649202,1.4214577426028763,0.05355647986266688
2083,before_phees_2022-02-22_09-14-37_0000041_labelled_Odin_pheeseq_19_labelled_mE3.wav,2.3592294961925586,-0.31613766528548676,-1.237174792978852,1.0701242071647208,0.3010053666708496
2084,before_phees_2022-02-22_09-14-37_0000041_labelled_Odin_pheeseq_19_labelled_mE4.wav,3.809430020486404,-1.800828970692081,0.20569278067410623,0.30017989864235783,0.4690006275124695
2085,before_phees_2022-02-22_09-14-37_0000041_labelled_Odin_pheeseq_19_labelled_mE5.wav,4.4696380799658035,-2.6182442830058967,1.0284406191659692,0.12018197592898532,0.7794876720835178
2086,before_phees_2022-02-22_09-14-37_0000041_labelled_Odin_pheeseq_21_labelled_mD1.wav,2.1334812529062552,-3.36482908405898,0.3698446138290007,1.878311363442924,0.12085614891340088
2087,before_phees_2022-02-22_09-14-37_0000041_labelled_Odin_pheeseq_21_labelled_mD2.wav,2.535741577046743,-3.0998065044565117,0.021090358028965618,2.306737858608152,-0.873356584481718
2088,before_phees_2022-02-22_09-14-37_0000041_labelled_Odin_pheeseq_21_labelled_mD3.wav,2.464047835468785,-3.1305543132005322,-0.19597730939895727,2.1539918838864565,-1.047878339717059
2089,before_phees_2022-02-22_09-14-37_0000041_labelled_Odin_pheeseq_21_labelled_mD4.wav,2.0198108114464377,-1.5548676207338759,-1.0539011490532655,0.819804428234549,-0.5825436580780701
2090,before_phees_2022-02-22_09-14-37_0000041_labelled_Odin_pheeseq_24_labelled_mC1.wav,4.078866044521323,-3.4291395693613973,0.782061907218761,2.175361650364059,-0.7591204157644721
2091,before_phees_2022-02-22_09-14-37_0000041_labelled_Odin_pheeseq_24_labelled_mC2.wav,4.769336169554721,-3.3436005901096593,0.7062296673968973,1.270710548898884,-0.23790626107023313
2092,before_phees_2022-02-22_09-14-37_0000041_labelled_Odin_pheeseq_24_labelled_mC3.wav,3.367139554957208,-0.00713771420846965,-1.069688782752183,0.3229235212003835,0.7999133417642004
2093,before_phees_2022-02-22_09-14-37_0000041_labelled_Odin_pheeseq_25_labelled_mC1.wav,3.4736071118118845,1.4248433250835846,0.2671435890442917,-0.9020984607270357,-0.44878934972877715
2094,before_phees_2022-02-22_09-14-37_0000041_labelled_Odin_pheeseq_25_labelled_mC3.wav,3.11301269761086,0.5112414015405954,-0.5176978955495307,0.07994478528016663,0.6344168394697672
2095,before_phees_2022-02-22_09-14-37_0000041_labelled_Odin_pheeseq_25_labelled_mC4.wav,2.1734587890901538,1.1525839416010002,-1.2708457663311339,0.02416477250015025,0.14502266331868677
2096,before_phees_2022-02-22_09-14-37_0000041_labelled_Odin_pheeseq_26_labelled_mC1.wav,2.476543095663995,0.2822528461646725,0.3923220363931047,-0.5445021641145581,-0.31660619414717267
2097,before_phees_2022-02-22_09-14-37_0000041_labelled_Odin_pheeseq_26_labelled_mC2.wav,2.611227206279683,0.7366974791710114,-0.49045115291037505,-0.12233509132155992,-0.7855680439883741
2098,before_phees_2022-02-22_09-14-37_0000041_labelled_Odin_pheeseq_26_labelled_mC3.wav,1.0048128039826485,0.940810266440291,-0.8730409541386037,-0.2788809184767722,-0.01807438811401036
2099,before_phees_2022-02-22_09-14-37_0000041_labelled_Odin_pheeseq_27_labelled_mE1.wav,2.1670132111347113,-0.7745538410315905,-0.7923416546159804,-0.37806850788778984,0.1792529652984303
2100,before_phees_2022-02-22_09-14-37_0000041_labelled_Odin_pheeseq_27_labelled_mE4.wav,3.176766310425175,-2.4100137735545797,-0.28227455273491886,1.0329076390137455,-0.11980897445207164
2101,before_phees_2022-02-22_09-14-37_0000041_labelled_Odin_pheeseq_27_labelled_mE5.wav,3.556442476353312,-3.1847003117338577,0.0820833268007513,1.294011587013985,-0.7802125622375093
2102,before_phees_2022-02-22_09-14-37_0000041_labelled_Odin_pheeseq_27_labelled_mE6.wav,3.0522447457363184,-1.3031792938866007,-1.203524565398523,1.0205613022786777,-0.5119719055878412
2103,before_phees_2022-02-22_09-14-37_0000041_labelled_Odin_pheeseq_27_labelled_mE7.wav,3.4306205761977617,-1.9366854857665352,-0.13379236759394214,-0.524550944188138,0.04791845394386435
2104,before_phees_2022-02-22_09-14-37_0000041_labelled_Odin_pheeseq_47_labelled_mB1.wav,-0.48003968591088453,1.4134686178145437,0.43389506664184696,0.6269691171119204,-0.6819388547880645
2105,before_phees_2022-02-22_09-14-37_0000041_labelled_Odin_pheeseq_47_labelled_mB2.wav,-0.23038557092208253,-0.40170496036618736,-0.3293890387375751,-1.0940881709196022,0.33119341318527357
2106,before_phees_2022-02-22_09-14-37_0000041_labelled_Odin_pheeseq_49_labelled_mB1.wav,1.2060508522164786,0.3128307479781863,0.2890243483935524,-0.28768425142484316,0.5444996074464933
2107,before_phees_2022-02-22_09-14-37_0000041_labelled_Odin_pheeseq_51_labelled_mD1.wav,1.9852015792536089,0.698744600205044,0.36215096756963144,-0.40960939629273946,0.23222278971637436
2108,before_phees_2022-02-22_09-14-37_0000041_labelled_Odin_pheeseq_51_labelled_mD2.wav,2.5681089172980403,0.42085321711189094,0.6108129100376112,-0.1997164862290098,-0.05358307908223489
2109,before_phees_2022-02-22_09-14-37_0000041_labelled_Odin_pheeseq_51_labelled_mD3.wav,2.0271094271598264,0.33705607445117575,-0.6589852244146601,0.4278046081098308,-0.14570385424436205
2110,before_phees_2022-02-22_09-14-37_0000041_labelled_Odin_pheeseq_51_labelled_mD4.wav,1.8817337961253129,0.2092698050256887,-0.7804222605231587,0.18908027939188887,-0.29078141982125744
2111,before_phees_2022-02-22_09-14-37_0000041_labelled_Odin_pheeseq_53_labelled_mC1.wav,2.674604260450973,-2.9670067856039073,0.32207907113694884,1.2831173216350424,-0.4831236568738406
2112,before_phees_2022-02-22_09-14-37_0000041_labelled_Odin_pheeseq_53_labelled_mC2.wav,2.889304920085084,-2.868321450122216,1.0998564297480933,0.29342247694171325,-0.2029989024512215
2113,before_phees_2022-02-22_09-14-37_0000041_labelled_Odin_pheeseq_53_labelled_mC3.wav,3.108850041600722,-2.2512612650589614,0.5091792178295488,0.4879190041121185,0.6354097732455868
2114,before_phees_2022-02-22_09-14-37_0000041_labelled_Odin_pheeseq_54_labelled_mC1.wav,2.8120952716905663,-1.4653165303292186,0.15812223339473436,0.49446722579874425,-0.4745609219373288
2115,before_phees_2022-02-22_09-14-37_0000041_labelled_Odin_pheeseq_54_labelled_mC3.wav,3.3827757594996037,-0.9712538024634724,-0.5297247622206793,1.3912155660480066,-0.6417741691967052
2116,before_phees_2022-02-22_09-14-37_0000041_labelled_Odin_pheeseq_54_labelled_mC4.wav,2.7569199124523665,-0.5616101369300281,-0.9514928870854847,1.5036481332821603,0.21204029760882032
2117,before_phees_2022-02-22_09-14-37_0000041_labelled_Odin_pheeseq_56_labelled_mB2.wav,2.8805393269445596,-1.0222291299169817,-0.9958979898376393,1.2652903710275802,-0.2619322799077066
2118,before_phees_2022-02-22_09-14-37_0000041_labelled_Odin_pheeseq_58_labelled_mC1.wav,4.034081452133894,-0.8316773691823782,-0.5494343394822517,0.6308433983062283,0.12974534858253783
2119,before_phees_2022-02-22_09-14-37_0000041_labelled_Odin_pheeseq_58_labelled_mC2.wav,3.80129213014463,-0.239286664033216,-0.617869638795488,0.44565567737986206,0.42213205047708613
2120,before_phees_2022-02-22_09-14-37_0000041_labelled_Odin_pheeseq_58_labelled_mC3.wav,2.9493231259601353,-0.3487119710257779,-0.20021188996405312,0.07669277714029053,0.1370806660204965
2121,before_phees_2022-02-22_09-14-37_0000041_labelled_Odin_pheeseq_60_labelled_mC1.wav,4.100296953168089,-3.710605456365526,1.1908860796908403,1.499067415592324,-0.20187807109121925
2122,before_phees_2022-02-22_09-14-37_0000041_labelled_Odin_pheeseq_60_labelled_mC2.wav,3.1609713908675836,-0.6868247132126389,-0.302205855896308,0.5288635743531945,0.3633311075908978
2123,before_phees_2022-02-22_09-14-37_0000041_labelled_Odin_pheeseq_60_labelled_mC3.wav,3.076821916005743,-0.6138756352683531,-0.4704977635564632,0.330406008738847,0.3250693667435271
2124,before_phees_2022-02-22_09-14-37_0000041_labelled_Odin_pheeseq_66_labelled_mB1.wav,1.4740888931345182,0.671109413599581,-0.39773412728503543,-0.03994834528014422,-0.4331171022234897
2125,before_phees_2022-02-22_09-14-37_0000041_labelled_Odin_pheeseq_66_labelled_mB2.wav,2.6677574540281217,0.18253377369268564,0.24613097256149238,-0.294992011652834,-0.08579567234243428
2126,before_phees_2022-02-22_09-14-37_0000041_labelled_Odin_pheeseq_67_labelled_mC1.wav,1.2845979330997987,1.363341834244433,0.10708217799102482,-0.04168063486523463,-0.16838093972487142
2127,before_phees_2022-02-22_09-14-37_0000041_labelled_Odin_pheeseq_67_labelled_mC2.wav,2.782720398837436,0.006908658820024341,0.23455077507938396,0.022926059537156093,0.0949700969002385
2128,before_phees_2022-02-22_09-14-37_0000041_labelled_Odin_pheeseq_67_labelled_mC3.wav,2.4659381771457483,0.6238801457698495,-0.47439448026253184,0.2000206221503112,-0.5636520976467737
2129,before_phees_2022-02-22_09-14-37_0000041_labelled_Olympia_pheeseq_11_labelled_mB1.wav,-0.745879047306345,0.01789238412974472,1.5463131714691551,0.2152903975395856,-0.581235177320657
2130,before_phees_2022-02-22_09-14-37_0000041_labelled_Olympia_pheeseq_11_labelled_mB2.wav,-0.8569501832996173,-0.43885089788312154,1.6995233170786235,-0.8287290455574412,-0.2739976919561719
2131,before_phees_2022-02-22_09-14-37_0000041_labelled_Olympia_pheeseq_50_labelled_mB1.wav,-1.994236870174149,0.305246246805131,1.3323347991304506,0.008149743135934539,0.07642891793481428
2132,before_phees_2022-02-22_09-14-37_0000041_labelled_Olympia_pheeseq_50_labelled_mB2.wav,-2.9302572131358637,-0.56641202524949,-0.35290996527606167,0.14984225364014214,0.9000079734770715
2133,before_phees_2022-02-22_09-14-37_0000041_labelled_Olympia_pheeseq_65_labelled_mB1.wav,-3.072251636545929,0.4814148757277282,1.8153611718445506,0.5017728872324789,0.5496630427058435
2134,before_phees_2022-02-22_09-14-37_0000041_labelled_Olympia_pheeseq_65_labelled_mB2.wav,-3.7587619102446426,0.307772458517028,0.5116314932914422,0.5805388450483763,0.08832093177701876
2135,before_phees_2022-02-23_09-24-00_0000042_labelled_Lola_pheeseq_05_labelled_mB1.wav,0.6048607857884394,4.614283842014975,0.7600795871089513,0.7566017301554164,0.3011626945810957
2136,before_phees_2022-02-23_09-24-00_0000042_labelled_Lola_pheeseq_05_labelled_mB2.wav,1.6901781249676788,1.9289855124949171,-0.8598107989953665,-0.04030109488886681,0.3245731492053077
2137,before_phees_2022-02-23_09-24-00_0000042_labelled_Lola_pheeseq_06_labelled_mB1.wav,0.2485848172567425,4.2537289042556505,0.9862983046898587,0.05543728947353586,1.206635225716892
2138,before_phees_2022-02-23_09-24-00_0000042_labelled_Lola_pheeseq_06_labelled_mB2.wav,1.8613319128052186,3.177059091898772,0.19316745763569385,0.22417854550963617,0.5660696943401805
2139,before_phees_2022-02-25_10-36-24_0000044_labelled_Lola_pheeseq_02_labelled_mB1.wav,-0.3134155707563392,2.2552738917816346,1.353407232790512,0.042245913805264663,0.24364160397660992
2140,before_phees_2022-02-25_10-36-24_0000044_labelled_Lola_pheeseq_15_labelled_mB1.wav,-1.7362266327616747,2.030828564172118,0.29709892478300676,0.5416819733322444,0.12076331564060883
2141,before_phees_2022-02-25_10-36-24_0000044_labelled_Lola_pheeseq_16_labelled_mB2.wav,-0.4266376423215222,1.737636210447677,-0.26501831471201476,0.3578415850541436,-0.38294746438911736
2142,before_phees_2022-02-25_10-36-24_0000044_labelled_Lola_pheeseq_20_labelled_mB1.wav,-0.5991708180754073,2.6855039834678265,1.4829823814227532,-0.10227271337407787,0.30637071788225284
2143,before_phees_2022-02-25_10-36-24_0000044_labelled_Lola_pheeseq_47_labelled_mB1.wav,-0.3886050881362493,2.1355068667120727,-0.40817772690771587,-0.17053402157712313,0.8834361149768306
2144,before_phees_2022-02-25_10-36-24_0000044_labelled_Lola_pheeseq_47_labelled_mB2.wav,0.7288935876656263,1.7622682486490406,-0.339367504970342,-0.17938620322821663,0.2771452955632352
2145,before_phees_2022-02-25_10-36-24_0000044_labelled_Lola_pheeseq_64_labelled_mB1.wav,2.053827356712043,2.6981159812525033,0.37784216772787077,0.04164351511240195,-0.08397032362602773
2146,before_phees_2022-02-25_10-36-24_0000044_labelled_Lola_pheeseq_64_labelled_mB2.wav,3.067772318489964,2.1094451115704373,-1.8735766604784039,-1.0176176114548285,-0.4028999742522309
2147,before_phees_2022-02-25_10-36-24_0000044_labelled_Odin_pheeseq_07_labelled_mB2.wav,0.3647417656600504,0.09285604582556019,0.35970478902922803,0.042686328479717456,-0.46023850342095635
2148,before_phees_2022-02-25_10-36-24_0000044_labelled_Odin_pheeseq_27_labelled_mB1.wav,-0.8929868789577703,0.2688999704801073,0.7276736096442242,0.02704396889867126,-0.09517058530189794
2149,before_phees_2022-02-25_10-36-24_0000044_labelled_Odin_pheeseq_30_labelled_mC2.wav,0.09179077955225351,0.10497598258106805,0.003613312568539649,0.4558794903003995,0.23505455296582112
2150,before_phees_2022-02-25_10-36-24_0000044_labelled_Odin_pheeseq_30_labelled_mC3.wav,1.3156877293269669,-0.2891591291597233,-0.3245463648628078,0.30888848335942826,-0.5568969895068673
2151,before_phees_2022-02-25_10-36-24_0000044_labelled_Odin_pheeseq_45_labelled_mC1.wav,-0.8576045943788225,-0.3536129453502008,-0.45946935007786927,0.035385736653258656,0.22902545127824264
2152,before_phees_2022-02-25_10-36-24_0000044_labelled_Odin_pheeseq_45_labelled_mC2.wav,0.9123457551501011,-0.5548308773341776,-0.0004951191433287935,-0.2922445004514654,0.3495056384670077
2153,before_phees_2022-02-25_10-36-24_0000044_labelled_Odin_pheeseq_45_labelled_mC3.wav,1.3625765954660012,-0.969394946878225,-0.11113572288344449,-0.24339704606275664,0.0409759451545025
2154,before_phees_2022-02-25_10-36-24_0000044_labelled_Odin_pheeseq_46_labelled_mB1.wav,0.6059559956632463,-0.5034381466104648,0.49098187101913127,-0.5124703515127065,0.07601852178338098
2155,before_phees_2022-02-25_10-36-24_0000044_labelled_Odin_pheeseq_46_labelled_mB2.wav,1.1729314602915104,0.16800796697543752,-0.3519749241859966,0.5674725845710669,0.043502274709132385
2156,before_phees_2022-02-25_10-36-24_0000044_labelled_Odin_pheeseq_48_labelled_mB1.wav,2.567856981712997,-0.02472967138138924,-0.21432453595096382,-0.5600105900261431,-0.1651711533522379
2157,before_phees_2022-02-25_10-36-24_0000044_labelled_Odin_pheeseq_48_labelled_mB2.wav,4.4267013512031,-0.9155324147736285,0.41598054820927566,-1.0786601106121418,0.9068187340021375
2158,before_phees_2022-02-25_10-36-24_0000044_labelled_Odin_pheeseq_50_labelled_mB1.wav,0.8803305667703882,0.0815613891450678,-0.35388317474828157,-0.009125373920573412,-0.47282850150815087
2159,before_phees_2022-02-25_10-36-24_0000044_labelled_Odin_pheeseq_50_labelled_mB2.wav,1.8482865280678837,-0.14131769276223233,0.16630183901238074,-0.23402941209922976,0.10003566466817365
2160,before_phees_2022-02-25_10-36-24_0000044_labelled_Odin_pheeseq_54_labelled_mC1.wav,0.17288621806945584,-1.1643269356623185,-0.967171135856334,-0.5263319969625727,0.6819002014437681
2161,before_phees_2022-02-25_10-36-24_0000044_labelled_Odin_pheeseq_54_labelled_mC2.wav,1.9314108621877781,-0.8423575263010197,-0.033518713523908554,0.02463849157273593,0.10039799523556774
2162,before_phees_2022-02-25_10-36-24_0000044_labelled_Odin_pheeseq_54_labelled_mC3.wav,1.6662679366207418,-1.047801058307809,0.25348818447705823,-0.1815021510144194,-0.2723465056561954
2163,before_phees_2022-02-25_10-36-24_0000044_labelled_Odin_pheeseq_59_labelled_mC2.wav,1.1859201258882754,-0.9205140349097838,0.08305878151693052,0.1372777709499899,0.4625326972580535
2164,before_phees_2022-02-25_10-36-24_0000044_labelled_Odin_pheeseq_73_labelled_mB1.wav,-0.4937145479610246,0.8209786542763674,2.8885075726450817,-0.7053463160628307,-0.32679423967014887
2165,before_phees_2022-02-25_10-36-24_0000044_labelled_Odin_pheeseq_73_labelled_mB2.wav,-0.4391609930617412,0.4874755929375648,-0.550540411134958,-0.6152943305087761,-0.05059460428302908
2166,before_phees_2022-02-25_10-36-24_0000044_labelled_Odin_pheeseq_79_labelled_mB1.wav,0.3769550998705078,0.09322251627449658,0.43461440686988134,-0.722623471489607,0.2929266340342281
2167,before_phees_2022-02-25_10-36-24_0000044_labelled_Odin_pheeseq_79_labelled_mB2.wav,1.1669615833602023,0.3944821910759615,0.5546012499525196,0.16454794397754754,-0.699502764103212
2168,before_phees_2022-02-25_10-36-24_0000044_labelled_Odin_pheeseq_83_labelled_mB1.wav,0.2153935151491999,0.33287599133192275,0.43750967160989673,-0.17684808591436868,-0.596159853363259
2169,before_phees_2022-02-25_10-36-24_0000044_labelled_Odin_pheeseq_83_labelled_mB2.wav,1.766343700376615,0.20559927989351653,0.8656475526153802,-0.7549663091844886,-0.48002086666885385
2170,before_phees_2022-02-25_10-36-24_0000044_labelled_Odin_pheeseq_84_labelled_mC1.wav,0.21397125182781504,-0.8884518035748692,0.4009167649924238,-0.36973107751878065,0.1592774956554742
2171,before_phees_2022-02-25_10-36-24_0000044_labelled_Odin_pheeseq_84_labelled_mC2.wav,1.9193080207851863,-0.9619703504901116,0.9773396767411877,0.1356078022695735,-0.4809655440412345
2172,before_phees_2022-02-25_10-36-24_0000044_labelled_Odin_pheeseq_84_labelled_mC3.wav,2.67127887401818,-1.1176747222355754,0.9329908750720038,-0.5549507512652105,0.16077325658479927
2173,before_phees_2022-02-28_09-34-19_0000045_labelled_Wuschel_pheeseq_01_labelled_mB1.wav,-3.19876980147543,0.8344111864329851,2.4264837341356653,0.4441725179366793,0.4363380527504883
2174,before_phees_2022-02-28_09-34-19_0000045_labelled_Wuschel_pheeseq_01_labelled_mB2.wav,-2.9088859485077165,-0.4574842346821878,0.19172097633088248,0.21640022041993184,-0.8403845609484137
2175,before_phees_2022-02-28_09-34-19_0000045_labelled_Wuschel_pheeseq_02_labelled_mB1.wav,-3.33901713847333,0.45168585630180785,1.1201587564259898,0.7032356162462844,-0.3394398572521273
2176,before_phees_2022-02-28_09-34-19_0000045_labelled_Wuschel_pheeseq_02_labelled_mB2.wav,-2.8632649705332285,-0.6888344108857715,-0.6382038724732725,0.19750037851337168,-0.5259756824948094
2177,before_phees_2022-02-28_09-34-19_0000045_labelled_Wuschel_pheeseq_04_labelled_mB1.wav,-3.8139065698083825,0.74621271666781,0.6624791122899968,0.352397894857091,-0.08256528287616079
2178,before_phees_2022-02-28_09-34-19_0000045_labelled_Wuschel_pheeseq_04_labelled_mB2.wav,-3.023282952670293,-0.2626774114385618,0.2891677888414828,0.04628942126828784,-0.9530207544203791
2179,before_phees_2022-02-28_09-34-19_0000045_labelled_Wuschel_pheeseq_05_labelled_mB2.wav,-2.641648177097178,-1.1207013177807643,1.5421088813051855,0.2940692119250799,-0.37480385445346937
2180,before_phees_2022-02-28_09-34-19_0000045_labelled_Wuschel_pheeseq_06_labelled_mB1.wav,-3.898340968554656,0.41275516462153344,2.463489963000893,-0.05995219164864087,0.055766299641823266
2181,before_phees_2022-02-28_09-34-19_0000045_labelled_Wuschel_pheeseq_06_labelled_mB2.wav,-3.5101725197922438,-0.7077945292625818,0.34818229604252293,0.251343923461756,-0.7622635977476562
2182,before_phees_2022-02-28_09-34-19_0000045_labelled_Wuschel_pheeseq_07_labelled_mB1.wav,-3.064311374873637,0.5536619162105869,2.010444229957714,0.07492855883845281,0.11642528825798899
2183,before_phees_2022-02-28_09-34-19_0000045_labelled_Wuschel_pheeseq_07_labelled_mB2.wav,-2.343369996986513,-0.40296516704701535,1.3206186619389981,0.09666148309891182,-0.16472678961368614
2184,before_phees_2022-02-28_09-34-19_0000045_labelled_Wuschel_pheeseq_08_labelled_mB1.wav,-3.7282843270887454,-0.010506490153067267,-0.5100962682358199,0.2873214914841301,0.015262903092176011
2185,before_phees_2022-02-28_09-34-19_0000045_labelled_Wuschel_pheeseq_08_labelled_mB2.wav,-2.4956766803597388,-0.5734662469010123,1.029210631005755,-0.08797403107803747,-0.22513663271083012
2186,before_phees_2022-02-28_09-34-19_0000045_labelled_Wuschel_pheeseq_09_labelled_mC1.wav,-3.658810773932739,0.031163340678102214,2.3322046277516746,0.2807940631485556,0.21504123700192584
2187,before_phees_2022-02-28_09-34-19_0000045_labelled_Wuschel_pheeseq_09_labelled_mC2.wav,-2.827016215260788,-0.5051788502744656,0.43565020998865384,0.3972269056449425,-0.8237011334388138
2188,before_phees_2022-02-28_09-34-19_0000045_labelled_Wuschel_pheeseq_09_labelled_mC3.wav,-3.400214768113404,-0.9837220528593087,-0.041259565366864884,-0.4725501796430921,0.14016551615457926
2189,before_phees_2022-02-28_09-34-19_0000045_labelled_Wuschel_pheeseq_10_labelled_mC1.wav,-3.463172825638906,0.562928060376869,0.8878750525103056,0.333777065532988,-0.4051240724418556
2190,before_phees_2022-02-28_09-34-19_0000045_labelled_Wuschel_pheeseq_10_labelled_mC2.wav,-2.3436712596828317,-0.7468095065600135,0.08460623774796149,-0.2730751651665147,-0.1317866887938281
2191,before_phees_2022-02-28_09-34-19_0000045_labelled_Wuschel_pheeseq_10_labelled_mC4.wav,-3.6742568565899907,-0.4889507444037582,-0.6824483238015824,-0.9023111202088608,0.39190340423852355
2192,before_phees_2022-02-28_09-34-19_0000045_labelled_Wuschel_pheeseq_11_labelled_mB1.wav,-2.8914091076968744,0.23040081634706228,1.7668034800582295,0.3079306781369037,0.31210808460471706
2193,before_phees_2022-02-28_09-34-19_0000045_labelled_Wuschel_pheeseq_11_labelled_mB2.wav,-1.5810724235442621,-0.21376924577591158,0.6086422803163367,-0.2508741493158139,-0.39632344463449054
2194,before_phees_2022-02-28_09-34-19_0000045_labelled_Wuschel_pheeseq_12_labelled_mB1.wav,-3.0267469300159995,1.4189832328011593,2.077500451536906,0.5926984530522889,-0.5192371092281393
2195,before_phees_2022-02-28_09-34-19_0000045_labelled_Wuschel_pheeseq_12_labelled_mB2.wav,-2.3637630565426138,-0.6621746707341598,0.24244437847539857,-0.5438919894845006,-0.3416367422558391
2196,before_phees_2022-02-28_09-34-19_0000045_labelled_Wuschel_pheeseq_13_labelled_mC1.wav,-2.823559871796923,-0.1411605092151753,0.6836210711500197,-0.40767726195319626,-0.03221865871215408
2197,before_phees_2022-02-28_09-34-19_0000045_labelled_Wuschel_pheeseq_13_labelled_mC2.wav,-1.3185777682619033,-1.014021704377742,1.6116522398414397,-0.8891341266216707,-0.4891071183613539
2198,before_phees_2022-02-28_09-34-19_0000045_labelled_Wuschel_pheeseq_13_labelled_mC4.wav,-1.164606366773776,-1.3386080869527723,-0.3641349009028688,-0.7756344343869765,-0.9382790434714705
2199,before_phees_2022-02-28_09-34-19_0000045_labelled_Wuschel_pheeseq_14_labelled_mC1.wav,-2.654788609094693,0.3598859898475022,2.469042494200291,0.008779026578728937,-0.3224333557635872
2200,before_phees_2022-02-28_09-34-19_0000045_labelled_Wuschel_pheeseq_14_labelled_mC2.wav,-1.5355653626476131,-0.3252955769415848,0.39940826865655543,-0.5980215655948197,-0.575718094804889
2201,before_phees_2022-02-28_09-34-19_0000045_labelled_Wuschel_pheeseq_14_labelled_mC4.wav,-2.530651123147679,-0.9597165944638245,-0.8236971242623254,-0.9562798445289709,-0.18156063101032555
2202,before_phees_2022-02-28_09-34-19_0000045_labelled_Wuschel_pheeseq_16_labelled_mB1.wav,-2.7411874146514106,0.8008716659416383,1.283958637158634,0.5329488164620718,-0.53014486994134
2203,before_phees_2022-02-28_09-34-19_0000045_labelled_Wuschel_pheeseq_16_labelled_mB2.wav,-1.1552195729171304,-0.6873132383262116,0.14438892102765719,-0.595595863290861,-0.8150799781078258
2204,before_phees_2022-02-28_09-34-19_0000045_labelled_Wuschel_pheeseq_45_labelled_mB1.wav,-2.5555894161284476,0.012343892667988765,2.675747521805023,-0.17377733072725218,-0.9020737963996778
2205,before_phees_2022-02-28_09-34-19_0000045_labelled_Wuschel_pheeseq_45_labelled_mB2.wav,-1.5429781967338945,-1.221278528573133,0.32870597538656576,-1.431274995904179,-0.15242657226037878
2206,before_phees_2022-02-28_09-34-19_0000045_labelled_Wuschel_pheeseq_47_labelled_mB1.wav,-4.179079524928636,1.4714336873526492,2.5096945993477893,0.6785292181846393,-0.2197319155688693
2207,before_phees_2022-02-28_09-34-19_0000045_labelled_Wuschel_pheeseq_47_labelled_mB2.wav,-2.9364174405023054,-1.1706532364060567,0.6796025744506716,-0.32387104693221924,-0.3907206976093799
2208,before_phees_2022-02-28_09-34-19_0000045_labelled_Wuschel_pheeseq_50_labelled_mB1.wav,-3.175178846643537,0.8293841997886839,2.4067198902863507,-0.011489553645575256,-0.034774478192474804
2209,before_phees_2022-02-28_09-34-19_0000045_labelled_Wuschel_pheeseq_50_labelled_mB2.wav,-2.5563451516574833,-0.7348235955720046,0.8896436718136305,-0.33004767758796666,-0.4609164820581414
2210,before_phees_2022-02-28_09-34-19_0000045_labelled_Wuschel_pheeseq_51_labelled_mB1.wav,-4.040766271518847,-0.004326319766828386,1.0484670563460878,0.46809906277997143,-0.5713313271721487
2211,before_phees_2022-02-28_09-34-19_0000045_labelled_Wuschel_pheeseq_51_labelled_mB2.wav,-3.9445878184934995,-0.6580942308488558,0.2767977668224001,0.09061637096352601,-0.6486410679275743
2212,before_phees_2022-02-28_09-34-19_0000045_labelled_Wuschel_pheeseq_52_labelled_mB1.wav,-4.217259272338841,0.45470757251793603,1.8520573821648696,0.5500319078886522,-0.4715795461943283
2213,before_phees_2022-02-28_09-34-19_0000045_labelled_Wuschel_pheeseq_52_labelled_mB2.wav,-3.7017931187634368,-0.9192512000172796,-0.5544151421356154,-0.056624667636565346,-0.6554271302659455
2214,before_phees_2022-02-28_09-34-19_0000045_labelled_Wuschel_pheeseq_53_labelled_mB1.wav,-4.246940872017789,0.33235182780708844,2.3651795895586094,0.8084922642104425,-0.4795086730055883
2215,before_phees_2022-02-28_09-34-19_0000045_labelled_Wuschel_pheeseq_53_labelled_mB2.wav,-3.405220992175525,-0.8404208289139146,0.3994499211210674,-0.4969360086197857,-0.054358342134715416
2216,before_phees_2022-02-28_10-15-56_0000046_labelled_Odin_pheeseq_01_labelled_mC1.wav,1.4657247414414287,0.936976805300375,-0.4863492968503832,0.036419071196320735,-0.039909788644238386
2217,before_phees_2022-02-28_10-15-56_0000046_labelled_Odin_pheeseq_01_labelled_mC2.wav,3.06899099553656,-0.11852289469331212,0.3586908266683373,0.07415002174835154,-0.1470613076435185
2218,before_phees_2022-02-28_10-15-56_0000046_labelled_Odin_pheeseq_01_labelled_mC3.wav,2.2136931648518634,0.32077235685546873,-0.6458287770149196,0.38174367063467274,-0.3898885382742343
2219,before_phees_2022-02-28_10-15-56_0000046_labelled_Odin_pheeseq_02_labelled_mD1.wav,1.583506861797895,0.47495546688893975,-0.49928805554569894,0.17852320210413716,-0.22980061094992948
2220,before_phees_2022-02-28_10-15-56_0000046_labelled_Odin_pheeseq_02_labelled_mD2.wav,2.8802177048175195,-0.234534678093742,-0.06464479919075801,0.4029423095784867,0.43054939664565955
2221,before_phees_2022-02-28_10-15-56_0000046_labelled_Odin_pheeseq_02_labelled_mD3.wav,2.850999638029364,-0.23643872395207594,-0.2545199043870128,0.13332488513272345,0.2818244391706803
2222,before_phees_2022-02-28_10-15-56_0000046_labelled_Odin_pheeseq_02_labelled_mD6.wav,2.758004579261867,-1.264916527513441,-0.1922700855638038,0.10661953771127,-0.22421683894332847
2223,before_phees_2022-02-28_10-15-56_0000046_labelled_Odin_pheeseq_04_labelled_mB1.wav,0.5373018250646979,0.4361072208628798,-0.8836092964728244,0.12720967626500523,0.4019772644085945
2224,before_phees_2022-02-28_10-15-56_0000046_labelled_Odin_pheeseq_04_labelled_mB3.wav,1.889094079542388,-0.7372247548814025,-0.8327342368518467,0.06640112120377703,0.6707521587916654
2225,before_phees_2022-02-28_10-15-56_0000046_labelled_Odin_pheeseq_05_labelled_mD1.wav,2.916292236875417,-3.708735948265226,1.1643180568936313,0.6591566132886869,-0.42198784255851457
2226,before_phees_2022-02-28_10-15-56_0000046_labelled_Odin_pheeseq_05_labelled_mD2.wav,3.3452762501208784,-3.8696799735714675,0.8405629996371599,0.727783296865809,-0.38468495482435144
2227,before_phees_2022-02-28_10-15-56_0000046_labelled_Odin_pheeseq_05_labelled_mD3.wav,2.2968734646517865,-2.876680337027021,-0.17675947667577757,0.6668004614074398,-0.36485463207653335
2228,before_phees_2022-02-28_10-15-56_0000046_labelled_Odin_pheeseq_05_labelled_mD4.wav,0.34505268482621093,-2.9712986484059987,-0.23742394441691383,0.010286478142355256,-0.10605065494008545
2229,before_phees_2022-02-28_10-15-56_0000046_labelled_Odin_pheeseq_08_labelled_mC1.wav,2.3960233367339354,-0.503163868470478,-0.712407245617275,0.16823354706798632,0.6053222396170285
2230,before_phees_2022-02-28_10-15-56_0000046_labelled_Odin_pheeseq_08_labelled_mC2.wav,3.682518674003347,-0.0149331973915625,-0.43172076558417194,0.2861536175989512,0.3183629564815788
2231,before_phees_2022-02-28_10-15-56_0000046_labelled_Odin_pheeseq_08_labelled_mC3.wav,3.704233558638606,-0.9788033700830012,-0.35467573031543576,-0.42265457299878934,0.5536841058453994
2232,before_phees_2022-02-28_10-15-56_0000046_labelled_Odin_pheeseq_11_labelled_mB1.wav,2.6234838542904475,0.08844850454742005,1.9105665822375768,-1.2278355725733376,-0.32900164893523526
2233,before_phees_2022-02-28_10-15-56_0000046_labelled_Odin_pheeseq_11_labelled_mB2.wav,2.7155309188334127,0.6513176954635691,-0.28072445968118354,-0.8411771238429139,-0.10998040844706301
2234,before_phees_2022-02-28_10-15-56_0000046_labelled_Odin_pheeseq_15_labelled_mB1.wav,1.142472574029852,0.37735230446215157,1.1467625795986922,0.4503332874457526,-0.7931619690516781
2235,before_phees_2022-02-28_10-15-56_0000046_labelled_Odin_pheeseq_15_labelled_mB2.wav,2.302731675533048,0.09743372807313057,-0.05655511002735488,-0.77599147622993,-0.3634186237286086
2236,before_phees_2022-02-28_10-15-56_0000046_labelled_Odin_pheeseq_18_labelled_mB1.wav,1.1471677438514591,0.1899563804727067,0.456050169271598,-0.11302359361448372,-0.9818989129164619
2237,before_phees_2022-02-28_10-15-56_0000046_labelled_Odin_pheeseq_20_labelled_mD1.wav,0.9972157522250343,-1.6885258215663435,-0.5267758998671751,-0.5337894050628984,-0.16338495402605008
2238,before_phees_2022-02-28_10-15-56_0000046_labelled_Odin_pheeseq_20_labelled_mD3.wav,4.230973747591356,-2.264912341262404,1.0055966297919006,-0.6721407295182196,0.35944750269610937
2239,before_phees_2022-02-28_10-15-56_0000046_labelled_Odin_pheeseq_20_labelled_mD4.wav,3.092392033760256,-0.7493076100697291,0.040794869435280524,-0.1465641429296992,-0.4481976634204115
2240,before_phees_2022-02-28_10-15-56_0000046_labelled_Odin_pheeseq_20_labelled_mD5.wav,-0.07719917841925848,-0.48534931646434293,-1.1223270241195653,-0.15874834705805202,-0.008198499902174071
2241,before_phees_2022-03-01_09-22-30_0000047_labelled_Olympia_pheeseq_02_labelled_mB2.wav,-5.847551587910869,-2.764578484304322,-1.4930639305928612,0.21325523766620402,0.14645787325402498
2242,before_phees_2022-03-01_09-22-30_0000047_labelled_Olympia_pheeseq_03_labelled_mB1.wav,-1.5348713504473466,-1.2451438238764294,1.0896503836570275,-0.1332291697209124,-1.0652881707029502
2243,before_phees_2022-03-01_09-22-30_0000047_labelled_Olympia_pheeseq_03_labelled_mB2.wav,-6.585373109772798,-3.3836305751104194,-1.1851075691383413,0.2980738565323013,0.07050302110074251
2244,before_phees_2022-03-01_09-22-30_0000047_labelled_Olympia_pheeseq_04_labelled_mB1.wav,-0.8281644577577598,-3.648048043963607,1.7692164778178936,-0.9543955040173177,-0.5888524539544331
2245,before_phees_2022-03-01_09-22-30_0000047_labelled_Olympia_pheeseq_04_labelled_mB2.wav,-2.6958724947228023,-1.2338781516433615,-0.677622600103283,-0.4879000869256844,0.05809530527772075
2246,before_phees_2022-03-01_09-22-30_0000047_labelled_Olympia_pheeseq_05_labelled_mB1.wav,-1.2063035629126555,-4.804698298098155,2.221220192693698,-1.147445076968259,0.15020676156456414
2247,before_phees_2022-03-01_09-22-30_0000047_labelled_Olympia_pheeseq_07_labelled_mB1.wav,0.5896130925809688,-4.217985829545678,1.919931973121468,-0.1377946338698236,-0.8246944499371046
2248,before_phees_2022-03-01_09-22-30_0000047_labelled_Olympia_pheeseq_07_labelled_mB2.wav,-1.3468047725934318,-1.614700313964971,0.9620740880514494,-0.8377099522645424,-0.29523149864382925
2249,before_phees_2022-03-01_09-22-30_0000047_labelled_Tabor_pheeseq_01_labelled_mC1.wav,-1.3391662563974014,0.5882087761810277,0.46732886101547894,-0.3135424404177703,0.0313959203120528
2250,before_phees_2022-03-01_09-22-30_0000047_labelled_Tabor_pheeseq_01_labelled_mC2.wav,-0.6233663519771301,-0.5112033397647028,-0.7680297039298348,-0.41153940080783663,-0.24638622783888217
2251,before_phees_2022-03-01_09-22-30_0000047_labelled_Tabor_pheeseq_01_labelled_mC3.wav,-0.9609904651050023,-0.6707158841085391,-1.1469211894675746,-0.7821714984463968,-0.3335073091986815
2252,before_phees_2022-03-01_09-22-30_0000047_labelled_Tabor_pheeseq_14_labelled_mC1.wav,-1.3574191209421642,0.4286096819860264,-0.1342332679810455,-0.30576912324944017,0.2852110525768099
2253,before_phees_2022-03-01_09-22-30_0000047_labelled_Tabor_pheeseq_14_labelled_mC2.wav,-0.8235794276690876,-0.04475919084011203,-0.06666935729827017,-0.1981844912585202,-0.13374620512130483
2254,before_phees_2022-03-01_09-22-30_0000047_labelled_Tabor_pheeseq_14_labelled_mC3.wav,-1.1159273958857232,-0.12757957175103302,-1.0401136990459945,-0.9789358090433714,-0.19152951215130154
2255,before_phees_2022-03-01_09-22-30_0000047_labelled_Tabor_pheeseq_15_labelled_mC1.wav,-1.7392355072394836,1.2887323867174982,1.036999885998164,-0.29669729782396503,0.24121334771891112
2256,before_phees_2022-03-01_09-22-30_0000047_labelled_Tabor_pheeseq_15_labelled_mC2.wav,-1.2119616507736908,0.29785497047263837,0.04888200282328147,-0.40740261858391547,-0.016225735501317652
2257,before_phees_2022-03-01_09-22-30_0000047_labelled_Tabor_pheeseq_15_labelled_mC3.wav,-2.850250183081334,0.29600867034709777,-1.2701113690279495,-0.3120713074139399,-0.10808947206679201
2258,before_phees_2022-03-04_09-21-06_0000051_labelled_Odin_pheeseq_03_labelled_mC1.wav,0.6256047601191648,0.2671524341417457,-0.060443081920274255,0.3250012676004405,-0.05688339565463301
2259,before_phees_2022-03-04_09-21-06_0000051_labelled_Odin_pheeseq_03_labelled_mC2.wav,3.152486917230912,-0.17129132681259931,1.6937788524593682,-0.038822685290630696,0.5367572788872697
2260,before_phees_2022-03-04_09-21-06_0000051_labelled_Odin_pheeseq_03_labelled_mC3.wav,2.457664788221394,-0.7231358041620602,0.26911017266210413,0.09625174054421683,-0.14628680525796678
2261,before_phees_2022-03-04_09-21-06_0000051_labelled_Odin_pheeseq_05_labelled_mD1.wav,1.3772082933494192,-0.02574563247275296,-0.04163590754477468,-0.061756899278583514,0.6758066530202536
2262,before_phees_2022-03-04_09-21-06_0000051_labelled_Odin_pheeseq_05_labelled_mD2.wav,2.891740446233755,-0.4563472651352972,0.13562613539428303,0.027454401988313514,-0.2310144185045463
2263,before_phees_2022-03-04_09-21-06_0000051_labelled_Odin_pheeseq_05_labelled_mD3.wav,2.7895275937732467,-0.08797409730809208,-0.07622490372697001,-0.06314483839281096,0.09051240599012934
2264,before_phees_2022-03-04_09-21-06_0000051_labelled_Odin_pheeseq_05_labelled_mD4.wav,1.8553064536006034,-0.5227272295581198,-0.3542964146265596,-0.4692689025542025,0.1390776683543362
2265,before_phees_2022-03-04_09-21-06_0000051_labelled_Odin_pheeseq_07_labelled_mD1.wav,2.5169370539451195,-3.9341254001388126,0.1430358694324393,1.7717602374443926,-0.3126896171603251
2266,before_phees_2022-03-04_09-21-06_0000051_labelled_Odin_pheeseq_07_labelled_mD2.wav,3.4059420003916023,-3.174811935771516,0.4439321200375446,1.3859938065751116,-0.8508088185593913
2267,before_phees_2022-03-04_09-21-06_0000051_labelled_Odin_pheeseq_07_labelled_mD3.wav,3.4874771608937194,-1.635333085201466,0.22668648057309085,-0.10040599864328162,0.4483453490488137
2268,before_phees_2022-03-04_09-21-06_0000051_labelled_Odin_pheeseq_07_labelled_mD4.wav,2.2329501846215543,-1.717550226953761,-0.39513958414929207,0.05708658023190996,-0.19187183045199885
2269,before_phees_2022-03-04_09-21-06_0000051_labelled_Odin_pheeseq_09_labelled_mD1.wav,2.5938731336386485,-2.4594770017218917,-0.3751425122186807,0.8233719840860414,-0.11598316305633194
2270,before_phees_2022-03-04_09-21-06_0000051_labelled_Odin_pheeseq_09_labelled_mD2.wav,3.1367843830222317,-3.128155166915404,0.13991560601320613,1.333749847858479,-0.5429428306768356
2271,before_phees_2022-03-04_09-21-06_0000051_labelled_Odin_pheeseq_09_labelled_mD3.wav,3.2384325973979515,-2.4448870829123344,0.15994828994347765,1.178746872009363,-0.2973269620622399
2272,before_phees_2022-03-04_09-21-06_0000051_labelled_Odin_pheeseq_09_labelled_mD4.wav,1.6115798076239967,-1.531375927025612,-1.0202851112464018,0.2859212923665427,0.7167184489928592
2273,before_phees_2022-03-04_09-21-06_0000051_labelled_Odin_pheeseq_11_labelled_mD1.wav,2.5978711513286075,-4.6342400688028835,0.5149906301118714,1.6529138423512755,0.5417943515184376
2274,before_phees_2022-03-04_09-21-06_0000051_labelled_Odin_pheeseq_11_labelled_mD2.wav,4.353823435553886,-4.8966356616602935,1.3967851330993915,1.116058213298759,0.2770400607994127
2275,before_phees_2022-03-04_09-21-06_0000051_labelled_Odin_pheeseq_11_labelled_mD3.wav,3.8377894218295983,-5.29022035684547,1.6519609466428355,0.8935628978953871,-0.10651923953454574
2276,before_phees_2022-03-04_09-21-06_0000051_labelled_Odin_pheeseq_11_labelled_mD4.wav,3.1121427211860033,-4.506016593164342,0.45347703136042977,2.096203368714021,-0.7808478716209275
2277,before_phees_2022-03-04_09-21-06_0000051_labelled_Odin_pheeseq_13_labelled_mD1.wav,3.24055592716724,-4.056799874139414,0.5940155195225161,1.2778035845177937,0.2427363551248227
2278,before_phees_2022-03-04_09-21-06_0000051_labelled_Odin_pheeseq_13_labelled_mD2.wav,4.337431908183578,-4.146086623847012,0.7926713534392574,1.4528095444182463,-0.29142789010820963
2279,before_phees_2022-03-04_09-21-06_0000051_labelled_Odin_pheeseq_13_labelled_mD3.wav,3.7886930950453657,-3.980718385278964,0.5587230979647422,1.9890929605559189,-0.8954670509982527
2280,before_phees_2022-03-04_09-21-06_0000051_labelled_Odin_pheeseq_13_labelled_mD4.wav,2.957532971390568,-2.173762370505485,-0.49789227535839137,0.7025485346130296,0.012856867883525677
2281,before_phees_2022-03-04_09-21-06_0000051_labelled_Odin_pheeseq_15_labelled_mD1.wav,4.093293374815639,-3.5616267869430045,0.39914428453288703,2.1353264232839035,-0.6725622278331156
2282,before_phees_2022-03-04_09-21-06_0000051_labelled_Odin_pheeseq_15_labelled_mD2.wav,4.189336463352845,-3.6601274477678434,0.4940140451371823,2.097080673573613,-0.8087757045184402
2283,before_phees_2022-03-04_09-21-06_0000051_labelled_Odin_pheeseq_15_labelled_mD3.wav,3.8485491788029944,-3.817675068947992,0.3680424835725875,1.941872637671201,-0.7994621309787222
2284,before_phees_2022-03-04_09-21-06_0000051_labelled_Odin_pheeseq_15_labelled_mD4.wav,2.7244775358553732,-1.3693755965903296,-1.2037794642979225,0.8513764203568636,-0.609152458669188
2285,before_phees_2022-03-04_09-21-06_0000051_labelled_Odin_pheeseq_17_labelled_mC1.wav,4.077360157757445,-3.5213250026176546,0.46666241256305646,2.1800996000382558,-0.6576421905408211
2286,before_phees_2022-03-04_09-21-06_0000051_labelled_Odin_pheeseq_17_labelled_mC2.wav,4.012452327629187,-3.425886853207591,0.46986241420226815,2.0455629487405234,-0.7187378980588195
2287,before_phees_2022-03-04_09-21-06_0000051_labelled_Odin_pheeseq_17_labelled_mC3.wav,3.061994632554822,-2.5884685048882408,-0.6278585053710846,2.0885683527061927,-0.7631095538845156
2288,before_phees_2022-03-04_09-21-06_0000051_labelled_Odin_pheeseq_20_labelled_mD1.wav,2.6515016332372223,-4.3929540528519375,0.529386906231947,1.4220083050065335,0.442428182838679
2289,before_phees_2022-03-04_09-21-06_0000051_labelled_Odin_pheeseq_20_labelled_mD2.wav,3.9657987057393753,-4.501782231561197,0.6477389174453697,2.3550047220543613,-1.0055406415603934
2290,before_phees_2022-03-04_09-21-06_0000051_labelled_Odin_pheeseq_20_labelled_mD3.wav,3.9282981016556158,-3.9740420748032848,0.20785473240118446,1.981442932670788,-0.7863205747700056
2291,before_phees_2022-03-04_09-21-06_0000051_labelled_Odin_pheeseq_20_labelled_mD4.wav,3.2446702966835694,-3.5800441309045006,0.3665947907243156,0.6237207572468909,-0.0037285545872043054
2292,before_phees_2022-03-04_09-21-06_0000051_labelled_Odin_pheeseq_22_labelled_mB1.wav,4.257048651041879,-4.876601481580198,1.0452642385591029,1.2252977175012065,0.5410341357574264
2293,before_phees_2022-03-04_09-21-06_0000051_labelled_Odin_pheeseq_23_labelled_mB1.wav,2.4457300284394474,0.865279358698228,0.06601937990216168,0.6003496954597731,-0.2619557497426803
2294,before_phees_2022-03-04_09-21-06_0000051_labelled_Odin_pheeseq_23_labelled_mB2.wav,3.248791166043943,0.18849228876470467,-0.015417843296801757,0.02565601732985519,0.1198536548227946
2295,before_phees_2022-03-04_09-21-06_0000051_labelled_Odin_pheeseq_24_labelled_mD1.wav,2.6342656909424123,-1.2293935894939165,0.03398690280275092,1.0429990985757507,0.433377127100725
2296,before_phees_2022-03-04_09-21-06_0000051_labelled_Odin_pheeseq_24_labelled_mD2.wav,4.02058314405193,-2.890307745231182,0.25073799532589014,1.6043449038830513,-0.6542616651137882
2297,before_phees_2022-03-04_09-21-06_0000051_labelled_Odin_pheeseq_24_labelled_mD3.wav,4.0018408757819905,-2.847644988153039,0.3057291732866896,1.5754145329286275,-0.6752349593573335
2298,before_phees_2022-03-04_09-21-06_0000051_labelled_Odin_pheeseq_24_labelled_mD4.wav,3.456079756222448,-0.17580030143698006,-1.2167329881142719,1.3161198466379957,0.16173356663649044
2299,before_phees_2022-03-04_09-21-06_0000051_labelled_Odin_pheeseq_25_labelled_mE1.wav,3.152535958019744,-2.2312578973067874,0.19361258107550058,0.9687778257073303,-0.565242320275097
2300,before_phees_2022-03-04_09-21-06_0000051_labelled_Odin_pheeseq_25_labelled_mE3.wav,4.430554283287409,-3.195445689240067,0.16273105411111713,2.0210390184138047,-0.661433390136024
2301,before_phees_2022-03-04_09-21-06_0000051_labelled_Odin_pheeseq_25_labelled_mE4.wav,4.58214939789868,-2.839448351543547,0.2831098304257368,1.8706114844202957,-0.727279999864206
2302,before_phees_2022-03-04_09-21-06_0000051_labelled_Odin_pheeseq_25_labelled_mE5.wav,4.224419222469153,-2.619485398813102,0.13244704231163235,1.699607059789362,-0.5195478286267604
2303,before_phees_2022-03-04_09-21-06_0000051_labelled_Odin_pheeseq_25_labelled_mE6.wav,4.127776093677693,-1.0692799477100012,-0.9625384007188831,0.4366448414050768,0.01643494036765642
2304,before_phees_2022-03-04_09-21-06_0000051_labelled_Odin_pheeseq_27_labelled_mC1.wav,3.175650874014678,1.1158997816890606,-0.45976418902256394,0.7646397290499166,0.0006463142992943072
2305,before_phees_2022-03-04_09-21-06_0000051_labelled_Odin_pheeseq_27_labelled_mC2.wav,4.208573036244285,-2.014316091550762,0.28293307943397733,1.3154012761477385,-0.6856053538719447
2306,before_phees_2022-03-04_09-21-06_0000051_labelled_Odin_pheeseq_27_labelled_mC3.wav,3.0789676646001847,1.247675831789936,-1.4894366972795965,0.4572421301516227,0.36104463330695
2307,before_phees_2022-03-04_09-21-06_0000051_labelled_Odin_pheeseq_52_labelled_mB1.wav,0.09930195119919649,0.8063491509867317,-1.721697595109161,-0.36737859293858827,0.5389628020035332
2308,before_phees_2022-03-04_09-21-06_0000051_labelled_Odin_pheeseq_54_labelled_mB1.wav,-1.1783301605540026,2.117061118364307,1.6565197061737162,-0.09473518856920668,0.18767961992502102
2309,before_phees_2022-03-04_09-21-06_0000051_labelled_Odin_pheeseq_54_labelled_mB2.wav,-0.8413077130586096,1.2153581727373481,0.08621414407458464,-0.5561295592264289,0.09936803035061172
2310,before_phees_2022-03-04_09-21-06_0000051_labelled_Odin_pheeseq_59_labelled_mB1.wav,-1.1522139336657506,2.281552424711663,2.357766234208285,0.027226438450218472,0.08262027070794419
2311,before_phees_2022-03-04_09-21-06_0000051_labelled_Odin_pheeseq_59_labelled_mB2.wav,-1.542556722502655,1.3237374191555602,-1.336504890159532,-0.22666628173616388,-0.13578628454652203
2312,before_phees_2022-03-04_09-21-06_0000051_labelled_Olympia_pheeseq_02_labelled_mB1.wav,-0.34377474334871727,-0.9689500459448479,0.07445650592873732,0.3289005126273407,-0.3246820063188462
2313,before_phees_2022-03-04_09-21-06_0000051_labelled_Olympia_pheeseq_02_labelled_mB2.wav,-0.49835979448048817,0.04307008745825156,2.037689739592403,-0.4567011706956737,-0.05270579097783623
2314,before_phees_2022-03-04_09-21-06_0000051_labelled_Olympia_pheeseq_04_labelled_mB1.wav,0.9019859021896359,-1.0278953596395357,0.04494135092500633,-0.46437234569277686,-0.10862694818605291
2315,before_phees_2022-03-04_09-21-06_0000051_labelled_Olympia_pheeseq_49_labelled_mB1.wav,-2.984562940261599,1.1831980467811367,1.2682403667164024,0.8015968455223521,0.009278582056478678
2316,before_phees_2022-03-04_09-21-06_0000051_labelled_Olympia_pheeseq_49_labelled_mB2.wav,-3.5147743258079287,0.2318791480775434,0.31132429761087893,0.3349498070647453,-0.12247942557320343
2317,before_phees_2022-03-04_09-21-06_0000051_labelled_Olympia_pheeseq_51_labelled_mB1.wav,-2.984035992952708,0.4089415541157123,0.7215064703142072,1.1951506640049734,0.1497676519744751
2318,before_phees_2022-03-04_09-51-13_0000052_labelled_Tabor_pheeseq_20_labelled_mC1.wav,-1.1399934483786929,0.03378614580413264,-0.5404921051815477,-0.5515666290464147,-0.013238031828672355
2319,before_phees_2022-03-04_09-51-13_0000052_labelled_Tabor_pheeseq_20_labelled_mC2.wav,-1.0104899138878558,-0.27648274869486694,-0.9539798855219026,-0.4208649928366033,0.18691265909709515
2320,before_phees_2022-03-04_09-51-13_0000052_labelled_Tabor_pheeseq_20_labelled_mC3.wav,-3.0676145553896568,-1.143346586472166,-2.415026709395273,-0.48854222773399725,-0.22907784062162428
2321,before_phees_2022-03-07_09-19-31_0000054_labelled_Wuschel_pheeseq_02_labelled_mB1.wav,-3.067983936573296,0.8594982505636187,3.076194166341955,0.30527167551997264,0.02659328091265862
2322,before_phees_2022-03-07_09-19-31_0000054_labelled_Wuschel_pheeseq_02_labelled_mB2.wav,-3.538007710883772,-0.4586480874358029,0.1231377567709839,-0.4602384771244067,0.43177856411583804
2323,before_phees_2022-03-07_09-19-31_0000054_labelled_Wuschel_pheeseq_03_labelled_mB1.wav,-2.935472847563217,0.32567291697239853,1.8351043140808236,0.1292953285038812,0.11252045788357506
2324,before_phees_2022-03-07_09-19-31_0000054_labelled_Wuschel_pheeseq_03_labelled_mB2.wav,-2.8932742618606064,-0.4979663660112251,0.08085468957475651,0.04976159132563277,-1.0040455286324825
2325,before_phees_2022-03-07_09-19-31_0000054_labelled_Wuschel_pheeseq_04_labelled_mB1.wav,-3.27292856763882,-0.14296760935299294,2.683829342379752,0.0634752758375424,-0.4235592029579231
2326,before_phees_2022-03-07_09-19-31_0000054_labelled_Wuschel_pheeseq_04_labelled_mB2.wav,-3.0709449072491193,-1.005634777887083,0.5807054474903371,-0.6229144702578037,-0.4747415232731054
2327,before_phees_2022-03-07_09-19-31_0000054_labelled_Wuschel_pheeseq_05_labelled_mB1.wav,-3.2758339419378855,1.2512574394176714,3.5018997197927404,0.40094530058839467,0.23429403987374897
2328,before_phees_2022-03-07_09-19-31_0000054_labelled_Wuschel_pheeseq_05_labelled_mB2.wav,-2.381560576227004,-0.5106815897538394,0.7729543194824713,-0.08866805169732918,-0.054399752147436815
2329,before_phees_2022-03-07_09-19-31_0000054_labelled_Wuschel_pheeseq_06_labelled_mC1.wav,-3.320712558060526,0.12135969680972022,2.080952406491668,0.8143010752333941,-0.942421371423177
2330,before_phees_2022-03-07_09-19-31_0000054_labelled_Wuschel_pheeseq_06_labelled_mC2.wav,-2.365425354028046,-1.0380887082736008,1.2504806836800448,-1.071866180786006,0.029701705694265047
2331,before_phees_2022-03-07_09-19-31_0000054_labelled_Wuschel_pheeseq_06_labelled_mC3.wav,-1.1539328430372957,-2.144231482268313,0.22240578994734986,-1.420640930646514,-0.7442836043422023
2332,before_phees_2022-03-07_09-19-31_0000054_labelled_Wuschel_pheeseq_08_labelled_mB1.wav,-2.122877677209317,0.6509651215445915,1.8931665468716237,0.025819821408136656,-0.0564143560340765
2333,before_phees_2022-03-07_09-19-31_0000054_labelled_Wuschel_pheeseq_08_labelled_mB2.wav,-2.993082024265101,-0.3432775878254089,0.019929169073992052,0.5693157597576842,-0.2713078815257214
2334,before_phees_2022-03-07_09-19-31_0000054_labelled_Wuschel_pheeseq_09_labelled_mC1.wav,-2.793354842992507,0.10039299289019606,1.7276183963139324,0.08708302766130785,0.05245844993004234
2335,before_phees_2022-03-07_09-19-31_0000054_labelled_Wuschel_pheeseq_09_labelled_mC2.wav,-2.312991184515495,-0.5618908975176852,0.847309569183431,-0.28626404955621126,-0.3798773730787955
2336,before_phees_2022-03-07_09-19-31_0000054_labelled_Wuschel_pheeseq_09_labelled_mC3.wav,-3.405744658076484,-0.5687174388293251,-0.9540906745357838,-0.1095811951836281,-0.26596680781870247
2337,before_phees_2022-03-07_09-19-31_0000054_labelled_Wuschel_pheeseq_11_labelled_mB1.wav,-2.1564460983731073,1.4880524579633945,3.8344203134747468,0.28891278055768127,-0.46839928647825635
2338,before_phees_2022-03-07_09-19-31_0000054_labelled_Wuschel_pheeseq_11_labelled_mB2.wav,-2.1909257678629386,-0.027888271611468243,0.15786602992547874,0.2080464238503052,-0.9372835526380991
2339,before_phees_2022-03-07_09-19-31_0000054_labelled_Wuschel_pheeseq_12_labelled_mC1.wav,-3.330911397572693,0.6868681016121182,1.9513593255929342,0.7090549588744605,-0.5817645511762108
2340,before_phees_2022-03-07_09-19-31_0000054_labelled_Wuschel_pheeseq_12_labelled_mC2.wav,-3.253067121720558,-0.45669253418155437,1.6787573533570443,-0.24671861207834864,-0.336207475096008
2341,before_phees_2022-03-07_09-19-31_0000054_labelled_Wuschel_pheeseq_12_labelled_mC5.wav,-2.189223624367268,-1.6632823220718065,-0.6050965899999021,-0.6194547297302258,-0.4601806061062733
2342,before_phees_2022-03-07_09-19-31_0000054_labelled_Wuschel_pheeseq_13_labelled_mB1.wav,-3.0096793205479475,-0.021680431881384528,3.6569900650208442,-0.20750912120748494,0.3234406362527649
2343,before_phees_2022-03-07_09-19-31_0000054_labelled_Wuschel_pheeseq_13_labelled_mB2.wav,-2.02786534606553,-0.47517241186704534,0.6892532772300948,-0.3720124919156747,-0.3724444054760672
2344,before_phees_2022-03-07_09-19-31_0000054_labelled_Wuschel_pheeseq_14_labelled_mC1.wav,-2.2555764903926128,0.8301044743072116,1.8836253520738626,-0.08843400264223741,-0.017735842465145046
2345,before_phees_2022-03-07_09-19-31_0000054_labelled_Wuschel_pheeseq_14_labelled_mC2.wav,-0.8521928364525494,-0.8456327016351158,2.6226180028893897,-1.3528336917442951,0.048382970729192724
2346,before_phees_2022-03-07_09-19-31_0000054_labelled_Wuschel_pheeseq_14_labelled_mC5.wav,-2.9665850855652884,-2.036276816611751,-1.926384107415276,0.04136379843087941,-0.6733512762806462
2347,before_phees_2022-03-08_09-46-19_0000014_labelled_Nougatti_pheeseq_04_labelled_mB1.wav,2.318060624635819,1.91346803126135,-1.1299601395144547,-0.5329564216906281,-0.16781157467794305
2348,before_phees_2022-03-09_14-59-42_0000020_labelled_Odin_pheeseq_01_labelled_mB2.wav,0.10351179660672029,-0.9755506384273063,0.3085017228096643,-0.7346496811031185,-0.006646392227046664
2349,before_phees_2022-03-09_14-59-42_0000020_labelled_Odin_pheeseq_02_labelled_mC1.wav,1.3280390212669666,-1.77599959880414,1.992518631193476,-0.6923626292164188,-0.4202944207157444
2350,before_phees_2022-03-09_14-59-42_0000020_labelled_Odin_pheeseq_02_labelled_mC2.wav,1.9719051359026192,0.18846147697619303,1.8262286880841305,-1.0807845962890998,0.15139465864969237
2351,before_phees_2022-03-09_14-59-42_0000020_labelled_Odin_pheeseq_02_labelled_mC3.wav,-0.5412452479744833,-1.505802397314272,0.24012190206590556,-1.1271866593343443,-0.3331215258419499
2352,before_phees_2022-03-09_14-59-42_0000020_labelled_Odin_pheeseq_03_labelled_mB1.wav,0.7601980248133032,-0.07796494952212062,-0.6811864826732229,-0.06494203410754329,-0.3209353505183392
2353,before_phees_2022-03-09_14-59-42_0000020_labelled_Odin_pheeseq_03_labelled_mB2.wav,-0.41747558861860323,-1.5799245906485353,-0.1447854406590606,-0.8524742238589629,-0.03885809461811487
2354,before_phees_2022-03-09_14-59-42_0000020_labelled_Odin_pheeseq_05_labelled_mB1.wav,2.5064876320701983,-1.1233719415512535,2.357480216094675,-1.5396497041322332,0.09443239272119676
2355,before_phees_2022-03-09_14-59-42_0000020_labelled_Odin_pheeseq_05_labelled_mB2.wav,1.1774992499694659,0.20339771228902018,0.6922990565196236,-0.7746452147966809,-0.15197800004750697
2356,before_phees_2022-03-09_14-59-42_0000020_labelled_Odin_pheeseq_07_labelled_mB1.wav,2.0541335170981703,0.24080922741747948,1.0766612020980155,-0.42688231262830334,-0.5514155639974427
2357,before_phees_2022-03-09_14-59-42_0000020_labelled_Odin_pheeseq_07_labelled_mB2.wav,0.7841636043640002,-0.5675587029694578,-0.0023662407911303842,-0.8842136845130159,-0.14016881441386742
2358,before_phees_2022-03-09_14-59-42_0000020_labelled_Odin_pheeseq_08_labelled_mB1.wav,0.9307864011850655,-1.3650806297994256,0.2763743194924,-1.3897072612573544,0.4018618823797619
2359,before_phees_2022-03-09_14-59-42_0000020_labelled_Odin_pheeseq_08_labelled_mB2.wav,-0.636778804491241,-1.4257461459129273,0.05393880231886566,-1.1777980527156096,-0.2928596702295902
2360,before_phees_2022-03-09_14-59-42_0000020_labelled_Odin_pheeseq_10_labelled_mB1.wav,0.11163057278777254,-1.2681811259946505,1.873387681585675,-1.2009122077773322,0.016096046470978398
2361,before_phees_2022-03-09_14-59-42_0000020_labelled_Odin_pheeseq_10_labelled_mB2.wav,-0.6763606577867858,-1.4740176237674667,0.7104365631320562,-1.1079106566451595,-0.6148121979057097
2362,before_phees_2022-03-09_14-59-42_0000020_labelled_Odin_pheeseq_11_labelled_mC1.wav,1.6707491723649648,0.36469174787940156,-0.4879231866371863,0.13467259952224359,-0.3491159481442144
2363,before_phees_2022-03-09_14-59-42_0000020_labelled_Odin_pheeseq_11_labelled_mC2.wav,2.712063175080596,0.10831997946643274,0.13387858013428985,-0.5604034928101329,-0.3505165009136052
2364,before_phees_2022-03-09_14-59-42_0000020_labelled_Odin_pheeseq_11_labelled_mC3.wav,1.6486480216238857,0.38444051184519945,-0.5664881590743388,-0.11672839925524126,-0.5119441693992988
2365,before_phees_2022-03-09_14-59-42_0000020_labelled_Odin_pheeseq_12_labelled_mD3.wav,1.6871526185000854,0.040403685765438076,-0.32526548026723784,-0.986272827322247,-0.07264678016623977
2366,before_phees_2022-03-09_14-59-42_0000020_labelled_Odin_pheeseq_12_labelled_mD4.wav,-2.146975136209502,-1.7981717295051418,-0.8801992345801677,-0.734564387421264,-0.4760711212022206
2367,before_phees_2022-03-09_14-59-42_0000020_labelled_Odin_pheeseq_14_labelled_mB1.wav,2.4710574961609986,1.5183084953112629,-1.7492455992850806,-0.5073020705258754,-0.033762754189769664
2368,before_phees_2022-03-09_14-59-42_0000020_labelled_Odin_pheeseq_14_labelled_mB2.wav,0.987312118253962,0.9470416274532475,-0.9687249872734154,-0.4742621585996128,-0.14215027830023585
2369,before_phees_2022-03-09_14-59-42_0000020_labelled_Odin_pheeseq_15_labelled_mC2.wav,3.3390680586911246,1.4217253028286128,-0.56057524773965,-0.790722796392977,0.19118619675784704
2370,before_phees_2022-03-09_14-59-42_0000020_labelled_Odin_pheeseq_15_labelled_mC3.wav,0.42019038831511824,-0.32156983679824036,0.208971480208774,-0.8528925431142608,0.05001334233316049
2371,before_phees_2022-03-10_10-18-58_0000024_labelled_Odin_pheeseq_02_labelled_mB2.wav,0.24771222643688168,0.8671200792342695,0.0670578824312595,-0.6700141035739213,-0.6237070468542731
2372,before_phees_2022-03-10_10-18-58_0000024_labelled_Odin_pheeseq_04_labelled_mB1.wav,0.8927426398449446,1.227465207412537,1.834225955271888,-0.8626678457869237,-0.21988981874264332
2373,before_phees_2022-03-10_10-18-58_0000024_labelled_Odin_pheeseq_04_labelled_mB2.wav,-0.5840515653166926,0.33238667893585805,-0.7921551135295054,-0.7831754903406907,-0.2812707129581571
2374,before_phees_2022-03-10_10-18-58_0000024_labelled_Odin_pheeseq_05_labelled_mB1.wav,0.92009721826076,0.15691559076803038,0.09142702104882831,-0.8749518166988106,0.06793402450895655
2375,before_phees_2022-03-10_10-18-58_0000024_labelled_Odin_pheeseq_05_labelled_mB2.wav,-0.5934046712845895,0.6472101180210391,0.23740082646000638,-0.6968683351068281,-0.5210596796608721
2376,before_phees_2022-03-10_10-18-58_0000024_labelled_Odin_pheeseq_16_labelled_mB1.wav,-0.8529382789595926,0.1347459685436284,1.3821964286007906,-0.2175910783518499,-0.7858991027311598
2377,before_phees_2022-03-10_10-18-58_0000024_labelled_Odin_pheeseq_16_labelled_mB2.wav,-0.4682277089131465,0.3772219174707469,1.205453612842294,-1.1843368790124453,0.00031615319869552743
2378,before_phees_2022-03-10_10-18-58_0000024_labelled_Odin_pheeseq_17_labelled_mC1.wav,-0.40572129372096544,0.4753334618444579,0.5916764085895583,-0.18174186359069247,-0.3813224110828698
2379,before_phees_2022-03-10_10-18-58_0000024_labelled_Odin_pheeseq_17_labelled_mC2.wav,1.3054879390831535,-0.13386721431069312,1.4244904438736152,-1.3064102855874091,0.35523744102412286
2380,before_phees_2022-03-10_10-18-58_0000024_labelled_Odin_pheeseq_17_labelled_mC3.wav,-1.7392255346744685,-0.5129599734321714,-0.3725989846688984,-0.5987561547304506,-0.08755430139474107
2381,before_phees_2022-03-10_10-18-58_0000024_labelled_Odin_pheeseq_18_labelled_mC1.wav,-0.010155514141819595,0.08583181586844868,0.3650302568819698,0.008411862289364384,-0.42911107755934197
2382,before_phees_2022-03-10_10-18-58_0000024_labelled_Odin_pheeseq_18_labelled_mC2.wav,1.6897324485518295,-0.5184319482196091,1.2035011568747027,-0.8152042968480645,0.5127991074878807
2383,before_phees_2022-03-10_10-18-58_0000024_labelled_Odin_pheeseq_18_labelled_mC3.wav,1.3682732192700824,0.4166812324268538,0.542877363404461,-0.7373126989767295,-0.01695896122721653
2384,before_phees_2022-03-10_10-18-58_0000024_labelled_Odin_pheeseq_19_labelled_mD1.wav,-0.23903406380921524,-0.04855458466292412,-0.4397294648641594,-0.41050328345507126,-0.3249188353744474
2385,before_phees_2022-03-10_10-18-58_0000024_labelled_Odin_pheeseq_19_labelled_mD5.wav,2.1852947808555894,-1.5861408727194108,0.8431833704079437,-0.6382192104462013,0.088307750216858
2386,before_phees_2022-03-10_10-18-58_0000024_labelled_Odin_pheeseq_19_labelled_mD6.wav,1.7431742677182742,-1.2295424050829715,0.9195114293756694,-0.4399151959340485,-0.9815455126800344
2387,before_phees_2022-03-10_10-18-58_0000024_labelled_Odin_pheeseq_19_labelled_mD8.wav,-2.9414264646837838,-1.7743305555607074,-0.6321762732675352,-0.5604945215676655,-0.07059787616422335
2388,before_phees_2022-03-10_10-18-58_0000024_labelled_Olympia_pheeseq_20_labelled_mB1.wav,-4.208027636582726,1.3414947372523378,2.0036524208032653,0.9015143484973265,0.20558497726054342
2389,before_phees_2022-03-10_10-18-58_0000024_labelled_Olympia_pheeseq_20_labelled_mB2.wav,-3.604845389296748,0.9511459947535823,-0.7125242732750153,-0.20012095181175818,0.25240128429318526
2390,before_phees_2022-03-10_10-18-58_0000024_labelled_Olympia_pheeseq_21_labelled_mB1.wav,-3.8432072449200256,0.7242786800390179,0.5896818749112609,1.088962725703894,0.5613326701874755
2391,before_phees_2022-03-10_10-18-58_0000024_labelled_Olympia_pheeseq_21_labelled_mB2.wav,-4.111209419086707,0.9066992326627072,0.8849367394753171,0.29099118638653987,0.024094926733926627
2392,before_phees_2022-03-10_10-18-58_0000024_labelled_Olympia_pheeseq_23_labelled_mB1.wav,-2.2848698066865234,1.1101123924450753,-0.5489839613033896,0.6910808515682905,0.4049318617880393
2393,before_phees_2022-03-10_10-18-58_0000024_labelled_Olympia_pheeseq_23_labelled_mB2.wav,-3.238991170070504,1.5639993268247658,0.38174868363334,0.4085736657780427,0.4889290131679296
2394,before_phees_2022-03-10_10-18-58_0000024_labelled_Olympia_pheeseq_24_labelled_mB1.wav,-2.307629237353351,0.8203069270668268,1.7283099344735153,0.49070202508542665,0.5662524082884456
2395,before_phees_2022-03-10_10-18-58_0000024_labelled_Olympia_pheeseq_24_labelled_mB2.wav,-3.059545278136804,0.7079955524526017,0.26029940043336314,0.28889813273068676,-0.10312441860036413
2396,before_phees_2022-03-10_10-18-58_0000024_labelled_Olympia_pheeseqX_22_labelled_mB1.wav,-2.562832106539629,-0.35969570383066174,1.2591936132975134,0.3258533211342798,0.1910682812796429
2397,before_phees_2022-03-10_10-18-58_0000024_labelled_Olympia_pheeseqX_22_labelled_mB2.wav,-3.128836189698323,0.8311611769592383,0.41473999809787465,0.6056538362886887,0.14836393388063887
2398,before_phees_2022-03-10_10-59-37_0000025_labelled_Nougatti_pheeseq_14_labelled_mB2.wav,0.5611587364888772,0.6150056029094922,-1.0082246351982396,-0.21193395071251922,0.06625653115398146
2399,before_phees_2022-03-10_10-59-37_0000025_labelled_Nougatti_pheeseq_15_labelled_mB1.wav,-1.1342292080952359,2.067752221957791,-0.6059417959597073,0.2623630071798612,0.10655411796207717
2400,before_phees_2022-03-10_10-59-37_0000025_labelled_Nougatti_pheeseq_15_labelled_mB2.wav,1.5542074119909337,0.5020021122317557,0.6831412117542505,-0.6302357122001765,-0.00856774005046383
2401,before_phees_2022-03-10_10-59-37_0000025_labelled_Nougatti_pheeseq_16_labelled_mB1.wav,-0.5431691770568372,1.8181108942305373,-0.48770998197159665,-0.3888767768797443,0.6104147757916152
2402,before_phees_2022-03-10_10-59-37_0000025_labelled_Nougatti_pheeseq_16_labelled_mB3.wav,1.6436736025802205,0.2974542235372528,0.6077653793848902,-0.8213799989389451,-0.3642626642987292
2403,before_phees_2022-03-10_10-59-37_0000025_labelled_Nougatti_pheeseq_18_labelled_mB1.wav,-0.32368197534705373,2.133626236187873,-0.4695781028857477,0.09104160425881302,-0.393463496696995
2404,before_phees_2022-03-10_10-59-37_0000025_labelled_Nougatti_pheeseq_18_labelled_mB3.wav,1.3900803476463588,0.4296098311939672,0.6935538306979512,-0.6728946797771562,-0.03623951343048323
2405,before_phees_2022-03-10_10-59-37_0000025_labelled_Nougatti_pheeseq_19_labelled_mB1.wav,0.32239289065547183,1.3683917276478883,0.5237994670708104,0.15163089421170461,0.1229559806174063
2406,before_phees_2022-03-10_10-59-37_0000025_labelled_Nougatti_pheeseq_19_labelled_mB3.wav,2.5294448673460237,0.4212049595657497,0.38798860672212676,-0.48386428206587606,-0.18140896234321938
2407,before_phees_2022-03-10_10-59-37_0000025_labelled_Nougatti_pheeseq_21_labelled_mB3.wav,1.0037929123371554,1.2325386257004827,1.6830495540679087,-0.6039171359237065,0.09167172341556097
2408,before_phees_2022-03-10_10-59-37_0000025_labelled_Nougatti_pheeseq_22_labelled_mB1.wav,-0.11166038133725038,1.4831977868031911,-0.3969831815734096,-0.46075092190078265,0.28804974606342004
2409,before_phees_2022-03-10_10-59-37_0000025_labelled_Nougatti_pheeseq_23_labelled_mB1.wav,-0.24408716356075533,2.0157903149842924,0.7717372716188684,-0.48541849082166244,-0.04498186897357088
2410,before_phees_2022-03-10_10-59-37_0000025_labelled_Nougatti_pheeseq_23_labelled_mB3.wav,1.4901837587258737,0.60267143007028,-0.5922842277064307,-0.25702071873857596,-0.5566618952092026
2411,before_phees_2022-03-10_10-59-37_0000025_labelled_Nougatti_pheeseq_24_labelled_mB1.wav,0.018931780455579535,2.15230983327973,-0.7701829065309163,0.3892397856908906,0.07885747535063216
2412,before_phees_2022-03-10_10-59-37_0000025_labelled_Nougatti_pheeseq_24_labelled_mB2.wav,2.3927015259737763,0.6079633989918565,0.3463965993174846,-0.7655173516284947,-0.2959731476568955
2413,before_phees_2022-03-10_10-59-37_0000025_labelled_Wuschel_pheeseq_17_labelled_mB2.wav,-2.6378854361836788,-1.353361297122745,0.6105664519264584,-0.6218109375230277,-0.8447216130191204
2414,before_phees_2022-03-11_09-34-34_0000027_labelled_Odin_pheeseq_01_labelled_mC1.wav,1.323868273479782,-0.34514466687367185,-0.4967194762989939,-0.7661056734415632,0.07600265080762392
2415,before_phees_2022-03-11_09-34-34_0000027_labelled_Odin_pheeseq_01_labelled_mC2.wav,0.11642571229098633,-1.1682873550773056,-0.33783661480229693,-0.9870878337447943,-0.06345415612407138
2416,before_phees_2022-03-11_09-34-34_0000027_labelled_Odin_pheeseq_01_labelled_mC3.wav,-5.29069593653548,-2.304918879465533,-2.166999545609437,0.02595357040923646,0.2819955442265304
2417,before_phees_2022-03-11_09-34-34_0000027_labelled_Odin_pheeseq_03_labelled_mC1.wav,0.6944762270551436,-0.47385648347924075,-0.09736010365029706,-0.8707956615680352,-0.05581525111009231
2418,before_phees_2022-03-11_09-34-34_0000027_labelled_Odin_pheeseq_03_labelled_mC2.wav,1.1567103502254703,0.5464715159945668,0.6979243913918289,-1.0555476754846196,-0.2512172220171013
2419,before_phees_2022-03-11_09-34-34_0000027_labelled_Odin_pheeseq_03_labelled_mC3.wav,-2.6173974183907824,-0.17887285277578607,-1.8248412110976786,-0.25403500073898955,-0.13940698783030217
2420,before_phees_2022-03-11_09-34-34_0000027_labelled_Odin_pheeseq_04_labelled_mB1.wav,1.2571778126634758,0.18730393768431144,-0.1082204531397938,-1.251682144454054,-0.30064798010873445
2421,before_phees_2022-03-11_09-34-34_0000027_labelled_Odin_pheeseq_04_labelled_mB2.wav,0.6675350517395355,0.46584616202187945,-0.07854638521730432,-0.380067714903906,-0.6561745542987746
2422,before_phees_2022-03-11_10-24-31_0000033_labelled_Tabor_pheeseq_01_labelled_mD1.wav,0.664334346485044,-0.20235188728557763,-1.546503018130848,-0.25465664296835083,-0.038054690576314935
2423,before_phees_2022-03-11_10-24-31_0000033_labelled_Tabor_pheeseq_01_labelled_mD2.wav,0.560296172673493,-1.4204037357697967,0.09572216704330856,-0.7805541763532552,-0.40827995336096
2424,before_phees_2022-03-11_10-24-31_0000033_labelled_Tabor_pheeseq_01_labelled_mD3.wav,-0.6611615267740993,-1.3165367627802813,-0.6336740566675724,-1.1009162566423647,0.2931623074602423
2425,before_phees_2022-03-11_10-24-31_0000033_labelled_Tabor_pheeseq_01_labelled_mD4.wav,-3.182950358883717,-1.380984054361753,-2.6426722921624117,0.04759622810721101,0.2236166353649801
2426,before_phees_2022-03-11_10-24-31_0000033_labelled_Tabor_pheeseq_02_labelled_mD1.wav,1.0572260189065354,0.9012982463320042,-3.030089128379197,0.241708611111704,0.013224623898197826
2427,before_phees_2022-03-11_10-24-31_0000033_labelled_Tabor_pheeseq_02_labelled_mD2.wav,0.9378555101487829,-0.213671771755148,-1.0707027825729138,-0.00219086537931597,-0.2476815940684621
2428,before_phees_2022-03-11_10-24-31_0000033_labelled_Tabor_pheeseq_02_labelled_mD3.wav,-0.15855858920578522,-0.30676895160153067,-0.9692277127496018,-0.582054962021792,-0.3468068381701684
2429,before_phees_2022-03-11_10-24-31_0000033_labelled_Tabor_pheeseq_02_labelled_mD4.wav,-1.8191789678733967,-1.278173824988615,-1.6030472707378858,-0.7331071498914683,0.00488214669048282
2430,before_phees_2022-03-11_14-57-48_0000041_labelled_Lola_pheeseq_02_labelled_mB1.wav,-1.25879171535867,3.04838278906386,1.237304650171912,0.849670245788023,0.2594261719080735
2431,before_phees_2022-03-11_14-57-48_0000041_labelled_Lola_pheeseq_02_labelled_mB2.wav,-0.11195675043705852,1.6038046381148703,0.0037972189433706505,-0.49088017003073764,0.14996741512846126
2432,before_phees_2022-03-11_14-57-48_0000041_labelled_Wuschel_pheeseq_03_labelled_mC1.wav,-2.658239114136189,-0.4949551597363418,2.5802066312682395,-0.5501504011368678,0.18795966687311066
2433,before_phees_2022-03-11_14-57-48_0000041_labelled_Wuschel_pheeseq_03_labelled_mC2.wav,-1.6191828662405172,-0.7845783280612595,1.7574157446500913,-0.980122961475392,-0.37527721380878193
2434,before_phees_2022-03-11_14-57-48_0000041_labelled_Wuschel_pheeseq_03_labelled_mC3.wav,-2.9694397920707027,-2.930407783371032,-0.5953671179126243,-0.010190223550412039,-0.13086862079946623
2435,before_phees_2022-03-14_09-26-36_0000046_labelled_Olympia_pheeseq_01_labelled_mB1.wav,-0.08396604596587778,-1.0102654932608786,0.26131521772091065,-1.095617813699828,-0.32739951187185135
2436,before_phees_2022-03-14_09-26-36_0000046_labelled_Olympia_pheeseq_01_labelled_mB2.wav,-0.9238060352577686,-0.593001870323529,-0.6713293455859944,-0.40387756595549446,-0.2694748506236077
2437,before_phees_2022-03-14_09-26-36_0000046_labelled_Olympia_pheeseq_02_labelled_mB1.wav,0.481451841403358,0.16549700008731233,-1.1369125603543684,-0.18403487300227026,-0.008708481479982832
2438,before_phees_2022-03-14_09-26-36_0000046_labelled_Olympia_pheeseq_02_labelled_mB2.wav,-0.6023653354792506,0.782832692002009,-0.2713991105397665,-0.5053772032410501,0.09132575191653117
2439,before_phees_2022-03-14_09-26-36_0000046_labelled_Olympia_pheeseq_03_labelled_mB1.wav,0.5527465410696697,0.002865911560634098,-0.3749213873802097,-0.1261072840695925,-0.48559772414854985
2440,before_phees_2022-03-14_09-26-36_0000046_labelled_Olympia_pheeseq_03_labelled_mB2.wav,-0.8786668679217015,-0.5913538639528653,-0.3930339454608577,-0.03755840912509348,-0.08130419205059841
2441,before_phees_2022-03-14_09-26-36_0000046_labelled_Olympia_pheeseq_19_labelled_mB1.wav,-2.0422486485552325,0.1569413431866119,0.6324412142734279,0.23387003201154777,0.4250526309471241
2442,before_phees_2022-03-14_09-26-36_0000046_labelled_Olympia_pheeseq_19_labelled_mB2.wav,-2.0405247402790883,0.1348113623901492,0.5040173109629076,-0.2561479804048812,0.1513209819130198
2443,before_phees_2022-03-14_09-26-36_0000046_labelled_Olympia_pheeseq_20_labelled_mC1.wav,-2.2390631294259653,-1.3485454255569114,-0.4979808319671218,0.7637636554664121,0.9117126193498861
2444,before_phees_2022-03-14_09-26-36_0000046_labelled_Olympia_pheeseq_20_labelled_mC2.wav,-1.9758160317412283,-1.076020578408437,0.7563294546947684,0.2725936444343869,-0.11257928610237955
2445,before_phees_2022-03-14_09-26-36_0000046_labelled_Olympia_pheeseq_20_labelled_mC3.wav,-2.0674106986681506,-0.9820774916571295,0.5823630830575689,-0.18572282197355733,-0.3405541179720669
2446,before_phees_2022-03-14_09-26-36_0000046_labelled_Olympia_pheeseq_25_labelled_mB1.wav,-3.090545807574433,0.6411084163180472,-0.03986069810602347,0.7033202560374648,0.3148014095014677
2447,before_phees_2022-03-14_09-26-36_0000046_labelled_Olympia_pheeseq_25_labelled_mB2.wav,-1.2735982004017448,-1.0751855386753517,1.3544978030173462,-0.8994155272250869,-0.3332057797937183
2448,before_phees_2022-03-14_09-26-36_0000046_labelled_Olympia_pheeseq_26_labelled_mC1.wav,-4.261822615496814,-0.960777485468366,-1.4083385062325737,0.08011551679828179,0.15543898541060222
2449,before_phees_2022-03-14_09-26-36_0000046_labelled_Olympia_pheeseq_26_labelled_mC4.wav,-3.9954493012027203,-1.229249794491934,-1.0179349575245213,0.6196914135890274,0.24716260157456876
2450,before_phees_2022-03-14_09-26-36_0000046_labelled_Olympia_pheeseq_26_labelled_mC5.wav,-1.9110045568815168,-1.2839105044996921,0.38322232177636123,0.44867762791475857,0.09723727575292632
2451,before_phees_2022-03-14_09-26-36_0000046_labelled_Olympia_pheeseq_30_labelled_mB1.wav,-3.3766927743248387,-0.6287578911499855,-0.8794803066069767,0.788298201845015,0.3637501814001841
2452,before_phees_2022-03-14_09-26-36_0000046_labelled_Olympia_pheeseq_30_labelled_mB2.wav,-3.3317961623451393,-1.1076497025127328,-0.0599581232682235,-0.0008452415553689346,0.48879787556145277
2453,before_phees_2022-03-14_09-26-36_0000046_labelled_Olympia_pheeseq_32_labelled_mB1.wav,-3.6644833704649367,-0.5323641354841983,-1.022136174296308,1.1631766291041772,0.9882956239307734
2454,before_phees_2022-03-14_09-26-36_0000046_labelled_Olympia_pheeseq_32_labelled_mB2.wav,-2.392114122899919,-1.0931478808366504,-0.5114458256777681,-0.12753366105814073,0.2440564777818378
2455,before_phees_2022-03-14_09-26-36_0000046_labelled_Wuschel_pheeseq_21_labelled_mB1.wav,-4.111894051463861,0.9418131203152373,3.3339382428621462,0.3824817219752437,0.24030621735091012
2456,before_phees_2022-03-14_09-26-36_0000046_labelled_Wuschel_pheeseq_21_labelled_mB2.wav,-3.077337427495716,-0.9284885820081406,0.8760121546263465,-0.33186869522252355,-0.28214171675628325
2457,before_phees_2022-03-14_09-26-36_0000046_labelled_Wuschel_pheeseq_22_labelled_mB1.wav,-4.094661623768494,0.8897206104444887,3.2743252429640233,0.50877505962499,0.39626699415486516
2458,before_phees_2022-03-14_09-26-36_0000046_labelled_Wuschel_pheeseq_22_labelled_mB2.wav,-3.904629206380831,-0.47464260705045114,1.132500795891238,0.4406065492875739,-0.6679381622746259
2459,before_phees_2022-03-14_09-26-36_0000046_labelled_Wuschel_pheeseq_23_labelled_mB1.wav,-4.687942764263522,0.40305929892143266,1.3293825226137255,0.8569159610502862,0.08383244945541994
2460,before_phees_2022-03-14_09-26-36_0000046_labelled_Wuschel_pheeseq_23_labelled_mB2.wav,-4.117505965286946,-1.1072973524514285,1.043443310117676,-0.17880929810500237,0.045863830164177125
2461,before_phees_2022-03-14_09-26-36_0000046_labelled_Wuschel_pheeseq_24_labelled_mB1.wav,-5.044543436164245,-0.19089688500246685,1.4293442971329027,0.6380663346746193,-0.08616963633952936
2462,before_phees_2022-03-14_09-26-36_0000046_labelled_Wuschel_pheeseq_24_labelled_mB2.wav,-4.0910439122920295,-1.2086881401085294,0.8074545999668074,-0.19298719481739224,0.04559615876550208
2463,before_phees_2022-03-14_09-26-36_0000046_labelled_Wuschel_pheeseq_27_labelled_mB1.wav,-3.2877479799957516,-0.30554575495666036,2.069420077678825,0.1510007244241961,-0.21067021818754803
2464,before_phees_2022-03-14_09-26-36_0000046_labelled_Wuschel_pheeseq_27_labelled_mB2.wav,-3.453307226387775,-0.6697371290064128,-0.2450332729887359,-0.6381011523465102,0.30378950173189306
2465,before_phees_2022-03-14_09-26-36_0000046_labelled_Wuschel_pheeseq_28_labelled_mB1.wav,-3.721733211895211,0.11115929022348399,2.2819885121853107,0.2707124344251008,0.16201636630897556
2466,before_phees_2022-03-14_09-26-36_0000046_labelled_Wuschel_pheeseq_28_labelled_mB2.wav,-3.372091568050155,-0.8638066323442446,0.5334731423791026,-0.20218775101438444,0.15135955376963586
2467,before_phees_2022-03-14_10-35-12_0000049_labelled_Nougatti_pheeseq_04_labelled_mC1.wav,4.5581046198369455,-0.11325463823539028,3.1787328884310058,-1.9737454116620305,0.4052005562809002
2468,before_phees_2022-03-14_10-35-12_0000049_labelled_Nougatti_pheeseq_04_labelled_mC2.wav,4.381994134346932,0.7038612983365088,0.35589870334663287,-0.9792376550941041,0.34633092350347355
2469,before_phees_2022-03-14_10-35-12_0000049_labelled_Nougatti_pheeseq_04_labelled_mC3.wav,0.9301605615375559,-1.8871757134527867,0.26065184587971374,-0.3040227643761738,-0.6833513818531322
2470,before_phees_2022-03-14_10-35-12_0000049_labelled_Nougatti_pheeseq_05_labelled_mC1.wav,4.110288129116682,1.2239476218802787,0.7978806709098932,-0.430983730434906,-0.6101307927655596
2471,before_phees_2022-03-14_10-35-12_0000049_labelled_Nougatti_pheeseq_13_labelled_mB1.wav,3.808901919292375,2.334205727193366,0.9414080985828226,-0.4421878906138285,-0.15216216776386232
2472,before_phees_2022-03-14_10-35-12_0000049_labelled_Nougatti_pheeseq_13_labelled_mB2.wav,-1.0422281297550187,-1.9368022869918313,0.12856227656396874,0.6567614436881826,-0.39876631876458
2473,before_phees_2022-03-14_10-35-12_0000049_labelled_Nougatti_pheeseq_16_labelled_mC1.wav,4.386421397864619,0.4892404331851939,2.1369692510204272,-1.462784503013786,0.16963776465074618
2474,before_phees_2022-03-14_10-35-12_0000049_labelled_Nougatti_pheeseq_16_labelled_mC2.wav,4.002753772239898,0.7058055338377871,0.32838558789266353,-0.3793705103842268,-0.5048433231182923
2475,before_phees_2022-03-14_10-35-12_0000049_labelled_Nougatti_pheeseq_16_labelled_mC3.wav,-0.571744719509042,-1.8143249035336038,-0.06631373134345818,0.567132334306728,-0.59770536663574
2476,before_phees_2022-03-14_10-35-12_0000049_labelled_Odin_pheeseq_01_labelled_mE1.wav,0.9166694311402716,-2.6578020430582274,0.9426611441617068,-0.47778205862373174,0.14491989952045534
2477,before_phees_2022-03-14_10-35-12_0000049_labelled_Odin_pheeseq_01_labelled_mE2.wav,1.7873400069218952,-1.688242135555709,0.43243442052987596,0.06420880976195224,-0.40614537661742633
2478,before_phees_2022-03-14_10-35-12_0000049_labelled_Odin_pheeseq_01_labelled_mE3.wav,2.014917880576175,-2.583187466877715,0.7002671982308953,-0.47411819541247013,-0.12771673227983737
2479,before_phees_2022-03-14_10-35-12_0000049_labelled_Odin_pheeseq_01_labelled_mE4.wav,0.5993382787389346,-1.8905531269072484,-0.23925973951433874,-0.397441639424606,-0.15078682016710238
2480,before_phees_2022-03-14_10-35-12_0000049_labelled_Odin_pheeseq_01_labelled_mE5.wav,-0.7801882608964934,-2.0811378189277527,-1.0101564906836447,-0.09809593555441422,-0.5155627475088534
2481,before_phees_2022-03-14_10-35-12_0000049_labelled_Odin_pheeseq_02_labelled_mD1.wav,1.2636573561030038,-3.5241537836862484,1.961368662071732,-0.4959056833325408,0.5985187885898967
2482,before_phees_2022-03-14_10-35-12_0000049_labelled_Odin_pheeseq_02_labelled_mD2.wav,3.03816191930089,-3.210027171794872,1.7994485687147115,-0.7240865277323277,-0.1758222609449632
2483,before_phees_2022-03-14_10-35-12_0000049_labelled_Odin_pheeseq_02_labelled_mD3.wav,3.071432800748072,-2.874653617800698,1.035615140492504,-0.3325261796111549,-0.8087618417374216
2484,before_phees_2022-03-14_10-35-12_0000049_labelled_Odin_pheeseq_02_labelled_mD4.wav,-0.15277315663087468,-1.431405349757954,-0.6608488427336376,0.05748291256391333,-0.4517469498306693
2485,before_phees_2022-03-14_10-35-12_0000049_labelled_Odin_pheeseq_07_labelled_mB1.wav,0.49043980835008777,0.3393012897393518,-1.4676802241111206,-0.11632292096136347,0.40613665343603084
2486,before_phees_2022-03-14_10-35-12_0000049_labelled_Odin_pheeseq_07_labelled_mB2.wav,-0.09838322194951418,-0.26186551441035555,-1.4320542622684826,-0.07365635877986833,0.39566716300425187
2487,before_phees_2022-03-14_10-35-12_0000049_labelled_Odin_pheeseq_11_labelled_mB1.wav,1.8716913578658216,-0.4327600095113186,0.9464776877717486,-0.4547450649213719,-0.7087177601063243
2488,before_phees_2022-03-14_10-35-12_0000049_labelled_Odin_pheeseq_11_labelled_mB2.wav,1.6617328403300766,-0.6916163323235156,1.134022320022651,-1.2018142758302703,0.07546404100433166
2489,before_phees_2022-03-14_10-35-12_0000049_labelled_Odin_pheeseq_14_labelled_mC2.wav,0.49325425500862635,-1.1347444883856534,-0.2383128118255413,-0.7662921865795042,-0.06331314063143838
2490,before_phees_2022-03-14_10-35-12_0000049_labelled_Odin_pheeseq_14_labelled_mC3.wav,-2.3174972276509704,-0.9513584023704119,-1.039910153504887,0.0935494193742488,-0.7635915175065274
2491,before_phees_2022-03-14_10-35-12_0000049_labelled_Odin_pheeseq_19_labelled_mC2.wav,1.526305153581282,0.14143682035564334,0.32681549500649304,-0.7287058939807868,-0.08600159862740284
2492,before_phees_2022-03-14_10-35-12_0000049_labelled_Odin_pheeseq_19_labelled_mC3.wav,-5.053264778531533,-1.7046778247628143,-2.0560689751471535,-0.10348769495715522,0.33617753897320946
2493,before_phees_2022-03-14_10-35-12_0000049_labelled_Odin_pheeseq_21_labelled_mB1.wav,0.9655444849517865,0.8882715965747514,0.7883875411117189,0.07265367735302487,-0.6840083714725304
2494,before_phees_2022-03-14_10-35-12_0000049_labelled_Odin_pheeseq_21_labelled_mB2.wav,-0.8161142960095956,-0.8443764061150524,-0.03500354099415614,-0.3604295566760164,-0.712619839137517
2495,before_phees_2022-03-14_10-35-12_0000049_labelled_Odin_pheeseq_25_labelled_mB2.wav,1.1231146205574332,-0.35373964654051304,-0.7055065052887578,0.026334996488981632,-0.495662720387271
2496,before_phees_2022-03-14_10-35-12_0000049_labelled_Odin_pheeseq_26_labelled_mC2.wav,1.3663137763343587,-0.18211090369916147,0.2577073987663002,-0.7106723597846065,-0.1236258111082592
2497,before_phees_2022-03-14_10-35-12_0000049_labelled_Odin_pheeseq_26_labelled_mC3.wav,-3.17151662334233,-1.445257606378912,-1.8678378439011691,-0.11257465869222753,-0.4147891329132409
2498,before_phees_2022-03-14_10-35-12_0000049_labelled_Odin_pheeseq_30_labelled_mB1.wav,2.6933557468948166,-0.7300970373989621,1.288056932806755,-0.8380310730121904,-0.05676254770173441
2499,before_phees_2022-03-14_10-35-12_0000049_labelled_Odin_pheeseq_30_labelled_mB2.wav,2.3091488352330396,0.01837845940321178,2.0185875476046844,-1.0674592822309488,-0.1976118009508177
2500,before_phees_2022-03-14_10-35-12_0000049_labelled_Odin_pheeseq_40_labelled_mB2.wav,-0.9353168534675824,0.16287055509283635,-0.11007469260329991,-0.19386980886607316,0.1399466212172222
2501,before_phees_2022-03-14_10-35-12_0000049_labelled_Odin_pheeseq_41_labelled_mB2.wav,0.8082318521470266,-0.37747248225909075,0.9712231861639207,-0.9728853909504269,-0.6810761643296677
2502,before_phees_2022-03-14_13-20-47_0000053_labelled_Odin_pheeseq_02_labelled_mE1.wav,-0.09372484377096434,-5.159278900917659,0.6130595826265673,0.14522437115928158,1.5899909867053328
2503,before_phees_2022-03-14_13-20-47_0000053_labelled_Odin_pheeseq_02_labelled_mE3.wav,-0.10441506851954957,-4.262976411092352,0.07820954115874315,1.5635949076861788,0.5600067440041152
2504,before_phees_2022-03-14_13-20-47_0000053_labelled_Odin_pheeseq_02_labelled_mE4.wav,1.245785644966209,-4.098535047666626,0.6950657513872806,1.2292850102937614,-0.6399216120490406
2505,before_phees_2022-03-14_13-20-47_0000053_labelled_Odin_pheeseq_02_labelled_mE5.wav,0.9013227109073224,-3.392165180232658,0.20148966970014004,0.7091152394502782,-0.2540403647019358
2506,before_phees_2022-03-14_13-20-47_0000053_labelled_Odin_pheeseq_02_labelled_mE6.wav,-0.21971135134038372,-2.528015457183498,-0.5838178103052528,0.7138994110352974,-0.4179925089682712
2507,before_phees_2022-03-14_13-20-47_0000053_labelled_Odin_pheeseq_04_labelled_mD1.wav,0.6638809797352085,-4.941238419926433,1.0415830817141876,0.11081093846651748,1.1375558550301323
2508,before_phees_2022-03-14_13-20-47_0000053_labelled_Odin_pheeseq_04_labelled_mD2.wav,1.0381431269478851,-4.384512138500393,0.37375637662468386,1.7502682927008721,-0.03914101625394684
2509,before_phees_2022-03-14_13-20-47_0000053_labelled_Odin_pheeseq_04_labelled_mD3.wav,1.8055990301764608,-4.011020935554283,0.5802124392491974,1.4030875923832575,-0.5982229085040887
2510,before_phees_2022-03-14_13-20-47_0000053_labelled_Odin_pheeseq_04_labelled_mD4.wav,1.553036282709208,-2.972746771639198,-0.38794701674889875,1.626293029467072,-0.81831230054073
2511,before_phees_2022-03-14_13-20-47_0000053_labelled_Odin_pheeseq_05_labelled_mE1.wav,-1.2419435699495351,-5.538534548078386,0.7892456871696774,-0.032688585509298505,1.5906718538929332
2512,before_phees_2022-03-14_13-20-47_0000053_labelled_Odin_pheeseq_05_labelled_mE4.wav,0.32100838846495877,-5.1163421941853855,0.8839345187395949,0.1841022352264053,1.3289919443221858
2513,before_phees_2022-03-14_13-20-47_0000053_labelled_Odin_pheeseq_05_labelled_mE6.wav,1.0097684163714062,-5.646230606250291,1.6139724860932292,0.15227794189083627,1.9547647142239795
2514,before_phees_2022-03-14_13-20-47_0000053_labelled_Odin_pheeseq_05_labelled_mE7.wav,1.9788333484509812,-4.250601933965259,0.5985935227101231,1.6659925139225769,-0.5429830440728578
2515,before_phees_2022-03-14_13-20-47_0000053_labelled_Odin_pheeseq_05_labelled_mE8.wav,2.0732734179495917,-3.8860731541940483,0.4610295355876412,1.3183176161643082,-0.6242660352488277
2516,before_phees_2022-03-14_13-20-47_0000053_labelled_Odin_pheeseq_10_labelled_mD1.wav,0.19725010868905385,-0.38264641557691836,-0.27004685800993183,-0.0053935804470791205,-0.3900278299533093
2517,before_phees_2022-03-14_13-20-47_0000053_labelled_Odin_pheeseq_10_labelled_mD3.wav,2.7788587748520444,-0.7753342593658843,0.6144070956438533,-0.45071429932865265,0.6303073000098299
2518,before_phees_2022-03-14_13-20-47_0000053_labelled_Odin_pheeseq_10_labelled_mD4.wav,2.410376234964486,-1.1989236712035047,0.193269844117994,0.13752422483038243,-0.27614846405921833
2519,before_phees_2022-03-14_13-20-47_0000053_labelled_Odin_pheeseq_10_labelled_mD7.wav,0.26113100192119976,-1.534201228989813,0.2290491311226053,-0.167083538397527,0.18110053388776784
2520,before_phees_2022-03-14_13-20-47_0000053_labelled_Odin_pheeseq_15_labelled_mC1.wav,1.3595111996246891,-1.3329201766233107,0.5014912878718618,0.3506354680976423,0.15663594997666708
2521,before_phees_2022-03-14_13-20-47_0000053_labelled_Odin_pheeseq_15_labelled_mC2.wav,2.561065372874722,-0.937603031626181,-0.16434738416371275,-0.45893211172358417,1.037258905517445
2522,before_phees_2022-03-14_13-20-47_0000053_labelled_Odin_pheeseq_15_labelled_mC3.wav,2.7013231333411025,-1.1461894558815056,0.042783732069582116,0.6296307222622198,0.16530856246176825
2523,before_phees_2022-03-14_13-20-47_0000053_labelled_Odin_pheeseq_18_labelled_mC1.wav,0.3056845295447293,-1.157034397265366,-1.5819598042694063,0.28772415981199156,0.16158198964845608
2524,before_phees_2022-03-14_13-20-47_0000053_labelled_Odin_pheeseq_18_labelled_mC2.wav,2.1700360136366856,-1.704001370002677,0.5721014733954444,0.23813350443672626,1.0481143972544182
2525,before_phees_2022-03-14_13-20-47_0000053_labelled_Odin_pheeseq_18_labelled_mC3.wav,2.772436341023908,-1.218776469662499,0.09730225550550023,0.5281327334682366,-0.0022880227137242934
2526,before_phees_2022-03-14_13-20-47_0000053_labelled_Odin_pheeseq_34_labelled_mC1.wav,0.23355543090460068,0.3132713760787858,-0.7881183544809461,-0.45191140777798283,-0.20068910958190625
2527,before_phees_2022-03-14_13-20-47_0000053_labelled_Odin_pheeseq_34_labelled_mC2.wav,-0.9802421670662513,0.17504941338895263,-1.6042528538799306,0.06844066625772588,-0.40622382029735965
2528,before_phees_2022-03-14_13-20-47_0000053_labelled_Odin_pheeseq_34_labelled_mC3.wav,-5.181337371096401,-2.0638717192912424,-0.8396772188802921,0.16386071519505768,-0.09567142139015047
2529,before_phees_2022-03-14_13-20-47_0000053_labelled_Odin_pheeseq_35_labelled_mD1.wav,0.8775731075373305,-2.123232972752077,0.22247602840200711,-0.29475269413250593,-0.5593179734976638
2530,before_phees_2022-03-14_13-20-47_0000053_labelled_Odin_pheeseq_35_labelled_mD2.wav,1.6578034056493007,-1.6345132626085994,0.9977020496248253,-0.8628686175805456,-0.049531275351363035
2531,before_phees_2022-03-14_13-20-47_0000053_labelled_Odin_pheeseq_35_labelled_mD3.wav,-1.5882041753937453,-0.8915353447437172,-0.9312327933188318,-0.3848817660758927,0.11681914390095217
2532,before_phees_2022-03-14_13-20-47_0000053_labelled_Odin_pheeseq_35_labelled_mD4.wav,-4.463853994688987,-1.826319568876219,-1.456300980649541,0.3980358180749785,0.249686061139321
2533,before_phees_2022-03-14_13-20-47_0000053_labelled_Odin_pheeseq_44_labelled_mC1.wav,-1.5349941553349118,-1.0502858505536143,-1.1773555493945542,-0.13625227509892246,0.35980410429844245
2534,before_phees_2022-03-14_13-20-47_0000053_labelled_Odin_pheeseq_44_labelled_mC2.wav,0.06120468781505811,-1.0963892595551719,-0.2570447332527177,-0.642926268669509,0.35762349660465204
2535,before_phees_2022-03-14_13-20-47_0000053_labelled_Odin_pheeseq_44_labelled_mC3.wav,2.4472324683356947,-1.4682331455339472,0.6680475109401499,-0.7589644306609502,0.05469042400662679
2536,before_phees_2022-03-14_13-20-47_0000053_labelled_Odin_pheeseq_45_labelled_mE1.wav,-0.8322280088553673,-5.548525366558917,0.8565220293894327,-0.9715505452291247,2.062310507369411
2537,before_phees_2022-03-14_13-20-47_0000053_labelled_Odin_pheeseq_45_labelled_mE5.wav,0.6336574721386621,-5.846538815392324,1.2117401305447166,0.16035349190462578,2.1990778771822357
2538,before_phees_2022-03-14_13-20-47_0000053_labelled_Odin_pheeseq_45_labelled_mE6.wav,2.6658848133733746,-4.483996661043787,1.407399669286992,0.8545651024927111,-0.6797881802720528
2539,before_phees_2022-03-14_13-20-47_0000053_labelled_Odin_pheeseq_45_labelled_mE7.wav,2.5525478830202,-4.177389122408341,0.9077132810941451,0.6145080780959977,-0.3941742037635913
2540,before_phees_2022-03-14_13-20-47_0000053_labelled_Odin_pheeseq_45_labelled_mE9.wav,0.3081346223528308,-2.347016619850747,-0.5427287190824437,0.8270399124974454,-0.4578115088413578
2541,before_phees_2022-03-14_13-20-47_0000053_labelled_Odin_pheeseq_46_labelled_mD1.wav,-0.11732984995033734,-2.715613124048387,-0.976066395921737,0.9820513962090125,-0.3585991087282828
2542,before_phees_2022-03-14_13-20-47_0000053_labelled_Odin_pheeseq_46_labelled_mD5.wav,2.058990465639524,-5.494582518862378,1.6112833831292168,-0.8083103620804412,2.2219003085298827
2543,before_phees_2022-03-14_13-20-47_0000053_labelled_Odin_pheeseq_46_labelled_mD7.wav,2.977092174178388,-1.9534505163551574,0.7501139397713944,-0.4230820184648589,-0.07848194226801575
2544,before_phees_2022-03-14_13-20-47_0000053_labelled_Odin_pheeseq_46_labelled_mD8.wav,2.0054910358524465,-1.7172001871202849,0.6219970510074426,0.3606201530440944,-0.4016644416737179
2545,before_phees_2022-03-14_13-20-47_0000053_labelled_Odin_pheeseq_47_labelled_mD1.wav,0.7581511030989626,-2.074677534735173,-0.3990740233289841,0.5517357165167117,-1.0595811408314533
2546,before_phees_2022-03-14_13-20-47_0000053_labelled_Odin_pheeseq_47_labelled_mD4.wav,1.712079209252109,-1.8092394656396174,-0.7785229557251505,1.1156216883048091,-0.4848265961098422
2547,before_phees_2022-03-14_13-20-47_0000053_labelled_Odin_pheeseq_47_labelled_mD6.wav,2.8124890764835633,-2.5569576360288977,0.5206996529246027,0.8947159257829177,-0.7507461246634813
2548,before_phees_2022-03-14_13-20-47_0000053_labelled_Odin_pheeseq_47_labelled_mD7.wav,1.8136894932524132,-1.770518328807528,-0.6468180301579932,1.3381175869008186,-0.294554480471738
2549,before_phees_2022-03-14_13-20-47_0000053_labelled_Odin_pheeseq_49_labelled_mD1.wav,1.0720878173756798,-0.24715487671957823,-0.4659556254450769,0.6358589918624213,-0.02794821186370591
2550,before_phees_2022-03-14_13-20-47_0000053_labelled_Odin_pheeseq_49_labelled_mD2.wav,2.559682666011658,-1.4581188304879806,0.10620926721103192,0.739281705024519,0.1287048993880618
2551,before_phees_2022-03-14_13-20-47_0000053_labelled_Odin_pheeseq_49_labelled_mD3.wav,1.6101471057773127,-0.5543423092800169,-0.7189360582784431,1.0377791023248233,0.2064947965933126
2552,before_phees_2022-03-14_13-20-47_0000053_labelled_Odin_pheeseq_49_labelled_mD4.wav,1.4885542933024536,-0.421305448795608,-0.8985297421195865,0.5657928310103036,-0.004913996704638668
2553,before_phees_2022-03-14_13-20-47_0000053_labelled_Olympia_pheeseq_11_labelled_mB1.wav,-0.25477583053597935,-0.6861555680030362,0.6126947849673215,-0.8450078637253685,-0.13762927385860674
2554,before_phees_2022-03-14_13-20-47_0000053_labelled_Olympia_pheeseq_11_labelled_mB2.wav,-2.775228570618518,-0.8915840543740309,-0.812892120884879,-0.31727185763323573,0.5965557321500429
2555,before_phees_2022-03-14_13-20-47_0000053_labelled_Olympia_pheeseq_48_labelled_mB1.wav,-1.9537285183640378,-0.10510947168310986,0.12148544845274394,-0.007908457247049727,0.3597753750625516
2556,before_phees_2022-03-14_13-20-47_0000053_labelled_Olympia_pheeseq_48_labelled_mB2.wav,-2.3780712760448526,0.09123559933494885,-0.5134384372997929,0.08717995774042285,-0.41109211238610727
2557,before_phees_2022-03-14_13-20-47_0000053_labelled_Olympia_pheeseq_50_labelled_mC1.wav,-3.6349189863948745,0.10360062694067598,0.38265015461937124,0.6095603598930625,0.032225258260795635
2558,before_phees_2022-03-14_13-20-47_0000053_labelled_Olympia_pheeseq_50_labelled_mC2.wav,-2.334251690798263,-0.5302739772554259,0.915955797532968,0.02534402305343971,-0.12409314956434632
2559,before_phees_2022-03-14_13-20-47_0000053_labelled_Olympia_pheeseq_50_labelled_mC3.wav,-4.7267718265819445,-1.8624143541200988,-0.8228517667463965,0.3186007782783499,-0.23266771202694084
2560,before_phees_2022-03-14_13-55-14_0000054_labelled_Nougatti_pheeseq_03_labelled_mB1.wav,1.1773242601391627,-0.43178018295459086,1.825959993534585,-0.24712698504326308,-0.6728400413894475
2561,before_phees_2022-03-14_13-55-14_0000054_labelled_Nougatti_pheeseq_03_labelled_mB2.wav,1.3979598460865623,-1.901581443717234,1.0479846027968551,-0.438541326904143,-1.2844242781918644
2562,before_phees_2022-03-14_13-55-14_0000054_labelled_Nougatti_pheeseq_06_labelled_mB1.wav,-0.9017993403796112,1.5118769992271193,0.8665721622073681,-0.09397978902722857,0.19907831405680076
2563,before_phees_2022-03-14_13-55-14_0000054_labelled_Nougatti_pheeseq_06_labelled_mB2.wav,-0.17642368645832293,-0.2367203668822152,0.7088467433808986,-0.21274353263280624,-0.8853539960653517
2564,before_phees_2022-03-14_13-55-14_0000054_labelled_Nougatti_pheeseq_08_labelled_mB1.wav,-0.5569317047893577,0.9169036832562681,0.47910735605208055,0.14500513189079878,0.2842940233972484
2565,before_phees_2022-03-14_13-55-14_0000054_labelled_Nougatti_pheeseq_13_labelled_mC1.wav,1.7833295138271341,2.0627736636236196,0.007393634495207056,-0.03486005375139124,-0.01762511051436148
2566,before_phees_2022-03-14_13-55-14_0000054_labelled_Nougatti_pheeseq_13_labelled_mC2.wav,1.8040319418370394,0.624428135420252,-0.7888875361021744,-0.07775894721754815,-0.3369123544529939
2567,before_phees_2022-03-14_13-55-14_0000054_labelled_Nougatti_pheeseq_13_labelled_mC3.wav,2.3469812508508974,-1.1924096310097625,-0.22195750811780907,-0.781609746640285,-0.7998218185066384
2568,before_phees_2022-03-14_13-55-14_0000054_labelled_Nougatti_pheeseq_15_labelled_mB1.wav,1.2083492553758852,0.6236027317322587,-0.889424271895322,0.5092062474113589,0.4332227529293127
2569,before_phees_2022-03-14_13-55-14_0000054_labelled_Nougatti_pheeseq_15_labelled_mB2.wav,2.3084841584630382,-0.4407584971757726,0.5249353165621942,4.591500991899436e-05,-0.19456739418255542
2570,before_phees_2022-03-14_13-55-14_0000054_labelled_Nougatti_pheeseq_21_labelled_mC2.wav,3.5898547420423808,-0.5871816816965898,1.1294532086400033,-0.6429546297472688,-0.13847352954101774
2571,before_phees_2022-03-14_13-55-14_0000054_labelled_Nougatti_pheeseq_21_labelled_mC3.wav,-0.12631432331286896,-2.8659211182446516,0.9240393264280256,-0.8307055520491543,0.13678086457746272
2572,before_phees_2022-03-14_13-55-14_0000054_labelled_Nougatti_pheeseq_22_labelled_mC1.wav,0.8794516880199441,1.6772224094922414,0.08886546494948087,-0.04442309461512745,0.17419654493906125
2573,before_phees_2022-03-14_13-55-14_0000054_labelled_Nougatti_pheeseq_22_labelled_mC2.wav,1.9855922243761777,-0.15191265908931242,0.7503535623533077,-0.2950469992589022,-0.1964052821608895
2574,before_phees_2022-03-14_13-55-14_0000054_labelled_Nougatti_pheeseq_22_labelled_mC3.wav,1.846164397021977,-1.8208023494110182,0.14029482188812298,-0.44268618474986143,-0.8799769126253281
2575,before_phees_2022-03-14_13-55-14_0000054_labelled_Nougatti_pheeseq_23_labelled_mB1.wav,0.35226023625533276,1.6942207311935484,-1.5982962600595896,-0.6797544273781438,0.581238682331585
2576,before_phees_2022-03-14_13-55-14_0000054_labelled_Nougatti_pheeseq_23_labelled_mB2.wav,1.6730212395549404,0.9924105861851906,-0.13523605739225136,0.044218340177929215,-0.3789634965733933
2577,before_phees_2022-03-14_13-55-14_0000054_labelled_Nougatti_pheeseq_24_labelled_mB1.wav,0.5255744194228192,0.963703225447583,-0.002935577470719046,-0.30598914946444794,-0.25052246498136604
2578,before_phees_2022-03-14_13-55-14_0000054_labelled_Nougatti_pheeseq_25_labelled_mB1.wav,-0.13013374230947133,1.6709840121422976,0.17083080734178888,-0.38420847975571853,0.21345809180037048
2579,before_phees_2022-03-14_13-55-14_0000054_labelled_Nougatti_pheeseq_25_labelled_mB2.wav,2.443739202982327,0.6339283685072455,0.7478011053231371,-0.25087386420523866,-0.0682823833270409
2580,before_phees_2022-03-14_13-55-14_0000054_labelled_Nougatti_pheeseq_26_labelled_mB1.wav,0.0168310736390906,1.901352566707984,-0.6963016818678888,0.11243377893972238,-0.4039987215014095
2581,before_phees_2022-03-14_13-55-14_0000054_labelled_Nougatti_pheeseq_26_labelled_mB2.wav,2.26667838669721,0.05706170461102229,0.954293871333397,-0.34712545419060675,-0.42516817133058915
2582,before_phees_2022-03-14_13-55-14_0000054_labelled_Nougatti_pheeseq_29_labelled_mC1.wav,2.07465578724559,1.0746883766492201,1.1650347505891525,-0.9260835008161367,-0.5745965071745324
2583,before_phees_2022-03-14_13-55-14_0000054_labelled_Nougatti_pheeseq_29_labelled_mC2.wav,4.1213669546244,0.11055334240926915,0.07764214120074352,-1.3164725792695091,-0.0241324276110144
2584,before_phees_2022-03-14_13-55-14_0000054_labelled_Nougatti_pheeseq_29_labelled_mC3.wav,0.0014180587494031802,-0.9178723120166584,-1.2931650981894405,-0.4357610084862869,-0.475750967235863
2585,before_phees_2022-03-14_13-55-14_0000054_labelled_Nougatti_pheeseq_30_labelled_mB1.wav,0.7673813103991352,1.7132193423901332,-0.23300809353767232,0.2810945469735658,0.6364126648953224
2586,before_phees_2022-03-14_13-55-14_0000054_labelled_Nougatti_pheeseq_30_labelled_mB2.wav,0.997429569241187,-0.21505793898382602,0.6862178840440789,-0.8171830580374849,-0.33863006859019346
2587,before_phees_2022-03-14_13-55-14_0000054_labelled_Nougatti_pheeseq_32_labelled_mB1.wav,-0.26959817037804806,2.681844299919993,-0.33670928443784925,0.17341425934286506,-0.020569242677271754
2588,before_phees_2022-03-14_13-55-14_0000054_labelled_Nougatti_pheeseq_32_labelled_mB2.wav,0.49013578604306113,1.1044867551742772,0.32867965906089985,-0.21807933175417607,-0.24352600386633674
2589,before_phees_2022-03-14_13-55-14_0000054_labelled_Nougatti_pheeseq_33_labelled_mB1.wav,-0.09364270115273066,1.3801390729184806,-0.6419844586467431,-0.28369443331618266,0.4530500568422694
2590,before_phees_2022-03-14_13-55-14_0000054_labelled_Nougatti_pheeseq_33_labelled_mB2.wav,1.7221710480818864,0.2594391922330529,0.8980022104087004,-0.43756337040426735,-0.21898847227762033
2591,before_phees_2022-03-14_13-55-14_0000054_labelled_Nougatti_pheeseq_34_labelled_mB1.wav,-0.7273413834268926,1.6231942242185267,-0.23412353628878554,0.40465865626797476,-0.22986256385494247
2592,before_phees_2022-03-14_13-55-14_0000054_labelled_Nougatti_pheeseq_34_labelled_mB2.wav,1.0785575270786938,0.27843878083519175,1.7409557638073245,-0.5557972558045547,-0.4397362032312537
2593,before_phees_2022-03-14_13-55-14_0000054_labelled_Nougatti_pheeseq_35_labelled_mC1.wav,0.17861597683009853,1.019884862869592,-0.5572572320998135,0.09977911271800054,0.520097121178698
2594,before_phees_2022-03-14_13-55-14_0000054_labelled_Nougatti_pheeseq_35_labelled_mC2.wav,1.9826557973850618,0.9036314690202027,0.17570347339411993,-1.1741159580574645,-0.21992221826649086
2595,before_phees_2022-03-14_13-55-14_0000054_labelled_Nougatti_pheeseq_35_labelled_mC3.wav,1.412308697162431,-0.45018930099363086,-0.4009717582812871,0.5233143227747749,-0.4670768717748852
2596,before_phees_2022-03-14_13-55-14_0000054_labelled_Nougatti_pheeseq_36_labelled_mB1.wav,-0.013788192022025325,1.3454109171525908,-0.37760185075036634,-0.1771893266222605,0.4027126881518244
2597,before_phees_2022-03-14_13-55-14_0000054_labelled_Nougatti_pheeseq_36_labelled_mB2.wav,2.2447197656385884,0.41370213376863285,0.8270303632499532,-0.31871464743081496,-0.21403327430138866
2598,before_phees_2022-03-14_13-55-14_0000054_labelled_Nougatti_pheeseq_37_labelled_mB1.wav,0.9052859590356384,1.4514652511156332,-0.514167188909853,0.15868829331198353,0.5093968259377847
2599,before_phees_2022-03-14_13-55-14_0000054_labelled_Nougatti_pheeseq_37_labelled_mB3.wav,2.1876511586177907,1.0753398088562112,0.7696874555762682,-0.6114636726752106,-0.009064421661460046
2600,before_phees_2022-03-14_13-55-14_0000054_labelled_Nougatti_pheeseq_38_labelled_mC1.wav,1.1901242047979657,1.5246422716297028,0.26816874648447914,0.2021195961485236,0.05865295926748941
2601,before_phees_2022-03-14_13-55-14_0000054_labelled_Nougatti_pheeseq_38_labelled_mC2.wav,1.5726312097521065,0.7802822557947655,-0.3728442144724193,-0.452204507838328,-0.6979750231908033
2602,before_phees_2022-03-14_13-55-14_0000054_labelled_Nougatti_pheeseq_38_labelled_mC3.wav,-2.195119723718491,-1.8787210016331926,-1.3864991671950182,-0.8806265628355686,-0.3781790552833041
2603,before_phees_2022-03-14_13-55-14_0000054_labelled_Wuschel_pheeseq_02_labelled_mB1.wav,-2.9027635657698734,0.3339803863566207,4.304350505251284,-0.27263787490056496,0.05491704702298705
2604,before_phees_2022-03-14_13-55-14_0000054_labelled_Wuschel_pheeseq_02_labelled_mB2.wav,-3.371883684836303,-0.7637110559969585,0.8789991579541987,-0.1867147533208706,0.07700717882135191
2605,before_phees_2022-03-14_13-55-14_0000054_labelled_Wuschel_pheeseq_12_labelled_mB1.wav,-2.593018153570785,0.14869177473410272,1.9790229407508777,0.021909084106735977,-0.412175288116766
2606,before_phees_2022-03-14_13-55-14_0000054_labelled_Wuschel_pheeseq_12_labelled_mB2.wav,-3.3471439198063497,-0.9467906830184021,-0.6323893715060558,-0.2721077839230529,0.6313565968385308
2607,before_phees_2022-03-14_13-55-14_0000054_labelled_Wuschel_pheeseq_14_labelled_mC1.wav,-1.5616303995277192,-0.767193854251405,3.1244354420247116,-0.5001020233661694,-0.7275199280880209
2608,before_phees_2022-03-14_13-55-14_0000054_labelled_Wuschel_pheeseq_14_labelled_mC2.wav,-1.4588716744571903,-1.2249584006710186,1.0122381243136664,-1.0428563953413152,-0.2511746512251689
2609,before_phees_2022-03-14_13-55-14_0000054_labelled_Wuschel_pheeseq_14_labelled_mC3.wav,-2.2172001843789384,-1.7052385940257884,-0.8790698212049997,-0.718906842388438,-0.3998002078538358
2610,before_phees_2022-03-15_09-35-25_0000056_labelled_Lola_pheeseq_01_labelled_mB1.wav,-0.05053472585229001,3.7880814943138557,3.1000608744839826,0.6731672207139348,0.51756800454779
2611,before_phees_2022-03-15_09-35-25_0000056_labelled_Lola_pheeseq_01_labelled_mB2.wav,0.530561495103674,2.0819588002415403,-0.1732049641416809,-0.29391241824219194,0.3120379072526739
2612,before_phees_2022-03-15_09-35-25_0000056_labelled_Lola_pheeseq_02_labelled_mB1.wav,0.12950270677685483,3.6631155401344584,0.11419246362601346,0.7114682537866004,0.33261524943343135
2613,before_phees_2022-03-15_09-35-25_0000056_labelled_Lola_pheeseq_02_labelled_mB2.wav,0.5826615353385323,2.900985530401192,-0.20919866457815903,0.1558126479236185,-0.36159652046153146
2614,before_phees_2022-03-15_09-35-25_0000056_labelled_Lola_pheeseq_03_labelled_mB1.wav,-0.030295609283784605,3.5889915763101876,0.19444938299925016,0.8011442157437633,0.4933841144477419
2615,before_phees_2022-03-15_09-35-25_0000056_labelled_Lola_pheeseq_03_labelled_mB2.wav,0.5942256590551842,3.0408406513064974,0.37835678214169716,0.6326244919570367,-0.22833999235211297
2616,before_phees_2022-03-15_09-35-25_0000056_labelled_Lola_pheeseq_04_labelled_mB1.wav,0.8136668072507088,3.8529080385296623,0.16721791487144871,0.6425435228915105,0.24637044494466037
2617,before_phees_2022-03-15_09-35-25_0000056_labelled_Lola_pheeseq_04_labelled_mB2.wav,1.461057186401063,3.0430278195621034,-0.37944409867876094,0.6116783570074172,-0.09187201543491763
2618,before_phees_2022-03-15_09-35-25_0000056_labelled_Lola_pheeseq_05_labelled_mB1.wav,0.10030635772865626,3.2916322166783303,-0.31180703137002475,0.29470425164080594,0.11763829671140626
2619,before_phees_2022-03-15_09-35-25_0000056_labelled_Lola_pheeseq_05_labelled_mB2.wav,1.3098470005670124,3.5403286085996166,0.6359270989227451,0.8177546098589071,-0.14912836164875704
2620,before_phees_2022-03-15_10-42-01_0000058_labelled_Nougatti_pheeseq_04_labelled_mB1.wav,-0.7977368268601309,1.2683150774438743,0.5411815554950451,0.09065007679696138,0.3347991511537903
2621,before_phees_2022-03-15_10-42-01_0000058_labelled_Nougatti_pheeseq_04_labelled_mB2.wav,-0.21065342605667997,0.49019941951985074,-0.2350514325963369,-0.31796909727166217,-0.1811676390394806
2622,before_phees_2022-03-15_10-42-01_0000058_labelled_Nougatti_pheeseq_08_labelled_mB1.wav,0.5222641395177431,2.1201669589967667,-0.12396431089484534,-0.4004034197643815,0.14351410413875515
2623,before_phees_2022-03-15_10-42-01_0000058_labelled_Nougatti_pheeseq_08_labelled_mB2.wav,1.3564122298129466,0.9790436005610288,0.12202566396717031,-0.05888884822959295,-0.4511266775541019
2624,before_phees_2022-03-15_10-42-01_0000058_labelled_Nougatti_pheeseq_11_labelled_mB1.wav,-0.9287333413083395,1.4606728660327464,-0.3622215903554587,0.10254876494561818,1.0081002280314737
2625,before_phees_2022-03-15_10-42-01_0000058_labelled_Nougatti_pheeseq_12_labelled_mB1.wav,-1.2452208368585065,3.3879173598295482,2.7628910106741063,1.0396398152369906,-0.06069620300823477
2626,before_phees_2022-03-15_10-42-01_0000058_labelled_Nougatti_pheeseq_12_labelled_mB2.wav,-0.1025832749659937,1.2955082263167084,0.005401261764805631,-0.49409191144737047,0.0025929004043115556
2627,before_phees_2022-03-15_10-42-01_0000058_labelled_Tabor_pheeseq_02_labelled_mC1.wav,-0.2446258183210285,-0.07779477044482168,-0.39404539742166217,0.5328052441491612,0.428630838644786
2628,before_phees_2022-03-15_10-42-01_0000058_labelled_Tabor_pheeseq_02_labelled_mC2.wav,-1.5372608627609194,0.11428079102320376,-1.3614285156335848,0.00815348394372163,-0.3802226653435793
2629,before_phees_2022-03-15_10-42-01_0000058_labelled_Tabor_pheeseq_02_labelled_mC3.wav,-2.56415410982847,-1.5743207894108495,-2.112346137986307,-0.09535169264917484,1.0139534923360458
2630,before_phees_2022-03-15_13-18-10_0000060_labelled_Odin_pheeseq_03_labelled_mB2.wav,0.5285917582264441,-1.1987449288758358,0.7192462083526301,-0.5682575826787057,-0.45404650918457784
2631,before_phees_2022-03-15_13-18-10_0000060_labelled_Odin_pheeseq_08_labelled_mB1.wav,1.7151697067017972,-0.15846206099718688,3.41722847978488,-1.0348127406305008,-0.7854283073756
2632,before_phees_2022-03-15_13-18-10_0000060_labelled_Odin_pheeseq_08_labelled_mB2.wav,-0.39692129373926016,-1.213935088554603,1.1384484297882518,-0.987970402769785,-0.6391745209900076
2633,before_phees_2022-03-15_13-18-10_0000060_labelled_Odin_pheeseq_09_labelled_mB1.wav,0.7123265630137738,-0.6047623292780183,0.5714688946746073,-0.6960584998918607,-0.3017826267678812
2634,before_phees_2022-03-15_13-18-10_0000060_labelled_Odin_pheeseq_09_labelled_mB2.wav,0.10431929204455963,-1.1081144556205398,0.7983215182069313,-0.896533203315572,-0.5757594385796407
2635,before_phees_2022-03-15_13-18-10_0000060_labelled_Odin_pheeseq_11_labelled_mB1.wav,-0.7274362897478577,-2.1551971369159673,0.581076360939728,-0.20290530534640464,-0.0356613289981158
2636,before_phees_2022-03-15_13-18-10_0000060_labelled_Odin_pheeseq_11_labelled_mB2.wav,-0.3395540566326832,-1.7106355735297922,0.7318549672799485,-0.8642756551186319,-0.6446972089566508
2637,before_phees_2022-03-15_13-18-10_0000060_labelled_Odin_pheeseq_12_labelled_mD1.wav,-0.041424189652230235,-1.5586482631888021,0.9308061739671796,-0.5133948430357262,-0.39989282062754156
2638,before_phees_2022-03-15_13-18-10_0000060_labelled_Odin_pheeseq_12_labelled_mD2.wav,0.9247154901569534,-1.8761817351883792,0.5194298409506756,-0.38945842447717954,-0.6630010313649604
2639,before_phees_2022-03-15_13-18-10_0000060_labelled_Odin_pheeseq_12_labelled_mD3.wav,1.3955448231825598,-1.946243522537236,0.7167838400809784,-1.0089241999958,-0.02335251131134403
2640,before_phees_2022-03-15_13-18-10_0000060_labelled_Odin_pheeseq_12_labelled_mD4.wav,-0.9374611122988429,-2.5051622435379626,0.06170489945821162,-0.9148180932599992,-0.5044671084289568
2641,before_phees_2022-03-15_13-18-10_0000060_labelled_Odin_pheeseq_14_labelled_mB1.wav,0.5415392888981566,-3.341966657394179,1.7826175500450985,-0.9736035295337843,-0.9901850675871565
2642,before_phees_2022-03-15_13-18-10_0000060_labelled_Odin_pheeseq_14_labelled_mB2.wav,1.1447546324483207,-2.2115179659622166,1.6167150097136402,-2.000412987573845,0.09435704704975285
2643,before_phees_2022-03-15_13-18-10_0000060_labelled_Odin_pheeseq_16_labelled_mC1.wav,-2.6455237504393847,-0.36573046634709316,-0.5588062235104092,-0.08777402000407641,-0.6797624338892516
2644,before_phees_2022-03-15_13-18-10_0000060_labelled_Odin_pheeseq_16_labelled_mC2.wav,-3.4297984665940695,-0.7964033035821567,-0.8222453732096494,0.08177266406576507,-0.38744207343642467
2645,before_phees_2022-03-15_13-18-10_0000060_labelled_Odin_pheeseq_16_labelled_mC3.wav,-5.896544045678403,-2.7922240784943386,-1.7934295613256217,0.25712909949756135,0.329545208561514
2646,before_phees_2022-03-15_13-18-10_0000060_labelled_Odin_pheeseq_26_labelled_mB2.wav,0.1464643934146678,-1.0557384652166584,0.22915596766630647,-0.6043255653333359,0.0009888848116748439
2647,before_phees_2022-03-15_14-09-36_0000061_labelled_Olympia_pheeseq_01_labelled_mB1.wav,-0.2534006581304156,0.33340065538438446,-0.4961105599022906,0.27891591630083196,-1.0845329752909654
2648,before_phees_2022-03-15_14-09-36_0000061_labelled_Olympia_pheeseq_01_labelled_mB2.wav,-1.1642655080269648,0.6924565423604478,-0.6955089173740691,0.007022066620010347,-0.5507586719747377
2649,before_phees_2022-03-15_14-09-36_0000061_labelled_Olympia_pheeseq_03_labelled_mB1.wav,-0.23224005971514664,0.03272079426166185,-0.10490252003624992,-0.26217093866871594,-0.29694583888071413
2650,before_phees_2022-03-15_14-09-36_0000061_labelled_Olympia_pheeseq_03_labelled_mB2.wav,-1.1423534601214962,-0.029273934587365,0.2677767340658892,-0.267783802761997,-0.2527850499407095
2651,before_phees_2022-03-16_09-27-47_0000063_labelled_Nougatti_pheeseq_01_labelled_mC1.wav,1.0969955626371646,1.9606082751588048,1.3454627338732006,0.3523135427278,-0.05536473561530748
2652,before_phees_2022-03-16_09-27-47_0000063_labelled_Nougatti_pheeseq_01_labelled_mC2.wav,0.45353277882663207,0.1609918438628922,0.18635343098945897,-0.1631129901374451,-0.7022693480829574
2653,before_phees_2022-03-16_09-27-47_0000063_labelled_Nougatti_pheeseq_01_labelled_mC3.wav,-0.8519830441854127,-1.8821943890446966,-0.6357604248729654,0.06830313467667995,-0.4386094118011386
2654,before_phees_2022-03-16_09-27-47_0000063_labelled_Nougatti_pheeseq_02_labelled_mB1.wav,-0.7113231244854312,1.3853263820792123,-0.9121767597914854,0.621546284726332,0.20854253666988332
2655,before_phees_2022-03-16_09-27-47_0000063_labelled_Nougatti_pheeseq_02_labelled_mB2.wav,0.4291044962460393,0.18363070524045905,0.1221879392869397,-0.2666675573938535,-0.785080109678896
2656,before_phees_2022-03-16_09-27-47_0000063_labelled_Nougatti_pheeseq_03_labelled_mC1.wav,1.4320317675505685,0.9939612741523687,-0.39484902184899,0.4276777120622277,0.2157720126560832
2657,before_phees_2022-03-16_09-27-47_0000063_labelled_Nougatti_pheeseq_03_labelled_mC2.wav,1.5150149883876116,0.015754904598387465,-0.1546323217994124,0.22960671705261723,-0.6399060949919227
2658,before_phees_2022-03-16_09-27-47_0000063_labelled_Nougatti_pheeseq_03_labelled_mC3.wav,-1.1146639378555145,-1.5359834218845507,-0.792068398807329,-0.697108911862354,-0.7974669178401178
2659,before_phees_2022-03-16_09-27-47_0000063_labelled_Nougatti_pheeseq_04_labelled_mD1.wav,3.8274220470970994,1.148343414671139,-0.019149604857069284,-0.6561908771332416,-0.3067306094393318
2660,before_phees_2022-03-16_09-27-47_0000063_labelled_Nougatti_pheeseq_04_labelled_mD2.wav,4.052478293674391,0.6966932034469652,-0.4707269955528677,-0.3693237141416579,-0.11526234070146034
2661,before_phees_2022-03-16_09-27-47_0000063_labelled_Nougatti_pheeseq_04_labelled_mD3.wav,3.8804458662636714,-0.28599614953512886,0.4577433027979264,-0.8969344438384216,0.02608003655540689
2662,before_phees_2022-03-16_09-27-47_0000063_labelled_Nougatti_pheeseq_04_labelled_mD4.wav,-3.323780713809906,-3.579658611710756,-0.38781700795550006,-0.6506339805407689,0.4442647994742489
2663,before_phees_2022-03-16_09-27-47_0000063_labelled_Nougatti_pheeseq_06_labelled_mB1.wav,-1.2196937575014386,1.4509302376594384,-0.010131430671939055,0.027039205230361,0.7853904921889701
2664,before_phees_2022-03-16_09-27-47_0000063_labelled_Nougatti_pheeseq_06_labelled_mB2.wav,0.5264003681970099,0.37929130279689993,1.372880755773029,-0.38421118826641615,0.1338833790561959
2665,before_phees_2022-03-16_09-27-47_0000063_labelled_Nougatti_pheeseq_08_labelled_mB1.wav,-0.4674010998614252,0.9311113742642764,-1.4053659485039929,0.3504985976429422,-0.14961120404731676
2666,before_phees_2022-03-16_09-27-47_0000063_labelled_Nougatti_pheeseq_08_labelled_mB2.wav,1.435947933409342,0.7150807032975784,0.8788293645965999,-0.524767060070696,0.09082709004903346
2667,before_phees_2022-03-16_09-27-47_0000063_labelled_Nougatti_pheeseq_09_labelled_mB1.wav,-0.8388863830090447,0.6654143262393302,-0.9584835011010964,-0.2805683330127632,0.620187817087569
2668,before_phees_2022-03-16_09-27-47_0000063_labelled_Nougatti_pheeseq_09_labelled_mB2.wav,0.3939938599251242,1.3623285790140784,0.780162712316493,-0.10865625374894645,-0.2195709857968573
2669,before_phees_2022-03-16_09-27-47_0000063_labelled_Nougatti_pheeseq_10_labelled_mB1.wav,0.8861891143209609,1.2765917692845872,0.7228673670461108,-0.033808706564536474,-0.5059250080495353
2670,before_phees_2022-03-16_09-27-47_0000063_labelled_Nougatti_pheeseq_10_labelled_mB2.wav,1.6251058849436202,1.3268116472474656,0.852077680801388,0.3933348977572065,-0.3019053104376028
2671,before_phees_2022-03-16_09-27-47_0000063_labelled_Nougatti_pheeseq_11_labelled_mB1.wav,0.6066374340481812,2.590252549055709,-0.38717930773848863,0.2923143190383346,-0.300323957677129
2672,before_phees_2022-03-16_09-27-47_0000063_labelled_Nougatti_pheeseq_11_labelled_mB2.wav,1.6739925968687202,1.1897599718465892,0.5746384536095278,0.2997940143190207,-0.39922708081960767
2673,before_phees_2022-03-16_09-27-47_0000063_labelled_Nougatti_pheeseq_12_labelled_mB1.wav,0.345122861693617,2.0082000086993013,-0.49566272299501046,-0.30020532985542436,0.5983822426212149
2674,before_phees_2022-03-16_09-27-47_0000063_labelled_Nougatti_pheeseq_12_labelled_mB3.wav,0.4467179216259686,1.1825005457553341,0.3992986607006568,-0.11241955154353786,-0.19339133302148925
2675,before_phees_2022-03-16_10-12-17_0000065_labelled_Odin_pheeseq_01_labelled_mC1.wav,0.06760341393416695,-0.0905118587740817,0.071209485884808,-0.23517470992546688,-0.6250810402129464
2676,before_phees_2022-03-16_10-12-17_0000065_labelled_Odin_pheeseq_01_labelled_mC2.wav,-0.3213574716144757,-0.27622610411794174,0.653498370107391,-1.0332534223938954,-0.13530873336923388
2677,before_phees_2022-03-16_10-12-17_0000065_labelled_Odin_pheeseq_01_labelled_mC3.wav,-3.2246070296514433,-1.121950023085453,-0.9755452741528639,0.1877479358409986,-0.4282506308591303
2678,before_phees_2022-03-16_10-12-17_0000065_labelled_Odin_pheeseq_02_labelled_mC1.wav,-0.22704287832279538,0.317441745953682,-2.3732636502874245,0.3130990453733588,-0.01976759162844327
2679,before_phees_2022-03-16_10-12-17_0000065_labelled_Odin_pheeseq_02_labelled_mC2.wav,-0.32814514897777414,0.6826600605430531,0.6332088147182777,-0.29964710247510273,-0.37377139297153295
2680,before_phees_2022-03-16_10-12-17_0000065_labelled_Odin_pheeseq_02_labelled_mC3.wav,-2.56073315289716,-0.642595274886535,0.23348696662511903,-0.33154067187366904,0.07706649575843064
2681,before_phees_2022-03-16_10-12-17_0000065_labelled_Odin_pheeseq_10_labelled_mB1.wav,-1.836369334531643,-1.2162456719150196,0.8542441376659937,-0.8861608802832758,0.15295543424966682
2682,before_phees_2022-03-16_10-12-17_0000065_labelled_Odin_pheeseq_10_labelled_mB2.wav,-5.356250656590925,-1.9259857222509118,-1.229873172700174,-0.11802297493512288,-0.11490942972807475
2683,before_phees_2022-03-16_14-28-55_0000068_labelled_Lola_pheeseq_13_labelled_mB1.wav,-2.647896265583212,-0.25916852689667214,1.2000873175485318,0.25602335715294083,0.21659238012856336
2684,before_phees_2022-03-16_14-28-55_0000068_labelled_Lola_pheeseq_13_labelled_mB2.wav,-2.481419477396119,-0.8054377564296366,0.0092178199591994,-0.43387247247666905,-0.05358159159981823
2685,before_phees_2022-03-16_14-28-55_0000068_labelled_Lola_pheeseq_14_labelled_mC1.wav,0.6452205577552044,-1.610682002177181,-0.10469601746978546,-0.4988406436412973,-0.16841169277622242
2686,before_phees_2022-03-16_14-28-55_0000068_labelled_Lola_pheeseq_14_labelled_mC2.wav,-0.11043797673923487,-0.5614634837057852,0.7145860833797313,-0.7227863699262479,-0.026359923212399716
2687,before_phees_2022-03-16_14-28-55_0000068_labelled_Lola_pheeseq_14_labelled_mC3.wav,-3.839893861137529,-1.941627261406147,-0.5848436335462975,-0.7016566511225246,-0.04582008675818285
2688,before_phees_2022-03-16_14-28-55_0000068_labelled_Lola_pheeseq_15_labelled_mB2.wav,-3.2948305794054074,-0.12507638846794192,0.3265657014719962,0.3480554581933328,-0.5154756097469144
2689,before_phees_2022-03-16_14-28-55_0000068_labelled_Tabor_pheeseq_01_labelled_mB1.wav,1.0664080575559358,-1.7029737240800658,0.8227846115246605,-0.7732017569070331,0.33636192153790856
2690,before_phees_2022-03-16_14-28-55_0000068_labelled_Tabor_pheeseq_01_labelled_mB2.wav,1.1648903483308404,0.1531856365853731,0.46817267100206605,0.20896294966730233,-0.7454857208917269
2691,before_phees_2022-03-16_14-28-55_0000068_labelled_Tabor_pheeseq_06_labelled_mB1.wav,-0.8070969256641636,0.0870912687738775,1.543900163510651,0.4497748979285139,-0.34587715282815135
2692,before_phees_2022-03-16_14-28-55_0000068_labelled_Tabor_pheeseq_06_labelled_mB2.wav,0.1930823633178258,0.40395470174261955,0.4899963782535712,-0.6889747714612693,-0.9888780635009712
2693,before_phees_2022-03-17_09-51-16_0000070_labelled_Olympia_pheeseq_02_labelled_mB1.wav,-0.7009989749516227,-0.10932277041046205,0.29480386074755144,0.0016179448736356806,-0.2109110321990942
2694,before_phees_2022-03-17_09-51-16_0000070_labelled_Olympia_pheeseq_02_labelled_mB2.wav,-1.1645238554451387,0.22862757042446177,1.0639665186168232,-0.11794969972261735,-0.34641188939855044
2695,before_phees_2022-03-17_09-51-16_0000070_labelled_Olympia_pheeseq_15_labelled_mB1.wav,-1.4563274977329705,-1.8367328183735703,0.7512706719834833,-0.6772521013093435,-0.13790363600946298
2696,before_phees_2022-03-17_09-51-16_0000070_labelled_Olympia_pheeseq_15_labelled_mB2.wav,-3.3128739107399494,-0.7937154549087015,-0.20973782984620837,0.5433410211947094,-0.3125966441944882
2697,before_phees_2022-03-17_09-51-16_0000070_labelled_Olympia_pheeseq_19_labelled_mB2.wav,-2.5159394952607017,-0.7568318232422472,1.0187838722251916,-0.2435775516778621,-0.44415396533901885
2698,before_phees_2022-03-17_09-51-16_0000070_labelled_Wuschel_pheeseq_13_labelled_mB1.wav,-5.275350350033142,1.7897086049044277,3.4095967408752847,1.121367194318826,0.20121180193401256
2699,before_phees_2022-03-17_09-51-16_0000070_labelled_Wuschel_pheeseq_13_labelled_mB2.wav,-4.9201018662702936,-0.7444435651704239,0.08289705989909775,0.27038883753990944,-0.013543072375122317
2700,before_phees_2022-03-17_09-51-16_0000070_labelled_Wuschel_pheeseq_20_labelled_mB1.wav,-5.031522074963369,1.9165998229082941,3.9357682823630147,1.124336291514605,-0.02429719426288865
2701,before_phees_2022-03-17_09-51-16_0000070_labelled_Wuschel_pheeseq_20_labelled_mB2.wav,-5.07720007201488,-0.8202043710659289,0.09212651435400233,0.22172675538686082,-0.11819394322506098
2702,before_phees_2022-03-17_09-51-16_0000070_labelled_Wuschel_pheeseq_23_labelled_mB1.wav,-4.738572103548733,1.0765025259361845,2.3233592768262246,0.673580141847291,-0.22759342083427841
2703,before_phees_2022-03-17_09-51-16_0000070_labelled_Wuschel_pheeseq_23_labelled_mB2.wav,-4.412199164965518,-0.3991109648171459,1.0981834536923216,-0.26764248709696437,0.4141790375066638
2704,before_phees_2022-03-17_13-35-29_0000074_labelled_Olympia_pheeseq_13_labelled_mB2.wav,-1.8722506180926384,-0.34642857196651855,-0.4031051019903468,-0.4197805791938346,0.09778939452122709
2705,before_phees_2022-03-17_13-35-29_0000074_labelled_Olympia_pheeseq_18_labelled_mB1.wav,-0.9400914115491206,-2.0936308390579534,1.5627270816080676,-0.23038989376326965,-0.37923673590519913
2706,before_phees_2022-03-17_13-35-29_0000074_labelled_Olympia_pheeseq_18_labelled_mB2.wav,-2.289670363313924,-0.8224427783145256,-0.4256802259649052,0.4823428072415696,-0.7031275563120702
2707,before_phees_2022-03-17_13-35-29_0000074_labelled_Olympia_pheeseq_20_labelled_mB1.wav,-0.4485210786472652,-0.7653181938616989,1.2456245434661977,0.17114729019145825,-0.9259986977667249
2708,before_phees_2022-03-17_13-35-29_0000074_labelled_Olympia_pheeseq_20_labelled_mB2.wav,-1.6251124653248743,-1.0741302221803037,0.520208649731491,-1.0278567277961077,0.16425317426600908
2709,before_phees_2022-03-17_13-35-29_0000074_labelled_Olympia_pheeseq_25_labelled_mB1.wav,-0.540198815223084,-1.9213477196705175,1.2682117712745573,0.13416498882335987,-0.005611553410372186
2710,before_phees_2022-03-17_13-35-29_0000074_labelled_Olympia_pheeseq_25_labelled_mB2.wav,-0.38077498860731884,-0.27883281405294136,1.419912286876476,-0.7958445824896688,-0.2503126966071358
2711,before_phees_2022-03-17_13-35-29_0000074_labelled_Tabor_pheeseq_01_labelled_mD1.wav,-2.8179790565413105,0.13148503403107414,-0.5839397056754355,0.3892986950871202,-0.0027135897919925013
2712,before_phees_2022-03-17_13-35-29_0000074_labelled_Tabor_pheeseq_01_labelled_mD2.wav,-1.9883586689140778,-0.2360166598844288,-0.5348118046721397,-0.3861357127175326,0.30438023092458216
2713,before_phees_2022-03-17_13-35-29_0000074_labelled_Tabor_pheeseq_01_labelled_mD3.wav,-2.915468968234617,0.03159866753449992,-1.4464628224472287,-0.2529367698479102,-0.09345918092880845
2714,before_phees_2022-03-17_13-35-29_0000074_labelled_Tabor_pheeseq_01_labelled_mD4.wav,-3.287739138952121,-1.3068239801572457,-1.5967558870245535,-0.5080876072405773,0.7507315727113983
2715,before_phees_2022-03-17_13-35-29_0000074_labelled_Tabor_pheeseq_02_labelled_mD1.wav,-2.0228482067083555,0.28761703210701767,1.1849803511079802,0.252872480175629,0.33166810622489407
2716,before_phees_2022-03-17_13-35-29_0000074_labelled_Tabor_pheeseq_02_labelled_mD2.wav,-1.4827028181114166,-0.06046242505876699,-0.676351366228202,0.38975291346089647,-0.6202897908161897
2717,before_phees_2022-03-17_13-35-29_0000074_labelled_Tabor_pheeseq_02_labelled_mD3.wav,-2.7795077574043985,-0.1558045456768402,-1.4751697477565382,-0.25214909069966496,-0.23073102813066668
2718,before_phees_2022-03-17_13-35-29_0000074_labelled_Tabor_pheeseq_02_labelled_mD4.wav,-3.030456682712221,-1.1568497793179435,-2.192976657021732,0.1494325373497945,0.14308231772635674
2719,before_phees_2022-03-17_13-35-29_0000074_labelled_Tabor_pheeseq_03_labelled_mD1.wav,-1.7368277980997935,-0.5045564539964881,-0.22330624233163351,0.06927855559881621,0.37450292720549483
2720,before_phees_2022-03-17_13-35-29_0000074_labelled_Tabor_pheeseq_03_labelled_mD2.wav,-1.2527802521479323,0.19254368475271325,-0.5119862820036998,-0.603840070797611,0.0668441435202574
2721,before_phees_2022-03-17_13-35-29_0000074_labelled_Tabor_pheeseq_03_labelled_mD3.wav,-2.041149603927394,-0.23055074283166993,-0.8375778130674707,-0.8405497037901686,0.06465965356526066
2722,before_phees_2022-03-17_13-35-29_0000074_labelled_Tabor_pheeseq_03_labelled_mD4.wav,-3.2974551280903626,-1.1543071685688724,-2.416234342372633,-0.010652163913600899,0.1701087265593764
2723,before_phees_2022-03-17_13-35-29_0000074_labelled_Tabor_pheeseq_04_labelled_mC1.wav,-0.9498278626716694,-0.36761286630447493,-0.9275909212168805,-0.03173181757794155,0.41106317269364606
2724,before_phees_2022-03-17_13-35-29_0000074_labelled_Tabor_pheeseq_04_labelled_mC2.wav,-0.7944441239589084,-0.15385919933549805,-0.24512563430665862,0.06907248109038729,0.14248288916119986
2725,before_phees_2022-03-17_13-35-29_0000074_labelled_Tabor_pheeseq_04_labelled_mC3.wav,-1.9762071126660121,-0.37124346661548735,-1.010720084562913,-0.8227318948429704,0.09222885912517205
2726,before_phees_2022-03-17_13-35-29_0000074_labelled_Tabor_pheeseq_05_labelled_mC1.wav,-0.6575504333151643,-0.26855132269301046,-0.060746643033521,-0.1351951089959046,-0.2215434859251033
2727,before_phees_2022-03-17_13-35-29_0000074_labelled_Tabor_pheeseq_05_labelled_mC2.wav,-0.48775758200418634,-0.27295121823503293,-0.12152958574815032,-0.5311578203368355,-0.632812986590925
2728,before_phees_2022-03-17_13-35-29_0000074_labelled_Tabor_pheeseq_05_labelled_mC3.wav,-0.8242410414559285,-1.4301915902233855,-0.808863661287761,-1.3817038909595503,0.09890574583357754
2729,before_phees_2022-03-17_13-35-29_0000074_labelled_Tabor_pheeseq_07_labelled_mC1.wav,-0.7804928020053833,-0.09276419352685046,-0.027684453204898044,-0.1648442916417531,-0.15230036665806104
2730,before_phees_2022-03-17_13-35-29_0000074_labelled_Tabor_pheeseq_07_labelled_mC2.wav,-0.5618375834544125,0.4631308857751815,-1.2091236803810754,-0.711492577073031,0.14643248293837446
2731,before_phees_2022-03-17_13-35-29_0000074_labelled_Tabor_pheeseq_07_labelled_mC3.wav,-0.8902185698517243,-0.7342830448248296,-1.0466380523144014,-0.8058870281625329,-0.44181404281468406
2732,before_phees_2022-03-17_13-35-29_0000074_labelled_Tabor_pheeseq_08_labelled_mD1.wav,-1.748618049968269,0.19495725380797319,-0.2081125835596665,0.6756359778528154,-0.28990722331998336
2733,before_phees_2022-03-17_13-35-29_0000074_labelled_Tabor_pheeseq_08_labelled_mD2.wav,-0.7330635148904283,-0.34025696429757696,-0.7218792211291177,-0.5782976644051925,-0.32130816326023565
2734,before_phees_2022-03-17_13-35-29_0000074_labelled_Tabor_pheeseq_08_labelled_mD3.wav,-1.14209762079509,-0.18351008177320288,-0.29564053555030084,-0.6337805341839096,-0.31530577067648763
2735,before_phees_2022-03-17_13-35-29_0000074_labelled_Tabor_pheeseq_08_labelled_mD4.wav,-1.7264439576596333,-2.216806811057782,-1.1509821516882544,-0.7445775532803244,-0.766923561400267
2736,before_phees_2022-03-17_13-35-29_0000074_labelled_Tabor_pheeseq_09_labelled_mD1.wav,-1.8776810772710923,-0.1881953674177147,-1.1745290259580892,0.20712664751468884,-0.4407845543506773
2737,before_phees_2022-03-17_13-35-29_0000074_labelled_Tabor_pheeseq_09_labelled_mD2.wav,-1.4688381953800127,0.06927194796784175,-1.198805459281543,0.04866550036818415,-0.4566916340714797
2738,before_phees_2022-03-17_13-35-29_0000074_labelled_Tabor_pheeseq_09_labelled_mD3.wav,-1.8928010572203178,-0.5425148485316825,-1.2302667322427276,-0.8855596814753928,0.013435668629577131
2739,before_phees_2022-03-17_13-35-29_0000074_labelled_Tabor_pheeseq_09_labelled_mD4.wav,-3.018362239430209,-2.0359681361124404,-1.9426457993522281,-1.0495169111843332,0.0016848062465917937
2740,before_phees_2022-03-17_13-35-29_0000074_labelled_Tabor_pheeseq_10_labelled_mC1.wav,-1.019325166256724,0.4511979325152087,-0.7493260488542263,0.6390107784299255,-0.1698013696148804
2741,before_phees_2022-03-17_13-35-29_0000074_labelled_Tabor_pheeseq_10_labelled_mC2.wav,-0.3908795514175803,0.4182281083677584,-0.5195074447306366,-0.3168672508350156,0.11897613381335656
2742,before_phees_2022-03-17_13-35-29_0000074_labelled_Tabor_pheeseq_10_labelled_mC3.wav,-1.9663050571457754,-0.367008407342794,-0.9238442709172902,-0.7146357089038013,0.1737430788791831
2743,before_phees_2022-03-17_13-35-29_0000074_labelled_Tabor_pheeseq_14_labelled_mD1.wav,0.39511402764872083,0.7431889080684838,-2.849757911876328,0.20135637288153435,0.07694319971371243
2744,before_phees_2022-03-17_13-35-29_0000074_labelled_Tabor_pheeseq_14_labelled_mD2.wav,1.3220242181633979,-1.8229431687867899,0.7750279510390402,-1.1538575205774262,-0.09582387541498526
2745,before_phees_2022-03-17_13-35-29_0000074_labelled_Tabor_pheeseq_14_labelled_mD3.wav,0.06702424132034299,-0.937589312720496,-1.0608193592836426,-0.44815834545139277,-0.5912759266964674
2746,before_phees_2022-03-17_13-35-29_0000074_labelled_Tabor_pheeseq_14_labelled_mD4.wav,-2.7347640975325667,-1.4071848341087565,-2.488657833392993,-1.0214946629926323,0.5043425049073836
2747,before_phees_2022-03-17_14-11-17_0000076_labelled_Lola_pheeseq_04_labelled_mB1.wav,0.30975868724937017,2.9634952166342257,1.8959802185514183,0.28023227800123984,0.3224564031535599
2748,before_phees_2022-03-17_14-11-17_0000076_labelled_Lola_pheeseq_04_labelled_mB2.wav,0.7045377840684552,1.5114488407389917,-2.3228052697126884,-0.4326636923231108,0.900183859827363
2749,before_phees_2022-03-17_14-11-17_0000076_labelled_Lola_pheeseq_18_labelled_mB1.wav,-0.46861235836442566,3.057656472949681,0.09684749687663088,0.576501746810032,0.3168674015989259
2750,before_phees_2022-03-17_14-11-17_0000076_labelled_Lola_pheeseq_19_labelled_mB1.wav,-1.5417966234463998,3.3666602383721096,1.9940717677105808,0.8869826944506574,0.017752948246201456
2751,before_phees_2022-03-17_14-11-17_0000076_labelled_Lola_pheeseq_19_labelled_mB2.wav,-0.5573357093995275,1.9157786690649967,-0.21492056166801343,0.417190826414107,-0.14882443930542708
2752,before_phees_2022-03-17_14-11-17_0000076_labelled_Odin_pheeseq_12_labelled_mB2.wav,-0.47660376953741773,-0.8459962791867643,-0.237748251879635,-0.19768979466369602,-0.6564019837631035
2753,before_phees_2022-03-17_14-11-17_0000076_labelled_Odin_pheeseq_14_labelled_mB2.wav,-1.576400867238068,-0.5481613331421592,-1.0713008173094194,0.030375758720979067,-0.9346001875687153
2754,before_phees_2022-03-18_09-14-46_0000079_labelled_Olympia_pheeseq_04_labelled_mB1.wav,0.6514387178684217,0.1201634831363081,2.0714855323510153,-0.2107434192640243,-0.27971511208429095
2755,before_phees_2022-03-18_09-14-46_0000079_labelled_Olympia_pheeseq_04_labelled_mB2.wav,-1.1436522685376582,-0.09062542675150154,0.12739145768959398,0.11709902336033771,0.11056789225518363
2756,before_phees_2022-03-18_09-14-46_0000079_labelled_Olympia_pheeseq_06_labelled_mB1.wav,-1.2716082099016737,-1.6892936717898568,-0.19190570743982985,-0.15959497779710893,-0.6514648173011498
2757,before_phees_2022-03-18_09-14-46_0000079_labelled_Olympia_pheeseq_06_labelled_mB2.wav,-3.2226238688471756,-0.7093145351156822,-0.5738756885450076,0.22303849658807215,-0.39994632009922365
2758,before_phees_2022-03-18_09-14-46_0000079_labelled_Olympia_pheeseq_09_labelled_mB1.wav,-0.47031288157279766,-2.2425658650887805,1.228130272659941,0.0008327149528208351,-0.4111061658997201
2759,before_phees_2022-03-18_09-14-46_0000079_labelled_Olympia_pheeseq_09_labelled_mB2.wav,-0.7524669436575488,-1.031729074012608,1.919521244160568,-0.6147583887158579,-0.5952581197641411
2760,before_phees_2022-03-18_09-14-46_0000079_labelled_Olympia_pheeseq_13_labelled_mB1.wav,-1.6015030899902984,-0.5352901759789164,0.3338143476310065,0.40453971388420035,0.33838476302318454
2761,before_phees_2022-03-18_09-14-46_0000079_labelled_Olympia_pheeseq_14_labelled_mB1.wav,-3.4803335652251115,1.000699064190311,0.19711432584574007,0.8699834197975935,0.7115352535145718
2762,before_phees_2022-03-18_09-14-46_0000079_labelled_Olympia_pheeseq_14_labelled_mB2.wav,-2.1259931490138992,-0.9318199488343574,0.5462837503770693,0.3214876002210167,0.022816102677504117
2763,before_phees_2022-03-18_09-14-46_0000079_labelled_Olympia_pheeseq_16_labelled_mB1.wav,-2.813035211618323,-2.11389213553935,-0.051119949195907725,0.42707157875953244,0.1798716103039016
2764,before_phees_2022-03-18_09-14-46_0000079_labelled_Olympia_pheeseq_16_labelled_mB2.wav,-2.1729175206832445,-0.6611159525210855,1.2907913108620757,0.41900964503690524,0.007913699137355441
2765,before_phees_2022-03-18_09-14-46_0000079_labelled_Olympia_pheeseq_18_labelled_mB1.wav,-1.578089949284468,1.086653588245483,1.2155711578569193,0.6722541326094992,0.7045762029054142
2766,before_phees_2022-03-18_09-14-46_0000079_labelled_Olympia_pheeseq_18_labelled_mB2.wav,-2.2596057066752357,-0.02424718899606248,-0.36643747378018865,0.22362440565687097,-0.5153421414664238
2767,before_phees_2022-03-18_09-14-46_0000079_labelled_Olympia_pheeseq_19_labelled_mC1.wav,-3.0345883627924297,-1.3965489133100504,-0.9454298106196648,0.7200809920551404,-0.1541404503384579
2768,before_phees_2022-03-18_09-14-46_0000079_labelled_Olympia_pheeseq_19_labelled_mC2.wav,-1.0256229558743233,-1.9597700982287287,1.6517929824490014,-0.019290734277850337,-0.21053345340667645
2769,before_phees_2022-03-18_09-14-46_0000079_labelled_Olympia_pheeseq_19_labelled_mC3.wav,-3.0567095512942384,-1.5644162284881138,0.5753455019872783,-0.20882365775432202,-0.35605671335884714
2770,before_phees_2022-03-18_09-14-46_0000079_labelled_Olympia_pheeseq_30_labelled_mB1.wav,0.0826316384889492,-0.7566484390069036,-1.2845499596405139,0.06254293668005331,0.05855281222511984
2771,before_phees_2022-03-18_09-14-46_0000079_labelled_Olympia_pheeseq_30_labelled_mB2.wav,-0.3576422892138838,-1.0902050065292375,0.8280650583327078,-0.5079019347317957,0.007733976857118925
2772,before_phees_2022-03-18_09-14-46_0000079_labelled_Olympia_pheeseq_33_labelled_mB1.wav,-2.777351032694266,-0.02090463365888552,-0.89853273503602,0.4318978788015553,0.11676107675584682
2773,before_phees_2022-03-18_09-14-46_0000079_labelled_Olympia_pheeseq_33_labelled_mB2.wav,-1.5703485756683984,-0.3536934901383921,0.16133617537924436,-0.4513919160894089,-0.39730482102190967
2774,before_phees_2022-03-18_09-14-46_0000079_labelled_Wuschel_pheeseq_17_labelled_mB1.wav,-4.223922333164218,1.4833942270462666,2.3483963332350317,0.722235449850283,-0.12364287525520001
2775,before_phees_2022-03-18_09-14-46_0000079_labelled_Wuschel_pheeseq_17_labelled_mB2.wav,-3.4815423866953235,-0.8718850962746596,0.9901365451121662,-0.2732067866896013,-0.11424431761464669
2776,before_phees_2022-03-18_09-14-46_0000079_labelled_Wuschel_pheeseq_20_labelled_mB1.wav,-4.510745924554235,1.9993855029539631,4.164064336993258,0.6111207792310013,0.7585962078949443
2777,before_phees_2022-03-18_09-14-46_0000079_labelled_Wuschel_pheeseq_20_labelled_mB2.wav,-3.561260984608966,-0.5507944090576944,0.6944235779003365,-0.355519454776567,0.09326013168456337
2778,before_phees_2022-03-18_09-14-46_0000079_labelled_Wuschel_pheeseq_21_labelled_mB1.wav,-3.9528243675512673,0.4910264842423399,1.4922572115315182,0.20146103230943782,0.6487500613966302
2779,before_phees_2022-03-18_09-14-46_0000079_labelled_Wuschel_pheeseq_21_labelled_mB2.wav,-4.086435398976138,-0.20045286215194305,1.224975355074862,0.44838412907100333,-0.5811547741696512
2780,before_phees_2022-03-18_09-14-46_0000079_labelled_Wuschel_pheeseq_22_labelled_mB1.wav,-4.611147963369721,0.17843807084100402,2.240005289261298,0.35351536264093625,0.6840993091313213
2781,before_phees_2022-03-18_09-14-46_0000079_labelled_Wuschel_pheeseq_22_labelled_mB2.wav,-4.148254203527559,-1.0082957491606692,1.2633398896712116,-0.08022772582837974,0.10997943718973983
2782,before_phees_2022-03-18_09-14-46_0000079_labelled_Wuschel_pheeseq_23_labelled_mB1.wav,-4.591481416757224,0.40511709275169716,1.7977202180487466,0.9617997428263776,-0.023776870619952817
2783,before_phees_2022-03-18_09-14-46_0000079_labelled_Wuschel_pheeseq_23_labelled_mB2.wav,-3.9735211673079975,-0.5803730103231135,0.4878712946021337,0.5255876102115585,-0.33021831293689097
2784,before_phees_2022-03-18_09-14-46_0000079_labelled_Wuschel_pheeseq_25_labelled_mB1.wav,-4.002522711075957,0.991157898967115,1.714349675412785,0.8244685322864083,-0.011954503870057323
2785,before_phees_2022-03-18_09-14-46_0000079_labelled_Wuschel_pheeseq_25_labelled_mB2.wav,-3.626488255080245,-0.4931057752201507,1.6320305426039958,-0.13127335043154179,-0.08898214498379162
2786,before_phees_2022-03-18_09-14-46_0000079_labelled_Wuschel_pheeseq_28_labelled_mB1.wav,-4.228164595280355,0.48863589877203434,1.9390335785004147,0.8130616564746507,-0.3583903551258838
2787,before_phees_2022-03-18_09-14-46_0000079_labelled_Wuschel_pheeseq_28_labelled_mB2.wav,-4.014855078024037,-0.344650324611623,1.074257028307593,0.4761725168064536,-0.5494060105450564
2788,before_phees_2022-03-18_09-14-46_0000079_labelled_Wuschel_pheeseq_29_labelled_mB1.wav,-3.9108401388351814,-0.9794533319728782,1.686082357002078,0.13567416276375185,-0.1457518486895623
2789,before_phees_2022-03-18_09-14-46_0000079_labelled_Wuschel_pheeseq_29_labelled_mB2.wav,-3.8579421044619457,-0.6127524883042026,0.904920699529906,0.5791927165151017,-0.5199092244865866
2790,before_phees_2022-03-18_10-23-09_0000086_labelled_Odin_pheeseq_06_labelled_mC1.wav,-0.7325563064500253,-0.8486415813843613,1.8987225838893869,-0.5507417338341362,-0.4807426723696105
2791,before_phees_2022-03-18_10-23-09_0000086_labelled_Odin_pheeseq_06_labelled_mC2.wav,0.021413965910335144,-0.5526836825985918,0.5482790202911813,-1.031097192527223,-0.24961444116061554
2792,before_phees_2022-03-18_10-23-09_0000086_labelled_Odin_pheeseq_06_labelled_mC3.wav,-4.197618606791721,-0.870861919687807,-0.817478933677236,0.056532867399253194,-0.08160959189364257
2793,before_phees_2022-03-21_10-06-36_0000094_labelled_Lola_pheeseq_23_labelled_mB1.wav,-1.6932070059791218,4.04449397975651,2.671132242524811,1.0061557779419925,0.35002351587290403
2794,before_phees_2022-03-21_10-06-36_0000094_labelled_Odin_pheeseq_05_labelled_mB1.wav,0.5009110173859468,0.6666231388475752,0.6311066134305362,-0.11078319836149753,-0.5919374208532773
2795,before_phees_2022-03-21_10-06-36_0000094_labelled_Odin_pheeseq_05_labelled_mB2.wav,-0.9078379703550418,-0.6593795607185226,0.1902633451407578,-0.21888628339716953,-0.6209632791589929
2796,before_phees_2022-03-21_10-06-36_0000094_labelled_Odin_pheeseq_19_labelled_mB1.wav,-0.5124106360704767,1.2897800216883408,-0.44062661254524144,0.21581531102162446,-0.55891204523745
2797,before_phees_2022-03-21_10-06-36_0000094_labelled_Odin_pheeseq_19_labelled_mB2.wav,-1.0121730128249842,-0.8138568379092445,0.5227991618824137,-0.7021656052554175,0.3478683695188382
2798,before_phees_2022-03-21_10-06-36_0000094_labelled_Odin_pheeseq_20_labelled_mD1.wav,1.2676815083066064,-1.5441176544210682,1.5295401290007022,-0.7936976602673972,0.003395380847227263
2799,before_phees_2022-03-21_10-06-36_0000094_labelled_Odin_pheeseq_20_labelled_mD2.wav,1.0400040146968477,-0.8127145053939492,0.6690312794048482,-0.4014555085012916,-0.2676311429847458
2800,before_phees_2022-03-21_10-06-36_0000094_labelled_Odin_pheeseq_20_labelled_mD3.wav,-0.9097339907427989,-1.6824781060158978,-0.2390667401595827,0.02436928919504189,-0.5688690349185165
2801,before_phees_2022-03-21_10-06-36_0000094_labelled_Odin_pheeseq_20_labelled_mD4.wav,-4.455065745219895,-2.571613063860455,-0.7038812312023959,-0.38898438697896404,0.27068173552994196
2802,before_phees_2022-03-21_13-15-58_0000096_labelled_Wuschel_pheeseq_04_labelled_mB1.wav,-5.006742515535781,1.5972387741449652,2.9353070448900485,0.7660587946897869,0.05157841550182484
2803,before_phees_2022-03-21_13-15-58_0000096_labelled_Wuschel_pheeseq_04_labelled_mB2.wav,-4.540941990507526,-1.0069098538092944,-0.8271874118283796,-0.6410263029801923,0.8500291463099254
2804,before_phees_2022-03-21_13-15-58_0000096_labelled_Wuschel_pheeseq_05_labelled_mB1.wav,-5.2027761856197,2.212445414819448,4.269382874130215,1.3773422377487619,0.43066274794166454
2805,before_phees_2022-03-21_13-15-58_0000096_labelled_Wuschel_pheeseq_05_labelled_mB2.wav,-4.348246667137105,-0.6082156692829849,0.6645440935707414,-0.382434331087256,0.4063531043689047
2806,before_phees_2022-03-21_13-47-05_0000098_labelled_Lola_pheeseq_02_labelled_mB1.wav,-1.0420845255616515,2.3602993479164556,-0.17707890781571323,0.48356738815902384,0.1762661661822793
2807,before_phees_2022-03-21_13-47-05_0000098_labelled_Lola_pheeseq_02_labelled_mB2.wav,-0.34315281670082576,1.2211228338203957,-1.6731415457573324,-0.07465260655997881,-0.2786338722857127
2808,before_phees_2022-03-21_13-47-05_0000098_labelled_Lola_pheeseq_03_labelled_mB1.wav,-0.837396067645085,2.6005915529267534,0.9278427557022696,0.28358238131930746,0.9318637206302075
2809,before_phees_2022-03-21_13-47-05_0000098_labelled_Lola_pheeseq_04_labelled_mB1.wav,-0.4498700294337459,2.56687175405992,-0.510354889134885,0.5025088300663992,0.206943871110844
2810,before_phees_2022-03-21_13-47-05_0000098_labelled_Lola_pheeseq_07_labelled_mB2.wav,-0.15729391984551022,2.7517236392288575,0.7078373681262073,0.5350708670106958,-0.30018334491234683
2811,before_phees_2022-03-21_13-47-05_0000098_labelled_Lola_pheeseq_08_labelled_mB1.wav,-0.6096607125709586,2.85942827291528,2.072424250415234,0.26844065462277844,0.38975867562525085
2812,before_phees_2022-03-21_13-47-05_0000098_labelled_Lola_pheeseq_08_labelled_mB2.wav,0.12285879975906887,2.1394982479840743,-0.12241916661722058,0.38307671470804777,-0.42124861840705896
2813,before_phees_2022-03-21_13-47-05_0000098_labelled_Lola_pheeseq_09_labelled_mB1.wav,0.44260618071177066,1.0329302722912095,0.8550984996806499,-0.05884532388743005,-0.5522522373495575
2814,before_phees_2022-03-21_13-47-05_0000098_labelled_Lola_pheeseq_09_labelled_mB2.wav,1.985328448819403,0.7613807822510309,-2.7095897229891435,-0.15783846403424667,0.6097617958782012
2815,before_phees_2022-03-21_13-47-05_0000098_labelled_Lola_pheeseq_17_labelled_mB1.wav,0.295452384586711,2.6055923473299316,0.5984220584579013,0.04893445914411435,0.5755109249591704
2816,before_phees_2022-03-21_13-47-05_0000098_labelled_Lola_pheeseq_18_labelled_mB1.wav,-0.5079426568805386,2.5222733596041857,-1.015957168184269,-0.10945968605145133,-0.03760157171101106
2817,before_phees_2022-03-21_13-47-05_0000098_labelled_Lola_pheeseq_18_labelled_mB3.wav,0.43781530998985996,2.35863237639636,0.35866441395796733,-0.07650996391322855,0.33891114143190526
2818,before_phees_2022-03-21_13-47-05_0000098_labelled_Lola_pheeseq_19_labelled_mB1.wav,-0.029936257394297602,3.7438446913491377,0.7037013487478153,0.7340727388104663,0.2824768335417423
2819,before_phees_2022-03-21_13-47-05_0000098_labelled_Lola_pheeseq_19_labelled_mB2.wav,2.255337004187968,2.998108801374033,0.5599134769063209,-0.09940720787577642,-0.12451197150854677
2820,before_phees_2022-03-21_13-47-05_0000098_labelled_Lola_pheeseq_20_labelled_mB1.wav,0.35327734711024034,2.445883577428734,0.3209594060599508,0.06743282960651796,0.6131716206186794
2821,before_phees_2022-03-21_13-47-05_0000098_labelled_Lola_pheeseq_20_labelled_mB2.wav,0.7101143001219983,2.8149882150300862,0.16554984546110996,0.7663089376228649,-0.14814139044237337
2822,before_phees_2022-03-21_13-47-05_0000098_labelled_Lola_pheeseq_22_labelled_mC1.wav,0.4920762067729807,2.1611913858724363,-0.12260276318101675,-0.6099208530547938,0.11893609226546549
2823,before_phees_2022-03-21_13-47-05_0000098_labelled_Lola_pheeseq_22_labelled_mC3.wav,1.4188911234935953,2.958450042595599,0.4176274227894784,0.13566940543983033,0.48626390472958686
2824,before_phees_2022-03-21_13-47-05_0000098_labelled_Lola_pheeseq_22_labelled_mC4.wav,1.0023366883809974,2.322307410905842,-1.2327488007986958,0.4154467243393735,-0.10661364640350603
2825,before_phees_2022-03-21_13-47-05_0000098_labelled_Lola_pheeseq_23_labelled_mC1.wav,-0.24090550673748706,2.328568555491479,-1.443096020168838,-0.08963082286342779,0.07409421229966887
2826,before_phees_2022-03-21_13-47-05_0000098_labelled_Lola_pheeseq_23_labelled_mC3.wav,1.8569753247796528,3.1237533539350393,0.9758607611417365,0.1449933132028012,0.0936879649744864
2827,before_phees_2022-03-21_13-47-05_0000098_labelled_Lola_pheeseq_23_labelled_mC4.wav,1.9046331355106765,2.9817950008908705,-0.3570622949532318,0.6581243206443936,-0.3918465178126375
2828,before_phees_2022-03-21_13-47-05_0000098_labelled_Lola_pheeseq_24_labelled_mC1.wav,0.9046760348605242,3.3833846260811633,-1.036241989773835,0.5131009193713555,0.39228095623577103
2829,before_phees_2022-03-21_13-47-05_0000098_labelled_Lola_pheeseq_24_labelled_mC2.wav,1.251522067946071,3.495682741473226,0.2563350321342912,1.0311585559312204,0.16832779300386824
2830,before_phees_2022-03-21_13-47-05_0000098_labelled_Lola_pheeseq_24_labelled_mC3.wav,0.21424102634057804,3.11778719774268,-0.31330641757565386,0.6396524212881183,0.33073514214338656
2831,before_phees_2022-03-21_13-47-05_0000098_labelled_Lola_pheeseq_25_labelled_mB1.wav,0.730294214459633,3.8894085103962164,-0.0692300090891367,0.7267841994285517,0.4571916259776299
2832,before_phees_2022-03-21_13-47-05_0000098_labelled_Lola_pheeseq_25_labelled_mB2.wav,0.8261739819121,3.7177500778643244,1.0678277326748435,0.2030106164589859,0.8465329970595843
2833,before_phees_2022-03-21_13-47-05_0000098_labelled_Lola_pheeseq_26_labelled_mB1.wav,0.7812553828662668,3.980615139653703,0.4560980155480985,0.7528682824468536,0.2282361179909004
2834,before_phees_2022-03-21_13-47-05_0000098_labelled_Lola_pheeseq_26_labelled_mB2.wav,1.3506846993616626,3.1871526716576737,-0.4576015808584512,0.4070984486600035,-0.23883850825457226
2835,before_phees_2022-03-21_13-47-05_0000098_labelled_Lola_pheeseq_27_labelled_mB1.wav,0.7555310884896032,2.920316379808892,-0.23537384634356992,-0.011454491784921066,0.9147068993424147
2836,before_phees_2022-03-21_13-47-05_0000098_labelled_Lola_pheeseq_27_labelled_mB2.wav,1.350695211179419,3.2670436512605368,-0.17028496622542139,0.49086647213107715,-0.24564851505616797
2837,before_phees_2022-03-21_13-47-05_0000098_labelled_Lola_pheeseq_29_labelled_mB1.wav,0.40603718243021203,3.6662860741628878,0.6948016962083939,-0.023444997680903457,0.9030725608325945
2838,before_phees_2022-03-21_13-47-05_0000098_labelled_Lola_pheeseq_29_labelled_mB2.wav,1.2986162024246437,3.406083203798831,1.4150599361170497,0.1411170828881882,0.3964130396725824
2839,before_phees_2022-03-21_13-47-05_0000098_labelled_Tabor_pheeseq_28_labelled_mC1.wav,0.268602922285029,0.5038435493883502,-1.9541214038263488,-0.36419563276621203,0.5446695257500443
2840,before_phees_2022-03-21_13-47-05_0000098_labelled_Tabor_pheeseq_28_labelled_mC4.wav,-1.3877608695391161,-0.7890500193404365,-0.4479054368230605,-0.4398675932962133,-0.25447220967946654
2841,before_phees_2022-03-21_13-47-05_0000098_labelled_Tabor_pheeseq_28_labelled_mC5.wav,-3.2423478306165996,-0.7989430762047766,-1.9951730189109413,-0.20001075670962723,0.010246082812309943
2842,before_phees_2022-03-21_13-47-05_0000098_labelled_Tabor_pheeseq_30_labelled_mD1.wav,1.512939068368727,-0.15375865536028963,-2.130147820636037,0.420955391654083,0.5433264371131016
2843,before_phees_2022-03-21_13-47-05_0000098_labelled_Tabor_pheeseq_30_labelled_mD2.wav,1.4752102958286482,-0.7438352820682139,-0.14082865616876292,-0.6750030087029968,-0.24787160481603124
2844,before_phees_2022-03-21_13-47-05_0000098_labelled_Tabor_pheeseq_30_labelled_mD3.wav,-0.9516711707141994,-0.4522481486550907,-1.3078347591877295,-0.5802060381406705,0.11931878099383013
2845,before_phees_2022-03-21_13-47-05_0000098_labelled_Tabor_pheeseq_30_labelled_mD4.wav,-3.2661575262994167,-1.3306642244577165,-1.9178729257593639,-0.2288240554045764,-0.3785246763817723
2846,before_phees_2022-03-22_09-27-04_0000104_labelled_Nougatti_pheeseq_06_labelled_mB1.wav,2.6242528675372685,0.9665530655261213,-0.9185712329311272,-0.13810824503143426,-0.664426278678474
2847,before_phees_2022-03-22_09-27-04_0000104_labelled_Nougatti_pheeseq_06_labelled_mB2.wav,1.688218085233642,-0.5783168179594649,0.3723139307295392,-0.5872367644954307,-0.4389639289520766
2848,before_phees_2022-03-22_09-27-04_0000104_labelled_Odin_pheeseq_05_labelled_mB1.wav,1.6427227274783447,-0.39978702745629324,2.3246243939649744,-1.0299748294459672,-0.2124922600635632
2849,before_phees_2022-03-22_09-27-04_0000104_labelled_Odin_pheeseq_05_labelled_mB2.wav,-0.794678682727391,-0.21832904009825674,-0.6454084170714909,-0.93017841015202,-0.5555526565279253
2850,before_phees_2022-03-22_10-06-16_0000106_labelled_Olympia_pheeseq_04_labelled_mB1.wav,-3.134840059870045,0.9518727539488173,0.7997322849278714,0.7148896823766666,0.08194310344136671
2851,before_phees_2022-03-22_10-06-16_0000106_labelled_Olympia_pheeseq_04_labelled_mB2.wav,-2.885634844189682,0.06853029227245375,-1.1450826030849168,0.06480417084988226,0.0024161256809269445
2852,before_phees_2022-03-22_10-06-16_0000106_labelled_Olympia_pheeseq_13_labelled_mB1.wav,-0.9535556002703536,1.1968453766972762,2.8427381229072286,0.2670120333183179,-0.5755750445794768
2853,before_phees_2022-03-22_10-06-16_0000106_labelled_Olympia_pheeseq_15_labelled_mC1.wav,-2.3394312976384497,-0.5279557887890979,-1.5058745432011944,0.9937929225774635,0.6035948159808578
2854,before_phees_2022-03-22_10-06-16_0000106_labelled_Olympia_pheeseq_15_labelled_mC2.wav,0.3636308649879679,-1.8579768359679647,2.145605628376472,-0.4525941620389094,0.12681298348828215
2855,before_phees_2022-03-22_10-06-16_0000106_labelled_Olympia_pheeseq_15_labelled_mC3.wav,-1.0584610673355912,0.036773357493525616,0.9360207178518707,0.069172521421827,-0.22349813075096386
2856,before_phees_2022-03-22_10-06-16_0000106_labelled_Olympia_pheeseq_21_labelled_mC1.wav,-2.030482784441325,-0.06598214286467144,-0.07348396640439162,0.11082705127019021,0.5697094588117885
2857,before_phees_2022-03-22_10-06-16_0000106_labelled_Olympia_pheeseq_21_labelled_mC2.wav,-2.1959947366190984,-0.687474046648483,1.0089818903115106,-0.07663524296573501,-0.2905652375285527
2858,before_phees_2022-03-22_10-06-16_0000106_labelled_Olympia_pheeseq_21_labelled_mC3.wav,-2.582316835611551,-1.3901394115525154,-0.7017713635340362,0.40644738503627165,-0.7559402626299442
2859,before_phees_2022-03-22_10-06-16_0000106_labelled_Olympia_pheeseq_23_labelled_mC1.wav,-3.2590282678361833,-0.5208809750398334,-1.0043004424938158,0.7019408667144785,0.35488985178340676
2860,before_phees_2022-03-22_10-06-16_0000106_labelled_Olympia_pheeseq_23_labelled_mC2.wav,-2.1920492212673097,-0.6729098080005541,1.1590918613504908,0.47452535057943757,0.056192289208520416
2861,before_phees_2022-03-22_10-06-16_0000106_labelled_Olympia_pheeseq_23_labelled_mC3.wav,-3.6244469076535957,-1.0384436061052915,-0.459631977904777,0.5973145100915941,-0.12022111128331377
2862,before_phees_2022-03-22_10-06-16_0000106_labelled_Olympia_pheeseq_24_labelled_mB1.wav,-2.4898342294531535,0.2596707347011284,0.7859052488687067,1.4234240857582743,0.23325916403727945
2863,before_phees_2022-03-22_10-06-16_0000106_labelled_Olympia_pheeseq_24_labelled_mB2.wav,-1.375874073285971,-0.6135693998304136,0.3518734298174671,0.5019615002191159,0.2155013519700129
2864,before_phees_2022-03-22_10-06-16_0000106_labelled_Olympia_pheeseq_26_labelled_mB1.wav,-3.097590335260884,-0.7259514846168271,0.08595689215536757,1.040572251390639,-0.019085140671306622
2865,before_phees_2022-03-22_10-06-16_0000106_labelled_Olympia_pheeseq_26_labelled_mB2.wav,-1.962440426874864,-0.37719037497144375,0.15264894817772834,0.9239752534202356,-0.5037286864263754
2866,before_phees_2022-03-22_10-06-16_0000106_labelled_Tabor_pheeseq_20_labelled_mC2.wav,-0.33044533437034734,0.2962071862268652,0.32873950854880046,-0.2776394432715099,-0.38368845630169407
2867,before_phees_2022-03-22_10-06-16_0000106_labelled_Tabor_pheeseq_20_labelled_mC3.wav,-4.565783379402619,-1.5846869299212356,-1.0849938885591435,0.5705605203729645,0.3177694092031842
2868,before_phees_2022-03-22_13-32-36_0000108_labelled_Olympia_pheeseq_01_labelled_mB1.wav,-1.014061348048011,0.06453256839508341,0.2274666151846769,-0.004240469537915867,0.09376105123299386
2869,before_phees_2022-03-22_13-32-36_0000108_labelled_Olympia_pheeseq_01_labelled_mB2.wav,-0.06104964736765648,0.23808775667613225,0.5947456809671242,-0.202527188324586,-0.6769856484464737
2870,before_phees_2022-03-22_13-32-36_0000108_labelled_Olympia_pheeseq_02_labelled_mB1.wav,-1.2082711736963694,0.48817440458550415,1.831841840331295,0.4580243186034014,-0.11222829415698263
2871,before_phees_2022-03-22_13-32-36_0000108_labelled_Olympia_pheeseq_02_labelled_mB2.wav,-0.6369084332104644,-0.32428062940745417,2.1722513953139613,-0.26771850944471715,-0.029165583792774986
2872,before_phees_2022-03-22_13-32-36_0000108_labelled_Olympia_pheeseq_03_labelled_mB1.wav,0.11210425620149374,-1.1328060710907333,-0.4905536391664419,-0.15090920092576468,-0.8186642195818102
2873,before_phees_2022-03-22_13-32-36_0000108_labelled_Olympia_pheeseq_03_labelled_mB2.wav,-2.621773167515679,-3.237183552121767,0.1608790200631397,-0.9535901662279619,-0.21520046961763872
2874,before_phees_2022-03-22_13-32-36_0000108_labelled_Olympia_pheeseq_23_labelled_mB1.wav,-2.5730962497882857,0.7403121088634674,0.8767849893492126,0.7233144331985003,-0.24761503430676987
2875,before_phees_2022-03-22_13-32-36_0000108_labelled_Olympia_pheeseq_23_labelled_mB2.wav,-1.7395303530078259,-0.5184354983732634,0.6576129011898235,-0.10545383059151264,-0.2865573735406049
2876,before_phees_2022-03-22_13-32-36_0000108_labelled_Wuschel_pheeseq_11_labelled_mB1.wav,-4.933985248345243,1.4802845692832656,2.9012757505471893,1.1048808957023644,0.1811902931092218
2877,before_phees_2022-03-22_13-32-36_0000108_labelled_Wuschel_pheeseq_11_labelled_mB2.wav,-5.098259765713392,-0.40312691070174594,0.4380888221539831,0.41445093709208297,0.08888559007120005
2878,before_phees_2022-03-22_13-32-36_0000108_labelled_Wuschel_pheeseq_12_labelled_mB1.wav,-5.435449653609775,0.5126932326848769,1.9986354496251926,0.6840357129375326,-0.04692511530465546
2879,before_phees_2022-03-22_13-32-36_0000108_labelled_Wuschel_pheeseq_12_labelled_mB2.wav,-5.081280036084829,-0.82256145052066,0.01673524400382031,0.029352909221840855,-0.2954234969081407
2880,before_phees_2022-03-22_13-32-36_0000108_labelled_Wuschel_pheeseq_15_labelled_mB1.wav,-4.420128685960017,1.8074440813960395,3.955531788612325,0.7364898649704456,0.8694697043378325
2881,before_phees_2022-03-22_13-32-36_0000108_labelled_Wuschel_pheeseq_15_labelled_mB2.wav,-3.909220546573032,-0.43398246270152613,0.21664351635827206,0.22476703252406274,-0.4156722550753207
2882,before_phees_2022-03-22_13-32-36_0000108_labelled_Wuschel_pheeseq_16_labelled_mB1.wav,-4.435442528766272,0.04696019058175535,0.22440707434144552,0.48697792941832585,0.1076048676601646
2883,before_phees_2022-03-22_13-32-36_0000108_labelled_Wuschel_pheeseq_16_labelled_mB2.wav,-4.1027939110114655,-0.24914983184094128,0.9885263295612216,0.4677263443637355,-0.4893429617055982
2884,before_phees_2022-03-22_13-32-36_0000108_labelled_Wuschel_pheeseq_17_labelled_mB1.wav,-4.11390019084842,0.23935032972027942,0.6585171638101873,-0.04021191782558829,0.9421545568167179
2885,before_phees_2022-03-22_13-32-36_0000108_labelled_Wuschel_pheeseq_17_labelled_mB2.wav,-3.8350919188870183,-0.2662773436579189,1.231030251748939,0.805259362091274,-0.2704766257728721
2886,before_phees_2022-03-22_13-32-36_0000108_labelled_Wuschel_pheeseq_18_labelled_mB1.wav,-4.731386954146495,0.5754684298198744,1.76635997413514,0.8302003680435447,0.15472723122704987
2887,before_phees_2022-03-22_13-32-36_0000108_labelled_Wuschel_pheeseq_18_labelled_mB2.wav,-3.3608668023744945,-0.6489479057328087,1.3154730361130302,-0.11525446339357581,-0.044025952718803135
2888,before_phees_2022-03-22_13-32-36_0000108_labelled_Wuschel_pheeseq_19_labelled_mB1.wav,-5.191932674396928,-0.3277087238905335,1.273390758236564,0.5572215457286207,-0.16808625046678233
2889,before_phees_2022-03-22_13-32-36_0000108_labelled_Wuschel_pheeseq_19_labelled_mB2.wav,-3.613527263786577,-1.5723825248887104,1.019849971516663,-0.047603781212695304,-0.265618921065107
2890,before_phees_2022-03-22_13-32-36_0000108_labelled_Wuschel_pheeseq_20_labelled_mB1.wav,-5.1282160723457,-0.5490083472683571,1.8682334101947855,0.9050865577568787,-0.3141357356177905
2891,before_phees_2022-03-22_13-32-36_0000108_labelled_Wuschel_pheeseq_20_labelled_mB2.wav,-3.668329349658657,-1.473462906358958,1.140542628331402,0.20002930419896892,-0.08823837535675136
2892,before_phees_2022-03-22_13-32-36_0000108_labelled_Wuschel_pheeseq_21_labelled_mB1.wav,-4.516225231315363,-0.09833677080724613,1.7095412319784034,0.13606184759620976,0.6287058745244674
2893,before_phees_2022-03-22_13-32-36_0000108_labelled_Wuschel_pheeseq_21_labelled_mB2.wav,-3.5045419460853404,-0.9836915779717768,0.45530497006341325,0.4467234294430949,-0.8501982383510154
2894,before_phees_2022-03-22_13-32-36_0000108_labelled_Wuschel_pheeseq_22_labelled_mB2.wav,-3.5661808588615993,-0.48099361985017347,0.9918450410893928,0.02038105707088737,0.3688480257261336
2895,before_phees_2022-03-23_09-42-11_0000113_labelled_Wuschel_pheeseq_02_labelled_mC1.wav,-3.499605001993263,0.37798962550487514,3.4273579949353223,0.09475984583871139,-0.4143269635171431
2896,before_phees_2022-03-23_09-42-11_0000113_labelled_Wuschel_pheeseq_02_labelled_mC2.wav,-2.8909487349902623,-0.4420294665685393,1.3607821152220059,-0.34705736505560447,-0.4809351823539031
2897,before_phees_2022-03-23_09-42-11_0000113_labelled_Wuschel_pheeseq_02_labelled_mC3.wav,-4.436950550135524,-2.810014728912094,-1.5126931654594238,-0.8479739344415221,0.10679433611195509
2898,before_phees_2022-03-23_09-42-11_0000113_labelled_Wuschel_pheeseq_03_labelled_mC1.wav,-2.9186709300620963,1.0363569380571533,3.5090768401008177,0.05891131098943704,-0.5600810886276018
2899,before_phees_2022-03-23_09-42-11_0000113_labelled_Wuschel_pheeseq_03_labelled_mC2.wav,-1.721206908151649,-0.09253964971529509,2.687923222334501,-0.7931502908492507,-0.1988748613664809
2900,before_phees_2022-03-23_09-42-11_0000113_labelled_Wuschel_pheeseq_03_labelled_mC3.wav,-3.0612919678146757,-1.619034759914634,-0.7229718976965338,-1.012488589591721,-0.2854749741297476
2901,before_phees_2022-03-23_09-42-11_0000113_labelled_Wuschel_pheeseq_04_labelled_mC1.wav,-3.61122397434218,0.843683813291532,4.55018283685776,0.4591061163976794,-0.3850851302125205
2902,before_phees_2022-03-23_09-42-11_0000113_labelled_Wuschel_pheeseq_04_labelled_mC2.wav,-2.356153591165888,-0.46734902990065097,1.9625992497402758,-0.27359692893615606,-0.8668056562395143
2903,before_phees_2022-03-23_09-42-11_0000113_labelled_Wuschel_pheeseq_04_labelled_mC3.wav,-3.664707239271439,-2.4078515820581186,-1.375151138769476,-0.8871598981955602,-0.029979075763938833
2904,before_phees_2022-03-23_09-42-11_0000113_labelled_Wuschel_pheeseq_05_labelled_mB1.wav,-3.845254597583521,1.282555728758021,3.9814869731300186,0.4348189241978665,0.16480897886323412
2905,before_phees_2022-03-23_09-42-11_0000113_labelled_Wuschel_pheeseq_05_labelled_mB2.wav,-3.12861606499279,-0.09648403135064998,0.08731065499982578,-0.13581674279181327,-0.8351421352511076
2906,before_phees_2022-03-23_09-42-11_0000113_labelled_Wuschel_pheeseq_06_labelled_mC1.wav,-3.6121268117631007,0.501372728324694,3.3969499694471184,0.5126228565844463,-0.019859234857577797
2907,before_phees_2022-03-23_09-42-11_0000113_labelled_Wuschel_pheeseq_06_labelled_mC2.wav,-3.3209349344989323,-0.03776417079519316,0.4848320557665519,0.14545116028665953,-0.6449320572409694
2908,before_phees_2022-03-23_09-42-11_0000113_labelled_Wuschel_pheeseq_06_labelled_mC3.wav,-3.6574940045294393,-2.375646078662718,-1.2584494045092365,-0.9657727025197989,-0.1670579467990694
2909,before_phees_2022-03-23_09-42-11_0000113_labelled_Wuschel_pheeseq_07_labelled_mB1.wav,-4.4690688576943565,0.9743860974014744,3.5494539705579773,0.9991539092518915,-0.5279929533924786
2910,before_phees_2022-03-23_09-42-11_0000113_labelled_Wuschel_pheeseq_08_labelled_mB1.wav,-4.023441425910947,0.09244141847803874,1.559047785998283,0.8272211644699237,-0.30876431372365865
2911,before_phees_2022-03-23_09-42-11_0000113_labelled_Wuschel_pheeseq_08_labelled_mB2.wav,-3.1435012400282294,-0.6559181082656822,1.5045488748889118,-0.2478175243916632,-0.3658461479116228
2912,before_phees_2022-03-23_10-25-29_0000114_labelled_Odin_pheeseq_04_labelled_mC1.wav,1.1041650061753343,0.7420043435351914,1.1784066426993407,-0.6927859805978444,-0.07724666205130419
2913,before_phees_2022-03-23_10-25-29_0000114_labelled_Odin_pheeseq_04_labelled_mC2.wav,-0.2589398393615506,-0.1784210029042927,1.2784104471398323,-1.0548195423806863,-0.3298303907197265
2914,before_phees_2022-03-23_10-25-29_0000114_labelled_Odin_pheeseq_04_labelled_mC3.wav,-4.121444339572672,-1.992770883990977,-1.2383594538108726,-0.5406451187668201,0.5395028500922645
2915,before_phees_2022-03-23_10-25-29_0000114_labelled_Olympia_pheeseq_16_labelled_mB1.wav,-0.48093736687086297,-0.12732920285949814,1.51570070872198,-0.5398332145880224,-0.018320697802283136
2916,before_phees_2022-03-23_10-25-29_0000114_labelled_Olympia_pheeseq_16_labelled_mB2.wav,-2.9915037859977045,0.4272485469898456,-0.44130419327631065,-0.022096793760855767,-0.22602214682185937
2917,before_phees_2022-03-23_10-25-29_0000114_labelled_Olympia_pheeseq_17_labelled_mB1.wav,-1.7875318663304067,-0.22403649491257385,1.521686059133783,0.3854913187851711,-0.10274437459195954
2918,before_phees_2022-03-23_10-25-29_0000114_labelled_Olympia_pheeseq_17_labelled_mB2.wav,-2.3405271370383454,0.7694482727555101,1.2558441726288674,-0.21545270854802726,0.07695929939743967
2919,before_trills_2022-02-17_09-53-37_0000039_labelled_Nougatti_pheeseq_02_labelled_mC1.wav,1.4457260871786117,2.0358768145237818,0.13027428912003952,-0.0699836153796833,0.0012983435461427397
2920,before_trills_2022-02-17_09-53-37_0000039_labelled_Nougatti_pheeseq_02_labelled_mC2.wav,-0.0261571787873259,0.09498525978510297,-0.693781614212948,-0.24923381045652396,-0.0497095253951548
2921,before_trills_2022-02-17_09-53-37_0000039_labelled_Nougatti_pheeseq_02_labelled_mC3.wav,-2.434886840378192,-1.1081502606115738,-2.0041956103905267,0.43118661791526003,0.03326799875473706
2922,before_trills_2022-02-17_09-53-37_0000039_labelled_Nougatti_pheeseq_03_labelled_mB2.wav,-0.17227207586377338,-0.2107842902271532,-1.6208496305296216,-0.20710219953508804,0.39197164224383163
2923,before_trills_2022-02-17_09-53-37_0000039_labelled_Nougatti_pheeseq_05_labelled_mB1.wav,2.003716705822191,0.41857443494196783,0.5138625030681221,-0.24866678420235372,0.07853899726877989
2924,before_trills_2022-02-17_09-53-37_0000039_labelled_Nougatti_pheeseq_05_labelled_mB2.wav,1.5184852531043895,-0.13490762549772867,-0.8538342234656966,-0.7015330412959322,0.5222278116457137
2925,before_trills_2022-02-17_09-53-37_0000039_labelled_Nougatti_pheeseq_08_labelled_mB1.wav,1.4610184202822851,2.192191288016859,-1.50171072940797,0.6904371970333247,0.06875756800307994
2926,before_trills_2022-02-17_09-53-37_0000039_labelled_Nougatti_pheeseq_08_labelled_mB2.wav,0.846120247487997,-0.47010095815207814,-1.5812471401197326,0.01831507183427001,0.03848859193895837
2927,before_trills_2022-02-23_09-24-02_0000042_labelled_Tabor_pheeseq_14_labelled_mC1.wav,-1.0547218635649622,-0.08539859336984934,-0.5696912807332615,-0.7450949452968192,-0.15762117872031753
2928,before_trills_2022-02-23_09-24-02_0000042_labelled_Tabor_pheeseq_14_labelled_mC3.wav,-1.511961088964027,-0.9876652859850039,-0.8990674462143794,-0.4046349729443653,0.08007875156682125
2929,before_trills_2022-02-23_09-24-02_0000042_labelled_Tabor_pheeseq_14_labelled_mC4.wav,-2.177392880394719,-1.763755058253252,-1.8055599015529147,-0.3049279555702917,0.39852532015892544
2930,before_trills_2022-02-23_09-24-02_0000042_labelled_Tabor_pheeseq_15_labelled_mC1.wav,0.49538512118501277,0.26851284881192405,-0.7533093594479944,-0.38329399462807295,-0.2630931437151334
2931,before_trills_2022-02-23_09-24-02_0000042_labelled_Tabor_pheeseq_15_labelled_mC3.wav,0.19679949205849762,-0.3903591871486438,-0.3172890033278025,-0.06893549479595638,-0.4525915073621937
2932,before_trills_2022-02-23_09-24-02_0000042_labelled_Tabor_pheeseq_15_labelled_mC4.wav,-1.3607131020635836,-0.7648474329182449,-1.7269535243231198,0.35714386714718116,-0.34548296442607834
2933,before_trills_2022-02-28_10-15-58_0000046_labelled_Nougatti_pheeseq_04_labelled_mC1.wav,3.5594598549383374,2.3208854829358248,-1.7731334664726686,-0.33022433402336493,0.08818494922907819
2934,before_trills_2022-02-28_10-15-58_0000046_labelled_Nougatti_pheeseq_04_labelled_mC2.wav,3.949400766096325,-0.059525308374580324,0.5707896285405764,-0.705719995245576,0.23814881445774774
2935,before_trills_2022-02-28_10-15-58_0000046_labelled_Nougatti_pheeseq_04_labelled_mC3.wav,1.379102551141658,-1.4405274856385735,-0.21535327524966408,0.28160305424684334,-1.3102150869304707
2936,before_trills_2022-02-28_10-15-58_0000046_labelled_Nougatti_pheeseq_08_labelled_mB1.wav,2.2259094245324573,1.566581676739044,-0.4154202676606822,-1.062025798787236,0.41868887710786007
2937,before_trills_2022-02-28_10-15-58_0000046_labelled_Nougatti_pheeseq_08_labelled_mB2.wav,0.7300504801156346,-0.6468540946476314,-0.5019411181182748,-0.8830138436439722,0.08934980033789565
2938,before_trills_2022-02-28_10-15-58_0000046_labelled_Nougatti_pheeseq_14_labelled_mB1.wav,4.083151130044262,1.6460929487463822,-0.24128413233197177,-1.0906646338883728,-0.5039656388063259
2939,before_trills_2022-02-28_10-15-58_0000046_labelled_Nougatti_pheeseq_14_labelled_mB2.wav,1.2985015396634014,-1.0826322180463808,-0.13083491002739675,-0.7652862828177895,-0.37722223167377195
2940,before_trills_2022-02-28_10-15-58_0000046_labelled_Nougatti_pheeseq_21_labelled_mB2.wav,0.7239534123924023,-0.7654681504903373,-0.9600717042642445,-1.1022053018232738,0.07916922355471534
2941,before_trills_2022-02-28_10-15-58_0000046_labelled_Nougatti_pheeseq_25_labelled_mB1.wav,4.398597334144668,2.147107242314839,-1.0457952658123055,-0.9297594754192082,0.17051211166839766
2942,before_trills_2022-02-28_10-15-58_0000046_labelled_Nougatti_pheeseq_25_labelled_mB2.wav,2.857369517460196,-1.4026076071131872,0.7300429987177358,-0.9290751181962281,-0.32105396939986547
2943,before_trills_2022-02-28_10-15-58_0000046_labelled_Nougatti_pheeseq_60_labelled_mC1.wav,2.558624832691604,1.2716438135124388,-0.8916207821398308,-1.0102872164905086,0.48428597763019077
2944,before_trills_2022-02-28_10-15-58_0000046_labelled_Nougatti_pheeseq_60_labelled_mC2.wav,2.0017092773973415,-0.6588083439492224,-0.19182375608028623,-0.4855794860713266,-0.19801796470638422
2945,before_trills_2022-02-28_10-15-58_0000046_labelled_Nougatti_pheeseq_66_labelled_mB2.wav,1.0841825299937855,-0.4994147150781194,-0.4231184680009711,-0.23245476288035719,-0.9406761042048538
2946,before_trills_2022-02-28_10-15-58_0000046_labelled_Nougatti_pheeseq_74_labelled_mC2.wav,-2.147186431455506,-0.44161276910404634,-1.19054789462748,-0.38607009802915354,0.6385592018617117
2947,before_trills_2022-02-28_10-15-58_0000046_labelled_Nougatti_pheeseq_74_labelled_mC3.wav,-1.998807151586662,-2.409323835596485,-1.169856949904334,-0.08698126449987885,-0.2078476787718812
2948,before_trills_2022-02-28_10-15-58_0000046_labelled_Nougatti_pheeseq_80_labelled_mB2.wav,1.7314196673529823,-0.5627473610199161,-0.34718878072556536,-0.600150118610933,0.011797573568715667
2949,before_trills_2022-02-28_10-15-58_0000046_labelled_Nougatti_pheeseq_83_labelled_mB1.wav,4.77010480312934,1.363522659335343,0.5135948085696382,-1.3666859774221687,-0.10256512219984036
2950,before_trills_2022-02-28_10-15-58_0000046_labelled_Nougatti_pheeseq_83_labelled_mB2.wav,1.7128277902747178,-0.8870324537148502,-0.5651104487293206,-0.7162560930259712,-0.23935135634499408
2951,before_trills_2022-02-28_10-15-58_0000046_labelled_Nougatti_pheeseq_96_labelled_mC1.wav,1.6742837338161334,-0.537531691377751,-0.42504500230163883,-0.4109291702987875,-1.4093731049255898
2952,before_trills_2022-02-28_10-15-58_0000046_labelled_Nougatti_pheeseq_96_labelled_mC2.wav,1.809375210846388,-1.8502116126785881,0.9093095137182609,-0.9741940355232243,-0.3576182056536042
2953,before_trills_2022-02-28_10-15-58_0000046_labelled_Nougatti_pheeseq_96_labelled_mC3.wav,-5.155271610185454,-2.432051104109788,-1.9383289306767624,0.2930839005934104,0.31377052958438045
2954,before_trills_2022-02-28_10-15-58_0000046_labelled_Odin_pheeseq_03_labelled_mB1.wav,1.0417061462354793,0.8685436724548676,-0.9418420348625466,-0.19408512429942176,0.01775883684155833
2955,before_trills_2022-02-28_10-15-58_0000046_labelled_Odin_pheeseq_03_labelled_mB2.wav,-0.30412617909375983,-0.09764792323091827,-0.9066420642722343,-0.4658585566081209,-0.1724082929482257
2956,before_trills_2022-02-28_10-15-58_0000046_labelled_Odin_pheeseq_62_labelled_mB2.wav,0.26782058661208974,0.9237769740593175,0.44702318096428945,-0.2711114709360068,-0.34234003082350617
2957,before_trills_2022-02-28_10-15-58_0000046_labelled_Odin_pheeseq_65_labelled_mB2.wav,-0.3714589656897436,-0.023230790744580957,0.006703217793132932,-0.45562488919995575,-0.6625751212528674
2958,before_trills_2022-02-28_10-15-58_0000046_labelled_Odin_pheeseq_91_labelled_mB2.wav,2.4445812709287105,0.14212179717398704,-0.3070191225429413,-1.0185750007905352,-0.4611283845141013
2959,before_trills_2022-03-03_09-27-19_0000048_labelled_Lola_pheeseqX_03_labelled_mB2.wav,3.8754736906836955,-1.5410517045027339,0.6214616766687979,-0.6594569269441932,1.1678362449325912
2960,before_trills_2022-03-03_10-14-47_0000050_labelled_Nougatti_pheeseq_24_labelled_mB1.wav,0.6957462395559784,-0.2878933254365108,-1.6509975716887506,-0.03692391564232029,0.15241707772782184
2961,before_trills_2022-03-03_10-14-47_0000050_labelled_Nougatti_pheeseq_24_labelled_mB2.wav,0.048699169543490524,-1.2494572444260916,-0.8093339437168303,-0.5543260121465444,0.6146260563196263
2962,before_trills_2022-03-03_10-14-47_0000050_labelled_Tabor_pheeseq_02_labelled_mB1.wav,1.5122688723501632,-0.4392633453318492,0.001651340730363723,-0.8833530192343421,-0.4001749261038638
2963,before_trills_2022-03-03_10-14-47_0000050_labelled_Tabor_pheeseq_02_labelled_mB2.wav,-0.3246613286399182,-1.1938055476961564,-0.7230732009694331,-0.4041343884049554,-0.6804189422574524
2964,before_trills_2022-03-03_10-14-47_0000050_labelled_Tabor_pheeseq_04_labelled_mC1.wav,-0.355715469803408,-0.18091805657168247,-1.4811523690414605,-0.76930039207191,-0.22851985779911518
2965,before_trills_2022-03-03_10-14-47_0000050_labelled_Tabor_pheeseq_04_labelled_mC4.wav,-1.242038438924823,-0.9955900316806856,-1.74077681504979,0.21878008586148226,-0.6725770861744207
2966,before_trills_2022-03-03_10-14-47_0000050_labelled_Tabor_pheeseq_04_labelled_mC5.wav,-2.187887070890398,-1.8420200474973107,-2.0820907458593942,-0.1569258483123059,0.6338330987512074
2967,before_trills_2022-03-03_10-14-47_0000050_labelled_Tabor_pheeseq_05_labelled_mC1.wav,-0.4078076466124817,0.36748726764520656,-0.8306438284334902,-0.7530095259967079,-0.08088331592611175
2968,before_trills_2022-03-03_10-14-47_0000050_labelled_Tabor_pheeseq_05_labelled_mC3.wav,-0.5179061435198488,-0.6552757410809548,-0.7229657470353997,-0.20468751483281186,-0.1213885856416616
2969,before_trills_2022-03-03_10-14-47_0000050_labelled_Tabor_pheeseq_05_labelled_mC4.wav,-1.6181564455376378,-0.4951895705513724,-2.0563186058449836,-0.08764013853730379,-0.3867049063851665
2970,before_trills_2022-03-03_10-14-47_0000050_labelled_Tabor_pheeseq_06_labelled_mC1.wav,-0.6491310580447374,0.49418628837350026,-1.5250324885566093,-0.8881168973267319,0.18414904869968401
2971,before_trills_2022-03-03_10-14-47_0000050_labelled_Tabor_pheeseq_06_labelled_mC3.wav,-1.0553253644939524,-0.17515598594178802,-0.8112719546086106,-0.35153469109643926,0.20872071068078135
2972,before_trills_2022-03-03_10-14-47_0000050_labelled_Tabor_pheeseq_06_labelled_mC4.wav,-1.7247907396819024,-1.0153966887974517,-2.054303981169666,-0.9121104425607327,0.14916118980149082
2973,before_trills_2022-03-03_10-14-47_0000050_labelled_Tabor_pheeseq_30_labelled_mB2.wav,-0.009780547744623688,-0.6254863379395166,-1.3227513776345556,-0.3259336009738645,-0.14729365456353177
2974,before_trills_2022-03-08_09-46-20_0000014_labelled_Nougatti_pheeseq_14_labelled_mB1.wav,2.703347969985847,2.4302930849771904,-1.59419142339049,-0.53202306856144,0.22244391627893342
2975,before_trills_2022-03-08_09-46-20_0000014_labelled_Nougatti_pheeseq_14_labelled_mB2.wav,0.2590965672031399,0.6974650595369561,-0.311256647030203,-0.06289206599134232,0.07610758664954555
2976,before_trills_2022-03-08_09-46-20_0000014_labelled_Nougatti_pheeseq_22_labelled_mB2.wav,-0.011234696970419109,-0.6475069384400398,-1.378041905322316,-0.24114440696913997,-0.02796316657750351
2977,before_trills_2022-03-08_09-46-20_0000014_labelled_Nougatti_pheeseq_23_labelled_mB2.wav,1.8551061303608958,-0.809907671541305,-0.5278076862358526,-0.08822577766070537,0.38468679630823077
2978,before_trills_2022-03-08_09-46-20_0000014_labelled_Nougatti_pheeseq_29_labelled_mC1.wav,2.260013921661013,1.5870550876837206,0.8071884439135524,-0.865181961807549,-0.09486685652491887
2979,before_trills_2022-03-08_09-46-20_0000014_labelled_Nougatti_pheeseq_29_labelled_mC2.wav,3.8772564849318663,-0.015161396725062308,1.309947116407001,-0.9727811524073617,-0.42563227511784985
2980,before_trills_2022-03-08_09-46-20_0000014_labelled_Nougatti_pheeseq_29_labelled_mC3.wav,0.8351690798144342,-1.8937928400771562,0.8605315376787933,-0.07057079970572479,-0.47870056799744276
2981,before_trills_2022-03-08_09-46-20_0000014_labelled_Nougatti_pheeseq_34_labelled_mB2.wav,1.1876354681074266,0.8502051499142137,-1.314524815879449,-0.12735019201056533,0.2926190733248296
2982,before_trills_2022-03-08_09-46-20_0000014_labelled_Nougatti_pheeseq_48_labelled_mB1.wav,1.5885679768640046,1.1501523450105904,1.0735949287504407,-0.4967609272121606,0.1301269364470434
2983,before_trills_2022-03-08_09-46-20_0000014_labelled_Nougatti_pheeseq_48_labelled_mB2.wav,0.2789982630366587,0.5299516707508226,-1.8628230615346817,-0.5738227719252509,0.3206383523763016
2984,before_trills_2022-03-08_09-46-20_0000014_labelled_Tabor_pheeseq_06_labelled_mB2.wav,1.8097784996079231,1.1573740765386815,-1.223727805772851,-0.38517572794713134,-0.08732782000538568
2985,before_trills_2022-03-08_09-46-20_0000014_labelled_Tabor_pheeseq_09_labelled_mB1.wav,1.3811251036126664,-2.1268943920378236,-0.10258048027812075,-0.4882343839628236,0.8177856902340085
2986,before_trills_2022-03-08_09-46-20_0000014_labelled_Tabor_pheeseq_09_labelled_mB2.wav,0.09855676850675642,-1.972660152894672,-1.314267122365428,0.26314141191066365,-0.30072129435802614
2987,before_trills_2022-03-08_09-46-20_0000014_labelled_Tabor_pheeseq_30_labelled_mC1.wav,1.3513307051974663,-2.105446683001432,-0.2216127332424803,-0.8297387662745416,0.6156338155756019
2988,before_trills_2022-03-08_09-46-20_0000014_labelled_Tabor_pheeseq_30_labelled_mC2.wav,0.6616504398764131,-1.6839106915085185,-0.29383328544496295,-0.598596532975044,-0.2023564590866258
2989,before_trills_2022-03-08_09-46-20_0000014_labelled_Tabor_pheeseq_30_labelled_mC3.wav,-0.8795065611030669,-1.7969068902133238,-1.5154238692369868,-0.332416408115285,-0.21707348815955083
2990,before_trills_2022-03-08_09-46-20_0000014_labelled_Tabor_pheeseq_47_labelled_mC1.wav,-0.03436391623181791,-0.08217948069337497,-1.8924965396098272,0.23566513351900528,-0.6422857872783346
2991,before_trills_2022-03-08_09-46-20_0000014_labelled_Tabor_pheeseq_47_labelled_mC2.wav,-0.5757019922597788,-0.08185697753426009,-1.3623727798250056,0.31578800760845116,-0.6473194327975806
2992,before_trills_2022-03-08_09-46-20_0000014_labelled_Tabor_pheeseq_47_labelled_mC3.wav,-2.862998366141497,-1.5091218476246533,-2.5042654591839657,0.7808039280548542,0.6299943342199613
2993,before_trills_2022-03-09_13-56-45_0000018_labelled_Tabor_pheeseq_02_labelled_mC1.wav,-0.6060104199157511,-0.8129561831273995,-2.156578858789121,0.5821248828355001,-0.31710787409311203
2994,before_trills_2022-03-09_13-56-45_0000018_labelled_Tabor_pheeseq_02_labelled_mC2.wav,-0.6641120006685005,-1.161345638123744,-1.4041411821432979,-0.5025444482558432,-0.2540156440575753
2995,before_trills_2022-03-09_13-56-45_0000018_labelled_Tabor_pheeseq_02_labelled_mC4.wav,-1.4449993293960064,-1.311760793127721,-1.638988845883465,-0.14916318890095576,0.4625703286206887
2996,before_trills_2022-03-09_13-56-45_0000018_labelled_Tabor_pheeseq_05_labelled_mC1.wav,-0.17849062779018524,-0.2085094728609447,-1.611994441725056,-0.06833800761275859,0.5206914690473275
2997,before_trills_2022-03-09_13-56-45_0000018_labelled_Tabor_pheeseq_05_labelled_mC2.wav,-0.9716461313375019,-1.7364437492214684,-1.70867660810564,-0.19749189180646257,0.0060550000016997944
2998,before_trills_2022-03-09_13-56-45_0000018_labelled_Tabor_pheeseq_05_labelled_mC3.wav,-1.2678117505920687,-1.9815772399469853,-0.8840974883128463,-0.9147656515373844,0.44453123003899386
2999,before_trills_2022-03-09_13-56-45_0000018_labelled_Tabor_pheeseq_18_labelled_mB1.wav,-0.6889340844241959,-2.0425112516488397,-1.3197815707763105,0.5886344946210518,0.30750111508626443
3000,before_trills_2022-03-09_13-56-45_0000018_labelled_Tabor_pheeseq_18_labelled_mB2.wav,-1.243664921022189,-1.831809246418759,-1.4342966797872145,0.27240180924287427,0.32069483498905366
3001,before_trills_2022-03-09_14-59-43_0000020_labelled_Nougatti_pheeseq_09_labelled_mC1.wav,4.986206314278119,1.1339615756124257,0.7922978963690799,-1.0214716460434607,-0.032397335624250144
3002,before_trills_2022-03-09_14-59-43_0000020_labelled_Nougatti_pheeseq_09_labelled_mC2.wav,5.572609084233094,-0.6390169404397352,0.7462340303504442,-1.3255893157726524,0.011349452638730186
3003,before_trills_2022-03-09_14-59-43_0000020_labelled_Nougatti_pheeseq_09_labelled_mC3.wav,1.8082599472060117,-0.5815466484326781,0.19865295421203455,-0.5187673804433922,-0.284841252881181
3004,before_trills_2022-03-09_14-59-43_0000020_labelled_Nougatti_pheeseq_17_labelled_mB1.wav,4.998322495882323,0.8182594999200988,2.0246727109156595,-1.57252351989913,0.08669106263761317
3005,before_trills_2022-03-09_14-59-43_0000020_labelled_Nougatti_pheeseq_21_labelled_mC1.wav,4.993049583825773,0.9686670838377319,1.5058270521507087,-1.6972369150693096,0.37921719969209494
3006,before_trills_2022-03-09_14-59-43_0000020_labelled_Nougatti_pheeseq_21_labelled_mC2.wav,4.961566809557327,-0.03892907561254831,0.6589145078101698,-1.064363812958924,-0.6345489181881138
3007,before_trills_2022-03-09_14-59-43_0000020_labelled_Nougatti_pheeseq_21_labelled_mC3.wav,-0.5893860867808478,-1.3337163523385465,-0.5394579278219309,0.2206863243154218,-0.22444058280913026
3008,before_trills_2022-03-09_14-59-43_0000020_labelled_Nougatti_pheeseq_22_labelled_mC1.wav,3.3409803973871393,1.4392578553531221,-0.5423855681632123,-1.0137607956259365,-0.026793113518335476
3009,before_trills_2022-03-09_14-59-43_0000020_labelled_Nougatti_pheeseq_22_labelled_mC2.wav,5.42798184394642,-0.6969179932645874,0.9363284730378001,-1.2159183103783808,0.08864895875679256
3010,before_trills_2022-03-09_14-59-43_0000020_labelled_Nougatti_pheeseq_22_labelled_mC3.wav,2.2687773783310616,-1.7054187365921534,0.7886326943586675,-0.9237446507528881,-0.12296181190886726
3011,before_trills_2022-03-09_14-59-43_0000020_labelled_Nougatti_pheeseq_30_labelled_mC1.wav,4.766885762417214,2.2386611926713944,-1.0772691339448641,-0.20507069756447419,-0.7760769154139338
3012,before_trills_2022-03-09_14-59-43_0000020_labelled_Nougatti_pheeseq_30_labelled_mC2.wav,4.208588108547958,-0.3028028318055477,0.14953700098216705,-0.8876510117329075,0.0786198464397984
3013,before_trills_2022-03-09_14-59-43_0000020_labelled_Nougatti_pheeseq_30_labelled_mC3.wav,-1.5969030455018685,-2.869492420285456,-0.5412193056973523,-0.32404751147909056,0.5848717968359647
3014,before_trills_2022-03-09_14-59-43_0000020_labelled_Nougatti_pheeseq_31_labelled_mD2.wav,5.357895116600648,0.10117871156165592,0.3103832712737823,-1.428462454180845,0.7576428664765513
3015,before_trills_2022-03-09_14-59-43_0000020_labelled_Nougatti_pheeseq_31_labelled_mD3.wav,3.2948801214140264,-0.5349602958265548,-0.6100973969388476,-0.36433205049466705,-0.41156106182409335
3016,before_trills_2022-03-09_14-59-43_0000020_labelled_Nougatti_pheeseq_31_labelled_mD4.wav,-5.141968799128268,-2.4593886414367665,-1.9890261387392034,0.1519052477697224,0.22571214296096082
3017,before_trills_2022-03-09_14-59-43_0000020_labelled_Nougatti_pheeseq_41_labelled_mB1.wav,4.7506246089750475,2.0392480173630054,-0.5371021768463269,-0.7418748564767792,-0.1143048192452818
3018,before_trills_2022-03-09_14-59-43_0000020_labelled_Nougatti_pheeseq_41_labelled_mB2.wav,2.8398792635141823,0.04750653417810976,-0.7307495274541937,-0.7007709724043983,-0.14122804378658338
3019,before_trills_2022-03-09_14-59-43_0000020_labelled_Odin_pheeseq_15_labelled_mB2.wav,0.8331695204303624,0.24410055634099387,0.024055639070462695,0.09651052733396215,-0.3814622802270831
3020,before_trills_2022-03-09_14-59-43_0000020_labelled_Odin_pheeseq_18_labelled_mB2.wav,-1.1155978924680652,0.6420784139892005,-1.603325191002325,0.15253277640315685,0.01622817471858245
3021,before_trills_2022-03-09_14-59-43_0000020_labelled_Odin_pheeseq_24_labelled_mB1.wav,0.34428573628026227,1.2186366146335472,-2.453541459523368,0.20254196463189195,0.24869499514618693
3022,before_trills_2022-03-09_14-59-43_0000020_labelled_Odin_pheeseq_24_labelled_mB2.wav,-0.16504787414909014,-0.11066167602749855,-1.169716519922252,0.18922399382494173,0.6064528139941158
3023,before_trills_2022-03-09_14-59-43_0000020_labelled_Odin_pheeseq_37_labelled_mB2.wav,2.2561692925089813,-0.05355148059607261,0.05262593462131193,-0.32003916256500764,-0.03882833731591896
3024,before_trills_2022-03-09_14-59-43_0000020_labelled_Odin_pheeseq_38_labelled_mB1.wav,2.6005966040907635,1.556692482529752,0.5357151436789657,-0.6472845033969106,0.06883980131660616
3025,before_trills_2022-03-09_14-59-43_0000020_labelled_Odin_pheeseq_45_labelled_mB1.wav,1.849538783400587,1.0592765667628143,-1.334795988927051,-0.14270521564378102,0.09746559468500747
3026,before_trills_2022-03-09_14-59-43_0000020_labelled_Odin_pheeseq_45_labelled_mB2.wav,-1.259313428361787,-1.3874331265005502,-1.1052279849308133,-0.2538103613889753,-0.06629915159645906
3027,before_trills_2022-03-09_14-59-43_0000020_labelled_Odin_pheeseq_74_labelled_mB2.wav,1.9663616177814915,0.13127853322716843,0.2809305272943916,-0.7331581050398831,-0.37690600054200785
3028,before_trills_2022-03-10_09-28-14_0000022_labelled_Lola_pheeseq_14_labelled_mB2.wav,3.6888144454042378,0.5461826845260764,-0.922720921073275,-0.7259996063694449,-0.11075566903357127
3029,before_trills_2022-03-10_09-28-14_0000022_labelled_Tabor_pheeseq_02_labelled_mB1.wav,-2.804398166610262,0.2117774581589993,-0.36653289610129003,-0.2017805880190766,-0.6195072252862082
3030,before_trills_2022-03-10_09-28-14_0000022_labelled_Tabor_pheeseq_02_labelled_mB4.wav,-3.27890108764599,-0.880062044968839,-2.485174805181008,-0.4273972903447913,-0.035320577346999386
3031,before_trills_2022-03-10_09-28-14_0000022_labelled_Tabor_pheeseq_04_labelled_mB1.wav,-0.914322431644581,-0.6207770374365724,-0.7498727849051724,-0.5702033287837689,-0.38163040196758574
3032,before_trills_2022-03-10_09-28-14_0000022_labelled_Tabor_pheeseq_04_labelled_mB2.wav,-1.5548111529127766,-0.5240823653155584,-1.8637170603585356,-0.05795292093183006,-0.47485869937461095
3033,before_trills_2022-03-10_09-28-14_0000022_labelled_Tabor_pheeseq_05_labelled_mC1.wav,-0.3923440309987871,0.8036051279843266,-2.5458335427681202,-0.1782180535938204,0.014634278454081372
3034,before_trills_2022-03-10_09-28-14_0000022_labelled_Tabor_pheeseq_05_labelled_mC2.wav,-0.23522759056929732,-1.5668639515819458,-0.2930269623017251,-0.9185021357150979,-0.07382986923322558
3035,before_trills_2022-03-10_09-28-14_0000022_labelled_Tabor_pheeseq_05_labelled_mC3.wav,-1.6090346837886786,-1.056465340457975,-1.6678632708197305,-0.9283157275565845,-0.05417154124698601
3036,before_trills_2022-03-10_09-28-14_0000022_labelled_Tabor_pheeseq_06_labelled_mB1.wav,-1.3823662997960826,1.547060050737297,-0.485140584375749,-0.6654918867681534,0.6917538637826423
3037,before_trills_2022-03-10_09-28-14_0000022_labelled_Tabor_pheeseq_06_labelled_mB4.wav,-1.7891445913809483,-0.061301615539098506,-2.3539613772667343,-0.06059267285688253,0.05462703052691258
3038,before_trills_2022-03-10_09-28-14_0000022_labelled_Tabor_pheeseq_13_labelled_mB1.wav,-0.19718476785441885,-2.0699393298367426,-0.7840840511537714,-0.7976977771952045,0.03949602529138791
3039,before_trills_2022-03-10_09-28-14_0000022_labelled_Tabor_pheeseq_13_labelled_mB2.wav,-1.0998377035101317,-2.2274967326469,-0.9752061328834332,-1.058399602483005,0.23576381944415528
3040,before_trills_2022-03-10_09-28-14_0000022_labelled_Tabor_pheeseq_23_labelled_mB1.wav,-0.7725989987331906,-0.8638249671434626,-1.0206889906539778,1.099529826773646,-0.5094348179510235
3041,before_trills_2022-03-10_09-28-14_0000022_labelled_Tabor_pheeseq_23_labelled_mB2.wav,-2.5106208111658646,-0.3181097803813398,-1.628213629084821,0.7122670763329285,0.5307190524002003
3042,before_trills_2022-03-10_10-18-58_0000024_labelled_Odin_pheeseq_02_labelled_mB2.wav,-1.5166674005039695,0.21275978606134024,0.20509850274062427,-0.05815945014317888,0.31571152205817954
3043,before_trills_2022-03-10_10-18-58_0000024_labelled_Odin_pheeseq_15_labelled_mB1.wav,-0.5852995247455391,1.2598298853703933,-1.8703652876023136,-0.062353015953936095,0.02834461393566755
3044,before_trills_2022-03-10_10-18-58_0000024_labelled_Odin_pheeseq_15_labelled_mB2.wav,-3.0467882449895662,-1.6889670149955742,-0.751546579839121,-0.1447094558365991,0.3659826678832301
3045,before_trills_2022-03-10_10-59-36_0000025_labelled_Nougatti_pheeseq_02_labelled_mC2.wav,1.0041654152489132,-0.2432814012807211,-0.8744183385398246,-0.040024165936036034,-0.37809796493663816
3046,before_trills_2022-03-10_10-59-36_0000025_labelled_Nougatti_pheeseq_02_labelled_mC3.wav,-1.5482366239841188,-0.6046945198456886,-2.070796946228789,0.11110025231425415,-0.26806439995422593
3047,before_trills_2022-03-10_10-59-36_0000025_labelled_Nougatti_pheeseq_03_labelled_mC1.wav,2.831127449671188,0.814378604949662,0.8873147030638115,-0.1859822288678763,-0.12242538511745597
3048,before_trills_2022-03-10_10-59-36_0000025_labelled_Nougatti_pheeseq_03_labelled_mC2.wav,2.000228385954313,-0.8164228151040586,0.5812543279867588,-0.9786632501967286,0.4757620043184699
3049,before_trills_2022-03-10_10-59-36_0000025_labelled_Nougatti_pheeseq_03_labelled_mC3.wav,-1.6294485988787226,-0.328745469386147,-2.39428669215129,0.680627069982833,0.5584703053162728
3050,before_trills_2022-03-10_10-59-36_0000025_labelled_Nougatti_pheeseq_04_labelled_mC1.wav,3.0089184734508243,0.31290242542097174,0.020989944337737657,-0.20793815419155331,0.05113134111163218
3051,before_trills_2022-03-10_10-59-36_0000025_labelled_Nougatti_pheeseq_04_labelled_mC2.wav,3.03770587314684,0.2777001803832849,-0.028834081019633237,-0.4780498871878059,-0.21705281769284251
3052,before_trills_2022-03-10_10-59-36_0000025_labelled_Nougatti_pheeseq_04_labelled_mC3.wav,1.574939980126923,-0.5657308147098181,-0.08202505627477386,-0.6228653452389857,-0.17418667734287793
3053,before_trills_2022-03-10_10-59-36_0000025_labelled_Nougatti_pheeseq_05_labelled_mB1.wav,1.864397386840047,1.6075619604859204,-2.6877459134493833,0.44002549065641017,0.04655110935352753
3054,before_trills_2022-03-10_10-59-36_0000025_labelled_Nougatti_pheeseq_06_labelled_mC1.wav,3.9613464228447834,2.0010383538439878,-1.756888090679863,-0.00957523043766718,-0.0733039896067203
3055,before_trills_2022-03-10_10-59-36_0000025_labelled_Nougatti_pheeseq_06_labelled_mC2.wav,3.180804350096165,-0.8360908261820568,1.4665100460473495,-1.3247186404043858,0.6930749867654284
3056,before_trills_2022-03-10_10-59-36_0000025_labelled_Nougatti_pheeseq_06_labelled_mC3.wav,-1.4179654943822786,-0.20612544784717843,-1.865741758493013,-0.7285099084301754,0.522232446395392
3057,before_trills_2022-03-10_10-59-36_0000025_labelled_Nougatti_pheeseq_08_labelled_mC1.wav,2.471818471107279,2.355610186305547,-2.1595948589397076,0.24649581165763126,-0.20640540655504513
3058,before_trills_2022-03-10_10-59-36_0000025_labelled_Nougatti_pheeseq_08_labelled_mC2.wav,1.9899027452334632,0.708946658992113,-0.9097515902491008,-0.1447816614881632,-0.40280246572507444
3059,before_trills_2022-03-10_10-59-36_0000025_labelled_Nougatti_pheeseq_08_labelled_mC3.wav,-1.6681498085185285,-0.2578989538744599,-1.4482253958163518,0.09841655024597197,-0.3718578618806269
3060,before_trills_2022-03-10_10-59-36_0000025_labelled_Nougatti_pheeseq_09_labelled_mB1.wav,2.4765061837879605,-0.4519114433486995,1.0572520885628773,-0.5644461847663161,0.5778613439663408
3061,before_trills_2022-03-10_10-59-36_0000025_labelled_Nougatti_pheeseq_09_labelled_mB2.wav,2.200864094330673,0.16143498913565657,-0.4935829966167816,-0.5945138921213724,0.2065643918683483
3062,before_trills_2022-03-10_10-59-36_0000025_labelled_Nougatti_pheeseq_22_labelled_mB1.wav,2.415689498836321,1.787306257349626,0.18443875123713405,-1.0117718529241992,0.23067152979345149
3063,before_trills_2022-03-10_10-59-36_0000025_labelled_Nougatti_pheeseq_22_labelled_mB2.wav,2.1447876180051977,0.34807343670058066,-0.20084930670054604,-1.116012448769078,-0.22075115735603962
3064,before_trills_2022-03-10_10-59-36_0000025_labelled_Wuschel_pheeseq_07_labelled_mB1.wav,-2.1260148565001344,-1.1553642498693486,0.6306561986636591,-0.5514152612486312,-0.895043982765398
3065,before_trills_2022-03-10_10-59-36_0000025_labelled_Wuschel_pheeseq_07_labelled_mB2.wav,-2.4540252600892627,-0.8353859951400895,-1.1790477134593311,0.40029199552355493,-0.22503300798323958
3066,before_trills_2022-03-11_09-34-35_0000027_labelled_Odin_pheeseq_19_labelled_mB1.wav,0.3173971473819054,0.7270950009187546,-0.9553430510010518,-0.24202289935346133,0.3246920413634326
3067,before_trills_2022-03-11_09-34-35_0000027_labelled_Odin_pheeseq_19_labelled_mB2.wav,-0.10998497652382054,-0.14093056787398073,-0.15304720068375496,-0.3149833299800808,-0.44207798289867856
3068,before_trills_2022-03-11_09-34-35_0000027_labelled_Odin_pheeseq_28_labelled_mB2.wav,-0.9510461240428296,-0.19965582887941005,0.5711532805585853,-0.21654615033955577,-0.4400019110799874
3069,before_trills_2022-03-11_09-34-35_0000027_labelled_Odin_pheeseq_31_labelled_mB2.wav,0.16842810478684112,-0.37733208966144666,-0.467512843969984,-0.4264019122948752,-0.6804158712812907
3070,before_trills_2022-03-11_09-34-35_0000027_labelled_Odin_pheeseq_80_labelled_mB1.wav,0.2002769766985045,1.3797394509847567,-1.5287853921527412,0.5986568212998141,0.11649457440190841
3071,before_trills_2022-03-11_09-34-35_0000027_labelled_Odin_pheeseq_80_labelled_mB2.wav,-2.020440221551289,-0.26888540184785337,-0.8006090157435056,-0.4854920804016163,0.35294408942225847
3072,before_trills_2022-03-11_09-34-35_0000027_labelled_Odin_pheeseq_84_labelled_mB1.wav,-0.2100624236216552,-0.28986479993795605,-1.1694015452792437,-0.6757050800709572,-0.3475066483850327
3073,before_trills_2022-03-11_09-34-35_0000027_labelled_Odin_pheeseq_87_labelled_mB1.wav,0.43516770293027013,0.7295197972817236,-0.7122056470895587,0.6334880822414519,-0.8171721734419659
3074,before_trills_2022-03-11_09-34-35_0000027_labelled_Odin_pheeseq_87_labelled_mB2.wav,-1.0959011398554637,0.22004270531445522,-1.9765867940139554,0.09931005881530926,-0.20239823962773093
3075,before_trills_2022-03-11_14-57-49_0000041_labelled_Wuschel_pheeseq_02_labelled_mB1.wav,-1.1394798786535862,-0.033592829442211064,-0.6483419877266123,-0.011889054965804205,0.5191586946733101
3076,before_trills_2022-03-11_14-57-49_0000041_labelled_Wuschel_pheeseq_02_labelled_mB2.wav,-1.2676194241460672,-0.5354853596688837,-1.2284317758437517,-0.22911490528349787,0.37795606680757776
3077,before_trills_2022-03-11_14-57-49_0000041_labelled_Wuschel_pheeseq_04_labelled_mC1.wav,-1.0566340086951584,-0.26976006023089083,-0.16559923027141088,-0.4224007596367328,-0.26192738938638616
3078,before_trills_2022-03-11_14-57-49_0000041_labelled_Wuschel_pheeseq_04_labelled_mC2.wav,-1.755569279674298,-0.7370060917031033,-0.21050339234048798,-0.4651620234492614,-0.29183928623920874
3079,before_trills_2022-03-11_14-57-49_0000041_labelled_Wuschel_pheeseq_04_labelled_mC3.wav,-4.0657235786854855,-2.014352455548365,-1.0862630619980476,-0.6557661059701861,0.33701953443168875
3080,before_trills_2022-03-11_14-57-49_0000041_labelled_Wuschel_pheeseq_05_labelled_mC1.wav,-1.2622933857839167,0.21070213348065503,2.7922121811866156,-0.7765884158508657,-0.34532558875855957
3081,before_trills_2022-03-11_14-57-49_0000041_labelled_Wuschel_pheeseq_05_labelled_mC2.wav,-1.6081948471937122,-1.152776692131252,0.002595790248753478,-0.650443311394003,-0.8515982474857727
3082,before_trills_2022-03-11_14-57-49_0000041_labelled_Wuschel_pheeseq_05_labelled_mC3.wav,-3.6042016371687104,-2.6517104181726445,-0.8676542170021369,-0.439100694403131,-0.11515655452939187
3083,before_trills_2022-03-11_14-57-49_0000041_labelled_Wuschel_pheeseq_06_labelled_mC1.wav,-1.7053529901148912,-0.5308886639628996,3.272845546538911,-0.6465118378300476,-0.6842674738098914
3084,before_trills_2022-03-11_14-57-49_0000041_labelled_Wuschel_pheeseq_06_labelled_mC2.wav,-1.9178926588217933,-0.7590229674121209,-0.0619012767321927,-0.7070373266480506,-0.5353223670726361
3085,before_trills_2022-03-11_14-57-49_0000041_labelled_Wuschel_pheeseq_06_labelled_mC3.wav,-3.6363679762662415,-2.3206915361698495,-0.9449535618994498,-0.7949786625869496,-0.13074416695244287
3086,before_trills_2022-03-11_14-57-49_0000041_labelled_Wuschel_pheeseq_09_labelled_mC1.wav,-0.3170653762102806,-0.18313555163965256,0.018629775350682005,-1.0666373360166448,0.3144778393123658
3087,before_trills_2022-03-11_14-57-49_0000041_labelled_Wuschel_pheeseq_09_labelled_mC2.wav,-1.0502323841883974,-0.4678555454313422,-0.8548889027426432,-0.6260057856289218,-0.27529925241650477
3088,before_trills_2022-03-11_14-57-49_0000041_labelled_Wuschel_pheeseq_09_labelled_mC3.wav,-3.1274529274217713,-1.0417492612456036,-1.3150408315861484,-0.15440480975654097,-0.508421860188141
3089,before_trills_2022-03-11_14-57-49_0000041_labelled_Wuschel_pheeseq_11_labelled_mB1.wav,-1.7905315575828307,0.005176431621824349,-1.143913579693337,-0.05167940731466702,-0.4923488143435355
3090,before_trills_2022-03-11_14-57-49_0000041_labelled_Wuschel_pheeseq_11_labelled_mB2.wav,-1.3943963282537781,-1.4658166514776998,-0.9555048728867398,-0.054517215522307004,-0.0119659588485249
3091,before_trills_2022-03-14_09-26-37_0000046_labelled_Wuschel_pheeseq_02_labelled_mC1.wav,-0.9739010452253735,-0.45187863245993765,1.8549246104426542,-0.9053081831047346,-0.3534912425891592
3092,before_trills_2022-03-14_09-26-37_0000046_labelled_Wuschel_pheeseq_02_labelled_mC2.wav,-1.7750766207151822,-0.7742499474957906,-0.46609385091875793,-0.7592125078133721,-0.40350899910132443
3093,before_trills_2022-03-14_09-26-37_0000046_labelled_Wuschel_pheeseq_02_labelled_mC3.wav,-3.590317365059822,-1.8339877964586928,-2.2999903529680656,0.10125951417626612,0.0741354180153015
3094,before_trills_2022-03-14_09-26-37_0000046_labelled_Wuschel_pheeseq_04_labelled_mC1.wav,-1.11619176155652,-0.2295843066833747,-1.3633331166504759,-0.9034682129264823,-0.00891503976434432
3095,before_trills_2022-03-14_09-26-37_0000046_labelled_Wuschel_pheeseq_04_labelled_mC2.wav,-0.8716053650799863,-0.7317242974930497,-0.9575869219773729,-0.7788575070971769,-0.48872304688222834
3096,before_trills_2022-03-14_09-26-37_0000046_labelled_Wuschel_pheeseq_04_labelled_mC3.wav,-2.484126447002572,-1.1397301017028314,-1.2045659564312468,-0.9649461438749716,-0.05820851739180038
3097,before_trills_2022-03-14_09-26-37_0000046_labelled_Wuschel_pheeseq_05_labelled_mC1.wav,-1.6298374037638725,-0.829603027900696,-0.9058440570617813,-0.3031176472559956,0.17640620266707635
3098,before_trills_2022-03-14_09-26-37_0000046_labelled_Wuschel_pheeseq_05_labelled_mC2.wav,-1.7386520824181446,-0.8307504400491331,-0.41850180758028105,-0.383657508811078,-0.12358703324038509
3099,before_trills_2022-03-14_09-26-37_0000046_labelled_Wuschel_pheeseq_05_labelled_mC3.wav,-3.1184526675466673,-1.4555987639912926,-1.603900488347837,0.22580591160866798,-0.26676750660749443
3100,before_trills_2022-03-14_09-26-37_0000046_labelled_Wuschel_pheeseq_06_labelled_mC1.wav,-0.8702179947815357,-0.27080778802507,0.6467362643999731,-0.38319977849881665,-0.7634693868484382
3101,before_trills_2022-03-14_09-26-37_0000046_labelled_Wuschel_pheeseq_06_labelled_mC2.wav,-1.620116781014651,-1.072081042329714,0.23684809267024517,-0.5092403484093592,-0.8266067897129272
3102,before_trills_2022-03-14_09-26-37_0000046_labelled_Wuschel_pheeseq_06_labelled_mC3.wav,-3.0938124110387712,-1.73525281338381,-1.2318941420173675,-0.7768629713740511,0.03886426600808501
3103,before_trills_2022-03-14_10-35-13_0000049_labelled_Nougatti_pheeseq_06_labelled_mC1.wav,4.36602687306528,1.0787820708377829,-0.713038369211691,-0.33209833599520217,0.10548979608847445
3104,before_trills_2022-03-14_10-35-13_0000049_labelled_Nougatti_pheeseq_06_labelled_mC2.wav,4.340071299314009,-0.7941618069848848,1.0849473378086925,-0.580959096477346,-0.5816097951968154
3105,before_trills_2022-03-14_10-35-13_0000049_labelled_Nougatti_pheeseq_06_labelled_mC3.wav,3.3351141939409015,-1.1889435683685254,0.6396264684903027,-0.8919469881338554,-0.3488449498807581
3106,before_trills_2022-03-14_10-35-13_0000049_labelled_Nougatti_pheeseq_108_labelled_mB1.wav,3.197027822366609,2.0680470627270555,-1.3186664020101793,-0.3762997720663034,-0.16606178655509857
3107,before_trills_2022-03-14_10-35-13_0000049_labelled_Nougatti_pheeseq_108_labelled_mB2.wav,4.099958859328661,-0.30523871085188287,0.6205599998910339,-0.9364584798315574,-0.2514375809933215
3108,before_trills_2022-03-14_10-35-13_0000049_labelled_Nougatti_pheeseq_22_labelled_mB2.wav,-0.505320508060152,1.1065285674463965,-2.0159065844137483,-0.03545180324246648,0.044862539752968535
3109,before_trills_2022-03-14_10-35-13_0000049_labelled_Nougatti_pheeseq_24_labelled_mB1.wav,1.5842658675518684,1.5185120462059216,-1.0534963717142847,-0.4679087247965087,-0.06657847522492541
3110,before_trills_2022-03-14_10-35-13_0000049_labelled_Nougatti_pheeseq_24_labelled_mB2.wav,-0.5586114355793537,-0.0877441312587546,-2.2620374699149464,-0.6278115819983173,0.5978854907885861
3111,before_trills_2022-03-14_10-35-13_0000049_labelled_Nougatti_pheeseq_30_labelled_mC1.wav,4.903746665855178,1.3076298961247035,2.2707835245157786,-1.587720276584759,0.29851977624190923
3112,before_trills_2022-03-14_10-35-13_0000049_labelled_Nougatti_pheeseq_30_labelled_mC2.wav,3.9501854272045263,-0.741260517331437,1.5288970792108663,-1.3280936000255004,0.3320501467095394
3113,before_trills_2022-03-14_10-35-13_0000049_labelled_Nougatti_pheeseq_30_labelled_mC3.wav,-2.0679687932676063,-2.1189469442598647,-0.5115706183904438,-0.10192184120621545,-0.3744003084739475
3114,before_trills_2022-03-14_10-35-13_0000049_labelled_Nougatti_pheeseq_36_labelled_mC1.wav,4.6914645112272595,0.9124679480885924,0.6919302362719174,-0.9864352666407896,0.08277498778701828
3115,before_trills_2022-03-14_10-35-13_0000049_labelled_Nougatti_pheeseq_36_labelled_mC2.wav,4.602483509865323,-0.16130671242914604,0.44726301166850396,-0.6518702518656097,-0.08873180459463093
3116,before_trills_2022-03-14_10-35-13_0000049_labelled_Nougatti_pheeseq_36_labelled_mC3.wav,0.1812568543924104,-1.894872076248635,0.5746343980450794,-0.4236108945953649,-0.5083216459216707
3117,before_trills_2022-03-14_10-35-13_0000049_labelled_Nougatti_pheeseq_83_labelled_mB1.wav,2.6034277979017126,1.2099726323656361,-1.1972208476355843,-0.42748966250996046,-0.47631858781395947
3118,before_trills_2022-03-14_10-35-13_0000049_labelled_Nougatti_pheeseq_83_labelled_mB2.wav,1.4705584199460955,-0.2962650859033655,-0.7110656035390563,-1.0756468786138116,-0.050688183106744555
3119,before_trills_2022-03-14_10-35-13_0000049_labelled_Nougatti_pheeseq_87_labelled_mB1.wav,2.2509769529751353,1.2152906624981,-0.9637050988394942,0.11887544608548564,-0.1230940683060964
3120,before_trills_2022-03-14_10-35-13_0000049_labelled_Nougatti_pheeseq_87_labelled_mB2.wav,1.5785311847854506,-1.1180838030491542,0.34625749463767486,-1.2472302090578151,0.3125007607218364
3121,before_trills_2022-03-14_10-35-13_0000049_labelled_Nougatti_pheeseq_89_labelled_mB1.wav,2.485144463140766,2.0486809280994556,-2.166805993459232,0.19790010950449216,-0.5036565638640277
3122,before_trills_2022-03-14_10-35-13_0000049_labelled_Nougatti_pheeseq_89_labelled_mB2.wav,-0.15410617849228528,-0.3616660916415117,-1.118937874861259,-0.5182683897208193,-0.2427958199964126
3123,before_trills_2022-03-14_10-35-13_0000049_labelled_Odin_pheeseq_05_labelled_mC2.wav,0.5818935993341675,-0.8160900040277035,0.08816736652977489,-0.3269420596670438,0.2481831832541281
3124,before_trills_2022-03-14_10-35-13_0000049_labelled_Odin_pheeseq_05_labelled_mC3.wav,-1.8406386684040255,0.01259114468586508,-2.3247734630999672,-0.04843947526788568,0.1316923756214745
3125,before_trills_2022-03-14_10-35-13_0000049_labelled_Odin_pheeseq_118_labelled_mB2.wav,0.9534415188038113,-0.7534095875532618,0.3819249452436338,-0.8983117710676488,-0.5374333669141795
3126,before_trills_2022-03-14_10-35-13_0000049_labelled_Odin_pheeseq_17_labelled_mC2.wav,2.3287261820709246,0.7349663283903587,0.2688375139185161,-0.6476939097604436,0.04581152391666125
3127,before_trills_2022-03-14_10-35-13_0000049_labelled_Odin_pheeseq_17_labelled_mC3.wav,-3.85838668827652,-0.6870370983864152,-2.6988609856296613,-0.44637251450199206,0.36565691645205584
3128,before_trills_2022-03-14_10-35-13_0000049_labelled_Odin_pheeseq_28_labelled_mB2.wav,0.5532725282900428,0.19025811627340877,0.29325646026299734,0.07310479600126829,-0.5258072177807027
3129,before_trills_2022-03-14_10-35-13_0000049_labelled_Odin_pheeseq_31_labelled_mB1.wav,0.5129318061850124,0.11398496150784769,-0.21675728558449325,-0.3063642711042086,-0.6590268249755312
3130,before_trills_2022-03-14_10-35-13_0000049_labelled_Odin_pheeseq_31_labelled_mB2.wav,-3.070664763975284,-1.7626535164904575,-1.1539191091966414,-0.43167760506167563,0.2886293537207601
3131,before_trills_2022-03-14_10-35-13_0000049_labelled_Odin_pheeseq_98_labelled_mB1.wav,1.2693135886868374,-0.6604237461408151,-2.239082331337878,0.3898013128626292,0.256886271489614
3132,before_trills_2022-03-14_10-35-13_0000049_labelled_Odin_pheeseq_98_labelled_mB2.wav,0.7031468477914193,0.5494863538467955,-1.8396792024568542,0.4462656792607406,-0.4743187930812763
3133,before_trills_2022-03-14_10-35-13_0000049_labelled_Odin_pheeseqX_41_labelled_mE1.wav,3.6970029489485503,2.9199552441941474,-1.8273332505174849,-0.1303347109775517,0.5602397832822356
3134,before_trills_2022-03-14_10-35-13_0000049_labelled_Odin_pheeseqX_41_labelled_mE2.wav,1.424758603380232,-0.22750833291834532,-0.5930236578009647,-0.5505629804115223,0.3721664655266163
3135,before_trills_2022-03-14_10-35-13_0000049_labelled_Odin_pheeseqX_41_labelled_mE3.wav,-1.030933111230151,-0.42784883871187007,-1.8642599076629143,0.19556361570395941,-0.5616426974693869
3136,before_trills_2022-03-14_10-35-13_0000049_labelled_Odin_pheeseqX_41_labelled_mE6.wav,0.13053678050749692,0.31753968760495144,-0.4320709279722716,0.05225598223335851,0.038019614297737224
3137,before_trills_2022-03-14_13-55-15_0000054_labelled_Wuschel_pheeseq_05_labelled_mB1.wav,-3.9031339357775616,-1.2224252433788179,1.7256584596265232,0.37343249828879366,0.12892349583242538
3138,before_trills_2022-03-14_13-55-15_0000054_labelled_Wuschel_pheeseq_05_labelled_mB2.wav,-3.475204965302643,-1.884889476829738,-0.4276877847668201,-0.32920990966958313,0.09272536254862213
3139,before_trills_2022-03-14_13-55-15_0000054_labelled_Wuschel_pheeseq_12_labelled_mB1.wav,-2.8855628631145027,0.6520572493502883,-0.03168155151791761,0.8218767355090502,0.4551587146006982
3140,before_trills_2022-03-14_13-55-15_0000054_labelled_Wuschel_pheeseq_12_labelled_mB2.wav,-2.1333343740399013,-1.0058589289496005,0.2157030966510432,-0.06846756350106561,-0.11735803459622257
3141,before_trills_2022-03-14_13-55-15_0000054_labelled_Wuschel_pheeseq_13_labelled_mB2.wav,-2.8686509617491383,-0.08425807990641722,0.7371831065133836,-0.1838702211155767,0.2514935498150602
3142,before_trills_2022-03-14_13-55-15_0000054_labelled_Wuschel_pheeseq_15_labelled_mB1.wav,-1.2336328582955634,-0.5266980790675834,-1.0838830000983068,-0.4919857573556549,0.12402507396479827
3143,before_trills_2022-03-14_13-55-15_0000054_labelled_Wuschel_pheeseq_15_labelled_mB2.wav,-2.6292797994274113,-2.4132668578787384,-0.28444561757385695,0.12486888463595548,-0.14388863116820289
3144,before_trills_2022-03-14_13-55-15_0000054_labelled_Wuschel_pheeseq_52_labelled_mB1.wav,-3.229765476320638,-1.1305105669513194,0.308052340815483,0.007821434094041641,0.24942387205937339
3145,before_trills_2022-03-14_13-55-15_0000054_labelled_Wuschel_pheeseq_52_labelled_mB2.wav,-3.0186066079584104,-0.9325475822298437,1.1489170158367374,-0.18212639155897875,-0.30650659725277873
3146,before_trills_2022-03-14_13-55-15_0000054_labelled_Wuschel_pheeseq_55_labelled_mB1.wav,-1.030126537078965,-2.5892073043741135,0.13069575955379578,-0.7266011545899472,-0.3782486675707381
3147,before_trills_2022-03-14_13-55-15_0000054_labelled_Wuschel_pheeseq_55_labelled_mB2.wav,-3.5060466778891883,0.1846009302958519,0.26835963120876166,0.7124277756806628,0.21795065787662668
3148,before_trills_2022-03-14_13-55-15_0000054_labelled_Wuschel_pheeseq_57_labelled_mB2.wav,-3.8738551997433897,0.8304211766687662,-0.27243801315467664,0.38212686595781475,0.5861711832467871
3149,before_trills_2022-03-15_09-35-25_0000056_labelled_Wuschel_pheeseq_02_labelled_mC1.wav,-0.19905203774913258,-0.15499045807303122,-0.5368015720040363,0.00903119392788501,0.028964100311502285
3150,before_trills_2022-03-15_09-35-25_0000056_labelled_Wuschel_pheeseq_02_labelled_mC2.wav,-0.9877558116862292,-0.42003382968374164,-0.4073652927883996,-0.5790086063897057,-0.43260881733363177
3151,before_trills_2022-03-15_09-35-25_0000056_labelled_Wuschel_pheeseq_02_labelled_mC3.wav,-2.641582174701991,-0.6548547097070204,-1.5322020499766176,-0.1767471741229736,-0.4722564135556044
3152,before_trills_2022-03-15_09-35-25_0000056_labelled_Wuschel_pheeseq_04_labelled_mC1.wav,-0.3187394076415609,-0.012276473745223298,-0.622240096871241,-0.1606102962379423,0.028285943383233866
3153,before_trills_2022-03-15_09-35-25_0000056_labelled_Wuschel_pheeseq_04_labelled_mC2.wav,-0.9838255536155625,-0.6280417190660028,-0.06688787308319988,-0.3857899291798467,-0.5854200547062824
3154,before_trills_2022-03-15_09-35-25_0000056_labelled_Wuschel_pheeseq_04_labelled_mC3.wav,-4.350629925804326,-3.7480999447233523,-0.3246693890743881,0.5185412385784928,0.4209155078407865
3155,before_trills_2022-03-15_09-35-25_0000056_labelled_Wuschel_pheeseq_05_labelled_mC2.wav,-0.7160291640414416,-1.4063113991857041,-0.1956685383097861,-0.9685306298256928,0.030224353626929698
3156,before_trills_2022-03-15_09-35-25_0000056_labelled_Wuschel_pheeseq_05_labelled_mC3.wav,-2.4282507537093694,-0.44836094267645793,-1.840017320915875,-0.1573161157014657,-0.13924330810139313
3157,before_trills_2022-03-15_09-35-25_0000056_labelled_Wuschel_pheeseq_06_labelled_mB1.wav,-2.2919201171716237,-0.8098506286484457,-1.421707729400705,0.04859117861804765,-0.4279786655153264
3158,before_trills_2022-03-15_09-35-25_0000056_labelled_Wuschel_pheeseq_06_labelled_mB2.wav,-2.995549412211806,-1.2110494649163954,-2.2034377235953126,0.2895558035221678,0.19666702834079267
3159,before_trills_2022-03-15_09-35-25_0000056_labelled_Wuschel_pheeseq_13_labelled_mB1.wav,-4.1560730803851715,-0.9653986688183291,-2.0079452833384983,-0.3146143874369527,0.09029085198154391
3160,before_trills_2022-03-15_09-35-25_0000056_labelled_Wuschel_pheeseq_13_labelled_mB2.wav,-3.6604674533385015,-3.214720194503604,-2.013122641712693,3.1810773180510115,1.995797823771925
3161,before_trills_2022-03-15_10-42-02_0000058_labelled_Nougatti_pheeseq_02_labelled_mB2.wav,1.6570086537807396,0.3123358210140167,-0.807371775495822,-0.31502638332995886,-0.6083943117351597
3162,before_trills_2022-03-15_10-42-02_0000058_labelled_Nougatti_pheeseq_03_labelled_mC1.wav,3.078295235982439,2.9162874875315823,-1.2163920865787008,0.5472275648095449,-0.47491926529290335
3163,before_trills_2022-03-15_10-42-02_0000058_labelled_Nougatti_pheeseq_03_labelled_mC2.wav,3.808728377777777,-0.4748738740785617,1.8070313081638578,-1.225220714378425,0.4500094238913369
3164,before_trills_2022-03-15_10-42-02_0000058_labelled_Nougatti_pheeseq_03_labelled_mC3.wav,-1.7806386773319192,-0.1500175194526129,-1.5788551377759312,0.13959897850823383,-0.18878510170247118
3165,before_trills_2022-03-15_10-42-02_0000058_labelled_Nougatti_pheeseq_04_labelled_mB1.wav,2.063102920081322,0.5142917965270729,1.1100010834126817,-0.22480954417488397,-0.1212199546251309
3166,before_trills_2022-03-15_10-42-02_0000058_labelled_Nougatti_pheeseq_06_labelled_mB1.wav,2.274785509552346,1.2655023243790995,-1.757748282569256,-0.4135809450592472,-0.08856593163173933
3167,before_trills_2022-03-15_10-42-02_0000058_labelled_Nougatti_pheeseq_07_labelled_mB1.wav,2.4503247576391614,0.22240352237258654,0.08330232160136067,-0.6071879748598507,-0.18275018187195813
3168,before_trills_2022-03-15_10-42-02_0000058_labelled_Nougatti_pheeseq_07_labelled_mB2.wav,2.137625075083524,-0.3195540061718623,0.8688837143879128,-1.1271734013218033,0.3087579236172233
3169,before_trills_2022-03-15_10-42-02_0000058_labelled_Nougatti_pheeseq_10_labelled_mC2.wav,0.6155515025407718,-0.39114131456511975,-0.042325873963239405,-0.4212926331987947,0.5615064299454195
3170,before_trills_2022-03-15_10-42-02_0000058_labelled_Nougatti_pheeseq_10_labelled_mC3.wav,-0.9825247369785403,-0.491370139632475,-1.5975935746045669,-0.6724697199197581,0.14801076952509915
3171,before_trills_2022-03-15_10-42-02_0000058_labelled_Nougatti_pheeseq_13_labelled_mC1.wav,3.2792627549596176,1.425145656063549,-0.8077725112675236,-0.7776425845834185,0.3517571998969672
3172,before_trills_2022-03-15_10-42-02_0000058_labelled_Nougatti_pheeseq_13_labelled_mC2.wav,1.422262869942115,0.000578355870671917,0.14884084620117474,-0.67224904347018,0.07898515094766095
3173,before_trills_2022-03-15_10-42-02_0000058_labelled_Nougatti_pheeseq_13_labelled_mC3.wav,-1.3305519408727868,-0.3234980121647001,-1.8428637447672658,-0.5050834389065989,0.5720110377820546
3174,before_trills_2022-03-15_10-42-02_0000058_labelled_Nougatti_pheeseq_15_labelled_mB1.wav,2.161340562744155,1.6908755555769497,-1.7121660776091248,0.10791214207715984,0.6811324257261575
3175,before_trills_2022-03-15_10-42-02_0000058_labelled_Nougatti_pheeseq_15_labelled_mB2.wav,2.1330590894327885,-0.31165762922093787,-0.38731391808448495,-0.47694717345265714,-0.024652556573242366
3176,before_trills_2022-03-15_10-42-02_0000058_labelled_Nougatti_pheeseq_17_labelled_mB1.wav,0.5754214615839391,0.39785113822831697,-2.000328804305333,1.393627560624071,0.46375952800714404
3177,before_trills_2022-03-15_10-42-02_0000058_labelled_Nougatti_pheeseq_17_labelled_mB2.wav,1.6157565704464052,0.18751245149638365,-1.8537269534160394,0.8931414814376673,-0.6498927557750136
3178,before_trills_2022-03-15_10-42-02_0000058_labelled_Nougatti_pheeseq_19_labelled_mC1.wav,1.34465499805379,1.345213584806298,-0.9294547980711215,-0.1026501436183201,0.13173395343046182
3179,before_trills_2022-03-15_10-42-02_0000058_labelled_Nougatti_pheeseq_19_labelled_mC2.wav,0.6815491653730036,-0.16175310385865427,-0.009204205984866074,-0.6644878515605657,0.45363610582279434
3180,before_trills_2022-03-15_10-42-02_0000058_labelled_Nougatti_pheeseq_19_labelled_mC3.wav,-2.2590639057227215,-0.8868518862573644,-2.4081779879451166,0.6611452402483758,0.5476061463532811
3181,before_trills_2022-03-15_10-42-02_0000058_labelled_Nougatti_pheeseq_22_labelled_mB2.wav,1.1198008437866598,-0.4334185077542364,-0.9775614239283249,0.035127581444554835,-0.3740213408892508
3182,before_trills_2022-03-15_10-42-02_0000058_labelled_Nougatti_pheeseq_48_labelled_mB2.wav,1.6545882656915565,-0.41783902647788346,-1.1092954811421507,-0.23132439550157805,0.8639830290753163
3183,before_trills_2022-03-15_10-42-02_0000058_labelled_Nougatti_pheeseq_53_labelled_mB2.wav,0.26024465289472687,0.7781923610170421,-1.044502443080441,-0.20797136397478225,0.3938288469526262
3184,before_trills_2022-03-15_10-42-02_0000058_labelled_Tabor_pheeseq_18_labelled_mC1.wav,-1.2345786270624448,-0.061590711069241355,-1.330715876992005,-0.8303124101333492,0.0967841104796612
3185,before_trills_2022-03-15_10-42-02_0000058_labelled_Tabor_pheeseq_18_labelled_mC3.wav,-1.3722056235651676,-0.13046034972496182,-1.38928855967858,0.23980154457337038,-0.2854461763894043
3186,before_trills_2022-03-15_10-42-02_0000058_labelled_Tabor_pheeseq_18_labelled_mC4.wav,-2.9745297840561293,-1.344987707783864,-2.49081064272287,0.532006240760624,0.5431243872448508
3187,before_trills_2022-03-15_10-42-02_0000058_labelled_Tabor_pheeseq_20_labelled_mC1.wav,-0.13303909754657492,-0.5489094730431021,-1.6196712097842658,-0.30473699542396326,0.04913268378899307
3188,before_trills_2022-03-15_10-42-02_0000058_labelled_Tabor_pheeseq_20_labelled_mC2.wav,-1.109391386718999,-1.3171761203396348,-1.017398507980063,-0.7224635140074526,-0.5272220723248736
3189,before_trills_2022-03-15_10-42-02_0000058_labelled_Tabor_pheeseq_20_labelled_mC3.wav,-1.6699448371868482,-0.9523139723187595,-1.5757830469238148,-0.82307914299967,0.04398999780946026
3190,before_trills_2022-03-15_10-42-02_0000058_labelled_Tabor_pheeseq_21_labelled_mC1.wav,-0.3125288551165837,-0.11673878850662388,-2.006839787656657,-0.6608414907863649,0.29045523827564707
3191,before_trills_2022-03-15_10-42-02_0000058_labelled_Tabor_pheeseq_21_labelled_mC4.wav,0.16118015877975198,-0.8702836560811773,-1.371893537970919,-0.30671316241928887,-0.25400955633643124
3192,before_trills_2022-03-15_10-42-02_0000058_labelled_Tabor_pheeseq_21_labelled_mC5.wav,-1.5580167762923771,-1.3761720106935567,-1.498688534395851,-0.6743585875225345,-0.20567939043345812
3193,before_trills_2022-03-15_10-42-02_0000058_labelled_Tabor_pheeseq_23_labelled_mC1.wav,0.4720973249360772,0.17889834223509152,-1.1839309844114534,-0.5703960315232445,-0.23618529516188463
3194,before_trills_2022-03-15_10-42-02_0000058_labelled_Tabor_pheeseq_23_labelled_mC3.wav,-0.24032629252225393,-1.4875608624108017,-0.006445418333943101,-0.7326054341016766,0.025697634326987823
3195,before_trills_2022-03-15_10-42-02_0000058_labelled_Tabor_pheeseq_23_labelled_mC4.wav,-2.035066236973548,-1.920710918862183,-1.5668783633472338,0.4218475770183165,0.7827778293982702
3196,before_trills_2022-03-15_13-18-10_0000060_labelled_Nougatti_pheeseq_03_labelled_mB2.wav,0.23488316313559882,-1.3792219528277871,-0.49154534101995645,-0.9024546132161605,-0.02262224902126578
3197,before_trills_2022-03-15_13-18-10_0000060_labelled_Nougatti_pheeseq_14_labelled_mC1.wav,4.184242868038774,0.10217814557264875,2.9512464673809404,-2.0665848858909834,0.7026639361090873
3198,before_trills_2022-03-15_13-18-10_0000060_labelled_Nougatti_pheeseq_14_labelled_mC2.wav,3.3330937392166553,-0.2826796880644606,0.6601109045920619,-0.33951342948533597,-0.9501121175037214
3199,before_trills_2022-03-15_13-18-10_0000060_labelled_Nougatti_pheeseq_14_labelled_mC3.wav,-1.3580425446595812,-0.8868909636893572,-1.1519208793758309,0.2844645589380935,-0.7864576471377066
3200,before_trills_2022-03-15_13-18-10_0000060_labelled_Nougatti_pheeseq_27_labelled_mB1.wav,3.7751350644971904,2.156620259239923,0.18785622384185424,-0.7177606786976936,0.06338762621760867
3201,before_trills_2022-03-15_13-18-10_0000060_labelled_Nougatti_pheeseq_27_labelled_mB2.wav,1.4832409713863932,-0.31824611593053814,0.30402945343541093,-0.7064029689793039,-0.3424823119657778
3202,before_trills_2022-03-15_13-18-10_0000060_labelled_Nougatti_pheeseq_35_labelled_mB1.wav,2.2080118171263936,0.6475683316613808,1.6098765920127376,-1.5561755499710785,-0.03795397984253429
3203,before_trills_2022-03-15_13-18-10_0000060_labelled_Nougatti_pheeseq_40_labelled_mB1.wav,1.9931127948530627,0.5517070715436644,-0.22935811874438758,-1.2286884448022977,-0.2124324477456844
3204,before_trills_2022-03-15_13-18-10_0000060_labelled_Nougatti_pheeseq_99_labelled_mB2.wav,2.3515787173765377,-2.3482832631800683,-0.020696924123331437,0.35468848325221863,1.0920849502389944
3205,before_trills_2022-03-15_13-18-10_0000060_labelled_Odin_pheeseq_100_labelled_mB2.wav,-0.8888030186733392,-1.0581454152992504,0.25584754982200897,-0.6954923552353857,0.32554079850850715
3206,before_trills_2022-03-15_13-18-10_0000060_labelled_Odin_pheeseq_11_labelled_mB1.wav,1.1465951446965965,-0.29856768449609195,-0.3479144940976819,-0.542095041494234,0.3256572882942309
3207,before_trills_2022-03-15_13-18-10_0000060_labelled_Odin_pheeseq_11_labelled_mB2.wav,0.5463355054210312,-0.0853031316035636,-0.6967728492587784,-0.18573024952758482,-0.38555564396600295
3208,before_trills_2022-03-15_13-18-10_0000060_labelled_Odin_pheeseq_123_labelled_mB1.wav,-1.0225619948056128,-0.3301704133759637,-1.2027905523457854,-0.5194124021402811,0.20407844371716533
3209,before_trills_2022-03-15_13-18-10_0000060_labelled_Odin_pheeseq_123_labelled_mB2.wav,-2.7082067545428767,-1.267635629684102,-1.7848590608431265,-0.3563995452308152,0.7949176592151079
3210,before_trills_2022-03-15_13-18-10_0000060_labelled_Odin_pheeseq_134_labelled_mB1.wav,0.6300516567525194,-0.19854757067321965,-0.7293483769715395,-0.3889532923009025,-0.5832125583269718
3211,before_trills_2022-03-15_13-18-10_0000060_labelled_Odin_pheeseq_134_labelled_mB2.wav,-0.7729888400020527,-1.0024111017944173,-1.3141635263979377,-0.21535375080509106,0.02135057927901563
3212,before_trills_2022-03-15_13-18-10_0000060_labelled_Odin_pheeseq_18_labelled_mB1.wav,0.49045502006806085,0.26306597383710306,-0.8086426077295125,-0.40493210728712026,-0.2956713460058912
3213,before_trills_2022-03-15_13-18-10_0000060_labelled_Odin_pheeseq_18_labelled_mB2.wav,-1.2064495679904346,0.2740464320790222,0.03078914072638413,-0.34844179488429006,0.1191770771401463
3214,before_trills_2022-03-15_13-18-10_0000060_labelled_Odin_pheeseq_22_labelled_mB2.wav,0.25955898341629063,-0.7319528603332778,-0.23498461296382464,-0.21370007129199917,-0.8924205989018726
3215,before_trills_2022-03-15_13-18-10_0000060_labelled_Odin_pheeseq_31_labelled_mB2.wav,1.4253298268241894,0.11754741973272458,0.5766910034621494,-0.5188799800842978,0.049801656312030526
3216,before_trills_2022-03-15_13-18-10_0000060_labelled_Odin_pheeseq_39_labelled_mB1.wav,-1.303550158384693,-1.6121644582974317,-1.0794857978304697,-0.33708431762074476,-0.24549602114393054
3217,before_trills_2022-03-15_13-18-10_0000060_labelled_Odin_pheeseq_46_labelled_mB2.wav,-1.7093666954414095,-0.7731850181160027,-1.0301209449428055,-0.1840697269718501,0.4492529242068458
3218,before_trills_2022-03-15_14-09-36_0000061_labelled_Olympia_pheeseq_07_labelled_mB2.wav,0.07754571681528655,-1.0056586302920274,0.09031816402047042,-0.6168609358342221,0.1062386301428051
3219,before_trills_2022-03-15_14-09-36_0000061_labelled_Tabor_pheeseq_15_labelled_mC1.wav,0.17621585735379705,-1.2134899483800747,-1.4265185335029857,-0.015983149636782774,-0.24441002196581055
3220,before_trills_2022-03-15_14-09-36_0000061_labelled_Tabor_pheeseq_15_labelled_mC2.wav,-0.620546419485208,-1.1724021378030833,-1.2025186373832537,-0.24075059903642357,-0.15256791127308497
3221,before_trills_2022-03-15_14-09-36_0000061_labelled_Tabor_pheeseq_15_labelled_mC3.wav,-1.4381953403023573,-1.5196342402098808,-1.390383596904516,-0.47116315017247873,-0.12356773234181138
3222,before_trills_2022-03-15_14-09-36_0000061_labelled_Tabor_pheeseq_16_labelled_mC1.wav,-0.3638929781483435,-1.3752841208294775,-0.5812513791381618,0.5341246046641511,0.1067798424836443
3223,before_trills_2022-03-15_14-09-36_0000061_labelled_Tabor_pheeseq_16_labelled_mC2.wav,-0.6600234874385063,-0.8556102224031015,-0.2197473843102513,0.32194548865889694,0.020996899948279607
3224,before_trills_2022-03-15_14-09-36_0000061_labelled_Tabor_pheeseq_16_labelled_mC3.wav,-2.311076130970635,-1.2403722284322536,-1.9373338761805023,0.2291634538456292,-0.28317636290281184
3225,before_trills_2022-03-16_09-27-47_0000063_labelled_Nougatti_pheeseq_02_labelled_mC1.wav,2.1884757745654615,2.3328559406315295,1.0605642170854233,-0.6633908927674165,0.4420353340373588
3226,before_trills_2022-03-16_09-27-47_0000063_labelled_Nougatti_pheeseq_02_labelled_mC2.wav,1.4300240894665046,0.043448111693070265,0.3358829445301023,-0.584615083594405,0.06192299707657579
3227,before_trills_2022-03-16_09-27-47_0000063_labelled_Nougatti_pheeseq_02_labelled_mC3.wav,-3.1644754709540095,-1.5433826616309831,-2.090337569104375,0.2437256171319832,-0.026917957646329222
3228,before_trills_2022-03-16_09-27-47_0000063_labelled_Nougatti_pheeseq_03_labelled_mC2.wav,0.8319785474581433,-0.5341111881576971,0.43425283638731865,-0.3411697972430008,0.16613998444311898
3229,before_trills_2022-03-16_09-27-47_0000063_labelled_Nougatti_pheeseq_03_labelled_mC3.wav,-3.6181285093198188,-1.7201180836057548,-2.0023297974000833,0.2788514168421936,0.17759608401731605
3230,before_trills_2022-03-16_09-27-47_0000063_labelled_Nougatti_pheeseq_04_labelled_mC1.wav,2.296099127357558,1.9658370788937702,-0.07274677295682751,-0.4907046496548286,-0.686321802999595
3231,before_trills_2022-03-16_09-27-47_0000063_labelled_Nougatti_pheeseq_04_labelled_mC3.wav,1.5877620776590362,-0.34935243906976005,0.7216258383756632,-0.47853762196218347,-0.3340609846726342
3232,before_trills_2022-03-16_09-27-47_0000063_labelled_Nougatti_pheeseq_04_labelled_mC4.wav,-4.572468194330764,-1.6536407593583577,-1.3721117550800945,0.3768306953228853,0.2841633177288858
3233,before_trills_2022-03-16_09-27-47_0000063_labelled_Nougatti_pheeseq_05_labelled_mC1.wav,3.448279323871304,1.7894549872689158,-1.0948689868208492,-0.0744696389286947,-0.31278879429121353
3234,before_trills_2022-03-16_09-27-47_0000063_labelled_Nougatti_pheeseq_05_labelled_mC2.wav,3.3999056390552815,-0.08449107295785738,0.9513034708211653,-0.8708430722316521,0.13915260551592135
3235,before_trills_2022-03-16_09-27-47_0000063_labelled_Nougatti_pheeseq_06_labelled_mB1.wav,3.785077121231494,1.29989492276294,0.33355311331858445,-0.5013380723462175,-0.23333710259080798
3236,before_trills_2022-03-16_09-27-47_0000063_labelled_Nougatti_pheeseq_06_labelled_mB2.wav,2.320072837483294,-0.6375867242841774,0.6843394021582583,-0.7967994959066309,0.4957953027744229
3237,before_trills_2022-03-16_09-27-47_0000063_labelled_Nougatti_pheeseq_07_labelled_mB1.wav,1.4957135934687535,1.3462618200294156,1.2532329157192408,-0.8140457226259766,-0.12024000064664728
3238,before_trills_2022-03-16_09-27-47_0000063_labelled_Nougatti_pheeseq_07_labelled_mB2.wav,-0.5295530228765931,-0.8251581959143904,-0.38742844586717623,-0.25717734652148805,-0.5204956298818593
3239,before_trills_2022-03-16_09-27-47_0000063_labelled_Nougatti_pheeseq_08_labelled_mC1.wav,2.765693377455503,1.2591680261894707,-1.2727697338543014,-0.11695664041442669,-0.2984902516536672
3240,before_trills_2022-03-16_09-27-47_0000063_labelled_Nougatti_pheeseq_08_labelled_mC2.wav,2.2764057136796145,-0.4717831319628228,1.0138243587623794,-0.9175533965297218,0.3029305515990211
3241,before_trills_2022-03-16_09-27-47_0000063_labelled_Nougatti_pheeseq_08_labelled_mC3.wav,-1.766263439340856,-0.035613206686667585,-1.1176521416711724,0.24933933220744253,-0.2761394125944919
3242,before_trills_2022-03-16_09-27-47_0000063_labelled_Nougatti_pheeseq_09_labelled_mB1.wav,1.670985348265673,1.3105757646075926,0.6745351365675817,0.04749328950076083,-0.7474830806601295
3243,before_trills_2022-03-16_09-27-47_0000063_labelled_Nougatti_pheeseq_09_labelled_mB2.wav,0.4410768125859875,-0.03471744923337088,0.3193892914605991,-0.7463029111540459,0.35571021778504874
3244,before_trills_2022-03-16_09-27-47_0000063_labelled_Nougatti_pheeseq_10_labelled_mC1.wav,2.5562082045722057,1.3354424574108101,-0.9313065340450912,0.003931091578753,-0.23660485394499564
3245,before_trills_2022-03-16_09-27-47_0000063_labelled_Nougatti_pheeseq_10_labelled_mC2.wav,2.309491122754648,-0.014221060299738113,0.4378625652743796,-0.28279130949642317,-0.14766983642572779
3246,before_trills_2022-03-16_09-27-47_0000063_labelled_Nougatti_pheeseq_10_labelled_mC3.wav,-1.9423854529399112,0.46654076692211993,-1.2478986403102517,0.03610457086797834,-0.06192670198461018
3247,before_trills_2022-03-16_09-27-47_0000063_labelled_Nougatti_pheeseq_11_labelled_mC1.wav,2.0090190690494087,0.4578363232498412,0.623801092583401,-0.44769708522369356,-0.1532573931676914
3248,before_trills_2022-03-16_09-27-47_0000063_labelled_Nougatti_pheeseq_11_labelled_mC2.wav,1.453862009307754,0.07562013078591001,-0.7122471059733108,0.09706092596114403,-0.35492792026275083
3249,before_trills_2022-03-16_09-27-47_0000063_labelled_Nougatti_pheeseq_11_labelled_mC3.wav,-1.6943265634296238,-0.3177295890568526,-1.7796205254561497,0.09994368477745143,-0.2909204526389103
3250,before_trills_2022-03-16_09-27-47_0000063_labelled_Nougatti_pheeseq_32_labelled_mB2.wav,1.5182828629274223,-0.3429081766475196,-0.5919381170848573,-0.7749498985969095,0.14104872696956117
3251,before_trills_2022-03-16_09-27-47_0000063_labelled_Nougatti_pheeseq_35_labelled_mB1.wav,1.9386008365625587,0.9761434670826526,-0.19639879906785646,0.19388535638744225,-0.3499307150614332
3252,before_trills_2022-03-16_09-27-47_0000063_labelled_Nougatti_pheeseq_35_labelled_mB2.wav,0.9742524704417802,-0.8189122506836836,-0.9230952953389382,-0.7200897734017586,0.4046744835927016
3253,before_trills_2022-03-16_09-27-47_0000063_labelled_Nougatti_pheeseq_39_labelled_mB1.wav,3.0757627769275344,2.3356512955557363,0.39445617850742465,-0.5022963784339688,0.5667769638343313
3254,before_trills_2022-03-16_09-27-47_0000063_labelled_Nougatti_pheeseq_39_labelled_mB2.wav,3.86176502771886,-0.14776432897647404,-0.11280158868731577,-0.8515492533165342,0.5450268882754935
3255,before_trills_2022-03-16_13-53-06_0000067_labelled_Odin_pheeseq_03_labelled_mB1.wav,-0.8792755051335311,1.2754434302917987,-2.200865531333771,-0.33748255243024794,-0.01311509018410944
3256,before_trills_2022-03-16_13-53-06_0000067_labelled_Odin_pheeseq_03_labelled_mB4.wav,-1.314055680972251,0.40994238984559195,-2.319072217025447,-0.04800499070473108,0.08708675951917356
3257,before_trills_2022-03-16_14-28-55_0000068_labelled_Lola_pheeseq_126_labelled_mB2.wav,-0.7546875506583257,-1.3470718353510245,-0.0953342486507811,-0.7708979176793437,0.35857871130569346
3258,before_trills_2022-03-16_14-28-55_0000068_labelled_Lola_pheeseq_48_labelled_mB2.wav,-1.4603833020456294,-1.337917225794582,0.08318555346708777,-0.49520789295549117,-0.8391126727519481
3259,before_trills_2022-03-16_14-28-55_0000068_labelled_Lola_pheeseq_71_labelled_mB2.wav,0.3384473739795456,-0.8412100173877904,0.05419841706479599,-0.8455489297234745,-0.03420960736244425
3260,before_trills_2022-03-16_14-28-55_0000068_labelled_Lola_pheeseq_89_labelled_mB2.wav,-3.7968811429828926,-3.7978235745210043,-1.599235232358351,1.1196703460510489,1.201569434203041
3261,before_trills_2022-03-17_09-51-17_0000070_labelled_Olympia_pheeseq_07_labelled_mB2.wav,-2.6276129816529648,-2.6011252553332582,-0.9718423032725184,-0.30969135205313625,-0.24201577806949356
3262,before_trills_2022-03-17_09-51-17_0000070_labelled_Olympia_pheeseq_19_labelled_mB2.wav,-2.121679374061575,-1.974330230391787,-0.30759675836413336,-0.23523238187248924,-0.5537079303549265
3263,before_trills_2022-03-17_09-51-17_0000070_labelled_Wuschel_pheeseq_03_labelled_mB1.wav,-2.5106300617758444,-0.2656135500846961,-1.647981821942085,-0.3445051026348632,-0.339718107547462
3264,before_trills_2022-03-17_09-51-17_0000070_labelled_Wuschel_pheeseq_03_labelled_mB2.wav,-3.1943194230841163,-0.8153384609719624,-1.819124341578117,-0.01958620925742574,0.007077966501544906
3265,before_trills_2022-03-17_09-57-25_0000071_labelled_Olympia_pheeseq_04_labelled_mB1.wav,-1.9718138052297662,-0.25214387446092285,-1.8101905521957655,0.06486759002009826,-0.1941494051454472
3266,before_trills_2022-03-17_09-57-25_0000071_labelled_Olympia_pheeseq_04_labelled_mB2.wav,-2.453145087552051,-0.29845267106441514,-0.42781322218931894,0.16143785439766087,-0.5690667478101255
3267,before_trills_2022-03-17_13-35-30_0000074_labelled_Tabor_pheeseq_04_labelled_mC1.wav,0.22107076144885435,-0.05074875134882708,-2.3393452359681017,-0.6008463835213652,0.30460220472519206
3268,before_trills_2022-03-17_13-35-30_0000074_labelled_Tabor_pheeseq_04_labelled_mC2.wav,1.2213065973203892,-2.3562369102557397,0.24961671508462552,-1.2763205903447659,-0.13454629714649655
3269,before_trills_2022-03-17_13-35-30_0000074_labelled_Tabor_pheeseq_04_labelled_mC3.wav,-0.6084773172801248,-1.1926842876786914,-1.2969413126082803,-0.7361580163924765,-0.5075473516338284
3270,before_trills_2022-03-17_13-35-30_0000074_labelled_Tabor_pheeseq_05_labelled_mC1.wav,1.1971273563631255,0.2807478633485035,-2.2326810124637713,-0.29890681946403114,0.20910984116883555
3271,before_trills_2022-03-17_13-35-30_0000074_labelled_Tabor_pheeseq_05_labelled_mC2.wav,1.1385309332779263,-1.3311710466953428,0.11010201776562545,-0.4269959636907199,-0.24810227318570072
3272,before_trills_2022-03-17_13-35-30_0000074_labelled_Tabor_pheeseq_05_labelled_mC3.wav,-0.5419453554689577,-1.3115862186403708,-1.3106631689240336,-0.2306906314176996,-0.16254774841158864
3273,before_trills_2022-03-17_13-35-30_0000074_labelled_Tabor_pheeseq_06_labelled_mD1.wav,-0.06002836265051482,-0.21200297366317966,-2.49205468326533,-0.0251793812322326,-0.6543366634533039
3274,before_trills_2022-03-17_13-35-30_0000074_labelled_Tabor_pheeseq_06_labelled_mD2.wav,2.1199654245669173,-2.0778529490631032,0.9020075845071288,-1.3835707429477055,0.7662093757210303
3275,before_trills_2022-03-17_13-35-30_0000074_labelled_Tabor_pheeseq_06_labelled_mD3.wav,0.8752309777254875,-0.9865613056638474,-1.2821828436274096,-0.3437534722278654,-0.7931590330440936
3276,before_trills_2022-03-17_13-35-30_0000074_labelled_Tabor_pheeseq_06_labelled_mD4.wav,-1.4044639171631208,-1.5347964075450857,-1.3322418446980349,-0.6926240639877691,-0.35755059973443837
3277,before_trills_2022-03-17_14-11-20_0000076_labelled_Odin_pheeseq_105_labelled_mB2.wav,-3.878419682356102,-1.0195294299086013,-0.8464231914725289,0.23650961295492723,-0.057612113472796746
3278,before_trills_2022-03-17_14-11-20_0000076_labelled_Odin_pheeseq_22_labelled_mB2.wav,0.645156939989018,-0.01614274302436578,0.29725772290484564,-0.6924139703972204,0.32201631207802467
3279,before_trills_2022-03-17_14-11-20_0000076_labelled_Odin_pheeseq_93_labelled_mB2.wav,-0.8457939260299412,-0.14643596148765067,-2.0538332912859856,0.21779628860858705,-0.2625364696229685
3280,before_trills_2022-03-18_09-14-46_0000079_labelled_Olympia_pheeseq_02_labelled_mB1.wav,-0.7111981082406977,-0.95764620356812,1.5713744397889995,-0.8485603420342166,-0.6522929578068978
3281,before_trills_2022-03-18_09-14-46_0000079_labelled_Olympia_pheeseq_02_labelled_mB2.wav,-1.7299003816937775,-0.5718220387704576,-0.4975156558278771,-0.35587845464046514,0.09778303927982637
3282,before_trills_2022-03-18_09-14-46_0000079_labelled_Olympia_pheeseq_04_labelled_mB2.wav,-2.8149795324027713,-1.6568375986318413,-1.8640227776676364,0.5028280723883936,-0.08530115325202996
3283,before_trills_2022-03-18_09-14-46_0000079_labelled_Wuschel_pheeseq_03_labelled_mB1.wav,-3.126173604807982,0.7840728694726198,3.4545965704291004,-0.13439641875608774,-0.6465634059839886
3284,before_trills_2022-03-18_09-14-46_0000079_labelled_Wuschel_pheeseq_03_labelled_mB2.wav,-2.7193992187685754,-0.5128947809800023,-0.12890017676935853,-0.753472961653971,-0.05319479653204498
3285,before_trills_2022-03-18_09-47-49_0000083_labelled_Tabor_pheeseq_07_labelled_mC1.wav,-0.9267935494419473,0.11255010079214482,-1.4911370531996129,0.5435411713691458,-0.10818138431947243
3286,before_trills_2022-03-18_09-47-49_0000083_labelled_Tabor_pheeseq_07_labelled_mC2.wav,-1.6995254796757227,-0.7891291608960966,-1.070569955809679,-0.36409013318455663,0.3115375866530358
3287,before_trills_2022-03-18_09-47-49_0000083_labelled_Tabor_pheeseq_07_labelled_mC3.wav,-2.5285364364540905,-1.5044619280000957,-1.7806133019190553,-0.46550177308839724,0.5952154753739742
3288,before_trills_2022-03-18_10-23-10_0000086_labelled_Nougatti_pheeseq_06_labelled_mC1.wav,3.346644366069418,2.864641829177572,-1.9303130427563544,-0.5142008276622569,0.34172908856725814
3289,before_trills_2022-03-18_10-23-10_0000086_labelled_Nougatti_pheeseq_06_labelled_mC2.wav,2.1402576576972367,-0.30476205933190414,0.9538084108878604,-0.977327118536786,0.39068095791087465
3290,before_trills_2022-03-18_10-23-10_0000086_labelled_Nougatti_pheeseq_111_labelled_mB1.wav,2.024058793503316,0.6849674179537707,-1.8378088820295422,-0.2909138234137293,-0.025477877703188222
3291,before_trills_2022-03-18_10-23-10_0000086_labelled_Nougatti_pheeseq_111_labelled_mB2.wav,0.2867234570428325,-1.2876825680523296,-0.704296241931631,-1.0373351784318003,-0.011902597911386486
3292,before_trills_2022-03-18_10-23-10_0000086_labelled_Nougatti_pheeseq_119_labelled_mB2.wav,1.0165168520367869,0.08092330889159521,-0.7302598431142737,-1.0924284623742706,0.3495778999724677
3293,before_trills_2022-03-18_10-23-10_0000086_labelled_Nougatti_pheeseq_128_labelled_mC1.wav,4.681024259736264,2.3525016300761306,-0.7917454864674137,-0.922749565890268,0.1593291414149708
3294,before_trills_2022-03-18_10-23-10_0000086_labelled_Nougatti_pheeseq_128_labelled_mC2.wav,3.9235357789999363,0.14560107532014555,0.10958668238927462,-1.0757487424079397,0.3656742035963644
3295,before_trills_2022-03-18_10-23-10_0000086_labelled_Nougatti_pheeseq_128_labelled_mC3.wav,-0.2092566709253084,-0.2170355150230398,-0.876971949636859,-0.5562902660041477,-0.2659938300474177
3296,before_trills_2022-03-18_10-23-10_0000086_labelled_Nougatti_pheeseq_131_labelled_mB2.wav,2.2906584284065157,-0.20328379067556726,-0.34380314419332997,-0.5914756800820258,-0.16590671413535377
3297,before_trills_2022-03-18_10-23-10_0000086_labelled_Nougatti_pheeseq_149_labelled_mB2.wav,-0.39174541341154,-0.48399055961795817,-0.5220578757656469,-0.8728732497744562,0.7730187730863493
3298,before_trills_2022-03-18_10-23-10_0000086_labelled_Nougatti_pheeseq_16_labelled_mB1.wav,1.6918176568050125,1.4161407376093755,-0.8488354836989973,-0.11876409718541295,0.07297795269630865
3299,before_trills_2022-03-18_10-23-10_0000086_labelled_Nougatti_pheeseq_16_labelled_mB2.wav,-0.5160748072832815,-0.5979254872962977,-0.5124935391602357,-0.1328646722511322,-0.13946985444477975
3300,before_trills_2022-03-18_10-23-10_0000086_labelled_Nougatti_pheeseq_24_labelled_mB1.wav,2.948972477900663,0.4360933751868156,1.0951643805429025,-0.3144541578186822,-0.638399126684945
3301,before_trills_2022-03-18_10-23-10_0000086_labelled_Nougatti_pheeseq_24_labelled_mB2.wav,1.5713305940983024,-2.25168516245898,1.5472110334471791,-0.5442924261706923,-0.2602293008352359
3302,before_trills_2022-03-18_10-23-10_0000086_labelled_Nougatti_pheeseq_28_labelled_mC1.wav,4.018431427131733,2.0304444063420157,-1.4278630710606373,-0.13004444318098532,-0.3334100976719095
3303,before_trills_2022-03-18_10-23-10_0000086_labelled_Nougatti_pheeseq_28_labelled_mC2.wav,2.5552950115613564,-0.7466995405890693,0.0538155335774855,-0.28877614190841305,-0.4880756456410484
3304,before_trills_2022-03-18_10-23-10_0000086_labelled_Nougatti_pheeseq_28_labelled_mC3.wav,-2.655771575943714,-2.605116064292378,-1.0168944324127083,0.20778130034869102,0.2205708219093763
3305,before_trills_2022-03-18_10-23-10_0000086_labelled_Nougatti_pheeseq_33_labelled_mB1.wav,3.1448516093273207,2.1643376969918715,-0.16800023301608952,0.12092880460657424,-0.31941247559643116
3306,before_trills_2022-03-18_10-23-10_0000086_labelled_Nougatti_pheeseq_33_labelled_mB2.wav,2.207375011479254,-0.40229925784856824,0.9516551034054035,-0.7814902560328296,0.4572866678095604
3307,before_trills_2022-03-18_10-23-10_0000086_labelled_Nougatti_pheeseq_34_labelled_mB2.wav,-1.8181009314447374,-0.282607836047896,-2.174614607038995,0.1509814174965186,0.12185795003876727
3308,before_trills_2022-03-18_10-23-10_0000086_labelled_Nougatti_pheeseq_40_labelled_mC1.wav,3.461515490341049,1.2961618817936846,-0.40420927272264495,-0.5937872758600328,0.17709294981024382
3309,before_trills_2022-03-18_10-23-10_0000086_labelled_Nougatti_pheeseq_40_labelled_mC2.wav,3.2112229873280937,-0.2924039101157055,1.1852746208744351,-0.5317487871132548,0.2472963307803721
3310,before_trills_2022-03-18_10-23-10_0000086_labelled_Nougatti_pheeseq_40_labelled_mC3.wav,-5.2906022156769215,-2.5700285862884735,-1.9452507987912204,0.5982989706386942,0.5854839113086491
3311,before_trills_2022-03-18_10-23-10_0000086_labelled_Nougatti_pheeseq_43_labelled_mC1.wav,3.918961150145483,2.315408289280661,-1.8550282361525863,0.005211721072421707,0.27334871169214753
3312,before_trills_2022-03-18_10-23-10_0000086_labelled_Nougatti_pheeseq_43_labelled_mC3.wav,-2.9995585211815037,-4.0300252570458035,-0.2917746529147893,0.16343964668118166,0.8238472441208899
3313,before_trills_2022-03-18_10-23-10_0000086_labelled_Nougatti_pheeseq_47_labelled_mB1.wav,3.3166500029172052,1.4240325940641338,-1.900141321146998,0.013347908298538373,-0.016726963662713642
3314,before_trills_2022-03-18_10-23-10_0000086_labelled_Nougatti_pheeseq_56_labelled_mC1.wav,3.5768096837168875,3.0012520612541715,-3.436236072665229,0.16877016494052988,0.09129720010813233
3315,before_trills_2022-03-18_10-23-10_0000086_labelled_Nougatti_pheeseq_56_labelled_mC2.wav,2.9242250825428093,0.40714409348199887,-0.08901402944646039,-0.36693222057399905,-0.03088505661661739
3316,before_trills_2022-03-18_10-23-10_0000086_labelled_Nougatti_pheeseq_61_labelled_mC1.wav,2.912599779681361,0.40247282662806466,0.5894799969709801,0.6262239500358966,-1.1606809753502132
3317,before_trills_2022-03-18_10-23-10_0000086_labelled_Nougatti_pheeseq_61_labelled_mC3.wav,-0.07235801868865213,-0.5723247132363333,-0.1132819663213098,-0.7702647951401173,0.465089010330231
3318,before_trills_2022-03-18_10-23-10_0000086_labelled_Nougatti_pheeseq_64_labelled_mC1.wav,2.3442541263426837,2.564340839731226,-2.033083556275107,0.34072319650057653,-0.12249016093187087
3319,before_trills_2022-03-18_10-23-10_0000086_labelled_Nougatti_pheeseq_64_labelled_mC2.wav,2.365490950273568,-0.3675665383406432,0.7451125808839797,-1.1128111019550002,0.32691486369868866
3320,before_trills_2022-03-18_10-23-10_0000086_labelled_Nougatti_pheeseq_64_labelled_mC3.wav,-1.2894444117403818,-0.5455109194416345,-1.3717552059767044,-0.2611114858170122,0.3946572080957908
3321,before_trills_2022-03-18_10-23-10_0000086_labelled_Nougatti_pheeseq_68_labelled_mB1.wav,3.844639827420135,2.5290149384024363,-0.5118865225375919,-0.07763513286708139,-0.38308636981088096
3322,before_trills_2022-03-18_10-23-10_0000086_labelled_Nougatti_pheeseq_72_labelled_mC1.wav,4.052891793131827,2.4122538236812714,-0.9524142979205943,-0.04993978025594283,-0.2418881499600786
3323,before_trills_2022-03-18_10-23-10_0000086_labelled_Nougatti_pheeseq_72_labelled_mC2.wav,1.3320229510103345,-0.300943754378384,-0.2976226071056871,-0.6607118739210861,0.0779217053293947
3324,before_trills_2022-03-18_10-23-10_0000086_labelled_Nougatti_pheeseq_72_labelled_mC3.wav,-3.079521213274747,-3.1788428050402384,-1.1135742116977425,0.3093536465239349,0.39616185719655783
3325,before_trills_2022-03-18_10-23-10_0000086_labelled_Nougatti_pheeseq_73_labelled_mC2.wav,1.3284346765206612,0.0752326838434416,-0.01780830215320122,-0.6470856221880641,0.22692034770482694
3326,before_trills_2022-03-18_10-23-10_0000086_labelled_Nougatti_pheeseq_73_labelled_mC3.wav,-1.8377021975625552,0.07853867201495959,-2.0504790041788263,0.1308811636184379,0.21526545470602695
3327,before_trills_2022-03-18_10-23-10_0000086_labelled_Odin_pheeseq_109_labelled_mC1.wav,-0.41817974093667143,0.07168496833012868,-1.771373094141329,-0.19729875610341802,0.6626425443999369
3328,before_trills_2022-03-18_10-23-10_0000086_labelled_Odin_pheeseq_109_labelled_mC2.wav,-0.52437097038811,0.4879502367397674,0.07578619011488175,-0.4853441595887436,-0.27573588909525903
3329,before_trills_2022-03-18_10-23-10_0000086_labelled_Odin_pheeseq_109_labelled_mC3.wav,-4.7557306263654135,-1.9263341125010038,-2.1063652460625892,0.47588746548526345,0.5764251997417492
3330,before_trills_2022-03-18_10-23-10_0000086_labelled_Odin_pheeseq_137_labelled_mB1.wav,0.053201980237323566,-0.11600135954809351,-0.26140696448507766,-0.016330525979659234,-0.11198336091509373
3331,before_trills_2022-03-18_10-23-10_0000086_labelled_Odin_pheeseq_137_labelled_mB2.wav,-1.450630300671004,-1.1740310978638278,-0.2617288740634759,-0.2804692644903906,-0.3364096737204854
3332,before_trills_2022-03-18_10-23-10_0000086_labelled_Odin_pheeseq_15_labelled_mB2.wav,-0.13821378331284415,-0.19982678704232448,-0.4450320019182426,-0.1909711086234999,-0.19537593387424662
3333,before_trills_2022-03-18_10-23-10_0000086_labelled_Odin_pheeseq_31_labelled_mB1.wav,-2.2242030408679185,-1.3835281946831728,-1.9755236310276532,0.4552615849245256,-0.12234452628604675
3334,before_trills_2022-03-18_10-23-10_0000086_labelled_Odin_pheeseq_39_labelled_mB2.wav,-0.5293029155796921,-0.7586040639710634,-0.17251844898320307,-0.291931197152123,-0.6256943322065353
3335,before_trills_2022-03-18_10-23-10_0000086_labelled_Odin_pheeseq_42_labelled_mB1.wav,-0.37281839985089626,0.15194639018172396,-1.3432120109042074,-0.483210267601945,0.28315525822455734
3336,before_trills_2022-03-18_10-23-10_0000086_labelled_Odin_pheeseq_42_labelled_mB2.wav,-1.4243521601015439,-1.4074983379861328,-0.9417460539802585,-0.3395237640189843,-0.21013989511158068
3337,before_trills_2022-03-18_10-23-10_0000086_labelled_Odin_pheeseq_63_labelled_mB1.wav,-0.22743983894733824,0.3138332972963364,-2.3676744662019407,0.3953461976694695,0.060923528410042206
3338,before_trills_2022-03-18_10-23-10_0000086_labelled_Odin_pheeseq_63_labelled_mB2.wav,0.47027095865044005,-1.2206145081410298,0.3288807684488924,-0.8896984441594249,-0.5378869067855131
3339,before_trills_2022-03-21_09-28-00_0000092_labelled_Nougatti_pheeseq_02_labelled_mC2.wav,0.43729486050299543,0.3775669608856045,-0.6385655941209555,-0.34814816714245467,-0.21094604743668433
3340,before_trills_2022-03-21_09-28-00_0000092_labelled_Nougatti_pheeseq_02_labelled_mC3.wav,-0.2166860647913212,-0.2468183684423755,-1.012318872969749,-0.5284201661990743,-0.21877269067614158
3341,before_trills_2022-03-21_09-28-00_0000092_labelled_Nougatti_pheeseq_04_labelled_mB1.wav,2.6334373588191218,0.8406571440380213,-0.010618226488021063,-0.7246805290547313,-0.1253772596548176
3342,before_trills_2022-03-21_09-28-00_0000092_labelled_Nougatti_pheeseq_04_labelled_mB2.wav,1.849309143568035,-0.26450145723427454,0.41005758144767146,-0.7202437125556872,-0.43013279517456415
3343,before_trills_2022-03-21_09-28-00_0000092_labelled_Nougatti_pheeseq_05_labelled_mC1.wav,1.2359101480868961,0.33469516079622624,-0.9122050717522178,-0.4286686863833569,-0.5271808072512163
3344,before_trills_2022-03-21_09-28-00_0000092_labelled_Nougatti_pheeseq_05_labelled_mC2.wav,1.8844579909780452,-0.526435177164374,0.9865996134083894,-1.222757493379178,0.23577638585979988
3345,before_trills_2022-03-21_09-28-00_0000092_labelled_Nougatti_pheeseq_05_labelled_mC3.wav,-0.3249597249269119,0.011249084617099527,-0.6601592317271467,-0.6664989362853913,-0.3586786061213892
3346,before_trills_2022-03-21_09-28-00_0000092_labelled_Nougatti_pheeseq_07_labelled_mB1.wav,2.525086152792538,1.3816103312571475,-1.9234250651916638,-0.20632306782741003,0.17934255335975544
3347,before_trills_2022-03-21_09-28-00_0000092_labelled_Nougatti_pheeseq_07_labelled_mB2.wav,2.1842400649836304,-0.47804691212547773,0.5581954896488995,-1.0881761879779621,0.4131058325152894
3348,before_trills_2022-03-21_09-28-00_0000092_labelled_Nougatti_pheeseq_08_labelled_mB1.wav,3.585022187757882,2.1332630936545263,-1.2709250981058111,-0.06007535105583096,-0.1275058390424486
3349,before_trills_2022-03-21_09-28-00_0000092_labelled_Nougatti_pheeseq_08_labelled_mB2.wav,3.034336591849351,0.2502699414356032,-0.14321034244267278,-0.47694208601323523,-0.20246176289510676
3350,before_trills_2022-03-21_09-28-00_0000092_labelled_Nougatti_pheeseq_10_labelled_mB1.wav,2.7855930347641213,1.1140600304292554,-0.6521589585048593,0.07096036029774545,-0.56037634603549
3351,before_trills_2022-03-21_09-28-00_0000092_labelled_Nougatti_pheeseq_11_labelled_mB1.wav,2.576222529326022,1.1818229770370938,-1.418423302261651,-0.3262352030242608,-0.37834245289570856
3352,before_trills_2022-03-21_09-28-00_0000092_labelled_Nougatti_pheeseq_12_labelled_mC1.wav,3.308627160029423,1.6731146661125114,-1.0544896432860984,0.2933685435910118,-0.05741347598260629
3353,before_trills_2022-03-21_09-28-00_0000092_labelled_Nougatti_pheeseq_12_labelled_mC2.wav,3.0500984226767254,-0.4952975921944978,0.6803422669185926,-1.019096998731053,-0.02117217740267182
3354,before_trills_2022-03-21_09-28-00_0000092_labelled_Nougatti_pheeseq_12_labelled_mC3.wav,0.1051608868287617,-0.9269994832387403,-0.4850216697660948,-0.541525020599772,0.5532414980392124
3355,before_trills_2022-03-21_09-28-00_0000092_labelled_Nougatti_pheeseq_13_labelled_mC2.wav,1.5140561507490986,-0.7470838186410836,0.3137653820311303,-1.2719218631017564,0.5659932082082693
3356,before_trills_2022-03-21_09-28-00_0000092_labelled_Nougatti_pheeseq_13_labelled_mC3.wav,-0.9250674765084489,-0.33117602063436363,-0.7500454896746606,-0.3615356334464558,0.07962972150584366
3357,before_trills_2022-03-21_09-28-00_0000092_labelled_Nougatti_pheeseq_15_labelled_mB1.wav,1.0800958566511443,-0.7055014515414954,-1.1655285830339364,0.8239338285343947,0.4042420554967834
3358,before_trills_2022-03-21_09-28-00_0000092_labelled_Nougatti_pheeseq_15_labelled_mB2.wav,2.605458797995138,-1.0578541200931195,0.9072088948746048,-1.0461450375752797,1.4155847913637574
3359,before_trills_2022-03-21_09-28-00_0000092_labelled_Tabor_pheeseq_09_labelled_mB1.wav,-2.7042593895278633,-0.4507790040986275,-1.0829992429143818,0.13040570992177294,-0.33999046747627704
3360,before_trills_2022-03-21_09-28-00_0000092_labelled_Tabor_pheeseq_20_labelled_mB1.wav,-2.2261966401090922,-0.8010846039501707,-1.0489643984223498,0.515782038701813,-0.33494378659125607
3361,before_trills_2022-03-21_09-28-00_0000092_labelled_Tabor_pheeseq_20_labelled_mB2.wav,-2.4792385794379315,0.2418263242259212,-2.6587900271335574,0.08060144511533067,0.7287034258618952
3362,before_trills_2022-03-21_10-06-37_0000094_labelled_Odin_pheeseq_02_labelled_mB2.wav,1.2092280541408775,-0.07272570448536733,-0.09332094893786569,-0.7837848614628797,0.05609020839988007
3363,before_trills_2022-03-21_10-06-37_0000094_labelled_Odin_pheeseq_08_labelled_mB1.wav,1.7575148353248111,-1.5154628328601065,0.8390301258824429,-1.0302822640891505,-0.020854644306433027
3364,before_trills_2022-03-21_10-06-37_0000094_labelled_Odin_pheeseq_08_labelled_mB2.wav,0.9288431637616569,-2.0971701643887517,1.095908720106501,-1.7905476746571383,0.729495044563559
3365,before_trills_2022-03-21_10-06-37_0000094_labelled_Odin_pheeseq_16_labelled_mC2.wav,1.2671810184411216,-0.34294298873179035,1.4960587218219117,-1.3904245021969068,0.010511907098131592
3366,before_trills_2022-03-21_10-06-37_0000094_labelled_Odin_pheeseq_16_labelled_mC3.wav,-3.3256943783197324,-0.5841090354128547,-1.6079616319039347,0.04121702021590864,0.14666821657590265
3367,before_trills_2022-03-21_10-06-37_0000094_labelled_Odin_pheeseq_73_labelled_mC2.wav,0.5699224189631921,-0.13692055539542883,-0.7425304476985845,-0.04647066427618207,-0.28947832790461253
3368,before_trills_2022-03-21_10-06-37_0000094_labelled_Odin_pheeseq_73_labelled_mC3.wav,-2.9854564323429935,-1.9300179470115764,-1.3035188030746236,-0.30538535806794326,0.38852878780605365
3369,before_trills_2022-03-21_13-15-59_0000096_labelled_Nougatti_pheeseq_03_labelled_mC2.wav,2.376452657876292,-0.7403291398224405,1.566124594888858,-0.8337071038904701,-0.07315678698917243
3370,before_trills_2022-03-21_13-15-59_0000096_labelled_Nougatti_pheeseq_03_labelled_mC3.wav,-2.744644471942769,-2.250277151013336,-0.19866845241324663,0.307283584053107,0.15186351161476522
3371,before_trills_2022-03-21_13-15-59_0000096_labelled_Nougatti_pheeseq_06_labelled_mC1.wav,3.1901246300797306,2.328957723029136,-0.7229301686320564,0.5926532463094326,-1.144952304770236
3372,before_trills_2022-03-21_13-15-59_0000096_labelled_Nougatti_pheeseq_06_labelled_mC2.wav,3.8334491215684934,-0.6771979741298315,2.260599985389318,-1.0693705673611857,0.2764018453365073
3373,before_trills_2022-03-21_13-15-59_0000096_labelled_Nougatti_pheeseq_06_labelled_mC3.wav,-0.45465466314683517,-1.8476496761718937,0.27110766215387333,0.10388017409523682,-1.151755443921283
3374,before_trills_2022-03-21_13-15-59_0000096_labelled_Nougatti_pheeseq_09_labelled_mC1.wav,3.94801894310848,1.8067561342959635,2.0965608758493386,-0.8519071977125735,0.12354910430974961
3375,before_trills_2022-03-21_13-15-59_0000096_labelled_Nougatti_pheeseq_09_labelled_mC2.wav,2.073100560649119,-2.351513055706218,2.997453632942529,-1.1909487725320673,-0.4406501163214419
3376,before_trills_2022-03-21_13-15-59_0000096_labelled_Nougatti_pheeseq_09_labelled_mC3.wav,-5.295641509026365,-3.3310963746054383,-1.4966725659250173,0.21680919069602783,1.1308661603738333
3377,before_trills_2022-03-21_13-15-59_0000096_labelled_Nougatti_pheeseq_13_labelled_mC1.wav,4.459891355352888,0.8538055974981297,1.2539646707226715,-0.625967773137031,0.19522401339348636
3378,before_trills_2022-03-21_13-15-59_0000096_labelled_Nougatti_pheeseq_13_labelled_mC2.wav,4.128439799929413,-2.0825896732479947,3.0755625338207597,-0.7357272018726302,-0.8219536582712068
3379,before_trills_2022-03-21_13-15-59_0000096_labelled_Nougatti_pheeseq_13_labelled_mC3.wav,-0.30002994411518263,-2.3856892300491164,0.6951663541632653,-1.2369026851615146,0.21891796467384514
3380,before_trills_2022-03-21_13-15-59_0000096_labelled_Nougatti_pheeseq_18_labelled_mC1.wav,3.287112533302542,1.1281903224259269,2.5517807516339244,-0.8184115228527491,-0.06741517455509487
3381,before_trills_2022-03-21_13-15-59_0000096_labelled_Nougatti_pheeseq_18_labelled_mC2.wav,2.952221042013746,-2.142865216664062,2.9607398598980827,-1.0071578357136277,-0.6155591906417317
3382,before_trills_2022-03-21_13-15-59_0000096_labelled_Nougatti_pheeseq_18_labelled_mC3.wav,-4.009999753351931,-1.8831888338381542,-0.2382122771376214,0.1334049523389755,0.7224065287678083
3383,before_trills_2022-03-21_13-15-59_0000096_labelled_Nougatti_pheeseq_20_labelled_mB1.wav,4.563781081279355,1.4533349000487286,0.6509981310631817,-0.39939576477842875,-0.6028758938029894
3384,before_trills_2022-03-21_13-15-59_0000096_labelled_Nougatti_pheeseq_20_labelled_mB2.wav,3.21336777364942,-0.8649758706725946,1.2155503547441924,-0.6825820556222576,-0.262353620939576
3385,before_trills_2022-03-21_13-15-59_0000096_labelled_Nougatti_pheeseq_21_labelled_mB1.wav,4.6501587883618205,2.3558492498000123,0.12443167341547406,-0.5288320300175696,-0.022522159332533785
3386,before_trills_2022-03-21_13-15-59_0000096_labelled_Nougatti_pheeseq_21_labelled_mB2.wav,1.716604743313435,-0.7511663515993645,-0.04419852391520905,-0.4247147295015429,-0.18031901516590365
3387,before_trills_2022-03-21_13-15-59_0000096_labelled_Nougatti_pheeseq_23_labelled_mC1.wav,4.214430697476925,1.3789166003331008,0.5690314995301763,-0.35857938599729366,-0.4703059396361319
3388,before_trills_2022-03-21_13-15-59_0000096_labelled_Nougatti_pheeseq_23_labelled_mC2.wav,4.473760836712985,0.3149297850996127,1.4958531402088642,-0.5310594093491127,-0.18418247109162958
3389,before_trills_2022-03-21_13-15-59_0000096_labelled_Nougatti_pheeseq_24_labelled_mC1.wav,4.297556465429541,0.6200376532841853,1.977962911959209,-1.3378715849247809,0.6161292180137157
3390,before_trills_2022-03-21_13-15-59_0000096_labelled_Nougatti_pheeseq_24_labelled_mC2.wav,4.223725843851094,-0.16575592414299659,1.6916747076499634,-0.5509361765630855,-0.47925882994712227
3391,before_trills_2022-03-21_13-15-59_0000096_labelled_Nougatti_pheeseq_24_labelled_mC3.wav,-0.7636491067344986,-1.1982985763504437,0.08808231041781543,0.20270840579062968,-0.5786293764947363
3392,before_trills_2022-03-21_13-15-59_0000096_labelled_Nougatti_pheeseq_25_labelled_mC1.wav,4.380343567035927,0.9324665791886734,-0.1565796989709342,-0.2564326802260334,-0.27174072899870466
3393,before_trills_2022-03-21_13-15-59_0000096_labelled_Nougatti_pheeseq_25_labelled_mC3.wav,-3.423814761346868,-2.009434657038218,-1.008791205190763,0.9470966317590149,0.0051310269661351575
3394,before_trills_2022-03-21_13-15-59_0000096_labelled_Nougatti_pheeseq_26_labelled_mB1.wav,3.5514578347556505,0.5851188847650854,0.8987257941674487,-0.9646809221503192,0.2875587106711415
3395,before_trills_2022-03-21_13-15-59_0000096_labelled_Nougatti_pheeseq_26_labelled_mB2.wav,3.112390280424477,0.3188588502051593,-0.819805430632747,0.3639297088241244,-0.760760170989838
3396,before_trills_2022-03-21_13-15-59_0000096_labelled_Nougatti_pheeseq_28_labelled_mC4.wav,-2.1470599931366205,-1.7652866908344345,-0.6069005094058417,0.1349595547554317,0.16830944800053063
3397,before_trills_2022-03-21_13-15-59_0000096_labelled_Nougatti_pheeseq_33_labelled_mB1.wav,2.2971391168817092,2.0400950564017784,-2.019156277001134,0.3511582685740827,-0.41079958092755475
3398,before_trills_2022-03-21_13-15-59_0000096_labelled_Nougatti_pheeseq_33_labelled_mB2.wav,2.226545695420692,-0.6705089434891747,0.0346630040345243,-1.450868276929138,0.23669525911930042
3399,before_trills_2022-03-21_13-15-59_0000096_labelled_Nougatti_pheeseq_61_labelled_mB1.wav,2.627155310091488,1.035081733880627,-1.636053783318666,-0.13972234317817506,-0.16123487993921434
3400,before_trills_2022-03-21_13-15-59_0000096_labelled_Nougatti_pheeseq_61_labelled_mB2.wav,1.7235541568141877,-0.7919102125416477,0.16089204026613593,-1.0356605912236885,0.7973846197789899
3401,before_trills_2022-03-21_13-15-59_0000096_labelled_Nougatti_pheeseq_62_labelled_mC1.wav,4.7429933283208525,1.9861821231822876,-0.7603139235779006,-0.8015683477497056,-0.08832757105943222
3402,before_trills_2022-03-21_13-15-59_0000096_labelled_Nougatti_pheeseq_62_labelled_mC2.wav,3.3220515873927625,-1.0880698818806998,1.239668170133952,-1.4273890247459007,0.5723053436355295
3403,before_trills_2022-03-21_13-15-59_0000096_labelled_Nougatti_pheeseq_62_labelled_mC3.wav,-1.6744621571414628,-0.14465142663028083,-2.105545948823144,-0.09599414938920929,-0.08129990486201798
3404,before_trills_2022-03-21_13-15-59_0000096_labelled_Nougatti_pheeseq_64_labelled_mB1.wav,3.3090447206047116,1.403366752955239,1.5302510586741889,-1.169818116139979,0.28301591780007224
3405,before_trills_2022-03-21_13-15-59_0000096_labelled_Nougatti_pheeseq_64_labelled_mB2.wav,1.598897984414601,-0.31060347326717547,-0.12823320802745602,-0.8445862604403515,-0.1053915401982981
3406,before_trills_2022-03-21_13-15-59_0000096_labelled_Nougatti_pheeseq_65_labelled_mC1.wav,2.5880889564528387,1.570106583119218,-0.9690868465568733,0.015411414466152393,0.010890059981132327
3407,before_trills_2022-03-21_13-15-59_0000096_labelled_Nougatti_pheeseq_65_labelled_mC2.wav,3.304343492972025,-0.37962520534367483,1.4874222718485801,-0.8958794495088461,-0.37258895899756084
3408,before_trills_2022-03-21_13-15-59_0000096_labelled_Nougatti_pheeseq_65_labelled_mC3.wav,1.8828106062984047,-0.2853276571411753,0.5212689526301776,-0.5695737832063541,-0.3580522319695051
3409,before_trills_2022-03-21_13-15-59_0000096_labelled_Nougatti_pheeseq_70_labelled_mC1.wav,2.6804566761487756,1.6488765370252148,-1.3337496758428211,-0.23217969780358555,-0.032836377112050535
3410,before_trills_2022-03-21_13-15-59_0000096_labelled_Nougatti_pheeseq_70_labelled_mC2.wav,2.271749143020112,-1.2337464835306637,1.7036007530069144,-1.487205199213204,0.5783477144395706
3411,before_trills_2022-03-21_13-15-59_0000096_labelled_Nougatti_pheeseq_70_labelled_mC3.wav,-1.5660447760058023,-1.077696019936086,-0.43415064332024966,-0.22081482444982783,-0.10094102496676532
3412,before_trills_2022-03-21_13-15-59_0000096_labelled_Nougatti_pheeseq_71_labelled_mB2.wav,1.922192421068667,-1.649942872307977,1.4646279521971182,-1.3407966689301987,0.8519782367457724
3413,before_trills_2022-03-21_13-15-59_0000096_labelled_Nougatti_pheeseq_75_labelled_mB1.wav,4.200049011903665,0.8048524214054107,-0.5637493623355081,0.2611535143545474,0.3916748642402021
3414,before_trills_2022-03-21_13-15-59_0000096_labelled_Nougatti_pheeseq_75_labelled_mB2.wav,2.962800807698724,-0.21945361768620136,1.2161167280368148,-1.0745528430017108,-0.11895306046376765
3415,before_trills_2022-03-21_13-15-59_0000096_labelled_Nougatti_pheeseq_76_labelled_mC1.wav,2.6352051364927442,1.3429886352352567,-0.5777944416039679,-0.14806766670736105,-0.5311640383657993
3416,before_trills_2022-03-21_13-15-59_0000096_labelled_Nougatti_pheeseq_76_labelled_mC2.wav,1.3444013048105377,0.21485024820289322,0.5198888797050875,-0.5816497777772741,0.054945138012316715
3417,before_trills_2022-03-21_13-15-59_0000096_labelled_Nougatti_pheeseq_78_labelled_mC1.wav,3.1871773881374836,1.986330810923872,-0.618880439194444,-0.21188028287883073,-0.432760552270275
3418,before_trills_2022-03-21_13-15-59_0000096_labelled_Nougatti_pheeseq_78_labelled_mC2.wav,2.281081245021932,0.09383772866496026,-0.3986585902159519,-0.7715239169533699,-0.05413981359109609
3419,before_trills_2022-03-21_13-15-59_0000096_labelled_Nougatti_pheeseq_78_labelled_mC3.wav,-1.1627428675634195,-0.03518034788806668,-0.8532313693215839,-0.4272102938637447,0.19752741283360603
3420,before_trills_2022-03-21_13-15-59_0000096_labelled_Wuschel_pheeseq_05_labelled_mB1.wav,-3.7143254046619383,-0.13199096749212222,2.3937983458611303,-0.08418897827448274,-0.4590820604995325
3421,before_trills_2022-03-21_13-15-59_0000096_labelled_Wuschel_pheeseq_27_labelled_mC1.wav,-2.5170838213431384,-0.8726118109744585,2.868584823048867,-0.8304422078254666,-0.4917486025763373
3422,before_trills_2022-03-21_13-15-59_0000096_labelled_Wuschel_pheeseq_27_labelled_mC2.wav,-2.5883317329501625,-0.5897676231933171,0.20153744506987817,-0.7635700844057768,-0.2657099403261962
3423,before_trills_2022-03-21_13-15-59_0000096_labelled_Wuschel_pheeseq_27_labelled_mC3.wav,-4.428085341660403,-2.676594238451795,-0.9741779179754824,-0.5678753855565933,0.1633620095898579
3424,before_trills_2022-03-21_13-15-59_0000096_labelled_Wuschel_pheeseq_31_labelled_mC1.wav,-2.373613951102872,-0.4661728771428996,3.1864458678561345,-0.5555018397761458,-0.30503463374273576
3425,before_trills_2022-03-21_13-15-59_0000096_labelled_Wuschel_pheeseq_31_labelled_mC2.wav,-2.4128586335484967,-0.3301418944598636,1.1348691792748158,-0.5194759694264286,-0.5740017913708787
3426,before_trills_2022-03-21_13-15-59_0000096_labelled_Wuschel_pheeseq_31_labelled_mC3.wav,-3.513016816879702,-2.4911243228609323,-0.8787779255110869,-0.3677869492725567,0.11773419003649274
3427,before_trills_2022-03-21_13-15-59_0000096_labelled_Wuschel_pheeseq_34_labelled_mB1.wav,-0.7852186827072762,0.38772785612616356,0.3390615548597637,0.02328001336825088,-0.10546039087604477
3428,before_trills_2022-03-21_13-15-59_0000096_labelled_Wuschel_pheeseq_34_labelled_mB2.wav,-1.711305435460406,-0.7102447954148562,-0.8409508486115923,-0.09412278203670382,0.36915229030335034
3429,before_trills_2022-03-21_13-47-06_0000098_labelled_Tabor_pheeseq_02_labelled_mC1.wav,-0.5787890694882522,-1.291330278238807,-0.05976319652951892,-0.397179838324995,0.5965126446352059
3430,before_trills_2022-03-21_13-47-06_0000098_labelled_Tabor_pheeseq_02_labelled_mC2.wav,-1.3804232656160373,-1.3703178058811571,-1.6499700331582245,-0.6484978574417606,-0.04051873467668517
3431,before_trills_2022-03-21_13-47-06_0000098_labelled_Tabor_pheeseq_05_labelled_mB1.wav,-0.38025912491267383,-2.088944653024543,-0.8385473590199064,-0.31386342468893896,0.5917785988568682
3432,before_trills_2022-03-21_13-47-06_0000098_labelled_Tabor_pheeseq_05_labelled_mB2.wav,-1.2628680889914616,-1.7029527584433626,-1.1718471828469765,-0.19433149329276422,-0.12201624254509666
3433,before_trills_2022-03-21_13-47-06_0000098_labelled_Tabor_pheeseq_09_labelled_mC1.wav,-1.0401542218729827,-2.747671961128947,-0.3396782409323429,-0.30550914676031266,0.2538216158566653
3434,before_trills_2022-03-21_13-47-06_0000098_labelled_Tabor_pheeseq_09_labelled_mC2.wav,-0.9425912486814603,-3.0974384233377745,0.1450630535932023,-1.2249844816858857,0.550389795808463
3435,before_trills_2022-03-21_13-47-06_0000098_labelled_Tabor_pheeseq_12_labelled_mC1.wav,-0.3222543773028201,-2.006841036951852,-0.3802004425207557,-0.7321963646376584,0.018547007278272725
3436,before_trills_2022-03-21_13-47-06_0000098_labelled_Tabor_pheeseq_12_labelled_mC2.wav,-0.3845081850780941,-1.970195991130068,-0.5704190990860888,-0.9047446001666337,-0.020139592923265708
3437,before_trills_2022-03-21_13-47-06_0000098_labelled_Tabor_pheeseq_12_labelled_mC3.wav,-3.037181591361637,-1.607925707138668,-1.7917631018409277,-0.04706098826628382,-0.47329575212910513
3438,before_trills_2022-03-21_13-47-06_0000098_labelled_Tabor_pheeseq_46_labelled_mC1.wav,0.4359852650256277,-1.5873451983420073,-1.4713566871356687,0.19887835405915202,-0.2559357633364414
3439,before_trills_2022-03-21_13-47-06_0000098_labelled_Tabor_pheeseq_46_labelled_mC2.wav,0.2603615059321147,-1.3186785833904708,-1.3528908263261588,0.25978336659734974,-0.11554154468008622
3440,before_trills_2022-03-21_13-47-06_0000098_labelled_Tabor_pheeseq_46_labelled_mC3.wav,-1.9047543203466573,-2.1853356744097336,-0.9032311358888069,0.2868948083997847,0.1753172807848049
3441,before_trills_2022-03-22_09-27-55_0000104_labelled_Nougatti_pheeseq_10_labelled_mB2.wav,2.1980620057801237,-0.3995972219576266,0.8864204802181397,-1.0835274514049429,0.31143231382564124
3442,before_trills_2022-03-22_09-27-55_0000104_labelled_Nougatti_pheeseq_10_labelled_mC1.wav,2.349398487887187,1.607993371738414,-0.9723301130639044,-0.1501660736631599,-0.1756744468089588
3443,before_trills_2022-03-22_09-27-55_0000104_labelled_Nougatti_pheeseq_10_labelled_mC3.wav,-1.6360125380785384,-0.41818366602414003,-1.8613654994718403,-0.012945915924912588,-0.36043824925932166
3444,before_trills_2022-03-22_09-27-55_0000104_labelled_Nougatti_pheeseq_113_labelled_mB1.wav,1.9031137580741775,1.8404918087889963,-1.650571766645416,0.8056143845303929,0.04481234025966114
3445,before_trills_2022-03-22_09-27-55_0000104_labelled_Nougatti_pheeseq_113_labelled_mB2.wav,2.192053937595305,0.2175352507917805,-0.30720755718989773,-0.45520221431417246,0.31097089721800086
3446,before_trills_2022-03-22_09-27-55_0000104_labelled_Nougatti_pheeseq_15_labelled_mC1.wav,3.121833161448797,1.852351996712783,-1.371716903548143,-0.2067454032436699,-0.17857420319245965
3447,before_trills_2022-03-22_09-27-55_0000104_labelled_Nougatti_pheeseq_15_labelled_mC2.wav,1.8555772323230728,-0.34098805844353247,0.21284849474275003,-0.57629251467741,-0.24020795500435288
3448,before_trills_2022-03-22_09-27-55_0000104_labelled_Nougatti_pheeseq_15_labelled_mC3.wav,-0.15868520250825646,-0.8176417045182943,-0.37284085748818796,-0.9893066245013389,0.28894925880187494
3449,before_trills_2022-03-22_09-27-55_0000104_labelled_Nougatti_pheeseq_19_labelled_mC1.wav,2.4446921901903473,2.1160634740728024,-3.1024685269175185,0.15175415030948614,0.028103610439498404
3450,before_trills_2022-03-22_09-27-55_0000104_labelled_Nougatti_pheeseq_19_labelled_mC2.wav,1.8077042622108506,-0.7352908930345183,0.9603213099508359,-1.1381240440442646,0.2701030758571784
3451,before_trills_2022-03-22_09-27-55_0000104_labelled_Nougatti_pheeseq_19_labelled_mC3.wav,-1.1446266151721343,-0.026270130934147984,-1.983604236248584,0.21084542398588424,-0.1286618706074646
3452,before_trills_2022-03-22_09-27-55_0000104_labelled_Nougatti_pheeseq_38_labelled_mC1.wav,3.298523365122037,1.4771569546833774,-1.807581097348265,-0.05236138370965637,-0.0589231631139824
3453,before_trills_2022-03-22_09-27-55_0000104_labelled_Nougatti_pheeseq_38_labelled_mC2.wav,3.297064384379127,-0.5666516397595663,0.5904550126376986,-0.8951258869582813,0.08174625239596943
3454,before_trills_2022-03-22_09-27-55_0000104_labelled_Nougatti_pheeseq_38_labelled_mC3.wav,0.23069951556949342,-0.4713590889174131,-0.46076101154237065,-0.2829892718488423,-0.5623966678299841
3455,before_trills_2022-03-22_09-27-55_0000104_labelled_Nougatti_pheeseq_48_labelled_mC2.wav,0.7867301432659474,-0.4667070206645297,0.3932533356179231,-0.7112160158333879,-0.0757807250995741
3456,before_trills_2022-03-22_09-27-55_0000104_labelled_Nougatti_pheeseq_48_labelled_mC3.wav,-2.2689822120045946,-3.596234906311192,-0.35725597369490586,-0.39097016040092414,0.23235173826680078
3457,before_trills_2022-03-22_09-27-55_0000104_labelled_Nougatti_pheeseq_60_labelled_mB2.wav,1.4262794122085867,-0.08067850070876402,-0.12961905137808036,-0.7706788570530312,0.061285194603812675
3458,before_trills_2022-03-22_09-27-55_0000104_labelled_Odin_pheeseq_03_labelled_mB1.wav,0.5413737292806217,-0.010248651862692833,-0.42963771082874236,0.05716437294583596,-0.28647458594310743
3459,before_trills_2022-03-22_09-27-55_0000104_labelled_Odin_pheeseq_03_labelled_mB3.wav,3.1968503218907713,1.6896339954562205,-0.6164034182056787,-0.24193122140320042,-0.7528396387521739
3460,before_trills_2022-03-22_09-27-55_0000104_labelled_Odin_pheeseq_110_labelled_mB2.wav,-0.8922314880260587,-1.067550178662306,0.21440406032966014,-0.7204507322389834,0.3535825104777242
3461,before_trills_2022-03-22_09-27-55_0000104_labelled_Odin_pheeseq_34_labelled_mB2.wav,0.06344901959400559,-0.041383212233025005,-0.7774854509436981,-0.4307570997536322,-0.23163381500773791
3462,before_trills_2022-03-22_09-27-55_0000104_labelled_Odin_pheeseq_45_labelled_mB1.wav,0.2094619765646834,0.6742632681560682,-0.6646582834679559,-0.2981593321670553,0.0008808695768504966
3463,before_trills_2022-03-22_09-27-55_0000104_labelled_Odin_pheeseq_45_labelled_mB2.wav,-1.6367708199463593,-0.8386765154607895,-0.04727828348327684,-0.6074784847113459,-0.5669259034162473
3464,before_trills_2022-03-22_10-06-17_0000106_labelled_Olympia_pheeseq_14_labelled_mB1.wav,-2.245479222907494,-1.7787752840215223,-1.3164203476776712,-1.0837440622608234,-0.531541849410325
3465,before_trills_2022-03-22_10-06-17_0000106_labelled_Olympia_pheeseq_14_labelled_mB2.wav,-4.372749633966564,-2.8531539367526935,-1.3676780432203084,-0.8766831362859726,0.007687533370281385
3466,before_trills_2022-03-22_14-08-31_0000109_labelled_Nougatti_pheeseq_02_labelled_mB1.wav,1.8502192529775254,1.1070530750187437,-1.1103776561430674,0.29737000599775604,0.32578018012832
3467,before_trills_2022-03-22_14-08-31_0000109_labelled_Nougatti_pheeseq_04_labelled_mB1.wav,1.204011823777222,0.5608176604359308,-1.1566614268199518,0.25971738829074775,0.34196936086750584
3468,before_trills_2022-03-22_14-08-31_0000109_labelled_Nougatti_pheeseq_04_labelled_mB2.wav,0.8814034674707528,-0.7773383135069961,-0.2125619376908959,-0.6305480073230754,0.08746243827109648
3469,before_trills_2022-03-22_14-08-31_0000109_labelled_Nougatti_pheeseq_08_labelled_mB1.wav,-0.9934639224871777,-1.1542615626623092,0.3398459225878959,-1.2749999664465672,-0.30328865509532804
3470,before_trills_2022-03-22_14-08-31_0000109_labelled_Nougatti_pheeseq_08_labelled_mB3.wav,-1.9360748047390097,-0.22673824803514517,-1.5631021740292959,0.04531263992848045,-0.29949197562457774
3471,before_trills_2022-03-22_14-08-31_0000109_labelled_Nougatti_pheeseq_09_labelled_mC1.wav,2.033856139404917,1.395010284603104,-2.5898754891247733,0.6457989312537197,0.08656845671572087
3472,before_trills_2022-03-22_14-08-31_0000109_labelled_Nougatti_pheeseq_09_labelled_mC2.wav,2.3269680975704743,-0.6580338496857373,0.5999651881386204,-0.9718651942626266,0.32409106580798974
3473,before_trills_2022-03-22_14-08-31_0000109_labelled_Nougatti_pheeseq_09_labelled_mC3.wav,-0.49965847962057086,-1.26773978230939,-0.8991602082147315,0.1727913803155821,0.009784207177132988
3474,before_trills_2022-03-22_14-08-31_0000109_labelled_Nougatti_pheeseq_12_labelled_mC1.wav,1.6100350990304237,0.80621632962635,-0.5378573066785683,-0.015613435715636217,-0.31638198323566624
3475,before_trills_2022-03-22_14-08-31_0000109_labelled_Nougatti_pheeseq_12_labelled_mC2.wav,-0.12013252389857954,-0.09963301194258568,0.003821665302025573,-0.02156549492511457,-0.20751969530398554
3476,before_trills_2022-03-22_14-08-31_0000109_labelled_Nougatti_pheeseq_12_labelled_mC3.wav,-2.122594667611073,-0.49910422412537,-1.353224412983054,0.010102850257366344,-0.4010465655563831
3477,before_trills_2022-03-22_14-08-31_0000109_labelled_Nougatti_pheeseq_24_labelled_mB2.wav,0.7190715708184591,-0.7118367963193657,-0.6800986258994292,-0.5669620105944011,0.5527604911423374
3478,before_trills_2022-03-22_14-08-31_0000109_labelled_Nougatti_pheeseq_25_labelled_mB1.wav,1.8111911568676242,1.7367376098464213,-0.0925154915149951,-0.7478307944483548,-0.7535833152141378
3479,before_trills_2022-03-22_14-08-31_0000109_labelled_Nougatti_pheeseq_27_labelled_mB1.wav,0.24611254347175907,1.541746127396037,0.6772840937645032,-0.2700739879469287,-0.23560067243881797
3480,before_trills_2022-03-22_14-08-31_0000109_labelled_Nougatti_pheeseq_27_labelled_mB2.wav,1.3615454895403951,-0.3911430090623568,-0.4805902463164776,-0.8819399122451744,0.0183728309729576
3481,before_trills_2022-03-22_14-08-31_0000109_labelled_Tabor_pheeseq_06_labelled_mC3.wav,-0.6322604669549352,-1.3806028334963014,-0.6396408540175887,-0.6547658659439908,0.6298408702505134
3482,before_trills_2022-03-22_14-08-31_0000109_labelled_Tabor_pheeseq_10_labelled_mB1.wav,-1.0362685314843072,-1.6547126669411711,-0.8361090636724876,-0.6842237307407816,-0.838159393326452
3483,before_trills_2022-03-22_14-08-31_0000109_labelled_Tabor_pheeseq_10_labelled_mB3.wav,-2.33526311978187,-0.888815294358901,-1.9330150486285873,-0.24323920489216125,-0.46934705732267634
3484,before_trills_2022-03-22_14-08-31_0000109_labelled_Tabor_pheeseq_11_labelled_mC1.wav,-0.21367279427753058,-0.21889463414990812,-1.8403795100619535,-0.27788818156277983,0.4568627550351004
3485,before_trills_2022-03-22_14-08-31_0000109_labelled_Tabor_pheeseq_11_labelled_mC2.wav,-0.8145584157608279,-0.858715998492144,-1.1226432014681964,-0.7673283348642709,-0.4664873026089077
3486,before_trills_2022-03-22_14-08-31_0000109_labelled_Tabor_pheeseq_11_labelled_mC4.wav,-2.140544896743315,-1.730531415554762,-1.5802855804464588,-0.6530012669097428,0.05223323567202074
3487,before_trills_2022-03-22_14-08-31_0000109_labelled_Tabor_pheeseq_13_labelled_mD1.wav,-0.01958376192548286,-0.6000855338890216,-1.2960527810950417,-0.4116160324767007,-0.21399403680621312
3488,before_trills_2022-03-22_14-08-31_0000109_labelled_Tabor_pheeseq_13_labelled_mD2.wav,0.003768955546976614,-1.9966287283816886,-0.6396896034932159,-0.8401458270135596,-0.07440842856035317
3489,before_trills_2022-03-22_14-08-31_0000109_labelled_Tabor_pheeseq_13_labelled_mD3.wav,-0.6945557195939054,-1.6388383709670786,-0.8992546318824112,-1.2284642606568292,0.14338813296398506
3490,before_trills_2022-03-22_14-08-31_0000109_labelled_Tabor_pheeseq_13_labelled_mD4.wav,-3.2791034552163634,-1.7830307639914875,-2.6312550364136116,0.4404808526565202,0.3794751305424879
3491,before_trills_2022-03-22_14-08-31_0000109_labelled_Tabor_pheeseq_14_labelled_mC1.wav,-0.1140703570751662,-0.5635690399446706,-1.5593803033387093,-0.2455547977133747,0.10768206057001631
3492,before_trills_2022-03-22_14-08-31_0000109_labelled_Tabor_pheeseq_14_labelled_mC2.wav,-0.09172654192979204,-1.7974170676921497,-0.38565121458244733,-0.7505800328401326,-0.006566140465061258
3493,before_trills_2022-03-22_14-08-31_0000109_labelled_Tabor_pheeseq_14_labelled_mC3.wav,-1.448030734743718,-2.0155709288917545,-0.8500406003048282,-1.164973481383234,0.2688092144697654
3494,before_trills_2022-03-22_14-08-31_0000109_labelled_Tabor_pheeseq_15_labelled_mD1.wav,0.24190536845318605,-0.04152168433208757,-2.164772938867868,-0.3663523828570048,0.44982852691104525
3495,before_trills_2022-03-22_14-08-31_0000109_labelled_Tabor_pheeseq_15_labelled_mD2.wav,0.683321767688351,-2.1670550243745312,0.4698559173492255,-1.0990994055673322,0.26588968530960855
3496,before_trills_2022-03-22_14-08-31_0000109_labelled_Tabor_pheeseq_15_labelled_mD3.wav,-0.3798708065692302,-1.7621254174472387,-0.8517089101639629,-0.9903227193875985,0.19850322010018065
3497,before_trills_2022-03-22_14-08-31_0000109_labelled_Tabor_pheeseq_15_labelled_mD4.wav,-2.162843396064835,-1.6838497941856547,-1.4946941135634844,-0.4945202844649713,0.17482412453757903
3498,before_trills_2022-03-22_14-08-31_0000109_labelled_Tabor_pheeseq_16_labelled_mB1.wav,0.1540095543857827,-2.93092159459123,0.24628258787140705,-0.9293783295683662,0.3781089944256434
3499,before_trills_2022-03-22_14-08-31_0000109_labelled_Tabor_pheeseq_16_labelled_mB2.wav,-1.4117005303397745,-1.3345206408391845,-1.642155748191851,-0.5089370381795091,0.10610670167256964
3500,before_trills_2022-03-23_09-42-19_0000113_labelled_Nougatti_pheeseq_05_labelled_mC2.wav,2.246009754939464,-0.03252953344127099,0.017304777903581734,-0.6760126126771494,-0.29604888648149164
3501,before_trills_2022-03-23_09-42-19_0000113_labelled_Nougatti_pheeseq_05_labelled_mC3.wav,-1.7254368102019053,-0.2608522483457372,-1.7104654719080619,0.11344736647947923,-0.22455870323318153
3502,before_trills_2022-03-23_09-42-19_0000113_labelled_Nougatti_pheeseq_07_labelled_mC1.wav,2.4098878177698237,1.8190529974036929,-0.9917247135514886,-0.3356368934907913,-0.10236645473497172
3503,before_trills_2022-03-23_09-42-19_0000113_labelled_Nougatti_pheeseq_07_labelled_mC2.wav,0.27481768986318256,-0.5464119750263776,0.8308773033560627,-0.45574753352483854,0.1060935430317206
3504,before_trills_2022-03-23_09-42-19_0000113_labelled_Nougatti_pheeseq_07_labelled_mC3.wav,-2.384010548300183,-1.3769371514001474,-0.41562059479272384,-0.12133834433987253,0.09151737318814167
3505,before_trills_2022-03-23_09-42-19_0000113_labelled_Nougatti_pheeseq_08_labelled_mB1.wav,2.681344009493349,0.5007258453794317,1.3674249968406504,-1.1450028260083773,0.20267018106328016
3506,before_trills_2022-03-23_09-42-19_0000113_labelled_Nougatti_pheeseq_08_labelled_mB2.wav,-0.4754600949547535,0.6017529067808949,-0.3179224404762057,-0.5088978087155889,-0.02861831890663245
3507,before_trills_2022-03-23_09-42-19_0000113_labelled_Nougatti_pheeseq_09_labelled_mC1.wav,2.608897553155429,1.7928048967985015,-2.4321157058371456,0.38958009921414066,-0.3585868854254972
3508,before_trills_2022-03-23_09-42-19_0000113_labelled_Nougatti_pheeseq_09_labelled_mC2.wav,3.1680039408107574,-0.29331417294976697,0.916394440518218,-0.8982397395083548,0.049102004036248224
3509,before_trills_2022-03-23_09-42-19_0000113_labelled_Wuschel_pheeseq_02_labelled_mB1.wav,1.8300061799540774,0.7213672984791352,-0.5816063836140104,0.08227815413124867,-0.4624919732469727
3510,before_trills_2022-03-23_09-42-19_0000113_labelled_Wuschel_pheeseq_02_labelled_mB2.wav,1.442553306842893,-0.20464600791265533,-0.44971982261445137,-0.6272437255316489,0.2527759638576248
3511,before_trills_2022-03-23_10-25-30_0000114_labelled_Odin_pheeseq_55_labelled_mB2.wav,1.4225632283076663,-0.6901607910046468,1.036165564071349,-1.361617780262015,0.05442032223630785
3512,before_trills_2022-03-23_10-25-30_0000114_labelled_Olympia_pheeseq_12_labelled_mB2.wav,-0.8666091568841802,-0.6949264901042419,-0.7543565393894027,-0.5131376978720836,-0.3084924131669309
3513,before_trills_2022-03-23_10-25-30_0000114_labelled_Olympia_pheeseq_66_labelled_mB1.wav,0.18854067159719778,-1.200346718937476,-0.05413580854814701,-0.6710174197994162,0.08101464364824419
3514,before_trills_2022-03-23_10-25-30_0000114_labelled_Olympia_pheeseq_66_labelled_mB2.wav,-1.4780329397163536,-1.2442915994700954,-0.6705965795997861,-0.6052831625853096,-0.4243462826985359
3515,before_trills_2022-03-23_14-06-31_0000117_labelled_Wuschel_pheeseq_04_labelled_mC2.wav,-2.1330255550211983,-0.9681956472656607,-1.1226502456702436,0.8065757337280484,-0.09964287054851438
3516,before_trills_2022-03-23_14-06-31_0000117_labelled_Wuschel_pheeseq_04_labelled_mC3.wav,-4.095558869896407,-2.3880901910895247,-1.5516424841135745,1.1627582964504732,0.5900563668183395
3517,after_phees_2022-07-19_11-17-29_0000018_labelled_Odin_phee_0000004_labelled_mA1.wav,-1.7993376341058296,0.08956521172245077,-1.8338857680452019,0.15881080221348676,0.14722339067940915
3518,after_phees_2022-07-19_11-17-29_0000018_labelled_Odin_phee_0000019_labelled_mA1.wav,0.03580458789559303,-5.2227237583480015,0.5715898381737471,-0.3373162971065436,2.4752510158431638
3519,after_phees_2022-07-20_15-39-44_0000028_labelled_Nougatti_phee_0000012_labelled_mA1.wav,-0.9889734536945473,1.9695742738975146,-0.2846322637240633,0.45983702070886046,-0.0730625404611683
3520,after_phees_2022-07-20_15-39-44_0000028_labelled_Nougatti_phee_0000038_labelled_mA1.wav,-0.4389295319733941,1.05622100470377,0.6883722630219598,0.04786661029181366,-0.03399306108398249
3521,after_phees_2022-07-21_09-36-56_0000029_labelled_Odin_pheeseq_0000008_labelled_mA1.wav,0.2822675743200993,0.09364961648544672,0.9150479463111741,-0.05830530009713856,-0.993326624979125
3522,after_phees_2022-07-21_09-36-56_0000029_labelled_Odin_pheeseq_0000044_labelled_mA1.wav,-0.7189372462178181,1.2731223965506124,1.9094256984316202,0.13560559426878116,-0.3024000095290148
3523,after_phees_2022-07-21_13-48-50_0000035_labelled_Olympia_pheeseq_0000013_labelled_mA1.wav,-2.9839603444578007,0.5314313793090452,2.3494619009956423,0.2502138567148417,0.15779947739970354
3524,after_phees_2022-07-26_14-33-05_0000052_labelled_Olympia_pheeseq_0000012_labelled_mA1.wav,-4.039995138519219,-0.9555693973510798,-0.28956732052842754,0.6890721644776256,0.1085033280373411
3525,after_phees_2022-07-27_11-30-41_0000057_labelled_Lola_pheeseq_0000019_labelled_mA1.wav,-0.24713498151487195,4.344607455981528,4.116262213056108,0.8672941860419751,0.5142435070673862
3526,after_phees_2022-07-27_11-30-41_0000057_labelled_Lola_pheeseq_0000026_labelled_mA1.wav,0.679651405246107,3.410362423235405,2.2815665388108637,0.9471929645942905,-0.8827820291783295
3527,after_phees_2022-07-28_10-46-38_0000060_labelled_Odin_pheeseq_0000017_labelled_mA1.wav,1.7044337387492408,1.434048468057547,0.5882859445113964,-0.557066137476794,0.5818343434311511
3528,after_phees_2022-08-02_13-43-08_0000064_labelled_Olympia_pheeseq_0000047_labelled_mA1.wav,-3.1739877679208504,1.310968849823007,0.9036225111541001,1.0735833334915892,0.5256365285295772
3529,after_phees_2022-08-03_14-32-28_0000070_labelled_Olympia_phee_0000039_labelled_mA1.wav,-3.2233953264654813,1.5639572498638905,1.5209421352840868,1.134347602454704,0.35843204261715356
3530,after_phees_2022-08-04_10-08-00_0000075_labelled_Odin_pheeseq_0000051_labelled_mA1.wav,0.0265295323850153,1.06246954615399,0.9089465457563436,0.1484096364440067,-0.04848053396868346
3531,after_phees_2022-08-08_11-24-26_0000079_labelled_Odin_pheeseq_0000002_labelled_mA1.wav,-0.16936539883332874,-4.471397914836796,0.11492537301664019,1.805087420975039,0.6280884482369024
3532,after_phees_2022-08-08_11-24-26_0000079_labelled_Odin_pheeseq_0000004_labelled_mA1.wav,-0.19822181409248663,-4.883163743986621,0.9686023880799949,-0.4465438036772608,1.102222522684962
3533,after_phees_2022-08-08_11-24-26_0000079_labelled_Odin_pheeseq_0000027_labelled_mA1.wav,0.21207780172220844,-2.8746478662428703,0.5010253231825623,0.26224377680849814,-0.2863204309655516
3534,after_phees_2022-08-08_11-24-26_0000079_labelled_Odin_pheeseq_0000030_labelled_mA1.wav,-0.4025545502289485,-5.298206574419827,0.6970425210548388,0.018152093050159624,1.527690936201066
3535,after_trills_2022-07-19_14-36-49_0000021_labelled_Wuschel_phee_0000002_labelled_mA1.wav,-2.196755576513285,-1.0085368887988337,-0.3977453112647219,1.613854674345055,0.2705587262892643
3536,after_trills_2022-07-21_10-47-45_0000032_labelled_Nougatti_pheeseq_0000002_labelled_mA1.wav,1.089098989401646,-1.2148826972055797,-0.6385381289832944,-0.07919494976947723,0.5283430309792957
3537,after_trills_2022-07-21_10-47-45_0000032_labelled_Odin_phee_0000011_labelled_mA1.wav,-4.751560343322897,1.0860617417443044,2.439731580591497,1.0269659393712114,0.2929113507854047
3538,after_trills_2022-07-21_13-24-59_0000034_labelled_Olympia_pheeseq_0000009_labelled_mA1.wav,-0.23310366414817502,-0.40799668484554097,-1.675353484191908,-0.7624113801366319,-0.21227547546647763
3539,after_trills_2022-07-21_13-24-59_0000034_labelled_Wuschel_pheeseq_0000088_labelled_mA1.wav,-4.750784397716858,-0.8809749188630893,-0.44173403574103964,1.1547875211418488,0.9278244870112312
3540,after_trills_2022-07-21_13-48-52_0000035_labelled_Tabor_pheeseq_0000008_labelled_mA1.wav,-0.8263491978913134,-0.6003317202591689,-1.1840023955926753,-0.21543533440805906,0.24883595760947663
3541,after_trills_2022-07-26_13-45-13_0000050_labelled_Tabor_pheeseq_0000011_labelled_mA1.wav,0.10488325825169582,-2.4089724186043284,-0.5979291771536406,-0.9146663611361439,-0.43719153352135603
3542,after_trills_2022-07-26_13-45-13_0000050_labelled_Tabor_pheeseq_0000012_labelled_mA1.wav,1.0416022689585982,-2.0008495659847387,-0.4145314696327886,-1.6883504587132843,0.11948125371042327
3543,after_trills_2022-07-26_14-33-06_0000052_labelled_Wuschel_pheeseq_0000002_labelled_mA1.wav,-1.3077404481780246,0.33538067925567355,-0.18204251793622056,0.15411707378278228,0.49860228778041055
3544,after_trills_2022-07-26_15-00-39_0000053_labelled_Nougatti_pheeseq_0000031_labelled_mA1.wav,0.3412493979273866,-0.6134160937672096,0.9302293336646764,-0.20483928871006593,0.1613114810593375
3545,after_trills_2022-07-26_15-00-39_0000053_labelled_Wuschel_phee_0000020_labelled_mA1.wav,-4.321888947702434,0.17778373891076898,1.2804436840390614,1.0132569590022729,0.15732031237496336
3546,after_trills_2022-07-27_10-54-22_0000056_labelled_Nougatti_phee_0000041_labelled_mA1.wav,-0.3817905513542496,0.18689587141161573,2.2004738316248442,0.32957199854248675,0.6452314260858173
3547,after_trills_2022-07-27_10-54-22_0000056_labelled_Odin_pheeseq_0000046_labelled_mA1.wav,1.2665463871399665,1.01163206354788,-0.38133830182342215,0.1988829516230887,0.097801950319324
3548,after_trills_2022-08-04_10-08-02_0000075_labelled_Odin_pheeseq_0000032_labelled_mA1.wav,-0.2354949210271014,0.5483899897127907,-1.6814550227762224,0.11174637061859101,-0.4181237566373786
3549,after_trills_2022-08-08_10-34-30_0000077_labelled_Wuschel_phee_0000002_labelled_mA1.wav,-1.4814472882652088,-0.6708984157453259,1.5739560515928495,1.3290107132429876,0.41891079536666265
3550,after_trills_2022-08-08_11-01-44_0000078_labelled_Wuschel_phee_0000003_labelled_mA1.wav,-4.4937407035609525,-0.15403209820770408,0.32805064010403245,0.7237111609133292,0.18826914422305738
3551,after_trills_2022-08-08_14-38-46_0000083_labelled_Nougatti_pheeseq_0000073_labelled_mA1.wav,0.13458089849381416,1.84731309848742,-0.13502210019869507,0.031015488558921493,-0.9391334826912566
3552,after_trills_2022-08-08_14-38-46_0000083_labelled_Odin_pheeseq_0000067_labelled_mA1.wav,2.101940596475406,0.1839107502410572,-2.112899855441022,0.14039437058835044,0.11965032600771586
3553,after_trills_2022-08-08_14-38-46_0000083_labelled_Odin_pheeseq_0000069_labelled_mA1.wav,-1.4801633865716208,-1.2931446302561744,-0.7856196838595002,-0.29084318748059834,-0.12582436425522842
3554,after_trills_2022-08-08_15-04-10_0000084_labelled_Nougatti_phee_0000004_labelled_mA1.wav,-0.4602668320168599,1.828830857048429,0.0018497006154299784,0.8856457992579768,0.04655014711911271
3555,after_trills_2022-08-08_15-04-10_0000084_labelled_Nougatti_pheeseq_0000005_labelled_mA1.wav,0.6315130334642519,1.7145512943839858,2.37585251863088,-0.44273311854095027,0.22274205495675786
3556,before_phees_2022-02-22_09-14-37_0000041_labelled_Odin_phee_02_labelled_mA1.wav,-0.08839612577468696,-4.701026362473025,0.1648608990845012,-0.03899145317741547,1.9250875824177218
3557,before_phees_2022-02-22_09-14-37_0000041_labelled_Odin_phee_59_labelled_mA1.wav,1.6636024589531566,-2.2610014701215486,-0.5456297993438359,1.1902380314161545,-0.9216535880656355
3558,before_phees_2022-02-22_09-14-37_0000041_labelled_Odin_pheeseq_04_labelled_mA1.wav,0.8875346086702027,-2.612471313476128,-0.6563318177662818,1.7506094548660978,-0.1019915527118749
3559,before_phees_2022-02-22_09-14-37_0000041_labelled_Odin_pheeseq_08_labelled_mA1.wav,0.7086678552047649,-5.695058871790175,1.2904787015851558,-0.8387593982136857,2.7216361685994497
3560,before_phees_2022-02-22_09-14-37_0000041_labelled_Odin_pheeseq_13_labelled_mA1.wav,2.160726163081322,0.0974185853486664,-0.804165664894121,-0.2113810092875719,0.7341886353687239
3561,before_phees_2022-02-22_09-14-37_0000041_labelled_Odin_pheeseq_23_labelled_mA1.wav,1.6403840243763024,-2.1283427664645114,-0.16223736022849497,1.4129346737192443,-0.8315334995723667
3562,before_phees_2022-02-22_09-14-37_0000041_labelled_Odin_pheeseq_52_labelled_mA1.wav,0.7795317476424497,0.329195385853759,-0.9690170775849121,-0.230161621759737,-0.07231033307342703
3563,before_phees_2022-02-28_09-34-19_0000045_labelled_Wuschel_phee_15_labelled_mA1.wav,-3.478632702611663,-0.5885225986027371,0.8738881645520885,-0.6103533624233252,-0.2995290361770185
3564,before_phees_2022-03-01_09-22-30_0000047_labelled_Olympia_pheeseq_08_labelled_mA1.wav,0.26857705622768074,-1.6637025511848125,1.9380062539582448,-1.351714165749481,-0.4372904630410152
3565,before_phees_2022-03-04_09-21-06_0000051_labelled_Odin_phee_48_labelled_mA1.wav,-0.8852501924452294,2.0900940787853326,0.7608680069400933,0.08065059771958462,-0.9750918028102005
3566,before_phees_2022-03-04_09-21-06_0000051_labelled_Odin_phee_55_labelled_mA1.wav,-0.7880253972744392,1.7877001252196778,1.5220228219784766,-0.1663328975245961,-0.2239774408090603
3567,before_phees_2022-03-04_09-21-06_0000051_labelled_Odin_pheeseq_08_labelled_mA1.wav,0.02961985841030007,-2.2504885144655953,-0.4849698328734732,0.8904835382699241,-0.4382976787873916
3568,before_phees_2022-03-04_09-21-06_0000051_labelled_Odin_pheeseq_10_labelled_mA1.wav,0.28156345627368656,-3.439510124690638,-0.27217168570215505,0.6702943429090896,0.15477310681680384
3569,before_phees_2022-03-04_09-21-06_0000051_labelled_Odin_pheeseq_14_labelled_mA1.wav,1.3616630939561152,-2.1556396810653817,-0.731528323544522,1.5193818099121297,-0.3143980448236638
3570,before_phees_2022-03-04_09-21-06_0000051_labelled_Odin_pheeseq_16_labelled_mA1.wav,3.083321449586154,-4.1114040574347905,1.4682073512412839,-0.8380686353423448,2.4359235958777146
3571,before_phees_2022-03-14_09-26-36_0000046_labelled_Wuschel_phee_18_labelled_mA1.wav,-4.5785925025896494,1.241112548698209,2.916523477154111,0.8504235809143388,-0.2756669899498021
3572,before_phees_2022-03-14_13-20-47_0000053_labelled_Odin_pheeseq_01_labelled_mA1.wav,-1.4245308013485936,-1.2142619544697764,-1.228780291746941,-0.18816126773712988,0.2819313648574602
3573,before_phees_2022-03-14_13-20-47_0000053_labelled_Odin_pheeseq_03_labelled_mA1.wav,-0.8197102614273007,-4.947081229625321,0.8001237893304859,0.291151017952507,2.0688038652233307
3574,before_phees_2022-03-14_13-55-14_0000054_labelled_Nougatti_phee_11_labelled_mA1.wav,0.4101161960627046,1.2467554716447546,0.4660125856675118,0.04823533110295956,-0.09728326272387446
3575,before_phees_2022-03-17_13-35-29_0000074_labelled_Olympia_pheeseq_22_labelled_mA1.wav,-1.078120106848222,-2.719931584707612,1.8401456760297488,-0.811720976792555,0.19829193852306207
3576,before_trills_2022-02-28_10-15-58_0000046_labelled_Nougatti_pheeseq_89_labelled_mA1.wav,2.2337189400846604,-1.5003385575124737,0.27590531593211887,-1.1633330545021827,-0.013259060219898056
3577,before_trills_2022-02-28_10-15-58_0000046_labelled_Odin_phee_23_labelled_mA1.wav,2.7286042833586936,1.0139536694659972,0.02325166869998967,-0.6757978830538995,0.03454441930455123
3578,before_trills_2022-02-28_10-15-58_0000046_labelled_Odin_phee_68_labelled_mA1.wav,1.9373725991691495,-0.5413867954572034,2.345167579572862,-1.243507520542393,-0.7732548947752449
3579,before_trills_2022-02-28_10-15-58_0000046_labelled_Odin_phee_98_labelled_mA1.wav,1.827212799497003,1.7073388761897192,-1.5437041039441934,0.44501493686248106,-0.5071079620271445
3580,before_trills_2022-03-09_13-56-45_0000018_labelled_Tabor_pheeseq_15_labelled_mA1.wav,-0.3647041606835272,-2.2470246978314696,-0.29609831745524884,-0.23959402237801922,0.28267989131300086
3581,before_trills_2022-03-09_14-59-43_0000020_labelled_Nougatti_pheeseq_78_labelled_mA1.wav,0.1838136643090109,1.0471153228009862,0.4920284228049118,0.004123884450305796,-0.19813457980876623
3582,before_trills_2022-03-09_14-59-43_0000020_labelled_Nougatti_pheeseq_92_labelled_mA1.wav,-1.2350039914142001,2.7001459201174653,0.1256049354672834,0.5451098283700813,0.3498853303800843
3583,before_trills_2022-03-10_09-28-14_0000022_labelled_Tabor_pheeseq_15_labelled_mA1.wav,-0.1835420967759719,-1.501561229831131,-1.0361868040680544,0.020237651235078494,-0.32508107982117557
3584,before_trills_2022-03-10_10-59-36_0000025_labelled_Wuschel_pheeseq_31_labelled_mA1.wav,-2.952549740978288,0.07710276487265817,-1.4311898650688188,0.020998957240144313,0.0886899935646995
3585,before_trills_2022-03-11_09-34-35_0000027_labelled_Odin_phee_11_labelled_mA1.wav,1.201437748285584,0.057920671956099644,0.30431161435479387,0.215830124666453,-0.7509826471655977
3586,before_trills_2022-03-11_14-57-49_0000041_labelled_Lola_pheeseq_08_labelled_mA1.wav,4.70464000491217,0.24908266278914068,-0.9012928470514349,0.19707011448987655,0.09205619409073429
3587,before_trills_2022-03-11_14-57-49_0000041_labelled_Lola_pheeseq_28_labelled_mA1.wav,3.4963007110950337,1.6104876710549034,-1.289928069929126,0.7364166041636842,0.5467215206722357
3588,before_trills_2022-03-14_10-35-13_0000049_labelled_Odin_pheeseq_102_labelled_mA1.wav,1.478943870222288,-0.04806003749735205,-0.08480908539138261,-0.03983029979123401,-1.0219529979140718
3589,before_trills_2022-03-14_10-35-13_0000049_labelled_Odin_pheeseq_92_labelled_mA1.wav,0.7993490272551099,-1.9420298041595514,0.48928336311135645,-0.3096931478949433,-0.5471994315466651
3590,before_trills_2022-03-15_10-42-02_0000058_labelled_Nougatti_pheeseq_42_labelled_mA1.wav,2.8525554962759165,-1.5478479311783453,0.20805218370887216,0.24050858798777802,1.0458108685136644
3591,before_trills_2022-03-15_14-09-36_0000061_labelled_Tabor_pheeseq_35_labelled_mA1.wav,-1.8758760514701858,-2.1918052254345954,-1.7929119651253302,0.1881638309171067,0.5666363888781458
3592,before_trills_2022-03-16_10-12-18_0000065_labelled_Odin_pheeseq_56_labelled_mA1.wav,-0.6294311145550507,-0.7961918242301623,-2.2898017232053482,0.1410217526440852,-0.6310367442796763
3593,before_trills_2022-03-17_14-11-20_0000076_labelled_Odin_pheeseq_100_labelled_mA1.wav,-0.2784284933206713,-0.11898811869659415,-1.7581092753410317,-0.07194158133792325,0.6546786970703249
3594,before_trills_2022-03-17_14-11-20_0000076_labelled_Odin_pheeseq_32_labelled_mA1.wav,0.4125363776189256,0.49558475604428526,-0.32000834533476635,-0.21862474570423002,-0.14916073941786298
3595,before_trills_2022-03-18_10-23-10_0000086_labelled_Nougatti_pheeseq_141_labelled_mA1.wav,1.6134380123152128,-1.0324095777049935,-0.14093131400162684,-1.0043381976234902,0.868044469597275
3596,before_trills_2022-03-18_10-23-10_0000086_labelled_Odin_pheeseq_147_labelled_mA1.wav,0.259733128007378,-1.6262988149139024,-0.1108858056647699,-0.31670511690200154,0.17278772484020963
3597,before_trills_2022-03-18_10-23-10_0000086_labelled_Odin_pheeseq_31_labelled_mA1.wav,0.7117211763659532,-0.35273456205242204,-0.8179793188252652,-0.009597034517293582,-0.3359195146085852
3598,before_trills_2022-03-18_10-23-10_0000086_labelled_Odin_pheeseq_59_labelled_mA1.wav,0.9342379710422957,-1.57566244139431,0.6118192562400283,-1.2155227239401396,0.2656019500501358
3599,before_trills_2022-03-21_09-28-00_0000092_labelled_Nougatti_pheeseq_21_labelled_mA1.wav,1.4956684628689958,1.2400248580209579,-0.13496447323763713,-1.2394867093713449,0.26452119064068097
3600,before_trills_2022-03-21_13-15-59_0000096_labelled_Nougatti_pheeseq_11_labelled_mA1.wav,4.154859300008284,1.2377164903210405,0.8125005031694836,-0.2958550614134336,-0.6878988712198014
3601,before_trills_2022-03-22_09-27-55_0000104_labelled_Nougatti_pheeseq_04_labelled_mA1.wav,1.1099121290042575,-0.6141195211943785,-0.4091793085551522,-0.871877434592023,-0.015460950453000959
3602,before_trills_2022-03-22_09-27-55_0000104_labelled_Odin_pheeseq_14_labelled_mA1.wav,0.5652613996486405,0.10119183080463191,-1.2518401026108994,0.5545198048759772,-0.9456931709601177
3603,before_trills_2022-03-22_09-27-55_0000104_labelled_Odin_pheeseq_27_labelled_mA1.wav,0.1577058755095931,-0.43971316164755014,-0.860037587778281,0.14138145434775495,0.08078853892813637
3604,before_trills_2022-03-22_09-27-55_0000104_labelled_Odin_pheeseq_50_labelled_mA1.wav,-0.9644208727743603,-0.4924802570706353,-1.4299504505667426,-0.11779664741356827,0.49992123256942117
3605,before_trills_2022-03-22_13-32-36_0000108_labelled_Olympia_pheeseq_02_labelled_mA1.wav,-0.6351507294165837,-1.8166376229654249,-0.22252347396315736,-1.066571743428687,-0.21205363807114352
3606,before_trills_2022-03-22_14-08-31_0000109_labelled_Nougatti_pheeseq_07_labelled_mA1.wav,1.4037970690638901,0.8761472135753496,-1.4885469301459053,0.7825488746397107,-0.4352621370807034
3607,before_trills_2022-03-22_14-08-31_0000109_labelled_Nougatti_pheeseq_34_labelled_mA1.wav,2.706203360068484,0.7853117900407158,-1.0911115196276293,0.24939968424765382,-0.3714029777235236
3608,before_trills_2022-03-22_14-08-31_0000109_labelled_Tabor_pheeseq_03_labelled_mA1.wav,-2.637297537529673,-0.6144036637997978,0.06179954474372005,0.22097753458233332,0.5698261478078613
3609,before_trills_2022-03-23_09-42-19_0000113_labelled_Nougatti_pheeseq_04_labelled_mA1.wav,0.4019010402484506,-0.9730988696077614,0.9334369583561759,-1.45432251278425,0.3672941925755312
3610,before_trills_2022-03-23_14-06-31_0000117_labelled_Lola_pheeseq_03_labelled_mA1.wav,2.9376406858813255,0.43586373649011245,-1.1645834456856212,0.44816268433015943,-0.2996923974785867
3611,before_trills_2022-03-23_14-06-31_0000117_labelled_Lola_pheeseq_06_labelled_mA1.wav,2.695465919873293,1.1849500715682382,-0.8366980444441161,-0.29505258743012486,-0.5314672701819423
